[2026-05-20 21:11:37] [incremental] 33 datasets | overlap=3 days | workers=6 | parallel=False
[2026-05-20 21:11:37] [incremental] Datasets: ['daily', 'daily_adj', 'finance', 'margin_detail', 'main_fund_flow', 'dragon_tiger', 'top_list', 'limit_up', 'limit_list', 'ths_daily', 'index_weight', 'kline_weekly', 'kline_monthly', 'kline_adj_weekly', 'kline_adj_monthly', 'holder_number', 'pledge_stat', 'financial_indicator', 'income', 'balancesheet', 'cashflow', 'calendar', 'stock_list', 'ths_sector_categories', 'ths_constituent_stocks', 'cyq_chips', 'cyq_perf', 'history_15min', 'history_30min', 'history_60min', 'min_adj_15min', 'min_adj_30min', 'min_adj_60min']
[2026-05-20 21:11:37] 
============================================================
[2026-05-20 21:11:37] [calendar] Starting incremental update
[2026-05-20 21:11:37] [calendar] 2019-01-01 ~ 2026-05-20 | 2727 days | Trading: 1808 | Non-trading: 919
[2026-05-20 21:11:37] [calendar] Saved → /root/shared-nvme/lingqiData/data/calendar.parquet
[2026-05-20 21:11:37] [calendar] Re-fetched: 2727 rows → /root/shared-nvme/lingqiData/data/calendar.parquet
[2026-05-20 21:11:37] 
============================================================
[2026-05-20 21:11:37] [stock_list] Starting incremental update
[2026-05-20 21:11:39] [stock_list] page 0: 5843 rows | total=5843
[2026-05-20 21:11:39] [stock_list] Total: 5843 stocks, 11 columns
[2026-05-20 21:11:39] [stock_list] Saved -> /root/shared-nvme/lingqiData/data/stock_list.parquet
[2026-05-20 21:11:39] [stock_list] Re-fetched: 5843 rows → /root/shared-nvme/lingqiData/data/stock_list.parquet
[2026-05-20 21:11:39] 
============================================================
[2026-05-20 21:11:39] [ths_sector_categories] Starting incremental update
[2026-05-20 21:11:39] [ths_sector_categories] Total: 1237 categories | {'I': 594, 'N': 409, 'S': 124, 'BB': 46, 'R': 33, 'ST': 21, 'TH': 10}
[2026-05-20 21:11:39] [ths_sector_categories] Saved -> /root/shared-nvme/lingqiData/data/ths_sector_categories.parquet
[2026-05-20 21:11:40] [ths_sector_categories] Re-fetched: 1237 rows → /root/shared-nvme/lingqiData/data/ths_sector_categories.parquet
[2026-05-20 21:11:40] 
============================================================
[2026-05-20 21:11:40] [ths_constituent_stocks] Starting incremental update
[2026-05-20 21:11:40] [ths_constituent_stocks] Derived 1237 index codes from ths_sector_categories.parquet
[2026-05-20 21:12:39] [ths_constituent_stocks] [200/1237] indices done | 88171 rows accumulated
[2026-05-20 21:13:29] [ths_constituent_stocks] [400/1237] indices done | 96857 rows accumulated
[2026-05-20 21:14:15] [ths_constituent_stocks] [600/1237] indices done | 101274 rows accumulated
[2026-05-20 21:15:01] [ths_constituent_stocks] [800/1237] indices done | 139214 rows accumulated
[2026-05-20 21:15:53] [ths_constituent_stocks] [1000/1237] indices done | 163192 rows accumulated
[2026-05-20 21:16:54] [ths_constituent_stocks] [1200/1237] indices done | 202132 rows accumulated
[2026-05-20 21:17:15] [ths_constituent_stocks] [1237/1237] indices done | 233101 rows accumulated
[2026-05-20 21:17:16] [ths_constituent_stocks] Total: 233101 rows | 1171 unique indices | 233101 new from per-index fetch
[2026-05-20 21:17:16] [ths_constituent_stocks] Saved -> /root/shared-nvme/lingqiData/data/ths_constituent_stocks.parquet
[2026-05-20 21:17:16] [ths_constituent_stocks] Re-fetched: 233101 rows → /root/shared-nvme/lingqiData/data/ths_constituent_stocks.parquet
[2026-05-20 21:17:16] 
============================================================
[2026-05-20 21:17:16] [daily] Starting incremental update
[2026-05-20 21:17:17] [daily] Up to date (max=2026-05-20)
[2026-05-20 21:17:17] 
============================================================
[2026-05-20 21:17:17] [daily_adj] Starting incremental update
[2026-05-20 21:17:17] [daily_adj] Up to date (max=2026-05-20)
[2026-05-20 21:17:17] 
============================================================
[2026-05-20 21:17:17] [finance] Starting incremental update
[2026-05-20 21:17:18] [finance] Up to date (max=2026-05-20)
[2026-05-20 21:17:18] 
============================================================
[2026-05-20 21:17:18] [margin_detail] Starting incremental update
[2026-05-20 21:17:18] [margin_detail] Existing max date: 2026-05-19 | Fetching: 2026-05-16 ~ 2026-05-20
[2026-05-20 21:17:19] [margin_detail] 1 months: 2026-05-16 ~ 2026-05-20
[2026-05-20 21:17:19] [margin_detail] 1 to fetch, workers=6, tokens=280.0
[2026-05-20 21:17:24] [margin_detail] [1/1] 2026-05 -> 8720 rows | tokens=280.0
[2026-05-20 21:17:24] [margin_detail] Total: 8720 rows, 10 columns
[2026-05-20 21:17:24] [margin_detail] Saved -> /root/shared-nvme/lingqiData/data/_incr_margin_detail.tmp.parquet
[2026-05-20 21:17:24] [margin_detail] Cleaned up 1 checkpoint files
[2026-05-20 21:17:31] [margin_detail] Merge: 5102583 → 5102583 rows (+0) | max_date: 2026-05-19 → 2026-05-19
[2026-05-20 21:17:32] 
============================================================
[2026-05-20 21:17:32] [main_fund_flow] Starting incremental update
[2026-05-20 21:17:33] [main_fund_flow] Up to date (max=2026-05-20)
[2026-05-20 21:17:33] 
============================================================
[2026-05-20 21:17:33] [dragon_tiger] Starting incremental update
[2026-05-20 21:17:33] [dragon_tiger] Up to date (max=2026-05-20)
[2026-05-20 21:17:33] 
============================================================
[2026-05-20 21:17:33] [top_list] Starting incremental update
[2026-05-20 21:17:33] [top_list] Up to date (max=2026-05-20)
[2026-05-20 21:17:33] 
============================================================
[2026-05-20 21:17:33] [limit_up] Starting incremental update
[2026-05-20 21:17:33] [limit_up] Up to date (max=2026-05-20)
[2026-05-20 21:17:33] 
============================================================
[2026-05-20 21:17:33] [limit_list] Starting incremental update
[2026-05-20 21:17:33] [limit_list] Up to date (max=2026-05-20)
[2026-05-20 21:17:33] 
============================================================
[2026-05-20 21:17:33] [ths_daily] Starting incremental update
[2026-05-20 21:17:33] [ths_daily] Up to date (max=2026-05-20)
[2026-05-20 21:17:33] 
============================================================
[2026-05-20 21:17:33] [index_weight] Starting incremental update
[2026-05-20 21:17:33] [index_weight] Existing max date: 2026-04-01 | Fetching: 2026-01-07 ~ 2026-05-20
[2026-05-20 21:17:33] [index_weight] Using 8 default major indices
[2026-05-20 21:17:33] [index_weight] 8 indices × 5 months = 40 API calls | ~0 min | 2026-01-07 ~ 2026-05-20 | workers=6
[2026-05-20 21:17:33] [index_weight] 40 to fetch | tokens=280.0
[2026-05-20 21:17:34] [index_weight] [20/40] tokens=259/280
[2026-05-20 21:17:35] [index_weight] [40/40] tokens=248/280
[2026-05-20 21:17:35] [index_weight] Total: 18987 rows | 8 indices
[2026-05-20 21:17:35] [index_weight] Saved -> /root/shared-nvme/lingqiData/data/_incr_index_weight.tmp.parquet
[2026-05-20 21:17:35] [index_weight] Cleaned up 32 checkpoint files
[2026-05-20 21:17:35] [index_weight] Merge: 113671 → 113671 rows (+0) | max_date: 2026-04-01 → 2026-04-01
[2026-05-20 21:17:35] 
============================================================
[2026-05-20 21:17:35] [kline_weekly] Starting incremental update
[2026-05-20 21:17:36] [kline_weekly] Up to date (max=2026-05-20)
[2026-05-20 21:17:36] 
============================================================
[2026-05-20 21:17:36] [kline_monthly] Starting incremental update
[2026-05-20 21:17:36] [kline_monthly] Up to date (max=2026-05-20)
[2026-05-20 21:17:36] 
============================================================
[2026-05-20 21:17:36] [kline_adj_weekly] Starting incremental update
[2026-05-20 21:17:36] [kline_adj_weekly] Up to date (max=2026-05-20)
[2026-05-20 21:17:36] 
============================================================
[2026-05-20 21:17:36] [kline_adj_monthly] Starting incremental update
[2026-05-20 21:17:36] [kline_adj_monthly] Up to date (max=2026-05-20)
[2026-05-20 21:17:36] 
============================================================
[2026-05-20 21:17:36] [holder_number] Starting incremental update
[2026-05-20 21:17:36] [holder_number] Existing max date: 2026-05-18 | Fetching: 2026-02-12 ~ 2026-05-20
[2026-05-20 21:17:36] [holder_number] 4 months: 2026-02-12 ~ 2026-05-20
[2026-05-20 21:17:36] [holder_number] 4 to fetch, workers=6, tokens=251.9
[2026-05-20 21:17:36] [holder_number] [1/4] 2026-05 -> 691 rows | tokens=249.4
[2026-05-20 21:17:36] [holder_number] [2/4] 2026-02 -> 3064 rows | tokens=249.9
[2026-05-20 21:17:37] [holder_number] [3/4] 2026-04 -> 2958 rows | tokens=250.1
[2026-05-20 21:17:37] [holder_number] [4/4] 2026-03 -> 7798 rows | tokens=252.1
[2026-05-20 21:17:37] [holder_number] Total: 14511 rows, 4 columns
[2026-05-20 21:17:37] [holder_number] Saved -> /root/shared-nvme/lingqiData/data/_incr_holder_number.tmp.parquet
[2026-05-20 21:17:37] [holder_number] Cleaned up 4 checkpoint files
[2026-05-20 21:17:37] [holder_number] Merge: 321149 → 321149 rows (+0) | max_date: 2026-05-18 → 2026-05-18
[2026-05-20 21:17:37] 
============================================================
[2026-05-20 21:17:37] [pledge_stat] Starting incremental update
[2026-05-20 21:17:38] [pledge_stat] Existing max date: 2026-04-30 | Fetching: 2026-01-25 ~ 2026-05-20
[2026-05-20 21:17:38] [pledge_stat] 5 months: 2026-01-25 ~ 2026-05-20
[2026-05-20 21:17:38] [pledge_stat] 5 to fetch, workers=6, tokens=255.4
[2026-05-20 21:17:38] [pledge_stat] [1/5] 2026-05 -> 0 rows | tokens=251.8
[2026-05-20 21:17:38] [pledge_stat] [2/5] 2026-02 -> 0 rows | tokens=251.8
[2026-05-20 21:17:38] [pledge_stat] [3/5] 2026-01 -> 0 rows | tokens=251.8
[2026-05-20 21:17:38] [pledge_stat] [4/5] 2026-03 -> 0 rows | tokens=252.0
[2026-05-20 21:17:39] [pledge_stat] [5/5] 2026-04 -> 4193 rows | tokens=254.5
[2026-05-20 21:17:39] [pledge_stat] Total: 4193 rows, 7 columns
[2026-05-20 21:17:39] [pledge_stat] Saved -> /root/shared-nvme/lingqiData/data/_incr_pledge_stat.tmp.parquet
[2026-05-20 21:17:39] [pledge_stat] Cleaned up 1 checkpoint files
[2026-05-20 21:17:39] [pledge_stat] Merge: 86099 → 86099 rows (+0) | max_date: 2026-04-30 → 2026-04-30
[2026-05-20 21:17:39] 
============================================================
[2026-05-20 21:17:39] [financial_indicator] Starting incremental update
[2026-05-20 21:17:39] [financial_indicator] Existing max date: 2026-03-31 | Fetching: 2025-12-26 ~ 2026-05-20
[2026-05-20 21:17:39] [financial] 2 quarters: 2025-12-31 ~ 2026-03-31
[2026-05-20 21:17:39] [financial] 2 to fetch, workers=6, tokens=255.6
[2026-05-20 21:18:43] [financial] [1/2] 2026-03-31 → 5634 rows | tokens=280.0
[2026-05-20 21:18:45] [financial] [2/2] 2025-12-31 → 6485 rows | tokens=280.0
[2026-05-20 21:18:45] [financial] Dropped 421 rows with malformed stock_code
[2026-05-20 21:18:46] [financial] Total: 11698 rows, 167 columns
[2026-05-20 21:18:46] [financial] Saved → /root/shared-nvme/lingqiData/data/_incr_financial_indicator.tmp.parquet
[2026-05-20 21:18:46] [financial] Cleaned up 2 checkpoint files
[2026-05-20 21:18:51] [financial_indicator] Merge: 221793 → 221793 rows (+0) | max_date: 2026-03-31 → 2026-03-31
[2026-05-20 21:18:51] 
============================================================
[2026-05-20 21:18:51] [income] Starting incremental update
[2026-05-20 21:18:51] [income] Existing max date: 2026-03-31 | Fetching: 2025-12-26 ~ 2026-05-20
[2026-05-20 21:18:51] [income] 2 quarters: 2025-12-31 ~ 2026-03-31
[2026-05-20 21:18:51] [income] 2 to fetch, workers=6, tokens=280.0
[2026-05-20 21:19:14] [income] [1/2] 2026-03-31 -> 5575 rows | tokens=280.0
[2026-05-20 21:19:21] [income] [2/2] 2025-12-31 -> 6216 rows | tokens=280.0
[2026-05-20 21:19:21] [income] Dropped 11 rows with malformed stock_code
[2026-05-20 21:19:21] [income] Total: 11780 rows, 96 columns
[2026-05-20 21:19:21] [income] Saved -> /root/shared-nvme/lingqiData/data/_incr_income.tmp.parquet
[2026-05-20 21:19:21] [income] Cleaned up 2 checkpoint files
[2026-05-20 21:19:23] [income] Merge: 152670 → 152670 rows (+0) | max_date: 2026-03-31 → 2026-03-31
[2026-05-20 21:19:23] 
============================================================
[2026-05-20 21:19:23] [balancesheet] Starting incremental update
[2026-05-20 21:19:23] [balancesheet] Existing max date: 2026-03-31 | Fetching: 2025-12-26 ~ 2026-05-20
[2026-05-20 21:19:23] [balancesheet] 2 quarters: 2025-12-31 ~ 2026-03-31
[2026-05-20 21:19:23] [balancesheet] 2 to fetch, workers=6, tokens=280.0
[2026-05-20 21:19:43] [balancesheet] [1/2] 2026-03-31 -> 5578 rows | tokens=280.0
[2026-05-20 21:19:44] [balancesheet] [2/2] 2025-12-31 -> 6219 rows | tokens=280.0
[2026-05-20 21:19:44] [balancesheet] Dropped 14 rows with malformed stock_code
[2026-05-20 21:19:44] [balancesheet] Total: 11783 rows, 157 columns
[2026-05-20 21:19:44] [balancesheet] Saved -> /root/shared-nvme/lingqiData/data/_incr_balancesheet.tmp.parquet
[2026-05-20 21:19:44] [balancesheet] Cleaned up 2 checkpoint files
[2026-05-20 21:19:47] [balancesheet] Merge: 151126 → 151126 rows (+0) | max_date: 2026-03-31 → 2026-03-31
[2026-05-20 21:19:47] 
============================================================
[2026-05-20 21:19:47] [cashflow] Starting incremental update
[2026-05-20 21:19:47] [cashflow] Existing max date: 2026-03-31 | Fetching: 2025-12-26 ~ 2026-05-20
[2026-05-20 21:19:47] [cashflow] 2 quarters: 2025-12-31 ~ 2026-03-31
[2026-05-20 21:19:47] [cashflow] 2 to fetch, workers=6, tokens=280.0
[2026-05-20 21:20:06] [cashflow] [1/2] 2026-03-31 -> 5214 rows | tokens=280.0
[2026-05-20 21:20:09] [cashflow] [2/2] 2025-12-31 -> 4802 rows | tokens=280.0
[2026-05-20 21:20:10] [cashflow] Dropped 6 rows with malformed stock_code
[2026-05-20 21:20:10] [cashflow] Total: 10010 rows, 97 columns
[2026-05-20 21:20:10] [cashflow] Saved -> /root/shared-nvme/lingqiData/data/_incr_cashflow.tmp.parquet
[2026-05-20 21:20:10] [cashflow] Cleaned up 2 checkpoint files
[2026-05-20 21:20:11] [cashflow] Merge: 140022 → 140022 rows (+0) | max_date: 2026-03-31 → 2026-03-31
[2026-05-20 21:20:11] 
============================================================
[2026-05-20 21:20:11] [cyq_chips] Starting incremental update
[2026-05-20 21:20:14] [cyq_chips] 2542 stocks | 2542 incremental | 0 skipped (no file) | 0 up-to-date
[2026-05-20 21:20:14] [cyq_chips] [incr] 2542 stocks in 26 batches (batch_size=100)
[2026-05-20 21:20:17] [cyq_chips] [incr] 2026-05-16 ~ 2026-05-21: 19547 rows, 2 pages, 3.6s
[2026-05-20 21:20:17] [cyq_chips] [incr] 2026-05-16 ~ 2026-05-21: 16469 rows, 2 pages, 3.8s
[2026-05-20 21:20:18] [cyq_chips] [incr] 2026-05-16 ~ 2026-05-21: 19234 rows, 2 pages, 4.7s
[2026-05-20 21:20:19] [cyq_chips] [incr] 2026-05-16 ~ 2026-05-21: 21487 rows, 3 pages, 5.3s
[2026-05-20 21:20:19] [cyq_chips] [incr] 2026-05-16 ~ 2026-05-21: 21589 rows, 3 pages, 5.8s
[2026-05-20 21:20:20] [cyq_chips] [incr] 2026-05-16 ~ 2026-05-21: 20185 rows, 3 pages, 5.9s
[2026-05-20 21:20:20] [cyq_chips] [incr] 2026-05-16 ~ 2026-05-21: 17372 rows, 2 pages, 3.1s
[2026-05-20 21:20:21] [cyq_chips] [incr] 2026-05-16 ~ 2026-05-21: 18531 rows, 2 pages, 3.6s
[2026-05-20 21:20:22] [cyq_chips] [incr] 2026-05-16 ~ 2026-05-21: 17370 rows, 2 pages, 3.9s
[2026-05-20 21:20:23] [cyq_chips] [incr] 2026-05-16 ~ 2026-05-21: 18925 rows, 2 pages, 3.7s
[2026-05-20 21:20:24] [cyq_chips] [incr] 2026-05-16 ~ 2026-05-21: 21533 rows, 3 pages, 4.7s
[2026-05-20 21:20:25] [cyq_chips] [incr] 2026-05-16 ~ 2026-05-21: 21572 rows, 3 pages, 4.4s
[2026-05-20 21:20:25] [cyq_chips] [incr] 2026-05-16 ~ 2026-05-21: 20148 rows, 3 pages, 3.8s
[2026-05-20 21:20:26] [cyq_chips] [incr] 2026-05-16 ~ 2026-05-21: 21804 rows, 3 pages, 3.5s
[2026-05-20 21:20:27] [cyq_chips] [incr] 2026-05-16 ~ 2026-05-21: 21862 rows, 3 pages, 3.5s
[2026-05-20 21:20:28] [cyq_chips] [incr] 2026-05-16 ~ 2026-05-21: 22281 rows, 3 pages, 3.6s
[2026-05-20 21:20:28] [cyq_chips] [incr] 2026-05-16 ~ 2026-05-21: 20448 rows, 3 pages, 3.6s
[2026-05-20 21:20:29] [cyq_chips] [incr] 2026-05-16 ~ 2026-05-21: 21335 rows, 3 pages, 3.6s
[2026-05-20 21:20:29] [cyq_chips] [incr] 2026-05-10 ~ 2026-05-21: 61182 rows, 7 pages, 9.9s
[2026-05-20 21:20:30] [cyq_chips] [incr] 2026-05-16 ~ 2026-05-21: 20984 rows, 3 pages, 3.7s
[2026-05-20 21:20:31] [cyq_chips] [incr] 2026-05-16 ~ 2026-05-21: 21128 rows, 3 pages, 3.9s
[2026-05-20 21:20:31] [cyq_chips] [incr] 2026-05-16 ~ 2026-05-21: 9384 rows, 1 pages, 1.7s
[2026-05-20 21:20:31] [cyq_chips] [incr] 2026-05-16 ~ 2026-05-21: 21772 rows, 3 pages, 3.1s
[2026-05-20 21:20:32] [cyq_chips] [incr] 2026-05-16 ~ 2026-05-21: 21069 rows, 3 pages, 3.6s
[2026-05-20 21:20:32] [cyq_chips] [incr] 2026-05-16 ~ 2026-05-21: 21585 rows, 3 pages, 3.6s
[2026-05-20 21:20:33] [cyq_chips] [incr] 2026-05-16 ~ 2026-05-21: 23682 rows, 3 pages, 4.4s
[2026-05-20 21:20:37] [cyq_chips] [incr] 1/26 | 100 stocks, 19547 rows, +0 new | elapsed=23s ETA=579s | tokens=280.0
[2026-05-20 21:20:54] [cyq_chips] [incr] 2/26 | 100 stocks, 16469 rows, +0 new | elapsed=41s ETA=488s | tokens=280.0
[2026-05-20 21:21:13] [cyq_chips] [incr] 3/26 | 100 stocks, 19234 rows, +0 new | elapsed=59s ETA=454s | tokens=280.0
[2026-05-20 21:21:32] [cyq_chips] [incr] 4/26 | 100 stocks, 21487 rows, +0 new | elapsed=79s ETA=433s | tokens=280.0
[2026-05-20 21:21:52] [cyq_chips] [incr] 5/26 | 100 stocks, 21589 rows, +0 new | elapsed=98s ETA=413s | tokens=280.0
[2026-05-20 21:22:12] [cyq_chips] [incr] 6/26 | 100 stocks, 20185 rows, +0 new | elapsed=118s ETA=395s | tokens=280.0
[2026-05-20 21:22:31] [cyq_chips] [incr] 7/26 | 100 stocks, 17372 rows, +0 new | elapsed=137s ETA=372s | tokens=280.0
[2026-05-20 21:22:50] [cyq_chips] [incr] 8/26 | 100 stocks, 18531 rows, +0 new | elapsed=157s ETA=352s | tokens=280.0
[2026-05-20 21:23:09] [cyq_chips] [incr] 9/26 | 100 stocks, 17370 rows, +0 new | elapsed=176s ETA=332s | tokens=280.0
[2026-05-20 21:23:26] [cyq_chips] [incr] 10/26 | 100 stocks, 18925 rows, +0 new | elapsed=192s ETA=307s | tokens=280.0
[2026-05-20 21:23:43] [cyq_chips] [incr] 11/26 | 100 stocks, 21533 rows, +0 new | elapsed=209s ETA=285s | tokens=280.0
[2026-05-20 21:24:02] [cyq_chips] [incr] 12/26 | 100 stocks, 21572 rows, +0 new | elapsed=228s ETA=267s | tokens=280.0
[2026-05-20 21:24:22] [cyq_chips] [incr] 13/26 | 100 stocks, 20148 rows, +0 new | elapsed=248s ETA=248s | tokens=280.0
[2026-05-20 21:24:42] [cyq_chips] [incr] 14/26 | 100 stocks, 21804 rows, +0 new | elapsed=269s ETA=230s | tokens=280.0
[2026-05-20 21:25:04] [cyq_chips] [incr] 15/26 | 100 stocks, 21862 rows, +0 new | elapsed=290s ETA=213s | tokens=280.0
[2026-05-20 21:25:25] [cyq_chips] [incr] 16/26 | 100 stocks, 22281 rows, +0 new | elapsed=312s ETA=195s | tokens=280.0
[2026-05-20 21:25:46] [cyq_chips] [incr] 17/26 | 100 stocks, 20448 rows, +0 new | elapsed=332s ETA=176s | tokens=280.0
[2026-05-20 21:26:07] [cyq_chips] [incr] 18/26 | 100 stocks, 21335 rows, +0 new | elapsed=353s ETA=157s | tokens=280.0
[2026-05-20 21:26:26] [cyq_chips] [incr] 19/26 | 100 stocks, 61182 rows, +0 new | elapsed=372s ETA=137s | tokens=280.0
[2026-05-20 21:26:46] [cyq_chips] [incr] 20/26 | 100 stocks, 20984 rows, +0 new | elapsed=392s ETA=118s | tokens=280.0
[2026-05-20 21:27:05] [cyq_chips] [incr] 21/26 | 100 stocks, 21128 rows, +0 new | elapsed=411s ETA=98s | tokens=280.0
[2026-05-20 21:27:12] [cyq_chips] [incr] 22/26 | 42 stocks, 9384 rows, +0 new | elapsed=419s ETA=76s | tokens=280.0
[2026-05-20 21:27:31] [cyq_chips] [incr] 23/26 | 100 stocks, 21772 rows, +0 new | elapsed=437s ETA=57s | tokens=280.0
[2026-05-20 21:27:49] [cyq_chips] [incr] 24/26 | 100 stocks, 21069 rows, +0 new | elapsed=455s ETA=38s | tokens=280.0
[2026-05-20 21:28:08] [cyq_chips] [incr] 25/26 | 100 stocks, 21585 rows, +0 new | elapsed=474s ETA=19s | tokens=280.0
[2026-05-20 21:28:27] [cyq_chips] [incr] 26/26 | 100 stocks, 23682 rows, +0 new | elapsed=493s ETA=0s | tokens=280.0
[2026-05-20 21:28:27] [cyq_chips] Done: 2542 stocks processed, 0 new rows total
[2026-05-20 21:28:32]   [consolidate] [cyq_chips] Reading 2542 stock files...
[2026-05-20 21:29:14]   [consolidate] [cyq_chips] Concatenating 2542 DataFrames (41.6s reading)
[2026-05-20 21:29:34]   [consolidate] [cyq_chips] Sorting by ['stock_code', 'trade_date']...
[2026-05-20 21:30:49]   [consolidate] [cyq_chips] Writing 460,545,279 rows to /root/shared-nvme/lingqiData/data/cyq_chips.parquet...
[2026-05-20 21:32:29]   [consolidate] [cyq_chips] Done: 460,545,279 rows → /root/shared-nvme/lingqiData/data/cyq_chips.parquet (read=41.6s, sort=95.2s, write=100.1s, total=236.9s)
[2026-05-20 21:32:31] 
============================================================
[2026-05-20 21:32:31] [cyq_perf] Starting incremental update
[2026-05-20 21:32:32] [cyq_perf] Existing max date: 2026-05-15 | Fetching: 2026-05-10 ~ 2026-05-20
[2026-05-20 21:32:32] [cyq_perf] 1 months: 2026-05-10 ~ 2026-05-21
[2026-05-20 21:32:32] [cyq_perf] 1 to fetch, workers=6, tokens=280.0
[2026-05-20 21:32:43] [cyq_perf] [1/1] 2026-05 -> 40351 rows | tokens=280.0
[2026-05-20 21:32:43] [cyq_perf] Total: 40351 rows, 11 columns
[2026-05-20 21:32:43] [cyq_perf] Saved -> /root/shared-nvme/lingqiData/data/_incr_cyq_perf.tmp.parquet
[2026-05-20 21:32:43] [cyq_perf] Cleaned up 1 checkpoint files
[2026-05-20 21:32:52] [cyq_perf] Merge: 8243689 → 8245589 rows (+1900) | max_date: 2026-05-15 → 2026-05-20
[2026-05-20 21:32:52] 
============================================================
[2026-05-20 21:32:52] [history_15min] Starting incremental update
[2026-05-20 21:32:54] [history_15min] 2542 stocks | 2542 incremental | 0 skipped (no file) | 0 up-to-date
[2026-05-20 21:32:54] [history_15min] [incr] 2542 stocks in 26 batches (batch_size=100)
[2026-05-20 21:32:58] [history_15min] [incr] 1/26 | 100 stocks FAILED: API Error: code=400, msg=stock_code 仅支持单个股票代码，数组只允许传1个
[2026-05-20 21:32:58] [history_15min] [incr] 2/26 | 100 stocks FAILED: API Error: code=400, msg=stock_code 仅支持单个股票代码，数组只允许传1个
[2026-05-20 21:32:58] [history_15min] [incr] 3/26 | 100 stocks FAILED: API Error: code=400, msg=stock_code 仅支持单个股票代码，数组只允许传1个
[2026-05-20 21:33:01] [history_15min] [incr] 4/26 | 100 stocks FAILED: API Error: code=400, msg=stock_code 仅支持单个股票代码，数组只允许传1个
[2026-05-20 21:33:01] [history_15min] [incr] 5/26 | 100 stocks FAILED: API Error: code=400, msg=stock_code 仅支持单个股票代码，数组只允许传1个
[2026-05-20 21:33:01] [history_15min] [incr] 6/26 | 100 stocks FAILED: API Error: code=400, msg=stock_code 仅支持单个股票代码，数组只允许传1个
[2026-05-20 21:33:05] [history_15min] [incr] 7/26 | 100 stocks FAILED: API Error: code=400, msg=stock_code 仅支持单个股票代码，数组只允许传1个
[2026-05-20 21:33:05] [history_15min] [incr] 8/26 | 100 stocks FAILED: API Error: code=400, msg=stock_code 仅支持单个股票代码，数组只允许传1个
[2026-05-20 21:33:05] [history_15min] [incr] 9/26 | 100 stocks FAILED: API Error: code=400, msg=stock_code 仅支持单个股票代码，数组只允许传1个
[2026-05-20 21:33:09] [history_15min] [incr] 10/26 | 100 stocks FAILED: API Error: code=400, msg=stock_code 仅支持单个股票代码，数组只允许传1个
[2026-05-20 21:33:09] [history_15min] [incr] 11/26 | 100 stocks FAILED: API Error: code=400, msg=stock_code 仅支持单个股票代码，数组只允许传1个
[2026-05-20 21:33:09] [history_15min] [incr] 12/26 | 100 stocks FAILED: API Error: code=400, msg=stock_code 仅支持单个股票代码，数组只允许传1个
[2026-05-20 21:33:13] [history_15min] [incr] 13/26 | 100 stocks FAILED: API Error: code=400, msg=stock_code 仅支持单个股票代码，数组只允许传1个
[2026-05-20 21:33:13] [history_15min] [incr] 14/26 | 100 stocks FAILED: API Error: code=400, msg=stock_code 仅支持单个股票代码，数组只允许传1个
[2026-05-20 21:33:13] [history_15min] [incr] 15/26 | 100 stocks FAILED: API Error: code=400, msg=stock_code 仅支持单个股票代码，数组只允许传1个
[2026-05-20 21:33:17] [history_15min] [incr] 16/26 | 100 stocks FAILED: API Error: code=400, msg=stock_code 仅支持单个股票代码，数组只允许传1个
[2026-05-20 21:33:17] [history_15min] [incr] 17/26 | 100 stocks FAILED: API Error: code=400, msg=stock_code 仅支持单个股票代码，数组只允许传1个
[2026-05-20 21:33:17] [history_15min] [incr] 18/26 | 100 stocks FAILED: API Error: code=400, msg=stock_code 仅支持单个股票代码，数组只允许传1个
[2026-05-20 21:33:21] [history_15min] [incr] 19/26 | 100 stocks FAILED: API Error: code=400, msg=stock_code 仅支持单个股票代码，数组只允许传1个
[2026-05-20 21:33:21] [history_15min] [incr] 20/26 | 100 stocks FAILED: API Error: code=400, msg=stock_code 仅支持单个股票代码，数组只允许传1个
[2026-05-20 21:33:21] [history_15min] [incr] 21/26 | 100 stocks FAILED: API Error: code=400, msg=stock_code 仅支持单个股票代码，数组只允许传1个
[2026-05-20 21:33:25] [history_15min] [incr] 22/26 | 42 stocks FAILED: API Error: code=400, msg=stock_code 仅支持单个股票代码，数组只允许传1个
[2026-05-20 21:33:25] [history_15min] [incr] 23/26 | 100 stocks FAILED: API Error: code=400, msg=stock_code 仅支持单个股票代码，数组只允许传1个
[2026-05-20 21:33:25] [history_15min] [incr] 24/26 | 100 stocks FAILED: API Error: code=400, msg=stock_code 仅支持单个股票代码，数组只允许传1个
[2026-05-20 21:33:28] [history_15min] [incr] 25/26 | 100 stocks FAILED: API Error: code=400, msg=stock_code 仅支持单个股票代码，数组只允许传1个
[2026-05-20 21:33:28] [history_15min] [incr] 26/26 | 100 stocks FAILED: API Error: code=400, msg=stock_code 仅支持单个股票代码，数组只允许传1个
[2026-05-20 21:33:28] [history_15min] Done: 0 stocks processed, 0 new rows total
[2026-05-20 21:33:31]   [consolidate] [history_15min] Reading 3310 stock files...
[2026-05-20 21:34:14]   [consolidate] [history_15min] Concatenating 3310 DataFrames (42.8s reading)
[2026-05-20 21:34:23]   [consolidate] [history_15min] Sorting by ['stock_code', 'trade_time']...
[2026-05-20 21:34:43]   [consolidate] [history_15min] Writing 83,551,166 rows to /root/shared-nvme/lingqiData/data/history_15min.parquet...
[2026-05-20 21:35:16]   [consolidate] [history_15min] Done: 83,551,166 rows → /root/shared-nvme/lingqiData/data/history_15min.parquet (read=42.8s, sort=28.8s, write=33.6s, total=105.2s)
[2026-05-20 21:35:19] 
============================================================
[2026-05-20 21:35:19] [history_30min] Starting incremental update
[2026-05-20 21:35:20] [history_30min] 2542 stocks | 2542 incremental | 0 skipped (no file) | 0 up-to-date
[2026-05-20 21:35:20] [history_30min] [incr] 2542 stocks in 26 batches (batch_size=100)
[2026-05-20 21:35:24] [history_30min] [incr] 1/26 | 100 stocks FAILED: API Error: code=400, msg=stock_code 仅支持单个股票代码，数组只允许传1个
[2026-05-20 21:35:24] [history_30min] [incr] 2/26 | 100 stocks FAILED: API Error: code=400, msg=stock_code 仅支持单个股票代码，数组只允许传1个
[2026-05-20 21:35:24] [history_30min] [incr] 3/26 | 100 stocks FAILED: API Error: code=400, msg=stock_code 仅支持单个股票代码，数组只允许传1个
[2026-05-20 21:35:28] [history_30min] [incr] 4/26 | 100 stocks FAILED: API Error: code=400, msg=stock_code 仅支持单个股票代码，数组只允许传1个
[2026-05-20 21:35:28] [history_30min] [incr] 5/26 | 100 stocks FAILED: API Error: code=400, msg=stock_code 仅支持单个股票代码，数组只允许传1个
[2026-05-20 21:35:28] [history_30min] [incr] 6/26 | 100 stocks FAILED: API Error: code=400, msg=stock_code 仅支持单个股票代码，数组只允许传1个
[2026-05-20 21:35:31] [history_30min] [incr] 7/26 | 100 stocks FAILED: API Error: code=400, msg=stock_code 仅支持单个股票代码，数组只允许传1个
[2026-05-20 21:35:31] [history_30min] [incr] 8/26 | 100 stocks FAILED: API Error: code=400, msg=stock_code 仅支持单个股票代码，数组只允许传1个
[2026-05-20 21:35:31] [history_30min] [incr] 9/26 | 100 stocks FAILED: API Error: code=400, msg=stock_code 仅支持单个股票代码，数组只允许传1个
[2026-05-20 21:35:34] [history_30min] [incr] 10/26 | 100 stocks FAILED: API Error: code=400, msg=stock_code 仅支持单个股票代码，数组只允许传1个
[2026-05-20 21:35:35] [history_30min] [incr] 11/26 | 100 stocks FAILED: API Error: code=400, msg=stock_code 仅支持单个股票代码，数组只允许传1个
[2026-05-20 21:35:35] [history_30min] [incr] 12/26 | 100 stocks FAILED: API Error: code=400, msg=stock_code 仅支持单个股票代码，数组只允许传1个
[2026-05-20 21:35:38] [history_30min] [incr] 13/26 | 100 stocks FAILED: API Error: code=400, msg=stock_code 仅支持单个股票代码，数组只允许传1个
[2026-05-20 21:35:38] [history_30min] [incr] 14/26 | 100 stocks FAILED: API Error: code=400, msg=stock_code 仅支持单个股票代码，数组只允许传1个
[2026-05-20 21:35:39] [history_30min] [incr] 15/26 | 100 stocks FAILED: API Error: code=400, msg=stock_code 仅支持单个股票代码，数组只允许传1个
[2026-05-20 21:35:42] [history_30min] [incr] 16/26 | 100 stocks FAILED: API Error: code=400, msg=stock_code 仅支持单个股票代码，数组只允许传1个
[2026-05-20 21:35:42] [history_30min] [incr] 17/26 | 100 stocks FAILED: API Error: code=400, msg=stock_code 仅支持单个股票代码，数组只允许传1个
[2026-05-20 21:35:42] [history_30min] [incr] 18/26 | 100 stocks FAILED: API Error: code=400, msg=stock_code 仅支持单个股票代码，数组只允许传1个
[2026-05-20 21:35:45] [history_30min] [incr] 19/26 | 100 stocks FAILED: API Error: code=400, msg=stock_code 仅支持单个股票代码，数组只允许传1个
[2026-05-20 21:35:45] [history_30min] [incr] 20/26 | 100 stocks FAILED: API Error: code=400, msg=stock_code 仅支持单个股票代码，数组只允许传1个
[2026-05-20 21:35:47] [history_30min] [incr] 21/26 | 100 stocks FAILED: API Error: code=400, msg=stock_code 仅支持单个股票代码，数组只允许传1个
[2026-05-20 21:35:49] [history_30min] [incr] 22/26 | 100 stocks FAILED: API Error: code=400, msg=stock_code 仅支持单个股票代码，数组只允许传1个
[2026-05-20 21:35:49] [history_30min] [incr] 23/26 | 42 stocks FAILED: API Error: code=400, msg=stock_code 仅支持单个股票代码，数组只允许传1个
[2026-05-20 21:35:51] [history_30min] [incr] 24/26 | 100 stocks FAILED: API Error: code=400, msg=stock_code 仅支持单个股票代码，数组只允许传1个
[2026-05-20 21:35:53] [history_30min] [incr] 25/26 | 100 stocks FAILED: API Error: code=400, msg=stock_code 仅支持单个股票代码，数组只允许传1个
[2026-05-20 21:35:53] [history_30min] [incr] 26/26 | 100 stocks FAILED: API Error: code=400, msg=stock_code 仅支持单个股票代码，数组只允许传1个
[2026-05-20 21:35:53] [history_30min] Done: 0 stocks processed, 0 new rows total
[2026-05-20 21:35:55]   [consolidate] [history_30min] Reading 3310 stock files...
[2026-05-20 21:36:20]   [consolidate] [history_30min] Concatenating 3310 DataFrames (25.8s reading)
[2026-05-20 21:36:23]   [consolidate] [history_30min] Sorting by ['stock_code', 'trade_time']...
[2026-05-20 21:36:32]   [consolidate] [history_30min] Writing 41,775,588 rows to /root/shared-nvme/lingqiData/data/history_30min.parquet...
[2026-05-20 21:36:49]   [consolidate] [history_30min] Done: 41,775,588 rows → /root/shared-nvme/lingqiData/data/history_30min.parquet (read=25.8s, sort=12.0s, write=16.2s, total=54.0s)
[2026-05-20 21:36:50] 
============================================================
[2026-05-20 21:36:50] [history_60min] Starting incremental update
[2026-05-20 21:36:51] [history_60min] 2542 stocks | 2542 incremental | 0 skipped (no file) | 0 up-to-date
[2026-05-20 21:36:51] [history_60min] [incr] 2542 stocks in 26 batches (batch_size=100)
[2026-05-20 21:36:55] [history_60min] [incr] 1/26 | 100 stocks FAILED: API Error: code=400, msg=stock_code 仅支持单个股票代码，数组只允许传1个
[2026-05-20 21:36:55] [history_60min] [incr] 2/26 | 100 stocks FAILED: API Error: code=400, msg=stock_code 仅支持单个股票代码，数组只允许传1个
[2026-05-20 21:36:55] [history_60min] [incr] 3/26 | 100 stocks FAILED: API Error: code=400, msg=stock_code 仅支持单个股票代码，数组只允许传1个
[2026-05-20 21:36:58] [history_60min] [incr] 4/26 | 100 stocks FAILED: API Error: code=400, msg=stock_code 仅支持单个股票代码，数组只允许传1个
[2026-05-20 21:36:58] [history_60min] [incr] 5/26 | 100 stocks FAILED: API Error: code=400, msg=stock_code 仅支持单个股票代码，数组只允许传1个
[2026-05-20 21:36:58] [history_60min] [incr] 6/26 | 100 stocks FAILED: API Error: code=400, msg=stock_code 仅支持单个股票代码，数组只允许传1个
[2026-05-20 21:37:02] [history_60min] [incr] 7/26 | 100 stocks FAILED: API Error: code=400, msg=stock_code 仅支持单个股票代码，数组只允许传1个
[2026-05-20 21:37:02] [history_60min] [incr] 8/26 | 100 stocks FAILED: API Error: code=400, msg=stock_code 仅支持单个股票代码，数组只允许传1个
[2026-05-20 21:37:02] [history_60min] [incr] 9/26 | 100 stocks FAILED: API Error: code=400, msg=stock_code 仅支持单个股票代码，数组只允许传1个
[2026-05-20 21:37:05] [history_60min] [incr] 10/26 | 100 stocks FAILED: API Error: code=400, msg=stock_code 仅支持单个股票代码，数组只允许传1个
[2026-05-20 21:37:05] [history_60min] [incr] 11/26 | 100 stocks FAILED: API Error: code=400, msg=stock_code 仅支持单个股票代码，数组只允许传1个
[2026-05-20 21:37:05] [history_60min] [incr] 12/26 | 100 stocks FAILED: API Error: code=400, msg=stock_code 仅支持单个股票代码，数组只允许传1个
[2026-05-20 21:37:09] [history_60min] [incr] 13/26 | 100 stocks FAILED: API Error: code=400, msg=stock_code 仅支持单个股票代码，数组只允许传1个
[2026-05-20 21:37:09] [history_60min] [incr] 14/26 | 100 stocks FAILED: API Error: code=400, msg=stock_code 仅支持单个股票代码，数组只允许传1个
[2026-05-20 21:37:09] [history_60min] [incr] 15/26 | 100 stocks FAILED: API Error: code=400, msg=stock_code 仅支持单个股票代码，数组只允许传1个
[2026-05-20 21:37:13] [history_60min] [incr] 16/26 | 100 stocks FAILED: API Error: code=400, msg=stock_code 仅支持单个股票代码，数组只允许传1个
[2026-05-20 21:37:13] [history_60min] [incr] 17/26 | 100 stocks FAILED: API Error: code=400, msg=stock_code 仅支持单个股票代码，数组只允许传1个
[2026-05-20 21:37:14] [history_60min] [incr] 18/26 | 100 stocks FAILED: API Error: code=400, msg=stock_code 仅支持单个股票代码，数组只允许传1个
[2026-05-20 21:37:17] [history_60min] [incr] 19/26 | 100 stocks FAILED: API Error: code=400, msg=stock_code 仅支持单个股票代码，数组只允许传1个
[2026-05-20 21:37:17] [history_60min] [incr] 20/26 | 100 stocks FAILED: API Error: code=400, msg=stock_code 仅支持单个股票代码，数组只允许传1个
[2026-05-20 21:37:17] [history_60min] [incr] 21/26 | 100 stocks FAILED: API Error: code=400, msg=stock_code 仅支持单个股票代码，数组只允许传1个
[2026-05-20 21:37:21] [history_60min] [incr] 22/26 | 100 stocks FAILED: API Error: code=400, msg=stock_code 仅支持单个股票代码，数组只允许传1个
[2026-05-20 21:37:21] [history_60min] [incr] 23/26 | 100 stocks FAILED: API Error: code=400, msg=stock_code 仅支持单个股票代码，数组只允许传1个
[2026-05-20 21:37:21] [history_60min] [incr] 24/26 | 42 stocks FAILED: API Error: code=400, msg=stock_code 仅支持单个股票代码，数组只允许传1个
[2026-05-20 21:37:25] [history_60min] [incr] 25/26 | 100 stocks FAILED: API Error: code=400, msg=stock_code 仅支持单个股票代码，数组只允许传1个
[2026-05-20 21:37:25] [history_60min] [incr] 26/26 | 100 stocks FAILED: API Error: code=400, msg=stock_code 仅支持单个股票代码，数组只允许传1个
[2026-05-20 21:37:25] [history_60min] Done: 0 stocks processed, 0 new rows total
[2026-05-20 21:37:27]   [consolidate] [history_60min] Reading 3310 stock files...
[2026-05-20 21:37:48]   [consolidate] [history_60min] Concatenating 3310 DataFrames (21.2s reading)
[2026-05-20 21:37:49]   [consolidate] [history_60min] Sorting by ['stock_code', 'trade_time']...
[2026-05-20 21:37:53]   [consolidate] [history_60min] Writing 20,884,726 rows to /root/shared-nvme/lingqiData/data/history_60min.parquet...
[2026-05-20 21:38:01]   [consolidate] [history_60min] Done: 20,884,726 rows → /root/shared-nvme/lingqiData/data/history_60min.parquet (read=21.2s, sort=5.1s, write=7.9s, total=34.2s)
[2026-05-20 21:38:01] 
============================================================
[2026-05-20 21:38:01] [min_adj_15min] Starting incremental update
[2026-05-20 21:38:03] [min_adj_15min] 2542 stocks | 2542 incremental | 0 skipped (no file) | 0 up-to-date
[2026-05-20 21:38:03] [min_adj_15min] [incr] 2542 stocks in 2542 batches (batch_size=1)
[2026-05-20 21:38:03] [min_adj_15min] [incr] 2026-05-16 ~ 2026-05-21: 48 rows, 1 pages, 0.6s
[2026-05-20 21:38:03] [min_adj_15min] [incr] 2026-05-16 ~ 2026-05-21: 48 rows, 1 pages, 0.6s
[2026-05-20 21:38:03] [min_adj_15min] [incr] 1/2542 | 1 stocks, 48 rows, +16 new | elapsed=1s ETA=1724s | tokens=275.1
[2026-05-20 21:38:03] [min_adj_15min] [incr] 2/2542 | 1 stocks, 48 rows, +16 new | elapsed=1s ETA=951s | tokens=275.5
[2026-05-20 21:38:03] [min_adj_15min] [incr] 2026-05-16 ~ 2026-05-21: 48 rows, 1 pages, 0.9s
[2026-05-20 21:38:04] [min_adj_15min] [incr] 3/2542 | 1 stocks, 48 rows, +16 new | elapsed=1s ETA=818s | tokens=275.5
[2026-05-20 21:38:10] [min_adj_15min] [incr] 2026-05-16 ~ 2026-05-21: 48 rows, 1 pages, 7.0s
[2026-05-20 21:38:10] [min_adj_15min] [incr] 4/2542 | 1 stocks, 48 rows, +16 new | elapsed=7s ETA=4536s | tokens=279.3
[2026-05-20 21:38:11] [min_adj_15min] [incr] 2026-05-16 ~ 2026-05-21: 48 rows, 1 pages, 8.0s
[2026-05-20 21:38:11] [min_adj_15min] [incr] 2026-05-16 ~ 2026-05-21: 48 rows, 1 pages, 8.1s
[2026-05-20 21:38:11] [min_adj_15min] [incr] 5/2542 | 1 stocks, 48 rows, +16 new | elapsed=8s ETA=4110s | tokens=278.4
[2026-05-20 21:38:11] [min_adj_15min] [incr] 6/2542 | 1 stocks, 48 rows, +16 new | elapsed=8s ETA=3455s | tokens=278.7
[2026-05-20 21:38:11] [min_adj_15min] [incr] 2026-05-16 ~ 2026-05-21: 48 rows, 1 pages, 7.8s
[2026-05-20 21:38:11] [min_adj_15min] [incr] 7/2542 | 1 stocks, 48 rows, +16 new | elapsed=9s ETA=3094s | tokens=279.3
[2026-05-20 21:38:13] [min_adj_15min] [incr] 2026-05-16 ~ 2026-05-21: 48 rows, 1 pages, 3.3s
[2026-05-20 21:38:13] [min_adj_15min] [incr] 8/2542 | 1 stocks, 48 rows, +16 new | elapsed=11s ETA=3328s | tokens=279.3
[2026-05-20 21:38:14] [min_adj_15min] [incr] 2026-05-16 ~ 2026-05-21: 48 rows, 1 pages, 10.8s
[2026-05-20 21:38:14] [min_adj_15min] [incr] 9/2542 | 1 stocks, 48 rows, +16 new | elapsed=11s ETA=3217s | tokens=279.4
[2026-05-20 21:38:14] [min_adj_15min] [incr] 2026-05-16 ~ 2026-05-21: 48 rows, 1 pages, 10.9s
[2026-05-20 21:38:14] [min_adj_15min] [incr] 10/2542 | 1 stocks, 48 rows, +16 new | elapsed=12s ETA=3016s | tokens=279.3
[2026-05-20 21:38:15] [min_adj_15min] [incr] 2026-05-16 ~ 2026-05-21: 48 rows, 1 pages, 3.7s
[2026-05-20 21:38:15] [min_adj_15min] [incr] 11/2542 | 1 stocks, 48 rows, +16 new | elapsed=12s ETA=2828s | tokens=279.3
[2026-05-20 21:38:18] [min_adj_15min] [incr] 2026-05-16 ~ 2026-05-21: 48 rows, 1 pages, 6.9s
[2026-05-20 21:38:18] [min_adj_15min] [incr] 12/2542 | 1 stocks, 48 rows, +16 new | elapsed=15s ETA=3173s | tokens=279.3
[2026-05-20 21:38:18] [min_adj_15min] [incr] 2026-05-16 ~ 2026-05-21: 48 rows, 1 pages, 3.8s
[2026-05-20 21:38:18] [min_adj_15min] [incr] 13/2542 | 1 stocks, 48 rows, +16 new | elapsed=15s ETA=2968s | tokens=279.3
[2026-05-20 21:38:18] [min_adj_15min] [incr] 2026-05-16 ~ 2026-05-21: 48 rows, 1 pages, 3.6s
[2026-05-20 21:38:18] [min_adj_15min] [incr] 14/2542 | 1 stocks, 48 rows, +16 new | elapsed=16s ETA=2803s | tokens=279.3
[2026-05-20 21:38:19] [min_adj_15min] [incr] 2026-05-16 ~ 2026-05-21: 48 rows, 1 pages, 3.8s
[2026-05-20 21:38:19] [min_adj_15min] [incr] 15/2542 | 1 stocks, 48 rows, +16 new | elapsed=16s ETA=2714s | tokens=279.3
[2026-05-20 21:38:20] [min_adj_15min] [incr] 2026-05-16 ~ 2026-05-21: 48 rows, 1 pages, 2.2s
[2026-05-20 21:38:20] [min_adj_15min] [incr] 16/2542 | 1 stocks, 48 rows, +16 new | elapsed=17s ETA=2727s | tokens=279.3
[2026-05-20 21:38:20] [min_adj_15min] [incr] 2026-05-16 ~ 2026-05-21: 48 rows, 1 pages, 2.2s
[2026-05-20 21:38:20] [min_adj_15min] [incr] 17/2542 | 1 stocks, 48 rows, +16 new | elapsed=18s ETA=2601s | tokens=279.3
[2026-05-20 21:38:23] [min_adj_15min] [incr] 2026-05-16 ~ 2026-05-21: 48 rows, 1 pages, 10.1s
[2026-05-20 21:38:23] [min_adj_15min] [incr] 18/2542 | 1 stocks, 48 rows, +16 new | elapsed=21s ETA=2896s | tokens=279.5
[2026-05-20 21:38:27] [min_adj_15min] [incr] 2026-05-16 ~ 2026-05-21: 48 rows, 1 pages, 16.3s
[2026-05-20 21:38:27] [min_adj_15min] [incr] 19/2542 | 1 stocks, 48 rows, +16 new | elapsed=24s ETA=3243s | tokens=279.3
[2026-05-20 21:38:27] [min_adj_15min] [incr] 2026-05-16 ~ 2026-05-21: 48 rows, 1 pages, 8.5s
[2026-05-20 21:38:27] [min_adj_15min] [incr] 20/2542 | 1 stocks, 48 rows, +16 new | elapsed=25s ETA=3099s | tokens=279.0
[2026-05-20 21:38:29] [min_adj_15min] [incr] 2026-05-16 ~ 2026-05-21: 48 rows, 1 pages, 8.6s
[2026-05-20 21:38:29] [min_adj_15min] [incr] 21/2542 | 1 stocks, 48 rows, +16 new | elapsed=26s ETA=3143s | tokens=279.3
[2026-05-20 21:38:29] [min_adj_15min] [incr] 2026-05-16 ~ 2026-05-21: 48 rows, 1 pages, 6.0s
[2026-05-20 21:38:29] [min_adj_15min] [incr] 22/2542 | 1 stocks, 48 rows, +16 new | elapsed=27s ETA=3052s | tokens=279.3
[2026-05-20 21:38:30] [min_adj_15min] [incr] 2026-05-16 ~ 2026-05-21: 48 rows, 1 pages, 2.6s
[2026-05-20 21:38:30] [min_adj_15min] [incr] 23/2542 | 1 stocks, 48 rows, +16 new | elapsed=27s ETA=2965s | tokens=279.3
[2026-05-20 21:38:30] [min_adj_15min] [incr] 2026-05-16 ~ 2026-05-21: 48 rows, 1 pages, 10.4s
[2026-05-20 21:38:30] [min_adj_15min] [incr] 24/2542 | 1 stocks, 48 rows, +16 new | elapsed=28s ETA=2902s | tokens=279.3
[2026-05-20 21:38:30] [min_adj_15min] [incr] 2026-05-16 ~ 2026-05-21: 48 rows, 1 pages, 1.7s
[2026-05-20 21:38:30] [min_adj_15min] [incr] 25/2542 | 1 stocks, 48 rows, +16 new | elapsed=28s ETA=2811s | tokens=279.3
[2026-05-20 21:38:35] [min_adj_15min] [incr] 2026-05-16 ~ 2026-05-21: 48 rows, 1 pages, 6.1s
[2026-05-20 21:38:35] [min_adj_15min] [incr] 26/2542 | 1 stocks, 48 rows, +16 new | elapsed=33s ETA=3175s | tokens=279.3
[2026-05-20 21:38:39] [min_adj_15min] [incr] 2026-05-16 ~ 2026-05-21: 48 rows, 1 pages, 20.6s
[2026-05-20 21:38:39] [min_adj_15min] [incr] 27/2542 | 1 stocks, 48 rows, +16 new | elapsed=36s ETA=3368s | tokens=279.3
[2026-05-20 21:38:39] [min_adj_15min] [incr] 2026-05-16 ~ 2026-05-21: 48 rows, 1 pages, 8.9s
[2026-05-20 21:38:39] [min_adj_15min] [incr] 28/2542 | 1 stocks, 48 rows, +16 new | elapsed=37s ETA=3284s | tokens=279.3
[2026-05-20 21:38:40] [min_adj_15min] [incr] 2026-05-16 ~ 2026-05-21: 48 rows, 1 pages, 10.7s
[2026-05-20 21:38:40] [min_adj_15min] [incr] 29/2542 | 1 stocks, 48 rows, +16 new | elapsed=38s ETA=3277s | tokens=279.4
[2026-05-20 21:38:41] [min_adj_15min] [incr] 2026-05-16 ~ 2026-05-21: 48 rows, 1 pages, 5.3s
[2026-05-20 21:38:41] [min_adj_15min] [incr] 30/2542 | 1 stocks, 48 rows, +16 new | elapsed=38s ETA=3189s | tokens=279.3
[2026-05-20 21:38:42] [min_adj_15min] [incr] 2026-05-16 ~ 2026-05-21: 48 rows, 1 pages, 15.0s
[2026-05-20 21:38:42] [min_adj_15min] [incr] 31/2542 | 1 stocks, 48 rows, +16 new | elapsed=40s ETA=3211s | tokens=279.4
[2026-05-20 21:38:43] [min_adj_15min] [incr] 2026-05-16 ~ 2026-05-21: 48 rows, 1 pages, 3.8s
[2026-05-20 21:38:43] [min_adj_15min] [incr] 32/2542 | 1 stocks, 48 rows, +16 new | elapsed=40s ETA=3163s | tokens=279.3
[2026-05-20 21:38:43] [min_adj_15min] [incr] 2026-05-16 ~ 2026-05-21: 48 rows, 1 pages, 12.6s
[2026-05-20 21:38:43] [min_adj_15min] [incr] 33/2542 | 1 stocks, 48 rows, +16 new | elapsed=41s ETA=3084s | tokens=279.3
[2026-05-20 21:38:47] [min_adj_15min] [incr] 2026-05-16 ~ 2026-05-21: 48 rows, 1 pages, 8.1s
[2026-05-20 21:38:47] [min_adj_15min] [incr] 34/2542 | 1 stocks, 48 rows, +16 new | elapsed=44s ETA=3269s | tokens=279.3
[2026-05-20 21:38:47] [min_adj_15min] [incr] 2026-05-16 ~ 2026-05-21: 48 rows, 1 pages, 4.9s
[2026-05-20 21:38:47] [min_adj_15min] [incr] 35/2542 | 1 stocks, 48 rows, +16 new | elapsed=45s ETA=3194s | tokens=279.3
[2026-05-20 21:38:48] [min_adj_15min] [incr] 2026-05-16 ~ 2026-05-21: 48 rows, 1 pages, 5.0s
[2026-05-20 21:38:48] [min_adj_15min] [incr] 36/2542 | 1 stocks, 48 rows, +16 new | elapsed=45s ETA=3156s | tokens=279.3
[2026-05-20 21:38:48] [min_adj_15min] [incr] 2026-05-16 ~ 2026-05-21: 48 rows, 1 pages, 5.1s
[2026-05-20 21:38:48] [min_adj_15min] [incr] 37/2542 | 1 stocks, 48 rows, +16 new | elapsed=46s ETA=3090s | tokens=279.3
[2026-05-20 21:38:48] [min_adj_15min] [incr] 2026-05-16 ~ 2026-05-21: 48 rows, 1 pages, 1.6s
[2026-05-20 21:38:48] [min_adj_15min] [incr] 38/2542 | 1 stocks, 48 rows, +16 new | elapsed=46s ETA=3026s | tokens=279.3
[2026-05-20 21:38:49] [min_adj_15min] [incr] 2026-05-16 ~ 2026-05-21: 48 rows, 1 pages, 1.5s
[2026-05-20 21:38:49] [min_adj_15min] [incr] 39/2542 | 1 stocks, 48 rows, +16 new | elapsed=46s ETA=2960s | tokens=279.3
[2026-05-20 21:38:49] [min_adj_15min] [incr] 2026-05-16 ~ 2026-05-21: 48 rows, 1 pages, 1.0s
[2026-05-20 21:38:49] [min_adj_15min] [incr] 40/2542 | 1 stocks, 48 rows, +16 new | elapsed=46s ETA=2902s | tokens=279.3
[2026-05-20 21:38:49] [min_adj_15min] [incr] 2026-05-16 ~ 2026-05-21: 48 rows, 1 pages, 1.0s
[2026-05-20 21:38:49] [min_adj_15min] [incr] 41/2542 | 1 stocks, 48 rows, +16 new | elapsed=47s ETA=2847s | tokens=279.3
[2026-05-20 21:38:49] [min_adj_15min] [incr] 2026-05-16 ~ 2026-05-21: 48 rows, 1 pages, 1.0s
[2026-05-20 21:38:50] [min_adj_15min] [incr] 42/2542 | 1 stocks, 48 rows, +16 new | elapsed=47s ETA=2794s | tokens=279.3
[2026-05-20 21:38:50] [min_adj_15min] [incr] 2026-05-16 ~ 2026-05-21: 48 rows, 1 pages, 1.1s
[2026-05-20 21:38:50] [min_adj_15min] [incr] 43/2542 | 1 stocks, 48 rows, +16 new | elapsed=47s ETA=2744s | tokens=279.3
[2026-05-20 21:38:50] [min_adj_15min] [incr] 2026-05-16 ~ 2026-05-21: 48 rows, 1 pages, 1.1s
[2026-05-20 21:38:50] [min_adj_15min] [incr] 44/2542 | 1 stocks, 48 rows, +16 new | elapsed=48s ETA=2698s | tokens=279.3
[2026-05-20 21:38:52] [min_adj_15min] [incr] 2026-05-16 ~ 2026-05-21: 48 rows, 1 pages, 2.3s
[2026-05-20 21:38:52] [min_adj_15min] [incr] 45/2542 | 1 stocks, 48 rows, +16 new | elapsed=49s ETA=2721s | tokens=279.3
[2026-05-20 21:38:53] [min_adj_15min] [incr] 2026-05-16 ~ 2026-05-21: 48 rows, 1 pages, 3.5s
[2026-05-20 21:38:53] [min_adj_15min] [incr] 46/2542 | 1 stocks, 48 rows, +16 new | elapsed=50s ETA=2739s | tokens=279.3
[2026-05-20 21:38:53] [min_adj_15min] [incr] 2026-05-16 ~ 2026-05-21: 48 rows, 1 pages, 3.5s
[2026-05-20 21:38:53] [min_adj_15min] [incr] 47/2542 | 1 stocks, 48 rows, +16 new | elapsed=51s ETA=2691s | tokens=279.3
[2026-05-20 21:38:53] [min_adj_15min] [incr] 2026-05-16 ~ 2026-05-21: 48 rows, 1 pages, 3.4s
[2026-05-20 21:38:54] [min_adj_15min] [incr] 48/2542 | 1 stocks, 48 rows, +16 new | elapsed=51s ETA=2647s | tokens=279.3
[2026-05-20 21:38:57] [min_adj_15min] [incr] 2026-05-16 ~ 2026-05-21: 48 rows, 1 pages, 5.9s
[2026-05-20 21:38:58] [min_adj_15min] [incr] 49/2542 | 1 stocks, 48 rows, +16 new | elapsed=55s ETA=2799s | tokens=279.3
[2026-05-20 21:39:00] [min_adj_15min] [incr] 2026-05-16 ~ 2026-05-21: 48 rows, 1 pages, 6.6s
[2026-05-20 21:39:00] [min_adj_15min] [incr] 50/2542 | 1 stocks, 48 rows, +16 new | elapsed=57s ETA=2849s | tokens=279.3
[2026-05-20 21:39:00] [min_adj_15min] [incr] 2026-05-16 ~ 2026-05-21: 48 rows, 1 pages, 7.0s
[2026-05-20 21:39:00] [min_adj_15min] [incr] 51/2542 | 1 stocks, 48 rows, +16 new | elapsed=58s ETA=2818s | tokens=279.3
[2026-05-20 21:39:08] [min_adj_15min] [incr] 2026-05-16 ~ 2026-05-21: 48 rows, 1 pages, 14.4s
[2026-05-20 21:39:08] [min_adj_15min] [incr] 52/2542 | 1 stocks, 48 rows, +16 new | elapsed=65s ETA=3130s | tokens=279.3
[2026-05-20 21:39:15] [min_adj_15min] [incr] 2026-05-16 ~ 2026-05-21: 48 rows, 1 pages, 34.5s
[2026-05-20 21:39:15] [min_adj_15min] [incr] 53/2542 | 1 stocks, 48 rows, +16 new | elapsed=72s ETA=3397s | tokens=279.3
[2026-05-20 21:39:16] [min_adj_15min] [incr] 2026-05-16 ~ 2026-05-21: 48 rows, 1 pages, 35.1s
[2026-05-20 21:39:16] [min_adj_15min] [incr] 54/2542 | 1 stocks, 48 rows, +16 new | elapsed=73s ETA=3371s | tokens=279.3
[2026-05-20 21:39:16] [min_adj_15min] [incr] 2026-05-16 ~ 2026-05-21: 48 rows, 1 pages, 16.1s
[2026-05-20 21:39:16] [min_adj_15min] [incr] 55/2542 | 1 stocks, 48 rows, +16 new | elapsed=73s ETA=3314s | tokens=278.9
[2026-05-20 21:39:19] [min_adj_15min] [incr] 2026-05-16 ~ 2026-05-21: 48 rows, 1 pages, 21.6s
[2026-05-20 21:39:19] [min_adj_15min] [incr] 56/2542 | 1 stocks, 48 rows, +16 new | elapsed=77s ETA=3401s | tokens=279.3
[2026-05-20 21:39:24] [min_adj_15min] [incr] 2026-05-16 ~ 2026-05-21: 48 rows, 1 pages, 8.7s
[2026-05-20 21:39:24] [min_adj_15min] [incr] 57/2542 | 1 stocks, 48 rows, +16 new | elapsed=81s ETA=3534s | tokens=279.3
[2026-05-20 21:39:24] [min_adj_15min] [incr] 2026-05-16 ~ 2026-05-21: 48 rows, 1 pages, 8.5s
[2026-05-20 21:39:24] [min_adj_15min] [incr] 58/2542 | 1 stocks, 48 rows, +16 new | elapsed=82s ETA=3496s | tokens=279.3
[2026-05-20 21:39:28] [min_adj_15min] [incr] 2026-05-16 ~ 2026-05-21: 48 rows, 1 pages, 12.2s
[2026-05-20 21:39:28] [min_adj_15min] [incr] 59/2542 | 1 stocks, 48 rows, +16 new | elapsed=86s ETA=3600s | tokens=279.4
[2026-05-20 21:39:31] [min_adj_15min] [incr] 2026-05-16 ~ 2026-05-21: 48 rows, 1 pages, 12.3s
[2026-05-20 21:39:31] [min_adj_15min] [incr] 60/2542 | 1 stocks, 48 rows, +16 new | elapsed=89s ETA=3678s | tokens=279.4
[2026-05-20 21:39:32] [min_adj_15min] [incr] 2026-05-16 ~ 2026-05-21: 48 rows, 1 pages, 24.4s
[2026-05-20 21:39:32] [min_adj_15min] [incr] 2026-05-16 ~ 2026-05-21: 48 rows, 1 pages, 32.1s
[2026-05-20 21:39:32] [min_adj_15min] [incr] 61/2542 | 1 stocks, 48 rows, +16 new | elapsed=90s ETA=3652s | tokens=278.3
[2026-05-20 21:39:32] [min_adj_15min] [incr] 62/2542 | 1 stocks, 48 rows, +16 new | elapsed=90s ETA=3595s | tokens=278.7
[2026-05-20 21:39:33] [min_adj_15min] [incr] 2026-05-16 ~ 2026-05-21: 48 rows, 1 pages, 4.7s
[2026-05-20 21:39:33] [min_adj_15min] [incr] 2026-05-16 ~ 2026-05-21: 48 rows, 1 pages, 8.6s
[2026-05-20 21:39:33] [min_adj_15min] [incr] 63/2542 | 1 stocks, 48 rows, +16 new | elapsed=90s ETA=3553s | tokens=278.4
[2026-05-20 21:39:33] [min_adj_15min] [incr] 64/2542 | 1 stocks, 48 rows, +16 new | elapsed=90s ETA=3499s | tokens=278.7
[2026-05-20 21:39:33] [min_adj_15min] [incr] 2026-05-16 ~ 2026-05-21: 48 rows, 1 pages, 1.1s
[2026-05-20 21:39:33] [min_adj_15min] [incr] 2026-05-16 ~ 2026-05-21: 48 rows, 1 pages, 2.0s
[2026-05-20 21:39:34] [min_adj_15min] [incr] 65/2542 | 1 stocks, 48 rows, +16 new | elapsed=91s ETA=3466s | tokens=278.3
[2026-05-20 21:39:34] [min_adj_15min] [incr] 66/2542 | 1 stocks, 48 rows, +16 new | elapsed=91s ETA=3415s | tokens=278.6
[2026-05-20 21:39:36] [min_adj_15min] [incr] 2026-05-16 ~ 2026-05-21: 48 rows, 1 pages, 3.3s
[2026-05-20 21:39:36] [min_adj_15min] [incr] 2026-05-16 ~ 2026-05-21: 48 rows, 1 pages, 2.8s
[2026-05-20 21:39:36] [min_adj_15min] [incr] 67/2542 | 1 stocks, 48 rows, +16 new | elapsed=93s ETA=3440s | tokens=278.3
[2026-05-20 21:39:36] [min_adj_15min] [incr] 68/2542 | 1 stocks, 48 rows, +16 new | elapsed=93s ETA=3391s | tokens=278.6
[2026-05-20 21:39:36] [min_adj_15min] [incr] 2026-05-16 ~ 2026-05-21: 48 rows, 1 pages, 3.2s
[2026-05-20 21:39:36] [min_adj_15min] [incr] 2026-05-16 ~ 2026-05-21: 48 rows, 1 pages, 2.5s
[2026-05-20 21:39:36] [min_adj_15min] [incr] 69/2542 | 1 stocks, 48 rows, +16 new | elapsed=94s ETA=3352s | tokens=278.1
[2026-05-20 21:39:36] [min_adj_15min] [incr] 70/2542 | 1 stocks, 48 rows, +16 new | elapsed=94s ETA=3305s | tokens=278.5
[2026-05-20 21:39:36] [min_adj_15min] [incr] 2026-05-16 ~ 2026-05-21: 48 rows, 1 pages, 0.7s
[2026-05-20 21:39:36] [min_adj_15min] [incr] 2026-05-16 ~ 2026-05-21: 48 rows, 1 pages, 2.9s
[2026-05-20 21:39:36] [min_adj_15min] [incr] 71/2542 | 1 stocks, 48 rows, +16 new | elapsed=94s ETA=3266s | tokens=277.6
[2026-05-20 21:39:36] [min_adj_15min] [incr] 72/2542 | 1 stocks, 48 rows, +16 new | elapsed=94s ETA=3221s | tokens=277.9
[2026-05-20 21:39:37] [min_adj_15min] [incr] 2026-05-16 ~ 2026-05-21: 48 rows, 1 pages, 1.1s
[2026-05-20 21:39:37] [min_adj_15min] [incr] 2026-05-16 ~ 2026-05-21: 48 rows, 1 pages, 0.7s
[2026-05-20 21:39:37] [min_adj_15min] [incr] 73/2542 | 1 stocks, 48 rows, +16 new | elapsed=94s ETA=3189s | tokens=277.7
[2026-05-20 21:39:37] [min_adj_15min] [incr] 74/2542 | 1 stocks, 48 rows, +16 new | elapsed=94s ETA=3147s | tokens=278.0
[2026-05-20 21:39:41] [min_adj_15min] [incr] 2026-05-16 ~ 2026-05-21: 48 rows, 1 pages, 5.4s
[2026-05-20 21:39:41] [min_adj_15min] [incr] 2026-05-16 ~ 2026-05-21: 48 rows, 1 pages, 5.1s
[2026-05-20 21:39:42] [min_adj_15min] [incr] 75/2542 | 1 stocks, 48 rows, +16 new | elapsed=99s ETA=3254s | tokens=278.4
[2026-05-20 21:39:42] [min_adj_15min] [incr] 76/2542 | 1 stocks, 48 rows, +16 new | elapsed=99s ETA=3212s | tokens=278.7
[2026-05-20 21:39:42] [min_adj_15min] [incr] 2026-05-16 ~ 2026-05-21: 48 rows, 1 pages, 5.5s
[2026-05-20 21:39:42] [min_adj_15min] [incr] 2026-05-16 ~ 2026-05-21: 48 rows, 1 pages, 5.0s
[2026-05-20 21:39:42] [min_adj_15min] [incr] 77/2542 | 1 stocks, 48 rows, +16 new | elapsed=99s ETA=3180s | tokens=278.2
[2026-05-20 21:39:42] [min_adj_15min] [incr] 78/2542 | 1 stocks, 48 rows, +16 new | elapsed=99s ETA=3140s | tokens=278.6
[2026-05-20 21:39:42] [min_adj_15min] [incr] 2026-05-16 ~ 2026-05-21: 48 rows, 1 pages, 5.6s
[2026-05-20 21:39:42] [min_adj_15min] [incr] 79/2542 | 1 stocks, 48 rows, +16 new | elapsed=100s ETA=3114s | tokens=279.3
[2026-05-20 21:39:43] [min_adj_15min] [incr] 2026-05-16 ~ 2026-05-21: 48 rows, 1 pages, 1.3s
[2026-05-20 21:39:43] [min_adj_15min] [incr] 80/2542 | 1 stocks, 48 rows, +16 new | elapsed=100s ETA=3085s | tokens=279.4
[2026-05-20 21:39:43] [min_adj_15min] [incr] 2026-05-16 ~ 2026-05-21: 48 rows, 1 pages, 1.6s
[2026-05-20 21:39:44] [min_adj_15min] [incr] 81/2542 | 1 stocks, 48 rows, +16 new | elapsed=101s ETA=3067s | tokens=279.4
[2026-05-20 21:39:45] [min_adj_15min] [incr] 2026-05-16 ~ 2026-05-21: 48 rows, 1 pages, 2.9s
[2026-05-20 21:39:45] [min_adj_15min] [incr] 82/2542 | 1 stocks, 48 rows, +16 new | elapsed=102s ETA=3068s | tokens=279.3
[2026-05-20 21:39:48] [min_adj_15min] [incr] 2026-05-16 ~ 2026-05-21: 48 rows, 1 pages, 6.0s
[2026-05-20 21:39:48] [min_adj_15min] [incr] 83/2542 | 1 stocks, 48 rows, +16 new | elapsed=106s ETA=3137s | tokens=279.3
[2026-05-20 21:39:49] [min_adj_15min] [incr] 2026-05-16 ~ 2026-05-21: 48 rows, 1 pages, 6.0s
[2026-05-20 21:39:49] [min_adj_15min] [incr] 84/2542 | 1 stocks, 48 rows, +16 new | elapsed=106s ETA=3110s | tokens=279.4
[2026-05-20 21:39:49] [min_adj_15min] [incr] 2026-05-16 ~ 2026-05-21: 48 rows, 1 pages, 5.8s
[2026-05-20 21:39:49] [min_adj_15min] [incr] 85/2542 | 1 stocks, 48 rows, +16 new | elapsed=107s ETA=3084s | tokens=279.3
[2026-05-20 21:39:53] [min_adj_15min] [incr] 2026-05-16 ~ 2026-05-21: 48 rows, 1 pages, 7.7s
[2026-05-20 21:39:53] [min_adj_15min] [incr] 86/2542 | 1 stocks, 48 rows, +16 new | elapsed=110s ETA=3143s | tokens=279.3
[2026-05-20 21:39:53] [min_adj_15min] [incr] 2026-05-16 ~ 2026-05-21: 48 rows, 1 pages, 4.8s
[2026-05-20 21:39:53] [min_adj_15min] [incr] 87/2542 | 1 stocks, 48 rows, +16 new | elapsed=111s ETA=3123s | tokens=279.3
[2026-05-20 21:39:54] [min_adj_15min] [incr] 2026-05-16 ~ 2026-05-21: 48 rows, 1 pages, 5.1s
[2026-05-20 21:39:54] [min_adj_15min] [incr] 88/2542 | 1 stocks, 48 rows, +16 new | elapsed=111s ETA=3108s | tokens=279.3
[2026-05-20 21:39:54] [min_adj_15min] [incr] 2026-05-16 ~ 2026-05-21: 48 rows, 1 pages, 5.1s
[2026-05-20 21:39:54] [min_adj_15min] [incr] 89/2542 | 1 stocks, 48 rows, +16 new | elapsed=112s ETA=3081s | tokens=279.3
[2026-05-20 21:39:56] [min_adj_15min] [incr] 2026-05-16 ~ 2026-05-21: 48 rows, 1 pages, 3.9s
[2026-05-20 21:39:57] [min_adj_15min] [incr] 90/2542 | 1 stocks, 48 rows, +16 new | elapsed=114s ETA=3106s | tokens=279.4
[2026-05-20 21:39:57] [min_adj_15min] [incr] 2026-05-16 ~ 2026-05-21: 48 rows, 1 pages, 3.7s
[2026-05-20 21:39:57] [min_adj_15min] [incr] 91/2542 | 1 stocks, 48 rows, +16 new | elapsed=114s ETA=3080s | tokens=279.3
[2026-05-20 21:39:59] [min_adj_15min] [incr] 2026-05-16 ~ 2026-05-21: 48 rows, 1 pages, 35.0s
[2026-05-20 21:39:59] [min_adj_15min] [incr] 92/2542 | 1 stocks, 48 rows, +16 new | elapsed=116s ETA=3092s | tokens=279.3
[2026-05-20 21:39:59] [min_adj_15min] [incr] 2026-05-16 ~ 2026-05-21: 48 rows, 1 pages, 17.4s
[2026-05-20 21:39:59] [min_adj_15min] [incr] 93/2542 | 1 stocks, 48 rows, +16 new | elapsed=116s ETA=3064s | tokens=279.3
[2026-05-20 21:39:59] [min_adj_15min] [incr] 2026-05-16 ~ 2026-05-21: 48 rows, 1 pages, 4.9s
[2026-05-20 21:39:59] [min_adj_15min] [incr] 94/2542 | 1 stocks, 48 rows, +16 new | elapsed=117s ETA=3039s | tokens=279.3
[2026-05-20 21:40:00] [min_adj_15min] [incr] 2026-05-16 ~ 2026-05-21: 48 rows, 1 pages, 2.7s
[2026-05-20 21:40:00] [min_adj_15min] [incr] 95/2542 | 1 stocks, 48 rows, +16 new | elapsed=117s ETA=3015s | tokens=279.3
[2026-05-20 21:40:01] [min_adj_15min] [incr] 2026-05-16 ~ 2026-05-21: 48 rows, 1 pages, 2.1s
[2026-05-20 21:40:01] [min_adj_15min] [incr] 96/2542 | 1 stocks, 48 rows, +16 new | elapsed=118s ETA=3011s | tokens=279.3
[2026-05-20 21:40:01] [min_adj_15min] [incr] 2026-05-16 ~ 2026-05-21: 48 rows, 1 pages, 7.2s
[2026-05-20 21:40:01] [min_adj_15min] [incr] 97/2542 | 1 stocks, 48 rows, +16 new | elapsed=119s ETA=2991s | tokens=279.3
[2026-05-20 21:40:03] [min_adj_15min] [incr] 2026-05-16 ~ 2026-05-21: 48 rows, 1 pages, 6.2s
[2026-05-20 21:40:03] [min_adj_15min] [incr] 98/2542 | 1 stocks, 48 rows, +16 new | elapsed=120s ETA=2999s | tokens=279.4
[2026-05-20 21:40:03] [min_adj_15min] [incr] 2026-05-16 ~ 2026-05-21: 48 rows, 1 pages, 3.3s
[2026-05-20 21:40:03] [min_adj_15min] [incr] 99/2542 | 1 stocks, 48 rows, +16 new | elapsed=120s ETA=2971s | tokens=279.2
[2026-05-20 21:40:03] [min_adj_15min] [incr] 2026-05-16 ~ 2026-05-21: 48 rows, 1 pages, 2.4s
[2026-05-20 21:40:03] [min_adj_15min] [incr] 100/2542 | 1 stocks, 48 rows, +16 new | elapsed=121s ETA=2945s | tokens=279.0
[2026-05-20 21:40:06] [min_adj_15min] [incr] 2026-05-16 ~ 2026-05-21: 48 rows, 1 pages, 7.4s
[2026-05-20 21:40:06] [min_adj_15min] [incr] 101/2542 | 1 stocks, 48 rows, +16 new | elapsed=124s ETA=2992s | tokens=279.4
[2026-05-20 21:40:07] [min_adj_15min] [incr] 2026-05-16 ~ 2026-05-21: 48 rows, 1 pages, 5.9s
[2026-05-20 21:40:07] [min_adj_15min] [incr] 102/2542 | 1 stocks, 48 rows, +16 new | elapsed=125s ETA=2981s | tokens=279.4
[2026-05-20 21:40:07] [min_adj_15min] [incr] 2026-05-16 ~ 2026-05-21: 48 rows, 1 pages, 4.4s
[2026-05-20 21:40:07] [min_adj_15min] [incr] 2026-05-16 ~ 2026-05-21: 48 rows, 1 pages, 8.2s
[2026-05-20 21:40:07] [min_adj_15min] [incr] 103/2542 | 1 stocks, 48 rows, +16 new | elapsed=125s ETA=2957s | tokens=278.3
[2026-05-20 21:40:08] [min_adj_15min] [incr] 104/2542 | 1 stocks, 48 rows, +16 new | elapsed=125s ETA=2929s | tokens=278.6
[2026-05-20 21:40:11] [min_adj_15min] [incr] 2026-05-16 ~ 2026-05-21: 48 rows, 1 pages, 8.1s
[2026-05-20 21:40:11] [min_adj_15min] [incr] 2026-05-16 ~ 2026-05-21: 48 rows, 1 pages, 4.9s
[2026-05-20 21:40:11] [min_adj_15min] [incr] 105/2542 | 1 stocks, 48 rows, +16 new | elapsed=129s ETA=2987s | tokens=278.3
[2026-05-20 21:40:11] [min_adj_15min] [incr] 106/2542 | 1 stocks, 48 rows, +16 new | elapsed=129s ETA=2960s | tokens=278.7
[2026-05-20 21:40:13] [min_adj_15min] [incr] 2026-05-16 ~ 2026-05-21: 48 rows, 1 pages, 10.3s
[2026-05-20 21:40:13] [min_adj_15min] [incr] 107/2542 | 1 stocks, 48 rows, +16 new | elapsed=131s ETA=2971s | tokens=279.4
[2026-05-20 21:40:13] [min_adj_15min] [incr] 2026-05-16 ~ 2026-05-21: 48 rows, 1 pages, 6.0s
[2026-05-20 21:40:13] [min_adj_15min] [incr] 108/2542 | 1 stocks, 48 rows, +16 new | elapsed=131s ETA=2950s | tokens=279.3
[2026-05-20 21:40:14] [min_adj_15min] [incr] 2026-05-16 ~ 2026-05-21: 48 rows, 1 pages, 2.4s
[2026-05-20 21:40:14] [min_adj_15min] [incr] 109/2542 | 1 stocks, 48 rows, +16 new | elapsed=131s ETA=2927s | tokens=279.3
[2026-05-20 21:40:14] [min_adj_15min] [incr] 2026-05-16 ~ 2026-05-21: 48 rows, 1 pages, 2.7s
[2026-05-20 21:40:14] [min_adj_15min] [incr] 110/2542 | 1 stocks, 48 rows, +16 new | elapsed=131s ETA=2905s | tokens=279.3
[2026-05-20 21:40:14] [min_adj_15min] [incr] 2026-05-16 ~ 2026-05-21: 48 rows, 1 pages, 1.1s
[2026-05-20 21:40:14] [min_adj_15min] [incr] 111/2542 | 1 stocks, 48 rows, +16 new | elapsed=132s ETA=2884s | tokens=279.3
[2026-05-20 21:40:14] [min_adj_15min] [incr] 2026-05-16 ~ 2026-05-21: 48 rows, 1 pages, 1.1s
[2026-05-20 21:40:15] [min_adj_15min] [incr] 112/2542 | 1 stocks, 48 rows, +16 new | elapsed=132s ETA=2862s | tokens=279.3
[2026-05-20 21:40:15] [min_adj_15min] [incr] 2026-05-16 ~ 2026-05-21: 48 rows, 1 pages, 1.0s
[2026-05-20 21:40:15] [min_adj_15min] [incr] 113/2542 | 1 stocks, 48 rows, +16 new | elapsed=132s ETA=2841s | tokens=279.3
[2026-05-20 21:40:15] [min_adj_15min] [incr] 2026-05-16 ~ 2026-05-21: 48 rows, 1 pages, 7.7s
[2026-05-20 21:40:15] [min_adj_15min] [incr] 2026-05-16 ~ 2026-05-21: 48 rows, 1 pages, 8.1s
[2026-05-20 21:40:15] [min_adj_15min] [incr] 114/2542 | 1 stocks, 48 rows, +16 new | elapsed=133s ETA=2825s | tokens=278.4
[2026-05-20 21:40:15] [min_adj_15min] [incr] 115/2542 | 1 stocks, 48 rows, +16 new | elapsed=133s ETA=2801s | tokens=278.7
[2026-05-20 21:40:20] [min_adj_15min] [incr] 2026-05-16 ~ 2026-05-21: 48 rows, 1 pages, 5.4s
[2026-05-20 21:40:20] [min_adj_15min] [incr] 2026-05-16 ~ 2026-05-21: 48 rows, 1 pages, 5.7s
[2026-05-20 21:40:20] [min_adj_15min] [incr] 116/2542 | 1 stocks, 48 rows, +16 new | elapsed=137s ETA=2868s | tokens=278.4
[2026-05-20 21:40:20] [min_adj_15min] [incr] 117/2542 | 1 stocks, 48 rows, +16 new | elapsed=137s ETA=2844s | tokens=278.7
[2026-05-20 21:40:20] [min_adj_15min] [incr] 2026-05-16 ~ 2026-05-21: 48 rows, 1 pages, 5.2s
[2026-05-20 21:40:20] [min_adj_15min] [incr] 2026-05-16 ~ 2026-05-21: 48 rows, 1 pages, 5.5s
[2026-05-20 21:40:20] [min_adj_15min] [incr] 118/2542 | 1 stocks, 48 rows, +16 new | elapsed=137s ETA=2822s | tokens=277.6
[2026-05-20 21:40:20] [min_adj_15min] [incr] 119/2542 | 1 stocks, 48 rows, +16 new | elapsed=137s ETA=2799s | tokens=277.9
[2026-05-20 21:40:20] [min_adj_15min] [incr] 2026-05-16 ~ 2026-05-21: 48 rows, 1 pages, 0.6s
[2026-05-20 21:40:20] [min_adj_15min] [incr] 120/2542 | 1 stocks, 48 rows, +16 new | elapsed=138s ETA=2779s | tokens=278.0
[2026-05-20 21:40:20] [min_adj_15min] [incr] 2026-05-16 ~ 2026-05-21: 48 rows, 1 pages, 0.8s
[2026-05-20 21:40:21] [min_adj_15min] [incr] 121/2542 | 1 stocks, 48 rows, +16 new | elapsed=138s ETA=2761s | tokens=278.4
[2026-05-20 21:40:23] [min_adj_15min] [incr] 2026-05-16 ~ 2026-05-21: 48 rows, 1 pages, 8.2s
[2026-05-20 21:40:23] [min_adj_15min] [incr] 122/2542 | 1 stocks, 48 rows, +16 new | elapsed=141s ETA=2795s | tokens=279.3
[2026-05-20 21:40:24] [min_adj_15min] [incr] 2026-05-16 ~ 2026-05-21: 48 rows, 1 pages, 3.7s
[2026-05-20 21:40:24] [min_adj_15min] [incr] 123/2542 | 1 stocks, 48 rows, +16 new | elapsed=141s ETA=2777s | tokens=279.3
[2026-05-20 21:40:24] [min_adj_15min] [incr] 2026-05-16 ~ 2026-05-21: 48 rows, 1 pages, 4.0s
[2026-05-20 21:40:24] [min_adj_15min] [incr] 124/2542 | 1 stocks, 48 rows, +16 new | elapsed=142s ETA=2763s | tokens=279.3
[2026-05-20 21:40:25] [min_adj_15min] [incr] 2026-05-16 ~ 2026-05-21: 48 rows, 1 pages, 4.1s
[2026-05-20 21:40:25] [min_adj_15min] [incr] 125/2542 | 1 stocks, 48 rows, +16 new | elapsed=142s ETA=2748s | tokens=279.4
[2026-05-20 21:40:25] [min_adj_15min] [incr] 2026-05-16 ~ 2026-05-21: 48 rows, 1 pages, 10.3s
[2026-05-20 21:40:26] [min_adj_15min] [incr] 126/2542 | 1 stocks, 48 rows, +16 new | elapsed=143s ETA=2741s | tokens=279.3
[2026-05-20 21:40:26] [min_adj_15min] [incr] 2026-05-16 ~ 2026-05-21: 48 rows, 1 pages, 2.2s
[2026-05-20 21:40:26] [min_adj_15min] [incr] 127/2542 | 1 stocks, 48 rows, +16 new | elapsed=143s ETA=2728s | tokens=279.4
[2026-05-20 21:40:29] [min_adj_15min] [incr] 2026-05-16 ~ 2026-05-21: 48 rows, 1 pages, 9.4s
[2026-05-20 21:40:29] [min_adj_15min] [incr] 128/2542 | 1 stocks, 48 rows, +16 new | elapsed=147s ETA=2768s | tokens=279.3
[2026-05-20 21:40:30] [min_adj_15min] [incr] 2026-05-16 ~ 2026-05-21: 48 rows, 1 pages, 4.9s
[2026-05-20 21:40:30] [min_adj_15min] [incr] 129/2542 | 1 stocks, 48 rows, +16 new | elapsed=147s ETA=2751s | tokens=279.3
[2026-05-20 21:40:30] [min_adj_15min] [incr] 2026-05-16 ~ 2026-05-21: 48 rows, 1 pages, 6.3s
[2026-05-20 21:40:31] [min_adj_15min] [incr] 130/2542 | 1 stocks, 48 rows, +16 new | elapsed=148s ETA=2746s | tokens=279.3
[2026-05-20 21:40:33] [min_adj_15min] [incr] 2026-05-16 ~ 2026-05-21: 48 rows, 1 pages, 7.4s
[2026-05-20 21:40:33] [min_adj_15min] [incr] 131/2542 | 1 stocks, 48 rows, +16 new | elapsed=150s ETA=2768s | tokens=279.3
[2026-05-20 21:40:35] [min_adj_15min] [incr] 2026-05-16 ~ 2026-05-21: 48 rows, 1 pages, 12.0s
[2026-05-20 21:40:35] [min_adj_15min] [incr] 132/2542 | 1 stocks, 48 rows, +16 new | elapsed=153s ETA=2792s | tokens=279.3
[2026-05-20 21:40:36] [min_adj_15min] [incr] 2026-05-16 ~ 2026-05-21: 48 rows, 1 pages, 6.1s
[2026-05-20 21:40:36] [min_adj_15min] [incr] 133/2542 | 1 stocks, 48 rows, +16 new | elapsed=153s ETA=2774s | tokens=279.4
[2026-05-20 21:40:36] [min_adj_15min] [incr] 2026-05-16 ~ 2026-05-21: 48 rows, 1 pages, 9.8s
[2026-05-20 21:40:36] [min_adj_15min] [incr] 134/2542 | 1 stocks, 48 rows, +16 new | elapsed=153s ETA=2755s | tokens=279.0
[2026-05-20 21:40:36] [min_adj_15min] [incr] 2026-05-16 ~ 2026-05-21: 48 rows, 1 pages, 3.2s
[2026-05-20 21:40:36] [min_adj_15min] [incr] 135/2542 | 1 stocks, 48 rows, +16 new | elapsed=154s ETA=2738s | tokens=279.3
[2026-05-20 21:40:37] [min_adj_15min] [incr] 2026-05-16 ~ 2026-05-21: 48 rows, 1 pages, 1.2s
[2026-05-20 21:40:37] [min_adj_15min] [incr] 136/2542 | 1 stocks, 48 rows, +16 new | elapsed=154s ETA=2726s | tokens=279.3
[2026-05-20 21:40:38] [min_adj_15min] [incr] 2026-05-16 ~ 2026-05-21: 48 rows, 1 pages, 9.0s
[2026-05-20 21:40:38] [min_adj_15min] [incr] 137/2542 | 1 stocks, 48 rows, +16 new | elapsed=156s ETA=2736s | tokens=279.4
[2026-05-20 21:40:41] [min_adj_15min] [incr] 2026-05-16 ~ 2026-05-21: 48 rows, 1 pages, 10.1s
[2026-05-20 21:40:41] [min_adj_15min] [incr] 138/2542 | 1 stocks, 48 rows, +16 new | elapsed=158s ETA=2756s | tokens=279.4
[2026-05-20 21:40:41] [min_adj_15min] [incr] 2026-05-16 ~ 2026-05-21: 48 rows, 1 pages, 5.6s
[2026-05-20 21:40:41] [min_adj_15min] [incr] 139/2542 | 1 stocks, 48 rows, +16 new | elapsed=159s ETA=2747s | tokens=279.3
[2026-05-20 21:40:44] [min_adj_15min] [incr] 2026-05-16 ~ 2026-05-21: 48 rows, 1 pages, 8.7s
[2026-05-20 21:40:44] [min_adj_15min] [incr] 2026-05-16 ~ 2026-05-21: 48 rows, 1 pages, 8.3s
[2026-05-20 21:40:44] [min_adj_15min] [incr] 140/2542 | 1 stocks, 48 rows, +16 new | elapsed=162s ETA=2777s | tokens=278.3
[2026-05-20 21:40:45] [min_adj_15min] [incr] 141/2542 | 1 stocks, 48 rows, +16 new | elapsed=162s ETA=2758s | tokens=278.6
[2026-05-20 21:40:45] [min_adj_15min] [incr] 2026-05-16 ~ 2026-05-21: 48 rows, 1 pages, 6.4s
[2026-05-20 21:40:45] [min_adj_15min] [incr] 2026-05-16 ~ 2026-05-21: 48 rows, 1 pages, 4.1s
[2026-05-20 21:40:45] [min_adj_15min] [incr] 142/2542 | 1 stocks, 48 rows, +16 new | elapsed=162s ETA=2742s | tokens=277.9
[2026-05-20 21:40:45] [min_adj_15min] [incr] 143/2542 | 1 stocks, 48 rows, +16 new | elapsed=162s ETA=2723s | tokens=278.2
[2026-05-20 21:40:45] [min_adj_15min] [incr] 2026-05-16 ~ 2026-05-21: 48 rows, 1 pages, 3.7s
[2026-05-20 21:40:45] [min_adj_15min] [incr] 144/2542 | 1 stocks, 48 rows, +16 new | elapsed=163s ETA=2707s | tokens=278.6
[2026-05-20 21:40:45] [min_adj_15min] [incr] 2026-05-16 ~ 2026-05-21: 48 rows, 1 pages, 0.9s
[2026-05-20 21:40:45] [min_adj_15min] [incr] 145/2542 | 1 stocks, 48 rows, +16 new | elapsed=163s ETA=2691s | tokens=278.7
[2026-05-20 21:40:45] [min_adj_15min] [incr] 2026-05-16 ~ 2026-05-21: 48 rows, 1 pages, 1.0s
[2026-05-20 21:40:45] [min_adj_15min] [incr] 146/2542 | 1 stocks, 48 rows, +16 new | elapsed=163s ETA=2673s | tokens=278.0
[2026-05-20 21:40:46] [min_adj_15min] [incr] 2026-05-16 ~ 2026-05-21: 48 rows, 1 pages, 0.9s
[2026-05-20 21:40:46] [min_adj_15min] [incr] 2026-05-16 ~ 2026-05-21: 48 rows, 1 pages, 1.0s
[2026-05-20 21:40:46] [min_adj_15min] [incr] 147/2542 | 1 stocks, 48 rows, +16 new | elapsed=163s ETA=2658s | tokens=278.4
[2026-05-20 21:40:46] [min_adj_15min] [incr] 148/2542 | 1 stocks, 48 rows, +16 new | elapsed=163s ETA=2641s | tokens=277.8
[2026-05-20 21:40:46] [min_adj_15min] [incr] 2026-05-16 ~ 2026-05-21: 48 rows, 1 pages, 1.0s
[2026-05-20 21:40:46] [min_adj_15min] [incr] 2026-05-16 ~ 2026-05-21: 48 rows, 1 pages, 0.8s
[2026-05-20 21:40:46] [min_adj_15min] [incr] 149/2542 | 1 stocks, 48 rows, +16 new | elapsed=164s ETA=2627s | tokens=278.3
[2026-05-20 21:40:46] [min_adj_15min] [incr] 150/2542 | 1 stocks, 48 rows, +16 new | elapsed=164s ETA=2610s | tokens=277.7
[2026-05-20 21:40:52] [min_adj_15min] [incr] 2026-05-16 ~ 2026-05-21: 48 rows, 1 pages, 15.0s
[2026-05-20 21:40:52] [min_adj_15min] [incr] 151/2542 | 1 stocks, 48 rows, +16 new | elapsed=169s ETA=2679s | tokens=279.3
[2026-05-20 21:40:52] [min_adj_15min] [incr] 2026-05-16 ~ 2026-05-21: 48 rows, 1 pages, 6.2s
[2026-05-20 21:40:52] [min_adj_15min] [incr] 152/2542 | 1 stocks, 48 rows, +16 new | elapsed=169s ETA=2664s | tokens=279.3
[2026-05-20 21:40:54] [min_adj_15min] [incr] 2026-05-16 ~ 2026-05-21: 48 rows, 1 pages, 8.7s
[2026-05-20 21:40:54] [min_adj_15min] [incr] 2026-05-16 ~ 2026-05-21: 48 rows, 1 pages, 8.4s
[2026-05-20 21:40:54] [min_adj_15min] [incr] 153/2542 | 1 stocks, 48 rows, +16 new | elapsed=172s ETA=2679s | tokens=278.4
[2026-05-20 21:40:54] [min_adj_15min] [incr] 154/2542 | 1 stocks, 48 rows, +16 new | elapsed=172s ETA=2662s | tokens=278.7
[2026-05-20 21:40:59] [min_adj_15min] [incr] 2026-05-16 ~ 2026-05-21: 48 rows, 1 pages, 12.3s
[2026-05-20 21:40:59] [min_adj_15min] [incr] 155/2542 | 1 stocks, 48 rows, +16 new | elapsed=176s ETA=2711s | tokens=279.4
[2026-05-20 21:40:59] [min_adj_15min] [incr] 2026-05-16 ~ 2026-05-21: 48 rows, 1 pages, 7.2s
[2026-05-20 21:40:59] [min_adj_15min] [incr] 156/2542 | 1 stocks, 48 rows, +16 new | elapsed=176s ETA=2697s | tokens=279.3
[2026-05-20 21:41:00] [min_adj_15min] [incr] 2026-05-16 ~ 2026-05-21: 48 rows, 1 pages, 6.1s
[2026-05-20 21:41:00] [min_adj_15min] [incr] 157/2542 | 1 stocks, 48 rows, +16 new | elapsed=178s ETA=2700s | tokens=279.3
[2026-05-20 21:41:01] [min_adj_15min] [incr] 2026-05-16 ~ 2026-05-21: 48 rows, 1 pages, 7.2s
[2026-05-20 21:41:01] [min_adj_15min] [incr] 158/2542 | 1 stocks, 48 rows, +16 new | elapsed=179s ETA=2698s | tokens=279.3
[2026-05-20 21:41:02] [min_adj_15min] [incr] 2026-05-16 ~ 2026-05-21: 48 rows, 1 pages, 16.1s
[2026-05-20 21:41:02] [min_adj_15min] [incr] 159/2542 | 1 stocks, 48 rows, +16 new | elapsed=180s ETA=2693s | tokens=279.3
[2026-05-20 21:41:06] [min_adj_15min] [incr] 2026-05-16 ~ 2026-05-21: 48 rows, 1 pages, 7.6s
[2026-05-20 21:41:07] [min_adj_15min] [incr] 160/2542 | 1 stocks, 48 rows, +16 new | elapsed=184s ETA=2739s | tokens=279.4
[2026-05-20 21:41:07] [min_adj_15min] [incr] 2026-05-16 ~ 2026-05-21: 48 rows, 1 pages, 15.0s
[2026-05-20 21:41:07] [min_adj_15min] [incr] 161/2542 | 1 stocks, 48 rows, +16 new | elapsed=184s ETA=2727s | tokens=279.3
[2026-05-20 21:41:08] [min_adj_15min] [incr] 2026-05-16 ~ 2026-05-21: 48 rows, 1 pages, 6.5s
[2026-05-20 21:41:08] [min_adj_15min] [incr] 162/2542 | 1 stocks, 48 rows, +16 new | elapsed=185s ETA=2723s | tokens=279.4
[2026-05-20 21:41:08] [min_adj_15min] [incr] 2026-05-16 ~ 2026-05-21: 48 rows, 1 pages, 6.0s
[2026-05-20 21:41:08] [min_adj_15min] [incr] 163/2542 | 1 stocks, 48 rows, +16 new | elapsed=186s ETA=2709s | tokens=279.4
[2026-05-20 21:41:10] [min_adj_15min] [incr] 2026-05-16 ~ 2026-05-21: 48 rows, 1 pages, 9.9s
[2026-05-20 21:41:10] [min_adj_15min] [incr] 164/2542 | 1 stocks, 48 rows, +16 new | elapsed=188s ETA=2720s | tokens=279.3
[2026-05-20 21:41:11] [min_adj_15min] [incr] 2026-05-16 ~ 2026-05-21: 48 rows, 1 pages, 3.7s
[2026-05-20 21:41:11] [min_adj_15min] [incr] 165/2542 | 1 stocks, 48 rows, +16 new | elapsed=188s ETA=2709s | tokens=279.3
[2026-05-20 21:41:11] [min_adj_15min] [incr] 2026-05-16 ~ 2026-05-21: 48 rows, 1 pages, 3.2s
[2026-05-20 21:41:11] [min_adj_15min] [incr] 166/2542 | 1 stocks, 48 rows, +16 new | elapsed=189s ETA=2699s | tokens=279.3
[2026-05-20 21:41:12] [min_adj_15min] [incr] 2026-05-16 ~ 2026-05-21: 48 rows, 1 pages, 5.0s
[2026-05-20 21:41:12] [min_adj_15min] [incr] 167/2542 | 1 stocks, 48 rows, +16 new | elapsed=189s ETA=2688s | tokens=279.4
[2026-05-20 21:41:12] [min_adj_15min] [incr] 2026-05-16 ~ 2026-05-21: 48 rows, 1 pages, 1.6s
[2026-05-20 21:41:12] [min_adj_15min] [incr] 168/2542 | 1 stocks, 48 rows, +16 new | elapsed=189s ETA=2674s | tokens=279.3
[2026-05-20 21:41:15] [min_adj_15min] [incr] 2026-05-16 ~ 2026-05-21: 48 rows, 1 pages, 4.1s
[2026-05-20 21:41:15] [min_adj_15min] [incr] 169/2542 | 1 stocks, 48 rows, +16 new | elapsed=192s ETA=2700s | tokens=279.3
[2026-05-20 21:41:19] [min_adj_15min] [incr] 2026-05-16 ~ 2026-05-21: 48 rows, 1 pages, 7.5s
[2026-05-20 21:41:19] [min_adj_15min] [incr] 170/2542 | 1 stocks, 48 rows, +16 new | elapsed=196s ETA=2737s | tokens=279.3
[2026-05-20 21:41:21] [min_adj_15min] [incr] 2026-05-16 ~ 2026-05-21: 48 rows, 1 pages, 13.0s
[2026-05-20 21:41:21] [min_adj_15min] [incr] 171/2542 | 1 stocks, 48 rows, +16 new | elapsed=199s ETA=2754s | tokens=279.3
[2026-05-20 21:41:25] [min_adj_15min] [incr] 2026-05-16 ~ 2026-05-21: 48 rows, 1 pages, 26.1s
[2026-05-20 21:41:25] [min_adj_15min] [incr] 172/2542 | 1 stocks, 48 rows, +16 new | elapsed=202s ETA=2785s | tokens=279.3
[2026-05-20 21:41:29] [min_adj_15min] [incr] 2026-05-16 ~ 2026-05-21: 48 rows, 1 pages, 17.1s
[2026-05-20 21:41:29] [min_adj_15min] [incr] 2026-05-16 ~ 2026-05-21: 48 rows, 1 pages, 17.0s
[2026-05-20 21:41:29] [min_adj_15min] [incr] 173/2542 | 1 stocks, 48 rows, +16 new | elapsed=206s ETA=2823s | tokens=278.3
[2026-05-20 21:41:29] [min_adj_15min] [incr] 174/2542 | 1 stocks, 48 rows, +16 new | elapsed=206s ETA=2807s | tokens=278.7
[2026-05-20 21:41:29] [min_adj_15min] [incr] 2026-05-16 ~ 2026-05-21: 48 rows, 1 pages, 14.1s
[2026-05-20 21:41:29] [min_adj_15min] [incr] 175/2542 | 1 stocks, 48 rows, +16 new | elapsed=206s ETA=2791s | tokens=278.2
[2026-05-20 21:41:29] [min_adj_15min] [incr] 2026-05-16 ~ 2026-05-21: 48 rows, 1 pages, 10.4s
[2026-05-20 21:41:29] [min_adj_15min] [incr] 176/2542 | 1 stocks, 48 rows, +16 new | elapsed=207s ETA=2776s | tokens=278.0
[2026-05-20 21:41:29] [min_adj_15min] [incr] 2026-05-16 ~ 2026-05-21: 48 rows, 1 pages, 8.1s
[2026-05-20 21:41:29] [min_adj_15min] [incr] 177/2542 | 1 stocks, 48 rows, +16 new | elapsed=207s ETA=2761s | tokens=277.7
[2026-05-20 21:41:30] [min_adj_15min] [incr] 2026-05-16 ~ 2026-05-21: 48 rows, 1 pages, 0.8s
[2026-05-20 21:41:30] [min_adj_15min] [incr] 178/2542 | 1 stocks, 48 rows, +16 new | elapsed=207s ETA=2749s | tokens=278.3
[2026-05-20 21:41:30] [min_adj_15min] [incr] 2026-05-16 ~ 2026-05-21: 48 rows, 1 pages, 1.0s
[2026-05-20 21:41:30] [min_adj_15min] [incr] 179/2542 | 1 stocks, 48 rows, +16 new | elapsed=207s ETA=2738s | tokens=279.2
[2026-05-20 21:41:32] [min_adj_15min] [incr] 2026-05-16 ~ 2026-05-21: 48 rows, 1 pages, 7.7s
[2026-05-20 21:41:32] [min_adj_15min] [incr] 180/2542 | 1 stocks, 48 rows, +16 new | elapsed=210s ETA=2754s | tokens=279.3
[2026-05-20 21:41:33] [min_adj_15min] [incr] 2026-05-16 ~ 2026-05-21: 48 rows, 1 pages, 3.5s
[2026-05-20 21:41:33] [min_adj_15min] [incr] 181/2542 | 1 stocks, 48 rows, +16 new | elapsed=210s ETA=2741s | tokens=279.3
[2026-05-20 21:41:34] [min_adj_15min] [incr] 2026-05-16 ~ 2026-05-21: 48 rows, 1 pages, 5.1s
[2026-05-20 21:41:34] [min_adj_15min] [incr] 182/2542 | 1 stocks, 48 rows, +16 new | elapsed=211s ETA=2739s | tokens=279.3
[2026-05-20 21:41:34] [min_adj_15min] [incr] 2026-05-16 ~ 2026-05-21: 48 rows, 1 pages, 4.1s
[2026-05-20 21:41:34] [min_adj_15min] [incr] 183/2542 | 1 stocks, 48 rows, +16 new | elapsed=212s ETA=2727s | tokens=279.3
[2026-05-20 21:41:34] [min_adj_15min] [incr] 2026-05-16 ~ 2026-05-21: 48 rows, 1 pages, 1.9s
[2026-05-20 21:41:34] [min_adj_15min] [incr] 184/2542 | 1 stocks, 48 rows, +16 new | elapsed=212s ETA=2713s | tokens=279.3
[2026-05-20 21:41:37] [min_adj_15min] [incr] 2026-05-16 ~ 2026-05-21: 48 rows, 1 pages, 7.9s
[2026-05-20 21:41:38] [min_adj_15min] [incr] 185/2542 | 1 stocks, 48 rows, +16 new | elapsed=215s ETA=2739s | tokens=279.3
[2026-05-20 21:41:38] [min_adj_15min] [incr] 2026-05-16 ~ 2026-05-21: 48 rows, 1 pages, 4.1s
[2026-05-20 21:41:38] [min_adj_15min] [incr] 186/2542 | 1 stocks, 48 rows, +16 new | elapsed=215s ETA=2728s | tokens=279.3
[2026-05-20 21:41:38] [min_adj_15min] [incr] 2026-05-16 ~ 2026-05-21: 48 rows, 1 pages, 4.2s
[2026-05-20 21:41:38] [min_adj_15min] [incr] 187/2542 | 1 stocks, 48 rows, +16 new | elapsed=216s ETA=2717s | tokens=279.3
[2026-05-20 21:41:42] [min_adj_15min] [incr] 2026-05-16 ~ 2026-05-21: 48 rows, 1 pages, 9.8s
[2026-05-20 21:41:43] [min_adj_15min] [incr] 188/2542 | 1 stocks, 48 rows, +16 new | elapsed=220s ETA=2754s | tokens=279.4
[2026-05-20 21:41:44] [min_adj_15min] [incr] 2026-05-16 ~ 2026-05-21: 48 rows, 1 pages, 9.4s
[2026-05-20 21:41:44] [min_adj_15min] [incr] 189/2542 | 1 stocks, 48 rows, +16 new | elapsed=221s ETA=2754s | tokens=279.3
[2026-05-20 21:41:44] [min_adj_15min] [incr] 2026-05-16 ~ 2026-05-21: 48 rows, 1 pages, 6.7s
[2026-05-20 21:41:44] [min_adj_15min] [incr] 190/2542 | 1 stocks, 48 rows, +16 new | elapsed=222s ETA=2744s | tokens=279.3
[2026-05-20 21:41:45] [min_adj_15min] [incr] 2026-05-16 ~ 2026-05-21: 48 rows, 1 pages, 6.4s
[2026-05-20 21:41:45] [min_adj_15min] [incr] 191/2542 | 1 stocks, 48 rows, +16 new | elapsed=222s ETA=2735s | tokens=279.4
[2026-05-20 21:41:45] [min_adj_15min] [incr] 2026-05-16 ~ 2026-05-21: 48 rows, 1 pages, 16.4s
[2026-05-20 21:41:45] [min_adj_15min] [incr] 192/2542 | 1 stocks, 48 rows, +16 new | elapsed=223s ETA=2728s | tokens=279.3
[2026-05-20 21:41:46] [min_adj_15min] [incr] 2026-05-16 ~ 2026-05-21: 48 rows, 1 pages, 3.8s
[2026-05-20 21:41:46] [min_adj_15min] [incr] 193/2542 | 1 stocks, 48 rows, +16 new | elapsed=224s ETA=2723s | tokens=279.3
[2026-05-20 21:41:46] [min_adj_15min] [incr] 2026-05-16 ~ 2026-05-21: 48 rows, 1 pages, 2.3s
[2026-05-20 21:41:47] [min_adj_15min] [incr] 194/2542 | 1 stocks, 48 rows, +16 new | elapsed=224s ETA=2711s | tokens=279.4
[2026-05-20 21:41:47] [min_adj_15min] [incr] 2026-05-16 ~ 2026-05-21: 48 rows, 1 pages, 2.0s
[2026-05-20 21:41:47] [min_adj_15min] [incr] 195/2542 | 1 stocks, 48 rows, +16 new | elapsed=224s ETA=2699s | tokens=279.3
[2026-05-20 21:41:47] [min_adj_15min] [incr] 2026-05-16 ~ 2026-05-21: 48 rows, 1 pages, 1.5s
[2026-05-20 21:41:47] [min_adj_15min] [incr] 196/2542 | 1 stocks, 48 rows, +16 new | elapsed=224s ETA=2686s | tokens=279.3
[2026-05-20 21:41:47] [min_adj_15min] [incr] 2026-05-16 ~ 2026-05-21: 48 rows, 1 pages, 0.9s
[2026-05-20 21:41:47] [min_adj_15min] [incr] 197/2542 | 1 stocks, 48 rows, +16 new | elapsed=225s ETA=2674s | tokens=279.2
[2026-05-20 21:41:47] [min_adj_15min] [incr] 2026-05-16 ~ 2026-05-21: 48 rows, 1 pages, 0.9s
[2026-05-20 21:41:48] [min_adj_15min] [incr] 198/2542 | 1 stocks, 48 rows, +16 new | elapsed=225s ETA=2663s | tokens=279.3
[2026-05-20 21:41:49] [min_adj_15min] [incr] 2026-05-16 ~ 2026-05-21: 48 rows, 1 pages, 11.4s
[2026-05-20 21:41:49] [min_adj_15min] [incr] 199/2542 | 1 stocks, 48 rows, +16 new | elapsed=227s ETA=2670s | tokens=279.3
[2026-05-20 21:41:49] [min_adj_15min] [incr] 2026-05-16 ~ 2026-05-21: 48 rows, 1 pages, 2.7s
[2026-05-20 21:41:49] [min_adj_15min] [incr] 200/2542 | 1 stocks, 48 rows, +16 new | elapsed=227s ETA=2657s | tokens=278.8
[2026-05-20 21:41:50] [min_adj_15min] [incr] 2026-05-16 ~ 2026-05-21: 48 rows, 1 pages, 2.6s
[2026-05-20 21:41:50] [min_adj_15min] [incr] 201/2542 | 1 stocks, 48 rows, +16 new | elapsed=227s ETA=2644s | tokens=278.5
[2026-05-20 21:41:50] [min_adj_15min] [incr] 2026-05-16 ~ 2026-05-21: 48 rows, 1 pages, 2.9s
[2026-05-20 21:41:50] [min_adj_15min] [incr] 202/2542 | 1 stocks, 48 rows, +16 new | elapsed=227s ETA=2635s | tokens=279.3
[2026-05-20 21:41:50] [min_adj_15min] [incr] 2026-05-16 ~ 2026-05-21: 48 rows, 1 pages, 2.7s
[2026-05-20 21:41:50] [min_adj_15min] [incr] 203/2542 | 1 stocks, 48 rows, +16 new | elapsed=228s ETA=2624s | tokens=279.3
[2026-05-20 21:41:54] [min_adj_15min] [incr] 2026-05-16 ~ 2026-05-21: 48 rows, 1 pages, 10.4s
[2026-05-20 21:41:54] [min_adj_15min] [incr] 204/2542 | 1 stocks, 48 rows, +16 new | elapsed=232s ETA=2654s | tokens=279.3
[2026-05-20 21:41:54] [min_adj_15min] [incr] 2026-05-16 ~ 2026-05-21: 48 rows, 1 pages, 4.7s
[2026-05-20 21:41:54] [min_adj_15min] [incr] 205/2542 | 1 stocks, 48 rows, +16 new | elapsed=232s ETA=2643s | tokens=279.3
[2026-05-20 21:41:55] [min_adj_15min] [incr] 2026-05-16 ~ 2026-05-21: 48 rows, 1 pages, 5.9s
[2026-05-20 21:41:55] [min_adj_15min] [incr] 206/2542 | 1 stocks, 48 rows, +16 new | elapsed=233s ETA=2640s | tokens=279.3
[2026-05-20 21:41:56] [min_adj_15min] [incr] 2026-05-16 ~ 2026-05-21: 48 rows, 1 pages, 5.4s
[2026-05-20 21:41:56] [min_adj_15min] [incr] 207/2542 | 1 stocks, 48 rows, +16 new | elapsed=233s ETA=2630s | tokens=279.3
[2026-05-20 21:41:56] [min_adj_15min] [incr] 2026-05-16 ~ 2026-05-21: 48 rows, 1 pages, 1.7s
[2026-05-20 21:41:56] [min_adj_15min] [incr] 208/2542 | 1 stocks, 48 rows, +16 new | elapsed=233s ETA=2618s | tokens=279.3
[2026-05-20 21:41:58] [min_adj_15min] [incr] 2026-05-16 ~ 2026-05-21: 48 rows, 1 pages, 8.7s
[2026-05-20 21:41:58] [min_adj_15min] [incr] 209/2542 | 1 stocks, 48 rows, +16 new | elapsed=235s ETA=2629s | tokens=279.3
[2026-05-20 21:42:00] [min_adj_15min] [incr] 2026-05-16 ~ 2026-05-21: 48 rows, 1 pages, 5.8s
[2026-05-20 21:42:00] [min_adj_15min] [incr] 210/2542 | 1 stocks, 48 rows, +16 new | elapsed=238s ETA=2639s | tokens=279.3
[2026-05-20 21:42:01] [min_adj_15min] [incr] 2026-05-16 ~ 2026-05-21: 48 rows, 1 pages, 4.9s
[2026-05-20 21:42:01] [min_adj_15min] [incr] 211/2542 | 1 stocks, 48 rows, +16 new | elapsed=238s ETA=2630s | tokens=279.3
[2026-05-20 21:42:03] [min_adj_15min] [incr] 2026-05-16 ~ 2026-05-21: 48 rows, 1 pages, 12.9s
[2026-05-20 21:42:03] [min_adj_15min] [incr] 2026-05-16 ~ 2026-05-21: 48 rows, 1 pages, 7.6s
[2026-05-20 21:42:03] [min_adj_15min] [incr] 212/2542 | 1 stocks, 48 rows, +16 new | elapsed=240s ETA=2642s | tokens=278.4
[2026-05-20 21:42:03] [min_adj_15min] [incr] 213/2542 | 1 stocks, 48 rows, +16 new | elapsed=240s ETA=2630s | tokens=278.7
[2026-05-20 21:42:03] [min_adj_15min] [incr] 2026-05-16 ~ 2026-05-21: 48 rows, 1 pages, 5.1s
[2026-05-20 21:42:03] [min_adj_15min] [incr] 2026-05-16 ~ 2026-05-21: 48 rows, 1 pages, 3.0s
[2026-05-20 21:42:03] [min_adj_15min] [incr] 214/2542 | 1 stocks, 48 rows, +16 new | elapsed=241s ETA=2618s | tokens=277.4
[2026-05-20 21:42:03] [min_adj_15min] [incr] 215/2542 | 1 stocks, 48 rows, +16 new | elapsed=241s ETA=2605s | tokens=277.7
[2026-05-20 21:42:03] [min_adj_15min] [incr] 2026-05-16 ~ 2026-05-21: 48 rows, 1 pages, 2.9s
[2026-05-20 21:42:04] [min_adj_15min] [incr] 216/2542 | 1 stocks, 48 rows, +16 new | elapsed=241s ETA=2595s | tokens=277.9
[2026-05-20 21:42:07] [min_adj_15min] [incr] 2026-05-16 ~ 2026-05-21: 48 rows, 1 pages, 10.9s
[2026-05-20 21:42:07] [min_adj_15min] [incr] 217/2542 | 1 stocks, 48 rows, +16 new | elapsed=244s ETA=2618s | tokens=279.3
[2026-05-20 21:42:11] [min_adj_15min] [incr] 2026-05-16 ~ 2026-05-21: 48 rows, 1 pages, 7.9s
[2026-05-20 21:42:11] [min_adj_15min] [incr] 218/2542 | 1 stocks, 48 rows, +16 new | elapsed=248s ETA=2648s | tokens=279.3
[2026-05-20 21:42:11] [min_adj_15min] [incr] 2026-05-16 ~ 2026-05-21: 48 rows, 1 pages, 7.9s
[2026-05-20 21:42:11] [min_adj_15min] [incr] 219/2542 | 1 stocks, 48 rows, +16 new | elapsed=249s ETA=2637s | tokens=279.3
[2026-05-20 21:42:17] [min_adj_15min] [incr] 2026-05-16 ~ 2026-05-21: 48 rows, 1 pages, 13.8s
[2026-05-20 21:42:17] [min_adj_15min] [incr] 220/2542 | 1 stocks, 48 rows, +16 new | elapsed=255s ETA=2690s | tokens=279.3
[2026-05-20 21:42:18] [min_adj_15min] [incr] 2026-05-16 ~ 2026-05-21: 48 rows, 1 pages, 10.9s
[2026-05-20 21:42:18] [min_adj_15min] [incr] 221/2542 | 1 stocks, 48 rows, +16 new | elapsed=255s ETA=2681s | tokens=279.3
[2026-05-20 21:42:20] [min_adj_15min] [incr] 2026-05-16 ~ 2026-05-21: 48 rows, 1 pages, 9.4s
[2026-05-20 21:42:20] [min_adj_15min] [incr] 222/2542 | 1 stocks, 48 rows, +16 new | elapsed=258s ETA=2694s | tokens=279.3
[2026-05-20 21:42:21] [min_adj_15min] [incr] 2026-05-16 ~ 2026-05-21: 48 rows, 1 pages, 9.5s
[2026-05-20 21:42:21] [min_adj_15min] [incr] 223/2542 | 1 stocks, 48 rows, +16 new | elapsed=258s ETA=2684s | tokens=279.3
[2026-05-20 21:42:23] [min_adj_15min] [incr] 2026-05-16 ~ 2026-05-21: 48 rows, 1 pages, 20.1s
[2026-05-20 21:42:23] [min_adj_15min] [incr] 2026-05-16 ~ 2026-05-21: 48 rows, 1 pages, 19.9s
[2026-05-20 21:42:23] [min_adj_15min] [incr] 224/2542 | 1 stocks, 48 rows, +16 new | elapsed=261s ETA=2697s | tokens=278.4
[2026-05-20 21:42:23] [min_adj_15min] [incr] 225/2542 | 1 stocks, 48 rows, +16 new | elapsed=261s ETA=2684s | tokens=278.7
[2026-05-20 21:42:23] [min_adj_15min] [incr] 2026-05-16 ~ 2026-05-21: 48 rows, 1 pages, 3.1s
[2026-05-20 21:42:23] [min_adj_15min] [incr] 2026-05-16 ~ 2026-05-21: 48 rows, 1 pages, 6.0s
[2026-05-20 21:42:23] [min_adj_15min] [incr] 226/2542 | 1 stocks, 48 rows, +16 new | elapsed=261s ETA=2673s | tokens=277.6
[2026-05-20 21:42:23] [min_adj_15min] [incr] 227/2542 | 1 stocks, 48 rows, +16 new | elapsed=261s ETA=2661s | tokens=277.9
[2026-05-20 21:42:25] [min_adj_15min] [incr] 2026-05-16 ~ 2026-05-21: 48 rows, 1 pages, 1.6s
[2026-05-20 21:42:25] [min_adj_15min] [incr] 2026-05-16 ~ 2026-05-21: 48 rows, 1 pages, 4.1s
[2026-05-20 21:42:25] [min_adj_15min] [incr] 228/2542 | 1 stocks, 48 rows, +16 new | elapsed=262s ETA=2662s | tokens=278.3
[2026-05-20 21:42:25] [min_adj_15min] [incr] 229/2542 | 1 stocks, 48 rows, +16 new | elapsed=262s ETA=2649s | tokens=278.6
[2026-05-20 21:42:27] [min_adj_15min] [incr] 2026-05-16 ~ 2026-05-21: 48 rows, 1 pages, 9.2s
[2026-05-20 21:42:27] [min_adj_15min] [incr] 230/2542 | 1 stocks, 48 rows, +16 new | elapsed=264s ETA=2659s | tokens=279.3
[2026-05-20 21:42:31] [min_adj_15min] [incr] 2026-05-16 ~ 2026-05-21: 48 rows, 1 pages, 7.3s
[2026-05-20 21:42:31] [min_adj_15min] [incr] 2026-05-16 ~ 2026-05-21: 48 rows, 1 pages, 7.5s
[2026-05-20 21:42:31] [min_adj_15min] [incr] 231/2542 | 1 stocks, 48 rows, +16 new | elapsed=268s ETA=2683s | tokens=278.3
[2026-05-20 21:42:31] [min_adj_15min] [incr] 232/2542 | 1 stocks, 48 rows, +16 new | elapsed=268s ETA=2671s | tokens=278.7
[2026-05-20 21:42:33] [min_adj_15min] [incr] 2026-05-16 ~ 2026-05-21: 48 rows, 1 pages, 9.8s
[2026-05-20 21:42:33] [min_adj_15min] [incr] 233/2542 | 1 stocks, 48 rows, +16 new | elapsed=271s ETA=2683s | tokens=279.4
[2026-05-20 21:42:37] [min_adj_15min] [incr] 2026-05-16 ~ 2026-05-21: 48 rows, 1 pages, 12.5s
[2026-05-20 21:42:37] [min_adj_15min] [incr] 2026-05-16 ~ 2026-05-21: 48 rows, 1 pages, 12.5s
[2026-05-20 21:42:37] [min_adj_15min] [incr] 234/2542 | 1 stocks, 48 rows, +16 new | elapsed=275s ETA=2710s | tokens=278.4
[2026-05-20 21:42:37] [min_adj_15min] [incr] 235/2542 | 1 stocks, 48 rows, +16 new | elapsed=275s ETA=2698s | tokens=278.8
[2026-05-20 21:42:41] [min_adj_15min] [incr] 2026-05-16 ~ 2026-05-21: 48 rows, 1 pages, 10.8s
[2026-05-20 21:42:42] [min_adj_15min] [incr] 2026-05-16 ~ 2026-05-21: 48 rows, 1 pages, 10.9s
[2026-05-20 21:42:42] [min_adj_15min] [incr] 236/2542 | 1 stocks, 48 rows, +16 new | elapsed=279s ETA=2726s | tokens=278.3
[2026-05-20 21:42:42] [min_adj_15min] [incr] 237/2542 | 1 stocks, 48 rows, +16 new | elapsed=279s ETA=2714s | tokens=278.7
[2026-05-20 21:42:49] [min_adj_15min] [incr] 2026-05-16 ~ 2026-05-21: 48 rows, 1 pages, 15.8s
[2026-05-20 21:42:49] [min_adj_15min] [incr] 238/2542 | 1 stocks, 48 rows, +16 new | elapsed=287s ETA=2774s | tokens=279.4
[2026-05-20 21:42:51] [min_adj_15min] [incr] 2026-05-16 ~ 2026-05-21: 48 rows, 1 pages, 14.0s
[2026-05-20 21:42:51] [min_adj_15min] [incr] 239/2542 | 1 stocks, 48 rows, +16 new | elapsed=289s ETA=2783s | tokens=279.4
[2026-05-20 21:42:54] [min_adj_15min] [incr] 2026-05-16 ~ 2026-05-21: 48 rows, 1 pages, 26.9s
[2026-05-20 21:42:54] [min_adj_15min] [incr] 2026-05-16 ~ 2026-05-21: 48 rows, 1 pages, 16.6s
[2026-05-20 21:42:54] [min_adj_15min] [incr] 240/2542 | 1 stocks, 48 rows, +16 new | elapsed=291s ETA=2795s | tokens=278.3
[2026-05-20 21:42:54] [min_adj_15min] [incr] 241/2542 | 1 stocks, 48 rows, +16 new | elapsed=291s ETA=2783s | tokens=278.7
[2026-05-20 21:42:58] [min_adj_15min] [incr] 2026-05-16 ~ 2026-05-21: 48 rows, 1 pages, 16.8s
[2026-05-20 21:42:58] [min_adj_15min] [incr] 2026-05-16 ~ 2026-05-21: 48 rows, 1 pages, 16.8s
[2026-05-20 21:42:58] [min_adj_15min] [incr] 242/2542 | 1 stocks, 48 rows, +16 new | elapsed=296s ETA=2812s | tokens=278.3
[2026-05-20 21:42:59] [min_adj_15min] [incr] 243/2542 | 1 stocks, 48 rows, +16 new | elapsed=296s ETA=2800s | tokens=278.6
[2026-05-20 21:42:59] [min_adj_15min] [incr] 2026-05-16 ~ 2026-05-21: 48 rows, 1 pages, 5.0s
[2026-05-20 21:42:59] [min_adj_15min] [incr] 2026-05-16 ~ 2026-05-21: 48 rows, 1 pages, 7.6s
[2026-05-20 21:42:59] [min_adj_15min] [incr] 244/2542 | 1 stocks, 48 rows, +16 new | elapsed=296s ETA=2792s | tokens=278.3
[2026-05-20 21:42:59] [min_adj_15min] [incr] 245/2542 | 1 stocks, 48 rows, +16 new | elapsed=296s ETA=2780s | tokens=278.7
[2026-05-20 21:43:01] [min_adj_15min] [incr] 2026-05-16 ~ 2026-05-21: 48 rows, 1 pages, 12.4s
[2026-05-20 21:43:02] [min_adj_15min] [incr] 246/2542 | 1 stocks, 48 rows, +16 new | elapsed=299s ETA=2790s | tokens=279.4
[2026-05-20 21:43:06] [min_adj_15min] [incr] 2026-05-16 ~ 2026-05-21: 48 rows, 1 pages, 7.6s
[2026-05-20 21:43:06] [min_adj_15min] [incr] 2026-05-16 ~ 2026-05-21: 48 rows, 1 pages, 12.1s
[2026-05-20 21:43:06] [min_adj_15min] [incr] 247/2542 | 1 stocks, 48 rows, +16 new | elapsed=304s ETA=2820s | tokens=278.4
[2026-05-20 21:43:06] [min_adj_15min] [incr] 248/2542 | 1 stocks, 48 rows, +16 new | elapsed=304s ETA=2809s | tokens=278.7
[2026-05-20 21:43:06] [min_adj_15min] [incr] 2026-05-16 ~ 2026-05-21: 48 rows, 1 pages, 7.4s
[2026-05-20 21:43:06] [min_adj_15min] [incr] 2026-05-16 ~ 2026-05-21: 48 rows, 1 pages, 7.4s
[2026-05-20 21:43:06] [min_adj_15min] [incr] 249/2542 | 1 stocks, 48 rows, +16 new | elapsed=304s ETA=2798s | tokens=277.5
[2026-05-20 21:43:06] [min_adj_15min] [incr] 250/2542 | 1 stocks, 48 rows, +16 new | elapsed=304s ETA=2786s | tokens=277.8
[2026-05-20 21:43:07] [min_adj_15min] [incr] 2026-05-16 ~ 2026-05-21: 48 rows, 1 pages, 8.6s
[2026-05-20 21:43:07] [min_adj_15min] [incr] 251/2542 | 1 stocks, 48 rows, +16 new | elapsed=305s ETA=2779s | tokens=279.4
[2026-05-20 21:43:07] [min_adj_15min] [incr] 2026-05-16 ~ 2026-05-21: 48 rows, 1 pages, 1.2s
[2026-05-20 21:43:07] [min_adj_15min] [incr] 252/2542 | 1 stocks, 48 rows, +16 new | elapsed=305s ETA=2770s | tokens=279.3
[2026-05-20 21:43:10] [min_adj_15min] [incr] 2026-05-16 ~ 2026-05-21: 48 rows, 1 pages, 8.1s
[2026-05-20 21:43:10] [min_adj_15min] [incr] 253/2542 | 1 stocks, 48 rows, +16 new | elapsed=307s ETA=2778s | tokens=279.3
[2026-05-20 21:43:10] [min_adj_15min] [incr] 2026-05-16 ~ 2026-05-21: 48 rows, 1 pages, 3.8s
[2026-05-20 21:43:10] [min_adj_15min] [incr] 254/2542 | 1 stocks, 48 rows, +16 new | elapsed=308s ETA=2771s | tokens=279.4
[2026-05-20 21:43:11] [min_adj_15min] [incr] 2026-05-16 ~ 2026-05-21: 48 rows, 1 pages, 4.5s
[2026-05-20 21:43:11] [min_adj_15min] [incr] 255/2542 | 1 stocks, 48 rows, +16 new | elapsed=308s ETA=2765s | tokens=279.3
[2026-05-20 21:43:11] [min_adj_15min] [incr] 2026-05-16 ~ 2026-05-21: 48 rows, 1 pages, 3.7s
[2026-05-20 21:43:11] [min_adj_15min] [incr] 256/2542 | 1 stocks, 48 rows, +16 new | elapsed=308s ETA=2755s | tokens=279.2
[2026-05-20 21:43:15] [min_adj_15min] [incr] 2026-05-16 ~ 2026-05-21: 48 rows, 1 pages, 8.5s
[2026-05-20 21:43:15] [min_adj_15min] [incr] 257/2542 | 1 stocks, 48 rows, +16 new | elapsed=312s ETA=2774s | tokens=279.3
[2026-05-20 21:43:15] [min_adj_15min] [incr] 2026-05-16 ~ 2026-05-21: 48 rows, 1 pages, 8.0s
[2026-05-20 21:43:15] [min_adj_15min] [incr] 258/2542 | 1 stocks, 48 rows, +16 new | elapsed=312s ETA=2766s | tokens=279.3
[2026-05-20 21:43:18] [min_adj_15min] [incr] 2026-05-16 ~ 2026-05-21: 48 rows, 1 pages, 6.8s
[2026-05-20 21:43:18] [min_adj_15min] [incr] 259/2542 | 1 stocks, 48 rows, +16 new | elapsed=315s ETA=2778s | tokens=279.4
[2026-05-20 21:43:18] [min_adj_15min] [incr] 2026-05-16 ~ 2026-05-21: 48 rows, 1 pages, 7.0s
[2026-05-20 21:43:18] [min_adj_15min] [incr] 260/2542 | 1 stocks, 48 rows, +16 new | elapsed=315s ETA=2769s | tokens=279.3
[2026-05-20 21:43:21] [min_adj_15min] [incr] 2026-05-16 ~ 2026-05-21: 48 rows, 1 pages, 6.8s
[2026-05-20 21:43:21] [min_adj_15min] [incr] 261/2542 | 1 stocks, 48 rows, +16 new | elapsed=319s ETA=2787s | tokens=279.3
[2026-05-20 21:43:21] [min_adj_15min] [incr] 2026-05-16 ~ 2026-05-21: 48 rows, 1 pages, 11.9s
[2026-05-20 21:43:22] [min_adj_15min] [incr] 262/2542 | 1 stocks, 48 rows, +16 new | elapsed=319s ETA=2776s | tokens=279.0
[2026-05-20 21:43:25] [min_adj_15min] [incr] 2026-05-16 ~ 2026-05-21: 48 rows, 1 pages, 14.7s
[2026-05-20 21:43:25] [min_adj_15min] [incr] 263/2542 | 1 stocks, 48 rows, +16 new | elapsed=322s ETA=2793s | tokens=279.3
[2026-05-20 21:43:26] [min_adj_15min] [incr] 2026-05-16 ~ 2026-05-21: 48 rows, 1 pages, 7.6s
[2026-05-20 21:43:26] [min_adj_15min] [incr] 264/2542 | 1 stocks, 48 rows, +16 new | elapsed=323s ETA=2788s | tokens=279.3
[2026-05-20 21:43:26] [min_adj_15min] [incr] 2026-05-16 ~ 2026-05-21: 48 rows, 1 pages, 11.0s
[2026-05-20 21:43:26] [min_adj_15min] [incr] 265/2542 | 1 stocks, 48 rows, +16 new | elapsed=324s ETA=2780s | tokens=279.4
[2026-05-20 21:43:29] [min_adj_15min] [incr] 2026-05-16 ~ 2026-05-21: 48 rows, 1 pages, 7.4s
[2026-05-20 21:43:29] [min_adj_15min] [incr] 266/2542 | 1 stocks, 48 rows, +16 new | elapsed=326s ETA=2793s | tokens=279.4
[2026-05-20 21:43:30] [min_adj_15min] [incr] 2026-05-16 ~ 2026-05-21: 48 rows, 1 pages, 12.2s
[2026-05-20 21:43:30] [min_adj_15min] [incr] 267/2542 | 1 stocks, 48 rows, +16 new | elapsed=327s ETA=2790s | tokens=279.3
[2026-05-20 21:43:31] [min_adj_15min] [incr] 2026-05-16 ~ 2026-05-21: 48 rows, 1 pages, 9.5s
[2026-05-20 21:43:31] [min_adj_15min] [incr] 268/2542 | 1 stocks, 48 rows, +16 new | elapsed=328s ETA=2786s | tokens=279.3
[2026-05-20 21:43:31] [min_adj_15min] [incr] 2026-05-16 ~ 2026-05-21: 48 rows, 1 pages, 6.4s
[2026-05-20 21:43:31] [min_adj_15min] [incr] 2026-05-16 ~ 2026-05-21: 48 rows, 1 pages, 5.1s
[2026-05-20 21:43:31] [min_adj_15min] [incr] 269/2542 | 1 stocks, 48 rows, +16 new | elapsed=329s ETA=2777s | tokens=278.3
[2026-05-20 21:43:31] [min_adj_15min] [incr] 270/2542 | 1 stocks, 48 rows, +16 new | elapsed=329s ETA=2767s | tokens=278.7
[2026-05-20 21:43:31] [min_adj_15min] [incr] 2026-05-16 ~ 2026-05-21: 48 rows, 1 pages, 2.5s
[2026-05-20 21:43:31] [min_adj_15min] [incr] 2026-05-16 ~ 2026-05-21: 48 rows, 1 pages, 1.5s
[2026-05-20 21:43:32] [min_adj_15min] [incr] 271/2542 | 1 stocks, 48 rows, +16 new | elapsed=329s ETA=2758s | tokens=278.1
[2026-05-20 21:43:32] [min_adj_15min] [incr] 272/2542 | 1 stocks, 48 rows, +16 new | elapsed=329s ETA=2747s | tokens=278.4
[2026-05-20 21:43:32] [min_adj_15min] [incr] 2026-05-16 ~ 2026-05-21: 48 rows, 1 pages, 6.8s
[2026-05-20 21:43:33] [min_adj_15min] [incr] 273/2542 | 1 stocks, 48 rows, +16 new | elapsed=330s ETA=2742s | tokens=279.3
[2026-05-20 21:43:34] [min_adj_15min] [incr] 2026-05-16 ~ 2026-05-21: 48 rows, 1 pages, 2.7s
[2026-05-20 21:43:34] [min_adj_15min] [incr] 274/2542 | 1 stocks, 48 rows, +16 new | elapsed=331s ETA=2744s | tokens=279.4
[2026-05-20 21:43:37] [min_adj_15min] [incr] 2026-05-16 ~ 2026-05-21: 48 rows, 1 pages, 6.7s
[2026-05-20 21:43:38] [min_adj_15min] [incr] 2026-05-16 ~ 2026-05-21: 48 rows, 1 pages, 6.3s
[2026-05-20 21:43:38] [min_adj_15min] [incr] 275/2542 | 1 stocks, 48 rows, +16 new | elapsed=335s ETA=2762s | tokens=278.4
[2026-05-20 21:43:38] [min_adj_15min] [incr] 276/2542 | 1 stocks, 48 rows, +16 new | elapsed=335s ETA=2751s | tokens=278.7
[2026-05-20 21:43:38] [min_adj_15min] [incr] 2026-05-16 ~ 2026-05-21: 48 rows, 1 pages, 6.4s
[2026-05-20 21:43:38] [min_adj_15min] [incr] 277/2542 | 1 stocks, 48 rows, +16 new | elapsed=335s ETA=2742s | tokens=278.8
[2026-05-20 21:43:39] [min_adj_15min] [incr] 2026-05-16 ~ 2026-05-21: 48 rows, 1 pages, 6.2s
[2026-05-20 21:43:39] [min_adj_15min] [incr] 278/2542 | 1 stocks, 48 rows, +16 new | elapsed=336s ETA=2738s | tokens=279.3
[2026-05-20 21:43:39] [min_adj_15min] [incr] 2026-05-16 ~ 2026-05-21: 48 rows, 1 pages, 1.5s
[2026-05-20 21:43:39] [min_adj_15min] [incr] 279/2542 | 1 stocks, 48 rows, +16 new | elapsed=336s ETA=2729s | tokens=279.3
[2026-05-20 21:43:39] [min_adj_15min] [incr] 2026-05-16 ~ 2026-05-21: 48 rows, 1 pages, 5.3s
[2026-05-20 21:43:39] [min_adj_15min] [incr] 280/2542 | 1 stocks, 48 rows, +16 new | elapsed=337s ETA=2720s | tokens=279.3
[2026-05-20 21:43:40] [min_adj_15min] [incr] 2026-05-16 ~ 2026-05-21: 48 rows, 1 pages, 2.1s
[2026-05-20 21:43:40] [min_adj_15min] [incr] 281/2542 | 1 stocks, 48 rows, +16 new | elapsed=337s ETA=2713s | tokens=279.3
[2026-05-20 21:43:41] [min_adj_15min] [incr] 2026-05-16 ~ 2026-05-21: 48 rows, 1 pages, 2.4s
[2026-05-20 21:43:41] [min_adj_15min] [incr] 282/2542 | 1 stocks, 48 rows, +16 new | elapsed=339s ETA=2714s | tokens=279.4
[2026-05-20 21:43:45] [min_adj_15min] [incr] 2026-05-16 ~ 2026-05-21: 48 rows, 1 pages, 5.7s
[2026-05-20 21:43:45] [min_adj_15min] [incr] 283/2542 | 1 stocks, 48 rows, +16 new | elapsed=342s ETA=2732s | tokens=279.4
[2026-05-20 21:43:45] [min_adj_15min] [incr] 2026-05-16 ~ 2026-05-21: 48 rows, 1 pages, 5.9s
[2026-05-20 21:43:45] [min_adj_15min] [incr] 284/2542 | 1 stocks, 48 rows, +16 new | elapsed=343s ETA=2724s | tokens=279.3
[2026-05-20 21:43:46] [min_adj_15min] [incr] 2026-05-16 ~ 2026-05-21: 48 rows, 1 pages, 6.0s
[2026-05-20 21:43:46] [min_adj_15min] [incr] 2026-05-16 ~ 2026-05-21: 48 rows, 1 pages, 7.9s
[2026-05-20 21:43:46] [min_adj_15min] [incr] 285/2542 | 1 stocks, 48 rows, +16 new | elapsed=343s ETA=2718s | tokens=278.4
[2026-05-20 21:43:46] [min_adj_15min] [incr] 286/2542 | 1 stocks, 48 rows, +16 new | elapsed=343s ETA=2708s | tokens=278.7
[2026-05-20 21:43:47] [min_adj_15min] [incr] 2026-05-16 ~ 2026-05-21: 48 rows, 1 pages, 2.6s
[2026-05-20 21:43:47] [min_adj_15min] [incr] 287/2542 | 1 stocks, 48 rows, +16 new | elapsed=345s ETA=2709s | tokens=279.3
[2026-05-20 21:43:48] [min_adj_15min] [incr] 2026-05-16 ~ 2026-05-21: 48 rows, 1 pages, 2.4s
[2026-05-20 21:43:48] [min_adj_15min] [incr] 288/2542 | 1 stocks, 48 rows, +16 new | elapsed=345s ETA=2700s | tokens=279.3
[2026-05-20 21:43:48] [min_adj_15min] [incr] 2026-05-16 ~ 2026-05-21: 48 rows, 1 pages, 2.1s
[2026-05-20 21:43:48] [min_adj_15min] [incr] 289/2542 | 1 stocks, 48 rows, +16 new | elapsed=345s ETA=2691s | tokens=279.3
[2026-05-20 21:43:48] [min_adj_15min] [incr] 2026-05-16 ~ 2026-05-21: 48 rows, 1 pages, 17.0s
[2026-05-20 21:43:49] [min_adj_15min] [incr] 290/2542 | 1 stocks, 48 rows, +16 new | elapsed=346s ETA=2686s | tokens=279.3
[2026-05-20 21:43:49] [min_adj_15min] [incr] 2026-05-16 ~ 2026-05-21: 48 rows, 1 pages, 1.4s
[2026-05-20 21:43:49] [min_adj_15min] [incr] 291/2542 | 1 stocks, 48 rows, +16 new | elapsed=346s ETA=2678s | tokens=279.3
[2026-05-20 21:43:49] [min_adj_15min] [incr] 2026-05-16 ~ 2026-05-21: 48 rows, 1 pages, 1.7s
[2026-05-20 21:43:49] [min_adj_15min] [incr] 292/2542 | 1 stocks, 48 rows, +16 new | elapsed=347s ETA=2672s | tokens=279.3
[2026-05-20 21:43:50] [min_adj_15min] [incr] 2026-05-16 ~ 2026-05-21: 48 rows, 1 pages, 2.0s
[2026-05-20 21:43:50] [min_adj_15min] [incr] 293/2542 | 1 stocks, 48 rows, +16 new | elapsed=347s ETA=2666s | tokens=279.3
[2026-05-20 21:43:50] [min_adj_15min] [incr] 2026-05-16 ~ 2026-05-21: 48 rows, 1 pages, 1.7s
[2026-05-20 21:43:50] [min_adj_15min] [incr] 294/2542 | 1 stocks, 48 rows, +16 new | elapsed=348s ETA=2659s | tokens=279.3
[2026-05-20 21:43:51] [min_adj_15min] [incr] 2026-05-16 ~ 2026-05-21: 48 rows, 1 pages, 2.3s
[2026-05-20 21:43:51] [min_adj_15min] [incr] 295/2542 | 1 stocks, 48 rows, +16 new | elapsed=349s ETA=2655s | tokens=279.4
[2026-05-20 21:43:51] [min_adj_15min] [incr] 2026-05-16 ~ 2026-05-21: 48 rows, 1 pages, 2.2s
[2026-05-20 21:43:51] [min_adj_15min] [incr] 296/2542 | 1 stocks, 48 rows, +16 new | elapsed=349s ETA=2647s | tokens=279.3
[2026-05-20 21:43:52] [min_adj_15min] [incr] 2026-05-16 ~ 2026-05-21: 48 rows, 1 pages, 1.9s
[2026-05-20 21:43:52] [min_adj_15min] [incr] 297/2542 | 1 stocks, 48 rows, +16 new | elapsed=349s ETA=2640s | tokens=279.3
[2026-05-20 21:43:53] [min_adj_15min] [incr] 2026-05-16 ~ 2026-05-21: 48 rows, 1 pages, 6.8s
[2026-05-20 21:43:53] [min_adj_15min] [incr] 298/2542 | 1 stocks, 48 rows, +16 new | elapsed=350s ETA=2636s | tokens=279.3
[2026-05-20 21:43:53] [min_adj_15min] [incr] 2026-05-16 ~ 2026-05-21: 48 rows, 1 pages, 1.8s
[2026-05-20 21:43:53] [min_adj_15min] [incr] 299/2542 | 1 stocks, 48 rows, +16 new | elapsed=350s ETA=2628s | tokens=279.3
[2026-05-20 21:43:56] [min_adj_15min] [incr] 2026-05-16 ~ 2026-05-21: 48 rows, 1 pages, 5.8s
[2026-05-20 21:43:56] [min_adj_15min] [incr] 300/2542 | 1 stocks, 48 rows, +16 new | elapsed=354s ETA=2642s | tokens=279.3
[2026-05-20 21:43:56] [min_adj_15min] [incr] 2026-05-16 ~ 2026-05-21: 48 rows, 1 pages, 4.7s
[2026-05-20 21:43:57] [min_adj_15min] [incr] 301/2542 | 1 stocks, 48 rows, +16 new | elapsed=354s ETA=2635s | tokens=279.3
[2026-05-20 21:43:57] [min_adj_15min] [incr] 2026-05-16 ~ 2026-05-21: 48 rows, 1 pages, 5.6s
[2026-05-20 21:43:57] [min_adj_15min] [incr] 302/2542 | 1 stocks, 48 rows, +16 new | elapsed=355s ETA=2630s | tokens=279.3
[2026-05-20 21:43:57] [min_adj_15min] [incr] 2026-05-16 ~ 2026-05-21: 48 rows, 1 pages, 4.4s
[2026-05-20 21:43:57] [min_adj_15min] [incr] 303/2542 | 1 stocks, 48 rows, +16 new | elapsed=355s ETA=2622s | tokens=279.3
[2026-05-20 21:43:58] [min_adj_15min] [incr] 2026-05-16 ~ 2026-05-21: 48 rows, 1 pages, 17.1s
[2026-05-20 21:43:58] [min_adj_15min] [incr] 304/2542 | 1 stocks, 48 rows, +16 new | elapsed=356s ETA=2619s | tokens=279.3
[2026-05-20 21:43:59] [min_adj_15min] [incr] 2026-05-16 ~ 2026-05-21: 48 rows, 1 pages, 2.4s
[2026-05-20 21:43:59] [min_adj_15min] [incr] 305/2542 | 1 stocks, 48 rows, +16 new | elapsed=356s ETA=2614s | tokens=279.3
[2026-05-20 21:43:59] [min_adj_15min] [incr] 2026-05-16 ~ 2026-05-21: 48 rows, 1 pages, 2.3s
[2026-05-20 21:43:59] [min_adj_15min] [incr] 306/2542 | 1 stocks, 48 rows, +16 new | elapsed=357s ETA=2608s | tokens=279.3
[2026-05-20 21:44:00] [min_adj_15min] [incr] 2026-05-16 ~ 2026-05-21: 48 rows, 1 pages, 2.5s
[2026-05-20 21:44:00] [min_adj_15min] [incr] 307/2542 | 1 stocks, 48 rows, +16 new | elapsed=357s ETA=2602s | tokens=279.3
[2026-05-20 21:44:00] [min_adj_15min] [incr] 2026-05-16 ~ 2026-05-21: 48 rows, 1 pages, 2.1s
[2026-05-20 21:44:00] [min_adj_15min] [incr] 308/2542 | 1 stocks, 48 rows, +16 new | elapsed=358s ETA=2595s | tokens=279.4
[2026-05-20 21:44:01] [min_adj_15min] [incr] 2026-05-16 ~ 2026-05-21: 48 rows, 1 pages, 1.8s
[2026-05-20 21:44:01] [min_adj_15min] [incr] 309/2542 | 1 stocks, 48 rows, +16 new | elapsed=358s ETA=2589s | tokens=279.3
[2026-05-20 21:44:02] [min_adj_15min] [incr] 2026-05-16 ~ 2026-05-21: 48 rows, 1 pages, 9.1s
[2026-05-20 21:44:02] [min_adj_15min] [incr] 310/2542 | 1 stocks, 48 rows, +16 new | elapsed=359s ETA=2587s | tokens=279.4
[2026-05-20 21:44:03] [min_adj_15min] [incr] 2026-05-16 ~ 2026-05-21: 48 rows, 1 pages, 6.8s
[2026-05-20 21:44:03] [min_adj_15min] [incr] 311/2542 | 1 stocks, 48 rows, +16 new | elapsed=360s ETA=2585s | tokens=279.3
[2026-05-20 21:44:03] [min_adj_15min] [incr] 2026-05-16 ~ 2026-05-21: 48 rows, 1 pages, 2.9s
[2026-05-20 21:44:03] [min_adj_15min] [incr] 312/2542 | 1 stocks, 48 rows, +16 new | elapsed=361s ETA=2579s | tokens=279.3
[2026-05-20 21:44:04] [min_adj_15min] [incr] 2026-05-16 ~ 2026-05-21: 48 rows, 1 pages, 4.1s
[2026-05-20 21:44:04] [min_adj_15min] [incr] 313/2542 | 1 stocks, 48 rows, +16 new | elapsed=362s ETA=2574s | tokens=279.3
[2026-05-20 21:44:04] [min_adj_15min] [incr] 2026-05-16 ~ 2026-05-21: 48 rows, 1 pages, 2.7s
[2026-05-20 21:44:05] [min_adj_15min] [incr] 314/2542 | 1 stocks, 48 rows, +16 new | elapsed=362s ETA=2568s | tokens=279.3
[2026-05-20 21:44:08] [min_adj_15min] [incr] 2026-05-16 ~ 2026-05-21: 48 rows, 1 pages, 8.3s
[2026-05-20 21:44:08] [min_adj_15min] [incr] 315/2542 | 1 stocks, 48 rows, +16 new | elapsed=365s ETA=2582s | tokens=279.3
[2026-05-20 21:44:08] [min_adj_15min] [incr] 2026-05-16 ~ 2026-05-21: 48 rows, 1 pages, 5.3s
[2026-05-20 21:44:08] [min_adj_15min] [incr] 316/2542 | 1 stocks, 48 rows, +16 new | elapsed=366s ETA=2576s | tokens=279.3
[2026-05-20 21:44:11] [min_adj_15min] [incr] 2026-05-16 ~ 2026-05-21: 48 rows, 1 pages, 10.1s
[2026-05-20 21:44:11] [min_adj_15min] [incr] 317/2542 | 1 stocks, 48 rows, +16 new | elapsed=368s ETA=2586s | tokens=279.3
[2026-05-20 21:44:12] [min_adj_15min] [incr] 2026-05-16 ~ 2026-05-21: 48 rows, 1 pages, 7.1s
[2026-05-20 21:44:12] [min_adj_15min] [incr] 318/2542 | 1 stocks, 48 rows, +16 new | elapsed=369s ETA=2581s | tokens=279.3
[2026-05-20 21:44:14] [min_adj_15min] [incr] 2026-05-16 ~ 2026-05-21: 48 rows, 1 pages, 10.2s
[2026-05-20 21:44:14] [min_adj_15min] [incr] 319/2542 | 1 stocks, 48 rows, +16 new | elapsed=372s ETA=2590s | tokens=279.3
[2026-05-20 21:44:14] [min_adj_15min] [incr] 2026-05-16 ~ 2026-05-21: 48 rows, 1 pages, 6.4s
[2026-05-20 21:44:15] [min_adj_15min] [incr] 320/2542 | 1 stocks, 48 rows, +16 new | elapsed=372s ETA=2583s | tokens=279.3
[2026-05-20 21:44:15] [min_adj_15min] [incr] 2026-05-16 ~ 2026-05-21: 48 rows, 1 pages, 4.0s
[2026-05-20 21:44:15] [min_adj_15min] [incr] 2026-05-16 ~ 2026-05-21: 48 rows, 1 pages, 11.6s
[2026-05-20 21:44:15] [min_adj_15min] [incr] 321/2542 | 1 stocks, 48 rows, +16 new | elapsed=372s ETA=2576s | tokens=278.3
[2026-05-20 21:44:15] [min_adj_15min] [incr] 322/2542 | 1 stocks, 48 rows, +16 new | elapsed=372s ETA=2568s | tokens=278.6
[2026-05-20 21:44:15] [min_adj_15min] [incr] 2026-05-16 ~ 2026-05-21: 48 rows, 1 pages, 1.1s
[2026-05-20 21:44:15] [min_adj_15min] [incr] 2026-05-16 ~ 2026-05-21: 48 rows, 1 pages, 3.8s
[2026-05-20 21:44:15] [min_adj_15min] [incr] 323/2542 | 1 stocks, 48 rows, +16 new | elapsed=373s ETA=2562s | tokens=278.4
[2026-05-20 21:44:16] [min_adj_15min] [incr] 324/2542 | 1 stocks, 48 rows, +16 new | elapsed=373s ETA=2553s | tokens=278.7
[2026-05-20 21:44:21] [min_adj_15min] [incr] 2026-05-16 ~ 2026-05-21: 48 rows, 1 pages, 13.1s
[2026-05-20 21:44:21] [min_adj_15min] [incr] 325/2542 | 1 stocks, 48 rows, +16 new | elapsed=378s ETA=2581s | tokens=279.3
[2026-05-20 21:44:21] [min_adj_15min] [incr] 2026-05-16 ~ 2026-05-21: 48 rows, 1 pages, 6.4s
[2026-05-20 21:44:21] [min_adj_15min] [incr] 326/2542 | 1 stocks, 48 rows, +16 new | elapsed=379s ETA=2575s | tokens=279.3
[2026-05-20 21:44:28] [min_adj_15min] [incr] 2026-05-16 ~ 2026-05-21: 48 rows, 1 pages, 13.4s
[2026-05-20 21:44:28] [min_adj_15min] [incr] 2026-05-16 ~ 2026-05-21: 48 rows, 1 pages, 13.1s
[2026-05-20 21:44:28] [min_adj_15min] [incr] 327/2542 | 1 stocks, 48 rows, +16 new | elapsed=385s ETA=2611s | tokens=278.4
[2026-05-20 21:44:28] [min_adj_15min] [incr] 328/2542 | 1 stocks, 48 rows, +16 new | elapsed=386s ETA=2602s | tokens=278.7
[2026-05-20 21:44:29] [min_adj_15min] [incr] 2026-05-16 ~ 2026-05-21: 48 rows, 1 pages, 8.5s
[2026-05-20 21:44:30] [min_adj_15min] [incr] 329/2542 | 1 stocks, 48 rows, +16 new | elapsed=387s ETA=2603s | tokens=279.3
[2026-05-20 21:44:30] [min_adj_15min] [incr] 2026-05-16 ~ 2026-05-21: 48 rows, 1 pages, 8.5s
[2026-05-20 21:44:30] [min_adj_15min] [incr] 330/2542 | 1 stocks, 48 rows, +16 new | elapsed=387s ETA=2596s | tokens=279.3
[2026-05-20 21:44:32] [min_adj_15min] [incr] 2026-05-16 ~ 2026-05-21: 48 rows, 1 pages, 4.0s
[2026-05-20 21:44:32] [min_adj_15min] [incr] 331/2542 | 1 stocks, 48 rows, +16 new | elapsed=389s ETA=2601s | tokens=279.4
[2026-05-20 21:44:32] [min_adj_15min] [incr] 2026-05-16 ~ 2026-05-21: 48 rows, 1 pages, 4.2s
[2026-05-20 21:44:32] [min_adj_15min] [incr] 332/2542 | 1 stocks, 48 rows, +16 new | elapsed=390s ETA=2594s | tokens=279.3
[2026-05-20 21:44:32] [min_adj_15min] [incr] 2026-05-16 ~ 2026-05-21: 48 rows, 1 pages, 17.0s
[2026-05-20 21:44:32] [min_adj_15min] [incr] 333/2542 | 1 stocks, 48 rows, +16 new | elapsed=390s ETA=2586s | tokens=279.3
[2026-05-20 21:44:33] [min_adj_15min] [incr] 2026-05-16 ~ 2026-05-21: 48 rows, 1 pages, 3.1s
[2026-05-20 21:44:33] [min_adj_15min] [incr] 334/2542 | 1 stocks, 48 rows, +16 new | elapsed=390s ETA=2578s | tokens=279.0
[2026-05-20 21:44:34] [min_adj_15min] [incr] 2026-05-16 ~ 2026-05-21: 48 rows, 1 pages, 18.6s
[2026-05-20 21:44:34] [min_adj_15min] [incr] 335/2542 | 1 stocks, 48 rows, +16 new | elapsed=392s ETA=2579s | tokens=279.4
[2026-05-20 21:44:35] [min_adj_15min] [incr] 2026-05-16 ~ 2026-05-21: 48 rows, 1 pages, 5.5s
[2026-05-20 21:44:35] [min_adj_15min] [incr] 336/2542 | 1 stocks, 48 rows, +16 new | elapsed=393s ETA=2579s | tokens=279.3
[2026-05-20 21:44:36] [min_adj_15min] [incr] 2026-05-16 ~ 2026-05-21: 48 rows, 1 pages, 3.6s
[2026-05-20 21:44:36] [min_adj_15min] [incr] 337/2542 | 1 stocks, 48 rows, +16 new | elapsed=393s ETA=2572s | tokens=279.3
[2026-05-20 21:44:37] [min_adj_15min] [incr] 2026-05-16 ~ 2026-05-21: 48 rows, 1 pages, 4.4s
[2026-05-20 21:44:37] [min_adj_15min] [incr] 338/2542 | 1 stocks, 48 rows, +16 new | elapsed=394s ETA=2572s | tokens=279.4
[2026-05-20 21:44:43] [min_adj_15min] [incr] 2026-05-16 ~ 2026-05-21: 48 rows, 1 pages, 10.9s
[2026-05-20 21:44:43] [min_adj_15min] [incr] 2026-05-16 ~ 2026-05-21: 48 rows, 1 pages, 11.2s
[2026-05-20 21:44:43] [min_adj_15min] [incr] 339/2542 | 1 stocks, 48 rows, +16 new | elapsed=401s ETA=2605s | tokens=278.4
[2026-05-20 21:44:43] [min_adj_15min] [incr] 2026-05-16 ~ 2026-05-21: 48 rows, 1 pages, 9.4s
[2026-05-20 21:44:43] [min_adj_15min] [incr] 340/2542 | 1 stocks, 48 rows, +16 new | elapsed=401s ETA=2596s | tokens=277.7
[2026-05-20 21:44:44] [min_adj_15min] [incr] 341/2542 | 1 stocks, 48 rows, +16 new | elapsed=401s ETA=2588s | tokens=278.0
[2026-05-20 21:44:44] [min_adj_15min] [incr] 2026-05-16 ~ 2026-05-21: 48 rows, 1 pages, 8.3s
[2026-05-20 21:44:44] [min_adj_15min] [incr] 2026-05-16 ~ 2026-05-21: 48 rows, 1 pages, 8.1s
[2026-05-20 21:44:44] [min_adj_15min] [incr] 342/2542 | 1 stocks, 48 rows, +16 new | elapsed=401s ETA=2581s | tokens=277.2
[2026-05-20 21:44:44] [min_adj_15min] [incr] 343/2542 | 1 stocks, 48 rows, +16 new | elapsed=401s ETA=2572s | tokens=277.5
[2026-05-20 21:44:44] [min_adj_15min] [incr] 2026-05-16 ~ 2026-05-21: 48 rows, 1 pages, 7.1s
[2026-05-20 21:44:44] [min_adj_15min] [incr] 344/2542 | 1 stocks, 48 rows, +16 new | elapsed=402s ETA=2566s | tokens=278.0
[2026-05-20 21:44:44] [min_adj_15min] [incr] 2026-05-16 ~ 2026-05-21: 48 rows, 1 pages, 1.1s
[2026-05-20 21:44:45] [min_adj_15min] [incr] 345/2542 | 1 stocks, 48 rows, +16 new | elapsed=402s ETA=2560s | tokens=279.0
[2026-05-20 21:44:48] [min_adj_15min] [incr] 2026-05-16 ~ 2026-05-21: 48 rows, 1 pages, 5.2s
[2026-05-20 21:44:49] [min_adj_15min] [incr] 2026-05-16 ~ 2026-05-21: 48 rows, 1 pages, 5.2s
[2026-05-20 21:44:49] [min_adj_15min] [incr] 346/2542 | 1 stocks, 48 rows, +16 new | elapsed=406s ETA=2577s | tokens=278.3
[2026-05-20 21:44:49] [min_adj_15min] [incr] 347/2542 | 1 stocks, 48 rows, +16 new | elapsed=406s ETA=2569s | tokens=278.7
[2026-05-20 21:44:49] [min_adj_15min] [incr] 2026-05-16 ~ 2026-05-21: 48 rows, 1 pages, 5.0s
[2026-05-20 21:44:49] [min_adj_15min] [incr] 2026-05-16 ~ 2026-05-21: 48 rows, 1 pages, 4.7s
[2026-05-20 21:44:49] [min_adj_15min] [incr] 348/2542 | 1 stocks, 48 rows, +16 new | elapsed=406s ETA=2561s | tokens=277.3
[2026-05-20 21:44:49] [min_adj_15min] [incr] 349/2542 | 1 stocks, 48 rows, +16 new | elapsed=406s ETA=2553s | tokens=277.6
[2026-05-20 21:44:49] [min_adj_15min] [incr] 2026-05-16 ~ 2026-05-21: 48 rows, 1 pages, 4.5s
[2026-05-20 21:44:49] [min_adj_15min] [incr] 2026-05-16 ~ 2026-05-21: 48 rows, 1 pages, 0.5s
[2026-05-20 21:44:49] [min_adj_15min] [incr] 350/2542 | 1 stocks, 48 rows, +16 new | elapsed=406s ETA=2546s | tokens=277.5
[2026-05-20 21:44:49] [min_adj_15min] [incr] 351/2542 | 1 stocks, 48 rows, +16 new | elapsed=407s ETA=2538s | tokens=276.8
[2026-05-20 21:44:49] [min_adj_15min] [incr] 2026-05-16 ~ 2026-05-21: 48 rows, 1 pages, 5.7s
[2026-05-20 21:44:49] [min_adj_15min] [incr] 2026-05-16 ~ 2026-05-21: 48 rows, 1 pages, 0.7s
[2026-05-20 21:44:50] [min_adj_15min] [incr] 352/2542 | 1 stocks, 48 rows, +16 new | elapsed=407s ETA=2532s | tokens=276.5
[2026-05-20 21:44:50] [min_adj_15min] [incr] 2026-05-16 ~ 2026-05-21: 48 rows, 1 pages, 1.0s
[2026-05-20 21:44:50] [min_adj_15min] [incr] 353/2542 | 1 stocks, 48 rows, +16 new | elapsed=407s ETA=2524s | tokens=275.9
[2026-05-20 21:44:50] [min_adj_15min] [incr] 354/2542 | 1 stocks, 48 rows, +16 new | elapsed=407s ETA=2516s | tokens=276.3
[2026-05-20 21:44:50] [min_adj_15min] [incr] 2026-05-16 ~ 2026-05-21: 48 rows, 1 pages, 0.9s
[2026-05-20 21:44:50] [min_adj_15min] [incr] 355/2542 | 1 stocks, 48 rows, +16 new | elapsed=407s ETA=2508s | tokens=275.7
[2026-05-20 21:44:50] [min_adj_15min] [incr] 2026-05-16 ~ 2026-05-21: 48 rows, 1 pages, 0.8s
[2026-05-20 21:44:50] [min_adj_15min] [incr] 356/2542 | 1 stocks, 48 rows, +16 new | elapsed=407s ETA=2501s | tokens=275.1
[2026-05-20 21:44:50] [min_adj_15min] [incr] 2026-05-16 ~ 2026-05-21: 48 rows, 1 pages, 0.9s
[2026-05-20 21:44:50] [min_adj_15min] [incr] 357/2542 | 1 stocks, 48 rows, +16 new | elapsed=407s ETA=2494s | tokens=274.9
[2026-05-20 21:44:50] [min_adj_15min] [incr] 2026-05-16 ~ 2026-05-21: 48 rows, 1 pages, 0.9s
[2026-05-20 21:44:50] [min_adj_15min] [incr] 358/2542 | 1 stocks, 48 rows, +16 new | elapsed=408s ETA=2488s | tokens=275.9
[2026-05-20 21:44:51] [min_adj_15min] [incr] 2026-05-16 ~ 2026-05-21: 48 rows, 1 pages, 1.0s
[2026-05-20 21:44:51] [min_adj_15min] [incr] 359/2542 | 1 stocks, 48 rows, +16 new | elapsed=408s ETA=2482s | tokens=276.1
[2026-05-20 21:44:53] [min_adj_15min] [incr] 2026-05-16 ~ 2026-05-21: 48 rows, 1 pages, 3.7s
[2026-05-20 21:44:53] [min_adj_15min] [incr] 360/2542 | 1 stocks, 48 rows, +16 new | elapsed=411s ETA=2491s | tokens=279.3
[2026-05-20 21:44:54] [min_adj_15min] [incr] 2026-05-16 ~ 2026-05-21: 48 rows, 1 pages, 3.7s
[2026-05-20 21:44:54] [min_adj_15min] [incr] 361/2542 | 1 stocks, 48 rows, +16 new | elapsed=411s ETA=2485s | tokens=279.6
[2026-05-20 21:44:54] [min_adj_15min] [incr] 2026-05-16 ~ 2026-05-21: 48 rows, 1 pages, 3.8s
[2026-05-20 21:44:54] [min_adj_15min] [incr] 362/2542 | 1 stocks, 48 rows, +16 new | elapsed=412s ETA=2479s | tokens=279.3
[2026-05-20 21:44:55] [min_adj_15min] [incr] 2026-05-16 ~ 2026-05-21: 48 rows, 1 pages, 4.0s
[2026-05-20 21:44:55] [min_adj_15min] [incr] 363/2542 | 1 stocks, 48 rows, +16 new | elapsed=412s ETA=2474s | tokens=279.3
[2026-05-20 21:44:55] [min_adj_15min] [incr] 2026-05-16 ~ 2026-05-21: 48 rows, 1 pages, 1.8s
[2026-05-20 21:44:55] [min_adj_15min] [incr] 364/2542 | 1 stocks, 48 rows, +16 new | elapsed=413s ETA=2470s | tokens=279.4
[2026-05-20 21:44:55] [min_adj_15min] [incr] 2026-05-16 ~ 2026-05-21: 48 rows, 1 pages, 1.7s
[2026-05-20 21:44:56] [min_adj_15min] [incr] 365/2542 | 1 stocks, 48 rows, +16 new | elapsed=413s ETA=2463s | tokens=279.2
[2026-05-20 21:44:59] [min_adj_15min] [incr] 2026-05-16 ~ 2026-05-21: 48 rows, 1 pages, 9.4s
[2026-05-20 21:44:59] [min_adj_15min] [incr] 366/2542 | 1 stocks, 48 rows, +16 new | elapsed=417s ETA=2478s | tokens=279.4
[2026-05-20 21:45:00] [min_adj_15min] [incr] 2026-05-16 ~ 2026-05-21: 48 rows, 1 pages, 10.1s
[2026-05-20 21:45:00] [min_adj_15min] [incr] 367/2542 | 1 stocks, 48 rows, +16 new | elapsed=417s ETA=2471s | tokens=279.3
[2026-05-20 21:45:00] [min_adj_15min] [incr] 2026-05-16 ~ 2026-05-21: 48 rows, 1 pages, 5.0s
[2026-05-20 21:45:00] [min_adj_15min] [incr] 368/2542 | 1 stocks, 48 rows, +16 new | elapsed=417s ETA=2465s | tokens=279.1
[2026-05-20 21:45:00] [min_adj_15min] [incr] 2026-05-16 ~ 2026-05-21: 48 rows, 1 pages, 4.8s
[2026-05-20 21:45:00] [min_adj_15min] [incr] 369/2542 | 1 stocks, 48 rows, +16 new | elapsed=418s ETA=2459s | tokens=279.4
[2026-05-20 21:45:02] [min_adj_15min] [incr] 2026-05-16 ~ 2026-05-21: 48 rows, 1 pages, 8.3s
[2026-05-20 21:45:03] [min_adj_15min] [incr] 370/2542 | 1 stocks, 48 rows, +16 new | elapsed=420s ETA=2466s | tokens=279.3
[2026-05-20 21:45:03] [min_adj_15min] [incr] 2026-05-16 ~ 2026-05-21: 48 rows, 1 pages, 3.2s
[2026-05-20 21:45:03] [min_adj_15min] [incr] 371/2542 | 1 stocks, 48 rows, +16 new | elapsed=420s ETA=2459s | tokens=279.3
[2026-05-20 21:45:05] [min_adj_15min] [incr] 2026-05-16 ~ 2026-05-21: 48 rows, 1 pages, 10.0s
[2026-05-20 21:45:06] [min_adj_15min] [incr] 372/2542 | 1 stocks, 48 rows, +16 new | elapsed=423s ETA=2468s | tokens=279.3
[2026-05-20 21:45:07] [min_adj_15min] [incr] 2026-05-16 ~ 2026-05-21: 48 rows, 1 pages, 7.1s
[2026-05-20 21:45:07] [min_adj_15min] [incr] 373/2542 | 1 stocks, 48 rows, +16 new | elapsed=425s ETA=2470s | tokens=279.4
[2026-05-20 21:45:11] [min_adj_15min] [incr] 2026-05-16 ~ 2026-05-21: 48 rows, 1 pages, 11.5s
[2026-05-20 21:45:11] [min_adj_15min] [incr] 374/2542 | 1 stocks, 48 rows, +16 new | elapsed=428s ETA=2483s | tokens=279.4
[2026-05-20 21:45:11] [min_adj_15min] [incr] 2026-05-16 ~ 2026-05-21: 48 rows, 1 pages, 11.3s
[2026-05-20 21:45:11] [min_adj_15min] [incr] 375/2542 | 1 stocks, 48 rows, +16 new | elapsed=429s ETA=2476s | tokens=279.3
[2026-05-20 21:45:11] [min_adj_15min] [incr] 2026-05-16 ~ 2026-05-21: 48 rows, 1 pages, 5.9s
[2026-05-20 21:45:12] [min_adj_15min] [incr] 376/2542 | 1 stocks, 48 rows, +16 new | elapsed=429s ETA=2471s | tokens=279.3
[2026-05-20 21:45:12] [min_adj_15min] [incr] 2026-05-16 ~ 2026-05-21: 48 rows, 1 pages, 9.2s
[2026-05-20 21:45:12] [min_adj_15min] [incr] 377/2542 | 1 stocks, 48 rows, +16 new | elapsed=429s ETA=2465s | tokens=279.3
[2026-05-20 21:45:12] [min_adj_15min] [incr] 2026-05-16 ~ 2026-05-21: 48 rows, 1 pages, 4.7s
[2026-05-20 21:45:12] [min_adj_15min] [incr] 378/2542 | 1 stocks, 48 rows, +16 new | elapsed=429s ETA=2459s | tokens=279.3
[2026-05-20 21:45:13] [min_adj_15min] [incr] 2026-05-16 ~ 2026-05-21: 48 rows, 1 pages, 1.5s
[2026-05-20 21:45:13] [min_adj_15min] [incr] 379/2542 | 1 stocks, 48 rows, +16 new | elapsed=430s ETA=2454s | tokens=279.3
[2026-05-20 21:45:17] [min_adj_15min] [incr] 2026-05-16 ~ 2026-05-21: 48 rows, 1 pages, 6.2s
[2026-05-20 21:45:17] [min_adj_15min] [incr] 380/2542 | 1 stocks, 48 rows, +16 new | elapsed=435s ETA=2473s | tokens=279.3
[2026-05-20 21:45:18] [min_adj_15min] [incr] 2026-05-16 ~ 2026-05-21: 48 rows, 1 pages, 15.2s
[2026-05-20 21:45:18] [min_adj_15min] [incr] 381/2542 | 1 stocks, 48 rows, +16 new | elapsed=435s ETA=2470s | tokens=279.3
[2026-05-20 21:45:19] [min_adj_15min] [incr] 2026-05-16 ~ 2026-05-21: 48 rows, 1 pages, 7.2s
[2026-05-20 21:45:19] [min_adj_15min] [incr] 382/2542 | 1 stocks, 48 rows, +16 new | elapsed=436s ETA=2467s | tokens=279.3
[2026-05-20 21:45:24] [min_adj_15min] [incr] 2026-05-16 ~ 2026-05-21: 48 rows, 1 pages, 12.1s
[2026-05-20 21:45:24] [min_adj_15min] [incr] 383/2542 | 1 stocks, 48 rows, +16 new | elapsed=442s ETA=2489s | tokens=279.4
[2026-05-20 21:45:28] [min_adj_15min] [incr] 2026-05-16 ~ 2026-05-21: 48 rows, 1 pages, 15.1s
[2026-05-20 21:45:28] [min_adj_15min] [incr] 384/2542 | 1 stocks, 48 rows, +16 new | elapsed=445s ETA=2502s | tokens=279.3
[2026-05-20 21:45:28] [min_adj_15min] [incr] 2026-05-16 ~ 2026-05-21: 48 rows, 1 pages, 16.0s
[2026-05-20 21:45:28] [min_adj_15min] [incr] 385/2542 | 1 stocks, 48 rows, +16 new | elapsed=445s ETA=2495s | tokens=278.8
[2026-05-20 21:45:28] [min_adj_15min] [incr] 2026-05-16 ~ 2026-05-21: 48 rows, 1 pages, 10.1s
[2026-05-20 21:45:28] [min_adj_15min] [incr] 386/2542 | 1 stocks, 48 rows, +16 new | elapsed=446s ETA=2488s | tokens=279.0
[2026-05-20 21:45:29] [min_adj_15min] [incr] 2026-05-16 ~ 2026-05-21: 48 rows, 1 pages, 11.6s
[2026-05-20 21:45:29] [min_adj_15min] [incr] 387/2542 | 1 stocks, 48 rows, +16 new | elapsed=446s ETA=2485s | tokens=279.4
[2026-05-20 21:45:33] [min_adj_15min] [incr] 2026-05-16 ~ 2026-05-21: 48 rows, 1 pages, 8.5s
[2026-05-20 21:45:33] [min_adj_15min] [incr] 388/2542 | 1 stocks, 48 rows, +16 new | elapsed=450s ETA=2499s | tokens=279.4
[2026-05-20 21:45:33] [min_adj_15min] [incr] 2026-05-16 ~ 2026-05-21: 48 rows, 1 pages, 5.4s
[2026-05-20 21:45:33] [min_adj_15min] [incr] 389/2542 | 1 stocks, 48 rows, +16 new | elapsed=451s ETA=2494s | tokens=279.4
[2026-05-20 21:45:39] [min_adj_15min] [incr] 2026-05-16 ~ 2026-05-21: 48 rows, 1 pages, 11.7s
[2026-05-20 21:45:40] [min_adj_15min] [incr] 390/2542 | 1 stocks, 48 rows, +16 new | elapsed=457s ETA=2521s | tokens=279.4
[2026-05-20 21:45:45] [min_adj_15min] [incr] 2026-05-16 ~ 2026-05-21: 48 rows, 1 pages, 26.8s
[2026-05-20 21:45:46] [min_adj_15min] [incr] 391/2542 | 1 stocks, 48 rows, +16 new | elapsed=463s ETA=2547s | tokens=279.4
[2026-05-20 21:45:46] [min_adj_15min] [incr] 2026-05-16 ~ 2026-05-21: 48 rows, 1 pages, 17.7s
[2026-05-20 21:45:46] [min_adj_15min] [incr] 392/2542 | 1 stocks, 48 rows, +16 new | elapsed=463s ETA=2541s | tokens=279.3
[2026-05-20 21:45:46] [min_adj_15min] [incr] 2026-05-16 ~ 2026-05-21: 48 rows, 1 pages, 13.0s
[2026-05-20 21:45:46] [min_adj_15min] [incr] 393/2542 | 1 stocks, 48 rows, +16 new | elapsed=464s ETA=2535s | tokens=279.3
[2026-05-20 21:45:47] [min_adj_15min] [incr] 2026-05-16 ~ 2026-05-21: 48 rows, 1 pages, 18.7s
[2026-05-20 21:45:48] [min_adj_15min] [incr] 394/2542 | 1 stocks, 48 rows, +16 new | elapsed=465s ETA=2535s | tokens=279.4
[2026-05-20 21:45:52] [min_adj_15min] [incr] 2026-05-16 ~ 2026-05-21: 48 rows, 1 pages, 6.7s
[2026-05-20 21:45:52] [min_adj_15min] [incr] 395/2542 | 1 stocks, 48 rows, +16 new | elapsed=470s ETA=2553s | tokens=279.4
[2026-05-20 21:45:53] [min_adj_15min] [incr] 2026-05-16 ~ 2026-05-21: 48 rows, 1 pages, 6.8s
[2026-05-20 21:45:53] [min_adj_15min] [incr] 396/2542 | 1 stocks, 48 rows, +16 new | elapsed=470s ETA=2547s | tokens=279.3
[2026-05-20 21:45:58] [min_adj_15min] [incr] 2026-05-16 ~ 2026-05-21: 48 rows, 1 pages, 18.2s
[2026-05-20 21:45:58] [min_adj_15min] [incr] 397/2542 | 1 stocks, 48 rows, +16 new | elapsed=475s ETA=2567s | tokens=279.4
[2026-05-20 21:45:59] [min_adj_15min] [incr] 2026-05-16 ~ 2026-05-21: 48 rows, 1 pages, 26.3s
[2026-05-20 21:45:59] [min_adj_15min] [incr] 2026-05-16 ~ 2026-05-21: 48 rows, 1 pages, 12.8s
[2026-05-20 21:45:59] [min_adj_15min] [incr] 398/2542 | 1 stocks, 48 rows, +16 new | elapsed=476s ETA=2566s | tokens=278.4
[2026-05-20 21:45:59] [min_adj_15min] [incr] 399/2542 | 1 stocks, 48 rows, +16 new | elapsed=476s ETA=2559s | tokens=278.7
[2026-05-20 21:46:02] [min_adj_15min] [incr] 2026-05-16 ~ 2026-05-21: 48 rows, 1 pages, 9.9s
[2026-05-20 21:46:02] [min_adj_15min] [incr] 2026-05-16 ~ 2026-05-21: 48 rows, 1 pages, 9.7s
[2026-05-20 21:46:02] [min_adj_15min] [incr] 400/2542 | 1 stocks, 48 rows, +16 new | elapsed=480s ETA=2569s | tokens=278.4
[2026-05-20 21:46:02] [min_adj_15min] [incr] 401/2542 | 1 stocks, 48 rows, +16 new | elapsed=480s ETA=2562s | tokens=278.8
[2026-05-20 21:46:07] [min_adj_15min] [incr] 2026-05-16 ~ 2026-05-21: 48 rows, 1 pages, 19.5s
[2026-05-20 21:46:07] [min_adj_15min] [incr] 402/2542 | 1 stocks, 48 rows, +16 new | elapsed=485s ETA=2579s | tokens=279.3
[2026-05-20 21:46:07] [min_adj_15min] [incr] 2026-05-16 ~ 2026-05-21: 48 rows, 1 pages, 8.5s
[2026-05-20 21:46:07] [min_adj_15min] [incr] 403/2542 | 1 stocks, 48 rows, +16 new | elapsed=485s ETA=2574s | tokens=279.3
[2026-05-20 21:46:08] [min_adj_15min] [incr] 2026-05-16 ~ 2026-05-21: 48 rows, 1 pages, 6.0s
[2026-05-20 21:46:08] [min_adj_15min] [incr] 404/2542 | 1 stocks, 48 rows, +16 new | elapsed=486s ETA=2571s | tokens=279.4
[2026-05-20 21:46:09] [min_adj_15min] [incr] 2026-05-16 ~ 2026-05-21: 48 rows, 1 pages, 6.6s
[2026-05-20 21:46:09] [min_adj_15min] [incr] 405/2542 | 1 stocks, 48 rows, +16 new | elapsed=486s ETA=2566s | tokens=279.3
[2026-05-20 21:46:15] [min_adj_15min] [incr] 2026-05-16 ~ 2026-05-21: 48 rows, 1 pages, 15.6s
[2026-05-20 21:46:15] [min_adj_15min] [incr] 2026-05-16 ~ 2026-05-21: 48 rows, 1 pages, 16.9s
[2026-05-20 21:46:15] [min_adj_15min] [incr] 406/2542 | 1 stocks, 48 rows, +16 new | elapsed=492s ETA=2589s | tokens=278.4
[2026-05-20 21:46:15] [min_adj_15min] [incr] 407/2542 | 1 stocks, 48 rows, +16 new | elapsed=492s ETA=2582s | tokens=278.7
[2026-05-20 21:46:18] [min_adj_15min] [incr] 2026-05-16 ~ 2026-05-21: 48 rows, 1 pages, 9.8s
[2026-05-20 21:46:18] [min_adj_15min] [incr] 2026-05-16 ~ 2026-05-21: 48 rows, 1 pages, 10.7s
[2026-05-20 21:46:18] [min_adj_15min] [incr] 408/2542 | 1 stocks, 48 rows, +16 new | elapsed=496s ETA=2592s | tokens=278.4
[2026-05-20 21:46:18] [min_adj_15min] [incr] 409/2542 | 1 stocks, 48 rows, +16 new | elapsed=496s ETA=2585s | tokens=278.8
[2026-05-20 21:46:18] [min_adj_15min] [incr] 2026-05-16 ~ 2026-05-21: 48 rows, 1 pages, 9.5s
[2026-05-20 21:46:18] [min_adj_15min] [incr] 410/2542 | 1 stocks, 48 rows, +16 new | elapsed=496s ETA=2578s | tokens=278.4
[2026-05-20 21:46:25] [min_adj_15min] [incr] 2026-05-16 ~ 2026-05-21: 48 rows, 1 pages, 10.0s
[2026-05-20 21:46:25] [min_adj_15min] [incr] 411/2542 | 1 stocks, 48 rows, +16 new | elapsed=502s ETA=2603s | tokens=279.4
[2026-05-20 21:46:25] [min_adj_15min] [incr] 2026-05-16 ~ 2026-05-21: 48 rows, 1 pages, 6.9s
[2026-05-20 21:46:25] [min_adj_15min] [incr] 412/2542 | 1 stocks, 48 rows, +16 new | elapsed=503s ETA=2598s | tokens=279.3
[2026-05-20 21:46:29] [min_adj_15min] [incr] 2026-05-16 ~ 2026-05-21: 48 rows, 1 pages, 14.5s
[2026-05-20 21:46:29] [min_adj_15min] [incr] 413/2542 | 1 stocks, 48 rows, +16 new | elapsed=507s ETA=2611s | tokens=279.3
[2026-05-20 21:46:34] [min_adj_15min] [incr] 2026-05-16 ~ 2026-05-21: 48 rows, 1 pages, 15.9s
[2026-05-20 21:46:34] [min_adj_15min] [incr] 2026-05-16 ~ 2026-05-21: 48 rows, 1 pages, 16.1s
[2026-05-20 21:46:34] [min_adj_15min] [incr] 414/2542 | 1 stocks, 48 rows, +16 new | elapsed=512s ETA=2631s | tokens=278.3
[2026-05-20 21:46:35] [min_adj_15min] [incr] 415/2542 | 1 stocks, 48 rows, +16 new | elapsed=512s ETA=2624s | tokens=279.0
[2026-05-20 21:46:36] [min_adj_15min] [incr] 2026-05-16 ~ 2026-05-21: 48 rows, 1 pages, 10.6s
[2026-05-20 21:46:36] [min_adj_15min] [incr] 416/2542 | 1 stocks, 48 rows, +16 new | elapsed=513s ETA=2623s | tokens=279.3
[2026-05-20 21:46:36] [min_adj_15min] [incr] 2026-05-16 ~ 2026-05-21: 48 rows, 1 pages, 11.6s
[2026-05-20 21:46:36] [min_adj_15min] [incr] 417/2542 | 1 stocks, 48 rows, +16 new | elapsed=514s ETA=2618s | tokens=279.3
[2026-05-20 21:46:36] [min_adj_15min] [incr] 2026-05-16 ~ 2026-05-21: 48 rows, 1 pages, 29.3s
[2026-05-20 21:46:36] [min_adj_15min] [incr] 418/2542 | 1 stocks, 48 rows, +16 new | elapsed=514s ETA=2611s | tokens=279.0
[2026-05-20 21:46:37] [min_adj_15min] [incr] 2026-05-16 ~ 2026-05-21: 48 rows, 1 pages, 7.7s
[2026-05-20 21:46:37] [min_adj_15min] [incr] 419/2542 | 1 stocks, 48 rows, +16 new | elapsed=514s ETA=2606s | tokens=279.3
[2026-05-20 21:46:37] [min_adj_15min] [incr] 2026-05-16 ~ 2026-05-21: 48 rows, 1 pages, 2.6s
[2026-05-20 21:46:37] [min_adj_15min] [incr] 2026-05-16 ~ 2026-05-21: 48 rows, 1 pages, 1.3s
[2026-05-20 21:46:37] [min_adj_15min] [incr] 420/2542 | 1 stocks, 48 rows, +16 new | elapsed=514s ETA=2599s | tokens=279.0
[2026-05-20 21:46:37] [min_adj_15min] [incr] 421/2542 | 1 stocks, 48 rows, +16 new | elapsed=514s ETA=2592s | tokens=278.3
[2026-05-20 21:46:40] [min_adj_15min] [incr] 2026-05-16 ~ 2026-05-21: 48 rows, 1 pages, 3.6s
[2026-05-20 21:46:40] [min_adj_15min] [incr] 422/2542 | 1 stocks, 48 rows, +16 new | elapsed=517s ETA=2599s | tokens=279.4
[2026-05-20 21:46:42] [min_adj_15min] [incr] 2026-05-16 ~ 2026-05-21: 48 rows, 1 pages, 7.3s
[2026-05-20 21:46:42] [min_adj_15min] [incr] 423/2542 | 1 stocks, 48 rows, +16 new | elapsed=519s ETA=2601s | tokens=279.4
[2026-05-20 21:46:43] [min_adj_15min] [incr] 2026-05-16 ~ 2026-05-21: 48 rows, 1 pages, 6.7s
[2026-05-20 21:46:44] [min_adj_15min] [incr] 424/2542 | 1 stocks, 48 rows, +16 new | elapsed=521s ETA=2603s | tokens=279.4
[2026-05-20 21:46:49] [min_adj_15min] [incr] 2026-05-16 ~ 2026-05-21: 48 rows, 1 pages, 12.2s
[2026-05-20 21:46:49] [min_adj_15min] [incr] 425/2542 | 1 stocks, 48 rows, +16 new | elapsed=526s ETA=2620s | tokens=279.3
[2026-05-20 21:46:49] [min_adj_15min] [incr] 2026-05-16 ~ 2026-05-21: 48 rows, 1 pages, 11.9s
[2026-05-20 21:46:49] [min_adj_15min] [incr] 426/2542 | 1 stocks, 48 rows, +16 new | elapsed=526s ETA=2614s | tokens=279.4
[2026-05-20 21:46:55] [min_adj_15min] [incr] 2026-05-16 ~ 2026-05-21: 48 rows, 1 pages, 15.6s
[2026-05-20 21:46:56] [min_adj_15min] [incr] 427/2542 | 1 stocks, 48 rows, +16 new | elapsed=533s ETA=2640s | tokens=279.3
[2026-05-20 21:46:56] [min_adj_15min] [incr] 2026-05-16 ~ 2026-05-21: 48 rows, 1 pages, 18.7s
[2026-05-20 21:46:56] [min_adj_15min] [incr] 428/2542 | 1 stocks, 48 rows, +16 new | elapsed=533s ETA=2633s | tokens=279.3
[2026-05-20 21:46:56] [min_adj_15min] [incr] 2026-05-16 ~ 2026-05-21: 48 rows, 1 pages, 7.5s
[2026-05-20 21:46:56] [min_adj_15min] [incr] 429/2542 | 1 stocks, 48 rows, +16 new | elapsed=534s ETA=2628s | tokens=279.4
[2026-05-20 21:46:56] [min_adj_15min] [incr] 2026-05-16 ~ 2026-05-21: 48 rows, 1 pages, 7.6s
[2026-05-20 21:46:56] [min_adj_15min] [incr] 430/2542 | 1 stocks, 48 rows, +16 new | elapsed=534s ETA=2622s | tokens=279.3
[2026-05-20 21:46:59] [min_adj_15min] [incr] 2026-05-16 ~ 2026-05-21: 48 rows, 1 pages, 3.4s
[2026-05-20 21:46:59] [min_adj_15min] [incr] 431/2542 | 1 stocks, 48 rows, +16 new | elapsed=536s ETA=2627s | tokens=279.4
[2026-05-20 21:47:01] [min_adj_15min] [incr] 2026-05-16 ~ 2026-05-21: 48 rows, 1 pages, 19.2s
[2026-05-20 21:47:01] [min_adj_15min] [incr] 432/2542 | 1 stocks, 48 rows, +16 new | elapsed=538s ETA=2630s | tokens=279.3
[2026-05-20 21:47:01] [min_adj_15min] [incr] 2026-05-16 ~ 2026-05-21: 48 rows, 1 pages, 5.1s
[2026-05-20 21:47:01] [min_adj_15min] [incr] 433/2542 | 1 stocks, 48 rows, +16 new | elapsed=539s ETA=2624s | tokens=279.3
[2026-05-20 21:47:07] [min_adj_15min] [incr] 2026-05-16 ~ 2026-05-21: 48 rows, 1 pages, 10.6s
[2026-05-20 21:47:07] [min_adj_15min] [incr] 434/2542 | 1 stocks, 48 rows, +16 new | elapsed=544s ETA=2645s | tokens=279.3
[2026-05-20 21:47:08] [min_adj_15min] [incr] 2026-05-16 ~ 2026-05-21: 48 rows, 1 pages, 24.8s
[2026-05-20 21:47:08] [min_adj_15min] [incr] 435/2542 | 1 stocks, 48 rows, +16 new | elapsed=546s ETA=2644s | tokens=279.3
[2026-05-20 21:47:13] [min_adj_15min] [incr] 2026-05-16 ~ 2026-05-21: 48 rows, 1 pages, 11.6s
[2026-05-20 21:47:13] [min_adj_15min] [incr] 436/2542 | 1 stocks, 48 rows, +16 new | elapsed=550s ETA=2657s | tokens=279.4
[2026-05-20 21:47:19] [min_adj_15min] [incr] 2026-05-16 ~ 2026-05-21: 48 rows, 1 pages, 22.8s
[2026-05-20 21:47:19] [min_adj_15min] [incr] 437/2542 | 1 stocks, 48 rows, +16 new | elapsed=556s ETA=2678s | tokens=279.3
[2026-05-20 21:47:19] [min_adj_15min] [incr] 2026-05-16 ~ 2026-05-21: 48 rows, 1 pages, 11.9s
[2026-05-20 21:47:19] [min_adj_15min] [incr] 438/2542 | 1 stocks, 48 rows, +16 new | elapsed=556s ETA=2673s | tokens=279.3
[2026-05-20 21:47:19] [min_adj_15min] [incr] 2026-05-16 ~ 2026-05-21: 48 rows, 1 pages, 17.8s
[2026-05-20 21:47:19] [min_adj_15min] [incr] 439/2542 | 1 stocks, 48 rows, +16 new | elapsed=557s ETA=2666s | tokens=279.0
[2026-05-20 21:47:21] [min_adj_15min] [incr] 2026-05-16 ~ 2026-05-21: 48 rows, 1 pages, 13.0s
[2026-05-20 21:47:22] [min_adj_15min] [incr] 440/2542 | 1 stocks, 48 rows, +16 new | elapsed=559s ETA=2670s | tokens=279.3
[2026-05-20 21:47:22] [min_adj_15min] [incr] 2026-05-16 ~ 2026-05-21: 48 rows, 1 pages, 3.4s
[2026-05-20 21:47:22] [min_adj_15min] [incr] 441/2542 | 1 stocks, 48 rows, +16 new | elapsed=559s ETA=2665s | tokens=279.3
[2026-05-20 21:47:24] [min_adj_15min] [incr] 2026-05-16 ~ 2026-05-21: 48 rows, 1 pages, 5.6s
[2026-05-20 21:47:25] [min_adj_15min] [incr] 442/2542 | 1 stocks, 48 rows, +16 new | elapsed=562s ETA=2670s | tokens=279.4
[2026-05-20 21:47:26] [min_adj_15min] [incr] 2026-05-16 ~ 2026-05-21: 48 rows, 1 pages, 26.9s
[2026-05-20 21:47:26] [min_adj_15min] [incr] 443/2542 | 1 stocks, 48 rows, +16 new | elapsed=563s ETA=2669s | tokens=279.4
[2026-05-20 21:47:27] [min_adj_15min] [incr] 2026-05-16 ~ 2026-05-21: 48 rows, 1 pages, 5.8s
[2026-05-20 21:47:27] [min_adj_15min] [incr] 444/2542 | 1 stocks, 48 rows, +16 new | elapsed=565s ETA=2669s | tokens=279.4
[2026-05-20 21:47:31] [min_adj_15min] [incr] 2026-05-16 ~ 2026-05-21: 48 rows, 1 pages, 18.4s
[2026-05-20 21:47:31] [min_adj_15min] [incr] 445/2542 | 1 stocks, 48 rows, +16 new | elapsed=568s ETA=2679s | tokens=279.4
[2026-05-20 21:47:32] [min_adj_15min] [incr] 2026-05-16 ~ 2026-05-21: 48 rows, 1 pages, 12.7s
[2026-05-20 21:47:32] [min_adj_15min] [incr] 446/2542 | 1 stocks, 48 rows, +16 new | elapsed=569s ETA=2675s | tokens=279.3
[2026-05-20 21:47:32] [min_adj_15min] [incr] 2026-05-16 ~ 2026-05-21: 48 rows, 1 pages, 9.9s
[2026-05-20 21:47:32] [min_adj_15min] [incr] 447/2542 | 1 stocks, 48 rows, +16 new | elapsed=569s ETA=2669s | tokens=279.4
[2026-05-20 21:47:32] [min_adj_15min] [incr] 2026-05-16 ~ 2026-05-21: 48 rows, 1 pages, 7.6s
[2026-05-20 21:47:32] [min_adj_15min] [incr] 448/2542 | 1 stocks, 48 rows, +16 new | elapsed=570s ETA=2662s | tokens=279.3
[2026-05-20 21:47:34] [min_adj_15min] [incr] 2026-05-16 ~ 2026-05-21: 48 rows, 1 pages, 2.9s
[2026-05-20 21:47:34] [min_adj_15min] [incr] 449/2542 | 1 stocks, 48 rows, +16 new | elapsed=571s ETA=2663s | tokens=279.4
[2026-05-20 21:47:34] [min_adj_15min] [incr] 2026-05-16 ~ 2026-05-21: 48 rows, 1 pages, 2.4s
[2026-05-20 21:47:34] [min_adj_15min] [incr] 450/2542 | 1 stocks, 48 rows, +16 new | elapsed=572s ETA=2657s | tokens=279.3
[2026-05-20 21:47:38] [min_adj_15min] [incr] 2026-05-16 ~ 2026-05-21: 48 rows, 1 pages, 6.4s
[2026-05-20 21:47:38] [min_adj_15min] [incr] 451/2542 | 1 stocks, 48 rows, +16 new | elapsed=576s ETA=2670s | tokens=279.6
[2026-05-20 21:47:39] [min_adj_15min] [incr] 2026-05-16 ~ 2026-05-21: 48 rows, 1 pages, 7.0s
[2026-05-20 21:47:39] [min_adj_15min] [incr] 452/2542 | 1 stocks, 48 rows, +16 new | elapsed=577s ETA=2666s | tokens=279.3
[2026-05-20 21:47:45] [min_adj_15min] [incr] 2026-05-16 ~ 2026-05-21: 48 rows, 1 pages, 18.7s
[2026-05-20 21:47:45] [min_adj_15min] [incr] 2026-05-16 ~ 2026-05-21: 48 rows, 1 pages, 17.4s
[2026-05-20 21:47:45] [min_adj_15min] [incr] 453/2542 | 1 stocks, 48 rows, +16 new | elapsed=582s ETA=2685s | tokens=278.4
[2026-05-20 21:47:45] [min_adj_15min] [incr] 454/2542 | 1 stocks, 48 rows, +16 new | elapsed=582s ETA=2678s | tokens=278.7
[2026-05-20 21:47:54] [min_adj_15min] [incr] 2026-05-16 ~ 2026-05-21: 48 rows, 1 pages, 19.4s
[2026-05-20 21:47:54] [min_adj_15min] [incr] 2026-05-16 ~ 2026-05-21: 48 rows, 1 pages, 15.2s
[2026-05-20 21:47:54] [min_adj_15min] [incr] 455/2542 | 1 stocks, 48 rows, +16 new | elapsed=591s ETA=2711s | tokens=278.5
[2026-05-20 21:47:54] [min_adj_15min] [incr] 456/2542 | 1 stocks, 48 rows, +16 new | elapsed=591s ETA=2705s | tokens=278.8
[2026-05-20 21:47:54] [min_adj_15min] [incr] 2026-05-16 ~ 2026-05-21: 48 rows, 1 pages, 14.8s
[2026-05-20 21:47:54] [min_adj_15min] [incr] 457/2542 | 1 stocks, 48 rows, +16 new | elapsed=591s ETA=2699s | tokens=279.1
[2026-05-20 21:47:54] [min_adj_15min] [incr] 2026-05-16 ~ 2026-05-21: 48 rows, 1 pages, 9.5s
[2026-05-20 21:47:54] [min_adj_15min] [incr] 458/2542 | 1 stocks, 48 rows, +16 new | elapsed=592s ETA=2692s | tokens=279.0
[2026-05-20 21:48:00] [min_adj_15min] [incr] 2026-05-16 ~ 2026-05-21: 48 rows, 1 pages, 26.0s
[2026-05-20 21:48:00] [min_adj_15min] [incr] 459/2542 | 1 stocks, 48 rows, +16 new | elapsed=597s ETA=2711s | tokens=279.4
[2026-05-20 21:48:06] [min_adj_15min] [incr] 2026-05-16 ~ 2026-05-21: 48 rows, 1 pages, 21.3s
[2026-05-20 21:48:06] [min_adj_15min] [incr] 460/2542 | 1 stocks, 48 rows, +16 new | elapsed=604s ETA=2732s | tokens=279.4
[2026-05-20 21:48:06] [min_adj_15min] [incr] 2026-05-16 ~ 2026-05-21: 48 rows, 1 pages, 12.6s
[2026-05-20 21:48:06] [min_adj_15min] [incr] 461/2542 | 1 stocks, 48 rows, +16 new | elapsed=604s ETA=2725s | tokens=279.0
[2026-05-20 21:48:07] [min_adj_15min] [incr] 2026-05-16 ~ 2026-05-21: 48 rows, 1 pages, 13.1s
[2026-05-20 21:48:07] [min_adj_15min] [incr] 2026-05-16 ~ 2026-05-21: 48 rows, 1 pages, 12.6s
[2026-05-20 21:48:07] [min_adj_15min] [incr] 462/2542 | 1 stocks, 48 rows, +16 new | elapsed=604s ETA=2720s | tokens=278.3
[2026-05-20 21:48:07] [min_adj_15min] [incr] 463/2542 | 1 stocks, 48 rows, +16 new | elapsed=604s ETA=2713s | tokens=278.7
[2026-05-20 21:48:10] [min_adj_15min] [incr] 2026-05-16 ~ 2026-05-21: 48 rows, 1 pages, 15.7s
[2026-05-20 21:48:10] [min_adj_15min] [incr] 464/2542 | 1 stocks, 48 rows, +16 new | elapsed=607s ETA=2719s | tokens=279.4
[2026-05-20 21:48:14] [min_adj_15min] [incr] 2026-05-16 ~ 2026-05-21: 48 rows, 1 pages, 7.3s
[2026-05-20 21:48:14] [min_adj_15min] [incr] 465/2542 | 1 stocks, 48 rows, +16 new | elapsed=611s ETA=2730s | tokens=279.4
[2026-05-20 21:48:18] [min_adj_15min] [incr] 2026-05-16 ~ 2026-05-21: 48 rows, 1 pages, 18.5s
[2026-05-20 21:48:18] [min_adj_15min] [incr] 2026-05-16 ~ 2026-05-21: 48 rows, 1 pages, 12.4s
[2026-05-20 21:48:19] [min_adj_15min] [incr] 466/2542 | 1 stocks, 48 rows, +16 new | elapsed=616s ETA=2744s | tokens=278.3
[2026-05-20 21:48:19] [min_adj_15min] [incr] 467/2542 | 1 stocks, 48 rows, +16 new | elapsed=616s ETA=2737s | tokens=278.7
[2026-05-20 21:48:19] [min_adj_15min] [incr] 2026-05-16 ~ 2026-05-21: 48 rows, 1 pages, 11.9s
[2026-05-20 21:48:19] [min_adj_15min] [incr] 468/2542 | 1 stocks, 48 rows, +16 new | elapsed=616s ETA=2730s | tokens=278.2
[2026-05-20 21:48:19] [min_adj_15min] [incr] 2026-05-16 ~ 2026-05-21: 48 rows, 1 pages, 9.1s
[2026-05-20 21:48:19] [min_adj_15min] [incr] 2026-05-16 ~ 2026-05-21: 48 rows, 1 pages, 12.0s
[2026-05-20 21:48:19] [min_adj_15min] [incr] 469/2542 | 1 stocks, 48 rows, +16 new | elapsed=616s ETA=2724s | tokens=276.7
[2026-05-20 21:48:19] [min_adj_15min] [incr] 470/2542 | 1 stocks, 48 rows, +16 new | elapsed=616s ETA=2717s | tokens=277.0
[2026-05-20 21:48:23] [min_adj_15min] [incr] 2026-05-16 ~ 2026-05-21: 48 rows, 1 pages, 9.7s
[2026-05-20 21:48:23] [min_adj_15min] [incr] 471/2542 | 1 stocks, 48 rows, +16 new | elapsed=621s ETA=2730s | tokens=279.5
[2026-05-20 21:48:24] [min_adj_15min] [incr] 2026-05-16 ~ 2026-05-21: 48 rows, 1 pages, 5.0s
[2026-05-20 21:48:24] [min_adj_15min] [incr] 472/2542 | 1 stocks, 48 rows, +16 new | elapsed=621s ETA=2724s | tokens=279.3
[2026-05-20 21:48:26] [min_adj_15min] [incr] 2026-05-16 ~ 2026-05-21: 48 rows, 1 pages, 7.1s
[2026-05-20 21:48:26] [min_adj_15min] [incr] 2026-05-16 ~ 2026-05-21: 48 rows, 1 pages, 7.1s
[2026-05-20 21:48:26] [min_adj_15min] [incr] 473/2542 | 1 stocks, 48 rows, +16 new | elapsed=623s ETA=2726s | tokens=278.4
[2026-05-20 21:48:26] [min_adj_15min] [incr] 474/2542 | 1 stocks, 48 rows, +16 new | elapsed=623s ETA=2719s | tokens=278.7
[2026-05-20 21:48:34] [min_adj_15min] [incr] 2026-05-16 ~ 2026-05-21: 48 rows, 1 pages, 15.1s
[2026-05-20 21:48:34] [min_adj_15min] [incr] 475/2542 | 1 stocks, 48 rows, +16 new | elapsed=631s ETA=2748s | tokens=279.3
[2026-05-20 21:48:38] [min_adj_15min] [incr] 2026-05-16 ~ 2026-05-21: 48 rows, 1 pages, 19.0s
[2026-05-20 21:48:38] [min_adj_15min] [incr] 476/2542 | 1 stocks, 48 rows, +16 new | elapsed=635s ETA=2757s | tokens=279.3
[2026-05-20 21:48:39] [min_adj_15min] [incr] 2026-05-16 ~ 2026-05-21: 48 rows, 1 pages, 15.7s
[2026-05-20 21:48:40] [min_adj_15min] [incr] 477/2542 | 1 stocks, 48 rows, +16 new | elapsed=637s ETA=2757s | tokens=279.4
[2026-05-20 21:48:40] [min_adj_15min] [incr] 2026-05-16 ~ 2026-05-21: 48 rows, 1 pages, 14.1s
[2026-05-20 21:48:40] [min_adj_15min] [incr] 478/2542 | 1 stocks, 48 rows, +16 new | elapsed=637s ETA=2752s | tokens=279.6
[2026-05-20 21:48:40] [min_adj_15min] [incr] 2026-05-16 ~ 2026-05-21: 48 rows, 1 pages, 6.2s
[2026-05-20 21:48:40] [min_adj_15min] [incr] 479/2542 | 1 stocks, 48 rows, +16 new | elapsed=638s ETA=2747s | tokens=279.3
[2026-05-20 21:48:41] [min_adj_15min] [incr] 2026-05-16 ~ 2026-05-21: 48 rows, 1 pages, 15.9s
[2026-05-20 21:48:42] [min_adj_15min] [incr] 480/2542 | 1 stocks, 48 rows, +16 new | elapsed=639s ETA=2745s | tokens=279.4
[2026-05-20 21:48:43] [min_adj_15min] [incr] 2026-05-16 ~ 2026-05-21: 48 rows, 1 pages, 3.4s
[2026-05-20 21:48:43] [min_adj_15min] [incr] 481/2542 | 1 stocks, 48 rows, +16 new | elapsed=640s ETA=2744s | tokens=279.4
[2026-05-20 21:48:47] [min_adj_15min] [incr] 2026-05-16 ~ 2026-05-21: 48 rows, 1 pages, 7.1s
[2026-05-20 21:48:47] [min_adj_15min] [incr] 482/2542 | 1 stocks, 48 rows, +16 new | elapsed=644s ETA=2754s | tokens=279.4
[2026-05-20 21:48:51] [min_adj_15min] [incr] 2026-05-16 ~ 2026-05-21: 48 rows, 1 pages, 13.6s
[2026-05-20 21:48:51] [min_adj_15min] [incr] 2026-05-16 ~ 2026-05-21: 48 rows, 1 pages, 11.2s
[2026-05-20 21:48:51] [min_adj_15min] [incr] 483/2542 | 1 stocks, 48 rows, +16 new | elapsed=649s ETA=2766s | tokens=278.4
[2026-05-20 21:48:52] [min_adj_15min] [incr] 484/2542 | 1 stocks, 48 rows, +16 new | elapsed=649s ETA=2759s | tokens=278.7
[2026-05-20 21:48:52] [min_adj_15min] [incr] 2026-05-16 ~ 2026-05-21: 48 rows, 1 pages, 29.1s
[2026-05-20 21:48:53] [min_adj_15min] [incr] 485/2542 | 1 stocks, 48 rows, +16 new | elapsed=650s ETA=2757s | tokens=279.4
[2026-05-20 21:48:59] [min_adj_15min] [incr] 2026-05-16 ~ 2026-05-21: 48 rows, 1 pages, 15.7s
[2026-05-20 21:48:59] [min_adj_15min] [incr] 486/2542 | 1 stocks, 48 rows, +16 new | elapsed=656s ETA=2776s | tokens=279.4
[2026-05-20 21:49:04] [min_adj_15min] [incr] 2026-05-16 ~ 2026-05-21: 48 rows, 1 pages, 12.1s
[2026-05-20 21:49:04] [min_adj_15min] [incr] 487/2542 | 1 stocks, 48 rows, +16 new | elapsed=661s ETA=2790s | tokens=279.4
[2026-05-20 21:49:04] [min_adj_15min] [incr] 2026-05-16 ~ 2026-05-21: 48 rows, 1 pages, 12.4s
[2026-05-20 21:49:04] [min_adj_15min] [incr] 488/2542 | 1 stocks, 48 rows, +16 new | elapsed=661s ETA=2784s | tokens=279.3
[2026-05-20 21:49:06] [min_adj_15min] [incr] 2026-05-16 ~ 2026-05-21: 48 rows, 1 pages, 19.3s
[2026-05-20 21:49:06] [min_adj_15min] [incr] 489/2542 | 1 stocks, 48 rows, +16 new | elapsed=664s ETA=2786s | tokens=279.4
[2026-05-20 21:49:07] [min_adj_15min] [incr] 2026-05-16 ~ 2026-05-21: 48 rows, 1 pages, 7.9s
[2026-05-20 21:49:07] [min_adj_15min] [incr] 490/2542 | 1 stocks, 48 rows, +16 new | elapsed=664s ETA=2781s | tokens=279.3
[2026-05-20 21:49:07] [min_adj_15min] [incr] 2026-05-16 ~ 2026-05-21: 48 rows, 1 pages, 3.8s
[2026-05-20 21:49:07] [min_adj_15min] [incr] 491/2542 | 1 stocks, 48 rows, +16 new | elapsed=665s ETA=2777s | tokens=279.4
[2026-05-20 21:49:08] [min_adj_15min] [incr] 2026-05-16 ~ 2026-05-21: 48 rows, 1 pages, 3.8s
[2026-05-20 21:49:08] [min_adj_15min] [incr] 492/2542 | 1 stocks, 48 rows, +16 new | elapsed=665s ETA=2771s | tokens=279.5
[2026-05-20 21:49:08] [min_adj_15min] [incr] 2026-05-16 ~ 2026-05-21: 48 rows, 1 pages, 2.2s
[2026-05-20 21:49:08] [min_adj_15min] [incr] 493/2542 | 1 stocks, 48 rows, +16 new | elapsed=666s ETA=2768s | tokens=279.3
[2026-05-20 21:49:12] [min_adj_15min] [incr] 2026-05-16 ~ 2026-05-21: 48 rows, 1 pages, 5.3s
[2026-05-20 21:49:12] [min_adj_15min] [incr] 494/2542 | 1 stocks, 48 rows, +16 new | elapsed=669s ETA=2775s | tokens=279.4
[2026-05-20 21:49:12] [min_adj_15min] [incr] 2026-05-16 ~ 2026-05-21: 48 rows, 1 pages, 19.8s
[2026-05-20 21:49:12] [min_adj_15min] [incr] 2026-05-16 ~ 2026-05-21: 48 rows, 1 pages, 4.9s
[2026-05-20 21:49:12] [min_adj_15min] [incr] 495/2542 | 1 stocks, 48 rows, +16 new | elapsed=670s ETA=2770s | tokens=278.4
[2026-05-20 21:49:12] [min_adj_15min] [incr] 496/2542 | 1 stocks, 48 rows, +16 new | elapsed=670s ETA=2763s | tokens=278.7
[2026-05-20 21:49:13] [min_adj_15min] [incr] 2026-05-16 ~ 2026-05-21: 48 rows, 1 pages, 4.9s
[2026-05-20 21:49:13] [min_adj_15min] [incr] 2026-05-16 ~ 2026-05-21: 48 rows, 1 pages, 4.2s
[2026-05-20 21:49:13] [min_adj_15min] [incr] 497/2542 | 1 stocks, 48 rows, +16 new | elapsed=670s ETA=2757s | tokens=277.9
[2026-05-20 21:49:13] [min_adj_15min] [incr] 498/2542 | 1 stocks, 48 rows, +16 new | elapsed=670s ETA=2751s | tokens=278.2
[2026-05-20 21:49:13] [min_adj_15min] [incr] 2026-05-16 ~ 2026-05-21: 48 rows, 1 pages, 0.7s
[2026-05-20 21:49:13] [min_adj_15min] [incr] 499/2542 | 1 stocks, 48 rows, +16 new | elapsed=671s ETA=2746s | tokens=280.0
[2026-05-20 21:49:18] [min_adj_15min] [incr] 2026-05-16 ~ 2026-05-21: 48 rows, 1 pages, 36.7s
[2026-05-20 21:49:18] [min_adj_15min] [incr] 500/2542 | 1 stocks, 48 rows, +16 new | elapsed=676s ETA=2760s | tokens=279.4
[2026-05-20 21:49:19] [min_adj_15min] [incr] 2026-05-16 ~ 2026-05-21: 48 rows, 1 pages, 6.5s
[2026-05-20 21:49:19] [min_adj_15min] [incr] 501/2542 | 1 stocks, 48 rows, +16 new | elapsed=677s ETA=2756s | tokens=279.4
[2026-05-20 21:49:20] [min_adj_15min] [incr] 2026-05-16 ~ 2026-05-21: 48 rows, 1 pages, 7.0s
[2026-05-20 21:49:20] [min_adj_15min] [incr] 502/2542 | 1 stocks, 48 rows, +16 new | elapsed=677s ETA=2752s | tokens=279.3
[2026-05-20 21:49:25] [min_adj_15min] [incr] 2026-05-16 ~ 2026-05-21: 48 rows, 1 pages, 13.2s
[2026-05-20 21:49:25] [min_adj_15min] [incr] 503/2542 | 1 stocks, 48 rows, +16 new | elapsed=683s ETA=2767s | tokens=279.4
[2026-05-20 21:49:25] [min_adj_15min] [incr] 2026-05-16 ~ 2026-05-21: 48 rows, 1 pages, 7.1s
[2026-05-20 21:49:25] [min_adj_15min] [incr] 504/2542 | 1 stocks, 48 rows, +16 new | elapsed=683s ETA=2761s | tokens=279.3
[2026-05-20 21:49:26] [min_adj_15min] [incr] 2026-05-16 ~ 2026-05-21: 48 rows, 1 pages, 13.6s
[2026-05-20 21:49:26] [min_adj_15min] [incr] 505/2542 | 1 stocks, 48 rows, +16 new | elapsed=683s ETA=2756s | tokens=279.3
[2026-05-20 21:49:26] [min_adj_15min] [incr] 2026-05-16 ~ 2026-05-21: 48 rows, 1 pages, 6.5s
[2026-05-20 21:49:26] [min_adj_15min] [incr] 506/2542 | 1 stocks, 48 rows, +16 new | elapsed=684s ETA=2751s | tokens=279.4
[2026-05-20 21:49:29] [min_adj_15min] [incr] 2026-05-16 ~ 2026-05-21: 48 rows, 1 pages, 16.5s
[2026-05-20 21:49:30] [min_adj_15min] [incr] 507/2542 | 1 stocks, 48 rows, +16 new | elapsed=687s ETA=2757s | tokens=279.4
[2026-05-20 21:49:33] [min_adj_15min] [incr] 2026-05-16 ~ 2026-05-21: 48 rows, 1 pages, 7.4s
[2026-05-20 21:49:33] [min_adj_15min] [incr] 508/2542 | 1 stocks, 48 rows, +16 new | elapsed=690s ETA=2763s | tokens=279.4
[2026-05-20 21:49:33] [min_adj_15min] [incr] 2026-05-16 ~ 2026-05-21: 48 rows, 1 pages, 7.4s
[2026-05-20 21:49:33] [min_adj_15min] [incr] 509/2542 | 1 stocks, 48 rows, +16 new | elapsed=691s ETA=2759s | tokens=279.3
[2026-05-20 21:49:34] [min_adj_15min] [incr] 2026-05-16 ~ 2026-05-21: 48 rows, 1 pages, 7.4s
[2026-05-20 21:49:34] [min_adj_15min] [incr] 510/2542 | 1 stocks, 48 rows, +16 new | elapsed=691s ETA=2754s | tokens=279.3
[2026-05-20 21:49:45] [min_adj_15min] [incr] 2026-05-16 ~ 2026-05-21: 48 rows, 1 pages, 15.4s
[2026-05-20 21:49:45] [min_adj_15min] [incr] 2026-05-16 ~ 2026-05-21: 48 rows, 1 pages, 19.7s
[2026-05-20 21:49:45] [min_adj_15min] [incr] 511/2542 | 1 stocks, 48 rows, +16 new | elapsed=703s ETA=2792s | tokens=278.5
[2026-05-20 21:49:45] [min_adj_15min] [incr] 512/2542 | 1 stocks, 48 rows, +16 new | elapsed=703s ETA=2786s | tokens=278.8
[2026-05-20 21:49:50] [min_adj_15min] [incr] 2026-05-16 ~ 2026-05-21: 48 rows, 1 pages, 16.9s
[2026-05-20 21:49:50] [min_adj_15min] [incr] 2026-05-16 ~ 2026-05-21: 48 rows, 1 pages, 17.6s
[2026-05-20 21:49:50] [min_adj_15min] [incr] 513/2542 | 1 stocks, 48 rows, +16 new | elapsed=708s ETA=2799s | tokens=278.5
[2026-05-20 21:49:50] [min_adj_15min] [incr] 514/2542 | 1 stocks, 48 rows, +16 new | elapsed=708s ETA=2793s | tokens=278.8
[2026-05-20 21:49:51] [min_adj_15min] [incr] 2026-05-16 ~ 2026-05-21: 48 rows, 1 pages, 5.5s
[2026-05-20 21:49:51] [min_adj_15min] [incr] 515/2542 | 1 stocks, 48 rows, +16 new | elapsed=708s ETA=2787s | tokens=278.9
[2026-05-20 21:49:51] [min_adj_15min] [incr] 2026-05-16 ~ 2026-05-21: 48 rows, 1 pages, 17.2s
[2026-05-20 21:49:51] [min_adj_15min] [incr] 516/2542 | 1 stocks, 48 rows, +16 new | elapsed=708s ETA=2781s | tokens=279.1
[2026-05-20 21:49:54] [min_adj_15min] [incr] 2026-05-16 ~ 2026-05-21: 48 rows, 1 pages, 8.6s
[2026-05-20 21:49:54] [min_adj_15min] [incr] 517/2542 | 1 stocks, 48 rows, +16 new | elapsed=711s ETA=2785s | tokens=279.4
[2026-05-20 21:49:54] [min_adj_15min] [incr] 2026-05-16 ~ 2026-05-21: 48 rows, 1 pages, 3.5s
[2026-05-20 21:49:54] [min_adj_15min] [incr] 518/2542 | 1 stocks, 48 rows, +16 new | elapsed=711s ETA=2779s | tokens=278.8
[2026-05-20 21:49:54] [min_adj_15min] [incr] 2026-05-16 ~ 2026-05-21: 48 rows, 1 pages, 4.0s
[2026-05-20 21:49:54] [min_adj_15min] [incr] 519/2542 | 1 stocks, 48 rows, +16 new | elapsed=712s ETA=2774s | tokens=279.4
[2026-05-20 21:49:55] [min_adj_15min] [incr] 2026-05-16 ~ 2026-05-21: 48 rows, 1 pages, 3.7s
[2026-05-20 21:49:55] [min_adj_15min] [incr] 520/2542 | 1 stocks, 48 rows, +16 new | elapsed=712s ETA=2769s | tokens=279.3
[2026-05-20 21:49:55] [min_adj_15min] [incr] 2026-05-16 ~ 2026-05-21: 48 rows, 1 pages, 1.5s
[2026-05-20 21:49:55] [min_adj_15min] [incr] 521/2542 | 1 stocks, 48 rows, +16 new | elapsed=713s ETA=2765s | tokens=279.4
[2026-05-20 21:49:56] [min_adj_15min] [incr] 2026-05-16 ~ 2026-05-21: 48 rows, 1 pages, 5.9s
[2026-05-20 21:49:57] [min_adj_15min] [incr] 522/2542 | 1 stocks, 48 rows, +16 new | elapsed=714s ETA=2763s | tokens=279.4
[2026-05-20 21:49:57] [min_adj_15min] [incr] 2026-05-16 ~ 2026-05-21: 48 rows, 1 pages, 2.8s
[2026-05-20 21:49:57] [min_adj_15min] [incr] 2026-05-16 ~ 2026-05-21: 48 rows, 1 pages, 37.5s
[2026-05-20 21:49:57] [min_adj_15min] [incr] 523/2542 | 1 stocks, 48 rows, +16 new | elapsed=714s ETA=2757s | tokens=277.9
[2026-05-20 21:49:57] [min_adj_15min] [incr] 524/2542 | 1 stocks, 48 rows, +16 new | elapsed=714s ETA=2750s | tokens=278.2
[2026-05-20 21:49:57] [min_adj_15min] [incr] 2026-05-16 ~ 2026-05-21: 48 rows, 1 pages, 2.6s
[2026-05-20 21:49:57] [min_adj_15min] [incr] 2026-05-16 ~ 2026-05-21: 48 rows, 1 pages, 2.3s
[2026-05-20 21:49:57] [min_adj_15min] [incr] 2026-05-16 ~ 2026-05-21: 48 rows, 1 pages, 1.7s
[2026-05-20 21:49:57] [min_adj_15min] [incr] 525/2542 | 1 stocks, 48 rows, +16 new | elapsed=714s ETA=2744s | tokens=276.1
[2026-05-20 21:49:57] [min_adj_15min] [incr] 526/2542 | 1 stocks, 48 rows, +16 new | elapsed=714s ETA=2738s | tokens=276.5
[2026-05-20 21:49:57] [min_adj_15min] [incr] 527/2542 | 1 stocks, 48 rows, +16 new | elapsed=714s ETA=2732s | tokens=276.8
[2026-05-20 21:50:02] [min_adj_15min] [incr] 2026-05-16 ~ 2026-05-21: 48 rows, 1 pages, 5.6s
[2026-05-20 21:50:02] [min_adj_15min] [incr] 2026-05-16 ~ 2026-05-21: 48 rows, 1 pages, 5.5s
[2026-05-20 21:50:02] [min_adj_15min] [incr] 2026-05-16 ~ 2026-05-21: 48 rows, 1 pages, 5.5s
[2026-05-20 21:50:02] [min_adj_15min] [incr] 528/2542 | 1 stocks, 48 rows, +16 new | elapsed=720s ETA=2745s | tokens=277.4
[2026-05-20 21:50:02] [min_adj_15min] [incr] 529/2542 | 1 stocks, 48 rows, +16 new | elapsed=720s ETA=2739s | tokens=277.7
[2026-05-20 21:50:02] [min_adj_15min] [incr] 530/2542 | 1 stocks, 48 rows, +16 new | elapsed=720s ETA=2732s | tokens=278.1
[2026-05-20 21:50:03] [min_adj_15min] [incr] 2026-05-16 ~ 2026-05-21: 48 rows, 1 pages, 6.1s
[2026-05-20 21:50:03] [min_adj_15min] [incr] 2026-05-16 ~ 2026-05-21: 48 rows, 1 pages, 6.0s
[2026-05-20 21:50:03] [min_adj_15min] [incr] 531/2542 | 1 stocks, 48 rows, +16 new | elapsed=720s ETA=2728s | tokens=278.3
[2026-05-20 21:50:03] [min_adj_15min] [incr] 532/2542 | 1 stocks, 48 rows, +16 new | elapsed=720s ETA=2722s | tokens=278.6
[2026-05-20 21:50:04] [min_adj_15min] [incr] 2026-05-16 ~ 2026-05-21: 48 rows, 1 pages, 6.6s
[2026-05-20 21:50:04] [min_adj_15min] [incr] 2026-05-16 ~ 2026-05-21: 48 rows, 1 pages, 1.4s
[2026-05-20 21:50:04] [min_adj_15min] [incr] 533/2542 | 1 stocks, 48 rows, +16 new | elapsed=721s ETA=2718s | tokens=278.4
[2026-05-20 21:50:04] [min_adj_15min] [incr] 534/2542 | 1 stocks, 48 rows, +16 new | elapsed=721s ETA=2712s | tokens=278.7
[2026-05-20 21:50:04] [min_adj_15min] [incr] 2026-05-16 ~ 2026-05-21: 48 rows, 1 pages, 1.8s
[2026-05-20 21:50:04] [min_adj_15min] [incr] 535/2542 | 1 stocks, 48 rows, +16 new | elapsed=721s ETA=2706s | tokens=279.0
[2026-05-20 21:50:04] [min_adj_15min] [incr] 2026-05-16 ~ 2026-05-21: 48 rows, 1 pages, 1.1s
[2026-05-20 21:50:04] [min_adj_15min] [incr] 536/2542 | 1 stocks, 48 rows, +16 new | elapsed=722s ETA=2700s | tokens=278.5
[2026-05-20 21:50:08] [min_adj_15min] [incr] 2026-05-16 ~ 2026-05-21: 48 rows, 1 pages, 4.6s
[2026-05-20 21:50:08] [min_adj_15min] [incr] 537/2542 | 1 stocks, 48 rows, +16 new | elapsed=725s ETA=2707s | tokens=279.4
[2026-05-20 21:50:09] [min_adj_15min] [incr] 2026-05-16 ~ 2026-05-21: 48 rows, 1 pages, 5.0s
[2026-05-20 21:50:09] [min_adj_15min] [incr] 538/2542 | 1 stocks, 48 rows, +16 new | elapsed=726s ETA=2705s | tokens=279.4
[2026-05-20 21:50:11] [min_adj_15min] [incr] 2026-05-16 ~ 2026-05-21: 48 rows, 1 pages, 9.1s
[2026-05-20 21:50:11] [min_adj_15min] [incr] 539/2542 | 1 stocks, 48 rows, +16 new | elapsed=729s ETA=2708s | tokens=279.4
[2026-05-20 21:50:13] [min_adj_15min] [incr] 2026-05-16 ~ 2026-05-21: 48 rows, 1 pages, 9.4s
[2026-05-20 21:50:13] [min_adj_15min] [incr] 540/2542 | 1 stocks, 48 rows, +16 new | elapsed=731s ETA=2710s | tokens=279.4
[2026-05-20 21:50:14] [min_adj_15min] [incr] 2026-05-16 ~ 2026-05-21: 48 rows, 1 pages, 6.1s
[2026-05-20 21:50:14] [min_adj_15min] [incr] 541/2542 | 1 stocks, 48 rows, +16 new | elapsed=731s ETA=2704s | tokens=279.3
[2026-05-20 21:50:14] [min_adj_15min] [incr] 2026-05-16 ~ 2026-05-21: 48 rows, 1 pages, 5.4s
[2026-05-20 21:50:14] [min_adj_15min] [incr] 542/2542 | 1 stocks, 48 rows, +16 new | elapsed=731s ETA=2699s | tokens=279.3
[2026-05-20 21:50:14] [min_adj_15min] [incr] 2026-05-16 ~ 2026-05-21: 48 rows, 1 pages, 3.0s
[2026-05-20 21:50:14] [min_adj_15min] [incr] 543/2542 | 1 stocks, 48 rows, +16 new | elapsed=732s ETA=2694s | tokens=279.3
[2026-05-20 21:50:15] [min_adj_15min] [incr] 2026-05-16 ~ 2026-05-21: 48 rows, 1 pages, 1.2s
[2026-05-20 21:50:15] [min_adj_15min] [incr] 544/2542 | 1 stocks, 48 rows, +16 new | elapsed=732s ETA=2689s | tokens=279.4
[2026-05-20 21:50:15] [min_adj_15min] [incr] 2026-05-16 ~ 2026-05-21: 48 rows, 1 pages, 11.5s
[2026-05-20 21:50:15] [min_adj_15min] [incr] 545/2542 | 1 stocks, 48 rows, +16 new | elapsed=733s ETA=2684s | tokens=279.3
[2026-05-20 21:50:15] [min_adj_15min] [incr] 2026-05-16 ~ 2026-05-21: 48 rows, 1 pages, 1.7s
[2026-05-20 21:50:15] [min_adj_15min] [incr] 546/2542 | 1 stocks, 48 rows, +16 new | elapsed=733s ETA=2679s | tokens=279.4
[2026-05-20 21:50:18] [min_adj_15min] [incr] 2026-05-16 ~ 2026-05-21: 48 rows, 1 pages, 14.0s
[2026-05-20 21:50:18] [min_adj_15min] [incr] 547/2542 | 1 stocks, 48 rows, +16 new | elapsed=736s ETA=2683s | tokens=279.4
[2026-05-20 21:50:19] [min_adj_15min] [incr] 2026-05-16 ~ 2026-05-21: 48 rows, 1 pages, 4.0s
[2026-05-20 21:50:19] [min_adj_15min] [incr] 548/2542 | 1 stocks, 48 rows, +16 new | elapsed=736s ETA=2678s | tokens=279.3
[2026-05-20 21:50:19] [min_adj_15min] [incr] 2026-05-16 ~ 2026-05-21: 48 rows, 1 pages, 5.2s
[2026-05-20 21:50:19] [min_adj_15min] [incr] 549/2542 | 1 stocks, 48 rows, +16 new | elapsed=737s ETA=2674s | tokens=279.3
[2026-05-20 21:50:20] [min_adj_15min] [incr] 2026-05-16 ~ 2026-05-21: 48 rows, 1 pages, 4.5s
[2026-05-20 21:50:20] [min_adj_15min] [incr] 550/2542 | 1 stocks, 48 rows, +16 new | elapsed=737s ETA=2671s | tokens=279.4
[2026-05-20 21:50:20] [min_adj_15min] [incr] 2026-05-16 ~ 2026-05-21: 48 rows, 1 pages, 5.0s
[2026-05-20 21:50:20] [min_adj_15min] [incr] 551/2542 | 1 stocks, 48 rows, +16 new | elapsed=738s ETA=2665s | tokens=279.4
[2026-05-20 21:50:24] [min_adj_15min] [incr] 2026-05-16 ~ 2026-05-21: 48 rows, 1 pages, 5.6s
[2026-05-20 21:50:24] [min_adj_15min] [incr] 552/2542 | 1 stocks, 48 rows, +16 new | elapsed=741s ETA=2672s | tokens=279.3
[2026-05-20 21:50:24] [min_adj_15min] [incr] 2026-05-16 ~ 2026-05-21: 48 rows, 1 pages, 4.9s
[2026-05-20 21:50:24] [min_adj_15min] [incr] 553/2542 | 1 stocks, 48 rows, +16 new | elapsed=742s ETA=2667s | tokens=279.3
[2026-05-20 21:50:26] [min_adj_15min] [incr] 2026-05-16 ~ 2026-05-21: 48 rows, 1 pages, 5.8s
[2026-05-20 21:50:26] [min_adj_15min] [incr] 554/2542 | 1 stocks, 48 rows, +16 new | elapsed=743s ETA=2667s | tokens=279.4
[2026-05-20 21:50:28] [min_adj_15min] [incr] 2026-05-16 ~ 2026-05-21: 48 rows, 1 pages, 9.8s
[2026-05-20 21:50:28] [min_adj_15min] [incr] 555/2542 | 1 stocks, 48 rows, +16 new | elapsed=746s ETA=2670s | tokens=279.4
[2026-05-20 21:50:29] [min_adj_15min] [incr] 2026-05-16 ~ 2026-05-21: 48 rows, 1 pages, 5.2s
[2026-05-20 21:50:29] [min_adj_15min] [incr] 556/2542 | 1 stocks, 48 rows, +16 new | elapsed=746s ETA=2666s | tokens=279.3
[2026-05-20 21:50:35] [min_adj_15min] [incr] 2026-05-16 ~ 2026-05-21: 48 rows, 1 pages, 20.4s
[2026-05-20 21:50:35] [min_adj_15min] [incr] 557/2542 | 1 stocks, 48 rows, +16 new | elapsed=752s ETA=2681s | tokens=279.4
[2026-05-20 21:50:40] [min_adj_15min] [incr] 2026-05-16 ~ 2026-05-21: 48 rows, 1 pages, 20.4s
[2026-05-20 21:50:41] [min_adj_15min] [incr] 558/2542 | 1 stocks, 48 rows, +16 new | elapsed=758s ETA=2695s | tokens=279.4
[2026-05-20 21:50:41] [min_adj_15min] [incr] 2026-05-16 ~ 2026-05-21: 48 rows, 1 pages, 15.2s
[2026-05-20 21:50:41] [min_adj_15min] [incr] 559/2542 | 1 stocks, 48 rows, +16 new | elapsed=758s ETA=2690s | tokens=279.4
[2026-05-20 21:50:41] [min_adj_15min] [incr] 2026-05-16 ~ 2026-05-21: 48 rows, 1 pages, 12.7s
[2026-05-20 21:50:41] [min_adj_15min] [incr] 560/2542 | 1 stocks, 48 rows, +16 new | elapsed=759s ETA=2685s | tokens=279.3
[2026-05-20 21:50:41] [min_adj_15min] [incr] 2026-05-16 ~ 2026-05-21: 48 rows, 1 pages, 12.4s
[2026-05-20 21:50:41] [min_adj_15min] [incr] 561/2542 | 1 stocks, 48 rows, +16 new | elapsed=759s ETA=2680s | tokens=279.3
[2026-05-20 21:50:42] [min_adj_15min] [incr] 2026-05-16 ~ 2026-05-21: 48 rows, 1 pages, 6.9s
[2026-05-20 21:50:42] [min_adj_15min] [incr] 562/2542 | 1 stocks, 48 rows, +16 new | elapsed=759s ETA=2675s | tokens=279.4
[2026-05-20 21:50:42] [min_adj_15min] [incr] 2026-05-16 ~ 2026-05-21: 48 rows, 1 pages, 1.3s
[2026-05-20 21:50:42] [min_adj_15min] [incr] 563/2542 | 1 stocks, 48 rows, +16 new | elapsed=759s ETA=2669s | tokens=279.3
[2026-05-20 21:50:42] [min_adj_15min] [incr] 2026-05-16 ~ 2026-05-21: 48 rows, 1 pages, 1.2s
[2026-05-20 21:50:42] [min_adj_15min] [incr] 564/2542 | 1 stocks, 48 rows, +16 new | elapsed=760s ETA=2664s | tokens=279.4
[2026-05-20 21:50:42] [min_adj_15min] [incr] 2026-05-16 ~ 2026-05-21: 48 rows, 1 pages, 1.2s
[2026-05-20 21:50:42] [min_adj_15min] [incr] 565/2542 | 1 stocks, 48 rows, +16 new | elapsed=760s ETA=2659s | tokens=279.3
[2026-05-20 21:50:43] [min_adj_15min] [incr] 2026-05-16 ~ 2026-05-21: 48 rows, 1 pages, 1.3s
[2026-05-20 21:50:43] [min_adj_15min] [incr] 2026-05-16 ~ 2026-05-21: 48 rows, 1 pages, 1.1s
[2026-05-20 21:50:43] [min_adj_15min] [incr] 566/2542 | 1 stocks, 48 rows, +16 new | elapsed=760s ETA=2654s | tokens=278.3
[2026-05-20 21:50:43] [min_adj_15min] [incr] 567/2542 | 1 stocks, 48 rows, +16 new | elapsed=760s ETA=2648s | tokens=278.8
[2026-05-20 21:50:43] [min_adj_15min] [incr] 2026-05-16 ~ 2026-05-21: 48 rows, 1 pages, 1.3s
[2026-05-20 21:50:43] [min_adj_15min] [incr] 2026-05-16 ~ 2026-05-21: 48 rows, 1 pages, 1.1s
[2026-05-20 21:50:43] [min_adj_15min] [incr] 568/2542 | 1 stocks, 48 rows, +16 new | elapsed=761s ETA=2643s | tokens=279.3
[2026-05-20 21:50:43] [min_adj_15min] [incr] 569/2542 | 1 stocks, 48 rows, +16 new | elapsed=761s ETA=2638s | tokens=278.7
[2026-05-20 21:50:44] [min_adj_15min] [incr] 2026-05-16 ~ 2026-05-21: 48 rows, 1 pages, 1.4s
[2026-05-20 21:50:44] [min_adj_15min] [incr] 570/2542 | 1 stocks, 48 rows, +16 new | elapsed=761s ETA=2633s | tokens=279.4
[2026-05-20 21:50:44] [min_adj_15min] [incr] 2026-05-16 ~ 2026-05-21: 48 rows, 1 pages, 1.5s
[2026-05-20 21:50:44] [min_adj_15min] [incr] 571/2542 | 1 stocks, 48 rows, +16 new | elapsed=762s ETA=2629s | tokens=279.4
[2026-05-20 21:50:45] [min_adj_15min] [incr] 2026-05-16 ~ 2026-05-21: 48 rows, 1 pages, 2.3s
[2026-05-20 21:50:46] [min_adj_15min] [incr] 572/2542 | 1 stocks, 48 rows, +16 new | elapsed=763s ETA=2628s | tokens=279.4
[2026-05-20 21:50:46] [min_adj_15min] [incr] 2026-05-16 ~ 2026-05-21: 48 rows, 1 pages, 2.6s
[2026-05-20 21:50:46] [min_adj_15min] [incr] 573/2542 | 1 stocks, 48 rows, +16 new | elapsed=763s ETA=2623s | tokens=279.3
[2026-05-20 21:50:46] [min_adj_15min] [incr] 2026-05-16 ~ 2026-05-21: 48 rows, 1 pages, 2.4s
[2026-05-20 21:50:46] [min_adj_15min] [incr] 574/2542 | 1 stocks, 48 rows, +16 new | elapsed=764s ETA=2618s | tokens=279.3
[2026-05-20 21:50:48] [min_adj_15min] [incr] 2026-05-16 ~ 2026-05-21: 48 rows, 1 pages, 4.0s
[2026-05-20 21:50:48] [min_adj_15min] [incr] 575/2542 | 1 stocks, 48 rows, +16 new | elapsed=766s ETA=2620s | tokens=279.4
[2026-05-20 21:50:49] [min_adj_15min] [incr] 2026-05-16 ~ 2026-05-21: 48 rows, 1 pages, 3.3s
[2026-05-20 21:50:49] [min_adj_15min] [incr] 576/2542 | 1 stocks, 48 rows, +16 new | elapsed=766s ETA=2616s | tokens=279.3
[2026-05-20 21:50:49] [min_adj_15min] [incr] 2026-05-16 ~ 2026-05-21: 48 rows, 1 pages, 3.2s
[2026-05-20 21:50:49] [min_adj_15min] [incr] 577/2542 | 1 stocks, 48 rows, +16 new | elapsed=767s ETA=2611s | tokens=279.3
[2026-05-20 21:50:50] [min_adj_15min] [incr] 2026-05-16 ~ 2026-05-21: 48 rows, 1 pages, 3.4s
[2026-05-20 21:50:50] [min_adj_15min] [incr] 578/2542 | 1 stocks, 48 rows, +16 new | elapsed=767s ETA=2606s | tokens=279.4
[2026-05-20 21:50:53] [min_adj_15min] [incr] 2026-05-16 ~ 2026-05-21: 48 rows, 1 pages, 4.2s
[2026-05-20 21:50:53] [min_adj_15min] [incr] 579/2542 | 1 stocks, 48 rows, +16 new | elapsed=770s ETA=2611s | tokens=279.4
[2026-05-20 21:50:54] [min_adj_15min] [incr] 2026-05-16 ~ 2026-05-21: 48 rows, 1 pages, 4.9s
[2026-05-20 21:50:54] [min_adj_15min] [incr] 580/2542 | 1 stocks, 48 rows, +16 new | elapsed=771s ETA=2609s | tokens=279.4
[2026-05-20 21:50:54] [min_adj_15min] [incr] 2026-05-16 ~ 2026-05-21: 48 rows, 1 pages, 4.9s
[2026-05-20 21:50:54] [min_adj_15min] [incr] 581/2542 | 1 stocks, 48 rows, +16 new | elapsed=771s ETA=2604s | tokens=279.3
[2026-05-20 21:50:54] [min_adj_15min] [incr] 2026-05-16 ~ 2026-05-21: 48 rows, 1 pages, 4.7s
[2026-05-20 21:50:54] [min_adj_15min] [incr] 582/2542 | 1 stocks, 48 rows, +16 new | elapsed=772s ETA=2599s | tokens=279.3
[2026-05-20 21:50:56] [min_adj_15min] [incr] 2026-05-16 ~ 2026-05-21: 48 rows, 1 pages, 31.4s
[2026-05-20 21:50:56] [min_adj_15min] [incr] 583/2542 | 1 stocks, 48 rows, +16 new | elapsed=773s ETA=2598s | tokens=279.4
[2026-05-20 21:50:56] [min_adj_15min] [incr] 2026-05-16 ~ 2026-05-21: 48 rows, 1 pages, 13.4s
[2026-05-20 21:50:56] [min_adj_15min] [incr] 584/2542 | 1 stocks, 48 rows, +16 new | elapsed=774s ETA=2594s | tokens=279.4
[2026-05-20 21:50:59] [min_adj_15min] [incr] 2026-05-16 ~ 2026-05-21: 48 rows, 1 pages, 6.2s
[2026-05-20 21:50:59] [min_adj_15min] [incr] 585/2542 | 1 stocks, 48 rows, +16 new | elapsed=776s ETA=2597s | tokens=279.4
[2026-05-20 21:51:03] [min_adj_15min] [incr] 2026-05-16 ~ 2026-05-21: 48 rows, 1 pages, 8.9s
[2026-05-20 21:51:03] [min_adj_15min] [incr] 586/2542 | 1 stocks, 48 rows, +16 new | elapsed=780s ETA=2605s | tokens=279.4
[2026-05-20 21:51:05] [min_adj_15min] [incr] 2026-05-16 ~ 2026-05-21: 48 rows, 1 pages, 10.7s
[2026-05-20 21:51:05] [min_adj_15min] [incr] 587/2542 | 1 stocks, 48 rows, +16 new | elapsed=782s ETA=2606s | tokens=279.4
[2026-05-20 21:51:07] [min_adj_15min] [incr] 2026-05-16 ~ 2026-05-21: 48 rows, 1 pages, 11.5s
[2026-05-20 21:51:07] [min_adj_15min] [incr] 588/2542 | 1 stocks, 48 rows, +16 new | elapsed=785s ETA=2607s | tokens=279.4
[2026-05-20 21:51:08] [min_adj_15min] [incr] 2026-05-16 ~ 2026-05-21: 48 rows, 1 pages, 14.4s
[2026-05-20 21:51:08] [min_adj_15min] [incr] 589/2542 | 1 stocks, 48 rows, +16 new | elapsed=786s ETA=2605s | tokens=279.4
[2026-05-20 21:51:16] [min_adj_15min] [incr] 2026-05-16 ~ 2026-05-21: 48 rows, 1 pages, 20.2s
[2026-05-20 21:51:16] [min_adj_15min] [incr] 590/2542 | 1 stocks, 48 rows, +16 new | elapsed=794s ETA=2627s | tokens=279.4
[2026-05-20 21:51:22] [min_adj_15min] [incr] 2026-05-16 ~ 2026-05-21: 48 rows, 1 pages, 22.9s
[2026-05-20 21:51:22] [min_adj_15min] [incr] 591/2542 | 1 stocks, 48 rows, +16 new | elapsed=799s ETA=2638s | tokens=279.4
[2026-05-20 21:51:22] [min_adj_15min] [incr] 2026-05-16 ~ 2026-05-21: 48 rows, 1 pages, 15.0s
[2026-05-20 21:51:22] [min_adj_15min] [incr] 592/2542 | 1 stocks, 48 rows, +16 new | elapsed=800s ETA=2634s | tokens=279.3
[2026-05-20 21:51:23] [min_adj_15min] [incr] 2026-05-16 ~ 2026-05-21: 48 rows, 1 pages, 14.8s
[2026-05-20 21:51:23] [min_adj_15min] [incr] 593/2542 | 1 stocks, 48 rows, +16 new | elapsed=801s ETA=2631s | tokens=279.4
[2026-05-20 21:51:23] [min_adj_15min] [incr] 2026-05-16 ~ 2026-05-21: 48 rows, 1 pages, 6.9s
[2026-05-20 21:51:23] [min_adj_15min] [incr] 594/2542 | 1 stocks, 48 rows, +16 new | elapsed=801s ETA=2626s | tokens=279.4
[2026-05-20 21:51:24] [min_adj_15min] [incr] 2026-05-16 ~ 2026-05-21: 48 rows, 1 pages, 2.1s
[2026-05-20 21:51:24] [min_adj_15min] [incr] 595/2542 | 1 stocks, 48 rows, +16 new | elapsed=801s ETA=2622s | tokens=279.4
[2026-05-20 21:51:26] [min_adj_15min] [incr] 2026-05-16 ~ 2026-05-21: 48 rows, 1 pages, 22.7s
[2026-05-20 21:51:26] [min_adj_15min] [incr] 596/2542 | 1 stocks, 48 rows, +16 new | elapsed=803s ETA=2623s | tokens=279.4
[2026-05-20 21:51:26] [min_adj_15min] [incr] 2026-05-16 ~ 2026-05-21: 48 rows, 1 pages, 3.0s
[2026-05-20 21:51:26] [min_adj_15min] [incr] 597/2542 | 1 stocks, 48 rows, +16 new | elapsed=804s ETA=2618s | tokens=279.4
[2026-05-20 21:51:26] [min_adj_15min] [incr] 2026-05-16 ~ 2026-05-21: 48 rows, 1 pages, 2.9s
[2026-05-20 21:51:26] [min_adj_15min] [incr] 598/2542 | 1 stocks, 48 rows, +16 new | elapsed=804s ETA=2613s | tokens=279.4
[2026-05-20 21:51:27] [min_adj_15min] [incr] 2026-05-16 ~ 2026-05-21: 48 rows, 1 pages, 2.9s
[2026-05-20 21:51:27] [min_adj_15min] [incr] 599/2542 | 1 stocks, 48 rows, +16 new | elapsed=804s ETA=2609s | tokens=279.3
[2026-05-20 21:51:33] [min_adj_15min] [incr] 2026-05-16 ~ 2026-05-21: 48 rows, 1 pages, 10.6s
[2026-05-20 21:51:33] [min_adj_15min] [incr] 600/2542 | 1 stocks, 48 rows, +16 new | elapsed=810s ETA=2623s | tokens=279.5
[2026-05-20 21:51:35] [min_adj_15min] [incr] 2026-05-16 ~ 2026-05-21: 48 rows, 1 pages, 30.5s
[2026-05-20 21:51:36] [min_adj_15min] [incr] 601/2542 | 1 stocks, 48 rows, +16 new | elapsed=813s ETA=2626s | tokens=279.4
[2026-05-20 21:51:36] [min_adj_15min] [incr] 2026-05-16 ~ 2026-05-21: 48 rows, 1 pages, 9.6s
[2026-05-20 21:51:36] [min_adj_15min] [incr] 602/2542 | 1 stocks, 48 rows, +16 new | elapsed=813s ETA=2621s | tokens=279.3
[2026-05-20 21:51:36] [min_adj_15min] [incr] 2026-05-16 ~ 2026-05-21: 48 rows, 1 pages, 10.4s
[2026-05-20 21:51:37] [min_adj_15min] [incr] 603/2542 | 1 stocks, 48 rows, +16 new | elapsed=814s ETA=2617s | tokens=279.3
[2026-05-20 21:51:44] [min_adj_15min] [incr] 2026-05-16 ~ 2026-05-21: 48 rows, 1 pages, 18.6s
[2026-05-20 21:51:45] [min_adj_15min] [incr] 604/2542 | 1 stocks, 48 rows, +16 new | elapsed=822s ETA=2637s | tokens=279.5
[2026-05-20 21:51:45] [min_adj_15min] [incr] 2026-05-16 ~ 2026-05-21: 48 rows, 1 pages, 9.1s
[2026-05-20 21:51:45] [min_adj_15min] [incr] 605/2542 | 1 stocks, 48 rows, +16 new | elapsed=822s ETA=2632s | tokens=279.4
[2026-05-20 21:51:45] [min_adj_15min] [incr] 2026-05-16 ~ 2026-05-21: 48 rows, 1 pages, 12.1s
[2026-05-20 21:51:45] [min_adj_15min] [incr] 2026-05-16 ~ 2026-05-21: 48 rows, 1 pages, 9.1s
[2026-05-20 21:51:45] [min_adj_15min] [incr] 606/2542 | 1 stocks, 48 rows, +16 new | elapsed=822s ETA=2627s | tokens=279.3
[2026-05-20 21:51:45] [min_adj_15min] [incr] 607/2542 | 1 stocks, 48 rows, +16 new | elapsed=822s ETA=2622s | tokens=278.8
[2026-05-20 21:51:46] [min_adj_15min] [incr] 2026-05-16 ~ 2026-05-21: 48 rows, 1 pages, 9.5s
[2026-05-20 21:51:46] [min_adj_15min] [incr] 2026-05-16 ~ 2026-05-21: 48 rows, 1 pages, 1.6s
[2026-05-20 21:51:46] [min_adj_15min] [incr] 608/2542 | 1 stocks, 48 rows, +16 new | elapsed=823s ETA=2619s | tokens=278.4
[2026-05-20 21:51:46] [min_adj_15min] [incr] 609/2542 | 1 stocks, 48 rows, +16 new | elapsed=824s ETA=2614s | tokens=278.8
[2026-05-20 21:51:46] [min_adj_15min] [incr] 2026-05-16 ~ 2026-05-21: 48 rows, 1 pages, 19.6s
[2026-05-20 21:51:46] [min_adj_15min] [incr] 610/2542 | 1 stocks, 48 rows, +16 new | elapsed=824s ETA=2609s | tokens=279.2
[2026-05-20 21:51:53] [min_adj_15min] [incr] 2026-05-16 ~ 2026-05-21: 48 rows, 1 pages, 8.2s
[2026-05-20 21:51:53] [min_adj_15min] [incr] 611/2542 | 1 stocks, 48 rows, +16 new | elapsed=831s ETA=2626s | tokens=279.5
[2026-05-20 21:51:58] [min_adj_15min] [incr] 2026-05-16 ~ 2026-05-21: 48 rows, 1 pages, 13.1s
[2026-05-20 21:51:58] [min_adj_15min] [incr] 2026-05-16 ~ 2026-05-21: 48 rows, 1 pages, 13.4s
[2026-05-20 21:51:58] [min_adj_15min] [incr] 612/2542 | 1 stocks, 48 rows, +16 new | elapsed=835s ETA=2635s | tokens=278.4
[2026-05-20 21:51:58] [min_adj_15min] [incr] 613/2542 | 1 stocks, 48 rows, +16 new | elapsed=836s ETA=2629s | tokens=278.8
[2026-05-20 21:52:09] [min_adj_15min] [incr] 2026-05-16 ~ 2026-05-21: 48 rows, 1 pages, 23.1s
[2026-05-20 21:52:09] [min_adj_15min] [incr] 614/2542 | 1 stocks, 48 rows, +16 new | elapsed=847s ETA=2659s | tokens=279.6
[2026-05-20 21:52:10] [min_adj_15min] [incr] 2026-05-16 ~ 2026-05-21: 48 rows, 1 pages, 16.4s
[2026-05-20 21:52:10] [min_adj_15min] [incr] 615/2542 | 1 stocks, 48 rows, +16 new | elapsed=847s ETA=2654s | tokens=279.4
[2026-05-20 21:52:10] [min_adj_15min] [incr] 2026-05-16 ~ 2026-05-21: 48 rows, 1 pages, 11.9s
[2026-05-20 21:52:10] [min_adj_15min] [incr] 616/2542 | 1 stocks, 48 rows, +16 new | elapsed=847s ETA=2649s | tokens=279.3
[2026-05-20 21:52:11] [min_adj_15min] [incr] 2026-05-16 ~ 2026-05-21: 48 rows, 1 pages, 25.5s
[2026-05-20 21:52:12] [min_adj_15min] [incr] 617/2542 | 1 stocks, 48 rows, +16 new | elapsed=849s ETA=2649s | tokens=279.4
[2026-05-20 21:52:15] [min_adj_15min] [incr] 2026-05-16 ~ 2026-05-21: 48 rows, 1 pages, 17.4s
[2026-05-20 21:52:15] [min_adj_15min] [incr] 618/2542 | 1 stocks, 48 rows, +16 new | elapsed=853s ETA=2655s | tokens=279.4
[2026-05-20 21:52:19] [min_adj_15min] [incr] 2026-05-16 ~ 2026-05-21: 48 rows, 1 pages, 9.8s
[2026-05-20 21:52:20] [min_adj_15min] [incr] 619/2542 | 1 stocks, 48 rows, +16 new | elapsed=857s ETA=2662s | tokens=279.4
[2026-05-20 21:52:20] [min_adj_15min] [incr] 2026-05-16 ~ 2026-05-21: 48 rows, 1 pages, 9.8s
[2026-05-20 21:52:20] [min_adj_15min] [incr] 620/2542 | 1 stocks, 48 rows, +16 new | elapsed=857s ETA=2657s | tokens=279.3
[2026-05-20 21:52:20] [min_adj_15min] [incr] 2026-05-16 ~ 2026-05-21: 48 rows, 1 pages, 8.6s
[2026-05-20 21:52:20] [min_adj_15min] [incr] 621/2542 | 1 stocks, 48 rows, +16 new | elapsed=858s ETA=2653s | tokens=279.3
[2026-05-20 21:52:21] [min_adj_15min] [incr] 2026-05-16 ~ 2026-05-21: 48 rows, 1 pages, 34.3s
[2026-05-20 21:52:21] [min_adj_15min] [incr] 622/2542 | 1 stocks, 48 rows, +16 new | elapsed=858s ETA=2649s | tokens=279.4
[2026-05-20 21:52:26] [min_adj_15min] [incr] 2026-05-16 ~ 2026-05-21: 48 rows, 1 pages, 17.2s
[2026-05-20 21:52:26] [min_adj_15min] [incr] 623/2542 | 1 stocks, 48 rows, +16 new | elapsed=864s ETA=2661s | tokens=279.4
[2026-05-20 21:52:27] [min_adj_15min] [incr] 2026-05-16 ~ 2026-05-21: 48 rows, 1 pages, 7.3s
[2026-05-20 21:52:27] [min_adj_15min] [incr] 624/2542 | 1 stocks, 48 rows, +16 new | elapsed=865s ETA=2657s | tokens=279.4
[2026-05-20 21:52:28] [min_adj_15min] [incr] 2026-05-16 ~ 2026-05-21: 48 rows, 1 pages, 7.9s
[2026-05-20 21:52:28] [min_adj_15min] [incr] 625/2542 | 1 stocks, 48 rows, +16 new | elapsed=865s ETA=2655s | tokens=279.4
[2026-05-20 21:52:34] [min_adj_15min] [incr] 2026-05-16 ~ 2026-05-21: 48 rows, 1 pages, 13.5s
[2026-05-20 21:52:34] [min_adj_15min] [incr] 626/2542 | 1 stocks, 48 rows, +16 new | elapsed=872s ETA=2668s | tokens=279.4
[2026-05-20 21:52:43] [min_adj_15min] [incr] 2026-05-16 ~ 2026-05-21: 48 rows, 1 pages, 16.6s
[2026-05-20 21:52:43] [min_adj_15min] [incr] 627/2542 | 1 stocks, 48 rows, +16 new | elapsed=881s ETA=2690s | tokens=279.6
[2026-05-20 21:52:46] [min_adj_15min] [incr] 2026-05-16 ~ 2026-05-21: 48 rows, 1 pages, 30.1s
[2026-05-20 21:52:46] [min_adj_15min] [incr] 2026-05-16 ~ 2026-05-21: 48 rows, 1 pages, 26.1s
[2026-05-20 21:52:46] [min_adj_15min] [incr] 628/2542 | 1 stocks, 48 rows, +16 new | elapsed=883s ETA=2691s | tokens=278.4
[2026-05-20 21:52:46] [min_adj_15min] [incr] 629/2542 | 1 stocks, 48 rows, +16 new | elapsed=883s ETA=2686s | tokens=278.7
[2026-05-20 21:52:52] [min_adj_15min] [incr] 2026-05-16 ~ 2026-05-21: 48 rows, 1 pages, 18.1s
[2026-05-20 21:52:52] [min_adj_15min] [incr] 2026-05-16 ~ 2026-05-21: 48 rows, 1 pages, 24.3s
[2026-05-20 21:52:52] [min_adj_15min] [incr] 630/2542 | 1 stocks, 48 rows, +16 new | elapsed=890s ETA=2701s | tokens=278.5
[2026-05-20 21:52:53] [min_adj_15min] [incr] 631/2542 | 1 stocks, 48 rows, +16 new | elapsed=890s ETA=2695s | tokens=278.9
[2026-05-20 21:52:59] [min_adj_15min] [incr] 2026-05-16 ~ 2026-05-21: 48 rows, 1 pages, 15.7s
[2026-05-20 21:52:59] [min_adj_15min] [incr] 2026-05-16 ~ 2026-05-21: 48 rows, 1 pages, 13.2s
[2026-05-20 21:52:59] [min_adj_15min] [incr] 632/2542 | 1 stocks, 48 rows, +16 new | elapsed=896s ETA=2709s | tokens=278.4
[2026-05-20 21:52:59] [min_adj_15min] [incr] 633/2542 | 1 stocks, 48 rows, +16 new | elapsed=896s ETA=2703s | tokens=278.7
[2026-05-20 21:53:02] [min_adj_15min] [incr] 2026-05-16 ~ 2026-05-21: 48 rows, 1 pages, 35.1s
[2026-05-20 21:53:02] [min_adj_15min] [incr] 634/2542 | 1 stocks, 48 rows, +16 new | elapsed=900s ETA=2708s | tokens=279.4
[2026-05-20 21:53:03] [min_adj_15min] [incr] 2026-05-16 ~ 2026-05-21: 48 rows, 1 pages, 17.7s
[2026-05-20 21:53:03] [min_adj_15min] [incr] 635/2542 | 1 stocks, 48 rows, +16 new | elapsed=901s ETA=2705s | tokens=279.4
[2026-05-20 21:53:05] [min_adj_15min] [incr] 2026-05-16 ~ 2026-05-21: 48 rows, 1 pages, 12.8s
[2026-05-20 21:53:05] [min_adj_15min] [incr] 636/2542 | 1 stocks, 48 rows, +16 new | elapsed=903s ETA=2705s | tokens=279.4
[2026-05-20 21:53:07] [min_adj_15min] [incr] 2026-05-16 ~ 2026-05-21: 48 rows, 1 pages, 14.7s
[2026-05-20 21:53:07] [min_adj_15min] [incr] 637/2542 | 1 stocks, 48 rows, +16 new | elapsed=905s ETA=2705s | tokens=279.4
[2026-05-20 21:53:10] [min_adj_15min] [incr] 2026-05-16 ~ 2026-05-21: 48 rows, 1 pages, 8.0s
[2026-05-20 21:53:10] [min_adj_15min] [incr] 638/2542 | 1 stocks, 48 rows, +16 new | elapsed=908s ETA=2709s | tokens=279.4
[2026-05-20 21:53:13] [min_adj_15min] [incr] 2026-05-16 ~ 2026-05-21: 48 rows, 1 pages, 9.4s
[2026-05-20 21:53:13] [min_adj_15min] [incr] 639/2542 | 1 stocks, 48 rows, +16 new | elapsed=910s ETA=2711s | tokens=279.4
[2026-05-20 21:53:15] [min_adj_15min] [incr] 2026-05-16 ~ 2026-05-21: 48 rows, 1 pages, 16.5s
[2026-05-20 21:53:16] [min_adj_15min] [incr] 640/2542 | 1 stocks, 48 rows, +16 new | elapsed=913s ETA=2713s | tokens=279.4
[2026-05-20 21:53:19] [min_adj_15min] [incr] 2026-05-16 ~ 2026-05-21: 48 rows, 1 pages, 13.8s
[2026-05-20 21:53:19] [min_adj_15min] [incr] 641/2542 | 1 stocks, 48 rows, +16 new | elapsed=917s ETA=2718s | tokens=279.3
[2026-05-20 21:53:19] [min_adj_15min] [incr] 2026-05-16 ~ 2026-05-21: 48 rows, 1 pages, 20.3s
[2026-05-20 21:53:19] [min_adj_15min] [incr] 642/2542 | 1 stocks, 48 rows, +16 new | elapsed=917s ETA=2713s | tokens=278.8
[2026-05-20 21:53:21] [min_adj_15min] [incr] 2026-05-16 ~ 2026-05-21: 48 rows, 1 pages, 13.8s
[2026-05-20 21:53:21] [min_adj_15min] [incr] 643/2542 | 1 stocks, 48 rows, +16 new | elapsed=918s ETA=2713s | tokens=279.3
[2026-05-20 21:53:23] [min_adj_15min] [incr] 2026-05-16 ~ 2026-05-21: 48 rows, 1 pages, 10.4s
[2026-05-20 21:53:23] [min_adj_15min] [incr] 644/2542 | 1 stocks, 48 rows, +16 new | elapsed=921s ETA=2713s | tokens=279.3
[2026-05-20 21:53:29] [min_adj_15min] [incr] 2026-05-16 ~ 2026-05-21: 48 rows, 1 pages, 9.6s
[2026-05-20 21:53:29] [min_adj_15min] [incr] 645/2542 | 1 stocks, 48 rows, +16 new | elapsed=926s ETA=2724s | tokens=279.4
[2026-05-20 21:53:29] [min_adj_15min] [incr] 2026-05-16 ~ 2026-05-21: 48 rows, 1 pages, 9.8s
[2026-05-20 21:53:29] [min_adj_15min] [incr] 646/2542 | 1 stocks, 48 rows, +16 new | elapsed=927s ETA=2719s | tokens=279.4
[2026-05-20 21:53:32] [min_adj_15min] [incr] 2026-05-16 ~ 2026-05-21: 48 rows, 1 pages, 21.6s
[2026-05-20 21:53:32] [min_adj_15min] [incr] 647/2542 | 1 stocks, 48 rows, +16 new | elapsed=929s ETA=2722s | tokens=279.4
[2026-05-20 21:53:32] [min_adj_15min] [incr] 2026-05-16 ~ 2026-05-21: 48 rows, 1 pages, 8.9s
[2026-05-20 21:53:32] [min_adj_15min] [incr] 648/2542 | 1 stocks, 48 rows, +16 new | elapsed=930s ETA=2717s | tokens=279.3
[2026-05-20 21:53:36] [min_adj_15min] [incr] 2026-05-16 ~ 2026-05-21: 48 rows, 1 pages, 20.1s
[2026-05-20 21:53:36] [min_adj_15min] [incr] 649/2542 | 1 stocks, 48 rows, +16 new | elapsed=933s ETA=2722s | tokens=279.4
[2026-05-20 21:53:37] [min_adj_15min] [incr] 2026-05-16 ~ 2026-05-21: 48 rows, 1 pages, 16.1s
[2026-05-20 21:53:37] [min_adj_15min] [incr] 650/2542 | 1 stocks, 48 rows, +16 new | elapsed=935s ETA=2720s | tokens=279.3
[2026-05-20 21:53:37] [min_adj_15min] [incr] 2026-05-16 ~ 2026-05-21: 48 rows, 1 pages, 5.6s
[2026-05-20 21:53:38] [min_adj_15min] [incr] 651/2542 | 1 stocks, 48 rows, +16 new | elapsed=935s ETA=2716s | tokens=279.3
[2026-05-20 21:53:39] [min_adj_15min] [incr] 2026-05-16 ~ 2026-05-21: 48 rows, 1 pages, 10.5s
[2026-05-20 21:53:39] [min_adj_15min] [incr] 652/2542 | 1 stocks, 48 rows, +16 new | elapsed=937s ETA=2715s | tokens=279.3
[2026-05-20 21:53:41] [min_adj_15min] [incr] 2026-05-16 ~ 2026-05-21: 48 rows, 1 pages, 8.9s
[2026-05-20 21:53:41] [min_adj_15min] [incr] 653/2542 | 1 stocks, 48 rows, +16 new | elapsed=939s ETA=2715s | tokens=279.4
[2026-05-20 21:53:43] [min_adj_15min] [incr] 2026-05-16 ~ 2026-05-21: 48 rows, 1 pages, 6.0s
[2026-05-20 21:53:43] [min_adj_15min] [incr] 654/2542 | 1 stocks, 48 rows, +16 new | elapsed=941s ETA=2716s | tokens=279.4
[2026-05-20 21:53:45] [min_adj_15min] [incr] 2026-05-16 ~ 2026-05-21: 48 rows, 1 pages, 9.5s
[2026-05-20 21:53:45] [min_adj_15min] [incr] 655/2542 | 1 stocks, 48 rows, +16 new | elapsed=943s ETA=2715s | tokens=279.4
[2026-05-20 21:53:49] [min_adj_15min] [incr] 2026-05-16 ~ 2026-05-21: 48 rows, 1 pages, 12.0s
[2026-05-20 21:53:50] [min_adj_15min] [incr] 656/2542 | 1 stocks, 48 rows, +16 new | elapsed=947s ETA=2723s | tokens=279.4
[2026-05-20 21:53:50] [min_adj_15min] [incr] 2026-05-16 ~ 2026-05-21: 48 rows, 1 pages, 10.9s
[2026-05-20 21:53:50] [min_adj_15min] [incr] 657/2542 | 1 stocks, 48 rows, +16 new | elapsed=948s ETA=2719s | tokens=279.4
[2026-05-20 21:53:55] [min_adj_15min] [incr] 2026-05-16 ~ 2026-05-21: 48 rows, 1 pages, 25.9s
[2026-05-20 21:53:55] [min_adj_15min] [incr] 658/2542 | 1 stocks, 48 rows, +16 new | elapsed=953s ETA=2727s | tokens=279.4
[2026-05-20 21:53:58] [min_adj_15min] [incr] 2026-05-16 ~ 2026-05-21: 48 rows, 1 pages, 16.4s
[2026-05-20 21:53:58] [min_adj_15min] [incr] 659/2542 | 1 stocks, 48 rows, +16 new | elapsed=955s ETA=2729s | tokens=279.4
[2026-05-20 21:53:58] [min_adj_15min] [incr] 2026-05-16 ~ 2026-05-21: 48 rows, 1 pages, 8.2s
[2026-05-20 21:53:58] [min_adj_15min] [incr] 660/2542 | 1 stocks, 48 rows, +16 new | elapsed=955s ETA=2724s | tokens=279.3
[2026-05-20 21:53:58] [min_adj_15min] [incr] 2026-05-16 ~ 2026-05-21: 48 rows, 1 pages, 15.1s
[2026-05-20 21:53:58] [min_adj_15min] [incr] 661/2542 | 1 stocks, 48 rows, +16 new | elapsed=956s ETA=2720s | tokens=279.3
[2026-05-20 21:54:00] [min_adj_15min] [incr] 2026-05-16 ~ 2026-05-21: 48 rows, 1 pages, 15.2s
[2026-05-20 21:54:00] [min_adj_15min] [incr] 662/2542 | 1 stocks, 48 rows, +16 new | elapsed=958s ETA=2720s | tokens=279.4
[2026-05-20 21:54:03] [min_adj_15min] [incr] 2026-05-16 ~ 2026-05-21: 48 rows, 1 pages, 8.4s
[2026-05-20 21:54:04] [min_adj_15min] [incr] 663/2542 | 1 stocks, 48 rows, +16 new | elapsed=961s ETA=2723s | tokens=279.4
[2026-05-20 21:54:07] [min_adj_15min] [incr] 2026-05-16 ~ 2026-05-21: 48 rows, 1 pages, 9.0s
[2026-05-20 21:54:07] [min_adj_15min] [incr] 664/2542 | 1 stocks, 48 rows, +16 new | elapsed=964s ETA=2727s | tokens=279.4
[2026-05-20 21:54:07] [min_adj_15min] [incr] 2026-05-16 ~ 2026-05-21: 48 rows, 1 pages, 16.5s
[2026-05-20 21:54:07] [min_adj_15min] [incr] 665/2542 | 1 stocks, 48 rows, +16 new | elapsed=964s ETA=2722s | tokens=279.1
[2026-05-20 21:54:14] [min_adj_15min] [incr] 2026-05-16 ~ 2026-05-21: 48 rows, 1 pages, 15.5s
[2026-05-20 21:54:14] [min_adj_15min] [incr] 666/2542 | 1 stocks, 48 rows, +16 new | elapsed=971s ETA=2736s | tokens=279.5
[2026-05-20 21:54:15] [min_adj_15min] [incr] 2026-05-16 ~ 2026-05-21: 48 rows, 1 pages, 17.2s
[2026-05-20 21:54:15] [min_adj_15min] [incr] 667/2542 | 1 stocks, 48 rows, +16 new | elapsed=972s ETA=2734s | tokens=279.4
[2026-05-20 21:54:16] [min_adj_15min] [incr] 2026-05-16 ~ 2026-05-21: 48 rows, 1 pages, 9.9s
[2026-05-20 21:54:17] [min_adj_15min] [incr] 668/2542 | 1 stocks, 48 rows, +16 new | elapsed=974s ETA=2733s | tokens=279.4
[2026-05-20 21:54:18] [min_adj_15min] [incr] 2026-05-16 ~ 2026-05-21: 48 rows, 1 pages, 11.3s
[2026-05-20 21:54:18] [min_adj_15min] [incr] 669/2542 | 1 stocks, 48 rows, +16 new | elapsed=976s ETA=2732s | tokens=279.4
[2026-05-20 21:54:19] [min_adj_15min] [incr] 2026-05-16 ~ 2026-05-21: 48 rows, 1 pages, 15.1s
[2026-05-20 21:54:19] [min_adj_15min] [incr] 670/2542 | 1 stocks, 48 rows, +16 new | elapsed=976s ETA=2727s | tokens=279.3
[2026-05-20 21:54:19] [min_adj_15min] [incr] 2026-05-16 ~ 2026-05-21: 48 rows, 1 pages, 4.0s
[2026-05-20 21:54:19] [min_adj_15min] [incr] 671/2542 | 1 stocks, 48 rows, +16 new | elapsed=977s ETA=2723s | tokens=279.4
[2026-05-20 21:54:20] [min_adj_15min] [incr] 2026-05-16 ~ 2026-05-21: 48 rows, 1 pages, 3.1s
[2026-05-20 21:54:20] [min_adj_15min] [incr] 672/2542 | 1 stocks, 48 rows, +16 new | elapsed=977s ETA=2719s | tokens=279.4
[2026-05-20 21:54:21] [min_adj_15min] [incr] 2026-05-16 ~ 2026-05-21: 48 rows, 1 pages, 2.8s
[2026-05-20 21:54:21] [min_adj_15min] [incr] 673/2542 | 1 stocks, 48 rows, +16 new | elapsed=979s ETA=2718s | tokens=279.4
[2026-05-20 21:54:26] [min_adj_15min] [incr] 2026-05-16 ~ 2026-05-21: 48 rows, 1 pages, 12.5s
[2026-05-20 21:54:27] [min_adj_15min] [incr] 674/2542 | 1 stocks, 48 rows, +16 new | elapsed=984s ETA=2727s | tokens=279.4
[2026-05-20 21:54:27] [min_adj_15min] [incr] 2026-05-16 ~ 2026-05-21: 48 rows, 1 pages, 8.0s
[2026-05-20 21:54:27] [min_adj_15min] [incr] 675/2542 | 1 stocks, 48 rows, +16 new | elapsed=984s ETA=2723s | tokens=279.4
[2026-05-20 21:54:28] [min_adj_15min] [incr] 2026-05-16 ~ 2026-05-21: 48 rows, 1 pages, 28.0s
[2026-05-20 21:54:28] [min_adj_15min] [incr] 676/2542 | 1 stocks, 48 rows, +16 new | elapsed=986s ETA=2721s | tokens=279.3
[2026-05-20 21:54:32] [min_adj_15min] [incr] 2026-05-16 ~ 2026-05-21: 48 rows, 1 pages, 13.9s
[2026-05-20 21:54:33] [min_adj_15min] [incr] 677/2542 | 1 stocks, 48 rows, +16 new | elapsed=990s ETA=2727s | tokens=279.4
[2026-05-20 21:54:33] [min_adj_15min] [incr] 2026-05-16 ~ 2026-05-21: 48 rows, 1 pages, 13.2s
[2026-05-20 21:54:33] [min_adj_15min] [incr] 678/2542 | 1 stocks, 48 rows, +16 new | elapsed=990s ETA=2723s | tokens=279.3
[2026-05-20 21:54:33] [min_adj_15min] [incr] 2026-05-16 ~ 2026-05-21: 48 rows, 1 pages, 12.0s
[2026-05-20 21:54:33] [min_adj_15min] [incr] 679/2542 | 1 stocks, 48 rows, +16 new | elapsed=991s ETA=2718s | tokens=279.3
[2026-05-20 21:54:33] [min_adj_15min] [incr] 2026-05-16 ~ 2026-05-21: 48 rows, 1 pages, 6.3s
[2026-05-20 21:54:33] [min_adj_15min] [incr] 680/2542 | 1 stocks, 48 rows, +16 new | elapsed=991s ETA=2713s | tokens=279.3
[2026-05-20 21:54:33] [min_adj_15min] [incr] 2026-05-16 ~ 2026-05-21: 48 rows, 1 pages, 5.1s
[2026-05-20 21:54:34] [min_adj_15min] [incr] 681/2542 | 1 stocks, 48 rows, +16 new | elapsed=991s ETA=2708s | tokens=279.0
[2026-05-20 21:54:34] [min_adj_15min] [incr] 2026-05-16 ~ 2026-05-21: 48 rows, 1 pages, 0.9s
[2026-05-20 21:54:34] [min_adj_15min] [incr] 682/2542 | 1 stocks, 48 rows, +16 new | elapsed=991s ETA=2704s | tokens=279.3
[2026-05-20 21:54:40] [min_adj_15min] [incr] 2026-05-16 ~ 2026-05-21: 48 rows, 1 pages, 7.4s
[2026-05-20 21:54:40] [min_adj_15min] [incr] 683/2542 | 1 stocks, 48 rows, +16 new | elapsed=997s ETA=2715s | tokens=279.4
[2026-05-20 21:54:40] [min_adj_15min] [incr] 2026-05-16 ~ 2026-05-21: 48 rows, 1 pages, 7.0s
[2026-05-20 21:54:40] [min_adj_15min] [incr] 684/2542 | 1 stocks, 48 rows, +16 new | elapsed=998s ETA=2710s | tokens=279.2
[2026-05-20 21:54:41] [min_adj_15min] [incr] 2026-05-16 ~ 2026-05-21: 48 rows, 1 pages, 14.3s
[2026-05-20 21:54:41] [min_adj_15min] [incr] 685/2542 | 1 stocks, 48 rows, +16 new | elapsed=998s ETA=2706s | tokens=279.4
[2026-05-20 21:54:41] [min_adj_15min] [incr] 2026-05-16 ~ 2026-05-21: 48 rows, 1 pages, 7.5s
[2026-05-20 21:54:41] [min_adj_15min] [incr] 686/2542 | 1 stocks, 48 rows, +16 new | elapsed=998s ETA=2701s | tokens=279.1
[2026-05-20 21:54:46] [min_adj_15min] [incr] 2026-05-16 ~ 2026-05-21: 48 rows, 1 pages, 6.0s
[2026-05-20 21:54:46] [min_adj_15min] [incr] 687/2542 | 1 stocks, 48 rows, +16 new | elapsed=1003s ETA=2709s | tokens=279.4
[2026-05-20 21:54:46] [min_adj_15min] [incr] 2026-05-16 ~ 2026-05-21: 48 rows, 1 pages, 6.2s
[2026-05-20 21:54:46] [min_adj_15min] [incr] 688/2542 | 1 stocks, 48 rows, +16 new | elapsed=1004s ETA=2705s | tokens=279.3
[2026-05-20 21:54:47] [min_adj_15min] [incr] 2026-05-16 ~ 2026-05-21: 48 rows, 1 pages, 5.8s
[2026-05-20 21:54:47] [min_adj_15min] [incr] 689/2542 | 1 stocks, 48 rows, +16 new | elapsed=1004s ETA=2700s | tokens=279.3
[2026-05-20 21:54:51] [min_adj_15min] [incr] 2026-05-16 ~ 2026-05-21: 48 rows, 1 pages, 10.5s
[2026-05-20 21:54:52] [min_adj_15min] [incr] 690/2542 | 1 stocks, 48 rows, +16 new | elapsed=1009s ETA=2708s | tokens=279.4
[2026-05-20 21:54:52] [min_adj_15min] [incr] 2026-05-16 ~ 2026-05-21: 48 rows, 1 pages, 5.9s
[2026-05-20 21:54:52] [min_adj_15min] [incr] 691/2542 | 1 stocks, 48 rows, +16 new | elapsed=1009s ETA=2704s | tokens=279.4
[2026-05-20 21:54:53] [min_adj_15min] [incr] 2026-05-16 ~ 2026-05-21: 48 rows, 1 pages, 19.6s
[2026-05-20 21:54:53] [min_adj_15min] [incr] 692/2542 | 1 stocks, 48 rows, +16 new | elapsed=1010s ETA=2701s | tokens=279.4
[2026-05-20 21:54:54] [min_adj_15min] [incr] 2026-05-16 ~ 2026-05-21: 48 rows, 1 pages, 7.6s
[2026-05-20 21:54:54] [min_adj_15min] [incr] 693/2542 | 1 stocks, 48 rows, +16 new | elapsed=1012s ETA=2699s | tokens=279.3
[2026-05-20 21:54:56] [min_adj_15min] [incr] 2026-05-16 ~ 2026-05-21: 48 rows, 1 pages, 4.6s
[2026-05-20 21:54:56] [min_adj_15min] [incr] 694/2542 | 1 stocks, 48 rows, +16 new | elapsed=1014s ETA=2699s | tokens=279.4
[2026-05-20 21:54:56] [min_adj_15min] [incr] 2026-05-16 ~ 2026-05-21: 48 rows, 1 pages, 4.6s
[2026-05-20 21:54:56] [min_adj_15min] [incr] 695/2542 | 1 stocks, 48 rows, +16 new | elapsed=1014s ETA=2695s | tokens=279.3
[2026-05-20 21:54:57] [min_adj_15min] [incr] 2026-05-16 ~ 2026-05-21: 48 rows, 1 pages, 4.1s
[2026-05-20 21:54:57] [min_adj_15min] [incr] 696/2542 | 1 stocks, 48 rows, +16 new | elapsed=1015s ETA=2691s | tokens=279.4
[2026-05-20 21:55:01] [min_adj_15min] [incr] 2026-05-16 ~ 2026-05-21: 48 rows, 1 pages, 7.2s
[2026-05-20 21:55:02] [min_adj_15min] [incr] 697/2542 | 1 stocks, 48 rows, +16 new | elapsed=1019s ETA=2697s | tokens=279.4
[2026-05-20 21:55:02] [min_adj_15min] [incr] 2026-05-16 ~ 2026-05-21: 48 rows, 1 pages, 5.6s
[2026-05-20 21:55:02] [min_adj_15min] [incr] 698/2542 | 1 stocks, 48 rows, +16 new | elapsed=1019s ETA=2693s | tokens=279.3
[2026-05-20 21:55:02] [min_adj_15min] [incr] 2026-05-16 ~ 2026-05-21: 48 rows, 1 pages, 5.6s
[2026-05-20 21:55:02] [min_adj_15min] [incr] 699/2542 | 1 stocks, 48 rows, +16 new | elapsed=1020s ETA=2688s | tokens=279.3
[2026-05-20 21:55:03] [min_adj_15min] [incr] 2026-05-16 ~ 2026-05-21: 48 rows, 1 pages, 5.6s
[2026-05-20 21:55:03] [min_adj_15min] [incr] 700/2542 | 1 stocks, 48 rows, +16 new | elapsed=1020s ETA=2685s | tokens=279.3
[2026-05-20 21:55:03] [min_adj_15min] [incr] 2026-05-16 ~ 2026-05-21: 48 rows, 1 pages, 1.9s
[2026-05-20 21:55:03] [min_adj_15min] [incr] 701/2542 | 1 stocks, 48 rows, +16 new | elapsed=1021s ETA=2681s | tokens=279.4
[2026-05-20 21:55:04] [min_adj_15min] [incr] 2026-05-16 ~ 2026-05-21: 48 rows, 1 pages, 17.9s
[2026-05-20 21:55:04] [min_adj_15min] [incr] 702/2542 | 1 stocks, 48 rows, +16 new | elapsed=1022s ETA=2678s | tokens=279.4
[2026-05-20 21:55:05] [min_adj_15min] [incr] 2026-05-16 ~ 2026-05-21: 48 rows, 1 pages, 2.7s
[2026-05-20 21:55:05] [min_adj_15min] [incr] 703/2542 | 1 stocks, 48 rows, +16 new | elapsed=1022s ETA=2674s | tokens=279.4
[2026-05-20 21:55:05] [min_adj_15min] [incr] 2026-05-16 ~ 2026-05-21: 48 rows, 1 pages, 2.4s
[2026-05-20 21:55:05] [min_adj_15min] [incr] 704/2542 | 1 stocks, 48 rows, +16 new | elapsed=1023s ETA=2670s | tokens=279.4
[2026-05-20 21:55:09] [min_adj_15min] [incr] 2026-05-16 ~ 2026-05-21: 48 rows, 1 pages, 34.9s
[2026-05-20 21:55:09] [min_adj_15min] [incr] 705/2542 | 1 stocks, 48 rows, +16 new | elapsed=1026s ETA=2674s | tokens=279.4
[2026-05-20 21:55:09] [min_adj_15min] [incr] 2026-05-16 ~ 2026-05-21: 48 rows, 1 pages, 4.7s
[2026-05-20 21:55:09] [min_adj_15min] [incr] 706/2542 | 1 stocks, 48 rows, +16 new | elapsed=1026s ETA=2669s | tokens=279.4
[2026-05-20 21:55:12] [min_adj_15min] [incr] 2026-05-16 ~ 2026-05-21: 48 rows, 1 pages, 10.3s
[2026-05-20 21:55:12] [min_adj_15min] [incr] 707/2542 | 1 stocks, 48 rows, +16 new | elapsed=1030s ETA=2672s | tokens=279.4
[2026-05-20 21:55:15] [min_adj_15min] [incr] 2026-05-16 ~ 2026-05-21: 48 rows, 1 pages, 11.7s
[2026-05-20 21:55:15] [min_adj_15min] [incr] 708/2542 | 1 stocks, 48 rows, +16 new | elapsed=1033s ETA=2675s | tokens=279.4
[2026-05-20 21:55:16] [min_adj_15min] [incr] 2026-05-16 ~ 2026-05-21: 48 rows, 1 pages, 10.7s
[2026-05-20 21:55:16] [min_adj_15min] [incr] 709/2542 | 1 stocks, 48 rows, +16 new | elapsed=1033s ETA=2671s | tokens=279.3
[2026-05-20 21:55:16] [min_adj_15min] [incr] 2026-05-16 ~ 2026-05-21: 48 rows, 1 pages, 7.2s
[2026-05-20 21:55:16] [min_adj_15min] [incr] 710/2542 | 1 stocks, 48 rows, +16 new | elapsed=1033s ETA=2666s | tokens=278.7
[2026-05-20 21:55:17] [min_adj_15min] [incr] 2026-05-16 ~ 2026-05-21: 48 rows, 1 pages, 4.6s
[2026-05-20 21:55:17] [min_adj_15min] [incr] 711/2542 | 1 stocks, 48 rows, +16 new | elapsed=1034s ETA=2663s | tokens=279.4
[2026-05-20 21:55:17] [min_adj_15min] [incr] 2026-05-16 ~ 2026-05-21: 48 rows, 1 pages, 12.6s
[2026-05-20 21:55:17] [min_adj_15min] [incr] 712/2542 | 1 stocks, 48 rows, +16 new | elapsed=1035s ETA=2660s | tokens=279.4
[2026-05-20 21:55:19] [min_adj_15min] [incr] 2026-05-16 ~ 2026-05-21: 48 rows, 1 pages, 4.1s
[2026-05-20 21:55:19] [min_adj_15min] [incr] 713/2542 | 1 stocks, 48 rows, +16 new | elapsed=1037s ETA=2660s | tokens=279.4
[2026-05-20 21:55:20] [min_adj_15min] [incr] 2026-05-16 ~ 2026-05-21: 48 rows, 1 pages, 3.8s
[2026-05-20 21:55:20] [min_adj_15min] [incr] 714/2542 | 1 stocks, 48 rows, +16 new | elapsed=1037s ETA=2655s | tokens=279.3
[2026-05-20 21:55:20] [min_adj_15min] [incr] 2026-05-16 ~ 2026-05-21: 48 rows, 1 pages, 3.3s
[2026-05-20 21:55:20] [min_adj_15min] [incr] 715/2542 | 1 stocks, 48 rows, +16 new | elapsed=1038s ETA=2651s | tokens=279.4
[2026-05-20 21:55:20] [min_adj_15min] [incr] 2026-05-16 ~ 2026-05-21: 48 rows, 1 pages, 2.9s
[2026-05-20 21:55:20] [min_adj_15min] [incr] 716/2542 | 1 stocks, 48 rows, +16 new | elapsed=1038s ETA=2647s | tokens=279.3
[2026-05-20 21:55:20] [min_adj_15min] [incr] 2026-05-16 ~ 2026-05-21: 48 rows, 1 pages, 1.1s
[2026-05-20 21:55:21] [min_adj_15min] [incr] 717/2542 | 1 stocks, 48 rows, +16 new | elapsed=1038s ETA=2642s | tokens=279.2
[2026-05-20 21:55:21] [min_adj_15min] [incr] 2026-05-16 ~ 2026-05-21: 48 rows, 1 pages, 1.1s
[2026-05-20 21:55:21] [min_adj_15min] [incr] 718/2542 | 1 stocks, 48 rows, +16 new | elapsed=1038s ETA=2638s | tokens=279.4
[2026-05-20 21:55:23] [min_adj_15min] [incr] 2026-05-16 ~ 2026-05-21: 48 rows, 1 pages, 13.8s
[2026-05-20 21:55:23] [min_adj_15min] [incr] 719/2542 | 1 stocks, 48 rows, +16 new | elapsed=1040s ETA=2638s | tokens=279.4
[2026-05-20 21:55:23] [min_adj_15min] [incr] 2026-05-16 ~ 2026-05-21: 48 rows, 1 pages, 2.9s
[2026-05-20 21:55:23] [min_adj_15min] [incr] 720/2542 | 1 stocks, 48 rows, +16 new | elapsed=1041s ETA=2633s | tokens=279.4
[2026-05-20 21:55:24] [min_adj_15min] [incr] 2026-05-16 ~ 2026-05-21: 48 rows, 1 pages, 3.9s
[2026-05-20 21:55:24] [min_adj_15min] [incr] 721/2542 | 1 stocks, 48 rows, +16 new | elapsed=1042s ETA=2630s | tokens=279.4
[2026-05-20 21:55:26] [min_adj_15min] [incr] 2026-05-16 ~ 2026-05-21: 48 rows, 1 pages, 5.3s
[2026-05-20 21:55:26] [min_adj_15min] [incr] 722/2542 | 1 stocks, 48 rows, +16 new | elapsed=1043s ETA=2630s | tokens=279.4
[2026-05-20 21:55:26] [min_adj_15min] [incr] 2026-05-16 ~ 2026-05-21: 48 rows, 1 pages, 3.2s
[2026-05-20 21:55:26] [min_adj_15min] [incr] 723/2542 | 1 stocks, 48 rows, +16 new | elapsed=1044s ETA=2625s | tokens=279.3
[2026-05-20 21:55:29] [min_adj_15min] [incr] 2026-05-16 ~ 2026-05-21: 48 rows, 1 pages, 13.6s
[2026-05-20 21:55:30] [min_adj_15min] [incr] 724/2542 | 1 stocks, 48 rows, +16 new | elapsed=1047s ETA=2629s | tokens=279.3
[2026-05-20 21:55:31] [min_adj_15min] [incr] 2026-05-16 ~ 2026-05-21: 48 rows, 1 pages, 7.7s
[2026-05-20 21:55:31] [min_adj_15min] [incr] 725/2542 | 1 stocks, 48 rows, +16 new | elapsed=1048s ETA=2627s | tokens=279.4
[2026-05-20 21:55:32] [min_adj_15min] [incr] 2026-05-16 ~ 2026-05-21: 48 rows, 1 pages, 7.7s
[2026-05-20 21:55:32] [min_adj_15min] [incr] 726/2542 | 1 stocks, 48 rows, +16 new | elapsed=1049s ETA=2624s | tokens=279.3
[2026-05-20 21:55:32] [min_adj_15min] [incr] 2026-05-16 ~ 2026-05-21: 48 rows, 1 pages, 11.6s
[2026-05-20 21:55:33] [min_adj_15min] [incr] 727/2542 | 1 stocks, 48 rows, +16 new | elapsed=1050s ETA=2621s | tokens=279.4
[2026-05-20 21:55:35] [min_adj_15min] [incr] 2026-05-16 ~ 2026-05-21: 48 rows, 1 pages, 8.9s
[2026-05-20 21:55:35] [min_adj_15min] [incr] 728/2542 | 1 stocks, 48 rows, +16 new | elapsed=1052s ETA=2622s | tokens=279.4
[2026-05-20 21:55:36] [min_adj_15min] [incr] 2026-05-16 ~ 2026-05-21: 48 rows, 1 pages, 6.2s
[2026-05-20 21:55:36] [min_adj_15min] [incr] 729/2542 | 1 stocks, 48 rows, +16 new | elapsed=1053s ETA=2619s | tokens=279.4
[2026-05-20 21:55:36] [min_adj_15min] [incr] 2026-05-16 ~ 2026-05-21: 48 rows, 1 pages, 4.6s
[2026-05-20 21:55:36] [min_adj_15min] [incr] 730/2542 | 1 stocks, 48 rows, +16 new | elapsed=1054s ETA=2616s | tokens=279.3
[2026-05-20 21:55:40] [min_adj_15min] [incr] 2026-05-16 ~ 2026-05-21: 48 rows, 1 pages, 13.8s
[2026-05-20 21:55:40] [min_adj_15min] [incr] 731/2542 | 1 stocks, 48 rows, +16 new | elapsed=1057s ETA=2620s | tokens=279.4
[2026-05-20 21:55:40] [min_adj_15min] [incr] 2026-05-16 ~ 2026-05-21: 48 rows, 1 pages, 9.2s
[2026-05-20 21:55:40] [min_adj_15min] [incr] 2026-05-16 ~ 2026-05-21: 48 rows, 1 pages, 7.7s
[2026-05-20 21:55:40] [min_adj_15min] [incr] 732/2542 | 1 stocks, 48 rows, +16 new | elapsed=1058s ETA=2615s | tokens=278.3
[2026-05-20 21:55:40] [min_adj_15min] [incr] 733/2542 | 1 stocks, 48 rows, +16 new | elapsed=1058s ETA=2610s | tokens=278.7
[2026-05-20 21:55:40] [min_adj_15min] [incr] 2026-05-16 ~ 2026-05-21: 48 rows, 1 pages, 5.7s
[2026-05-20 21:55:40] [min_adj_15min] [incr] 734/2542 | 1 stocks, 48 rows, +16 new | elapsed=1058s ETA=2606s | tokens=278.4
[2026-05-20 21:55:40] [min_adj_15min] [incr] 2026-05-16 ~ 2026-05-21: 48 rows, 1 pages, 4.2s
[2026-05-20 21:55:41] [min_adj_15min] [incr] 735/2542 | 1 stocks, 48 rows, +16 new | elapsed=1058s ETA=2601s | tokens=278.1
[2026-05-20 21:55:41] [min_adj_15min] [incr] 2026-05-16 ~ 2026-05-21: 48 rows, 1 pages, 0.8s
[2026-05-20 21:55:41] [min_adj_15min] [incr] 736/2542 | 1 stocks, 48 rows, +16 new | elapsed=1058s ETA=2597s | tokens=279.1
[2026-05-20 21:55:41] [min_adj_15min] [incr] 2026-05-16 ~ 2026-05-21: 48 rows, 1 pages, 1.0s
[2026-05-20 21:55:41] [min_adj_15min] [incr] 737/2542 | 1 stocks, 48 rows, +16 new | elapsed=1059s ETA=2593s | tokens=279.4
[2026-05-20 21:55:42] [min_adj_15min] [incr] 2026-05-16 ~ 2026-05-21: 48 rows, 1 pages, 1.2s
[2026-05-20 21:55:42] [min_adj_15min] [incr] 738/2542 | 1 stocks, 48 rows, +16 new | elapsed=1059s ETA=2589s | tokens=279.4
[2026-05-20 21:55:44] [min_adj_15min] [incr] 2026-05-16 ~ 2026-05-21: 48 rows, 1 pages, 8.5s
[2026-05-20 21:55:44] [min_adj_15min] [incr] 2026-05-16 ~ 2026-05-21: 48 rows, 1 pages, 4.4s
[2026-05-20 21:55:44] [min_adj_15min] [incr] 739/2542 | 1 stocks, 48 rows, +16 new | elapsed=1062s ETA=2590s | tokens=279.4
[2026-05-20 21:55:44] [min_adj_15min] [incr] 740/2542 | 1 stocks, 48 rows, +16 new | elapsed=1062s ETA=2586s | tokens=278.9
[2026-05-20 21:55:45] [min_adj_15min] [incr] 2026-05-16 ~ 2026-05-21: 48 rows, 1 pages, 4.1s
[2026-05-20 21:55:45] [min_adj_15min] [incr] 741/2542 | 1 stocks, 48 rows, +16 new | elapsed=1063s ETA=2583s | tokens=279.4
[2026-05-20 21:55:46] [min_adj_15min] [incr] 2026-05-16 ~ 2026-05-21: 48 rows, 1 pages, 5.7s
[2026-05-20 21:55:46] [min_adj_15min] [incr] 742/2542 | 1 stocks, 48 rows, +16 new | elapsed=1064s ETA=2580s | tokens=279.4
[2026-05-20 21:55:46] [min_adj_15min] [incr] 2026-05-16 ~ 2026-05-21: 48 rows, 1 pages, 5.3s
[2026-05-20 21:55:47] [min_adj_15min] [incr] 743/2542 | 1 stocks, 48 rows, +16 new | elapsed=1064s ETA=2576s | tokens=279.3
[2026-05-20 21:55:51] [min_adj_15min] [incr] 2026-05-16 ~ 2026-05-21: 48 rows, 1 pages, 6.4s
[2026-05-20 21:55:51] [min_adj_15min] [incr] 744/2542 | 1 stocks, 48 rows, +16 new | elapsed=1068s ETA=2582s | tokens=279.4
[2026-05-20 21:55:52] [min_adj_15min] [incr] 2026-05-16 ~ 2026-05-21: 48 rows, 1 pages, 10.3s
[2026-05-20 21:55:52] [min_adj_15min] [incr] 745/2542 | 1 stocks, 48 rows, +16 new | elapsed=1069s ETA=2580s | tokens=279.4
[2026-05-20 21:55:54] [min_adj_15min] [incr] 2026-05-16 ~ 2026-05-21: 48 rows, 1 pages, 9.5s
[2026-05-20 21:55:54] [min_adj_15min] [incr] 746/2542 | 1 stocks, 48 rows, +16 new | elapsed=1071s ETA=2579s | tokens=279.4
[2026-05-20 21:55:54] [min_adj_15min] [incr] 2026-05-16 ~ 2026-05-21: 48 rows, 1 pages, 7.6s
[2026-05-20 21:55:54] [min_adj_15min] [incr] 747/2542 | 1 stocks, 48 rows, +16 new | elapsed=1072s ETA=2575s | tokens=279.4
[2026-05-20 21:55:58] [min_adj_15min] [incr] 2026-05-16 ~ 2026-05-21: 48 rows, 1 pages, 7.1s
[2026-05-20 21:55:58] [min_adj_15min] [incr] 748/2542 | 1 stocks, 48 rows, +16 new | elapsed=1075s ETA=2579s | tokens=279.4
[2026-05-20 21:56:00] [min_adj_15min] [incr] 2026-05-16 ~ 2026-05-21: 48 rows, 1 pages, 15.0s
[2026-05-20 21:56:00] [min_adj_15min] [incr] 749/2542 | 1 stocks, 48 rows, +16 new | elapsed=1078s ETA=2580s | tokens=279.4
[2026-05-20 21:56:00] [min_adj_15min] [incr] 2026-05-16 ~ 2026-05-21: 48 rows, 1 pages, 6.7s
[2026-05-20 21:56:01] [min_adj_15min] [incr] 750/2542 | 1 stocks, 48 rows, +16 new | elapsed=1078s ETA=2576s | tokens=279.4
[2026-05-20 21:56:01] [min_adj_15min] [incr] 2026-05-16 ~ 2026-05-21: 48 rows, 1 pages, 6.7s
[2026-05-20 21:56:01] [min_adj_15min] [incr] 751/2542 | 1 stocks, 48 rows, +16 new | elapsed=1078s ETA=2571s | tokens=279.3
[2026-05-20 21:56:05] [min_adj_15min] [incr] 2026-05-16 ~ 2026-05-21: 48 rows, 1 pages, 18.6s
[2026-05-20 21:56:05] [min_adj_15min] [incr] 752/2542 | 1 stocks, 48 rows, +16 new | elapsed=1082s ETA=2576s | tokens=279.4
[2026-05-20 21:56:05] [min_adj_15min] [incr] 2026-05-16 ~ 2026-05-21: 48 rows, 1 pages, 5.1s
[2026-05-20 21:56:05] [min_adj_15min] [incr] 753/2542 | 1 stocks, 48 rows, +16 new | elapsed=1083s ETA=2572s | tokens=279.4
[2026-05-20 21:56:10] [min_adj_15min] [incr] 2026-05-16 ~ 2026-05-21: 48 rows, 1 pages, 10.0s
[2026-05-20 21:56:11] [min_adj_15min] [incr] 754/2542 | 1 stocks, 48 rows, +16 new | elapsed=1088s ETA=2580s | tokens=279.4
[2026-05-20 21:56:11] [min_adj_15min] [incr] 2026-05-16 ~ 2026-05-21: 48 rows, 1 pages, 10.5s
[2026-05-20 21:56:11] [min_adj_15min] [incr] 755/2542 | 1 stocks, 48 rows, +16 new | elapsed=1089s ETA=2577s | tokens=279.4
[2026-05-20 21:56:12] [min_adj_15min] [incr] 2026-05-16 ~ 2026-05-21: 48 rows, 1 pages, 14.3s
[2026-05-20 21:56:12] [min_adj_15min] [incr] 756/2542 | 1 stocks, 48 rows, +16 new | elapsed=1090s ETA=2575s | tokens=279.4
[2026-05-20 21:56:16] [min_adj_15min] [incr] 2026-05-16 ~ 2026-05-21: 48 rows, 1 pages, 24.3s
[2026-05-20 21:56:16] [min_adj_15min] [incr] 757/2542 | 1 stocks, 48 rows, +16 new | elapsed=1094s ETA=2579s | tokens=279.4
[2026-05-20 21:56:17] [min_adj_15min] [incr] 2026-05-16 ~ 2026-05-21: 48 rows, 1 pages, 6.5s
[2026-05-20 21:56:17] [min_adj_15min] [incr] 758/2542 | 1 stocks, 48 rows, +16 new | elapsed=1095s ETA=2576s | tokens=279.4
[2026-05-20 21:56:18] [min_adj_15min] [incr] 2026-05-16 ~ 2026-05-21: 48 rows, 1 pages, 12.3s
[2026-05-20 21:56:18] [min_adj_15min] [incr] 759/2542 | 1 stocks, 48 rows, +16 new | elapsed=1095s ETA=2572s | tokens=279.3
[2026-05-20 21:56:18] [min_adj_15min] [incr] 2026-05-16 ~ 2026-05-21: 48 rows, 1 pages, 5.8s
[2026-05-20 21:56:18] [min_adj_15min] [incr] 760/2542 | 1 stocks, 48 rows, +16 new | elapsed=1096s ETA=2569s | tokens=279.3
[2026-05-20 21:56:19] [min_adj_15min] [incr] 2026-05-16 ~ 2026-05-21: 48 rows, 1 pages, 14.2s
[2026-05-20 21:56:19] [min_adj_15min] [incr] 761/2542 | 1 stocks, 48 rows, +16 new | elapsed=1097s ETA=2566s | tokens=279.4
[2026-05-20 21:56:20] [min_adj_15min] [incr] 2026-05-16 ~ 2026-05-21: 48 rows, 1 pages, 2.9s
[2026-05-20 21:56:20] [min_adj_15min] [incr] 762/2542 | 1 stocks, 48 rows, +16 new | elapsed=1097s ETA=2564s | tokens=279.4
[2026-05-20 21:56:25] [min_adj_15min] [incr] 2026-05-16 ~ 2026-05-21: 48 rows, 1 pages, 13.2s
[2026-05-20 21:56:25] [min_adj_15min] [incr] 763/2542 | 1 stocks, 48 rows, +16 new | elapsed=1102s ETA=2570s | tokens=279.4
[2026-05-20 21:56:25] [min_adj_15min] [incr] 2026-05-16 ~ 2026-05-21: 48 rows, 1 pages, 6.7s
[2026-05-20 21:56:25] [min_adj_15min] [incr] 764/2542 | 1 stocks, 48 rows, +16 new | elapsed=1102s ETA=2566s | tokens=279.3
[2026-05-20 21:56:25] [min_adj_15min] [incr] 2026-05-16 ~ 2026-05-21: 48 rows, 1 pages, 8.7s
[2026-05-20 21:56:25] [min_adj_15min] [incr] 765/2542 | 1 stocks, 48 rows, +16 new | elapsed=1102s ETA=2561s | tokens=278.8
[2026-05-20 21:56:25] [min_adj_15min] [incr] 2026-05-16 ~ 2026-05-21: 48 rows, 1 pages, 6.3s
[2026-05-20 21:56:25] [min_adj_15min] [incr] 766/2542 | 1 stocks, 48 rows, +16 new | elapsed=1103s ETA=2557s | tokens=279.3
[2026-05-20 21:56:30] [min_adj_15min] [incr] 2026-05-16 ~ 2026-05-21: 48 rows, 1 pages, 5.8s
[2026-05-20 21:56:30] [min_adj_15min] [incr] 767/2542 | 1 stocks, 48 rows, +16 new | elapsed=1108s ETA=2564s | tokens=279.4
[2026-05-20 21:56:31] [min_adj_15min] [incr] 2026-05-16 ~ 2026-05-21: 48 rows, 1 pages, 11.1s
[2026-05-20 21:56:31] [min_adj_15min] [incr] 768/2542 | 1 stocks, 48 rows, +16 new | elapsed=1109s ETA=2561s | tokens=279.4
[2026-05-20 21:56:32] [min_adj_15min] [incr] 2026-05-16 ~ 2026-05-21: 48 rows, 1 pages, 6.8s
[2026-05-20 21:56:32] [min_adj_15min] [incr] 769/2542 | 1 stocks, 48 rows, +16 new | elapsed=1109s ETA=2557s | tokens=279.4
[2026-05-20 21:56:32] [min_adj_15min] [incr] 2026-05-16 ~ 2026-05-21: 48 rows, 1 pages, 6.8s
[2026-05-20 21:56:32] [min_adj_15min] [incr] 770/2542 | 1 stocks, 48 rows, +16 new | elapsed=1110s ETA=2554s | tokens=279.4
[2026-05-20 21:56:33] [min_adj_15min] [incr] 2026-05-16 ~ 2026-05-21: 48 rows, 1 pages, 2.4s
[2026-05-20 21:56:33] [min_adj_15min] [incr] 771/2542 | 1 stocks, 48 rows, +16 new | elapsed=1110s ETA=2550s | tokens=279.4
[2026-05-20 21:56:35] [min_adj_15min] [incr] 2026-05-16 ~ 2026-05-21: 48 rows, 1 pages, 9.6s
[2026-05-20 21:56:35] [min_adj_15min] [incr] 772/2542 | 1 stocks, 48 rows, +16 new | elapsed=1112s ETA=2550s | tokens=279.4
[2026-05-20 21:56:35] [min_adj_15min] [incr] 2026-05-16 ~ 2026-05-21: 48 rows, 1 pages, 3.3s
[2026-05-20 21:56:35] [min_adj_15min] [incr] 773/2542 | 1 stocks, 48 rows, +16 new | elapsed=1112s ETA=2546s | tokens=279.3
[2026-05-20 21:56:36] [min_adj_15min] [incr] 2026-05-16 ~ 2026-05-21: 48 rows, 1 pages, 3.4s
[2026-05-20 21:56:36] [min_adj_15min] [incr] 774/2542 | 1 stocks, 48 rows, +16 new | elapsed=1113s ETA=2543s | tokens=279.4
[2026-05-20 21:56:36] [min_adj_15min] [incr] 2026-05-16 ~ 2026-05-21: 48 rows, 1 pages, 18.5s
[2026-05-20 21:56:36] [min_adj_15min] [incr] 775/2542 | 1 stocks, 48 rows, +16 new | elapsed=1114s ETA=2539s | tokens=279.4
[2026-05-20 21:56:38] [min_adj_15min] [incr] 2026-05-16 ~ 2026-05-21: 48 rows, 1 pages, 5.6s
[2026-05-20 21:56:39] [min_adj_15min] [incr] 776/2542 | 1 stocks, 48 rows, +16 new | elapsed=1116s ETA=2540s | tokens=279.4
[2026-05-20 21:56:39] [min_adj_15min] [incr] 2026-05-16 ~ 2026-05-21: 48 rows, 1 pages, 3.7s
[2026-05-20 21:56:39] [min_adj_15min] [incr] 777/2542 | 1 stocks, 48 rows, +16 new | elapsed=1116s ETA=2535s | tokens=279.3
[2026-05-20 21:56:43] [min_adj_15min] [incr] 2026-05-16 ~ 2026-05-21: 48 rows, 1 pages, 8.5s
[2026-05-20 21:56:43] [min_adj_15min] [incr] 778/2542 | 1 stocks, 48 rows, +16 new | elapsed=1121s ETA=2541s | tokens=279.3
[2026-05-20 21:56:53] [min_adj_15min] [incr] 2026-05-16 ~ 2026-05-21: 48 rows, 1 pages, 22.2s
[2026-05-20 21:56:53] [min_adj_15min] [incr] 2026-05-16 ~ 2026-05-21: 48 rows, 1 pages, 17.6s
[2026-05-20 21:56:53] [min_adj_15min] [incr] 2026-05-16 ~ 2026-05-21: 48 rows, 1 pages, 17.3s
[2026-05-20 21:56:53] [min_adj_15min] [incr] 779/2542 | 1 stocks, 48 rows, +16 new | elapsed=1131s ETA=2559s | tokens=277.4
[2026-05-20 21:56:53] [min_adj_15min] [incr] 780/2542 | 1 stocks, 48 rows, +16 new | elapsed=1131s ETA=2555s | tokens=277.8
[2026-05-20 21:56:53] [min_adj_15min] [incr] 781/2542 | 1 stocks, 48 rows, +16 new | elapsed=1131s ETA=2550s | tokens=278.1
[2026-05-20 21:57:00] [min_adj_15min] [incr] 2026-05-16 ~ 2026-05-21: 48 rows, 1 pages, 21.3s
[2026-05-20 21:57:00] [min_adj_15min] [incr] 2026-05-16 ~ 2026-05-21: 48 rows, 1 pages, 21.1s
[2026-05-20 21:57:00] [min_adj_15min] [incr] 2026-05-16 ~ 2026-05-21: 48 rows, 1 pages, 16.7s
[2026-05-20 21:57:00] [min_adj_15min] [incr] 782/2542 | 1 stocks, 48 rows, +16 new | elapsed=1137s ETA=2560s | tokens=277.4
[2026-05-20 21:57:00] [min_adj_15min] [incr] 783/2542 | 1 stocks, 48 rows, +16 new | elapsed=1137s ETA=2555s | tokens=277.8
[2026-05-20 21:57:00] [min_adj_15min] [incr] 784/2542 | 1 stocks, 48 rows, +16 new | elapsed=1137s ETA=2551s | tokens=278.2
[2026-05-20 21:57:00] [min_adj_15min] [incr] 2026-05-16 ~ 2026-05-21: 48 rows, 1 pages, 6.9s
[2026-05-20 21:57:00] [min_adj_15min] [incr] 2026-05-16 ~ 2026-05-21: 48 rows, 1 pages, 6.9s
[2026-05-20 21:57:00] [min_adj_15min] [incr] 785/2542 | 1 stocks, 48 rows, +16 new | elapsed=1138s ETA=2546s | tokens=277.0
[2026-05-20 21:57:00] [min_adj_15min] [incr] 786/2542 | 1 stocks, 48 rows, +16 new | elapsed=1138s ETA=2542s | tokens=277.4
[2026-05-20 21:57:01] [min_adj_15min] [incr] 2026-05-16 ~ 2026-05-21: 48 rows, 1 pages, 0.7s
[2026-05-20 21:57:01] [min_adj_15min] [incr] 2026-05-16 ~ 2026-05-21: 48 rows, 1 pages, 0.7s
[2026-05-20 21:57:01] [min_adj_15min] [incr] 787/2542 | 1 stocks, 48 rows, +16 new | elapsed=1138s ETA=2538s | tokens=276.7
[2026-05-20 21:57:01] [min_adj_15min] [incr] 788/2542 | 1 stocks, 48 rows, +16 new | elapsed=1138s ETA=2533s | tokens=277.0
[2026-05-20 21:57:13] [min_adj_15min] [incr] 2026-05-16 ~ 2026-05-21: 48 rows, 1 pages, 13.3s
[2026-05-20 21:57:13] [min_adj_15min] [incr] 2026-05-16 ~ 2026-05-21: 48 rows, 1 pages, 13.0s
[2026-05-20 21:57:13] [min_adj_15min] [incr] 789/2542 | 1 stocks, 48 rows, +16 new | elapsed=1151s ETA=2557s | tokens=278.4
[2026-05-20 21:57:13] [min_adj_15min] [incr] 790/2542 | 1 stocks, 48 rows, +16 new | elapsed=1151s ETA=2552s | tokens=278.8
[2026-05-20 21:57:14] [min_adj_15min] [incr] 2026-05-16 ~ 2026-05-21: 48 rows, 1 pages, 13.5s
[2026-05-20 21:57:14] [min_adj_15min] [incr] 2026-05-16 ~ 2026-05-21: 48 rows, 1 pages, 13.1s
[2026-05-20 21:57:14] [min_adj_15min] [incr] 791/2542 | 1 stocks, 48 rows, +16 new | elapsed=1151s ETA=2548s | tokens=278.4
[2026-05-20 21:57:14] [min_adj_15min] [incr] 792/2542 | 1 stocks, 48 rows, +16 new | elapsed=1151s ETA=2544s | tokens=278.7
[2026-05-20 21:57:21] [min_adj_15min] [incr] 2026-05-16 ~ 2026-05-21: 48 rows, 1 pages, 20.9s
[2026-05-20 21:57:21] [min_adj_15min] [incr] 2026-05-16 ~ 2026-05-21: 48 rows, 1 pages, 8.2s
[2026-05-20 21:57:22] [min_adj_15min] [incr] 793/2542 | 1 stocks, 48 rows, +16 new | elapsed=1159s ETA=2556s | tokens=278.4
[2026-05-20 21:57:22] [min_adj_15min] [incr] 794/2542 | 1 stocks, 48 rows, +16 new | elapsed=1159s ETA=2552s | tokens=278.7
[2026-05-20 21:57:24] [min_adj_15min] [incr] 2026-05-16 ~ 2026-05-21: 48 rows, 1 pages, 31.1s
[2026-05-20 21:57:24] [min_adj_15min] [incr] 795/2542 | 1 stocks, 48 rows, +16 new | elapsed=1162s ETA=2553s | tokens=279.4
[2026-05-20 21:57:25] [min_adj_15min] [incr] 2026-05-16 ~ 2026-05-21: 48 rows, 1 pages, 10.9s
[2026-05-20 21:57:25] [min_adj_15min] [incr] 796/2542 | 1 stocks, 48 rows, +16 new | elapsed=1162s ETA=2549s | tokens=279.4
[2026-05-20 21:57:33] [min_adj_15min] [incr] 2026-05-16 ~ 2026-05-21: 48 rows, 1 pages, 11.6s
[2026-05-20 21:57:33] [min_adj_15min] [incr] 797/2542 | 1 stocks, 48 rows, +16 new | elapsed=1171s ETA=2563s | tokens=279.4
[2026-05-20 21:57:37] [min_adj_15min] [incr] 2026-05-16 ~ 2026-05-21: 48 rows, 1 pages, 23.9s
[2026-05-20 21:57:37] [min_adj_15min] [incr] 2026-05-16 ~ 2026-05-21: 48 rows, 1 pages, 23.6s
[2026-05-20 21:57:37] [min_adj_15min] [incr] 798/2542 | 1 stocks, 48 rows, +16 new | elapsed=1175s ETA=2567s | tokens=278.4
[2026-05-20 21:57:37] [min_adj_15min] [incr] 799/2542 | 1 stocks, 48 rows, +16 new | elapsed=1175s ETA=2563s | tokens=278.8
[2026-05-20 21:57:46] [min_adj_15min] [incr] 2026-05-16 ~ 2026-05-21: 48 rows, 1 pages, 20.9s
[2026-05-20 21:57:46] [min_adj_15min] [incr] 800/2542 | 1 stocks, 48 rows, +16 new | elapsed=1183s ETA=2576s | tokens=279.4
[2026-05-20 21:57:46] [min_adj_15min] [incr] 2026-05-16 ~ 2026-05-21: 48 rows, 1 pages, 12.8s
[2026-05-20 21:57:46] [min_adj_15min] [incr] 801/2542 | 1 stocks, 48 rows, +16 new | elapsed=1183s ETA=2572s | tokens=279.4
[2026-05-20 21:57:46] [min_adj_15min] [incr] 2026-05-16 ~ 2026-05-21: 48 rows, 1 pages, 21.8s
[2026-05-20 21:57:46] [min_adj_15min] [incr] 802/2542 | 1 stocks, 48 rows, +16 new | elapsed=1184s ETA=2568s | tokens=279.2
[2026-05-20 21:57:47] [min_adj_15min] [incr] 2026-05-16 ~ 2026-05-21: 48 rows, 1 pages, 9.3s
[2026-05-20 21:57:47] [min_adj_15min] [incr] 803/2542 | 1 stocks, 48 rows, +16 new | elapsed=1184s ETA=2564s | tokens=279.4
[2026-05-20 21:57:47] [min_adj_15min] [incr] 2026-05-16 ~ 2026-05-21: 48 rows, 1 pages, 1.4s
[2026-05-20 21:57:47] [min_adj_15min] [incr] 804/2542 | 1 stocks, 48 rows, +16 new | elapsed=1184s ETA=2560s | tokens=279.3
[2026-05-20 21:57:49] [min_adj_15min] [incr] 2026-05-16 ~ 2026-05-21: 48 rows, 1 pages, 11.8s
[2026-05-20 21:57:49] [min_adj_15min] [incr] 805/2542 | 1 stocks, 48 rows, +16 new | elapsed=1187s ETA=2560s | tokens=279.4
[2026-05-20 21:57:50] [min_adj_15min] [incr] 2026-05-16 ~ 2026-05-21: 48 rows, 1 pages, 28.4s
[2026-05-20 21:57:50] [min_adj_15min] [incr] 806/2542 | 1 stocks, 48 rows, +16 new | elapsed=1187s ETA=2557s | tokens=279.4
[2026-05-20 21:57:50] [min_adj_15min] [incr] 2026-05-16 ~ 2026-05-21: 48 rows, 1 pages, 4.1s
[2026-05-20 21:57:50] [min_adj_15min] [incr] 807/2542 | 1 stocks, 48 rows, +16 new | elapsed=1188s ETA=2553s | tokens=279.4
[2026-05-20 21:57:50] [min_adj_15min] [incr] 2026-05-16 ~ 2026-05-21: 48 rows, 1 pages, 3.7s
[2026-05-20 21:57:50] [min_adj_15min] [incr] 808/2542 | 1 stocks, 48 rows, +16 new | elapsed=1188s ETA=2549s | tokens=278.9
[2026-05-20 21:57:50] [min_adj_15min] [incr] 2026-05-16 ~ 2026-05-21: 48 rows, 1 pages, 3.4s
[2026-05-20 21:57:50] [min_adj_15min] [incr] 809/2542 | 1 stocks, 48 rows, +16 new | elapsed=1188s ETA=2545s | tokens=278.4
[2026-05-20 21:57:50] [min_adj_15min] [incr] 2026-05-16 ~ 2026-05-21: 48 rows, 1 pages, 1.4s
[2026-05-20 21:57:51] [min_adj_15min] [incr] 810/2542 | 1 stocks, 48 rows, +16 new | elapsed=1188s ETA=2540s | tokens=277.8
[2026-05-20 21:57:58] [min_adj_15min] [incr] 2026-05-16 ~ 2026-05-21: 48 rows, 1 pages, 11.5s
[2026-05-20 21:57:58] [min_adj_15min] [incr] 811/2542 | 1 stocks, 48 rows, +16 new | elapsed=1195s ETA=2551s | tokens=279.4
[2026-05-20 21:57:59] [min_adj_15min] [incr] 2026-05-16 ~ 2026-05-21: 48 rows, 1 pages, 8.4s
[2026-05-20 21:57:59] [min_adj_15min] [incr] 812/2542 | 1 stocks, 48 rows, +16 new | elapsed=1196s ETA=2548s | tokens=279.4
[2026-05-20 21:57:59] [min_adj_15min] [incr] 2026-05-16 ~ 2026-05-21: 48 rows, 1 pages, 8.4s
[2026-05-20 21:57:59] [min_adj_15min] [incr] 813/2542 | 1 stocks, 48 rows, +16 new | elapsed=1196s ETA=2544s | tokens=279.4
[2026-05-20 21:57:59] [min_adj_15min] [incr] 2026-05-16 ~ 2026-05-21: 48 rows, 1 pages, 8.6s
[2026-05-20 21:57:59] [min_adj_15min] [incr] 814/2542 | 1 stocks, 48 rows, +16 new | elapsed=1197s ETA=2540s | tokens=279.4
[2026-05-20 21:58:01] [min_adj_15min] [incr] 2026-05-16 ~ 2026-05-21: 48 rows, 1 pages, 11.3s
[2026-05-20 21:58:01] [min_adj_15min] [incr] 815/2542 | 1 stocks, 48 rows, +16 new | elapsed=1199s ETA=2540s | tokens=279.4
[2026-05-20 21:58:01] [min_adj_15min] [incr] 2026-05-16 ~ 2026-05-21: 48 rows, 1 pages, 2.9s
[2026-05-20 21:58:02] [min_adj_15min] [incr] 816/2542 | 1 stocks, 48 rows, +16 new | elapsed=1199s ETA=2536s | tokens=279.2
[2026-05-20 21:58:05] [min_adj_15min] [incr] 2026-05-16 ~ 2026-05-21: 48 rows, 1 pages, 15.1s
[2026-05-20 21:58:06] [min_adj_15min] [incr] 817/2542 | 1 stocks, 48 rows, +16 new | elapsed=1203s ETA=2540s | tokens=279.4
[2026-05-20 21:58:06] [min_adj_15min] [incr] 2026-05-16 ~ 2026-05-21: 48 rows, 1 pages, 7.6s
[2026-05-20 21:58:07] [min_adj_15min] [incr] 818/2542 | 1 stocks, 48 rows, +16 new | elapsed=1204s ETA=2537s | tokens=279.4
[2026-05-20 21:58:10] [min_adj_15min] [incr] 2026-05-16 ~ 2026-05-21: 48 rows, 1 pages, 11.3s
[2026-05-20 21:58:10] [min_adj_15min] [incr] 819/2542 | 1 stocks, 48 rows, +16 new | elapsed=1208s ETA=2541s | tokens=279.3
[2026-05-20 21:58:13] [min_adj_15min] [incr] 2026-05-16 ~ 2026-05-21: 48 rows, 1 pages, 15.0s
[2026-05-20 21:58:13] [min_adj_15min] [incr] 820/2542 | 1 stocks, 48 rows, +16 new | elapsed=1210s ETA=2542s | tokens=279.4
[2026-05-20 21:58:13] [min_adj_15min] [incr] 2026-05-16 ~ 2026-05-21: 48 rows, 1 pages, 7.6s
[2026-05-20 21:58:13] [min_adj_15min] [incr] 821/2542 | 1 stocks, 48 rows, +16 new | elapsed=1211s ETA=2538s | tokens=279.3
[2026-05-20 21:58:15] [min_adj_15min] [incr] 2026-05-16 ~ 2026-05-21: 48 rows, 1 pages, 13.1s
[2026-05-20 21:58:15] [min_adj_15min] [incr] 822/2542 | 1 stocks, 48 rows, +16 new | elapsed=1212s ETA=2536s | tokens=279.4
[2026-05-20 21:58:18] [min_adj_15min] [incr] 2026-05-16 ~ 2026-05-21: 48 rows, 1 pages, 16.9s
[2026-05-20 21:58:18] [min_adj_15min] [incr] 823/2542 | 1 stocks, 48 rows, +16 new | elapsed=1216s ETA=2539s | tokens=279.4
[2026-05-20 21:58:19] [min_adj_15min] [incr] 2026-05-16 ~ 2026-05-21: 48 rows, 1 pages, 12.6s
[2026-05-20 21:58:19] [min_adj_15min] [incr] 824/2542 | 1 stocks, 48 rows, +16 new | elapsed=1217s ETA=2537s | tokens=279.4
[2026-05-20 21:58:23] [min_adj_15min] [incr] 2026-05-16 ~ 2026-05-21: 48 rows, 1 pages, 9.5s
[2026-05-20 21:58:23] [min_adj_15min] [incr] 825/2542 | 1 stocks, 48 rows, +16 new | elapsed=1220s ETA=2539s | tokens=279.4
[2026-05-20 21:58:31] [min_adj_15min] [incr] 2026-05-16 ~ 2026-05-21: 48 rows, 1 pages, 21.0s
[2026-05-20 21:58:31] [min_adj_15min] [incr] 826/2542 | 1 stocks, 48 rows, +16 new | elapsed=1229s ETA=2553s | tokens=279.4
[2026-05-20 21:58:41] [min_adj_15min] [incr] 2026-05-16 ~ 2026-05-21: 48 rows, 1 pages, 28.1s
[2026-05-20 21:58:41] [min_adj_15min] [incr] 827/2542 | 1 stocks, 48 rows, +16 new | elapsed=1238s ETA=2568s | tokens=279.4
[2026-05-20 21:58:45] [min_adj_15min] [incr] 2026-05-16 ~ 2026-05-21: 48 rows, 1 pages, 30.4s
[2026-05-20 21:58:45] [min_adj_15min] [incr] 828/2542 | 1 stocks, 48 rows, +16 new | elapsed=1243s ETA=2572s | tokens=279.4
[2026-05-20 21:58:47] [min_adj_15min] [incr] 2026-05-16 ~ 2026-05-21: 48 rows, 1 pages, 27.5s
[2026-05-20 21:58:47] [min_adj_15min] [incr] 829/2542 | 1 stocks, 48 rows, +16 new | elapsed=1244s ETA=2571s | tokens=279.4
[2026-05-20 21:58:47] [min_adj_15min] [incr] 2026-05-16 ~ 2026-05-21: 48 rows, 1 pages, 28.7s
[2026-05-20 21:58:47] [min_adj_15min] [incr] 830/2542 | 1 stocks, 48 rows, +16 new | elapsed=1244s ETA=2567s | tokens=279.3
[2026-05-20 21:58:58] [min_adj_15min] [incr] 2026-05-16 ~ 2026-05-21: 48 rows, 1 pages, 35.1s
[2026-05-20 21:58:58] [min_adj_15min] [incr] 831/2542 | 1 stocks, 48 rows, +16 new | elapsed=1255s ETA=2585s | tokens=279.4
[2026-05-20 21:59:01] [min_adj_15min] [incr] 2026-05-16 ~ 2026-05-21: 48 rows, 1 pages, 29.3s
[2026-05-20 21:59:01] [min_adj_15min] [incr] 832/2542 | 1 stocks, 48 rows, +16 new | elapsed=1258s ETA=2586s | tokens=279.4
[2026-05-20 21:59:01] [min_adj_15min] [incr] 2026-05-16 ~ 2026-05-21: 48 rows, 1 pages, 14.4s
[2026-05-20 21:59:01] [min_adj_15min] [incr] 833/2542 | 1 stocks, 48 rows, +16 new | elapsed=1259s ETA=2582s | tokens=279.3
[2026-05-20 21:59:01] [min_adj_15min] [incr] 2026-05-16 ~ 2026-05-21: 48 rows, 1 pages, 20.3s
[2026-05-20 21:59:01] [min_adj_15min] [incr] 834/2542 | 1 stocks, 48 rows, +16 new | elapsed=1259s ETA=2578s | tokens=278.7
[2026-05-20 21:59:01] [min_adj_15min] [incr] 2026-05-16 ~ 2026-05-21: 48 rows, 1 pages, 14.4s
[2026-05-20 21:59:01] [min_adj_15min] [incr] 835/2542 | 1 stocks, 48 rows, +16 new | elapsed=1259s ETA=2573s | tokens=278.5
[2026-05-20 21:59:07] [min_adj_15min] [incr] 2026-05-16 ~ 2026-05-21: 48 rows, 1 pages, 6.0s
[2026-05-20 21:59:07] [min_adj_15min] [incr] 836/2542 | 1 stocks, 48 rows, +16 new | elapsed=1264s ETA=2580s | tokens=279.4
[2026-05-20 21:59:09] [min_adj_15min] [incr] 2026-05-16 ~ 2026-05-21: 48 rows, 1 pages, 23.5s
[2026-05-20 21:59:09] [min_adj_15min] [incr] 837/2542 | 1 stocks, 48 rows, +16 new | elapsed=1266s ETA=2579s | tokens=279.4
[2026-05-20 21:59:10] [min_adj_15min] [incr] 2026-05-16 ~ 2026-05-21: 48 rows, 1 pages, 9.0s
[2026-05-20 21:59:10] [min_adj_15min] [incr] 2026-05-16 ~ 2026-05-21: 48 rows, 1 pages, 12.3s
[2026-05-20 21:59:10] [min_adj_15min] [incr] 838/2542 | 1 stocks, 48 rows, +16 new | elapsed=1268s ETA=2578s | tokens=278.4
[2026-05-20 21:59:10] [min_adj_15min] [incr] 839/2542 | 1 stocks, 48 rows, +16 new | elapsed=1268s ETA=2573s | tokens=278.8
[2026-05-20 21:59:11] [min_adj_15min] [incr] 2026-05-16 ~ 2026-05-21: 48 rows, 1 pages, 10.2s
[2026-05-20 21:59:11] [min_adj_15min] [incr] 840/2542 | 1 stocks, 48 rows, +16 new | elapsed=1269s ETA=2571s | tokens=279.4
[2026-05-20 21:59:15] [min_adj_15min] [incr] 2026-05-16 ~ 2026-05-21: 48 rows, 1 pages, 6.9s
[2026-05-20 21:59:16] [min_adj_15min] [incr] 841/2542 | 1 stocks, 48 rows, +16 new | elapsed=1273s ETA=2575s | tokens=279.4
[2026-05-20 21:59:17] [min_adj_15min] [incr] 2026-05-16 ~ 2026-05-21: 48 rows, 1 pages, 6.4s
[2026-05-20 21:59:17] [min_adj_15min] [incr] 842/2542 | 1 stocks, 48 rows, +16 new | elapsed=1274s ETA=2572s | tokens=279.4
[2026-05-20 21:59:19] [min_adj_15min] [incr] 2026-05-16 ~ 2026-05-21: 48 rows, 1 pages, 18.0s
[2026-05-20 21:59:19] [min_adj_15min] [incr] 2026-05-16 ~ 2026-05-21: 48 rows, 1 pages, 12.5s
[2026-05-20 21:59:19] [min_adj_15min] [incr] 843/2542 | 1 stocks, 48 rows, +16 new | elapsed=1277s ETA=2573s | tokens=278.4
[2026-05-20 21:59:20] [min_adj_15min] [incr] 844/2542 | 1 stocks, 48 rows, +16 new | elapsed=1277s ETA=2569s | tokens=278.8
[2026-05-20 21:59:21] [min_adj_15min] [incr] 2026-05-16 ~ 2026-05-21: 48 rows, 1 pages, 5.9s
[2026-05-20 21:59:21] [min_adj_15min] [incr] 2026-05-16 ~ 2026-05-21: 48 rows, 1 pages, 10.1s
[2026-05-20 21:59:22] [min_adj_15min] [incr] 845/2542 | 1 stocks, 48 rows, +16 new | elapsed=1279s ETA=2569s | tokens=278.4
[2026-05-20 21:59:22] [min_adj_15min] [incr] 846/2542 | 1 stocks, 48 rows, +16 new | elapsed=1279s ETA=2564s | tokens=278.8
[2026-05-20 21:59:23] [min_adj_15min] [incr] 2026-05-16 ~ 2026-05-21: 48 rows, 1 pages, 12.9s
[2026-05-20 21:59:23] [min_adj_15min] [incr] 847/2542 | 1 stocks, 48 rows, +16 new | elapsed=1281s ETA=2563s | tokens=279.4
[2026-05-20 21:59:34] [min_adj_15min] [incr] 2026-05-16 ~ 2026-05-21: 48 rows, 1 pages, 17.2s
[2026-05-20 21:59:34] [min_adj_15min] [incr] 2026-05-16 ~ 2026-05-21: 48 rows, 1 pages, 14.4s
[2026-05-20 21:59:34] [min_adj_15min] [incr] 848/2542 | 1 stocks, 48 rows, +16 new | elapsed=1291s ETA=2580s | tokens=278.4
[2026-05-20 21:59:34] [min_adj_15min] [incr] 849/2542 | 1 stocks, 48 rows, +16 new | elapsed=1291s ETA=2575s | tokens=278.8
[2026-05-20 21:59:34] [min_adj_15min] [incr] 2026-05-16 ~ 2026-05-21: 48 rows, 1 pages, 12.7s
[2026-05-20 21:59:34] [min_adj_15min] [incr] 2026-05-16 ~ 2026-05-21: 48 rows, 1 pages, 12.7s
[2026-05-20 21:59:34] [min_adj_15min] [incr] 850/2542 | 1 stocks, 48 rows, +16 new | elapsed=1292s ETA=2571s | tokens=278.3
[2026-05-20 21:59:34] [min_adj_15min] [incr] 851/2542 | 1 stocks, 48 rows, +16 new | elapsed=1292s ETA=2567s | tokens=278.7
[2026-05-20 21:59:35] [min_adj_15min] [incr] 2026-05-16 ~ 2026-05-21: 48 rows, 1 pages, 12.0s
[2026-05-20 21:59:35] [min_adj_15min] [incr] 2026-05-16 ~ 2026-05-21: 48 rows, 1 pages, 1.2s
[2026-05-20 21:59:35] [min_adj_15min] [incr] 852/2542 | 1 stocks, 48 rows, +16 new | elapsed=1293s ETA=2564s | tokens=278.4
[2026-05-20 21:59:35] [min_adj_15min] [incr] 853/2542 | 1 stocks, 48 rows, +16 new | elapsed=1293s ETA=2560s | tokens=278.8
[2026-05-20 21:59:37] [min_adj_15min] [incr] 2026-05-16 ~ 2026-05-21: 48 rows, 1 pages, 2.9s
[2026-05-20 21:59:37] [min_adj_15min] [incr] 2026-05-16 ~ 2026-05-21: 48 rows, 1 pages, 2.5s
[2026-05-20 21:59:37] [min_adj_15min] [incr] 854/2542 | 1 stocks, 48 rows, +16 new | elapsed=1294s ETA=2558s | tokens=278.4
[2026-05-20 21:59:37] [min_adj_15min] [incr] 855/2542 | 1 stocks, 48 rows, +16 new | elapsed=1294s ETA=2554s | tokens=278.8
[2026-05-20 21:59:42] [min_adj_15min] [incr] 2026-05-16 ~ 2026-05-21: 48 rows, 1 pages, 7.4s
[2026-05-20 21:59:42] [min_adj_15min] [incr] 2026-05-16 ~ 2026-05-21: 48 rows, 1 pages, 8.2s
[2026-05-20 21:59:43] [min_adj_15min] [incr] 856/2542 | 1 stocks, 48 rows, +16 new | elapsed=1300s ETA=2561s | tokens=278.7
[2026-05-20 21:59:43] [min_adj_15min] [incr] 857/2542 | 1 stocks, 48 rows, +16 new | elapsed=1300s ETA=2556s | tokens=279.1
[2026-05-20 21:59:43] [min_adj_15min] [incr] 2026-05-16 ~ 2026-05-21: 48 rows, 1 pages, 24.1s
[2026-05-20 21:59:44] [min_adj_15min] [incr] 858/2542 | 1 stocks, 48 rows, +16 new | elapsed=1301s ETA=2553s | tokens=279.4
[2026-05-20 21:59:45] [min_adj_15min] [incr] 2026-05-16 ~ 2026-05-21: 48 rows, 1 pages, 7.9s
[2026-05-20 21:59:45] [min_adj_15min] [incr] 859/2542 | 1 stocks, 48 rows, +16 new | elapsed=1302s ETA=2551s | tokens=279.4
[2026-05-20 21:59:48] [min_adj_15min] [incr] 2026-05-16 ~ 2026-05-21: 48 rows, 1 pages, 10.8s
[2026-05-20 21:59:48] [min_adj_15min] [incr] 2026-05-16 ~ 2026-05-21: 48 rows, 1 pages, 12.5s
[2026-05-20 21:59:48] [min_adj_15min] [incr] 860/2542 | 1 stocks, 48 rows, +16 new | elapsed=1305s ETA=2552s | tokens=278.4
[2026-05-20 21:59:48] [min_adj_15min] [incr] 861/2542 | 1 stocks, 48 rows, +16 new | elapsed=1305s ETA=2548s | tokens=278.8
[2026-05-20 21:59:51] [min_adj_15min] [incr] 2026-05-16 ~ 2026-05-21: 48 rows, 1 pages, 7.8s
[2026-05-20 21:59:51] [min_adj_15min] [incr] 2026-05-16 ~ 2026-05-21: 48 rows, 1 pages, 8.9s
[2026-05-20 21:59:51] [min_adj_15min] [incr] 862/2542 | 1 stocks, 48 rows, +16 new | elapsed=1309s ETA=2551s | tokens=278.4
[2026-05-20 21:59:52] [min_adj_15min] [incr] 863/2542 | 1 stocks, 48 rows, +16 new | elapsed=1309s ETA=2547s | tokens=278.8
[2026-05-20 21:59:52] [min_adj_15min] [incr] 2026-05-16 ~ 2026-05-21: 48 rows, 1 pages, 9.7s
[2026-05-20 21:59:52] [min_adj_15min] [incr] 864/2542 | 1 stocks, 48 rows, +16 new | elapsed=1310s ETA=2544s | tokens=279.4
[2026-05-20 22:00:01] [min_adj_15min] [incr] 2026-05-16 ~ 2026-05-21: 48 rows, 1 pages, 13.0s
[2026-05-20 22:00:01] [min_adj_15min] [incr] 865/2542 | 1 stocks, 48 rows, +16 new | elapsed=1318s ETA=2556s | tokens=279.4
[2026-05-20 22:00:01] [min_adj_15min] [incr] 2026-05-16 ~ 2026-05-21: 48 rows, 1 pages, 16.3s
[2026-05-20 22:00:01] [min_adj_15min] [incr] 866/2542 | 1 stocks, 48 rows, +16 new | elapsed=1318s ETA=2552s | tokens=279.4
[2026-05-20 22:00:06] [min_adj_15min] [incr] 2026-05-16 ~ 2026-05-21: 48 rows, 1 pages, 14.2s
[2026-05-20 22:00:06] [min_adj_15min] [incr] 2026-05-16 ~ 2026-05-21: 48 rows, 1 pages, 18.0s
[2026-05-20 22:00:06] [min_adj_15min] [incr] 867/2542 | 1 stocks, 48 rows, +16 new | elapsed=1323s ETA=2556s | tokens=278.4
[2026-05-20 22:00:06] [min_adj_15min] [incr] 868/2542 | 1 stocks, 48 rows, +16 new | elapsed=1323s ETA=2552s | tokens=278.8
[2026-05-20 22:00:08] [min_adj_15min] [incr] 2026-05-16 ~ 2026-05-21: 48 rows, 1 pages, 16.6s
[2026-05-20 22:00:08] [min_adj_15min] [incr] 869/2542 | 1 stocks, 48 rows, +16 new | elapsed=1325s ETA=2552s | tokens=279.4
[2026-05-20 22:00:08] [min_adj_15min] [incr] 2026-05-16 ~ 2026-05-21: 48 rows, 1 pages, 7.5s
[2026-05-20 22:00:09] [min_adj_15min] [incr] 870/2542 | 1 stocks, 48 rows, +16 new | elapsed=1326s ETA=2548s | tokens=279.4
[2026-05-20 22:00:12] [min_adj_15min] [incr] 2026-05-16 ~ 2026-05-21: 48 rows, 1 pages, 6.5s
[2026-05-20 22:00:12] [min_adj_15min] [incr] 871/2542 | 1 stocks, 48 rows, +16 new | elapsed=1330s ETA=2551s | tokens=279.4
[2026-05-20 22:00:12] [min_adj_15min] [incr] 2026-05-16 ~ 2026-05-21: 48 rows, 1 pages, 6.8s
[2026-05-20 22:00:12] [min_adj_15min] [incr] 872/2542 | 1 stocks, 48 rows, +16 new | elapsed=1330s ETA=2547s | tokens=279.4
[2026-05-20 22:00:13] [min_adj_15min] [incr] 2026-05-16 ~ 2026-05-21: 48 rows, 1 pages, 20.5s
[2026-05-20 22:00:13] [min_adj_15min] [incr] 2026-05-16 ~ 2026-05-21: 48 rows, 1 pages, 12.0s
[2026-05-20 22:00:13] [min_adj_15min] [incr] 873/2542 | 1 stocks, 48 rows, +16 new | elapsed=1330s ETA=2543s | tokens=278.4
[2026-05-20 22:00:13] [min_adj_15min] [incr] 874/2542 | 1 stocks, 48 rows, +16 new | elapsed=1330s ETA=2539s | tokens=278.7
[2026-05-20 22:00:13] [min_adj_15min] [incr] 2026-05-16 ~ 2026-05-21: 48 rows, 1 pages, 4.9s
[2026-05-20 22:00:13] [min_adj_15min] [incr] 875/2542 | 1 stocks, 48 rows, +16 new | elapsed=1330s ETA=2535s | tokens=278.2
[2026-05-20 22:00:13] [min_adj_15min] [incr] 2026-05-16 ~ 2026-05-21: 48 rows, 1 pages, 4.8s
[2026-05-20 22:00:13] [min_adj_15min] [incr] 876/2542 | 1 stocks, 48 rows, +16 new | elapsed=1331s ETA=2531s | tokens=279.3
[2026-05-20 22:00:14] [min_adj_15min] [incr] 2026-05-16 ~ 2026-05-21: 48 rows, 1 pages, 1.8s
[2026-05-20 22:00:14] [min_adj_15min] [incr] 877/2542 | 1 stocks, 48 rows, +16 new | elapsed=1331s ETA=2528s | tokens=279.4
[2026-05-20 22:00:15] [min_adj_15min] [incr] 2026-05-16 ~ 2026-05-21: 48 rows, 1 pages, 2.6s
[2026-05-20 22:00:15] [min_adj_15min] [incr] 2026-05-16 ~ 2026-05-21: 48 rows, 1 pages, 2.7s
[2026-05-20 22:00:15] [min_adj_15min] [incr] 878/2542 | 1 stocks, 48 rows, +16 new | elapsed=1333s ETA=2526s | tokens=278.4
[2026-05-20 22:00:16] [min_adj_15min] [incr] 879/2542 | 1 stocks, 48 rows, +16 new | elapsed=1333s ETA=2522s | tokens=278.8
[2026-05-20 22:00:17] [min_adj_15min] [incr] 2026-05-16 ~ 2026-05-21: 48 rows, 1 pages, 3.7s
[2026-05-20 22:00:17] [min_adj_15min] [incr] 2026-05-16 ~ 2026-05-21: 48 rows, 1 pages, 3.2s
[2026-05-20 22:00:17] [min_adj_15min] [incr] 880/2542 | 1 stocks, 48 rows, +16 new | elapsed=1334s ETA=2520s | tokens=278.4
[2026-05-20 22:00:17] [min_adj_15min] [incr] 881/2542 | 1 stocks, 48 rows, +16 new | elapsed=1334s ETA=2515s | tokens=278.8
[2026-05-20 22:00:18] [min_adj_15min] [incr] 2026-05-16 ~ 2026-05-21: 48 rows, 1 pages, 5.7s
[2026-05-20 22:00:18] [min_adj_15min] [incr] 882/2542 | 1 stocks, 48 rows, +16 new | elapsed=1336s ETA=2514s | tokens=279.4
[2026-05-20 22:00:18] [min_adj_15min] [incr] 2026-05-16 ~ 2026-05-21: 48 rows, 1 pages, 3.1s
[2026-05-20 22:00:19] [min_adj_15min] [incr] 883/2542 | 1 stocks, 48 rows, +16 new | elapsed=1336s ETA=2510s | tokens=279.4
[2026-05-20 22:00:19] [min_adj_15min] [incr] 2026-05-16 ~ 2026-05-21: 48 rows, 1 pages, 2.5s
[2026-05-20 22:00:19] [min_adj_15min] [incr] 884/2542 | 1 stocks, 48 rows, +16 new | elapsed=1337s ETA=2507s | tokens=279.4
[2026-05-20 22:00:20] [min_adj_15min] [incr] 2026-05-16 ~ 2026-05-21: 48 rows, 1 pages, 3.8s
[2026-05-20 22:00:20] [min_adj_15min] [incr] 885/2542 | 1 stocks, 48 rows, +16 new | elapsed=1338s ETA=2505s | tokens=279.4
[2026-05-20 22:00:36] [min_adj_15min] [incr] 2026-05-16 ~ 2026-05-21: 48 rows, 1 pages, 17.4s
[2026-05-20 22:00:36] [min_adj_15min] [incr] 886/2542 | 1 stocks, 48 rows, +16 new | elapsed=1353s ETA=2529s | tokens=279.4
[2026-05-20 22:00:36] [min_adj_15min] [incr] 2026-05-16 ~ 2026-05-21: 48 rows, 1 pages, 17.8s
[2026-05-20 22:00:36] [min_adj_15min] [incr] 887/2542 | 1 stocks, 48 rows, +16 new | elapsed=1354s ETA=2526s | tokens=279.4
[2026-05-20 22:00:37] [min_adj_15min] [incr] 2026-05-16 ~ 2026-05-21: 48 rows, 1 pages, 23.3s
[2026-05-20 22:00:37] [min_adj_15min] [incr] 2026-05-16 ~ 2026-05-21: 48 rows, 1 pages, 21.9s
[2026-05-20 22:00:37] [min_adj_15min] [incr] 888/2542 | 1 stocks, 48 rows, +16 new | elapsed=1355s ETA=2523s | tokens=278.4
[2026-05-20 22:00:37] [min_adj_15min] [incr] 889/2542 | 1 stocks, 48 rows, +16 new | elapsed=1355s ETA=2519s | tokens=278.8
[2026-05-20 22:00:38] [min_adj_15min] [incr] 2026-05-16 ~ 2026-05-21: 48 rows, 1 pages, 18.0s
[2026-05-20 22:00:38] [min_adj_15min] [incr] 2026-05-16 ~ 2026-05-21: 48 rows, 1 pages, 2.8s
[2026-05-20 22:00:39] [min_adj_15min] [incr] 890/2542 | 1 stocks, 48 rows, +16 new | elapsed=1356s ETA=2517s | tokens=278.4
[2026-05-20 22:00:39] [min_adj_15min] [incr] 891/2542 | 1 stocks, 48 rows, +16 new | elapsed=1356s ETA=2513s | tokens=278.8
[2026-05-20 22:00:39] [min_adj_15min] [incr] 2026-05-16 ~ 2026-05-21: 48 rows, 1 pages, 1.6s
[2026-05-20 22:00:39] [min_adj_15min] [incr] 892/2542 | 1 stocks, 48 rows, +16 new | elapsed=1356s ETA=2509s | tokens=278.9
[2026-05-20 22:00:41] [min_adj_15min] [incr] 2026-05-16 ~ 2026-05-21: 48 rows, 1 pages, 3.5s
[2026-05-20 22:00:41] [min_adj_15min] [incr] 893/2542 | 1 stocks, 48 rows, +16 new | elapsed=1358s ETA=2508s | tokens=279.4
[2026-05-20 22:00:44] [min_adj_15min] [incr] 2026-05-16 ~ 2026-05-21: 48 rows, 1 pages, 5.8s
[2026-05-20 22:00:44] [min_adj_15min] [incr] 894/2542 | 1 stocks, 48 rows, +16 new | elapsed=1362s ETA=2510s | tokens=279.4
[2026-05-20 22:00:45] [min_adj_15min] [incr] 2026-05-16 ~ 2026-05-21: 48 rows, 1 pages, 26.3s
[2026-05-20 22:00:45] [min_adj_15min] [incr] 895/2542 | 1 stocks, 48 rows, +16 new | elapsed=1363s ETA=2508s | tokens=279.4
[2026-05-20 22:00:46] [min_adj_15min] [incr] 2026-05-16 ~ 2026-05-21: 48 rows, 1 pages, 7.1s
[2026-05-20 22:00:46] [min_adj_15min] [incr] 896/2542 | 1 stocks, 48 rows, +16 new | elapsed=1363s ETA=2505s | tokens=279.4
[2026-05-20 22:00:46] [min_adj_15min] [incr] 2026-05-16 ~ 2026-05-21: 48 rows, 1 pages, 5.5s
[2026-05-20 22:00:46] [min_adj_15min] [incr] 897/2542 | 1 stocks, 48 rows, +16 new | elapsed=1364s ETA=2501s | tokens=279.4
[2026-05-20 22:00:47] [min_adj_15min] [incr] 2026-05-16 ~ 2026-05-21: 48 rows, 1 pages, 2.3s
[2026-05-20 22:00:47] [min_adj_15min] [incr] 898/2542 | 1 stocks, 48 rows, +16 new | elapsed=1364s ETA=2497s | tokens=279.3
[2026-05-20 22:00:50] [min_adj_15min] [incr] 2026-05-16 ~ 2026-05-21: 48 rows, 1 pages, 12.0s
[2026-05-20 22:00:51] [min_adj_15min] [incr] 899/2542 | 1 stocks, 48 rows, +16 new | elapsed=1368s ETA=2500s | tokens=279.5
[2026-05-20 22:00:51] [min_adj_15min] [incr] 2026-05-16 ~ 2026-05-21: 48 rows, 1 pages, 5.0s
[2026-05-20 22:00:51] [min_adj_15min] [incr] 900/2542 | 1 stocks, 48 rows, +16 new | elapsed=1368s ETA=2497s | tokens=279.4
[2026-05-20 22:00:51] [min_adj_15min] [incr] 2026-05-16 ~ 2026-05-21: 48 rows, 1 pages, 5.0s
[2026-05-20 22:00:51] [min_adj_15min] [incr] 901/2542 | 1 stocks, 48 rows, +16 new | elapsed=1369s ETA=2493s | tokens=279.4
[2026-05-20 22:00:55] [min_adj_15min] [incr] 2026-05-16 ~ 2026-05-21: 48 rows, 1 pages, 9.4s
[2026-05-20 22:00:55] [min_adj_15min] [incr] 902/2542 | 1 stocks, 48 rows, +16 new | elapsed=1372s ETA=2495s | tokens=279.4
[2026-05-20 22:00:56] [min_adj_15min] [incr] 2026-05-16 ~ 2026-05-21: 48 rows, 1 pages, 19.7s
[2026-05-20 22:00:56] [min_adj_15min] [incr] 903/2542 | 1 stocks, 48 rows, +16 new | elapsed=1374s ETA=2493s | tokens=279.4
[2026-05-20 22:00:58] [min_adj_15min] [incr] 2026-05-16 ~ 2026-05-21: 48 rows, 1 pages, 11.4s
[2026-05-20 22:00:58] [min_adj_15min] [incr] 2026-05-16 ~ 2026-05-21: 48 rows, 1 pages, 7.5s
[2026-05-20 22:00:58] [min_adj_15min] [incr] 904/2542 | 1 stocks, 48 rows, +16 new | elapsed=1376s ETA=2492s | tokens=278.4
[2026-05-20 22:00:58] [min_adj_15min] [incr] 905/2542 | 1 stocks, 48 rows, +16 new | elapsed=1376s ETA=2488s | tokens=278.8
[2026-05-20 22:00:59] [min_adj_15min] [incr] 2026-05-16 ~ 2026-05-21: 48 rows, 1 pages, 3.9s
[2026-05-20 22:00:59] [min_adj_15min] [incr] 906/2542 | 1 stocks, 48 rows, +16 new | elapsed=1376s ETA=2485s | tokens=279.4
[2026-05-20 22:01:01] [min_adj_15min] [incr] 2026-05-16 ~ 2026-05-21: 48 rows, 1 pages, 9.5s
[2026-05-20 22:01:01] [min_adj_15min] [incr] 907/2542 | 1 stocks, 48 rows, +16 new | elapsed=1378s ETA=2485s | tokens=279.4
[2026-05-20 22:01:03] [min_adj_15min] [incr] 2026-05-16 ~ 2026-05-21: 48 rows, 1 pages, 4.9s
[2026-05-20 22:01:03] [min_adj_15min] [incr] 908/2542 | 1 stocks, 48 rows, +16 new | elapsed=1381s ETA=2485s | tokens=280.0
[2026-05-20 22:01:04] [min_adj_15min] [incr] 2026-05-16 ~ 2026-05-21: 48 rows, 1 pages, 7.9s
[2026-05-20 22:01:04] [min_adj_15min] [incr] 909/2542 | 1 stocks, 48 rows, +16 new | elapsed=1381s ETA=2482s | tokens=279.4
[2026-05-20 22:01:05] [min_adj_15min] [incr] 2026-05-16 ~ 2026-05-21: 48 rows, 1 pages, 5.8s
[2026-05-20 22:01:05] [min_adj_15min] [incr] 910/2542 | 1 stocks, 48 rows, +16 new | elapsed=1382s ETA=2479s | tokens=279.3
[2026-05-20 22:01:10] [min_adj_15min] [incr] 2026-05-16 ~ 2026-05-21: 48 rows, 1 pages, 19.0s
[2026-05-20 22:01:10] [min_adj_15min] [incr] 911/2542 | 1 stocks, 48 rows, +16 new | elapsed=1387s ETA=2484s | tokens=279.4
[2026-05-20 22:01:13] [min_adj_15min] [incr] 2026-05-16 ~ 2026-05-21: 48 rows, 1 pages, 11.7s
[2026-05-20 22:01:13] [min_adj_15min] [incr] 912/2542 | 1 stocks, 48 rows, +16 new | elapsed=1390s ETA=2484s | tokens=279.4
[2026-05-20 22:01:13] [min_adj_15min] [incr] 2026-05-16 ~ 2026-05-21: 48 rows, 1 pages, 9.0s
[2026-05-20 22:01:13] [min_adj_15min] [incr] 913/2542 | 1 stocks, 48 rows, +16 new | elapsed=1390s ETA=2481s | tokens=279.3
[2026-05-20 22:01:13] [min_adj_15min] [incr] 2026-05-16 ~ 2026-05-21: 48 rows, 1 pages, 8.7s
[2026-05-20 22:01:13] [min_adj_15min] [incr] 914/2542 | 1 stocks, 48 rows, +16 new | elapsed=1391s ETA=2477s | tokens=279.3
[2026-05-20 22:01:14] [min_adj_15min] [incr] 2026-05-16 ~ 2026-05-21: 48 rows, 1 pages, 3.6s
[2026-05-20 22:01:14] [min_adj_15min] [incr] 915/2542 | 1 stocks, 48 rows, +16 new | elapsed=1391s ETA=2473s | tokens=279.3
[2026-05-20 22:01:15] [min_adj_15min] [incr] 2026-05-16 ~ 2026-05-21: 48 rows, 1 pages, 17.0s
[2026-05-20 22:01:15] [min_adj_15min] [incr] 916/2542 | 1 stocks, 48 rows, +16 new | elapsed=1393s ETA=2472s | tokens=279.5
[2026-05-20 22:01:16] [min_adj_15min] [incr] 2026-05-16 ~ 2026-05-21: 48 rows, 1 pages, 2.8s
[2026-05-20 22:01:16] [min_adj_15min] [incr] 917/2542 | 1 stocks, 48 rows, +16 new | elapsed=1393s ETA=2469s | tokens=279.3
[2026-05-20 22:01:16] [min_adj_15min] [incr] 2026-05-16 ~ 2026-05-21: 48 rows, 1 pages, 3.1s
[2026-05-20 22:01:16] [min_adj_15min] [incr] 918/2542 | 1 stocks, 48 rows, +16 new | elapsed=1394s ETA=2466s | tokens=279.4
[2026-05-20 22:01:17] [min_adj_15min] [incr] 2026-05-16 ~ 2026-05-21: 48 rows, 1 pages, 3.8s
[2026-05-20 22:01:17] [min_adj_15min] [incr] 919/2542 | 1 stocks, 48 rows, +16 new | elapsed=1395s ETA=2463s | tokens=279.4
[2026-05-20 22:01:18] [min_adj_15min] [incr] 2026-05-16 ~ 2026-05-21: 48 rows, 1 pages, 3.3s
[2026-05-20 22:01:18] [min_adj_15min] [incr] 920/2542 | 1 stocks, 48 rows, +16 new | elapsed=1396s ETA=2461s | tokens=279.4
[2026-05-20 22:01:19] [min_adj_15min] [incr] 2026-05-16 ~ 2026-05-21: 48 rows, 1 pages, 15.4s
[2026-05-20 22:01:19] [min_adj_15min] [incr] 921/2542 | 1 stocks, 48 rows, +16 new | elapsed=1396s ETA=2457s | tokens=279.3
[2026-05-20 22:01:19] [min_adj_15min] [incr] 2026-05-16 ~ 2026-05-21: 48 rows, 1 pages, 2.7s
[2026-05-20 22:01:19] [min_adj_15min] [incr] 2026-05-16 ~ 2026-05-21: 48 rows, 1 pages, 3.4s
[2026-05-20 22:01:19] [min_adj_15min] [incr] 922/2542 | 1 stocks, 48 rows, +16 new | elapsed=1397s ETA=2454s | tokens=278.3
[2026-05-20 22:01:19] [min_adj_15min] [incr] 923/2542 | 1 stocks, 48 rows, +16 new | elapsed=1397s ETA=2450s | tokens=278.7
[2026-05-20 22:01:20] [min_adj_15min] [incr] 2026-05-16 ~ 2026-05-21: 48 rows, 1 pages, 1.2s
[2026-05-20 22:01:20] [min_adj_15min] [incr] 2026-05-10 ~ 2026-05-21: 48 rows, 1 pages, 2.3s
[2026-05-20 22:01:20] [min_adj_15min] [incr] 924/2542 | 1 stocks, 48 rows, +16 new | elapsed=1397s ETA=2447s | tokens=278.7
[2026-05-20 22:01:20] [min_adj_15min] [incr] 925/2542 | 1 stocks, 48 rows, +0 new | elapsed=1397s ETA=2443s | tokens=279.1
[2026-05-20 22:01:20] [min_adj_15min] [incr] 2026-05-16 ~ 2026-05-21: 48 rows, 1 pages, 1.0s
[2026-05-20 22:01:20] [min_adj_15min] [incr] 2026-05-16 ~ 2026-05-21: 48 rows, 1 pages, 1.5s
[2026-05-20 22:01:20] [min_adj_15min] [incr] 926/2542 | 1 stocks, 48 rows, +16 new | elapsed=1398s ETA=2439s | tokens=278.3
[2026-05-20 22:01:20] [min_adj_15min] [incr] 927/2542 | 1 stocks, 48 rows, +16 new | elapsed=1398s ETA=2435s | tokens=278.7
[2026-05-20 22:01:24] [min_adj_15min] [incr] 2026-05-16 ~ 2026-05-21: 48 rows, 1 pages, 11.8s
[2026-05-20 22:01:25] [min_adj_15min] [incr] 928/2542 | 1 stocks, 48 rows, +16 new | elapsed=1402s ETA=2438s | tokens=279.4
[2026-05-20 22:01:25] [min_adj_15min] [incr] 2026-05-16 ~ 2026-05-21: 48 rows, 1 pages, 5.0s
[2026-05-20 22:01:25] [min_adj_15min] [incr] 2026-05-16 ~ 2026-05-21: 48 rows, 1 pages, 5.5s
[2026-05-20 22:01:25] [min_adj_15min] [incr] 929/2542 | 1 stocks, 48 rows, +16 new | elapsed=1402s ETA=2434s | tokens=278.0
[2026-05-20 22:01:25] [min_adj_15min] [incr] 930/2542 | 1 stocks, 48 rows, +16 new | elapsed=1402s ETA=2430s | tokens=278.4
[2026-05-20 22:01:25] [min_adj_15min] [incr] 2026-05-16 ~ 2026-05-21: 48 rows, 1 pages, 5.2s
[2026-05-20 22:01:25] [min_adj_15min] [incr] 931/2542 | 1 stocks, 48 rows, +16 new | elapsed=1402s ETA=2427s | tokens=278.1
[2026-05-20 22:01:29] [min_adj_15min] [incr] 2026-05-16 ~ 2026-05-21: 48 rows, 1 pages, 9.2s
[2026-05-20 22:01:29] [min_adj_15min] [incr] 2026-05-16 ~ 2026-05-21: 48 rows, 1 pages, 9.2s
[2026-05-20 22:01:29] [min_adj_15min] [incr] 932/2542 | 1 stocks, 48 rows, +16 new | elapsed=1407s ETA=2430s | tokens=278.4
[2026-05-20 22:01:30] [min_adj_15min] [incr] 933/2542 | 1 stocks, 48 rows, +16 new | elapsed=1407s ETA=2426s | tokens=278.8
[2026-05-20 22:01:30] [min_adj_15min] [incr] 2026-05-16 ~ 2026-05-21: 48 rows, 1 pages, 5.2s
[2026-05-20 22:01:30] [min_adj_15min] [incr] 2026-05-16 ~ 2026-05-21: 48 rows, 1 pages, 5.2s
[2026-05-20 22:01:30] [min_adj_15min] [incr] 934/2542 | 1 stocks, 48 rows, +16 new | elapsed=1407s ETA=2423s | tokens=278.3
[2026-05-20 22:01:30] [min_adj_15min] [incr] 935/2542 | 1 stocks, 48 rows, +16 new | elapsed=1407s ETA=2419s | tokens=278.7
[2026-05-20 22:01:35] [min_adj_15min] [incr] 2026-05-16 ~ 2026-05-21: 48 rows, 1 pages, 10.6s
[2026-05-20 22:01:35] [min_adj_15min] [incr] 936/2542 | 1 stocks, 48 rows, +16 new | elapsed=1413s ETA=2424s | tokens=279.4
[2026-05-20 22:01:35] [min_adj_15min] [incr] 2026-05-16 ~ 2026-05-21: 48 rows, 1 pages, 5.9s
[2026-05-20 22:01:35] [min_adj_15min] [incr] 937/2542 | 1 stocks, 48 rows, +16 new | elapsed=1413s ETA=2420s | tokens=279.0
[2026-05-20 22:01:35] [min_adj_15min] [incr] 2026-05-16 ~ 2026-05-21: 48 rows, 1 pages, 6.0s
[2026-05-20 22:01:35] [min_adj_15min] [incr] 938/2542 | 1 stocks, 48 rows, +16 new | elapsed=1413s ETA=2416s | tokens=278.7
[2026-05-20 22:01:36] [min_adj_15min] [incr] 2026-05-16 ~ 2026-05-21: 48 rows, 1 pages, 10.7s
[2026-05-20 22:01:36] [min_adj_15min] [incr] 939/2542 | 1 stocks, 48 rows, +16 new | elapsed=1413s ETA=2412s | tokens=278.3
[2026-05-20 22:01:39] [min_adj_15min] [incr] 2026-05-16 ~ 2026-05-21: 48 rows, 1 pages, 9.5s
[2026-05-20 22:01:39] [min_adj_15min] [incr] 940/2542 | 1 stocks, 48 rows, +16 new | elapsed=1417s ETA=2415s | tokens=279.4
[2026-05-20 22:01:40] [min_adj_15min] [incr] 2026-05-16 ~ 2026-05-21: 48 rows, 1 pages, 4.5s
[2026-05-20 22:01:40] [min_adj_15min] [incr] 941/2542 | 1 stocks, 48 rows, +16 new | elapsed=1417s ETA=2411s | tokens=279.3
[2026-05-20 22:01:40] [min_adj_15min] [incr] 2026-05-16 ~ 2026-05-21: 48 rows, 1 pages, 10.4s
[2026-05-20 22:01:40] [min_adj_15min] [incr] 942/2542 | 1 stocks, 48 rows, +16 new | elapsed=1418s ETA=2408s | tokens=279.4
[2026-05-20 22:01:40] [min_adj_15min] [incr] 2026-05-16 ~ 2026-05-21: 48 rows, 1 pages, 5.0s
[2026-05-20 22:01:40] [min_adj_15min] [incr] 943/2542 | 1 stocks, 48 rows, +16 new | elapsed=1418s ETA=2404s | tokens=278.9
[2026-05-20 22:01:42] [min_adj_15min] [incr] 2026-05-16 ~ 2026-05-21: 48 rows, 1 pages, 7.1s
[2026-05-20 22:01:42] [min_adj_15min] [incr] 944/2542 | 1 stocks, 48 rows, +16 new | elapsed=1420s ETA=2403s | tokens=279.4
[2026-05-20 22:01:47] [min_adj_15min] [incr] 2026-05-16 ~ 2026-05-21: 48 rows, 1 pages, 6.9s
[2026-05-20 22:01:47] [min_adj_15min] [incr] 945/2542 | 1 stocks, 48 rows, +16 new | elapsed=1424s ETA=2407s | tokens=279.4
[2026-05-20 22:01:48] [min_adj_15min] [incr] 2026-05-16 ~ 2026-05-21: 48 rows, 1 pages, 7.6s
[2026-05-20 22:01:48] [min_adj_15min] [incr] 946/2542 | 1 stocks, 48 rows, +16 new | elapsed=1425s ETA=2405s | tokens=279.4
[2026-05-20 22:01:48] [min_adj_15min] [incr] 2026-05-16 ~ 2026-05-21: 48 rows, 1 pages, 12.4s
[2026-05-20 22:01:48] [min_adj_15min] [incr] 2026-05-16 ~ 2026-05-21: 48 rows, 1 pages, 8.6s
[2026-05-20 22:01:48] [min_adj_15min] [incr] 947/2542 | 1 stocks, 48 rows, +16 new | elapsed=1425s ETA=2401s | tokens=277.8
[2026-05-20 22:01:48] [min_adj_15min] [incr] 948/2542 | 1 stocks, 48 rows, +16 new | elapsed=1426s ETA=2397s | tokens=278.2
[2026-05-20 22:01:49] [min_adj_15min] [incr] 2026-05-16 ~ 2026-05-21: 48 rows, 1 pages, 2.1s
[2026-05-20 22:01:49] [min_adj_15min] [incr] 949/2542 | 1 stocks, 48 rows, +16 new | elapsed=1426s ETA=2394s | tokens=279.4
[2026-05-20 22:01:50] [min_adj_15min] [incr] 2026-05-16 ~ 2026-05-21: 48 rows, 1 pages, 1.9s
[2026-05-20 22:01:50] [min_adj_15min] [incr] 950/2542 | 1 stocks, 48 rows, +16 new | elapsed=1427s ETA=2392s | tokens=279.3
[2026-05-20 22:01:50] [min_adj_15min] [incr] 2026-05-16 ~ 2026-05-21: 48 rows, 1 pages, 2.1s
[2026-05-20 22:01:50] [min_adj_15min] [incr] 951/2542 | 1 stocks, 48 rows, +16 new | elapsed=1428s ETA=2388s | tokens=279.3
[2026-05-20 22:01:51] [min_adj_15min] [incr] 2026-05-16 ~ 2026-05-21: 48 rows, 1 pages, 2.6s
[2026-05-20 22:01:51] [min_adj_15min] [incr] 952/2542 | 1 stocks, 48 rows, +16 new | elapsed=1428s ETA=2385s | tokens=279.3
[2026-05-20 22:01:52] [min_adj_15min] [incr] 2026-05-16 ~ 2026-05-21: 48 rows, 1 pages, 11.2s
[2026-05-20 22:01:52] [min_adj_15min] [incr] 953/2542 | 1 stocks, 48 rows, +16 new | elapsed=1429s ETA=2383s | tokens=279.4
[2026-05-20 22:01:52] [min_adj_15min] [incr] 2026-05-16 ~ 2026-05-21: 48 rows, 1 pages, 2.2s
[2026-05-20 22:01:52] [min_adj_15min] [incr] 954/2542 | 1 stocks, 48 rows, +16 new | elapsed=1430s ETA=2380s | tokens=279.6
[2026-05-20 22:01:52] [min_adj_15min] [incr] 2026-05-16 ~ 2026-05-21: 48 rows, 1 pages, 2.3s
[2026-05-20 22:01:53] [min_adj_15min] [incr] 955/2542 | 1 stocks, 48 rows, +16 new | elapsed=1430s ETA=2376s | tokens=279.3
[2026-05-20 22:01:54] [min_adj_15min] [incr] 2026-05-16 ~ 2026-05-21: 48 rows, 1 pages, 11.7s
[2026-05-20 22:01:54] [min_adj_15min] [incr] 956/2542 | 1 stocks, 48 rows, +16 new | elapsed=1431s ETA=2375s | tokens=279.4
[2026-05-20 22:01:55] [min_adj_15min] [incr] 2026-05-16 ~ 2026-05-21: 48 rows, 1 pages, 3.9s
[2026-05-20 22:01:55] [min_adj_15min] [incr] 957/2542 | 1 stocks, 48 rows, +16 new | elapsed=1432s ETA=2372s | tokens=279.3
[2026-05-20 22:01:58] [min_adj_15min] [incr] 2026-05-16 ~ 2026-05-21: 48 rows, 1 pages, 8.7s
[2026-05-20 22:01:58] [min_adj_15min] [incr] 958/2542 | 1 stocks, 48 rows, +16 new | elapsed=1435s ETA=2373s | tokens=279.4
[2026-05-20 22:01:58] [min_adj_15min] [incr] 2026-05-16 ~ 2026-05-21: 48 rows, 1 pages, 5.5s
[2026-05-20 22:01:58] [min_adj_15min] [incr] 959/2542 | 1 stocks, 48 rows, +16 new | elapsed=1435s ETA=2370s | tokens=279.3
[2026-05-20 22:02:00] [min_adj_15min] [incr] 2026-05-16 ~ 2026-05-21: 48 rows, 1 pages, 8.5s
[2026-05-20 22:02:00] [min_adj_15min] [incr] 960/2542 | 1 stocks, 48 rows, +16 new | elapsed=1438s ETA=2369s | tokens=279.4
[2026-05-20 22:02:01] [min_adj_15min] [incr] 2026-05-16 ~ 2026-05-21: 48 rows, 1 pages, 6.3s
[2026-05-20 22:02:01] [min_adj_15min] [incr] 961/2542 | 1 stocks, 48 rows, +16 new | elapsed=1438s ETA=2366s | tokens=279.4
[2026-05-20 22:02:04] [min_adj_15min] [incr] 2026-05-16 ~ 2026-05-21: 48 rows, 1 pages, 10.2s
[2026-05-20 22:02:04] [min_adj_15min] [incr] 962/2542 | 1 stocks, 48 rows, +16 new | elapsed=1442s ETA=2368s | tokens=279.4
[2026-05-20 22:02:04] [min_adj_15min] [incr] 2026-05-16 ~ 2026-05-21: 48 rows, 1 pages, 12.4s
[2026-05-20 22:02:05] [min_adj_15min] [incr] 963/2542 | 1 stocks, 48 rows, +16 new | elapsed=1442s ETA=2364s | tokens=279.3
[2026-05-20 22:02:05] [min_adj_15min] [incr] 2026-05-16 ~ 2026-05-21: 48 rows, 1 pages, 7.3s
[2026-05-20 22:02:05] [min_adj_15min] [incr] 964/2542 | 1 stocks, 48 rows, +16 new | elapsed=1442s ETA=2361s | tokens=279.3
[2026-05-20 22:02:14] [min_adj_15min] [incr] 2026-05-16 ~ 2026-05-21: 48 rows, 1 pages, 13.4s
[2026-05-20 22:02:14] [min_adj_15min] [incr] 965/2542 | 1 stocks, 48 rows, +16 new | elapsed=1452s ETA=2372s | tokens=279.4
[2026-05-20 22:02:16] [min_adj_15min] [incr] 2026-05-16 ~ 2026-05-21: 48 rows, 1 pages, 18.2s
[2026-05-20 22:02:16] [min_adj_15min] [incr] 2026-05-16 ~ 2026-05-21: 48 rows, 1 pages, 16.0s
[2026-05-20 22:02:16] [min_adj_15min] [incr] 966/2542 | 1 stocks, 48 rows, +16 new | elapsed=1454s ETA=2372s | tokens=278.4
[2026-05-20 22:02:16] [min_adj_15min] [incr] 967/2542 | 1 stocks, 48 rows, +16 new | elapsed=1454s ETA=2368s | tokens=278.8
[2026-05-20 22:02:16] [min_adj_15min] [incr] 2026-05-16 ~ 2026-05-21: 48 rows, 1 pages, 11.5s
[2026-05-20 22:02:17] [min_adj_15min] [incr] 2026-05-16 ~ 2026-05-21: 48 rows, 1 pages, 12.0s
[2026-05-20 22:02:17] [min_adj_15min] [incr] 968/2542 | 1 stocks, 48 rows, +16 new | elapsed=1454s ETA=2364s | tokens=277.6
[2026-05-20 22:02:17] [min_adj_15min] [incr] 969/2542 | 1 stocks, 48 rows, +16 new | elapsed=1454s ETA=2360s | tokens=278.1
[2026-05-20 22:02:17] [min_adj_15min] [incr] 2026-05-16 ~ 2026-05-21: 48 rows, 1 pages, 2.4s
[2026-05-20 22:02:17] [min_adj_15min] [incr] 970/2542 | 1 stocks, 48 rows, +16 new | elapsed=1454s ETA=2357s | tokens=277.7
[2026-05-20 22:02:17] [min_adj_15min] [incr] 2026-05-16 ~ 2026-05-21: 48 rows, 1 pages, 0.6s
[2026-05-20 22:02:17] [min_adj_15min] [incr] 971/2542 | 1 stocks, 48 rows, +16 new | elapsed=1454s ETA=2353s | tokens=277.2
[2026-05-20 22:02:18] [min_adj_15min] [incr] 2026-05-16 ~ 2026-05-21: 48 rows, 1 pages, 1.1s
[2026-05-20 22:02:18] [min_adj_15min] [incr] 972/2542 | 1 stocks, 48 rows, +16 new | elapsed=1455s ETA=2350s | tokens=279.3
[2026-05-20 22:02:20] [min_adj_15min] [incr] 2026-05-16 ~ 2026-05-21: 48 rows, 1 pages, 3.7s
[2026-05-20 22:02:20] [min_adj_15min] [incr] 973/2542 | 1 stocks, 48 rows, +16 new | elapsed=1457s ETA=2350s | tokens=279.3
[2026-05-20 22:02:20] [min_adj_15min] [incr] 2026-05-16 ~ 2026-05-21: 48 rows, 1 pages, 3.7s
[2026-05-20 22:02:20] [min_adj_15min] [incr] 974/2542 | 1 stocks, 48 rows, +16 new | elapsed=1458s ETA=2347s | tokens=279.3
[2026-05-20 22:02:21] [min_adj_15min] [incr] 2026-05-16 ~ 2026-05-21: 48 rows, 1 pages, 4.6s
[2026-05-20 22:02:21] [min_adj_15min] [incr] 975/2542 | 1 stocks, 48 rows, +16 new | elapsed=1459s ETA=2344s | tokens=279.3
[2026-05-20 22:02:22] [min_adj_15min] [incr] 2026-05-16 ~ 2026-05-21: 48 rows, 1 pages, 4.2s
[2026-05-20 22:02:22] [min_adj_15min] [incr] 976/2542 | 1 stocks, 48 rows, +16 new | elapsed=1459s ETA=2341s | tokens=279.3
[2026-05-20 22:02:22] [min_adj_15min] [incr] 2026-05-16 ~ 2026-05-21: 48 rows, 1 pages, 2.1s
[2026-05-20 22:02:22] [min_adj_15min] [incr] 977/2542 | 1 stocks, 48 rows, +16 new | elapsed=1460s ETA=2338s | tokens=279.4
[2026-05-20 22:02:25] [min_adj_15min] [incr] 2026-05-16 ~ 2026-05-21: 48 rows, 1 pages, 4.1s
[2026-05-20 22:02:25] [min_adj_15min] [incr] 978/2542 | 1 stocks, 48 rows, +16 new | elapsed=1462s ETA=2338s | tokens=279.4
[2026-05-20 22:02:25] [min_adj_15min] [incr] 2026-05-16 ~ 2026-05-21: 48 rows, 1 pages, 3.8s
[2026-05-20 22:02:25] [min_adj_15min] [incr] 979/2542 | 1 stocks, 48 rows, +16 new | elapsed=1462s ETA=2335s | tokens=279.4
[2026-05-20 22:02:25] [min_adj_15min] [incr] 2026-05-16 ~ 2026-05-21: 48 rows, 1 pages, 3.7s
[2026-05-20 22:02:26] [min_adj_15min] [incr] 980/2542 | 1 stocks, 48 rows, +16 new | elapsed=1463s ETA=2332s | tokens=279.3
[2026-05-20 22:02:27] [min_adj_15min] [incr] 2026-05-16 ~ 2026-05-21: 48 rows, 1 pages, 22.4s
[2026-05-20 22:02:27] [min_adj_15min] [incr] 981/2542 | 1 stocks, 48 rows, +16 new | elapsed=1464s ETA=2330s | tokens=279.4
[2026-05-20 22:02:27] [min_adj_15min] [incr] 2026-05-16 ~ 2026-05-21: 48 rows, 1 pages, 5.3s
[2026-05-20 22:02:27] [min_adj_15min] [incr] 982/2542 | 1 stocks, 48 rows, +16 new | elapsed=1465s ETA=2327s | tokens=279.3
[2026-05-20 22:02:28] [min_adj_15min] [incr] 2026-05-16 ~ 2026-05-21: 48 rows, 1 pages, 3.0s
[2026-05-20 22:02:28] [min_adj_15min] [incr] 983/2542 | 1 stocks, 48 rows, +16 new | elapsed=1465s ETA=2324s | tokens=279.3
[2026-05-20 22:02:28] [min_adj_15min] [incr] 2026-05-16 ~ 2026-05-21: 48 rows, 1 pages, 2.8s
[2026-05-20 22:02:28] [min_adj_15min] [incr] 984/2542 | 1 stocks, 48 rows, +16 new | elapsed=1466s ETA=2321s | tokens=279.3
[2026-05-20 22:02:29] [min_adj_15min] [incr] 2026-05-16 ~ 2026-05-21: 48 rows, 1 pages, 2.0s
[2026-05-20 22:02:29] [min_adj_15min] [incr] 985/2542 | 1 stocks, 48 rows, +16 new | elapsed=1466s ETA=2318s | tokens=279.4
[2026-05-20 22:02:29] [min_adj_15min] [incr] 2026-05-16 ~ 2026-05-21: 48 rows, 1 pages, 1.9s
[2026-05-20 22:02:29] [min_adj_15min] [incr] 986/2542 | 1 stocks, 48 rows, +16 new | elapsed=1467s ETA=2315s | tokens=279.4
[2026-05-20 22:02:30] [min_adj_15min] [incr] 2026-05-16 ~ 2026-05-21: 48 rows, 1 pages, 1.9s
[2026-05-20 22:02:30] [min_adj_15min] [incr] 987/2542 | 1 stocks, 48 rows, +16 new | elapsed=1467s ETA=2312s | tokens=279.4
[2026-05-20 22:02:31] [min_adj_15min] [incr] 2026-05-16 ~ 2026-05-21: 48 rows, 1 pages, 6.3s
[2026-05-20 22:02:31] [min_adj_15min] [incr] 988/2542 | 1 stocks, 48 rows, +16 new | elapsed=1468s ETA=2310s | tokens=279.4
[2026-05-20 22:02:33] [min_adj_15min] [incr] 2026-05-16 ~ 2026-05-21: 48 rows, 1 pages, 4.8s
[2026-05-20 22:02:34] [min_adj_15min] [incr] 989/2542 | 1 stocks, 48 rows, +16 new | elapsed=1471s ETA=2310s | tokens=279.4
[2026-05-20 22:02:37] [min_adj_15min] [incr] 2026-05-16 ~ 2026-05-21: 48 rows, 1 pages, 7.6s
[2026-05-20 22:02:37] [min_adj_15min] [incr] 990/2542 | 1 stocks, 48 rows, +16 new | elapsed=1474s ETA=2311s | tokens=279.3
[2026-05-20 22:02:38] [min_adj_15min] [incr] 2026-05-16 ~ 2026-05-21: 48 rows, 1 pages, 9.8s
[2026-05-20 22:02:38] [min_adj_15min] [incr] 991/2542 | 1 stocks, 48 rows, +16 new | elapsed=1476s ETA=2309s | tokens=279.4
[2026-05-20 22:02:39] [min_adj_15min] [incr] 2026-05-16 ~ 2026-05-21: 48 rows, 1 pages, 7.9s
[2026-05-20 22:02:39] [min_adj_15min] [incr] 992/2542 | 1 stocks, 48 rows, +16 new | elapsed=1476s ETA=2307s | tokens=279.3
[2026-05-20 22:02:45] [min_adj_15min] [incr] 2026-05-16 ~ 2026-05-21: 48 rows, 1 pages, 27.7s
[2026-05-20 22:02:45] [min_adj_15min] [incr] 993/2542 | 1 stocks, 48 rows, +16 new | elapsed=1482s ETA=2312s | tokens=279.4
[2026-05-20 22:02:46] [min_adj_15min] [incr] 2026-05-16 ~ 2026-05-21: 48 rows, 1 pages, 16.2s
[2026-05-20 22:02:46] [min_adj_15min] [incr] 994/2542 | 1 stocks, 48 rows, +16 new | elapsed=1484s ETA=2310s | tokens=279.4
[2026-05-20 22:02:48] [min_adj_15min] [incr] 2026-05-16 ~ 2026-05-21: 48 rows, 1 pages, 10.9s
[2026-05-20 22:02:48] [min_adj_15min] [incr] 995/2542 | 1 stocks, 48 rows, +16 new | elapsed=1485s ETA=2309s | tokens=279.4
[2026-05-20 22:02:50] [min_adj_15min] [incr] 2026-05-16 ~ 2026-05-21: 48 rows, 1 pages, 11.6s
[2026-05-20 22:02:50] [min_adj_15min] [incr] 996/2542 | 1 stocks, 48 rows, +16 new | elapsed=1487s ETA=2309s | tokens=279.4
[2026-05-20 22:02:50] [min_adj_15min] [incr] 2026-05-16 ~ 2026-05-21: 48 rows, 1 pages, 5.6s
[2026-05-20 22:02:50] [min_adj_15min] [incr] 997/2542 | 1 stocks, 48 rows, +16 new | elapsed=1488s ETA=2305s | tokens=279.4
[2026-05-20 22:02:51] [min_adj_15min] [incr] 2026-05-16 ~ 2026-05-21: 48 rows, 1 pages, 4.5s
[2026-05-20 22:02:51] [min_adj_15min] [incr] 998/2542 | 1 stocks, 48 rows, +16 new | elapsed=1488s ETA=2302s | tokens=279.3
[2026-05-20 22:02:56] [min_adj_15min] [incr] 2026-05-16 ~ 2026-05-21: 48 rows, 1 pages, 8.6s
[2026-05-20 22:02:56] [min_adj_15min] [incr] 999/2542 | 1 stocks, 48 rows, +16 new | elapsed=1494s ETA=2307s | tokens=279.4
[2026-05-20 22:02:58] [min_adj_15min] [incr] 2026-05-16 ~ 2026-05-21: 48 rows, 1 pages, 24.4s
[2026-05-20 22:02:58] [min_adj_15min] [incr] 1000/2542 | 1 stocks, 48 rows, +16 new | elapsed=1495s ETA=2306s | tokens=279.4
[2026-05-20 22:03:02] [min_adj_15min] [incr] 2026-05-16 ~ 2026-05-21: 48 rows, 1 pages, 23.1s
[2026-05-20 22:03:02] [min_adj_15min] [incr] 1001/2542 | 1 stocks, 48 rows, +16 new | elapsed=1499s ETA=2308s | tokens=279.4
[2026-05-20 22:03:03] [min_adj_15min] [incr] 2026-05-16 ~ 2026-05-21: 48 rows, 1 pages, 12.1s
[2026-05-20 22:03:03] [min_adj_15min] [incr] 1002/2542 | 1 stocks, 48 rows, +16 new | elapsed=1500s ETA=2306s | tokens=279.4
[2026-05-20 22:03:06] [min_adj_15min] [incr] 2026-05-16 ~ 2026-05-21: 48 rows, 1 pages, 15.7s
[2026-05-20 22:03:06] [min_adj_15min] [incr] 1003/2542 | 1 stocks, 48 rows, +16 new | elapsed=1503s ETA=2306s | tokens=279.5
[2026-05-20 22:03:12] [min_adj_15min] [incr] 2026-05-16 ~ 2026-05-21: 48 rows, 1 pages, 15.8s
[2026-05-20 22:03:12] [min_adj_15min] [incr] 1004/2542 | 1 stocks, 48 rows, +16 new | elapsed=1510s ETA=2313s | tokens=279.4
[2026-05-20 22:03:12] [min_adj_15min] [incr] 2026-05-16 ~ 2026-05-21: 48 rows, 1 pages, 10.6s
[2026-05-20 22:03:13] [min_adj_15min] [incr] 1005/2542 | 1 stocks, 48 rows, +16 new | elapsed=1510s ETA=2309s | tokens=279.4
[2026-05-20 22:03:13] [min_adj_15min] [incr] 2026-05-16 ~ 2026-05-21: 48 rows, 1 pages, 9.9s
[2026-05-20 22:03:13] [min_adj_15min] [incr] 1006/2542 | 1 stocks, 48 rows, +16 new | elapsed=1510s ETA=2306s | tokens=279.3
[2026-05-20 22:03:13] [min_adj_15min] [incr] 2026-05-16 ~ 2026-05-21: 48 rows, 1 pages, 7.4s
[2026-05-20 22:03:13] [min_adj_15min] [incr] 1007/2542 | 1 stocks, 48 rows, +16 new | elapsed=1510s ETA=2302s | tokens=279.3
[2026-05-20 22:03:15] [min_adj_15min] [incr] 2026-05-16 ~ 2026-05-21: 48 rows, 1 pages, 24.7s
[2026-05-20 22:03:15] [min_adj_15min] [incr] 1008/2542 | 1 stocks, 48 rows, +16 new | elapsed=1512s ETA=2302s | tokens=279.4
[2026-05-20 22:03:16] [min_adj_15min] [incr] 2026-05-16 ~ 2026-05-21: 48 rows, 1 pages, 18.4s
[2026-05-20 22:03:16] [min_adj_15min] [incr] 1009/2542 | 1 stocks, 48 rows, +16 new | elapsed=1514s ETA=2300s | tokens=279.4
[2026-05-20 22:03:18] [min_adj_15min] [incr] 2026-05-16 ~ 2026-05-21: 48 rows, 1 pages, 6.0s
[2026-05-20 22:03:18] [min_adj_15min] [incr] 1010/2542 | 1 stocks, 48 rows, +16 new | elapsed=1516s ETA=2299s | tokens=279.4
[2026-05-20 22:03:19] [min_adj_15min] [incr] 2026-05-16 ~ 2026-05-21: 48 rows, 1 pages, 5.5s
[2026-05-20 22:03:19] [min_adj_15min] [incr] 1011/2542 | 1 stocks, 48 rows, +16 new | elapsed=1516s ETA=2296s | tokens=279.4
[2026-05-20 22:03:22] [min_adj_15min] [incr] 2026-05-16 ~ 2026-05-21: 48 rows, 1 pages, 9.0s
[2026-05-20 22:03:22] [min_adj_15min] [incr] 1012/2542 | 1 stocks, 48 rows, +16 new | elapsed=1519s ETA=2297s | tokens=279.4
[2026-05-20 22:03:22] [min_adj_15min] [incr] 2026-05-16 ~ 2026-05-21: 48 rows, 1 pages, 7.3s
[2026-05-20 22:03:22] [min_adj_15min] [incr] 1013/2542 | 1 stocks, 48 rows, +16 new | elapsed=1520s ETA=2294s | tokens=279.3
[2026-05-20 22:03:23] [min_adj_15min] [incr] 2026-05-16 ~ 2026-05-21: 48 rows, 1 pages, 10.1s
[2026-05-20 22:03:23] [min_adj_15min] [incr] 1014/2542 | 1 stocks, 48 rows, +16 new | elapsed=1520s ETA=2291s | tokens=279.4
[2026-05-20 22:03:23] [min_adj_15min] [incr] 2026-05-16 ~ 2026-05-21: 48 rows, 1 pages, 4.5s
[2026-05-20 22:03:23] [min_adj_15min] [incr] 1015/2542 | 1 stocks, 48 rows, +16 new | elapsed=1520s ETA=2287s | tokens=279.1
[2026-05-20 22:03:24] [min_adj_15min] [incr] 2026-05-16 ~ 2026-05-21: 48 rows, 1 pages, 5.0s
[2026-05-20 22:03:24] [min_adj_15min] [incr] 1016/2542 | 1 stocks, 48 rows, +16 new | elapsed=1521s ETA=2285s | tokens=279.3
[2026-05-20 22:03:24] [min_adj_15min] [incr] 2026-05-16 ~ 2026-05-21: 48 rows, 1 pages, 2.0s
[2026-05-20 22:03:24] [min_adj_15min] [incr] 1017/2542 | 1 stocks, 48 rows, +16 new | elapsed=1521s ETA=2281s | tokens=279.1
[2026-05-20 22:03:28] [min_adj_15min] [incr] 2026-05-16 ~ 2026-05-21: 48 rows, 1 pages, 11.5s
[2026-05-20 22:03:28] [min_adj_15min] [incr] 1018/2542 | 1 stocks, 48 rows, +16 new | elapsed=1525s ETA=2284s | tokens=279.4
[2026-05-20 22:03:29] [min_adj_15min] [incr] 2026-05-16 ~ 2026-05-21: 48 rows, 1 pages, 6.5s
[2026-05-20 22:03:29] [min_adj_15min] [incr] 1019/2542 | 1 stocks, 48 rows, +16 new | elapsed=1527s ETA=2282s | tokens=279.4
[2026-05-20 22:03:32] [min_adj_15min] [incr] 2026-05-16 ~ 2026-05-21: 48 rows, 1 pages, 9.8s
[2026-05-20 22:03:32] [min_adj_15min] [incr] 1020/2542 | 1 stocks, 48 rows, +16 new | elapsed=1530s ETA=2282s | tokens=279.4
[2026-05-20 22:03:32] [min_adj_15min] [incr] 2026-05-16 ~ 2026-05-21: 48 rows, 1 pages, 9.6s
[2026-05-20 22:03:32] [min_adj_15min] [incr] 1021/2542 | 1 stocks, 48 rows, +16 new | elapsed=1530s ETA=2279s | tokens=279.0
[2026-05-20 22:03:35] [min_adj_15min] [incr] 2026-05-16 ~ 2026-05-21: 48 rows, 1 pages, 11.6s
[2026-05-20 22:03:35] [min_adj_15min] [incr] 1022/2542 | 1 stocks, 48 rows, +16 new | elapsed=1533s ETA=2280s | tokens=279.4
[2026-05-20 22:03:36] [min_adj_15min] [incr] 2026-05-16 ~ 2026-05-21: 48 rows, 1 pages, 6.4s
[2026-05-20 22:03:36] [min_adj_15min] [incr] 1023/2542 | 1 stocks, 48 rows, +16 new | elapsed=1533s ETA=2277s | tokens=279.3
[2026-05-20 22:03:37] [min_adj_15min] [incr] 2026-05-16 ~ 2026-05-21: 48 rows, 1 pages, 13.1s
[2026-05-20 22:03:37] [min_adj_15min] [incr] 2026-05-16 ~ 2026-05-21: 48 rows, 1 pages, 9.0s
[2026-05-20 22:03:37] [min_adj_15min] [incr] 1024/2542 | 1 stocks, 48 rows, +16 new | elapsed=1534s ETA=2275s | tokens=278.4
[2026-05-20 22:03:37] [min_adj_15min] [incr] 1025/2542 | 1 stocks, 48 rows, +16 new | elapsed=1534s ETA=2271s | tokens=278.8
[2026-05-20 22:03:41] [min_adj_15min] [incr] 2026-05-16 ~ 2026-05-21: 48 rows, 1 pages, 6.3s
[2026-05-20 22:03:41] [min_adj_15min] [incr] 2026-05-16 ~ 2026-05-21: 48 rows, 1 pages, 9.2s
[2026-05-20 22:03:42] [min_adj_15min] [incr] 1026/2542 | 1 stocks, 48 rows, +16 new | elapsed=1539s ETA=2274s | tokens=278.4
[2026-05-20 22:03:42] [min_adj_15min] [incr] 1027/2542 | 1 stocks, 48 rows, +16 new | elapsed=1539s ETA=2270s | tokens=278.7
[2026-05-20 22:03:42] [min_adj_15min] [incr] 2026-05-16 ~ 2026-05-21: 48 rows, 1 pages, 6.1s
[2026-05-20 22:03:42] [min_adj_15min] [incr] 2026-05-16 ~ 2026-05-21: 48 rows, 1 pages, 4.9s
[2026-05-20 22:03:42] [min_adj_15min] [incr] 1028/2542 | 1 stocks, 48 rows, +16 new | elapsed=1539s ETA=2267s | tokens=277.6
[2026-05-20 22:03:42] [min_adj_15min] [incr] 1029/2542 | 1 stocks, 48 rows, +16 new | elapsed=1539s ETA=2263s | tokens=277.9
[2026-05-20 22:03:42] [min_adj_15min] [incr] 2026-05-16 ~ 2026-05-21: 48 rows, 1 pages, 5.4s
[2026-05-20 22:03:42] [min_adj_15min] [incr] 2026-05-16 ~ 2026-05-21: 48 rows, 1 pages, 0.9s
[2026-05-20 22:03:42] [min_adj_15min] [incr] 1030/2542 | 1 stocks, 48 rows, +16 new | elapsed=1540s ETA=2260s | tokens=279.0
[2026-05-20 22:03:42] [min_adj_15min] [incr] 1031/2542 | 1 stocks, 48 rows, +16 new | elapsed=1540s ETA=2257s | tokens=278.4
[2026-05-20 22:03:43] [min_adj_15min] [incr] 2026-05-16 ~ 2026-05-21: 48 rows, 1 pages, 1.1s
[2026-05-20 22:03:43] [min_adj_15min] [incr] 2026-05-16 ~ 2026-05-21: 48 rows, 1 pages, 0.9s
[2026-05-20 22:03:43] [min_adj_15min] [incr] 1032/2542 | 1 stocks, 48 rows, +16 new | elapsed=1540s ETA=2254s | tokens=277.6
[2026-05-20 22:03:43] [min_adj_15min] [incr] 1033/2542 | 1 stocks, 48 rows, +16 new | elapsed=1540s ETA=2250s | tokens=278.0
[2026-05-20 22:03:48] [min_adj_15min] [incr] 2026-05-16 ~ 2026-05-21: 48 rows, 1 pages, 15.6s
[2026-05-20 22:03:48] [min_adj_15min] [incr] 1034/2542 | 1 stocks, 48 rows, +16 new | elapsed=1545s ETA=2254s | tokens=279.4
[2026-05-20 22:03:48] [min_adj_15min] [incr] 2026-05-16 ~ 2026-05-21: 48 rows, 1 pages, 5.6s
[2026-05-20 22:03:48] [min_adj_15min] [incr] 1035/2542 | 1 stocks, 48 rows, +16 new | elapsed=1546s ETA=2250s | tokens=279.3
[2026-05-20 22:03:54] [min_adj_15min] [incr] 2026-05-16 ~ 2026-05-21: 48 rows, 1 pages, 11.2s
[2026-05-20 22:03:54] [min_adj_15min] [incr] 1036/2542 | 1 stocks, 48 rows, +16 new | elapsed=1551s ETA=2255s | tokens=279.4
[2026-05-20 22:03:54] [min_adj_15min] [incr] 2026-05-16 ~ 2026-05-21: 48 rows, 1 pages, 11.5s
[2026-05-20 22:03:54] [min_adj_15min] [incr] 1037/2542 | 1 stocks, 48 rows, +16 new | elapsed=1552s ETA=2252s | tokens=279.3
[2026-05-20 22:03:55] [min_adj_15min] [incr] 2026-05-16 ~ 2026-05-21: 48 rows, 1 pages, 12.7s
[2026-05-20 22:03:55] [min_adj_15min] [incr] 1038/2542 | 1 stocks, 48 rows, +16 new | elapsed=1552s ETA=2249s | tokens=279.3
[2026-05-20 22:03:55] [min_adj_15min] [incr] 2026-05-16 ~ 2026-05-21: 48 rows, 1 pages, 6.9s
[2026-05-20 22:03:55] [min_adj_15min] [incr] 1039/2542 | 1 stocks, 48 rows, +16 new | elapsed=1552s ETA=2245s | tokens=278.9
[2026-05-20 22:03:56] [min_adj_15min] [incr] 2026-05-16 ~ 2026-05-21: 48 rows, 1 pages, 8.0s
[2026-05-20 22:03:56] [min_adj_15min] [incr] 1040/2542 | 1 stocks, 48 rows, +16 new | elapsed=1554s ETA=2244s | tokens=279.4
[2026-05-20 22:03:57] [min_adj_15min] [incr] 2026-05-16 ~ 2026-05-21: 48 rows, 1 pages, 3.1s
[2026-05-20 22:03:57] [min_adj_15min] [incr] 2026-05-16 ~ 2026-05-21: 48 rows, 1 pages, 2.9s
[2026-05-20 22:03:57] [min_adj_15min] [incr] 1041/2542 | 1 stocks, 48 rows, +16 new | elapsed=1555s ETA=2242s | tokens=278.4
[2026-05-20 22:03:57] [min_adj_15min] [incr] 1042/2542 | 1 stocks, 48 rows, +16 new | elapsed=1555s ETA=2238s | tokens=278.8
[2026-05-20 22:03:57] [min_adj_15min] [incr] 2026-05-16 ~ 2026-05-21: 48 rows, 1 pages, 2.9s
[2026-05-20 22:03:57] [min_adj_15min] [incr] 2026-05-16 ~ 2026-05-21: 48 rows, 1 pages, 2.8s
[2026-05-20 22:03:58] [min_adj_15min] [incr] 1043/2542 | 1 stocks, 48 rows, +16 new | elapsed=1555s ETA=2235s | tokens=278.2
[2026-05-20 22:03:58] [min_adj_15min] [incr] 1044/2542 | 1 stocks, 48 rows, +16 new | elapsed=1555s ETA=2231s | tokens=278.6
[2026-05-20 22:03:58] [min_adj_15min] [incr] 2026-05-16 ~ 2026-05-21: 48 rows, 1 pages, 1.6s
[2026-05-20 22:03:58] [min_adj_15min] [incr] 2026-05-16 ~ 2026-05-21: 48 rows, 1 pages, 0.7s
[2026-05-20 22:03:58] [min_adj_15min] [incr] 1045/2542 | 1 stocks, 48 rows, +16 new | elapsed=1555s ETA=2228s | tokens=277.5
[2026-05-20 22:03:58] [min_adj_15min] [incr] 1046/2542 | 1 stocks, 48 rows, +16 new | elapsed=1555s ETA=2224s | tokens=277.8
[2026-05-20 22:03:58] [min_adj_15min] [incr] 2026-05-16 ~ 2026-05-21: 48 rows, 1 pages, 0.9s
[2026-05-20 22:03:58] [min_adj_15min] [incr] 1047/2542 | 1 stocks, 48 rows, +16 new | elapsed=1556s ETA=2221s | tokens=277.6
[2026-05-20 22:03:58] [min_adj_15min] [incr] 2026-05-16 ~ 2026-05-21: 48 rows, 1 pages, 0.7s
[2026-05-20 22:03:58] [min_adj_15min] [incr] 2026-05-16 ~ 2026-05-21: 48 rows, 1 pages, 0.8s
[2026-05-20 22:03:58] [min_adj_15min] [incr] 1048/2542 | 1 stocks, 48 rows, +16 new | elapsed=1556s ETA=2218s | tokens=276.7
[2026-05-20 22:03:58] [min_adj_15min] [incr] 1049/2542 | 1 stocks, 48 rows, +16 new | elapsed=1556s ETA=2214s | tokens=277.1
[2026-05-20 22:04:02] [min_adj_15min] [incr] 2026-05-16 ~ 2026-05-21: 48 rows, 1 pages, 4.7s
[2026-05-20 22:04:02] [min_adj_15min] [incr] 2026-05-16 ~ 2026-05-21: 48 rows, 1 pages, 4.7s
[2026-05-20 22:04:03] [min_adj_15min] [incr] 1050/2542 | 1 stocks, 48 rows, +16 new | elapsed=1560s ETA=2217s | tokens=278.4
[2026-05-20 22:04:03] [min_adj_15min] [incr] 1051/2542 | 1 stocks, 48 rows, +16 new | elapsed=1560s ETA=2213s | tokens=278.7
[2026-05-20 22:04:03] [min_adj_15min] [incr] 2026-05-16 ~ 2026-05-21: 48 rows, 1 pages, 4.6s
[2026-05-20 22:04:03] [min_adj_15min] [incr] 2026-05-16 ~ 2026-05-21: 48 rows, 1 pages, 4.8s
[2026-05-20 22:04:03] [min_adj_15min] [incr] 1052/2542 | 1 stocks, 48 rows, +16 new | elapsed=1560s ETA=2210s | tokens=277.8
[2026-05-20 22:04:03] [min_adj_15min] [incr] 1053/2542 | 1 stocks, 48 rows, +16 new | elapsed=1560s ETA=2207s | tokens=278.2
[2026-05-20 22:04:07] [min_adj_15min] [incr] 2026-05-16 ~ 2026-05-21: 48 rows, 1 pages, 24.8s
[2026-05-20 22:04:07] [min_adj_15min] [incr] 1054/2542 | 1 stocks, 48 rows, +16 new | elapsed=1565s ETA=2209s | tokens=279.4
[2026-05-20 22:04:10] [min_adj_15min] [incr] 2026-05-16 ~ 2026-05-21: 48 rows, 1 pages, 11.4s
[2026-05-20 22:04:10] [min_adj_15min] [incr] 2026-05-16 ~ 2026-05-21: 48 rows, 1 pages, 7.3s
[2026-05-20 22:04:10] [min_adj_15min] [incr] 1055/2542 | 1 stocks, 48 rows, +16 new | elapsed=1567s ETA=2209s | tokens=278.4
[2026-05-20 22:04:10] [min_adj_15min] [incr] 1056/2542 | 1 stocks, 48 rows, +16 new | elapsed=1567s ETA=2206s | tokens=278.7
[2026-05-20 22:04:13] [min_adj_15min] [incr] 2026-05-16 ~ 2026-05-21: 48 rows, 1 pages, 10.3s
[2026-05-20 22:04:13] [min_adj_15min] [incr] 1057/2542 | 1 stocks, 48 rows, +16 new | elapsed=1570s ETA=2206s | tokens=279.4
[2026-05-20 22:04:16] [min_adj_15min] [incr] 2026-05-16 ~ 2026-05-21: 48 rows, 1 pages, 12.9s
[2026-05-20 22:04:16] [min_adj_15min] [incr] 2026-05-16 ~ 2026-05-21: 48 rows, 1 pages, 12.9s
[2026-05-20 22:04:16] [min_adj_15min] [incr] 1058/2542 | 1 stocks, 48 rows, +16 new | elapsed=1573s ETA=2207s | tokens=278.4
[2026-05-20 22:04:16] [min_adj_15min] [incr] 1059/2542 | 1 stocks, 48 rows, +16 new | elapsed=1573s ETA=2203s | tokens=278.7
[2026-05-20 22:04:19] [min_adj_15min] [incr] 2026-05-16 ~ 2026-05-21: 48 rows, 1 pages, 9.5s
[2026-05-20 22:04:19] [min_adj_15min] [incr] 2026-05-16 ~ 2026-05-21: 48 rows, 1 pages, 9.5s
[2026-05-20 22:04:19] [min_adj_15min] [incr] 1060/2542 | 1 stocks, 48 rows, +16 new | elapsed=1577s ETA=2205s | tokens=278.4
[2026-05-20 22:04:19] [min_adj_15min] [incr] 1061/2542 | 1 stocks, 48 rows, +16 new | elapsed=1577s ETA=2201s | tokens=278.7
[2026-05-20 22:04:21] [min_adj_15min] [incr] 2026-05-16 ~ 2026-05-21: 48 rows, 1 pages, 8.1s
[2026-05-20 22:04:21] [min_adj_15min] [incr] 2026-05-16 ~ 2026-05-21: 48 rows, 1 pages, 5.2s
[2026-05-20 22:04:21] [min_adj_15min] [incr] 1062/2542 | 1 stocks, 48 rows, +16 new | elapsed=1578s ETA=2200s | tokens=278.4
[2026-05-20 22:04:21] [min_adj_15min] [incr] 1063/2542 | 1 stocks, 48 rows, +16 new | elapsed=1579s ETA=2196s | tokens=278.8
[2026-05-20 22:04:24] [min_adj_15min] [incr] 2026-05-16 ~ 2026-05-21: 48 rows, 1 pages, 16.4s
[2026-05-20 22:04:24] [min_adj_15min] [incr] 1064/2542 | 1 stocks, 48 rows, +16 new | elapsed=1581s ETA=2196s | tokens=279.4
[2026-05-20 22:04:24] [min_adj_15min] [incr] 2026-05-16 ~ 2026-05-21: 48 rows, 1 pages, 7.9s
[2026-05-20 22:04:24] [min_adj_15min] [incr] 1065/2542 | 1 stocks, 48 rows, +16 new | elapsed=1581s ETA=2193s | tokens=278.9
[2026-05-20 22:04:24] [min_adj_15min] [incr] 2026-05-16 ~ 2026-05-21: 48 rows, 1 pages, 4.6s
[2026-05-20 22:04:24] [min_adj_15min] [incr] 1066/2542 | 1 stocks, 48 rows, +16 new | elapsed=1581s ETA=2190s | tokens=279.0
[2026-05-20 22:04:24] [min_adj_15min] [incr] 2026-05-16 ~ 2026-05-21: 48 rows, 1 pages, 3.5s
[2026-05-20 22:04:25] [min_adj_15min] [incr] 1067/2542 | 1 stocks, 48 rows, +16 new | elapsed=1582s ETA=2187s | tokens=279.3
[2026-05-20 22:04:29] [min_adj_15min] [incr] 2026-05-16 ~ 2026-05-21: 48 rows, 1 pages, 7.9s
[2026-05-20 22:04:29] [min_adj_15min] [incr] 1068/2542 | 1 stocks, 48 rows, +16 new | elapsed=1586s ETA=2189s | tokens=279.4
[2026-05-20 22:04:29] [min_adj_15min] [incr] 2026-05-16 ~ 2026-05-21: 48 rows, 1 pages, 5.6s
[2026-05-20 22:04:29] [min_adj_15min] [incr] 1069/2542 | 1 stocks, 48 rows, +16 new | elapsed=1587s ETA=2186s | tokens=279.4
[2026-05-20 22:04:31] [min_adj_15min] [incr] 2026-05-16 ~ 2026-05-21: 48 rows, 1 pages, 12.0s
[2026-05-20 22:04:32] [min_adj_15min] [incr] 1070/2542 | 1 stocks, 48 rows, +16 new | elapsed=1589s ETA=2186s | tokens=279.4
[2026-05-20 22:04:37] [min_adj_15min] [incr] 2026-05-16 ~ 2026-05-21: 48 rows, 1 pages, 13.4s
[2026-05-20 22:04:37] [min_adj_15min] [incr] 1071/2542 | 1 stocks, 48 rows, +16 new | elapsed=1595s ETA=2191s | tokens=279.4
[2026-05-20 22:04:38] [min_adj_15min] [incr] 2026-05-16 ~ 2026-05-21: 48 rows, 1 pages, 9.0s
[2026-05-20 22:04:38] [min_adj_15min] [incr] 1072/2542 | 1 stocks, 48 rows, +16 new | elapsed=1595s ETA=2188s | tokens=279.4
[2026-05-20 22:04:38] [min_adj_15min] [incr] 2026-05-16 ~ 2026-05-21: 48 rows, 1 pages, 8.9s
[2026-05-20 22:04:38] [min_adj_15min] [incr] 1073/2542 | 1 stocks, 48 rows, +16 new | elapsed=1596s ETA=2185s | tokens=279.3
[2026-05-20 22:04:39] [min_adj_15min] [incr] 2026-05-16 ~ 2026-05-21: 48 rows, 1 pages, 7.1s
[2026-05-20 22:04:39] [min_adj_15min] [incr] 1074/2542 | 1 stocks, 48 rows, +16 new | elapsed=1596s ETA=2182s | tokens=279.3
[2026-05-20 22:04:39] [min_adj_15min] [incr] 2026-05-16 ~ 2026-05-21: 48 rows, 1 pages, 1.4s
[2026-05-20 22:04:39] [min_adj_15min] [incr] 1075/2542 | 1 stocks, 48 rows, +16 new | elapsed=1596s ETA=2178s | tokens=279.3
[2026-05-20 22:04:39] [min_adj_15min] [incr] 2026-05-16 ~ 2026-05-21: 48 rows, 1 pages, 14.7s
[2026-05-20 22:04:39] [min_adj_15min] [incr] 1076/2542 | 1 stocks, 48 rows, +16 new | elapsed=1597s ETA=2175s | tokens=279.3
[2026-05-20 22:04:40] [min_adj_15min] [incr] 2026-05-16 ~ 2026-05-21: 48 rows, 1 pages, 1.4s
[2026-05-20 22:04:40] [min_adj_15min] [incr] 1077/2542 | 1 stocks, 48 rows, +16 new | elapsed=1597s ETA=2173s | tokens=279.4
[2026-05-20 22:04:42] [min_adj_15min] [incr] 2026-05-16 ~ 2026-05-21: 48 rows, 1 pages, 18.3s
[2026-05-20 22:04:42] [min_adj_15min] [incr] 1078/2542 | 1 stocks, 48 rows, +16 new | elapsed=1599s ETA=2172s | tokens=279.4
[2026-05-20 22:04:45] [min_adj_15min] [incr] 2026-05-16 ~ 2026-05-21: 48 rows, 1 pages, 6.8s
[2026-05-20 22:04:45] [min_adj_15min] [incr] 1079/2542 | 1 stocks, 48 rows, +16 new | elapsed=1602s ETA=2172s | tokens=279.4
[2026-05-20 22:04:45] [min_adj_15min] [incr] 2026-05-16 ~ 2026-05-21: 48 rows, 1 pages, 6.1s
[2026-05-20 22:04:45] [min_adj_15min] [incr] 1080/2542 | 1 stocks, 48 rows, +16 new | elapsed=1602s ETA=2169s | tokens=278.9
[2026-05-20 22:04:45] [min_adj_15min] [incr] 2026-05-16 ~ 2026-05-21: 48 rows, 1 pages, 6.6s
[2026-05-20 22:04:45] [min_adj_15min] [incr] 1081/2542 | 1 stocks, 48 rows, +16 new | elapsed=1603s ETA=2166s | tokens=279.4
[2026-05-20 22:04:50] [min_adj_15min] [incr] 2026-05-16 ~ 2026-05-21: 48 rows, 1 pages, 9.8s
[2026-05-20 22:04:50] [min_adj_15min] [incr] 2026-05-16 ~ 2026-05-21: 48 rows, 1 pages, 10.3s
[2026-05-20 22:04:50] [min_adj_15min] [incr] 1082/2542 | 1 stocks, 48 rows, +16 new | elapsed=1607s ETA=2168s | tokens=278.4
[2026-05-20 22:04:50] [min_adj_15min] [incr] 1083/2542 | 1 stocks, 48 rows, +16 new | elapsed=1607s ETA=2165s | tokens=278.8
[2026-05-20 22:04:50] [min_adj_15min] [incr] 2026-05-16 ~ 2026-05-21: 48 rows, 1 pages, 5.0s
[2026-05-20 22:04:50] [min_adj_15min] [incr] 2026-05-16 ~ 2026-05-21: 48 rows, 1 pages, 5.1s
[2026-05-20 22:04:50] [min_adj_15min] [incr] 1084/2542 | 1 stocks, 48 rows, +16 new | elapsed=1607s ETA=2162s | tokens=277.8
[2026-05-20 22:04:50] [min_adj_15min] [incr] 1085/2542 | 1 stocks, 48 rows, +16 new | elapsed=1607s ETA=2159s | tokens=278.2
[2026-05-20 22:04:51] [min_adj_15min] [incr] 2026-05-16 ~ 2026-05-21: 48 rows, 1 pages, 5.6s
[2026-05-20 22:04:51] [min_adj_15min] [incr] 1086/2542 | 1 stocks, 48 rows, +16 new | elapsed=1608s ETA=2156s | tokens=279.4
[2026-05-20 22:04:52] [min_adj_15min] [incr] 2026-05-16 ~ 2026-05-21: 48 rows, 1 pages, 9.9s
[2026-05-20 22:04:52] [min_adj_15min] [incr] 1087/2542 | 1 stocks, 48 rows, +16 new | elapsed=1609s ETA=2154s | tokens=279.4
[2026-05-20 22:04:52] [min_adj_15min] [incr] 2026-05-16 ~ 2026-05-21: 48 rows, 1 pages, 2.3s
[2026-05-20 22:04:52] [min_adj_15min] [incr] 1088/2542 | 1 stocks, 48 rows, +16 new | elapsed=1610s ETA=2151s | tokens=279.3
[2026-05-20 22:04:52] [min_adj_15min] [incr] 2026-05-16 ~ 2026-05-21: 48 rows, 1 pages, 2.5s
[2026-05-20 22:04:52] [min_adj_15min] [incr] 1089/2542 | 1 stocks, 48 rows, +16 new | elapsed=1610s ETA=2148s | tokens=279.2
[2026-05-20 22:04:53] [min_adj_15min] [incr] 2026-05-16 ~ 2026-05-21: 48 rows, 1 pages, 1.7s
[2026-05-20 22:04:53] [min_adj_15min] [incr] 1090/2542 | 1 stocks, 48 rows, +16 new | elapsed=1610s ETA=2145s | tokens=279.3
[2026-05-20 22:04:53] [min_adj_15min] [incr] 2026-05-16 ~ 2026-05-21: 48 rows, 1 pages, 0.8s
[2026-05-20 22:04:53] [min_adj_15min] [incr] 1091/2542 | 1 stocks, 48 rows, +16 new | elapsed=1610s ETA=2142s | tokens=279.3
[2026-05-20 22:04:53] [min_adj_15min] [incr] 2026-05-16 ~ 2026-05-21: 48 rows, 1 pages, 0.8s
[2026-05-20 22:04:53] [min_adj_15min] [incr] 1092/2542 | 1 stocks, 48 rows, +16 new | elapsed=1611s ETA=2138s | tokens=279.3
[2026-05-20 22:04:53] [min_adj_15min] [incr] 2026-05-16 ~ 2026-05-21: 48 rows, 1 pages, 0.8s
[2026-05-20 22:04:53] [min_adj_15min] [incr] 1093/2542 | 1 stocks, 48 rows, +16 new | elapsed=1611s ETA=2135s | tokens=279.2
[2026-05-20 22:04:53] [min_adj_15min] [incr] 2026-05-16 ~ 2026-05-21: 48 rows, 1 pages, 0.9s
[2026-05-20 22:04:54] [min_adj_15min] [incr] 1094/2542 | 1 stocks, 48 rows, +16 new | elapsed=1611s ETA=2132s | tokens=279.3
[2026-05-20 22:04:59] [min_adj_15min] [incr] 2026-05-16 ~ 2026-05-21: 48 rows, 1 pages, 6.3s
[2026-05-20 22:04:59] [min_adj_15min] [incr] 1095/2542 | 1 stocks, 48 rows, +16 new | elapsed=1617s ETA=2136s | tokens=279.4
[2026-05-20 22:05:02] [min_adj_15min] [incr] 2026-05-16 ~ 2026-05-21: 48 rows, 1 pages, 12.8s
[2026-05-20 22:05:02] [min_adj_15min] [incr] 1096/2542 | 1 stocks, 48 rows, +16 new | elapsed=1620s ETA=2137s | tokens=279.4
[2026-05-20 22:05:03] [min_adj_15min] [incr] 2026-05-16 ~ 2026-05-21: 48 rows, 1 pages, 10.2s
[2026-05-20 22:05:03] [min_adj_15min] [incr] 1097/2542 | 1 stocks, 48 rows, +16 new | elapsed=1621s ETA=2135s | tokens=279.4
[2026-05-20 22:05:03] [min_adj_15min] [incr] 2026-05-16 ~ 2026-05-21: 48 rows, 1 pages, 10.3s
[2026-05-20 22:05:04] [min_adj_15min] [incr] 1098/2542 | 1 stocks, 48 rows, +16 new | elapsed=1621s ETA=2132s | tokens=279.4
[2026-05-20 22:05:04] [min_adj_15min] [incr] 2026-05-16 ~ 2026-05-21: 48 rows, 1 pages, 14.1s
[2026-05-20 22:05:04] [min_adj_15min] [incr] 2026-05-16 ~ 2026-05-21: 48 rows, 1 pages, 10.2s
[2026-05-20 22:05:04] [min_adj_15min] [incr] 1099/2542 | 1 stocks, 48 rows, +16 new | elapsed=1621s ETA=2129s | tokens=278.0
[2026-05-20 22:05:04] [min_adj_15min] [incr] 2026-05-16 ~ 2026-05-21: 48 rows, 1 pages, 4.7s
[2026-05-20 22:05:04] [min_adj_15min] [incr] 1100/2542 | 1 stocks, 48 rows, +16 new | elapsed=1621s ETA=2125s | tokens=278.4
[2026-05-20 22:05:04] [min_adj_15min] [incr] 1101/2542 | 1 stocks, 48 rows, +16 new | elapsed=1621s ETA=2122s | tokens=277.8
[2026-05-20 22:05:04] [min_adj_15min] [incr] 2026-05-16 ~ 2026-05-21: 48 rows, 1 pages, 0.6s
[2026-05-20 22:05:04] [min_adj_15min] [incr] 1102/2542 | 1 stocks, 48 rows, +16 new | elapsed=1622s ETA=2119s | tokens=278.3
[2026-05-20 22:05:04] [min_adj_15min] [incr] 2026-05-16 ~ 2026-05-21: 48 rows, 1 pages, 1.9s
[2026-05-20 22:05:04] [min_adj_15min] [incr] 2026-05-16 ~ 2026-05-21: 48 rows, 1 pages, 1.1s
[2026-05-20 22:05:04] [min_adj_15min] [incr] 1103/2542 | 1 stocks, 48 rows, +16 new | elapsed=1622s ETA=2116s | tokens=277.2
[2026-05-20 22:05:04] [min_adj_15min] [incr] 1104/2542 | 1 stocks, 48 rows, +16 new | elapsed=1622s ETA=2113s | tokens=277.6
[2026-05-20 22:05:15] [min_adj_15min] [incr] 2026-05-16 ~ 2026-05-21: 48 rows, 1 pages, 11.8s
[2026-05-20 22:05:16] [min_adj_15min] [incr] 1105/2542 | 1 stocks, 48 rows, +16 new | elapsed=1633s ETA=2124s | tokens=279.4
[2026-05-20 22:05:18] [min_adj_15min] [incr] 2026-05-16 ~ 2026-05-21: 48 rows, 1 pages, 14.2s
[2026-05-20 22:05:18] [min_adj_15min] [incr] 2026-05-16 ~ 2026-05-21: 48 rows, 1 pages, 14.1s
[2026-05-20 22:05:18] [min_adj_15min] [incr] 1106/2542 | 1 stocks, 48 rows, +16 new | elapsed=1635s ETA=2123s | tokens=278.4
[2026-05-20 22:05:18] [min_adj_15min] [incr] 1107/2542 | 1 stocks, 48 rows, +16 new | elapsed=1636s ETA=2120s | tokens=278.8
[2026-05-20 22:05:22] [min_adj_15min] [incr] 2026-05-16 ~ 2026-05-21: 48 rows, 1 pages, 17.3s
[2026-05-20 22:05:22] [min_adj_15min] [incr] 1108/2542 | 1 stocks, 48 rows, +16 new | elapsed=1639s ETA=2122s | tokens=279.4
[2026-05-20 22:05:22] [min_adj_15min] [incr] 2026-05-16 ~ 2026-05-21: 48 rows, 1 pages, 6.6s
[2026-05-20 22:05:22] [min_adj_15min] [incr] 1109/2542 | 1 stocks, 48 rows, +16 new | elapsed=1640s ETA=2119s | tokens=279.3
[2026-05-20 22:05:23] [min_adj_15min] [incr] 2026-05-16 ~ 2026-05-21: 48 rows, 1 pages, 4.7s
[2026-05-20 22:05:23] [min_adj_15min] [incr] 1110/2542 | 1 stocks, 48 rows, +16 new | elapsed=1640s ETA=2116s | tokens=279.4
[2026-05-20 22:05:23] [min_adj_15min] [incr] 2026-05-16 ~ 2026-05-21: 48 rows, 1 pages, 4.9s
[2026-05-20 22:05:23] [min_adj_15min] [incr] 1111/2542 | 1 stocks, 48 rows, +16 new | elapsed=1640s ETA=2113s | tokens=279.2
[2026-05-20 22:05:23] [min_adj_15min] [incr] 2026-05-16 ~ 2026-05-21: 48 rows, 1 pages, 1.4s
[2026-05-20 22:05:23] [min_adj_15min] [incr] 1112/2542 | 1 stocks, 48 rows, +16 new | elapsed=1641s ETA=2110s | tokens=279.3
[2026-05-20 22:05:24] [min_adj_15min] [incr] 2026-05-16 ~ 2026-05-21: 48 rows, 1 pages, 1.4s
[2026-05-20 22:05:24] [min_adj_15min] [incr] 1113/2542 | 1 stocks, 48 rows, +16 new | elapsed=1641s ETA=2107s | tokens=279.3
[2026-05-20 22:05:24] [min_adj_15min] [incr] 2026-05-16 ~ 2026-05-21: 48 rows, 1 pages, 19.9s
[2026-05-20 22:05:24] [min_adj_15min] [incr] 1114/2542 | 1 stocks, 48 rows, +16 new | elapsed=1642s ETA=2104s | tokens=279.3
[2026-05-20 22:05:24] [min_adj_15min] [incr] 2026-05-16 ~ 2026-05-21: 48 rows, 1 pages, 1.4s
[2026-05-20 22:05:24] [min_adj_15min] [incr] 1115/2542 | 1 stocks, 48 rows, +16 new | elapsed=1642s ETA=2101s | tokens=279.2
[2026-05-20 22:05:25] [min_adj_15min] [incr] 2026-05-16 ~ 2026-05-21: 48 rows, 1 pages, 20.9s
[2026-05-20 22:05:25] [min_adj_15min] [incr] 1116/2542 | 1 stocks, 48 rows, +16 new | elapsed=1643s ETA=2099s | tokens=279.4
[2026-05-20 22:05:26] [min_adj_15min] [incr] 2026-05-16 ~ 2026-05-21: 48 rows, 1 pages, 2.1s
[2026-05-20 22:05:26] [min_adj_15min] [incr] 1117/2542 | 1 stocks, 48 rows, +16 new | elapsed=1643s ETA=2096s | tokens=279.3
[2026-05-20 22:05:26] [min_adj_15min] [incr] 2026-05-16 ~ 2026-05-21: 48 rows, 1 pages, 2.0s
[2026-05-20 22:05:26] [min_adj_15min] [incr] 1118/2542 | 1 stocks, 48 rows, +16 new | elapsed=1644s ETA=2093s | tokens=279.3
[2026-05-20 22:05:26] [min_adj_15min] [incr] 2026-05-16 ~ 2026-05-21: 48 rows, 1 pages, 3.6s
[2026-05-20 22:05:26] [min_adj_15min] [incr] 1119/2542 | 1 stocks, 48 rows, +16 new | elapsed=1644s ETA=2090s | tokens=279.3
[2026-05-20 22:05:28] [min_adj_15min] [incr] 2026-05-16 ~ 2026-05-21: 48 rows, 1 pages, 5.1s
[2026-05-20 22:05:28] [min_adj_15min] [incr] 1120/2542 | 1 stocks, 48 rows, +16 new | elapsed=1646s ETA=2089s | tokens=279.4
[2026-05-20 22:05:33] [min_adj_15min] [incr] 2026-05-16 ~ 2026-05-21: 48 rows, 1 pages, 8.9s
[2026-05-20 22:05:33] [min_adj_15min] [incr] 1121/2542 | 1 stocks, 48 rows, +16 new | elapsed=1651s ETA=2092s | tokens=279.4
[2026-05-20 22:05:34] [min_adj_15min] [incr] 2026-05-16 ~ 2026-05-21: 48 rows, 1 pages, 7.5s
[2026-05-20 22:05:34] [min_adj_15min] [incr] 1122/2542 | 1 stocks, 48 rows, +16 new | elapsed=1651s ETA=2090s | tokens=279.3
[2026-05-20 22:05:34] [min_adj_15min] [incr] 2026-05-16 ~ 2026-05-21: 48 rows, 1 pages, 7.8s
[2026-05-20 22:05:34] [min_adj_15min] [incr] 1123/2542 | 1 stocks, 48 rows, +16 new | elapsed=1652s ETA=2087s | tokens=279.3
[2026-05-20 22:05:36] [min_adj_15min] [incr] 2026-05-16 ~ 2026-05-21: 48 rows, 1 pages, 10.6s
[2026-05-20 22:05:36] [min_adj_15min] [incr] 1124/2542 | 1 stocks, 48 rows, +16 new | elapsed=1654s ETA=2086s | tokens=279.4
[2026-05-20 22:05:36] [min_adj_15min] [incr] 2026-05-16 ~ 2026-05-21: 48 rows, 1 pages, 3.2s
[2026-05-20 22:05:37] [min_adj_15min] [incr] 1125/2542 | 1 stocks, 48 rows, +16 new | elapsed=1654s ETA=2083s | tokens=279.4
[2026-05-20 22:05:37] [min_adj_15min] [incr] 2026-05-16 ~ 2026-05-21: 48 rows, 1 pages, 11.7s
[2026-05-20 22:05:37] [min_adj_15min] [incr] 1126/2542 | 1 stocks, 48 rows, +16 new | elapsed=1654s ETA=2081s | tokens=279.3
[2026-05-20 22:05:37] [min_adj_15min] [incr] 2026-05-16 ~ 2026-05-21: 48 rows, 1 pages, 3.2s
[2026-05-20 22:05:37] [min_adj_15min] [incr] 1127/2542 | 1 stocks, 48 rows, +16 new | elapsed=1655s ETA=2078s | tokens=279.3
[2026-05-20 22:05:39] [min_adj_15min] [incr] 2026-05-16 ~ 2026-05-21: 48 rows, 1 pages, 5.0s
[2026-05-20 22:05:39] [min_adj_15min] [incr] 1128/2542 | 1 stocks, 48 rows, +16 new | elapsed=1656s ETA=2076s | tokens=279.4
[2026-05-20 22:05:42] [min_adj_15min] [incr] 2026-05-16 ~ 2026-05-21: 48 rows, 1 pages, 5.4s
[2026-05-20 22:05:42] [min_adj_15min] [incr] 1129/2542 | 1 stocks, 48 rows, +16 new | elapsed=1659s ETA=2077s | tokens=279.4
[2026-05-20 22:05:42] [min_adj_15min] [incr] 2026-05-16 ~ 2026-05-21: 48 rows, 1 pages, 5.4s
[2026-05-20 22:05:42] [min_adj_15min] [incr] 1130/2542 | 1 stocks, 48 rows, +16 new | elapsed=1660s ETA=2074s | tokens=279.3
[2026-05-20 22:05:45] [min_adj_15min] [incr] 2026-05-16 ~ 2026-05-21: 48 rows, 1 pages, 8.8s
[2026-05-20 22:05:45] [min_adj_15min] [incr] 1131/2542 | 1 stocks, 48 rows, +16 new | elapsed=1663s ETA=2074s | tokens=279.4
[2026-05-20 22:05:46] [min_adj_15min] [incr] 2026-05-16 ~ 2026-05-21: 48 rows, 1 pages, 7.6s
[2026-05-20 22:05:46] [min_adj_15min] [incr] 1132/2542 | 1 stocks, 48 rows, +16 new | elapsed=1664s ETA=2072s | tokens=279.4
[2026-05-20 22:05:47] [min_adj_15min] [incr] 2026-05-16 ~ 2026-05-21: 48 rows, 1 pages, 5.0s
[2026-05-20 22:05:47] [min_adj_15min] [incr] 1133/2542 | 1 stocks, 48 rows, +16 new | elapsed=1664s ETA=2070s | tokens=279.3
[2026-05-20 22:05:47] [min_adj_15min] [incr] 2026-05-16 ~ 2026-05-21: 48 rows, 1 pages, 5.1s
[2026-05-20 22:05:48] [min_adj_15min] [incr] 1134/2542 | 1 stocks, 48 rows, +16 new | elapsed=1665s ETA=2067s | tokens=279.3
[2026-05-20 22:05:53] [min_adj_15min] [incr] 2026-05-16 ~ 2026-05-21: 48 rows, 1 pages, 24.6s
[2026-05-20 22:05:53] [min_adj_15min] [incr] 1135/2542 | 1 stocks, 48 rows, +16 new | elapsed=1670s ETA=2071s | tokens=279.4
[2026-05-20 22:05:59] [min_adj_15min] [incr] 2026-05-16 ~ 2026-05-21: 48 rows, 1 pages, 13.7s
[2026-05-20 22:05:59] [min_adj_15min] [incr] 1136/2542 | 1 stocks, 48 rows, +16 new | elapsed=1676s ETA=2075s | tokens=279.4
[2026-05-20 22:06:04] [min_adj_15min] [incr] 2026-05-16 ~ 2026-05-21: 48 rows, 1 pages, 17.6s
[2026-05-20 22:06:04] [min_adj_15min] [incr] 1137/2542 | 1 stocks, 48 rows, +16 new | elapsed=1681s ETA=2078s | tokens=279.3
[2026-05-20 22:06:04] [min_adj_15min] [incr] 2026-05-16 ~ 2026-05-21: 48 rows, 1 pages, 26.7s
[2026-05-20 22:06:04] [min_adj_15min] [incr] 1138/2542 | 1 stocks, 48 rows, +16 new | elapsed=1682s ETA=2075s | tokens=279.3
[2026-05-20 22:06:07] [min_adj_15min] [incr] 2026-05-16 ~ 2026-05-21: 48 rows, 1 pages, 19.7s
[2026-05-20 22:06:07] [min_adj_15min] [incr] 1139/2542 | 1 stocks, 48 rows, +16 new | elapsed=1684s ETA=2074s | tokens=279.4
[2026-05-20 22:06:20] [min_adj_15min] [incr] 2026-05-16 ~ 2026-05-21: 48 rows, 1 pages, 32.2s
[2026-05-20 22:06:20] [min_adj_15min] [incr] 1140/2542 | 1 stocks, 48 rows, +16 new | elapsed=1697s ETA=2087s | tokens=279.4
[2026-05-20 22:06:25] [min_adj_15min] [incr] 2026-05-16 ~ 2026-05-21: 48 rows, 1 pages, 20.8s
[2026-05-20 22:06:25] [min_adj_15min] [incr] 1141/2542 | 1 stocks, 48 rows, +16 new | elapsed=1702s ETA=2090s | tokens=279.4
[2026-05-20 22:06:25] [min_adj_15min] [incr] 2026-05-16 ~ 2026-05-21: 48 rows, 1 pages, 21.4s
[2026-05-20 22:06:25] [min_adj_15min] [incr] 1142/2542 | 1 stocks, 48 rows, +16 new | elapsed=1703s ETA=2088s | tokens=279.4
[2026-05-20 22:06:26] [min_adj_15min] [incr] 2026-05-16 ~ 2026-05-21: 48 rows, 1 pages, 33.0s
[2026-05-20 22:06:26] [min_adj_15min] [incr] 1143/2542 | 1 stocks, 48 rows, +16 new | elapsed=1703s ETA=2085s | tokens=279.3
[2026-05-20 22:06:28] [min_adj_15min] [incr] 2026-05-16 ~ 2026-05-21: 48 rows, 1 pages, 21.7s
[2026-05-20 22:06:28] [min_adj_15min] [incr] 1144/2542 | 1 stocks, 48 rows, +16 new | elapsed=1706s ETA=2085s | tokens=279.3
[2026-05-20 22:06:29] [min_adj_15min] [incr] 2026-05-16 ~ 2026-05-21: 48 rows, 1 pages, 3.9s
[2026-05-20 22:06:29] [min_adj_15min] [incr] 1145/2542 | 1 stocks, 48 rows, +16 new | elapsed=1706s ETA=2082s | tokens=279.4
[2026-05-20 22:06:29] [min_adj_15min] [incr] 2026-05-16 ~ 2026-05-21: 48 rows, 1 pages, 3.7s
[2026-05-20 22:06:29] [min_adj_15min] [incr] 1146/2542 | 1 stocks, 48 rows, +16 new | elapsed=1707s ETA=2079s | tokens=279.3
[2026-05-20 22:06:30] [min_adj_15min] [incr] 2026-05-16 ~ 2026-05-21: 48 rows, 1 pages, 3.7s
[2026-05-20 22:06:30] [min_adj_15min] [incr] 1147/2542 | 1 stocks, 48 rows, +16 new | elapsed=1707s ETA=2076s | tokens=279.3
[2026-05-20 22:06:30] [min_adj_15min] [incr] 2026-05-16 ~ 2026-05-21: 48 rows, 1 pages, 1.7s
[2026-05-20 22:06:30] [min_adj_15min] [incr] 1148/2542 | 1 stocks, 48 rows, +16 new | elapsed=1708s ETA=2073s | tokens=279.4
[2026-05-20 22:06:31] [min_adj_15min] [incr] 2026-05-16 ~ 2026-05-21: 48 rows, 1 pages, 1.9s
[2026-05-20 22:06:31] [min_adj_15min] [incr] 1149/2542 | 1 stocks, 48 rows, +16 new | elapsed=1708s ETA=2071s | tokens=279.3
[2026-05-20 22:06:31] [min_adj_15min] [incr] 2026-05-16 ~ 2026-05-21: 48 rows, 1 pages, 1.8s
[2026-05-20 22:06:31] [min_adj_15min] [incr] 2026-05-16 ~ 2026-05-21: 48 rows, 1 pages, 32.2s
[2026-05-20 22:06:31] [min_adj_15min] [incr] 1150/2542 | 1 stocks, 48 rows, +16 new | elapsed=1708s ETA=2068s | tokens=278.4
[2026-05-20 22:06:31] [min_adj_15min] [incr] 1151/2542 | 1 stocks, 48 rows, +16 new | elapsed=1709s ETA=2065s | tokens=278.7
[2026-05-20 22:06:31] [min_adj_15min] [incr] 2026-05-16 ~ 2026-05-21: 48 rows, 1 pages, 1.3s
[2026-05-20 22:06:31] [min_adj_15min] [incr] 2026-05-16 ~ 2026-05-21: 48 rows, 1 pages, 1.8s
[2026-05-20 22:06:31] [min_adj_15min] [incr] 1152/2542 | 1 stocks, 48 rows, +16 new | elapsed=1709s ETA=2062s | tokens=278.2
[2026-05-20 22:06:32] [min_adj_15min] [incr] 1153/2542 | 1 stocks, 48 rows, +16 new | elapsed=1709s ETA=2059s | tokens=278.6
[2026-05-20 22:06:32] [min_adj_15min] [incr] 2026-05-16 ~ 2026-05-21: 48 rows, 1 pages, 1.3s
[2026-05-20 22:06:32] [min_adj_15min] [incr] 2026-05-16 ~ 2026-05-21: 48 rows, 1 pages, 0.8s
[2026-05-20 22:06:32] [min_adj_15min] [incr] 1154/2542 | 1 stocks, 48 rows, +16 new | elapsed=1709s ETA=2056s | tokens=278.2
[2026-05-20 22:06:32] [min_adj_15min] [incr] 1155/2542 | 1 stocks, 48 rows, +16 new | elapsed=1709s ETA=2053s | tokens=278.6
[2026-05-20 22:06:32] [min_adj_15min] [incr] 2026-05-16 ~ 2026-05-21: 48 rows, 1 pages, 1.1s
[2026-05-20 22:06:32] [min_adj_15min] [incr] 1156/2542 | 1 stocks, 48 rows, +16 new | elapsed=1710s ETA=2050s | tokens=278.7
[2026-05-20 22:06:32] [min_adj_15min] [incr] 2026-05-16 ~ 2026-05-21: 48 rows, 1 pages, 1.1s
[2026-05-20 22:06:33] [min_adj_15min] [incr] 1157/2542 | 1 stocks, 48 rows, +16 new | elapsed=1710s ETA=2047s | tokens=279.3
[2026-05-20 22:06:38] [min_adj_15min] [incr] 2026-05-16 ~ 2026-05-21: 48 rows, 1 pages, 6.9s
[2026-05-20 22:06:38] [min_adj_15min] [incr] 1158/2542 | 1 stocks, 48 rows, +16 new | elapsed=1716s ETA=2051s | tokens=279.4
[2026-05-20 22:06:39] [min_adj_15min] [incr] 2026-05-16 ~ 2026-05-21: 48 rows, 1 pages, 6.8s
[2026-05-20 22:06:39] [min_adj_15min] [incr] 1159/2542 | 1 stocks, 48 rows, +16 new | elapsed=1716s ETA=2048s | tokens=279.3
[2026-05-20 22:06:39] [min_adj_15min] [incr] 2026-05-16 ~ 2026-05-21: 48 rows, 1 pages, 6.7s
[2026-05-20 22:06:39] [min_adj_15min] [incr] 1160/2542 | 1 stocks, 48 rows, +16 new | elapsed=1716s ETA=2045s | tokens=279.3
[2026-05-20 22:06:42] [min_adj_15min] [incr] 2026-05-16 ~ 2026-05-21: 48 rows, 1 pages, 22.5s
[2026-05-20 22:06:42] [min_adj_15min] [incr] 2026-05-16 ~ 2026-05-21: 48 rows, 1 pages, 10.3s
[2026-05-20 22:06:42] [min_adj_15min] [incr] 1161/2542 | 1 stocks, 48 rows, +16 new | elapsed=1720s ETA=2046s | tokens=278.4
[2026-05-20 22:06:42] [min_adj_15min] [incr] 1162/2542 | 1 stocks, 48 rows, +16 new | elapsed=1720s ETA=2042s | tokens=278.8
[2026-05-20 22:06:42] [min_adj_15min] [incr] 2026-05-16 ~ 2026-05-21: 48 rows, 1 pages, 4.1s
[2026-05-20 22:06:43] [min_adj_15min] [incr] 2026-05-16 ~ 2026-05-21: 48 rows, 1 pages, 3.9s
[2026-05-20 22:06:43] [min_adj_15min] [incr] 1163/2542 | 1 stocks, 48 rows, +16 new | elapsed=1720s ETA=2039s | tokens=277.8
[2026-05-20 22:06:43] [min_adj_15min] [incr] 1164/2542 | 1 stocks, 48 rows, +16 new | elapsed=1720s ETA=2036s | tokens=278.1
[2026-05-20 22:06:43] [min_adj_15min] [incr] 2026-05-16 ~ 2026-05-21: 48 rows, 1 pages, 10.5s
[2026-05-20 22:06:43] [min_adj_15min] [incr] 2026-05-16 ~ 2026-05-21: 48 rows, 1 pages, 0.8s
[2026-05-20 22:06:43] [min_adj_15min] [incr] 1165/2542 | 1 stocks, 48 rows, +16 new | elapsed=1720s ETA=2034s | tokens=278.1
[2026-05-20 22:06:43] [min_adj_15min] [incr] 1166/2542 | 1 stocks, 48 rows, +16 new | elapsed=1721s ETA=2030s | tokens=278.5
[2026-05-20 22:06:43] [min_adj_15min] [incr] 2026-05-16 ~ 2026-05-21: 48 rows, 1 pages, 0.8s
[2026-05-20 22:06:43] [min_adj_15min] [incr] 2026-05-16 ~ 2026-05-21: 48 rows, 1 pages, 1.1s
[2026-05-20 22:06:43] [min_adj_15min] [incr] 1167/2542 | 1 stocks, 48 rows, +16 new | elapsed=1721s ETA=2028s | tokens=277.7
[2026-05-20 22:06:43] [min_adj_15min] [incr] 1168/2542 | 1 stocks, 48 rows, +16 new | elapsed=1721s ETA=2024s | tokens=278.1
[2026-05-20 22:06:46] [min_adj_15min] [incr] 2026-05-16 ~ 2026-05-21: 48 rows, 1 pages, 7.6s
[2026-05-20 22:06:47] [min_adj_15min] [incr] 1169/2542 | 1 stocks, 48 rows, +16 new | elapsed=1724s ETA=2025s | tokens=279.4
[2026-05-20 22:06:48] [min_adj_15min] [incr] 2026-05-16 ~ 2026-05-21: 48 rows, 1 pages, 5.2s
[2026-05-20 22:06:48] [min_adj_15min] [incr] 1170/2542 | 1 stocks, 48 rows, +16 new | elapsed=1725s ETA=2023s | tokens=279.4
[2026-05-20 22:06:48] [min_adj_15min] [incr] 2026-05-16 ~ 2026-05-21: 48 rows, 1 pages, 5.2s
[2026-05-20 22:06:48] [min_adj_15min] [incr] 1171/2542 | 1 stocks, 48 rows, +16 new | elapsed=1726s ETA=2020s | tokens=279.3
[2026-05-20 22:06:48] [min_adj_15min] [incr] 2026-05-16 ~ 2026-05-21: 48 rows, 1 pages, 5.1s
[2026-05-20 22:06:49] [min_adj_15min] [incr] 1172/2542 | 1 stocks, 48 rows, +16 new | elapsed=1726s ETA=2018s | tokens=279.4
[2026-05-20 22:06:49] [min_adj_15min] [incr] 2026-05-16 ~ 2026-05-21: 48 rows, 1 pages, 6.2s
[2026-05-20 22:06:49] [min_adj_15min] [incr] 1173/2542 | 1 stocks, 48 rows, +16 new | elapsed=1727s ETA=2015s | tokens=279.4
[2026-05-20 22:06:51] [min_adj_15min] [incr] 2026-05-16 ~ 2026-05-21: 48 rows, 1 pages, 3.6s
[2026-05-20 22:06:51] [min_adj_15min] [incr] 1174/2542 | 1 stocks, 48 rows, +16 new | elapsed=1729s ETA=2015s | tokens=279.4
[2026-05-20 22:06:59] [min_adj_15min] [incr] 2026-05-16 ~ 2026-05-21: 48 rows, 1 pages, 15.8s
[2026-05-20 22:06:59] [min_adj_15min] [incr] 1175/2542 | 1 stocks, 48 rows, +16 new | elapsed=1737s ETA=2020s | tokens=279.4
[2026-05-20 22:07:03] [min_adj_15min] [incr] 2026-05-16 ~ 2026-05-21: 48 rows, 1 pages, 14.8s
[2026-05-20 22:07:03] [min_adj_15min] [incr] 1176/2542 | 1 stocks, 48 rows, +16 new | elapsed=1741s ETA=2022s | tokens=279.4
[2026-05-20 22:07:06] [min_adj_15min] [incr] 2026-05-16 ~ 2026-05-21: 48 rows, 1 pages, 16.4s
[2026-05-20 22:07:06] [min_adj_15min] [incr] 1177/2542 | 1 stocks, 48 rows, +16 new | elapsed=1743s ETA=2022s | tokens=279.4
[2026-05-20 22:07:09] [min_adj_15min] [incr] 2026-05-16 ~ 2026-05-21: 48 rows, 1 pages, 17.7s
[2026-05-20 22:07:09] [min_adj_15min] [incr] 1178/2542 | 1 stocks, 48 rows, +16 new | elapsed=1747s ETA=2023s | tokens=279.4
[2026-05-20 22:07:11] [min_adj_15min] [incr] 2026-05-16 ~ 2026-05-21: 48 rows, 1 pages, 24.8s
[2026-05-20 22:07:11] [min_adj_15min] [incr] 1179/2542 | 1 stocks, 48 rows, +16 new | elapsed=1749s ETA=2022s | tokens=279.4
[2026-05-20 22:07:13] [min_adj_15min] [incr] 2026-05-16 ~ 2026-05-21: 48 rows, 1 pages, 24.6s
[2026-05-20 22:07:13] [min_adj_15min] [incr] 1180/2542 | 1 stocks, 48 rows, +16 new | elapsed=1751s ETA=2021s | tokens=279.4
[2026-05-20 22:07:16] [min_adj_15min] [incr] 2026-05-16 ~ 2026-05-21: 48 rows, 1 pages, 16.9s
[2026-05-20 22:07:16] [min_adj_15min] [incr] 2026-05-16 ~ 2026-05-21: 48 rows, 1 pages, 10.4s
[2026-05-20 22:07:16] [min_adj_15min] [incr] 1181/2542 | 1 stocks, 48 rows, +16 new | elapsed=1754s ETA=2021s | tokens=278.4
[2026-05-20 22:07:16] [min_adj_15min] [incr] 1182/2542 | 1 stocks, 48 rows, +16 new | elapsed=1754s ETA=2018s | tokens=278.7
[2026-05-20 22:07:21] [min_adj_15min] [incr] 2026-05-16 ~ 2026-05-21: 48 rows, 1 pages, 18.0s
[2026-05-20 22:07:21] [min_adj_15min] [incr] 1183/2542 | 1 stocks, 48 rows, +16 new | elapsed=1759s ETA=2020s | tokens=279.4
[2026-05-20 22:07:22] [min_adj_15min] [incr] 2026-05-16 ~ 2026-05-21: 48 rows, 1 pages, 8.6s
[2026-05-20 22:07:22] [min_adj_15min] [incr] 1184/2542 | 1 stocks, 48 rows, +16 new | elapsed=1759s ETA=2018s | tokens=279.3
[2026-05-20 22:07:29] [min_adj_15min] [incr] 2026-05-16 ~ 2026-05-21: 48 rows, 1 pages, 17.5s
[2026-05-20 22:07:29] [min_adj_15min] [incr] 1185/2542 | 1 stocks, 48 rows, +16 new | elapsed=1766s ETA=2023s | tokens=279.4
[2026-05-20 22:07:29] [min_adj_15min] [incr] 2026-05-16 ~ 2026-05-21: 48 rows, 1 pages, 19.9s
[2026-05-20 22:07:29] [min_adj_15min] [incr] 1186/2542 | 1 stocks, 48 rows, +16 new | elapsed=1767s ETA=2020s | tokens=278.9
[2026-05-20 22:07:30] [min_adj_15min] [incr] 2026-05-16 ~ 2026-05-21: 48 rows, 1 pages, 8.7s
[2026-05-20 22:07:30] [min_adj_15min] [incr] 1187/2542 | 1 stocks, 48 rows, +16 new | elapsed=1767s ETA=2018s | tokens=279.4
[2026-05-20 22:07:30] [min_adj_15min] [incr] 2026-05-16 ~ 2026-05-21: 48 rows, 1 pages, 8.6s
[2026-05-20 22:07:30] [min_adj_15min] [incr] 1188/2542 | 1 stocks, 48 rows, +16 new | elapsed=1768s ETA=2015s | tokens=279.4
[2026-05-20 22:07:36] [min_adj_15min] [incr] 2026-05-16 ~ 2026-05-21: 48 rows, 1 pages, 6.8s
[2026-05-20 22:07:36] [min_adj_15min] [incr] 1189/2542 | 1 stocks, 48 rows, +16 new | elapsed=1773s ETA=2018s | tokens=279.3
[2026-05-20 22:07:36] [min_adj_15min] [incr] 2026-05-16 ~ 2026-05-21: 48 rows, 1 pages, 7.1s
[2026-05-20 22:07:36] [min_adj_15min] [incr] 1190/2542 | 1 stocks, 48 rows, +16 new | elapsed=1774s ETA=2015s | tokens=279.3
[2026-05-20 22:07:37] [min_adj_15min] [incr] 2026-05-16 ~ 2026-05-21: 48 rows, 1 pages, 21.1s
[2026-05-20 22:07:37] [min_adj_15min] [incr] 1191/2542 | 1 stocks, 48 rows, +16 new | elapsed=1775s ETA=2013s | tokens=279.4
[2026-05-20 22:07:38] [min_adj_15min] [incr] 2026-05-16 ~ 2026-05-21: 48 rows, 1 pages, 21.5s
[2026-05-20 22:07:38] [min_adj_15min] [incr] 1192/2542 | 1 stocks, 48 rows, +16 new | elapsed=1775s ETA=2011s | tokens=279.3
[2026-05-20 22:07:38] [min_adj_15min] [incr] 2026-05-16 ~ 2026-05-21: 48 rows, 1 pages, 2.5s
[2026-05-20 22:07:38] [min_adj_15min] [incr] 1193/2542 | 1 stocks, 48 rows, +16 new | elapsed=1776s ETA=2008s | tokens=279.3
[2026-05-20 22:07:42] [min_adj_15min] [incr] 2026-05-16 ~ 2026-05-21: 48 rows, 1 pages, 6.0s
[2026-05-20 22:07:42] [min_adj_15min] [incr] 1194/2542 | 1 stocks, 48 rows, +16 new | elapsed=1780s ETA=2009s | tokens=279.4
[2026-05-20 22:07:44] [min_adj_15min] [incr] 2026-05-16 ~ 2026-05-21: 48 rows, 1 pages, 13.6s
[2026-05-20 22:07:44] [min_adj_15min] [incr] 1195/2542 | 1 stocks, 48 rows, +16 new | elapsed=1781s ETA=2008s | tokens=279.4
[2026-05-20 22:07:50] [min_adj_15min] [incr] 2026-05-16 ~ 2026-05-21: 48 rows, 1 pages, 13.0s
[2026-05-20 22:07:50] [min_adj_15min] [incr] 1196/2542 | 1 stocks, 48 rows, +16 new | elapsed=1788s ETA=2012s | tokens=279.3
[2026-05-20 22:07:53] [min_adj_15min] [incr] 2026-05-16 ~ 2026-05-21: 48 rows, 1 pages, 15.0s
[2026-05-20 22:07:53] [min_adj_15min] [incr] 1197/2542 | 1 stocks, 48 rows, +16 new | elapsed=1790s ETA=2012s | tokens=279.4
[2026-05-20 22:07:56] [min_adj_15min] [incr] 2026-05-16 ~ 2026-05-21: 48 rows, 1 pages, 25.8s
[2026-05-20 22:07:56] [min_adj_15min] [incr] 1198/2542 | 1 stocks, 48 rows, +16 new | elapsed=1793s ETA=2012s | tokens=279.4
[2026-05-20 22:08:03] [min_adj_15min] [incr] 2026-05-16 ~ 2026-05-21: 48 rows, 1 pages, 21.2s
[2026-05-20 22:08:04] [min_adj_15min] [incr] 1199/2542 | 1 stocks, 48 rows, +16 new | elapsed=1801s ETA=2017s | tokens=279.3
[2026-05-20 22:08:13] [min_adj_15min] [incr] 2026-05-16 ~ 2026-05-21: 48 rows, 1 pages, 34.2s
[2026-05-20 22:08:13] [min_adj_15min] [incr] 1200/2542 | 1 stocks, 48 rows, +16 new | elapsed=1810s ETA=2024s | tokens=279.3
[2026-05-20 22:08:18] [min_adj_15min] [incr] 2026-05-16 ~ 2026-05-21: 48 rows, 1 pages, 34.0s
[2026-05-20 22:08:18] [min_adj_15min] [incr] 1201/2542 | 1 stocks, 48 rows, +16 new | elapsed=1815s ETA=2027s | tokens=279.4
[2026-05-20 22:08:18] [min_adj_15min] [incr] 2026-05-16 ~ 2026-05-21: 48 rows, 1 pages, 28.0s
[2026-05-20 22:08:18] [min_adj_15min] [incr] 1202/2542 | 1 stocks, 48 rows, +16 new | elapsed=1816s ETA=2024s | tokens=279.3
[2026-05-20 22:08:23] [min_adj_15min] [incr] 2026-05-16 ~ 2026-05-21: 48 rows, 1 pages, 30.7s
[2026-05-20 22:08:24] [min_adj_15min] [incr] 1203/2542 | 1 stocks, 48 rows, +16 new | elapsed=1821s ETA=2027s | tokens=279.4
[2026-05-20 22:08:27] [min_adj_15min] [incr] 2026-05-16 ~ 2026-05-21: 48 rows, 1 pages, 23.2s
[2026-05-20 22:08:27] [min_adj_15min] [incr] 1204/2542 | 1 stocks, 48 rows, +16 new | elapsed=1824s ETA=2027s | tokens=279.3
[2026-05-20 22:08:30] [min_adj_15min] [incr] 2026-05-16 ~ 2026-05-21: 48 rows, 1 pages, 34.2s
[2026-05-20 22:08:30] [min_adj_15min] [incr] 1205/2542 | 1 stocks, 48 rows, +16 new | elapsed=1827s ETA=2028s | tokens=279.4
[2026-05-20 22:08:30] [min_adj_15min] [incr] 2026-05-16 ~ 2026-05-21: 48 rows, 1 pages, 11.8s
[2026-05-20 22:08:30] [min_adj_15min] [incr] 1206/2542 | 1 stocks, 48 rows, +16 new | elapsed=1828s ETA=2025s | tokens=279.3
[2026-05-20 22:08:31] [min_adj_15min] [incr] 2026-05-16 ~ 2026-05-21: 48 rows, 1 pages, 12.8s
[2026-05-20 22:08:31] [min_adj_15min] [incr] 1207/2542 | 1 stocks, 48 rows, +16 new | elapsed=1828s ETA=2022s | tokens=279.3
[2026-05-20 22:08:31] [min_adj_15min] [incr] 2026-05-16 ~ 2026-05-21: 48 rows, 1 pages, 7.9s
[2026-05-20 22:08:31] [min_adj_15min] [incr] 1208/2542 | 1 stocks, 48 rows, +16 new | elapsed=1829s ETA=2020s | tokens=279.3
[2026-05-20 22:08:32] [min_adj_15min] [incr] 2026-05-16 ~ 2026-05-21: 48 rows, 1 pages, 1.9s
[2026-05-20 22:08:32] [min_adj_15min] [incr] 1209/2542 | 1 stocks, 48 rows, +16 new | elapsed=1829s ETA=2017s | tokens=279.4
[2026-05-20 22:08:35] [min_adj_15min] [incr] 2026-05-16 ~ 2026-05-21: 48 rows, 1 pages, 22.3s
[2026-05-20 22:08:35] [min_adj_15min] [incr] 1210/2542 | 1 stocks, 48 rows, +16 new | elapsed=1832s ETA=2017s | tokens=279.3
[2026-05-20 22:08:35] [min_adj_15min] [incr] 2026-05-16 ~ 2026-05-21: 48 rows, 1 pages, 4.6s
[2026-05-20 22:08:35] [min_adj_15min] [incr] 1211/2542 | 1 stocks, 48 rows, +16 new | elapsed=1833s ETA=2014s | tokens=279.3
[2026-05-20 22:08:36] [min_adj_15min] [incr] 2026-05-16 ~ 2026-05-21: 48 rows, 1 pages, 4.2s
[2026-05-20 22:08:36] [min_adj_15min] [incr] 1212/2542 | 1 stocks, 48 rows, +16 new | elapsed=1833s ETA=2012s | tokens=279.3
[2026-05-20 22:08:37] [min_adj_15min] [incr] 2026-05-16 ~ 2026-05-21: 48 rows, 1 pages, 6.9s
[2026-05-20 22:08:37] [min_adj_15min] [incr] 1213/2542 | 1 stocks, 48 rows, +16 new | elapsed=1835s ETA=2010s | tokens=279.4
[2026-05-20 22:08:38] [min_adj_15min] [incr] 2026-05-16 ~ 2026-05-21: 48 rows, 1 pages, 3.1s
[2026-05-20 22:08:38] [min_adj_15min] [incr] 1214/2542 | 1 stocks, 48 rows, +16 new | elapsed=1836s ETA=2008s | tokens=279.3
[2026-05-20 22:08:42] [min_adj_15min] [incr] 2026-05-16 ~ 2026-05-21: 48 rows, 1 pages, 9.8s
[2026-05-20 22:08:42] [min_adj_15min] [incr] 1215/2542 | 1 stocks, 48 rows, +16 new | elapsed=1839s ETA=2009s | tokens=279.4
[2026-05-20 22:08:42] [min_adj_15min] [incr] 2026-05-16 ~ 2026-05-21: 48 rows, 1 pages, 6.7s
[2026-05-20 22:08:42] [min_adj_15min] [incr] 1216/2542 | 1 stocks, 48 rows, +16 new | elapsed=1840s ETA=2006s | tokens=279.4
[2026-05-20 22:08:42] [min_adj_15min] [incr] 2026-05-16 ~ 2026-05-21: 48 rows, 1 pages, 6.6s
[2026-05-20 22:08:42] [min_adj_15min] [incr] 1217/2542 | 1 stocks, 48 rows, +16 new | elapsed=1840s ETA=2003s | tokens=279.2
[2026-05-20 22:08:42] [min_adj_15min] [incr] 2026-05-16 ~ 2026-05-21: 48 rows, 1 pages, 5.2s
[2026-05-20 22:08:42] [min_adj_15min] [incr] 1218/2542 | 1 stocks, 48 rows, +16 new | elapsed=1840s ETA=2000s | tokens=279.0
[2026-05-20 22:08:47] [min_adj_15min] [incr] 2026-05-16 ~ 2026-05-21: 48 rows, 1 pages, 9.2s
[2026-05-20 22:08:47] [min_adj_15min] [incr] 1219/2542 | 1 stocks, 48 rows, +16 new | elapsed=1845s ETA=2002s | tokens=279.4
[2026-05-20 22:08:50] [min_adj_15min] [incr] 2026-05-16 ~ 2026-05-21: 48 rows, 1 pages, 23.5s
[2026-05-20 22:08:50] [min_adj_15min] [incr] 1220/2542 | 1 stocks, 48 rows, +16 new | elapsed=1848s ETA=2002s | tokens=279.3
[2026-05-20 22:08:51] [min_adj_15min] [incr] 2026-05-16 ~ 2026-05-21: 48 rows, 1 pages, 9.3s
[2026-05-20 22:08:51] [min_adj_15min] [incr] 2026-05-16 ~ 2026-05-21: 48 rows, 1 pages, 9.4s
[2026-05-20 22:08:52] [min_adj_15min] [incr] 1221/2542 | 1 stocks, 48 rows, +16 new | elapsed=1849s ETA=2000s | tokens=278.3
[2026-05-20 22:08:52] [min_adj_15min] [incr] 1222/2542 | 1 stocks, 48 rows, +16 new | elapsed=1849s ETA=1997s | tokens=278.7
[2026-05-20 22:09:00] [min_adj_15min] [incr] 2026-05-16 ~ 2026-05-21: 48 rows, 1 pages, 18.2s
[2026-05-20 22:09:00] [min_adj_15min] [incr] 1223/2542 | 1 stocks, 48 rows, +16 new | elapsed=1857s ETA=2003s | tokens=279.4
[2026-05-20 22:09:03] [min_adj_15min] [incr] 2026-05-16 ~ 2026-05-21: 48 rows, 1 pages, 20.6s
[2026-05-20 22:09:03] [min_adj_15min] [incr] 2026-05-16 ~ 2026-05-21: 48 rows, 1 pages, 15.8s
[2026-05-20 22:09:03] [min_adj_15min] [incr] 1224/2542 | 1 stocks, 48 rows, +16 new | elapsed=1861s ETA=2003s | tokens=278.4
[2026-05-20 22:09:03] [min_adj_15min] [incr] 1225/2542 | 1 stocks, 48 rows, +16 new | elapsed=1861s ETA=2000s | tokens=278.8
[2026-05-20 22:09:08] [min_adj_15min] [incr] 2026-05-16 ~ 2026-05-21: 48 rows, 1 pages, 16.2s
[2026-05-20 22:09:08] [min_adj_15min] [incr] 2026-05-16 ~ 2026-05-21: 48 rows, 1 pages, 16.2s
[2026-05-20 22:09:08] [min_adj_15min] [incr] 1226/2542 | 1 stocks, 48 rows, +16 new | elapsed=1865s ETA=2002s | tokens=278.4
[2026-05-20 22:09:08] [min_adj_15min] [incr] 1227/2542 | 1 stocks, 48 rows, +16 new | elapsed=1865s ETA=1999s | tokens=278.8
[2026-05-20 22:09:11] [min_adj_15min] [incr] 2026-05-16 ~ 2026-05-21: 48 rows, 1 pages, 21.0s
[2026-05-20 22:09:11] [min_adj_15min] [incr] 1228/2542 | 1 stocks, 48 rows, +16 new | elapsed=1869s ETA=2000s | tokens=279.4
[2026-05-20 22:09:13] [min_adj_15min] [incr] 2026-05-16 ~ 2026-05-21: 48 rows, 1 pages, 9.6s
[2026-05-20 22:09:13] [min_adj_15min] [incr] 1229/2542 | 1 stocks, 48 rows, +16 new | elapsed=1870s ETA=1998s | tokens=279.4
[2026-05-20 22:09:17] [min_adj_15min] [incr] 2026-05-16 ~ 2026-05-21: 48 rows, 1 pages, 17.1s
[2026-05-20 22:09:17] [min_adj_15min] [incr] 1230/2542 | 1 stocks, 48 rows, +16 new | elapsed=1875s ETA=2000s | tokens=279.4
[2026-05-20 22:09:17] [min_adj_15min] [incr] 2026-05-16 ~ 2026-05-21: 48 rows, 1 pages, 14.3s
[2026-05-20 22:09:17] [min_adj_15min] [incr] 1231/2542 | 1 stocks, 48 rows, +16 new | elapsed=1875s ETA=1997s | tokens=279.3
[2026-05-20 22:09:21] [min_adj_15min] [incr] 2026-05-16 ~ 2026-05-21: 48 rows, 1 pages, 13.1s
[2026-05-20 22:09:21] [min_adj_15min] [incr] 1232/2542 | 1 stocks, 48 rows, +16 new | elapsed=1878s ETA=1997s | tokens=279.4
[2026-05-20 22:09:22] [min_adj_15min] [incr] 2026-05-16 ~ 2026-05-21: 48 rows, 1 pages, 10.3s
[2026-05-20 22:09:22] [min_adj_15min] [incr] 1233/2542 | 1 stocks, 48 rows, +16 new | elapsed=1879s ETA=1995s | tokens=279.4
[2026-05-20 22:09:25] [min_adj_15min] [incr] 2026-05-16 ~ 2026-05-21: 48 rows, 1 pages, 17.2s
[2026-05-20 22:09:25] [min_adj_15min] [incr] 1234/2542 | 1 stocks, 48 rows, +16 new | elapsed=1883s ETA=1995s | tokens=279.7
[2026-05-20 22:09:26] [min_adj_15min] [incr] 2026-05-16 ~ 2026-05-21: 48 rows, 1 pages, 8.5s
[2026-05-20 22:09:26] [min_adj_15min] [incr] 1235/2542 | 1 stocks, 48 rows, +16 new | elapsed=1883s ETA=1993s | tokens=279.4
[2026-05-20 22:09:28] [min_adj_15min] [incr] 2026-05-16 ~ 2026-05-21: 48 rows, 1 pages, 15.6s
[2026-05-20 22:09:28] [min_adj_15min] [incr] 1236/2542 | 1 stocks, 48 rows, +16 new | elapsed=1886s ETA=1993s | tokens=279.3
[2026-05-20 22:09:31] [min_adj_15min] [incr] 2026-05-16 ~ 2026-05-21: 48 rows, 1 pages, 13.8s
[2026-05-20 22:09:31] [min_adj_15min] [incr] 1237/2542 | 1 stocks, 48 rows, +16 new | elapsed=1888s ETA=1992s | tokens=279.4
[2026-05-20 22:09:36] [min_adj_15min] [incr] 2026-05-16 ~ 2026-05-21: 48 rows, 1 pages, 14.6s
[2026-05-20 22:09:36] [min_adj_15min] [incr] 1238/2542 | 1 stocks, 48 rows, +16 new | elapsed=1893s ETA=1994s | tokens=279.4
[2026-05-20 22:09:36] [min_adj_15min] [incr] 2026-05-16 ~ 2026-05-21: 48 rows, 1 pages, 14.7s
[2026-05-20 22:09:37] [min_adj_15min] [incr] 1239/2542 | 1 stocks, 48 rows, +16 new | elapsed=1894s ETA=1992s | tokens=279.3
[2026-05-20 22:09:37] [min_adj_15min] [incr] 2026-05-16 ~ 2026-05-21: 48 rows, 1 pages, 8.4s
[2026-05-20 22:09:37] [min_adj_15min] [incr] 1240/2542 | 1 stocks, 48 rows, +16 new | elapsed=1894s ETA=1989s | tokens=279.4
[2026-05-20 22:09:37] [min_adj_15min] [incr] 2026-05-16 ~ 2026-05-21: 48 rows, 1 pages, 6.1s
[2026-05-20 22:09:37] [min_adj_15min] [incr] 1241/2542 | 1 stocks, 48 rows, +16 new | elapsed=1895s ETA=1986s | tokens=279.4
[2026-05-20 22:09:37] [min_adj_15min] [incr] 2026-05-16 ~ 2026-05-21: 48 rows, 1 pages, 11.2s
[2026-05-20 22:09:37] [min_adj_15min] [incr] 1242/2542 | 1 stocks, 48 rows, +16 new | elapsed=1895s ETA=1983s | tokens=279.2
[2026-05-20 22:09:37] [min_adj_15min] [incr] 2026-05-16 ~ 2026-05-21: 48 rows, 1 pages, 1.7s
[2026-05-20 22:09:37] [min_adj_15min] [incr] 1243/2542 | 1 stocks, 48 rows, +16 new | elapsed=1895s ETA=1980s | tokens=279.0
[2026-05-20 22:09:38] [min_adj_15min] [incr] 2026-05-16 ~ 2026-05-21: 48 rows, 1 pages, 1.1s
[2026-05-20 22:09:38] [min_adj_15min] [incr] 1244/2542 | 1 stocks, 48 rows, +16 new | elapsed=1895s ETA=1977s | tokens=279.0
[2026-05-20 22:09:40] [min_adj_15min] [incr] 2026-05-16 ~ 2026-05-21: 48 rows, 1 pages, 3.7s
[2026-05-20 22:09:41] [min_adj_15min] [incr] 1245/2542 | 1 stocks, 48 rows, +16 new | elapsed=1898s ETA=1977s | tokens=279.4
[2026-05-20 22:09:41] [min_adj_15min] [incr] 2026-05-16 ~ 2026-05-21: 48 rows, 1 pages, 4.0s
[2026-05-20 22:09:41] [min_adj_15min] [incr] 1246/2542 | 1 stocks, 48 rows, +16 new | elapsed=1899s ETA=1975s | tokens=279.3
[2026-05-20 22:09:41] [min_adj_15min] [incr] 2026-05-16 ~ 2026-05-21: 48 rows, 1 pages, 4.3s
[2026-05-20 22:09:42] [min_adj_15min] [incr] 1247/2542 | 1 stocks, 48 rows, +16 new | elapsed=1899s ETA=1972s | tokens=279.4
[2026-05-20 22:09:42] [min_adj_15min] [incr] 2026-05-16 ~ 2026-05-21: 48 rows, 1 pages, 4.3s
[2026-05-20 22:09:42] [min_adj_15min] [incr] 1248/2542 | 1 stocks, 48 rows, +16 new | elapsed=1899s ETA=1969s | tokens=279.3
[2026-05-20 22:09:44] [min_adj_15min] [incr] 2026-05-16 ~ 2026-05-21: 48 rows, 1 pages, 6.3s
[2026-05-20 22:09:44] [min_adj_15min] [incr] 1249/2542 | 1 stocks, 48 rows, +16 new | elapsed=1901s ETA=1968s | tokens=279.4
[2026-05-20 22:09:44] [min_adj_15min] [incr] 2026-05-16 ~ 2026-05-21: 48 rows, 1 pages, 3.7s
[2026-05-20 22:09:44] [min_adj_15min] [incr] 1250/2542 | 1 stocks, 48 rows, +16 new | elapsed=1902s ETA=1966s | tokens=279.4
[2026-05-20 22:09:45] [min_adj_15min] [incr] 2026-05-16 ~ 2026-05-21: 48 rows, 1 pages, 3.1s
[2026-05-20 22:09:45] [min_adj_15min] [incr] 2026-05-16 ~ 2026-05-21: 48 rows, 1 pages, 19.6s
[2026-05-20 22:09:45] [min_adj_15min] [incr] 1251/2542 | 1 stocks, 48 rows, +16 new | elapsed=1902s ETA=1963s | tokens=278.4
[2026-05-20 22:09:45] [min_adj_15min] [incr] 1252/2542 | 1 stocks, 48 rows, +16 new | elapsed=1902s ETA=1960s | tokens=278.8
[2026-05-20 22:09:49] [min_adj_15min] [incr] 2026-05-16 ~ 2026-05-21: 48 rows, 1 pages, 7.4s
[2026-05-20 22:09:49] [min_adj_15min] [incr] 1253/2542 | 1 stocks, 48 rows, +16 new | elapsed=1907s ETA=1962s | tokens=279.4
[2026-05-20 22:09:50] [min_adj_15min] [incr] 2026-05-16 ~ 2026-05-21: 48 rows, 1 pages, 5.9s
[2026-05-20 22:09:50] [min_adj_15min] [incr] 1254/2542 | 1 stocks, 48 rows, +16 new | elapsed=1907s ETA=1959s | tokens=279.3
[2026-05-20 22:09:50] [min_adj_15min] [incr] 2026-05-16 ~ 2026-05-21: 48 rows, 1 pages, 5.7s
[2026-05-20 22:09:50] [min_adj_15min] [incr] 1255/2542 | 1 stocks, 48 rows, +16 new | elapsed=1907s ETA=1956s | tokens=279.3
[2026-05-20 22:09:50] [min_adj_15min] [incr] 2026-05-16 ~ 2026-05-21: 48 rows, 1 pages, 5.5s
[2026-05-20 22:09:50] [min_adj_15min] [incr] 1256/2542 | 1 stocks, 48 rows, +16 new | elapsed=1908s ETA=1953s | tokens=279.3
[2026-05-20 22:09:59] [min_adj_15min] [incr] 2026-05-16 ~ 2026-05-21: 48 rows, 1 pages, 17.5s
[2026-05-20 22:09:59] [min_adj_15min] [incr] 1257/2542 | 1 stocks, 48 rows, +16 new | elapsed=1916s ETA=1959s | tokens=279.4
[2026-05-20 22:10:07] [min_adj_15min] [incr] 2026-05-16 ~ 2026-05-21: 48 rows, 1 pages, 17.5s
[2026-05-20 22:10:07] [min_adj_15min] [incr] 1258/2542 | 1 stocks, 48 rows, +16 new | elapsed=1925s ETA=1964s | tokens=279.4
[2026-05-20 22:10:11] [min_adj_15min] [incr] 2026-05-16 ~ 2026-05-21: 48 rows, 1 pages, 20.7s
[2026-05-20 22:10:11] [min_adj_15min] [incr] 1259/2542 | 1 stocks, 48 rows, +16 new | elapsed=1928s ETA=1965s | tokens=279.4
[2026-05-20 22:10:11] [min_adj_15min] [incr] 2026-05-16 ~ 2026-05-21: 48 rows, 1 pages, 26.6s
[2026-05-20 22:10:11] [min_adj_15min] [incr] 1260/2542 | 1 stocks, 48 rows, +16 new | elapsed=1929s ETA=1962s | tokens=279.3
[2026-05-20 22:10:16] [min_adj_15min] [incr] 2026-05-16 ~ 2026-05-21: 48 rows, 1 pages, 25.4s
[2026-05-20 22:10:16] [min_adj_15min] [incr] 1261/2542 | 1 stocks, 48 rows, +16 new | elapsed=1933s ETA=1964s | tokens=279.4
[2026-05-20 22:10:16] [min_adj_15min] [incr] 2026-05-16 ~ 2026-05-21: 48 rows, 1 pages, 26.4s
[2026-05-20 22:10:16] [min_adj_15min] [incr] 1262/2542 | 1 stocks, 48 rows, +16 new | elapsed=1933s ETA=1961s | tokens=279.1
[2026-05-20 22:10:21] [min_adj_15min] [incr] 2026-05-16 ~ 2026-05-21: 48 rows, 1 pages, 22.2s
[2026-05-20 22:10:21] [min_adj_15min] [incr] 1263/2542 | 1 stocks, 48 rows, +16 new | elapsed=1938s ETA=1963s | tokens=279.7
[2026-05-20 22:10:26] [min_adj_15min] [incr] 2026-05-16 ~ 2026-05-21: 48 rows, 1 pages, 15.8s
[2026-05-20 22:10:26] [min_adj_15min] [incr] 2026-05-16 ~ 2026-05-21: 48 rows, 1 pages, 19.3s
[2026-05-20 22:10:27] [min_adj_15min] [incr] 1264/2542 | 1 stocks, 48 rows, +16 new | elapsed=1944s ETA=1966s | tokens=278.4
[2026-05-20 22:10:27] [min_adj_15min] [incr] 2026-05-16 ~ 2026-05-21: 48 rows, 1 pages, 15.3s
[2026-05-20 22:10:27] [min_adj_15min] [incr] 1265/2542 | 1 stocks, 48 rows, +16 new | elapsed=1944s ETA=1963s | tokens=277.7
[2026-05-20 22:10:27] [min_adj_15min] [incr] 1266/2542 | 1 stocks, 48 rows, +16 new | elapsed=1944s ETA=1960s | tokens=278.1
[2026-05-20 22:10:27] [min_adj_15min] [incr] 2026-05-16 ~ 2026-05-21: 48 rows, 1 pages, 11.1s
[2026-05-20 22:10:27] [min_adj_15min] [incr] 1267/2542 | 1 stocks, 48 rows, +16 new | elapsed=1944s ETA=1957s | tokens=277.8
[2026-05-20 22:10:30] [min_adj_15min] [incr] 2026-05-16 ~ 2026-05-21: 48 rows, 1 pages, 9.4s
[2026-05-20 22:10:30] [min_adj_15min] [incr] 1268/2542 | 1 stocks, 48 rows, +16 new | elapsed=1948s ETA=1957s | tokens=279.4
[2026-05-20 22:10:31] [min_adj_15min] [incr] 2026-05-16 ~ 2026-05-21: 48 rows, 1 pages, 4.6s
[2026-05-20 22:10:31] [min_adj_15min] [incr] 1269/2542 | 1 stocks, 48 rows, +16 new | elapsed=1949s ETA=1955s | tokens=279.4
[2026-05-20 22:10:34] [min_adj_15min] [incr] 2026-05-16 ~ 2026-05-21: 48 rows, 1 pages, 7.8s
[2026-05-20 22:10:35] [min_adj_15min] [incr] 1270/2542 | 1 stocks, 48 rows, +16 new | elapsed=1952s ETA=1955s | tokens=279.4
[2026-05-20 22:10:36] [min_adj_15min] [incr] 2026-05-16 ~ 2026-05-21: 48 rows, 1 pages, 20.9s
[2026-05-20 22:10:36] [min_adj_15min] [incr] 2026-05-16 ~ 2026-05-21: 48 rows, 1 pages, 10.0s
[2026-05-20 22:10:37] [min_adj_15min] [incr] 1271/2542 | 1 stocks, 48 rows, +16 new | elapsed=1954s ETA=1954s | tokens=278.4
[2026-05-20 22:10:37] [min_adj_15min] [incr] 1272/2542 | 1 stocks, 48 rows, +16 new | elapsed=1954s ETA=1951s | tokens=278.8
[2026-05-20 22:10:39] [min_adj_15min] [incr] 2026-05-16 ~ 2026-05-21: 48 rows, 1 pages, 11.8s
[2026-05-20 22:10:39] [min_adj_15min] [incr] 1273/2542 | 1 stocks, 48 rows, +16 new | elapsed=1956s ETA=1950s | tokens=279.4
[2026-05-20 22:10:39] [min_adj_15min] [incr] 2026-05-16 ~ 2026-05-21: 48 rows, 1 pages, 8.7s
[2026-05-20 22:10:39] [min_adj_15min] [incr] 2026-05-16 ~ 2026-05-21: 48 rows, 1 pages, 7.9s
[2026-05-20 22:10:39] [min_adj_15min] [incr] 1274/2542 | 1 stocks, 48 rows, +16 new | elapsed=1956s ETA=1947s | tokens=278.4
[2026-05-20 22:10:39] [min_adj_15min] [incr] 1275/2542 | 1 stocks, 48 rows, +16 new | elapsed=1957s ETA=1944s | tokens=278.7
[2026-05-20 22:10:45] [min_adj_15min] [incr] 2026-05-16 ~ 2026-05-21: 48 rows, 1 pages, 10.2s
[2026-05-20 22:10:45] [min_adj_15min] [incr] 1276/2542 | 1 stocks, 48 rows, +16 new | elapsed=1962s ETA=1947s | tokens=279.4
[2026-05-20 22:10:45] [min_adj_15min] [incr] 2026-05-16 ~ 2026-05-21: 48 rows, 1 pages, 6.9s
[2026-05-20 22:10:46] [min_adj_15min] [incr] 1277/2542 | 1 stocks, 48 rows, +16 new | elapsed=1963s ETA=1945s | tokens=279.3
[2026-05-20 22:10:48] [min_adj_15min] [incr] 2026-05-16 ~ 2026-05-21: 48 rows, 1 pages, 11.7s
[2026-05-20 22:10:48] [min_adj_15min] [incr] 1278/2542 | 1 stocks, 48 rows, +16 new | elapsed=1966s ETA=1944s | tokens=279.5
[2026-05-20 22:10:49] [min_adj_15min] [incr] 2026-05-16 ~ 2026-05-21: 48 rows, 1 pages, 9.7s
[2026-05-20 22:10:49] [min_adj_15min] [incr] 1279/2542 | 1 stocks, 48 rows, +16 new | elapsed=1966s ETA=1942s | tokens=279.4
[2026-05-20 22:10:50] [min_adj_15min] [incr] 2026-05-16 ~ 2026-05-21: 48 rows, 1 pages, 5.2s
[2026-05-20 22:10:50] [min_adj_15min] [incr] 1280/2542 | 1 stocks, 48 rows, +16 new | elapsed=1968s ETA=1940s | tokens=279.4
[2026-05-20 22:10:53] [min_adj_15min] [incr] 2026-05-16 ~ 2026-05-21: 48 rows, 1 pages, 7.7s
[2026-05-20 22:10:53] [min_adj_15min] [incr] 1281/2542 | 1 stocks, 48 rows, +16 new | elapsed=1971s ETA=1940s | tokens=279.4
[2026-05-20 22:10:57] [min_adj_15min] [incr] 2026-05-16 ~ 2026-05-21: 48 rows, 1 pages, 17.5s
[2026-05-20 22:10:57] [min_adj_15min] [incr] 1282/2542 | 1 stocks, 48 rows, +16 new | elapsed=1974s ETA=1940s | tokens=279.4
[2026-05-20 22:10:59] [min_adj_15min] [incr] 2026-05-16 ~ 2026-05-21: 48 rows, 1 pages, 10.6s
[2026-05-20 22:10:59] [min_adj_15min] [incr] 1283/2542 | 1 stocks, 48 rows, +16 new | elapsed=1976s ETA=1939s | tokens=279.4
[2026-05-20 22:11:00] [min_adj_15min] [incr] 2026-05-16 ~ 2026-05-21: 48 rows, 1 pages, 23.2s
[2026-05-20 22:11:00] [min_adj_15min] [incr] 1284/2542 | 1 stocks, 48 rows, +16 new | elapsed=1977s ETA=1937s | tokens=279.4
[2026-05-20 22:11:06] [min_adj_15min] [incr] 2026-05-16 ~ 2026-05-21: 48 rows, 1 pages, 17.6s
[2026-05-20 22:11:06] [min_adj_15min] [incr] 1285/2542 | 1 stocks, 48 rows, +16 new | elapsed=1984s ETA=1941s | tokens=279.4
[2026-05-20 22:11:11] [min_adj_15min] [incr] 2026-05-16 ~ 2026-05-21: 48 rows, 1 pages, 18.2s
[2026-05-20 22:11:12] [min_adj_15min] [incr] 1286/2542 | 1 stocks, 48 rows, +16 new | elapsed=1989s ETA=1943s | tokens=279.4
[2026-05-20 22:11:12] [min_adj_15min] [incr] 2026-05-16 ~ 2026-05-21: 48 rows, 1 pages, 13.0s
[2026-05-20 22:11:12] [min_adj_15min] [incr] 1287/2542 | 1 stocks, 48 rows, +16 new | elapsed=1989s ETA=1940s | tokens=279.3
[2026-05-20 22:11:12] [min_adj_15min] [incr] 2026-05-16 ~ 2026-05-21: 48 rows, 1 pages, 15.6s
[2026-05-20 22:11:12] [min_adj_15min] [incr] 1288/2542 | 1 stocks, 48 rows, +16 new | elapsed=1990s ETA=1937s | tokens=279.3
[2026-05-20 22:11:12] [min_adj_15min] [incr] 2026-05-16 ~ 2026-05-21: 48 rows, 1 pages, 22.4s
[2026-05-20 22:11:12] [min_adj_15min] [incr] 1289/2542 | 1 stocks, 48 rows, +16 new | elapsed=1990s ETA=1934s | tokens=279.2
[2026-05-20 22:11:13] [min_adj_15min] [incr] 2026-05-16 ~ 2026-05-21: 48 rows, 1 pages, 6.4s
[2026-05-20 22:11:13] [min_adj_15min] [incr] 1290/2542 | 1 stocks, 48 rows, +16 new | elapsed=1990s ETA=1932s | tokens=279.3
[2026-05-20 22:11:14] [min_adj_15min] [incr] 2026-05-16 ~ 2026-05-21: 48 rows, 1 pages, 2.4s
[2026-05-20 22:11:14] [min_adj_15min] [incr] 1291/2542 | 1 stocks, 48 rows, +16 new | elapsed=1991s ETA=1930s | tokens=279.4
[2026-05-20 22:11:14] [min_adj_15min] [incr] 2026-05-16 ~ 2026-05-21: 48 rows, 1 pages, 2.2s
[2026-05-20 22:11:14] [min_adj_15min] [incr] 1292/2542 | 1 stocks, 48 rows, +16 new | elapsed=1992s ETA=1927s | tokens=279.4
[2026-05-20 22:11:17] [min_adj_15min] [incr] 2026-05-16 ~ 2026-05-21: 48 rows, 1 pages, 17.6s
[2026-05-20 22:11:17] [min_adj_15min] [incr] 1293/2542 | 1 stocks, 48 rows, +16 new | elapsed=1995s ETA=1927s | tokens=279.4
[2026-05-20 22:11:22] [min_adj_15min] [incr] 2026-05-16 ~ 2026-05-21: 48 rows, 1 pages, 8.9s
[2026-05-20 22:11:22] [min_adj_15min] [incr] 1294/2542 | 1 stocks, 48 rows, +16 new | elapsed=1999s ETA=1928s | tokens=279.4
[2026-05-20 22:11:22] [min_adj_15min] [incr] 2026-05-16 ~ 2026-05-21: 48 rows, 1 pages, 8.1s
[2026-05-20 22:11:22] [min_adj_15min] [incr] 1295/2542 | 1 stocks, 48 rows, +16 new | elapsed=2000s ETA=1925s | tokens=279.3
[2026-05-20 22:11:22] [min_adj_15min] [incr] 2026-05-16 ~ 2026-05-21: 48 rows, 1 pages, 8.0s
[2026-05-20 22:11:22] [min_adj_15min] [incr] 1296/2542 | 1 stocks, 48 rows, +16 new | elapsed=2000s ETA=1923s | tokens=279.3
[2026-05-20 22:11:23] [min_adj_15min] [incr] 2026-05-16 ~ 2026-05-21: 48 rows, 1 pages, 5.3s
[2026-05-20 22:11:23] [min_adj_15min] [incr] 1297/2542 | 1 stocks, 48 rows, +16 new | elapsed=2000s ETA=1920s | tokens=279.4
[2026-05-20 22:11:23] [min_adj_15min] [incr] 2026-05-16 ~ 2026-05-21: 48 rows, 1 pages, 1.3s
[2026-05-20 22:11:23] [min_adj_15min] [incr] 1298/2542 | 1 stocks, 48 rows, +16 new | elapsed=2000s ETA=1917s | tokens=279.4
[2026-05-20 22:11:23] [min_adj_15min] [incr] 2026-05-16 ~ 2026-05-21: 48 rows, 1 pages, 1.2s
[2026-05-20 22:11:23] [min_adj_15min] [incr] 1299/2542 | 1 stocks, 48 rows, +16 new | elapsed=2001s ETA=1915s | tokens=279.3
[2026-05-20 22:11:24] [min_adj_15min] [incr] 2026-05-16 ~ 2026-05-21: 48 rows, 1 pages, 1.3s
[2026-05-20 22:11:24] [min_adj_15min] [incr] 1300/2542 | 1 stocks, 48 rows, +16 new | elapsed=2001s ETA=1912s | tokens=279.4
[2026-05-20 22:11:25] [min_adj_15min] [incr] 2026-05-16 ~ 2026-05-21: 48 rows, 1 pages, 12.3s
[2026-05-20 22:11:25] [min_adj_15min] [incr] 1301/2542 | 1 stocks, 48 rows, +16 new | elapsed=2002s ETA=1910s | tokens=279.4
[2026-05-20 22:11:25] [min_adj_15min] [incr] 2026-05-16 ~ 2026-05-21: 48 rows, 1 pages, 2.1s
[2026-05-20 22:11:25] [min_adj_15min] [incr] 1302/2542 | 1 stocks, 48 rows, +16 new | elapsed=2003s ETA=1907s | tokens=279.3
[2026-05-20 22:11:30] [min_adj_15min] [incr] 2026-05-16 ~ 2026-05-21: 48 rows, 1 pages, 17.9s
[2026-05-20 22:11:30] [min_adj_15min] [incr] 1303/2542 | 1 stocks, 48 rows, +16 new | elapsed=2007s ETA=1909s | tokens=279.4
[2026-05-20 22:11:30] [min_adj_15min] [incr] 2026-05-16 ~ 2026-05-21: 48 rows, 1 pages, 6.6s
[2026-05-20 22:11:30] [min_adj_15min] [incr] 1304/2542 | 1 stocks, 48 rows, +16 new | elapsed=2008s ETA=1906s | tokens=279.3
[2026-05-20 22:11:35] [min_adj_15min] [incr] 2026-05-16 ~ 2026-05-21: 48 rows, 1 pages, 11.6s
[2026-05-20 22:11:35] [min_adj_15min] [incr] 1305/2542 | 1 stocks, 48 rows, +16 new | elapsed=2012s ETA=1908s | tokens=279.4
[2026-05-20 22:11:36] [min_adj_15min] [incr] 2026-05-16 ~ 2026-05-21: 48 rows, 1 pages, 10.6s
[2026-05-20 22:11:36] [min_adj_15min] [incr] 1306/2542 | 1 stocks, 48 rows, +16 new | elapsed=2013s ETA=1905s | tokens=279.4
[2026-05-20 22:11:36] [min_adj_15min] [incr] 2026-05-16 ~ 2026-05-21: 48 rows, 1 pages, 6.7s
[2026-05-20 22:11:37] [min_adj_15min] [incr] 1307/2542 | 1 stocks, 48 rows, +16 new | elapsed=2014s ETA=1903s | tokens=279.3
[2026-05-20 22:11:37] [min_adj_15min] [incr] 2026-05-16 ~ 2026-05-21: 48 rows, 1 pages, 6.3s
[2026-05-20 22:11:37] [min_adj_15min] [incr] 1308/2542 | 1 stocks, 48 rows, +16 new | elapsed=2014s ETA=1900s | tokens=279.1
[2026-05-20 22:11:38] [min_adj_15min] [incr] 2026-05-16 ~ 2026-05-21: 48 rows, 1 pages, 15.3s
[2026-05-20 22:11:38] [min_adj_15min] [incr] 1309/2542 | 1 stocks, 48 rows, +16 new | elapsed=2016s ETA=1899s | tokens=279.4
[2026-05-20 22:11:41] [min_adj_15min] [incr] 2026-05-16 ~ 2026-05-21: 48 rows, 1 pages, 15.9s
[2026-05-20 22:11:41] [min_adj_15min] [incr] 1310/2542 | 1 stocks, 48 rows, +16 new | elapsed=2018s ETA=1898s | tokens=279.4
[2026-05-20 22:11:43] [min_adj_15min] [incr] 2026-05-16 ~ 2026-05-21: 48 rows, 1 pages, 8.2s
[2026-05-20 22:11:43] [min_adj_15min] [incr] 1311/2542 | 1 stocks, 48 rows, +16 new | elapsed=2021s ETA=1897s | tokens=279.4
[2026-05-20 22:11:43] [min_adj_15min] [incr] 2026-05-16 ~ 2026-05-21: 48 rows, 1 pages, 6.7s
[2026-05-20 22:11:44] [min_adj_15min] [incr] 1312/2542 | 1 stocks, 48 rows, +16 new | elapsed=2021s ETA=1895s | tokens=279.4
[2026-05-20 22:11:44] [min_adj_15min] [incr] 2026-05-16 ~ 2026-05-21: 48 rows, 1 pages, 5.9s
[2026-05-20 22:11:44] [min_adj_15min] [incr] 1313/2542 | 1 stocks, 48 rows, +16 new | elapsed=2022s ETA=1892s | tokens=279.3
[2026-05-20 22:11:48] [min_adj_15min] [incr] 2026-05-16 ~ 2026-05-21: 48 rows, 1 pages, 12.5s
[2026-05-20 22:11:48] [min_adj_15min] [incr] 1314/2542 | 1 stocks, 48 rows, +16 new | elapsed=2026s ETA=1893s | tokens=279.4
[2026-05-20 22:11:49] [min_adj_15min] [incr] 2026-05-16 ~ 2026-05-21: 48 rows, 1 pages, 8.5s
[2026-05-20 22:11:49] [min_adj_15min] [incr] 1315/2542 | 1 stocks, 48 rows, +16 new | elapsed=2027s ETA=1891s | tokens=279.4
[2026-05-20 22:11:52] [min_adj_15min] [incr] 2026-05-16 ~ 2026-05-21: 48 rows, 1 pages, 9.0s
[2026-05-20 22:11:53] [min_adj_15min] [incr] 1316/2542 | 1 stocks, 48 rows, +16 new | elapsed=2030s ETA=1891s | tokens=279.4
[2026-05-20 22:11:53] [min_adj_15min] [incr] 2026-05-16 ~ 2026-05-21: 48 rows, 1 pages, 8.6s
[2026-05-20 22:11:53] [min_adj_15min] [incr] 1317/2542 | 1 stocks, 48 rows, +16 new | elapsed=2030s ETA=1888s | tokens=279.3
[2026-05-20 22:11:58] [min_adj_15min] [incr] 2026-05-16 ~ 2026-05-21: 48 rows, 1 pages, 21.4s
[2026-05-20 22:11:58] [min_adj_15min] [incr] 1318/2542 | 1 stocks, 48 rows, +16 new | elapsed=2035s ETA=1890s | tokens=279.4
[2026-05-20 22:11:58] [min_adj_15min] [incr] 2026-05-16 ~ 2026-05-21: 48 rows, 1 pages, 15.3s
[2026-05-20 22:11:59] [min_adj_15min] [incr] 1319/2542 | 1 stocks, 48 rows, +16 new | elapsed=2036s ETA=1888s | tokens=279.4
[2026-05-20 22:12:03] [min_adj_15min] [incr] 2026-05-16 ~ 2026-05-21: 48 rows, 1 pages, 14.0s
[2026-05-20 22:12:03] [min_adj_15min] [incr] 1320/2542 | 1 stocks, 48 rows, +16 new | elapsed=2041s ETA=1889s | tokens=279.4
[2026-05-20 22:12:07] [min_adj_15min] [incr] 2026-05-16 ~ 2026-05-21: 48 rows, 1 pages, 14.1s
[2026-05-20 22:12:07] [min_adj_15min] [incr] 1321/2542 | 1 stocks, 48 rows, +16 new | elapsed=2044s ETA=1889s | tokens=279.4
[2026-05-20 22:12:07] [min_adj_15min] [incr] 2026-05-16 ~ 2026-05-21: 48 rows, 1 pages, 9.2s
[2026-05-20 22:12:07] [min_adj_15min] [incr] 1322/2542 | 1 stocks, 48 rows, +16 new | elapsed=2045s ETA=1887s | tokens=279.4
[2026-05-20 22:12:08] [min_adj_15min] [incr] 2026-05-16 ~ 2026-05-21: 48 rows, 1 pages, 20.1s
[2026-05-20 22:12:08] [min_adj_15min] [incr] 1323/2542 | 1 stocks, 48 rows, +16 new | elapsed=2046s ETA=1885s | tokens=279.4
[2026-05-20 22:12:13] [min_adj_15min] [incr] 2026-05-16 ~ 2026-05-21: 48 rows, 1 pages, 9.7s
[2026-05-20 22:12:13] [min_adj_15min] [incr] 1324/2542 | 1 stocks, 48 rows, +16 new | elapsed=2050s ETA=1886s | tokens=279.3
[2026-05-20 22:12:13] [min_adj_15min] [incr] 2026-05-16 ~ 2026-05-21: 48 rows, 1 pages, 6.8s
[2026-05-20 22:12:13] [min_adj_15min] [incr] 1325/2542 | 1 stocks, 48 rows, +16 new | elapsed=2051s ETA=1884s | tokens=279.4
[2026-05-20 22:12:18] [min_adj_15min] [incr] 2026-05-16 ~ 2026-05-21: 48 rows, 1 pages, 10.9s
[2026-05-20 22:12:18] [min_adj_15min] [incr] 1326/2542 | 1 stocks, 48 rows, +16 new | elapsed=2056s ETA=1885s | tokens=279.4
[2026-05-20 22:12:18] [min_adj_15min] [incr] 2026-05-16 ~ 2026-05-21: 48 rows, 1 pages, 19.8s
[2026-05-20 22:12:18] [min_adj_15min] [incr] 1327/2542 | 1 stocks, 48 rows, +16 new | elapsed=2056s ETA=1882s | tokens=279.3
[2026-05-20 22:12:19] [min_adj_15min] [incr] 2026-05-16 ~ 2026-05-21: 48 rows, 1 pages, 5.6s
[2026-05-20 22:12:19] [min_adj_15min] [incr] 1328/2542 | 1 stocks, 48 rows, +16 new | elapsed=2056s ETA=1880s | tokens=279.3
[2026-05-20 22:12:22] [min_adj_15min] [incr] 2026-05-16 ~ 2026-05-21: 48 rows, 1 pages, 8.9s
[2026-05-20 22:12:22] [min_adj_15min] [incr] 1329/2542 | 1 stocks, 48 rows, +16 new | elapsed=2060s ETA=1880s | tokens=279.4
[2026-05-20 22:12:26] [min_adj_15min] [incr] 2026-05-16 ~ 2026-05-21: 48 rows, 1 pages, 33.0s
[2026-05-20 22:12:26] [min_adj_15min] [incr] 1330/2542 | 1 stocks, 48 rows, +16 new | elapsed=2063s ETA=1880s | tokens=279.3
[2026-05-20 22:12:30] [min_adj_15min] [incr] 2026-05-16 ~ 2026-05-21: 48 rows, 1 pages, 21.5s
[2026-05-20 22:12:30] [min_adj_15min] [incr] 1331/2542 | 1 stocks, 48 rows, +16 new | elapsed=2067s ETA=1881s | tokens=279.4
[2026-05-20 22:12:30] [min_adj_15min] [incr] 2026-05-16 ~ 2026-05-21: 48 rows, 1 pages, 12.1s
[2026-05-20 22:12:30] [min_adj_15min] [incr] 2026-05-16 ~ 2026-05-21: 48 rows, 1 pages, 12.4s
[2026-05-20 22:12:30] [min_adj_15min] [incr] 1332/2542 | 1 stocks, 48 rows, +16 new | elapsed=2068s ETA=1879s | tokens=278.3
[2026-05-20 22:12:31] [min_adj_15min] [incr] 1333/2542 | 1 stocks, 48 rows, +16 new | elapsed=2068s ETA=1876s | tokens=278.7
[2026-05-20 22:12:31] [min_adj_15min] [incr] 2026-05-16 ~ 2026-05-21: 48 rows, 1 pages, 12.1s
[2026-05-20 22:12:31] [min_adj_15min] [incr] 1334/2542 | 1 stocks, 48 rows, +16 new | elapsed=2068s ETA=1873s | tokens=278.8
[2026-05-20 22:12:31] [min_adj_15min] [incr] 2026-05-16 ~ 2026-05-21: 48 rows, 1 pages, 5.7s
[2026-05-20 22:12:31] [min_adj_15min] [incr] 1335/2542 | 1 stocks, 48 rows, +16 new | elapsed=2069s ETA=1870s | tokens=279.4
[2026-05-20 22:12:34] [min_adj_15min] [incr] 2026-05-16 ~ 2026-05-21: 48 rows, 1 pages, 4.3s
[2026-05-20 22:12:34] [min_adj_15min] [incr] 1336/2542 | 1 stocks, 48 rows, +16 new | elapsed=2072s ETA=1870s | tokens=279.4
[2026-05-20 22:12:36] [min_adj_15min] [incr] 2026-05-16 ~ 2026-05-21: 48 rows, 1 pages, 14.1s
[2026-05-20 22:12:37] [min_adj_15min] [incr] 1337/2542 | 1 stocks, 48 rows, +16 new | elapsed=2074s ETA=1869s | tokens=279.3
[2026-05-20 22:12:37] [min_adj_15min] [incr] 2026-05-16 ~ 2026-05-21: 48 rows, 1 pages, 6.4s
[2026-05-20 22:12:37] [min_adj_15min] [incr] 1338/2542 | 1 stocks, 48 rows, +16 new | elapsed=2075s ETA=1867s | tokens=279.3
[2026-05-20 22:12:38] [min_adj_15min] [incr] 2026-05-16 ~ 2026-05-21: 48 rows, 1 pages, 7.5s
[2026-05-20 22:12:38] [min_adj_15min] [incr] 1339/2542 | 1 stocks, 48 rows, +16 new | elapsed=2075s ETA=1865s | tokens=279.4
[2026-05-20 22:12:39] [min_adj_15min] [incr] 2026-05-16 ~ 2026-05-21: 48 rows, 1 pages, 8.2s
[2026-05-20 22:12:39] [min_adj_15min] [incr] 1340/2542 | 1 stocks, 48 rows, +16 new | elapsed=2076s ETA=1862s | tokens=279.4
[2026-05-20 22:12:41] [min_adj_15min] [incr] 2026-05-16 ~ 2026-05-21: 48 rows, 1 pages, 9.5s
[2026-05-20 22:12:41] [min_adj_15min] [incr] 1341/2542 | 1 stocks, 48 rows, +16 new | elapsed=2078s ETA=1861s | tokens=279.4
[2026-05-20 22:12:43] [min_adj_15min] [incr] 2026-05-16 ~ 2026-05-21: 48 rows, 1 pages, 8.4s
[2026-05-20 22:12:43] [min_adj_15min] [incr] 1342/2542 | 1 stocks, 48 rows, +16 new | elapsed=2080s ETA=1860s | tokens=279.4
[2026-05-20 22:12:45] [min_adj_15min] [incr] 2026-05-16 ~ 2026-05-21: 48 rows, 1 pages, 8.8s
[2026-05-20 22:12:45] [min_adj_15min] [incr] 1343/2542 | 1 stocks, 48 rows, +16 new | elapsed=2083s ETA=1860s | tokens=279.4
[2026-05-20 22:12:50] [min_adj_15min] [incr] 2026-05-16 ~ 2026-05-21: 48 rows, 1 pages, 12.4s
[2026-05-20 22:12:50] [min_adj_15min] [incr] 1344/2542 | 1 stocks, 48 rows, +16 new | elapsed=2087s ETA=1860s | tokens=279.3
[2026-05-20 22:12:53] [min_adj_15min] [incr] 2026-05-16 ~ 2026-05-21: 48 rows, 1 pages, 14.2s
[2026-05-20 22:12:53] [min_adj_15min] [incr] 1345/2542 | 1 stocks, 48 rows, +16 new | elapsed=2090s ETA=1860s | tokens=279.4
[2026-05-20 22:12:55] [min_adj_15min] [incr] 2026-05-16 ~ 2026-05-21: 48 rows, 1 pages, 12.1s
[2026-05-20 22:12:55] [min_adj_15min] [incr] 1346/2542 | 1 stocks, 48 rows, +16 new | elapsed=2092s ETA=1859s | tokens=279.4
[2026-05-20 22:12:55] [min_adj_15min] [incr] 2026-05-16 ~ 2026-05-21: 48 rows, 1 pages, 9.9s
[2026-05-20 22:12:55] [min_adj_15min] [incr] 1347/2542 | 1 stocks, 48 rows, +16 new | elapsed=2093s ETA=1857s | tokens=279.3
[2026-05-20 22:12:56] [min_adj_15min] [incr] 2026-05-16 ~ 2026-05-21: 48 rows, 1 pages, 6.0s
[2026-05-20 22:12:56] [min_adj_15min] [incr] 1348/2542 | 1 stocks, 48 rows, +16 new | elapsed=2093s ETA=1854s | tokens=279.3
[2026-05-20 22:12:56] [min_adj_15min] [incr] 2026-05-16 ~ 2026-05-21: 48 rows, 1 pages, 3.6s
[2026-05-20 22:12:57] [min_adj_15min] [incr] 1349/2542 | 1 stocks, 48 rows, +16 new | elapsed=2094s ETA=1852s | tokens=279.4
[2026-05-20 22:13:01] [min_adj_15min] [incr] 2026-05-16 ~ 2026-05-21: 48 rows, 1 pages, 23.1s
[2026-05-20 22:13:01] [min_adj_15min] [incr] 2026-05-16 ~ 2026-05-21: 48 rows, 1 pages, 6.2s
[2026-05-20 22:13:01] [min_adj_15min] [incr] 1350/2542 | 1 stocks, 48 rows, +16 new | elapsed=2099s ETA=1853s | tokens=278.4
[2026-05-20 22:13:01] [min_adj_15min] [incr] 1351/2542 | 1 stocks, 48 rows, +16 new | elapsed=2099s ETA=1850s | tokens=278.8
[2026-05-20 22:13:02] [min_adj_15min] [incr] 2026-05-16 ~ 2026-05-21: 48 rows, 1 pages, 6.4s
[2026-05-20 22:13:02] [min_adj_15min] [incr] 2026-05-16 ~ 2026-05-21: 48 rows, 1 pages, 6.8s
[2026-05-20 22:13:02] [min_adj_15min] [incr] 1352/2542 | 1 stocks, 48 rows, +16 new | elapsed=2100s ETA=1848s | tokens=278.4
[2026-05-20 22:13:02] [min_adj_15min] [incr] 1353/2542 | 1 stocks, 48 rows, +16 new | elapsed=2100s ETA=1845s | tokens=278.8
[2026-05-20 22:13:03] [min_adj_15min] [incr] 2026-05-16 ~ 2026-05-21: 48 rows, 1 pages, 6.8s
[2026-05-20 22:13:03] [min_adj_15min] [incr] 2026-05-16 ~ 2026-05-21: 48 rows, 1 pages, 2.3s
[2026-05-20 22:13:04] [min_adj_15min] [incr] 1354/2542 | 1 stocks, 48 rows, +16 new | elapsed=2101s ETA=1843s | tokens=278.4
[2026-05-20 22:13:04] [min_adj_15min] [incr] 1355/2542 | 1 stocks, 48 rows, +16 new | elapsed=2101s ETA=1841s | tokens=278.8
[2026-05-20 22:13:04] [min_adj_15min] [incr] 2026-05-16 ~ 2026-05-21: 48 rows, 1 pages, 1.8s
[2026-05-20 22:13:04] [min_adj_15min] [incr] 2026-05-16 ~ 2026-05-21: 48 rows, 1 pages, 2.7s
[2026-05-20 22:13:04] [min_adj_15min] [incr] 1356/2542 | 1 stocks, 48 rows, +16 new | elapsed=2101s ETA=1838s | tokens=278.3
[2026-05-20 22:13:04] [min_adj_15min] [incr] 1357/2542 | 1 stocks, 48 rows, +16 new | elapsed=2101s ETA=1835s | tokens=278.7
[2026-05-20 22:13:04] [min_adj_15min] [incr] 2026-05-16 ~ 2026-05-21: 48 rows, 1 pages, 2.0s
[2026-05-20 22:13:04] [min_adj_15min] [incr] 1358/2542 | 1 stocks, 48 rows, +16 new | elapsed=2102s ETA=1832s | tokens=278.2
[2026-05-20 22:13:04] [min_adj_15min] [incr] 2026-05-16 ~ 2026-05-21: 48 rows, 1 pages, 1.0s
[2026-05-20 22:13:04] [min_adj_15min] [incr] 1359/2542 | 1 stocks, 48 rows, +16 new | elapsed=2102s ETA=1830s | tokens=278.8
[2026-05-20 22:13:09] [min_adj_15min] [incr] 2026-05-16 ~ 2026-05-21: 48 rows, 1 pages, 5.7s
[2026-05-20 22:13:09] [min_adj_15min] [incr] 1360/2542 | 1 stocks, 48 rows, +16 new | elapsed=2107s ETA=1831s | tokens=279.4
[2026-05-20 22:13:10] [min_adj_15min] [incr] 2026-05-16 ~ 2026-05-21: 48 rows, 1 pages, 6.0s
[2026-05-20 22:13:10] [min_adj_15min] [incr] 1361/2542 | 1 stocks, 48 rows, +16 new | elapsed=2107s ETA=1829s | tokens=279.3
[2026-05-20 22:13:10] [min_adj_15min] [incr] 2026-05-16 ~ 2026-05-21: 48 rows, 1 pages, 29.4s
[2026-05-20 22:13:10] [min_adj_15min] [incr] 1362/2542 | 1 stocks, 48 rows, +16 new | elapsed=2108s ETA=1826s | tokens=279.3
[2026-05-20 22:13:11] [min_adj_15min] [incr] 2026-05-16 ~ 2026-05-21: 48 rows, 1 pages, 7.5s
[2026-05-20 22:13:11] [min_adj_15min] [incr] 1363/2542 | 1 stocks, 48 rows, +16 new | elapsed=2109s ETA=1824s | tokens=279.4
[2026-05-20 22:13:12] [min_adj_15min] [incr] 2026-05-16 ~ 2026-05-21: 48 rows, 1 pages, 2.5s
[2026-05-20 22:13:12] [min_adj_15min] [incr] 1364/2542 | 1 stocks, 48 rows, +16 new | elapsed=2109s ETA=1822s | tokens=279.3
[2026-05-20 22:13:12] [min_adj_15min] [incr] 2026-05-16 ~ 2026-05-21: 48 rows, 1 pages, 2.2s
[2026-05-20 22:13:12] [min_adj_15min] [incr] 1365/2542 | 1 stocks, 48 rows, +16 new | elapsed=2110s ETA=1819s | tokens=279.3
[2026-05-20 22:13:15] [min_adj_15min] [incr] 2026-05-16 ~ 2026-05-21: 48 rows, 1 pages, 5.0s
[2026-05-20 22:13:15] [min_adj_15min] [incr] 1366/2542 | 1 stocks, 48 rows, +16 new | elapsed=2113s ETA=1819s | tokens=279.4
[2026-05-20 22:13:16] [min_adj_15min] [incr] 2026-05-16 ~ 2026-05-21: 48 rows, 1 pages, 4.6s
[2026-05-20 22:13:16] [min_adj_15min] [incr] 1367/2542 | 1 stocks, 48 rows, +16 new | elapsed=2114s ETA=1817s | tokens=279.4
[2026-05-20 22:13:18] [min_adj_15min] [incr] 2026-05-16 ~ 2026-05-21: 48 rows, 1 pages, 14.0s
[2026-05-20 22:13:18] [min_adj_15min] [incr] 2026-05-16 ~ 2026-05-21: 48 rows, 1 pages, 13.7s
[2026-05-20 22:13:18] [min_adj_15min] [incr] 1368/2542 | 1 stocks, 48 rows, +16 new | elapsed=2116s ETA=1816s | tokens=278.4
[2026-05-20 22:13:18] [min_adj_15min] [incr] 1369/2542 | 1 stocks, 48 rows, +16 new | elapsed=2116s ETA=1813s | tokens=278.8
[2026-05-20 22:13:24] [min_adj_15min] [incr] 2026-05-16 ~ 2026-05-21: 48 rows, 1 pages, 9.0s
[2026-05-20 22:13:25] [min_adj_15min] [incr] 1370/2542 | 1 stocks, 48 rows, +16 new | elapsed=2122s ETA=1815s | tokens=279.4
[2026-05-20 22:13:25] [min_adj_15min] [incr] 2026-05-16 ~ 2026-05-21: 48 rows, 1 pages, 12.5s
[2026-05-20 22:13:25] [min_adj_15min] [incr] 1371/2542 | 1 stocks, 48 rows, +16 new | elapsed=2122s ETA=1813s | tokens=279.0
[2026-05-20 22:13:25] [min_adj_15min] [incr] 2026-05-16 ~ 2026-05-21: 48 rows, 1 pages, 7.1s
[2026-05-20 22:13:25] [min_adj_15min] [incr] 1372/2542 | 1 stocks, 48 rows, +16 new | elapsed=2123s ETA=1810s | tokens=279.3
[2026-05-20 22:13:29] [min_adj_15min] [incr] 2026-05-16 ~ 2026-05-21: 48 rows, 1 pages, 12.5s
[2026-05-20 22:13:29] [min_adj_15min] [incr] 1373/2542 | 1 stocks, 48 rows, +16 new | elapsed=2126s ETA=1810s | tokens=279.4
[2026-05-20 22:13:29] [min_adj_15min] [incr] 2026-05-16 ~ 2026-05-21: 48 rows, 1 pages, 4.5s
[2026-05-20 22:13:29] [min_adj_15min] [incr] 1374/2542 | 1 stocks, 48 rows, +16 new | elapsed=2126s ETA=1808s | tokens=279.4
[2026-05-20 22:13:29] [min_adj_15min] [incr] 2026-05-16 ~ 2026-05-21: 48 rows, 1 pages, 4.6s
[2026-05-20 22:13:29] [min_adj_15min] [incr] 1375/2542 | 1 stocks, 48 rows, +16 new | elapsed=2127s ETA=1805s | tokens=279.3
[2026-05-20 22:13:31] [min_adj_15min] [incr] 2026-05-16 ~ 2026-05-21: 48 rows, 1 pages, 6.2s
[2026-05-20 22:13:32] [min_adj_15min] [incr] 1376/2542 | 1 stocks, 48 rows, +16 new | elapsed=2129s ETA=1804s | tokens=279.4
[2026-05-20 22:13:36] [min_adj_15min] [incr] 2026-05-16 ~ 2026-05-21: 48 rows, 1 pages, 24.0s
[2026-05-20 22:13:36] [min_adj_15min] [incr] 1377/2542 | 1 stocks, 48 rows, +16 new | elapsed=2133s ETA=1805s | tokens=279.4
[2026-05-20 22:13:36] [min_adj_15min] [incr] 2026-05-16 ~ 2026-05-21: 48 rows, 1 pages, 7.8s
[2026-05-20 22:13:37] [min_adj_15min] [incr] 1378/2542 | 1 stocks, 48 rows, +16 new | elapsed=2134s ETA=1803s | tokens=279.4
[2026-05-20 22:13:38] [min_adj_15min] [incr] 2026-05-16 ~ 2026-05-21: 48 rows, 1 pages, 8.5s
[2026-05-20 22:13:38] [min_adj_15min] [incr] 1379/2542 | 1 stocks, 48 rows, +16 new | elapsed=2135s ETA=1801s | tokens=279.4
[2026-05-20 22:13:43] [min_adj_15min] [incr] 2026-05-16 ~ 2026-05-21: 48 rows, 1 pages, 24.8s
[2026-05-20 22:13:43] [min_adj_15min] [incr] 1380/2542 | 1 stocks, 48 rows, +16 new | elapsed=2141s ETA=1802s | tokens=279.4
[2026-05-20 22:13:49] [min_adj_15min] [incr] 2026-05-16 ~ 2026-05-21: 48 rows, 1 pages, 19.7s
[2026-05-20 22:13:49] [min_adj_15min] [incr] 1381/2542 | 1 stocks, 48 rows, +16 new | elapsed=2146s ETA=1804s | tokens=279.4
[2026-05-20 22:13:49] [min_adj_15min] [incr] 2026-05-16 ~ 2026-05-21: 48 rows, 1 pages, 12.6s
[2026-05-20 22:13:49] [min_adj_15min] [incr] 1382/2542 | 1 stocks, 48 rows, +16 new | elapsed=2147s ETA=1802s | tokens=279.3
[2026-05-20 22:13:49] [min_adj_15min] [incr] 2026-05-16 ~ 2026-05-21: 48 rows, 1 pages, 11.8s
[2026-05-20 22:13:50] [min_adj_15min] [incr] 1383/2542 | 1 stocks, 48 rows, +16 new | elapsed=2147s ETA=1799s | tokens=279.3
[2026-05-20 22:13:53] [min_adj_15min] [incr] 2026-05-16 ~ 2026-05-21: 48 rows, 1 pages, 10.3s
[2026-05-20 22:13:53] [min_adj_15min] [incr] 1384/2542 | 1 stocks, 48 rows, +16 new | elapsed=2151s ETA=1800s | tokens=279.4
[2026-05-20 22:13:54] [min_adj_15min] [incr] 2026-05-16 ~ 2026-05-21: 48 rows, 1 pages, 5.2s
[2026-05-20 22:13:54] [min_adj_15min] [incr] 1385/2542 | 1 stocks, 48 rows, +16 new | elapsed=2151s ETA=1797s | tokens=279.4
[2026-05-20 22:13:56] [min_adj_15min] [incr] 2026-05-16 ~ 2026-05-21: 48 rows, 1 pages, 7.1s
[2026-05-20 22:13:56] [min_adj_15min] [incr] 1386/2542 | 1 stocks, 48 rows, +16 new | elapsed=2154s ETA=1796s | tokens=279.4
[2026-05-20 22:13:57] [min_adj_15min] [incr] 2026-05-16 ~ 2026-05-21: 48 rows, 1 pages, 7.2s
[2026-05-20 22:13:57] [min_adj_15min] [incr] 1387/2542 | 1 stocks, 48 rows, +16 new | elapsed=2154s ETA=1794s | tokens=279.3
[2026-05-20 22:14:03] [min_adj_15min] [incr] 2026-05-16 ~ 2026-05-21: 48 rows, 1 pages, 9.4s
[2026-05-20 22:14:03] [min_adj_15min] [incr] 1388/2542 | 1 stocks, 48 rows, +16 new | elapsed=2160s ETA=1796s | tokens=279.4
[2026-05-20 22:14:04] [min_adj_15min] [incr] 2026-05-16 ~ 2026-05-21: 48 rows, 1 pages, 28.0s
[2026-05-20 22:14:04] [min_adj_15min] [incr] 1389/2542 | 1 stocks, 48 rows, +16 new | elapsed=2161s ETA=1794s | tokens=279.3
[2026-05-20 22:14:04] [min_adj_15min] [incr] 2026-05-16 ~ 2026-05-21: 48 rows, 1 pages, 33.0s
[2026-05-20 22:14:05] [min_adj_15min] [incr] 1390/2542 | 1 stocks, 48 rows, +16 new | elapsed=2162s ETA=1792s | tokens=279.4
[2026-05-20 22:14:10] [min_adj_15min] [incr] 2026-05-16 ~ 2026-05-21: 48 rows, 1 pages, 13.6s
[2026-05-20 22:14:11] [min_adj_15min] [incr] 1391/2542 | 1 stocks, 48 rows, +16 new | elapsed=2168s ETA=1794s | tokens=279.4
[2026-05-20 22:14:11] [min_adj_15min] [incr] 2026-05-16 ~ 2026-05-21: 48 rows, 1 pages, 8.3s
[2026-05-20 22:14:11] [min_adj_15min] [incr] 1392/2542 | 1 stocks, 48 rows, +16 new | elapsed=2169s ETA=1792s | tokens=279.4
[2026-05-20 22:14:16] [min_adj_15min] [incr] 2026-05-16 ~ 2026-05-21: 48 rows, 1 pages, 12.2s
[2026-05-20 22:14:16] [min_adj_15min] [incr] 1393/2542 | 1 stocks, 48 rows, +16 new | elapsed=2173s ETA=1793s | tokens=279.5
[2026-05-20 22:14:16] [min_adj_15min] [incr] 2026-05-16 ~ 2026-05-21: 48 rows, 1 pages, 20.1s
[2026-05-20 22:14:16] [min_adj_15min] [incr] 2026-05-16 ~ 2026-05-21: 48 rows, 1 pages, 22.3s
[2026-05-20 22:14:16] [min_adj_15min] [incr] 1394/2542 | 1 stocks, 48 rows, +16 new | elapsed=2174s ETA=1790s | tokens=278.4
[2026-05-20 22:14:16] [min_adj_15min] [incr] 1395/2542 | 1 stocks, 48 rows, +16 new | elapsed=2174s ETA=1787s | tokens=278.9
[2026-05-20 22:14:17] [min_adj_15min] [incr] 2026-05-16 ~ 2026-05-21: 48 rows, 1 pages, 6.3s
[2026-05-20 22:14:17] [min_adj_15min] [incr] 2026-05-16 ~ 2026-05-21: 48 rows, 1 pages, 5.5s
[2026-05-20 22:14:17] [min_adj_15min] [incr] 1396/2542 | 1 stocks, 48 rows, +16 new | elapsed=2174s ETA=1785s | tokens=278.4
[2026-05-20 22:14:17] [min_adj_15min] [incr] 1397/2542 | 1 stocks, 48 rows, +16 new | elapsed=2174s ETA=1782s | tokens=278.9
[2026-05-20 22:14:20] [min_adj_15min] [incr] 2026-05-16 ~ 2026-05-21: 48 rows, 1 pages, 4.4s
[2026-05-20 22:14:20] [min_adj_15min] [incr] 2026-05-16 ~ 2026-05-21: 48 rows, 1 pages, 4.0s
[2026-05-20 22:14:20] [min_adj_15min] [incr] 1398/2542 | 1 stocks, 48 rows, +16 new | elapsed=2178s ETA=1782s | tokens=278.4
[2026-05-20 22:14:20] [min_adj_15min] [incr] 1399/2542 | 1 stocks, 48 rows, +16 new | elapsed=2178s ETA=1779s | tokens=278.8
[2026-05-20 22:14:25] [min_adj_15min] [incr] 2026-05-16 ~ 2026-05-21: 48 rows, 1 pages, 8.5s
[2026-05-20 22:14:25] [min_adj_15min] [incr] 1400/2542 | 1 stocks, 48 rows, +16 new | elapsed=2183s ETA=1781s | tokens=279.4
[2026-05-20 22:14:31] [min_adj_15min] [incr] 2026-05-16 ~ 2026-05-21: 48 rows, 1 pages, 15.2s
[2026-05-20 22:14:32] [min_adj_15min] [incr] 1401/2542 | 1 stocks, 48 rows, +16 new | elapsed=2189s ETA=1783s | tokens=279.4
[2026-05-20 22:14:32] [min_adj_15min] [incr] 2026-05-16 ~ 2026-05-21: 48 rows, 1 pages, 27.5s
[2026-05-20 22:14:32] [min_adj_15min] [incr] 2026-05-16 ~ 2026-05-21: 48 rows, 1 pages, 15.2s
[2026-05-20 22:14:32] [min_adj_15min] [incr] 1402/2542 | 1 stocks, 48 rows, +16 new | elapsed=2189s ETA=1780s | tokens=278.4
[2026-05-20 22:14:32] [min_adj_15min] [incr] 1403/2542 | 1 stocks, 48 rows, +16 new | elapsed=2190s ETA=1778s | tokens=278.7
[2026-05-20 22:14:35] [min_adj_15min] [incr] 2026-05-16 ~ 2026-05-21: 48 rows, 1 pages, 14.9s
[2026-05-20 22:14:35] [min_adj_15min] [incr] 2026-05-16 ~ 2026-05-21: 48 rows, 1 pages, 15.1s
[2026-05-20 22:14:35] [min_adj_15min] [incr] 1404/2542 | 1 stocks, 48 rows, +16 new | elapsed=2193s ETA=1777s | tokens=279.4
[2026-05-20 22:14:35] [min_adj_15min] [incr] 2026-05-16 ~ 2026-05-21: 48 rows, 1 pages, 10.1s
[2026-05-20 22:14:35] [min_adj_15min] [incr] 1405/2542 | 1 stocks, 48 rows, +16 new | elapsed=2193s ETA=1775s | tokens=277.8
[2026-05-20 22:14:36] [min_adj_15min] [incr] 1406/2542 | 1 stocks, 48 rows, +16 new | elapsed=2193s ETA=1772s | tokens=278.1
[2026-05-20 22:14:42] [min_adj_15min] [incr] 2026-05-16 ~ 2026-05-21: 48 rows, 1 pages, 10.3s
[2026-05-20 22:14:42] [min_adj_15min] [incr] 1407/2542 | 1 stocks, 48 rows, +16 new | elapsed=2199s ETA=1774s | tokens=279.4
[2026-05-20 22:14:47] [min_adj_15min] [incr] 2026-05-16 ~ 2026-05-21: 48 rows, 1 pages, 15.2s
[2026-05-20 22:14:47] [min_adj_15min] [incr] 2026-05-16 ~ 2026-05-21: 48 rows, 1 pages, 15.3s
[2026-05-20 22:14:47] [min_adj_15min] [incr] 1408/2542 | 1 stocks, 48 rows, +16 new | elapsed=2205s ETA=1776s | tokens=278.4
[2026-05-20 22:14:47] [min_adj_15min] [incr] 1409/2542 | 1 stocks, 48 rows, +16 new | elapsed=2205s ETA=1773s | tokens=278.8
[2026-05-20 22:14:49] [min_adj_15min] [incr] 2026-05-16 ~ 2026-05-21: 48 rows, 1 pages, 13.3s
[2026-05-20 22:14:49] [min_adj_15min] [incr] 1410/2542 | 1 stocks, 48 rows, +16 new | elapsed=2206s ETA=1771s | tokens=279.4
[2026-05-20 22:14:59] [min_adj_15min] [incr] 2026-05-16 ~ 2026-05-21: 48 rows, 1 pages, 23.2s
[2026-05-20 22:14:59] [min_adj_15min] [incr] 2026-05-16 ~ 2026-05-21: 48 rows, 1 pages, 23.2s
[2026-05-20 22:14:59] [min_adj_15min] [incr] 1411/2542 | 1 stocks, 48 rows, +16 new | elapsed=2216s ETA=1776s | tokens=278.4
[2026-05-20 22:14:59] [min_adj_15min] [incr] 1412/2542 | 1 stocks, 48 rows, +16 new | elapsed=2216s ETA=1774s | tokens=278.7
[2026-05-20 22:14:59] [min_adj_15min] [incr] 2026-05-16 ~ 2026-05-21: 48 rows, 1 pages, 17.2s
[2026-05-20 22:14:59] [min_adj_15min] [incr] 1413/2542 | 1 stocks, 48 rows, +16 new | elapsed=2217s ETA=1771s | tokens=279.0
[2026-05-20 22:15:00] [min_adj_15min] [incr] 2026-05-16 ~ 2026-05-21: 48 rows, 1 pages, 13.0s
[2026-05-20 22:15:00] [min_adj_15min] [incr] 2026-05-16 ~ 2026-05-21: 48 rows, 1 pages, 13.0s
[2026-05-20 22:15:00] [min_adj_15min] [incr] 1414/2542 | 1 stocks, 48 rows, +16 new | elapsed=2218s ETA=1769s | tokens=278.4
[2026-05-20 22:15:00] [min_adj_15min] [incr] 1415/2542 | 1 stocks, 48 rows, +16 new | elapsed=2218s ETA=1766s | tokens=278.8
[2026-05-20 22:15:03] [min_adj_15min] [incr] 2026-05-16 ~ 2026-05-21: 48 rows, 1 pages, 14.8s
[2026-05-20 22:15:04] [min_adj_15min] [incr] 1416/2542 | 1 stocks, 48 rows, +16 new | elapsed=2221s ETA=1766s | tokens=279.4
[2026-05-20 22:15:07] [min_adj_15min] [incr] 2026-05-16 ~ 2026-05-21: 48 rows, 1 pages, 8.2s
[2026-05-20 22:15:07] [min_adj_15min] [incr] 2026-05-16 ~ 2026-05-21: 48 rows, 1 pages, 8.2s
[2026-05-20 22:15:07] [min_adj_15min] [incr] 1417/2542 | 1 stocks, 48 rows, +16 new | elapsed=2224s ETA=1766s | tokens=278.4
[2026-05-20 22:15:07] [min_adj_15min] [incr] 1418/2542 | 1 stocks, 48 rows, +16 new | elapsed=2224s ETA=1763s | tokens=278.7
[2026-05-20 22:15:10] [min_adj_15min] [incr] 2026-05-16 ~ 2026-05-21: 48 rows, 1 pages, 10.0s
[2026-05-20 22:15:10] [min_adj_15min] [incr] 2026-05-16 ~ 2026-05-21: 48 rows, 1 pages, 10.1s
[2026-05-20 22:15:10] [min_adj_15min] [incr] 1419/2542 | 1 stocks, 48 rows, +16 new | elapsed=2228s ETA=1763s | tokens=278.4
[2026-05-20 22:15:11] [min_adj_15min] [incr] 1420/2542 | 1 stocks, 48 rows, +16 new | elapsed=2228s ETA=1760s | tokens=278.8
[2026-05-20 22:15:17] [min_adj_15min] [incr] 2026-05-16 ~ 2026-05-21: 48 rows, 1 pages, 18.2s
[2026-05-20 22:15:17] [min_adj_15min] [incr] 1421/2542 | 1 stocks, 48 rows, +16 new | elapsed=2235s ETA=1763s | tokens=279.4
[2026-05-20 22:15:25] [min_adj_15min] [incr] 2026-05-16 ~ 2026-05-21: 48 rows, 1 pages, 18.2s
[2026-05-20 22:15:25] [min_adj_15min] [incr] 2026-05-16 ~ 2026-05-21: 48 rows, 1 pages, 21.6s
[2026-05-20 22:15:25] [min_adj_15min] [incr] 1422/2542 | 1 stocks, 48 rows, +16 new | elapsed=2243s ETA=1766s | tokens=278.4
[2026-05-20 22:15:25] [min_adj_15min] [incr] 1423/2542 | 1 stocks, 48 rows, +16 new | elapsed=2243s ETA=1764s | tokens=278.7
[2026-05-20 22:15:28] [min_adj_15min] [incr] 2026-05-16 ~ 2026-05-21: 48 rows, 1 pages, 21.5s
[2026-05-20 22:15:29] [min_adj_15min] [incr] 1424/2542 | 1 stocks, 48 rows, +16 new | elapsed=2246s ETA=1763s | tokens=279.4
[2026-05-20 22:15:29] [min_adj_15min] [incr] 2026-05-16 ~ 2026-05-21: 48 rows, 1 pages, 11.6s
[2026-05-20 22:15:29] [min_adj_15min] [incr] 1425/2542 | 1 stocks, 48 rows, +16 new | elapsed=2246s ETA=1761s | tokens=279.4
[2026-05-20 22:15:34] [min_adj_15min] [incr] 2026-05-16 ~ 2026-05-21: 48 rows, 1 pages, 8.8s
[2026-05-20 22:15:34] [min_adj_15min] [incr] 1426/2542 | 1 stocks, 48 rows, +16 new | elapsed=2252s ETA=1762s | tokens=279.4
[2026-05-20 22:15:35] [min_adj_15min] [incr] 2026-05-16 ~ 2026-05-21: 48 rows, 1 pages, 9.7s
[2026-05-20 22:15:35] [min_adj_15min] [incr] 1427/2542 | 1 stocks, 48 rows, +16 new | elapsed=2252s ETA=1760s | tokens=279.4
[2026-05-20 22:15:41] [min_adj_15min] [incr] 2026-05-16 ~ 2026-05-21: 48 rows, 1 pages, 12.1s
[2026-05-20 22:15:41] [min_adj_15min] [incr] 1428/2542 | 1 stocks, 48 rows, +16 new | elapsed=2258s ETA=1762s | tokens=279.4
[2026-05-20 22:15:41] [min_adj_15min] [incr] 2026-05-16 ~ 2026-05-21: 48 rows, 1 pages, 12.2s
[2026-05-20 22:15:41] [min_adj_15min] [incr] 1429/2542 | 1 stocks, 48 rows, +16 new | elapsed=2259s ETA=1759s | tokens=279.3
[2026-05-20 22:15:42] [min_adj_15min] [incr] 2026-05-16 ~ 2026-05-21: 48 rows, 1 pages, 7.8s
[2026-05-20 22:15:42] [min_adj_15min] [incr] 1430/2542 | 1 stocks, 48 rows, +16 new | elapsed=2259s ETA=1757s | tokens=279.4
[2026-05-20 22:15:47] [min_adj_15min] [incr] 2026-05-16 ~ 2026-05-21: 48 rows, 1 pages, 37.0s
[2026-05-20 22:15:48] [min_adj_15min] [incr] 1431/2542 | 1 stocks, 48 rows, +16 new | elapsed=2265s ETA=1758s | tokens=279.4
[2026-05-20 22:15:50] [min_adj_15min] [incr] 2026-05-16 ~ 2026-05-21: 48 rows, 1 pages, 9.8s
[2026-05-20 22:15:51] [min_adj_15min] [incr] 1432/2542 | 1 stocks, 48 rows, +16 new | elapsed=2268s ETA=1758s | tokens=279.4
[2026-05-20 22:15:51] [min_adj_15min] [incr] 2026-05-16 ~ 2026-05-21: 48 rows, 1 pages, 9.7s
[2026-05-20 22:15:51] [min_adj_15min] [incr] 1433/2542 | 1 stocks, 48 rows, +16 new | elapsed=2268s ETA=1755s | tokens=279.3
[2026-05-20 22:15:51] [min_adj_15min] [incr] 2026-05-16 ~ 2026-05-21: 48 rows, 1 pages, 9.3s
[2026-05-20 22:15:51] [min_adj_15min] [incr] 1434/2542 | 1 stocks, 48 rows, +16 new | elapsed=2269s ETA=1753s | tokens=279.3
[2026-05-20 22:15:51] [min_adj_15min] [incr] 2026-05-16 ~ 2026-05-21: 48 rows, 1 pages, 4.0s
[2026-05-20 22:15:52] [min_adj_15min] [incr] 1435/2542 | 1 stocks, 48 rows, +16 new | elapsed=2269s ETA=1750s | tokens=279.3
[2026-05-20 22:15:53] [min_adj_15min] [incr] 2026-05-16 ~ 2026-05-21: 48 rows, 1 pages, 42.8s
[2026-05-20 22:15:53] [min_adj_15min] [incr] 1436/2542 | 1 stocks, 48 rows, +16 new | elapsed=2271s ETA=1749s | tokens=279.4
[2026-05-20 22:15:53] [min_adj_15min] [incr] 2026-05-16 ~ 2026-05-21: 48 rows, 1 pages, 18.5s
[2026-05-20 22:15:53] [min_adj_15min] [incr] 1437/2542 | 1 stocks, 48 rows, +16 new | elapsed=2271s ETA=1746s | tokens=279.3
[2026-05-20 22:15:54] [min_adj_15min] [incr] 2026-05-16 ~ 2026-05-21: 48 rows, 1 pages, 2.7s
[2026-05-20 22:15:54] [min_adj_15min] [incr] 1438/2542 | 1 stocks, 48 rows, +16 new | elapsed=2271s ETA=1744s | tokens=279.3
[2026-05-20 22:15:54] [min_adj_15min] [incr] 2026-05-16 ~ 2026-05-21: 48 rows, 1 pages, 3.6s
[2026-05-20 22:15:54] [min_adj_15min] [incr] 1439/2542 | 1 stocks, 48 rows, +16 new | elapsed=2272s ETA=1741s | tokens=279.4
[2026-05-20 22:15:55] [min_adj_15min] [incr] 2026-05-16 ~ 2026-05-21: 48 rows, 1 pages, 1.5s
[2026-05-20 22:15:55] [min_adj_15min] [incr] 1440/2542 | 1 stocks, 48 rows, +16 new | elapsed=2272s ETA=1739s | tokens=279.3
[2026-05-20 22:15:58] [min_adj_15min] [incr] 2026-05-16 ~ 2026-05-21: 48 rows, 1 pages, 4.7s
[2026-05-20 22:15:58] [min_adj_15min] [incr] 1441/2542 | 1 stocks, 48 rows, +16 new | elapsed=2276s ETA=1739s | tokens=279.4
[2026-05-20 22:16:05] [min_adj_15min] [incr] 2026-05-16 ~ 2026-05-21: 48 rows, 1 pages, 13.2s
[2026-05-20 22:16:05] [min_adj_15min] [incr] 1442/2542 | 1 stocks, 48 rows, +16 new | elapsed=2282s ETA=1741s | tokens=279.4
[2026-05-20 22:16:05] [min_adj_15min] [incr] 2026-05-16 ~ 2026-05-21: 48 rows, 1 pages, 14.6s
[2026-05-20 22:16:05] [min_adj_15min] [incr] 1443/2542 | 1 stocks, 48 rows, +16 new | elapsed=2283s ETA=1738s | tokens=279.3
[2026-05-20 22:16:05] [min_adj_15min] [incr] 2026-05-16 ~ 2026-05-21: 48 rows, 1 pages, 10.8s
[2026-05-20 22:16:05] [min_adj_15min] [incr] 1444/2542 | 1 stocks, 48 rows, +16 new | elapsed=2283s ETA=1736s | tokens=278.9
[2026-05-20 22:16:06] [min_adj_15min] [incr] 2026-05-16 ~ 2026-05-21: 48 rows, 1 pages, 7.4s
[2026-05-20 22:16:06] [min_adj_15min] [incr] 2026-05-16 ~ 2026-05-21: 48 rows, 1 pages, 10.8s
[2026-05-20 22:16:06] [min_adj_15min] [incr] 1445/2542 | 1 stocks, 48 rows, +16 new | elapsed=2283s ETA=1733s | tokens=278.3
[2026-05-20 22:16:06] [min_adj_15min] [incr] 1446/2542 | 1 stocks, 48 rows, +16 new | elapsed=2283s ETA=1730s | tokens=278.7
[2026-05-20 22:16:06] [min_adj_15min] [incr] 2026-05-16 ~ 2026-05-21: 48 rows, 1 pages, 1.4s
[2026-05-20 22:16:06] [min_adj_15min] [incr] 2026-05-16 ~ 2026-05-21: 48 rows, 1 pages, 1.7s
[2026-05-20 22:16:07] [min_adj_15min] [incr] 1447/2542 | 1 stocks, 48 rows, +16 new | elapsed=2284s ETA=1728s | tokens=278.4
[2026-05-20 22:16:07] [min_adj_15min] [incr] 1448/2542 | 1 stocks, 48 rows, +16 new | elapsed=2284s ETA=1726s | tokens=278.7
[2026-05-20 22:16:14] [min_adj_15min] [incr] 2026-05-16 ~ 2026-05-21: 48 rows, 1 pages, 8.1s
[2026-05-20 22:16:14] [min_adj_15min] [incr] 1449/2542 | 1 stocks, 48 rows, +16 new | elapsed=2291s ETA=1728s | tokens=279.4
[2026-05-20 22:16:14] [min_adj_15min] [incr] 2026-05-16 ~ 2026-05-21: 48 rows, 1 pages, 8.7s
[2026-05-20 22:16:14] [min_adj_15min] [incr] 1450/2542 | 1 stocks, 48 rows, +16 new | elapsed=2292s ETA=1726s | tokens=279.4
[2026-05-20 22:16:20] [min_adj_15min] [incr] 2026-05-16 ~ 2026-05-21: 48 rows, 1 pages, 26.3s
[2026-05-20 22:16:20] [min_adj_15min] [incr] 2026-05-16 ~ 2026-05-21: 48 rows, 1 pages, 15.0s
[2026-05-20 22:16:20] [min_adj_15min] [incr] 1451/2542 | 1 stocks, 48 rows, +16 new | elapsed=2298s ETA=1728s | tokens=278.4
[2026-05-20 22:16:20] [min_adj_15min] [incr] 1452/2542 | 1 stocks, 48 rows, +16 new | elapsed=2298s ETA=1725s | tokens=278.8
[2026-05-20 22:16:23] [min_adj_15min] [incr] 2026-05-16 ~ 2026-05-21: 48 rows, 1 pages, 16.8s
[2026-05-20 22:16:23] [min_adj_15min] [incr] 1453/2542 | 1 stocks, 48 rows, +16 new | elapsed=2301s ETA=1724s | tokens=279.4
[2026-05-20 22:16:24] [min_adj_15min] [incr] 2026-05-16 ~ 2026-05-21: 48 rows, 1 pages, 9.4s
[2026-05-20 22:16:24] [min_adj_15min] [incr] 1454/2542 | 1 stocks, 48 rows, +16 new | elapsed=2301s ETA=1722s | tokens=279.4
[2026-05-20 22:16:25] [min_adj_15min] [incr] 2026-05-16 ~ 2026-05-21: 48 rows, 1 pages, 4.6s
[2026-05-20 22:16:25] [min_adj_15min] [incr] 1455/2542 | 1 stocks, 48 rows, +16 new | elapsed=2302s ETA=1720s | tokens=279.4
[2026-05-20 22:16:35] [min_adj_15min] [incr] 2026-05-16 ~ 2026-05-21: 48 rows, 1 pages, 15.2s
[2026-05-20 22:16:36] [min_adj_15min] [incr] 1456/2542 | 1 stocks, 48 rows, +16 new | elapsed=2313s ETA=1725s | tokens=279.4
[2026-05-20 22:16:36] [min_adj_15min] [incr] 2026-05-16 ~ 2026-05-21: 48 rows, 1 pages, 22.5s
[2026-05-20 22:16:36] [min_adj_15min] [incr] 2026-05-16 ~ 2026-05-21: 48 rows, 1 pages, 29.7s
[2026-05-20 22:16:36] [min_adj_15min] [incr] 1457/2542 | 1 stocks, 48 rows, +16 new | elapsed=2314s ETA=1723s | tokens=278.4
[2026-05-20 22:16:36] [min_adj_15min] [incr] 1458/2542 | 1 stocks, 48 rows, +16 new | elapsed=2314s ETA=1720s | tokens=278.8
[2026-05-20 22:16:36] [min_adj_15min] [incr] 2026-05-16 ~ 2026-05-21: 48 rows, 1 pages, 13.2s
[2026-05-20 22:16:37] [min_adj_15min] [incr] 1459/2542 | 1 stocks, 48 rows, +16 new | elapsed=2314s ETA=1718s | tokens=278.8
[2026-05-20 22:16:43] [min_adj_15min] [incr] 2026-05-16 ~ 2026-05-21: 48 rows, 1 pages, 19.1s
[2026-05-20 22:16:43] [min_adj_15min] [incr] 2026-05-16 ~ 2026-05-21: 48 rows, 1 pages, 17.9s
[2026-05-20 22:16:43] [min_adj_15min] [incr] 1460/2542 | 1 stocks, 48 rows, +16 new | elapsed=2320s ETA=1720s | tokens=278.4
[2026-05-20 22:16:43] [min_adj_15min] [incr] 1461/2542 | 1 stocks, 48 rows, +16 new | elapsed=2320s ETA=1717s | tokens=278.8
[2026-05-20 22:16:44] [min_adj_15min] [incr] 2026-05-16 ~ 2026-05-21: 48 rows, 1 pages, 7.5s
[2026-05-20 22:16:44] [min_adj_15min] [incr] 2026-05-16 ~ 2026-05-21: 48 rows, 1 pages, 7.5s
[2026-05-20 22:16:44] [min_adj_15min] [incr] 1462/2542 | 1 stocks, 48 rows, +16 new | elapsed=2321s ETA=1715s | tokens=278.4
[2026-05-20 22:16:44] [min_adj_15min] [incr] 1463/2542 | 1 stocks, 48 rows, +16 new | elapsed=2321s ETA=1712s | tokens=278.8
[2026-05-20 22:16:53] [min_adj_15min] [incr] 2026-05-16 ~ 2026-05-21: 48 rows, 1 pages, 17.7s
[2026-05-20 22:16:53] [min_adj_15min] [incr] 1464/2542 | 1 stocks, 48 rows, +16 new | elapsed=2331s ETA=1716s | tokens=279.4
[2026-05-20 22:16:55] [min_adj_15min] [incr] 2026-05-16 ~ 2026-05-21: 48 rows, 1 pages, 12.0s
[2026-05-20 22:16:55] [min_adj_15min] [incr] 2026-05-16 ~ 2026-05-21: 48 rows, 1 pages, 18.2s
[2026-05-20 22:16:55] [min_adj_15min] [incr] 1465/2542 | 1 stocks, 48 rows, +16 new | elapsed=2332s ETA=1715s | tokens=278.4
[2026-05-20 22:16:55] [min_adj_15min] [incr] 1466/2542 | 1 stocks, 48 rows, +16 new | elapsed=2332s ETA=1712s | tokens=278.8
[2026-05-20 22:16:55] [min_adj_15min] [incr] 2026-05-16 ~ 2026-05-21: 48 rows, 1 pages, 12.2s
[2026-05-20 22:16:55] [min_adj_15min] [incr] 1467/2542 | 1 stocks, 48 rows, +16 new | elapsed=2332s ETA=1709s | tokens=278.3
[2026-05-20 22:16:55] [min_adj_15min] [incr] 2026-05-16 ~ 2026-05-21: 48 rows, 1 pages, 11.7s
[2026-05-20 22:16:55] [min_adj_15min] [incr] 2026-05-16 ~ 2026-05-21: 48 rows, 1 pages, 11.7s
[2026-05-20 22:16:56] [min_adj_15min] [incr] 1468/2542 | 1 stocks, 48 rows, +16 new | elapsed=2333s ETA=1707s | tokens=278.4
[2026-05-20 22:16:56] [min_adj_15min] [incr] 1469/2542 | 1 stocks, 48 rows, +16 new | elapsed=2333s ETA=1704s | tokens=278.8
[2026-05-20 22:16:59] [min_adj_15min] [incr] 2026-05-16 ~ 2026-05-21: 48 rows, 1 pages, 5.6s
[2026-05-20 22:16:59] [min_adj_15min] [incr] 1470/2542 | 1 stocks, 48 rows, +16 new | elapsed=2336s ETA=1704s | tokens=279.4
[2026-05-20 22:17:01] [min_adj_15min] [incr] 2026-05-16 ~ 2026-05-21: 48 rows, 1 pages, 5.9s
[2026-05-20 22:17:01] [min_adj_15min] [incr] 2026-05-16 ~ 2026-05-21: 48 rows, 1 pages, 5.9s
[2026-05-20 22:17:01] [min_adj_15min] [incr] 1471/2542 | 1 stocks, 48 rows, +16 new | elapsed=2338s ETA=1702s | tokens=278.4
[2026-05-20 22:17:01] [min_adj_15min] [incr] 1472/2542 | 1 stocks, 48 rows, +16 new | elapsed=2338s ETA=1700s | tokens=278.7
[2026-05-20 22:17:05] [min_adj_15min] [incr] 2026-05-16 ~ 2026-05-21: 48 rows, 1 pages, 9.2s
[2026-05-20 22:17:05] [min_adj_15min] [incr] 2026-05-16 ~ 2026-05-21: 48 rows, 1 pages, 9.2s
[2026-05-20 22:17:05] [min_adj_15min] [incr] 2026-05-16 ~ 2026-05-21: 48 rows, 1 pages, 9.8s
[2026-05-20 22:17:05] [min_adj_15min] [incr] 1473/2542 | 1 stocks, 48 rows, +16 new | elapsed=2342s ETA=1700s | tokens=277.4
[2026-05-20 22:17:05] [min_adj_15min] [incr] 1474/2542 | 1 stocks, 48 rows, +16 new | elapsed=2342s ETA=1697s | tokens=277.8
[2026-05-20 22:17:05] [min_adj_15min] [incr] 1475/2542 | 1 stocks, 48 rows, +16 new | elapsed=2342s ETA=1694s | tokens=278.2
[2026-05-20 22:17:05] [min_adj_15min] [incr] 2026-05-16 ~ 2026-05-21: 48 rows, 1 pages, 6.1s
[2026-05-20 22:17:05] [min_adj_15min] [incr] 1476/2542 | 1 stocks, 48 rows, +16 new | elapsed=2342s ETA=1692s | tokens=277.8
[2026-05-20 22:17:07] [min_adj_15min] [incr] 2026-05-16 ~ 2026-05-21: 48 rows, 1 pages, 6.2s
[2026-05-20 22:17:07] [min_adj_15min] [incr] 2026-05-16 ~ 2026-05-21: 48 rows, 1 pages, 6.2s
[2026-05-20 22:17:07] [min_adj_15min] [incr] 1477/2542 | 1 stocks, 48 rows, +16 new | elapsed=2345s ETA=1691s | tokens=278.4
[2026-05-20 22:17:07] [min_adj_15min] [incr] 1478/2542 | 1 stocks, 48 rows, +16 new | elapsed=2345s ETA=1688s | tokens=278.8
[2026-05-20 22:17:13] [min_adj_15min] [incr] 2026-05-16 ~ 2026-05-21: 48 rows, 1 pages, 8.6s
[2026-05-20 22:17:13] [min_adj_15min] [incr] 1479/2542 | 1 stocks, 48 rows, +16 new | elapsed=2351s ETA=1690s | tokens=279.4
[2026-05-20 22:17:19] [min_adj_15min] [incr] 2026-05-16 ~ 2026-05-21: 48 rows, 1 pages, 14.2s
[2026-05-20 22:17:19] [min_adj_15min] [incr] 2026-05-16 ~ 2026-05-21: 48 rows, 1 pages, 14.1s
[2026-05-20 22:17:19] [min_adj_15min] [incr] 1480/2542 | 1 stocks, 48 rows, +16 new | elapsed=2356s ETA=1691s | tokens=278.4
[2026-05-20 22:17:19] [min_adj_15min] [incr] 1481/2542 | 1 stocks, 48 rows, +16 new | elapsed=2356s ETA=1688s | tokens=278.8
[2026-05-20 22:17:19] [min_adj_15min] [incr] 2026-05-16 ~ 2026-05-21: 48 rows, 1 pages, 12.2s
[2026-05-20 22:17:19] [min_adj_15min] [incr] 1482/2542 | 1 stocks, 48 rows, +16 new | elapsed=2357s ETA=1686s | tokens=278.7
[2026-05-20 22:17:25] [min_adj_15min] [incr] 2026-05-16 ~ 2026-05-21: 48 rows, 1 pages, 17.9s
[2026-05-20 22:17:25] [min_adj_15min] [incr] 1483/2542 | 1 stocks, 48 rows, +16 new | elapsed=2363s ETA=1687s | tokens=279.4
[2026-05-20 22:17:25] [min_adj_15min] [incr] 2026-05-16 ~ 2026-05-21: 48 rows, 1 pages, 11.7s
[2026-05-20 22:17:25] [min_adj_15min] [incr] 1484/2542 | 1 stocks, 48 rows, +16 new | elapsed=2363s ETA=1684s | tokens=278.8
[2026-05-20 22:17:25] [min_adj_15min] [incr] 2026-05-16 ~ 2026-05-21: 48 rows, 1 pages, 6.3s
[2026-05-20 22:17:25] [min_adj_15min] [incr] 1485/2542 | 1 stocks, 48 rows, +16 new | elapsed=2363s ETA=1682s | tokens=278.5
[2026-05-20 22:17:26] [min_adj_15min] [incr] 2026-05-16 ~ 2026-05-21: 48 rows, 1 pages, 6.4s
[2026-05-20 22:17:26] [min_adj_15min] [incr] 1486/2542 | 1 stocks, 48 rows, +16 new | elapsed=2363s ETA=1679s | tokens=279.2
[2026-05-20 22:17:33] [min_adj_15min] [incr] 2026-05-16 ~ 2026-05-21: 48 rows, 1 pages, 28.1s
[2026-05-20 22:17:33] [min_adj_15min] [incr] 1487/2542 | 1 stocks, 48 rows, +16 new | elapsed=2371s ETA=1682s | tokens=279.5
[2026-05-20 22:17:34] [min_adj_15min] [incr] 2026-05-16 ~ 2026-05-21: 48 rows, 1 pages, 8.6s
[2026-05-20 22:17:34] [min_adj_15min] [incr] 1488/2542 | 1 stocks, 48 rows, +16 new | elapsed=2371s ETA=1680s | tokens=279.4
[2026-05-20 22:17:37] [min_adj_15min] [incr] 2026-05-16 ~ 2026-05-21: 48 rows, 1 pages, 12.1s
[2026-05-20 22:17:37] [min_adj_15min] [incr] 1489/2542 | 1 stocks, 48 rows, +16 new | elapsed=2375s ETA=1679s | tokens=279.4
[2026-05-20 22:17:46] [min_adj_15min] [incr] 2026-05-16 ~ 2026-05-21: 48 rows, 1 pages, 21.1s
[2026-05-20 22:17:46] [min_adj_15min] [incr] 1490/2542 | 1 stocks, 48 rows, +16 new | elapsed=2384s ETA=1683s | tokens=279.4
[2026-05-20 22:17:58] [min_adj_15min] [incr] 2026-05-16 ~ 2026-05-21: 48 rows, 1 pages, 31.9s
[2026-05-20 22:17:58] [min_adj_15min] [incr] 1491/2542 | 1 stocks, 48 rows, +16 new | elapsed=2395s ETA=1688s | tokens=279.4
[2026-05-20 22:17:58] [min_adj_15min] [incr] 2026-05-16 ~ 2026-05-21: 48 rows, 1 pages, 25.0s
[2026-05-20 22:17:58] [min_adj_15min] [incr] 1492/2542 | 1 stocks, 48 rows, +16 new | elapsed=2396s ETA=1686s | tokens=279.3
[2026-05-20 22:18:00] [min_adj_15min] [incr] 2026-05-16 ~ 2026-05-21: 48 rows, 1 pages, 22.3s
[2026-05-20 22:18:00] [min_adj_15min] [incr] 1493/2542 | 1 stocks, 48 rows, +16 new | elapsed=2397s ETA=1684s | tokens=279.4
[2026-05-20 22:18:00] [min_adj_15min] [incr] 2026-05-16 ~ 2026-05-21: 48 rows, 1 pages, 13.6s
[2026-05-20 22:18:00] [min_adj_15min] [incr] 1494/2542 | 1 stocks, 48 rows, +16 new | elapsed=2397s ETA=1682s | tokens=279.4
[2026-05-20 22:18:01] [min_adj_15min] [incr] 2026-05-16 ~ 2026-05-21: 48 rows, 1 pages, 42.2s
[2026-05-20 22:18:01] [min_adj_15min] [incr] 1495/2542 | 1 stocks, 48 rows, +16 new | elapsed=2399s ETA=1680s | tokens=279.4
[2026-05-20 22:18:04] [min_adj_15min] [incr] 2026-05-16 ~ 2026-05-21: 48 rows, 1 pages, 6.3s
[2026-05-20 22:18:04] [min_adj_15min] [incr] 1496/2542 | 1 stocks, 48 rows, +16 new | elapsed=2401s ETA=1679s | tokens=279.3
[2026-05-20 22:18:04] [min_adj_15min] [incr] 2026-05-16 ~ 2026-05-21: 48 rows, 1 pages, 4.7s
[2026-05-20 22:18:04] [min_adj_15min] [incr] 1497/2542 | 1 stocks, 48 rows, +16 new | elapsed=2402s ETA=1677s | tokens=279.4
[2026-05-20 22:18:08] [min_adj_15min] [incr] 2026-05-16 ~ 2026-05-21: 48 rows, 1 pages, 8.1s
[2026-05-20 22:18:08] [min_adj_15min] [incr] 1498/2542 | 1 stocks, 48 rows, +16 new | elapsed=2406s ETA=1677s | tokens=279.4
[2026-05-20 22:18:10] [min_adj_15min] [incr] 2026-05-16 ~ 2026-05-21: 48 rows, 1 pages, 36.1s
[2026-05-20 22:18:10] [min_adj_15min] [incr] 1499/2542 | 1 stocks, 48 rows, +16 new | elapsed=2407s ETA=1675s | tokens=279.4
[2026-05-20 22:18:12] [min_adj_15min] [incr] 2026-05-16 ~ 2026-05-21: 48 rows, 1 pages, 7.9s
[2026-05-20 22:18:12] [min_adj_15min] [incr] 1500/2542 | 1 stocks, 48 rows, +16 new | elapsed=2409s ETA=1674s | tokens=279.4
[2026-05-20 22:18:13] [min_adj_15min] [incr] 2026-05-16 ~ 2026-05-21: 48 rows, 1 pages, 15.1s
[2026-05-20 22:18:13] [min_adj_15min] [incr] 1501/2542 | 1 stocks, 48 rows, +16 new | elapsed=2411s ETA=1672s | tokens=279.4
[2026-05-20 22:18:16] [min_adj_15min] [incr] 2026-05-16 ~ 2026-05-21: 48 rows, 1 pages, 12.2s
[2026-05-20 22:18:17] [min_adj_15min] [incr] 1502/2542 | 1 stocks, 48 rows, +16 new | elapsed=2414s ETA=1671s | tokens=279.4
[2026-05-20 22:18:17] [min_adj_15min] [incr] 2026-05-16 ~ 2026-05-21: 48 rows, 1 pages, 16.0s
[2026-05-20 22:18:17] [min_adj_15min] [incr] 1503/2542 | 1 stocks, 48 rows, +16 new | elapsed=2415s ETA=1669s | tokens=279.4
[2026-05-20 22:18:18] [min_adj_15min] [incr] 2026-05-16 ~ 2026-05-21: 48 rows, 1 pages, 9.4s
[2026-05-20 22:18:18] [min_adj_15min] [incr] 1504/2542 | 1 stocks, 48 rows, +16 new | elapsed=2415s ETA=1667s | tokens=279.4
[2026-05-20 22:18:18] [min_adj_15min] [incr] 2026-05-16 ~ 2026-05-21: 48 rows, 1 pages, 5.9s
[2026-05-20 22:18:18] [min_adj_15min] [incr] 2026-05-16 ~ 2026-05-21: 48 rows, 1 pages, 4.5s
[2026-05-20 22:18:18] [min_adj_15min] [incr] 1505/2542 | 1 stocks, 48 rows, +16 new | elapsed=2415s ETA=1664s | tokens=278.3
[2026-05-20 22:18:18] [min_adj_15min] [incr] 1506/2542 | 1 stocks, 48 rows, +16 new | elapsed=2415s ETA=1662s | tokens=278.7
[2026-05-20 22:18:18] [min_adj_15min] [incr] 2026-05-16 ~ 2026-05-21: 48 rows, 1 pages, 8.7s
[2026-05-20 22:18:19] [min_adj_15min] [incr] 1507/2542 | 1 stocks, 48 rows, +16 new | elapsed=2416s ETA=1659s | tokens=279.4
[2026-05-20 22:18:19] [min_adj_15min] [incr] 2026-05-16 ~ 2026-05-21: 48 rows, 1 pages, 1.7s
[2026-05-20 22:18:19] [min_adj_15min] [incr] 1508/2542 | 1 stocks, 48 rows, +16 new | elapsed=2417s ETA=1657s | tokens=279.4
[2026-05-20 22:18:23] [min_adj_15min] [incr] 2026-05-16 ~ 2026-05-21: 48 rows, 1 pages, 6.8s
[2026-05-20 22:18:23] [min_adj_15min] [incr] 1509/2542 | 1 stocks, 48 rows, +16 new | elapsed=2421s ETA=1657s | tokens=279.4
[2026-05-20 22:18:23] [min_adj_15min] [incr] 2026-05-16 ~ 2026-05-21: 48 rows, 1 pages, 6.3s
[2026-05-20 22:18:24] [min_adj_15min] [incr] 1510/2542 | 1 stocks, 48 rows, +16 new | elapsed=2421s ETA=1655s | tokens=279.0
[2026-05-20 22:18:33] [min_adj_15min] [incr] 2026-05-16 ~ 2026-05-21: 48 rows, 1 pages, 15.2s
[2026-05-20 22:18:33] [min_adj_15min] [incr] 1511/2542 | 1 stocks, 48 rows, +16 new | elapsed=2431s ETA=1658s | tokens=279.4
[2026-05-20 22:18:34] [min_adj_15min] [incr] 2026-05-16 ~ 2026-05-21: 48 rows, 1 pages, 16.3s
[2026-05-20 22:18:34] [min_adj_15min] [incr] 1512/2542 | 1 stocks, 48 rows, +16 new | elapsed=2432s ETA=1657s | tokens=279.4
[2026-05-20 22:18:38] [min_adj_15min] [incr] 2026-05-16 ~ 2026-05-21: 48 rows, 1 pages, 19.7s
[2026-05-20 22:18:38] [min_adj_15min] [incr] 1513/2542 | 1 stocks, 48 rows, +16 new | elapsed=2436s ETA=1657s | tokens=279.4
[2026-05-20 22:18:41] [min_adj_15min] [incr] 2026-05-16 ~ 2026-05-21: 48 rows, 1 pages, 17.9s
[2026-05-20 22:18:41] [min_adj_15min] [incr] 1514/2542 | 1 stocks, 48 rows, +16 new | elapsed=2439s ETA=1656s | tokens=279.4
[2026-05-20 22:18:42] [min_adj_15min] [incr] 2026-05-16 ~ 2026-05-21: 48 rows, 1 pages, 9.2s
[2026-05-20 22:18:42] [min_adj_15min] [incr] 1515/2542 | 1 stocks, 48 rows, +16 new | elapsed=2440s ETA=1654s | tokens=279.4
[2026-05-20 22:18:44] [min_adj_15min] [incr] 2026-05-16 ~ 2026-05-21: 48 rows, 1 pages, 10.2s
[2026-05-20 22:18:44] [min_adj_15min] [incr] 1516/2542 | 1 stocks, 48 rows, +16 new | elapsed=2442s ETA=1653s | tokens=279.4
[2026-05-20 22:18:46] [min_adj_15min] [incr] 2026-05-16 ~ 2026-05-21: 48 rows, 1 pages, 7.4s
[2026-05-20 22:18:46] [min_adj_15min] [incr] 1517/2542 | 1 stocks, 48 rows, +16 new | elapsed=2443s ETA=1651s | tokens=279.4
[2026-05-20 22:18:47] [min_adj_15min] [incr] 2026-05-16 ~ 2026-05-21: 48 rows, 1 pages, 5.5s
[2026-05-20 22:18:47] [min_adj_15min] [incr] 1518/2542 | 1 stocks, 48 rows, +16 new | elapsed=2444s ETA=1649s | tokens=279.4
[2026-05-20 22:18:47] [min_adj_15min] [incr] 2026-05-16 ~ 2026-05-21: 48 rows, 1 pages, 23.5s
[2026-05-20 22:18:47] [min_adj_15min] [incr] 1519/2542 | 1 stocks, 48 rows, +16 new | elapsed=2444s ETA=1646s | tokens=279.1
[2026-05-20 22:18:47] [min_adj_15min] [incr] 2026-05-16 ~ 2026-05-21: 48 rows, 1 pages, 4.8s
[2026-05-20 22:18:47] [min_adj_15min] [incr] 1520/2542 | 1 stocks, 48 rows, +16 new | elapsed=2445s ETA=1644s | tokens=278.9
[2026-05-20 22:18:50] [min_adj_15min] [incr] 2026-05-16 ~ 2026-05-21: 48 rows, 1 pages, 30.9s
[2026-05-20 22:18:50] [min_adj_15min] [incr] 1521/2542 | 1 stocks, 48 rows, +16 new | elapsed=2448s ETA=1643s | tokens=279.4
[2026-05-20 22:18:50] [min_adj_15min] [incr] 2026-05-16 ~ 2026-05-21: 48 rows, 1 pages, 6.0s
[2026-05-20 22:18:50] [min_adj_15min] [incr] 2026-05-16 ~ 2026-05-21: 48 rows, 1 pages, 3.6s
[2026-05-20 22:18:50] [min_adj_15min] [incr] 1522/2542 | 1 stocks, 48 rows, +16 new | elapsed=2448s ETA=1640s | tokens=278.1
[2026-05-20 22:18:51] [min_adj_15min] [incr] 1523/2542 | 1 stocks, 48 rows, +16 new | elapsed=2448s ETA=1638s | tokens=278.5
[2026-05-20 22:18:51] [min_adj_15min] [incr] 2026-05-16 ~ 2026-05-21: 48 rows, 1 pages, 4.3s
[2026-05-20 22:18:51] [min_adj_15min] [incr] 1524/2542 | 1 stocks, 48 rows, +16 new | elapsed=2449s ETA=1636s | tokens=279.3
[2026-05-20 22:18:52] [min_adj_15min] [incr] 2026-05-16 ~ 2026-05-21: 48 rows, 1 pages, 1.7s
[2026-05-20 22:18:52] [min_adj_15min] [incr] 1525/2542 | 1 stocks, 48 rows, +16 new | elapsed=2449s ETA=1633s | tokens=279.3
[2026-05-20 22:18:53] [min_adj_15min] [incr] 2026-05-16 ~ 2026-05-21: 48 rows, 1 pages, 7.8s
[2026-05-20 22:18:54] [min_adj_15min] [incr] 1526/2542 | 1 stocks, 48 rows, +16 new | elapsed=2451s ETA=1632s | tokens=279.6
[2026-05-20 22:18:55] [min_adj_15min] [incr] 2026-05-16 ~ 2026-05-21: 48 rows, 1 pages, 8.1s
[2026-05-20 22:18:55] [min_adj_15min] [incr] 1527/2542 | 1 stocks, 48 rows, +16 new | elapsed=2453s ETA=1630s | tokens=279.3
[2026-05-20 22:18:56] [min_adj_15min] [incr] 2026-05-16 ~ 2026-05-21: 48 rows, 1 pages, 5.7s
[2026-05-20 22:18:56] [min_adj_15min] [incr] 1528/2542 | 1 stocks, 48 rows, +16 new | elapsed=2454s ETA=1628s | tokens=279.4
[2026-05-20 22:19:02] [min_adj_15min] [incr] 2026-05-16 ~ 2026-05-21: 48 rows, 1 pages, 10.4s
[2026-05-20 22:19:02] [min_adj_15min] [incr] 1529/2542 | 1 stocks, 48 rows, +16 new | elapsed=2459s ETA=1629s | tokens=279.3
[2026-05-20 22:19:06] [min_adj_15min] [incr] 2026-05-16 ~ 2026-05-21: 48 rows, 1 pages, 12.2s
[2026-05-20 22:19:06] [min_adj_15min] [incr] 1530/2542 | 1 stocks, 48 rows, +16 new | elapsed=2463s ETA=1629s | tokens=279.4
[2026-05-20 22:19:10] [min_adj_15min] [incr] 2026-05-16 ~ 2026-05-21: 48 rows, 1 pages, 17.9s
[2026-05-20 22:19:10] [min_adj_15min] [incr] 2026-05-16 ~ 2026-05-21: 48 rows, 1 pages, 19.5s
[2026-05-20 22:19:10] [min_adj_15min] [incr] 1531/2542 | 1 stocks, 48 rows, +16 new | elapsed=2467s ETA=1629s | tokens=279.4
[2026-05-20 22:19:10] [min_adj_15min] [incr] 1532/2542 | 1 stocks, 48 rows, +16 new | elapsed=2467s ETA=1627s | tokens=278.8
[2026-05-20 22:19:10] [min_adj_15min] [incr] 2026-05-16 ~ 2026-05-21: 48 rows, 1 pages, 14.1s
[2026-05-20 22:19:10] [min_adj_15min] [incr] 1533/2542 | 1 stocks, 48 rows, +16 new | elapsed=2468s ETA=1624s | tokens=279.3
[2026-05-20 22:19:10] [min_adj_15min] [incr] 2026-05-16 ~ 2026-05-21: 48 rows, 1 pages, 8.5s
[2026-05-20 22:19:10] [min_adj_15min] [incr] 1534/2542 | 1 stocks, 48 rows, +16 new | elapsed=2468s ETA=1622s | tokens=278.7
[2026-05-20 22:19:11] [min_adj_15min] [incr] 2026-05-16 ~ 2026-05-21: 48 rows, 1 pages, 15.6s
[2026-05-20 22:19:11] [min_adj_15min] [incr] 1535/2542 | 1 stocks, 48 rows, +16 new | elapsed=2468s ETA=1619s | tokens=279.3
[2026-05-20 22:19:20] [min_adj_15min] [incr] 2026-05-16 ~ 2026-05-21: 48 rows, 1 pages, 9.9s
[2026-05-20 22:19:20] [min_adj_15min] [incr] 1536/2542 | 1 stocks, 48 rows, +16 new | elapsed=2477s ETA=1623s | tokens=279.4
[2026-05-20 22:19:22] [min_adj_15min] [incr] 2026-05-16 ~ 2026-05-21: 48 rows, 1 pages, 12.2s
[2026-05-20 22:19:22] [min_adj_15min] [incr] 2026-05-16 ~ 2026-05-21: 48 rows, 1 pages, 16.2s
[2026-05-20 22:19:22] [min_adj_15min] [incr] 1537/2542 | 1 stocks, 48 rows, +16 new | elapsed=2480s ETA=1621s | tokens=278.4
[2026-05-20 22:19:22] [min_adj_15min] [incr] 1538/2542 | 1 stocks, 48 rows, +16 new | elapsed=2480s ETA=1619s | tokens=278.8
[2026-05-20 22:19:29] [min_adj_15min] [incr] 2026-05-16 ~ 2026-05-21: 48 rows, 1 pages, 18.3s
[2026-05-20 22:19:29] [min_adj_15min] [incr] 1539/2542 | 1 stocks, 48 rows, +16 new | elapsed=2486s ETA=1620s | tokens=279.4
[2026-05-20 22:19:34] [min_adj_15min] [incr] 2026-05-16 ~ 2026-05-21: 48 rows, 1 pages, 23.3s
[2026-05-20 22:19:34] [min_adj_15min] [incr] 1540/2542 | 1 stocks, 48 rows, +16 new | elapsed=2491s ETA=1621s | tokens=279.4
[2026-05-20 22:19:39] [min_adj_15min] [incr] 2026-05-16 ~ 2026-05-21: 48 rows, 1 pages, 27.9s
[2026-05-20 22:19:39] [min_adj_15min] [incr] 1541/2542 | 1 stocks, 48 rows, +16 new | elapsed=2496s ETA=1621s | tokens=279.3
[2026-05-20 22:19:39] [min_adj_15min] [incr] 2026-05-16 ~ 2026-05-21: 48 rows, 1 pages, 16.7s
[2026-05-20 22:19:39] [min_adj_15min] [incr] 1542/2542 | 1 stocks, 48 rows, +16 new | elapsed=2496s ETA=1619s | tokens=279.4
[2026-05-20 22:19:49] [min_adj_15min] [incr] 2026-05-16 ~ 2026-05-21: 48 rows, 1 pages, 27.3s
[2026-05-20 22:19:49] [min_adj_15min] [incr] 2026-05-16 ~ 2026-05-21: 48 rows, 1 pages, 20.9s
[2026-05-20 22:19:50] [min_adj_15min] [incr] 1543/2542 | 1 stocks, 48 rows, +16 new | elapsed=2507s ETA=1623s | tokens=278.4
[2026-05-20 22:19:50] [min_adj_15min] [incr] 1544/2542 | 1 stocks, 48 rows, +16 new | elapsed=2507s ETA=1620s | tokens=278.8
[2026-05-20 22:19:50] [min_adj_15min] [incr] 2026-05-16 ~ 2026-05-21: 48 rows, 1 pages, 16.1s
[2026-05-20 22:19:50] [min_adj_15min] [incr] 2026-05-16 ~ 2026-05-21: 48 rows, 1 pages, 11.2s
[2026-05-20 22:19:50] [min_adj_15min] [incr] 1545/2542 | 1 stocks, 48 rows, +16 new | elapsed=2507s ETA=1618s | tokens=278.2
[2026-05-20 22:19:50] [min_adj_15min] [incr] 1546/2542 | 1 stocks, 48 rows, +16 new | elapsed=2507s ETA=1615s | tokens=278.5
[2026-05-20 22:19:50] [min_adj_15min] [incr] 2026-05-16 ~ 2026-05-21: 48 rows, 1 pages, 30.1s
[2026-05-20 22:19:50] [min_adj_15min] [incr] 1547/2542 | 1 stocks, 48 rows, +16 new | elapsed=2508s ETA=1613s | tokens=278.1
[2026-05-20 22:19:50] [min_adj_15min] [incr] 2026-05-16 ~ 2026-05-21: 48 rows, 1 pages, 11.5s
[2026-05-20 22:19:50] [min_adj_15min] [incr] 2026-05-16 ~ 2026-05-21: 48 rows, 1 pages, 1.0s
[2026-05-20 22:19:50] [min_adj_15min] [incr] 1548/2542 | 1 stocks, 48 rows, +16 new | elapsed=2508s ETA=1610s | tokens=277.8
[2026-05-20 22:19:51] [min_adj_15min] [incr] 1549/2542 | 1 stocks, 48 rows, +16 new | elapsed=2508s ETA=1608s | tokens=278.2
[2026-05-20 22:19:52] [min_adj_15min] [incr] 2026-05-16 ~ 2026-05-21: 48 rows, 1 pages, 3.0s
[2026-05-20 22:19:53] [min_adj_15min] [incr] 1550/2542 | 1 stocks, 48 rows, +16 new | elapsed=2510s ETA=1606s | tokens=279.4
[2026-05-20 22:19:53] [min_adj_15min] [incr] 2026-05-16 ~ 2026-05-21: 48 rows, 1 pages, 3.0s
[2026-05-20 22:19:53] [min_adj_15min] [incr] 1551/2542 | 1 stocks, 48 rows, +16 new | elapsed=2510s ETA=1604s | tokens=279.3
[2026-05-20 22:19:53] [min_adj_15min] [incr] 2026-05-16 ~ 2026-05-21: 48 rows, 1 pages, 3.4s
[2026-05-20 22:19:53] [min_adj_15min] [incr] 1552/2542 | 1 stocks, 48 rows, +16 new | elapsed=2511s ETA=1602s | tokens=279.3
[2026-05-20 22:19:53] [min_adj_15min] [incr] 2026-05-16 ~ 2026-05-21: 48 rows, 1 pages, 3.0s
[2026-05-20 22:19:53] [min_adj_15min] [incr] 1553/2542 | 1 stocks, 48 rows, +16 new | elapsed=2511s ETA=1599s | tokens=278.9
[2026-05-20 22:19:54] [min_adj_15min] [incr] 2026-05-16 ~ 2026-05-21: 48 rows, 1 pages, 3.7s
[2026-05-20 22:19:54] [min_adj_15min] [incr] 1554/2542 | 1 stocks, 48 rows, +16 new | elapsed=2512s ETA=1597s | tokens=279.4
[2026-05-20 22:19:58] [min_adj_15min] [incr] 2026-05-16 ~ 2026-05-21: 48 rows, 1 pages, 5.4s
[2026-05-20 22:19:58] [min_adj_15min] [incr] 1555/2542 | 1 stocks, 48 rows, +16 new | elapsed=2516s ETA=1597s | tokens=279.3
[2026-05-20 22:19:59] [min_adj_15min] [incr] 2026-05-16 ~ 2026-05-21: 48 rows, 1 pages, 5.5s
[2026-05-20 22:19:59] [min_adj_15min] [incr] 1556/2542 | 1 stocks, 48 rows, +16 new | elapsed=2516s ETA=1594s | tokens=279.3
[2026-05-20 22:20:03] [min_adj_15min] [incr] 2026-05-16 ~ 2026-05-21: 48 rows, 1 pages, 10.1s
[2026-05-20 22:20:03] [min_adj_15min] [incr] 1557/2542 | 1 stocks, 48 rows, +16 new | elapsed=2520s ETA=1594s | tokens=279.4
[2026-05-20 22:20:03] [min_adj_15min] [incr] 2026-05-16 ~ 2026-05-21: 48 rows, 1 pages, 9.3s
[2026-05-20 22:20:04] [min_adj_15min] [incr] 1558/2542 | 1 stocks, 48 rows, +16 new | elapsed=2521s ETA=1592s | tokens=279.4
[2026-05-20 22:20:05] [min_adj_15min] [incr] 2026-05-16 ~ 2026-05-21: 48 rows, 1 pages, 11.5s
[2026-05-20 22:20:05] [min_adj_15min] [incr] 1559/2542 | 1 stocks, 48 rows, +16 new | elapsed=2522s ETA=1590s | tokens=279.4
[2026-05-20 22:20:06] [min_adj_15min] [incr] 2026-05-16 ~ 2026-05-21: 48 rows, 1 pages, 6.9s
[2026-05-20 22:20:06] [min_adj_15min] [incr] 1560/2542 | 1 stocks, 48 rows, +16 new | elapsed=2523s ETA=1588s | tokens=279.4
[2026-05-20 22:20:07] [min_adj_15min] [incr] 2026-05-16 ~ 2026-05-21: 48 rows, 1 pages, 16.8s
[2026-05-20 22:20:07] [min_adj_15min] [incr] 1561/2542 | 1 stocks, 48 rows, +16 new | elapsed=2524s ETA=1586s | tokens=279.4
[2026-05-20 22:20:19] [min_adj_15min] [incr] 2026-05-16 ~ 2026-05-21: 48 rows, 1 pages, 20.1s
[2026-05-20 22:20:19] [min_adj_15min] [incr] 1562/2542 | 1 stocks, 48 rows, +16 new | elapsed=2536s ETA=1591s | tokens=279.4
[2026-05-20 22:20:19] [min_adj_15min] [incr] 2026-05-16 ~ 2026-05-21: 48 rows, 1 pages, 16.4s
[2026-05-20 22:20:19] [min_adj_15min] [incr] 1563/2542 | 1 stocks, 48 rows, +16 new | elapsed=2536s ETA=1589s | tokens=279.3
[2026-05-20 22:20:19] [min_adj_15min] [incr] 2026-05-16 ~ 2026-05-21: 48 rows, 1 pages, 14.3s
[2026-05-20 22:20:19] [min_adj_15min] [incr] 1564/2542 | 1 stocks, 48 rows, +16 new | elapsed=2537s ETA=1586s | tokens=279.3
[2026-05-20 22:20:20] [min_adj_15min] [incr] 2026-05-16 ~ 2026-05-21: 48 rows, 1 pages, 13.4s
[2026-05-20 22:20:20] [min_adj_15min] [incr] 1565/2542 | 1 stocks, 48 rows, +16 new | elapsed=2538s ETA=1584s | tokens=279.4
[2026-05-20 22:20:20] [min_adj_15min] [incr] 2026-05-16 ~ 2026-05-21: 48 rows, 1 pages, 1.7s
[2026-05-20 22:20:20] [min_adj_15min] [incr] 1566/2542 | 1 stocks, 48 rows, +16 new | elapsed=2538s ETA=1582s | tokens=279.3
[2026-05-20 22:20:21] [min_adj_15min] [incr] 2026-05-16 ~ 2026-05-21: 48 rows, 1 pages, 17.8s
[2026-05-20 22:20:21] [min_adj_15min] [incr] 1567/2542 | 1 stocks, 48 rows, +16 new | elapsed=2539s ETA=1580s | tokens=279.3
[2026-05-20 22:20:23] [min_adj_15min] [incr] 2026-05-16 ~ 2026-05-21: 48 rows, 1 pages, 4.3s
[2026-05-20 22:20:23] [min_adj_15min] [incr] 1568/2542 | 1 stocks, 48 rows, +16 new | elapsed=2541s ETA=1578s | tokens=279.4
[2026-05-20 22:20:29] [min_adj_15min] [incr] 2026-05-16 ~ 2026-05-21: 48 rows, 1 pages, 9.5s
[2026-05-20 22:20:29] [min_adj_15min] [incr] 1569/2542 | 1 stocks, 48 rows, +16 new | elapsed=2546s ETA=1579s | tokens=279.4
[2026-05-20 22:20:35] [min_adj_15min] [incr] 2026-05-16 ~ 2026-05-21: 48 rows, 1 pages, 29.6s
[2026-05-20 22:20:35] [min_adj_15min] [incr] 1570/2542 | 1 stocks, 48 rows, +16 new | elapsed=2553s ETA=1580s | tokens=279.4
[2026-05-20 22:20:37] [min_adj_15min] [incr] 2026-05-16 ~ 2026-05-21: 48 rows, 1 pages, 16.8s
[2026-05-20 22:20:37] [min_adj_15min] [incr] 2026-05-16 ~ 2026-05-21: 48 rows, 1 pages, 16.7s
[2026-05-20 22:20:37] [min_adj_15min] [incr] 1571/2542 | 1 stocks, 48 rows, +16 new | elapsed=2554s ETA=1579s | tokens=278.4
[2026-05-20 22:20:37] [min_adj_15min] [incr] 1572/2542 | 1 stocks, 48 rows, +16 new | elapsed=2555s ETA=1576s | tokens=278.8
[2026-05-20 22:20:43] [min_adj_15min] [incr] 2026-05-16 ~ 2026-05-21: 48 rows, 1 pages, 22.0s
[2026-05-20 22:20:43] [min_adj_15min] [incr] 1573/2542 | 1 stocks, 48 rows, +16 new | elapsed=2561s ETA=1578s | tokens=279.4
[2026-05-20 22:20:44] [min_adj_15min] [incr] 2026-05-16 ~ 2026-05-21: 48 rows, 1 pages, 8.4s
[2026-05-20 22:20:44] [min_adj_15min] [incr] 1574/2542 | 1 stocks, 48 rows, +16 new | elapsed=2561s ETA=1575s | tokens=279.3
[2026-05-20 22:20:44] [min_adj_15min] [incr] 2026-05-16 ~ 2026-05-21: 48 rows, 1 pages, 7.2s
[2026-05-20 22:20:44] [min_adj_15min] [incr] 1575/2542 | 1 stocks, 48 rows, +16 new | elapsed=2562s ETA=1573s | tokens=279.6
[2026-05-20 22:20:47] [min_adj_15min] [incr] 2026-05-16 ~ 2026-05-21: 48 rows, 1 pages, 10.0s
[2026-05-20 22:20:47] [min_adj_15min] [incr] 1576/2542 | 1 stocks, 48 rows, +16 new | elapsed=2565s ETA=1572s | tokens=279.4
[2026-05-20 22:20:53] [min_adj_15min] [incr] 2026-05-16 ~ 2026-05-21: 48 rows, 1 pages, 9.8s
[2026-05-20 22:20:53] [min_adj_15min] [incr] 1577/2542 | 1 stocks, 48 rows, +16 new | elapsed=2571s ETA=1573s | tokens=279.4
[2026-05-20 22:20:54] [min_adj_15min] [incr] 2026-05-16 ~ 2026-05-21: 48 rows, 1 pages, 9.9s
[2026-05-20 22:20:54] [min_adj_15min] [incr] 1578/2542 | 1 stocks, 48 rows, +16 new | elapsed=2571s ETA=1571s | tokens=279.3
[2026-05-20 22:20:55] [min_adj_15min] [incr] 2026-05-16 ~ 2026-05-21: 48 rows, 1 pages, 31.9s
[2026-05-20 22:20:55] [min_adj_15min] [incr] 1579/2542 | 1 stocks, 48 rows, +16 new | elapsed=2573s ETA=1569s | tokens=279.4
[2026-05-20 22:20:56] [min_adj_15min] [incr] 2026-05-16 ~ 2026-05-21: 48 rows, 1 pages, 11.4s
[2026-05-20 22:20:56] [min_adj_15min] [incr] 1580/2542 | 1 stocks, 48 rows, +16 new | elapsed=2573s ETA=1567s | tokens=279.3
[2026-05-20 22:20:56] [min_adj_15min] [incr] 2026-05-16 ~ 2026-05-21: 48 rows, 1 pages, 8.6s
[2026-05-20 22:20:56] [min_adj_15min] [incr] 1581/2542 | 1 stocks, 48 rows, +16 new | elapsed=2573s ETA=1564s | tokens=278.8
[2026-05-20 22:20:56] [min_adj_15min] [incr] 2026-05-16 ~ 2026-05-21: 48 rows, 1 pages, 2.7s
[2026-05-20 22:20:56] [min_adj_15min] [incr] 1582/2542 | 1 stocks, 48 rows, +16 new | elapsed=2573s ETA=1562s | tokens=279.3
[2026-05-20 22:20:56] [min_adj_15min] [incr] 2026-05-16 ~ 2026-05-21: 48 rows, 1 pages, 2.6s
[2026-05-20 22:20:56] [min_adj_15min] [incr] 1583/2542 | 1 stocks, 48 rows, +16 new | elapsed=2574s ETA=1559s | tokens=279.2
[2026-05-20 22:20:56] [min_adj_15min] [incr] 2026-05-16 ~ 2026-05-21: 48 rows, 1 pages, 0.8s
[2026-05-20 22:20:56] [min_adj_15min] [incr] 1584/2542 | 1 stocks, 48 rows, +16 new | elapsed=2574s ETA=1557s | tokens=279.4
[2026-05-20 22:20:57] [min_adj_15min] [incr] 2026-05-16 ~ 2026-05-21: 48 rows, 1 pages, 1.6s
[2026-05-20 22:20:57] [min_adj_15min] [incr] 1585/2542 | 1 stocks, 48 rows, +16 new | elapsed=2574s ETA=1554s | tokens=279.3
[2026-05-20 22:20:57] [min_adj_15min] [incr] 2026-05-16 ~ 2026-05-21: 48 rows, 1 pages, 1.3s
[2026-05-20 22:20:57] [min_adj_15min] [incr] 1586/2542 | 1 stocks, 48 rows, +16 new | elapsed=2574s ETA=1552s | tokens=279.1
[2026-05-20 22:20:57] [min_adj_15min] [incr] 2026-05-16 ~ 2026-05-21: 48 rows, 1 pages, 1.3s
[2026-05-20 22:20:57] [min_adj_15min] [incr] 1587/2542 | 1 stocks, 48 rows, +16 new | elapsed=2575s ETA=1549s | tokens=279.3
[2026-05-20 22:20:58] [min_adj_15min] [incr] 2026-05-16 ~ 2026-05-21: 48 rows, 1 pages, 1.8s
[2026-05-20 22:20:58] [min_adj_15min] [incr] 1588/2542 | 1 stocks, 48 rows, +16 new | elapsed=2576s ETA=1547s | tokens=279.4
[2026-05-20 22:20:59] [min_adj_15min] [incr] 2026-05-16 ~ 2026-05-21: 48 rows, 1 pages, 1.7s
[2026-05-20 22:20:59] [min_adj_15min] [incr] 1589/2542 | 1 stocks, 48 rows, +16 new | elapsed=2576s ETA=1545s | tokens=279.4
[2026-05-20 22:21:02] [min_adj_15min] [incr] 2026-05-16 ~ 2026-05-21: 48 rows, 1 pages, 33.5s
[2026-05-20 22:21:03] [min_adj_15min] [incr] 1590/2542 | 1 stocks, 48 rows, +16 new | elapsed=2580s ETA=1545s | tokens=279.4
[2026-05-20 22:21:03] [min_adj_15min] [incr] 2026-05-16 ~ 2026-05-21: 48 rows, 1 pages, 6.1s
[2026-05-20 22:21:04] [min_adj_15min] [incr] 1591/2542 | 1 stocks, 48 rows, +16 new | elapsed=2581s ETA=1543s | tokens=279.4
[2026-05-20 22:21:05] [min_adj_15min] [incr] 2026-05-16 ~ 2026-05-21: 48 rows, 1 pages, 8.9s
[2026-05-20 22:21:05] [min_adj_15min] [incr] 1592/2542 | 1 stocks, 48 rows, +16 new | elapsed=2583s ETA=1541s | tokens=279.4
[2026-05-20 22:21:06] [min_adj_15min] [incr] 2026-05-16 ~ 2026-05-21: 48 rows, 1 pages, 7.1s
[2026-05-20 22:21:06] [min_adj_15min] [incr] 1593/2542 | 1 stocks, 48 rows, +16 new | elapsed=2583s ETA=1539s | tokens=279.4
[2026-05-20 22:21:06] [min_adj_15min] [incr] 2026-05-16 ~ 2026-05-21: 48 rows, 1 pages, 3.8s
[2026-05-20 22:21:06] [min_adj_15min] [incr] 1594/2542 | 1 stocks, 48 rows, +16 new | elapsed=2584s ETA=1537s | tokens=279.4
[2026-05-20 22:21:06] [min_adj_15min] [incr] 2026-05-16 ~ 2026-05-21: 48 rows, 1 pages, 8.4s
[2026-05-20 22:21:06] [min_adj_15min] [incr] 1595/2542 | 1 stocks, 48 rows, +16 new | elapsed=2584s ETA=1534s | tokens=279.1
[2026-05-20 22:21:07] [min_adj_15min] [incr] 2026-05-16 ~ 2026-05-21: 48 rows, 1 pages, 3.3s
[2026-05-20 22:21:07] [min_adj_15min] [incr] 1596/2542 | 1 stocks, 48 rows, +16 new | elapsed=2584s ETA=1532s | tokens=279.4
[2026-05-20 22:21:08] [min_adj_15min] [incr] 2026-05-16 ~ 2026-05-21: 48 rows, 1 pages, 11.2s
[2026-05-20 22:21:08] [min_adj_15min] [incr] 1597/2542 | 1 stocks, 48 rows, +16 new | elapsed=2586s ETA=1530s | tokens=279.4
[2026-05-20 22:21:09] [min_adj_15min] [incr] 2026-05-16 ~ 2026-05-21: 48 rows, 1 pages, 3.1s
[2026-05-20 22:21:09] [min_adj_15min] [incr] 1598/2542 | 1 stocks, 48 rows, +16 new | elapsed=2586s ETA=1528s | tokens=279.3
[2026-05-20 22:21:10] [min_adj_15min] [incr] 2026-05-16 ~ 2026-05-21: 48 rows, 1 pages, 4.4s
[2026-05-20 22:21:10] [min_adj_15min] [incr] 1599/2542 | 1 stocks, 48 rows, +16 new | elapsed=2587s ETA=1526s | tokens=279.4
[2026-05-20 22:21:11] [min_adj_15min] [incr] 2026-05-16 ~ 2026-05-21: 48 rows, 1 pages, 4.8s
[2026-05-20 22:21:11] [min_adj_15min] [incr] 1600/2542 | 1 stocks, 48 rows, +16 new | elapsed=2589s ETA=1524s | tokens=279.4
[2026-05-20 22:21:17] [min_adj_15min] [incr] 2026-05-16 ~ 2026-05-21: 48 rows, 1 pages, 8.7s
[2026-05-20 22:21:17] [min_adj_15min] [incr] 1601/2542 | 1 stocks, 48 rows, +16 new | elapsed=2594s ETA=1525s | tokens=279.4
[2026-05-20 22:21:22] [min_adj_15min] [incr] 2026-05-16 ~ 2026-05-21: 48 rows, 1 pages, 13.6s
[2026-05-20 22:21:23] [min_adj_15min] [incr] 1602/2542 | 1 stocks, 48 rows, +16 new | elapsed=2600s ETA=1526s | tokens=279.4
[2026-05-20 22:21:23] [min_adj_15min] [incr] 2026-05-16 ~ 2026-05-21: 48 rows, 1 pages, 13.1s
[2026-05-20 22:21:23] [min_adj_15min] [incr] 1603/2542 | 1 stocks, 48 rows, +16 new | elapsed=2600s ETA=1523s | tokens=279.3
[2026-05-20 22:21:24] [min_adj_15min] [incr] 2026-05-16 ~ 2026-05-21: 48 rows, 1 pages, 18.0s
[2026-05-20 22:21:24] [min_adj_15min] [incr] 1604/2542 | 1 stocks, 48 rows, +16 new | elapsed=2602s ETA=1522s | tokens=279.4
[2026-05-20 22:21:25] [min_adj_15min] [incr] 2026-05-16 ~ 2026-05-21: 48 rows, 1 pages, 17.8s
[2026-05-20 22:21:25] [min_adj_15min] [incr] 1605/2542 | 1 stocks, 48 rows, +16 new | elapsed=2602s ETA=1519s | tokens=279.3
[2026-05-20 22:21:26] [min_adj_15min] [incr] 2026-05-16 ~ 2026-05-21: 48 rows, 1 pages, 8.8s
[2026-05-20 22:21:26] [min_adj_15min] [incr] 2026-05-16 ~ 2026-05-21: 48 rows, 1 pages, 3.2s
[2026-05-20 22:21:26] [min_adj_15min] [incr] 1606/2542 | 1 stocks, 48 rows, +16 new | elapsed=2603s ETA=1517s | tokens=278.4
[2026-05-20 22:21:26] [min_adj_15min] [incr] 1607/2542 | 1 stocks, 48 rows, +16 new | elapsed=2603s ETA=1515s | tokens=278.8
[2026-05-20 22:21:29] [min_adj_15min] [incr] 2026-05-16 ~ 2026-05-21: 48 rows, 1 pages, 17.8s
[2026-05-20 22:21:29] [min_adj_15min] [incr] 1608/2542 | 1 stocks, 48 rows, +16 new | elapsed=2606s ETA=1514s | tokens=279.4
[2026-05-20 22:21:32] [min_adj_15min] [incr] 2026-05-16 ~ 2026-05-21: 48 rows, 1 pages, 7.1s
[2026-05-20 22:21:32] [min_adj_15min] [incr] 1609/2542 | 1 stocks, 48 rows, +16 new | elapsed=2609s ETA=1513s | tokens=279.4
[2026-05-20 22:21:32] [min_adj_15min] [incr] 2026-05-16 ~ 2026-05-21: 48 rows, 1 pages, 6.3s
[2026-05-20 22:21:32] [min_adj_15min] [incr] 1610/2542 | 1 stocks, 48 rows, +16 new | elapsed=2610s ETA=1511s | tokens=279.3
[2026-05-20 22:21:35] [min_adj_15min] [incr] 2026-05-16 ~ 2026-05-21: 48 rows, 1 pages, 9.5s
[2026-05-20 22:21:35] [min_adj_15min] [incr] 1611/2542 | 1 stocks, 48 rows, +16 new | elapsed=2613s ETA=1510s | tokens=279.3
[2026-05-20 22:21:36] [min_adj_15min] [incr] 2026-05-16 ~ 2026-05-21: 48 rows, 1 pages, 6.7s
[2026-05-20 22:21:36] [min_adj_15min] [incr] 1612/2542 | 1 stocks, 48 rows, +16 new | elapsed=2613s ETA=1508s | tokens=279.3
[2026-05-20 22:21:36] [min_adj_15min] [incr] 2026-05-16 ~ 2026-05-21: 48 rows, 1 pages, 4.1s
[2026-05-20 22:21:36] [min_adj_15min] [incr] 1613/2542 | 1 stocks, 48 rows, +16 new | elapsed=2613s ETA=1505s | tokens=279.3
[2026-05-20 22:21:42] [min_adj_15min] [incr] 2026-05-16 ~ 2026-05-21: 48 rows, 1 pages, 17.8s
[2026-05-20 22:21:42] [min_adj_15min] [incr] 1614/2542 | 1 stocks, 48 rows, +16 new | elapsed=2620s ETA=1506s | tokens=279.4
[2026-05-20 22:21:43] [min_adj_15min] [incr] 2026-05-16 ~ 2026-05-21: 48 rows, 1 pages, 19.7s
[2026-05-20 22:21:43] [min_adj_15min] [incr] 1615/2542 | 1 stocks, 48 rows, +16 new | elapsed=2620s ETA=1504s | tokens=279.3
[2026-05-20 22:21:43] [min_adj_15min] [incr] 2026-05-16 ~ 2026-05-21: 48 rows, 1 pages, 7.2s
[2026-05-20 22:21:43] [min_adj_15min] [incr] 1616/2542 | 1 stocks, 48 rows, +16 new | elapsed=2620s ETA=1502s | tokens=279.4
[2026-05-20 22:21:47] [min_adj_15min] [incr] 2026-05-16 ~ 2026-05-21: 48 rows, 1 pages, 14.6s
[2026-05-20 22:21:47] [min_adj_15min] [incr] 1617/2542 | 1 stocks, 48 rows, +16 new | elapsed=2624s ETA=1501s | tokens=279.4
[2026-05-20 22:21:49] [min_adj_15min] [incr] 2026-05-16 ~ 2026-05-21: 48 rows, 1 pages, 13.5s
[2026-05-20 22:21:50] [min_adj_15min] [incr] 1618/2542 | 1 stocks, 48 rows, +16 new | elapsed=2627s ETA=1500s | tokens=279.4
[2026-05-20 22:21:50] [min_adj_15min] [incr] 2026-05-16 ~ 2026-05-21: 48 rows, 1 pages, 14.4s
[2026-05-20 22:21:50] [min_adj_15min] [incr] 1619/2542 | 1 stocks, 48 rows, +16 new | elapsed=2627s ETA=1498s | tokens=279.2
[2026-05-20 22:21:50] [min_adj_15min] [incr] 2026-05-16 ~ 2026-05-21: 48 rows, 1 pages, 7.7s
[2026-05-20 22:21:50] [min_adj_15min] [incr] 1620/2542 | 1 stocks, 48 rows, +16 new | elapsed=2628s ETA=1495s | tokens=279.3
[2026-05-20 22:21:50] [min_adj_15min] [incr] 2026-05-16 ~ 2026-05-21: 48 rows, 1 pages, 3.6s
[2026-05-20 22:21:50] [min_adj_15min] [incr] 1621/2542 | 1 stocks, 48 rows, +16 new | elapsed=2628s ETA=1493s | tokens=279.3
[2026-05-20 22:21:50] [min_adj_15min] [incr] 2026-05-16 ~ 2026-05-21: 48 rows, 1 pages, 7.6s
[2026-05-20 22:21:51] [min_adj_15min] [incr] 1622/2542 | 1 stocks, 48 rows, +16 new | elapsed=2628s ETA=1491s | tokens=279.0
[2026-05-20 22:21:53] [min_adj_15min] [incr] 2026-05-16 ~ 2026-05-21: 48 rows, 1 pages, 3.0s
[2026-05-20 22:21:53] [min_adj_15min] [incr] 1623/2542 | 1 stocks, 48 rows, +16 new | elapsed=2630s ETA=1489s | tokens=279.4
[2026-05-20 22:21:55] [min_adj_15min] [incr] 2026-05-16 ~ 2026-05-21: 48 rows, 1 pages, 5.7s
[2026-05-20 22:21:55] [min_adj_15min] [incr] 1624/2542 | 1 stocks, 48 rows, +16 new | elapsed=2633s ETA=1488s | tokens=279.4
[2026-05-20 22:21:56] [min_adj_15min] [incr] 2026-05-16 ~ 2026-05-21: 48 rows, 1 pages, 5.6s
[2026-05-20 22:21:56] [min_adj_15min] [incr] 1625/2542 | 1 stocks, 48 rows, +16 new | elapsed=2633s ETA=1486s | tokens=279.3
[2026-05-20 22:22:01] [min_adj_15min] [incr] 2026-05-16 ~ 2026-05-21: 48 rows, 1 pages, 18.5s
[2026-05-20 22:22:01] [min_adj_15min] [incr] 1626/2542 | 1 stocks, 48 rows, +16 new | elapsed=2639s ETA=1486s | tokens=279.4
[2026-05-20 22:22:04] [min_adj_15min] [incr] 2026-05-16 ~ 2026-05-21: 48 rows, 1 pages, 13.8s
[2026-05-20 22:22:04] [min_adj_15min] [incr] 2026-05-16 ~ 2026-05-21: 48 rows, 1 pages, 13.4s
[2026-05-20 22:22:04] [min_adj_15min] [incr] 1627/2542 | 1 stocks, 48 rows, +16 new | elapsed=2641s ETA=1485s | tokens=278.4
[2026-05-20 22:22:04] [min_adj_15min] [incr] 1628/2542 | 1 stocks, 48 rows, +16 new | elapsed=2641s ETA=1483s | tokens=278.9
[2026-05-20 22:22:11] [min_adj_15min] [incr] 2026-05-16 ~ 2026-05-21: 48 rows, 1 pages, 18.6s
[2026-05-20 22:22:12] [min_adj_15min] [incr] 1629/2542 | 1 stocks, 48 rows, +16 new | elapsed=2649s ETA=1485s | tokens=279.5
[2026-05-20 22:22:12] [min_adj_15min] [incr] 2026-05-16 ~ 2026-05-21: 48 rows, 1 pages, 10.6s
[2026-05-20 22:22:12] [min_adj_15min] [incr] 1630/2542 | 1 stocks, 48 rows, +16 new | elapsed=2649s ETA=1482s | tokens=279.3
[2026-05-20 22:22:12] [min_adj_15min] [incr] 2026-05-16 ~ 2026-05-21: 48 rows, 1 pages, 8.6s
[2026-05-20 22:22:13] [min_adj_15min] [incr] 1631/2542 | 1 stocks, 48 rows, +16 new | elapsed=2650s ETA=1480s | tokens=279.5
[2026-05-20 22:22:18] [min_adj_15min] [incr] 2026-05-16 ~ 2026-05-21: 48 rows, 1 pages, 22.3s
[2026-05-20 22:22:18] [min_adj_15min] [incr] 2026-05-16 ~ 2026-05-21: 48 rows, 1 pages, 23.0s
[2026-05-20 22:22:18] [min_adj_15min] [incr] 1632/2542 | 1 stocks, 48 rows, +16 new | elapsed=2656s ETA=1481s | tokens=278.4
[2026-05-20 22:22:18] [min_adj_15min] [incr] 1633/2542 | 1 stocks, 48 rows, +16 new | elapsed=2656s ETA=1478s | tokens=278.8
[2026-05-20 22:22:21] [min_adj_15min] [incr] 2026-05-16 ~ 2026-05-21: 48 rows, 1 pages, 17.0s
[2026-05-20 22:22:21] [min_adj_15min] [incr] 1634/2542 | 1 stocks, 48 rows, +16 new | elapsed=2658s ETA=1477s | tokens=279.4
[2026-05-20 22:22:23] [min_adj_15min] [incr] 2026-05-16 ~ 2026-05-21: 48 rows, 1 pages, 11.6s
[2026-05-20 22:22:23] [min_adj_15min] [incr] 2026-05-16 ~ 2026-05-21: 48 rows, 1 pages, 11.4s
[2026-05-20 22:22:23] [min_adj_15min] [incr] 1635/2542 | 1 stocks, 48 rows, +16 new | elapsed=2661s ETA=1476s | tokens=278.4
[2026-05-20 22:22:23] [min_adj_15min] [incr] 1636/2542 | 1 stocks, 48 rows, +16 new | elapsed=2661s ETA=1474s | tokens=278.7
[2026-05-20 22:22:24] [min_adj_15min] [incr] 2026-05-16 ~ 2026-05-21: 48 rows, 1 pages, 11.5s
[2026-05-20 22:22:24] [min_adj_15min] [incr] 1637/2542 | 1 stocks, 48 rows, +16 new | elapsed=2662s ETA=1471s | tokens=279.4
[2026-05-20 22:22:25] [min_adj_15min] [incr] 2026-05-16 ~ 2026-05-21: 48 rows, 1 pages, 3.8s
[2026-05-20 22:22:25] [min_adj_15min] [incr] 1638/2542 | 1 stocks, 48 rows, +16 new | elapsed=2662s ETA=1469s | tokens=279.4
[2026-05-20 22:22:27] [min_adj_15min] [incr] 2026-05-16 ~ 2026-05-21: 48 rows, 1 pages, 8.5s
[2026-05-20 22:22:27] [min_adj_15min] [incr] 1639/2542 | 1 stocks, 48 rows, +16 new | elapsed=2664s ETA=1468s | tokens=279.4
[2026-05-20 22:22:27] [min_adj_15min] [incr] 2026-05-16 ~ 2026-05-21: 48 rows, 1 pages, 9.1s
[2026-05-20 22:22:28] [min_adj_15min] [incr] 1640/2542 | 1 stocks, 48 rows, +16 new | elapsed=2665s ETA=1466s | tokens=279.3
[2026-05-20 22:22:31] [min_adj_15min] [incr] 2026-05-16 ~ 2026-05-21: 48 rows, 1 pages, 7.9s
[2026-05-20 22:22:31] [min_adj_15min] [incr] 1641/2542 | 1 stocks, 48 rows, +16 new | elapsed=2669s ETA=1465s | tokens=279.4
[2026-05-20 22:22:31] [min_adj_15min] [incr] 2026-05-16 ~ 2026-05-21: 48 rows, 1 pages, 7.3s
[2026-05-20 22:22:31] [min_adj_15min] [incr] 1642/2542 | 1 stocks, 48 rows, +16 new | elapsed=2669s ETA=1463s | tokens=279.0
[2026-05-20 22:22:31] [min_adj_15min] [incr] 2026-05-16 ~ 2026-05-21: 48 rows, 1 pages, 6.8s
[2026-05-20 22:22:32] [min_adj_15min] [incr] 1643/2542 | 1 stocks, 48 rows, +16 new | elapsed=2669s ETA=1460s | tokens=278.8
[2026-05-20 22:22:35] [min_adj_15min] [incr] 2026-05-16 ~ 2026-05-21: 48 rows, 1 pages, 8.0s
[2026-05-20 22:22:35] [min_adj_15min] [incr] 1644/2542 | 1 stocks, 48 rows, +16 new | elapsed=2673s ETA=1460s | tokens=279.6
[2026-05-20 22:22:35] [min_adj_15min] [incr] 2026-05-16 ~ 2026-05-21: 48 rows, 1 pages, 4.1s
[2026-05-20 22:22:35] [min_adj_15min] [incr] 1645/2542 | 1 stocks, 48 rows, +16 new | elapsed=2673s ETA=1457s | tokens=279.6
[2026-05-20 22:22:36] [min_adj_15min] [incr] 2026-05-16 ~ 2026-05-21: 48 rows, 1 pages, 4.3s
[2026-05-20 22:22:36] [min_adj_15min] [incr] 1646/2542 | 1 stocks, 48 rows, +16 new | elapsed=2673s ETA=1455s | tokens=279.3
[2026-05-20 22:22:36] [min_adj_15min] [incr] 2026-05-16 ~ 2026-05-21: 48 rows, 1 pages, 4.7s
[2026-05-20 22:22:36] [min_adj_15min] [incr] 1647/2542 | 1 stocks, 48 rows, +16 new | elapsed=2674s ETA=1453s | tokens=279.4
[2026-05-20 22:22:41] [min_adj_15min] [incr] 2026-05-16 ~ 2026-05-21: 48 rows, 1 pages, 6.4s
[2026-05-20 22:22:42] [min_adj_15min] [incr] 1648/2542 | 1 stocks, 48 rows, +16 new | elapsed=2679s ETA=1453s | tokens=279.4
[2026-05-20 22:22:43] [min_adj_15min] [incr] 2026-05-16 ~ 2026-05-21: 48 rows, 1 pages, 19.7s
[2026-05-20 22:22:43] [min_adj_15min] [incr] 1649/2542 | 1 stocks, 48 rows, +16 new | elapsed=2680s ETA=1452s | tokens=279.4
[2026-05-20 22:22:46] [min_adj_15min] [incr] 2026-05-16 ~ 2026-05-21: 48 rows, 1 pages, 18.3s
[2026-05-20 22:22:46] [min_adj_15min] [incr] 1650/2542 | 1 stocks, 48 rows, +16 new | elapsed=2683s ETA=1451s | tokens=279.4
[2026-05-20 22:22:46] [min_adj_15min] [incr] 2026-05-16 ~ 2026-05-21: 48 rows, 1 pages, 10.0s
[2026-05-20 22:22:46] [min_adj_15min] [incr] 1651/2542 | 1 stocks, 48 rows, +16 new | elapsed=2684s ETA=1448s | tokens=279.4
[2026-05-20 22:23:00] [min_adj_15min] [incr] 2026-05-16 ~ 2026-05-21: 48 rows, 1 pages, 24.7s
[2026-05-20 22:23:01] [min_adj_15min] [incr] 1652/2542 | 1 stocks, 48 rows, +16 new | elapsed=2698s ETA=1454s | tokens=279.5
[2026-05-20 22:23:01] [min_adj_15min] [incr] 2026-05-16 ~ 2026-05-21: 48 rows, 1 pages, 18.0s
[2026-05-20 22:23:01] [min_adj_15min] [incr] 1653/2542 | 1 stocks, 48 rows, +16 new | elapsed=2698s ETA=1451s | tokens=279.4
[2026-05-20 22:23:06] [min_adj_15min] [incr] 2026-05-16 ~ 2026-05-21: 48 rows, 1 pages, 24.7s
[2026-05-20 22:23:06] [min_adj_15min] [incr] 2026-05-16 ~ 2026-05-21: 48 rows, 1 pages, 30.8s
[2026-05-20 22:23:06] [min_adj_15min] [incr] 1654/2542 | 1 stocks, 48 rows, +16 new | elapsed=2704s ETA=1452s | tokens=278.5
[2026-05-20 22:23:06] [min_adj_15min] [incr] 1655/2542 | 1 stocks, 48 rows, +16 new | elapsed=2704s ETA=1449s | tokens=278.9
[2026-05-20 22:23:09] [min_adj_15min] [incr] 2026-05-16 ~ 2026-05-21: 48 rows, 1 pages, 23.4s
[2026-05-20 22:23:09] [min_adj_15min] [incr] 1656/2542 | 1 stocks, 48 rows, +16 new | elapsed=2707s ETA=1448s | tokens=279.4
[2026-05-20 22:23:14] [min_adj_15min] [incr] 2026-05-16 ~ 2026-05-21: 48 rows, 1 pages, 12.6s
[2026-05-20 22:23:14] [min_adj_15min] [incr] 1657/2542 | 1 stocks, 48 rows, +16 new | elapsed=2711s ETA=1448s | tokens=279.4
[2026-05-20 22:23:17] [min_adj_15min] [incr] 2026-05-16 ~ 2026-05-21: 48 rows, 1 pages, 30.9s
[2026-05-20 22:23:17] [min_adj_15min] [incr] 2026-05-16 ~ 2026-05-21: 48 rows, 1 pages, 16.6s
[2026-05-20 22:23:17] [min_adj_15min] [incr] 1658/2542 | 1 stocks, 48 rows, +16 new | elapsed=2715s ETA=1447s | tokens=278.4
[2026-05-20 22:23:17] [min_adj_15min] [incr] 1659/2542 | 1 stocks, 48 rows, +16 new | elapsed=2715s ETA=1445s | tokens=278.8
[2026-05-20 22:23:22] [min_adj_15min] [incr] 2026-05-16 ~ 2026-05-21: 48 rows, 1 pages, 12.9s
[2026-05-20 22:23:22] [min_adj_15min] [incr] 2026-05-16 ~ 2026-05-21: 48 rows, 1 pages, 16.2s
[2026-05-20 22:23:22] [min_adj_15min] [incr] 1660/2542 | 1 stocks, 48 rows, +16 new | elapsed=2720s ETA=1445s | tokens=279.4
[2026-05-20 22:23:22] [min_adj_15min] [incr] 1661/2542 | 1 stocks, 48 rows, +16 new | elapsed=2720s ETA=1443s | tokens=278.9
[2026-05-20 22:23:31] [min_adj_15min] [incr] 2026-05-16 ~ 2026-05-21: 48 rows, 1 pages, 24.3s
[2026-05-20 22:23:31] [min_adj_15min] [incr] 1662/2542 | 1 stocks, 48 rows, +16 new | elapsed=2728s ETA=1444s | tokens=279.4
[2026-05-20 22:23:34] [min_adj_15min] [incr] 2026-05-16 ~ 2026-05-21: 48 rows, 1 pages, 20.1s
[2026-05-20 22:23:34] [min_adj_15min] [incr] 1663/2542 | 1 stocks, 48 rows, +16 new | elapsed=2731s ETA=1444s | tokens=279.4
[2026-05-20 22:23:35] [min_adj_15min] [incr] 2026-05-16 ~ 2026-05-21: 48 rows, 1 pages, 12.3s
[2026-05-20 22:23:35] [min_adj_15min] [incr] 1664/2542 | 1 stocks, 48 rows, +16 new | elapsed=2732s ETA=1442s | tokens=279.3
[2026-05-20 22:23:36] [min_adj_15min] [incr] 2026-05-16 ~ 2026-05-21: 48 rows, 1 pages, 18.4s
[2026-05-20 22:23:36] [min_adj_15min] [incr] 1665/2542 | 1 stocks, 48 rows, +16 new | elapsed=2733s ETA=1440s | tokens=279.4
[2026-05-20 22:23:39] [min_adj_15min] [incr] 2026-05-16 ~ 2026-05-21: 48 rows, 1 pages, 16.8s
[2026-05-20 22:23:39] [min_adj_15min] [incr] 1666/2542 | 1 stocks, 48 rows, +16 new | elapsed=2737s ETA=1439s | tokens=279.4
[2026-05-20 22:23:40] [min_adj_15min] [incr] 2026-05-16 ~ 2026-05-21: 48 rows, 1 pages, 6.1s
[2026-05-20 22:23:40] [min_adj_15min] [incr] 1667/2542 | 1 stocks, 48 rows, +16 new | elapsed=2737s ETA=1437s | tokens=279.3
[2026-05-20 22:23:41] [min_adj_15min] [incr] 2026-05-16 ~ 2026-05-21: 48 rows, 1 pages, 6.1s
[2026-05-20 22:23:41] [min_adj_15min] [incr] 1668/2542 | 1 stocks, 48 rows, +16 new | elapsed=2738s ETA=1435s | tokens=279.4
[2026-05-20 22:23:41] [min_adj_15min] [incr] 2026-05-16 ~ 2026-05-21: 48 rows, 1 pages, 10.5s
[2026-05-20 22:23:41] [min_adj_15min] [incr] 1669/2542 | 1 stocks, 48 rows, +16 new | elapsed=2739s ETA=1432s | tokens=279.4
[2026-05-20 22:23:44] [min_adj_15min] [incr] 2026-05-16 ~ 2026-05-21: 48 rows, 1 pages, 4.3s
[2026-05-20 22:23:44] [min_adj_15min] [incr] 1670/2542 | 1 stocks, 48 rows, +16 new | elapsed=2741s ETA=1431s | tokens=279.4
[2026-05-20 22:23:46] [min_adj_15min] [incr] 2026-05-16 ~ 2026-05-21: 48 rows, 1 pages, 10.5s
[2026-05-20 22:23:46] [min_adj_15min] [incr] 1671/2542 | 1 stocks, 48 rows, +16 new | elapsed=2744s ETA=1430s | tokens=279.4
[2026-05-20 22:23:47] [min_adj_15min] [incr] 2026-05-16 ~ 2026-05-21: 48 rows, 1 pages, 7.2s
[2026-05-20 22:23:47] [min_adj_15min] [incr] 1672/2542 | 1 stocks, 48 rows, +16 new | elapsed=2745s ETA=1428s | tokens=279.4
[2026-05-20 22:23:50] [min_adj_15min] [incr] 2026-05-16 ~ 2026-05-21: 48 rows, 1 pages, 32.8s
[2026-05-20 22:23:50] [min_adj_15min] [incr] 1673/2542 | 1 stocks, 48 rows, +16 new | elapsed=2748s ETA=1427s | tokens=279.4
[2026-05-20 22:23:52] [min_adj_15min] [incr] 2026-05-16 ~ 2026-05-21: 48 rows, 1 pages, 10.6s
[2026-05-20 22:23:52] [min_adj_15min] [incr] 1674/2542 | 1 stocks, 48 rows, +16 new | elapsed=2749s ETA=1426s | tokens=279.4
[2026-05-20 22:24:00] [min_adj_15min] [incr] 2026-05-16 ~ 2026-05-21: 48 rows, 1 pages, 16.6s
[2026-05-20 22:24:00] [min_adj_15min] [incr] 1675/2542 | 1 stocks, 48 rows, +16 new | elapsed=2758s ETA=1427s | tokens=279.5
[2026-05-20 22:24:01] [min_adj_15min] [incr] 2026-05-16 ~ 2026-05-21: 48 rows, 1 pages, 19.9s
[2026-05-20 22:24:01] [min_adj_15min] [incr] 1676/2542 | 1 stocks, 48 rows, +16 new | elapsed=2758s ETA=1425s | tokens=279.3
[2026-05-20 22:24:01] [min_adj_15min] [incr] 2026-05-16 ~ 2026-05-21: 48 rows, 1 pages, 15.1s
[2026-05-20 22:24:01] [min_adj_15min] [incr] 1677/2542 | 1 stocks, 48 rows, +16 new | elapsed=2759s ETA=1423s | tokens=279.3
[2026-05-20 22:24:03] [min_adj_15min] [incr] 2026-05-16 ~ 2026-05-21: 48 rows, 1 pages, 11.2s
[2026-05-20 22:24:03] [min_adj_15min] [incr] 1678/2542 | 1 stocks, 48 rows, +16 new | elapsed=2760s ETA=1421s | tokens=279.4
[2026-05-20 22:24:04] [min_adj_15min] [incr] 2026-05-16 ~ 2026-05-21: 48 rows, 1 pages, 13.8s
[2026-05-20 22:24:04] [min_adj_15min] [incr] 1679/2542 | 1 stocks, 48 rows, +16 new | elapsed=2761s ETA=1419s | tokens=279.3
[2026-05-20 22:24:04] [min_adj_15min] [incr] 2026-05-16 ~ 2026-05-21: 48 rows, 1 pages, 4.0s
[2026-05-20 22:24:04] [min_adj_15min] [incr] 1680/2542 | 1 stocks, 48 rows, +16 new | elapsed=2762s ETA=1417s | tokens=279.4
[2026-05-20 22:24:05] [min_adj_15min] [incr] 2026-05-16 ~ 2026-05-21: 48 rows, 1 pages, 17.6s
[2026-05-20 22:24:05] [min_adj_15min] [incr] 2026-05-16 ~ 2026-05-21: 48 rows, 1 pages, 3.4s
[2026-05-20 22:24:05] [min_adj_15min] [incr] 1681/2542 | 1 stocks, 48 rows, +16 new | elapsed=2762s ETA=1415s | tokens=278.4
[2026-05-20 22:24:05] [min_adj_15min] [incr] 1682/2542 | 1 stocks, 48 rows, +16 new | elapsed=2762s ETA=1412s | tokens=278.8
[2026-05-20 22:24:08] [min_adj_15min] [incr] 2026-05-16 ~ 2026-05-21: 48 rows, 1 pages, 7.5s
[2026-05-20 22:24:08] [min_adj_15min] [incr] 1683/2542 | 1 stocks, 48 rows, +16 new | elapsed=2766s ETA=1412s | tokens=279.5
[2026-05-20 22:24:15] [min_adj_15min] [incr] 2026-05-16 ~ 2026-05-21: 48 rows, 1 pages, 10.7s
[2026-05-20 22:24:15] [min_adj_15min] [incr] 2026-05-16 ~ 2026-05-21: 48 rows, 1 pages, 11.7s
[2026-05-20 22:24:15] [min_adj_15min] [incr] 1684/2542 | 1 stocks, 48 rows, +16 new | elapsed=2772s ETA=1412s | tokens=278.4
[2026-05-20 22:24:15] [min_adj_15min] [incr] 2026-05-16 ~ 2026-05-21: 48 rows, 1 pages, 10.5s
[2026-05-20 22:24:15] [min_adj_15min] [incr] 1685/2542 | 1 stocks, 48 rows, +16 new | elapsed=2772s ETA=1410s | tokens=278.8
[2026-05-20 22:24:15] [min_adj_15min] [incr] 1686/2542 | 1 stocks, 48 rows, +16 new | elapsed=2772s ETA=1408s | tokens=278.3
[2026-05-20 22:24:15] [min_adj_15min] [incr] 2026-05-16 ~ 2026-05-21: 48 rows, 1 pages, 7.2s
[2026-05-20 22:24:16] [min_adj_15min] [incr] 1687/2542 | 1 stocks, 48 rows, +16 new | elapsed=2773s ETA=1405s | tokens=279.7
[2026-05-20 22:24:17] [min_adj_15min] [incr] 2026-05-16 ~ 2026-05-21: 48 rows, 1 pages, 12.4s
[2026-05-20 22:24:17] [min_adj_15min] [incr] 2026-05-16 ~ 2026-05-21: 48 rows, 1 pages, 12.4s
[2026-05-20 22:24:17] [min_adj_15min] [incr] 1688/2542 | 1 stocks, 48 rows, +16 new | elapsed=2775s ETA=1404s | tokens=278.4
[2026-05-20 22:24:17] [min_adj_15min] [incr] 1689/2542 | 1 stocks, 48 rows, +16 new | elapsed=2775s ETA=1401s | tokens=278.7
[2026-05-20 22:24:18] [min_adj_15min] [incr] 2026-05-16 ~ 2026-05-21: 48 rows, 1 pages, 2.9s
[2026-05-20 22:24:18] [min_adj_15min] [incr] 2026-05-16 ~ 2026-05-21: 48 rows, 1 pages, 2.7s
[2026-05-20 22:24:18] [min_adj_15min] [incr] 1690/2542 | 1 stocks, 48 rows, +16 new | elapsed=2775s ETA=1399s | tokens=278.0
[2026-05-20 22:24:18] [min_adj_15min] [incr] 1691/2542 | 1 stocks, 48 rows, +16 new | elapsed=2775s ETA=1397s | tokens=278.4
[2026-05-20 22:24:18] [min_adj_15min] [incr] 2026-05-16 ~ 2026-05-21: 48 rows, 1 pages, 3.0s
[2026-05-20 22:24:18] [min_adj_15min] [incr] 1692/2542 | 1 stocks, 48 rows, +16 new | elapsed=2776s ETA=1394s | tokens=279.4
[2026-05-20 22:24:20] [min_adj_15min] [incr] 2026-05-16 ~ 2026-05-21: 48 rows, 1 pages, 2.8s
[2026-05-20 22:24:20] [min_adj_15min] [incr] 1693/2542 | 1 stocks, 48 rows, +16 new | elapsed=2778s ETA=1393s | tokens=279.4
[2026-05-20 22:24:20] [min_adj_15min] [incr] 2026-05-16 ~ 2026-05-21: 48 rows, 1 pages, 5.8s
[2026-05-20 22:24:21] [min_adj_15min] [incr] 1694/2542 | 1 stocks, 48 rows, +16 new | elapsed=2778s ETA=1391s | tokens=279.3
[2026-05-20 22:24:21] [min_adj_15min] [incr] 2026-05-16 ~ 2026-05-21: 48 rows, 1 pages, 3.4s
[2026-05-20 22:24:21] [min_adj_15min] [incr] 1695/2542 | 1 stocks, 48 rows, +16 new | elapsed=2779s ETA=1388s | tokens=279.4
[2026-05-20 22:24:25] [min_adj_15min] [incr] 2026-05-16 ~ 2026-05-21: 48 rows, 1 pages, 6.9s
[2026-05-20 22:24:25] [min_adj_15min] [incr] 1696/2542 | 1 stocks, 48 rows, +16 new | elapsed=2783s ETA=1388s | tokens=279.4
[2026-05-20 22:24:26] [min_adj_15min] [incr] 2026-05-16 ~ 2026-05-21: 48 rows, 1 pages, 5.6s
[2026-05-20 22:24:26] [min_adj_15min] [incr] 1697/2542 | 1 stocks, 48 rows, +16 new | elapsed=2783s ETA=1386s | tokens=279.3
[2026-05-20 22:24:34] [min_adj_15min] [incr] 2026-05-16 ~ 2026-05-21: 48 rows, 1 pages, 13.9s
[2026-05-20 22:24:35] [min_adj_15min] [incr] 1698/2542 | 1 stocks, 48 rows, +16 new | elapsed=2792s ETA=1388s | tokens=279.5
[2026-05-20 22:24:40] [min_adj_15min] [incr] 2026-05-16 ~ 2026-05-21: 48 rows, 1 pages, 23.0s
[2026-05-20 22:24:40] [min_adj_15min] [incr] 2026-05-16 ~ 2026-05-21: 48 rows, 1 pages, 19.4s
[2026-05-20 22:24:40] [min_adj_15min] [incr] 1699/2542 | 1 stocks, 48 rows, +16 new | elapsed=2798s ETA=1388s | tokens=278.4
[2026-05-20 22:24:41] [min_adj_15min] [incr] 1700/2542 | 1 stocks, 48 rows, +16 new | elapsed=2798s ETA=1386s | tokens=278.8
[2026-05-20 22:24:41] [min_adj_15min] [incr] 2026-05-16 ~ 2026-05-21: 48 rows, 1 pages, 15.4s
[2026-05-20 22:24:41] [min_adj_15min] [incr] 1701/2542 | 1 stocks, 48 rows, +16 new | elapsed=2798s ETA=1383s | tokens=278.9
[2026-05-20 22:24:41] [min_adj_15min] [incr] 2026-05-16 ~ 2026-05-21: 48 rows, 1 pages, 15.4s
[2026-05-20 22:24:41] [min_adj_15min] [incr] 1702/2542 | 1 stocks, 48 rows, +16 new | elapsed=2799s ETA=1381s | tokens=279.4
[2026-05-20 22:24:41] [min_adj_15min] [incr] 2026-05-16 ~ 2026-05-21: 48 rows, 1 pages, 6.9s
[2026-05-20 22:24:42] [min_adj_15min] [incr] 1703/2542 | 1 stocks, 48 rows, +16 new | elapsed=2799s ETA=1379s | tokens=279.4
[2026-05-20 22:24:42] [min_adj_15min] [incr] 2026-05-16 ~ 2026-05-21: 48 rows, 1 pages, 1.4s
[2026-05-20 22:24:42] [min_adj_15min] [incr] 1704/2542 | 1 stocks, 48 rows, +16 new | elapsed=2799s ETA=1377s | tokens=279.4
[2026-05-20 22:24:42] [min_adj_15min] [incr] 2026-05-16 ~ 2026-05-21: 48 rows, 1 pages, 24.8s
[2026-05-20 22:24:43] [min_adj_15min] [incr] 1705/2542 | 1 stocks, 48 rows, +16 new | elapsed=2800s ETA=1375s | tokens=279.4
[2026-05-20 22:24:43] [min_adj_15min] [incr] 2026-05-16 ~ 2026-05-21: 48 rows, 1 pages, 2.6s
[2026-05-20 22:24:43] [min_adj_15min] [incr] 2026-05-16 ~ 2026-05-21: 48 rows, 1 pages, 2.4s
[2026-05-20 22:24:44] [min_adj_15min] [incr] 1706/2542 | 1 stocks, 48 rows, +16 new | elapsed=2801s ETA=1373s | tokens=278.4
[2026-05-20 22:24:44] [min_adj_15min] [incr] 1707/2542 | 1 stocks, 48 rows, +16 new | elapsed=2801s ETA=1370s | tokens=278.8
[2026-05-20 22:24:44] [min_adj_15min] [incr] 2026-05-16 ~ 2026-05-21: 48 rows, 1 pages, 2.6s
[2026-05-20 22:24:44] [min_adj_15min] [incr] 1708/2542 | 1 stocks, 48 rows, +16 new | elapsed=2802s ETA=1368s | tokens=279.3
[2026-05-20 22:24:45] [min_adj_15min] [incr] 2026-05-16 ~ 2026-05-21: 48 rows, 1 pages, 2.7s
[2026-05-20 22:24:45] [min_adj_15min] [incr] 1709/2542 | 1 stocks, 48 rows, +16 new | elapsed=2802s ETA=1366s | tokens=279.4
[2026-05-20 22:24:54] [min_adj_15min] [incr] 2026-05-16 ~ 2026-05-21: 48 rows, 1 pages, 13.3s
[2026-05-20 22:24:54] [min_adj_15min] [incr] 1710/2542 | 1 stocks, 48 rows, +16 new | elapsed=2811s ETA=1368s | tokens=279.5
[2026-05-20 22:24:55] [min_adj_15min] [incr] 2026-05-16 ~ 2026-05-21: 48 rows, 1 pages, 12.1s
[2026-05-20 22:24:55] [min_adj_15min] [incr] 2026-05-16 ~ 2026-05-21: 48 rows, 1 pages, 11.2s
[2026-05-20 22:24:55] [min_adj_15min] [incr] 1711/2542 | 1 stocks, 48 rows, +16 new | elapsed=2812s ETA=1366s | tokens=278.4
[2026-05-20 22:24:55] [min_adj_15min] [incr] 1712/2542 | 1 stocks, 48 rows, +16 new | elapsed=2812s ETA=1363s | tokens=278.8
[2026-05-20 22:24:55] [min_adj_15min] [incr] 2026-05-16 ~ 2026-05-21: 48 rows, 1 pages, 11.2s
[2026-05-20 22:24:55] [min_adj_15min] [incr] 2026-05-16 ~ 2026-05-21: 48 rows, 1 pages, 10.7s
[2026-05-20 22:24:55] [min_adj_15min] [incr] 1713/2542 | 1 stocks, 48 rows, +16 new | elapsed=2813s ETA=1361s | tokens=278.4
[2026-05-20 22:24:55] [min_adj_15min] [incr] 1714/2542 | 1 stocks, 48 rows, +16 new | elapsed=2813s ETA=1359s | tokens=278.8
[2026-05-20 22:24:56] [min_adj_15min] [incr] 2026-05-16 ~ 2026-05-21: 48 rows, 1 pages, 1.5s
[2026-05-20 22:24:56] [min_adj_15min] [incr] 1715/2542 | 1 stocks, 48 rows, +16 new | elapsed=2814s ETA=1357s | tokens=279.4
[2026-05-20 22:24:57] [min_adj_15min] [incr] 2026-05-16 ~ 2026-05-21: 48 rows, 1 pages, 2.0s
[2026-05-20 22:24:57] [min_adj_15min] [incr] 1716/2542 | 1 stocks, 48 rows, +16 new | elapsed=2814s ETA=1355s | tokens=279.4
[2026-05-20 22:25:04] [min_adj_15min] [incr] 2026-05-16 ~ 2026-05-21: 48 rows, 1 pages, 20.6s
[2026-05-20 22:25:04] [min_adj_15min] [incr] 1717/2542 | 1 stocks, 48 rows, +16 new | elapsed=2822s ETA=1356s | tokens=279.4
[2026-05-20 22:25:09] [min_adj_15min] [incr] 2026-05-16 ~ 2026-05-21: 48 rows, 1 pages, 13.3s
[2026-05-20 22:25:09] [min_adj_15min] [incr] 2026-05-16 ~ 2026-05-21: 48 rows, 1 pages, 14.9s
[2026-05-20 22:25:09] [min_adj_15min] [incr] 1718/2542 | 1 stocks, 48 rows, +16 new | elapsed=2826s ETA=1356s | tokens=278.4
[2026-05-20 22:25:09] [min_adj_15min] [incr] 1719/2542 | 1 stocks, 48 rows, +16 new | elapsed=2826s ETA=1353s | tokens=278.8
[2026-05-20 22:25:11] [min_adj_15min] [incr] 2026-05-16 ~ 2026-05-21: 48 rows, 1 pages, 14.3s
[2026-05-20 22:25:11] [min_adj_15min] [incr] 2026-05-16 ~ 2026-05-21: 48 rows, 1 pages, 14.9s
[2026-05-20 22:25:11] [min_adj_15min] [incr] 1720/2542 | 1 stocks, 48 rows, +16 new | elapsed=2828s ETA=1352s | tokens=278.4
[2026-05-20 22:25:11] [min_adj_15min] [incr] 1721/2542 | 1 stocks, 48 rows, +16 new | elapsed=2829s ETA=1349s | tokens=278.7
[2026-05-20 22:25:13] [min_adj_15min] [incr] 2026-05-16 ~ 2026-05-21: 48 rows, 1 pages, 17.3s
[2026-05-20 22:25:13] [min_adj_15min] [incr] 2026-05-16 ~ 2026-05-21: 48 rows, 1 pages, 8.5s
[2026-05-20 22:25:13] [min_adj_15min] [incr] 2026-05-16 ~ 2026-05-21: 48 rows, 1 pages, 4.0s
[2026-05-20 22:25:13] [min_adj_15min] [incr] 1722/2542 | 1 stocks, 48 rows, +16 new | elapsed=2830s ETA=1348s | tokens=277.4
[2026-05-20 22:25:13] [min_adj_15min] [incr] 1723/2542 | 1 stocks, 48 rows, +16 new | elapsed=2830s ETA=1345s | tokens=277.8
[2026-05-20 22:25:13] [min_adj_15min] [incr] 1724/2542 | 1 stocks, 48 rows, +16 new | elapsed=2830s ETA=1343s | tokens=278.6
[2026-05-20 22:25:13] [min_adj_15min] [incr] 2026-05-16 ~ 2026-05-21: 48 rows, 1 pages, 4.4s
[2026-05-20 22:25:13] [min_adj_15min] [incr] 2026-05-16 ~ 2026-05-21: 48 rows, 1 pages, 2.1s
[2026-05-20 22:25:13] [min_adj_15min] [incr] 2026-05-16 ~ 2026-05-21: 48 rows, 1 pages, 2.1s
[2026-05-20 22:25:13] [min_adj_15min] [incr] 1725/2542 | 1 stocks, 48 rows, +16 new | elapsed=2831s ETA=1341s | tokens=276.3
[2026-05-20 22:25:13] [min_adj_15min] [incr] 1726/2542 | 1 stocks, 48 rows, +16 new | elapsed=2831s ETA=1338s | tokens=276.6
[2026-05-20 22:25:13] [min_adj_15min] [incr] 1727/2542 | 1 stocks, 48 rows, +16 new | elapsed=2831s ETA=1336s | tokens=277.0
[2026-05-20 22:25:19] [min_adj_15min] [incr] 2026-05-16 ~ 2026-05-21: 48 rows, 1 pages, 6.5s
[2026-05-20 22:25:19] [min_adj_15min] [incr] 1728/2542 | 1 stocks, 48 rows, +16 new | elapsed=2837s ETA=1336s | tokens=279.4
[2026-05-20 22:25:19] [min_adj_15min] [incr] 2026-05-16 ~ 2026-05-21: 48 rows, 1 pages, 6.3s
[2026-05-20 22:25:19] [min_adj_15min] [incr] 2026-05-16 ~ 2026-05-21: 48 rows, 1 pages, 6.7s
[2026-05-20 22:25:19] [min_adj_15min] [incr] 2026-05-16 ~ 2026-05-21: 48 rows, 1 pages, 6.8s
[2026-05-20 22:25:19] [min_adj_15min] [incr] 1729/2542 | 1 stocks, 48 rows, +16 new | elapsed=2837s ETA=1334s | tokens=277.4
[2026-05-20 22:25:20] [min_adj_15min] [incr] 1730/2542 | 1 stocks, 48 rows, +16 new | elapsed=2837s ETA=1332s | tokens=277.8
[2026-05-20 22:25:20] [min_adj_15min] [incr] 1731/2542 | 1 stocks, 48 rows, +16 new | elapsed=2837s ETA=1329s | tokens=278.2
[2026-05-20 22:25:20] [min_adj_15min] [incr] 2026-05-16 ~ 2026-05-21: 48 rows, 1 pages, 6.6s
[2026-05-20 22:25:20] [min_adj_15min] [incr] 1732/2542 | 1 stocks, 48 rows, +16 new | elapsed=2837s ETA=1327s | tokens=277.8
[2026-05-20 22:25:20] [min_adj_15min] [incr] 2026-05-16 ~ 2026-05-21: 48 rows, 1 pages, 0.7s
[2026-05-20 22:25:20] [min_adj_15min] [incr] 2026-05-16 ~ 2026-05-21: 48 rows, 1 pages, 6.8s
[2026-05-20 22:25:20] [min_adj_15min] [incr] 1733/2542 | 1 stocks, 48 rows, +16 new | elapsed=2837s ETA=1325s | tokens=276.6
[2026-05-20 22:25:20] [min_adj_15min] [incr] 1734/2542 | 1 stocks, 48 rows, +16 new | elapsed=2837s ETA=1322s | tokens=277.0
[2026-05-20 22:25:20] [min_adj_15min] [incr] 2026-05-16 ~ 2026-05-21: 48 rows, 1 pages, 0.8s
[2026-05-20 22:25:20] [min_adj_15min] [incr] 1735/2542 | 1 stocks, 48 rows, +16 new | elapsed=2838s ETA=1320s | tokens=277.1
[2026-05-20 22:25:20] [min_adj_15min] [incr] 2026-05-16 ~ 2026-05-21: 48 rows, 1 pages, 0.9s
[2026-05-20 22:25:20] [min_adj_15min] [incr] 2026-05-16 ~ 2026-05-21: 48 rows, 1 pages, 0.9s
[2026-05-20 22:25:20] [min_adj_15min] [incr] 1736/2542 | 1 stocks, 48 rows, +16 new | elapsed=2838s ETA=1318s | tokens=275.6
[2026-05-20 22:25:20] [min_adj_15min] [incr] 1737/2542 | 1 stocks, 48 rows, +16 new | elapsed=2838s ETA=1315s | tokens=276.0
[2026-05-20 22:25:21] [min_adj_15min] [incr] 2026-05-16 ~ 2026-05-21: 48 rows, 1 pages, 0.9s
[2026-05-20 22:25:21] [min_adj_15min] [incr] 2026-05-16 ~ 2026-05-21: 48 rows, 1 pages, 0.8s
[2026-05-20 22:25:21] [min_adj_15min] [incr] 2026-05-16 ~ 2026-05-21: 48 rows, 1 pages, 0.8s
[2026-05-20 22:25:21] [min_adj_15min] [incr] 1738/2542 | 1 stocks, 48 rows, +16 new | elapsed=2838s ETA=1313s | tokens=274.1
[2026-05-20 22:25:21] [min_adj_15min] [incr] 1739/2542 | 1 stocks, 48 rows, +16 new | elapsed=2838s ETA=1311s | tokens=274.4
[2026-05-20 22:25:21] [min_adj_15min] [incr] 1740/2542 | 1 stocks, 48 rows, +16 new | elapsed=2838s ETA=1308s | tokens=274.8
[2026-05-20 22:25:21] [min_adj_15min] [incr] 2026-05-16 ~ 2026-05-21: 48 rows, 1 pages, 0.7s
[2026-05-20 22:25:21] [min_adj_15min] [incr] 2026-05-16 ~ 2026-05-21: 48 rows, 1 pages, 0.7s
[2026-05-20 22:25:21] [min_adj_15min] [incr] 2026-05-16 ~ 2026-05-21: 48 rows, 1 pages, 0.8s
[2026-05-20 22:25:21] [min_adj_15min] [incr] 1741/2542 | 1 stocks, 48 rows, +16 new | elapsed=2839s ETA=1306s | tokens=272.9
[2026-05-20 22:25:21] [min_adj_15min] [incr] 1742/2542 | 1 stocks, 48 rows, +16 new | elapsed=2839s ETA=1304s | tokens=273.3
[2026-05-20 22:25:21] [min_adj_15min] [incr] 2026-05-16 ~ 2026-05-21: 48 rows, 1 pages, 0.6s
[2026-05-20 22:25:21] [min_adj_15min] [incr] 1743/2542 | 1 stocks, 48 rows, +16 new | elapsed=2839s ETA=1301s | tokens=273.7
[2026-05-20 22:25:21] [min_adj_15min] [incr] 2026-05-16 ~ 2026-05-21: 48 rows, 1 pages, 0.6s
[2026-05-20 22:25:21] [min_adj_15min] [incr] 1744/2542 | 1 stocks, 48 rows, +16 new | elapsed=2839s ETA=1299s | tokens=272.1
[2026-05-20 22:25:21] [min_adj_15min] [incr] 1745/2542 | 1 stocks, 48 rows, +16 new | elapsed=2839s ETA=1297s | tokens=272.5
[2026-05-20 22:25:22] [min_adj_15min] [incr] 2026-05-16 ~ 2026-05-21: 48 rows, 1 pages, 0.6s
[2026-05-20 22:25:22] [min_adj_15min] [incr] 2026-05-16 ~ 2026-05-21: 48 rows, 1 pages, 0.7s
[2026-05-20 22:25:22] [min_adj_15min] [incr] 1746/2542 | 1 stocks, 48 rows, +16 new | elapsed=2839s ETA=1294s | tokens=271.9
[2026-05-20 22:25:22] [min_adj_15min] [incr] 1747/2542 | 1 stocks, 48 rows, +16 new | elapsed=2839s ETA=1292s | tokens=272.3
[2026-05-20 22:25:25] [min_adj_15min] [incr] 2026-05-16 ~ 2026-05-21: 48 rows, 1 pages, 4.4s
[2026-05-20 22:25:25] [min_adj_15min] [incr] 1748/2542 | 1 stocks, 48 rows, +16 new | elapsed=2843s ETA=1291s | tokens=279.4
[2026-05-20 22:25:25] [min_adj_15min] [incr] 2026-05-16 ~ 2026-05-21: 48 rows, 1 pages, 3.9s
[2026-05-20 22:25:25] [min_adj_15min] [incr] 2026-05-16 ~ 2026-05-21: 48 rows, 1 pages, 4.2s
[2026-05-20 22:25:25] [min_adj_15min] [incr] 1749/2542 | 1 stocks, 48 rows, +16 new | elapsed=2843s ETA=1289s | tokens=277.8
[2026-05-20 22:25:25] [min_adj_15min] [incr] 1750/2542 | 1 stocks, 48 rows, +16 new | elapsed=2843s ETA=1287s | tokens=278.2
[2026-05-20 22:25:25] [min_adj_15min] [incr] 2026-05-16 ~ 2026-05-21: 48 rows, 1 pages, 4.1s
[2026-05-20 22:25:26] [min_adj_15min] [incr] 1751/2542 | 1 stocks, 48 rows, +16 new | elapsed=2843s ETA=1284s | tokens=277.8
[2026-05-20 22:25:26] [min_adj_15min] [incr] 2026-05-16 ~ 2026-05-21: 48 rows, 1 pages, 0.5s
[2026-05-20 22:25:26] [min_adj_15min] [incr] 1752/2542 | 1 stocks, 48 rows, +16 new | elapsed=2843s ETA=1282s | tokens=277.9
[2026-05-20 22:25:26] [min_adj_15min] [incr] 2026-05-16 ~ 2026-05-21: 48 rows, 1 pages, 0.9s
[2026-05-20 22:25:26] [min_adj_15min] [incr] 1753/2542 | 1 stocks, 48 rows, +16 new | elapsed=2844s ETA=1280s | tokens=279.3
[2026-05-20 22:25:31] [min_adj_15min] [incr] 2026-05-16 ~ 2026-05-21: 48 rows, 1 pages, 9.6s
[2026-05-20 22:25:31] [min_adj_15min] [incr] 1754/2542 | 1 stocks, 48 rows, +16 new | elapsed=2849s ETA=1280s | tokens=279.4
[2026-05-20 22:25:34] [min_adj_15min] [incr] 2026-05-16 ~ 2026-05-21: 48 rows, 1 pages, 9.0s
[2026-05-20 22:25:34] [min_adj_15min] [incr] 1755/2542 | 1 stocks, 48 rows, +16 new | elapsed=2852s ETA=1279s | tokens=279.4
[2026-05-20 22:25:35] [min_adj_15min] [incr] 2026-05-16 ~ 2026-05-21: 48 rows, 1 pages, 13.7s
[2026-05-20 22:25:36] [min_adj_15min] [incr] 1756/2542 | 1 stocks, 48 rows, +16 new | elapsed=2853s ETA=1277s | tokens=279.4
[2026-05-20 22:25:36] [min_adj_15min] [incr] 2026-05-16 ~ 2026-05-21: 48 rows, 1 pages, 9.7s
[2026-05-20 22:25:36] [min_adj_15min] [incr] 1757/2542 | 1 stocks, 48 rows, +16 new | elapsed=2853s ETA=1275s | tokens=279.3
[2026-05-20 22:25:40] [min_adj_15min] [incr] 2026-05-16 ~ 2026-05-21: 48 rows, 1 pages, 9.1s
[2026-05-20 22:25:41] [min_adj_15min] [incr] 1758/2542 | 1 stocks, 48 rows, +16 new | elapsed=2858s ETA=1275s | tokens=279.4
[2026-05-20 22:25:44] [min_adj_15min] [incr] 2026-05-16 ~ 2026-05-21: 48 rows, 1 pages, 18.2s
[2026-05-20 22:25:44] [min_adj_15min] [incr] 1759/2542 | 1 stocks, 48 rows, +16 new | elapsed=2861s ETA=1274s | tokens=279.4
[2026-05-20 22:25:44] [min_adj_15min] [incr] 2026-05-16 ~ 2026-05-21: 48 rows, 1 pages, 18.8s
[2026-05-20 22:25:44] [min_adj_15min] [incr] 1760/2542 | 1 stocks, 48 rows, +16 new | elapsed=2862s ETA=1272s | tokens=279.3
[2026-05-20 22:25:47] [min_adj_15min] [incr] 2026-05-16 ~ 2026-05-21: 48 rows, 1 pages, 13.2s
[2026-05-20 22:25:48] [min_adj_15min] [incr] 1761/2542 | 1 stocks, 48 rows, +16 new | elapsed=2865s ETA=1271s | tokens=279.4
[2026-05-20 22:25:50] [min_adj_15min] [incr] 2026-05-16 ~ 2026-05-21: 48 rows, 1 pages, 14.4s
[2026-05-20 22:25:50] [min_adj_15min] [incr] 1762/2542 | 1 stocks, 48 rows, +16 new | elapsed=2867s ETA=1269s | tokens=279.4
[2026-05-20 22:25:53] [min_adj_15min] [incr] 2026-05-16 ~ 2026-05-21: 48 rows, 1 pages, 16.8s
[2026-05-20 22:25:53] [min_adj_15min] [incr] 1763/2542 | 1 stocks, 48 rows, +16 new | elapsed=2870s ETA=1268s | tokens=279.4
[2026-05-20 22:25:53] [min_adj_15min] [incr] 2026-05-16 ~ 2026-05-21: 48 rows, 1 pages, 12.6s
[2026-05-20 22:25:53] [min_adj_15min] [incr] 1764/2542 | 1 stocks, 48 rows, +16 new | elapsed=2871s ETA=1266s | tokens=279.3
[2026-05-20 22:25:53] [min_adj_15min] [incr] 2026-05-16 ~ 2026-05-21: 48 rows, 1 pages, 5.7s
[2026-05-20 22:25:53] [min_adj_15min] [incr] 1765/2542 | 1 stocks, 48 rows, +16 new | elapsed=2871s ETA=1264s | tokens=279.3
[2026-05-20 22:25:56] [min_adj_15min] [incr] 2026-05-16 ~ 2026-05-21: 48 rows, 1 pages, 11.9s
[2026-05-20 22:25:56] [min_adj_15min] [incr] 1766/2542 | 1 stocks, 48 rows, +16 new | elapsed=2874s ETA=1263s | tokens=279.4
[2026-05-20 22:25:57] [min_adj_15min] [incr] 2026-05-16 ~ 2026-05-21: 48 rows, 1 pages, 13.5s
[2026-05-20 22:25:57] [min_adj_15min] [incr] 1767/2542 | 1 stocks, 48 rows, +16 new | elapsed=2875s ETA=1261s | tokens=279.4
[2026-05-20 22:25:58] [min_adj_15min] [incr] 2026-05-16 ~ 2026-05-21: 48 rows, 1 pages, 5.0s
[2026-05-20 22:25:58] [min_adj_15min] [incr] 1768/2542 | 1 stocks, 48 rows, +16 new | elapsed=2875s ETA=1259s | tokens=279.3
[2026-05-20 22:26:03] [min_adj_15min] [incr] 2026-05-16 ~ 2026-05-21: 48 rows, 1 pages, 13.6s
[2026-05-20 22:26:04] [min_adj_15min] [incr] 1769/2542 | 1 stocks, 48 rows, +16 new | elapsed=2881s ETA=1259s | tokens=279.4
[2026-05-20 22:26:08] [min_adj_15min] [incr] 2026-05-16 ~ 2026-05-21: 48 rows, 1 pages, 12.1s
[2026-05-20 22:26:08] [min_adj_15min] [incr] 1770/2542 | 1 stocks, 48 rows, +16 new | elapsed=2886s ETA=1259s | tokens=279.4
[2026-05-20 22:26:09] [min_adj_15min] [incr] 2026-05-16 ~ 2026-05-21: 48 rows, 1 pages, 15.7s
[2026-05-20 22:26:09] [min_adj_15min] [incr] 1771/2542 | 1 stocks, 48 rows, +16 new | elapsed=2886s ETA=1257s | tokens=279.3
[2026-05-20 22:26:10] [min_adj_15min] [incr] 2026-05-16 ~ 2026-05-21: 48 rows, 1 pages, 17.1s
[2026-05-20 22:26:10] [min_adj_15min] [incr] 1772/2542 | 1 stocks, 48 rows, +16 new | elapsed=2887s ETA=1255s | tokens=279.4
[2026-05-20 22:26:12] [min_adj_15min] [incr] 2026-05-16 ~ 2026-05-21: 48 rows, 1 pages, 14.9s
[2026-05-20 22:26:12] [min_adj_15min] [incr] 1773/2542 | 1 stocks, 48 rows, +16 new | elapsed=2890s ETA=1253s | tokens=279.4
[2026-05-20 22:26:14] [min_adj_15min] [incr] 2026-05-16 ~ 2026-05-21: 48 rows, 1 pages, 16.2s
[2026-05-20 22:26:14] [min_adj_15min] [incr] 1774/2542 | 1 stocks, 48 rows, +16 new | elapsed=2892s ETA=1252s | tokens=279.4
[2026-05-20 22:26:16] [min_adj_15min] [incr] 2026-05-16 ~ 2026-05-21: 48 rows, 1 pages, 12.1s
[2026-05-20 22:26:16] [min_adj_15min] [incr] 1775/2542 | 1 stocks, 48 rows, +16 new | elapsed=2893s ETA=1250s | tokens=279.4
[2026-05-20 22:26:16] [min_adj_15min] [incr] 2026-05-16 ~ 2026-05-21: 48 rows, 1 pages, 6.1s
[2026-05-20 22:26:16] [min_adj_15min] [incr] 1776/2542 | 1 stocks, 48 rows, +16 new | elapsed=2894s ETA=1248s | tokens=279.3
[2026-05-20 22:26:16] [min_adj_15min] [incr] 2026-05-16 ~ 2026-05-21: 48 rows, 1 pages, 7.1s
[2026-05-20 22:26:16] [min_adj_15min] [incr] 1777/2542 | 1 stocks, 48 rows, +16 new | elapsed=2894s ETA=1246s | tokens=278.7
[2026-05-20 22:26:27] [min_adj_15min] [incr] 2026-05-16 ~ 2026-05-21: 48 rows, 1 pages, 19.1s
[2026-05-20 22:26:28] [min_adj_15min] [incr] 1778/2542 | 1 stocks, 48 rows, +16 new | elapsed=2905s ETA=1248s | tokens=279.4
[2026-05-20 22:26:29] [min_adj_15min] [incr] 2026-05-16 ~ 2026-05-21: 48 rows, 1 pages, 13.2s
[2026-05-20 22:26:29] [min_adj_15min] [incr] 1779/2542 | 1 stocks, 48 rows, +16 new | elapsed=2906s ETA=1247s | tokens=279.4
[2026-05-20 22:26:33] [min_adj_15min] [incr] 2026-05-16 ~ 2026-05-21: 48 rows, 1 pages, 20.9s
[2026-05-20 22:26:33] [min_adj_15min] [incr] 2026-05-16 ~ 2026-05-21: 48 rows, 1 pages, 19.1s
[2026-05-20 22:26:33] [min_adj_15min] [incr] 1780/2542 | 1 stocks, 48 rows, +16 new | elapsed=2911s ETA=1246s | tokens=278.4
[2026-05-20 22:26:33] [min_adj_15min] [incr] 1781/2542 | 1 stocks, 48 rows, +16 new | elapsed=2911s ETA=1244s | tokens=278.8
[2026-05-20 22:26:36] [min_adj_15min] [incr] 2026-05-16 ~ 2026-05-21: 48 rows, 1 pages, 19.6s
[2026-05-20 22:26:36] [min_adj_15min] [incr] 1782/2542 | 1 stocks, 48 rows, +16 new | elapsed=2913s ETA=1242s | tokens=279.4
[2026-05-20 22:26:36] [min_adj_15min] [incr] 2026-05-16 ~ 2026-05-21: 48 rows, 1 pages, 20.2s
[2026-05-20 22:26:36] [min_adj_15min] [incr] 1783/2542 | 1 stocks, 48 rows, +16 new | elapsed=2914s ETA=1240s | tokens=279.4
[2026-05-20 22:26:37] [min_adj_15min] [incr] 2026-05-16 ~ 2026-05-21: 48 rows, 1 pages, 3.3s
[2026-05-20 22:26:37] [min_adj_15min] [incr] 1784/2542 | 1 stocks, 48 rows, +16 new | elapsed=2914s ETA=1238s | tokens=279.3
[2026-05-20 22:26:37] [min_adj_15min] [incr] 2026-05-16 ~ 2026-05-21: 48 rows, 1 pages, 3.5s
[2026-05-20 22:26:37] [min_adj_15min] [incr] 1785/2542 | 1 stocks, 48 rows, +16 new | elapsed=2914s ETA=1236s | tokens=279.3
[2026-05-20 22:26:37] [min_adj_15min] [incr] 2026-05-16 ~ 2026-05-21: 48 rows, 1 pages, 9.9s
[2026-05-20 22:26:38] [min_adj_15min] [incr] 1786/2542 | 1 stocks, 48 rows, +16 new | elapsed=2915s ETA=1234s | tokens=279.4
[2026-05-20 22:26:41] [min_adj_15min] [incr] 2026-05-16 ~ 2026-05-21: 48 rows, 1 pages, 11.6s
[2026-05-20 22:26:41] [min_adj_15min] [incr] 1787/2542 | 1 stocks, 48 rows, +16 new | elapsed=2918s ETA=1233s | tokens=279.4
[2026-05-20 22:26:41] [min_adj_15min] [incr] 2026-05-16 ~ 2026-05-21: 48 rows, 1 pages, 5.7s
[2026-05-20 22:26:42] [min_adj_15min] [incr] 1788/2542 | 1 stocks, 48 rows, +16 new | elapsed=2919s ETA=1231s | tokens=279.3
[2026-05-20 22:26:42] [min_adj_15min] [incr] 2026-05-16 ~ 2026-05-21: 48 rows, 1 pages, 5.7s
[2026-05-20 22:26:42] [min_adj_15min] [incr] 1789/2542 | 1 stocks, 48 rows, +16 new | elapsed=2920s ETA=1229s | tokens=279.5
[2026-05-20 22:26:48] [min_adj_15min] [incr] 2026-05-16 ~ 2026-05-21: 48 rows, 1 pages, 11.3s
[2026-05-20 22:26:48] [min_adj_15min] [incr] 1790/2542 | 1 stocks, 48 rows, +16 new | elapsed=2925s ETA=1229s | tokens=279.4
[2026-05-20 22:26:53] [min_adj_15min] [incr] 2026-05-16 ~ 2026-05-21: 48 rows, 1 pages, 12.9s
[2026-05-20 22:26:54] [min_adj_15min] [incr] 1791/2542 | 1 stocks, 48 rows, +16 new | elapsed=2931s ETA=1229s | tokens=279.4
[2026-05-20 22:26:54] [min_adj_15min] [incr] 2026-05-16 ~ 2026-05-21: 48 rows, 1 pages, 12.4s
[2026-05-20 22:26:54] [min_adj_15min] [incr] 1792/2542 | 1 stocks, 48 rows, +16 new | elapsed=2931s ETA=1227s | tokens=279.4
[2026-05-20 22:26:58] [min_adj_15min] [incr] 2026-05-16 ~ 2026-05-21: 48 rows, 1 pages, 21.2s
[2026-05-20 22:26:58] [min_adj_15min] [incr] 1793/2542 | 1 stocks, 48 rows, +16 new | elapsed=2936s ETA=1226s | tokens=279.4
[2026-05-20 22:26:58] [min_adj_15min] [incr] 2026-05-16 ~ 2026-05-21: 48 rows, 1 pages, 10.5s
[2026-05-20 22:26:59] [min_adj_15min] [incr] 1794/2542 | 1 stocks, 48 rows, +16 new | elapsed=2936s ETA=1224s | tokens=279.4
[2026-05-20 22:27:02] [min_adj_15min] [incr] 2026-05-16 ~ 2026-05-21: 48 rows, 1 pages, 19.9s
[2026-05-20 22:27:02] [min_adj_15min] [incr] 1795/2542 | 1 stocks, 48 rows, +16 new | elapsed=2940s ETA=1223s | tokens=279.4
[2026-05-20 22:27:03] [min_adj_15min] [incr] 2026-05-16 ~ 2026-05-21: 48 rows, 1 pages, 9.6s
[2026-05-20 22:27:03] [min_adj_15min] [incr] 1796/2542 | 1 stocks, 48 rows, +16 new | elapsed=2941s ETA=1221s | tokens=279.4
[2026-05-20 22:27:04] [min_adj_15min] [incr] 2026-05-16 ~ 2026-05-21: 48 rows, 1 pages, 5.6s
[2026-05-20 22:27:04] [min_adj_15min] [incr] 1797/2542 | 1 stocks, 48 rows, +16 new | elapsed=2941s ETA=1219s | tokens=279.3
[2026-05-20 22:27:08] [min_adj_15min] [incr] 2026-05-16 ~ 2026-05-21: 48 rows, 1 pages, 9.5s
[2026-05-20 22:27:08] [min_adj_15min] [incr] 1798/2542 | 1 stocks, 48 rows, +16 new | elapsed=2945s ETA=1219s | tokens=279.4
[2026-05-20 22:27:08] [min_adj_15min] [incr] 2026-05-16 ~ 2026-05-21: 48 rows, 1 pages, 14.3s
[2026-05-20 22:27:08] [min_adj_15min] [incr] 1799/2542 | 1 stocks, 48 rows, +16 new | elapsed=2946s ETA=1217s | tokens=279.3
[2026-05-20 22:27:08] [min_adj_15min] [incr] 2026-05-16 ~ 2026-05-21: 48 rows, 1 pages, 6.4s
[2026-05-20 22:27:09] [min_adj_15min] [incr] 1800/2542 | 1 stocks, 48 rows, +16 new | elapsed=2946s ETA=1214s | tokens=279.3
[2026-05-20 22:27:12] [min_adj_15min] [incr] 2026-05-16 ~ 2026-05-21: 48 rows, 1 pages, 8.5s
[2026-05-20 22:27:12] [min_adj_15min] [incr] 1801/2542 | 1 stocks, 48 rows, +16 new | elapsed=2949s ETA=1213s | tokens=279.3
[2026-05-20 22:27:13] [min_adj_15min] [incr] 2026-05-16 ~ 2026-05-21: 48 rows, 1 pages, 4.7s
[2026-05-20 22:27:13] [min_adj_15min] [incr] 1802/2542 | 1 stocks, 48 rows, +16 new | elapsed=2950s ETA=1212s | tokens=279.4
[2026-05-20 22:27:16] [min_adj_15min] [incr] 2026-05-16 ~ 2026-05-21: 48 rows, 1 pages, 39.0s
[2026-05-20 22:27:17] [min_adj_15min] [incr] 1803/2542 | 1 stocks, 48 rows, +16 new | elapsed=2954s ETA=1211s | tokens=279.4
[2026-05-20 22:27:19] [min_adj_15min] [incr] 2026-05-16 ~ 2026-05-21: 48 rows, 1 pages, 10.6s
[2026-05-20 22:27:19] [min_adj_15min] [incr] 1804/2542 | 1 stocks, 48 rows, +16 new | elapsed=2956s ETA=1209s | tokens=279.4
[2026-05-20 22:27:20] [min_adj_15min] [incr] 2026-05-16 ~ 2026-05-21: 48 rows, 1 pages, 16.8s
[2026-05-20 22:27:21] [min_adj_15min] [incr] 1805/2542 | 1 stocks, 48 rows, +16 new | elapsed=2958s ETA=1208s | tokens=279.4
[2026-05-20 22:27:21] [min_adj_15min] [incr] 2026-05-16 ~ 2026-05-21: 48 rows, 1 pages, 12.4s
[2026-05-20 22:27:21] [min_adj_15min] [incr] 1806/2542 | 1 stocks, 48 rows, +16 new | elapsed=2958s ETA=1206s | tokens=279.4
[2026-05-20 22:27:24] [min_adj_15min] [incr] 2026-05-16 ~ 2026-05-21: 48 rows, 1 pages, 7.3s
[2026-05-20 22:27:24] [min_adj_15min] [incr] 1807/2542 | 1 stocks, 48 rows, +16 new | elapsed=2961s ETA=1205s | tokens=279.4
[2026-05-20 22:27:26] [min_adj_15min] [incr] 2026-05-16 ~ 2026-05-21: 48 rows, 1 pages, 14.6s
[2026-05-20 22:27:26] [min_adj_15min] [incr] 1808/2542 | 1 stocks, 48 rows, +16 new | elapsed=2964s ETA=1203s | tokens=279.4
[2026-05-20 22:27:31] [min_adj_15min] [incr] 2026-05-16 ~ 2026-05-21: 48 rows, 1 pages, 12.6s
[2026-05-20 22:27:32] [min_adj_15min] [incr] 1809/2542 | 1 stocks, 48 rows, +16 new | elapsed=2969s ETA=1203s | tokens=279.4
[2026-05-20 22:27:32] [min_adj_15min] [incr] 2026-05-16 ~ 2026-05-21: 48 rows, 1 pages, 19.8s
[2026-05-20 22:27:33] [min_adj_15min] [incr] 1810/2542 | 1 stocks, 48 rows, +16 new | elapsed=2970s ETA=1201s | tokens=279.4
[2026-05-20 22:27:38] [min_adj_15min] [incr] 2026-05-16 ~ 2026-05-21: 48 rows, 1 pages, 17.2s
[2026-05-20 22:27:38] [min_adj_15min] [incr] 1811/2542 | 1 stocks, 48 rows, +16 new | elapsed=2975s ETA=1201s | tokens=279.5
[2026-05-20 22:27:39] [min_adj_15min] [incr] 2026-05-16 ~ 2026-05-21: 48 rows, 1 pages, 14.7s
[2026-05-20 22:27:39] [min_adj_15min] [incr] 2026-05-16 ~ 2026-05-21: 48 rows, 1 pages, 12.3s
[2026-05-20 22:27:39] [min_adj_15min] [incr] 1812/2542 | 1 stocks, 48 rows, +16 new | elapsed=2976s ETA=1199s | tokens=278.4
[2026-05-20 22:27:39] [min_adj_15min] [incr] 1813/2542 | 1 stocks, 48 rows, +16 new | elapsed=2976s ETA=1197s | tokens=278.8
[2026-05-20 22:27:39] [min_adj_15min] [incr] 2026-05-16 ~ 2026-05-21: 48 rows, 1 pages, 18.1s
[2026-05-20 22:27:39] [min_adj_15min] [incr] 1814/2542 | 1 stocks, 48 rows, +16 new | elapsed=2977s ETA=1195s | tokens=279.4
[2026-05-20 22:27:46] [min_adj_15min] [incr] 2026-05-16 ~ 2026-05-21: 48 rows, 1 pages, 14.3s
[2026-05-20 22:27:46] [min_adj_15min] [incr] 2026-05-16 ~ 2026-05-21: 48 rows, 1 pages, 13.3s
[2026-05-20 22:27:46] [min_adj_15min] [incr] 1815/2542 | 1 stocks, 48 rows, +16 new | elapsed=2983s ETA=1195s | tokens=278.4
[2026-05-20 22:27:46] [min_adj_15min] [incr] 1816/2542 | 1 stocks, 48 rows, +16 new | elapsed=2983s ETA=1193s | tokens=278.8
[2026-05-20 22:27:47] [min_adj_15min] [incr] 2026-05-16 ~ 2026-05-21: 48 rows, 1 pages, 8.2s
[2026-05-20 22:27:47] [min_adj_15min] [incr] 2026-05-16 ~ 2026-05-21: 48 rows, 1 pages, 8.1s
[2026-05-20 22:27:47] [min_adj_15min] [incr] 1817/2542 | 1 stocks, 48 rows, +16 new | elapsed=2984s ETA=1191s | tokens=278.4
[2026-05-20 22:27:47] [min_adj_15min] [incr] 1818/2542 | 1 stocks, 48 rows, +16 new | elapsed=2984s ETA=1189s | tokens=278.8
[2026-05-20 22:27:47] [min_adj_15min] [incr] 2026-05-16 ~ 2026-05-21: 48 rows, 1 pages, 1.4s
[2026-05-20 22:27:47] [min_adj_15min] [incr] 1819/2542 | 1 stocks, 48 rows, +16 new | elapsed=2985s ETA=1186s | tokens=279.1
[2026-05-20 22:27:47] [min_adj_15min] [incr] 2026-05-16 ~ 2026-05-21: 48 rows, 1 pages, 8.3s
[2026-05-20 22:27:47] [min_adj_15min] [incr] 1820/2542 | 1 stocks, 48 rows, +16 new | elapsed=2985s ETA=1184s | tokens=278.8
[2026-05-20 22:27:52] [min_adj_15min] [incr] 2026-05-16 ~ 2026-05-21: 48 rows, 1 pages, 14.5s
[2026-05-20 22:27:52] [min_adj_15min] [incr] 1821/2542 | 1 stocks, 48 rows, +16 new | elapsed=2990s ETA=1184s | tokens=279.4
[2026-05-20 22:27:53] [min_adj_15min] [incr] 2026-05-16 ~ 2026-05-21: 48 rows, 1 pages, 7.0s
[2026-05-20 22:27:53] [min_adj_15min] [incr] 1822/2542 | 1 stocks, 48 rows, +16 new | elapsed=2990s ETA=1182s | tokens=279.4
[2026-05-20 22:27:53] [min_adj_15min] [incr] 2026-05-16 ~ 2026-05-21: 48 rows, 1 pages, 6.1s
[2026-05-20 22:27:53] [min_adj_15min] [incr] 1823/2542 | 1 stocks, 48 rows, +16 new | elapsed=2991s ETA=1180s | tokens=279.4
[2026-05-20 22:27:54] [min_adj_15min] [incr] 2026-05-16 ~ 2026-05-21: 48 rows, 1 pages, 7.4s
[2026-05-20 22:27:54] [min_adj_15min] [incr] 1824/2542 | 1 stocks, 48 rows, +16 new | elapsed=2992s ETA=1178s | tokens=279.4
[2026-05-20 22:27:59] [min_adj_15min] [incr] 2026-05-16 ~ 2026-05-21: 48 rows, 1 pages, 11.8s
[2026-05-20 22:27:59] [min_adj_15min] [incr] 1825/2542 | 1 stocks, 48 rows, +16 new | elapsed=2997s ETA=1177s | tokens=279.4
[2026-05-20 22:28:01] [min_adj_15min] [incr] 2026-05-16 ~ 2026-05-21: 48 rows, 1 pages, 14.5s
[2026-05-20 22:28:02] [min_adj_15min] [incr] 1826/2542 | 1 stocks, 48 rows, +16 new | elapsed=2999s ETA=1176s | tokens=279.4
[2026-05-20 22:28:06] [min_adj_15min] [incr] 2026-05-16 ~ 2026-05-21: 48 rows, 1 pages, 14.0s
[2026-05-20 22:28:06] [min_adj_15min] [incr] 1827/2542 | 1 stocks, 48 rows, +16 new | elapsed=3004s ETA=1176s | tokens=279.4
[2026-05-20 22:28:06] [min_adj_15min] [incr] 2026-05-16 ~ 2026-05-21: 48 rows, 1 pages, 13.5s
[2026-05-20 22:28:07] [min_adj_15min] [incr] 1828/2542 | 1 stocks, 48 rows, +16 new | elapsed=3004s ETA=1173s | tokens=278.9
[2026-05-20 22:28:07] [min_adj_15min] [incr] 2026-05-16 ~ 2026-05-21: 48 rows, 1 pages, 12.5s
[2026-05-20 22:28:07] [min_adj_15min] [incr] 1829/2542 | 1 stocks, 48 rows, +16 new | elapsed=3004s ETA=1171s | tokens=279.4
[2026-05-20 22:28:10] [min_adj_15min] [incr] 2026-05-16 ~ 2026-05-21: 48 rows, 1 pages, 16.3s
[2026-05-20 22:28:10] [min_adj_15min] [incr] 1830/2542 | 1 stocks, 48 rows, +16 new | elapsed=3007s ETA=1170s | tokens=279.4
[2026-05-20 22:28:13] [min_adj_15min] [incr] 2026-05-16 ~ 2026-05-21: 48 rows, 1 pages, 14.0s
[2026-05-20 22:28:13] [min_adj_15min] [incr] 1831/2542 | 1 stocks, 48 rows, +16 new | elapsed=3011s ETA=1169s | tokens=279.4
[2026-05-20 22:28:14] [min_adj_15min] [incr] 2026-05-16 ~ 2026-05-21: 48 rows, 1 pages, 7.1s
[2026-05-20 22:28:14] [min_adj_15min] [incr] 1832/2542 | 1 stocks, 48 rows, +16 new | elapsed=3011s ETA=1167s | tokens=279.3
[2026-05-20 22:28:15] [min_adj_15min] [incr] 2026-05-16 ~ 2026-05-21: 48 rows, 1 pages, 13.7s
[2026-05-20 22:28:15] [min_adj_15min] [incr] 1833/2542 | 1 stocks, 48 rows, +16 new | elapsed=3013s ETA=1165s | tokens=279.4
[2026-05-20 22:28:16] [min_adj_15min] [incr] 2026-05-16 ~ 2026-05-21: 48 rows, 1 pages, 6.3s
[2026-05-20 22:28:16] [min_adj_15min] [incr] 1834/2542 | 1 stocks, 48 rows, +16 new | elapsed=3013s ETA=1163s | tokens=279.4
[2026-05-20 22:28:18] [min_adj_15min] [incr] 2026-05-16 ~ 2026-05-21: 48 rows, 1 pages, 11.6s
[2026-05-20 22:28:18] [min_adj_15min] [incr] 1835/2542 | 1 stocks, 48 rows, +16 new | elapsed=3015s ETA=1162s | tokens=279.4
[2026-05-20 22:28:18] [min_adj_15min] [incr] 2026-05-16 ~ 2026-05-21: 48 rows, 1 pages, 4.8s
[2026-05-20 22:28:18] [min_adj_15min] [incr] 1836/2542 | 1 stocks, 48 rows, +16 new | elapsed=3016s ETA=1160s | tokens=279.4
[2026-05-20 22:28:19] [min_adj_15min] [incr] 2026-05-16 ~ 2026-05-21: 48 rows, 1 pages, 11.7s
[2026-05-20 22:28:19] [min_adj_15min] [incr] 2026-05-16 ~ 2026-05-21: 48 rows, 1 pages, 3.4s
[2026-05-20 22:28:19] [min_adj_15min] [incr] 1837/2542 | 1 stocks, 48 rows, +16 new | elapsed=3016s ETA=1157s | tokens=278.1
[2026-05-20 22:28:19] [min_adj_15min] [incr] 1838/2542 | 1 stocks, 48 rows, +16 new | elapsed=3016s ETA=1155s | tokens=278.5
[2026-05-20 22:28:20] [min_adj_15min] [incr] 2026-05-16 ~ 2026-05-21: 48 rows, 1 pages, 3.8s
[2026-05-20 22:28:20] [min_adj_15min] [incr] 2026-05-16 ~ 2026-05-21: 48 rows, 1 pages, 1.7s
[2026-05-20 22:28:20] [min_adj_15min] [incr] 1839/2542 | 1 stocks, 48 rows, +16 new | elapsed=3017s ETA=1153s | tokens=278.4
[2026-05-20 22:28:20] [min_adj_15min] [incr] 1840/2542 | 1 stocks, 48 rows, +16 new | elapsed=3017s ETA=1151s | tokens=278.8
[2026-05-20 22:28:21] [min_adj_15min] [incr] 2026-05-16 ~ 2026-05-21: 48 rows, 1 pages, 2.9s
[2026-05-20 22:28:21] [min_adj_15min] [incr] 2026-05-16 ~ 2026-05-21: 48 rows, 1 pages, 3.1s
[2026-05-20 22:28:22] [min_adj_15min] [incr] 1841/2542 | 1 stocks, 48 rows, +16 new | elapsed=3019s ETA=1150s | tokens=278.4
[2026-05-20 22:28:22] [min_adj_15min] [incr] 1842/2542 | 1 stocks, 48 rows, +16 new | elapsed=3019s ETA=1147s | tokens=278.8
[2026-05-20 22:28:22] [min_adj_15min] [incr] 2026-05-16 ~ 2026-05-21: 48 rows, 1 pages, 8.8s
[2026-05-20 22:28:22] [min_adj_15min] [incr] 1843/2542 | 1 stocks, 48 rows, +16 new | elapsed=3020s ETA=1145s | tokens=279.4
[2026-05-20 22:28:22] [min_adj_15min] [incr] 2026-05-16 ~ 2026-05-21: 48 rows, 1 pages, 2.4s
[2026-05-20 22:28:22] [min_adj_15min] [incr] 2026-05-16 ~ 2026-05-21: 48 rows, 1 pages, 3.6s
[2026-05-20 22:28:22] [min_adj_15min] [incr] 1844/2542 | 1 stocks, 48 rows, +16 new | elapsed=3020s ETA=1143s | tokens=277.9
[2026-05-20 22:28:22] [min_adj_15min] [incr] 1845/2542 | 1 stocks, 48 rows, +16 new | elapsed=3020s ETA=1141s | tokens=278.3
[2026-05-20 22:28:23] [min_adj_15min] [incr] 2026-05-16 ~ 2026-05-21: 48 rows, 1 pages, 2.8s
[2026-05-20 22:28:23] [min_adj_15min] [incr] 2026-05-16 ~ 2026-05-21: 48 rows, 1 pages, 1.1s
[2026-05-20 22:28:23] [min_adj_15min] [incr] 1846/2542 | 1 stocks, 48 rows, +16 new | elapsed=3020s ETA=1139s | tokens=277.9
[2026-05-20 22:28:23] [min_adj_15min] [incr] 1847/2542 | 1 stocks, 48 rows, +16 new | elapsed=3020s ETA=1136s | tokens=278.3
[2026-05-20 22:28:23] [min_adj_15min] [incr] 2026-05-16 ~ 2026-05-21: 48 rows, 1 pages, 1.4s
[2026-05-20 22:28:23] [min_adj_15min] [incr] 2026-05-16 ~ 2026-05-21: 48 rows, 1 pages, 0.9s
[2026-05-20 22:28:23] [min_adj_15min] [incr] 1848/2542 | 1 stocks, 48 rows, +16 new | elapsed=3020s ETA=1134s | tokens=278.1
[2026-05-20 22:28:23] [min_adj_15min] [incr] 1849/2542 | 1 stocks, 48 rows, +16 new | elapsed=3020s ETA=1132s | tokens=277.6
[2026-05-20 22:28:26] [min_adj_15min] [incr] 2026-05-16 ~ 2026-05-21: 48 rows, 1 pages, 3.2s
[2026-05-20 22:28:26] [min_adj_15min] [incr] 1850/2542 | 1 stocks, 48 rows, +16 new | elapsed=3023s ETA=1131s | tokens=279.4
[2026-05-20 22:28:28] [min_adj_15min] [incr] 2026-05-16 ~ 2026-05-21: 48 rows, 1 pages, 5.9s
[2026-05-20 22:28:28] [min_adj_15min] [incr] 1851/2542 | 1 stocks, 48 rows, +16 new | elapsed=3026s ETA=1130s | tokens=279.4
[2026-05-20 22:28:30] [min_adj_15min] [incr] 2026-05-16 ~ 2026-05-21: 48 rows, 1 pages, 7.9s
[2026-05-20 22:28:30] [min_adj_15min] [incr] 1852/2542 | 1 stocks, 48 rows, +16 new | elapsed=3028s ETA=1128s | tokens=279.4
[2026-05-20 22:28:32] [min_adj_15min] [incr] 2026-05-16 ~ 2026-05-21: 48 rows, 1 pages, 9.6s
[2026-05-20 22:28:33] [min_adj_15min] [incr] 1853/2542 | 1 stocks, 48 rows, +16 new | elapsed=3030s ETA=1127s | tokens=279.4
[2026-05-20 22:28:33] [min_adj_15min] [incr] 2026-05-16 ~ 2026-05-21: 48 rows, 1 pages, 7.1s
[2026-05-20 22:28:33] [min_adj_15min] [incr] 1854/2542 | 1 stocks, 48 rows, +16 new | elapsed=3030s ETA=1125s | tokens=279.3
[2026-05-20 22:28:34] [min_adj_15min] [incr] 2026-05-16 ~ 2026-05-21: 48 rows, 1 pages, 5.8s
[2026-05-20 22:28:34] [min_adj_15min] [incr] 1855/2542 | 1 stocks, 48 rows, +16 new | elapsed=3031s ETA=1123s | tokens=279.4
[2026-05-20 22:28:35] [min_adj_15min] [incr] 2026-05-16 ~ 2026-05-21: 48 rows, 1 pages, 12.0s
[2026-05-20 22:28:35] [min_adj_15min] [incr] 1856/2542 | 1 stocks, 48 rows, +16 new | elapsed=3032s ETA=1121s | tokens=279.4
[2026-05-20 22:28:38] [min_adj_15min] [incr] 2026-05-16 ~ 2026-05-21: 48 rows, 1 pages, 7.6s
[2026-05-20 22:28:38] [min_adj_15min] [incr] 1857/2542 | 1 stocks, 48 rows, +16 new | elapsed=3035s ETA=1120s | tokens=279.4
[2026-05-20 22:28:38] [min_adj_15min] [incr] 2026-05-16 ~ 2026-05-21: 48 rows, 1 pages, 5.1s
[2026-05-20 22:28:38] [min_adj_15min] [incr] 1858/2542 | 1 stocks, 48 rows, +16 new | elapsed=3036s ETA=1118s | tokens=279.4
[2026-05-20 22:28:39] [min_adj_15min] [incr] 2026-05-16 ~ 2026-05-21: 48 rows, 1 pages, 4.7s
[2026-05-20 22:28:39] [min_adj_15min] [incr] 1859/2542 | 1 stocks, 48 rows, +16 new | elapsed=3036s ETA=1116s | tokens=279.4
[2026-05-20 22:28:44] [min_adj_15min] [incr] 2026-05-16 ~ 2026-05-21: 48 rows, 1 pages, 21.2s
[2026-05-20 22:28:44] [min_adj_15min] [incr] 1860/2542 | 1 stocks, 48 rows, +16 new | elapsed=3042s ETA=1115s | tokens=279.4
[2026-05-20 22:28:47] [min_adj_15min] [incr] 2026-05-16 ~ 2026-05-21: 48 rows, 1 pages, 9.6s
[2026-05-20 22:28:47] [min_adj_15min] [incr] 1861/2542 | 1 stocks, 48 rows, +16 new | elapsed=3045s ETA=1114s | tokens=279.4
[2026-05-20 22:28:51] [min_adj_15min] [incr] 2026-05-16 ~ 2026-05-21: 48 rows, 1 pages, 18.9s
[2026-05-20 22:28:51] [min_adj_15min] [incr] 1862/2542 | 1 stocks, 48 rows, +16 new | elapsed=3049s ETA=1113s | tokens=279.4
[2026-05-20 22:28:51] [min_adj_15min] [incr] 2026-05-16 ~ 2026-05-21: 48 rows, 1 pages, 13.4s
[2026-05-20 22:28:52] [min_adj_15min] [incr] 1863/2542 | 1 stocks, 48 rows, +16 new | elapsed=3049s ETA=1111s | tokens=279.0
[2026-05-20 22:28:53] [min_adj_15min] [incr] 2026-05-16 ~ 2026-05-21: 48 rows, 1 pages, 18.8s
[2026-05-20 22:28:54] [min_adj_15min] [incr] 1864/2542 | 1 stocks, 48 rows, +16 new | elapsed=3051s ETA=1110s | tokens=279.4
[2026-05-20 22:29:05] [min_adj_15min] [incr] 2026-05-16 ~ 2026-05-21: 48 rows, 1 pages, 26.2s
[2026-05-20 22:29:05] [min_adj_15min] [incr] 1865/2542 | 1 stocks, 48 rows, +16 new | elapsed=3063s ETA=1112s | tokens=279.5
[2026-05-20 22:29:05] [min_adj_15min] [incr] 2026-05-16 ~ 2026-05-21: 48 rows, 1 pages, 21.2s
[2026-05-20 22:29:05] [min_adj_15min] [incr] 1866/2542 | 1 stocks, 48 rows, +16 new | elapsed=3063s ETA=1110s | tokens=279.4
[2026-05-20 22:29:08] [min_adj_15min] [incr] 2026-05-16 ~ 2026-05-21: 48 rows, 1 pages, 20.3s
[2026-05-20 22:29:08] [min_adj_15min] [incr] 1867/2542 | 1 stocks, 48 rows, +16 new | elapsed=3065s ETA=1108s | tokens=279.4
[2026-05-20 22:29:10] [min_adj_15min] [incr] 2026-05-16 ~ 2026-05-21: 48 rows, 1 pages, 18.2s
[2026-05-20 22:29:10] [min_adj_15min] [incr] 1868/2542 | 1 stocks, 48 rows, +16 new | elapsed=3067s ETA=1107s | tokens=279.4
[2026-05-20 22:29:11] [min_adj_15min] [incr] 2026-05-16 ~ 2026-05-21: 48 rows, 1 pages, 6.1s
[2026-05-20 22:29:11] [min_adj_15min] [incr] 1869/2542 | 1 stocks, 48 rows, +16 new | elapsed=3069s ETA=1105s | tokens=279.4
[2026-05-20 22:29:11] [min_adj_15min] [incr] 2026-05-16 ~ 2026-05-21: 48 rows, 1 pages, 19.9s
[2026-05-20 22:29:11] [min_adj_15min] [incr] 1870/2542 | 1 stocks, 48 rows, +16 new | elapsed=3069s ETA=1103s | tokens=279.3
[2026-05-20 22:29:13] [min_adj_15min] [incr] 2026-05-16 ~ 2026-05-21: 48 rows, 1 pages, 19.1s
[2026-05-20 22:29:13] [min_adj_15min] [incr] 1871/2542 | 1 stocks, 48 rows, +16 new | elapsed=3070s ETA=1101s | tokens=279.4
[2026-05-20 22:29:13] [min_adj_15min] [incr] 2026-05-16 ~ 2026-05-21: 48 rows, 1 pages, 3.2s
[2026-05-20 22:29:13] [min_adj_15min] [incr] 1872/2542 | 1 stocks, 48 rows, +16 new | elapsed=3070s ETA=1099s | tokens=279.4
[2026-05-20 22:29:13] [min_adj_15min] [incr] 2026-05-16 ~ 2026-05-21: 48 rows, 1 pages, 1.9s
[2026-05-20 22:29:13] [min_adj_15min] [incr] 1873/2542 | 1 stocks, 48 rows, +16 new | elapsed=3071s ETA=1097s | tokens=279.3
[2026-05-20 22:29:13] [min_adj_15min] [incr] 2026-05-16 ~ 2026-05-21: 48 rows, 1 pages, 1.9s
[2026-05-20 22:29:13] [min_adj_15min] [incr] 1874/2542 | 1 stocks, 48 rows, +16 new | elapsed=3071s ETA=1095s | tokens=279.4
[2026-05-20 22:29:13] [min_adj_15min] [incr] 2026-05-16 ~ 2026-05-21: 48 rows, 1 pages, 0.9s
[2026-05-20 22:29:14] [min_adj_15min] [incr] 1875/2542 | 1 stocks, 48 rows, +16 new | elapsed=3071s ETA=1092s | tokens=279.2
[2026-05-20 22:29:14] [min_adj_15min] [incr] 2026-05-16 ~ 2026-05-21: 48 rows, 1 pages, 0.8s
[2026-05-20 22:29:14] [min_adj_15min] [incr] 1876/2542 | 1 stocks, 48 rows, +16 new | elapsed=3071s ETA=1090s | tokens=279.2
[2026-05-20 22:29:14] [min_adj_15min] [incr] 2026-05-16 ~ 2026-05-21: 48 rows, 1 pages, 0.9s
[2026-05-20 22:29:14] [min_adj_15min] [incr] 1877/2542 | 1 stocks, 48 rows, +16 new | elapsed=3071s ETA=1088s | tokens=279.2
[2026-05-20 22:29:14] [min_adj_15min] [incr] 2026-05-16 ~ 2026-05-21: 48 rows, 1 pages, 0.9s
[2026-05-20 22:29:14] [min_adj_15min] [incr] 1878/2542 | 1 stocks, 48 rows, +16 new | elapsed=3072s ETA=1086s | tokens=279.4
[2026-05-20 22:29:15] [min_adj_15min] [incr] 2026-05-16 ~ 2026-05-21: 48 rows, 1 pages, 1.4s
[2026-05-20 22:29:15] [min_adj_15min] [incr] 1879/2542 | 1 stocks, 48 rows, +16 new | elapsed=3072s ETA=1084s | tokens=279.4
[2026-05-20 22:29:15] [min_adj_15min] [incr] 2026-05-16 ~ 2026-05-21: 48 rows, 1 pages, 1.5s
[2026-05-20 22:29:15] [min_adj_15min] [incr] 1880/2542 | 1 stocks, 48 rows, +16 new | elapsed=3073s ETA=1082s | tokens=279.3
[2026-05-20 22:29:17] [min_adj_15min] [incr] 2026-05-16 ~ 2026-05-21: 48 rows, 1 pages, 9.3s
[2026-05-20 22:29:17] [min_adj_15min] [incr] 1881/2542 | 1 stocks, 48 rows, +16 new | elapsed=3075s ETA=1080s | tokens=279.4
[2026-05-20 22:29:19] [min_adj_15min] [incr] 2026-05-16 ~ 2026-05-21: 48 rows, 1 pages, 5.4s
[2026-05-20 22:29:19] [min_adj_15min] [incr] 1882/2542 | 1 stocks, 48 rows, +16 new | elapsed=3077s ETA=1079s | tokens=279.4
[2026-05-20 22:29:21] [min_adj_15min] [incr] 2026-05-16 ~ 2026-05-21: 48 rows, 1 pages, 15.7s
[2026-05-20 22:29:21] [min_adj_15min] [incr] 1883/2542 | 1 stocks, 48 rows, +16 new | elapsed=3079s ETA=1077s | tokens=279.4
[2026-05-20 22:29:21] [min_adj_15min] [incr] 2026-05-16 ~ 2026-05-21: 48 rows, 1 pages, 6.2s
[2026-05-20 22:29:21] [min_adj_15min] [incr] 1884/2542 | 1 stocks, 48 rows, +16 new | elapsed=3079s ETA=1075s | tokens=279.4
[2026-05-20 22:29:24] [min_adj_15min] [incr] 2026-05-16 ~ 2026-05-21: 48 rows, 1 pages, 9.0s
[2026-05-20 22:29:24] [min_adj_15min] [incr] 1885/2542 | 1 stocks, 48 rows, +16 new | elapsed=3081s ETA=1074s | tokens=279.4
[2026-05-20 22:29:26] [min_adj_15min] [incr] 2026-05-16 ~ 2026-05-21: 48 rows, 1 pages, 11.8s
[2026-05-20 22:29:26] [min_adj_15min] [incr] 2026-05-16 ~ 2026-05-21: 48 rows, 1 pages, 9.0s
[2026-05-20 22:29:26] [min_adj_15min] [incr] 1886/2542 | 1 stocks, 48 rows, +16 new | elapsed=3084s ETA=1073s | tokens=278.4
[2026-05-20 22:29:26] [min_adj_15min] [incr] 1887/2542 | 1 stocks, 48 rows, +16 new | elapsed=3084s ETA=1070s | tokens=278.9
[2026-05-20 22:29:27] [min_adj_15min] [incr] 2026-05-16 ~ 2026-05-21: 48 rows, 1 pages, 5.4s
[2026-05-20 22:29:27] [min_adj_15min] [incr] 1888/2542 | 1 stocks, 48 rows, +16 new | elapsed=3084s ETA=1068s | tokens=279.4
[2026-05-20 22:29:27] [min_adj_15min] [incr] 2026-05-16 ~ 2026-05-21: 48 rows, 1 pages, 5.2s
[2026-05-20 22:29:27] [min_adj_15min] [incr] 1889/2542 | 1 stocks, 48 rows, +16 new | elapsed=3084s ETA=1066s | tokens=279.1
[2026-05-20 22:29:27] [min_adj_15min] [incr] 2026-05-16 ~ 2026-05-21: 48 rows, 1 pages, 3.0s
[2026-05-20 22:29:27] [min_adj_15min] [incr] 1890/2542 | 1 stocks, 48 rows, +16 new | elapsed=3084s ETA=1064s | tokens=279.1
[2026-05-20 22:29:29] [min_adj_15min] [incr] 2026-05-16 ~ 2026-05-21: 48 rows, 1 pages, 3.2s
[2026-05-20 22:29:29] [min_adj_15min] [incr] 1891/2542 | 1 stocks, 48 rows, +16 new | elapsed=3087s ETA=1063s | tokens=279.4
[2026-05-20 22:29:30] [min_adj_15min] [incr] 2026-05-16 ~ 2026-05-21: 48 rows, 1 pages, 3.3s
[2026-05-20 22:29:30] [min_adj_15min] [incr] 1892/2542 | 1 stocks, 48 rows, +16 new | elapsed=3087s ETA=1061s | tokens=279.4
[2026-05-20 22:29:30] [min_adj_15min] [incr] 2026-05-16 ~ 2026-05-21: 48 rows, 1 pages, 10.7s
[2026-05-20 22:29:30] [min_adj_15min] [incr] 1893/2542 | 1 stocks, 48 rows, +16 new | elapsed=3088s ETA=1059s | tokens=279.4
[2026-05-20 22:29:30] [min_adj_15min] [incr] 2026-05-16 ~ 2026-05-21: 48 rows, 1 pages, 3.7s
[2026-05-20 22:29:31] [min_adj_15min] [incr] 1894/2542 | 1 stocks, 48 rows, +16 new | elapsed=3088s ETA=1056s | tokens=279.4
[2026-05-20 22:29:31] [min_adj_15min] [incr] 2026-05-16 ~ 2026-05-21: 48 rows, 1 pages, 5.0s
[2026-05-20 22:29:31] [min_adj_15min] [incr] 1895/2542 | 1 stocks, 48 rows, +16 new | elapsed=3089s ETA=1055s | tokens=279.4
[2026-05-20 22:29:31] [min_adj_15min] [incr] 2026-05-16 ~ 2026-05-21: 48 rows, 1 pages, 1.5s
[2026-05-20 22:29:31] [min_adj_15min] [incr] 1896/2542 | 1 stocks, 48 rows, +16 new | elapsed=3089s ETA=1052s | tokens=279.4
[2026-05-20 22:29:33] [min_adj_15min] [incr] 2026-05-16 ~ 2026-05-21: 48 rows, 1 pages, 6.3s
[2026-05-20 22:29:33] [min_adj_15min] [incr] 1897/2542 | 1 stocks, 48 rows, +16 new | elapsed=3091s ETA=1051s | tokens=279.4
[2026-05-20 22:29:34] [min_adj_15min] [incr] 2026-05-16 ~ 2026-05-21: 48 rows, 1 pages, 3.4s
[2026-05-20 22:29:34] [min_adj_15min] [incr] 2026-05-16 ~ 2026-05-21: 48 rows, 1 pages, 3.8s
[2026-05-20 22:29:34] [min_adj_15min] [incr] 1898/2542 | 1 stocks, 48 rows, +16 new | elapsed=3091s ETA=1049s | tokens=278.3
[2026-05-20 22:29:34] [min_adj_15min] [incr] 1899/2542 | 1 stocks, 48 rows, +16 new | elapsed=3091s ETA=1047s | tokens=278.8
[2026-05-20 22:29:34] [min_adj_15min] [incr] 2026-05-16 ~ 2026-05-21: 48 rows, 1 pages, 3.2s
[2026-05-20 22:29:34] [min_adj_15min] [incr] 1900/2542 | 1 stocks, 48 rows, +16 new | elapsed=3092s ETA=1045s | tokens=279.4
[2026-05-20 22:29:34] [min_adj_15min] [incr] 2026-05-16 ~ 2026-05-21: 48 rows, 1 pages, 3.1s
[2026-05-20 22:29:34] [min_adj_15min] [incr] 1901/2542 | 1 stocks, 48 rows, +16 new | elapsed=3092s ETA=1043s | tokens=279.0
[2026-05-20 22:29:35] [min_adj_15min] [incr] 2026-05-16 ~ 2026-05-21: 48 rows, 1 pages, 1.4s
[2026-05-20 22:29:35] [min_adj_15min] [incr] 1902/2542 | 1 stocks, 48 rows, +16 new | elapsed=3092s ETA=1040s | tokens=279.1
[2026-05-20 22:29:35] [min_adj_15min] [incr] 2026-05-16 ~ 2026-05-21: 48 rows, 1 pages, 1.1s
[2026-05-20 22:29:35] [min_adj_15min] [incr] 2026-05-16 ~ 2026-05-21: 48 rows, 1 pages, 1.1s
[2026-05-20 22:29:35] [min_adj_15min] [incr] 1903/2542 | 1 stocks, 48 rows, +16 new | elapsed=3092s ETA=1038s | tokens=278.2
[2026-05-20 22:29:35] [min_adj_15min] [incr] 1904/2542 | 1 stocks, 48 rows, +16 new | elapsed=3092s ETA=1036s | tokens=278.6
[2026-05-20 22:29:35] [min_adj_15min] [incr] 2026-05-16 ~ 2026-05-21: 48 rows, 1 pages, 0.9s
[2026-05-20 22:29:35] [min_adj_15min] [incr] 2026-05-16 ~ 2026-05-21: 48 rows, 1 pages, 0.9s
[2026-05-20 22:29:35] [min_adj_15min] [incr] 1905/2542 | 1 stocks, 48 rows, +16 new | elapsed=3093s ETA=1034s | tokens=277.8
[2026-05-20 22:29:35] [min_adj_15min] [incr] 1906/2542 | 1 stocks, 48 rows, +16 new | elapsed=3093s ETA=1032s | tokens=278.2
[2026-05-20 22:29:36] [min_adj_15min] [incr] 2026-05-16 ~ 2026-05-21: 48 rows, 1 pages, 1.1s
[2026-05-20 22:29:36] [min_adj_15min] [incr] 2026-05-16 ~ 2026-05-21: 48 rows, 1 pages, 0.9s
[2026-05-20 22:29:36] [min_adj_15min] [incr] 1907/2542 | 1 stocks, 48 rows, +16 new | elapsed=3093s ETA=1030s | tokens=278.3
[2026-05-20 22:29:36] [min_adj_15min] [incr] 1908/2542 | 1 stocks, 48 rows, +16 new | elapsed=3093s ETA=1028s | tokens=278.8
[2026-05-20 22:29:36] [min_adj_15min] [incr] 2026-05-16 ~ 2026-05-21: 48 rows, 1 pages, 0.9s
[2026-05-20 22:29:36] [min_adj_15min] [incr] 2026-05-16 ~ 2026-05-21: 48 rows, 1 pages, 1.2s
[2026-05-20 22:29:36] [min_adj_15min] [incr] 1909/2542 | 1 stocks, 48 rows, +16 new | elapsed=3094s ETA=1026s | tokens=278.2
[2026-05-20 22:29:36] [min_adj_15min] [incr] 1910/2542 | 1 stocks, 48 rows, +16 new | elapsed=3094s ETA=1024s | tokens=278.6
[2026-05-20 22:29:37] [min_adj_15min] [incr] 2026-05-16 ~ 2026-05-21: 48 rows, 1 pages, 7.6s
[2026-05-20 22:29:37] [min_adj_15min] [incr] 2026-05-16 ~ 2026-05-21: 48 rows, 1 pages, 1.2s
[2026-05-20 22:29:37] [min_adj_15min] [incr] 2026-05-16 ~ 2026-05-21: 48 rows, 1 pages, 1.7s
[2026-05-20 22:29:37] [min_adj_15min] [incr] 1911/2542 | 1 stocks, 48 rows, +16 new | elapsed=3094s ETA=1022s | tokens=277.4
[2026-05-20 22:29:37] [min_adj_15min] [incr] 1912/2542 | 1 stocks, 48 rows, +16 new | elapsed=3095s ETA=1020s | tokens=277.8
[2026-05-20 22:29:37] [min_adj_15min] [incr] 1913/2542 | 1 stocks, 48 rows, +16 new | elapsed=3095s ETA=1018s | tokens=278.2
[2026-05-20 22:29:38] [min_adj_15min] [incr] 2026-05-16 ~ 2026-05-21: 48 rows, 1 pages, 1.7s
[2026-05-20 22:29:38] [min_adj_15min] [incr] 1914/2542 | 1 stocks, 48 rows, +16 new | elapsed=3095s ETA=1016s | tokens=279.4
[2026-05-20 22:29:38] [min_adj_15min] [incr] 2026-05-16 ~ 2026-05-21: 48 rows, 1 pages, 1.5s
[2026-05-20 22:29:39] [min_adj_15min] [incr] 1915/2542 | 1 stocks, 48 rows, +16 new | elapsed=3096s ETA=1014s | tokens=279.4
[2026-05-20 22:29:39] [min_adj_15min] [incr] 2026-05-16 ~ 2026-05-21: 48 rows, 1 pages, 2.2s
[2026-05-20 22:29:39] [min_adj_15min] [incr] 1916/2542 | 1 stocks, 48 rows, +16 new | elapsed=3097s ETA=1012s | tokens=279.4
[2026-05-20 22:29:40] [min_adj_15min] [incr] 2026-05-16 ~ 2026-05-21: 48 rows, 1 pages, 3.3s
[2026-05-20 22:29:40] [min_adj_15min] [incr] 2026-05-16 ~ 2026-05-21: 48 rows, 1 pages, 4.2s
[2026-05-20 22:29:40] [min_adj_15min] [incr] 1917/2542 | 1 stocks, 48 rows, +16 new | elapsed=3098s ETA=1010s | tokens=278.4
[2026-05-20 22:29:41] [min_adj_15min] [incr] 1918/2542 | 1 stocks, 48 rows, +16 new | elapsed=3098s ETA=1008s | tokens=278.8
[2026-05-20 22:29:41] [min_adj_15min] [incr] 2026-05-16 ~ 2026-05-21: 48 rows, 1 pages, 3.3s
[2026-05-20 22:29:41] [min_adj_15min] [incr] 2026-05-16 ~ 2026-05-21: 48 rows, 1 pages, 2.7s
[2026-05-20 22:29:41] [min_adj_15min] [incr] 1919/2542 | 1 stocks, 48 rows, +16 new | elapsed=3099s ETA=1006s | tokens=278.4
[2026-05-20 22:29:41] [min_adj_15min] [incr] 1920/2542 | 1 stocks, 48 rows, +16 new | elapsed=3099s ETA=1004s | tokens=278.8
[2026-05-20 22:29:42] [min_adj_15min] [incr] 2026-05-16 ~ 2026-05-21: 48 rows, 1 pages, 2.0s
[2026-05-20 22:29:42] [min_adj_15min] [incr] 2026-05-16 ~ 2026-05-21: 48 rows, 1 pages, 3.1s
[2026-05-20 22:29:42] [min_adj_15min] [incr] 1921/2542 | 1 stocks, 48 rows, +16 new | elapsed=3100s ETA=1002s | tokens=278.4
[2026-05-20 22:29:43] [min_adj_15min] [incr] 1922/2542 | 1 stocks, 48 rows, +16 new | elapsed=3100s ETA=1000s | tokens=278.8
[2026-05-20 22:29:43] [min_adj_15min] [incr] 2026-05-16 ~ 2026-05-21: 48 rows, 1 pages, 1.9s
[2026-05-20 22:29:43] [min_adj_15min] [incr] 2026-05-16 ~ 2026-05-21: 48 rows, 1 pages, 2.7s
[2026-05-20 22:29:43] [min_adj_15min] [incr] 1923/2542 | 1 stocks, 48 rows, +16 new | elapsed=3101s ETA=998s | tokens=279.4
[2026-05-20 22:29:43] [min_adj_15min] [incr] 1924/2542 | 1 stocks, 48 rows, +16 new | elapsed=3101s ETA=996s | tokens=278.8
[2026-05-20 22:29:44] [min_adj_15min] [incr] 2026-05-16 ~ 2026-05-21: 48 rows, 1 pages, 1.2s
[2026-05-20 22:29:44] [min_adj_15min] [incr] 1925/2542 | 1 stocks, 48 rows, +16 new | elapsed=3101s ETA=994s | tokens=279.4
[2026-05-20 22:29:46] [min_adj_15min] [incr] 2026-05-16 ~ 2026-05-21: 48 rows, 1 pages, 5.1s
[2026-05-20 22:29:46] [min_adj_15min] [incr] 1926/2542 | 1 stocks, 48 rows, +16 new | elapsed=3104s ETA=993s | tokens=279.4
[2026-05-20 22:29:47] [min_adj_15min] [incr] 2026-05-16 ~ 2026-05-21: 48 rows, 1 pages, 3.7s
[2026-05-20 22:29:47] [min_adj_15min] [incr] 1927/2542 | 1 stocks, 48 rows, +16 new | elapsed=3104s ETA=991s | tokens=279.3
[2026-05-20 22:29:49] [min_adj_15min] [incr] 2026-05-16 ~ 2026-05-21: 48 rows, 1 pages, 6.3s
[2026-05-20 22:29:50] [min_adj_15min] [incr] 1928/2542 | 1 stocks, 48 rows, +16 new | elapsed=3107s ETA=989s | tokens=279.4
[2026-05-20 22:29:50] [min_adj_15min] [incr] 2026-05-16 ~ 2026-05-21: 48 rows, 1 pages, 6.0s
[2026-05-20 22:29:50] [min_adj_15min] [incr] 1929/2542 | 1 stocks, 48 rows, +16 new | elapsed=3107s ETA=987s | tokens=279.3
[2026-05-20 22:29:50] [min_adj_15min] [incr] 2026-05-16 ~ 2026-05-21: 48 rows, 1 pages, 3.6s
[2026-05-20 22:29:50] [min_adj_15min] [incr] 1930/2542 | 1 stocks, 48 rows, +16 new | elapsed=3107s ETA=985s | tokens=279.3
[2026-05-20 22:29:50] [min_adj_15min] [incr] 2026-05-16 ~ 2026-05-21: 48 rows, 1 pages, 3.4s
[2026-05-20 22:29:50] [min_adj_15min] [incr] 1931/2542 | 1 stocks, 48 rows, +16 new | elapsed=3108s ETA=983s | tokens=279.4
[2026-05-20 22:29:51] [min_adj_15min] [incr] 2026-05-16 ~ 2026-05-21: 48 rows, 1 pages, 1.2s
[2026-05-20 22:29:51] [min_adj_15min] [incr] 1932/2542 | 1 stocks, 48 rows, +16 new | elapsed=3108s ETA=981s | tokens=279.4
[2026-05-20 22:29:51] [min_adj_15min] [incr] 2026-05-16 ~ 2026-05-21: 48 rows, 1 pages, 1.2s
[2026-05-20 22:29:51] [min_adj_15min] [incr] 1933/2542 | 1 stocks, 48 rows, +16 new | elapsed=3108s ETA=979s | tokens=279.3
[2026-05-20 22:29:51] [min_adj_15min] [incr] 2026-05-16 ~ 2026-05-21: 48 rows, 1 pages, 1.2s
[2026-05-20 22:29:51] [min_adj_15min] [incr] 1934/2542 | 1 stocks, 48 rows, +16 new | elapsed=3109s ETA=977s | tokens=279.4
[2026-05-20 22:29:51] [min_adj_15min] [incr] 2026-05-16 ~ 2026-05-21: 48 rows, 1 pages, 1.2s
[2026-05-20 22:29:51] [min_adj_15min] [incr] 1935/2542 | 1 stocks, 48 rows, +16 new | elapsed=3109s ETA=975s | tokens=279.4
[2026-05-20 22:29:52] [min_adj_15min] [incr] 2026-05-16 ~ 2026-05-21: 48 rows, 1 pages, 1.1s
[2026-05-20 22:29:52] [min_adj_15min] [incr] 1936/2542 | 1 stocks, 48 rows, +16 new | elapsed=3109s ETA=973s | tokens=279.4
[2026-05-20 22:29:52] [min_adj_15min] [incr] 2026-05-16 ~ 2026-05-21: 48 rows, 1 pages, 1.3s
[2026-05-20 22:29:52] [min_adj_15min] [incr] 1937/2542 | 1 stocks, 48 rows, +16 new | elapsed=3110s ETA=971s | tokens=279.3
[2026-05-20 22:29:53] [min_adj_15min] [incr] 2026-05-16 ~ 2026-05-21: 48 rows, 1 pages, 1.5s
[2026-05-20 22:29:53] [min_adj_15min] [incr] 1938/2542 | 1 stocks, 48 rows, +16 new | elapsed=3110s ETA=969s | tokens=279.3
[2026-05-20 22:29:54] [min_adj_15min] [incr] 2026-05-16 ~ 2026-05-21: 48 rows, 1 pages, 18.4s
[2026-05-20 22:29:54] [min_adj_15min] [incr] 1939/2542 | 1 stocks, 48 rows, +16 new | elapsed=3112s ETA=968s | tokens=279.4
[2026-05-20 22:29:55] [min_adj_15min] [incr] 2026-05-16 ~ 2026-05-21: 48 rows, 1 pages, 3.7s
[2026-05-20 22:29:56] [min_adj_15min] [incr] 1940/2542 | 1 stocks, 48 rows, +16 new | elapsed=3113s ETA=966s | tokens=279.4
[2026-05-20 22:29:56] [min_adj_15min] [incr] 2026-05-16 ~ 2026-05-21: 48 rows, 1 pages, 3.6s
[2026-05-20 22:29:56] [min_adj_15min] [incr] 1941/2542 | 1 stocks, 48 rows, +16 new | elapsed=3113s ETA=964s | tokens=279.4
[2026-05-20 22:29:57] [min_adj_15min] [incr] 2026-05-16 ~ 2026-05-21: 48 rows, 1 pages, 3.9s
[2026-05-20 22:29:57] [min_adj_15min] [incr] 1942/2542 | 1 stocks, 48 rows, +16 new | elapsed=3114s ETA=962s | tokens=279.3
[2026-05-20 22:29:57] [min_adj_15min] [incr] 2026-05-16 ~ 2026-05-21: 48 rows, 1 pages, 14.5s
[2026-05-20 22:29:57] [min_adj_15min] [incr] 1943/2542 | 1 stocks, 48 rows, +16 new | elapsed=3114s ETA=960s | tokens=279.4
[2026-05-20 22:29:58] [min_adj_15min] [incr] 2026-05-16 ~ 2026-05-21: 48 rows, 1 pages, 6.6s
[2026-05-20 22:29:58] [min_adj_15min] [incr] 1944/2542 | 1 stocks, 48 rows, +16 new | elapsed=3116s ETA=958s | tokens=279.4
[2026-05-20 22:29:59] [min_adj_15min] [incr] 2026-05-16 ~ 2026-05-21: 48 rows, 1 pages, 2.8s
[2026-05-20 22:29:59] [min_adj_15min] [incr] 1945/2542 | 1 stocks, 48 rows, +16 new | elapsed=3116s ETA=956s | tokens=279.4
[2026-05-20 22:30:05] [min_adj_15min] [incr] 2026-05-16 ~ 2026-05-21: 48 rows, 1 pages, 10.4s
[2026-05-20 22:30:05] [min_adj_15min] [incr] 1946/2542 | 1 stocks, 48 rows, +16 new | elapsed=3122s ETA=956s | tokens=279.4
[2026-05-20 22:30:05] [min_adj_15min] [incr] 2026-05-16 ~ 2026-05-21: 48 rows, 1 pages, 9.3s
[2026-05-20 22:30:05] [min_adj_15min] [incr] 1947/2542 | 1 stocks, 48 rows, +16 new | elapsed=3122s ETA=954s | tokens=279.4
[2026-05-20 22:30:05] [min_adj_15min] [incr] 2026-05-16 ~ 2026-05-21: 48 rows, 1 pages, 8.4s
[2026-05-20 22:30:05] [min_adj_15min] [incr] 2026-05-16 ~ 2026-05-21: 48 rows, 1 pages, 8.7s
[2026-05-20 22:30:05] [min_adj_15min] [incr] 1948/2542 | 1 stocks, 48 rows, +16 new | elapsed=3123s ETA=952s | tokens=279.4
[2026-05-20 22:30:05] [min_adj_15min] [incr] 1949/2542 | 1 stocks, 48 rows, +16 new | elapsed=3123s ETA=950s | tokens=278.9
[2026-05-20 22:30:06] [min_adj_15min] [incr] 2026-05-16 ~ 2026-05-21: 48 rows, 1 pages, 1.7s
[2026-05-20 22:30:06] [min_adj_15min] [incr] 1950/2542 | 1 stocks, 48 rows, +16 new | elapsed=3124s ETA=948s | tokens=279.5
[2026-05-20 22:30:10] [min_adj_15min] [incr] 2026-05-16 ~ 2026-05-21: 48 rows, 1 pages, 12.0s
[2026-05-20 22:30:10] [min_adj_15min] [incr] 1951/2542 | 1 stocks, 48 rows, +16 new | elapsed=3128s ETA=947s | tokens=279.6
[2026-05-20 22:30:14] [min_adj_15min] [incr] 2026-05-16 ~ 2026-05-21: 48 rows, 1 pages, 9.0s
[2026-05-20 22:30:14] [min_adj_15min] [incr] 1952/2542 | 1 stocks, 48 rows, +16 new | elapsed=3132s ETA=947s | tokens=279.5
[2026-05-20 22:30:15] [min_adj_15min] [incr] 2026-05-16 ~ 2026-05-21: 48 rows, 1 pages, 16.8s
[2026-05-20 22:30:16] [min_adj_15min] [incr] 1953/2542 | 1 stocks, 48 rows, +16 new | elapsed=3133s ETA=945s | tokens=279.5
[2026-05-20 22:30:22] [min_adj_15min] [incr] 2026-05-16 ~ 2026-05-21: 48 rows, 1 pages, 17.0s
[2026-05-20 22:30:22] [min_adj_15min] [incr] 1954/2542 | 1 stocks, 48 rows, +16 new | elapsed=3140s ETA=945s | tokens=279.4
[2026-05-20 22:30:25] [min_adj_15min] [incr] 2026-05-16 ~ 2026-05-21: 48 rows, 1 pages, 18.2s
[2026-05-20 22:30:25] [min_adj_15min] [incr] 1955/2542 | 1 stocks, 48 rows, +16 new | elapsed=3142s ETA=943s | tokens=279.4
[2026-05-20 22:30:28] [min_adj_15min] [incr] 2026-05-16 ~ 2026-05-21: 48 rows, 1 pages, 14.0s
[2026-05-20 22:30:28] [min_adj_15min] [incr] 1956/2542 | 1 stocks, 48 rows, +16 new | elapsed=3146s ETA=942s | tokens=279.4
[2026-05-20 22:30:29] [min_adj_15min] [incr] 2026-05-16 ~ 2026-05-21: 48 rows, 1 pages, 13.1s
[2026-05-20 22:30:29] [min_adj_15min] [incr] 1957/2542 | 1 stocks, 48 rows, +16 new | elapsed=3146s ETA=940s | tokens=279.4
[2026-05-20 22:30:29] [min_adj_15min] [incr] 2026-05-16 ~ 2026-05-21: 48 rows, 1 pages, 24.1s
[2026-05-20 22:30:29] [min_adj_15min] [incr] 1958/2542 | 1 stocks, 48 rows, +16 new | elapsed=3146s ETA=938s | tokens=279.3
[2026-05-20 22:30:29] [min_adj_15min] [incr] 2026-05-16 ~ 2026-05-21: 48 rows, 1 pages, 6.7s
[2026-05-20 22:30:29] [min_adj_15min] [incr] 1959/2542 | 1 stocks, 48 rows, +16 new | elapsed=3147s ETA=936s | tokens=279.2
[2026-05-20 22:30:30] [min_adj_15min] [incr] 2026-05-16 ~ 2026-05-21: 48 rows, 1 pages, 1.5s
[2026-05-20 22:30:30] [min_adj_15min] [incr] 1960/2542 | 1 stocks, 48 rows, +16 new | elapsed=3147s ETA=935s | tokens=279.4
[2026-05-20 22:30:32] [min_adj_15min] [incr] 2026-05-16 ~ 2026-05-21: 48 rows, 1 pages, 7.9s
[2026-05-20 22:30:33] [min_adj_15min] [incr] 1961/2542 | 1 stocks, 48 rows, +16 new | elapsed=3150s ETA=933s | tokens=279.4
[2026-05-20 22:30:34] [min_adj_15min] [incr] 2026-05-16 ~ 2026-05-21: 48 rows, 1 pages, 5.2s
[2026-05-20 22:30:34] [min_adj_15min] [incr] 1962/2542 | 1 stocks, 48 rows, +16 new | elapsed=3151s ETA=932s | tokens=279.4
[2026-05-20 22:30:36] [min_adj_15min] [incr] 2026-05-16 ~ 2026-05-21: 48 rows, 1 pages, 7.4s
[2026-05-20 22:30:36] [min_adj_15min] [incr] 1963/2542 | 1 stocks, 48 rows, +16 new | elapsed=3154s ETA=930s | tokens=279.4
[2026-05-20 22:30:37] [min_adj_15min] [incr] 2026-05-16 ~ 2026-05-21: 48 rows, 1 pages, 26.6s
[2026-05-20 22:30:37] [min_adj_15min] [incr] 1964/2542 | 1 stocks, 48 rows, +16 new | elapsed=3154s ETA=928s | tokens=279.4
[2026-05-20 22:30:41] [min_adj_15min] [incr] 2026-05-16 ~ 2026-05-21: 48 rows, 1 pages, 8.6s
[2026-05-20 22:30:41] [min_adj_15min] [incr] 1965/2542 | 1 stocks, 48 rows, +16 new | elapsed=3159s ETA=928s | tokens=279.4
[2026-05-20 22:30:46] [min_adj_15min] [incr] 2026-05-16 ~ 2026-05-21: 48 rows, 1 pages, 12.0s
[2026-05-20 22:30:46] [min_adj_15min] [incr] 1966/2542 | 1 stocks, 48 rows, +16 new | elapsed=3163s ETA=927s | tokens=279.4
[2026-05-20 22:30:46] [min_adj_15min] [incr] 2026-05-16 ~ 2026-05-21: 48 rows, 1 pages, 17.0s
[2026-05-20 22:30:46] [min_adj_15min] [incr] 2026-05-16 ~ 2026-05-21: 48 rows, 1 pages, 16.2s
[2026-05-20 22:30:46] [min_adj_15min] [incr] 1967/2542 | 1 stocks, 48 rows, +16 new | elapsed=3164s ETA=925s | tokens=278.4
[2026-05-20 22:30:46] [min_adj_15min] [incr] 1968/2542 | 1 stocks, 48 rows, +16 new | elapsed=3164s ETA=923s | tokens=278.7
[2026-05-20 22:30:52] [min_adj_15min] [incr] 2026-05-16 ~ 2026-05-21: 48 rows, 1 pages, 11.1s
[2026-05-20 22:30:52] [min_adj_15min] [incr] 1969/2542 | 1 stocks, 48 rows, +16 new | elapsed=3170s ETA=922s | tokens=279.5
[2026-05-20 22:30:59] [min_adj_15min] [incr] 2026-05-16 ~ 2026-05-21: 48 rows, 1 pages, 22.7s
[2026-05-20 22:30:59] [min_adj_15min] [incr] 1970/2542 | 1 stocks, 48 rows, +16 new | elapsed=3177s ETA=922s | tokens=279.4
[2026-05-20 22:30:59] [min_adj_15min] [incr] 2026-05-16 ~ 2026-05-21: 48 rows, 1 pages, 22.7s
[2026-05-20 22:30:59] [min_adj_15min] [incr] 1971/2542 | 1 stocks, 48 rows, +16 new | elapsed=3177s ETA=920s | tokens=279.4
[2026-05-20 22:31:00] [min_adj_15min] [incr] 2026-05-16 ~ 2026-05-21: 48 rows, 1 pages, 14.4s
[2026-05-20 22:31:00] [min_adj_15min] [incr] 1972/2542 | 1 stocks, 48 rows, +16 new | elapsed=3178s ETA=919s | tokens=279.5
[2026-05-20 22:31:10] [min_adj_15min] [incr] 2026-05-16 ~ 2026-05-21: 48 rows, 1 pages, 23.4s
[2026-05-20 22:31:10] [min_adj_15min] [incr] 1973/2542 | 1 stocks, 48 rows, +16 new | elapsed=3187s ETA=919s | tokens=279.4
[2026-05-20 22:31:14] [min_adj_15min] [incr] 2026-05-16 ~ 2026-05-21: 48 rows, 1 pages, 27.6s
[2026-05-20 22:31:14] [min_adj_15min] [incr] 1974/2542 | 1 stocks, 48 rows, +16 new | elapsed=3191s ETA=918s | tokens=279.4
[2026-05-20 22:31:15] [min_adj_15min] [incr] 2026-05-16 ~ 2026-05-21: 48 rows, 1 pages, 22.5s
[2026-05-20 22:31:15] [min_adj_15min] [incr] 1975/2542 | 1 stocks, 48 rows, +16 new | elapsed=3192s ETA=917s | tokens=279.4
[2026-05-20 22:31:19] [min_adj_15min] [incr] 2026-05-16 ~ 2026-05-21: 48 rows, 1 pages, 20.0s
[2026-05-20 22:31:19] [min_adj_15min] [incr] 1976/2542 | 1 stocks, 48 rows, +16 new | elapsed=3197s ETA=916s | tokens=279.4
[2026-05-20 22:31:21] [min_adj_15min] [incr] 2026-05-16 ~ 2026-05-21: 48 rows, 1 pages, 11.8s
[2026-05-20 22:31:22] [min_adj_15min] [incr] 1977/2542 | 1 stocks, 48 rows, +16 new | elapsed=3199s ETA=914s | tokens=279.5
[2026-05-20 22:31:22] [min_adj_15min] [incr] 2026-05-16 ~ 2026-05-21: 48 rows, 1 pages, 8.7s
[2026-05-20 22:31:23] [min_adj_15min] [incr] 1978/2542 | 1 stocks, 48 rows, +16 new | elapsed=3200s ETA=912s | tokens=279.4
[2026-05-20 22:31:24] [min_adj_15min] [incr] 2026-05-16 ~ 2026-05-21: 48 rows, 1 pages, 9.5s
[2026-05-20 22:31:25] [min_adj_15min] [incr] 1979/2542 | 1 stocks, 48 rows, +16 new | elapsed=3202s ETA=911s | tokens=279.4
[2026-05-20 22:31:26] [min_adj_15min] [incr] 2026-05-16 ~ 2026-05-21: 48 rows, 1 pages, 7.1s
[2026-05-20 22:31:26] [min_adj_15min] [incr] 1980/2542 | 1 stocks, 48 rows, +16 new | elapsed=3204s ETA=909s | tokens=279.4
[2026-05-20 22:31:27] [min_adj_15min] [incr] 2026-05-16 ~ 2026-05-21: 48 rows, 1 pages, 5.6s
[2026-05-20 22:31:27] [min_adj_15min] [incr] 1981/2542 | 1 stocks, 48 rows, +16 new | elapsed=3205s ETA=908s | tokens=279.4
[2026-05-20 22:31:27] [min_adj_15min] [incr] 2026-05-16 ~ 2026-05-21: 48 rows, 1 pages, 27.8s
[2026-05-20 22:31:27] [min_adj_15min] [incr] 1982/2542 | 1 stocks, 48 rows, +16 new | elapsed=3205s ETA=905s | tokens=279.0
[2026-05-20 22:31:28] [min_adj_15min] [incr] 2026-05-16 ~ 2026-05-21: 48 rows, 1 pages, 5.2s
[2026-05-20 22:31:28] [min_adj_15min] [incr] 1983/2542 | 1 stocks, 48 rows, +16 new | elapsed=3205s ETA=904s | tokens=279.4
[2026-05-20 22:31:28] [min_adj_15min] [incr] 2026-05-16 ~ 2026-05-21: 48 rows, 1 pages, 3.5s
[2026-05-20 22:31:28] [min_adj_15min] [incr] 1984/2542 | 1 stocks, 48 rows, +16 new | elapsed=3205s ETA=902s | tokens=279.3
[2026-05-20 22:31:29] [min_adj_15min] [incr] 2026-05-16 ~ 2026-05-21: 48 rows, 1 pages, 1.5s
[2026-05-20 22:31:29] [min_adj_15min] [incr] 2026-05-16 ~ 2026-05-21: 48 rows, 1 pages, 2.3s
[2026-05-20 22:31:29] [min_adj_15min] [incr] 1985/2542 | 1 stocks, 48 rows, +16 new | elapsed=3206s ETA=900s | tokens=278.4
[2026-05-20 22:31:29] [min_adj_15min] [incr] 1986/2542 | 1 stocks, 48 rows, +16 new | elapsed=3206s ETA=898s | tokens=279.3
[2026-05-20 22:31:32] [min_adj_15min] [incr] 2026-05-16 ~ 2026-05-21: 48 rows, 1 pages, 31.6s
[2026-05-20 22:31:32] [min_adj_15min] [incr] 1987/2542 | 1 stocks, 48 rows, +16 new | elapsed=3209s ETA=896s | tokens=279.4
[2026-05-20 22:31:32] [min_adj_15min] [incr] 2026-05-16 ~ 2026-05-21: 48 rows, 1 pages, 4.5s
[2026-05-20 22:31:33] [min_adj_15min] [incr] 1988/2542 | 1 stocks, 48 rows, +16 new | elapsed=3210s ETA=895s | tokens=279.4
[2026-05-20 22:31:33] [min_adj_15min] [incr] 2026-05-16 ~ 2026-05-21: 48 rows, 1 pages, 4.3s
[2026-05-20 22:31:33] [min_adj_15min] [incr] 1989/2542 | 1 stocks, 48 rows, +16 new | elapsed=3211s ETA=893s | tokens=279.4
[2026-05-20 22:31:34] [min_adj_15min] [incr] 2026-05-16 ~ 2026-05-21: 48 rows, 1 pages, 7.0s
[2026-05-20 22:31:34] [min_adj_15min] [incr] 1990/2542 | 1 stocks, 48 rows, +16 new | elapsed=3212s ETA=891s | tokens=279.4
[2026-05-20 22:31:36] [min_adj_15min] [incr] 2026-05-16 ~ 2026-05-21: 48 rows, 1 pages, 7.3s
[2026-05-20 22:31:36] [min_adj_15min] [incr] 1991/2542 | 1 stocks, 48 rows, +16 new | elapsed=3213s ETA=889s | tokens=279.4
[2026-05-20 22:31:36] [min_adj_15min] [incr] 2026-05-16 ~ 2026-05-21: 48 rows, 1 pages, 4.3s
[2026-05-20 22:31:36] [min_adj_15min] [incr] 1992/2542 | 1 stocks, 48 rows, +16 new | elapsed=3214s ETA=887s | tokens=279.4
[2026-05-20 22:31:37] [min_adj_15min] [incr] 2026-05-16 ~ 2026-05-21: 48 rows, 1 pages, 4.1s
[2026-05-20 22:31:37] [min_adj_15min] [incr] 1993/2542 | 1 stocks, 48 rows, +16 new | elapsed=3214s ETA=885s | tokens=279.4
[2026-05-20 22:31:37] [min_adj_15min] [incr] 2026-05-16 ~ 2026-05-21: 48 rows, 1 pages, 3.1s
[2026-05-20 22:31:37] [min_adj_15min] [incr] 2026-05-16 ~ 2026-05-21: 48 rows, 1 pages, 9.6s
[2026-05-20 22:31:37] [min_adj_15min] [incr] 1994/2542 | 1 stocks, 48 rows, +16 new | elapsed=3215s ETA=884s | tokens=278.4
[2026-05-20 22:31:38] [min_adj_15min] [incr] 1995/2542 | 1 stocks, 48 rows, +16 new | elapsed=3215s ETA=881s | tokens=278.8
[2026-05-20 22:31:40] [min_adj_15min] [incr] 2026-05-16 ~ 2026-05-21: 48 rows, 1 pages, 7.4s
[2026-05-20 22:31:41] [min_adj_15min] [incr] 1996/2542 | 1 stocks, 48 rows, +16 new | elapsed=3218s ETA=880s | tokens=279.4
[2026-05-20 22:31:42] [min_adj_15min] [incr] 2026-05-16 ~ 2026-05-21: 48 rows, 1 pages, 6.1s
[2026-05-20 22:31:42] [min_adj_15min] [incr] 2026-05-16 ~ 2026-05-21: 48 rows, 1 pages, 5.8s
[2026-05-20 22:31:42] [min_adj_15min] [incr] 1997/2542 | 1 stocks, 48 rows, +16 new | elapsed=3220s ETA=879s | tokens=278.4
[2026-05-20 22:31:42] [min_adj_15min] [incr] 1998/2542 | 1 stocks, 48 rows, +16 new | elapsed=3220s ETA=877s | tokens=278.8
[2026-05-20 22:31:43] [min_adj_15min] [incr] 2026-05-16 ~ 2026-05-21: 48 rows, 1 pages, 5.5s
[2026-05-20 22:31:43] [min_adj_15min] [incr] 1999/2542 | 1 stocks, 48 rows, +16 new | elapsed=3220s ETA=875s | tokens=279.4
[2026-05-20 22:31:45] [min_adj_15min] [incr] 2026-05-16 ~ 2026-05-21: 48 rows, 1 pages, 7.5s
[2026-05-20 22:31:45] [min_adj_15min] [incr] 2000/2542 | 1 stocks, 48 rows, +16 new | elapsed=3222s ETA=873s | tokens=279.4
[2026-05-20 22:31:47] [min_adj_15min] [incr] 2026-05-16 ~ 2026-05-21: 48 rows, 1 pages, 10.6s
[2026-05-20 22:31:47] [min_adj_15min] [incr] 2001/2542 | 1 stocks, 48 rows, +16 new | elapsed=3225s ETA=872s | tokens=279.4
[2026-05-20 22:31:54] [min_adj_15min] [incr] 2026-05-16 ~ 2026-05-21: 48 rows, 1 pages, 11.6s
[2026-05-20 22:31:54] [min_adj_15min] [incr] 2002/2542 | 1 stocks, 48 rows, +16 new | elapsed=3231s ETA=872s | tokens=279.5
[2026-05-20 22:32:00] [min_adj_15min] [incr] 2026-05-16 ~ 2026-05-21: 48 rows, 1 pages, 18.4s
[2026-05-20 22:32:01] [min_adj_15min] [incr] 2003/2542 | 1 stocks, 48 rows, +16 new | elapsed=3238s ETA=871s | tokens=279.4
[2026-05-20 22:32:01] [min_adj_15min] [incr] 2026-05-16 ~ 2026-05-21: 48 rows, 1 pages, 18.0s
[2026-05-20 22:32:01] [min_adj_15min] [incr] 2004/2542 | 1 stocks, 48 rows, +16 new | elapsed=3238s ETA=869s | tokens=279.4
[2026-05-20 22:32:01] [min_adj_15min] [incr] 2026-05-16 ~ 2026-05-21: 48 rows, 1 pages, 16.1s
[2026-05-20 22:32:01] [min_adj_15min] [incr] 2005/2542 | 1 stocks, 48 rows, +16 new | elapsed=3239s ETA=867s | tokens=279.3
[2026-05-20 22:32:02] [min_adj_15min] [incr] 2026-05-16 ~ 2026-05-21: 48 rows, 1 pages, 21.8s
[2026-05-20 22:32:02] [min_adj_15min] [incr] 2006/2542 | 1 stocks, 48 rows, +16 new | elapsed=3240s ETA=866s | tokens=279.4
[2026-05-20 22:32:03] [min_adj_15min] [incr] 2026-05-16 ~ 2026-05-21: 48 rows, 1 pages, 2.1s
[2026-05-20 22:32:03] [min_adj_15min] [incr] 2007/2542 | 1 stocks, 48 rows, +16 new | elapsed=3240s ETA=864s | tokens=279.4
