factor,n_dates,n_codes,nan_ratio,nan_ratio_per_date_mean,nan_ratio_per_date_max,xs_var_mean,xs_var_std,xs_std_mean,ic_n_dates,rank_ic_mean,rank_ic_std,rank_icir,rank_ic_pos_ratio,rank_ic_tstat,global_mean,global_std,skewness,kurtosis,extreme_ratio,flag_high_nan,flag_low_ic,flag_low_variance,flag_extreme,flag_redundant
acceleration_value_composite,1572,1782,0.006626913751595686,0.006626913751595685,0.02749719416386083,0.02270856337216662,0.004344791471897251,0.15013224027323374,1570,0.022465343160773234,0.17702653075236094,0.12690382094308553,0.5267515923566879,5.028338715602689,0.5003598578855548,0.15069261067510578,0.004356129390753392,-1.0430162512721355,0.0,False,False,False,False,False
accruals_quality_8q,1572,1782,0.00217577242598447,0.00217577242598447,0.018518518518518517,0.08333313459842738,2.268691275082542e-09,0.2886747903756533,1570,0.00419814447328904,0.05627839981374912,0.07459601707196035,0.5267515923566879,2.9557348067630014,0.5002811954311824,0.28867479039299326,5.525354233689333e-17,-1.2000297962858304,0.0,False,False,False,False,True
accruals_ratio,1572,1782,0.0021415026716129345,0.0021415026716129345,0.018518518518518517,0.08333313461857685,2.229694886580582e-09,0.2886747904105532,1570,-0.00432491708543252,0.055846094418055145,-0.07744350129584471,0.46878980891719746,-3.0685613163087386,0.5002811857740032,0.2886747904273047,5.673135602312695e-17,-1.2000297931773294,0.0,False,False,False,False,False
accruals_to_assets,1572,1782,0.0021415026716129345,0.0021415026716129345,0.018518518518518517,0.08333313461857678,2.2296948762633255e-09,0.2886747904105531,1570,0.004958184116405693,0.08424589365318283,0.058853718577871264,0.5197452229299363,2.3319741634494866,0.5002811857740032,0.2886747904273047,5.468849704578282e-17,-1.2000297931773294,0.0,False,True,False,False,False
admin_expense_ratio,1572,1782,0.002572373437513387,0.002572373437513387,0.019079685746352413,0.08333313437222602,2.2405094968515475e-09,0.28867478998386054,1570,0.0008300867629278976,0.08328810663090441,0.009966450151237923,0.5031847133757962,0.39490290189977506,0.500281307241192,0.2886747900007456,-1.967993879384294e-17,-1.2000298311713016,0.0,False,True,False,False,False
advance_receipts_ratio,1572,1782,0.002572373437513387,0.002572373437513387,0.019079685746352413,0.0660742006644382,0.005309349051313012,0.25685211115129314,1570,0.0003961117768654984,0.06276475359423721,0.00631105444030402,0.4961783439490446,0.2500643333086814,0.500281307241192,0.25702191481263603,0.6200553631844578,-1.2829630476690204,0.0,False,True,False,False,True
adx_14,1572,1782,0.0015521342917441305,0.0015521342917441307,0.010101010101010102,0.0833331349691652,7.80022188571869e-10,0.28867479101779076,1570,0.006207178959044817,0.08468628283891103,0.07329615553975866,0.5152866242038217,2.9042301001377866,0.5002810197943764,0.288674791019893,-1.2018012491617195e-17,-1.2000297390847363,0.0,False,True,False,False,False
all_a_relative_strength_20,1572,1782,0.0015507063853119833,0.0015507063853119833,0.010101010101010102,0.08333313496998258,7.79271867695792e-10,0.28867479101920657,1570,-0.027513885315083985,0.17089274473567637,-0.161000897713009,0.4356687898089172,-6.379374877768183,0.5002810193924833,0.2886747910213047,-1.8083633667909123e-17,-1.2000297389586683,0.0,False,False,False,False,True
altman_z_score,1572,1782,0.0021415026716129345,0.0021415026716129345,0.018518518518518517,0.08333313461857678,2.2296948650241504e-09,0.28867479041055305,1570,0.0005771219462420704,0.09239329803318304,0.006246361570887935,0.5146496815286624,0.24750099315476898,0.5002811857740032,0.2886747904273047,3.204864005684595e-17,-1.2000297931773294,0.0,False,True,False,False,False
am_hl_range_intraday,1572,1782,0.0005690207132107047,0.0005690207132107047,0.0028058361391694723,0.08333526658742578,0.0003715975433068549,0.2886777014801629,1570,0.03815944727198315,0.16136640706885472,0.23647702124086206,0.5961783439490446,9.36998234110787,0.5001961869658363,0.2886787879456764,-0.00016902060594276613,-1.2002823922121943,0.0,False,False,False,False,False
am_large_order_ratio,1572,1782,0.003566553290895954,0.003566553290895954,0.5471380471380471,0.0831365882556926,0.0013581680783375325,0.2883224156732704,1570,-0.018581617254632903,0.12431958534185039,-0.1494665317901255,0.4394904458598726,-5.922346095664176,0.5002815879122119,0.28835230489723174,0.00029206871140886225,-1.2137762203744662,0.0,False,False,False,False,False
am_pm_return_ratio,1572,1782,0.000666475327204759,0.0006664753272047589,0.12962962962962962,0.08257336062007356,0.0007953690867789842,0.28735247262468605,1570,0.001955207299671348,0.07625766702954505,0.025639484865355614,0.49363057324840764,1.0159190908396474,0.500429724190642,0.28736788692657644,-0.0007589749254442267,-1.1921650487756008,0.0,False,True,False,False,False
am_pm_rv_ratio,1572,1782,0.0005783021050196623,0.0005783021050196623,0.012906846240179574,0.08363435943606189,0.00030661969796611763,0.2891955720583212,1570,-0.0078036249832067325,0.1003719442839689,-0.07774707403424388,0.4681528662420382,-3.080589847381721,0.500647179419033,0.28919880693840755,-0.0018108578513455443,-1.2016762020522667,0.0,False,False,False,False,False
am_pm_vol_ratio,1572,1782,0.0005690207132107047,0.0005690207132107047,0.0028058361391694723,0.08340012668256652,0.00012077770549931678,0.2887907252464515,1570,-0.007258750074267638,0.08835887230155333,-0.08215077767736552,0.46496815286624205,-3.2550787899225453,0.5003514493248119,0.2887911965445723,-4.924150121849883e-05,-1.2004905297727742,0.0,False,False,False,False,False
am_vol_share,1572,1782,0.0005690207132107047,0.0005690207132107047,0.0028058361391694723,0.08350156357926979,0.0001738666912403812,0.288966214581476,1570,-0.007152684567407772,0.08820424615872659,-0.08109229293265847,0.4656050955414013,-3.2131382101816697,0.5006852582697312,0.28896693557019737,-0.00025090244552438995,-1.200651201897271,0.0,False,False,False,False,True
amihud_illiq_20,1572,1782,0.0015507063853119833,0.0015507063853119833,0.010101010101010102,0.08333313496998258,7.792718650235097e-10,0.28867479101920657,1570,0.017804924787264496,0.1517013346655316,0.11736828042100274,0.5624203821656051,4.6505098431143574,0.5002810193924833,0.2886747910213047,-1.0268508813672192e-17,-1.2000297389586683,0.0,False,False,False,False,False
amihud_illiq_5,1572,1782,0.001547136619231615,0.0015471366192316152,0.010101010101010102,0.08333313497201665,7.791725885150098e-10,0.2886747910227297,1570,0.02139916798915944,0.1480673207931608,0.14452323358408375,0.5656050955414013,5.726476676071547,0.5002810183877553,0.28867479102482724,-1.1621998419755598e-17,-1.20002973864497,0.0,False,False,False,False,False
amihud_illiq_60,1572,1782,0.0015714110285781192,0.0015714110285781195,0.010101010101010102,0.08333313495811019,7.937494816896085e-10,0.28867479099864296,1570,-0.012278293214212218,0.15141526047978449,-0.08109019642608281,0.4592356687898089,-3.2130551398288345,0.500281025220047,0.28867479100081955,-1.0617288867784944e-17,-1.200029740789767,0.0,False,False,False,False,False
amihud_intraday,1572,1782,0.0005690207132107047,0.0005690207132107047,0.0028058361391694723,0.08331942895033786,0.00038752620176185897,0.2886501962879034,1570,-0.03510985767509326,0.1608630150320427,-0.21825935357546072,0.410828025477707,-8.64813958689321,0.5003321798689151,0.2886513216037286,-0.0007566566275524637,-1.200096913216669,0.0,False,False,False,False,False
amortization_burden,1572,1782,0.002572373437513387,0.002572373437513387,0.019079685746352413,0.048083033066712674,0.022903264207434562,0.21144377340652576,1570,0.0011185734676590203,0.03306817811149061,0.03382628047688952,0.5114649681528662,1.3403063395787098,0.500281307241192,0.2193375986544906,-1.5838451711830812,2.708303330200653,0.0011042690967202169,False,True,False,False,False
amount_ratio_20,1572,1782,0.0015499924320959097,0.0015499924320959097,0.010101010101010102,0.0833331349703904,7.790654770746806e-10,0.28867479101991295,1570,0.021081992091695062,0.11565730285928634,0.1822798177936444,0.5847133757961783,7.2225143267817895,0.5002810191915371,0.28867479102200994,-8.788581283380175e-18,-1.2000297388957744,0.0,False,False,False,False,True
amplitude_20,1572,1782,0.0015499924320959097,0.0015499924320959097,0.010101010101010102,0.08333313497039037,7.790654760650295e-10,0.28867479101991284,1570,0.039424667556619705,0.20885233960283678,0.18876813940217987,0.567515923566879,7.479602557073235,0.5002810191915371,0.28867479102200994,-1.4959530378192668e-17,-1.2000297388957744,0.0,False,False,False,False,True
anchoring_to_52w_high,1572,1782,0.0019412387945042736,0.001941238794504274,0.014590347923681257,0.0833258670507247,4.290716258707941e-05,0.28866219271081145,1570,-0.004867622688560349,0.16698646778876766,-0.029149803292550208,0.49363057324840764,-1.1550092295004237,0.5002811293531235,0.288662214673834,-0.0004034901150171189,-1.2009643190316905,0.0,False,True,False,False,True
anchoring_to_52w_low,1572,1782,0.001959087624906115,0.001959087624906115,0.014590347923681257,0.08324773023993885,0.0009234595453040958,0.2885218037424477,1570,-0.024904869071297294,0.18837998485189877,-0.1322054946064312,0.4681528662420382,-5.238408126758151,0.5002811343808033,0.2885267195467303,0.003592226280349915,-1.2038629900316975,0.0,False,False,False,False,False
aqi,1572,1782,0.002152925923070113,0.002152925923070113,0.018518518518518517,0.0020659719464112335,0.007497874267714437,0.014337126669236165,184,0.00488434060241738,0.02707723544913805,0.18038549805397003,0.6141304347826086,2.4468679439448513,0.5002811889929891,0.04545288214816647,,,0.0036624865143863334,False,False,False,False,False
ar_turn,1572,1782,0.0021415026716129345,0.0021415026716129345,0.018518518518518517,0.08332410473109024,5.442693631301495e-07,0.28865914974273976,1570,-0.000962755356012498,0.10834364563811656,-0.00888612664214974,0.4980891719745223,-0.35209699987291543,0.5002811857740032,0.28865915177325036,0.0005359233685271252,-1.2014071208359796,0.0,False,True,False,False,False
aroon_oscillator_25,1572,1782,0.001551420338528057,0.0015514203385280571,0.010101010101010102,0.08288971240227529,0.0011003509957416872,0.287899030459632,1570,0.01809063125970706,0.14537710383938765,0.12443934279839249,0.5554140127388535,4.930688142305338,0.5002810195934297,0.28790571708429286,-0.007338311863729356,-1.2076863688396653,0.0,False,False,False,False,False
asset_growth,1572,1782,0.0021871956774416486,0.0021871956774416486,0.018518518518518517,0.007688587432004983,0.01777850635731468,0.04161678057643296,437,0.00017617357797629222,0.03622677295018521,0.004863076769728989,0.5011441647597255,0.10166040697851535,0.5002811986503894,0.08767850016449977,,,0.004452314125712593,False,True,False,False,False
asset_turn_acceleration_4q,1572,1782,0.00217577242598447,0.00217577242598447,0.018518518518518517,0.006113875655250837,0.015192683558157392,0.036144643473859706,424,-0.0029552468599574693,0.032074687194378206,-0.09213642028831512,0.4481132075471698,-1.8972050116060468,0.5002811954311824,0.07818611364835575,,,0.00589687728344368,False,False,False,False,False
asset_turn_neutral,1572,1782,0.0021415026716129345,0.0021415026716129345,0.018518518518518517,0.08330880946160664,5.21938968028627e-07,0.28863265487603645,1570,0.0012475185591871874,0.04214067268587342,0.029603669796315,0.5044585987261146,1.1729928843315833,0.5002811857740032,0.2886326579495056,-0.0010980749970321865,-1.202760978383236,0.0,False,True,False,False,False
asset_turn_stability_8q,1572,1782,0.00217577242598447,0.00217577242598447,0.018518518518518517,0.01226959843179949,0.023134113993721887,0.06011120653469555,560,0.0016536520694465154,0.0362549263107633,0.04561178956128735,0.5267857142857143,1.079371944378105,0.5002811954311823,0.11077179956295319,,,0.0038558376061447797,False,True,False,False,False
assets_impair_risk,1572,1782,0.00216791894060766,0.00216791894060766,0.018518518518518517,0.08034504914864785,0.002473151088675547,0.28341750651228464,1570,0.002452298670330261,0.08930172134064962,0.027460821958579525,0.510828025477707,1.0880863412184079,0.5002811932180202,0.28345653080678346,-0.1274829868373957,-1.3571320734356198,0.0,False,True,False,False,False
assets_to_eqt,1572,1782,0.0021415026716129345,0.0021415026716129345,0.018518518518518517,0.0833331287358636,2.2601214493878296e-09,0.2886747802213827,1570,0.00012436553846809645,0.08770647954012868,0.001417974351726146,0.5082802547770701,0.05618471750912787,0.5002811857740032,0.28867478023764326,-1.0788155400967508e-07,-1.2000298855032707,0.0,False,True,False,False,True
assets_turn,1572,1782,0.0021415026716129345,0.0021415026716129345,0.018518518518518517,0.08333309703716893,2.3151184369773255e-08,0.28867472531755756,1570,-0.002020310994079779,0.08688486830654374,-0.023252737023802556,0.5057324840764331,-0.9213484428727525,0.5002811857740032,0.2886747253181833,9.21395819664099e-07,-1.200031591681714,0.0,False,True,False,False,False
assets_yoy,1572,1782,0.0021415026716129345,0.0021415026716129345,0.018518518518518517,0.0833331339878344,2.1851776005785237e-09,0.2886747893180739,1570,0.00248921985543537,0.08219132555960405,0.030285675994241278,0.5127388535031847,1.2000161697128149,0.5002811857740032,0.28867478933440294,3.785847182727662e-09,-1.2000297916531335,0.0,False,True,False,False,False
associate_invest_income_ratio,1572,1782,0.0021639921979192548,0.0021639921979192548,0.018518518518518517,0.08182799502722618,0.0005880797852895083,0.28605407472066335,1570,-0.0025119883379866015,0.05252492102652047,-0.047824695190274887,0.4840764331210191,-1.894968682582127,0.5002811921114523,0.28605770649590845,-0.07060725953270415,-1.3159557883914415,0.0,False,True,False,False,False
atr_20,1572,1782,0.0015499924320959097,0.0015499924320959097,0.010101010101010102,0.08333312226431597,5.038133165037406e-09,0.28867476901231925,1570,0.027518415832696274,0.19478910137772246,0.14127287224008667,0.5490445859872611,5.597686875541829,0.5002810191915371,0.28867476901351113,-3.0812268931221433e-07,-1.2000301335977097,0.0,False,False,False,False,False
attention_proxy_20d,1572,1782,0.0015499924320959097,0.0015499924320959097,0.010101010101010102,0.07266845265513114,0.007852510127691309,0.26914844329526005,1570,-0.03304049727313492,0.1723991682493762,-0.19165114082999335,0.41464968152866244,-7.593836372799824,0.5002810191915371,0.2695640081740633,0.34511692594124166,-1.3118977777642884,0.0,False,False,False,False,False
avg_holding_mv,1572,1782,0.006870371798276802,0.006870371798276802,0.020763187429854096,0.08333313189827073,1.871095882829184e-09,0.28867478569883914,1570,-0.004347898246166002,0.16257248257689436,-0.026744367664493965,0.4802547770700637,-1.0596981111545871,0.5002825246633966,0.2886747857106156,-2.2664483646192614e-16,-1.2000302127491522,0.0,False,True,False,False,True
avg_holding_mv_change,1572,1782,0.0050144504130933305,0.005014450413093331,0.012345679012345678,0.08332785266901055,6.423501333125827e-06,0.2886656414352205,1570,-0.020737585411956777,0.14563003935779922,-0.142399092271111,0.44140127388535033,-5.642311345807596,0.5002819976772863,0.28866564081573,1.4868944369618134e-05,-1.199894015940127,0.0,False,False,False,False,True
benchmark_relative_return_20,1572,1782,0.0015507063853119833,0.0015507063853119833,0.010101010101010102,0.08333313496998258,7.79271867695792e-10,0.28867479101920657,1570,-0.027513885315083985,0.17089274473567637,-0.161000897713009,0.4356687898089172,-6.379374877768183,0.5002810193924833,0.2886747910213047,-1.8083633667909123e-17,-1.2000297389586683,0.0,False,False,False,False,True
beneish_earnings_manipulation,1572,1782,0.0,0.0,0.0,0.007719677916560803,0.01768706369810382,0.04252686414031676,457,-0.0025154469634228317,0.0367747239845955,-0.06840151851245771,0.43982494529540483,-1.4622574516165794,0.5002805836139169,0.08786169766491433,,,0.0024642095252782274,False,False,False,False,False
beta_120,1572,1782,0.00035554870160468127,0.00035554870160468127,0.005050505050505051,0.08333313565065707,4.2777572235436613e-10,0.28867479219817077,1570,0.007118901612807585,0.22275464236157083,0.03195848821526389,0.5038216560509554,1.2662983855861554,0.5002806834105391,0.2886747921988045,2.3491471660913587e-16,-1.2000296339846215,0.0,False,True,False,False,False
beta_60,1572,1782,0.0003548347483886076,0.0003548347483886076,0.003367003367003367,0.08333313565115824,3.9319810637359155e-10,0.2886747921990388,1570,0.00650356444789246,0.2136263928799986,0.030443637418648636,0.5031847133757962,1.2062751108543546,0.5002806832100731,0.28867479219957515,2.2796342908131397e-16,-1.2000296339071732,0.0,False,True,False,False,False
beta_asymmetry_60,1572,1782,0.00022668014610338614,0.00022668014610338614,0.0016835016835016834,0.08333313572411942,2.489675990331379e-10,0.28867479232541143,1570,-0.01098951858270917,0.1397978219343775,-0.07861008441081263,0.45987261146496816,-3.114785102151975,0.5002806472310722,0.28867479232562687,2.545897586268589e-16,-1.2000296226551026,0.0,False,False,False,False,False
beta_stability_60,1572,1782,0.0003516219589162761,0.0003516219589162761,0.003367003367003367,0.08333313565301007,3.8182964952672665e-10,0.2886747922022463,1570,0.020007067690657097,0.09743692916719221,0.2053335204799705,0.5910828025477707,8.135976387216017,0.50028068230798,0.28867479220275205,2.2660020166135604e-16,-1.2000296336215484,0.0,False,False,False,False,False
bias_20,1572,1782,0.0015499924320959097,0.0015499924320959097,0.010101010101010102,0.0833331347093473,8.196906304620002e-10,0.2886747905677724,1570,-0.029798191181964206,0.16954448442912376,-0.1757544120783299,0.4394904458598726,-6.963956704564516,0.5002810191915371,0.2886747905698936,5.228746074968935e-10,-1.20002973676093,0.0,False,False,False,False,False
big_order_divergence,1572,1782,0.0036093904838603737,0.0036093904838603737,0.012345679012345678,0.08333313317240935,2.986975097982671e-09,0.2886747879057146,1570,0.0038552280840387877,0.10002562418657432,0.03854240466270688,0.513375796178344,1.5271743917374476,0.5002816000183434,0.2886747879053061,2.430997591678359e-10,-1.200029929420144,0.0,False,True,False,False,False
big_vs_small_divergence_5d,1572,1782,0.0036179579224532576,0.0036179579224532576,0.012345679012345678,0.08333313378704015,8.814503553088061e-10,0.2886747889702877,1570,-0.010942098749390887,0.07019242370412006,-0.15588717659208884,0.4248407643312102,-6.176752752586861,0.5002816024396947,0.2886747889729575,-3.1016511965424025e-16,-1.2000299214019585,0.0,False,False,False,False,False
board_relative_strength_20,1572,1782,0.0015507063853119833,0.0015507063853119833,0.010101010101010102,0.08333313496998258,7.792718693004997e-10,0.28867479101920657,1570,-0.027430131402555916,0.16880867259409374,-0.16249242992694227,0.43312101910828027,-6.438474195039748,0.5002810193924833,0.2886747910213047,-1.485817171107076e-17,-1.2000297389586683,0.0,False,False,False,False,True
bollinger_position,1572,1782,0.0015499924320959097,0.0015499924320959097,0.010101010101010102,0.08333313494457881,7.86666315174322e-10,0.2886747909752059,1570,-0.024680230174870404,0.15756370297852343,-0.1566365203934971,0.44012738853503186,-6.206444171016318,0.5002810191915371,0.28867479097730586,1.1041382397866491e-10,-1.200029738291535,0.0,False,False,False,False,False
bollinger_position_20,1572,1782,0.0015499924320959097,0.0015499924320959097,0.010101010101010102,0.0833331349703904,7.790654785573499e-10,0.28867479101991295,1570,0.024680269009940463,0.15756367549721328,0.15663679418532583,0.5598726114649681,6.20645501953169,0.5002810191915371,0.28867479102200994,-1.5928786658654715e-17,-1.2000297388957744,0.0,False,False,False,False,True
bollinger_squeeze,1572,1782,0.0015499924320959097,0.0015499924320959097,0.010101010101010102,0.08333313497039038,7.790654752295722e-10,0.2886747910199129,1570,0.02781521276183677,0.18136389409437337,0.15336686996455326,0.5515923566878981,6.0768900747238295,0.5002810191915371,0.28867479102200994,-1.7712820491242794e-17,-1.2000297388957744,0.0,False,False,False,False,True
bollinger_width_20,1572,1782,0.0015499924320959097,0.0015499924320959097,0.010101010101010102,0.08333313497039038,7.790654752295722e-10,0.2886747910199129,1570,0.02781521276183677,0.18136389409437337,0.15336686996455326,0.5515923566878981,6.0768900747238295,0.5002810191915371,0.28867479102200994,-1.7712820491242794e-17,-1.2000297388957744,0.0,False,False,False,False,True
borrowing_to_cash_inflow,1572,1782,0.09485189754485768,0.09485189754485769,0.13636363636363635,0.08140253617779336,0.0010291441382535831,0.28530555657700085,1570,-0.0004976233389448672,0.053767215293954826,-0.009255144351893115,0.5006369426751592,-0.3667186718041162,0.5003099864134454,0.2853483745772838,0.08127354268108247,-1.3393494509012793,0.0,False,True,False,False,False
bp,1572,1782,0.004440432027370111,0.004440432027370111,0.012906846240179574,0.08333221997692696,2.2002022766744093e-07,0.2886732061982576,1570,0.02247743280566493,0.1812354164961867,0.12402340138710066,0.5273885350318471,4.91420720196581,0.5002818350834479,0.2886732061324651,-1.8894401570079997e-05,-1.2000429599837734,0.0,False,False,False,False,False
bp_down_market_defense,1572,1782,0.004440432027370111,0.004440432027370111,0.012906846240179574,0.08333221997692696,2.2002022766744093e-07,0.2886732061982576,1570,0.02247743280566493,0.1812354164961867,0.12402340138710066,0.5273885350318471,4.91420720196581,0.5002818350834479,0.2886732061324651,-1.8894401570079997e-05,-1.2000429599837734,0.0,False,False,False,False,True
bp_factor_momentum_20,1572,1782,0.01857599175241245,0.01857599175241245,1.0,0.08333280919288438,2.874824425625926e-07,0.28867422675506804,1550,0.023117784889861017,0.14331866310263608,0.16130338079769466,0.5593548387096774,6.350520452528866,0.5002822570525162,0.28867422652757146,1.7211968110984982e-06,-1.2000173763759199,0.0,False,False,False,False,False
bp_industry_neutral,1572,1782,0.004440432027370111,0.004440432027370111,0.012906846240179574,0.08332831724652849,1.061527709765381e-06,0.28866644634101096,1570,0.01817295173894327,0.09267062160127948,0.19610262049534327,0.5636942675159236,7.770218355443482,0.5002818350834479,0.2886664451132382,-2.135790181877916e-07,-1.1998226824462006,0.0,False,False,False,False,False
bp_mom_resonance,1572,1782,0.004458994810988026,0.004458994810988025,0.012906846240179574,0.08333313262772223,3.1219408528795898e-09,0.2886747869622877,1570,0.0006741506315922702,0.059324561123415095,0.011363769387013408,0.5070063694267516,0.45026919709160684,0.500281840338524,0.28867478696773435,-8.950101639081571e-10,-1.200029988359955,0.0,False,True,False,False,False
bp_neutral,1572,1782,0.004440432027370111,0.004440432027370111,0.012906846240179574,0.08330972590369695,1.3344871001656584e-06,0.2886342424217072,1570,0.018153914665440484,0.09398764609921924,0.19315213667843192,0.5605095541401274,7.653310669795558,0.5002818350834479,0.28863424506843793,-0.0010346659317337426,-1.2026166581517514,0.0,False,False,False,False,True
bp_roe_divergence,1572,1782,0.006581220745766971,0.006581220745766971,0.026374859708193043,0.08333313116556057,3.5569672978675353e-09,0.28867478442974637,1570,0.019412397708679915,0.15906928398700249,0.1220373740430371,0.5337579617834395,4.83551439263835,0.5002824424298961,0.2886747844606382,4.6782494552606624e-08,-1.2000303085456279,0.0,False,False,False,False,False
bp_size_neutral,1572,1782,0.004440432027370111,0.004440432027370111,0.012906846240179574,0.08333256115215688,3.458008473228042e-07,0.288673797134063,1570,0.02119207019546569,0.17632261247570422,0.12018917992373655,0.5312101910828025,4.762282980258765,0.5002818350834479,0.28867379613252814,2.513651289493504e-06,-1.20005119823254,0.0,False,False,False,False,True
bp_vol_interaction,1572,1782,0.004445429699882626,0.004445429699882626,0.012906846240179574,0.08333313241480694,2.421240227585156e-09,0.2886747865935072,1570,0.011255691163590553,0.154336989899998,0.07292931636727935,0.5197452229299363,2.8896947488798865,0.5002818364982569,0.28867478659948576,-2.801628882986074e-08,-1.2000300342651118,0.0,False,True,False,False,False
bp_x_mom_20,1572,1782,0.00445399713847551,0.004453997138475509,0.012906846240179574,0.08333313251216384,4.392993957104331e-09,0.2886747867621345,1570,-0.0035308074574551787,0.17497360846863583,-0.020179085796747907,0.4878980891719745,-0.7995604671569536,0.5002818389236765,0.2886747867628869,-2.749171388397588e-09,-1.2000300100198802,0.0,False,True,False,False,False
bp_x_roe,1572,1782,0.006581220745766971,0.006581220745766971,0.026374859708193043,0.08333313116556057,3.5569672978675353e-09,0.28867478442974637,1570,0.019412397708679915,0.15906928398700249,0.1220373740430371,0.5337579617834395,4.83551439263835,0.5002824424298961,0.2886747844606382,4.6782494552606624e-08,-1.2000303085456279,0.0,False,False,False,False,True
bps_rank,1572,1782,0.0021415026716129345,0.0021415026716129345,0.018518518518518517,0.08333313246571099,4.296504388643454e-09,0.2886747866816756,1570,0.0031297511209201346,0.11949035835694755,0.02619249924392047,0.5254777070063694,1.037831304273077,0.5002811857740032,0.2886747866983297,6.835485294092405e-08,-1.2000299539307382,0.0,False,True,False,False,False
bps_yoy,1572,1782,0.0021415026716129345,0.0021415026716129345,0.018518518518518517,0.08333313349087676,2.1225577075026893e-09,0.2886747884573171,1570,0.0019255092146398588,0.09316606450998768,0.02066749545306208,0.5044585987261146,0.8189128331114836,0.5002811857740032,0.2886747884730572,-4.231034327833815e-09,-1.2000297807664249,0.0,False,True,False,False,False
breakout_60,1572,1782,0.001569983122145972,0.001569983122145972,0.010101010101010102,0.08333182915325402,3.498382361223274e-05,0.28867252285595696,1570,-0.005575055095896059,0.1844876485383163,-0.030219123827892325,0.49745222929936306,-1.197379158217237,0.5002810248181383,0.28867253000948323,-6.630597874554004e-05,-1.2001607796797629,0.0,False,True,False,False,False
breakout_with_fund_flow,1572,1782,0.003627953267478289,0.0036279532674782884,0.012345679012345678,0.08333313332880346,1.7549587195604031e-09,0.28867478817659753,1570,-0.019094752218707916,0.14780203306492978,-0.1291914043585554,0.46496815286624205,-5.11898014915209,0.500281605264657,0.28867478817954456,1.8835402591746507e-08,-1.2000299679358086,0.0,False,False,False,False,True
bull_factor_alignment_5,1572,1782,0.0,0.0,0.0,0.07738990687277712,0.0009059665326039953,0.2781856331077149,1570,-0.017359722503948887,0.12014713116831963,-0.14448719944572672,0.44904458598726116,-5.725048887281284,0.5002805836139169,0.27819041477516265,-0.0030276119691120327,-1.1698392615359634,0.0,False,False,False,False,False
bv_daily,1572,1782,0.0005690207132107047,0.0005690207132107047,0.0028058361391694723,0.08321174898156826,0.003637904100428531,0.2882310059802116,1569,0.03349609841102379,0.14816437947538283,0.22607389528863847,0.5946462715105163,8.954923685856006,0.5003103855902378,0.28846463358183433,0.040132858892757674,-0.3572892261995716,4.2837192964419435e-06,False,False,False,False,True
ca_to_assets,1572,1782,0.0021415026716129345,0.0021415026716129345,0.018518518518518517,0.08332566913271681,1.9775513884741883e-07,0.28866185950450657,1570,-0.005877756981207888,0.10923841354623637,-0.05380668567399198,0.4859872611464968,-2.131994440530989,0.5002811857740032,0.2886618592172265,0.00044445078683932,-1.2011774727801185,0.0,False,True,False,False,False
ca_turn,1572,1782,0.0021415026716129345,0.0021415026716129345,0.018518518518518517,0.08332564358444848,2.0165770458950158e-07,0.28866181525156126,1570,0.00011550188047131046,0.08824100038788146,0.001308936661683324,0.5019108280254777,0.051864292527218914,0.5002811857740032,0.28866181534076696,0.0004453904731616881,-1.2011795215793672,0.0,False,True,False,False,False
calmar_ratio_60,1572,1782,0.0017723888589028537,0.001772388858902854,0.010101010101010102,0.08333313484239406,9.88068019666692e-10,0.2886747907982165,1570,-0.021662989437387925,0.17578835565298215,-0.12323335841511653,0.4496815286624204,-4.882903151122461,0.5002810818001681,0.2886747908015814,-2.5366914667597302e-17,-1.200029758637642,0.0,False,False,False,False,True
capex_to_assets,1572,1782,0.0021415026716129345,0.0021415026716129345,0.018518518518518517,0.08333313461857682,2.2296948815518618e-09,0.2886747904105532,1570,0.002679507029553137,0.09416098414534947,0.0284566591340738,0.4980891719745223,1.127544622196567,0.5002811857740032,0.2886747904273047,3.078195053614606e-17,-1.2000297931773294,0.0,False,True,False,False,False
capital_reserve_ps_rank,1572,1782,0.0021415026716129345,0.0021415026716129345,0.018518518518518517,0.08333312636614336,1.4570903830318766e-08,0.2886747761169007,1570,-0.002777877713424603,0.07109340851207482,-0.03907363244445926,0.48152866242038217,-1.5482233499322307,0.5002811857740032,0.28867477617809023,3.670876494398888e-07,-1.2000307172564921,0.0,False,True,False,False,False
capital_reserve_ratio,1572,1782,0.0021415026716129345,0.0021415026716129345,0.018518518518518517,0.08333311042495342,4.24947059597019e-08,0.28867474850590585,1570,-0.0062385725932395265,0.099650045089998,-0.06260481455482753,0.48280254777070064,-2.4806046852627732,0.5002811857740032,0.2886747486785836,1.4835597042276863e-06,-1.2000338021236785,0.0,False,True,False,False,False
cash_adequacy_ratio,1572,1782,0.04718838083978033,0.04718838083978034,0.06285072951739619,0.08333312625664638,1.435998839937927e-08,0.2886747759272461,1570,0.0018747981391078537,0.07004239549825937,0.026766619356336042,0.5305732484076433,1.0605797949584765,0.5002944796308889,0.28867477590831797,2.0252037637506035e-16,-1.2000308357877867,0.0,False,True,False,False,False
cash_change_ratio,1572,1782,0.0021932642797782747,0.0021932642797782747,0.019079685746352413,0.08333313458767537,2.312548769499914e-09,0.2886747903570302,1570,0.0021909028368840545,0.05588998938759255,0.039200272909166625,0.5140127388535032,1.5532412536243154,0.5002812003606234,0.28867479037502985,5.192113325961829e-12,-1.200029797936206,0.0,False,True,False,False,False
cash_cycle,1572,1782,0.0021415026716129345,0.0021415026716129345,0.018518518518518517,0.04347048867074167,0.0009655867905362197,0.20848291151524614,1570,0.00023960035287468956,0.02342376915656837,0.01022894100745106,0.510828025477707,0.40530363629042965,0.5002811857740032,0.20849638622271666,0.00282210553570912,1.670271033090845,0.0,False,True,False,False,False
cash_flow_quality_composite,1572,1782,0.002624135045678727,0.002624135045678727,0.01964085297418631,0.029866531625094367,0.0009043093982283034,0.1727996611110381,1570,0.000558320496541163,0.04771811672863778,0.011700388339217289,0.5057324840764331,0.4636071257465014,0.5003172676002476,0.17281500558190885,-0.12305085253227101,-0.4731108189974625,0.0,False,True,False,False,False
cash_from_sales_to_revenue,1572,1782,0.002572373437513387,0.002572373437513387,0.019079685746352413,0.08332564699375677,5.863220512013154e-07,0.2886618211553536,1570,-0.0013885106462318668,0.05311394788445005,-0.026142109587722347,0.49171974522292994,-1.0358347035620505,0.500281307241192,0.28866182288495,0.0004457215241763695,-1.201180604293578,0.0,False,True,False,False,False
cash_paid_goods_to_cogs,1572,1782,0.00216791894060766,0.00216791894060766,0.018518518518518517,0.08332507113781523,2.1573706978589195e-07,0.2886608236974245,1570,0.002212625065852226,0.06053676963113866,0.03655010135714452,0.5057324840764331,1.4482329085722139,0.5002811932180202,0.28866082378784,-0.0004794967310810259,-1.2012656802737076,0.0,False,True,False,False,False
cash_ratio,1572,1782,0.0021415026716129345,0.0021415026716129345,0.018518518518518517,0.08332566277304751,1.974024985229174e-07,0.2886618484887301,1570,-0.00227021349697046,0.10780865760126294,-0.02105780321805867,0.5070063694267516,-0.8343780857031523,0.5002811857740032,0.28866184820286206,0.00044451748653354827,-1.2011774437709763,0.0,False,True,False,False,False
cash_to_assets,1572,1782,0.0021415026716129345,0.0021415026716129345,0.018518518518518517,0.08333238687052251,3.5485492327475816e-08,0.28867349526847585,1570,-0.0011974477949119864,0.06725526047751273,-0.017804522447911142,0.5012738853503185,-0.7054726080927095,0.5002811857740032,0.2886734952870889,4.5558888436142444e-05,-1.2001517062999159,0.0,False,True,False,False,False
cf_short_debt_cover,1572,1782,0.0021415026716129345,0.0021415026716129345,0.018518518518518517,0.08332564088804688,2.0087901265126886e-07,0.2886618105810428,1570,-0.001081204487830219,0.0711753468791164,-0.015190716100991083,0.4949044585987261,-0.6019051697631682,0.5002811857740032,0.28866181069022134,0.0004455168691779485,-1.2011796410284015,0.0,False,True,False,False,False
cf_volatility_8q,1572,1782,0.00217577242598447,0.00217577242598447,0.018518518518518517,0.012018126836065356,0.022476348470094422,0.06018751851475384,576,0.0028416010210099473,0.03358339312069343,0.08461327927162333,0.5503472222222222,2.03071870251896,0.5002811954311824,0.10962854253833892,,,0.004137919196968935,False,False,False,False,False
cfps_rank,1572,1782,0.0021415026716129345,0.0021415026716129345,0.018518518518518517,0.08333312455746056,2.6083700383736235e-09,0.28867477298416727,1570,0.0027258835274091135,0.05261559697748248,0.05180751875866182,0.5305732484076433,2.0527809990080974,0.5002811857740032,0.2886747730007966,-9.155121138752722e-09,-1.2000296253845666,0.0,False,False,False,False,False
cfps_yoy,1572,1782,0.0021415026716129345,0.0021415026716129345,0.018518518518518517,0.0833331222438242,4.481103651098852e-08,0.28867476897681615,1570,0.0023459176203785635,0.03675849013905923,0.06381974916553532,0.5267515923566879,2.5287443133255683,0.5002811857740032,0.2886747692553226,5.656330087119504e-08,-1.2000293036535419,0.0,False,False,False,False,False
chip_above_below_ratio,1572,1782,0.010365172790957354,0.010365172790957354,0.025252525252525252,0.08333305274203408,8.136588940522008e-08,0.28867464859598285,1570,-0.0011254368212999868,0.07177346821062452,-0.0156804018164109,0.49554140127388535,-0.6213080972954084,0.5002835223722959,0.28867464840457774,-2.2432191648459457e-07,-1.2000322480374441,0.0,False,True,False,False,False
chip_below_momentum,1572,1782,0.0016146051981505757,0.0016146051981505757,0.08754208754208755,0.083332277354285,2.6280469144503155e-06,0.2886733055437642,1570,-0.016489145360509192,0.12420101033483022,-0.13276176511009485,0.4484076433121019,-5.260449358370667,0.5002810373783289,0.28867330857852425,3.4661162892904453e-06,-1.2000184831919574,0.0,False,False,False,False,False
chip_concentration,1572,1782,0.0015457087127994677,0.0015457087127994677,0.010101010101010102,0.08333285066280686,7.860896845428913e-08,0.2886742985836951,1570,-0.004663520183067032,0.09551150873101924,-0.04882678794448215,0.48280254777070064,-1.9346748297663414,0.5002810179858661,0.28867429860971494,-1.8689415227067887e-06,-1.20002995845784,0.0,False,True,False,False,False
chip_concentration_change_20d,1572,1782,0.0015592738239048672,0.0015592738239048672,0.010101010101010102,0.08327365322216668,6.040681635954185e-05,0.2885717281043538,1570,-0.011652536813347101,0.10096995815160223,-0.11540597843817364,0.4643312101910828,-4.572757109125451,0.5002810218038597,0.2885717274958848,0.0002796939581004066,-1.19810841057367,0.0,False,False,False,False,False
chip_concentration_change_5d,1572,1782,0.0015474935958396518,0.001547493595839652,0.010101010101010102,0.08024411759068138,0.0020114952108544093,0.28325143225665367,1570,0.008906869865021195,0.08409455630382853,0.10591493975949186,0.5312101910828025,4.196691543213912,0.5002810184882278,0.2832733644340852,-0.011909924872005949,-1.0853487151760208,0.0,False,False,False,False,False
chip_concentration_ma5,1572,1782,0.0015460656894075045,0.0015460656894075045,0.010101010101010102,0.08333312805499775,3.841041661717858e-09,0.28867477904208694,1570,-0.003996593435137227,0.09532385916045973,-0.041926475389647375,0.4859872611464968,-1.6612621893006445,0.5002810180863383,0.2886747790437198,-1.29555333184987e-07,-1.2000298668029101,0.0,False,True,False,False,True
chip_concentration_neutral,1572,1782,0.0015457087127994677,0.0015457087127994677,0.010101010101010102,0.0833087644150787,5.57860280953099e-07,0.2886325768414661,1570,-0.0035533626731447474,0.06657460019186512,-0.05337414964422032,0.4834394904458599,-2.114855967881144,0.5002810179858661,0.2886325773499243,-0.0010811285818351655,-1.202722519701628,0.0,False,True,False,False,False
chip_concentration_streak,1572,1782,0.0015457087127994677,0.0015457087127994677,0.010101010101010102,0.03448980848568537,0.00922604269891275,0.18395559118241733,1570,-0.020900930181882767,0.08141752627930221,-0.25671291105286453,0.3923566878980892,-10.171793566571258,0.5002810179858661,0.1857101071389738,1.9304680883502485,2.116268798417447,0.0,False,False,False,False,False
chip_concentration_zone,1572,1782,0.0015457087127994677,0.0015457087127994677,0.010101010101010102,0.08333310249163163,9.295357732960782e-08,0.2886747347649352,1570,0.019815870867934304,0.14597573812751274,0.13574770110512982,0.543312101910828,5.378761773667285,0.5002810179858661,0.28867473476592515,-6.812630755906496e-07,-1.2000314359142386,0.0,False,False,False,False,False
chip_cost_asymmetry,1572,1782,0.0033744998757721406,0.00337449987577214,0.01122334455667789,0.08332451394281246,4.4485168422418675e-06,0.2886598584553039,1570,-0.00582492281313313,0.11306620987593814,-0.05151780376758471,0.49171974522292994,-2.04130155658235,0.5002815336491812,0.28865986039268365,-6.787534543726507e-05,-1.1998388148000407,0.0,False,True,False,False,True
chip_cost_kurtosis_20d,1572,1782,0.0015457087127994677,0.0015457087127994677,0.010101010101010102,0.0833327988656378,1.4186701295163405e-07,0.2886742088680203,1570,0.003407289779678728,0.07394929809860792,0.046076025970324515,0.5222929936305732,1.8256807677335845,0.5002810179858661,0.288674208841487,2.113310531128992e-06,-1.200028509167587,0.0,False,True,False,False,False
chip_cost_momentum_20d,1572,1782,0.0015592738239048672,0.0015592738239048672,0.010101010101010102,0.08333218138060369,1.2677710153674399e-06,0.2886731393389101,1570,-0.013962582665917697,0.1727810885069809,-0.08081082707933956,0.47070063694267517,-3.2019856252015977,0.5002810218038597,0.2886731392472671,-6.132998680871277e-06,-1.2000076980127545,0.0,False,False,False,False,False
chip_cost_skew,1572,1782,0.01584297884128249,0.01584297884128249,0.051066217732884396,0.08327056054569268,3.045844710996646e-05,0.28856638362765813,1570,-0.0021361724141730734,0.08563702074933406,-0.02494449708176805,0.5044585987261146,-0.9883814331622511,0.5002851004543833,0.2885666615493486,-0.0003297456009383843,-1.198176256833771,0.0,False,True,False,False,True
chip_cr3_factor,1572,1782,0.0016128203151103914,0.0016128203151103912,0.08754208754208755,0.08333313358275105,1.688351945400655e-09,0.28867478861644813,1570,0.009814283436600055,0.1272514046780072,0.07712514813831563,0.513375796178344,3.055947137355405,0.5002810368758996,0.28867478862133894,-1.7701869720974306e-09,-1.200029775788958,0.0,False,True,False,False,True
chip_cr3_momentum,1572,1782,0.0016146051981505757,0.0016146051981505757,0.08754208754208755,0.08333313455038352,1.054134127545331e-09,0.28867479029243875,1570,0.0021103193821666684,0.07743312926562719,0.027253443095750566,0.5146496815286624,1.079869321770048,0.5002810373783289,0.2886747902973433,-1.4292795674574807e-09,-1.2000297409820386,0.0,False,True,False,False,False
chip_cv_factor,1572,1782,0.0016128203151103914,0.0016128203151103912,0.08754208754208755,0.0833331349511472,9.708179436263256e-10,0.2886747909865827,1570,-0.008926637576654892,0.10342533047155136,-0.08630997392955193,0.47388535031847134,-3.4198795609729156,0.5002810368758996,0.28867479099156435,-1.1852155859756931e-17,-1.2000297415924877,0.0,False,False,False,False,False
chip_cv_momentum,1572,1782,0.0016146051981505757,0.0016146051981505757,0.08754208754208755,0.08333313495013193,9.705756017107237e-10,0.2886747909848242,1570,-0.01722391290449217,0.12100444523264638,-0.14234115838783457,0.45095541401273886,-5.640015818485729,0.5002810373783289,0.28867479098980414,-1.51111513021986e-17,-1.2000297417490615,0.0,False,False,False,False,False
chip_dispersion,1572,1782,0.0016128203151103914,0.0016128203151103912,0.08754208754208755,0.0833331349511472,9.708179507031028e-10,0.2886747909865827,1570,0.006406048067744998,0.13536734828693267,0.0473234361817176,0.4929936305732484,1.8751071838459812,0.5002810368758996,0.2886747909915643,-1.4185856308460068e-17,-1.2000297415924877,0.0,False,True,False,False,False
chip_dispersion_momentum,1572,1782,0.0016146051981505757,0.0016146051981505757,0.08754208754208755,0.08333313495013193,9.70575602597855e-10,0.2886747909848242,1570,-0.013659407088136843,0.10304526518422451,-0.13255734811023612,0.4515923566878981,-5.252349697486713,0.5002810373783289,0.28867479098980414,-1.2838145251250104e-17,-1.2000297417490615,0.0,False,False,False,False,False
chip_dispersion_width,1572,1782,0.0015457087127994677,0.0015457087127994677,0.010101010101010102,0.08333285066280686,7.860896845428913e-08,0.2886742985836951,1570,-0.004663520183067032,0.09551150873101924,-0.04882678794448215,0.48280254777070064,-1.9346748297663414,0.5002810179858661,0.28867429860971494,-1.8689415227067887e-06,-1.20002995845784,0.0,False,True,False,False,True
chip_entropy_convergence,1572,1782,0.0016146051981505757,0.0016146051981505757,0.08754208754208755,0.08333313495013193,9.705755976324048e-10,0.2886747909848242,1570,-0.003978218303282341,0.09113454587390644,-0.043652143818070865,0.48662420382165605,-1.7296387385995555,0.5002810373783289,0.28867479098980414,-1.3258564927717159e-17,-1.2000297417490615,0.0,False,True,False,False,False
chip_entropy_signal,1572,1782,0.0016128203151103914,0.0016128203151103912,0.08754208754208755,0.08333313495114722,9.708179593263683e-10,0.2886747909865827,1570,0.007685945686291618,0.12689840640772546,0.060567708483246205,0.5127388535031847,2.3998879719959945,0.5002810368758996,0.2886747909915643,-1.492390887972887e-17,-1.2000297415924877,0.0,False,True,False,False,True
chip_flow_momentum_triple,1572,1782,0.003627953267478289,0.0036279532674782884,0.012345679012345678,0.08333313377652403,9.033984023513191e-10,0.28867478895207327,1570,0.00035305241715395734,0.09716748680865167,0.003633441892442998,0.5006369426751592,0.14396868749017203,0.500281605264657,0.2886747889548496,1.9503849969889733e-10,-1.2000299226787248,0.0,False,True,False,False,False
chip_gini_factor,1572,1782,0.0016128203151103914,0.0016128203151103912,0.08754208754208755,0.08333313495097742,9.70891380836671e-10,0.2886747909862886,1570,-0.011175618523624822,0.14697516187755938,-0.07603746361534813,0.4764331210191083,-3.0128495682156062,0.5002810368758996,0.28867479099127047,-3.722991854482975e-13,-1.2000297415883021,0.0,False,False,False,False,False
chip_gini_momentum,1572,1782,0.0016146051981505757,0.0016146051981505757,0.08754208754208755,0.08333313494866339,9.706791571510196e-10,0.2886747909822806,1570,-0.011842967317757566,0.1496741177214655,-0.07912501839360506,0.4694267515923567,-3.1351884474761156,0.5002810373783289,0.28867479098726057,-1.281258472252387e-11,-1.2000297417201322,0.0,False,False,False,False,False
chip_historical_position,1572,1782,0.0015457087127994677,0.0015457087127994677,0.010101010101010102,0.08333313358639247,1.5466283924379843e-09,0.2886747886227553,1570,0.01838055910664066,0.14826546071974392,0.12397060662283427,0.5375796178343949,4.912115303115414,0.5002810179858661,0.28867478862483054,-3.2564090130914857e-09,-1.2000297624109986,0.0,False,False,False,False,False
chip_iqr_factor,1572,1782,0.0016128203151103914,0.0016128203151103912,0.08754208754208755,0.08325938794023954,2.3681215014396383e-05,0.28854702607403776,1570,0.01063230347983463,0.15890095347274663,0.06691151467293237,0.5070063694267516,2.6512500352563677,0.5002810368758996,0.2885470259984424,-0.0017307319430489838,-1.201162402700825,0.0,False,True,False,False,False
chip_lead_momentum_10,1572,1782,0.013123174064649891,0.013123174064649894,1.0,0.08333313352462328,1.6702001112665446e-09,0.2886747885157678,1555,-0.009915809935034867,0.13047363918639185,-0.07599856949547758,0.4733118971061093,-2.9968887014924563,0.500281601798779,0.2886747885222325,4.673092596491453e-09,-1.2000299363003346,0.0,False,False,False,False,False
chip_mean_distance,1572,1782,0.0016167470577987965,0.0016167470577987963,0.08754208754208755,0.08333313494888049,9.75306635881721e-10,0.28867479098265664,1570,-0.02957833378315114,0.1452301240444245,-0.2036652793473027,0.4210191082802548,-8.069875292607398,0.5002810379812462,0.288674790987668,-1.778402016991156e-17,-1.2000297419421109,0.0,False,False,False,False,False
chip_median_distance,1572,1782,0.0016167470577987965,0.0016167470577987963,0.08754208754208755,0.08333302887760642,1.1576753630658136e-07,0.288674607261474,1570,-0.029833272660930533,0.1416463909773253,-0.21061795118878981,0.41146496815286626,-8.345362576895782,0.5002810379812462,0.2886746072358125,-3.450346754619346e-07,-1.2000275987180993,0.0,False,False,False,False,False
chip_mode_mean_convergence,1572,1782,0.0016146051981505757,0.0016146051981505757,0.08754208754208755,0.08333313495007516,9.706376629924553e-10,0.28867479098472587,1570,-0.0024361483812540344,0.048289833747402595,-0.050448473150626026,0.4643312101910828,-1.9989312283993697,0.5002810373783289,0.28867479098970594,5.541715410429227e-13,-1.2000297417469092,0.0,False,False,False,False,False
chip_mode_mean_gap,1572,1782,0.0016128203151103914,0.0016128203151103912,0.08754208754208755,0.08333313494956629,9.708164663418853e-10,0.2886747909838444,1570,-0.0032407149504443703,0.07002214054130046,-0.046281289394929766,0.48280254777070064,-1.833813966696149,0.5002810368758996,0.28867479098882576,-1.2615423523335473e-11,-1.2000297416009844,0.0,False,True,False,False,False
chip_momentum_confirmation,1572,1782,0.0016313830987283065,0.0016313830987283065,0.08754208754208755,0.08333313456472827,1.6410232178790358e-09,0.2886747903172846,1570,-0.00804316405862557,0.14286226534971985,-0.05630012963140615,0.48471337579617835,-2.230792732757937,0.5002810421012509,0.2886747903222636,7.954119795309126e-09,-1.2000297738652836,0.0,False,True,False,False,True
chip_momentum_quality,1572,1782,0.0037050602148142437,0.0037050602148142437,0.024130190796857465,0.08333313371380946,2.6866550358445624e-09,0.28867478884344827,1570,-0.01472281658782361,0.155921267308572,-0.09442468523993457,0.47197452229299364,-3.7414105971915625,0.5002816270591292,0.28867478886770287,4.3293369039990906e-11,-1.2000299325384085,0.0,False,False,False,False,False
chip_momentum_resonance,1572,1782,0.0016313830987283065,0.0016313830987283065,0.08754208754208755,0.0833330922523659,1.2181709908492607e-08,0.28867471703002573,1570,-0.011665982280992793,0.14889133136638716,-0.07835232698863782,0.4859872611464968,-3.1045719216856686,0.5002810421012509,0.2886747170274515,-1.5488937750148715e-07,-1.200030164828352,0.0,False,True,False,False,False
chip_p90_p10_factor,1572,1782,0.0016128203151103914,0.0016128203151103912,0.08754208754208755,0.08331005860072549,6.0635084750339855e-06,0.2886348185690615,1570,0.010139363260857945,0.15956162688881748,0.063545123339229,0.5127388535031847,2.517862752278326,0.5002810368758996,0.28863481941208996,-0.0005710314896769927,-1.2004562949000102,0.0,False,True,False,False,False
chip_p90_p10_momentum,1572,1782,0.0016146051981505757,0.0016146051981505757,0.08754208754208755,0.07606074016334069,0.0037896920460176622,0.2757043081636912,1570,-0.006113264355236964,0.07783208166989014,-0.07854427408437055,0.47197452229299364,-3.112177484746321,0.5002810373783289,0.27578973848900556,0.06293111108747555,-0.9301195537426985,0.0,False,False,False,False,False
chip_peak_distance,1572,1782,0.0016167470577987965,0.0016167470577987963,0.08754208754208755,0.08333290630090308,2.597282878613427e-07,0.28867439495164915,1570,-0.0291538241994185,0.11821948098539979,-0.24660761455228367,0.39363057324840767,-9.771389124459905,0.5002810379812462,0.2886743948497012,-1.8861803586488194e-07,-1.2000241917222054,0.0,False,False,False,False,False
chip_peak_growing,1572,1782,0.0016146051981505757,0.0016146051981505757,0.08754208754208755,0.08333313435419396,1.1034565860196147e-09,0.2886747899526281,1570,0.004065336574738625,0.06782133685636853,0.05994185256696077,0.5382165605095541,2.375089541886798,0.5002810373783289,0.2886747899576181,2.5334265731550007e-09,-1.2000297443173271,0.0,False,False,False,False,False
chip_peak_purity,1572,1782,0.0016128203151103914,0.0016128203151103912,0.08754208754208755,0.08333313183448852,2.1598662340940422e-09,0.28867478558836496,1570,0.010696247898806297,0.12550692543669728,0.08522436400691874,0.5210191082802548,3.37686419419001,0.5002810368758996,0.2886747855935876,1.1600043996043614e-08,-1.200029793871531,0.0,False,False,False,False,False
chip_peak_ratio,1572,1782,0.0016128203151103914,0.0016128203151103912,0.08754208754208755,0.08333238434566519,2.8577149122833224e-06,0.28867349085283356,1570,-0.029392708717900947,0.1382348645234713,-0.21262876640581704,0.41656050955414015,-8.425037561703654,0.5002810368758996,0.28867349320253227,3.85286458927741e-05,-1.2001448704289785,0.0,False,False,False,False,False
chip_peak_shift,1572,1782,0.0015592738239048672,0.0015592738239048672,0.010101010101010102,0.08241289692580812,0.0005993936286171316,0.2870745610762885,1570,-0.014864841353485926,0.1599466086009207,-0.0929362709438552,0.4573248407643312,-3.6824348218822527,0.5002810218038597,0.2870762362761714,-0.005949621182881062,-1.1761012882947683,0.0,False,False,False,False,False
chip_position,1572,1782,0.0015457087127994677,0.0015457087127994677,0.010101010101010102,0.08333305010045237,1.1749264767422624e-07,0.2886746440205842,1570,0.02711093743575382,0.14209032823120332,0.19080072354847447,0.5630573248407643,7.560140097074628,0.5002810179858661,0.2886746439921805,-1.4769226761962934e-06,-1.2000318192303208,0.0,False,False,False,False,False
chip_price_divergence,1572,1782,0.0055809722900477775,0.00558097229004778,1.0,0.08333313420871484,1.4355883328697075e-09,0.2886747897006506,1565,0.019975300457589048,0.15052041630353963,0.13270824615118548,0.5424920127795527,5.249948952471775,0.5002812608815832,0.2886747897044952,-6.495334646357164e-09,-1.2000298322823362,0.0,False,False,False,False,False
chip_profit_loss_ratio,1572,1782,0.0015457087127994677,0.0015457087127994677,0.010101010101010102,0.08333307445849143,1.1747629741042879e-07,0.28867468621001396,1570,0.02669832613487354,0.14212634598875765,0.1878492404004069,0.5624203821656051,7.443192814702941,0.5002810179858661,0.2886746861890197,-1.7638249487971497e-06,-1.200031264449963,0.0,False,False,False,False,True
chip_range_normalized,1572,1782,0.0015457087127994677,0.0015457087127994677,0.010101010101010102,0.08333267670388303,1.048003326853861e-07,0.28867399727694576,1570,-0.0026707760010519993,0.09325408022876347,-0.02863977634544531,0.4949044585987261,-1.1348003167579275,0.5002810179858661,0.2886739972883011,-4.560171404000653e-06,-1.2000322384904265,0.0,False,True,False,False,False
chip_resistance_distance,1572,1782,0.0015496354554878728,0.0015496354554878728,0.010662177328843996,0.08333306549675262,7.467709549754856e-08,0.28867467068784525,1570,-0.025999504232087876,0.14206502063408918,-0.18301130085394976,0.4267515923566879,-7.2514980450387085,0.5002810190910641,0.28867467067061287,-9.470263885621437e-07,-1.2000300766681729,0.0,False,False,False,False,False
chip_skew_factor,1572,1782,0.0016128203151103914,0.0016128203151103912,0.08754208754208755,0.0833331349511472,9.708179498355256e-10,0.28867479098658266,1570,0.00892711931860682,0.13080849331623642,0.06824571625502206,0.5127388535031847,2.7041154054223986,0.5002810368758996,0.2886747909915643,-2.1062076020216595e-17,-1.2000297415924877,0.0,False,True,False,False,False
chip_skew_momentum,1572,1782,0.0016146051981505757,0.0016146051981505757,0.08754208754208755,0.08333313495013193,9.705755973812963e-10,0.2886747909848242,1570,0.002765445109069093,0.08089571513940534,0.03418531011566531,0.510828025477707,1.3545322519215288,0.5002810373783289,0.28867479098980414,-1.502745781105825e-17,-1.2000297417490615,0.0,False,True,False,False,False
chip_skewness_ratio,1572,1782,0.001888406256514823,0.001888406256514823,0.010101010101010102,0.08332457112691322,4.422202785364488e-06,0.28865995750750967,1570,-0.005885422695264369,0.11311509067335973,-0.0520303936480022,0.49044585987261147,-2.061612021009464,0.5002811144722451,0.2886599565043306,-6.910068742778627e-05,-1.199840237223361,0.0,False,True,False,False,False
chip_support_distance,1572,1782,0.0015457087127994677,0.0015457087127994677,0.010101010101010102,0.0833329813386387,1.227014551280997e-07,0.2886745249213958,1570,-0.027044996991321513,0.1372219947332048,-0.19708937363797993,0.4286624203821656,-7.8093166977391615,0.5002810179858661,0.28867452487776485,2.3602791346685737e-06,-1.200029327308092,0.0,False,False,False,False,False
chip_support_resistance_20d,1572,1782,0.0015457087127994677,0.0015457087127994677,0.010101010101010102,0.08333294524813055,2.30386671405296e-08,0.2886744624107387,1570,-0.009271309593615645,0.12293221786548805,-0.07541806171397863,0.4636942675159236,-2.988306866994884,0.5002810179858661,0.2886744624238476,1.0563958770974788e-06,-1.2000296929035494,0.0,False,False,False,False,False
chip_support_strength,1572,1782,0.0907655863126601,0.0907655863126601,0.17901234567901234,0.08333293921474258,1.1422342646682761e-07,0.28867445196051456,1570,0.019201248889011376,0.1473216595154971,0.13033554571784844,0.5394904458598726,5.164314720249329,0.5003085932623019,0.28867445446632356,-7.525519322537061e-06,-1.2000449611632005,0.0,False,False,False,False,False
chip_support_strength_20d,1572,1782,0.0015457087127994677,0.0015457087127994677,0.010101010101010102,0.08333124299400936,1.0374812480561983e-06,0.2886715139926005,1570,-0.00283351730995995,0.08682913155489236,-0.03263325636475626,0.4929936305732484,-1.293034876142021,0.5002810179858661,0.2886715136963719,5.781030453195217e-06,-1.2000202157957647,0.0,False,True,False,False,False
chip_tail_risk,1572,1782,0.0016128203151103914,0.0016128203151103912,0.08754208754208755,0.08333313495114722,9.708179490719295e-10,0.2886747909865827,1570,-0.007337204797481484,0.09703253036516701,-0.0756159276674435,0.46496815286624205,-2.9961469542902326,0.5002810368758996,0.28867479099156435,-2.5695958353977815e-17,-1.2000297415924877,0.0,False,False,False,False,False
chip_tail_risk_change,1572,1782,0.0016146051981505757,0.0016146051981505757,0.08754208754208755,0.08333313495013193,9.705756002489313e-10,0.2886747909848242,1570,0.005478561607468823,0.08329944203018416,0.06576948745327281,0.5095541401273885,2.6059992331905915,0.5002810373783289,0.28867479098980414,-1.4824958347356846e-17,-1.2000297417490615,0.0,False,True,False,False,False
chip_weighted_cost_momentum_5d,1572,1782,0.0015474935958396518,0.001547493595839652,0.010101010101010102,0.08328047639972683,5.802449245701812e-05,0.28858355165148314,1570,-0.013049405801222203,0.16365514040491266,-0.0797372191850228,0.4751592356687898,-3.15944581749328,0.5002810184882278,0.28858356981201416,-0.0004940841411885861,-1.1988719855093684,0.0,False,False,False,False,False
chip_weighted_cost_volatility_20d,1572,1782,0.0015499924320959097,0.0015499924320959097,0.010101010101010102,0.08333313220579668,1.683694073385998e-08,0.2886747862314889,1570,0.0264776970659693,0.18589462434811865,0.1424339039325064,0.5522292993630573,5.643690696117526,0.5002810191915371,0.2886747862329485,-1.6968959406089954e-07,-1.200030198108396,0.0,False,False,False,False,False
chip_winner_rate_acceleration,1572,1782,0.0015507063853119833,0.0015507063853119833,0.010101010101010102,0.0833331310601525,2.159854012422068e-09,0.2886747842471741,1570,0.009924353275555468,0.11292725553764826,0.08788271023063016,0.5343949044585987,3.4821964461019466,0.5002810193924833,0.2886747842491398,9.900047986615822e-09,-1.2000297652185623,0.0,False,False,False,False,False
chip_winner_rate_ma5,1572,1782,0.0015460656894075045,0.0015460656894075045,0.010101010101010102,0.08333313320182263,2.0899672201116065e-09,0.28867478795666,1570,0.015638590634690787,0.14832724379203732,0.10543302925939163,0.5420382165605095,4.177596694791686,0.5002810180863383,0.28867478795950935,-2.362338936261203e-10,-1.2000297948452574,0.0,False,False,False,False,False
chip_winner_rate_stability_20d,1572,1782,0.0015582028940807568,0.001558202894080757,0.010101010101010102,0.08333313496568284,7.847660000252481e-10,0.2886747910117592,1570,0.02370787655382567,0.14726934079420273,0.16098311044221725,0.5617834394904458,6.378670088726353,0.5002810215024354,0.288674791013887,-9.838887886172251e-18,-1.2000297396218267,0.0,False,False,False,False,False
circ_mv_to_total_mv,1572,1782,0.0015460656894075045,0.0015460656894075045,0.010101010101010102,0.07999933786958187,0.0010216426570654807,0.2828357483931414,1570,0.003688669649414819,0.034962283495747704,0.10550425431632503,0.5401273885350318,4.180418861284686,0.5002810180863383,0.28284063947499083,-0.14463125177766722,-1.3896658308491168,0.0,False,False,False,False,False
close_5min_momentum,1572,1782,0.0005690207132107047,0.0005690207132107047,0.0028058361391694723,0.08149563287926728,0.0016701842981109638,0.28545364312927723,1570,0.029545167118799603,0.047254970574405905,0.6252287697921405,0.740764331210191,24.773580542263076,0.5003264215685271,0.28547452066757045,-0.013625799556007259,-1.1383222453454211,0.0,False,False,False,False,False
close_auction_impact,1572,1782,0.0005690207132107047,0.0005690207132107047,0.0028058361391694723,0.0804672601065783,0.0017054791420156713,0.283645698631533,1570,-0.026625590291721214,0.04222566961193872,-0.6305546018906281,0.26369426751592356,-24.984607188542192,0.5003146856640054,0.28366768496885497,0.01291750511653278,-1.0933909986874313,0.0,False,False,False,False,False
close_auction_pressure,1572,1782,0.003566553290895954,0.003566553290895954,0.5471380471380471,0.0831599491001028,0.0010598879414327807,0.2883679289920854,1570,-0.016878213010711535,0.12609395044959576,-0.13385426462198405,0.43439490445859874,-5.30373771290235,0.5002815879122119,0.28838984256235545,0.002075436767039081,-1.2115417194947797,0.0,False,False,False,False,False
close_position,1572,1782,0.0005718765260749993,0.0005718765260749993,0.005050505050505051,0.08330669385576323,0.0008989892312414943,0.2886243058245676,1570,-0.016154625732475603,0.1258095140259217,-0.12840543783633976,0.43630573248407645,-5.087837620397208,0.5005992704755085,0.28862990776210073,0.0013250827261750326,-1.2118591850849398,0.0,False,False,False,False,True
close_position_intraday_20,1572,1782,0.001616033104582723,0.0016160331045827231,0.010101010101010102,0.08333313492174806,8.015477289207472e-10,0.2886747909356618,1570,-0.0054829590266657156,0.13062501774583815,-0.041974800243350846,0.4872611464968153,-1.663176975876787,0.5002810377802736,0.2886747909378779,1.7927707521660915e-11,-1.2000297448813753,0.0,False,True,False,False,False
close_to_high_ratio_20,1572,1782,0.0015499924320959097,0.0015499924320959097,0.010101010101010102,0.08333313497033416,7.79005001126655e-10,0.2886747910198156,1570,-0.005191514350256124,0.1302313452647801,-0.039863785018122835,0.4878980891719745,-1.579531743547641,0.5002810191915371,0.28867479102191246,2.387628161832056e-12,-1.200029738898981,0.0,False,True,False,False,True
close_to_open_5d,1572,1782,0.0015474935958396518,0.001547493595839652,0.010101010101010102,0.08333266467220121,6.259639560338723e-07,0.28867397643539966,1570,-0.01633732555065198,0.1578894321197421,-0.10347320483274573,0.4585987261146497,-4.099942129570147,0.5002810184882278,0.28867397636371767,1.0665163857931423e-06,-1.2000178780545712,0.0,False,False,False,False,False
cogs_ratio,1572,1782,0.0021415026716129345,0.0021415026716129345,0.018518518518518517,0.08332496023512846,1.7294066830265988e-07,0.28866063159883565,1570,0.0026467016478668114,0.09977639971567408,0.02652632942668742,0.5254777070063694,1.05105873288767,0.5002811857740032,0.2886606322375137,-0.0004859752963561589,-1.2012819749083694,0.0,False,True,False,False,False
concept_concentration,1572,1782,0.0,0.0,0.0,4.83226608254446e-28,0.0,2.19824158875781e-14,0,,,,,,0.5002805836139169,0.0,,,0.0,False,False,False,False,True
concept_momentum_5d,1572,1782,0.0005611672278338945,0.0005611672278338945,0.0005611672278338945,0.0833331315766068,4.9852639194856424e-09,0.28867478514170014,1570,-0.006601352335964073,0.18314580325924718,-0.0360442457238275,0.49745222929936306,-1.428189276736617,0.5002807411566536,0.28867478514170025,3.929653933022778e-09,-1.2000298450832287,0.0,False,True,False,False,True
concept_overlap_premium,1572,1782,0.0005611672278338945,0.0005611672278338945,0.0005611672278338945,0.08333312662336059,6.070877485149043e-09,0.2886747765624154,1570,-0.006964972593026062,0.18138399289878984,-0.03839904768725891,0.49936305732484076,-1.5214941259705088,0.5002807411566536,0.28867477656241564,1.078788100985251e-07,-1.2000299547662983,0.0,False,True,False,False,False
concept_rotation_signal,1572,1782,0.0005611672278338945,0.0005611672278338945,0.0005611672278338945,0.08333312542840175,4.995655132690856e-09,0.28867477449268353,1570,0.0018309114633880972,0.17097003020194962,0.010708961454972117,0.48089171974522293,0.42432359473308023,0.5002807411566536,0.28867477449268364,-1.975710959428811e-08,-1.200029963569778,0.0,False,True,False,False,False
concept_turnover_heat,1572,1782,0.0005611672278338945,0.0005611672278338945,0.0005611672278338945,0.08333313215882827,1.9899789842461842e-09,0.28867478615013864,1570,-0.004158798319153713,0.15362502336888573,-0.027071099668232894,0.47961783439490446,-1.0726442870208264,0.5002807411566536,0.2886747861501387,-3.939404364701805e-09,-1.2000296899916025,0.0,False,True,False,False,False
consecutive_down_days,1572,1782,0.0015457087127994677,0.0015457087127994677,0.010101010101010102,0.06231219593535801,0.015716619492958467,0.24682350795552063,1568,0.015510338438888677,0.11820898811492653,0.13121115988074472,0.5548469387755102,5.195696851465504,0.5002810179858661,0.24962449385554786,,,0.00013579359984877579,False,False,False,False,False
consecutive_up_days,1572,1782,0.0015457087127994677,0.0015457087127994677,0.010101010101010102,0.06006027647736861,0.015025216603024855,0.24252258449949776,1570,-0.02362390023992833,0.11450112192668953,-0.20632025121163236,0.4159235668789809,-8.17507384151659,0.5002810179858661,0.24507072086661333,0.6655189429240755,-0.38566949927266847,9.043793136261414e-05,False,False,False,False,False
consecutive_up_days_20,1572,1782,0.00155106336192002,0.0015510633619200203,0.010101010101010102,0.07772030693992968,0.0016487500006087913,0.2787677179862794,1570,-0.006565236374681414,0.0945352162932443,-0.06944752053368476,0.4834394904458599,-2.7517347673775197,0.5002810194929564,0.2787832633337273,0.06415967610084672,-1.1793465073157217,0.0,False,True,False,False,False
contract_assets_ratio,1572,1782,0.0021415026716129345,0.0021415026716129345,0.018518518518518517,0.054223397559454226,0.013292960109408664,0.22972537417802222,1570,-0.0006122058016246762,0.0684741285662057,-0.008940687737745385,0.4910828025477707,-0.3542588864679007,0.5002811857740032,0.2329639325443671,1.1958860058846026,0.8622860871287391,0.001215605106774773,False,True,False,False,False
contract_liab_ratio,1572,1782,0.002572373437513387,0.002572373437513387,0.019079685746352413,0.0797656152788472,0.014063683697549763,0.28045222602042863,1570,-0.0046894975590613995,0.06934590082895911,-0.06762472623476322,0.4732484076433121,-2.679509777808784,0.500281307241192,0.282518704980912,0.17152225372057175,-0.7572488910088749,0.0,False,False,False,False,True
contract_liab_to_revenue,1572,1782,0.002572373437513387,0.002572373437513387,0.019079685746352413,0.07976562153405935,0.01406368528116,0.28045223685524595,1570,-0.004690427550051436,0.0693529091975227,-0.06763130205097409,0.4732484076433121,-2.6797703328574345,0.500281307241192,0.28251871606762635,0.17152188652433056,-0.7572479638393741,0.0,False,False,False,False,False
corporate_governance_quality,1572,1782,0.010727147071506698,0.0107271470715067,0.029180695847362513,0.08333312894025695,3.2983176315863544e-09,0.2886747805754027,1570,0.0032173818977386044,0.08820332684880673,0.03647687692385643,0.5089171974522293,1.4453315203390282,0.5002836261129439,0.2886747805997295,-6.653474842766429e-09,-1.200030571580624,0.0,False,True,False,False,False
correlation_change_20,1572,1782,0.0004462207600460357,0.0004462207600460357,0.004489337822671156,0.08333313559906344,4.834639054749763e-10,0.28867479210880786,1570,-0.01429404296682745,0.10495822831608405,-0.136187921577531,0.435031847133758,-5.3962047287203765,0.5002807088720432,0.288674792109618,2.152426092388256e-16,-1.2000296419413463,0.0,False,False,False,False,False
coskewness_60,1572,1782,0.0004876300465783078,0.00048763004657830785,0.005050505050505051,0.08333313557540761,5.316670910202357e-10,0.28867479206783475,1570,-0.015086195614700293,0.13635913607540137,-0.11063575238815099,0.445859872611465,-4.38374536660067,0.5002807205016683,0.2886747920688137,2.0720670141961665e-16,-1.200029645589682,0.0,False,False,False,False,False
cost_displacement,1572,1782,0.0015457087127994677,0.0015457087127994677,0.010101010101010102,0.08333310017146263,5.202667316330488e-08,0.28867473074630984,1570,0.029434429618008975,0.145428763224765,0.2023975791674518,0.578343949044586,8.019644922499158,0.5002810179858661,0.2886747307312263,3.1259948143318573e-07,-1.2000289966746152,0.0,False,False,False,False,True
cost_displacement_extreme,1572,1782,0.0015457087127994677,0.0015457087127994677,0.010101010101010102,0.08333312591680354,3.118776542619821e-08,0.2886747753386164,1570,0.007295389478014535,0.0940569749015133,0.07756351387713149,0.5343949044585987,3.0733166018813804,0.5002810179858661,0.28867477533326263,4.855340673731712e-07,-1.2000310299320782,0.0,False,False,False,False,False
cost_distribution_skew,1572,1782,0.006973538037999446,0.006973538037999446,0.024130190796857465,0.08327242613926678,2.8895210445113044e-05,0.2885696166130945,1570,-0.002378238396682241,0.08589847632481186,-0.027686619116377556,0.4949044585987261,-1.0970331529218798,0.5002825540150889,0.2885697095182119,-0.0003504197804746283,-1.1982568439451666,0.0,False,True,False,False,False
cost_skew_momentum_5d,1572,1782,0.02160351036517279,0.021603510365172787,0.0712682379349046,0.08112204108693867,0.0014599463309723567,0.2848076857629239,1570,0.0010428082661424758,0.04232649052502416,0.024637248522316052,0.5101910828025478,0.97620725420275,0.5002867790480541,0.28482784184217863,0.0004340334362794142,-1.1062013721758928,0.0,False,True,False,False,False
credit_impair_risk,1572,1782,0.00216791894060766,0.00216791894060766,0.018518518518518517,9.007516915041727e-29,1.0581781535507738e-28,8.716239491548239e-15,0,,,,,,0.5002811932180202,1.0773174048297034e-06,,,0.0,False,False,False,False,False
cs_dispersion_20,1572,1782,0.003875338056847811,0.003875338056847811,0.020202020202020204,0.08327997002523622,7.234998511871645e-07,0.2885826918296813,1570,0.013081954141890827,0.14412303788139952,0.09076934773367819,0.535031847133758,3.5965743348575328,0.5002816752005412,0.288582692072469,0.0008777814323703936,-1.2009416799102173,0.0,False,False,False,False,False
cs_spread_20,1572,1782,0.0015621296367691617,0.0015621296367691617,0.010101010101010102,1.95862288452656e-28,2.0918195771043755e-28,1.1929247524773231e-14,0,,,,,,0.5002810226076609,3.918448439321188e-07,,,0.0,False,False,False,False,False
cumulative_ret_path,1572,1782,0.0005718765260749993,0.0005718765260749993,0.005050505050505051,0.08350388473912372,0.0002309625239712637,0.28897010839071047,1570,-0.013759401792971476,0.1005672328336758,-0.13681794164235989,0.42229299363057327,-5.4211681558263765,0.5007142961374365,0.28897130678356553,-0.00019748970168742544,-1.2018072123153618,0.0,False,False,False,False,False
current_debt_ratio,1572,1782,0.0021415026716129345,0.0021415026716129345,0.018518518518518517,0.08332566654090506,1.9617569230587378e-07,0.2886618550151537,1570,0.005185850689100179,0.09967262111946901,0.05202883831944528,0.5178343949044586,2.061550393875307,0.5002811857740032,0.28866185479981343,-0.00044429351759409867,-1.2011778943502849,0.0,False,True,False,False,False
current_ratio,1572,1782,0.0021415026716129345,0.0021415026716129345,0.018518518518518517,0.0833278286425669,1.7595810065630776e-06,0.288665600017179,1570,-0.0026895525444710954,0.10005219112653087,-0.02688149568928237,0.5044585987261146,-1.065131565804837,0.5002811857740032,0.2886656008633153,0.0003168394494722394,-1.200852676164931,0.0,False,True,False,False,False
day_of_week_effect,1572,1782,0.0015457087127994677,0.0015457087127994677,0.010101010101010102,1.9678475891004945e-28,2.0980099787464406e-28,1.195664997601716e-14,0,,,,,,0.5002810179858661,3.837909186931109e-07,,,0.0,False,False,False,False,False
debt_reduction_4q,1572,1782,0.00217577242598447,0.00217577242598447,0.018518518518518517,0.006031527058479233,0.015292286040827338,0.034299502736488595,376,-0.0025369063152238477,0.027637189162634655,-0.09179321023911262,0.4627659574468085,-1.7799363852949144,0.5002811954311823,0.07765770267146085,,,0.004549813013792868,False,False,False,False,False
debt_to_assets,1572,1782,0.0021415026716129345,0.0021415026716129345,0.018518518518518517,0.08333313445315366,2.2533232141005385e-09,0.2886747901240314,1570,-0.0002683114755845597,0.0882065886549402,-0.0030418529916646122,0.5101910828025478,-0.12052802706404582,0.5002811857740032,0.28867479014092695,-1.226582163973518e-09,-1.2000297929191084,0.0,False,True,False,False,True
debt_to_assets_neutral,1572,1782,0.0021415026716129345,0.0021415026716129345,0.018518518518518517,0.08330862681383257,3.9600498542604654e-07,0.2886323384746795,1570,0.003113794501382837,0.030662083963185566,0.10155195273489613,0.5573248407643312,4.023815924431038,0.5002811857740032,0.28863234103451074,-0.0010979984823924912,-1.2027614165549494,0.0,False,False,False,False,False
debt_to_equity,1572,1782,0.0021415026716129345,0.0021415026716129345,0.018518518518518517,0.08333313461857675,2.2296948741622773e-09,0.28867479041055305,1570,-0.0001812488686296987,0.09128630420255851,-0.0019854990320072436,0.5089171974522293,-0.07867187589971192,0.5002811857740032,0.2886747904273047,2.2594840329683623e-17,-1.2000297931773294,0.0,False,True,False,False,True
debt_to_equity_rank,1572,1782,0.0021415026716129345,0.0021415026716129345,0.018518518518518517,0.08333312790040077,4.328257075406381e-09,0.28867477877431674,1570,8.175570784200743e-05,0.08772885279406382,0.000931913563647323,0.5076433121019108,0.0369254212903857,0.5002811857740032,0.28867477879252823,-1.5813754954041476e-07,-1.200030024054144,0.0,False,True,False,False,True
deducted_profit_ratio,1572,1782,0.0021415026716129345,0.0021415026716129345,0.018518518518518517,0.08304447014037351,0.00022067157244030957,0.28817411956592853,1570,0.007539057328828703,0.1127945924250049,0.06683881883647291,0.5261146496815287,2.648369591734528,0.5002811857740032,0.2881742390065284,0.01334281042322042,-1.2218605895919195,0.0,False,False,False,False,False
deferred_tax_asset_ratio,1572,1782,0.0021415026716129345,0.0021415026716129345,0.018518518518518517,0.08333299086699822,1.1923222080856812e-07,0.2886745414250373,1570,0.0037515824848733913,0.0535774725017884,0.0700216398738885,0.5273885350318471,2.7744832274653954,0.5002811857740032,0.28867454164271356,-8.804475936255656e-06,-1.2000535421293317,0.0,False,False,False,False,False
deferred_tax_liab_ratio,1572,1782,0.0021415026716129345,0.0021415026716129345,0.018518518518518517,0.08299024436384382,0.0003166195410102634,0.2880797482102902,1570,-0.0005522941429924375,0.04001602875730406,-0.013801822923061252,0.489171974522293,-0.5468727421615347,0.5002811857740032,0.28808217875675013,0.017593686701243897,-1.2352356072607935,0.0,False,True,False,False,True
depr_amort_to_revenue,1572,1782,0.002572373437513387,0.002572373437513387,0.019079685746352413,0.048313400672031256,0.02289557653853846,0.21200944624335755,1570,0.0006286542424266754,0.032927747390890605,0.019091929823313432,0.4968152866242038,0.7564838408544958,0.500281307241192,0.219862541362932,-1.5715189334738482,2.6613401725333294,0.0010845245835409338,False,True,False,False,True
depth_quality_composite,1572,1782,0.0021415026716129345,0.0021415026716129345,0.018518518518518517,0.08333312678834756,3.834801655718667e-09,0.28867477684818177,1570,0.003705430121027686,0.11826387910299958,0.03133188382735624,0.5101910828025478,1.2414702986170825,0.5002811857740032,0.28867477687064763,-1.9162913133586406e-08,-1.2000299414653686,0.0,False,True,False,False,False
di_plus_minus_ratio_14,1572,1782,0.0015478505724476886,0.0015478505724476886,0.010101010101010102,0.08332872501821093,1.8028228766698948e-05,0.2886671509582142,1570,-0.025468813695625876,0.13873641614919183,-0.1835769901122261,0.4261146496815287,-7.273912478089289,0.5002810185887003,0.28866714972679264,0.0002511002287382399,-1.2006342765484912,0.0,False,False,False,False,False
diluted_eps_yield,1572,1782,0.0036904241738847337,0.0036904241738847333,0.023007856341189674,0.08333191294510604,7.924961660261835e-07,0.28867267439648986,1570,0.014851342802031986,0.1426067995552016,0.10414189820088618,0.5382165605095541,4.126437917694567,0.5002816229219561,0.28867268003943397,5.3365879467591995e-05,-1.2001090989737704,0.0,False,False,False,False,False
disposition_effect,1572,1782,0.0015457087127994677,0.0015457087127994677,0.010101010101010102,0.08333313450311655,2.677050274566071e-09,0.2886747902105699,1570,0.018275363298044772,0.15426251028865198,0.11846924611720884,0.5382165605095541,4.694133655176458,0.5002810179858661,0.28867479021293263,2.830058468604548e-08,-1.2000298137231697,0.0,False,False,False,False,True
disposition_effect_proxy,1572,1782,0.0015621296367691617,0.0015621296367691617,0.010101010101010102,0.06605445958559408,0.016014646473676966,0.25476342477853736,1570,0.027186927627048524,0.15294079590606194,0.1777611229625551,0.5770700636942675,7.043469062468194,0.5002810226076609,0.25700558934956247,-0.6463679960927298,-0.8261716808365843,0.0,False,False,False,False,False
distance_from_ma_120,1572,1782,0.001630312168904196,0.001630312168904196,0.010101010101010102,0.08333313491268347,9.182394850726035e-10,0.2886747909199615,1570,0.019664629440242255,0.13339186511640208,0.14742000513361336,0.5681528662420382,5.841256108436225,0.500281041799783,0.28867479092237885,-6.209126847928232e-10,-1.2000297476679047,0.0,False,False,False,False,False
distance_from_ma_5,1572,1782,0.0015460656894075045,0.0015460656894075045,0.010101010101010102,0.08333312254579388,2.0889797959092013e-08,0.2886747694998518,1570,-0.023872751006033543,0.16056554344594084,-0.14867916549026605,0.4375796178343949,-5.891148103204045,0.5002810180863383,0.28867476950077764,4.053486126573708e-08,-1.2000294314929694,0.0,False,False,False,False,False
dividend_payable_ratio,1572,1782,0.0021415026716129345,0.0021415026716129345,0.018518518518518517,0.06629088069010639,0.0026543165691132247,0.2574189083022589,1570,2.1637784712344403e-05,0.05908108852487773,0.00036623876188796376,0.4961783439490446,0.014511561053638886,0.5002811857740032,0.25747127221621785,0.6153576333571922,-1.3289353107057198,0.0,False,True,False,False,False
dividend_sustainability,1572,1782,0.043402286934941726,0.043402286934941726,0.10044893378226712,0.07350626862437522,0.007440061586292449,0.2707405757229772,1570,0.002697338030566663,0.05468848130990709,0.04932186752968082,0.5146496815286624,1.954291479817213,0.5002933141174025,0.2714296385667496,0.25789764212682836,-1.3028929713381499,0.0,False,True,False,False,False
dollar_volume_20,1572,1782,0.0015499924320959097,0.0015499924320959097,0.010101010101010102,0.08333313497027779,7.78990432028505e-10,0.2886747910197179,1570,-0.03326875643703645,0.16878315797938906,-0.1971094559156137,0.4210191082802548,-7.810112422354646,0.5002810191915371,0.2886747910218147,-1.4228138300824268e-12,-1.2000297388973864,0.0,False,False,False,False,False
dollar_volume_growth_20,1572,1782,0.0015499924320959097,0.0015499924320959097,0.010101010101010102,0.0833331349703904,7.790654784664719e-10,0.28867479101991295,1570,-0.021072939561379737,0.11486370157303437,-0.18346039064378247,0.41656050955414015,-7.26929243105653,0.5002810191915371,0.28867479102200994,-1.0203618965337951e-17,-1.2000297388957744,0.0,False,False,False,False,True
donchian_breakout_20,1572,1782,0.0015482075490557254,0.0015482075490557256,0.010101010101010102,0.0833331347880541,8.256882683700924e-10,0.28867479070409685,1570,-0.010375354919672095,0.10944759855915107,-0.09479746523688891,0.4732484076433121,-3.756181343077366,0.500281018689173,0.2886747907062297,3.8115125130943224e-10,-1.2000297374064839,0.0,False,False,False,False,False
donchian_breakout_momentum_20,1572,1782,0.001553562198176278,0.001553562198176278,0.010101010101010102,0.08323664548012712,0.0006132496882064101,0.2885055452748014,1570,-0.00914743196351956,0.13044421856027474,-0.07012523869958084,0.4745222929936306,-2.7785881470986142,0.5002810201962707,0.28850761910408657,-0.0005927101265322357,-1.198058309880095,0.0,False,False,False,False,False
donchian_position_60,1572,1782,0.0015457087127994677,0.0015457087127994677,0.010101010101010102,0.08290393948872678,0.0022617059414026725,0.2878990089065355,1570,0.02184176771031501,0.1697820769248393,0.1286458977644862,0.5420382165605095,5.097365418356831,0.5002810179858661,0.28793016887525297,-0.017535818240643528,-1.2149941173756449,0.0,False,False,False,False,True
down_volatility_20,1572,1782,0.0015499924320959097,0.0015499924320959097,0.010101010101010102,0.0833331349703904,7.790654725969889e-10,0.2886747910199129,1570,0.024589802591330586,0.19897314670309665,0.12358352370042651,0.5363057324840764,4.896777829188884,0.5002810191915371,0.28867479102200994,-1.2221373631354615e-17,-1.2000297388957744,0.0,False,False,False,False,True
downside_beta_60,1572,1782,5.390346781356111e-05,5.3903467813561125e-05,0.001122334455667789,0.08333313574202003,1.0095252048377109e-09,0.28867479235641624,1570,-0.002243228979109129,0.18481312523702134,-0.012137822875037722,0.48280254777070064,-0.4809396930061905,0.5002805987391621,0.28867479235644966,-4.890152559287888e-09,-1.2000296206555794,0.0,False,True,False,False,False
downside_vol_20,1572,1782,0.0015507063853119833,0.0015507063853119833,0.010101010101010102,0.08333313496998258,7.792718577273544e-10,0.28867479101920657,1570,0.024590480977597577,0.19897312118675542,0.12358694898552174,0.5363057324840764,4.896913550032656,0.5002810193924833,0.2886747910213047,-1.2601337045968918e-17,-1.2000297389586683,0.0,False,False,False,False,False
dp_ttm,1572,1782,0.0015460656894075045,0.0015460656894075045,0.010101010101010102,0.0819233759295829,0.0005026053188799984,0.2862212467618338,1570,0.013304088579607357,0.14456348689618112,0.0920293835272647,0.5254777070063694,3.6465010172604035,0.5002810180863383,0.28622247590173866,0.06659041153915987,-1.3112977584656953,0.0,False,False,False,False,True
dsri,1572,1782,0.04989640538834771,0.049896405388347706,0.06677890011223345,0.0022334941715329527,0.007679365122169094,0.016609914637974836,242,-0.0009248453022299375,0.03189207076972938,-0.02899922394213931,0.5041322314049587,-0.4511220537699478,0.5002953189689083,0.047254644399137624,,,0.0026304630420373345,False,True,False,False,False
dt_appearance_frequency_20d,1572,1782,0.0015457087127994677,0.0015457087127994677,0.010101010101010102,0.02356745702912922,0.00546347840900703,0.15246012614599255,1570,-0.026626488156720005,0.0970975918973375,-0.2742239805995655,0.3719745222929936,-10.865638624182072,0.5002810179858661,0.1535102843826366,2.664903922450405,5.386867136593866,0.0,False,False,False,False,False
dt_crowded_trade_warning,1572,1782,0.001547136619231615,0.0015471366192316152,0.010101010101010102,0.023596990235636005,0.0054844074978264955,0.1525505389237505,1570,0.026611158787388893,0.09766496223745866,0.27247395767877935,0.6273885350318471,10.796297071340039,0.5002810183877553,0.1536064294823478,-2.669775451821046,5.419516225107252,0.0,False,False,False,False,True
dt_net_amount_persistence_10d,1572,1782,0.0015457087127994677,0.0015457087127994677,0.010101010101010102,0.014367607480604986,0.0039656893929911905,0.11871813068576233,1570,0.025054779773593664,0.08213471575155748,0.3050449440816207,0.6363057324840764,12.086864610738463,0.5002810179858661,0.1198596645318375,-3.796902748827097,12.912706458261916,0.003306877702753936,False,False,False,False,False
dt_pattern_momentum,1572,1782,0.0015478505724476886,0.0015478505724476886,0.010101010101010102,0.0833331349715567,7.785520931527486e-10,0.288674791021933,1570,-0.002230422679691184,0.16472999259499826,-0.013539869968760667,0.49554140127388535,-0.5364933211796648,0.5002810185887003,0.2886747910240275,-1.136797632029511e-12,-1.200029738706081,0.0,False,True,False,False,False
dt_pattern_reversal,1572,1782,0.0015478505724476886,0.0015478505724476886,0.010101010101010102,0.08333313497161293,7.786125230186407e-10,0.28867479102203036,1570,-0.012168566162318158,0.16573123661380024,-0.07342349222116946,0.45414012738853504,-2.9092755901813168,0.5002810185887003,0.28867479102412497,-1.5230779164803493e-17,-1.2000297387072318,0.0,False,False,False,False,False
dt_smart_money_tracking,1572,1782,0.0015457087127994677,0.0015457087127994677,0.010101010101010102,1.9678475891004945e-28,2.0980099787464406e-28,1.195664997601716e-14,0,,,,,,0.5002810179858661,3.837909186931109e-07,,,0.0,False,False,False,False,False
dual_margin_signal,1572,1782,0.145035312126067,0.14503531212606702,0.4781144781144781,0.08333308742161884,2.2037698093406143e-08,0.28867470866291245,1570,-0.00029434040577571536,0.09319543314252324,-0.0031583136195695587,0.49745222929936306,-0.1251425727868296,0.5003281815236308,0.2886747163810134,1.4285049998356362e-07,-1.2000314843014193,0.0,False,True,False,False,False
dupont_roe_decomposition,1572,1782,0.0021415026716129345,0.0021415026716129345,0.018518518518518517,0.08333311125729292,4.548708645881174e-09,0.2886747499475714,1570,0.0019295331132433212,0.10244156978189187,0.018835450465582344,0.5171974522292994,0.7463213014238624,0.5002811857740032,0.28867474996669923,-8.155457526839591e-08,-1.2000300373540826,0.0,False,True,False,False,False
dv_composite,1572,1782,0.0015460656894075045,0.0015460656894075045,0.010101010101010102,0.07647089142608629,0.004516007457505509,0.27641357650751225,1570,0.014020797656892669,0.14813174912294574,0.09465086141159211,0.5261146496815287,3.7503724266466625,0.5002810180863383,0.27653421831527975,0.08151669632201773,-1.2372906107249806,0.0,False,False,False,False,False
earnings_announcement_drift,1572,1782,0.0021415026716129345,0.0021415026716129345,0.018518518518518517,0.0833186957133142,8.92454236508059e-06,0.2886497799658249,1570,0.004342285463477859,0.07900285714494543,0.05496365094127076,0.5369426751592357,2.1778371362262954,0.5002811857740032,0.28864979703102234,8.379995168560624e-05,-1.1996278140558594,0.0,False,False,False,False,False
earnings_momentum_4q,1572,1782,0.002232174730054289,0.002232174730054289,0.018518518518518517,0.012107610184447394,0.023142727459068042,0.05881687516640629,543,-0.0008572318028840778,0.041523633394008067,-0.020644431443414532,0.47882136279926335,-0.481063981653855,0.5002812113267343,0.11002922753746777,,,0.0036521193465661344,False,True,False,False,False
earnings_momentum_quality,1572,1782,0.0021871956774416486,0.0021871956774416486,0.018518518518518517,0.08306850085863685,0.00022468026342336748,0.2882158019517395,1570,0.006265401101375468,0.06465279085894138,0.09690843996271158,0.5407643312101911,3.839824970689441,0.5002811986503896,0.28821595497257474,0.004837914702095183,-1.194396852906981,0.0,False,False,False,False,False
earnings_quality_composite,1572,1782,0.00217577242598447,0.00217577242598447,0.018518518518518517,0.08308419370742928,0.00022271555432739351,0.28824302946289576,1570,0.005853248047761678,0.06325518326291761,0.09253388806784243,0.5363057324840764,3.6664911144437036,0.5002811954311824,0.288243189090849,0.004187612626202443,-1.1941598105880489,0.0,False,False,False,False,False
earnings_season_effect,1572,1782,0.0015592738239048672,0.0015592738239048672,0.010101010101010102,0.08333313496506776,7.857020138092277e-10,0.2886747910106938,1570,-0.023481312242539982,0.18264069580448936,-0.1285656087714204,0.45031847133757963,-5.094184109478427,0.5002810218038597,0.28867479101282667,-1.460948005326649e-17,-1.200029739716694,0.0,False,False,False,False,True
earnings_smoothness_8q,1572,1782,0.00217577242598447,0.00217577242598447,0.018518518518518517,0.012133152949230383,0.023179956368696897,0.05896871938062774,546,-0.002954902759523565,0.034962651125870756,-0.08451598103603399,0.46886446886446886,-1.9748547474596347,0.5002811954311824,0.11015486040510901,,,0.0036236775327465032,False,False,False,False,False
earnings_structure_quality,1572,1782,0.0021415026716129345,0.0021415026716129345,0.018518518518518517,0.04256918388474236,0.0014600434961429397,0.20629220135298573,1570,0.004630322336318224,0.07904232293017541,0.058580291730653836,0.5267515923566879,2.321140109821068,0.499928624506503,0.2063256733616307,-0.1495220588071825,-0.6929254187597466,0.0,False,False,False,False,False
ebit_ps_rank,1572,1782,0.0021415026716129345,0.0021415026716129345,0.018518518518518517,0.08332545712105058,2.739738230070996e-07,0.2886614922722208,1570,0.0015385894781720915,0.12771740705274898,0.01204682676917042,0.5140127388535032,0.4773341337826677,0.5002811857740032,0.2886614921802861,0.000342957745934954,-1.2005578842392084,0.0,False,True,False,False,False
ebit_rank,1572,1782,0.0021415026716129345,0.0021415026716129345,0.018518518518518517,0.08332558312153993,1.9753907733754344e-07,0.28866171052188905,1570,0.0036212422323677364,0.1402318618533986,0.025823248614879415,0.5082802547770701,1.023200403328018,0.5002811857740032,0.2886617102413771,0.00033780094124675884,-1.2005502881736034,0.0,False,True,False,False,False
ebit_to_interest,1572,1782,0.0021415026716129345,0.0021415026716129345,0.018518518518518517,0.08039556326041974,0.0009278274820129604,0.2835363844839294,1570,0.0020974316417647033,0.06899144565294346,0.03040132906209392,0.5121019108280255,1.2045987173015316,0.5002811857740032,0.2835391319297826,0.09328887380337916,-1.2337214222127695,0.0,False,True,False,False,False
ebitda_margin_rank,1572,1782,0.0021415026716129345,0.0021415026716129345,0.018518518518518517,0.04084843780094559,0.023600976059955456,0.1925811612040702,1570,-0.00043043807485565493,0.040084918668291794,-0.010738155125562037,0.5006369426751592,-0.42548034212639696,0.5002811857740032,0.20215253814373843,1.9210191762071351,4.653635485771575,0.0014509077528526413,False,True,False,False,True
ebitda_rank,1572,1782,0.0021415026716129345,0.0021415026716129345,0.018518518518518517,0.04084843780094558,0.023600976059955443,0.1925811612040702,1570,-0.0006717553543004709,0.045979286103025756,-0.014609956161460819,0.4961783439490446,-0.5788935877106404,0.5002811857740032,0.20215253814373843,1.9210191762071347,4.6536354857715745,0.0014509077528526413,False,True,False,False,True
ebitda_to_debt_rank,1572,1782,0.0021415026716129345,0.0021415026716129345,0.018518518518518517,0.04084728021573344,0.023600097873684396,0.1925787514663206,1570,-0.0011389158364668952,0.04221817902051614,-0.026976905752221888,0.4980891719745223,-1.068912020244834,0.5002811857740032,0.2021496704554878,1.921074394923284,4.653653849136721,0.0014509077528526413,False,True,False,False,False
ebitda_to_ev,1572,1782,0.003686854407804365,0.003686854407804365,0.023007856341189674,0.0408336641318376,0.02361118274016735,0.19252723916020048,1570,0.00043604010398813674,0.044429201259539086,0.009814268355646335,0.5076433121019108,0.3888729682941801,0.5002816219129079,0.20213149293683091,1.9204799587482109,4.6753472518801145,0.0016176517510838324,False,True,False,False,True
ebitda_to_ev_neutral,1572,1782,0.003686854407804365,0.003686854407804365,0.023007856341189674,0.08292372980528577,0.0005866959178808649,0.2879629909167416,1570,-0.0003522363457217035,0.05605493928005873,-0.006283769998605812,0.49936305732484076,-0.2489832357222956,0.5002816219129079,0.28796625402244247,0.0002607079554484061,-1.189843035481805,0.0,False,True,False,False,False
ebt_growth_momentum,1572,1782,0.0021871956774416486,0.0021871956774416486,0.018518518518518517,0.0076968943332453845,0.01778997800698262,0.04137547078990257,425,0.009413794403211226,0.035880657055732706,0.2623640472522275,0.5858823529411765,5.408773395927385,0.5002811986503896,0.0877257324991745,,,0.004548399432312263,False,False,False,False,False
ebt_yoy,1572,1782,0.0021415026716129345,0.0021415026716129345,0.018518518518518517,0.08333313455510377,2.2113164784182154e-09,0.2886747903006145,1570,0.004124005101920325,0.07961380319917827,0.05180012681472916,0.5305732484076433,2.0524881063466793,0.5002811857740032,0.2886747903172364,2.119168770325864e-10,-1.2000297917288758,0.0,False,False,False,False,True
effective_tax_by_ebt,1572,1782,0.0021639921979192548,0.0021639921979192548,0.018518518518518517,0.0833330825807322,7.253600902861997e-08,0.28867470027821357,1570,-0.0034159841665247054,0.0746908048512084,-0.045735002766802285,0.478343949044586,-1.8121683284354901,0.5002811921114523,0.2886747003345194,-2.38870580181411e-06,-1.2000336659763526,0.0,False,True,False,False,False
eps_growth_4q,1572,1782,0.0021415026716129345,0.0021415026716129345,0.018518518518518517,0.0833186957133142,8.92454236508059e-06,0.2886497799658249,1570,0.004342285463477859,0.07900285714494543,0.05496365094127076,0.5369426751592357,2.1778371362262954,0.5002811857740032,0.28864979703102234,8.379995168560624e-05,-1.1996278140558594,0.0,False,False,False,False,True
eps_growth_4q_qoq,1572,1782,0.0,0.0,0.0,0.08333311171233998,1.0175794867213105e-07,0.2886747507356833,1570,0.00473468117347488,0.07949286049178553,0.059561086922568895,0.535031847133758,2.360002378891716,0.5002805836139169,0.2886747507357371,2.614925000609235e-07,-1.2000287653568231,0.0,False,False,False,False,False
eps_growth_acceleration_8q,1572,1782,0.0022328886832703627,0.0022328886832703627,0.018518518518518517,0.01340559006676264,0.024509369816771806,0.0624816571501993,531,0.007933027218641002,0.03793362860792526,0.20912914239329053,0.5951035781544256,4.819054268548897,0.5002812115279552,0.11577524489843723,,,0.002735867166863803,False,False,False,False,False
eps_growth_stability_8q,1572,1782,0.00217577242598447,0.00217577242598447,0.018518518518518517,0.012389806474885058,0.022889783208647436,0.0623048684304153,610,0.0019156888655922468,0.03439286484368857,0.05570018299722404,0.5393442622950819,1.3756930382224772,0.5002811954311824,0.11131229550389732,,,0.004540336907409441,False,False,False,False,False
eps_rank,1572,1782,0.0021415026716129345,0.0021415026716129345,0.018518518518518517,0.08333038734345477,2.1264531658459197e-06,0.2886700319220696,1570,0.004453412710570634,0.14658935337984091,0.030380192066411495,0.5159235668789809,1.203761201354954,0.5002811857740032,0.28867003284154,2.324869607609728e-05,-1.1999939753798532,0.0,False,True,False,False,False
eqt_to_debt_rank,1572,1782,0.0021415026716129345,0.0021415026716129345,0.018518518518518517,0.08333312921983817,2.556790268711519e-09,0.2886747810596522,1570,-0.0005481933936402156,0.0917476284172101,-0.005975014320232663,0.5089171974522293,-0.23674933984990765,0.5002811857740032,0.2886747810739067,1.0730332180878596e-07,-1.2000298940920766,0.0,False,True,False,False,True
equity_to_invested_capital,1572,1782,0.0021415026716129345,0.0021415026716129345,0.018518518518518517,0.0833233268209943,1.9291558991751693e-06,0.28865780226736965,1570,-0.0023248268089206777,0.10242928463213088,-0.022696895885489825,0.5038216560509554,-0.8993242241003637,0.5002811857740032,0.2886578108879088,0.0004912403252901302,-1.2015304624409524,0.0,False,True,False,False,False
equity_vs_debt_financing,1572,1782,0.0021415026716129345,0.0021415026716129345,0.018518518518518517,0.0832139274521169,8.056186552168368e-05,0.2884682095881254,1570,-0.0015227992432957649,0.055461589189225245,-0.027456826707583877,0.5076433121019108,-1.0879280364872288,0.5002811857740033,0.28846822248327186,-0.005693577276888636,-1.2100112358168713,0.0,False,True,False,False,False
equity_yoy,1572,1782,0.0021415026716129345,0.0021415026716129345,0.018518518518518517,0.08333313030434618,1.9272836282821675e-08,0.28867478293807564,1570,-0.0002512719890618223,0.10810234264360186,-0.0023243898598037838,0.48662420382165605,-0.0920998235935503,0.5002811857740032,0.2886747830579906,1.479179621907848e-07,-1.200029940942041,0.0,False,True,False,False,False
ev_to_total_assets,1572,1782,0.003686854407804365,0.003686854407804365,0.023007856341189674,0.08333313372654869,2.6633774570864455e-09,0.2886747888655133,1570,0.021294609865299824,0.17572398839993966,0.12118214513111482,0.5331210191082802,4.801627464596599,0.5002816219129079,0.2886747888893545,-1.145196870308401e-16,-1.200029930766126,0.0,False,False,False,False,False
expense_control,1572,1782,0.002572373437513387,0.002572373437513387,0.019079685746352413,0.08333313437222602,2.2405095210980555e-09,0.28867478998386054,1570,0.00261094454027356,0.10250866974243009,0.025470475295738284,0.5159235668789809,1.00922238654896,0.500281307241192,0.2886747900007456,3.98779527351909e-17,-1.2000298311713018,0.0,False,True,False,False,False
expense_to_sales,1572,1782,0.0021415026716129345,0.0021415026716129345,0.018518518518518517,0.08332502429129912,4.3087418309934323e-07,0.2886607425521214,1570,0.007749836034547558,0.11812947796784863,0.06560459055492343,0.5146496815286624,2.5994654862010123,0.5002811857740032,0.28866074207138054,-0.0004822076996864657,-1.2012724386787212,0.0,False,True,False,False,True
ext_accrued_expenses_to_assets,1572,1782,0.0021415026716129345,0.0021415026716129345,0.018518518518518517,8.897878672898714e-29,1.0572739782515128e-28,8.662988336295862e-15,0,,,,,,0.500281185774003,1.0796899964858483e-06,,,0.0,False,False,True,False,False
ext_adj_lossgain_ratio,1572,1782,0.00216791894060766,0.00216791894060766,0.018518518518518517,9.007516915041727e-29,1.0581781535507738e-28,8.716239491548239e-15,0,,,,,,0.5002811932180202,1.0773174048297034e-06,,,0.0,False,False,False,False,False
ext_advance_receipts_ratio,1572,1782,0.0021415026716129345,0.0021415026716129345,0.018518518518518517,0.0660898773298329,0.00531092277125408,0.2568824772787998,1570,0.0006249170035853022,0.0596502871488186,0.010476345269323301,0.49872611464968153,0.41510659115130194,0.5002811857740032,0.25705272881413616,0.6195429544314581,-1.283389003074846,0.0,False,True,False,False,False
ext_ar_turnover_factor,1572,1782,0.0021415026716129345,0.0021415026716129345,0.018518518518518517,0.08332410473109024,5.442693631301495e-07,0.28865914974273976,1570,-0.000962755356012498,0.10834364563811656,-0.00888612664214974,0.4980891719745223,-0.35209699987291543,0.5002811857740032,0.28865915177325036,0.0005359233685271252,-1.2014071208359796,0.0,False,True,False,False,True
ext_asset_impairment_ratio,1572,1782,0.002572373437513387,0.002572373437513387,0.019079685746352413,0.08035255069037722,0.002472817117520243,0.2834307515593885,1570,0.0027157573543549847,0.08527819171201018,0.03184586000048252,0.5114649681528662,1.261835692432823,0.500281307241192,0.2834694949718532,-0.12729938948661307,-1.3566986467156041,0.0,False,True,False,False,False
ext_assets_turnover_factor,1572,1782,0.0021415026716129345,0.0021415026716129345,0.018518518518518517,0.08333309703716893,2.3151184369773255e-08,0.28867472531755756,1570,-0.002020310994079779,0.08688486830654374,-0.023252737023802556,0.5057324840764331,-0.9213484428727525,0.5002811857740032,0.2886747253181833,9.21395819664099e-07,-1.200031591681714,0.0,False,True,False,False,True
ext_assets_yoy_factor,1572,1782,0.0021415026716129345,0.0021415026716129345,0.018518518518518517,0.0833331339878344,2.1851776005785237e-09,0.2886747893180739,1570,0.00248921985543537,0.08219132555960405,0.030285675994241278,0.5127388535031847,1.2000161697128149,0.5002811857740032,0.28867478933440294,3.785847182727662e-09,-1.2000297916531335,0.0,False,True,False,False,True
ext_biological_assets_to_assets,1572,1782,0.0021415026716129345,0.0021415026716129345,0.018518518518518517,0.011509602644465412,0.0002905959546178985,0.10727421188198337,1570,-0.0020233224542098266,0.06474240541939157,-0.03125188879070909,0.4636942675159236,-1.2383006372401462,0.5002811857740032,0.10728573311082448,4.218537435282497,15.817867216032946,0.0,False,True,False,False,False
ext_biz_tax_surchg_to_revenue,1572,1782,0.002572373437513387,0.002572373437513387,0.019079685746352413,0.08333313437222602,2.2405095217758915e-09,0.28867478998386054,1570,0.0009680181514415331,0.06609537062096102,0.014645778400923931,0.5012738853503185,0.5803129803832436,0.500281307241192,0.2886747900007456,-2.7205461907053773e-17,-1.2000298311713016,0.0,False,True,False,False,False
ext_bond_issuance_ratio,1572,1782,0.09485189754485768,0.09485189754485769,0.13636363636363635,0.016245341401940214,0.0015019164781067207,0.12732298220898633,1570,0.0066393585858939485,0.11129808626562467,0.05965384319410862,0.5095541401273885,2.3636776815566165,0.5003099864134454,0.1274863508285521,3.4013323060370584,9.637020736905248,0.0,False,True,False,False,False
ext_bonds_due_within_year,1572,1782,0.0021415026716129345,0.0021415026716129345,0.018518518518518517,8.897878672898714e-29,1.0572739782515128e-28,8.662988336295862e-15,0,,,,,,0.500281185774003,1.0796899964858483e-06,,,0.0,False,False,True,False,False
ext_bps_factor,1572,1782,0.003686854407804365,0.003686854407804365,0.023007856341189674,0.08333313372114999,2.663472072538256e-09,0.28867478885616243,1570,0.02190840789402925,0.1798599996686435,0.12180811705988637,0.5248407643312102,4.826430491494695,0.5002816219129079,0.28867478888000353,-3.196653828669686e-11,-1.2000299307395197,0.0,False,False,False,False,True
ext_bps_yoy_factor,1572,1782,0.0021415026716129345,0.0021415026716129345,0.018518518518518517,0.08333313349087676,2.1225577075026893e-09,0.2886747884573171,1570,0.0019255092146398588,0.09316606450998768,0.02066749545306208,0.5044585987261146,0.8189128331114836,0.5002811857740032,0.2886747884730572,-4.231034327833815e-09,-1.2000297807664249,0.0,False,True,False,False,True
ext_bs_opacity_score,1572,1782,0.0021415026716129345,0.0021415026716129345,0.018518518518518517,0.08332522207013247,3.3010464694758205e-07,0.2886610851323842,1570,0.004342040095819753,0.0445046480273034,0.09756374419939083,0.5369426751592357,3.8657902382385605,0.5002811857740032,0.2886610865112909,-0.0004706553554937215,-1.2012434251277293,0.0,False,False,False,False,False
ext_ca_turnover_factor,1572,1782,0.0021415026716129345,0.0021415026716129345,0.018518518518518517,0.08332564358444848,2.0165770458950158e-07,0.28866181525156126,1570,0.00011550188047131046,0.08824100038788146,0.001308936661683324,0.5019108280254777,0.051864292527218914,0.5002811857740032,0.28866181534076696,0.0004453904731616881,-1.2011795215793672,0.0,False,True,False,False,True
ext_capex_to_revenue,1572,1782,0.002572373437513387,0.002572373437513387,0.019079685746352413,0.08333313437222602,2.240509516323522e-09,0.28867478998386054,1570,-0.0011111865430849617,0.06108351989464694,-0.018191265745678493,0.5025477707006369,-0.7207966249955229,0.500281307241192,0.2886747900007456,2.0078809576153938e-17,-1.2000298311713016,0.0,False,True,False,False,False
ext_capital_contribution_cf,1572,1782,0.09485189754485768,0.09485189754485769,0.13636363636363635,0.06571378906358799,0.006411710391438123,0.25602955886957973,1570,-0.0023909458537364975,0.04674631238610348,-0.05114726128530443,0.48980891719745223,-2.0266194682450642,0.5003099864134454,0.2565869299993178,0.6359683733581164,-1.261028946159732,0.0,False,True,False,False,False
ext_capital_reserve_ratio,1572,1782,0.0021415026716129345,0.0021415026716129345,0.018518518518518517,0.08333313290735386,8.704774293794379e-09,0.28867478744662417,1570,0.005927819180850858,0.09948924835631383,0.05958251046003268,0.5127388535031847,2.360851248547915,0.5002811857740032,0.28867478747115755,-1.0515811041314717e-07,-1.2000300782649478,0.0,False,True,False,False,True
ext_capitalized_dividend_ratio,1572,1782,0.00216791894060766,0.00216791894060766,0.018518518518518517,9.007516915041727e-29,1.0581781535507738e-28,8.716239491548239e-15,0,,,,,,0.5002811932180202,1.0773174048297034e-06,,,0.0,False,False,False,False,False
ext_capitalized_to_da_factor,1572,1782,0.0021415026716129345,0.0021415026716129345,0.018518518518518517,0.04234151231871889,0.023462501567642458,0.19677655027879817,1570,0.00048150843637668285,0.03744465447478952,0.01285920362012873,0.5,0.5095231249491754,0.5002811857740032,0.2058111339260754,-1.8914892998483925,3.844212329975595,0.001048652315407139,False,True,False,False,False
ext_cash_balance_change,1572,1782,0.6869136659212995,0.6869136659212995,0.9725028058361391,0.08333044328522184,6.722243555722651e-06,0.2886701286063912,1570,0.0018985482806856576,0.07041365007748164,0.026962787450963508,0.5254777070063694,1.0683526076102223,0.5008961860783308,0.28867531336863295,2.11206223208738e-11,-1.2001133019405428,0.0,True,True,False,False,False
ext_cash_equivalents_change,1572,1782,0.0021932642797782747,0.0021932642797782747,0.019079685746352413,0.08333313458767537,2.312548769499914e-09,0.2886747903570302,1570,0.002191099067467376,0.05589823696841324,0.03919799954881428,0.5140127388535032,1.5531511757544036,0.5002812003606234,0.28867479037502985,5.192113754550347e-12,-1.200029797936206,0.0,False,True,False,False,True
ext_cash_ratio_factor,1572,1782,0.0021415026716129345,0.0021415026716129345,0.018518518518518517,0.08332566277304751,1.974024985229174e-07,0.2886618484887301,1570,-0.00227021349697046,0.10780865760126294,-0.02105780321805867,0.5070063694267516,-0.8343780857031523,0.5002811857740032,0.28866184820286206,0.00044451748653354827,-1.2011774437709763,0.0,False,True,False,False,True
ext_cash_to_assets,1572,1782,0.0021415026716129345,0.0021415026716129345,0.018518518518518517,0.08333238687052251,3.5485492327475816e-08,0.28867349526847585,1570,-0.0011974477949119864,0.06725526047751273,-0.017804522447911142,0.5012738853503185,-0.7054726080927095,0.5002811857740032,0.2886734952870889,4.5558888436142444e-05,-1.2001517062999159,0.0,False,True,False,False,True
ext_cash_to_liquid_debt_with_interest,1572,1782,0.0021415026716129345,0.0021415026716129345,0.018518518518518517,0.08325306806238175,8.959042949285374e-05,0.28853603578434595,1570,-0.002313171081198317,0.060862302691637726,-0.03800663101621587,0.4942675159235669,-1.5059453117189774,0.5002811857740032,0.28853653591696776,0.004389313506035218,-1.2099410098929146,0.0,False,True,False,False,False
ext_cfps_factor,1572,1782,0.003686854407804365,0.003686854407804365,0.023007856341189674,0.08333313368792958,2.6663725481368573e-09,0.2886747887986229,1570,0.001989090731827556,0.05240751508766206,0.03795430347156135,0.5178343949044586,1.5038719256166255,0.5002816219129079,0.2886747888224825,9.384548566270763e-11,-1.2000299304678324,0.0,False,True,False,False,False
ext_cip_total_to_assets,1572,1782,0.0021415026716129345,0.0021415026716129345,0.018518518518518517,0.08321970109130779,2.2196932155519957e-05,0.28847824807249123,1570,-0.001218373163399431,0.09304672573615767,-0.013094207816127105,0.49554140127388535,-0.51883474920356,0.5002811857740032,0.28847822303562975,0.006295315185922401,-1.2145333816160913,0.0,False,True,False,False,False
ext_common_dividend_coverage,1572,1782,0.00216791894060766,0.00216791894060766,0.018518518518518517,9.007516915041727e-29,1.0581781535507738e-28,8.716239491548239e-15,0,,,,,,0.5002811932180202,1.0773174048297034e-06,,,0.0,False,False,False,False,False
ext_const_materials_to_assets,1572,1782,0.0021415026716129345,0.0021415026716129345,0.018518518518518517,0.011958815865478459,0.009993930079091438,0.09807600826669953,1435,-0.0006144746545851826,0.049985996538158814,-0.012292935964897663,0.4989547038327526,-0.4656735488560649,0.5002811857740032,0.10938342647457956,,,0.00932072856350395,False,True,False,False,False
ext_continu_oper_np_ratio,1572,1782,0.00216791894060766,0.00216791894060766,0.018518518518518517,9.007516915041727e-29,1.0581781535507738e-28,8.716239491548239e-15,0,,,,,,0.5002811932180202,1.0773174048297034e-06,,,0.0,False,False,False,False,False
ext_contract_assets_ratio,1572,1782,0.0021415026716129345,0.0021415026716129345,0.018518518518518517,0.054223397559454226,0.013292960109408664,0.22972537417802222,1570,-0.0006122058016246762,0.0684741285662057,-0.008940687737745385,0.4910828025477707,-0.3542588864679007,0.5002811857740032,0.2329639325443671,1.1958860058846026,0.8622860871287391,0.001215605106774773,False,True,False,False,True
ext_cost_fin_assets_to_assets,1572,1782,0.0021415026716129345,0.0021415026716129345,0.018518518518518517,8.897878672898714e-29,1.0572739782515128e-28,8.662988336295862e-15,0,,,,,,0.500281185774003,1.0796899964858483e-06,,,0.0,False,False,True,False,False
ext_credit_impairment_cf_supp,1572,1782,0.6847025528111194,0.6847025528111194,0.9725028058361391,0.07227878797038323,0.016440566960790697,0.2659316786103002,1570,-0.0006154128226741703,0.0702142938692231,-0.008764779772910642,0.4840764331210191,-0.3472888455078409,0.500889901318322,0.27545127491364607,-0.4865627097903191,-0.6025826631741701,0.0,True,True,False,False,False
ext_credit_impairment_ratio,1572,1782,0.002572373437513387,0.002572373437513387,0.019079685746352413,1.0335170100802392e-28,6.96509995593928e-29,9.731472060186065e-15,0,,,,,,0.500281307241192,1.0837042740853387e-06,,,0.0,False,False,False,False,False
ext_current_assets_ratio,1572,1782,0.0021415026716129345,0.0021415026716129345,0.018518518518518517,0.08332555386768216,1.7912864041182944e-07,0.2886616598503963,1570,-0.005865980068160562,0.10924018441755207,-0.053698005907229604,0.4872611464968153,-2.1276881976239377,0.5002811857740032,0.28866165999668253,0.0004512210418389028,-1.201194526133564,0.0,False,True,False,False,True
ext_current_ratio_factor,1572,1782,0.0021415026716129345,0.0021415026716129345,0.018518518518518517,0.0833278286425669,1.7595810065630776e-06,0.288665600017179,1570,-0.0026895525444710954,0.10005219112653087,-0.02688149568928237,0.5044585987261146,-1.065131565804837,0.5002811857740032,0.2886656008633153,0.0003168394494722394,-1.200852676164931,0.0,False,True,False,False,True
ext_daa_to_revenue,1572,1782,0.0021686328938237335,0.002168632893823733,0.019079685746352413,0.04237127386682419,0.02346159288486502,0.1968546139411006,1570,0.0012439983865596223,0.04224486973131239,0.02944732447920312,0.5031847133757962,1.1667979785738647,0.5002811934192154,0.20588439065685005,1.889755050891985,3.837688659902101,0.001048652315407139,False,True,False,False,False
ext_debt_invest_to_assets,1572,1782,0.0021415026716129345,0.0021415026716129345,0.018518518518518517,0.02363079825687777,0.0026663364704915863,0.153469700556823,1570,0.004542100123541618,0.08112503370490823,0.05598888427046425,0.513375796178344,2.2184601876316736,0.5002811857740032,0.15374711845738165,2.6107679031363533,4.916421414777852,0.0,False,True,False,False,False
ext_debt_to_equity_conversion,1572,1782,0.0021415026716129345,0.0021415026716129345,0.018518518518518517,8.897878672898714e-29,1.0572739782515128e-28,8.662988336295862e-15,0,,,,,,0.500281185774003,1.0796899964858483e-06,,,0.0,False,False,True,False,False
ext_debt_to_equity_factor,1572,1782,0.0021415026716129345,0.0021415026716129345,0.018518518518518517,0.08333312790040077,4.328257075406381e-09,0.28867477877431674,1570,8.175570784200743e-05,0.08772885279406382,0.000931913563647323,0.5076433121019108,0.0369254212903857,0.5002811857740032,0.28867477879252823,-1.5813754954041476e-07,-1.200030024054144,0.0,False,True,False,False,True
ext_deferred_inc_to_assets,1572,1782,0.0021415026716129345,0.0021415026716129345,0.018518518518518517,8.897878672898714e-29,1.0572739782515128e-28,8.662988336295862e-15,0,,,,,,0.500281185774003,1.0796899964858483e-06,,,0.0,False,False,True,False,False
ext_deferred_tax_change_cf,1572,1782,0.6847025528111194,0.6847025528111194,0.9725028058361391,0.08331531301506039,1.1246710275565834e-05,0.2886439201429586,1570,-0.0003946315946492545,0.06719695944811648,-0.005872759688687313,0.49554140127388535,-0.23269768152450726,0.500889901318322,0.28865271666251957,-0.00015623523170704294,-1.1995999313702528,0.0,True,True,False,False,False
ext_depreciation_provision_ratio_cf,1572,1782,0.6847025528111194,0.6847025528111194,0.9725028058361391,0.08300126446573329,0.0002531714027077598,0.28809906501997284,1570,-0.003304980974702168,0.11021880025923488,-0.029985637358861145,0.489171974522293,-1.1881276712007396,0.5008899013183219,0.2880093752818869,0.016986425265560625,-1.2344508824337246,0.0,True,True,False,False,False
ext_depreciation_to_revenue,1572,1782,0.002572373437513387,0.002572373437513387,0.019079685746352413,0.048240820491156494,0.022926834364282157,0.21179488981132186,1570,-0.0007774293387890158,0.034221207789399674,-0.022717764480242323,0.5,-0.9001511051363671,0.5002813072411919,0.21969764168444647,1.5780820831829705,2.702748257417732,0.001190426972411634,False,True,False,False,False
ext_div_receiv_to_assets,1572,1782,0.0021415026716129345,0.0021415026716129345,0.018518518518518517,0.03434385805192879,0.003064390511579826,0.1851402997800131,1570,0.0009752106707119126,0.06061534620916499,0.016088511106523408,0.5082802547770701,0.6374787037312083,0.5002811857740032,0.1853301024416013,1.881713054103335,1.642008339185716,0.0,False,True,False,False,False
ext_dividend_interest_paid_ratio,1572,1782,0.017134163232551698,0.017134163232551698,0.06846240179573512,0.05068042639672171,0.00919976123729222,0.224082483707936,1570,0.0023403728358074977,0.058280413188594525,0.04015710781311874,0.5019108280254777,1.591154138801667,0.5002854749889769,0.22540023737790268,1.1827421993563363,-0.2947708032653974,0.0,False,True,False,False,False
ext_dividend_payout_cf,1572,1782,0.0021415026716129345,0.0021415026716129345,0.018518518518518517,0.08331931737597964,1.9720516042670422e-05,0.2886508552020662,1570,0.0001188156740179602,0.046536964449608406,0.0025531462015881442,0.5203821656050955,0.10116388771144488,0.5002811857740032,0.28865085884573377,-0.0007959647082715757,-1.2019810958915158,0.0,False,True,False,False,False
ext_dp_assets_to_equity,1572,1782,0.0021415026716129345,0.0021415026716129345,0.018518518518518517,0.0833331285261299,4.534969344280093e-09,0.2886747798581127,1570,-0.000197981098191129,0.09386439244561774,-0.002109224734031421,0.5076433121019108,-0.08357428729268573,0.5002811857740032,0.28867477987236184,-1.8016699026697874e-07,-1.2000301106805014,0.0,False,True,False,False,True
ext_dt_appearance_momentum_20d,1572,1782,0.0015499924320959097,0.0015499924320959097,0.010101010101010102,0.035098917974183796,0.006100866659311671,0.18661371346125122,1570,-0.007918674207945911,0.054795377775562606,-0.14451354346675288,0.43312101910828027,-5.726092722367304,0.5002810191915371,0.18733934923562376,-0.01151525357816507,3.2461028097092526,0.0,False,False,False,False,False
ext_dt_buy_concentration,1572,1782,0.9956616632825285,0.9956616632825284,1.0,4.588780209768617e-33,5.958538340679481e-33,4.13320576855981e-17,0,,,,,,0.5644285361639102,0.045418412758408015,,,0.0,True,False,True,False,False
ext_dt_buy_sell_ratio,1572,1782,0.9640628078923245,0.9640628078923243,0.9870931537598204,0.06759010905399726,0.005645223865467035,0.25974244671698443,1570,-0.00513987365196606,0.14233717548985725,-0.03611054971603199,0.49554140127388535,-1.4308164547721027,0.5078076109306553,0.25991848560477737,0.572425236451971,-1.3251777870337613,0.0,True,True,False,False,False
ext_dt_direction_consensus,1572,1782,0.9902498979046901,0.9902498979046901,0.9983164983164983,0.07369262401410666,0.0060458614703324115,0.27120317665836796,1290,0.0034760853859112342,0.2558735025450807,0.013585171388736533,0.5038759689922481,0.48793275903871824,0.5287775052172958,0.2723295144032286,0.08939860139672462,-1.5504587788649733,0.0,True,True,False,False,False
ext_dt_institution_count,1572,1782,0.001547136619231615,0.0015471366192316152,0.010101010101010102,0.023567198388605184,0.005463519894908315,0.1524592676644374,1570,-0.026621357245544812,0.09709614259744416,-0.2741752301727953,0.3719745222929936,-10.863706975028338,0.5002810183877553,0.15350944548298895,2.664927278611947,5.386991389271461,0.0,False,False,False,False,True
ext_dt_institution_quality,1572,1782,0.001547136619231615,0.0015471366192316152,0.010101010101010102,1.9689014109204462e-28,2.097464248960666e-28,1.1962299965964362e-14,0,,,,,,0.5002810183877553,3.8358368330488704e-07,,,0.0,False,False,False,False,False
ext_dt_net_buy_ma_20d,1572,1782,0.001547136619231615,0.0015471366192316152,0.010101010101010102,0.023484418531943652,0.005460025884939422,0.1521861228946558,1570,0.02663802303911071,0.0979045376199585,0.27208159791850517,0.6261146496815286,10.780750512076734,0.5002810183877553,0.1532396471194955,-2.6795403721627746,5.4720070329352,0.0,False,False,False,False,True
ext_dt_net_buy_ma_5d,1572,1782,0.0015457087127994677,0.0015457087127994677,0.010101010101010102,0.008638750482091541,0.0027043871330383767,0.09182679805306197,1570,0.02381245522782335,0.0685800923812904,0.347221101649022,0.6636942675159235,13.758020013274656,0.5002810179858661,0.09294046830815592,-5.205700995636302,26.029266973476687,0.01836141844425643,False,False,False,False,False
ext_dt_net_buy_pressure,1572,1782,0.9639146625999891,0.9639146625999893,0.9870931537598204,0.06781497464069511,0.0055459809561859575,0.26018511102041647,1570,-0.003976898057835653,0.14065951078071318,-0.028273225434685318,0.4968152866242038,-1.1202763873591386,0.507775557446135,0.2603317643638961,0.5648112131497843,-1.3323155911095104,0.0,True,True,False,False,True
ext_dt_reason_diversity_20d,1572,1782,0.001547136619231615,0.0015471366192316152,0.010101010101010102,0.023567197668562138,0.005463520514397851,0.15245926504136229,1570,-0.02662126014429932,0.09709640460950214,-0.2741734902683934,0.3719745222929936,-10.863638034403849,0.5002810183877553,0.1535094431390708,2.6649270749169816,5.3869896754567215,0.0,False,False,False,False,True
ext_dt_sell_concentration,1572,1782,0.9902706025479563,0.9902706025479562,0.9983164983164983,2.1397914781609228e-32,4.127048350860394e-32,1.0106419518057246e-16,0,,,,,,0.5288387451843698,0.014678753593538598,,,0.0,True,False,True,False,False
ext_dt_smart_money_divergence,1572,1782,0.0015464226660155413,0.0015464226660155415,0.010101010101010102,0.014379312897116936,0.003972586410134288,0.1187644945447499,1570,0.025067570627228395,0.08220967720374828,0.3049223823747779,0.6363057324840764,12.082008320589056,0.5002810181868106,0.11990849830797265,-3.7982050027664265,12.927223234404726,0.0032443873396222774,False,False,False,False,True
ext_ebit_margin,1572,1782,0.002572373437513387,0.002572373437513387,0.019079685746352413,0.08332789695437588,3.1763335161033253e-06,0.2886657183042463,1570,0.003618450196515471,0.1001650394563976,0.03612488165684398,0.5210191082802548,1.4313843324949251,0.500281307241192,0.2886657166868776,0.00021378081598291563,-1.2002939482792327,0.0,False,True,False,False,False
ext_ebit_ps_factor,1572,1782,0.003686854407804365,0.003686854407804365,0.023007856341189674,0.08332546703808771,2.862816460086543e-07,0.28866150944980845,1570,0.01038499454658461,0.12916173501425554,0.08040302761060326,0.5171974522292994,3.185827294888056,0.5002816219129079,0.28866150932647994,0.0003429800632503594,-1.2005585659871112,0.0,False,True,False,False,False
ext_ebit_to_revenue_fi,1572,1782,0.0021415026716129345,0.0021415026716129345,0.018518518518518517,0.08332556880963374,2.0025561521441148e-07,0.28866168573178086,1570,0.002386266819208775,0.09249060201619898,0.02580010041226502,0.5165605095541401,1.022283196875623,0.5002811857740032,0.2886616858278302,0.0003385461450017525,-1.2005518789725218,0.0,False,True,False,False,False
ext_ebitda_margin_factor,1572,1782,0.0021686328938237335,0.002168632893823733,0.019079685746352413,0.04084901469149392,0.023600791320461733,0.1925829470559665,1570,-0.00043043807485565493,0.040084918668291794,-0.010738155125562037,0.5006369426751592,-0.42548034212639696,0.5002811934192154,0.20215492481478764,1.9209672603396613,4.65333044048482,0.0014509077528526413,False,True,False,False,True
ext_ebitda_margin_is,1572,1782,0.002572373437513387,0.002572373437513387,0.019079685746352413,0.041646191679679735,0.023747308542012107,0.19455376695404186,1570,0.00023752955741173038,0.03816935610071307,0.006223043343591874,0.5,0.24657704977606965,0.500281307241192,0.20411455303187084,1.8652845460785261,4.53597688098319,0.0010663231060363157,False,True,False,False,False
ext_ebt_yoy_factor,1572,1782,0.0021415026716129345,0.0021415026716129345,0.018518518518518517,0.08333313455510377,2.2113164784182154e-09,0.2886747903006145,1570,0.004124005101920325,0.07961380319917827,0.05180012681472916,0.5305732484076433,2.0524881063466793,0.5002811857740032,0.2886747903172364,2.119168770325864e-10,-1.2000297917288758,0.0,False,False,False,False,True
ext_employee_pay_to_revenue,1572,1782,0.002572373437513387,0.002572373437513387,0.019079685746352413,0.08333313437222602,2.2405095114480817e-09,0.28867478998386054,1570,-0.0003806093086943436,0.1005529294375342,-0.0037851638020231612,0.4942675159235669,-0.14998039892862636,0.500281307241192,0.2886747900007456,8.482589120557286e-17,-1.2000298311713016,0.0,False,True,False,False,False
ext_equity_to_asset_factor,1572,1782,0.00476135399799522,0.004761353997995221,0.021885521885521887,0.08333312661090515,4.2503737372848584e-09,0.2886747765408421,1570,-8.043169813664374e-05,0.08842211634189752,-0.0009096332621766525,0.5101910828025478,-0.0360426038807309,0.5002819259632291,0.2886747765671233,-1.4492275005817938e-07,-1.2000302178109443,0.0,False,True,False,False,True
ext_equity_to_interest_debt,1572,1782,0.0021415026716129345,0.0021415026716129345,0.018518518518518517,0.08327607466027981,6.733543434807078e-05,0.28857591902443397,1570,-0.001988158286234506,0.0896030306978142,-0.022188516066376823,0.49872611464968153,-0.8791805758817378,0.5002811857740032,0.28857629849419336,0.003170957922464803,-1.2073597899452917,0.0,False,True,False,False,False
ext_equity_yoy_factor,1572,1782,0.0021415026716129345,0.0021415026716129345,0.018518518518518517,0.08333313369013186,2.241928557121166e-09,0.2886747888024374,1570,0.000843095884980485,0.10039762887394814,0.008397567695936466,0.49363057324840764,0.3327387185710464,0.5002811857740032,0.28867478881912123,1.1332020233372578e-09,-1.2000297801356747,0.0,False,True,False,False,False
ext_estimated_liab_to_assets,1572,1782,0.0021415026716129345,0.0021415026716129345,0.018518518518518517,0.06884801928746359,0.0038032921860487847,0.2622865557823535,1570,-0.0012712938509286094,0.05567790463465005,-0.022833004569238848,0.4853503184713376,-0.9047172891707359,0.5002811857740032,0.26241068994322514,-0.5311930561439133,-1.3789372939206,0.0,False,True,False,False,False
ext_extra_item_to_profit,1572,1782,0.002181484051713059,0.002181484051713059,0.019079685746352413,0.08333313459478787,2.2949559835508113e-09,0.28867479036934945,1570,0.0007987893216926939,0.049641961491192606,0.0160910104616719,0.5070063694267516,0.6375777362438924,0.5002811970407768,0.2886747903870737,3.9870652835872883e-17,-1.2000297968477611,0.0,False,True,False,False,False
ext_fa_turnover_factor,1572,1782,0.0021415026716129345,0.0021415026716129345,0.018518518518518517,0.08332571117288194,1.5437379385746095e-07,0.2886619323236274,1570,-0.006031860473857579,0.07867162172388384,-0.07667136308728682,0.4764331210191083,-3.037966709944372,0.5002811857740032,0.28866193215986574,0.00044186974501305045,-1.2011708357548248,0.0,False,False,False,False,False
ext_fair_value_change_ratio,1572,1782,0.0021639921979192548,0.0021639921979192548,0.018518518518518517,0.07782781597595582,0.0022346150346165125,0.2789471203952104,1570,-0.0026552992611218475,0.05750669872736185,-0.04617373836238749,0.48980891719745223,-1.8295524478796434,0.5002811921114523,0.2789886276771026,-0.22463934808608968,-1.4288632688687495,0.0,False,True,False,False,False
ext_fair_value_fin_assets_ratio,1572,1782,0.0021415026716129345,0.0021415026716129345,0.018518518518518517,8.897878672898714e-29,1.0572739782515128e-28,8.662988336295862e-15,0,,,,,,0.500281185774003,1.0796899964858483e-06,,,0.0,False,False,True,False,False
ext_fair_value_loss_cf,1572,1782,0.6847025528111194,0.6847025528111194,0.9725028058361391,0.079174268607748,0.003077171790472729,0.28132163847082864,1570,-0.0036015990710359064,0.07935274549487864,-0.04538720177323103,0.48853503184713376,-1.7983873312338081,0.500889901318322,0.28150370110301415,-0.1735922844069895,-1.3920015986990424,0.0,True,True,False,False,False
ext_financial_expense_to_revenue_fi,1572,1782,0.0021415026716129345,0.0021415026716129345,0.018518518518518517,0.0833250144603452,2.104418143770391e-07,0.28866072552429495,1570,0.0019131663026428654,0.0826466474960801,0.023148746629239936,0.5165605095541401,0.9172280080178828,0.5002811857740032,0.28866072514349256,-0.00019703815955861629,-1.1999577780300115,0.0,False,True,False,False,True
ext_financing_cf_ratio,1572,1782,0.09485189754485768,0.09485189754485769,0.13636363636363635,0.08333308642953609,1.1130748753799305e-07,0.2886747069445103,1570,0.0021856960357111974,0.04698788666648622,0.046516159605665554,0.5210191082802548,1.8431202820222587,0.5003099864134454,0.28867470952304247,1.9421762979746343e-06,-1.2000369637333914,0.0,False,True,False,False,False
ext_financing_expense_cf_to_revenue,1572,1782,0.002572373437513387,0.002572373437513387,0.019079685746352413,0.04681652230302493,0.022912005164666766,0.2082733251945711,1570,0.002315750414835194,0.03562244384059836,0.0650081848734917,0.5235668789808917,2.5758339693888153,0.500281307241192,0.2164322712448191,-1.6575846927729285,3.026172300261471,0.0016398838906018592,False,False,False,False,False
ext_fixed_asset_disposal_inflow,1572,1782,0.04154993531583862,0.04154993531583863,0.11054994388327721,0.08301819974656013,0.00036959043903786183,0.2881280723382513,1570,-0.0018108710957216345,0.03884883573680109,-0.046613265529762464,0.48662420382165605,-1.8469679319513328,0.5002927472429244,0.28814307452015714,0.009045881854797232,-1.234501398045841,0.0,False,True,False,False,False
ext_fixed_assets_ratio,1572,1782,0.0021415026716129345,0.0021415026716129345,0.018518518518518517,0.08201007621531547,0.0012002180397372923,0.2863662872970188,1570,-0.0011835945479590755,0.06393878409082701,-0.018511370911866935,0.4980891719745223,-0.7334802241830655,0.5002811857740032,0.2863731535129716,0.06068227279930892,-1.2941190306423644,0.0,False,True,False,False,False
ext_free_cashflow_raw,1572,1782,0.003686854407804365,0.003686854407804365,0.023007856341189674,0.08113557914507567,0.006768903764410854,0.2845435997154874,1570,0.0010502823823792134,0.05113148389695946,0.02054081560581637,0.5178343949044586,0.813893368956201,0.5002816219129079,0.28483455376590927,-0.0200741291199445,-1.0863448124932777,0.0,False,True,False,False,True
ext_gross_cost_ratio,1572,1782,0.0021415026716129345,0.0021415026716129345,0.018518518518518517,0.0833256549703525,2.0024256271744397e-07,0.2886618349734378,1570,0.0072986846062145765,0.1270676232210801,0.05743937299839059,0.5248407643312102,2.275933229601374,0.5002811857740033,0.2886618350627662,-0.0004452701469131111,-1.2011795318959215,0.0,False,False,False,False,False
ext_gross_margin_factor,1572,1782,0.0021415026716129345,0.0021415026716129345,0.018518518518518517,0.08332428641334673,1.6490569698526772e-06,0.2886594644302998,1570,-0.0026350299089401073,0.08519324933284535,-0.030930031775700795,0.5006369426751592,-1.2255476241517513,0.5002811857740032,0.28865946909818535,0.0005096240291534828,-1.2012788317180194,0.0,False,True,False,False,False
ext_hfs_assets_to_assets,1572,1782,0.0021415026716129345,0.0021415026716129345,0.018518518518518517,0.011560498687797675,0.0013212211111037207,0.10734022506166237,1570,0.0006404430874265592,0.026199843839189368,0.024444538347537525,0.5121019108280255,0.968571455488982,0.5002811857740032,0.10751188556383424,4.230524055117376,16.00828991514065,0.0021198457566652808,False,True,False,False,False
ext_impairment_ttm_ratio,1572,1782,0.0021686328938237335,0.002168632893823733,0.019079685746352413,0.08026078797657007,0.002503797619901621,0.28326793908836134,1570,0.0029762298616221802,0.092810438742942,0.03206783527729541,0.5095541401273885,1.2706310688841396,0.5002811934192154,0.28330790223540997,-0.13088231504122985,-1.35957011233204,0.0,False,True,False,False,False
ext_imputed_ocf_adjustment,1572,1782,0.6847025528111194,0.6847025528111194,0.9725028058361391,0.08333043475367853,6.752332200407911e-06,0.2886701138269611,1570,-0.004320366173335783,0.07478488458079376,-0.057770580212212284,0.4681528662420382,-2.2890567277259373,0.500889901318322,0.2886753186534755,-1.3963105344510762e-11,-1.200113084232778,0.0,True,False,False,False,False
ext_intangible_assets_ratio,1572,1782,0.0021415026716129345,0.0021415026716129345,0.018518518518518517,0.08333313461857678,2.2296948699974593e-09,0.28867479041055305,1570,-0.0004066497655277803,0.07214852880908405,-0.005636286314359053,0.5070063694267516,-0.22332784368583986,0.5002811857740032,0.2886747904273047,5.771203129763508e-17,-1.2000297931773294,0.0,False,True,False,False,False
ext_interest_coverage_factor,1572,1782,0.0021415026716129345,0.0021415026716129345,0.018518518518518517,0.08039556326041974,0.0009278274820129604,0.2835363844839294,1570,0.0020974316417647033,0.06899144565294346,0.03040132906209392,0.5121019108280255,1.2045987173015316,0.5002811857740032,0.2835391319297826,0.09328887380337916,-1.2337214222127695,0.0,False,True,False,False,True
ext_interest_income_ratio,1572,1782,0.002181484051713059,0.002181484051713059,0.019079685746352413,0.08326463072698366,5.8989983191720625e-05,0.2885560955388055,1570,0.0020243283009850244,0.0777032239966656,0.026052050312248207,0.5280254777070064,1.0322662645804628,0.5002811970407768,0.2885563330876687,-0.0038230923514990978,-1.2089279476797317,0.0,False,True,False,False,False
ext_inventory_to_assets,1572,1782,0.0021415026716129345,0.0021415026716129345,0.018518518518518517,0.08331975814701023,9.461271182208842e-07,0.2886516207200721,1570,0.004129075085349292,0.09413348791889554,0.04386404006305239,0.513375796178344,1.738034751299672,0.5002811857740032,0.2886516206867784,-0.0007885510000289134,-1.2020347384568875,0.0,False,True,False,False,False
ext_inventory_turnover_factor,1572,1782,0.0021415026716129345,0.0021415026716129345,0.018518518518518517,0.08331908600117598,5.595454760274445e-07,0.2886504564351779,1570,0.00043202811040500143,0.07587135370784541,0.0056942190865421185,0.49745222929936306,0.2256233269826032,0.5002811857740032,0.2886504573964501,0.0008273508809144318,-1.2021303955405847,0.0,False,True,False,False,False
ext_invest_loss_unconf_to_equity,1572,1782,0.0021415026716129345,0.0021415026716129345,0.018518518518518517,8.897878672898714e-29,1.0572739782515128e-28,8.662988336295862e-15,0,,,,,,0.500281185774003,1.0796899964858483e-06,,,0.0,False,False,True,False,False
ext_invest_real_estate_to_assets,1572,1782,0.0021415026716129345,0.0021415026716129345,0.018518518518518517,0.07920303539800073,0.0011443996307072878,0.2814229649104396,1570,-0.0018683902832323975,0.0626350390477207,-0.02982979354110243,0.49554140127388535,-1.1819526364649855,0.5002811857740032,0.28143566699492656,0.1750462624242974,-1.4111603135823896,0.0,False,True,False,False,False
ext_investing_cf_ratio,1572,1782,0.04154993531583862,0.04154993531583863,0.11054994388327721,0.08333312311317391,6.2499532170733715e-09,0.2886747704825861,1570,-0.0008610989643861691,0.04671796603169329,-0.018431859036885358,0.5031847133757962,-0.7303297072297632,0.5002927472429244,0.2886747704872753,-1.4953530897944486e-12,-1.2000314010433515,0.0,False,True,False,False,False
ext_investment_income_ratio,1572,1782,0.0021639921979192548,0.0021639921979192548,0.018518518518518517,0.08332025620062553,1.5792187770503523e-05,0.2886524821514095,1570,-0.0032030928400232877,0.05993232873027354,-0.053445159029926255,0.49171974522292994,-2.1176695887844614,0.5002811921114523,0.2886525009444556,-0.000748984470188894,-1.2018945968049308,0.0,False,True,False,False,False
ext_investment_return_ratio,1572,1782,0.04154993531583862,0.04154993531583863,0.11054994388327721,0.08222194659791766,0.0006690664409799646,0.28674131437940825,1570,0.004645869244772115,0.059119042257930465,0.0785849883105794,0.5165605095541401,3.1137907137129535,0.5002927472429244,0.2867687000183961,0.0529880282899701,-1.2906722896146205,0.0,False,True,False,False,False
ext_investment_withdrawal_ratio,1572,1782,0.04154993531583862,0.04154993531583863,0.11054994388327721,0.07989067020409082,0.000891341820520051,0.2826449622802742,1570,0.0008497816644286789,0.041626841824850054,0.02041427182980245,0.5050955414012739,0.808879296382021,0.5002927472429244,0.28268393440807815,0.14902582419299765,-1.3941265405188736,0.0,False,True,False,False,False
ext_lease_liability_ratio,1572,1782,0.0021415026716129345,0.0021415026716129345,0.018518518518518517,8.897878672898714e-29,1.0572739782515128e-28,8.662988336295862e-15,0,,,,,,0.500281185774003,1.0796899964858483e-06,,,0.0,False,False,True,False,False
ext_legal_surplus_withdraw_ratio,1572,1782,0.00216791894060766,0.00216791894060766,0.018518518518518517,9.007516915041727e-29,1.0581781535507738e-28,8.716239491548239e-15,0,,,,,,0.5002811932180202,1.0773174048297034e-06,,,0.0,False,False,False,False,False
ext_limit_board_type_signal,1572,1782,0.0015464226660155413,0.0015464226660155415,0.010101010101010102,0.02233010807761473,0.008091763064983238,0.14697143093520154,1570,-0.02856359477538102,0.08838371950501121,-0.32317710699832575,0.3560509554140127,-12.805319391013155,0.5002810181868106,0.1494246784632884,2.860876349353223,6.95290629662718,0.0008919613765288201,False,False,False,False,False
ext_limit_consecutive_max_20d,1572,1782,0.001547136619231615,0.0015471366192316152,0.010101010101010102,0.0362261206409997,0.010041460963884,0.18839313597060814,1570,-0.03061631491571976,0.11066545804108935,-0.27665646948618894,0.3904458598726115,-10.962021679892962,0.5002810183877553,0.1903209103114121,1.8234560205212977,1.7561331635027904,0.0,False,False,False,False,True
ext_limit_final_seal_speed,1572,1782,0.9877635558297135,0.9877635558297135,0.999438832772166,0.08265220951029123,0.002582853207404836,0.28738815589100347,1296,0.01762982183216155,0.23497521473334887,0.07502843162487569,0.5416666666666666,2.701023538495525,0.5229301592858393,0.28866483651261027,-0.0001847267152283068,-1.2071549310331933,0.0,True,False,False,False,False
ext_limit_first_seal_speed,1572,1782,0.9877635558297135,0.9877635558297135,0.999438832772166,0.08260859903235275,0.002691262411292978,0.28730874256677263,1296,0.021935388140112488,0.23682570159699934,0.09262249828542433,0.5362654320987654,3.334409938275276,0.5229301592858393,0.28863035704407397,-0.0010867956808932491,-1.2088974614244845,0.0,True,False,False,False,False
ext_limit_open_count_ratio,1572,1782,0.9877649837361457,0.9877649837361459,0.999438832772166,0.0820064275572669,0.0033170412963256404,0.28623391763767925,1296,0.003973755202210003,0.23180035496414378,0.017143007407493773,0.4930555555555556,0.6171482666697758,0.5229328353854233,0.28791921523248604,-0.01598880051565825,-1.2331767887201,0.0,True,True,False,False,False
ext_limit_seal_duration,1572,1782,0.9877635558297135,0.9877635558297135,0.999438832772166,0.08217989859438835,0.00330388672329533,0.28653713770361594,1296,0.0044524893908142234,0.22412487195270925,0.019866110137716917,0.5192901234567902,0.715179964957809,0.5229301592858393,0.2881487633341409,-0.015408504013550442,-1.2338745033534022,0.0,True,True,False,False,False
ext_limit_seal_flow_ratio,1572,1782,0.9368147834008733,0.9368147834008732,0.9859708193041526,0.08329810938424695,2.7684584078398678e-05,0.2886141144897414,1570,-0.031742688677880326,0.14082138916432768,-0.22541098952545527,0.4089171974522293,-8.931510470921841,0.5044406528776674,0.28863436418289207,0.0005317880951395064,-1.2011623043737896,0.0,True,False,False,False,False
ext_limit_seal_quality,1572,1782,0.9319181352684321,0.9319181352684319,0.9842873176206509,0.08332037439515388,1.5025330631604888e-05,0.2886526870091376,1570,-0.022849472023951,0.12738407213705533,-0.1793746395496507,0.41847133757961785,-7.107401794066546,0.5041212680502103,0.2886711456943515,3.4034684616895374e-17,-1.2004079824219849,0.0,True,False,False,False,False
ext_limit_type_quality,1572,1782,0.0015464226660155413,0.0015464226660155415,0.010101010101010102,0.005173768441638556,0.003902878577602,0.06319326777960374,1280,-0.011107234548102984,0.0622396281113196,-0.17845920493350276,0.415625,-6.384750615070049,0.5002810181868106,0.07192229630200674,,,0.01777230075406767,False,False,False,False,False
ext_limit_up_count_20d,1572,1782,0.001547136619231615,0.0015471366192316152,0.010101010101010102,0.036542922961235916,0.010245891885615803,0.1891632332070709,1570,-0.031005886019413516,0.11341132943588907,-0.27339319778400983,0.389171974522293,-10.832720329329552,0.5002810183877553,0.19115157881913428,1.8282424182474586,1.7787637614364493,0.0,False,False,False,False,True
ext_long_term_debt_ratio,1572,1782,0.0021415026716129345,0.0021415026716129345,0.018518518518518517,0.08093647727509085,0.0007929071957970573,0.28448994491372886,1570,-0.0006765476403557613,0.08238923752824145,-0.008211602154029569,0.4802547770700637,-0.32537016396654905,0.5002811857740032,0.2844971755290168,0.10762793787703473,-1.3572397153735485,0.0,False,True,False,False,False
ext_lt_amor_exp_to_assets,1572,1782,0.0021415026716129345,0.0021415026716129345,0.018518518518518517,0.08317072625881133,4.078263650523393e-05,0.2883933446855004,1570,0.005025309899416682,0.0691635048643556,0.07265840430256372,0.5140127388535032,2.8789603390456517,0.5002811857740032,0.2883935449097013,-0.008870934737458964,-1.2199153630642285,0.0,False,True,False,False,False
ext_mf_amount_concentration,1572,1782,0.0036090335072523367,0.003609033507252337,0.012345679012345678,0.08333313379214782,8.843216757601023e-10,0.28867478897913446,1570,-0.022836424842925144,0.10111020362863221,-0.22585677828126108,0.3974522292993631,-8.949174059323992,0.5002815999174547,0.28867478898182175,-2.8869421547820915e-16,-1.200029920614208,0.0,False,False,False,False,False
ext_mf_big_order_net_amount_ratio,1572,1782,0.0036090335072523367,0.003609033507252337,0.012345679012345678,0.08333313376075241,9.381796565770916e-10,0.28867478892475595,1570,-0.01783051293579682,0.07310501244180982,-0.24390274127905479,0.3885350318471338,-9.664213320772516,0.5002815999174547,0.2886747889274938,-5.430102111642868e-10,-1.2000299198885256,0.0,False,False,False,False,False
ext_mf_large_order_avg_price,1572,1782,0.003804299711848482,0.003804299711848482,0.012345679012345678,0.08333313367774983,9.692448405329412e-10,0.2886747887809911,1570,-0.016332895958180858,0.056737972715943163,-0.28786534266832153,0.3732484076433121,-11.406153389727574,0.5002816551143875,0.2886747887841986,-1.9704689581081355e-11,-1.2000299379343724,0.0,False,False,False,False,False
ext_mf_medium_order_amount_ratio,1572,1782,0.0036090335072523367,0.003609033507252337,0.012345679012345678,0.08333313379214782,8.843216758686215e-10,0.28867478897913446,1570,-0.006054863790150711,0.07330058415445757,-0.08260321333036064,0.4484076433121019,-3.2730057498309835,0.5002815999174547,0.28867478898182175,-3.104227994121212e-16,-1.200029920614208,0.0,False,False,False,False,False
ext_mf_small_order_amount_ratio,1572,1782,0.0036090335072523367,0.003609033507252337,0.012345679012345678,0.08333313379214782,8.843216763238067e-10,0.28867478897913446,1570,-0.021834061505321883,0.0963832330145514,-0.22653381529571123,0.3980891719745223,-8.976000449627737,0.5002815999174547,0.28867478898182175,-2.6458473027259965e-16,-1.200029920614208,0.0,False,False,False,False,False
ext_mf_small_order_avg_price,1572,1782,0.003611889320116631,0.0036118893201166316,0.012345679012345678,0.08333313379050533,8.847386729385805e-10,0.28867478897628956,1570,0.01540317577075432,0.06932252800422367,0.22219581735126331,0.5949044585987261,8.804114978802906,0.5002816007245665,0.2886747889789794,-3.1508265520209216e-16,-1.2000299208675402,0.0,False,False,False,False,False
ext_nca_disploss_to_revenue,1572,1782,0.002572373437513387,0.002572373437513387,0.019079685746352413,1.0335170100802392e-28,6.96509995593928e-29,9.731472060186065e-15,0,,,,,,0.500281307241192,1.0837042740853387e-06,,,0.0,False,False,False,False,False
ext_nca_within_1y_to_assets,1572,1782,0.0021415026716129345,0.0021415026716129345,0.018518518518518517,0.047129803043815914,0.008369115089887939,0.21620817789622992,1570,-0.000434927239475434,0.039255261239319134,-0.011079463637342938,0.47579617834394905,-0.4390040862579652,0.5002811857740032,0.21713996733437438,1.3150060912031678,-0.016909804143625144,0.0,False,True,False,False,False
ext_net_cash_from_securities,1572,1782,0.6847025528111194,0.6847025528111194,0.9725028058361391,0.005293422991851723,0.0023871298884945986,0.06954125232063058,1480,-0.004250941949473284,0.09479765582733544,-0.04484226864444786,0.4837837837837838,-1.725116519145194,0.500889901318322,0.07160262325844316,,,0.018560677629089653,True,True,False,False,False
ext_net_fin_assets_remeasurement,1572,1782,0.00216791894060766,0.00216791894060766,0.018518518518518517,9.007516915041727e-29,1.0581781535507738e-28,8.716239491548239e-15,0,,,,,,0.5002811932180202,1.0773174048297034e-06,,,0.0,False,False,False,False,False
ext_netprofit_yoy_factor,1572,1782,0.0021415026716129345,0.0021415026716129345,0.018518518518518517,0.08333313458157217,2.226365728493862e-09,0.28867479034645915,1570,0.004226650851912617,0.08104543648784464,0.052151620560974325,0.5280254777070064,2.0664154223203206,0.5002811857740032,0.288674790363183,3.3723471986963325e-11,-1.2000297922836263,0.0,False,False,False,False,True
ext_networking_capital_to_assets_fi,1572,1782,0.04696098674046087,0.04696098674046087,0.06228956228956229,0.08333312105148409,1.4649469679662216e-08,0.28867476691162924,1570,0.0024668565085480486,0.08626518509024349,0.02859620026279927,0.5210191082802548,1.1330736918083,0.5002944093683608,0.2886747668816768,1.6874685264711322e-16,-1.2000317065212125,0.0,False,True,False,False,False
ext_non_operating_net_ratio,1572,1782,0.0021639921979192548,0.0021639921979192548,0.018518518518518517,0.08333313460580129,2.2253183799370546e-09,0.2886747903884253,1570,0.0033779340359588747,0.058942911693190596,0.05730857093625919,0.5203821656050955,2.2707504299960655,0.5002811921114523,0.28867479040511024,5.724319540329466e-17,-1.2000297951475252,0.0,False,False,False,False,False
ext_ocf_to_opincome_signal,1572,1782,0.0021415026716129345,0.0021415026716129345,0.018518518518518517,0.0823216999834895,0.0005406792647038078,0.28691603189873593,1570,0.005784131115725697,0.06649815664819146,0.08698182637342335,0.5388535031847134,3.446500521867434,0.5002811857740032,0.28691711555150784,0.019797041944099963,-1.1805099305118774,0.0,False,False,False,False,False
ext_ocf_to_or_factor,1572,1782,0.0021415026716129345,0.0021415026716129345,0.018518518518518517,0.08333310999092478,4.69017189672063e-09,0.28867474775415447,1570,0.005849961883977674,0.08520868308639136,0.06865452759135493,0.5197452229299363,2.720313829193908,0.5002811857740032,0.2886747477708073,2.7240874444953073e-08,-1.200029487002393,0.0,False,True,False,False,False
ext_ocf_to_total_debt,1572,1782,0.12839199172956595,0.12839199172956595,0.1644219977553311,0.0833331186897591,7.418483376513473e-09,0.2886747628209971,1570,0.004720135854071654,0.07705165560050993,0.06125936966940936,0.5210191082802548,2.4272938191534545,0.5003219149104352,0.2886747629759301,-2.547833525177793e-17,-1.200031318147795,0.0,False,False,False,False,False
ext_ocf_yoy_factor,1572,1782,0.0021415026716129345,0.0021415026716129345,0.018518518518518517,0.08333313457601646,2.2172714203452865e-09,0.2886747903368364,1570,0.0021993099966602626,0.037710403125764756,0.058321041791187724,0.5222929936305732,2.3108677910055477,0.5002811857740032,0.28867479035350146,-2.562393127105461e-10,-1.2000297922966454,0.0,False,False,False,False,True
ext_ocfps_factor,1572,1782,0.003686854407804365,0.003686854407804365,0.023007856341189674,0.08333313368656511,2.6623177925437345e-09,0.28867478879625963,1570,0.00844341161603345,0.09600856038467176,0.08794436227565268,0.5318471337579618,3.484639298985169,0.5002816219129079,0.2886747888200861,1.3181949931531287e-10,-1.200029930618036,0.0,False,False,False,False,False
ext_oci_to_net_income,1572,1782,0.00216791894060766,0.00216791894060766,0.018518518518518517,0.08129540507625593,0.0006038569672699532,0.2851215209362182,1570,-0.004182138693643372,0.052247905300478015,-0.08004414090080487,0.478343949044586,-3.1716070458523404,0.5002811932180202,0.2851256884093379,-0.09312852778430554,-1.3429178675485263,0.0,False,False,False,False,False
ext_oil_gas_assets_to_assets,1572,1782,0.0021415026716129345,0.0021415026716129345,0.018518518518518517,8.897878672898714e-29,1.0572739782515128e-28,8.662988336295862e-15,0,,,,,,0.500281185774003,1.0796899964858483e-06,,,0.0,False,False,True,False,False
ext_op_income_ratio,1572,1782,0.002181484051713059,0.002181484051713059,0.019079685746352413,0.08333313459478793,2.294956030246857e-09,0.28867479036934957,1570,0.00548922259139191,0.1316488352979833,0.04169594496576604,0.5031847133757962,1.6521278303277442,0.5002811970407768,0.2886747903870738,4.0016848307402534e-17,-1.2000297968477613,0.0,False,True,False,False,False
ext_op_to_liquid_debt,1572,1782,0.0021415026716129345,0.0021415026716129345,0.018518518518518517,0.08332534320907643,2.8720405672229165e-07,0.28866129496146337,1570,0.002976232858620492,0.1069160761187361,0.02783709397747841,0.5197452229299363,1.1029954522772136,0.5002811857740033,0.2886612946345286,0.00032441709311230874,-1.2004573568122265,0.0,False,True,False,False,False
ext_op_yoy_factor,1572,1782,0.0021415026716129345,0.0021415026716129345,0.018518518518518517,0.08333313455879114,2.2104745015795546e-09,0.2886747903070012,1570,0.004183178078263016,0.07933672533671222,0.05272688103156805,0.5292993630573248,2.0892090976749778,0.5002811857740032,0.2886747903236172,9.432213078046234e-10,-1.200029793123942,0.0,False,False,False,False,False
ext_operating_profit_to_revenue_fi,1572,1782,0.0021415026716129345,0.0021415026716129345,0.018518518518518517,0.08333313419171037,2.176318936331813e-09,0.2886747896711979,1570,0.006864554219614516,0.12111776299660248,0.05667669258230171,0.5197452229299363,2.2457133714808557,0.5002811857740032,0.288674789687557,4.1109544258988446e-09,-1.2000297936130533,0.0,False,True,False,False,True
ext_oth_comp_income_to_equity,1572,1782,0.0021415026716129345,0.0021415026716129345,0.018518518518518517,0.0827083456078941,0.00036512934035454474,0.2875898835381749,1570,-0.0034104713723468556,0.048219101271549526,-0.0707286382867347,0.47197452229299364,-2.802496785014451,0.5002811857740032,0.2875927596114701,-0.03127620915580889,-1.2595299861733849,0.0,False,False,False,False,False
ext_oth_cur_assets_opacity,1572,1782,0.0021415026716129345,0.0021415026716129345,0.018518518518518517,0.08332293793540667,1.09122691821773e-06,0.2886571286696967,1570,0.004483166969332858,0.052976810194821394,0.08462508317971734,0.5273885350318471,3.353118754828601,0.5002811857740032,0.28865713444235636,-0.0006039710077522273,-1.2015769720723046,0.0,False,False,False,False,False
ext_oth_cur_liab_opacity,1572,1782,0.0021415026716129345,0.0021415026716129345,0.018518518518518517,0.08002552491911526,0.006760343577602045,0.28261186471539235,1570,0.0030462253822616694,0.04802197181737775,0.06343399212856414,0.5369426751592357,2.5134593752566956,0.5002811857740032,0.2829284617507196,-0.12158239420589688,-1.235884032062621,0.0,False,False,False,False,False
ext_oth_debt_invest_to_assets,1572,1782,0.0021415026716129345,0.0021415026716129345,0.018518518518518517,0.013882359002286985,0.0017258001775241154,0.11760121786331967,1570,0.005321674535276335,0.09817029476024995,0.05420860300229158,0.5178343949044586,2.1479197014675124,0.5002811857740032,0.11783526018426645,3.7780023361590898,12.378688525411496,0.0,False,True,False,False,False
ext_oth_income_to_revenue,1572,1782,0.002572373437513387,0.002572373437513387,0.019079685746352413,1.0335170100802392e-28,6.96509995593928e-29,9.731472060186065e-15,0,,,,,,0.500281307241192,1.0837042740853387e-06,,,0.0,False,False,False,False,False
ext_oth_nca_opacity,1572,1782,0.0021415026716129345,0.0021415026716129345,0.018518518518518517,0.08290049164247612,0.0002433202276034801,0.2879241442047133,1570,0.0035127077424241637,0.06092514948593546,0.0576561202075519,0.524203821656051,2.284521453149138,0.5002811857740032,0.2879257520526976,-0.02222323510668138,-1.2445497911921428,0.0,False,False,False,False,False
ext_oth_ncl_opacity,1572,1782,0.0021415026716129345,0.0021415026716129345,0.018518518518518517,0.042636313295451055,0.0030754406792908562,0.20634390771774583,1570,-0.0007256086815032255,0.04212749590634154,-0.017224111376484594,0.5076433121019108,-0.6824748493197293,0.5002811857740032,0.2065094340218318,-1.4786166407387848,0.3128386505624821,0.0,False,True,False,False,False
ext_other_bus_cost_to_revenue,1572,1782,0.002572373437513387,0.002572373437513387,0.019079685746352413,0.009302574154358877,0.00043363169857630067,0.09642384150179518,1570,-0.007193568296919559,0.10677919014893845,-0.06736863509533814,0.4745222929936306,-2.669362620839637,0.500281307241192,0.09645344083771638,-4.792365519236757,20.997127043693165,0.01746145660149856,False,False,False,False,False
ext_other_operating_cf_in_to_revenue,1572,1782,0.002572373437513387,0.002572373437513387,0.019079685746352413,0.083333134372226,2.2405094957654635e-09,0.28867478998386054,1570,-0.000685898248608991,0.06742335407605789,-0.010173006935182334,0.4834394904458599,-0.4030873479311036,0.5002813072411919,0.2886747900007456,3.248881732312445e-17,-1.2000298311713016,0.0,False,True,False,False,False
ext_other_operating_cf_out_to_revenue,1572,1782,0.002572373437513387,0.002572373437513387,0.019079685746352413,0.083333134372226,2.240509495279691e-09,0.28867478998386054,1570,0.003420473543026889,0.08942072754804148,0.03825146178987676,0.5152866242038217,1.5156462966760984,0.500281307241192,0.2886747900007456,1.4910223921313362e-17,-1.2000298311713018,0.0,False,True,False,False,False
ext_parent_share_of_ni,1572,1782,0.00216791894060766,0.00216791894060766,0.018518518518518517,0.08328292733495857,2.084632457520139e-05,0.2885878133781417,1570,0.0023832297884804707,0.05575840131364398,0.04274207531659088,0.5076433121019108,1.6935788891337569,0.5002811932180202,0.2885879097385303,-0.0013939745713065323,-1.2001368056527313,0.0,False,True,False,False,False
ext_payables_opacity,1572,1782,0.0021415026716129345,0.0021415026716129345,0.018518518518518517,0.08332550306220005,2.1505407564430762e-07,0.2886615718485252,1570,0.005630228240048195,0.07357789473812834,0.07652064876396347,0.5394904458598726,3.0319949223233946,0.5002811857740032,0.28866157228125977,-0.00045419777775510244,-1.201202019623446,0.0,False,False,False,False,False
ext_pn_op_profit_margin,1572,1782,0.002572373437513387,0.002572373437513387,0.019079685746352413,1.0335170100802392e-28,6.96509995593928e-29,9.731472060186065e-15,0,,,,,,0.500281307241192,1.0837042740853387e-06,,,0.0,False,False,False,False,False
ext_pref_dividend_commitment,1572,1782,0.00216791894060766,0.00216791894060766,0.018518518518518517,9.007516915041727e-29,1.0581781535507738e-28,8.716239491548239e-15,0,,,,,,0.5002811932180202,1.0773174048297034e-06,,,0.0,False,False,False,False,False
ext_prepayment_to_assets,1572,1782,0.0021415026716129345,0.0021415026716129345,0.018518518518518517,0.08332449722430812,8.542500740327115e-07,0.28865982959552694,1570,0.004629020391481688,0.07737086992259942,0.05982898209768723,0.5165605095541401,2.370617249829092,0.5002811857740032,0.2886598329221226,-0.0005130218502991776,-1.201349664723872,0.0,False,True,False,False,False
ext_prf_reserve_to_profit,1572,1782,0.0021639921979192548,0.0021639921979192548,0.018518518518518517,9.063855609541112e-29,1.057022117782791e-28,8.75197567796429e-15,0,,,,,,0.5002811921114522,1.0775358625564879e-06,,,0.0,False,False,False,False,False
ext_profit_distribution_rate,1572,1782,0.00216791894060766,0.00216791894060766,0.018518518518518517,9.007516915041727e-29,1.0581781535507738e-28,8.716239491548239e-15,0,,,,,,0.5002811932180202,1.0773174048297034e-06,,,0.0,False,False,False,False,False
ext_profit_prefin_exp_ratio,1572,1782,0.002181484051713059,0.002181484051713059,0.019079685746352413,0.08332558860450202,2.012982198684587e-07,0.2886617200190916,1570,0.0025943718024165115,0.10960321126516855,0.02367058202464358,0.5019108280254777,0.9379048095702711,0.5002811970407768,0.28866171976287924,0.0003374924295082309,-1.2005494022590875,0.0,False,True,False,False,False
ext_profit_to_op_factor,1572,1782,0.0021415026716129345,0.0021415026716129345,0.018518518518518517,0.08333313412497578,2.260042945493552e-09,0.28867478955561005,1570,-0.0019124481207223286,0.09015379173724433,-0.021213174552837562,0.49936305732484076,-0.8405343991392461,0.5002811857740032,0.28867478957252296,-1.0122619036629387e-08,-1.200029801518623,0.0,False,True,False,False,False
ext_q_deducted_profit_level,1572,1782,0.0021415026716129345,0.0021415026716129345,0.018518518518518517,0.08333313457861269,2.248693956455904e-09,0.28867479034133314,1570,0.006385894393341325,0.07373493306715646,0.08660609195271346,0.5331210191082802,3.4316127121829063,0.5002811857740032,0.2886747903581979,2.145725607340925e-09,-1.200029797874071,0.0,False,False,False,False,False
ext_q_dt_roe_signal,1572,1782,0.0021415026716129345,0.0021415026716129345,0.018518518518518517,0.08333312852117133,6.247799365747606e-09,0.28867477984952417,1570,0.005612054381735718,0.1321755295748934,0.042459102677971955,0.5127388535031847,1.6823666004599438,0.5002811857740032,0.288674779875378,1.606592246053144e-07,-1.2000299678732864,0.0,False,True,False,False,False
ext_q_expense_ratio_fi,1572,1782,0.0021415026716129345,0.0021415026716129345,0.018518518518518517,0.08332429944697628,1.1439918033264988e-06,0.2886594870137645,1570,0.007969849153183524,0.11466648777366197,0.06950460686399552,0.5140127388535032,2.7539967119170936,0.5002811857740032,0.28865948609132347,-0.0005244981509362361,-1.2013781751320802,0.0,False,True,False,False,False
ext_q_impairment_burden,1572,1782,0.0021415026716129345,0.0021415026716129345,0.018518518518518517,0.07931918662492114,0.0024325055515527485,0.2816028001333219,1570,0.002234691477683976,0.07962258952963477,0.02806604872920197,0.5076433121019108,1.112067378036873,0.5002811857740032,0.2816433315122238,-0.16820352943814598,-1.3925582380282995,0.0,False,True,False,False,False
ext_q_investment_income_level,1572,1782,0.0021415026716129345,0.0021415026716129345,0.018518518518518517,0.083320666004035,1.0366276776673058e-05,0.288653192744457,1570,-0.0035553506027645745,0.0559982758875995,-0.06349035834426264,0.48152866242038217,-2.5156927865325933,0.5002811857740032,0.288653238977798,-0.0007308729100079116,-1.2018719762156682,0.0,False,True,False,False,False
ext_q_npta_signal,1572,1782,0.0021415026716129345,0.0021415026716129345,0.018518518518518517,0.08333313083959175,2.20636222466503e-09,0.2886747838651511,1570,0.003954860269135387,0.11962298903375335,0.03306103869398771,0.521656050955414,1.309984991843343,0.5002811857740032,0.2886747838810657,2.2559737266292988e-08,-1.2000297738798749,0.0,False,True,False,False,False
ext_q_ocf_to_or_signal,1572,1782,0.0021415026716129345,0.0021415026716129345,0.018518518518518517,0.0820478225612535,0.0007209516366624463,0.28643713841290946,1570,0.004603984428198198,0.05905111736343313,0.07796608487292017,0.5343949044585987,3.0892677632322334,0.5002811857740032,0.2864389243136783,0.027357759067549718,-1.1804011639430503,0.0,False,False,False,False,False
ext_q_operating_income_level,1572,1782,0.0021686328938237335,0.002168632893823733,0.019079685746352413,0.08333313460208826,2.297425784278971e-09,0.28867479038199406,1570,0.007813391372249876,0.12839703300702682,0.06085336389215684,0.513375796178344,2.411206560682074,0.5002811934192154,0.28867479039975696,3.997401427412632e-17,-1.2000297957219348,0.0,False,True,False,False,False
ext_q_profit_margin_fi,1572,1782,0.0021415026716129345,0.0021415026716129345,0.018518518518518517,0.0833331341792907,2.2725413909484514e-09,0.2886747896496864,1570,0.0077107366438773535,0.11410000448799269,0.06757875846261507,0.5261146496815287,2.6776883864066585,0.5002811857740032,0.28867478966665533,4.912608729264221e-09,-1.2000297973556062,0.0,False,False,False,False,True
ext_q_sga_ratio_fi,1572,1782,0.0,0.0,0.0,0.08333311006506638,1.0842768190275581e-07,0.28867474788251074,1570,0.0036627365994564283,0.11763560806031013,0.03113629163695566,0.5070063694267516,1.233720305148392,0.5002805836139169,0.2886747478825718,-1.5602984915442507e-06,-1.200033785347345,0.0,False,True,False,False,False
ext_quick_ratio_factor,1572,1782,0.0021415026716129345,0.0021415026716129345,0.018518518518518517,0.0833278192924125,1.7654067724582762e-06,0.2886655838215944,1570,-0.0019435463084545245,0.09885743643122923,-0.01966009213486498,0.5044585987261146,-0.7789962642527026,0.5002811857740032,0.2886655849182975,0.0003173640181629838,-1.2008540206605631,0.0,False,True,False,False,False
ext_receivables_opacity,1572,1782,0.0021415026716129345,0.0021415026716129345,0.018518518518518517,0.08332506909334347,3.72150799476557e-07,0.2886608201556421,1570,0.006551226201323769,0.06645150837095908,0.09858656879166966,0.5452229299363057,3.906317847717969,0.5002811857740032,0.28866081943033783,-0.0004796102089840068,-1.2012659347882435,0.0,False,False,False,False,False
ext_receivables_to_assets,1572,1782,0.0021415026716129345,0.0021415026716129345,0.018518518518518517,0.0833244526113767,5.308994425489654e-07,0.2886597523218834,1570,0.004268818095059499,0.15713993183385472,0.02716571176556799,0.5114649681528662,1.0763931234897282,0.5002811857740032,0.2886597538635743,-0.0005156604971112401,-1.2013564057596284,0.0,False,True,False,False,True
ext_retained_eps_factor,1572,1782,0.003686854407804365,0.003686854407804365,0.023007856341189674,0.08333313372007108,2.6633911468937252e-09,0.2886747888542937,1570,0.016905131940302045,0.15840431395444077,0.10672141129416583,0.5184713375796178,4.2286465467015635,0.5002816219129079,0.28867478887813425,-1.5831357583624186e-11,-1.200029930791854,0.0,False,False,False,False,False
ext_revenue_ps_factor,1572,1782,0.003686854407804365,0.003686854407804365,0.023007856341189674,0.08333313371615243,2.6633149675037037e-09,0.2886747888475064,1570,0.010738612228279033,0.11488986724357583,0.09346874955919571,0.5178343949044586,3.703533342138376,0.5002816219129079,0.2886747888713455,1.727997949862445e-10,-1.2000299308916,0.0,False,True,False,False,False
ext_revenue_yoy_factor,1572,1782,0.0021415026716129345,0.0021415026716129345,0.018518518518518517,0.0833331344256478,2.289377319656571e-09,0.2886747900763899,1570,0.0022509320102831886,0.08288999907463586,0.02715565249622458,0.5114649681528662,1.0759945427920452,0.5002811857740032,0.2886747900935236,-4.6403032896116204e-10,-1.2000297903850574,0.0,False,True,False,False,True
ext_right_of_use_assets_ratio,1572,1782,0.0021415026716129345,0.0021415026716129345,0.018518518518518517,8.897878672898714e-29,1.0572739782515128e-28,8.662988336295862e-15,0,,,,,,0.500281185774003,1.0796899964858483e-06,,,0.0,False,False,True,False,False
ext_right_of_use_dep_cf_supp,1572,1782,0.6847025528111194,0.6847025528111194,0.9725028058361391,0.06492314171109155,0.030582390995430135,0.24200761841015747,1570,-0.0041363701946193765,0.08548396607504252,-0.04838767297001924,0.48471337579617835,-1.9172756781073617,0.5008899013183219,0.2684396590097692,1.182686837404767,4.3953124962736805,0.0035992066492459653,True,True,False,False,False
ext_roa_dp_signal,1572,1782,0.0021415026716129345,0.0021415026716129345,0.018518518518518517,0.08333313221301082,2.386778884403657e-09,0.2886747862439856,1570,0.002759248104521422,0.11952158933519641,0.023085771531895834,0.5165605095541401,0.9147327315341574,0.5002811857740032,0.2886747862605821,2.3863063141901124e-08,-1.200029786091642,0.0,False,True,False,False,True
ext_roa_factor,1572,1782,0.0021415026716129345,0.0021415026716129345,0.018518518518518517,0.08332555164829548,2.36362159745094e-07,0.2886616560060028,1570,0.0018856597311456968,0.11688250654281022,0.01613295083174009,0.5089171974522293,0.6392395489851742,0.5002811857740032,0.2886616556434802,0.00033909075386698924,-1.200552065941611,0.0,False,True,False,False,True
ext_roa_yearly_signal,1572,1782,0.0021415026716129345,0.0021415026716129345,0.018518518518518517,0.08333313271493954,2.3564439538869136e-09,0.28867478711335276,1570,0.0030023952900606345,0.12448907147214444,0.024117741859231778,0.5152866242038217,0.95562272453621,0.5002811857740032,0.2886747871297113,1.407073110037863e-08,-1.200029790381141,0.0,False,True,False,False,False
ext_roe_avg_signal,1572,1782,0.0021415026716129345,0.0021415026716129345,0.018518518518518517,0.04349513338387447,0.022899180338235268,0.2004691927772768,1570,0.001141314307990237,0.06280888757710187,0.0181712230866882,0.5082802547770701,0.7200024701984837,0.5002811857740032,0.2085905379433867,1.486675095573133,3.4667553954333425,0.00034132183858697054,False,True,False,False,False
ext_roe_yearly_signal,1572,1782,0.0021415026716129345,0.0021415026716129345,0.018518518518518517,0.0833331308587081,4.536309037817844e-09,0.28867478389826157,1570,0.003822134899979738,0.13713602749360515,0.027871121614325377,0.5063694267515924,1.1043437370056521,0.5002811857740032,0.28867478392212914,1.326493394681594e-07,-1.2000299860568349,0.0,False,True,False,False,True
ext_roe_yoy_signal,1572,1782,0.0021415026716129345,0.0021415026716129345,0.018518518518518517,0.08333309675041897,6.616038684042498e-08,0.2886747248208714,1570,0.005654203053494703,0.07662860521537097,0.0737871064937578,0.5388535031847134,2.923683160503582,0.5002811857740032,0.2886747252405482,-1.2031281207600861e-07,-1.2000286336281454,0.0,False,False,False,False,False
ext_roic_factor,1572,1782,0.0021415026716129345,0.0021415026716129345,0.018518518518518517,0.08332539052017784,2.7277608694904073e-07,0.28866137691065397,1570,0.0012385813485314148,0.11506900927924847,0.010763813439339139,0.5121019108280255,0.42649700727945283,0.5002811857740032,0.2886613778419222,0.00034018365508360165,-1.2005336268855757,0.0,False,True,False,False,True
ext_roic_yearly_signal,1572,1782,0.0021415026716129345,0.0021415026716129345,0.018518518518518517,0.08332539056795654,2.727821402149788e-07,0.28866137699341293,1570,0.0014391681819954263,0.12048721108951646,0.011944572116672122,0.5140127388535032,0.4732824746270438,0.5002811857740032,0.2886613779246931,0.000340183244760561,-1.2005336295162983,0.0,False,True,False,False,True
ext_salescash_to_or_factor,1572,1782,0.0021415026716129345,0.0021415026716129345,0.018518518518518517,0.08332491560967492,2.749076396417665e-07,0.28866055430115173,1570,-0.00218933768283024,0.05717599687671578,-0.038291202644895564,0.48853503184713376,-1.5172209575365607,0.5002811857740032,0.2886605548023973,0.0004872632281196826,-1.2012853200323057,0.0,False,True,False,False,False
ext_sg_and_a_to_revenue,1572,1782,0.002572373437513387,0.002572373437513387,0.019079685746352413,0.08333313437222602,2.2405095070049335e-09,0.28867478998386054,1570,0.003043771836591061,0.1118872357198956,0.027203923816752427,0.5019108280254777,1.0779072082110974,0.500281307241192,0.2886747900007456,3.5988362321592973e-17,-1.2000298311713016,0.0,False,True,False,False,False
ext_sga_to_revenue,1572,1782,0.0,0.0,0.0,0.08333311490548874,9.377696996877945e-08,0.28867475626639466,1570,0.003574764593375454,0.12141700896917025,0.029442041306446155,0.5044585987261146,1.166588642228295,0.5002805836139169,0.28867475626644035,-1.2684723235672955e-06,-1.2000330003856132,0.0,False,True,False,False,True
ext_short_term_debt_ratio,1572,1782,0.0021415026716129345,0.0021415026716129345,0.018518518518518517,0.08290221330229544,7.22817073507513e-05,0.2879274171446239,1570,0.0031443123888795646,0.07727488969896844,0.04068996282140974,0.5140127388535032,1.6122675729605496,0.5002811857740032,0.28792770992555194,-0.02237117653843735,-1.2457368674072917,0.0,False,True,False,False,False
ext_st_bonds_payable_to_assets,1572,1782,0.0021415026716129345,0.0021415026716129345,0.018518518518518517,8.897878672898714e-29,1.0572739782515128e-28,8.662988336295862e-15,0,,,,,,0.500281185774003,1.0796899964858483e-06,,,0.0,False,False,True,False,False
ext_subsidiary_acquisition_outflow,1572,1782,0.0034198359049928176,0.0034198359049928176,0.01964085297418631,0.026057691321180135,0.006312165452931562,0.16018467805409634,1570,-0.002068680526910572,0.039888657964598846,-0.051861371940528166,0.48089171974522293,-2.054914835777743,0.5002815464565982,0.16140816352161766,2.478362429110335,4.460992272463127,0.0,False,True,False,False,False
ext_subsidiary_disposal_inflow,1572,1782,0.04154993531583862,0.04154993531583863,0.11054994388327721,0.028710625276261528,0.005902935444253855,0.16847325899574458,1570,-0.0029049945989661893,0.02912786856576805,-0.0997324810226666,0.45796178343949046,-3.951722586464084,0.5002927472429244,0.16980520757393971,2.2678175343319973,3.4034812862262935,0.0,False,False,False,False,False
ext_surplus_reserve_ratio,1572,1782,0.0021415026716129345,0.0021415026716129345,0.018518518518518517,0.0833331265039033,1.9523294448592967e-08,0.2886747763555073,1570,0.006232688903781557,0.07442340687938488,0.08374635299728529,0.5363057324840764,3.318300630645615,0.5002811857740032,0.28867477635000144,4.985171764055096e-07,-1.2000311440762037,0.0,False,False,False,False,False
ext_tax_paid_to_pretax,1572,1782,0.0021686328938237335,0.002168632893823733,0.019079685746352413,0.08333313460208816,2.297425747752817e-09,0.28867479038199395,1570,0.0014605920827444239,0.09121134789696614,0.01601327155470099,0.49554140127388535,0.6344974700019028,0.5002811934192154,0.28867479039975696,3.396265061313351e-17,-1.2000297957219348,0.0,False,True,False,False,False
ext_tax_refund_to_revenue,1572,1782,0.002572373437513387,0.002572373437513387,0.019079685746352413,0.08232656524295844,0.0006538623412032883,0.2869237870516524,1570,-0.0012852288618344834,0.10639278109541907,-0.012080038218775551,0.4980891719745223,-0.4786500785399627,0.500281307241192,0.2869279930180349,0.04832818322731662,-1.2839728055745867,0.0,False,True,False,False,False
ext_tb_assets_ratio,1572,1782,0.0021415026716129345,0.0021415026716129345,0.018518518518518517,0.08332558296340696,1.975464725060633e-07,0.28866171024798193,1570,-0.0006195137813674223,0.08919797417274884,-0.006945379501193783,0.5031847133757962,-0.27519833824443124,0.5002811857740032,0.288661709967517,0.00042255878602084137,-1.2010174300696357,0.0,False,True,False,False,True
ext_tci_to_net_income,1572,1782,0.00216791894060766,0.00216791894060766,0.018518518518518517,0.08221590494127293,0.000412694545720875,0.28673225580492634,1570,0.004551615105014978,0.06168332582118193,0.07379004041075818,0.5280254777070064,2.923799411758522,0.5002811932180202,0.28673486217837046,-0.009235637470687296,-1.164430699012202,0.0,False,False,False,False,False
ext_termin_oper_np_ratio,1572,1782,0.00216791894060766,0.00216791894060766,0.018518518518518517,9.007516915041727e-29,1.0581781535507738e-28,8.716239491548239e-15,0,,,,,,0.5002811932180202,1.0773174048297034e-06,,,0.0,False,False,False,False,False
ext_top_list_amount_ratio,1572,1782,0.9909874115768942,0.9909874115768942,1.0,0.08261795765219311,0.002563174927756315,0.287323693187872,1173,0.006112155437445517,0.258724545056884,0.02362418082946741,0.49872122762148335,0.8091066382126273,0.5287756961223116,0.2884932456974356,-2.0839493412766323e-06,-1.2088579472037526,0.0,True,True,False,False,False
ext_top_list_appearance_20d,1572,1782,0.001547136619231615,0.0015471366192316152,0.010101010101010102,0.0214413244841983,0.007725914743499529,0.1408371071839204,1478,-0.02588041384561293,0.0956852552371052,-0.27047441929774907,0.37821380243572394,-10.398325643525684,0.5002810183877553,0.1464243387669099,,,0.00030937508324425033,False,False,False,False,True
ext_top_list_buy_sell_imbalance,1572,1782,0.9673648415166651,0.967364841516665,1.0,0.08330359894344551,2.474465944357631e-05,0.28862362534032704,1450,-0.012893965055625312,0.14606009902273936,-0.08827849044260826,0.46620689655172415,-3.3615447666954004,0.5079412826374684,0.2886468973613863,-1.2234723442179526e-05,-1.200886045122846,0.0,True,False,False,False,False
ext_top_list_float_mv_scale,1572,1782,0.9922825227108518,0.9922825227108518,1.0,0.08199398168151206,0.004919468322468835,0.28592048785902746,1056,-0.004239936797641407,0.2785569302695627,-0.015221078124096113,0.4990530303030303,-0.49462649296048433,0.5338359776122855,0.28855279779699716,-2.9749597544552036e-17,-1.2099798052965696,0.0,True,True,False,False,False
ext_top_list_net_flow_ma_10d,1572,1782,0.0015464226660155413,0.0015464226660155415,0.010101010101010102,0.013059613359497731,0.005338344222502764,0.10884683158301967,1454,-0.006376504823872377,0.03938063481288093,-0.16191980789976246,0.4408528198074278,-6.174221179443634,0.5002810181868106,0.11427541978275348,,,0.0041528647450375464,False,False,False,False,False
ext_top_list_net_seat_flow,1572,1782,0.9673648415166651,0.967364841516665,1.0,0.08330359894344551,2.474465944357631e-05,0.28862362534032704,1450,-0.012893965055625312,0.14606009902273936,-0.08827849044260826,0.46620689655172415,-3.3615447666954004,0.5079412826374684,0.2886468973613863,-1.2234723442179526e-05,-1.200886045122846,0.0,True,False,False,False,False
ext_top_list_seat_concentration,1572,1782,0.9909874115768942,0.9909874115768942,1.0,0.0826182419267731,0.0025632299054307002,0.2873241862157618,1173,0.006145323522962471,0.2586959512526814,0.023755004642341787,0.49872122762148335,0.8135872344371919,0.5287756961223116,0.28849385411270023,1.7036632123368595e-17,-1.2088437860076278,0.0,True,True,False,False,False
ext_top_list_seat_flow_divergence,1572,1782,0.0015464226660155413,0.0015464226660155415,0.010101010101010102,0.06527343168228421,0.0195373887481759,0.24593015311045924,1460,-0.006891520213294463,0.03144603009208253,-0.21915390251533237,0.42534246575342466,-8.373858857303585,0.5002810181868106,0.255502061636041,,,0.0,False,False,False,False,False
ext_total_fa_turnover,1572,1782,0.0021415026716129345,0.0021415026716129345,0.018518518518518517,0.0833331291596658,4.70942763348455e-09,0.2886747809554304,1570,-0.000756506517330555,0.07114758369215562,-0.010632919321671406,0.49745222929936306,-0.4213105601368684,0.5002811857740032,0.28867478097025684,1.5032929049128352e-07,-1.2000300099303203,0.0,False,True,False,False,False
ext_total_operating_outflow_to_revenue,1572,1782,0.002572373437513387,0.002572373437513387,0.019079685746352413,0.08333313437222602,2.2405095072762517e-09,0.28867478998386054,1570,0.00031417493547980497,0.07805375433780484,0.004025109850835661,0.5082802547770701,0.15948783533151367,0.500281307241192,0.2886747900007456,6.1433724297752705e-18,-1.2000298311713016,0.0,False,True,False,False,False
ext_trade_payables_ratio,1572,1782,0.0021415026716129345,0.0021415026716129345,0.018518518518518517,0.08332474971330334,2.773215348182683e-06,0.2886602669059724,1570,-0.003965297268721878,0.10673756038126847,-0.03714997096202841,0.48980891719745223,-1.4720016772045132,0.5002811857740032,0.28866028447504793,0.0004978447709540518,-1.2013099397714864,0.0,False,True,False,False,False
ext_treasury_share_to_equity,1572,1782,0.0021415026716129345,0.0021415026716129345,0.018518518518518517,0.06236769280622465,0.005215122857106437,0.2495080368349445,1570,-0.004271830686658385,0.06737912618436635,-0.0633999122364629,0.48471337579617835,-2.512109020006532,0.5002811857740032,0.24976581519457836,0.7472775168858277,-1.165761275110855,0.0,False,True,False,False,False
ext_undistributed_profit_ratio,1572,1782,0.0021415026716129345,0.0021415026716129345,0.018518518518518517,0.08333313461857679,2.2296948662580317e-09,0.28867479041055316,1570,0.003332243837109723,0.1076908707515678,0.030942677070527922,0.5267515923566879,1.226048671520356,0.5002811857740032,0.2886747904273047,3.631480178996236e-17,-1.2000297931773294,0.0,False,True,False,False,True
ext_valuechange_income_ratio,1572,1782,0.002181484051713059,0.002181484051713059,0.019079685746352413,0.08332549299339805,9.517682480847983e-06,0.2886615539374366,1570,-0.004843087630062502,0.10170868472540984,-0.047617247663144305,0.4878980891719745,-1.8867489424326596,0.5002811970407768,0.2886615668374737,-0.00044935483978298654,-1.201168248620259,0.0,False,True,False,False,False
ext_working_capital_change_cf,1572,1782,0.6847025528111194,0.6847025528111194,0.9725028058361391,0.08333043474762201,6.752329829804932e-06,0.2886701138164709,1570,0.0061992252620878836,0.0789724075363698,0.07849862319611953,0.5210191082802548,3.1103686493063134,0.500889901318322,0.28867531863043594,1.5967271682538676e-11,-1.2001130839497833,0.0,True,False,False,False,False
extreme_move_count,1572,1782,0.0005690207132107047,0.0005690207132107047,0.0028058361391694723,0.08141437877463945,0.0005378869818719461,0.28533043163924293,1570,0.026279300776292962,0.08160809910479082,0.3220182930930471,0.6312101910828025,12.759403446317487,0.5003924747168049,0.2853326150676464,-0.01327302910973031,-1.2049668098571533,0.0,False,False,False,False,False
f_score,1572,1782,0.0,0.0,0.0,0.07525517855643395,0.0010621838698799627,0.274319941005256,1570,0.00430161341177144,0.06469145851829755,0.06649430249829283,0.5261146496815287,2.6347187431741403,0.5002805836139169,0.2743267733132044,-0.08463403373699387,-1.398364364500689,0.0,False,False,False,False,False
f_score_efficiency,1572,1782,0.0,0.0,0.0,0.006716317246168853,0.014906357196514867,0.04041781268158483,462,-0.0017855567777829281,0.03401670356488702,-0.05249058817168954,0.474025974025974,-1.1282424265794033,0.5002805836139169,0.08195314055098105,,,0.002407807221208409,False,False,False,False,False
f_score_leverage,1572,1782,0.0,0.0,0.0,0.04905813115777515,0.01225174158822824,0.21960225577379608,1570,-0.002988241121751713,0.07630509567656722,-0.039161750539150185,0.47579617834394905,-1.5517148730698849,0.5002805836139169,0.22149070219260933,1.0743596354312663,-0.39643503316868706,0.0,False,True,False,False,False
f_score_profitability,1572,1782,0.0,0.0,0.0,0.06474506902288109,0.0038119136127341565,0.2543404746314591,1570,0.0035643818148765253,0.08021983278919341,0.044432675698081125,0.5203821656050955,1.7605659293007558,0.5002805836139169,0.2544505237229455,-0.421090589195506,-1.3748687280457108,0.0,False,True,False,False,False
fa_turn,1572,1782,0.0021415026716129345,0.0021415026716129345,0.018518518518518517,0.08332571117288194,1.5437379385746095e-07,0.2886619323236274,1570,-0.006031860473857579,0.07867162172388384,-0.07667136308728682,0.4764331210191083,-3.037966709944372,0.5002811857740032,0.28866193215986574,0.00044186974501305045,-1.2011708357548248,0.0,False,False,False,False,True
factor_anti_crowding,1572,1782,0.0,0.0,0.0,4.83226608254446e-28,0.0,2.19824158875781e-14,0,,,,,,0.5002805836139169,0.0,,,0.0,False,False,False,False,True
factor_autocorrelation_break,1572,1782,0.0,0.0,0.0,0.08153076455952349,0.012122237981726352,0.28243118900358155,1536,0.009146566521206082,0.053393014266863936,0.1713064273818776,0.5651041666666666,6.713813387915848,0.5002805836139169,0.28553592516445886,,,0.0,False,False,False,False,False
factor_consistency_ratio,1572,1782,0.022375293791748414,0.022375293791748425,1.0,0.08308907113127183,8.788747954438716e-05,0.2882517092426739,1540,0.005972754213865779,0.07788002934026203,0.07669173040203278,0.5272727272727272,3.009600825453343,0.5002815282419201,0.28825192472617994,0.003857777530358613,-1.203914336426732,0.0,False,False,False,False,False
factor_consistency_score,1572,1782,0.018447837150127225,0.018447837150127225,1.0,0.07040291806836443,0.0010694318244959657,0.265327836829508,1541,0.00022975608777686557,0.0669649983487123,0.00343098773153757,0.5081116158338741,0.13468538885237105,0.5002805836139169,0.2653354821134262,0.288126936721769,-1.7035746532660803,0.0,False,True,False,False,False
factor_crash_resilience,1572,1782,0.0038464229515968278,0.0038464229515968278,0.026374859708193043,0.08333313362903594,2.846138485259839e-09,0.28867478869661606,1570,-0.024231707492829078,0.20323078602886965,-0.11923246456069346,0.4592356687898089,-4.724374831677809,0.5002816670244244,0.2886747887237663,1.8971777893733146e-11,-1.2000299454994732,0.0,False,False,False,False,False
factor_crowding_proxy_20,1572,1782,0.0,0.0,0.0,4.83226608254446e-28,0.0,2.19824158875781e-14,0,,,,,,0.5002805836139169,0.0,,,0.0,False,False,False,False,True
factor_crowding_risk,1572,1782,0.0015917586952362186,0.0015917586952362186,0.010101010101010102,0.08333312176206599,2.310430426302367e-08,0.28867476814239307,1570,0.019643364048656537,0.14651906095679723,0.13406695293009419,0.5535031847133758,5.312165109698432,0.5002810309473711,0.2886747681419989,-1.679296301238048e-08,-1.2000295288020628,0.0,False,False,False,False,False
factor_crowding_warning,1572,1782,0.018447837150127225,0.018447837150127225,1.0,0.07040683623229481,0.0010718367044469795,0.2653351863960268,1541,-0.00022423043860495196,0.0669535677322847,-0.0033490439150538217,0.49123945489941595,-0.13146863739455833,0.5002805836139169,0.2653428654256503,-0.28829048447784134,-1.7032921881645384,0.0,False,True,False,False,False
factor_cs_tail_ratio,1572,1782,0.0,0.0,0.0,0.0833331356822022,1.7606945237846912e-09,0.28867479225280857,1570,0.014155741991818988,0.06780298215416214,0.2087775720488723,0.5859872611464968,8.272440819206665,0.5002805836139169,0.28867479225280857,3.153585650110397e-10,-1.2000296034619113,0.0,False,False,False,False,False
factor_cycle_position,1572,1782,0.08023834614165402,0.08023834614165404,1.0,0.0831238042108537,0.0012039040574616025,0.288303767525873,1451,0.015336574478936828,0.15162194188675374,0.10115009930681207,0.5265334252239835,3.853008966738567,0.5002819681649597,0.2883174988799043,-0.00426253495915892,-1.214576766771346,0.0,False,False,False,False,False
factor_dispersion_risk,1572,1782,0.0015457087127994677,0.0015457087127994677,0.010101010101010102,0.08333313497283185,7.788247663192618e-10,0.2886747910241417,1570,0.028851755774103992,0.1572414510623104,0.1834869595719442,0.5738853503184713,7.270345177688704,0.5002810179858661,0.2886747910262374,-1.1131635080018764e-17,-1.2000297385192462,0.0,False,False,False,False,False
factor_diversification_ratio,1572,1782,0.0015457087127994677,0.0015457087127994677,0.010101010101010102,0.0833331349671777,7.826141385177446e-10,0.28867479101434834,1570,-0.011949297770135606,0.06321390414180288,-0.18902958031718256,0.40382165605095544,-7.489961689406534,0.5002810179858661,0.28867479101644833,1.9047647365318304e-10,-1.2000297388417258,0.0,False,False,False,False,False
factor_drawdown_60_deep,1572,1782,0.023250600434654718,0.023250600434654718,1.0,0.08324338741037492,0.00015479226532606193,0.28851917598177385,1541,0.0386098987343738,0.16021565279597152,0.24098705751017988,0.5807916937053861,9.460084992668202,0.500281963268391,0.2885192611753925,-0.004841211370820098,-1.2106784332163627,0.0,False,False,False,False,False
factor_gain_to_pain_ratio,1572,1782,0.0,0.0,0.0,0.08174279986040886,0.011401656416823959,0.2831657160813005,1540,0.010906714492795566,0.09443541751227884,0.11549389815931545,0.5512987012987013,4.532307843531026,0.5002805836139169,0.28590697763504974,,,0.0,False,False,False,False,False
factor_ic_ir_proxy_60,1572,1782,0.021694182423614147,0.021694182423614154,1.0,0.08333313172287528,1.0729331975900652e-08,0.2886747853950444,1541,0.026541105538686733,0.1796196098435492,0.14776285040260553,0.5515898767034393,5.800515338914069,0.5002815146840103,0.2886747854076531,-1.3227824872198623e-07,-1.2000302323406142,0.0,False,False,False,False,False
factor_liquidity_fragility,1572,1782,0.00155106336192002,0.0015510633619200199,0.010101010101010102,0.08333311454657034,4.815639221184441e-09,0.2886747556447745,1570,-0.03983674293365833,0.19742086649649418,-0.20178587826411834,0.4337579617834395,-7.995407359660288,0.5002810194929564,0.2886747556464684,-1.8100680058894557e-08,-1.2000301212481876,0.0,False,False,False,False,False
factor_mean_reversion_20,1572,1782,0.010326619317289377,0.010326619317289377,1.0,0.08333312918010569,1.5644230071678517e-08,0.2886747809908322,1561,0.003411622726018282,0.04903113906515416,0.06958073565219049,0.5483664317745035,2.7490995555013864,0.5002818881710129,0.2886747810121881,-7.410201256346895e-08,-1.2000301684004153,0.0,False,False,False,False,False
factor_mean_reversion_signal,1572,1782,0.0,0.0,0.0,0.08020549271277504,0.015838376148861036,0.27784030605863613,1511,-0.011936046486405795,0.055626129937060294,-0.21457625220217838,0.4083388484447386,-8.340918694112762,0.5002805836139169,0.28320574272562876,,,0.0,False,False,False,False,False
factor_momentum_decay,1572,1782,0.022529150709812287,0.02252915070981229,1.0,0.0833326357812492,8.031287741118308e-07,0.28867392639328227,1550,-0.004048810896567037,0.039870441531251744,-0.10154918634130118,0.45741935483870966,-3.9979954642544904,0.5002833985770908,0.28867392403629477,2.521723909768424e-06,-1.2000317972887546,0.0,False,False,False,False,False
factor_multi_horizon_momentum,1572,1782,0.046390895097426055,0.046390895097426055,1.0,0.08333305742076728,2.280625658877539e-08,0.2886746566998317,1510,0.02709354899198955,0.1500885892670314,0.18051704746045572,0.5801324503311258,7.014661123675117,0.5002830030819635,0.2886746566503436,8.055567324464494e-07,-1.2000279460834093,0.0,False,False,False,False,False
factor_outlier_frequency,1572,1782,0.018447837150127225,0.018447837150127225,1.0,4.83226608254446e-28,0.0,2.19824158875781e-14,0,,,,,,0.5002805836139171,2.220446049250313e-16,,,0.0,False,False,False,False,False
factor_pair_correlation_dispersion,1572,1782,0.0,0.0,0.0,0.08285603774670866,0.006287325240662019,0.2870220742702343,1561,0.021409322881026933,0.142303390550233,0.15044843835586236,0.5746316463805253,5.944141451412756,0.5002805836139169,0.28784724724532046,,,0.0,False,False,False,False,False
factor_profile_shift_20,1572,1782,0.0,0.0,0.0,0.08227291778768747,0.009339551884228246,0.28500208517438536,1550,0.015613227829387927,0.0630179188681802,0.24775854407454184,0.6025806451612903,9.754263634483223,0.5002805836139169,0.2868325605430588,,,0.0,False,False,False,False,False
factor_profile_shift_deep,1572,1782,0.01857599175241245,0.01857599175241245,1.0,0.08333270418503098,6.257417166135062e-07,0.2886740448738963,1550,0.016459788059937246,0.08036733639528487,0.20480693772131706,0.5774193548387097,8.063257201349485,0.5002822570525162,0.28867404441355443,-1.9026228938892096e-05,-1.2000730011959972,0.0,False,False,False,False,False
factor_rank_bimodality,1572,1782,0.0,0.0,0.0,0.0833331356822022,1.7606945237846912e-09,0.28867479225280857,1570,0.014155741991818988,0.06780298215416214,0.2087775720488723,0.5859872611464968,8.272440819206665,0.5002805836139169,0.28867479225280857,3.153585650110397e-10,-1.2000296034619113,0.0,False,False,False,False,True
factor_rank_stability_20,1572,1782,0.0,0.0,0.0,0.08179581973331508,0.011213653828135361,0.2833493669859065,1541,0.015968005990873238,0.08810990398309769,0.18122827592612534,0.5710577547047372,7.114219788601917,0.5002805836139169,0.28599968484827926,,,0.0,False,False,False,False,False
factor_rank_volatility_60,1572,1782,0.0,0.0,0.0,0.08179581973331508,0.011213653828135361,0.2833493669859065,1541,0.02049252581498946,0.11596757504930723,0.17670909999003104,0.5717066839714471,6.936816948408032,0.5002805836139169,0.28599968484827926,,,0.0,False,False,False,False,False
factor_regime_change_60,1572,1782,0.0,0.0,0.0,0.0796753837065279,0.017071403157107146,0.2760039524172511,1501,-0.0003406918648268275,0.0952668170523899,-0.0035761860778813622,0.5009993337774816,-0.13855125189731182,0.5002805836139169,0.2822682832103669,,,0.0,False,True,False,False,False
factor_relative_value_spread,1572,1782,0.004440432027370111,0.004440432027370111,0.012906846240179574,0.08333304094109707,3.2056067086272355e-08,0.28867462815615436,1570,0.004409882726512067,0.15423891100118092,0.02859124651417114,0.5070063694267516,1.1328774083092763,0.5002818350834479,0.28867462813137035,-2.990502425274199e-07,-1.20002920014525,0.0,False,True,False,False,False
factor_reversal_risk,1572,1782,0.020101709775161854,0.020101709775161854,1.0,0.08333313489114935,8.902444083468963e-10,0.28867479088266323,1541,0.007873058809820213,0.04754244082912862,0.16560064381457873,0.5632706035042181,6.500748137730639,0.5002810571830237,0.288674790885364,-6.933809573314809e-11,-1.200029750921239,0.0,False,False,False,False,False
factor_rolling_drawdown_60,1572,1782,0.023250600434654718,0.023250600434654718,1.0,0.08324338907599035,0.00015479174632760165,0.2885191788691064,1541,0.038609794382879155,0.16021558389205137,0.2409865098322353,0.5807916937053861,9.460063493256747,0.500281963268391,0.2885192640635863,-0.004841140716647154,-1.2106783130936005,0.0,False,False,False,False,False
factor_rolling_ir_proxy,1572,1782,0.0,0.0,0.0,0.08153076520180674,0.012122238077222652,0.28243119011605006,1536,0.006523897458829155,0.11124024780857705,0.05864691590812995,0.5130208333333334,2.2984803034053103,0.5002805836139169,0.2855359262891567,,,0.0,False,True,False,False,False
factor_signal_to_noise_60,1572,1782,0.021694182423614147,0.021694182423614154,1.0,0.08333313172287528,1.0729331975900652e-08,0.2886747853950444,1541,0.026541105538686733,0.1796196098435492,0.14776285040260553,0.5515898767034393,5.800515338914069,0.5002815146840103,0.2886747854076531,-1.3227824872198623e-07,-1.2000302323406142,0.0,False,False,False,False,False
factor_style_rotation_20,1572,1782,0.0,0.0,0.0,0.08227291266263034,0.00933955130244447,0.2850020762975145,1550,0.014727176870850853,0.13884996101419425,0.10606540155488653,0.552258064516129,4.175799035017006,0.5002805836139169,0.2868325516091755,,,0.0,False,False,False,False,False
factor_trend_exhaustion,1572,1782,0.0,0.0,0.0,0.08253797069687842,0.008101307374910306,0.28592025923430164,1555,-0.005208282476895659,0.08680305117283318,-0.06000114519621517,0.470096463022508,-2.3660544574572016,0.5002805836139169,0.2872942232222542,,,0.0,False,False,False,False,False
factor_trend_strength_60,1572,1782,0.023250600434654718,0.023250600434654718,1.0,0.08333313058328422,9.75600783794176e-09,0.2886747834212125,1541,0.03153687417766568,0.15585401707841762,0.20234880543244496,0.5814406229720961,7.94331827332656,0.500281963268391,0.2886747834411126,3.464757869149223e-08,-1.2000300315336356,0.0,False,False,False,False,False
factor_turnover_ratio_20,1572,1782,0.01857599175241245,0.01857599175241245,1.0,0.08333270418503098,6.257417166135062e-07,0.2886740448738963,1550,0.016459788059937246,0.08036733639528487,0.20480693772131706,0.5774193548387097,8.063257201349485,0.5002822570525162,0.28867404441355443,-1.9026228938892096e-05,-1.2000730011959972,0.0,False,False,False,False,False
factor_unanimity_8,1572,1782,0.0,0.0,0.0,0.0806253464314897,0.0004506450132888676,0.28394491624956797,1570,-0.02422017004714542,0.12734552311455866,-0.19019255215872186,0.4229299363057325,-7.536042384948322,0.5002805836139169,0.28394602732119656,-0.0005379718951646798,-1.1912841893994366,0.0,False,False,False,False,False
factor_volatility_regime_shift,1572,1782,0.022007250908862443,0.02200725090886245,1.0,0.08333313080696553,1.4902808938913423e-08,0.28867478380863965,1541,0.010934853774681568,0.06680579346731405,0.16368121995335097,0.5717066839714471,6.425400054510847,0.5002816048006045,0.28867478382369677,-2.2371629038178036e-08,-1.200030235119574,0.0,False,False,False,False,False
factor_weight_ewma_vol,1572,1782,0.0678098485562438,0.0678098485562438,1.0,0.08333312234148038,3.4258722402044413e-08,0.2886747691459662,1541,0.011498347195208739,0.16193747164935937,0.07100485809798196,0.5139519792342635,2.787336379966711,0.5002954412816676,0.288674779253307,-7.423669775335517e-19,-1.2000309323502565,0.0,False,True,False,False,False
fair_value_dependency,1572,1782,0.00216791894060766,0.00216791894060766,0.018518518518518517,0.0778278558267044,0.0022346254312258598,0.2789471915385733,1570,-0.0026388163306945533,0.057528391604784915,-0.04586980892535626,0.49363057324840764,-1.8175097832563236,0.5002811932180202,0.278988696045476,-0.22463265647662262,-1.428871968400994,0.0,False,True,False,False,True
fcf_conversion,1572,1782,0.0021786282388487647,0.0021786282388487647,0.018518518518518517,0.08083853647643152,0.006549316762096711,0.2840394580266491,1570,0.0005712407188274707,0.037857323305151604,0.015089305554514378,0.49872611464968153,0.5978869568107943,0.5002811962359773,0.28431547069323615,0.008289439114384671,-1.1227181041285905,0.0,False,True,False,False,False
fcf_improvement_4q,1572,1782,0.00217577242598447,0.00217577242598447,0.018518518518518517,0.005840986621312742,0.01486018012520126,0.03437722616185649,403,0.0010093980472719447,0.029160323880776964,0.03461546076781949,0.5086848635235732,0.6949005252839326,0.5002811954311824,0.07642155665397025,,,0.005109795764660897,False,True,False,False,False
fcf_to_equity,1572,1782,0.003686854407804365,0.003686854407804365,0.023007856341189674,0.08113557914507567,0.006768903764410854,0.2845435997154874,1570,0.0010502823823792134,0.05113148389695946,0.02054081560581637,0.5178343949044586,0.813893368956201,0.5002816219129079,0.28483455376590927,-0.0200741291199445,-1.0863448124932777,0.0,False,True,False,False,True
fcf_yield,1572,1782,0.003686854407804365,0.003686854407804365,0.023007856341189674,0.08113557914507567,0.006768903764410854,0.2845435997154874,1570,0.0010502823823792134,0.05113148389695946,0.02054081560581637,0.5178343949044586,0.813893368956201,0.5002816219129079,0.28483455376590927,-0.0200741291199445,-1.0863448124932777,0.0,False,True,False,False,True
fcf_yield_neutral,1572,1782,0.003686854407804365,0.003686854407804365,0.023007856341189674,0.08330324695620318,8.931171249694543e-06,0.2886230183419082,1570,0.0005535950596798825,0.033266719809592005,0.016641107474631777,0.5050955414012739,0.6593743542420539,0.5002816219129079,0.28862302990141986,-0.0009638960233681428,-1.2023025469235642,0.0,False,True,False,False,False
fcf_yield_size_neutral,1572,1782,0.003686854407804365,0.003686854407804365,0.023007856341189674,0.08329244176991671,0.00014976443500892435,0.2886041823553677,1570,0.001803358616035543,0.042616692254134406,0.04231578099214381,0.5261146496815287,1.6766877329815697,0.5002816219129079,0.2886041514206154,-0.00031545840462648327,-1.1993791520876573,0.0,False,True,False,False,False
fcfe_ps_rank,1572,1782,0.0021415026716129345,0.0021415026716129345,0.018518518518518517,0.08332535465361207,2.9464728178008467e-07,0.28866131478490775,1570,0.003670820595998911,0.05686778500989899,0.06455008921764634,0.5299363057324841,2.5576827419110413,0.5002811857740032,0.2886613152420687,-5.084103983886312e-05,-1.1997334877667012,0.0,False,False,False,False,False
fcfe_yield,1572,1782,0.003686854407804365,0.003686854407804365,0.023007856341189674,0.0833254689860494,2.931917446020553e-07,0.28866151282391544,1570,0.0024691049359470986,0.05605386982980288,0.044048786345065476,0.5171974522292994,1.7453549948944387,0.5002816219129079,0.28866151269264156,-5.00253085744981e-05,-1.1997377873640604,0.0,False,True,False,False,False
fcff_ps_neutral,1572,1782,0.0021415026716129345,0.0021415026716129345,0.018518518518518517,0.08330848267529292,1.4038648284426396e-06,0.2886320887728502,1570,0.0035610642869395126,0.031923725366238796,0.11154914553630216,0.543312101910828,4.41993694929127,0.5002811857740032,0.288632091045105,-0.0010340342261036344,-1.2025580159925642,0.0,False,False,False,False,False
fcff_ps_rank,1572,1782,0.0021415026716129345,0.0021415026716129345,0.018518518518518517,0.08332538081527024,2.6328588192254e-07,0.2886613601004857,1570,0.004595893151045135,0.0541360496499678,0.08489524412588662,0.5254777070063694,3.3638234029232867,0.5002811857740032,0.2886613599056287,-0.00013011258080029492,-1.1998357139098463,0.0,False,False,False,False,False
financial_expense_ratio,1572,1782,0.002572373437513387,0.002572373437513387,0.019079685746352413,0.08332521936016338,1.9886173083034303e-07,0.28866108043871225,1570,0.0019373669959878304,0.0821770788085068,0.0235755155096518,0.5184713375796178,0.9341379676080817,0.500281307241192,0.2886610800016096,-0.00019237318968231401,-1.1999603875528904,0.0,False,True,False,False,False
financial_health_composite,1572,1782,0.0021415026716129345,0.0021415026716129345,0.018518518518518517,0.08333313461373072,2.2373629210073654e-09,0.2886747904021595,1570,0.002143688873818893,0.08756392420353289,0.024481416214697273,0.5191082802547771,0.9700326755358661,0.5002811857740032,0.28867479041893285,-4.299557219261291e-11,-1.2000297931314698,0.0,False,True,False,False,False
financing_cf_gap,1572,1782,0.0021415026716129345,0.0021415026716129345,0.018518518518518517,0.08333235185783137,2.4530497239033125e-06,0.28867343459310174,1570,0.0023248684035479476,0.04815627060410288,0.04827758408994966,0.5191082802547771,1.9129136015859662,0.5002811857740032,0.2886734380115313,-3.771674667091936e-06,-1.1999974537336748,0.0,False,True,False,False,False
financing_dependency,1572,1782,0.0021415026716129345,0.0021415026716129345,0.018518518518518517,0.08321899687482323,3.080190601447687e-05,0.2884770251242197,1570,-0.0006704888425135633,0.031763817680449155,-0.021108572315167697,0.4910828025477707,-0.8363897210869601,0.5002811857740032,0.2884770219805914,-0.0003596575406656332,-1.2154393299150261,0.0,False,True,False,False,False
fix_asset_ratio,1572,1782,0.0021415026716129345,0.0021415026716129345,0.018518518518518517,0.08201007621531542,0.0012002180397374515,0.28636628729701863,1570,0.0011835945479590755,0.06393878409082701,0.018511370911866935,0.5019108280254777,0.7334802241830655,0.5002811857740032,0.28637315351297155,-0.06068227279930884,-1.2941190306423644,0.0,False,True,False,False,True
flash_crash_risk,1572,1782,0.0005690207132107047,0.0005690207132107047,0.0028058361391694723,0.08335735537602945,0.00040677920753891603,0.28871579668962455,1570,0.022689058341479745,0.17553645013177657,0.12925553823406416,0.5656050955414013,5.121521340164353,0.5003818924151111,0.2887170882329243,-0.00032807702647426193,-1.2003570386059053,0.0,False,False,False,False,False
float_mv_ratio,1572,1782,0.0015460656894075045,0.0015460656894075045,0.010101010101010102,0.0833331324957816,7.06598574763205e-08,0.2886747867337337,1570,0.003144747320123771,0.10282546672623388,0.03058335080059939,0.5031847133757962,1.211811005694478,0.5002810180863383,0.288674786738112,6.864860051860737e-08,-1.2000301128774753,0.0,False,True,False,False,False
flow_momentum_resonance,1572,1782,0.003627953267478289,0.0036279532674782884,0.012345679012345678,0.0833331320907907,7.665005505456303e-09,0.28867478603229363,1570,-0.022971130691588845,0.15072101347331263,-0.1524082817798742,0.44904458598726116,-6.038907718908846,0.500281605264657,0.2886747860274526,-5.07297753528434e-10,-1.2000299371943846,0.0,False,False,False,False,False
flow_price_divergence,1572,1782,0.003627953267478289,0.0036279532674782884,0.012345679012345678,0.0833331335931859,1.4179499013046853e-09,0.28867478863452195,1570,0.017895150972247014,0.1285981201412655,0.13915561870258386,0.5687898089171974,5.513794461158604,0.500281605264657,0.2886747886372804,5.031194298502717e-09,-1.200029936054509,0.0,False,False,False,False,False
forex_exposure,1572,1782,0.00216791894060766,0.00216791894060766,0.018518518518518517,0.013719429870586584,0.0001897764544473079,0.11712717835736214,1570,-0.00693523805993839,0.11429245799331449,-0.06067975246751684,0.4821656050955414,-2.4043275160520485,0.5002811932180202,0.11712849843470062,-3.782064705755882,12.326717871992422,0.0,False,True,False,False,False
free_cf_yield,1572,1782,0.004215179787698872,0.004215179787698872,0.03872053872053872,0.0833331334104157,3.2979733264527204e-09,0.2886747883179542,1570,-0.0004336244998530074,0.054621916105174494,-0.00793865412956337,0.5012738853503185,-0.3145550828399832,0.500281771330735,0.28867478835428523,-1.141059405688643e-16,-1.2000299795456064,0.0,False,True,False,False,False
free_float_ratio,1572,1782,0.0015460656894075045,0.0015460656894075045,0.010101010101010102,0.0833331324957816,7.065985747736282e-08,0.2886747867337337,1570,-0.003144747320123771,0.10282546672623388,-0.03058335080059939,0.4968152866242038,-1.211811005694478,0.5002810180863383,0.288674786738112,-6.864860054270802e-08,-1.2000301128774753,0.0,False,True,False,False,True
fund_flow_lead_momentum_10,1572,1782,0.011176937597633102,0.011176937597633102,1.0,0.08333313258263395,2.016504978698832e-09,0.2886747868841925,1560,-0.014953086061049796,0.14315097514845776,-0.10445675305768878,0.4621794871794872,-4.125711173191085,0.500281950069206,0.28867478688973897,2.0360501371696066e-08,-1.2000300839957347,0.0,False,False,False,False,False
fund_flow_price_resonance,1572,1782,0.003627953267478289,0.0036279532674782884,0.012345679012345678,0.08333313332880346,1.7549587195604031e-09,0.28867478817659753,1570,-0.019094752218707916,0.14780203306492978,-0.1291914043585554,0.46496815286624205,-5.11898014915209,0.500281605264657,0.28867478817954456,1.8835402591746507e-08,-1.2000299679358086,0.0,False,False,False,False,True
fund_flow_volatility_20,1572,1782,0.0036261683844381045,0.003626168384438105,0.012345679012345678,0.08333313378234423,8.78269451323405e-10,0.28867478896215415,1570,-0.01252772437052054,0.13746063400939795,-0.09113681499289492,0.4764331210191083,-3.6111345729378703,0.5002816047601952,0.28867478896480453,-3.054190349545239e-16,-1.2000299221261972,0.0,False,False,False,False,False
fundflow_retail_inst_divergence,1572,1782,0.0036090335072523367,0.003609033507252337,0.012345679012345678,0.08333305427127662,1.4897241761104072e-07,0.2886746512446322,1570,0.00014123302745134374,0.04539443475916243,0.0031112410188748347,0.49872611464968153,0.12327740451405128,0.5002815999174547,0.2886746512825932,4.805821641175442e-06,-1.2000427059035608,0.0,False,True,False,False,False
fundflow_value_interaction,1572,1782,0.00650375682182298,0.006503756821822979,0.015712682379349047,0.08333313166814763,2.3840710798889534e-09,0.28867478530025376,1570,0.009681853758509338,0.13788186639131977,0.07021847043346122,0.5248407643312102,2.7822822891150607,0.5002824204075693,0.28867478530740076,7.472062944828834e-09,-1.2000302349507956,0.0,False,False,False,False,False
fx_impact_on_cash,1572,1782,0.0021932642797782747,0.0021932642797782747,0.019079685746352413,0.08275909256550609,0.00015068394504266888,0.28767868173976663,1570,0.00017017874931687162,0.052999172863355946,0.0032109699099574923,0.5171974522292994,0.12722898485551282,0.5002812003606234,0.2876793861529078,0.002715753353458503,-1.1897225198467787,0.0,False,True,False,False,False
gap_abs_intraday,1572,1782,0.0005697346664267784,0.0005697346664267784,0.0028058361391694723,0.08285504196551043,0.00034859959228656555,0.28784487996944425,1570,0.018799013644671115,0.09916778820001795,0.18956774156094078,0.5872611464968153,7.511285373729955,0.5002823818692511,0.28784574685130787,-0.025174150948582608,-1.2485163832812587,0.0,False,False,False,False,False
gap_fill_5d,1572,1782,0.0015474935958396518,0.001547493595839652,0.010101010101010102,0.0833328105539496,4.58324330319345e-07,0.2886742291118475,1570,-0.025676850627474764,0.1603547293763653,-0.1601253092274513,0.44331210191082804,-6.344681237748941,0.5002810184882278,0.2886742290267377,8.956738882661197e-07,-1.2000214561872509,0.0,False,False,False,False,False
gap_fill_5d_reversal,1572,1782,0.0015464226660155413,0.0015464226660155415,0.010101010101010102,0.08329940578739134,9.201133478330081e-05,0.28861632017833455,1570,-0.027455863376717946,0.13616166926329146,-0.2016416479415174,0.41847133757961785,-7.989692489062157,0.5002810181868106,0.2886163669949639,0.0016406295821992359,-1.203207404238506,0.0,False,False,False,False,False
gap_fill_tendency_10d,1572,1782,0.001547136619231615,0.0015471366192316152,0.010101010101010102,0.05533909965114541,0.013465620398115628,0.23342473208299325,1570,-0.02115577619109981,0.10109080478520023,-0.20927498041045403,0.42547770700636944,-8.29214974288933,0.5002810183877553,0.23523020141168016,1.0147897958273848,-0.49484397095001176,0.0,False,False,False,False,False
gap_momentum_5d,1572,1782,0.001547136619231615,0.0015471366192316152,0.010101010101010102,0.08333312979771333,1.2291418140570866e-08,0.28867478206056185,1570,0.006793867087567857,0.09043933539310592,0.0751207100100577,0.545859872611465,2.976524833373953,0.5002810183877553,0.28867478206060615,-2.8457422895221505e-08,-1.2000295801760257,0.0,False,False,False,False,False
gap_ratio,1572,1782,0.0015457087127994677,0.0015457087127994677,0.010101010101010102,0.08286479294047062,0.00032048816979105373,0.28786191590533294,1570,0.010523415474893352,0.0938807048068981,0.11209348605273912,0.5471337579617834,4.441505476329544,0.5002810179858661,0.2878623299225881,-0.0015203144986183947,-1.1860498593582096,0.0,False,False,False,False,False
gap_ratio_20,1572,1782,0.0015499924320959097,0.0015499924320959097,0.010101010101010102,0.0833331349703904,7.790654797630149e-10,0.2886747910199129,1570,-0.007303879017148955,0.08628093720768265,-0.08465229114941279,0.4713375796178344,-3.3541968223475758,0.5002810191915371,0.28867479102200994,-1.2818782769148372e-17,-1.2000297388957744,0.0,False,False,False,False,False
gap_up_ratio_20d,1572,1782,0.0015499924320959097,0.0015499924320959097,0.010101010101010102,0.08200562711578861,0.0002944033382290133,0.2863657837473197,1570,-0.0007586384496996397,0.09255590748334075,-0.008196542720260054,0.48280254777070064,-0.3247734606262117,0.5002810191915371,0.2863662233585212,0.0009028091665105786,-1.1893158130670218,0.0,False,True,False,False,False
gk_vol,1572,1782,0.0005690207132107047,0.0005690207132107047,0.0028058361391694723,0.08334705893816728,0.00036781120552017104,0.28869814417540673,1570,0.040619172803988225,0.16521449620758388,0.24585719616850227,0.6019108280254777,9.741655127610747,0.5002625595244699,0.2886992504223258,-0.00024192498541709823,-1.2002444378408674,0.0,False,False,False,False,False
gmi,1572,1782,0.04789947824298969,0.04789947824298969,0.06341189674523008,0.0022464202800580564,0.007688836022020515,0.016759971993612743,245,0.0003004386777167443,0.030883645890022036,0.009728083231708429,0.4816326530612245,0.15226858777813118,0.5002946995695361,0.04739459016206029,,,0.004436456640082716,False,True,False,False,False
goodwill_risk,1572,1782,0.0021415026716129345,0.0021415026716129345,0.018518518518518517,0.07842120857978174,0.0003857263010298057,0.2800370222402977,1570,0.004366496122439363,0.053472313529592544,0.08165900882562087,0.5312101910828025,3.2355933218099335,0.5002811857740032,0.2800394602034789,-0.20485365411225834,-1.432135245458031,0.0,False,False,False,False,False
goodwill_to_equity,1572,1782,0.0021415026716129345,0.0021415026716129345,0.018518518518518517,0.07847349415987677,0.0003764171222027917,0.28013040248005133,1570,0.004245731014441686,0.05340487624385876,0.07950081178083283,0.5280254777070064,3.1500785936042788,0.5002811857740032,0.28013280350278463,-0.20293172922374872,-1.4311754707160236,0.0,False,False,False,False,True
governance_risk_composite,1572,1782,0.010717508703089703,0.010717508703089703,0.029180695847362513,0.08333312908260825,3.141812758808175e-09,0.2886747808219627,1570,0.002277609480616995,0.08917407722000867,0.025541161194163164,0.5038216560509554,1.0120231898427898,0.500283623349635,0.2886747808464278,-3.902382288650542e-09,-1.2000305613768882,0.0,False,True,False,False,True
gross_margin,1572,1782,0.0021415026716129345,0.0021415026716129345,0.018518518518518517,0.08332447509356049,1.6175402416732948e-06,0.2886597912521073,1570,0.00024366413694810224,0.12309629882246577,0.0019794594904882076,0.5,0.07843256978411214,0.5002811857740032,0.2886597946368253,0.0004989819782118153,-1.2012535917897114,0.0,False,True,False,False,False
gross_margin_acceleration_4q,1572,1782,0.00217577242598447,0.00217577242598447,0.018518518518518517,0.0059144557628683925,0.014787628602878132,0.03541829506899433,420,-0.0023849303215345047,0.03403170118973751,-0.07007966802005469,0.4642857142857143,-1.4362058157925874,0.5002811954311824,0.07690051156695124,,,0.005986748888074267,False,False,False,False,False
gross_margin_neutral,1572,1782,0.0021415026716129345,0.0021415026716129345,0.018518518518518517,0.08330880790504645,3.7068779086681024e-07,0.2886326521803001,1570,0.003062305475546947,0.11453300379889841,0.026737319147971218,0.5019108280254777,1.0594188261948791,0.5002811857740032,0.2886326545425968,-0.0010328252964612592,-1.2025751687208106,0.0,False,True,False,False,False
gross_margin_stability_8q,1572,1782,0.00217577242598447,0.00217577242598447,0.018518518518518517,0.011978734088751893,0.02270188932171662,0.059247725370248715,556,0.0020175441540597294,0.03694855848225662,0.054604137128342674,0.5359712230215827,1.2875465646302477,0.5002811954311824,0.10945090087877093,,,0.003782908748085615,False,False,False,False,False
gross_margin_stability_8q_ext,1572,1782,0.0031985104080099838,0.003198510408009984,0.05499438832772166,0.020943341596956853,0.019752360153986424,0.13357063099182376,1570,0.0003809817500370712,0.03350982755389925,0.01136925427098295,0.5,0.4504865258860409,0.5002814839432391,0.14469349362436307,-3.6402224054171306,13.770397790843758,0.007532957961869922,False,True,False,False,False
gross_profit_to_assets,1572,1782,0.0021415026716129345,0.0021415026716129345,0.018518518518518517,0.08332428662202093,1.6491141788789923e-06,0.28865946479175275,1570,-0.004934560322010096,0.14623129512834507,-0.03374489925483532,0.5063694267515924,-1.3370817530647883,0.5002811857740032,0.288659469459874,0.0005096224150624259,-1.2012788313710328,0.0,False,True,False,False,False
gross_profitability,1572,1782,0.0021415026716129345,0.0021415026716129345,0.018518518518518517,0.08333313461857682,2.229694877248575e-09,0.28867479041055316,1570,0.003491815319223141,0.1221272348774541,0.02859161859127431,0.5121019108280255,1.1328921512042431,0.5002811857740032,0.2886747904273047,-5.551840215267477e-17,-1.2000297931773294,0.0,False,True,False,False,False
growth_at_reasonable_price,1572,1782,0.006581220745766971,0.006581220745766971,0.026374859708193043,0.08333313195790025,3.123156008878183e-09,0.2886747858021206,1570,-0.0032220294960207873,0.10967014597880959,-0.02937927607612874,0.5006369426751592,-1.1641016813530953,0.5002824424298961,0.2886747858328654,-2.177256609407987e-09,-1.2000301979407704,0.0,False,True,False,False,False
growth_value_quality_golden,1572,1782,0.006581220745766971,0.006581220745766971,0.026374859708193043,0.08333313133663572,4.074404517009799e-09,0.28867478472605757,1570,0.01637890901388429,0.13237585469570962,0.1237303362575769,0.5452229299363057,4.902595016248894,0.5002824424298961,0.2886747847511506,-6.561278023360934e-09,-1.2000301998389558,0.0,False,False,False,False,False
hammer_ratio_20d,1572,1782,0.0015499924320959097,0.0015499924320959097,0.010101010101010102,0.07707819227554442,0.0009957496150696985,0.2776237812481682,1570,0.005623023202728371,0.058972898835061946,0.09534927591833488,0.5426751592356688,3.7780458621484057,0.5002810191915371,0.2776295195275941,0.061894107756749646,-1.2018117712477083,0.0,False,False,False,False,False
herding_intensity,1572,1782,0.001551420338528057,0.0015514203385280571,0.010101010101010102,0.08333313496957433,7.795626052714109e-10,0.28867479101849947,1570,-0.042336055296803156,0.1593977042857385,-0.2656001570820052,0.3993630573248408,-10.523934920167349,0.5002810195934297,0.2886747910205992,-1.0508193935836269e-17,-1.2000297390216323,0.0,False,False,False,False,False
high_52w_proximity_acceleration,1572,1782,0.0021122305897539146,0.0021122305897539146,0.016835016835016835,0.08333303763257842,3.4140222805373546e-07,0.2886746224250215,1570,-0.02214383010118825,0.15254542659712686,-0.1451622024675325,0.4375796178343949,-5.751794684235791,0.5002811775256879,0.28867462260434934,2.1663438939419266e-07,-1.200027572765282,0.0,False,False,False,False,False
high_low_amplitude_20,1572,1782,0.0015499924320959097,0.0015499924320959097,0.010101010101010102,0.0833331349189752,8.63228309597595e-10,0.2886747909308591,1570,-0.0317877445303459,0.191188252239069,-0.16626410963052954,0.43821656050955415,-6.587920310495218,0.5002810191915371,0.28867479093293974,1.1312977603852302e-09,-1.2000297410249037,0.0,False,False,False,False,False
high_low_spread_20,1572,1782,0.0015499924320959097,0.0015499924320959097,0.010101010101010102,0.08333313497039037,7.790654746242433e-10,0.2886747910199129,1570,0.039590705792010954,0.208441459233515,0.18993680977668584,0.5694267515923567,7.525909046871851,0.5002810191915371,0.28867479102200994,-1.416492971036344e-17,-1.2000297388957744,0.0,False,False,False,False,True
high_low_volatility_20,1572,1782,0.0015621296367691617,0.0015621296367691617,0.010101010101010102,0.08333313496338947,7.953219201236946e-10,0.288674791007787,1570,0.040736869988380546,0.2048561071691561,0.19885601923862997,0.5713375796178344,7.879316894774062,0.5002810226076609,0.2886747910099718,-1.0656091884584899e-17,-1.2000297399756032,0.0,False,False,False,False,False
higher_highs_20,1572,1782,0.0015457087127994677,0.0015457087127994677,0.010101010101010102,0.054471900217398374,0.01022474345047463,0.23162383609239298,1561,-0.015396716795034432,0.1204086359796105,-0.1278705357781949,0.4368994234465087,-5.0520999781710865,0.5002810179858661,0.2333925024945466,,,0.00014407290858438587,False,False,False,False,False
hl_range_intraday,1572,1782,0.0005690207132107047,0.0005690207132107047,0.0028058361391694723,0.08336443761082328,0.0003706743123014277,0.2887282299171162,1570,0.04003520885789985,0.165976599739311,0.24120995923992078,0.5987261146496815,9.55751661078039,0.50025356760995,0.2887293767770243,-0.00019766490318845885,-1.200397914462038,0.0,False,False,False,False,True
holder_avg_mv,1572,1782,0.006870371798276802,0.006870371798276802,0.020763187429854096,0.08333313189827073,1.8710958851988328e-09,0.28867478569883914,1570,-0.004895049665038513,0.16423520778126982,-0.029805117496838996,0.4834394904458599,-1.1809748919983836,0.5002825246633966,0.2886747857106156,-2.1494903434641905e-16,-1.2000302127491522,0.0,False,True,False,False,False
holder_change_volatility,1572,1782,0.005282182869120952,0.005282182869120952,0.016835016835016835,0.020726009303029362,0.014708149531616537,0.13708022505637818,1568,0.0014685328723657918,0.032144373503926245,0.045685534116458024,0.5210459183673469,1.809054854649103,0.5002820735781393,0.14398525406792753,,,0.0041287233400522285,False,True,False,False,False
holder_concentration_momentum,1572,1782,0.005567407178942378,0.005567407178942379,0.016835016835016835,0.020553591943750293,0.014816761285399096,0.13586223028858185,1558,0.005587447179455243,0.028966812464022187,0.1928913368150207,0.579589216944801,7.61371208155977,0.5002821544828101,0.14336967286868604,,,0.004304569743618793,False,False,False,False,False
holder_concentration_speed,1572,1782,0.005331088664421998,0.005331088664421998,0.016835016835016835,0.004649749735889295,0.007765609858130743,0.04380588647637831,745,0.0070448044930191255,0.026710276285563047,0.2637488439918106,0.6161073825503356,7.198942440853881,0.5002820874471086,0.06820096110227132,,,0.008269697141623069,False,False,False,False,False
holder_concentration_volatility,1572,1782,0.003192084829065321,0.003192084829065321,0.006172839506172839,0.014339203309578188,0.020026417462705767,0.07729702694156908,691,0.001236223414137002,0.04255685569868466,0.029048748875852945,0.5151953690303908,0.7636009426234268,0.5002814821287498,0.11978702348456224,,,4.506911730923215e-05,False,True,False,False,False
holder_dispersion_index,1572,1782,0.005324663085477335,0.005324663085477335,0.01627384960718294,0.08333313145559366,1.7248755839599978e-09,0.2886747849320991,1570,-0.002551163446471715,0.09863503632077768,-0.02586467792412935,0.4732484076433121,-1.0248419661912476,0.5002820856248305,0.288674784939973,1.478548728447604e-08,-1.2000300850630137,0.0,False,True,False,False,False
holder_distribution_signal,1572,1782,0.006888577605286681,0.006888577605286682,0.02356902356902357,0.08333311921620128,1.9083388122757167e-08,0.2886747637328213,1570,-0.020436488385396488,0.1767051449578524,-0.1156530467195564,0.44331210191082804,-4.582546751355621,0.500282529842664,0.2886747637635541,3.378962729435814e-08,-1.2000299247343182,0.0,False,False,False,False,True
holder_momentum_confirmation,1572,1782,0.006888577605286681,0.006888577605286682,0.02356902356902357,0.08333311922606206,1.909142079429369e-08,0.28867476374990064,1570,-0.019846859853479053,0.1765666400659407,-0.11240435818491551,0.4496815286624204,-4.453823232928264,0.500282529842664,0.2886747637805731,2.8555700791785605e-08,-1.2000299180521614,0.0,False,False,False,False,True
holder_num_acceleration,1572,1782,0.005400342126381142,0.005400342126381143,0.016835016835016835,0.01055092797266125,0.011559469314699613,0.08488826058967461,1225,0.002617655166513209,0.025977236969397494,0.10076726672651676,0.5257142857142857,3.5268543354280864,0.5002821070887122,0.10272743262367877,,,0.008966639982596667,False,False,False,False,False
holder_num_change,1572,1782,0.006289570857000882,0.006289570857000883,0.06285072951739619,0.07231020896959481,0.015851827078168384,0.26698858424300126,1570,0.008403970756347986,0.054048718485792305,0.15548880698359432,0.5643312101910828,6.160968063752228,0.5002823595342145,0.26889480708293034,0.07138912767457578,-0.4775547898556096,0.0,False,False,False,False,False
holder_num_change_4q,1572,1782,0.0033962754488623867,0.0033962754488623867,0.006172839506172839,0.019000105455373516,0.021103684761787155,0.10219227230949271,910,0.0016526080948378213,0.03333131373310905,0.04958124687405385,0.5252747252747253,1.4956781197313633,0.5002815398006297,0.13783131218420974,,,2.5690059071079577e-05,False,True,False,False,False
holder_num_change_acceleration,1572,1782,0.003467313793861716,0.0034673137938617156,0.006734006734006734,0.009577137093682792,0.017658962075853827,0.05177987384998752,465,-0.0006637656970170033,0.03152300510074582,-0.02105654885679979,0.47096774193548385,-0.45406044326481504,0.5002815598703392,0.09784977482039245,,,1.837024440298018e-05,False,True,False,False,False
holder_num_change_qoq,1572,1782,0.003398060331902571,0.0033980603319025715,0.006172839506172839,0.004805057716811392,0.013377373681384579,0.026015822855451554,234,0.0014300285979407163,0.032576719538315486,0.043897256022318996,0.5,0.6714988951529488,0.5002815403048587,0.06931454977599685,,,9.62000962000962e-06,False,True,False,False,False
holder_num_change_yoy,1572,1782,0.005350365401255987,0.005350365401255987,0.016835016835016835,0.020593126896338347,0.014812336979095266,0.13602168147135374,1558,0.0055531563913442565,0.028947766386081552,0.19183367439410742,0.5821566110397947,7.5719645500983574,0.5002820929140844,0.14350915274338055,,,0.004266967465307699,False,False,False,False,True
holder_num_percentile,1572,1782,0.00726804373962983,0.007268043739629831,0.14758698092031425,0.08121237204919636,0.0019842216737812287,0.28495592579038864,1570,0.014930636688781734,0.09895210062814777,0.1508875162225165,0.5707006369426751,5.978650082278298,0.5002826378380867,0.2850462291650266,-0.09256656927044506,-1.3291743569162926,0.0,False,False,False,False,False
holder_num_price_divergence,1572,1782,0.00493127486342075,0.00493127486342075,0.012345679012345678,0.08333312181611348,1.4586342881068307e-08,0.28867476823600785,1570,0.022636966494247002,0.17931523194345736,0.1262411801211902,0.543312101910828,5.002082748883064,0.5002819741057367,0.2886747682367654,-2.664718672826614e-08,-1.2000297933565065,0.0,False,False,False,False,False
holder_num_stability,1572,1782,0.005412836307662432,0.005412836307662432,0.016835016835016835,0.020715437851213245,0.014710493316696441,0.13703804360583152,1568,0.0014583858257761716,0.032149337044473376,0.04536285845517536,0.5216836734693877,1.7962775503489607,0.5002821106325919,0.14393999088731962,,,0.00413752541814194,False,True,False,False,True
holder_num_trend_4q,1572,1782,0.0016838586601097202,0.0016838586601097202,0.01627384960718294,0.01590637603531982,0.013602736238134348,0.1155466962590666,1496,0.005713840213295187,0.02856282506822777,0.2000446454314861,0.5808823529411765,7.737358645432577,0.5002810568739682,0.12613076835206025,,,0.007089662239222154,False,False,False,False,False
holder_price_divergence,1572,1782,0.006817896236895389,0.00681789623689539,0.020763187429854096,0.0044910738282571685,0.007611076516758955,0.04216455097372513,709,0.0003033103041451551,0.025536669650742385,0.011877441666961355,0.4936530324400564,0.3162612795955544,0.5002825097359828,0.06703575861163741,,,0.008504213120734683,False,True,False,False,False
holder_price_divergence_4q,1572,1782,0.008480693277130935,0.008480693277130937,0.0920314253647587,0.08333312894021903,5.044384848990852e-09,0.28867478057533696,1570,0.011501773173555916,0.15972129422206624,0.07201152000161348,0.5280254777070064,2.853328696508722,0.50028298351027,0.28867478064669033,-1.1949703315176515e-08,-1.2000303043123772,0.0,False,False,False,False,False
holder_retail_inst_ratio,1572,1782,0.006870371798276802,0.006870371798276802,0.020763187429854096,0.08333313189827073,1.871095882829184e-09,0.28867478569883914,1570,-0.004347898246166002,0.16257248257689436,-0.026744367664493965,0.4802547770700637,-1.0596981111545871,0.5002825246633966,0.2886747857106156,-2.2664483646192614e-16,-1.2000302127491522,0.0,False,True,False,False,True
holder_seasonal_pattern,1572,1782,0.005331088664421998,0.005331088664421998,0.016835016835016835,0.0015182308282698427,0.005386376751868479,0.012938311255568607,199,0.010190747487696907,0.026795145316917655,0.38032066507445933,0.6984924623115578,5.3650832098163335,0.5002820874471086,0.03895596445450139,,,0.0022802394358270145,False,False,False,False,False
holder_smart_money_proxy,1572,1782,0.006888577605286681,0.006888577605286682,0.02356902356902357,0.08333311922606206,1.909142079429369e-08,0.28867476374990064,1570,-0.019846859853479053,0.1765666400659407,-0.11240435818491551,0.4496815286624204,-4.453823232928264,0.500282529842664,0.2886747637805731,2.8555700791785605e-08,-1.2000299180521614,0.0,False,False,False,False,True
holder_structure_stability,1572,1782,0.0,0.0,0.0,0.0059047053510745484,0.0077831347235386246,0.062493911032953674,1238,0.005482965032643633,0.034618448069015685,0.15838275077244188,0.5597738287560582,5.572732590830091,0.5002805836139169,0.07684208060089574,,,0.0116567141588346,False,False,False,False,False
hurst_exponent_60,1572,1782,0.001967655063498999,0.001967655063498999,0.012906846240179574,0.0833331347296161,1.1798021567848082e-09,0.2886747906028791,1570,-0.0034557204248089547,0.08399149225927266,-0.04114369600841856,0.48980891719745223,-1.6302459453518225,0.5002811367941535,0.2886747906076657,-2.5880175894591455e-17,-1.2000297760329082,0.0,False,True,False,False,False
ic_weighted_composite,1572,1782,0.0015917586952362186,0.0015917586952362186,0.010101010101010102,0.08333306304575888,2.695824217312557e-08,0.28867466644261786,1570,0.011528285594275527,0.17798411399143702,0.06477143007735041,0.5312101910828025,2.5664529807101855,0.5002810309473711,0.2886746664397019,-3.0670756107042096e-07,-1.2000295788698025,0.0,False,False,False,False,False
idiosyncratic_vol_60,1572,1782,0.0003548347483886076,0.0003548347483886076,0.003367003367003367,0.08333313565115824,3.9319810425721976e-10,0.2886747921990388,1570,0.03597534423237979,0.17812124648186867,0.2019711008256491,0.5815286624203821,8.00274647498579,0.5002806832100731,0.28867479219957515,2.270460624560077e-16,-1.200029633907173,0.0,False,False,False,False,False
illusory_diversification,1572,1782,0.0015507063853119833,0.0015507063853119833,0.010101010101010102,0.08333313496998257,7.792718610398943e-10,0.28867479101920657,1570,-0.038348615932716656,0.19680295612341078,-0.19485792636503432,0.4280254777070064,-7.7208995592243905,0.5002810193924833,0.2886747910213047,-1.4767871686941642e-17,-1.2000297389586683,0.0,False,False,False,False,True
index_exclusion_risk,1572,1782,0.7850729517396184,0.7850729517396182,0.7850729517396184,0.07917573747350036,0.0012824964516887755,0.2813726627167941,1570,0.014450611845319513,0.10654712215293236,0.13562648669738667,0.5452229299363057,5.373958867853936,0.5013054830287206,0.28138183572061,0.009957560155890586,-1.0204862341909375,0.0,True,False,False,False,False
index_float_adj_weight,1572,1782,0.0015460656894075045,0.0015460656894075045,0.010101010101010102,0.07999933786958187,0.0010216426570654807,0.2828357483931414,1570,0.003688669649414819,0.034962283495747704,0.10550425431632503,0.5401273885350318,4.180418861284686,0.5002810180863383,0.28284063947499083,-0.14463125177766722,-1.3896658308491168,0.0,False,False,False,False,True
index_inclusion_probability,1572,1782,0.0015460656894075045,0.0015460656894075045,0.010101010101010102,0.05225960765032385,2.104415236588867e-05,0.22860359912275435,1570,-0.0024861605381377,0.142661413781508,-0.017427000561941436,0.48853503184713376,-0.6905139732690964,0.5002810180863383,0.22860358965171645,1.093329419906567,-0.647520767160123,0.0,False,True,False,False,False
index_marginal_contribution,1572,1782,0.8001248704174913,0.8001248704174911,0.8411896745230079,0.08333244894299417,1.4070432054169576e-07,0.28867360278164467,1570,0.01087754579646545,0.13208020276930443,0.0823556109727097,0.5292993630573248,3.263194945776399,0.501403794531631,0.2886736415617228,3.554046271232138e-18,-1.200055387149446,0.0,True,False,False,False,False
index_membership_count,1572,1782,0.06846240179573512,0.06846240179573514,0.06846240179573512,0.004704194087118294,0.003469002404820374,0.05993001766489219,1269,-0.001185826863859964,0.0430286546708501,-0.027559003945882288,0.49487785657998423,-0.9817351212943022,0.5003012048192771,0.06858712770715997,,,0.015936264140531592,False,True,False,False,False
index_overlap_premium,1572,1782,0.0870608830744539,0.08706088307445391,0.1251402918069585,0.06242590935363911,0.000586854029171076,0.2498490041142569,1570,0.002460967735653093,0.12223467965689873,0.020133138505052724,0.5044585987261146,0.797739887256435,0.5003073409920936,0.24985735035893383,0.03919688956976517,-1.6523182563124963,0.0,False,True,False,False,False
index_passive_demand_pressure,1572,1782,0.7997814589205599,0.7997814589205599,0.8400673400673401,0.08333172614193282,8.44161562768265e-07,0.2886723508405246,1570,0.010719055053965804,0.1451280785336152,0.07385927769644528,0.513375796178344,2.9265428163431633,0.5014013867667012,0.2886724316363411,8.977766082921108e-06,-1.2000534765951785,0.0,True,True,False,False,True
index_passive_flow_estimate,1572,1782,0.7997814589205599,0.7997814589205599,0.8400673400673401,0.08333109812864214,6.954043705594566e-07,0.2886712630782484,1570,0.010839901242613947,0.14502022970892556,0.07474751118772213,0.5140127388535032,2.9617374922756197,0.5014013867667012,0.28867136541753824,1.395409890910601e-05,-1.2000496381823726,0.0,True,True,False,False,False
index_rebalance_anticipation,1572,1782,0.800674971370476,0.8006749713704762,0.8400673400673401,0.0833141560816628,1.368166934698337e-05,0.28864191573620335,1570,0.054851700026259116,0.14492460948611707,0.3784843735012002,0.6484076433121019,14.996771684126413,0.5014076687501119,0.28864265814135465,-2.7913091772221186e-05,-1.199631206882642,0.0,True,False,False,False,True
index_sector_neutral_weight,1572,1782,0.7997814589205599,0.7997814589205599,0.8400673400673401,0.08333242871350355,1.507427423676849e-07,0.28867356774293584,1570,0.006114924555245034,0.0862453786916338,0.07090147493129634,0.5229299363057325,2.809345130358709,0.5014013867667012,0.28867360693789595,5.661325089038487e-08,-1.2000549691912672,0.0,True,False,False,False,False
index_style_exposure_growth,1572,1782,0.0021415026716129345,0.0021415026716129345,0.018518518518518517,0.08333308960979299,8.510153168033702e-09,0.28867471245294896,1570,0.0036251180229464495,0.11807156082042279,0.03070271958596328,0.5101910828025478,1.2165407819960827,0.5002811857740032,0.28867471246592524,-1.7097409091336417e-07,-1.2000308281652592,0.0,False,True,False,False,True
index_style_exposure_size,1572,1782,0.0015460656894075045,0.0015460656894075045,0.010101010101010102,0.08333313496934595,7.808833330832835e-10,0.2886747910181039,1570,-0.007637213039083998,0.1746336259380907,-0.04373277481961843,0.47197452229299364,-1.732833598957159,0.5002810180863383,0.28867479102020344,1.1427209734048353e-10,-1.2000297387489334,0.0,False,True,False,False,False
index_style_exposure_value,1572,1782,0.004440432027370111,0.004440432027370111,0.012906846240179574,0.08333221997692696,2.2002022766744093e-07,0.2886732061982576,1570,0.02247743280566493,0.1812354164961867,0.12402340138710066,0.5273885350318471,4.91420720196581,0.5002818350834479,0.2886732061324651,-1.8894401570079997e-05,-1.2000429599837734,0.0,False,False,False,False,True
index_style_rotation_20,1572,1782,0.0015460656894075045,0.0015460656894075045,0.010101010101010102,0.08333308935560325,1.5661732781400933e-07,0.28867471201255174,1570,0.02084519726034656,0.13141711471674097,0.15861858864636244,0.5592356687898089,6.284980108380407,0.5002810180863383,0.28867471199772715,3.529562525043317e-08,-1.2000286993012754,0.0,False,False,False,False,False
index_weight_acceleration,1572,1782,0.8041894060765986,0.8041894060765986,0.8400673400673401,0.08050886979625252,0.001911794105894623,0.2837208953180121,1570,0.014709820834916999,0.14578280126328672,0.10090230608445204,0.5445859872611465,3.99807482869717,0.5014329337769473,0.2834555984485417,0.005288152822022128,-1.0849045918823268,0.0,True,False,False,False,False
index_weight_change,1572,1782,0.800674971370476,0.8006749713704762,0.8400673400673401,0.08331328456062395,1.360473579743858e-05,0.28864040605071173,1570,0.05675911192327327,0.14860219085890292,0.38195339917407933,0.6471337579617834,15.134225670670924,0.5014076687501119,0.28864118657752763,-1.678372722060086e-05,-1.1996464115051548,0.0,True,False,False,False,False
index_weight_change_mom,1572,1782,0.8005161167798996,0.8005161167798996,0.8400673400673401,0.04193593439959146,0.03987796904692667,0.14843125160392806,826,0.08654472844870092,0.15692511329678302,0.5515033676287625,0.7288135593220338,15.850325759486624,0.5014065477841504,0.20446644102375078,,,0.0,True,False,False,False,False
index_weight_concentration,1572,1782,0.13775370327533176,0.1377537032753318,1.0,0.06785806104792572,0.001729768215486868,0.2604745447819918,1512,0.0030224209696963484,0.1216489992066985,0.024845424042994686,0.5072751322751323,0.9661005045878209,0.5617527256045266,0.2610934451934571,0.18704436976279334,-1.5709829608855526,0.0,False,True,False,False,False
index_weight_diversification,1572,1782,0.0870608830744539,0.08706088307445391,0.1251402918069585,0.0731733363692905,0.005342398299787169,0.270322451399803,1570,0.002574571973058243,0.1258108551201848,0.020463830172673107,0.5070063694267516,0.810842957777602,0.5003073409920936,0.2706019800396456,0.38391621746675475,-1.4072137977836714,0.0,False,True,False,False,False
index_weight_drift,1572,1782,0.0015714110285781192,0.0015714110285781195,0.010101010101010102,0.08333313495811019,7.937494900045947e-10,0.28867479099864296,1570,0.02348685845785565,0.18263604883881887,0.12859924755919036,0.5496815286624204,5.095516986752197,0.500281025220047,0.28867479100081955,-1.5531064155443862e-17,-1.2000297407897673,0.0,False,False,False,False,False
index_weight_gini,1572,1782,0.0870608830744539,0.08706088307445391,0.1251402918069585,0.07309983953995411,0.005338135404135368,0.270186606191642,1570,-0.0018278022022559376,0.09362803066855552,-0.01952195500860615,0.489171974522293,-0.7735228257473254,0.5003073409920936,0.27046596526829375,-0.3864635755842988,-1.407048546332722,0.0,False,True,False,False,False
index_weight_momentum_coupling,1572,1782,0.8010190968206236,0.8010190968206234,0.8411896745230079,0.0833324373370978,1.4550029889866807e-07,0.288673582679528,1570,0.029295427305217978,0.17802877073991125,0.16455445478538264,0.5770700636942675,6.520178271017736,0.5014101032281676,0.2886736245089253,6.830781623911441e-08,-1.2000558865666702,0.0,True,False,False,False,False
index_weight_rank_composite,1572,1782,0.5276771103743114,0.5276771103743114,0.5948372615039281,0.08333115301995805,3.000562087948342e-07,0.288671358156101,1570,0.00833173273450352,0.1280858468530566,0.06504803566675013,0.5197452229299363,2.577412986356938,0.5005940504262651,0.28867133773603876,3.418071040116872e-05,-1.200048960940271,0.0,True,True,False,False,False
index_weight_seasonality,1572,1782,0.800674971370476,0.8006749713704762,0.8400673400673401,0.08330732157621154,2.869921280169267e-05,0.2886300731105758,1570,-0.000887509947198855,0.12356352042989657,-0.007182621085180083,0.4840764331210191,-0.2845986150276199,0.5014076687501119,0.28863273813340923,0.0013989682844938187,-1.2034335953579662,0.0,True,True,False,False,False
index_weight_trend_3m,1572,1782,0.800674971370476,0.8006749713704762,0.8400673400673401,0.08332435710216117,5.119203225919603e-06,0.288659586751472,1570,0.03686842104177759,0.15295623509641018,0.24103902020430204,0.6031847133757962,9.55074345482321,0.5014076687501119,0.2886599840502173,-1.3127177128986434e-05,-1.1998647717200013,0.0,True,False,False,False,False
insider_confidence_proxy,1572,1782,0.010691806387311053,0.010691806387311051,0.029180695847362513,0.08333312902575676,3.2386346676951633e-09,0.28867478072349295,1570,0.005714984172444699,0.06718398692098955,0.08506467737863932,0.545859872611465,3.370536894906393,0.500283615981075,0.28867478074737485,-1.54643841251573e-08,-1.2000305893835466,0.0,False,False,False,False,False
int_bearing_debt_to_capital,1572,1782,0.0021415026716129345,0.0021415026716129345,0.018518518518518517,0.08328109153213713,6.212486502572823e-05,0.28858461487047177,1570,0.003918917019351109,0.07718634988702958,0.05077215110038058,0.5401273885350318,2.011756392795859,0.5002811857740032,0.288584971048791,-0.0029013950498863435,-1.2067726650614026,0.0,False,False,False,False,False
intan_assets_ratio,1572,1782,0.0021415026716129345,0.0021415026716129345,0.018518518518518517,0.08333313461857678,2.2296948699974593e-09,0.28867479041055305,1570,-0.0004066497655277803,0.07214852880908405,-0.005636286314359053,0.5070063694267516,-0.22332784368583986,0.5002811857740032,0.2886747904273047,5.771203129763508e-17,-1.2000297931773294,0.0,False,True,False,False,True
interest_bearing_debt_ratio,1572,1782,0.04696098674046087,0.04696098674046087,0.06228956228956229,0.08333312105148409,1.4649469705994386e-08,0.28867476691162924,1570,0.0033701829175858135,0.05600765999569854,0.060173606928849516,0.5363057324840764,2.3842723972313795,0.5002944093683608,0.28867476688167687,1.7080803657304105e-16,-1.2000317065212127,0.0,False,False,False,False,False
interest_burden,1572,1782,0.00216791894060766,0.00216791894060766,0.018518518518518517,0.08332074398569404,2.324121315091028e-06,0.2886533283533847,1570,-0.003192991593180069,0.05833606932287003,-0.05473443154882379,0.47197452229299364,-2.1687547245475725,0.5002811932180202,0.28865332427242657,-0.0002492242586716738,-1.2004488796098538,0.0,False,False,False,False,False
interest_coverage_change_4q,1572,1782,0.0021871956774416486,0.0021871956774416486,0.018518518518518517,0.006012930553408512,0.014829146921529753,0.03477634279004801,385,0.0047324834518737025,0.03085687527349202,0.15336884924116737,0.561038961038961,3.00931412588659,0.5002811986503894,0.07753614420196063,,,0.004200517390531891,False,False,False,False,False
interest_income_ratio,1572,1782,0.00216791894060766,0.00216791894060766,0.018518518518518517,0.018336242726142815,0.00046816385959984726,0.13540036677481293,1570,0.006744699599926819,0.10717734411709948,0.0629302737018536,0.5101910828025478,2.4935004264404337,0.5002811932180202,0.1354085491923417,3.1219496443122887,7.779396715931143,0.0,False,True,False,False,False
intra_trend,1572,1782,0.0005690207132107047,0.0005690207132107047,0.0028058361391694723,0.08330975193606023,0.0004419209711184171,0.28863316101630004,1570,-0.026534826702808777,0.15741575563513863,-0.16856525317778054,0.44331210191082804,-6.67909904020416,0.5001887212921471,0.2886347338138071,0.0008082843759033593,-1.1997170687074652,0.0,False,False,False,False,False
intraday_high_low_volatility,1572,1782,0.0015503494087039465,0.0015503494087039462,0.010662177328843996,0.08332436361961149,0.0003474358885268981,0.28865891297391866,1570,0.0384856050065996,0.1615874954231487,0.23817192602569562,0.5968152866242038,9.437139935619236,0.5002810192920102,0.28865959167100885,-0.0003234978681883217,-1.2001662900963261,0.0,False,False,False,False,True
intraday_lower_shadow,1572,1782,0.039946039415929155,0.03994603941592915,0.8007856341189674,0.08307573590650959,0.0012911902014666194,0.28821836443740506,1570,0.001130543851167143,0.08383562614755627,0.013485243721771824,0.5165605095541401,0.5343288530763342,0.5002922581703076,0.2882428891899888,0.011782831515376796,-1.2177759022164807,0.0,False,True,False,False,False
intraday_max_drawdown,1572,1782,0.0005690207132107047,0.0005690207132107047,0.0028058361391694723,0.08335082358977054,0.00039281773911337874,0.28870455145081714,1570,-0.026425775846914933,0.17706964774461742,-0.149239444385342,0.42038216560509556,-5.913348160213433,0.5002497356097564,0.2887057891739348,0.00019106112929486132,-1.2004396707542635,0.0,False,False,False,False,False
intraday_max_runup,1572,1782,0.0005690207132107047,0.0005690207132107047,0.0028058361391694723,0.08336177225082445,0.00040468714731791463,0.2887234537557539,1570,-0.04258985149656127,0.1484922627592235,-0.28681529060958316,0.3777070063694268,-11.364546940204507,0.5003874234401336,0.2887247229094046,-3.92722678360661e-06,-1.2004198579124408,0.0,False,False,False,False,False
intraday_momentum,1572,1782,0.0005690207132107047,0.0005690207132107047,0.0028058361391694723,0.08333769896356757,0.0006837257735546105,0.288679788898954,1570,-0.01071441551801746,0.1333201997731125,-0.08036603257609506,0.46305732484076434,-3.1843614322929015,0.5003248289431461,0.28868304206668577,0.0002484203340076497,-1.198949570807644,0.0,False,False,False,False,False
intraday_momentum_20,1572,1782,0.0015499924320959097,0.0015499924320959097,0.010101010101010102,0.0833331349703904,7.790654803986942e-10,0.28867479101991295,1570,-0.03039673724265181,0.1569441328972414,-0.19367871026152955,0.43121019108280256,-7.674175213627466,0.5002810191915371,0.28867479102200994,-1.7607076011743204e-17,-1.2000297388957744,0.0,False,False,False,False,False
intraday_overnight_combo,1572,1782,0.0015532052215682412,0.0015532052215682412,0.010662177328843996,0.08333286865427253,3.7031179695997006e-07,0.2886743297452358,1570,-0.012453945385525864,0.13247632372797613,-0.09400883897637824,0.4732484076433121,-3.724933426912216,0.5002810200957971,0.28867432973425183,-2.7997175359728935e-07,-1.2000260185973715,0.0,False,False,False,False,False
intraday_ret,1572,1782,0.0015457087127994677,0.0015457087127994677,0.010101010101010102,0.08330011958628504,0.0010711429791901777,0.2886093484479126,1570,-0.02795296262265307,0.14438308863235028,-0.19360274729841156,0.410828025477707,-7.671165316009256,0.5002810179858661,0.28861758125310893,0.00020186133587993916,-1.197873485975564,0.0,False,False,False,False,False
intraday_ret_momentum,1572,1782,0.0015457087127994677,0.0015457087127994677,0.010101010101010102,0.08330011958628504,0.0010711429791901777,0.2886093484479126,1570,-0.02795296262265307,0.14438308863235028,-0.19360274729841156,0.410828025477707,-7.671165316009256,0.5002810179858661,0.28861758125310893,0.00020186133587993916,-1.197873485975564,0.0,False,False,False,False,True
intraday_reversal,1572,1782,0.0005690207132107047,0.0005690207132107047,0.0028058361391694723,0.0828623622079597,0.0014132657315613917,0.287843684715185,1570,0.02608562673231253,0.08857797251196807,0.2944933824127439,0.6414012738853503,11.668777703225427,0.5002889568018749,0.28785845931673903,-0.0018562257025185624,-1.1872136120986274,0.0,False,False,False,False,False
intraday_reversal_intensity,1572,1782,0.0015503494087039465,0.0015503494087039462,0.010662177328843996,0.08332233546349053,0.0003696134792310587,0.2886553051380259,1570,-0.0013916293619537418,0.0874210756086622,-0.01591869411654609,0.47961783439490446,-0.6307500068415139,0.5002810192920102,0.28865607929545306,-0.0004242129200152729,-1.2003489976099928,0.0,False,True,False,False,True
intraday_trend_strength,1572,1782,0.003566553290895954,0.003566553290895954,0.5471380471380471,0.0833152942339279,0.00036950604928848304,0.2886431087042627,1570,-0.0032254432800792768,0.08774090661621389,-0.036760997856879196,0.47070063694267517,-1.4565893081409593,0.5002815879122119,0.2886526899452695,0.0006383970770741153,-1.2012623038001184,0.0,False,True,False,False,True
intraday_upper_shadow,1572,1782,0.039946039415929155,0.03994603941592915,0.8007856341189674,0.08315878436176088,0.0007637038348987956,0.2883692056332476,1570,-0.01047610077153051,0.0973701219079987,-0.10759050688494544,0.4464968152866242,-4.263082917286785,0.5002922581703076,0.28837272773213435,-0.006524853358565501,-1.2073156122842215,0.0,False,False,False,False,False
inv_turn,1572,1782,0.0021415026716129345,0.0021415026716129345,0.018518518518518517,0.08331908600117598,5.595454760274445e-07,0.2886504564351779,1570,0.00043202811040500143,0.07587135370784541,0.0056942190865421185,0.49745222929936306,0.2256233269826032,0.5002811857740032,0.2886504573964501,0.0008273508809144318,-1.2021303955405847,0.0,False,True,False,False,True
inventory_efficiency_change,1572,1782,0.05654116797034524,0.05654116797034523,0.07295173961840629,0.007729904976215384,0.017697949922857035,0.04263118148832732,460,-0.003021721812315337,0.03432414222094702,-0.0880348820624356,0.4673913043478261,-1.8881378687700734,0.500297398894781,0.08789971803870618,,,0.0034843358265513585,False,False,False,False,False
inventory_pressure,1572,1782,0.0021415026716129345,0.0021415026716129345,0.018518518518518517,0.08331975814701023,9.461271182208842e-07,0.2886516207200721,1570,0.004129075085349292,0.09413348791889554,0.04386404006305239,0.513375796178344,1.738034751299672,0.5002811857740032,0.2886516206867784,-0.0007885510000289134,-1.2020347384568875,0.0,False,True,False,False,True
inventory_revenue_divergence,1572,1782,0.05704878870697361,0.05704878870697361,0.10998877665544332,0.007621125018020091,0.017558474671506667,0.04218301081695897,455,0.001693415797146621,0.03225527915706921,0.052500422919932614,0.5252747252747253,1.1198722940948056,0.5002975589940992,0.08725216119900304,,,0.003484715891607749,False,False,False,False,False
invest_capital_turnover,1572,1782,0.04696098674046087,0.04696098674046087,0.06228956228956229,0.08333312105148409,1.4649469686150856e-08,0.28867476691162924,1570,-0.0024640435039752747,0.11853578649475496,-0.02078733837974159,0.5031847133757962,-0.823661396421362,0.5002944093683608,0.28867476688167687,1.708638305740864e-16,-1.2000317065212127,0.0,False,True,False,False,False
invest_income_reliance,1572,1782,0.00216791894060766,0.00216791894060766,0.018518518518518517,0.08332016950413224,1.5791953210083523e-05,0.2886523319768921,1570,-0.004458256032189236,0.06053164297051223,-0.07365166074149118,0.4745222929936306,-2.9183163629168365,0.5002811932180202,0.28865235074030493,-0.00035262274494420504,-1.2000193974867952,0.0,False,False,False,False,False
invest_income_to_ebt,1572,1782,0.0021415026716129345,0.0021415026716129345,0.018518518518518517,0.0828495851768518,0.00041245748651776734,0.28783514020547885,1570,-0.004528224835147305,0.062433442393516135,-0.07252883489278131,0.4770700636942675,-2.873826381102345,0.5002811857740032,0.2878361038146588,-0.013197178973833112,-1.1995243970816416,0.0,False,False,False,False,False
investment_intensity,1572,1782,0.0021415026716129345,0.0021415026716129345,0.018518518518518517,0.08333313457551995,2.2368443671030122e-09,0.2886747903359764,1570,0.0005229906632123185,0.059277711894625586,0.00882272015056869,0.4853503184713376,0.3495846301580546,0.5002811857740032,0.28867479035276516,-1.5583557480254687e-09,-1.2000297944530132,0.0,False,True,False,False,False
jump_ratio_intraday,1572,1782,0.0005718765260749993,0.0005718765260749993,0.005050505050505051,0.08317969738323641,0.003616762938817463,0.2881779286111851,1570,-0.022060447104806737,0.11561272657993218,-0.1908133105878669,0.42929936305732486,-7.560638836175007,0.5000504032854999,0.28840936731221356,-0.03805315236405385,-0.45104125668807726,5.711625728589256e-06,False,False,False,False,False
keltner_position_20,1572,1782,0.0015499924320959097,0.0015499924320959097,0.010101010101010102,0.08333313494583512,7.783723174325925e-10,0.2886747909773819,1570,0.026743036393036844,0.16254011530501702,0.164531914739028,0.5643312101910828,6.519285161677968,0.5002810191915371,0.28867479097947374,-1.8409861632094186e-10,-1.2000297388701475,0.0,False,False,False,False,True
kyle_lambda_20,1572,1782,0.0015507063853119833,0.0015507063853119833,0.010101010101010102,0.08333313496998258,7.79271859621426e-10,0.2886747910192065,1570,0.013224238041571223,0.11422846257815497,0.1157700781670174,0.5369426751592357,4.587183914790402,0.5002810193924833,0.2886747910213047,-1.861492203957518e-17,-1.2000297389586683,0.0,False,False,False,False,False
labor_intensity,1572,1782,0.002572373437513387,0.002572373437513387,0.019079685746352413,0.08333313437222602,2.2405095176028567e-09,0.28867478998386054,1570,0.0003556797162055197,0.10053535665354524,0.0035378570091637225,0.5063694267515924,0.14018130610442872,0.500281307241192,0.2886747900007456,1.3776865181031507e-17,-1.2000298311713016,0.0,False,True,False,False,True
large_order_timing_signal,1572,1782,0.0036136742031568155,0.003613674203156816,0.012345679012345678,0.08274619133410342,0.00356516872901581,0.28753656732760724,1570,-0.014711587317316366,0.07522687776761999,-0.1955629125372088,0.42165605095541403,-7.748833385307526,0.5002816012290138,0.2876566600361556,-0.01136275397772834,-1.1443721795922843,1.2901838511987958e-05,False,False,False,False,False
lease_leverage,1572,1782,0.0021415026716129345,0.0021415026716129345,0.018518518518518517,8.897878672898714e-29,1.0572739782515128e-28,8.662988336295862e-15,0,,,,,,0.500281185774003,1.0796899964858483e-06,,,0.0,False,False,True,False,False
lg_order_imbalance,1572,1782,0.11473799344876529,0.11473799344876531,0.32042648709315374,0.08311488791899403,0.00020924076640924428,0.2882962988543061,1570,-0.01940504956122556,0.05603843848337054,-0.34628105433351836,0.364968152866242,-13.720772306500205,0.5003169497977328,0.28831729216802854,0.007390580644217175,-1.22548468989511,0.0,False,False,False,False,False
lg_sm_divergence,1572,1782,0.0036090335072523367,0.003609033507252337,0.012345679012345678,0.08333313379209076,8.843779575772577e-10,0.2886747889790356,1570,-0.017081568423498266,0.07751399030939596,-0.22036755371923747,0.4050955414012739,-8.731673276615174,0.5002815999174547,0.28867478898172305,-1.2426362004915271e-12,-1.200029920613245,0.0,False,False,False,False,True
limit_break_count_20d,1572,1782,0.0015457087127994677,0.0015457087127994677,0.010101010101010102,0.024946346994614642,0.010820652524245062,0.15458105298896552,1570,0.02269223847662824,0.09072275112065833,0.25012731863089444,0.610828025477707,9.910851152903325,0.5002810179858661,0.1579324473950695,-2.7043858903907196,6.146537814804919,0.0004603810356105049,False,False,False,False,False
limit_down_open_times,1572,1782,0.16596770646813055,0.16596770646813058,0.9966329966329966,0.06761181853973273,0.0024332401605836537,0.2599808499773188,1569,-0.002658271534855562,0.038211587953762366,-0.06956715690727595,0.46335245379222434,-2.75559714823003,0.545096186401661,0.2594934348297137,0.34870998939785564,-1.2413646304017814,0.0,False,False,False,False,False
limit_down_pct_chg,1572,1782,0.16596770646813055,0.16596770646813058,0.9966329966329966,0.08388832227493938,0.0017658184845898868,0.2896188217337983,1569,-0.0018605046890787414,0.05437772719344181,-0.03421446215396671,0.4875717017208413,-1.3552555333741718,0.5764342159070824,0.29036760755074154,-0.12304865349549736,-1.1940463327295165,0.0,False,True,False,False,False
limit_event_frequency_20d,1572,1782,0.0015457087127994677,0.0015457087127994677,0.010101010101010102,0.03654317502103795,0.010245581698344355,0.1891640478816478,1570,0.031010844133354858,0.11341089100661601,0.27343797282701704,0.610828025477707,10.83449446095595,0.5002810179858661,0.19115219145713636,-1.828220916385872,1.7786540893024416,0.0,False,False,False,False,True
limit_event_volatility,1572,1782,0.0015528482449602041,0.0015528482449602044,0.010101010101010102,0.037150024126623986,0.011543033105073276,0.19042933931218173,1570,0.030957250383397052,0.10888937490567403,0.28430001008100125,0.6133757961783439,11.264883412593765,0.5002810199953235,0.19273382080836576,-1.8265116383712878,1.8183026912432165,0.0,False,False,False,False,False
limit_first_time_signal,1572,1782,0.9795024031665253,0.9795024031665254,0.9988776655443322,0.08282268693456389,0.0015173708420215927,0.2877735663640864,1516,0.001156782067344558,0.2256814699976616,0.005125729052352167,0.49934036939313986,0.19957459019193952,0.5136886102403344,0.2873532026296315,-0.011303578450878315,-1.2195864254849254,0.0,True,True,False,False,False
limit_open_frequency_20d,1572,1782,0.9785482046932429,0.9785482046932429,1.0,0.0829140509957893,0.001259754466658481,0.28793864860972085,1502,-0.01591910216756456,0.200093548581192,-0.07955829800831916,0.46604527296937415,-3.0833331345371584,0.5130464446774167,0.28850397925431615,-0.0009608881097538897,-1.2046049957461997,0.0,True,False,False,False,False
limit_seal_durability_rank,1572,1782,0.0015457087127994677,0.0015457087127994677,0.010101010101010102,0.00835687703365675,0.00592726582862336,0.08702472905794313,1529,-0.017460945791272116,0.06364898672407991,-0.27433187376518325,0.3871811641595814,-10.72704277875392,0.5002810179858661,0.09140890494113507,,,0.01539395878335791,False,False,False,False,False
limit_sector_momentum_spillover,1572,1782,0.0015478505724476886,0.0015478505724476886,0.010101010101010102,0.08274494622664985,0.0006885471420578665,0.2876517036096493,1570,-0.007969327137844288,0.09912395125132008,-0.0803975934901824,0.4726114649681529,-3.1856119775091587,0.5002810185887003,0.28765368855545304,-0.002828980976185333,-1.1788172463194113,0.0,False,False,False,False,False
limit_turnover_intensity,1572,1782,0.976059006805402,0.976059006805402,0.9966329966329966,0.08319547238400105,0.00022949241782057334,0.2884359775795851,1539,0.002320652973261845,0.21887807824046757,0.010602491541945511,0.5139701104613386,0.41593670262976695,0.5117197984075389,0.2886572930663262,-4.388268461435757e-05,-1.2031809497635046,0.0,True,True,False,False,False
limit_up_momentum_chain,1572,1782,0.0015457087127994677,0.0015457087127994677,0.010101010101010102,0.0033931848005057806,0.003118122458690618,0.04750024348452002,1094,-0.01738740506167827,0.05857411242478465,-0.29684453322285564,0.3619744058500914,-9.81833206472967,0.5002810179858661,0.058244950350978854,,,0.014725715439978315,False,False,False,False,False
limit_up_next_day_gap,1572,1782,0.9707507646438944,0.9707507646438943,0.9955106621773289,0.08318406716675096,0.00018594110878481244,0.2884163011483254,1567,0.010097542469298518,0.20327880093076459,0.04967336693774416,0.5315890236119974,1.9663376569282527,0.5095928529584065,0.28856535365380076,0.001369493133129479,-1.2014756394491748,0.0,True,True,False,False,False
limit_up_premium_5d,1572,1782,0.0015528482449602041,0.0015528482449602044,0.010101010101010102,0.062338403931862026,0.009509777694391219,0.24890095707661936,1570,-0.006561803176964721,0.05527951446930735,-0.11870225778860645,0.43630573248407645,-4.703366329179247,0.5002810199953235,0.2496686017468309,-0.043606475069141455,-0.01708359337772478,0.0,False,False,False,False,False
limit_up_quality_composite,1572,1782,0.983386665638574,0.983386665638574,0.9988776655443322,0.08286219882366323,0.0017411128822380593,0.28783516603339393,1450,-0.01936984536823772,0.24227734004487433,-0.07994905906037296,0.46206896551724136,-3.0443694691555683,0.5168890607877265,0.2879468447357238,0.0010104876316403611,-1.202256586123938,0.0,True,False,False,False,False
limit_up_reversal_risk,1572,1782,0.0015460656894075045,0.0015460656894075045,0.010101010101010102,0.004333687824657155,0.005026237146428952,0.05726361682356559,1276,0.01795614557739556,0.05435929628541828,0.33032336333265305,0.627742946708464,11.799527833252194,0.5002810180863383,0.06582797420052637,,,0.01662193088853741,False,False,False,False,False
limit_up_seal_quality,1572,1782,0.0015457087127994677,0.0015457087127994677,0.010101010101010102,0.009497436436905787,0.005667714655111098,0.09417754368904016,1558,-0.022242603564021083,0.06898376990727019,-0.32243241553658464,0.3504492939666239,-12.72689389887741,0.5002810179858661,0.09744956469031714,,,0.013526333111226151,False,False,False,False,False
liquidity_depth_20,1572,1782,0.0015503494087039465,0.0015503494087039467,0.010101010101010102,0.08333313497018804,7.788775664123307e-10,0.28867479101956245,1570,-0.00907199584633627,0.1416057001031587,-0.06406518833442007,0.4662420382165605,-2.5384694048638443,0.5002810192920102,0.28867479102165844,-6.792553994333486e-18,-1.2000297389269778,0.0,False,False,False,False,False
liquidity_discount_factor,1572,1782,0.0044447157466665525,0.004444715746666552,0.012906846240179574,0.08333313273405603,1.9648920058922086e-09,0.2886747871464635,1570,-0.007853619618823714,0.12093721678210351,-0.06493964246732943,0.46878980891719746,-2.5731180981722903,0.5002818362961404,0.2886747871522025,2.731287060660924e-08,-1.2000300671302544,0.0,False,False,False,False,False
liquidity_resilience,1572,1782,0.0010323763504425081,0.0010323763504425081,0.265993265993266,0.08426965923196741,0.0008649599812762476,0.2902885490130399,1570,0.01778761480792966,0.046671943112010596,0.3811200824709649,0.643312101910828,15.10120697502024,0.5115684911324228,0.29034102423164954,-0.0550311340600673,-1.2069197300065486,0.0,False,False,False,False,False
log_circ_mv,1572,1782,0.0015460656894075045,0.0015460656894075045,0.010101010101010102,0.0833331349716677,7.791423814345426e-10,0.2886747910221253,1570,0.007136859114446884,0.17322712763353562,0.04119943112804484,0.5369426751592357,1.6324543505657307,0.5002810180863383,0.28867479102422106,-2.61279457816581e-11,-1.200029738591493,0.0,False,True,False,False,True
log_total_mv,1572,1782,0.0015460656894075045,0.0015460656894075045,0.010101010101010102,0.08333313496934595,7.808833334867652e-10,0.2886747910181039,1570,0.007637213039083998,0.1746336259380907,0.04373277481961843,0.5280254777070064,1.732833598957159,0.5002810180863383,0.28867479102020344,-1.1427212820300409e-10,-1.2000297387489334,0.0,False,True,False,False,True
long_debt_to_working_capital,1572,1782,0.0021415026716129345,0.0021415026716129345,0.018518518518518517,0.0822116588727984,0.0001240456673727742,0.2867256739239957,1570,0.0017660212811904234,0.0507279423587389,0.03481358003250828,0.5191082802547771,1.379426332519203,0.5002811857740032,0.2867261177161681,-0.054353454131318306,-1.296364806964486,0.0,False,True,False,False,False
long_term_debt_ratio,1572,1782,0.0021415026716129345,0.0021415026716129345,0.018518518518518517,0.08093647727509082,0.0007929071957970878,0.28448994491372886,1570,1.5656202140947067e-06,0.07980624290029203,1.961776619469174e-05,0.4872611464968153,0.0007773191739801974,0.5002811857740032,0.2844971755290168,0.10762793787703476,-1.3572397153735485,0.0,False,True,False,False,True
lottery_stock_indicator,1572,1782,0.0015507063853119833,0.0015507063853119833,0.010101010101010102,0.08333313496998257,7.792718609852809e-10,0.28867479101920657,1570,0.03941572150764172,0.1789826740975038,0.2202208772798274,0.5859872611464968,8.725861482979084,0.5002810193924833,0.2886747910213047,-1.1559512281777152e-17,-1.2000297389586683,0.0,False,False,False,False,True
low_risk_composite,1572,1782,0.0016274563560399013,0.0016274563560399016,0.010101010101010102,0.08333309584068688,1.2416655825288833e-08,0.28867472324518895,1570,0.032118619467397476,0.20264395175153876,0.15849779472706904,0.5560509554140127,6.280193863675728,0.500281040995872,0.28867472323917287,-4.432081027893636e-08,-1.2000306266556287,0.0,False,False,False,False,False
low_risk_value_resonance,1572,1782,0.004522179670610544,0.004522179670610544,0.012906846240179574,0.0833331328374669,2.104907053464264e-09,0.2886747873255766,1570,0.033285788628016615,0.21561700896656164,0.1543745958983164,0.5484076433121019,6.1168194266519365,0.5002818582274632,0.2886747873293518,5.474011574807823e-11,-1.200030009592271,0.0,False,False,False,False,False
low_vol_quality_coupling,1572,1782,0.003691495103708844,0.003691495103708844,0.023007856341189674,0.0833331335524857,2.735820084776848e-09,0.28867478856402695,1570,-0.019634629000819134,0.14377583007507666,-0.13656418460993305,0.4515923566878981,-5.411113483705191,0.500281623224672,0.2886747885877952,-9.04412268521838e-12,-1.2000299397011376,0.0,False,False,False,False,False
low_vol_tail_hedge,1572,1782,0.0016274563560399013,0.0016274563560399016,0.010101010101010102,0.08333313458263757,1.951730816451821e-09,0.28867479034830446,1570,-0.029994172397703463,0.201090849614759,-0.14915732095798978,0.44522292993630574,-5.91009416513161,0.500281040995872,0.28867479035058863,8.879682542928682e-09,-1.2000297870201302,0.0,False,False,False,False,True
lower_shadow_ratio,1572,1782,0.0015457087127994677,0.0015457087127994677,0.010101010101010102,0.08307020906366112,0.00201709346010905,0.28818465776478147,1570,0.0029104042821852475,0.09231585344868849,0.03152659238321319,0.5025477707006369,1.24918527963498,0.5002810179858661,0.28821894969695105,0.01232683075532921,-1.2103714839113693,0.0,False,True,False,False,False
lt_equity_invest_to_assets,1572,1782,0.0021415026716129345,0.0021415026716129345,0.018518518518518517,0.08302176647200656,9.560625848393923e-05,0.2881349318089133,1570,0.0018670870407759823,0.051563942156090316,0.036209160174838516,0.4968152866242038,1.4347237192192668,0.5002811857740032,0.2881355023418281,0.016442081975704757,-1.234721965663921,0.0,False,True,False,False,False
lunch_break_effect,1572,1782,0.0005690207132107047,0.0005690207132107047,0.0028058361391694723,0.0660880817594106,0.017446550674275783,0.2528911526628649,1570,-0.004718290428046959,0.03493126704328746,-0.1350735552248926,0.4554140127388535,-5.352049939426445,0.5003113466486518,0.2570887189814083,0.0750293906019558,1.0632553686115789,0.0007026640685299947,False,False,False,False,False
ma_convergence_20_60,1572,1782,0.001569983122145972,0.001569983122145972,0.010101010101010102,0.08333313495446391,7.938738099490744e-10,0.2886747909923274,1570,-0.018571092273145268,0.18334104382204416,-0.1012926068598741,0.45796178343949046,-4.01353980433935,0.5002810248181383,0.2886747909945019,2.3822607695989768e-11,-1.2000297405789198,0.0,False,False,False,False,False
ma_distance_20_60,1572,1782,0.001569983122145972,0.001569983122145972,0.010101010101010102,0.08333313495655444,7.93507417666162e-10,0.2886747909959483,1570,-0.0185710907184316,0.1833410458991593,-0.10129259723240597,0.45796178343949046,-4.01353942286801,0.5002810248181383,0.2886747909981222,2.3332041881747518e-11,-1.200029740614946,0.0,False,False,False,False,True
ma_distance_5_20,1572,1782,0.0015499924320959097,0.0015499924320959097,0.010101010101010102,0.08333313489138014,8.056718704424605e-10,0.28867479088306297,1570,-0.02326074408574243,0.16627686737903727,-0.13989164248998198,0.4356687898089172,-5.542958097669109,0.5002810191915371,0.2886747908851656,3.267669341298454e-10,-1.2000297371845996,0.0,False,False,False,False,False
ma_distance_5_60,1572,1782,0.001569983122145972,0.001569983122145972,0.010101010101010102,0.08333313495570646,7.936444422556796e-10,0.28867479099447957,1570,-0.025108777560940255,0.18694192647018648,-0.13431324922686408,0.445859872611465,-5.321924163408194,0.5002810248181383,0.28867479099665405,3.578933999093891e-11,-1.200029740665293,0.0,False,False,False,False,False
margin_balance_change,1572,1782,0.145035312126067,0.14503531212606702,0.4781144781144781,0.08324011639945292,0.0008273525655307903,0.2885098948196959,1570,-0.005871301690753128,0.05233052340012483,-0.11219650233307474,0.45031847133757963,-4.445587313636722,0.5003281815236308,0.28850075441678663,-0.0005213474453115762,-1.196436684056085,0.0,False,False,False,False,True
margin_balance_growth_5d,1572,1782,0.1457349862778192,0.1457349862778192,0.4781144781144781,0.08333311754277713,1.2859325798990453e-08,0.28867476083436294,1570,-0.011961844081141534,0.06340029920902918,-0.18867172916177632,0.41847133757961785,-7.475782472376028,0.5003284503162484,0.2886747659556947,4.698410593277242e-17,-1.200031023490972,0.0,False,False,False,False,False
margin_balance_stability_20d,1572,1782,0.14643466042957137,0.14643466042957134,0.4781144781144781,0.08333311747844868,1.2816534013319496e-08,0.2886747607229426,1570,0.022059134453798205,0.11512699805976774,0.19160696296750732,0.5917197452229299,7.592085903391888,0.5003287195495287,0.2886747658650857,5.4017671685769896e-17,-1.2000310252950452,0.0,False,False,False,False,False
margin_balance_to_float_mv,1572,1782,0.14577996533043183,0.14577996533043183,0.4781144781144781,0.08333311887229528,1.2452246168381064e-08,0.2886747631371589,1570,-0.0001310196252476116,0.14499151789771667,-0.0009036364826529959,0.5044585987261146,-0.0358049921333174,0.5003284676108369,0.2886747683796157,8.091502789774883e-18,-1.2000308002623237,0.0,False,True,False,False,False
margin_bearish_composite,1572,1782,0.1457349862778192,0.1457349862778192,0.4781144781144781,0.08333308958525124,2.1692847000302793e-08,0.28867471241043924,1570,0.015326506014441615,0.12001504012569002,0.1277048776419221,0.5535031847133758,5.060079165828843,0.5003284503162484,0.28867471958925417,-6.755881558476446e-08,-1.2000316765305703,0.0,False,False,False,False,False
margin_breakout_confirmation,1572,1782,0.14560504679249378,0.14560504679249378,0.4781144781144781,0.048260706000432946,0.004687964901394013,0.21941841911432924,1570,-0.013148045560658643,0.10352112863125094,-0.12700832897111125,0.4554140127388535,-5.032479660765,0.5003284003643322,0.2193701871338335,1.2268126737254084,-0.3498441154456221,0.0,False,False,False,False,False
margin_bullish_composite,1572,1782,0.1457349862778192,0.1457349862778192,0.4781144781144781,0.08333307397789963,2.614082652849185e-08,0.28867468537767144,1570,-0.022125524718181258,0.09164726056533719,-0.2414204699812879,0.38789808917197455,-9.565857725358345,0.5003284503162484,0.2886746934125909,2.1692202768192066e-07,-1.2000316482958544,0.0,False,False,False,False,False
margin_buy_climax,1572,1782,0.14993945676727696,0.14993945676727696,0.478675645342312,0.08333311746721093,1.2756146980558975e-08,0.28867476070347825,1570,0.023604654425322617,0.11418521140564868,0.2067225180454052,0.5859872611464968,8.191012950987298,0.5003300748589623,0.28867476601379466,3.733822551424831e-17,-1.2000309823653168,0.0,False,False,False,False,False
margin_buy_intensity_5d,1572,1782,0.1461298024063079,0.1461298024063079,0.4781144781144781,0.08333311882675895,1.2537670835360067e-08,0.28867476305828754,1570,0.011820840861679494,0.08166989010538894,0.1447392771855769,0.5617834394904458,5.735037020414003,0.5003286021865005,0.2886747683340695,2.134240006690936e-18,-1.2000308033820353,0.0,False,False,False,False,False
margin_buy_sell_imbalance,1572,1782,0.14521023066400504,0.14521023066400504,0.4781144781144781,0.08333311759093294,1.2891161508621149e-08,0.28867476091777133,1570,-0.009897436079564273,0.06425289226828866,-0.15403876355071175,0.4318471337579618,-6.103512665808466,0.5003282486805322,0.28867476602347086,4.302111884021773e-17,-1.200031022148505,0.0,False,False,False,False,False
margin_buy_strength,1572,1782,0.14486039358812897,0.14486039358812897,0.4781144781144781,0.08333308566804734,1.26627288552333e-06,0.28867470561730124,1570,-0.00602795984309962,0.0524793619950367,-0.11486343610026588,0.4496815286624204,-4.551259831720552,0.5003281143942031,0.28867470504962783,-1.8255035384191395e-06,-1.2000354346194886,0.0,False,False,False,False,False
margin_concentration_hhi,1572,1782,0.14486039358812897,0.14486039358812897,0.4781144781144781,0.08333311762302949,1.2912337181331288e-08,0.28867476097336425,1570,-0.004653046878027425,0.12514144593254434,-0.03718230074259796,0.4726114649681529,-1.473282687390784,0.5003281143942031,0.2886747660685269,4.134871772560657e-17,-1.200031021254611,0.0,False,True,False,False,False
margin_cost_burden,1572,1782,0.14679877656976895,0.14679877656976892,0.4781144781144781,0.08333311668143105,1.4142351576546134e-08,0.2886747593424656,1570,0.0088697640586384,0.17324876609842443,0.051196693970099585,0.5121019108280255,2.028578150662382,0.5003288598354194,0.28867476509959444,-8.218828815444765e-17,-1.2000311440358586,0.0,False,True,False,False,False
margin_extreme_positioning,1572,1782,0.1553854918994868,0.15538549189948683,0.478675645342312,0.08333273834566816,4.894333994483031e-07,0.2886741040428626,1570,0.024171761440890036,0.10505448499783974,0.23008785813749014,0.610828025477707,9.116823090627982,0.5003322031663273,0.2886741108710297,-5.597456793912925e-08,-1.2000391842382547,0.0,False,False,False,False,False
margin_flow_acceleration,1572,1782,0.14800464355171733,0.14800464355171736,0.49663299663299665,0.08333311739038271,1.3556838726083822e-08,0.2886747605704076,1570,-0.0037368010390537876,0.04023443515954009,-0.09287569277998788,0.45605095541401275,-3.680034519634215,0.5003293252853943,0.2886747661552758,-1.220322246458676e-11,-1.2000310046560232,0.0,False,False,False,False,False
margin_flow_reversal_5d,1572,1782,0.14643466042957137,0.14643466042957134,0.4781144781144781,0.05433283414151652,0.003987752627406478,0.23291111724360547,1570,-0.00033227332455499123,0.0335005110253052,-0.009918455402187828,0.4980891719745223,-0.39300119513475607,0.5003287195495287,0.23316643013641142,-0.7651344501196456,-1.3629201421264139,0.0,False,True,False,False,False
margin_flow_volatility_20,1572,1782,0.14643466042957137,0.14643466042957134,0.4781144781144781,0.08333311747844868,1.2816534016315957e-08,0.2886747607229426,1570,0.02412075156953682,0.15741160410837468,0.15323363043127478,0.564968152866242,6.071610694649579,0.5003287195495287,0.2886747658650857,4.864044001397382e-17,-1.2000310252950452,0.0,False,False,False,False,False
margin_flush_out_signal,1572,1782,0.14665491499673008,0.14665491499673008,0.4781144781144781,0.04893527786887093,0.01962717096632042,0.21497128895318227,1559,0.009623004824402391,0.09961617784719982,0.09660082360480658,0.5439384220654265,3.814203732083137,0.5003288043944331,0.22091656824965203,,,0.0006412149354462831,False,False,False,False,False
margin_leverage_change_5d,1572,1782,0.14665455802012206,0.14665455802012206,0.4781144781144781,0.08333311875856315,1.2663096813654079e-08,0.28867476294016886,1570,0.006793974854963121,0.1151074103096872,0.05902291465583736,0.5305732484076433,2.338678257802537,0.5003288042568856,0.28867476826562655,7.781151310907745e-18,-1.2000308080454396,0.0,False,False,False,False,False
margin_leverage_ratio,1572,1782,0.14577996533043183,0.14577996533043183,0.4781144781144781,0.08333311887229528,1.24522461693993e-08,0.2886747631371589,1570,0.0001310196252476116,0.14499151789771667,0.0009036364826529959,0.49554140127388535,0.0358049921333174,0.5003284676108369,0.2886747683796157,7.890715497176218e-19,-1.2000308002623237,0.0,False,True,False,False,False
margin_net_buy_pressure_10d,1572,1782,0.14556006773988114,0.14556006773988114,0.4781144781144781,0.08333311755731118,1.2869284003227363e-08,0.2886747608595367,1570,-0.0145824902014026,0.07058884710978236,-0.20658348731384402,0.40382165605095544,-8.185504104957506,0.5003283830768241,0.28867476597561254,-2.609966705759076e-12,-1.200031023011158,0.0,False,False,False,False,False
margin_net_flow_5d,1572,1782,0.145035312126067,0.14503531212606702,0.4781144781144781,0.08333311760296858,1.2902038748799644e-08,0.2886747609386177,1570,-0.011936981531221575,0.06547486737375455,-0.18231394747362997,0.4261146496815287,-7.223866654788521,0.5003281815236308,0.2886747660393225,-5.5490989951607394e-12,-1.2000310216652887,0.0,False,False,False,False,False
margin_net_flow_acceleration,1572,1782,0.1457349862778192,0.1457349862778192,0.4781144781144781,0.08333311754277713,1.2859325797932288e-08,0.2886747608343629,1570,-0.002566123634197667,0.04892822549145013,-0.05244669326186946,0.48980891719745223,-2.078107154490417,0.5003284503162484,0.2886747659556947,4.820759982477135e-17,-1.2000310234909721,0.0,False,True,False,False,False
margin_net_open,1572,1782,0.14486039358812897,0.14486039358812897,0.4781144781144781,0.08333308566804734,1.26627288552333e-06,0.28867470561730124,1570,-0.00602795984309962,0.0524793619950367,-0.11486343610026588,0.4496815286624204,-4.551259831720552,0.5003281143942031,0.28867470504962783,-1.8255035384191395e-06,-1.2000354346194886,0.0,False,False,False,False,True
margin_of_safety,1572,1782,0.006581220745766971,0.006581220745766971,0.026374859708193043,0.08333313073899548,3.5041240512891744e-09,0.2886747836909131,1570,0.014280411140942053,0.1515434312121728,0.09423312529428178,0.524203821656051,3.733820374265835,0.5002824424298961,0.2886747837188064,5.4428874744638857e-08,-1.2000303733900286,0.0,False,False,False,False,False
margin_panic_repay,1572,1782,0.14993945676727696,0.14993945676727696,0.478675645342312,0.08333311746721093,1.2756146978245233e-08,0.28867476070347825,1570,0.022639586942109498,0.11663835975032352,0.19410069715119346,0.5777070063694267,7.69089569531986,0.5003300748589623,0.28867476601379466,4.245300025779534e-17,-1.2000309823653168,0.0,False,False,False,False,False
margin_price_divergence_5d,1572,1782,0.14595488386836988,0.14595488386836986,0.4781144781144781,0.08333311864439362,1.2560119050952406e-08,0.28867476274242115,1570,0.02199226685078241,0.11597505846355649,0.18962928014123973,0.5878980891719745,7.513723730774848,0.5003285348848874,0.2886747680211461,4.958311077432284e-10,-1.2000308077158508,0.0,False,False,False,False,False
margin_repay_acceleration,1572,1782,0.14574319673980404,0.14574319673980404,0.4781144781144781,0.08333311755735322,1.2863411206114767e-08,0.2886747608596095,1570,0.012238676555017884,0.08415821516321083,0.14542462112917925,0.5694267515923567,5.762192558044861,0.5003284534730612,0.28867476598393116,4.469587835258408e-17,-1.2000310209796115,0.0,False,False,False,False,False
margin_sentiment_composite,1572,1782,0.14486182149456112,0.14486182149456112,0.4781144781144781,0.08333311521115776,5.553120166983572e-08,0.2886747567958593,1570,-0.0073479063338389924,0.05427659219530942,-0.13537891817891246,0.44012738853503186,-5.364149404616682,0.5003281149420873,0.2886747611913088,1.4639265123510515e-07,-1.2000314111015526,0.0,False,False,False,False,False
margin_sentiment_divergence,1572,1782,0.14754664256360608,0.14754664256360608,0.4781144781144781,0.0833331201470943,1.2209324641293589e-08,0.2886747653451785,1570,-0.010004456282567268,0.07923259723829694,-0.1262669233532538,0.4305732484076433,-5.003102778772535,0.5003291483474952,0.28867477089029653,1.2106685364536019e-17,-1.2000305642010234,0.0,False,False,False,False,False
margin_short_crowding,1572,1782,0.14577996533043183,0.14577996533043183,0.4781144781144781,0.08323607122979226,0.00011492322933597967,0.2885065535849562,1570,0.0120976029803945,0.09318331065829227,0.129825855026304,0.5515923566878981,5.144119131036733,0.5003284676108369,0.28850445075507397,-0.005276027608692561,-1.2117745317788375,0.0,False,False,False,False,False
margin_short_pressure,1572,1782,0.14536944223118947,0.14536944223118947,0.4781144781144781,0.08323619844405433,0.00011487852425437062,0.2885067741088384,1570,0.010727996932081853,0.12399422341627492,0.0865201348619741,0.543312101910828,3.4282068149921576,0.5003283098309163,0.2885046432244469,-0.005269116547988728,-1.2117594788330412,0.0,False,False,False,False,False
margin_short_ratio_change_5d,1572,1782,0.1465560324763039,0.1465560324763039,0.4781144781144781,0.08326527084246159,7.901942145724028e-05,0.288557190308511,1570,0.003999756768802654,0.05953573576867322,0.06718245297822058,0.5369426751592357,2.6619854848267273,0.5003287662981919,0.2885535920122427,9.538389541552336e-06,-1.1975731636923999,0.0,False,False,False,False,False
margin_smart_money_proxy,1572,1782,0.14665455802012206,0.14665455802012206,0.4781144781144781,0.08333311875805381,1.2663180012483256e-08,0.2886747629392867,1570,0.00301920908183063,0.06965651254688358,0.04334424695463323,0.5178343949044586,1.7174388717450308,0.5003288042568856,0.2886747682648479,-2.345282504308067e-12,-1.200030808035463,0.0,False,True,False,False,False
margin_to_float_mv,1572,1782,0.14577996533043183,0.14577996533043183,0.4781144781144781,0.08333311887229528,1.24522461693993e-08,0.2886747631371589,1570,0.0001310196252476116,0.14499151789771667,0.0009036364826529959,0.49554140127388535,0.0358049921333174,0.5003284676108369,0.2886747683796157,7.890715497176218e-19,-1.2000308002623237,0.0,False,True,False,False,True
margin_to_turnover,1572,1782,0.14577996533043183,0.14577996533043183,0.4781144781144781,0.08333311684085429,4.7595795012107604e-08,0.28867475961858435,1570,0.0062013480630798735,0.07970070745222331,0.0778079425053696,0.5305732484076433,3.0830016525397252,0.5003284676108369,0.28867476426570876,1.2348451916401027e-07,-1.2000311295288377,0.0,False,False,False,False,False
margin_trend_strength_20,1572,1782,0.14625974189163332,0.14625974189163332,0.4781144781144781,0.08210616352628669,0.00014780834814240965,0.2865416148272692,1570,-0.009846072231861487,0.06685351504877189,-0.1472783027889924,0.43821656050955415,-5.835641404479685,0.5003286521998372,0.2865330188030681,4.8653936128942616e-05,-1.189969414286446,0.0,False,False,False,False,False
margin_turnover_ratio,1572,1782,0.14486039358812897,0.14486039358812897,0.4781144781144781,0.08333311503770795,5.590853094880555e-08,0.2886747564954347,1570,-0.03762845657562621,0.1450086071128841,-0.2594911938319205,0.3910828025477707,-10.281878091662781,0.5003281143942031,0.2886747608600026,1.3996474133886541e-07,-1.2000314165858201,0.0,False,False,False,False,False
margin_utilization_rate,1572,1782,0.14486039358812897,0.14486039358812897,0.4781144781144781,0.08333311762302949,1.2912337181331288e-08,0.28867476097336425,1570,-0.004653046878027425,0.12514144593254434,-0.03718230074259796,0.4726114649681529,-1.473282687390784,0.5003281143942031,0.2886747660685269,4.134871772560657e-17,-1.200031021254611,0.0,False,True,False,False,True
market_cap_concentration_20d,1572,1782,0.0015503494087039465,0.0015503494087039467,0.010101010101010102,0.08333313497018804,7.78877570296117e-10,0.2886747910195624,1570,0.02907265994012194,0.18220419766120233,0.1595608680442192,0.5579617834394904,6.322316257457297,0.5002810192920102,0.28867479102165844,-1.1050590022786351e-17,-1.200029738926978,0.0,False,False,False,False,False
market_cap_tier_rank,1572,1782,0.0015460656894075045,0.0015460656894075045,0.010101010101010102,0.0833330256374695,7.468515690846426e-08,0.2886746016494225,1570,-0.0051804542585991474,0.06863544260267895,-0.075477829852254,0.4585987261146497,-2.99067507341622,0.5002810180863383,0.28867460162694747,-1.3741794991695458e-10,-1.2000325722765153,0.0,False,False,False,False,False
market_corr_60,1572,1782,0.0003548347483886076,0.0003548347483886076,0.003367003367003367,0.08333313565115827,3.9319809869782934e-10,0.2886747921990388,1570,-0.02415226732461947,0.12038918920900349,-0.20061824058545286,0.4121019108280255,-7.949141788601847,0.5002806832100731,0.28867479219957515,2.2813141450908255e-16,-1.2000296339071732,0.0,False,False,False,False,False
market_participation_20,1572,1782,0.0,0.0,0.0,0.08186240545859139,0.0002600352755560756,0.2861157088832477,1570,0.013364177671496714,0.12943323722138586,0.10325151374092799,0.556687898089172,4.09115801344498,0.5002805836139169,0.28611606990623817,-0.005444480681741353,-1.1895526822169982,0.0,False,False,False,False,False
marubozu_ratio_10d,1572,1782,0.001547136619231615,0.0015471366192316152,0.010101010101010102,0.03778401684407194,0.010550822230356017,0.192509392300232,1570,-0.011061394391695378,0.06558885094388106,-0.1686474794498183,0.43312101910828027,-6.68235711032415,0.5002810183877553,0.1943758793129757,1.7055244916257075,1.297087015324418,0.0,False,False,False,False,False
max_drawdown_120,1572,1782,0.0018901911395550071,0.0018901911395550074,0.014029180695847363,0.08333313369028408,1.3784400502574032e-09,0.2886747888027011,1570,0.01644418561077268,0.17205996115439257,0.09557241266616938,0.5452229299363057,3.7868872598279375,0.5002811149749518,0.2886747888076491,-1.0075388702875165e-08,-1.2000297787333123,0.0,False,False,False,False,False
max_drawdown_60,1572,1782,0.0016274563560399013,0.0016274563560399016,0.010101010101010102,0.08333313270773808,1.4660372744079054e-09,0.28867478710087946,1570,0.014351300520005246,0.18168046058269355,0.07899198666701485,0.5382165605095541,3.1299173013731383,0.500281040995872,0.2886747871039268,-2.7663407895808676e-08,-1.2000297682678003,0.0,False,False,False,False,False
max_ret_20,1572,1782,0.0015507063853119833,0.0015507063853119833,0.010101010101010102,0.08333306590443458,1.521489480518115e-07,0.2886746713938809,1570,0.03803563537521218,0.1575400663277774,0.2414346792013871,0.597452229299363,9.56642074049069,0.5002810193924833,0.28867467133061714,2.3909132405055474e-06,-1.200033691221762,0.0,False,False,False,False,False
max_ret_intraday,1572,1782,0.0005690207132107047,0.0005690207132107047,0.0028058361391694723,0.0833413373839283,0.0003935095626024896,0.2886881190948269,1570,0.043616933479515514,0.1495268345335744,0.29169970470900236,0.6254777070063694,11.558083181561342,0.5001484922448289,0.2886894139289335,0.00013072655384024825,-1.2001875042093508,0.0,False,False,False,False,False
max_ret_vol_ratio,1572,1782,0.0015507063853119833,0.0015507063853119833,0.010101010101010102,0.08333313496998258,7.792718616927334e-10,0.28867479101920657,1570,0.01523660649077358,0.08937592854740442,0.1704777420319855,0.5668789808917197,6.754878017364118,0.5002810193924833,0.2886747910213047,-9.15277231583704e-18,-1.2000297389586683,0.0,False,False,False,False,False
medium_order_flow,1572,1782,0.0036090335072523367,0.003609033507252337,0.012345679012345678,0.08333313379203415,8.843306288732337e-10,0.2886747889789376,1570,0.007602256323601522,0.05132320176522035,0.14812513760108517,0.5687898089171974,5.869195731210918,0.5002815999174547,0.2886747889816249,-1.2997379758983462e-13,-1.20002992060956,0.0,False,False,False,False,False
mf_amount_vol_divergence,1572,1782,0.0036090335072523367,0.003609033507252337,0.012345679012345678,0.0833331337559066,9.47666092677735e-10,0.2886747889163628,1570,-0.020962390498757175,0.09460466322387336,-0.22157882903881365,0.41146496815286626,-8.779667911760248,0.5002815999174547,0.2886747889191099,1.2792537144354848e-09,-1.2000299218013148,0.0,False,False,False,False,False
mf_amount_weighted_direction,1572,1782,0.0036090335072523367,0.003609033507252337,0.012345679012345678,0.083333133791693,8.843981763317923e-10,0.2886747889783467,1570,0.011737544199445551,0.03439007038206813,0.3413061988255136,0.6343949044585987,13.523652484815337,0.5002815999174547,0.28867478898103416,7.432931609120612e-13,-1.200029920595461,0.0,False,False,False,False,False
mf_big_order_ratio,1572,1782,0.0036090335072523367,0.003609033507252337,0.012345679012345678,0.08333313376075241,9.381796565770916e-10,0.28867478892475595,1570,-0.01783051293579682,0.07310501244180982,-0.24390274127905479,0.3885350318471338,-9.664213320772516,0.5002815999174547,0.2886747889274938,-5.430102111642868e-10,-1.2000299198885256,0.0,False,False,False,False,True
mf_big_order_stability_20d,1572,1782,0.0036261683844381045,0.003626168384438105,0.012345679012345678,0.08333313378234423,8.782694519128061e-10,0.28867478896215415,1570,0.011220096307507987,0.06602082921676572,0.16994782465802002,0.5681528662420382,6.733880981752589,0.5002816047601952,0.28867478896480453,-3.16810683978655e-16,-1.2000299221261972,0.0,False,False,False,False,False
mf_big_order_turnover_ratio,1572,1782,0.0036090335072523367,0.003609033507252337,0.012345679012345678,0.08333313379203428,8.84309334585571e-10,0.2886747889789378,1570,-0.019352033811577855,0.10043701246340327,-0.19267830988729628,0.4063694267515924,-7.634536123996614,0.5002815999174547,0.288674788981625,-4.899748562588531e-12,-1.200029920622977,0.0,False,False,False,False,False
mf_big_order_vol_ratio,1572,1782,0.0036090335072523367,0.003609033507252337,0.012345679012345678,0.08333313374635318,9.703875170522365e-10,0.28867478889981574,1570,-0.017709397104855227,0.07319137842696687,-0.24196015275933538,0.389171974522293,-9.587241697778033,0.5002815999174547,0.28867478890256726,-7.920450976034068e-10,-1.2000299195633044,0.0,False,False,False,False,True
mf_big_small_convergence_20d,1572,1782,0.003610818390292521,0.0036108183902925214,0.012345679012345678,0.08333313379112627,8.837496394465505e-10,0.2886747889773651,1570,-0.014092604425384875,0.08112960289084847,-0.17370483674553447,0.4152866242038217,-6.882745918948677,0.5002816004218991,0.28867478898004895,-2.8921161427849606e-16,-1.2000299207717577,0.0,False,False,False,False,False
mf_big_small_divergence,1572,1782,0.0036090335072523367,0.003609033507252337,0.012345679012345678,0.08333313379209076,8.843779575772577e-10,0.2886747889790356,1570,-0.017081568423498266,0.07751399030939596,-0.22036755371923747,0.4050955414012739,-8.731673276615174,0.5002815999174547,0.28867478898172305,-1.2426362004915271e-12,-1.200029920613245,0.0,False,False,False,False,True
mf_cumulative_flow_20d,1572,1782,0.0036261683844381045,0.003626168384438105,0.012345679012345678,0.08333313378234423,8.782694482762983e-10,0.28867478896215415,1570,-0.0025488166960785773,0.1295985331263678,-0.019667018094975657,0.4872611464968153,-0.7792706931320572,0.5002816047601952,0.28867478896480453,-3.1112272400162757e-16,-1.2000299221261972,0.0,False,True,False,False,False
mf_elg_order_ratio,1572,1782,0.0036090335072523367,0.003609033507252337,0.012345679012345678,0.08310583901418905,0.0003411233891640695,0.2882802223801797,1570,-0.01566348567092349,0.05982278307368325,-0.2618314439104396,0.3923566878980892,-10.374606348279164,0.5002815999174547,0.2882809307956642,-0.0023963321048963513,-1.1921597936729234,0.0,False,False,False,False,False
mf_elg_small_divergence,1572,1782,0.0036090335072523367,0.003609033507252337,0.012345679012345678,0.08333313379209074,8.843779606030162e-10,0.2886747889790356,1570,-0.01746939562216369,0.07569402699294106,-0.2307896186285983,0.3961783439490446,-9.144629104822794,0.5002815999174547,0.28867478898172305,-1.2145462279835382e-12,-1.200029920613178,0.0,False,False,False,False,False
mf_flow_continuity,1572,1782,0.0036090335072523367,0.003609033507252337,0.012345679012345678,0.0581434665660083,0.012352373191999706,0.23956199985397744,1570,-0.010590053293008442,0.10273177149073712,-0.10308449994910583,0.4662420382165605,-4.084540388307944,0.5002815999174547,0.2411313422285302,0.8000462710527341,-0.7318105246341262,0.0,False,False,False,False,False
mf_flow_factor_momentum_20,1572,1782,0.01756931771774859,0.01756931771774859,1.0,0.08333312787075066,1.0864114312797744e-08,0.28867477872296066,1550,-0.001760987618784206,0.10696425055676678,-0.016463328725419675,0.4832258064516129,-0.6481619000819968,0.5002819678302322,0.28867477872206754,3.673225202316861e-10,-1.200030112319515,0.0,False,True,False,False,False
mf_flow_reversal_20d,1572,1782,0.0036261683844381045,0.003626168384438105,0.012345679012345678,0.08333313378211901,8.778653858242612e-10,0.288674788961764,1570,-0.0009447213891652504,0.102167080842267,-0.009246827660895785,0.4961783439490446,-0.3663891376812128,0.5002816047601952,0.2886747889644133,2.8066466069889455e-12,-1.2000299221184119,0.0,False,True,False,False,False
mf_flow_volatility_20d,1572,1782,0.0036261683844381045,0.003626168384438105,0.012345679012345678,0.08333313378234423,8.78269451323405e-10,0.28867478896215415,1570,-0.01252772437052054,0.13746063400939795,-0.09113681499289492,0.4764331210191083,-3.6111345729378703,0.5002816047601952,0.28867478896480453,-3.054190349545239e-16,-1.2000299221261972,0.0,False,False,False,False,True
mf_mid_order_ratio,1572,1782,0.0036090335072523367,0.003609033507252337,0.012345679012345678,0.08333313379203415,8.843306288732337e-10,0.2886747889789376,1570,0.007602256323601522,0.05132320176522035,0.14812513760108517,0.5687898089171974,5.869195731210918,0.5002815999174547,0.2886747889816249,-1.2997379758983462e-13,-1.20002992060956,0.0,False,False,False,False,True
mf_net_amount_intensity,1572,1782,0.0036097474604684103,0.0036097474604684103,0.012345679012345678,0.08333313379173865,8.841821566009282e-10,0.2886747889784258,1570,-0.004518932704022306,0.12593371927150948,-0.03588342129624249,0.48853503184713376,-1.4218168941745268,0.5002816001192322,0.28867478898111226,-3.116732790696766e-16,-1.200029920677312,0.0,False,True,False,False,False
mf_net_inflow_5d,1572,1782,0.0036126032733327052,0.0036126032733327052,0.012345679012345678,0.08333313379010475,8.831760373792774e-10,0.28867478897559573,1570,-0.0055445700436107396,0.12355061687430512,-0.04487691104975654,0.489171974522293,-1.7781679668207342,0.5002816009263452,0.2886747889782761,-3.1323747312843273e-16,-1.2000299209293075,0.0,False,True,False,False,False
mf_net_inflow_ratio,1572,1782,0.0036090335072523367,0.003609033507252337,0.012345679012345678,0.08333312940354916,1.7395261199083388e-07,0.28867478137769215,1570,-0.008921532841170096,0.11973414888562497,-0.07451118101396716,0.47006369426751593,-2.9523733285055607,0.5002815999174547,0.28867478138297137,-2.347208631919941e-07,-1.2000304285968684,0.0,False,False,False,False,True
mf_net_inflow_ratio_neutral,1572,1782,0.0036090335072523367,0.003609033507252337,0.012345679012345678,0.08330800433460248,4.116280592243357e-07,0.28863126014708457,1570,-0.00488622578257076,0.07052048271151282,-0.06928803653485287,0.46496815286624205,-2.745415496926197,0.5002815999174547,0.2886312605918127,-0.0011003184194470393,-1.2027682050168995,0.0,False,False,False,False,True
mf_net_inflow_trend_5d,1572,1782,0.0036126032733327052,0.0036126032733327052,0.012345679012345678,0.08333313379010475,8.83176037520911e-10,0.28867478897559573,1570,-0.006382764765447329,0.11054425242193762,-0.057739453889333665,0.4789808917197452,-2.287823402415149,0.5002816009263452,0.2886747889782761,-3.1354343005464507e-16,-1.2000299209293075,0.0,False,False,False,False,False
mf_net_inflow_volatility_20d,1572,1782,0.0036261683844381045,0.003626168384438105,0.012345679012345678,0.08333313378234423,8.78269451323405e-10,0.28867478896215415,1570,-0.01252772437052054,0.13746063400939795,-0.09113681499289492,0.4764331210191083,-3.6111345729378703,0.5002816047601952,0.28867478896480453,-3.054190349545239e-16,-1.2000299221261972,0.0,False,False,False,False,True
mf_net_persistent_5d,1572,1782,0.0036126032733327052,0.0036126032733327052,0.012345679012345678,0.07703434136423759,0.00103801646256453,0.27754426483794936,1570,-0.005674826377920691,0.10810449871355368,-0.052493896604223426,0.489171974522293,-2.079977503169444,0.5002816009263452,0.27755076985409793,0.026895579849265223,-1.1592830216588714,0.0,False,True,False,False,False
mf_net_vol_intensity,1572,1782,0.0036090335072523367,0.003609033507252337,0.012345679012345678,0.0833329944471173,5.523048801454658e-06,0.2886745474673588,1570,-0.008940673732999468,0.11977439464895963,-0.07464595216033619,0.4713375796178344,-2.9577133960306945,0.5002815999174547,0.2886745477060624,-7.5186108436719605e-06,-1.2000464131744901,0.0,False,False,False,False,False
mf_open_close_divergence_10d,1572,1782,0.0036179579224532576,0.0036179579224532576,0.012345679012345678,0.08333313378704015,8.814503562709096e-10,0.2886747889702877,1570,-0.0005749486766555758,0.06677693851600616,-0.008609988559415058,0.4980891719745223,-0.34115551834818,0.5002816024396947,0.2886747889729575,-3.1054231921464483e-16,-1.2000299214019585,0.0,False,True,False,False,False
mf_order_size_entropy,1572,1782,0.0036090335072523367,0.003609033507252337,0.012345679012345678,0.08333313379214782,8.843216733266463e-10,0.28867478897913446,1570,-0.02326281993670169,0.10322288471748278,-0.22536494693372663,0.3942675159235669,-8.929686114926607,0.5002815999174547,0.28867478898182175,-2.829494143048844e-16,-1.200029920614208,0.0,False,False,False,False,True
mf_price_divergence,1572,1782,0.0036111753669005576,0.0036111753669005576,0.012345679012345678,0.08333310230375858,6.8608246743639115e-09,0.28867473443957375,1570,0.013594997464110711,0.12132473060602611,0.11205462724872893,0.5496815286624204,4.439965765175109,0.5002816005227881,0.28867473444228964,-1.9885139958938398e-08,-1.2000304165244766,0.0,False,False,False,False,False
mf_sector_relative,1572,1782,0.0036090335072523367,0.003609033507252337,0.012345679012345678,0.08333313288550023,1.0890368440991878e-09,0.2886747874087729,1570,-0.006119593526125304,0.07471793885114883,-0.08190260090440399,0.46305732484076434,-3.2452452256805717,0.5002815999174547,0.28867478741147523,-5.209545836594213e-10,-1.200029882537297,0.0,False,False,False,False,False
mf_small_order_ratio,1572,1782,0.0036090335072523367,0.003609033507252337,0.012345679012345678,0.08333313379209076,8.843779641438833e-10,0.2886747889790356,1570,-0.014883696666933574,0.0778190059764398,-0.1912604315639769,0.41146496815286626,-7.578355211442702,0.5002815999174547,0.28867478898172305,-1.0298978971582257e-12,-1.2000299206127747,0.0,False,False,False,False,False
min_ret_20,1572,1782,0.0015507063853119833,0.0015507063853119833,0.010101010101010102,0.08333309779248856,1.5205078120761361e-07,0.28867472662569404,1570,0.02227461097623745,0.18144272761116909,0.12276386752723337,0.5369426751592357,4.864300407795889,0.5002810193924833,0.28867472660615295,3.977244322740053e-08,-1.2000298698165173,0.0,False,False,False,False,True
minority_gain_ratio,1572,1782,0.00216791894060766,0.00216791894060766,0.018518518518518517,0.08325615655214126,2.4693431982387634e-05,0.2885414263515585,1570,-0.0008719156260577948,0.05091905484264315,-0.01712356265748264,0.4980891719745223,-0.6784907847517403,0.5002811932180202,0.2885415366381799,-0.0043279254167710975,-1.2102220334647675,0.0,False,True,False,False,False
minority_interest_ratio,1572,1782,0.00216791894060766,0.00216791894060766,0.018518518518518517,0.08325274485802717,2.4665531198187415e-05,0.28853551433211166,1570,-0.002119169136873807,0.06784490921391752,-0.031235492263568195,0.5140127388535032,-1.2376509539476237,0.5002811932180202,0.2885356413062724,-0.003950295855610364,-1.20734389237723,0.0,False,True,False,False,True
mom20_factor_momentum_20,1572,1782,0.015528839426210079,0.015528839426210077,1.0,0.08333312925486384,1.0344092361284383e-08,0.288674781120318,1550,-0.012357905013915078,0.1373683060181944,-0.0899618359731267,0.45483870967741935,-3.541801024064793,0.5002813834055587,0.28867478112038636,-4.4738916736803225e-09,-1.2000299470963234,0.0,False,False,False,False,False
mom_10,1572,1782,0.0015557040578244989,0.0015557040578244989,0.010101010101010102,0.08333294928597612,2.5188710937398067e-07,0.2886744694041816,1570,-0.02650314586714662,0.16225543019319824,-0.1633421194938697,0.43821656050955415,-6.472141636365577,0.5002810207991145,0.28867446943151115,9.454718824591576e-07,-1.2000253275608121,0.0,False,False,False,False,False
mom_120_skip5,1572,1782,0.0019108957828211433,0.0019108957828211435,0.014029180695847363,0.08333312886019426,8.358611936758885e-09,0.28867478043672956,1570,-0.00904724305865303,0.18163134714268983,-0.049811022166484864,0.4853503184713376,-1.9736733643016955,0.5002811208064805,0.28867478044640277,2.4314646593203602e-08,-1.200029649537124,0.0,False,True,False,False,False
mom_15,1572,1782,0.0015592738239048672,0.0015592738239048672,0.010101010101010102,0.08333304300933382,1.3615359799217181e-07,0.2886746317383607,1570,-0.027570582554653396,0.16529204319921448,-0.1667992119948846,0.4369426751592357,-6.609122792150233,0.5002810218038597,0.28867463177464514,4.961115627245124e-07,-1.2000275180860027,0.0,False,False,False,False,False
mom_20,1572,1782,0.0015642714964173828,0.0015642714964173828,0.010101010101010102,0.08333307969604448,7.927245759048198e-08,0.288674695281775,1570,-0.02625554761022795,0.1717295628349561,-0.1528889212596513,0.44203821656050957,-6.0579522054061785,0.500281023210515,0.28867469529525935,2.2215123580984677e-07,-1.2000284716150111,0.0,False,False,False,False,True
mom_20_minus_mom_60,1572,1782,0.0016438772800095956,0.0016438772800095956,0.010101010101010102,0.083333112931384,3.590640780549563e-08,0.2886747528471794,1570,0.0047466190698063375,0.16449718980429165,0.028855320114912385,0.513375796178344,1.1433408561432963,0.5002810456184237,0.2886747528557278,-3.8977078829324556e-08,-1.2000292094196434,0.0,False,True,False,False,False
mom_20_neutral,1572,1782,0.0015592738239048672,0.0015592738239048672,0.010101010101010102,0.08330844935256586,4.1095743611613974e-07,0.2886320310569481,1570,-0.021273154807661895,0.102584462120821,-0.20737209483641872,0.4159235668789809,-8.216751278665194,0.5002810218038597,0.2886320315596761,-0.0010947062949712941,-1.2027545245994369,0.0,False,False,False,False,True
mom_20_sharpe,1572,1782,0.0015507063853119833,0.0015507063853119833,0.010101010101010102,0.08333313496998258,7.7927186474361e-10,0.28867479101920657,1570,-0.02292186542543926,0.16417014353801113,-0.139622619140441,0.44904458598726116,-5.532298524822168,0.5002810193924833,0.2886747910213047,-2.0785067920536373e-17,-1.2000297389586683,0.0,False,False,False,False,True
mom_20_size_neutral,1572,1782,0.001559630800512904,0.001559630800512904,0.010101010101010102,0.08333146715523371,5.665709636928805e-07,0.2886719022597639,1570,-0.02639063061460292,0.156384952921441,-0.16875428307901263,0.44203821656050957,-6.68658901460925,0.5002810219043345,0.28867190162459755,-3.131738071387023e-08,-1.2000804151124702,0.0,False,False,False,False,True
mom_20_vol_adj,1572,1782,0.0015764087010906348,0.001576408701090635,0.010101010101010102,0.08333308191696234,7.920203363259304e-08,0.2886746991285234,1570,-0.023497112323730297,0.16346969419220084,-0.14373986835812744,0.44904458598726116,-5.695437219064972,0.5002810266267366,0.2886746991424076,2.185658727146451e-07,-1.2000284797766123,0.0,False,False,False,False,True
mom_240,1572,1782,0.0033634336009229987,0.0033634336009229983,0.07744107744107744,0.08333313141801156,4.260898535654243e-09,0.2886747848670048,1570,-0.010509303774469578,0.17167298393538688,-0.061216992525888636,0.478343949044586,-2.425614700039165,0.5002815305231382,0.2886747849038919,1.5722123122891034e-08,-1.200029837411401,0.0,False,False,False,False,False
mom_3,1572,1782,0.00155106336192002,0.0015510633619200203,0.010662177328843996,0.08333198756313782,1.447214758095422e-06,0.2886728036321647,1570,-0.022928850725787375,0.1587879174024218,-0.14439921563854247,0.4286624203821656,-5.7215626850477905,0.5002810194929564,0.28867280361281394,2.2840413019021658e-06,-1.2000007614776167,0.0,False,False,False,False,False
mom_40,1572,1782,0.0015917586952362186,0.0015917586952362186,0.010101010101010102,0.08333311281341824,3.262602924761674e-08,0.28867475264285763,1570,-0.027632112459647376,0.18118964030614726,-0.15250382093015225,0.44203821656050957,-6.042693288205569,0.5002810309473711,0.28867475264450293,3.37695860932638e-08,-1.2000292501034677,0.0,False,False,False,False,False
mom_5,1572,1782,0.0015517773151360937,0.0015517773151360937,0.010101010101010102,0.08333259916528805,7.000195154427012e-07,0.2886738629731101,1570,-0.025589065002718278,0.16144435342766444,-0.1585008361050145,0.4369426751592357,-6.280314372879929,0.500281019693903,0.2886738629508718,1.485688536277343e-06,-1.2000160821813162,0.0,False,False,False,False,False
mom_60,1572,1782,0.00163887960749708,0.00163887960749708,0.010101010101010102,0.0833331216774389,1.921815361551748e-08,0.2886747679958154,1570,-0.021871283919194132,0.18226519655119044,-0.11999703911136667,0.445859872611465,-4.754669741520113,0.5002810442115441,0.2886747680014233,3.104578796421167e-08,-1.2000294431827552,0.0,False,False,False,False,True
mom_60_neutral,1572,1782,0.00163887960749708,0.00163887960749708,0.010101010101010102,0.08332998590608404,2.3502803720268726e-07,0.28866933662223,1570,-0.017271853882494706,0.1164794940501657,-0.1482823566786444,0.4394904458598726,-5.875425258175885,0.5002810442115441,0.28866933651477383,5.378064373814182e-10,-1.1998937831302967,0.0,False,False,False,False,True
mom_60_sharpe,1572,1782,0.0015714110285781192,0.0015714110285781195,0.010101010101010102,0.08333313495811022,7.937494862857769e-10,0.28867479099864296,1570,-0.022224066516053034,0.1777061532208229,-0.12506075964874866,0.44904458598726116,-4.955310682304155,0.500281025220047,0.28867479100081955,-1.3237469822283502e-17,-1.200029740789767,0.0,False,False,False,False,True
mom_60_vol_adj,1572,1782,0.00163887960749708,0.00163887960749708,0.010101010101010102,0.08333312304179735,1.9170552614186058e-08,0.28867477035895645,1570,-0.021648014940162632,0.17723154465938606,-0.1221453832147491,0.45222929936305734,-4.839794064406494,0.5002810442115441,0.2886747703643156,2.5818259215810767e-08,-1.200029446750909,0.0,False,False,False,False,True
mom_up_down_asymmetry,1572,1782,0.0015499924320959097,0.0015499924320959097,0.010101010101010102,0.08333305761471012,3.623965051605876e-08,0.2886746570357471,1570,0.01658884657339146,0.12359986570674324,0.134214114866036,0.5560509554140127,5.317996140273083,0.5002810191915371,0.28867465706697226,-6.542847623918241e-09,-1.2000284991093635,0.0,False,False,False,False,False
mom_x_winner,1572,1782,0.0015642714964173828,0.0015642714964173828,0.010101010101010102,0.0833331322095298,4.860465541771683e-09,0.2886747862379563,1570,0.004911557982656687,0.09981206550863542,0.04920805874147305,0.5070063694267516,1.9497820085367727,0.500281023210515,0.2886747862397911,1.5396917460013212e-07,-1.200030140497627,0.0,False,True,False,False,False
momentum_factor_zscore_60,1572,1782,0.020074222576343018,0.020074222576343018,1.0,0.08333313490901408,8.57357024500708e-10,0.2886747909136059,1541,-0.02073225599209799,0.1553565267066503,-0.1334495333514077,0.4464633354964309,-5.238637878645818,0.5002810492992893,0.28867479091614207,-2.2536329793523097e-17,-1.20002974836202,0.0,False,False,False,False,False
momentum_orthogonal_to_value,1572,1782,0.004458994810988026,0.004458994810988025,0.012906846240179574,0.08333313305093579,2.1500306860321546e-09,0.288674787695316,1570,-0.025627177355021222,0.1612634515527593,-0.15891497489520728,0.4394904458598726,-6.296723887557136,0.500281840338524,0.2886747877012154,5.1141223568329325e-09,-1.200030025225643,0.0,False,False,False,False,True
momentum_quality_liquidity_triple,1572,1782,0.0037054171914222803,0.0037054171914222807,0.024130190796857465,0.08333313370707297,2.6864877621650376e-09,0.2886747888317803,1570,-0.014705993097436738,0.14346672869230112,-0.10250455441119923,0.4605095541401274,-4.061561075474608,0.5002816271600373,0.2886747888560314,1.193092620289083e-10,-1.2000299325842518,0.0,False,False,False,False,False
momentum_quality_trend,1572,1782,0.00523292009721187,0.00523292009721187,0.026936026936026935,0.02378824054277179,0.005824440588188032,0.1532921908704206,1570,-0.02006483642579692,0.1700364306611154,-0.11800316172118654,0.4554140127388535,-4.675665888045093,0.5003386926761627,0.15423862318478423,-0.04490583616164197,-0.994991853623719,0.0,False,False,False,False,False
momentum_reversal_balance,1572,1782,0.0015685552157138247,0.0015685552157138247,0.010101010101010102,0.08333311354177227,6.436756403441484e-09,0.2886747539044108,1570,-0.029435644182628312,0.16951274226320592,-0.17364856346269816,0.4388535031847134,-6.8805161899725364,0.5002810244162308,0.2886747539040613,2.9489570704544506e-08,-1.2000303702026498,0.0,False,False,False,False,False
momentum_value_blend,1572,1782,0.004486482009806861,0.004486482009806861,0.012906846240179574,0.08333313272267157,2.6401350481474926e-09,0.288674787126745,1570,-0.012593416857967025,0.17535619324445992,-0.07181620805608412,0.46687898089171975,-2.8455898072457626,0.5002818481204387,0.28867478712969963,-2.323186367967227e-09,-1.2000300090476341,0.0,False,False,False,False,False
momentum_value_resonance,1572,1782,0.004533602922067723,0.004533602922067723,0.012906846240179574,0.0833331321791078,5.0193812591904374e-09,0.2886747861852637,1570,8.982567979898468e-05,0.168026948662197,0.0005345909124349517,0.4949044585987261,0.021182216280245886,0.500281861461864,0.2886747861882968,-3.6413149490996557e-09,-1.2000300190352564,0.0,False,True,False,False,False
momentum_value_resonance_deep,1572,1782,0.004458994810988026,0.004458994810988025,0.012906846240179574,0.0833331330923938,1.8567269233588167e-09,0.2886747877671235,1570,0.0032905041457598158,0.1588064623973829,0.020720215639121513,0.5038216560509554,0.8210017769327679,0.500281840338524,0.2886747877728309,7.259598249050398e-09,-1.200030020248863,0.0,False,True,False,False,False
momentum_volatility_ratio,1572,1782,0.0015642714964173828,0.0015642714964173828,0.010101010101010102,0.0833331348962109,8.054191618940282e-10,0.2886747908914301,1570,-0.031171535980800143,0.16345134871597142,-0.19070834364889067,0.4267515923566879,-7.556479707480614,0.500281023210515,0.28867479089360465,5.491846112005296e-10,-1.20002974063978,0.0,False,False,False,False,False
month_effect_rank,1572,1782,0.0018627039407361715,0.0018627039407361717,0.020763187429854096,0.08333313478657697,1.5133053432958339e-09,0.28867479070153834,1570,-0.010440527201270715,0.11207371253207726,-0.093157681363348,0.4636942675159236,-3.6912078168645923,0.5002811072334685,0.28867479070927704,-1.4481208736878477e-17,-1.2000297672530325,0.0,False,False,False,False,False
month_start_effect_3m,1572,1782,0.0015457087127994677,0.0015457087127994677,0.010101010101010102,1.9678475891004945e-28,2.0980099787464406e-28,1.195664997601716e-14,0,,,,,,0.5002810179858661,3.837909186931109e-07,,,0.0,False,False,False,False,False
multi_factor_consensus,1572,1782,7.139532160736571e-07,7.139532160736572e-07,0.001122334455667789,0.08333277857062575,2.3068158798126555e-07,0.2886741737157415,1570,-0.00791719217559965,0.090510915758311,-0.08747223590954187,0.4636942675159236,-3.4659321295104495,0.5002805838142407,0.28867417371587095,1.9141544863453982e-05,-1.2000804822999407,0.0,False,False,False,False,False
multi_factor_orthogonal,1572,1782,0.004458994810988026,0.004458994810988025,0.012906846240179574,0.08333313330016862,1.2918697902878068e-09,0.2886747881270004,1570,-0.019590162105025056,0.1399825167546323,-0.13994720597404017,0.45605095541401275,-5.545159702128197,0.500281840338524,0.28867478813272834,5.748472070897236e-15,-1.200029996489213,0.0,False,False,False,False,False
multi_factor_stress_beta,1572,1782,0.0017056342331999669,0.0017056342331999669,0.010101010101010102,0.08333313247695108,5.142146403477571e-09,0.28867478670114405,1570,-0.0236989121290648,0.22261803816871506,-0.10645548907004632,0.4726114649681529,-4.218109850446538,0.5002810630045993,0.2886747866980441,-5.738488859336475e-09,-1.2000297887562668,0.0,False,False,False,False,False
mv_to_ebitda,1572,1782,0.003686854407804365,0.003686854407804365,0.023007856341189674,0.08333313372448069,2.6650406718151693e-09,0.2886747888619314,1570,0.004794174179278687,0.11935637593323968,0.04016688795879863,0.5248407643312102,1.5915416597194845,0.5002816219129079,0.2886747888857854,-4.347728652312194e-11,-1.2000299308095816,0.0,False,True,False,False,False
mv_to_ebitda_neutral,1572,1782,0.003686854407804365,0.003686854407804365,0.023007856341189674,0.08330841379713658,6.88600284322064e-07,0.28863196946234776,1570,0.005650408575631676,0.09172106449257218,0.06160426295629464,0.5312101910828025,2.440959603637394,0.5002816219129079,0.2886319740589655,-0.0011025175587159545,-1.2027719985832592,0.0,False,False,False,False,False
n_cashflow_stability_8q,1572,1782,0.00217577242598447,0.00217577242598447,0.018518518518518517,0.012018126836065356,0.022476348470094422,0.06018751851475384,576,0.0028416010210099473,0.03358339312069343,0.08461327927162333,0.5503472222222222,2.03071870251896,0.5002811954311824,0.10962854253833892,,,0.004137919196968935,False,False,False,False,False
nca_to_assets,1572,1782,0.0021415026716129345,0.0021415026716129345,0.018518518518518517,0.08332566913271687,1.9775513877556548e-07,0.2886618595045067,1570,-0.0003671682868257191,0.08748917137331003,-0.0041967283614910275,0.4961783439490446,-0.1662879142812994,0.5002811857740032,0.2886618592172265,-0.00044445435091343215,-1.2011774716663766,0.0,False,True,False,False,True
ncf_act_to_revenue,1572,1782,0.0021415026716129345,0.0021415026716129345,0.018518518518518517,0.08333313461846419,2.2296508270114153e-09,0.28867479041035815,1570,0.00555454491070782,0.08323957504155693,0.06672961638661347,0.521656050955414,2.6440426384372495,0.5002811857740032,0.28867479042710936,-1.6946638296255163e-13,-1.2000297931724793,0.0,False,False,False,False,True
net_debt_ratio,1572,1782,0.0021415026716129345,0.0021415026716129345,0.018518518518518517,0.08333313458106295,2.2507788896879285e-09,0.2886747903455772,1570,-0.000520399873767523,0.08234375567706505,-0.006319846228637205,0.5012738853503185,-0.25041269232046376,0.5002811857740032,0.288674790362466,-1.302131679029547e-10,-1.2000297915903295,0.0,False,True,False,False,False
net_debt_to_ebitda,1572,1782,0.0021415026716129345,0.0021415026716129345,0.018518518518518517,0.08333313461857682,2.2296948775754197e-09,0.28867479041055316,1570,-0.0033236300905100198,0.10274559922647646,-0.03234815033959679,0.4910828025477707,-1.2817380558122065,0.5002811857740032,0.2886747904273047,1.5122799337683614e-17,-1.2000297931773294,0.0,False,True,False,False,False
net_interest_margin,1572,1782,0.002572373437513387,0.002572373437513387,0.019079685746352413,0.08331192045838784,3.982921695632995e-06,0.2886380439422061,1570,0.002313677617990102,0.0810119964124889,0.02855969140927655,0.5178343949044586,1.131627093271973,0.500281307241192,0.28863805142871246,-0.0005324687160866103,-1.1998651451094164,0.0,False,True,False,False,False
net_margin_stability_8q,1572,1782,0.00217577242598447,0.00217577242598447,0.018518518518518517,0.014779981962062948,0.022371435947620453,0.09345565381063188,1350,-0.00022128957374536922,0.03340920909935645,-0.006623610067729256,0.5074074074074074,-0.24336697381647307,0.5002811954311824,0.121574897937657,,,0.010745617540834454,False,True,False,False,False
net_mf_amount_intensity,1572,1782,0.0036090335072523367,0.003609033507252337,0.012345679012345678,0.08333312940354916,1.7395261199083388e-07,0.28867478137769215,1570,-0.008921532841170096,0.11973414888562497,-0.07451118101396716,0.47006369426751593,-2.9523733285055607,0.5002815999174547,0.28867478138297137,-2.347208631919941e-07,-1.2000304285968684,0.0,False,False,False,False,True
net_mf_amount_momentum_5d,1572,1782,0.0036179579224532576,0.0036179579224532576,0.012345679012345678,0.08333313372844689,8.869222276736869e-10,0.2886747888688011,1570,-0.007122905599096847,0.1085487506148929,-0.0656194157809089,0.4764331210191083,-2.600052909473505,0.5002816024396947,0.28867478887147674,4.0477532671616357e-11,-1.200029920601368,0.0,False,False,False,False,False
net_mf_flow_persistence,1572,1782,0.0036126032733327052,0.0036126032733327052,0.012345679012345678,0.07703434136423759,0.00103801646256453,0.27754426483794936,1570,-0.005674826377920691,0.10810449871355368,-0.052493896604223426,0.489171974522293,-2.079977503169444,0.5002816009263452,0.27755076985409793,0.026895579849265223,-1.1592830216588714,0.0,False,True,False,False,True
net_operating_assets_change,1572,1782,0.004328698349054583,0.004328698349054583,0.037037037037037035,0.007585686960413245,0.017596109142984234,0.04093598238260523,421,0.0032927542002316322,0.026409095154294623,0.12468258306442459,0.5463182897862233,2.5582727150870403,0.500281803456072,0.08709693011552494,,,0.004859820793270096,False,False,False,False,False
netprofit_growth_acceleration,1572,1782,0.0021871956774416486,0.0021871956774416486,0.018518518518518517,0.007687014147441308,0.017792388485277685,0.04122197260218682,421,0.010534307640036565,0.035188963852291144,0.299363962072179,0.5961995249406176,6.142434951430893,0.5002811986503894,0.08766938738187575,,,0.004481921141474913,False,False,False,False,False
netprofit_margin,1572,1782,0.0021415026716129345,0.0021415026716129345,0.018518518518518517,0.08333313423488731,2.3387187160810954e-09,0.2886747897459827,1570,0.006842488635417555,0.11870853586264755,0.05764108356398818,0.5165605095541401,2.2839256528302645,0.5002811857740032,0.28867478976339256,3.651033641491473e-09,-1.200029790700689,0.0,False,True,False,False,False
netprofit_margin_neutral,1572,1782,0.0021415026716129345,0.0021415026716129345,0.018518518518518517,0.08330862681830906,3.9600987731493737e-07,0.2886323384824342,1570,0.0034011936117503603,0.08337160230285583,0.040795588879234665,0.5203821656050955,1.6164528180697235,0.5002811857740032,0.28863234104229374,-0.0010979944136630744,-1.202761409317547,0.0,False,True,False,False,False
netprofit_yoy,1572,1782,0.0021415026716129345,0.0021415026716129345,0.018518518518518517,0.08333313458157217,2.226365728493862e-09,0.28867479034645915,1570,0.004226650851912617,0.08104543648784464,0.052151620560974325,0.5280254777070064,2.0664154223203206,0.5002811857740032,0.288674790363183,3.3723471986963325e-11,-1.2000297922836263,0.0,False,False,False,False,True
non_current_asset_ratio,1572,1782,0.0021415026716129345,0.0021415026716129345,0.018518518518518517,0.08332555386768217,1.7912864035668585e-07,0.2886616598503963,1570,-0.00037818663226816466,0.08744942686515549,-0.004324632485600136,0.4942675159235669,-0.17135588823483008,0.5002811857740032,0.28866165999668253,-0.0004512210418387495,-1.201194526133564,0.0,False,True,False,False,False
non_current_liab_ratio,1572,1782,0.0021415026716129345,0.0021415026716129345,0.018518518518518517,0.08332412417166837,1.6679214348913243e-06,0.2886591834037527,1570,-0.00034317016127736566,0.07088341879134206,-0.004841331966331195,0.49745222929936306,-0.1918291882819344,0.5002811857740032,0.28865919376101523,0.0005346863646060428,-1.2014034324640435,0.0,False,True,False,False,False
non_oper_profit_ratio,1572,1782,0.0021639921979192548,0.0021639921979192548,0.018518518518518517,0.08333313066844876,1.3723058684069968e-08,0.2886747835687215,1570,0.0032754692860213212,0.06481321424898635,0.05053705982607625,0.5210191082802548,2.0024413182181204,0.5002811921114523,0.28867478357496257,2.4190504511380904e-07,-1.200030450742222,0.0,False,False,False,False,False
non_operating_profit_ratio,1572,1782,0.002181484051713059,0.002181484051713059,0.019079685746352413,0.0833331345947879,2.2949560041681375e-09,0.2886747903693495,1570,-0.00021393043665795408,0.07810335639055557,-0.0027390684158078386,0.5191082802547771,-0.10853072553322134,0.5002811970407768,0.2886747903870738,4.031393014024998e-17,-1.2000297968477611,0.0,False,True,False,False,False
noncurrent_exint_rank,1572,1782,0.0021415026716129345,0.0021415026716129345,0.018518518518518517,0.08332424015583725,1.638280621544279e-06,0.28865938430576665,1570,-0.00033162134307868844,0.0709083222606791,-0.004676761944240541,0.49745222929936306,-0.18530839318406928,0.5002811857740032,0.28865939457598433,0.0005279075392892856,-1.2013864714404732,0.0,False,True,False,False,True
notes_receivable_ratio,1572,1782,0.0021415026716129345,0.0021415026716129345,0.018518518518518517,0.07969483668526174,0.001175252064788257,0.28229505470910493,1570,-0.00017675501733822172,0.10194757736276629,-0.0017337834003574558,0.489171974522293,-0.06869809066187683,0.5002811857740032,0.2823013154845751,0.15612487983316822,-1.3971262212715718,0.0,False,True,False,False,False
npta,1572,1782,0.0021415026716129345,0.0021415026716129345,0.018518518518518517,0.08333313261634846,2.3332100761474683e-09,0.28867478694258775,1570,0.002890542948470688,0.12016810873641347,0.02405416028316665,0.5140127388535032,0.9531034174093528,0.5002811857740032,0.2886747869588145,1.4535605388913475e-08,-1.200029789060172,0.0,False,True,False,False,True
obv_momentum_20,1572,1782,0.0015610587069450513,0.0015610587069450513,0.010101010101010102,0.08333313496403898,7.879507814484435e-10,0.2886747910089119,1570,-0.018238548159201326,0.1148425471990687,-0.15881351122930534,0.4464968152866242,-6.292703569841797,0.500281022306235,0.2886747910110569,-2.32500413003251e-17,-1.2000297398753739,0.0,False,False,False,False,False
ocf_coverage,1572,1782,0.0021415026716129345,0.0021415026716129345,0.018518518518518517,0.0833253947407134,2.9869378937722625e-07,0.28866138422110726,1570,0.004457984782574015,0.0843059012168906,0.05287868011878701,0.5184713375796178,2.095223867140419,0.5002811857740032,0.2886613842922584,0.0001419672144295229,-1.1998708358213515,0.0,False,True,False,False,True
ocf_growth_4q,1572,1782,0.0021871956774416486,0.0021871956774416486,0.018518518518518517,0.007397058697123897,0.01713276351541626,0.04053984290427886,424,0.001827029007926072,0.029895439129151515,0.061113971266088786,0.5188679245283019,1.2584136892051145,0.5002811986503894,0.08599690781394109,,,0.004355134587335513,False,True,False,False,False
ocf_profit_ratio,1572,1782,1.0,1.0,1.0,,,,0,,,,,,,,,,,True,False,False,False,False
ocf_stability_8q,1572,1782,0.00217577242598447,0.00217577242598447,0.018518518518518517,0.013593314594287316,0.022819988494716198,0.07463183752281277,837,0.0017298006978338342,0.030623293311695367,0.056486436002400976,0.5232974910394266,1.634206384621002,0.5002811954311824,0.11660194448124052,,,0.008714605548821574,False,False,False,False,False
ocf_to_debt_rank,1572,1782,0.0021415026716129345,0.0021415026716129345,0.018518518518518517,0.08333308144934327,1.485522221905148e-08,0.28867469831861364,1570,0.004600262431017638,0.08264069266049275,0.05566582615560339,0.5261146496815287,2.2056595830929573,0.5002811857740032,0.28867469831353454,2.1538788046603558e-07,-1.2000290979101969,0.0,False,False,False,False,False
ocf_to_interest_debt,1572,1782,0.0021415026716129345,0.0021415026716129345,0.018518518518518517,0.0832816471301113,6.120599472356993e-05,0.2885855780846709,1570,0.0033695131513485463,0.0729121287188527,0.046213342149716986,0.5222929936305732,1.8311216776761423,0.5002811857740032,0.2885859292157579,0.0008989992024982293,-1.1989264801276767,0.0,False,True,False,False,False
ocf_to_net_debt,1572,1782,0.0021415026716129345,0.0021415026716129345,0.018518518518518517,0.07562684335913425,0.00043147140103132284,0.27500223016743547,1570,0.0021076850159535148,0.0594880675094955,0.035430383002727155,0.5184713375796178,1.403866055704853,0.5002811857740032,0.27500248363814794,0.09014589851119074,-0.919215119441344,0.0,False,True,False,False,False
ocf_to_or_neutral,1572,1782,0.0021415026716129345,0.0021415026716129345,0.018518518518518517,0.0833087148006235,4.7167183077687465e-07,0.28863249089448656,1570,0.0031808958590656077,0.04735315485570655,0.0671738951450724,0.5229299363057325,2.6616463958740004,0.5002811857740032,0.2886324936393917,-0.0010957295989188914,-1.2027577373221803,0.0,False,False,False,False,False
ocf_to_profit,1572,1782,0.0021415026716129345,0.0021415026716129345,0.018518518518518517,0.08304576182492178,0.00022449404135568325,0.28817635169632694,1570,0.005929941205404136,0.06456269642318757,0.09184779344616109,0.5414012738853503,3.6393058325260355,0.5002811857740032,0.28817650941045714,0.005314767292391456,-1.1940256401566438,0.0,False,False,False,False,True
ocf_to_sales_rank,1572,1782,0.0021415026716129345,0.0021415026716129345,0.018518518518518517,0.08333310999092478,4.69017189672063e-09,0.28867474775415447,1570,0.005849961883977674,0.08520868308639136,0.06865452759135493,0.5197452229299363,2.720313829193908,0.5002811857740032,0.2886747477708073,2.7240874444953073e-08,-1.200029487002393,0.0,False,True,False,False,True
ocf_yoy_rank,1572,1782,0.0021415026716129345,0.0021415026716129345,0.018518518518518517,0.08333313457601646,2.2172714203452865e-09,0.2886747903368364,1570,0.0021993099966602626,0.037710403125764756,0.058321041791187724,0.5222929936305732,2.3108677910055477,0.5002811857740032,0.28867479035350146,-2.562393127105461e-10,-1.2000297922966454,0.0,False,False,False,False,True
ocfps_rank,1572,1782,0.0021415026716129345,0.0021415026716129345,0.018518518518518517,0.08333312585445363,3.6877234099503984e-09,0.28867477523062796,1570,0.00499104148472959,0.09811221691461224,0.05087074415078531,0.521656050955414,2.015662967465993,0.5002811857740032,0.28867477524733054,4.151296399688831e-08,-1.200029670935947,0.0,False,False,False,False,False
ocfps_stability_8q,1572,1782,0.00217577242598447,0.00217577242598447,0.018518518518518517,0.012335692581552225,0.02314275153331071,0.060630158358772446,568,0.0019157293298859963,0.03450455922676373,0.05552104918355386,0.5316901408450704,1.323219316888701,0.5002811954311824,0.11106947913443371,,,0.003954010445901669,False,False,False,False,False
oi_divergence_intensity,1572,1782,0.0015457087127994677,0.0015457087127994677,0.010101010101010102,0.0833286604660131,2.334888383750427e-06,0.2886670408094017,1570,-0.031616514625304994,0.12777606950215104,-0.24743690073181307,0.3866242038216561,-9.804248117765647,0.5002810179858661,0.28866704013351524,9.797192021080683e-06,-1.1999267837541017,0.0,False,False,False,False,False
op_growth_stability_8q,1572,1782,0.00217577242598447,0.00217577242598447,0.018518518518518517,0.012568619916209058,0.023153523973700456,0.06284590810681909,612,0.0020426034525669423,0.03571346841897201,0.057194205519446366,0.5375816993464052,1.4149065031797716,0.5002811954311823,0.11211363055960621,,,0.004442936200458268,False,False,False,False,False
op_to_debt_rank,1572,1782,0.0021415026716129345,0.0021415026716129345,0.018518518518518517,0.08333299921390135,7.399349032850023e-08,0.28867455588237234,1570,0.0027749681924306266,0.10779944518031455,0.02574195245429119,0.5165605095541401,1.0199791872237451,0.5002811857740032,0.2886745558391036,2.5195188951495795e-06,-1.2000300541690039,0.0,False,True,False,False,True
op_to_profit_rank,1572,1782,0.0021415026716129345,0.0021415026716129345,0.018518518518518517,0.08303518510438598,0.0002293772450737826,0.2881579883438413,1570,0.004675846633582081,0.06343761374383868,0.07370779507033741,0.5229299363057325,2.920540586087693,0.5002811857740032,0.28815815264033484,0.015541441322931013,-1.2321130000913487,0.0,False,False,False,False,False
op_yoy,1572,1782,0.0021415026716129345,0.0021415026716129345,0.018518518518518517,0.08333313455879114,2.2104745015795546e-09,0.2886747903070012,1570,0.004183178078263016,0.07933672533671222,0.05272688103156805,0.5292993630573248,2.0892090976749778,0.5002811857740032,0.2886747903236172,9.432213078046234e-10,-1.200029793123942,0.0,False,False,False,False,True
open_5min_momentum,1572,1782,0.0005690207132107047,0.0005690207132107047,0.0028058361391694723,0.08330202272721415,0.0009255155517861346,0.2886150971448598,1570,-0.004579889702323579,0.1195918232093101,-0.03829601037445376,0.47070063694267517,-1.517411455289047,0.5002233611124016,0.288621164312498,0.0005051963401180921,-1.1976010455049604,0.0,False,True,False,False,False
open_auction_intensity,1572,1782,0.0015539191747843148,0.0015539191747843148,0.010101010101010102,0.08281587369655842,0.00034164184004874433,0.2877768596369692,1570,0.009759136912032824,0.08708684412298981,0.1120621261490464,0.5503184713375796,4.440262895793483,0.5002810202967446,0.28777737301378387,-0.0016528672330882836,-1.184545925863417,0.0,False,False,False,False,True
open_auction_ret,1572,1782,0.0005697346664267784,0.0005697346664267784,0.0028058361391694723,0.08286360275797658,0.00034633606564099474,0.28785975829346655,1570,0.010062831199900415,0.09347132584352329,0.10765687882448795,0.5452229299363057,4.265712787614968,0.5003405533843154,0.2878606850405831,-0.002073358563110468,-1.1854367240106196,0.0,False,False,False,False,True
operating_cf_to_total_inflow,1572,1782,0.0021415026716129345,0.0021415026716129345,0.018518518518518517,0.08333305465480698,1.9698990001635062e-07,0.28867465190884106,1570,9.3560924525938e-05,0.04136446323526692,0.002261867245654693,0.49363057324840764,0.08962247595350126,0.5002811857740032,0.2886746521195807,-4.882748017956896e-06,-1.200042903198611,0.0,False,True,False,False,False
operating_leverage,1572,1782,0.09006269937143559,0.0900626993714356,1.0,0.08332214394214724,0.0002617715710136113,0.288655378494268,1496,0.003996036871329542,0.06909507644442538,0.05783388740504019,0.5327540106951871,2.236908304879479,0.5002944279173374,0.2886748794424535,-1.942856184801283e-18,-1.2000620047399768,0.0,False,False,False,False,False
operating_profit_purity,1572,1782,0.0021639921979192548,0.0021639921979192548,0.018518518518518517,0.08333312586000735,2.05779490372594e-08,0.2886747752402452,1570,0.0009811100635216865,0.030701490169772402,0.03195643136852206,0.510828025477707,1.2662168866838592,0.5002811921114523,0.28867477527779434,2.691865219120582e-09,-1.200029439434158,0.0,False,True,False,False,False
operating_profit_to_ebt,1572,1782,0.0021415026716129345,0.0021415026716129345,0.018518518518518517,0.08306045041054114,0.00021846671534155585,0.2882018499950527,1570,0.002522538229833346,0.0909091283482285,0.027747909100731154,0.5184713375796178,1.0994616597935687,0.5002811857740032,0.28820200931981405,0.011175457762031736,-1.2137386558987486,0.0,False,True,False,False,False
or_growth_acceleration,1572,1782,0.0021871956774416486,0.0021871956774416486,0.018518518518518517,0.007693157819911616,0.01778459133491684,0.041391114454983814,426,0.009197450756507469,0.03368714620893645,0.27302552431905286,0.5751173708920188,5.63518332727956,0.5002811986503896,0.08770457124858573,,,0.004526249443085236,False,False,False,False,False
or_yoy,1572,1782,0.0021415026716129345,0.0021415026716129345,0.018518518518518517,0.0833331344256478,2.289377319656571e-09,0.2886747900763899,1570,0.0022509320102831886,0.08288999907463586,0.02715565249622458,0.5114649681528662,1.0759945427920452,0.5002811857740032,0.2886747900935236,-4.6403032896116204e-10,-1.2000297903850574,0.0,False,True,False,False,True
order_concentration,1572,1782,0.0036090335072523367,0.003609033507252337,0.012345679012345678,0.08333313379197729,8.84344662397996e-10,0.28867478897883914,1570,-0.019352033890966215,0.10043701239621784,-0.1926783108066141,0.4063694267515924,-7.63453616042295,0.5002815999174547,0.28867478898152643,-8.22386159930564e-12,-1.2000299206312908,0.0,False,False,False,False,True
order_size_ratio_change,1572,1782,0.0036179579224532576,0.0036179579224532576,0.012345679012345678,0.08333313378704015,8.814503577119809e-10,0.2886747889702877,1570,-0.006993437301192579,0.05898455356090575,-0.11856387611667446,0.44203821656050957,-4.697883200985515,0.5002816024396947,0.2886747889729575,-3.1435780760207307e-16,-1.2000299214019585,0.0,False,False,False,False,False
other_payables_risk,1572,1782,0.0021415026716129345,0.0021415026716129345,0.018518518518518517,0.05336952393745806,0.017360643001421917,0.22777862298426926,1570,0.0027640014517608673,0.03781717896564001,0.07308851499135322,0.5267515923566879,2.8960027118628155,0.5002811857740032,0.23099124717277672,-1.1285916002947876,0.005431855838050448,0.0,False,False,False,False,False
other_receivables_risk,1572,1782,0.0021415026716129345,0.0021415026716129345,0.018518518518518517,0.04729085459301635,0.01948260744344052,0.2127566352995901,1570,0.0024934861678200092,0.03455440988007342,0.07216115617294724,0.5318471337579618,2.85925776427028,0.5002811857740032,0.21748378415849298,-1.422272118680415,0.9649052329723311,0.0,False,False,False,False,False
overnight_gap,1572,1782,0.0015457087127994677,0.0015457087127994677,0.010101010101010102,0.08286479294047062,0.0003204881697910488,0.28786191590533294,1570,-0.010523415474893352,0.0938807048068981,-0.11209348605273912,0.45286624203821657,-4.441505476329544,0.5002810179858661,0.2878623299225881,0.001520314498618351,-1.1860498593582094,0.0,False,False,False,False,True
overnight_gap_momentum,1572,1782,0.0015457087127994677,0.0015457087127994677,0.010101010101010102,0.08286479294047062,0.00032048816979105373,0.28786191590533294,1570,0.010523415474893352,0.0938807048068981,0.11209348605273912,0.5471337579617834,4.441505476329544,0.5002810179858661,0.2878623299225881,-0.0015203144986183947,-1.1860498593582096,0.0,False,False,False,False,True
overnight_gap_vol_20,1572,1782,0.0015507063853119833,0.0015507063853119833,0.010101010101010102,0.08333313496998258,7.792718584079893e-10,0.28867479101920657,1570,0.02968084939123591,0.17611941569943185,0.16852684454671207,0.564968152866242,6.677577166353713,0.5002810193924833,0.2886747910213047,-1.8702803039384816e-17,-1.2000297389586683,0.0,False,False,False,False,False
overnight_intraday_divergence_20,1572,1782,0.0015507063853119833,0.0015507063853119833,0.010101010101010102,0.08333313496998258,7.792718679318389e-10,0.28867479101920657,1570,0.02731442251670323,0.1262040525408211,0.2164306293402765,0.5828025477707006,8.575679634122663,0.5002810193924833,0.2886747910213047,-1.3286300703825194e-17,-1.2000297389586683,0.0,False,False,False,False,False
overnight_intraday_divergence_daily,1572,1782,0.0015457087127994677,0.0015457087127994677,0.010101010101010102,0.0833329705063521,2.817706189623683e-07,0.2886745061589504,1570,-0.03076605496344142,0.13080497166736935,-0.23520554739829,0.38980891719745225,-9.319602446310622,0.5002810179858661,0.2886745061126255,1.7621543367339702e-07,-1.2000253038749837,0.0,False,False,False,False,False
overnight_momentum_20,1572,1782,0.0015507063853119833,0.0015507063853119833,0.010101010101010102,0.08333313496998258,7.792718618161137e-10,0.28867479101920657,1570,0.007181726403895907,0.08667915011266847,0.08285413960059436,0.5356687898089172,3.2829482580234193,0.5002810193924833,0.2886747910213047,-1.1714779173195883e-17,-1.2000297389586683,0.0,False,False,False,False,True
overreaction_indicator_5d,1572,1782,0.0015517773151360937,0.0015517773151360937,0.010101010101010102,0.08333259916528805,7.000195154427012e-07,0.2886738629731101,1570,-0.025589065002718278,0.16144435342766444,-0.1585008361050145,0.4369426751592357,-6.280314372879929,0.500281019693903,0.2886738629508718,1.485688536277343e-06,-1.2000160821813162,0.0,False,False,False,False,True
parkinson_vol,1572,1782,0.0005690207132107047,0.0005690207132107047,0.0028058361391694723,0.08336443761082328,0.0003706743123014277,0.2887282299171162,1570,0.04003520885789985,0.165976599739311,0.24120995923992078,0.5987261146496815,9.55751661078039,0.50025356760995,0.2887293767770243,-0.00019766490318845885,-1.200397914462038,0.0,False,False,False,False,True
path_efficiency,1572,1782,0.0005718765260749993,0.0005718765260749993,0.005050505050505051,0.08343225053984032,0.00025162673945696557,0.2888460741608134,1570,-0.0032880284481247865,0.087526792741564,-0.037565965176322456,0.47070063694267517,-1.488484709769306,0.5004433467919188,0.288846971617347,0.00016266357689316652,-1.2016712404351861,0.0,False,True,False,False,False
payables_power,1572,1782,0.048348197839291986,0.048348197839291986,0.06453423120089787,0.08333311627951762,1.0208488690934376e-07,0.2886747586462772,1570,-0.002508194635053557,0.0688892380633763,-0.03640909241507481,0.47770700636942676,-1.4426456794613327,0.5002948385252672,0.2886747592649268,1.2667519740676065e-06,-1.2000324299148226,0.0,False,True,False,False,False
payroll_burden,1572,1782,0.002572373437513387,0.002572373437513387,0.019079685746352413,0.083333134372226,2.2405095363375265e-09,0.28867478998386054,1570,-0.002144129314048255,0.06877158021194316,-0.031177549031742285,0.4859872611464968,-1.235355056206073,0.500281307241192,0.2886747900007456,-2.81838996601679e-17,-1.2000298311713016,0.0,False,True,False,False,False
pb_percentile_5y,1572,1782,0.24850890870823017,0.24850890870823017,1.0,0.08331264946093343,0.00018284078254239807,0.28863912886308896,1185,0.028991469711364674,0.15470964423504477,0.18739277602706514,0.5586497890295359,6.450776869567635,0.5002819269839988,0.2886392367945437,-0.000982764891204661,-1.201898668374224,0.0,True,False,False,False,False
pb_to_roe,1572,1782,0.003686854407804365,0.003686854407804365,0.023007856341189674,0.08333313372240249,2.6632476033829676e-09,0.2886747888583318,1570,0.012770587763489872,0.1450878256820078,0.08801970601916285,0.5222929936305732,3.4876246611252153,0.5002816219129079,0.2886747888821715,2.527619667705437e-11,-1.2000299307570625,0.0,False,False,False,False,False
pct_chg_vol_20,1572,1782,0.0015499924320959097,0.0015499924320959097,0.010101010101010102,0.08333313497005172,7.790476000931158e-10,0.28867479101932625,1570,0.038359358837997175,0.19690135850716656,0.19481510502935925,0.5719745222929936,7.7192028397842,0.5002810191915371,0.28867479102142324,4.259807805857082e-12,-1.2000297389030607,0.0,False,False,False,False,True
pct_up_days_20,1572,1782,0.0015499924320959097,0.0015499924320959097,0.010101010101010102,0.08123880922273745,0.000375915718860177,0.28502346164478737,1570,-0.01508545474322983,0.12565183133174831,-0.12005757960981031,0.456687898089172,-4.757068551342573,0.5002810191915371,0.285024279770562,0.0016449584999715058,-1.182273740033977,0.0,False,False,False,False,False
pe_to_eps_growth,1572,1782,0.003686854407804365,0.003686854407804365,0.023007856341189674,0.08291823191211872,0.00023998198319362792,0.28795495863419446,1570,0.0007561778078175137,0.05201039715715174,0.01453897391963166,0.5222929936305732,0.5760810423352737,0.5002816219129079,0.2879543020228209,-0.021324194323567126,-1.2427934689206932,0.0,False,True,False,False,False
pe_to_eps_growth_neutral,1572,1782,0.003686854407804365,0.003686854407804365,0.023007856341189674,0.08332405083858592,1.3891850694465282e-06,0.28865905638451,1570,0.0005282106924442228,0.03771783218493057,0.01400426964769357,0.5165605095541401,0.5548943343858711,0.5002816219129079,0.28865906480301445,-0.00020321091858444102,-1.2005119237804012,0.0,False,True,False,False,False
pe_ttm_percentile,1572,1782,0.0015460656894075045,0.0015460656894075045,0.010101010101010102,0.08034637421064322,0.014107714033015079,0.2791844474540104,1525,0.012958704717392579,0.11716565949773289,0.11060155998732142,0.5344262295081967,4.319128990228737,0.5002810180863383,0.2834500616967723,,,0.0,False,False,False,False,False
pledge_change_signal,1572,1782,0.003367003367003367,0.003367003367003367,0.003367003367003367,2.784794163683534e-05,0.00029441490371630844,0.0004977356692425083,14,0.006881291335977354,0.01663987493927903,0.4135422508334973,0.7857142857142857,1.5473334175742772,0.5002815315315315,0.005277114897065905,,,0.00011282752217866722,False,False,False,False,False
pledge_concentration,1572,1782,0.0053864200386677065,0.0053864200386677065,0.013468013468013467,0.07695244238036587,0.003067907893165058,0.27734888316757994,1570,-0.005458397104280628,0.06701709903087703,-0.08144782724429418,0.4859872611464968,-3.2272256263889783,0.5002821031399228,0.27739104930879593,0.2528259265377607,-1.42031417596632,0.0,False,True,False,False,False
pledge_industry_comparison,1572,1782,0.01829326627884728,0.018293266278847285,0.02356902356902357,0.07642998663611962,0.002073829775421779,0.27643447399430615,1570,0.005124449208348254,0.048553284465910194,0.10554279210392424,0.5363057324840764,4.181945852733476,0.5002858120498506,0.27646668219884674,-0.27482421401050516,-1.446470773274439,0.0,False,False,False,False,False
pledge_intensity,1572,1782,0.0053864200386677065,0.0053864200386677065,0.013468013468013467,0.07694495774720864,0.003066813268914527,0.27733543059511,1570,-0.00524158071355698,0.0521390594710506,-0.10053078760400896,0.46114649681528663,-3.98335406816458,0.5002821031399228,0.27737755017923943,0.25309763531666124,-1.420424481690325,0.0,False,False,False,False,True
pledge_liquidation_risk,1572,1782,0.006940339213452021,0.00694033921345202,0.02356902356902357,0.07427630488223684,0.0035255311302008928,0.27243996701007744,1570,0.00044251861392249214,0.07157954434109118,0.006182193781701101,0.5012738853503185,0.24495845837319216,0.5002825445690692,0.27252464553521794,-0.3502546048779927,-1.4352625967355606,0.0,False,True,False,False,False
pledge_market_impact,1572,1782,0.006940696190060058,0.0069406961900600585,0.02356902356902357,0.07606448146649485,0.0022148313613223496,0.2757689092019887,1570,0.00820740934113405,0.06307674377987381,0.1301178350261135,0.554140127388535,5.1556883204142725,0.5002825446706359,0.27578602951541065,-0.28751648905813304,-1.4477117932558043,0.0,False,False,False,False,False
pledge_pressure_index,1572,1782,0.006940339213452021,0.00694033921345202,0.02356902356902357,0.026279607753095846,0.015862313128823594,0.1530916723689973,1541,-0.00013924593194423963,0.10663576694840464,-0.001305808885039607,0.5204412719013628,-0.051260275818481076,0.5002825445690692,0.16206628459492137,,,0.0028327676542617497,False,True,False,False,False
pledge_ratio,1572,1782,0.0053864200386677065,0.0053864200386677065,0.013468013468013467,0.07606690275265504,0.0022130632208418803,0.2757733469347727,1570,0.005494151812001924,0.0533397078604277,0.10300303530679798,0.5382165605095541,4.081312496414499,0.5002821031399228,0.275793602619749,-0.28743136337905173,-1.4477101829338446,0.0,False,False,False,False,True
pledge_ratio_acceleration,1572,1782,0.005418547933391021,0.005418547933391021,0.013468013468013467,0.0013192450643124845,0.008853114952217174,0.005451035035876803,36,0.0008584605678617448,0.040494022062653325,0.021199686376757388,0.4722222222222222,0.12719811826054434,0.5002821122526807,0.036319220900150224,,,0.0,False,True,False,False,False
pledge_ratio_change,1572,1782,0.005399271196557032,0.005399271196557032,0.013468013468013467,0.0013192450643124797,0.008853114952217139,0.005451035035876761,36,-0.0036156379273786727,0.037277757959264544,-0.09699182905070844,0.5,-0.5819509743042507,0.5002821067849553,0.036318868939965,,,0.0,False,True,False,False,False
pledge_ratio_momentum,1572,1782,0.0053928456176123695,0.0053928456176123695,0.013468013468013467,0.0006596225321562399,0.006294753693633575,0.002725517517944471,18,-0.0036513953775645213,0.04288079183609027,-0.08515223766207028,0.5,-0.3612703481043505,0.5002821049624273,0.02568123556153367,,,0.0,False,True,False,False,False
pledge_risk,1572,1782,0.0053864200386677065,0.0053864200386677065,0.013468013468013467,0.07606690275265504,0.0022130632208418803,0.2757733469347727,1570,0.005494151812001924,0.0533397078604277,0.10300303530679798,0.5382165605095541,4.081312496414499,0.5002821031399228,0.275793602619749,-0.28743136337905173,-1.4477101829338446,0.0,False,False,False,False,True
pledge_tail_risk,1572,1782,0.006940339213452021,0.00694033921345202,0.02356902356902357,1.8936472420278216e-28,1.4485820683252171e-28,1.2621230043556774e-14,0,,,,,,0.5002825445690692,1.0052977251540853e-06,,,0.0,False,False,False,False,False
pm_hl_range_intraday,1572,1782,0.0005690207132107047,0.0005690207132107047,0.0028058361391694723,0.08335755332974089,0.0009232227466024056,0.2887113526363177,1570,0.030468026199040276,0.15477691366663165,0.1968512323786495,0.6006369426751592,7.799880772916923,0.5002022547079767,0.28871753208834267,-0.0005072232600650778,-1.2000185009123292,0.0,False,False,False,False,False
pm_momentum_intraday,1572,1782,0.0005690207132107047,0.0005690207132107047,0.0028058361391694723,0.08325374106287449,0.0011558825224868127,0.2885274143161737,1570,-0.023569687839967414,0.12521101827597703,-0.18823972653922177,0.41146496815286626,-7.458665135040637,0.5003547077752483,0.2885375255502879,-0.00040917588522388883,-1.1963586410093134,0.0,False,False,False,False,False
pm_reversal_signal,1572,1782,0.001553562198176278,0.001553562198176278,0.010662177328843996,0.08326222561947906,0.0005164931635448851,0.28855046516031235,1570,-0.01981379958553648,0.1322967815694005,-0.14976781256876245,0.4356687898089172,-5.934283811898633,0.5002810201962707,0.2885519217452897,-0.0033507117228414774,-1.2056230089356392,0.0,False,False,False,False,False
pos_rv_ratio,1572,1782,0.0005718765260749993,0.0005718765260749993,0.005050505050505051,0.08350281523434808,0.00020126684394089738,0.2889683274384324,1570,-0.026706052431021088,0.13007339156091147,-0.20531526171911213,0.3955414012738854,-8.13525291621695,0.5007462744292522,0.288969550035398,-0.0006060155989846225,-1.2005681520007994,0.0,False,False,False,False,False
pre_holiday_effect,1572,1782,0.0015507063853119833,0.0015507063853119833,0.010101010101010102,0.08333313496998258,7.792718676437848e-10,0.28867479101920657,1570,-0.027514057996557054,0.17089252973958322,-0.16100211073289572,0.4356687898089172,-6.379422941528706,0.5002810193924833,0.2886747910213047,-1.8091076627680716e-17,-1.2000297389586683,0.0,False,False,False,False,True
price_efficiency_ratio_20,1572,1782,0.0015592738239048672,0.0015592738239048672,0.010101010101010102,0.08333311310246533,5.931623540278827e-08,0.2886747531434898,1570,-0.004801740055247536,0.10047124606346892,-0.04779218177720437,0.4535031847133758,-1.8936803962838589,0.5002810218038597,0.28867475315274344,1.0658868410620099e-06,-1.2000326665727552,0.0,False,True,False,False,False
price_impact_asymmetry,1572,1782,0.0005729474558991099,0.0005729474558991099,0.006172839506172839,0.08342755894993327,0.00016230790888978683,0.28883815548660424,1570,0.006692389197989033,0.03871436145862859,0.17286580343423036,0.5700636942675159,6.849500712842528,0.5000284350313303,0.28883895991462766,0.0006712495976607285,-1.2003458282028787,0.0,False,False,False,False,False
price_impact_intraday,1572,1782,0.0005690207132107047,0.0005690207132107047,0.0028058361391694723,0.0832751025964907,0.001080195362517347,0.2885659090211636,1570,0.0016246059931591089,0.1301584167206007,0.01248175902943337,0.5,0.4945675528136486,0.5004395051861252,0.28857493116244004,-0.0019453147134659019,-1.199423339210016,0.0,False,True,False,False,False
price_impact_proxy,1572,1782,0.0015524912683521673,0.0015524912683521676,0.010101010101010102,0.08332644194117166,8.024799957784303e-06,0.28866319777197386,1570,0.01613400238306131,0.11443486707774042,0.14098851857887687,0.5471337579617834,5.58641986629846,0.50028101989485,0.28866319858043504,0.0003944645725649595,-1.2010326070179131,0.0,False,False,False,False,False
price_impact_ratio_20,1572,1782,0.0015507063853119833,0.0015507063853119833,0.010101010101010102,0.08333313496998258,7.792718629153066e-10,0.28867479101920657,1570,-0.018924886331870876,0.14803990034990816,-0.12783638929194008,0.4662420382165605,-5.065290081595004,0.5002810193924833,0.2886747910213047,-2.0420890624912462e-17,-1.2000297389586683,0.0,False,False,False,False,False
price_position_20d,1572,1782,0.0015499924320959097,0.0015499924320959097,0.010101010101010102,0.08135737253028873,0.005734012247340563,0.2849793491036706,1570,-0.020315160167848373,0.15571604542071246,-0.1304628570097643,0.4515923566878981,-5.169359204279175,0.5002810191915371,0.28523198520316284,0.027653658860542083,-1.2219965673909596,1.680619383334263e-05,False,False,False,False,False
price_position_60,1572,1782,0.001569983122145972,0.001569983122145972,0.010101010101010102,0.08275482867547392,0.0028603459345471313,0.28761771954879356,1570,-0.021884980689606207,0.16959429831624642,-0.12904313946213436,0.4585987261146497,-5.113105415725639,0.5002810248181383,0.2876713101749163,0.011187375997194368,-1.2185394832782261,0.0,False,False,False,False,False
price_to_52w_high,1572,1782,0.0015460656894075045,0.0015460656894075045,0.010101010101010102,0.08324109262877219,0.0009234441344451763,0.28851030117254195,1570,-0.01699628976018013,0.1681291316620511,-0.10109068899697654,0.4554140127388535,-4.005539167322795,0.5002810180863383,0.2885152447688098,0.0031671487072875617,-1.2047313324273825,0.0,False,False,False,False,False
price_to_52w_high_dist,1572,1782,0.0015457087127994677,0.0015457087127994677,0.010101010101010102,0.08332586758189212,4.29046645456189e-05,0.2886621936319764,1570,-0.004874259083141428,0.16699954106232343,-0.029187260348951367,0.4942675159235669,-1.1564933988932347,0.5002810179858661,0.2886622157915527,-0.0004034561845085299,-1.2009642124665225,0.0,False,True,False,False,False
price_to_52w_low_dist,1572,1782,0.0015635575432013092,0.0015635575432013092,0.010101010101010102,0.08324768683072403,0.0009235002314942023,0.2885217281196403,1570,-0.02488798028897756,0.18841889472452075,-0.1320885589811214,0.4681528662420382,-5.233774760106076,0.5002810230095633,0.28852665871933275,0.0035942551222138447,-1.203866307965901,0.0,False,False,False,False,True
price_volume_corr_20,1572,1782,0.0015507063853119833,0.0015507063853119833,0.010101010101010102,0.08333313496998258,7.792718611596282e-10,0.2886747910192065,1570,-0.021160414703558884,0.10023054714702287,-0.21111742184266236,0.4178343949044586,-8.36515321525096,0.5002810193924833,0.2886747910213047,-1.2685407089806335e-17,-1.2000297389586683,0.0,False,False,False,False,False
price_volume_corr_20_neutral,1572,1782,0.0015507063853119833,0.0015507063853119833,0.010101010101010102,0.08330842656448563,3.99442353095466e-07,0.28863199158098685,1570,-0.016625409781684704,0.057314361813618105,-0.2900740626886723,0.3802547770700637,-11.493670001187503,0.5002810193924833,0.28863199208429025,-0.0010949686891857356,-1.202754871174316,0.0,False,False,False,False,False
profit_volatility_8q,1572,1782,0.00217577242598447,0.00217577242598447,0.018518518518518517,0.012338234018949158,0.02314468153863415,0.06061430322619206,567,0.001713481186774205,0.03643657730695479,0.047026403504896334,0.5149911816578483,1.1197815185495874,0.5002811954311824,0.1110813791652925,,,0.003981134706064428,False,True,False,False,False
profitability_durability,1572,1782,0.0,0.0,0.0,0.03164196276790194,0.00638107650699238,0.17697665508360658,1570,0.006310876086500254,0.0858007484777932,0.07355269270329995,0.5318471337579618,2.914394930021073,0.5002805836139169,0.17788187869454827,-2.0223701125773896,2.2642412513865406,0.0,False,False,False,False,False
profitability_size_interaction,1572,1782,0.003686854407804365,0.003686854407804365,0.023007856341189674,0.08333313325468517,2.9144116297140897e-09,0.28867478804822067,1570,0.008165274582045376,0.09063583198352805,0.09008881369930287,0.5515923566878981,3.569609381344672,0.5002816219129079,0.28867478807246244,1.6726468565155825e-08,-1.2000299709354645,0.0,False,False,False,False,False
q_netprofit_margin,1572,1782,0.0021415026716129345,0.0021415026716129345,0.018518518518518517,0.08333313405551823,2.3194481797821728e-09,0.2886747894353059,1570,0.007715192035457822,0.11399171211263348,0.06768204365449444,0.5254777070063694,2.681780878856578,0.5002811857740032,0.2886747894524751,1.0180445007046707e-08,-1.200029803500203,0.0,False,False,False,False,False
q_netprofit_qoq,1572,1782,0.0021415026716129345,0.0021415026716129345,0.018518518518518517,0.08333313457482533,2.2576335670239842e-09,0.28867479033477333,1570,0.0038984353464260398,0.042784530289223376,0.09111787181190541,0.5522292993630573,3.6103839830056024,0.5002811857740032,0.2886747903517051,-2.2399390598254692e-10,-1.2000297925626309,0.0,False,False,False,False,False
q_ocf_to_sales,1572,1782,0.0021415026716129345,0.0021415026716129345,0.018518518518518517,0.08333313428165906,2.3088315756362544e-09,0.2886747898269938,1570,0.00481181802875906,0.07045807290230631,0.06829335277777027,0.5331210191082802,2.7060029181058733,0.5002811857740032,0.28867478984414086,2.9838684906264e-09,-1.2000297910167577,0.0,False,False,False,False,False
q_roe,1572,1782,0.0021415026716129345,0.0021415026716129345,0.018518518518518517,0.08333312872540342,5.8553487477597456e-09,0.288674780203265,1570,0.0047725218551814014,0.12841033068662416,0.03716618304510394,0.5165605095541401,1.4726440522282394,0.5002811857740032,0.2886747802295473,1.8205467213403772e-07,-1.2000300458755477,0.0,False,True,False,False,False
q_sales_qoq,1572,1782,0.0021415026716129345,0.0021415026716129345,0.018518518518518517,0.08333313444205778,2.228189050234892e-09,0.28867479010481284,1570,0.0018476452949403078,0.049899997019373594,0.03702696203013724,0.5184713375796178,1.4671276665561603,0.5002811857740032,0.288674790121515,4.587192381620362e-10,-1.2000297894675513,0.0,False,True,False,False,False
quality_bear_market_alpha,1572,1782,0.003691495103708844,0.003691495103708844,0.023007856341189674,0.08333313363858431,3.0115764999041866e-09,0.2886747887131543,1570,0.01874465522056292,0.15489448386560134,0.12101564079471842,0.5477707006369427,4.795030025726787,0.500281623224672,0.28867478873768154,4.237835888207878e-09,-1.2000299417561102,0.0,False,False,False,False,False
quality_composite,1572,1782,0.0021415026716129345,0.0021415026716129345,0.018518518518518517,0.04708645421997848,0.001902654958180735,0.21694883752791042,1570,0.0037313770298248714,0.13326938702751032,0.02799875585121898,0.5146496815286624,1.1094010171571802,0.5002811857740032,0.2170077047434912,-0.10231550491694999,-1.0207888365019953,0.0,False,True,False,False,False
quality_composite_golden,1572,1782,0.0021415026716129345,0.0021415026716129345,0.018518518518518517,0.08333312217605111,5.143858357611642e-09,0.2886747688594399,1570,0.0030113799995585494,0.11781433409048167,0.025560387221183145,0.5057324840764331,1.0127849870471086,0.5002811857740032,0.2886747688746923,1.4750872559335169e-08,-1.2000301367828072,0.0,False,True,False,False,False
quality_earnings_composite,1572,1782,0.0022328886832703627,0.0022328886832703627,0.018518518518518517,0.013679308132727486,0.024524713948723943,0.06524330251234015,586,0.002721884046926415,0.036966023917408886,0.07363204798567917,0.5341296928327645,1.7824431535034437,0.5002812115279552,0.11695116657206861,,,0.0037276437484407504,False,False,False,False,False
quality_growth_composite,1572,1782,0.00217577242598447,0.00217577242598447,0.018518518518518517,0.08333309946500672,8.063183946441189e-08,0.2886747295226709,1570,0.002834109942569176,0.08099147107668779,0.0349926962048345,0.5095541401273885,1.386523493008188,0.5002811954311824,0.28867472956161916,-9.670952739216675e-08,-1.2000347988762323,0.0,False,True,False,False,False
quality_growth_nonlinear,1572,1782,0.0037050602148142437,0.0037050602148142437,0.024130190796857465,0.08333313348246882,2.742958710434801e-09,0.288674788442754,1570,0.0017883679732801023,0.0601359253041388,0.02973876205006227,0.5203821656050955,1.1783456751667787,0.5002816270591292,0.2886747884669582,2.9664504760821127e-09,-1.2000299341953415,0.0,False,True,False,False,False
quality_growth_resonance,1572,1782,0.0021415026716129345,0.0021415026716129345,0.018518518518518517,0.08333309197045115,8.278300920752368e-09,0.2886747165417348,1570,0.0036256338657582143,0.11807469273911922,0.03070627398344276,0.510828025477707,1.2166816186889726,0.5002811857740032,0.28867471655440596,-1.6146906784926494e-07,-1.2000306940562404,0.0,False,True,False,False,False
quality_momentum_composite,1572,1782,0.003750753220642958,0.0037507532206429587,0.024691358024691357,0.08333302789124586,1.3897142893457944e-07,0.2886746055530135,1570,-0.02512932825779421,0.16702249869201302,-0.1504547498366212,0.445859872611465,-5.961502482175817,0.5002816399759639,0.288674605596102,2.548453135756255e-07,-1.200037421680844,0.0,False,False,False,False,False
quality_momentum_nonlinear,1572,1782,0.0037050602148142437,0.0037050602148142437,0.024130190796857465,0.08333313339061181,2.8746403153315706e-09,0.28867478828365284,1570,-0.010007390186055096,0.1484675517030493,-0.06740456127458025,0.4656050955414013,-2.670786131941543,0.5002816270591292,0.28867478830743665,1.0828105921523e-08,-1.200029956620853,0.0,False,False,False,False,True
quality_orthogonal_to_size,1572,1782,0.003686854407804365,0.003686854407804365,0.023007856341189674,0.08333313366456904,2.6427212401562324e-09,0.28867478875816127,1570,0.0065993380690357135,0.09722318123740205,0.0678782362914178,0.5363057324840764,2.6895546639532486,0.5002816219129079,0.28867478878182395,2.0474655680947223e-09,-1.2000299350705137,0.0,False,False,False,False,True
quality_price_divergence,1572,1782,0.0037050602148142437,0.0037050602148142437,0.024130190796857465,0.08333313355908116,2.7644738723610143e-09,0.28867478857545065,1570,0.02323251302615965,0.1416941891974989,0.16396235553299413,0.5598726114649681,6.4967173888146705,0.5002816270591292,0.28867478859965473,3.688563727070232e-09,-1.200029941693458,0.0,False,False,False,False,False
quality_turnover_divergence,1572,1782,0.0036911381271008074,0.0036911381271008074,0.023007856341189674,0.08333313362186553,2.6857454243228426e-09,0.28867478868419655,1570,-0.016717602613225618,0.13795226137393654,-0.12118396934364492,0.46878980891719746,-4.801699745781062,0.5002816231237666,0.2886747887080169,-1.7186166483406202e-10,-1.2000299341602427,0.0,False,False,False,False,False
quality_value_bias,1572,1782,0.006581220745766971,0.006581220745766971,0.026374859708193043,0.08333312989007395,3.4115547149612237e-09,0.28867478222053605,1570,-0.01263745191199281,0.14737486111886205,-0.08575039064362777,0.48471337579617835,-3.3977070662418183,0.5002824424298961,0.28867478224066667,-5.588884349151607e-09,-1.200030127004553,0.0,False,True,False,False,False
quality_value_garp,1572,1782,0.006581220745766971,0.006581220745766971,0.026374859708193043,0.08333313059424255,5.113699263787002e-09,0.28867478344019326,1570,0.019715989064460166,0.17058459538784956,0.11557895377148751,0.5273885350318471,4.579610949765415,0.5002824424298961,0.28867478346297687,-1.500075423157734e-09,-1.2000301748366045,0.0,False,False,False,False,False
quality_volatility_composite,1572,1782,0.0037121997469749804,0.00371219974697498,0.024130190796857465,0.043197580224480336,0.007318309660958318,0.2070966756865662,1570,0.025148652847051263,0.18537485871525616,0.1356637735092259,0.5617834394904458,5.375436291608077,0.5002311037360223,0.20786556924904084,-0.14258877520476151,-0.6502450165328342,0.0,False,False,False,False,False
quality_x_value,1572,1782,0.006581220745766971,0.006581220745766971,0.026374859708193043,0.08333312733686667,9.979647204487045e-09,0.2886747777982454,1570,0.019713942756983235,0.17057938358522706,0.11557048889869802,0.5273885350318471,4.579275544201944,0.5002824424298961,0.2886747778057894,-2.9411143878369497e-08,-1.2000302328771135,0.0,False,False,False,False,True
quick_ratio,1572,1782,0.0021415026716129345,0.0021415026716129345,0.018518518518518517,0.0833278192924125,1.7654067724582762e-06,0.2886655838215944,1570,-0.0019435463084545245,0.09885743643122923,-0.01966009213486498,0.5044585987261146,-0.7789962642527026,0.5002811857740032,0.2886655849182975,0.0003173640181629838,-1.2008540206605631,0.0,False,True,False,False,True
range_rv_ratio,1572,1782,0.0005718765260749993,0.0005718765260749993,0.005050505050505051,0.0833651671939654,0.00015666413132353876,0.2887301395661827,1570,0.011528327296406987,0.10723290136692275,0.107507370867082,0.5445859872611465,4.259788800102785,0.5000970765339613,0.2887308906409259,0.0003742279087058757,-1.2002023268563609,0.0,False,False,False,False,False
rd_expense_to_revenue,1572,1782,0.002572373437513387,0.002572373437513387,0.019079685746352413,0.08316564856666406,8.008926084988261e-05,0.2883845163584249,1570,-0.004791533042785362,0.17484329364830617,-0.027404728787730547,0.4910828025477707,-1.085863748860158,0.500281307241192,0.28838492939697813,0.009095475768819822,-1.2202195213226252,0.0,False,True,False,False,False
rd_intensity,1572,1782,0.002572373437513387,0.002572373437513387,0.019079685746352413,0.08316564856666406,8.008926084988261e-05,0.2883845163584249,1570,-0.004791533042785362,0.17484329364830617,-0.027404728787730547,0.4910828025477707,-1.085863748860158,0.500281307241192,0.28838492939697813,0.009095475768819822,-1.2202195213226252,0.0,False,True,False,False,True
rd_to_revenue,1572,1782,0.002572373437513387,0.002572373437513387,0.019079685746352413,0.05130005835948111,0.0010174156246687532,0.22648401758280307,1570,-0.0025979501446452046,0.06073194965416309,-0.04277732164765303,0.47579617834394905,-1.6949754624579143,0.500281307241192,0.22649981226188354,1.1288118435210779,-0.5731177484764918,0.0,False,True,False,False,False
rd_to_revenue_growth,1572,1782,0.003239919694542256,0.0032399196945422557,0.057800224466891134,0.006980143553449074,0.016506116871484726,0.038662806747598887,404,0.0004857143668646965,0.02936726664999055,0.016539311358241535,0.4975247524752475,0.33243604401863885,0.5002814956371757,0.08350579263510527,,,0.005024601075848173,False,True,False,False,False
realized_skewness_20,1572,1782,0.0015507063853119833,0.0015507063853119833,0.010101010101010102,0.08333313496998258,7.792718612495724e-10,0.28867479101920657,1570,0.015542274090795066,0.07972055564028291,0.19495943004869792,0.5840764331210191,7.724921462572524,0.5002810193924833,0.2886747910213047,-1.2924850576070173e-17,-1.2000297389586683,0.0,False,False,False,False,False
realized_spread_5min,1572,1782,0.0005690207132107047,0.0005690207132107047,0.0028058361391694723,0.0833686243281323,0.0003882766881589387,0.28873539676477633,1570,0.03893507543135504,0.17297021404907348,0.22509699514107526,0.6006369426751592,8.919069000619952,0.500049620017744,0.28873664405541155,0.0007339056091665348,-1.200881285516372,0.0,False,False,False,False,True
receivable_pressure,1572,1782,0.0021415026716129345,0.0021415026716129345,0.018518518518518517,0.08332427580050628,6.387090645670685e-07,0.2886594460593353,1570,0.0044882136097463094,0.15722779503497686,0.028545929864041295,0.510828025477707,1.1310818164617185,0.5002811857740032,0.28865944851546255,-0.0005259836358019158,-1.2013822471086153,0.0,False,True,False,False,False
rel_vol_first_hour,1572,1782,0.0005690207132107047,0.0005690207132107047,0.0028058361391694723,0.08347522474888198,0.00017071626311199306,0.2889206423291025,1570,-0.01016191825229408,0.09466052496669347,-0.10735117152445092,0.45987261146496816,-4.253599678324839,0.5006284862283443,0.28892136295610116,-0.00019643082041176588,-1.2005478585139224,0.0,False,False,False,False,False
rel_vol_last_hour,1572,1782,0.0005690207132107047,0.0005690207132107047,0.0028058361391694723,0.08338026925631653,9.94413866400233e-05,0.28875636722707676,1570,-0.006564951726435461,0.07955781824178129,-0.08251799598732275,0.46687898089171975,-3.2696291638302326,0.5002692740641332,0.2887567111242342,0.00010158784158293137,-1.2005079686092417,0.0,False,False,False,False,False
rel_vol_midday,1572,1782,0.0005690207132107047,0.0005690207132107047,0.0028058361391694723,0.08337358277613294,0.00012259290717717372,0.2887447622734629,1570,-0.014781521476086376,0.0798281289540316,-0.18516682865758005,0.410828025477707,-7.336907009300024,0.5003661666225155,0.28874523723099554,-0.0001549651186721788,-1.200204690605626,0.0,False,False,False,False,False
relative_spread,1572,1782,0.0005690207132107047,0.0005690207132107047,0.0028058361391694723,0.08336414109457663,0.00037066590102418,0.2887277164639373,1570,0.040027111399503455,0.16604870260299928,0.2410564537514216,0.5987261146496815,9.551434228192209,0.5002539878267085,0.28872886355687355,-0.0001880519577325821,-1.2003979575825428,0.0,False,False,False,False,True
residual_momentum_20,1572,1782,0.007990921370904408,0.007990921370904408,1.0,0.08333313491877066,8.375519390551535e-10,0.2886747909305048,1560,-0.02546500265501769,0.17182508649113493,-0.1482030544843143,0.44743589743589746,-5.853551636334115,0.500281044535663,0.28867479093292614,-2.2689625684022953e-17,-1.2000297468571615,0.0,False,False,False,False,True
residual_momentum_60,1572,1782,0.0015714110285781192,0.0015714110285781195,0.010101010101010102,0.08333313407237297,7.979765877389313e-10,0.28867478946449926,1570,-0.01840746228201031,0.11140269907389219,-0.16523353953750117,0.42738853503184715,-6.547085799292905,0.500281025220047,0.2886747894666844,-6.393373183180658e-09,-1.2000297054983708,0.0,False,False,False,False,False
ret_autocorr_5min,1572,1782,0.0005718765260749993,0.0005718765260749993,0.005050505050505051,0.0834314951422131,0.00016488419769600113,0.2888449648632814,1570,-0.02887003973181991,0.14562476439210803,-0.19824952062469733,0.4261146496815287,-7.855285463421301,0.5003343143812492,0.2888458894541041,-4.037293911813375e-05,-1.2004293592277462,0.0,False,False,False,False,False
ret_autocorr_abs,1572,1782,0.0005718765260749993,0.0005718765260749993,0.005050505050505051,0.08343949819158074,0.00015725205123105643,0.2888588308594157,1570,-0.02790961410332526,0.14495135707393048,-0.1925446899340883,0.42738853503184715,-7.6292416704577075,0.5002116149345629,0.2888596631330716,0.00020857329580898244,-1.2004569362034714,0.0,False,False,False,False,True
ret_kurt_20,1572,1782,0.0015507063853119833,0.0015507063853119833,0.010101010101010102,0.08333313496998258,7.792718673586529e-10,0.28867479101920657,1570,0.0005625193469310538,0.07116134603839329,0.00790484410774862,0.5159235668789809,0.31321542072104097,0.5002810193924833,0.2886747910213047,-1.874182112553615e-17,-1.2000297389586683,0.0,False,True,False,False,False
ret_kurt_intraday,1572,1782,0.0005718765260749993,0.0005718765260749993,0.005050505050505051,0.08347862948549623,0.00019869661383148968,0.2889264809460161,1570,0.028828676776795892,0.09239411144288408,0.31201855103739073,0.6312101910828025,12.363181411781204,0.4997742901900768,0.2889279224627754,0.0007062586294909483,-1.200635336210129,0.0,False,False,False,False,False
ret_range_20,1572,1782,0.0015507063853119833,0.0015507063853119833,0.010101010101010102,0.0833331349434188,8.877286476181939e-10,0.2886747909731967,1570,0.03579154151558975,0.1814897467260705,0.1972097165886253,0.5726114649681529,7.814085073611402,0.5002810193924833,0.28867479097534093,-6.833661960756659e-10,-1.2000297417325543,0.0,False,False,False,False,True
ret_skew_20,1572,1782,0.0015507063853119833,0.0015507063853119833,0.010101010101010102,0.08333313496998258,7.792718605811975e-10,0.28867479101920657,1570,-0.015542274090795066,0.07972055564028291,-0.19495943004869792,0.4159235668789809,-7.724921462572524,0.5002810193924833,0.2886747910213047,-1.3342968634839453e-17,-1.2000297389586683,0.0,False,False,False,False,True
ret_std_intraday,1572,1782,0.0005690207132107047,0.0005690207132107047,0.0028058361391694723,0.0833585431857814,0.00038790502287744356,0.2887179403702844,1570,0.04165949272791112,0.1660635242012313,0.25086479964997777,0.6165605095541401,9.940072529633516,0.5000364871749252,0.28871917475002695,0.0007516258038549714,-1.2006367513239458,0.0,False,False,False,False,False
retail_attention,1572,1782,0.0036140311797648525,0.003614031179764852,0.012345679012345678,0.08333313369957893,9.846686155411085e-10,0.28867478881880027,1570,-0.0024382645710196295,0.057759362141690286,-0.04221418797940132,0.4942675159235669,-1.6726622901271977,0.5002816013299035,0.2886747888215746,9.477067152966075e-10,-1.200029917973313,0.0,False,True,False,False,False
retained_earnings_ps,1572,1782,0.0021415026716129345,0.0021415026716129345,0.018518518518518517,0.08333313287317562,2.4693786772174384e-09,0.28867478738742597,1570,0.004440681947513084,0.12967347555864384,0.03424510624383488,0.5261146496815287,1.3569015673927554,0.5002811857740032,0.2886747874056042,1.0836786190192632e-08,-1.2000297838944456,0.0,False,True,False,False,False
retained_earnings_ratio,1572,1782,0.0021415026716129345,0.0021415026716129345,0.018518518518518517,0.08333313461857679,2.2296948497248904e-09,0.2886747904105531,1570,0.0047970134577443885,0.11132638772059507,0.043089635404176097,0.5261146496815287,1.7073503408632271,0.5002811857740032,0.2886747904273047,1.8256829548152517e-17,-1.2000297931773294,0.0,False,True,False,False,False
retained_earnings_to_assets,1572,1782,0.04696098674046087,0.04696098674046087,0.06228956228956229,0.08333312105148413,1.4649469690764304e-08,0.2886747669116293,1570,0.004095069556377459,0.11502703636875417,0.03560093075204917,0.524203821656051,1.4106237076368575,0.5002944093683608,0.28867476688167687,1.7049260013715622e-16,-1.2000317065212127,0.0,False,True,False,False,False
return_accel_nonoverlap_20_60,1572,1782,0.0017031353969437092,0.0017031353969437092,0.010101010101010102,0.0833331348748839,9.0713932332377e-10,0.2886747908544906,1570,-0.012185454689050797,0.1506537454906983,-0.0808838482532328,0.4535031847133758,-3.204878959641944,0.5002810623010706,0.28867479085732123,-3.882552847616021e-11,-1.200029752324552,0.0,False,False,False,False,False
return_asymmetry_intraday,1572,1782,0.0005690207132107047,0.0005690207132107047,0.0028058361391694723,0.08339749364165974,0.0003961090449452095,0.2887853531788472,1570,0.022430863112657348,0.10818545395432057,0.2073371446232355,0.6025477707006369,8.21536643848653,0.5001639767238605,0.2887864989409531,3.0026905346010136e-05,-1.2002034830437087,0.0,False,False,False,False,False
return_stability_60,1572,1782,0.00163887960749708,0.00163887960749708,0.010101010101010102,0.08333312304179735,1.9170552614186058e-08,0.28867477035895645,1570,-0.021648014940162632,0.17723154465938606,-0.1221453832147491,0.45222929936305734,-4.839794064406494,0.5002810442115441,0.2886747703643156,2.5818259215810767e-08,-1.200029446750909,0.0,False,False,False,False,True
revenue_growth_acceleration,1572,1782,0.0021871956774416486,0.0021871956774416486,0.018518518518518517,0.007693157819911616,0.01778459133491684,0.041391114454983814,426,0.009197450756507469,0.03368714620893645,0.27302552431905286,0.5751173708920188,5.63518332727956,0.5002811986503896,0.08770457124858573,,,0.004526249443085236,False,False,False,False,False
revenue_ps_rank,1572,1782,0.0021415026716129345,0.0021415026716129345,0.018518518518518517,0.08333313250932455,2.475758887868421e-09,0.2886747867572167,1570,-0.000784567198671205,0.0950300459466557,-0.00825599094323931,0.4949044585987261,-0.3271289909716254,0.5002811857740032,0.28867478677409586,4.760569983442012e-08,-1.2000298377055152,0.0,False,True,False,False,True
revenue_stability_8q,1572,1782,0.00217577242598447,0.00217577242598447,0.018518518518518517,0.012620968418972995,0.02314922765644669,0.06345685097929493,627,0.0022745130088067406,0.03602975664802155,0.06312873636718382,0.5231259968102073,1.5807415417404602,0.5002811954311824,0.11234473394846858,,,0.0046121979111132284,False,False,False,False,False
revenue_to_ev,1572,1782,0.003686854407804365,0.003686854407804365,0.023007856341189674,0.08333313372654869,2.6633774489635096e-09,0.2886747888655133,1570,0.008796635813191829,0.08710291881640482,0.10099128631651647,0.5273885350318471,4.001600512498397,0.5002816219129079,0.2886747888893545,-1.1381155815888484e-16,-1.200029930766126,0.0,False,False,False,False,False
reversal_1,1572,1782,0.0015499924320959097,0.0015499924320959097,0.010101010101010102,0.08332635024036078,8.026688729006839e-06,0.2886630389347407,1570,0.021988034160774116,0.14849836727086338,0.148069198098775,0.5700636942675159,5.866979227695834,0.5002810191915371,0.28866303973684543,-1.996906310484238e-05,-1.199856410258038,0.0,False,False,False,False,False
reversal_10,1572,1782,0.0015557040578244989,0.0015557040578244989,0.010101010101010102,0.08333294928597612,2.518871093711228e-07,0.2886744694041816,1570,0.02650314586714662,0.16225543019319824,0.1633421194938697,0.5617834394904458,6.472141636365577,0.5002810207991145,0.28867446943151115,-9.454718824876176e-07,-1.200025327560812,0.0,False,False,False,False,True
reversal_20,1572,1782,0.0015642714964173828,0.0015642714964173828,0.010101010101010102,0.08333307969604448,7.927245758964761e-08,0.288674695281775,1570,0.02625554761022795,0.1717295628349561,0.1528889212596513,0.5579617834394904,6.0579522054061785,0.500281023210515,0.28867469529525935,-2.2215123583328798e-07,-1.2000284716150111,0.0,False,False,False,False,True
reversal_3,1572,1782,0.00155106336192002,0.0015510633619200203,0.010662177328843996,0.08333198756313781,1.4472147580935875e-06,0.28867280363216463,1570,0.022928850725787375,0.1587879174024218,0.14439921563854247,0.5713375796178344,5.7215626850477905,0.5002810194929564,0.28867280361281394,-2.2840413019349332e-06,-1.2000007614776165,0.0,False,False,False,False,True
reversal_5,1572,1782,0.0015517773151360937,0.0015517773151360937,0.010101010101010102,0.08333259916528805,7.000195154419506e-07,0.28867386297311004,1570,0.025589065002718278,0.16144435342766444,0.1585008361050145,0.5630573248407643,6.280314372879929,0.500281019693903,0.28867386295087183,-1.4856885363028375e-06,-1.2000160821813164,0.0,False,False,False,False,True
reversal_5_vol_adj,1572,1782,0.0015549901046084252,0.0015549901046084252,0.010101010101010102,0.0833326031788613,6.999049564116762e-07,0.2886738699248543,1570,0.02274128115051964,0.15444366904446916,0.14724644455300862,0.5560509554140127,5.834379078410874,0.5002810205981663,0.2886738699007853,-1.4808542731912125e-06,-1.200016107039698,0.0,False,False,False,False,False
reversal_vol_coupling,1572,1782,0.0015549901046084252,0.0015549901046084252,0.010101010101010102,0.08333313424075203,2.055486952033916e-09,0.2886747897561407,1570,0.000870471735508561,0.1751449606629192,0.004970007314020613,0.5031847133757962,0.19692772060130814,0.5002810205981663,0.28867478975875105,3.756132401630884e-08,-1.200029836192265,0.0,False,True,False,False,False
reversal_with_volume_confirmation,1572,1782,0.0015521342917441305,0.0015521342917441305,0.010101010101010102,0.08333313360000616,2.992992661100068e-09,0.2886747886463349,1570,0.023482155070774082,0.13363167367953552,0.17572297363488132,0.5687898089171974,6.962711012029995,0.5002810197943764,0.28867478864850693,-8.578873376898053e-09,-1.2000298363263617,0.0,False,False,False,False,False
rjump_5min,1572,1782,0.0005690207132107047,0.0005690207132107047,0.0028058361391694723,0.033195686162072725,0.010743943800401065,0.17927755852567734,1570,-0.018960609668344525,0.11155319262397272,-0.1699692247469563,0.45222929936305734,-6.734728922302494,0.5002744735940055,0.18219812066469457,-2.1315771556462018,4.257591260023506,0.0005665746278024083,False,False,False,False,False
rjump_daily,1572,1782,0.0005690207132107047,0.0005690207132107047,0.0028058361391694723,0.08326225351405338,0.0005779861634449522,0.2885500034815139,1570,-0.0020272853993008725,0.1094239970497946,-0.018526881250538984,0.5076433121019108,-0.7340947938300404,0.5002734733456436,0.2885523937894143,-0.004756839403156431,-1.2099170064700562,0.0,False,True,False,False,False
roa,1572,1782,0.0021415026716129345,0.0021415026716129345,0.018518518518518517,0.08332555164829548,2.36362159745094e-07,0.2886616560060028,1570,0.0018856597311456968,0.11688250654281022,0.01613295083174009,0.5089171974522293,0.6392395489851742,0.5002811857740032,0.2886616556434802,0.00033909075386698924,-1.200552065941611,0.0,False,True,False,False,True
roa2_yearly,1572,1782,0.0021415026716129345,0.0021415026716129345,0.018518518518518517,0.08332555188637293,2.364777943141629e-07,0.288661656418384,1570,0.002252966768083074,0.1225124704155734,0.018389693395625822,0.5101910828025478,0.7286589685172651,0.5002811857740032,0.2886616560564007,0.0003390847601506114,-1.200552069993197,0.0,False,True,False,False,True
roa_neutral,1572,1782,0.0021415026716129345,0.0021415026716129345,0.018518518518518517,0.08330799066252782,2.1634520568879784e-06,0.28863123643930444,1570,0.0029723675841984657,0.08780544835556482,0.033851744280855744,0.5191082802547771,1.341315297625665,0.5002811857740032,0.28863123655615774,-0.0010275618257365852,-1.202535788670493,0.0,False,True,False,False,False
roa_stability_8q,1572,1782,0.00217577242598447,0.00217577242598447,0.018518518518518517,0.012086741278321055,0.02272377219759198,0.06010118179969843,570,0.0019487424177900407,0.03773622728495146,0.051641156469480046,0.531578947368421,1.2329157123088477,0.5002811954311823,0.10994355185480838,,,0.004086873583377632,False,False,False,False,False
roa_stability_8q_ext,1572,1782,0.04755356790980201,0.04755356790980201,0.09708193041526375,0.012281868922796188,0.023042457394822705,0.060614148276890614,568,-0.00046979810557398397,0.034547255424487354,-0.013598709935174404,0.45598591549295775,-0.32409466203529835,0.5002945925402871,0.110801877670577,,,0.0020890620792089866,False,True,False,False,False
roe,1572,1782,0.0021415026716129345,0.0021415026716129345,0.018518518518518517,0.08333313081033206,4.54249302316747e-09,0.28867478381447176,1570,0.003635799083992862,0.13062482462031086,0.0278339059559398,0.5101910828025478,1.102869132580851,0.5002811857740032,0.2886747838384118,1.333300005165036e-07,-1.2000299884606613,0.0,False,True,False,False,True
roe_acceleration_4q,1572,1782,0.00217577242598447,0.00217577242598447,0.018518518518518517,0.006062884725000114,0.015246216295049275,0.03546874890065126,414,0.0030343893085910288,0.03955186927864719,0.07671923891165366,0.5,1.5610055830591782,0.5002811954311824,0.07785973774739131,,,0.005331048643374945,False,True,False,False,False
roe_dt,1572,1782,0.0021415026716129345,0.0021415026716129345,0.018518518518518517,0.0833331305676485,4.728425171243202e-09,0.288674783394131,1570,0.004842195477967971,0.13582282221455863,0.03565082361724732,0.510828025477707,1.4126006238860598,0.5002811857740032,0.28867478341757297,1.2181848733529453e-07,-1.200029917019086,0.0,False,True,False,False,False
roe_dt_neutral,1572,1782,0.0021415026716129345,0.0021415026716129345,0.018518518518518517,0.08330863014688035,3.977955807338895e-07,0.2886323442485362,1570,0.003439432216591266,0.09730266790774542,0.03534776887980358,0.5184713375796178,1.40059261768175,0.5002811857740032,0.2886323468174799,-0.0010980737698297993,-1.202761458127288,0.0,False,True,False,False,False
roe_factor_momentum_60,1572,1782,0.04028802300642843,0.04028802300642844,1.0,0.07785925354427226,0.019334409890343702,0.27160284137779844,1437,-1.0939403972959388e-05,0.05063858208112671,-0.00021602903405616025,0.5142658315935977,-0.008189181710578688,0.500281203446602,0.27901949261357384,,,0.0,False,True,False,False,False
roe_momentum_4q,1572,1782,0.0021871956774416486,0.0021871956774416486,0.018518518518518517,0.007705180376003664,0.017747953956956965,0.0421780843618324,452,0.0008687928135089689,0.042139898564107,0.020616870071181667,0.497787610619469,0.43832067011773224,0.5002811986503896,0.08777304087732216,,,0.005288184745215559,False,True,False,False,False
roe_neutral,1572,1782,0.0021415026716129345,0.0021415026716129345,0.018518518518518517,0.08330862628053763,3.958517840184245e-07,0.28863233755084927,1570,0.0027763068553914943,0.0941052206670071,0.029502155520313825,0.5121019108280255,1.1689705612808692,0.5002811857740032,0.28863234010859595,-0.0010979958769474127,-1.202761398594113,0.0,False,True,False,False,False
roe_size_neutral,1572,1782,0.003686854407804365,0.003686854407804365,0.023007856341189674,0.08333192966675462,5.751114490098036e-07,0.288672703361025,1570,0.007688861886052131,0.0930098175772511,0.08266720746620106,0.5420382165605095,3.2755414039068547,0.5002816219129079,0.2886727000188839,-1.3822457425452316e-07,-1.200066031683615,0.0,False,False,False,False,False
roe_stability_8q,1572,1782,0.00217577242598447,0.00217577242598447,0.018518518518518517,0.012337860568296832,0.02314305627263078,0.060585821525305415,566,0.0017888799663023992,0.03631379681516754,0.04926171657035929,0.5335689045936396,1.171973405506055,0.5002811954311824,0.11107936909036234,,,0.0039943742588603535,False,True,False,False,False
roe_stability_8q_neutral,1572,1782,0.00217577242598447,0.00217577242598447,0.018518518518518517,0.08324698794527766,2.717080620870193e-05,0.28852553739457015,1570,0.0005103002109408733,0.1055117305485884,0.0048364310611499145,0.5044585987261146,0.19163499861072203,0.5002811954311824,0.28852555624806986,0.0008052823904490462,-1.2029230640561026,0.0,False,True,False,False,False
roe_turnover_interaction,1572,1782,0.0036911381271008074,0.0036911381271008074,0.023007856341189674,0.08333313362186553,2.6857454243228426e-09,0.28867478868419655,1570,-0.016717602613225618,0.13795226137393654,-0.12118396934364492,0.46878980891719746,-4.801699745781062,0.5002816231237666,0.2886747887080169,-1.7186166483406202e-10,-1.2000299341602427,0.0,False,False,False,False,True
roe_waa,1572,1782,0.0021415026716129345,0.0021415026716129345,0.018518518518518517,0.08333297575498336,7.96108668764426e-08,0.2886745152502457,1570,0.0037750836197319613,0.13136111120806773,0.028738213197302104,0.5095541401273885,1.1387007023377718,0.5002811857740032,0.2886745152449955,1.2626850555441821e-06,-1.2000290901178585,0.0,False,True,False,False,False
roic,1572,1782,0.0021415026716129345,0.0021415026716129345,0.018518518518518517,0.08332539052017784,2.7277608694904073e-07,0.28866137691065397,1570,0.0012385813485314148,0.11506900927924847,0.010763813439339139,0.5121019108280255,0.42649700727945283,0.5002811857740032,0.2886613778419222,0.00034018365508360165,-1.2005336268855757,0.0,False,True,False,False,True
roll_spread_20,1572,1782,0.0015517773151360937,0.0015517773151360937,0.010101010101010102,0.07545160086965536,0.008823597201544438,0.2740663252696221,1570,0.011511268111992452,0.08316478477850336,0.13841517347337515,0.5547770700636943,5.484455632862146,0.500281019693903,0.27468423687832894,-0.3082309704669764,-1.2937298953929268,0.0,False,False,False,False,False
rq_intraday,1572,1782,0.0005718765260749993,0.0005718765260749993,0.005050505050505051,0.08347163572683339,0.00019593292429342937,0.2889143833109478,1570,0.02882421138122548,0.09239047674202018,0.31198249427493124,0.6312101910828025,12.36175272655103,0.49975675911402995,0.28891581315845544,0.000684857155161262,-1.2006108279716587,0.0,False,False,False,False,True
rsi_14,1572,1782,0.0016174610110148702,0.0016174610110148702,0.010101010101010102,0.0833330257534389,1.3728815692696966e-07,0.28867460185021876,1570,0.022872849510530664,0.15605698685166344,0.14656728911645558,0.5496815286624204,5.807468749390417,0.5002810381822193,0.2886746018581521,-5.028789015130807e-07,-1.2000273029970465,0.0,False,False,False,False,False
rsi_divergence_14,1572,1782,0.0015457087127994677,0.0015457087127994677,0.010101010101010102,0.0456435276808864,0.010620413485262725,0.21185301571540405,1569,0.007647962033003472,0.08847642717789207,0.08644067439145527,0.538559592096877,3.423967378193403,0.5002810179858661,0.21364473760678093,,,0.00014941063138410436,False,False,False,False,False
rsv_5min,1572,1782,0.0005690207132107047,0.0005690207132107047,0.0028058361391694723,0.08338697417566522,0.0003940306011883222,0.288767147811278,1570,0.030553035405941623,0.170796803429698,0.17888528820457472,0.5847133757961783,7.088012115365846,0.5003088950977665,0.2887683959763893,3.5562029620987835e-05,-1.200571742375277,0.0,False,False,False,False,False
rv_10min,1572,1782,0.0005690207132107047,0.0005690207132107047,0.0028058361391694723,0.08340136145310315,0.0003935524894421468,0.2887920601876776,1570,0.042833466224590944,0.17091411238830168,0.25061398164287985,0.6031847133757962,9.930134311175728,0.5002614138138973,0.28879336779937803,0.000152737428468718,-1.2008422289748732,0.0,False,False,False,False,True
rv_15min,1572,1782,0.0005690207132107047,0.0005690207132107047,0.0028058361391694723,0.08340061833521156,0.00039290634268191864,0.2887907762301347,1570,0.042514814223774025,0.1715255745873534,0.24786282935389534,0.6063694267515923,9.821124783610564,0.5002643099757811,0.2887920847838564,0.0001796313107513645,-1.2008524679339112,0.0,False,False,False,False,True
rv_30min,1572,1782,0.0005690207132107047,0.0005690207132107047,0.0028058361391694723,0.08340828920407954,0.00039371370019948896,0.2888040536260133,1570,0.040449370847952935,0.1687465874531129,0.23970482282607342,0.6057324840764331,9.497878251227716,0.5002671785500314,0.288805423217067,0.0002370903026755889,-1.2007678929501722,0.0,False,False,False,False,True
rv_5min,1572,1782,0.0005690207132107047,0.0005690207132107047,0.0028058361391694723,0.08339944670926405,0.0003935033749049176,0.2887887452847973,1570,0.041644711511876764,0.1664989795602129,0.25011992038555597,0.6127388535031847,9.910558010559884,0.5002524886660797,0.28879003535454184,0.00017321245779744018,-1.2007268941807645,0.0,False,False,False,False,True
rv_60min,1572,1782,0.0005690207132107047,0.0005690207132107047,0.0028058361391694723,0.0834200772641019,0.0003980430486282651,0.2888244434939057,1570,0.03618351888234996,0.16188021843930647,0.2235203240469817,0.6006369426751592,8.856596206299928,0.500305507522656,0.2888257834511782,0.00013466424053818553,-1.2005419257984595,0.0,False,False,False,False,False
rv_daily,1572,1782,0.0005690207132107047,0.0005690207132107047,0.0028058361391694723,0.08337112764525811,0.00038957844662646597,0.2887397264271874,1570,0.030906633814638672,0.14596631515776368,0.21173812452026405,0.589171974522293,8.38974745742167,0.5002939322369787,0.28874093059693834,6.7392221104807e-05,-1.2002312844652778,0.0,False,False,False,False,True
rv_hourly_1,1572,1782,0.0005690207132107047,0.0005690207132107047,0.0028058361391694723,0.08333291641391005,0.00040089021948085037,0.2886734955615691,1570,0.03507964719656941,0.15266635053521282,0.22977982426113092,0.5987261146496815,9.104617794879566,0.5001876344342754,0.28867472063833705,-4.200644624261817e-05,-1.2002756867531383,0.0,False,False,False,False,False
rv_hourly_4,1572,1782,0.0005690207132107047,0.0005690207132107047,0.0028058361391694723,0.08330578944423728,0.001137016987378396,0.2886184124764224,1570,0.006323737234370531,0.12648995949732397,0.04999398576378164,0.5477707006369427,1.980922972177931,0.5001862426326872,0.28862778823613716,-0.0007798911996077334,-1.1987473301578282,0.0,False,True,False,False,False
rv_hourly_dispersion,1572,1782,0.0005718765260749993,0.0005718765260749993,0.005050505050505051,0.08346332837226761,0.00019359974578941842,0.28890001096058743,1570,0.03464782094973906,0.13561035385702902,0.25549539518396575,0.5923566878980892,10.123551660733055,0.49983081203393964,0.28890155669783113,-0.00015481580468208387,-1.2002074896780872,0.0,False,False,False,False,False
rv_rolling_5d_std,1572,1782,0.0005704486196428521,0.0005704486196428521,0.0028058361391694723,0.08334452966453706,0.00010438113625254548,0.2886944700452392,1570,0.04395732787154417,0.14346272742499858,0.30640242703126347,0.6222929936305732,12.140652463781283,0.5001119640022313,0.2886948828188798,0.000625754595657865,-1.2000191969235738,0.0,False,False,False,False,False
rv_semi_down,1572,1782,0.0005690207132107047,0.0005690207132107047,0.0028058361391694723,0.08336409502053106,0.0003909229237181587,0.28872754261757794,1570,0.02367418788961535,0.14500405586643128,0.16326569452252107,0.5789808917197452,6.469113432491058,0.5003115681316184,0.2887287440361427,0.00011794932594960545,-1.2001747297050458,0.0,False,False,False,False,True
rv_semi_up,1572,1782,0.0005690207132107047,0.0005690207132107047,0.0028058361391694723,0.08337217191142937,0.0004053022744139233,0.2887414602941418,1570,-0.0331168848233814,0.14241007603982672,-0.23254593877275828,0.4121019108280255,-9.214220173966673,0.5002727259450673,0.2887427257515238,7.155250116154008e-05,-1.20015086470011,0.0,False,False,False,False,False
rv_skew_intraday,1572,1782,0.0005690207132107047,0.0005690207132107047,0.0028058361391694723,0.08334204019654337,0.0003903404221953662,0.28868934949747066,1570,-0.025507498969549208,0.10555577835515556,-0.24164948018028962,0.38471337579617837,-9.57493184811801,0.5003880041596325,0.2886906364641847,-0.00027071956292066933,-1.199698966073255,0.0,False,False,False,False,False
rv_term_structure_slope,1572,1782,0.0005718765260749993,0.0005718765260749993,0.005050505050505051,0.0834593017832948,0.00018876305932875092,0.28889305117111685,1570,-0.004841466282521229,0.09912206250239322,-0.048843478034008174,0.49363057324840764,-1.9353361449474515,0.5000648025276381,0.28889399983111547,-3.945251610323176e-05,-1.2005879841929483,0.0,False,True,False,False,False
rv_trend_5d,1572,1782,0.0005765172219794781,0.0005765172219794781,0.003367003367003367,0.08337206175872092,0.00010888814326479596,0.288742144833607,1570,0.018341657937860852,0.10631167522292721,0.1725272214871964,0.5796178343949044,6.836085004000802,0.5001916481856455,0.2887426378510031,0.00041191877479814637,-1.2005168404626594,0.0,False,False,False,False,False
salescash_to_or,1572,1782,0.0021415026716129345,0.0021415026716129345,0.018518518518518517,0.08332491560967492,2.749076396417665e-07,0.28866055430115173,1570,-0.00218933768283024,0.05717599687671578,-0.038291202644895564,0.48853503184713376,-1.5172209575365607,0.5002811857740032,0.2886605548023973,0.0004872632281196826,-1.2012853200323057,0.0,False,True,False,False,True
sector_advance_decline_20,1572,1782,0.0,0.0,0.0,0.08622134048480655,0.008062129913575562,0.2933080104112696,1570,0.001706180077688426,0.12203882065365941,0.013980633937216479,0.5121019108280255,0.5539578112994934,0.5083444384585165,0.29563486404367073,0.0088298545974228,-1.2331234810114824,0.0,False,True,False,False,False
sector_alpha_20,1572,1782,0.0,0.0,0.0,0.08335024902635459,0.0077247594340806415,0.28839607990666943,1570,-0.004973629455643476,0.1495167567914722,-0.033264695960333664,0.49171974522292994,-1.3180545496349911,0.4947284306740125,0.2918809163694156,0.014896549860630841,-1.1966627638740122,0.0,False,True,False,False,False
sector_amount_flow_5d,1572,1782,0.0,0.0,0.0,0.08604820129388817,0.007662539633216024,0.29304457708439846,1570,-0.007283560879359635,0.12851607411308133,-0.05667431820980485,0.4732484076433121,-2.2456192911839628,0.49105460385631017,0.2954895039336516,0.01884841581211111,-1.2153170030640958,0.0,False,False,False,False,False
sector_amount_momentum_5d,1572,1782,0.0,0.0,0.0,0.08768296626934519,0.005277139683303214,0.295978705623791,1570,-0.01099094201757241,0.12843620080477824,-0.08557511004454682,0.4585987261146497,-3.3907618835364994,0.4946479273476781,0.29790499584300134,0.01661526950472462,-1.2194342798071214,0.0,False,False,False,False,False
sector_amount_rank,1572,1782,0.0015457087127994677,0.0015457087127994677,0.010101010101010102,0.08333313491634771,1.149649949543737e-09,0.2886747909263081,1570,-0.03840955762706482,0.12579167292961357,-0.305342609192874,0.37070063694267513,-12.0986590625688,0.5002810179858661,0.2886747909283801,-3.1362230299392587e-09,-1.2000297469936418,0.0,False,False,False,False,False
sector_beta_60,1572,1782,0.0,0.0,0.0,0.08430408493198566,0.007881274806545633,0.2900382231522672,1570,-0.00013240471346732737,0.17102009793607814,-0.0007742055762172235,0.5082802547770701,-0.03067652213934907,0.46153687888040784,0.2911590198656358,0.1187320019459182,-1.2082513703322242,0.0,False,True,False,False,False
sector_beta_change_20,1572,1782,0.0,0.0,0.0,0.08311823227269617,0.007559375869081411,0.2880069607785306,1570,-0.0018716350951085469,0.14379452366581746,-0.013016038771116761,0.4929936305732484,-0.5157374395050327,0.4973130888325887,0.29167067942573843,0.003287620295004551,-1.1888058613420611,0.0,False,True,False,False,False
sector_breadth_20,1572,1782,0.0015457087127994677,0.0015457087127994677,0.010101010101010102,0.08265538468613012,0.0035216649485018884,0.2874146932545041,1570,-0.007755980170910188,0.15354724622909402,-0.0505120108721337,0.49171974522292994,-2.0014487978672073,0.5002810179858661,0.287498567204195,-0.016581101820985353,-1.2099674809392853,0.0,False,True,False,False,False
sector_cipin_concentration,1572,1782,0.0,0.0,0.0,0.08303662354460949,0.0074340580484196376,0.28787275270697715,1570,-0.0008500931614868928,0.14278141371719558,-0.005953808267865004,0.5050955414012739,-0.2359090876547179,0.4987387415928862,0.29155074890796095,0.004735374049365105,-1.1902149415412553,0.0,False,True,False,False,False
sector_composite_rank,1572,1782,0.003686854407804365,0.003686854407804365,0.023007856341189674,0.08332946113218664,1.0695948350901826e-06,0.2886684276618321,1570,-0.01680484534372775,0.13404393801718975,-0.12536818592701077,0.44012738853503186,-4.967491903056147,0.5002816219129079,0.2886684237539532,-3.0009033837683805e-05,-1.2000374891009562,0.0,False,False,False,False,False
sector_concentration_risk,1572,1782,0.0015460656894075045,0.0015460656894075045,0.010101010101010102,0.08328074855990811,1.9888436125520603e-07,0.28858404072261057,1570,-0.0011168675469264435,0.12242212813249344,-0.009123085539876374,0.48471337579617835,-0.3614860757146881,0.5002810180863383,0.2885840408213296,-0.0019243901205555562,-1.2035739501016152,0.0,False,True,False,False,False
sector_corr_stability_60,1572,1782,0.0,0.0,0.0,0.0871940733715543,0.0054366078604006765,0.2951386958766725,1570,-0.001737088187161883,0.11517901466342444,-0.015081637850766423,0.5019108280254777,-0.5975831376560276,0.47291467707852697,0.29585490522362845,0.06772731550538715,-1.33578582913923,0.0,False,True,False,False,False
sector_corr_to_leader_20,1572,1782,0.0,0.0,0.0,0.08503985567114675,0.0073862694282332665,0.29133988162510566,1570,-0.0019624478110529062,0.1503020333644576,-0.013056695023508395,0.49171974522292994,-0.517348371362032,0.49815744314279586,0.2946136807933001,-0.016497998793763725,-1.2172365369952158,0.0,False,True,False,False,False
sector_corr_to_market_20,1572,1782,0.0,0.0,0.0,0.0878299315997365,0.005505744681479237,0.2962116235735836,1570,0.0047109208004687785,0.10998147870750892,0.0428337648832425,0.513375796178344,1.6972119255103209,0.4784008177395859,0.29684616858649915,0.016914715946317698,-1.3446144710804517,0.0,False,True,False,False,False
sector_diversification,1572,1782,0.0,0.0,0.0,4.83226608254446e-28,0.0,2.19824158875781e-14,0,,,,,,0.5002805836139169,0.0,,,0.0,False,False,False,False,True
sector_earnings_consistency,1572,1782,0.0,0.0,0.0,0.08325101486138142,1.8750645848109956e-05,0.2885325177607353,1570,0.00540439127403963,0.09006158251096011,0.06000773163609399,0.532484076433121,2.3776998830996052,0.5002805836139169,0.28853251959074117,-0.0005505244205965711,-1.2012698080188688,0.0,False,False,False,False,False
sector_eps_leadership,1572,1782,0.0021415026716129345,0.0021415026716129345,0.018518518518518517,0.08330862628053763,3.958517840184245e-07,0.28863233755084927,1570,0.0027763068553914943,0.0941052206670071,0.029502155520313825,0.5121019108280255,1.1689705612808692,0.5002811857740032,0.28863234010859595,-0.0010979958769474127,-1.202761398594113,0.0,False,True,False,False,True
sector_fund_flow_heat_5d,1572,1782,0.0,0.0,0.0,0.08108552790110861,0.008170004721684956,0.28439746641707164,1570,0.0012080882677098902,0.14110526614792576,0.008561610070905558,0.5070063694267516,0.33923860658802296,0.5264740858243159,0.2873823524810336,-0.0665738785709507,-1.220431921939984,0.0,False,True,False,False,False
sector_leader_gap,1572,1782,0.0016163900811907597,0.0016163900811907597,0.017957351290684626,0.08331405744929424,1.0370090899037784e-07,0.28864174585333624,1570,-0.004639110929306333,0.12405984197306755,-0.03739413863120549,0.46878980891719746,-1.4816763878231336,0.5002810378807598,0.2886417460713635,-0.0011167654023014897,-1.2028379639872373,0.0,False,True,False,False,False
sector_leader_laggard_spread,1572,1782,0.0004940556255229707,0.0004940556255229707,0.24242424242424243,0.083327950042804,2.979755569646304e-07,0.28866581031105437,1570,-0.010766209137435347,0.14795559675660983,-0.07276648787504804,0.4770700636942675,-2.883242958812375,0.5002807223063516,0.2886658131443978,2.6939797127397175e-05,-1.2002286866254332,0.0,False,False,False,False,False
sector_margin_trend_5d,1572,1782,0.0,0.0,0.0,0.08540759083438104,0.007705454381806311,0.29194434860601515,1570,-0.009269314928127352,0.13196426754385024,-0.07024109708370307,0.46305732484076434,-2.7831788299801823,0.4915510087129723,0.29447396361473216,0.020600642723657286,-1.2148816227564556,0.0,False,False,False,False,False
sector_mc_share_change_20,1572,1782,0.0,0.0,0.0,0.0825309109965993,0.007579561756473728,0.28698092884336224,1570,-0.002419876681701578,0.14983016775614544,-0.016150797385744264,0.5044585987261146,-0.6399466870190993,0.49776065780105283,0.2910594662774285,0.007648115710418862,-1.2034560991396288,0.0,False,True,False,False,False
sector_momentum_coupling,1572,1782,0.0015646284730254196,0.0015646284730254194,0.010101010101010102,0.08333313457792726,2.0306090548883706e-09,0.288674790340146,1570,-0.020022010192184348,0.16090939093417353,-0.12443033980766952,0.43121019108280256,-4.930331414773636,0.5002810233109909,0.28867479034246857,1.064698083188684e-08,-1.200029773591469,0.0,False,False,False,False,False
sector_momentum_dispersion,1572,1782,0.003875338056847811,0.003875338056847811,0.020202020202020204,0.08327997002523622,7.234998511871645e-07,0.2885826918296813,1570,0.013081954141890827,0.14412303788139952,0.09076934773367819,0.535031847133758,3.5965743348575328,0.5002816752005412,0.288582692072469,0.0008777814323703936,-1.2009416799102173,0.0,False,False,False,False,True
sector_momentum_reversal_5d,1572,1782,0.0,0.0,0.0,0.08348810237369406,0.007895319622416574,0.28862023794181996,1570,-0.0035094731727137807,0.13984579632341076,-0.025095306866412263,0.48471337579617835,-0.9943570032686729,0.4920835024099612,0.29177579972494555,0.030575096573842917,-1.2018024046518268,0.0,False,True,False,False,False
sector_momentum_rotation,1572,1782,0.06997491168398717,0.06997491168398716,1.0,0.08676359206116806,0.005637502496896423,0.29440122278877506,1517,-0.011685746246579127,0.15827663991564753,-0.07383114939012458,0.4831905075807515,-2.8756261208552263,0.49486762883481816,0.298798831747181,0.02319348577954286,-1.1888322004329,0.0,False,True,False,False,True
sector_multi_dimension_score,1572,1782,0.0,0.0,0.0,0.08252069865695995,0.007546631377667022,0.2869625301379983,1570,-0.0028194437307480003,0.13389646166716188,-0.02105689497424165,0.49872611464968153,-0.8343420981535703,0.5091624944149317,0.2896732552931773,-0.014370056903927056,-1.2035882087915206,0.0,False,True,False,False,False
sector_mv_rank,1572,1782,0.0015460656894075045,0.0015460656894075045,0.010101010101010102,0.08333313496398731,7.797543809470163e-10,0.2886747910088224,1570,-0.008012153329882804,0.1517110828691945,-0.05281191840671848,0.4694267515923567,-2.092578552767539,0.5002810180863383,0.2886747910109186,-5.150532169308643e-11,-1.200029738706311,0.0,False,False,False,False,False
sector_neutral_momentum,1572,1782,0.0015917586952362186,0.0015917586952362186,0.010101010101010102,0.08333313044516646,5.005671705159329e-09,0.28867478318198553,1570,-0.0229771573931693,0.12177136698359578,-0.18869097031870086,0.4229299363057325,-7.476544869075967,0.5002810309473711,0.2886747831837671,2.1129014739670894e-08,-1.2000299487248165,0.0,False,False,False,False,False
sector_neutral_quality_momentum,1572,1782,0.0037325474136330793,0.0037325474136330797,0.024691358024691357,0.08333313250933277,3.038902164554499e-09,0.2886747867572309,1570,-0.009198222122812875,0.11239004856985312,-0.08184196234327597,0.45414012738853504,-3.242842530298253,0.5002816348292706,0.2886747867829092,-4.853569943757524e-09,-1.200029924879677,0.0,False,False,False,False,False
sector_new_high_ratio_20,1572,1782,0.0,0.0,0.0,0.07961151487575832,0.003082733663030975,0.28210274251375644,1570,-0.007957821008356222,0.13216495642138126,-0.06021127857057901,0.4726114649681529,-2.3857650691870464,0.43857369415723146,0.28237134777378103,0.19598140834896324,-1.1239767258338058,0.0,False,False,False,False,False
sector_new_low_ratio_20,1572,1782,0.0,0.0,0.0,0.07895181811892862,0.0030090566717755696,0.28093335661826185,1570,-0.006786503754608857,0.12821136050991863,-0.05293215614917247,0.48280254777070064,-2.0973427599518852,0.4384124056115011,0.28113000274756017,0.19583994220666776,-1.1183663985227852,0.0,False,True,False,False,False
sector_pe_expansion_20,1572,1782,0.0,0.0,0.0,0.08503082115634762,0.007698181573839787,0.2912984582242367,1570,-0.004446784903651001,0.13441813693781277,-0.0330817329041561,0.4961783439490446,-1.3108049631996446,0.49580566010068183,0.29409016520807046,0.013646768562626001,-1.2081448175437783,0.0,False,True,False,False,False
sector_rel_strength_20d,1572,1782,0.06865088544477857,0.06865088544477857,1.0,0.08638524848378668,0.005430067021515199,0.29376902399118743,1520,-0.011609101664234558,0.17463324237877323,-0.06647704358059638,0.5026315789473684,-2.5917522897239027,0.49235944766801776,0.29834313737301893,0.03731328678544714,-1.1822796289211193,0.0,False,True,False,False,False
sector_rel_strength_5d,1572,1782,0.06997669656702736,0.06997669656702735,1.0,0.0866552131451217,0.005703191161559386,0.29421315311756757,1517,-0.01181655475105218,0.15774872179464258,-0.07490745165234988,0.48450889914304546,-2.917546677757793,0.49478052378969317,0.2985604757083867,0.023646977049607013,-1.1881079025969086,0.0,False,True,False,False,False
sector_relative_momentum_20,1572,1782,0.0015642714964173828,0.0015642714964173828,0.010101010101010102,0.08332995854044431,2.5899935438162007e-07,0.28866928922253415,1570,-0.0223612647426514,0.10628531817077438,-0.2103890276427676,0.410828025477707,-8.336291887606665,0.500281023210515,0.2886692891149834,-6.44963737808586e-10,-1.1998925970597163,0.0,False,False,False,False,False
sector_relative_pe_20,1572,1782,0.0,0.0,0.0,0.08790315113144415,0.008274855860273735,0.2961189714265322,1570,0.002944182864938625,0.13108521730811137,0.022460067774220664,0.5025477707006369,0.8899403304398894,0.5057569986042709,0.29793758477774035,-0.0201697979667517,-1.2746245726438221,0.0,False,True,False,False,False
sector_relative_ret_5,1572,1782,0.0015517773151360937,0.0015517773151360937,0.010101010101010102,0.08332975741622788,4.5863797393112155e-07,0.2886689408571639,1570,-0.02256313994708691,0.10250212178353749,-0.22012363797439652,0.40063694267515926,-8.722008548051338,0.500281019693903,0.28866894070783394,-1.8883424861794557e-09,-1.1998839374292636,0.0,False,False,False,False,False
sector_relative_strength_60d,1572,1782,0.0,0.0,0.0,0.08524873060996847,0.0071200195344334185,0.29171935227688495,1570,-0.006261693073306123,0.15466991512134395,-0.04048423423775468,0.5012738853503185,-1.6041159428960552,0.4914615887814777,0.2945866571605976,0.036392267773514446,-1.212985108088391,0.0,False,True,False,False,False
sector_relative_turnover,1572,1782,0.0015503494087039465,0.0015503494087039467,0.010101010101010102,0.08332996400670331,2.4822102905146086e-07,0.2886692986905924,1570,0.02722099810995724,0.12044347688425845,0.22600641241962463,0.5853503184713376,8.955103046532711,0.5002810192920102,0.28866929855180373,-4.585968390987528e-09,-1.1998928435075449,0.0,False,False,False,False,False
sector_relative_volatility_20,1572,1782,0.0015507063853119833,0.0015507063853119833,0.010101010101010102,0.08333001354051209,2.2116536563987993e-07,0.28866938448745366,1570,0.031195447624453254,0.11075117481529453,0.28167148273126236,0.6133757961783439,11.160732680649767,0.5002810193924833,0.2886693843554693,-1.769982078741113e-17,-1.1998949631590035,0.0,False,False,False,False,True
sector_relative_volume_ratio,1572,1782,0.0015457087127994677,0.0015457087127994677,0.010101010101010102,0.08333001498707032,2.212059315418548e-07,0.2886693869930158,1570,-0.02626775329308758,0.07468855120369292,-0.3516971861115548,0.35668789808917195,-13.935376917345776,0.5002810179858661,0.28866938686058063,4.009060255359636e-12,-1.199895025053197,0.0,False,False,False,False,False
sector_rotation_accel_5d,1572,1782,0.0,0.0,0.0,0.07977243201775266,0.009323552678007115,0.2818554644026096,1569,-0.0012905466646790822,0.11999423744737077,-0.010755072011229818,0.49203314212874444,-0.4260149053188321,0.5012606720947382,0.28452513356009096,-0.003644594021073519,-1.1116906983104498,0.0,False,True,False,False,False
sector_size_factor,1572,1782,0.0015460656894075045,0.0015460656894075045,0.010101010101010102,0.0833084266147439,3.9949873339765514e-07,0.2886319916680495,1570,0.007143479483773102,0.1377513280002471,0.05185779032025222,0.5280254777070064,2.05477292042985,0.5002810180863383,0.2886319921708235,0.0010949527037991365,-1.202754816316506,0.0,False,False,False,False,False
sector_size_leadership,1572,1782,0.0015460656894075045,0.0015460656894075045,0.010101010101010102,0.08330842661474387,3.9949873339228203e-07,0.2886319916680494,1570,-0.007143479483773102,0.1377513280002471,-0.05185779032025222,0.47197452229299364,-2.05477292042985,0.5002810180863383,0.2886319921708235,-0.0010949527037991584,-1.202754816316506,0.0,False,False,False,False,True
sector_spillover_impact_20,1572,1782,0.0,0.0,0.0,0.08350983593848271,0.007195550643807613,0.2887146416847337,1570,0.005841702408632944,0.15428578757861325,0.03786286799525472,0.5044585987261146,1.5002489571191018,0.5066221955769503,0.29218045069570736,-0.020958558045323396,-1.1965481556996134,0.0,False,True,False,False,False
sector_turnover_breakout,1572,1782,0.06020303401558703,0.06020303401558702,0.13973063973063973,0.08827489202930733,0.00563078555672442,0.29695686307352326,1570,-0.012980857311558892,0.12539145447281055,-0.10352266321604568,0.4573248407643312,-4.101901830245115,0.4927173748763557,0.2992234729415934,0.03309348246711686,-1.21984440199187,0.0,False,False,False,False,False
sector_turnover_divergence,1572,1782,0.0,0.0,0.0,0.08183424705800091,0.008242150714517399,0.2856288998943572,1569,0.002790600216136427,0.14339906978832262,0.01946037878945623,0.5054174633524537,0.7708373703869618,0.5299737487548487,0.287670315979981,-0.09397863758558984,-1.1667892340686348,0.0,False,True,False,False,False
sector_turnover_ratio_5d,1572,1782,0.0015478505724476886,0.001547850572447689,0.010101010101010102,0.08333303068397124,5.540918887466777e-08,0.28867461039024894,1570,-0.011762285189720572,0.05560482269840042,-0.2115335436553588,0.4070063694267516,-8.381641303676027,0.5002810185887003,0.288674610377566,-2.8919317370953296e-07,-1.200025318647696,0.0,False,False,False,False,False
sector_up_volume_ratio_20,1572,1782,0.0,0.0,0.0,0.08486564885508581,0.00751294149932939,0.29103209859322837,1570,-0.006923207581618928,0.1475639203288667,-0.046916668831985475,0.49936305732484076,-1.858989749416497,0.4772541558731079,0.29383928757999545,0.0657166778202651,-1.201925759306715,0.0,False,True,False,False,False
sector_vol_ratio,1572,1782,0.03759392054557449,0.037593920545574484,0.05387205387205387,0.09018393382002063,0.006141729578277192,0.30013386712654505,1570,-0.014433351557561107,0.1828444865520692,-0.0789378549483956,0.4802547770700637,-3.1277724280789183,0.4710459852509546,0.3025421143240682,0.09113071957931632,-1.2309461584012376,0.0,False,True,False,False,False
sell_expense_ratio,1572,1782,0.002572373437513387,0.002572373437513387,0.019079685746352413,0.08330497132807109,2.342587879141208e-06,0.2886260059516502,1570,0.007729698944121569,0.127005052576516,0.06086134990153011,0.5235668789808917,2.4115229921324146,0.500281307241192,0.2886260127177736,-0.0016339618037551384,-1.2040803309908,0.0,False,False,False,False,False
sentiment_divergence_factor,1572,1782,0.003627953267478289,0.0036279532674782884,0.012345679012345678,0.08333313272611167,4.937855822843047e-09,0.2886747871327034,1570,0.013714549132273055,0.1329393656744854,0.10316394292007099,0.5452229299363057,4.0876881750618645,0.500281605264657,0.288674787130262,1.0548200456367014e-09,-1.2000299377020671,0.0,False,False,False,False,False
sentiment_fundamental_gap,1572,1782,0.008648829259516282,0.008648829259516282,0.02861952861952862,0.08333313080644833,3.179165517141032e-09,0.288674783807745,1570,0.0011713025476919306,0.10296268990130385,0.011375990165123862,0.49554140127388535,0.4507534237386133,0.5002830315050795,0.28867478384080314,-1.227760949371194e-10,-1.2000303763872222,0.0,False,True,False,False,False
sentiment_momentum_composite,1572,1782,0.00155106336192002,0.0015510633619200199,0.010101010101010102,0.0833331086250884,6.211066020720868e-09,0.2886747453884532,1570,-0.025421265018009655,0.1324890540759864,-0.19187445480160048,0.4140127388535032,-7.602684792656864,0.5002810194929564,0.2886747453900973,2.100679811204478e-08,-1.2000303499678973,0.0,False,False,False,False,False
sentiment_momentum_confirmation,1572,1782,0.003627953267478289,0.0036279532674782884,0.012345679012345678,0.08333313332880346,1.7549587195604031e-09,0.28867478817659753,1570,-0.019094752218707916,0.14780203306492978,-0.1291914043585554,0.46496815286624205,-5.11898014915209,0.500281605264657,0.28867478817954456,1.8835402591746507e-08,-1.2000299679358086,0.0,False,False,False,False,True
sentiment_quality_conflict,1572,1782,0.005749822225649198,0.005749822225649197,0.025252525252525252,0.08333313237230576,2.8444985681962606e-09,0.2886747865198929,1570,0.007041673298384203,0.10939441571032082,0.0643695864424262,0.5369426751592357,2.550530639742894,0.5002822062496836,0.28867478654530787,-2.6561148841991866e-09,-1.200030124747677,0.0,False,False,False,False,False
sentiment_value_gap,1572,1782,0.00650375682182298,0.006503756821822979,0.015712682379349047,0.08333312875213862,9.5181115823287e-09,0.28867478024957144,1570,0.0022849646115431135,0.05177673361391085,0.04413110777867247,0.5203821656050955,1.7486168356227458,0.5002824204075693,0.288674780244583,-3.3678374990488776e-08,-1.2000303177662937,0.0,False,True,False,False,False
serial_corr_60,1572,1782,0.0015728389350102667,0.0015728389350102667,0.010101010101010102,0.08333313495729502,7.940646734679852e-10,0.28867479099723103,1570,-0.005975776569406455,0.08920318804361284,-0.0669906165964024,0.456687898089172,-2.6543843086084786,0.5002810256219569,0.28867479099940935,-1.5579597402774148e-17,-1.2000297409154872,0.0,False,False,False,False,False
sgi,1572,1782,0.0025837966889705652,0.0025837966889705652,0.019079685746352413,0.002233546208781392,0.0077131136940717755,0.016509615687573014,238,0.0005921880428038539,0.030635902924504767,0.01932987071617138,0.49159663865546216,0.2982067213413007,0.5002813104629598,0.04725932378564054,,,0.005638195539479484,False,True,False,False,False
shadow_asymmetry,1572,1782,0.0015457087127994677,0.0015457087127994677,0.010101010101010102,0.08330640552605291,0.0003686257417990909,0.28862771497645245,1570,-0.002094157955984373,0.10364815672747976,-0.020204488165578332,0.4949044585987261,-0.8005669909456685,0.5002810179858661,0.2886284850320054,-0.0003790206382070005,-1.199536291353639,0.0,False,True,False,False,False
shadow_lower_20,1572,1782,0.0016142482215425389,0.001614248221542539,0.010101010101010102,0.08333313492937797,8.000258279640652e-10,0.28867479094887727,1570,0.014830700601766625,0.10522155533433313,0.14094736154244492,0.554140127388535,5.584789091762499,0.5002810372778429,0.2886747909510904,-8.645294216296073e-11,-1.2000297446537154,0.0,False,False,False,False,False
shadow_upper_20,1572,1782,0.0016142482215425389,0.001614248221542539,0.010101010101010102,0.08333313492931618,8.012754993126298e-10,0.2886747909487702,1570,0.005796193524041531,0.08575224957062866,0.06759232035385353,0.5248407643312102,2.678225752281574,0.5002810372778429,0.28867479095098647,2.965605464188557e-11,-1.2000297446181167,0.0,False,False,False,False,False
short_cover_rally_signal,1572,1782,0.14665348709029793,0.14665348709029796,0.4781144781144781,0.08333311651372736,1.4267024983859337e-08,0.2886747590519939,1570,-0.004618440389940436,0.10822114135260123,-0.04267595344326339,0.49044585987261147,-1.690958927235605,0.500328803844244,0.2886747645250228,-1.5916185781790967e-08,-1.2000307746489496,0.0,False,True,False,False,False
short_interest_ratio_change,1572,1782,0.14665455802012206,0.14665455802012206,0.4781144781144781,0.08308345985710812,0.00023622637060291714,0.2882417241776272,1570,0.005138679487702392,0.04843524127932028,0.10609381417278874,0.554140127388535,4.2037791244303575,0.5003288042568856,0.28824617527974633,-9.702003310946695e-05,-1.1910914020056433,0.0,False,False,False,False,False
short_sell_activity_5d,1572,1782,0.145035312126067,0.14503531212606702,0.4781144781144781,0.08302156359421226,0.0005025625202089406,0.28813323050056716,1570,0.01093627241537221,0.11982753224121741,0.0912667749291296,0.5414012738853503,3.616284004798864,0.5003281815236308,0.2881385655988371,-0.01585083132009961,-1.2312041706666903,0.0,False,False,False,False,False
short_sell_change_5d,1572,1782,0.14643466042957137,0.14643466042957134,0.4781144781144781,0.08326305119185093,8.33377779270421e-05,0.2885533405213902,1570,0.01055130868636516,0.05366871107888585,0.1966007469576853,0.5955414012738853,7.789955732594513,0.5003287195495287,0.28854700289392726,0.0005653577284087814,-1.1977319022430928,0.0,False,False,False,False,False
short_sell_concentration,1572,1782,0.211751741331894,0.21175174133189403,0.4887766554433221,0.08333229597439056,1.4553542301174327e-06,0.28867333781982024,1570,-0.010478776064674926,0.11727382017676298,-0.08935307171609666,0.467515923566879,-3.540456910825212,0.5003559584316635,0.28867347028183,4.821347881277762e-05,-1.2001573370502334,0.0,True,False,False,False,False
short_sell_intensity,1572,1782,0.14577996533043183,0.14577996533043183,0.4781144781144781,0.08116315247843327,0.003064839840645132,0.2848222077759301,1570,0.004238168884342336,0.11275361113376658,0.03758787715733853,0.5203821656050955,1.4893529331345272,0.5003284676108369,0.28495481722181953,-0.09520127683632944,-1.3154608427746752,0.0,False,True,False,False,False
short_sell_to_turnover,1572,1782,0.14577996533043183,0.14577996533043183,0.4781144781144781,0.08116314790601953,0.0030648398476159147,0.2848221997488094,1570,-0.00021928884715240068,0.13021255572825677,-0.0016840837346748577,0.5089171974522293,-0.06672882960064844,0.5003284676108369,0.28495480878742696,-0.0952012815365606,-1.3154607663533568,0.0,False,True,False,False,False
short_squeeze_potential,1572,1782,0.14577996533043183,0.14577996533043183,0.4781144781144781,0.08333311624922893,1.4349754839205533e-08,0.2886747585938686,1570,-0.018820645570043818,0.1584418564301487,-0.11878581830642185,0.42929936305732486,-4.706677266420573,0.5003284676108369,0.2886747640210473,1.1531380911669293e-07,-1.2000310162437964,0.0,False,False,False,False,False
short_term_debt_ratio,1572,1782,0.0021415026716129345,0.0021415026716129345,0.018518518518518517,0.08290221330229544,7.22817073507513e-05,0.2879274171446239,1570,0.0031443123888795646,0.07727488969896844,0.04068996282140974,0.5140127388535032,1.6122675729605496,0.5002811857740032,0.28792770992555194,-0.02237117653843735,-1.2457368674072917,0.0,False,True,False,False,True
short_term_long_term_alignment,1572,1782,0.0016428063501854851,0.0016428063501854851,0.010101010101010102,0.08333309919407769,1.2555141943482436e-08,0.2886747290534404,1570,-0.029074949828141825,0.16729169683247902,-0.17379792529247057,0.42738853503184715,-6.88643438743654,0.5002810453169483,0.28867472904551833,2.454790620977885e-08,-1.2000301814811032,0.0,False,False,False,False,False
size_momentum_interaction,1572,1782,0.0015646284730254196,0.0015646284730254194,0.010101010101010102,0.08333313481623683,1.085276247329679e-09,0.2886747907529108,1570,-0.020321539793338474,0.17410384564118586,-0.11672079797260508,0.43630573248407645,-4.624854500046229,0.5002810233109909,0.28867479075500563,5.432057470036368e-10,-1.200029748567166,0.0,False,False,False,False,True
size_neutral_reversal,1572,1782,0.0015646284730254196,0.0015646284730254194,0.010101010101010102,0.08333307749836376,4.939050247580583e-08,0.28867469147529445,1570,0.026463342482515334,0.1609203963121478,0.164449896277801,0.5617834394904458,6.516035325692597,0.5002810233109909,0.2886746914783641,8.118776416790386e-09,-1.2000368685488094,0.0,False,False,False,False,True
size_percentile_252d,1572,1782,0.0019415957711123105,0.001941595771112311,0.014590347923681257,0.08308673368243706,0.002521714521483228,0.28814433601666845,1569,-0.02149357210735368,0.1760085923557673,-0.12211660703420993,0.44805608667941366,-4.837112641292971,0.5002811294536753,0.28824731408919324,,,0.0,False,False,False,False,False
size_quality_divergence,1572,1782,0.003686854407804365,0.003686854407804365,0.023007856341189674,0.08333313335059404,3.127081647878613e-09,0.2886747882143399,1570,-0.002072076304141242,0.17119106485900604,-0.012103881156693641,0.4949044585987261,-0.4795948126459673,0.5002816219129079,0.28867478823802833,1.4075277030951996e-08,-1.2000299699512402,0.0,False,True,False,False,True
small_order_crowding,1572,1782,0.0036090335072523367,0.003609033507252337,0.012345679012345678,0.08333313379214782,8.843216763238067e-10,0.28867478897913446,1570,-0.021834061505321883,0.0963832330145514,-0.22653381529571123,0.3980891719745223,-8.976000449627737,0.5002815999174547,0.28867478898182175,-2.6458473027259965e-16,-1.200029920614208,0.0,False,False,False,False,True
small_quality_premium,1572,1782,0.003686854407804365,0.003686854407804365,0.023007856341189674,0.08333313361338077,2.7084469238762358e-09,0.28867478866950047,1570,-0.0020832641211629864,0.17120787966512369,-0.012168038791425806,0.4949044585987261,-0.4821369450752968,0.5002816219129079,0.2886747886932536,5.111218800382149e-10,-1.2000299358127777,0.0,False,True,False,False,False
solvency_margin,1572,1782,0.07576792807920883,0.07576792807920883,0.1610549943883277,0.04154372256271091,0.023737408168725053,0.19436112589559568,1570,-3.636806109228339e-06,0.038701280786446836,-9.39712080666319e-05,0.513375796178344,-0.0037234423688891033,0.5003035856712198,0.20421362582441796,1.8789572620655994,4.415127557669851,0.001509612031683041,False,True,False,False,False
sortino_ratio_60,1572,1782,0.0015714110285781192,0.0015714110285781195,0.010101010101010102,0.08333313495811019,7.937494873419375e-10,0.28867479099864296,1570,-0.022268564529451217,0.17651484646272705,-0.12615689261103288,0.44904458598726116,-4.998743005860228,0.500281025220047,0.28867479100081955,-1.63187117923409e-17,-1.2000297407897673,0.0,False,False,False,False,True
sp_raw,1572,1782,0.0015460656894075045,0.0015460656894075045,0.010101010101010102,0.08333256294544283,1.372142882407952e-07,0.28867380024066325,1570,0.011191290423752984,0.12496868042173033,0.0895527614277903,0.5140127388535032,3.548369261304139,0.5002810180863383,0.28867380017552596,-1.4606127491166077e-05,-1.2000446473509565,0.0,False,True,False,False,True
sp_ttm,1572,1782,0.0022753688996267453,0.0022753688996267453,0.010662177328843996,0.08333253824640241,1.272321120083977e-07,0.2886737574604831,1570,0.011287289302966519,0.12281738900278884,0.09190302280982554,0.5165605095541401,3.6414941980574134,0.5002812235011252,0.28867375738008616,-1.4969202135502242e-05,-1.2000445149852452,0.0,False,True,False,False,False
sp_ttm_neutral,1572,1782,0.0022753688996267453,0.0022753688996267453,0.010662177328843996,0.08330980797224843,9.396409773414703e-07,0.28863438459337953,1570,0.011501203910600475,0.07256238758972847,0.1585009023632034,0.5624203821656051,6.28031699824309,0.5002812235011252,0.28863438535743696,-0.0010157906559749223,-1.2025651013894179,0.0,False,False,False,False,False
stock_sector_beta_60,1572,1782,0.0016438772800095956,0.0016438772800095953,0.010101010101010102,0.08333313491658845,8.358503638184701e-10,0.2886747909267251,1570,-0.010970872833472456,0.15781896733045156,-0.06951555328898416,0.48471337579617835,-2.7544304445829715,0.5002810456184237,0.2886747909291368,-1.76998989222658e-17,-1.2000297471936883,0.0,False,True,False,False,False
stock_sector_corr_60,1572,1782,0.0016438772800095956,0.0016438772800095953,0.010101010101010102,0.08333313491658843,8.358503662813532e-10,0.2886747909267251,1570,0.02033339548423941,0.0952924329142137,0.21337891018633554,0.5898089171974522,8.4547606778858,0.5002810456184237,0.2886747909291368,-1.645305245412601e-17,-1.2000297471936883,0.0,False,False,False,False,False
stock_sector_timing,1572,1782,0.0015457087127994677,0.0015457087127994677,0.010101010101010102,0.08333313497283185,7.78824765998623e-10,0.2886747910241416,1570,0.023707629445545216,0.0990868462409152,0.23926111633327776,0.6006369426751592,9.480297168802393,0.5002810179858661,0.2886747910262374,-1.1711271596213468e-17,-1.2000297385192462,0.0,False,False,False,False,False
stock_sector_vol_ratio_20,1572,1782,0.0015507063853119833,0.0015507063853119833,0.010101010101010102,0.08333313496998258,7.792718561319185e-10,0.2886747910192065,1570,0.035323031266466944,0.15624477422508998,0.2260749611732917,0.5898089171974522,8.957819169257851,0.5002810193924833,0.2886747910213047,-1.3128815778409256e-17,-1.2000297389586683,0.0,False,False,False,False,False
style_tilt_momentum,1572,1782,0.0015460656894075045,0.0015460656894075045,0.010101010101010102,0.08333309318591256,1.5213520010902954e-07,0.2886747186468589,1570,0.0205880843851991,0.12648273861852147,0.16277386630039564,0.5732484076433121,6.4496256119324595,0.5002810180863383,0.2886747186332503,3.336090985384447e-08,-1.2000287823679399,0.0,False,False,False,False,False
super_large_order_intensity,1572,1782,0.0036090335072523367,0.003609033507252337,0.012345679012345678,0.08310583901418905,0.0003411233891640695,0.2882802223801797,1570,-0.01566348567092349,0.05982278307368325,-0.2618314439104396,0.3923566878980892,-10.374606348279164,0.5002815999174547,0.2882809307956642,-0.0023963321048963513,-1.1921597936729234,0.0,False,False,False,False,True
surplus_reserve_ps,1572,1782,0.0021415026716129345,0.0021415026716129345,0.018518518518518517,0.0833311492349755,1.494438719771815e-06,0.28867135158909557,1570,0.007374667980657143,0.11644331602678043,0.0633326860853144,0.5248407643312102,2.50944530305925,0.5002811857740032,0.28867134715539267,-6.091665836339258e-05,-1.2000584084493235,0.0,False,False,False,False,False
sustainable_growth_rate,1572,1782,0.0021415026716129345,0.0021415026716129345,0.018518518518518517,0.0833331318006452,4.5109867900432706e-09,0.28867478552974646,1570,-0.0007407390452446382,0.1095432414549643,-0.0067620698037237905,0.5063694267515924,-0.267935016762983,0.5002811857740032,0.2886747855534369,1.2704622425225618e-07,-1.2000299941448485,0.0,False,True,False,False,False
tail_ratio_60,1572,1782,0.0015714110285781192,0.0015714110285781195,0.010101010101010102,0.08333313495811019,7.93749486706421e-10,0.28867479099864296,1570,-0.020704241496136984,0.12295718040405457,-0.1683857862395668,0.4369426751592357,-6.671987981239313,0.500281025220047,0.28867479100081955,-7.367434660625305e-18,-1.200029740789767,0.0,False,False,False,False,False
tail_risk_dd_20,1572,1782,0.001553562198176278,0.001553562198176278,0.010101010101010102,0.08333312760810785,1.4243227354191206e-08,0.28867477826804894,1570,0.010368643463250844,0.17563128583808338,0.05903642630510502,0.524203821656051,2.3392136329285127,0.5002810201962707,0.28867477826807075,-1.9087783575320558e-07,-1.2000300959704766,0.0,False,False,False,False,False
tail_risk_dd_5d,1572,1782,0.0015557040578244989,0.0015557040578244989,0.010101010101010102,0.07952158751603969,0.007759679243819548,0.2814795762707543,1569,0.015334250983348037,0.14240144536138352,0.10768325380710206,0.5436583811344805,4.265398792974765,0.5002810207991145,0.28199620350263294,,,0.0,False,False,False,False,False
tang_asset_to_debt,1572,1782,0.0021415026716129345,0.0021415026716129345,0.018518518518518517,0.0833255783586185,1.9760857157559815e-07,0.2886617022718832,1570,-0.0008968379047084655,0.09104957325602613,-0.00984999569615345,0.5063694267515924,-0.39028860076404887,0.5002811857740032,0.2886617019898351,0.0004226243054590023,-1.2010174268711251,0.0,False,True,False,False,False
tang_asset_to_int_debt,1572,1782,0.0021415026716129345,0.0021415026716129345,0.018518518518518517,0.08328212103508825,6.046408166641675e-05,0.2885863996357108,1570,-0.0016967889581071653,0.08791630119240101,-0.019300049423073614,0.49872611464968153,-0.7647302106893268,0.5002811857740032,0.28858674612177915,0.0026782278190549385,-1.2056419806748913,0.0,False,True,False,False,True
tang_asset_to_net_debt,1572,1782,0.0021415026716129345,0.0021415026716129345,0.018518518518518517,0.07563234941677027,0.000435734511027116,0.27501221875968557,1570,-0.0016247607340327643,0.05439205168889032,-0.029871289712070648,0.47770700636942676,-1.1835968486051571,0.5002811857740032,0.275012460805143,0.2745252576277008,-1.34943338788184,0.0,False,True,False,False,False
tata,1572,1782,0.0021415026716129345,0.0021415026716129345,0.018518518518518517,0.08333313461857682,2.2296948846855937e-09,0.2886747904105532,1570,0.00432491708543252,0.055846094418055145,0.07744350129584471,0.5312101910828025,3.0685613163087386,0.5002811857740032,0.2886747904273047,5.36149645072226e-17,-1.2000297931773294,0.0,False,False,False,False,True
tax_burden,1572,1782,0.002572373437513387,0.002572373437513387,0.019079685746352413,0.08333313437222606,2.2405095063969504e-09,0.28867478998386065,1570,-0.0014665485068477066,0.09164450986115295,-0.016002578976848886,0.5063694267515924,-0.634073795578361,0.500281307241192,0.2886747900007456,3.890300105325727e-17,-1.2000298311713016,0.0,False,True,False,False,True
tax_burden_ratio,1572,1782,0.0021415026716129345,0.0021415026716129345,0.018518518518518517,0.08304113570679056,0.0002321244789153916,0.2881683067247067,1570,-0.004064830191633088,0.08349747002078345,-0.04868207612304069,0.48152866242038217,-1.9289408806310682,0.5002811857740032,0.28816848707876624,-0.01381370961896037,-1.2236550089030949,0.0,False,True,False,False,False
tax_rate_change_4q,1572,1782,0.0021871956774416486,0.0021871956774416486,0.018518518518518517,0.007265547028341989,0.016910257935066494,0.039888832459135416,415,0.00040017698607626136,0.027998298602729246,0.014292903713701108,0.5132530120481927,0.29116858531817835,0.5002811986503896,0.08523041013182725,,,0.004597355220957559,False,True,False,False,False
tax_to_ebt,1572,1782,0.0021415026716129345,0.0021415026716129345,0.018518518518518517,0.08304113570679056,0.0002321244789153916,0.2881683067247067,1570,-0.004064830191633088,0.08349747002078345,-0.04868207612304069,0.48152866242038217,-1.9289408806310682,0.5002811857740032,0.28816848707876624,-0.01381370961896037,-1.2236550089030949,0.0,False,True,False,False,True
taxes_payable_ratio,1572,1782,0.002572373437513387,0.002572373437513387,0.019079685746352413,0.08333313437222602,2.240509507682211e-09,0.28867478998386054,1570,0.0007829315288465876,0.08563603309731523,0.00914254783330375,0.5006369426751592,0.3622572345561479,0.500281307241192,0.2886747900007456,3.346168074432798e-17,-1.2000298311713016,0.0,False,True,False,False,False
top_list_repeat_appearance,1572,1782,0.0015457087127994677,0.0015457087127994677,0.010101010101010102,0.0016685295908556398,0.0017606798387486806,0.028756722160157313,787,-0.017929806945096573,0.05498548147140512,-0.32608256698490246,0.3799237611181703,-9.147763905282082,0.5002810179858661,0.04084322813710453,,,0.009135130064440515,False,False,False,False,False
total_borrowings_ratio,1572,1782,0.0021415026716129345,0.0021415026716129345,0.018518518518518517,0.08326756843638475,2.0307535204362532e-05,0.2885612018239669,1570,-0.00037488358025427666,0.07446243001114893,-0.005034533256544905,0.5152866242038217,-0.199484446573343,0.5002811857740032,0.2885612953576935,-0.003707331454126036,-1.2088433507949403,0.0,False,True,False,False,False
total_revenue_ps,1572,1782,0.0021415026716129345,0.0021415026716129345,0.018518518518518517,0.08333313252077378,2.3913548343891107e-09,0.2886747867770474,1570,-0.0007992308764356543,0.09509343998323416,-0.00840468991947884,0.49554140127388535,-0.33302092404061506,0.5002811857740032,0.28867478679348346,4.996894862381568e-08,-1.2000298394927806,0.0,False,True,False,False,False
tr_yoy,1572,1782,0.0021415026716129345,0.0021415026716129345,0.018518518518518517,0.08333313445271605,2.2616033543031813e-09,0.2886747901232735,1570,0.0021931052301529556,0.0833074915380497,0.02632542631716718,0.5057324840764331,1.0430983036730237,0.5002811857740032,0.2886747901402258,-2.7315056350999917e-10,-1.2000297915290297,0.0,False,True,False,False,True
trend_quality_composite,1572,1782,0.0015507063853119833,0.0015507063853119833,0.010101010101010102,0.08333310943187147,6.5097027389150564e-09,0.2886747467858443,1570,-0.008293173832377819,0.14742935395411944,-0.05625184951267361,0.48471337579617835,-2.2288797187256364,0.5002810193924833,0.28867474678922,-1.1361142103242179e-07,-1.2000300135132795,0.0,False,True,False,False,False
trend_quality_resonance,1572,1782,0.0037050602148142437,0.0037050602148142437,0.024130190796857465,0.08333312618191106,1.4516694837683325e-08,0.28867477579780054,1570,0.010203796828611085,0.17526842674034152,0.05821811160391091,0.5318471337579618,2.3067893649830533,0.5002816270591292,0.28867477579996664,-2.6490240175716295e-08,-1.2000299867380921,0.0,False,False,False,False,False
ts_mom_accel_20,1572,1782,0.0015967563677487342,0.0015967563677487344,0.010101010101010102,0.08333313492669546,8.113158771822622e-10,0.288674790944231,1570,-0.01453926173108995,0.1398809980527784,-0.10394022014058087,0.46305732484076434,-4.118446782430203,0.5002810323541179,0.2886747909464968,-2.052363516800901e-11,-1.2000297427103264,0.0,False,False,False,False,False
ts_mom_sign_60,1572,1782,0.0015457087127994677,0.0015457087127994677,0.010101010101010102,0.051784002096198906,0.013117874785744303,0.2249517457338099,1570,-0.01314645729913446,0.141943056188465,-0.09261782613500474,0.4496815286624204,-3.6698170114079436,0.5002810179858661,0.22756447485355827,-0.0726761624602703,-0.28189751864031576,0.0002918866918983225,False,False,False,False,False
ts_mom_vol_scaled_60,1572,1782,0.00163887960749708,0.00163887960749708,0.010101010101010102,0.08333312304179735,1.9170552614186058e-08,0.28867477035895645,1570,-0.021648014940162632,0.17723154465938606,-0.1221453832147491,0.45222929936305734,-4.839794064406494,0.5002810442115441,0.2886747703643156,2.5818259215810767e-08,-1.200029446750909,0.0,False,False,False,False,True
ts_price_self_rank_60,1572,1782,0.0015460656894075045,0.0015460656894075045,0.010101010101010102,0.08275480483915093,0.0028604499100471138,0.2876176744481141,1570,-0.02187513839330288,0.16959867954958252,-0.12898177303855504,0.4585987261146497,-5.110673880085271,0.5002810180863383,0.28767126743110477,0.011188959780121894,-1.2185394007799415,0.0,False,False,False,False,True
ts_vol_regime_60,1572,1782,0.0016588702975471423,0.0016588702975471423,0.010101010101010102,0.08333064354368412,2.066090380957083e-05,0.2886704734813989,1570,-0.03036252218512823,0.1492350234081618,-0.20345440025888506,0.4121019108280255,-8.061519582931192,0.5002810498391472,0.28867048359980435,-9.654078739289639e-05,-1.2003019215915969,0.0,False,False,False,False,False
ts_volume_zscore_20,1572,1782,0.0015499924320959097,0.0015499924320959097,0.010101010101010102,0.0833331349703904,7.79065475856363e-10,0.2886747910199129,1570,0.020428912284965205,0.10473050152435194,0.19506172497622457,0.5853503184713376,7.728974717554679,0.5002810191915371,0.28867479102200994,-1.3394044963543777e-17,-1.2000297388957744,0.0,False,False,False,False,False
turn_of_month_effect,1572,1782,0.0015457087127994677,0.0015457087127994677,0.010101010101010102,1.9678475891004945e-28,2.0980099787464406e-28,1.195664997601716e-14,0,,,,,,0.5002810179858661,3.837909186931109e-07,,,0.0,False,False,False,False,False
turnover_20,1572,1782,0.0015503494087039465,0.0015503494087039467,0.010101010101010102,0.08333311809983869,6.707865399118418e-09,0.28867476179922374,1570,0.033467976737532254,0.20537938322432547,0.16295684704134533,0.5579617834394904,6.45687589909552,0.5002810192920102,0.288674761799031,-3.431476566382825e-07,-1.200030095701611,0.0,False,False,False,False,False
turnover_20_industry_neutral,1572,1782,0.0015503494087039465,0.0015503494087039467,0.010101010101010102,0.08332996399682197,2.4822254569132384e-07,0.2886692986734771,1570,0.027221001466806442,0.12044347977493601,0.22600643486614927,0.5853503184713376,8.955103935936421,0.5002810192920102,0.2886692985346879,-5.09149989374233e-09,-1.1998928445362536,0.0,False,False,False,False,True
turnover_20_neutral,1572,1782,0.0015503494087039465,0.0015503494087039467,0.010101010101010102,0.08330845454641583,4.1104788479466007e-07,0.2886320400543031,1570,-0.026194499742922987,0.11233405687463649,-0.23318395570949374,0.40445859872611467,-9.23950046293162,0.5002810192920102,0.28863204055728836,-0.0010947060375044548,-1.202753620560146,0.0,False,False,False,False,False
turnover_20_size_neutral,1572,1782,0.0015503494087039465,0.0015503494087039467,0.010101010101010102,0.08333152739338019,5.418679408646492e-07,0.2886720065965858,1570,0.03730574880612487,0.18859198710812966,0.19781195043422248,0.5681528662420382,7.837947521086647,0.5002810192920102,0.28867200601274684,1.4747869423765181e-06,-1.2000791287916388,0.0,False,False,False,False,False
turnover_anomaly_20,1572,1782,0.0015703400987540088,0.0015703400987540086,0.010101010101010102,0.08333313492508405,7.926113075862685e-10,0.28867479094143994,1570,0.02343545638215882,0.12502318407277282,0.18744888442864832,0.5751592356687898,7.427329419748749,0.5002810249186154,0.2886747909436025,-3.1658230536108935e-12,-1.2000297403816647,0.0,False,False,False,False,False
turnover_anomaly_mean_20d,1572,1782,0.0015503494087039465,0.0015503494087039467,0.010101010101010102,0.08333311809983869,6.707865399118418e-09,0.28867476179922374,1570,0.033467976737532254,0.20537938322432547,0.16295684704134533,0.5579617834394904,6.45687589909552,0.5002810192920102,0.288674761799031,-3.431476566382825e-07,-1.200030095701611,0.0,False,False,False,False,True
turnover_concentration_intraday,1572,1782,0.0005690207132107047,0.0005690207132107047,0.0028058361391694723,0.08341091597203656,0.00012029733329225004,0.2888094053501475,1570,0.015325097148585732,0.08435264701577952,0.1816789121711726,0.5777070063694267,7.1987045077909695,0.4998854644933347,0.2888103813820083,0.0012350039751812525,-1.2007901255817626,0.0,False,False,False,False,False
turnover_divergence,1572,1782,0.0015617726601611249,0.001561772660161125,0.010101010101010102,0.05452459602818701,0.007549618256972199,0.23279803721744344,1570,-0.005652162628618101,0.06641930876829241,-0.08509818505242196,0.4643312101910828,-3.371864577021076,0.5002810225071855,0.23350781975706733,-0.727244992219264,-1.164259661812874,3.3989283954354546e-05,False,False,False,False,False
turnover_f_20,1572,1782,0.0015503494087039465,0.0015503494087039467,0.010101010101010102,0.0833331246087561,4.1880426055868866e-09,0.28867477307301387,1570,0.03565206399964647,0.19852640232492447,0.1795834890580216,0.5687898089171974,7.115677085234864,0.5002810192920102,0.2886747730738512,-1.9599702801381548e-07,-1.2000299173218552,0.0,False,False,False,False,False
turnover_factor_momentum_20,1572,1782,0.015511347572416274,0.015511347572416278,1.0,0.0833330555717663,6.981395471144674e-08,0.2886746534972402,1550,0.01769723960176181,0.10311222104834201,0.17163086413844997,0.572258064516129,6.757113878248033,0.5002813784060929,0.28867465345619187,3.3108513224896274e-07,-1.200026613134432,0.0,False,False,False,False,False
turnover_lead_volatility_10,1572,1782,0.016667594805847563,0.016667594805847563,1.0,0.08333313311424348,1.7225090887493465e-09,0.2886747878049683,1550,-0.01985268190110844,0.09689655305986906,-0.2048853264041513,0.4129032258064516,-8.066343366878836,0.500281709263697,0.28867478781251227,-1.8850814327919594e-09,-1.200029956713078,0.0,False,False,False,False,False
turnover_orthogonal_to_mv,1572,1782,0.0015503494087039465,0.0015503494087039467,0.010101010101010102,0.08333313059833897,2.642524986712048e-09,0.2886747834472886,1570,0.03771516084662645,0.19441209346818505,0.19399596071320746,0.5636942675159236,7.686745699818184,0.5002810192920102,0.28867478345003117,-1.9464020378175066e-07,-1.2000300612792845,0.0,False,False,False,False,True
turnover_price_divergence,1572,1782,0.0015646284730254196,0.0015646284730254194,0.010101010101010102,0.08333313477196586,9.67962713930049e-10,0.28867479067623114,1570,-0.03875243911955525,0.17533660091552503,-0.22101739692230993,0.4152866242038217,-8.757422160398164,0.5002810233109909,0.28867479067832424,-5.472499482865709e-09,-1.2000297553165324,0.0,False,False,False,False,False
turnover_shock_20,1572,1782,0.013657211070272988,0.013657211070272984,1.0,0.08333313384298406,5.960740344049553e-09,0.2886747890671853,1551,0.00553415281976793,0.04291625505911718,0.12895237042804947,0.5441650548033526,5.078497333297419,0.5002810304280132,0.288674789073959,-3.7391991073072085e-08,-1.2000298565059706,0.0,False,False,False,False,False
turnover_std_20,1572,1782,0.0015503494087039465,0.0015503494087039467,0.010101010101010102,0.08333313496984764,7.792835504647692e-10,0.28867479101897286,1570,0.036411529683422594,0.18729526440411703,0.19440710259955837,0.5815286624203821,7.703036467498626,0.5002810192920102,0.2886747910210698,-8.466575287303025e-12,-1.2000297389399954,0.0,False,False,False,False,False
turnover_vol_20,1572,1782,0.0015503494087039465,0.0015503494087039467,0.010101010101010102,0.08333313496984764,7.792835504647692e-10,0.28867479101897286,1570,0.036411529683422594,0.18729526440411703,0.19440710259955837,0.5815286624203821,7.703036467498626,0.5002810192920102,0.2886747910210698,-8.466575287303025e-12,-1.2000297389399954,0.0,False,False,False,False,True
uf_deferred_tax_liab_ratio,1572,1782,0.0021415026716129345,0.0021415026716129345,0.018518518518518517,0.08299024436384386,0.0003166195410103174,0.2880797482102903,1570,-0.0006111481479646179,0.034915531198504414,-0.017503618790448077,0.48089171974522293,-0.6935498346155693,0.5002811857740032,0.28808217875675013,0.017593686701243887,-1.2352356072607937,0.0,False,True,False,False,False
uf_fcf_conversion,1572,1782,0.0023085677241741704,0.00230856772417417,0.01964085297418631,0.08333108169797887,1.0941966864655125e-06,0.2886712346154133,1570,-0.004054065792712195,0.04988582256369815,-0.0812668927636834,0.4643312101910828,-3.2200564186607834,0.5002812328590183,0.28867123358398544,3.574047465693013e-05,-1.199980233403104,0.0,False,False,False,False,False
uf_fcf_yield,1572,1782,0.003686854407804365,0.003686854407804365,0.023007856341189674,0.08332728925662987,2.183951756007638e-06,0.2886646657322646,1570,0.00185790952813298,0.055972161698638286,0.0331934567425896,0.5165605095541401,1.3152318220449968,0.5002816219129079,0.2886646618407169,-0.00010436383599252738,-1.1998944751956295,0.0,False,True,False,False,False
uf_minority_interest_ratio,1572,1782,0.00216791894060766,0.00216791894060766,0.018518518518518517,0.08325274485802721,2.466553119816215e-05,0.2885355143321117,1570,-0.002167105241619592,0.067994642150762,-0.03187170596198668,0.5070063694267516,-1.2628597927940852,0.5002811932180202,0.2885356413062724,-0.003961809393448117,-1.2074067014755943,0.0,False,True,False,False,False
uf_net_debt_to_ebitda,1572,1782,0.7423492773365546,0.7423492773365546,0.9736251402918069,0.08332934522967161,7.535804468601725e-06,0.28866822661885183,1570,0.000409405158291997,0.10384231568465871,0.0039425657603327224,0.513375796178344,0.15621717221880654,0.501089007672932,0.28867569369429646,-8.393234098071298e-18,-1.200151910778174,0.0,True,True,False,False,False
uf_working_capital_to_assets,1572,1782,0.04696098674046087,0.04696098674046087,0.06228956228956229,0.08333312105148413,1.464946968700417e-08,0.28867476691162924,1570,0.0019365148100983632,0.08558654561989314,0.022626392922770952,0.5044585987261146,0.8965306693092672,0.5002944093683608,0.28867476688167687,1.6886143993797989e-16,-1.2000317065212127,0.0,False,True,False,False,False
ulcer_index_20,1572,1782,0.0015571319642566461,0.0015571319642566461,0.010101010101010102,0.08333313496629838,7.837442478308401e-10,0.2886747910128253,1570,0.007489751030398632,0.17656585783713946,0.04241902212661644,0.5184713375796178,1.6807784797349261,0.5002810212010117,0.2886747910149476,-1.378696381493404e-17,-1.2000297395268897,0.0,False,True,False,False,False
undistributed_profit_ps,1572,1782,0.0021415026716129345,0.0021415026716129345,0.018518518518518517,0.08333313272087038,2.4658519862152484e-09,0.28867478712362526,1570,0.003841922066834596,0.1268196031677971,0.030294386442380562,0.5261146496815287,1.200361305763751,0.5002811857740032,0.28867478714157896,1.882150226753149e-08,-1.2000297903623662,0.0,False,True,False,False,True
up_down_vol_ratio_20,1572,1782,0.0015499924320959097,0.0015499924320959097,0.010101010101010102,0.08333313497039038,7.790654834278947e-10,0.2886747910199129,1570,-0.024238071587126823,0.12541281765275894,-0.19326630276529483,0.4210191082802548,-7.657834298401187,0.5002810191915371,0.28867479102200994,-1.3369081743482337e-17,-1.2000297388957744,0.0,False,False,False,False,False
up_minutes_ratio,1572,1782,0.0005690207132107047,0.0005690207132107047,0.0028058361391694723,0.08328830456631092,0.00040416270667814776,0.28859619977282597,1570,-0.028607441446496965,0.17352953652339417,-0.16485632371086456,0.4464968152866242,-6.532139291527267,0.5001717805341773,0.28859769638483984,0.0010229310737824052,-1.1996880835200898,0.0,False,False,False,False,False
up_volatility_20,1572,1782,0.0015499924320959097,0.0015499924320959097,0.010101010101010102,0.08333313497039038,7.790654756065798e-10,0.28867479101991284,1570,0.04067164965195356,0.17153365194040146,0.23710595088411413,0.5885350318471337,9.394902562193826,0.5002810191915371,0.28867479102200994,-1.4828375855099018e-17,-1.2000297388957744,0.0,False,False,False,False,True
upper_shadow_ratio,1572,1782,0.0015457087127994677,0.0015457087127994677,0.010101010101010102,0.08310167490332843,0.0009714707226883346,0.28826786653472314,1570,0.0004970311442444159,0.09492120486610618,0.005236249844758264,0.5044585987261146,0.2074771084376963,0.5002810179858661,0.2882736796710434,-0.011306665849650737,-1.220034066619472,0.0,False,True,False,False,False
upside_beta_60,1572,1782,0.00017277667828982502,0.00017277667828982502,0.0016835016835016834,0.08333313571595627,7.924900763350215e-10,0.2886747923112724,1570,-0.012830698786551995,0.1935164646457365,-0.06630287924100249,0.4732484076433121,-2.627133936282223,0.5002806321005991,0.2886747923114562,2.381212139859445e-09,-1.200029624402913,0.0,False,False,False,False,False
value_factor_zscore_252,1572,1782,0.0850129082741466,0.0850129082741466,1.0,0.0833331318313977,3.3853491970916287e-09,0.28867478558301146,1445,0.024413087261369967,0.17059207158107656,0.14310798289220178,0.5508650519031142,5.439986023787283,0.5002822690923732,0.2886747856012816,7.013807280104072e-09,-1.2000301251985692,0.0,False,False,False,False,False
value_lowvol_nonlinear,1572,1782,0.004445429699882626,0.004445429699882626,0.012906846240179574,0.08333313210687511,3.1153984457755627e-09,0.288674786060153,1570,-0.01321717120381265,0.12210717361422713,-0.10824238095600858,0.4477707006369427,-4.288912270610152,0.5002818364982569,0.2886747860662906,6.28417888345215e-08,-1.2000301693648385,0.0,False,False,False,False,False
value_momentum_divergence,1572,1782,0.004458994810988026,0.004458994810988025,0.012906846240179574,0.08333313297184493,1.8376559620902439e-09,0.2886747875583265,1570,1.1582467391962927e-05,0.17122900366148008,6.7643139563327e-05,0.49554140127388535,0.002680239373278899,0.500281840338524,0.28867478756413906,7.135935775384983e-09,-1.2000300266051354,0.0,False,True,False,False,True
value_momentum_spread,1572,1782,0.004458994810988026,0.004458994810988025,0.012906846240179574,0.08333313281929196,2.31161187732967e-09,0.2886747872940967,1570,0.033495072017384955,0.16354197419231614,0.20481024631631656,0.5617834394904458,8.11524257702479,0.500281840338524,0.2886747872974819,-3.153249142566088e-10,-1.2000300152112078,0.0,False,False,False,False,False
value_quality_momentum_triple,1572,1782,0.006599783529384886,0.006599783529384886,0.02749719416386083,0.08333313202403465,3.0819383911027292e-09,0.28867478591666895,1570,0.003967838583932479,0.16108970607350456,0.024631236102212333,0.49872611464968153,0.9759690227251054,0.5002824477076457,0.2886747859479568,6.48278574269527e-10,-1.2000301932097266,0.0,False,True,False,False,False
value_quality_resonance,1572,1782,0.006581220745766971,0.006581220745766971,0.026374859708193043,0.08333313059424255,5.113699263787002e-09,0.28867478344019326,1570,0.019715989064460166,0.17058459538784956,0.11557895377148751,0.5273885350318471,4.579610949765415,0.5002824424298961,0.28867478346297687,-1.500075423157734e-09,-1.2000301748366045,0.0,False,False,False,False,True
value_quality_safety_triple,1572,1782,0.006581220745766971,0.006581220745766971,0.026374859708193043,0.08333313204505569,3.036173323661271e-09,0.28867478595307844,1570,0.014588063597914326,0.09522722815945668,0.15319214766481298,0.5694267515923567,6.06996701363919,0.5002824424298961,0.2886747859839132,5.438406842944973e-11,-1.200030189838322,0.0,False,False,False,False,False
value_quality_volatility,1572,1782,0.006586218418279487,0.006586218418279487,0.026374859708193043,0.08333313194198948,3.2170794161000044e-09,0.28867478577456235,1570,-0.00854410048890166,0.1070445372849492,-0.07981818321244673,0.47006369426751593,-3.1626538734102834,0.5002824438508092,0.28867478580471234,-6.781677095520598e-10,-1.2000301922293777,0.0,False,False,False,False,False
value_reversal_crossover,1572,1782,0.004446500629706736,0.004446500629706736,0.012906846240179574,0.08333313228386813,3.938630136749924e-09,0.28867478636671423,1570,0.03379191943431009,0.15185021944107385,0.2225345446235802,0.5821656050955414,8.817536445901089,0.500281836801432,0.2886747863680078,-1.6475291594876824e-08,-1.2000300286445922,0.0,False,False,False,False,False
var_95_20,1572,1782,0.0015507063853119833,0.0015507063853119833,0.010101010101010102,0.08333313479878443,2.7269607722130897e-09,0.2886747907226823,1570,0.02465480798624119,0.19529259788730147,0.12624548115473824,0.5369426751592357,5.0022531697052735,0.5002810193924833,0.2886747907245421,6.583882502755077e-09,-1.200029763221067,0.0,False,False,False,False,False
vol_concentration,1572,1782,0.0005690207132107047,0.0005690207132107047,0.0028058361391694723,0.0833596446616769,0.00011391476236033531,0.2887206362762365,1570,0.015258883867018007,0.08837738803669737,0.17265597237024008,0.586624203821656,6.841186529274551,0.5002675728855985,0.28872104159031814,1.7362949525903236e-06,-1.2002362076588837,0.0,False,False,False,False,False
vol_momentum_divergence,1572,1782,0.0015642714964173828,0.0015642714964173828,0.010101010101010102,0.08333313132661899,3.702325250782353e-09,0.28867478470870805,1570,0.018534805489259305,0.18354922656695555,0.10098002500979285,0.5394904458598726,4.001154303202523,0.500281023210515,0.28867478471020175,1.9826830369359123e-07,-1.2000302408283476,0.0,False,False,False,False,False
vol_of_vol_20,1572,1782,0.0015521342917441305,0.0015521342917441307,0.010101010101010102,0.08333313496916515,7.800221824667543e-10,0.28867479101779076,1570,0.029836814274863604,0.14893416579202054,0.20033559201271045,0.5668789808917197,7.937942340463339,0.5002810197943764,0.28867479101989296,-1.677888690747042e-17,-1.2000297390847363,0.0,False,False,False,False,False
vol_of_vol_intraday,1572,1782,0.0005718765260749993,0.0005718765260749993,0.005050505050505051,0.08351138767406244,0.00022412671781037424,0.2889831094889802,1570,0.011525738684241149,0.09030293324155787,0.12763415617309035,0.5452229299363057,5.057276953120761,0.4996995421742661,0.2889843724705287,0.0005881819874491322,-1.2004421856768368,0.0,False,False,False,False,False
vol_orthogonal_to_beta,1572,1782,0.0016524447186024795,0.0016524447186024795,0.010101010101010102,0.08333312975203687,9.614225377392618e-09,0.2886747819814481,1570,0.03970069602605457,0.13815871121148587,0.2873557206630488,0.6171974522292993,11.385960522086615,0.5002810480302501,0.2886747819959373,2.09307093539669e-07,-1.2000300538278634,0.0,False,False,False,False,False
vol_quality_defensive,1572,1782,0.003691495103708844,0.003691495103708844,0.023007856341189674,0.0833331335524857,2.735820084776848e-09,0.28867478856402695,1570,-0.019634629000819134,0.14377583007507666,-0.13656418460993305,0.4515923566878981,-5.411113483705191,0.500281623224672,0.2886747885877952,-9.04412268521838e-12,-1.2000299397011376,0.0,False,False,False,False,True
vol_stability,1572,1782,0.0005690207132107047,0.0005690207132107047,0.0028058361391694723,0.08336609873842199,0.00010058623436159022,0.28873182782744533,1570,0.013941320033403677,0.09890215995064719,0.1409607236117036,0.5573248407643312,5.585318540046046,0.5002030538882247,0.28873224899530847,0.0003643632793410562,-1.2003140806425088,0.0,False,False,False,False,False
volatility_120,1572,1782,0.0016331679817684908,0.0016331679817684908,0.010101010101010102,0.08333313492266167,8.408704383261358e-10,0.28867479093724424,1570,0.028849708738926526,0.2150751980527417,0.13413777599708113,0.5426751592356688,5.314971348053129,0.5002810426036988,0.2886747909396855,-1.4932353988488085e-17,-1.200029746257115,0.0,False,False,False,False,False
volatility_20,1572,1782,0.0015507063853119833,0.0015507063853119833,0.010101010101010102,0.08333313496998258,7.792718589479863e-10,0.2886747910192065,1570,0.038348615932716656,0.19680295612341078,0.19485792636503432,0.5719745222929936,7.7208995592243905,0.5002810193924833,0.2886747910213047,-1.5558654845926858e-17,-1.2000297389586683,0.0,False,False,False,False,True
volatility_20_industry_neutral,1572,1782,0.0015507063853119833,0.0015507063853119833,0.010101010101010102,0.08333001354051209,2.2116536563987993e-07,0.28866938448745366,1570,0.031195447624453254,0.11075117481529453,0.28167148273126236,0.6133757961783439,11.160732680649767,0.5002810193924833,0.2886693843554693,-1.769982078741113e-17,-1.1998949631590035,0.0,False,False,False,False,True
volatility_20_neutral,1572,1782,0.0015507063853119833,0.0015507063853119833,0.010101010101010102,0.08330842656448571,3.994423531043821e-07,0.2886319915809869,1570,0.030486682110361436,0.10597027248057708,0.28769089100860085,0.6146496815286624,11.399241052273464,0.5002810193924833,0.28863199208429025,0.0010949686891857154,-1.202754871174316,0.0,False,False,False,False,False
volatility_20_size_neutral,1572,1782,0.00155106336192002,0.0015510633619200199,0.010101010101010102,0.0833314417210227,5.73405403459548e-07,0.2886718582058811,1570,0.038506624532286246,0.18277000081612507,0.21068350582886772,0.5796178343949044,8.347960063182969,0.5002810194929564,0.2886718575778368,2.649378273120456e-12,-1.2000803660535506,0.0,False,False,False,False,False
volatility_5,1572,1782,0.001547136619231615,0.0015471366192316152,0.010101010101010102,0.08333313497196025,7.791581390278327e-10,0.288674791022632,1570,0.03807264835439705,0.1596637315027175,0.2384552083060206,0.5929936305732484,9.448364493296197,0.5002810183877553,0.28867479102472954,-3.4415365382716887e-12,-1.2000297386542012,0.0,False,False,False,False,False
volatility_60,1572,1782,0.0015714110285781192,0.0015714110285781195,0.010101010101010102,0.08333313495811019,7.937494809478367e-10,0.28867479099864296,1570,0.03353665591044453,0.21243847294533277,0.15786526538945037,0.5535031847133758,6.255131011088107,0.500281025220047,0.28867479100081955,-9.083083259446249e-18,-1.2000297407897673,0.0,False,False,False,False,False
volatility_factor_momentum_20,1572,1782,0.015511347572416274,0.015511347572416272,1.0,0.08333311600667158,2.8407394034053246e-08,0.28867475817374333,1550,-0.014520073277184678,0.08964743962011949,-0.16196863333424139,0.4393548387096774,-6.376711471083742,0.5002813784060929,0.28867475818384897,-9.502721371032148e-09,-1.2000294392638788,0.0,False,False,False,False,False
volatility_reversal_interaction,1572,1782,0.0015642714964173828,0.0015642714964173828,0.010101010101010102,0.08333313434348068,2.2114169440076274e-09,0.28867478993407214,1570,0.039989872110582886,0.1680484567509981,0.23796631569093757,0.589171974522293,9.428992990957454,0.500281023210515,0.2886747899367598,2.68696726770819e-08,-1.2000298080203642,0.0,False,False,False,False,False
volatility_term_structure,1572,1782,0.0015714110285781192,0.0015714110285781195,0.010101010101010102,0.08333313495811019,7.937494820566671e-10,0.28867479099864296,1570,-0.019183900519446385,0.10968156091927636,-0.17490542948750873,0.43121019108280256,-6.930317275912375,0.500281025220047,0.28867479100081955,-1.3983197857935194e-17,-1.200029740789767,0.0,False,False,False,False,False
volume_adjusted_momentum_20,1572,1782,0.0015507063853119833,0.0015507063853119833,0.010101010101010102,0.08333313496998258,7.792718683675714e-10,0.28867479101920657,1570,-0.03166944633553288,0.1499057804059805,-0.21126234258455207,0.41656050955414015,-8.370895442488269,0.5002810193924833,0.2886747910213047,-1.8725901160325728e-17,-1.2000297389586683,0.0,False,False,False,False,False
volume_climax,1572,1782,0.0015499924320959097,0.0015499924320959097,0.010101010101010102,0.0833331349703904,7.79065479541168e-10,0.28867479101991295,1570,-0.019652421943844107,0.1067854575064042,-0.18403650087527604,0.42165605095541403,-7.292119776678953,0.5002810191915371,0.28867479102200994,-9.764671734872778e-18,-1.2000297388957744,0.0,False,False,False,False,False
volume_distribution_skew,1572,1782,0.001553562198176278,0.001553562198176278,0.010662177328843996,0.08332403099682553,0.0003549997993859292,0.2886583052083996,1570,-0.031938978012152855,0.14572906275739125,-0.2191668388434272,0.41337579617834397,-8.68409708031495,0.5002810201962707,0.28865901565026425,0.0003376093703579291,-1.2001801862283463,0.0,False,False,False,False,False
volume_dry_up,1572,1782,0.0015499924320959097,0.0015499924320959097,0.010101010101010102,0.0833331349703904,7.790654734504811e-10,0.28867479101991295,1570,-0.023988507097114996,0.0917034239105857,-0.26158791105231466,0.38598726114649684,-10.36495679092202,0.5002810191915371,0.28867479102200994,-1.5202151382950035e-17,-1.2000297388957744,0.0,False,False,False,False,False
volume_momentum_5,1572,1782,0.0015499924320959097,0.0015499924320959097,0.010101010101010102,0.0833331349703904,7.790654728125235e-10,0.28867479101991295,1570,-0.019847197969905108,0.10521547488346585,-0.18863382968985687,0.41337579617834397,-7.4742807730533665,0.5002810191915371,0.28867479102200994,-1.5784019954076618e-17,-1.2000297388957744,0.0,False,False,False,False,False
volume_peak_time,1572,1782,0.0005690207132107047,0.0005690207132107047,0.0028058361391694723,0.07743922899771277,0.007638992530377888,0.2778464926986582,1570,-0.0038781005381391793,0.07148961403977439,-0.05424704819334367,0.4694267515923567,-2.1494430239424336,0.5003276645279191,0.2782785580757462,-0.22501087656276547,-1.304096754815349,0.0,False,False,False,False,False
volume_price_convergence,1572,1782,0.0015503494087039465,0.0015503494087039467,0.010101010101010102,0.0833330938313349,9.678105351980873e-09,0.2886747197648845,1570,-0.02441069747314933,0.13421570412733852,-0.18187661147304665,0.42356687898089174,-7.206537991812753,0.5002810192920102,0.288674719766571,8.844906687279412e-08,-1.200030534806959,0.0,False,False,False,False,False
volume_price_elasticity_20,1572,1782,0.0015646284730254196,0.0015646284730254194,0.010101010101010102,0.08333308191871035,7.91931971464414e-08,0.2886746991315511,1570,-0.009649517962871109,0.13334065356910338,-0.07236741162266973,0.4751592356687898,-2.867430270467778,0.5002810233109909,0.28867469914472516,2.184637281927094e-07,-1.200028479012734,0.0,False,False,False,False,False
volume_price_trend,1572,1782,0.0015632005665932723,0.0015632005665932723,0.010101010101010102,0.08333313496279474,7.924597781015113e-10,0.2886747910067568,1570,-0.029621601732332248,0.13427499163023623,-0.22060401101274033,0.41847133757961785,-8.741042477279672,0.5002810229090877,0.2886747910089262,-1.519879908910538e-17,-1.200029740067302,0.0,False,False,False,False,False
volume_profile_kurt,1572,1782,0.0005690207132107047,0.0005690207132107047,0.0028058361391694723,0.08337378547358294,0.0001211280147297389,0.28874511512450046,1570,0.016008690107085714,0.0635342005346961,0.25196964740814437,0.6044585987261146,9.983850161512132,0.5004132808289083,0.2887461967374756,-0.0003134965256022438,-1.200250055799864,0.0,False,False,False,False,True
volume_profile_skew,1572,1782,0.0005690207132107047,0.0005690207132107047,0.0028058361391694723,0.08336528390677102,0.00011294864057997133,0.28873040309137576,1570,0.01776059573326517,0.06860198711425927,0.25889331315846886,0.6114649681528662,10.25818813090915,0.5003741846083453,0.2887313101022882,-0.00013426490285583945,-1.2001578170569471,0.0,False,False,False,False,False
volume_ratio,1572,1782,0.0015460656894075045,0.0015460656894075045,0.010101010101010102,0.08332150383403751,4.49670927937722e-06,0.28865464446872097,1570,0.010048606175418433,0.09378163780945699,0.10714897297736388,0.556687898089172,4.245587919695345,0.5002810180863383,0.2886546441727321,-0.00014864135216750737,-1.1999755653974158,0.0,False,False,False,False,False
volume_ratio_20,1572,1782,0.0015499924320959097,0.0015499924320959097,0.010101010101010102,0.0833331349703904,7.790654795850187e-10,0.28867479101991295,1570,0.019652421943844107,0.1067854575064042,0.18403650087527604,0.578343949044586,7.292119776678953,0.5002810191915371,0.28867479102200994,-1.5912370818411297e-17,-1.2000297388957744,0.0,False,False,False,False,True
volume_rv_ratio,1572,1782,0.0005718765260749993,0.0005718765260749993,0.005050505050505051,0.083487462895988,0.0002472625428623965,0.2889416467815389,1570,0.038702365737260616,0.16644498666169286,0.2325234692464782,0.6012738853503184,9.213329858859721,0.4998683460890936,0.2889432997621903,0.001426243948082893,-1.200903924925459,0.0,False,False,False,False,True
volume_stability_20,1572,1782,0.0015499924320959097,0.0015499924320959097,0.010101010101010102,0.0833331349703904,7.790654750495394e-10,0.28867479101991295,1570,0.02350351191429517,0.08335088162728575,0.2819827631745296,0.6254777070063694,11.173066615850919,0.5002810191915371,0.28867479102200994,-1.2426073797256109e-17,-1.2000297388957744,0.0,False,False,False,False,False
volume_surge_3d,1572,1782,0.001569983122145972,0.001569983122145972,0.010101010101010102,0.08333313495892627,7.932681430967293e-10,0.28867479100005644,1570,0.030182161854691518,0.12047419283993088,0.25052802715012434,0.6101910828025477,9.926728516925477,0.5002810248181383,0.28867479100223037,-1.2477823408040794e-17,-1.2000297406639076,0.0,False,False,False,False,False
volume_trend_consistency_20,1572,1782,0.0015499924320959097,0.0015499924320959097,0.010101010101010102,0.08207051832772506,0.00014266261967480672,0.28647941688885903,1570,-0.02330286930256245,0.08945137515541172,-0.26050878773049974,0.3910828025477707,-10.322198444186146,0.5002810191915371,0.2864795518806163,-0.000923375464328761,-1.1906448812404524,0.0,False,False,False,False,False
volume_u_shape_score,1572,1782,0.0005690207132107047,0.0005690207132107047,0.0028058361391694723,0.08335306827698682,0.0001186638430904823,0.2887092414182763,1570,-0.0011560378406242774,0.06397869835692158,-0.018069105347767844,0.49872611464968153,-0.7159562360004346,0.5003626742618735,0.28870961458305483,-5.406037411416947e-05,-1.2003033470713367,0.0,False,True,False,False,False
volume_weighted_ret,1572,1782,0.0005690207132107047,0.0005690207132107047,0.0028058361391694723,0.08339505785457373,0.0003967009423050503,0.2887811333198597,1570,-0.022576190728933982,0.11610917565695518,-0.19443933350827836,0.4140127388535032,-7.704313560063303,0.5003343680328267,0.28878234985449674,-7.060617076873176e-05,-1.2001976466387072,0.0,False,False,False,False,False
vwap_deviation,1572,1782,0.0005690207132107047,0.0005690207132107047,0.0028058361391694723,0.08337215133492809,0.00016433414389821258,0.28874221915915843,1570,-0.027240393860150338,0.13860676247492437,-0.19653004928297385,0.4101910828025478,-7.787154462686225,0.5003790342887452,0.28874269121444346,2.020469258268835e-06,-1.2003742294204702,0.0,False,False,False,False,False
vwap_momentum_5d,1572,1782,0.0005765172219794781,0.0005765172219794781,0.003367003367003367,0.08336869979206302,0.00010247708339350299,0.288736330083991,1570,-0.02140322202889612,0.16535755784196648,-0.12943600708805428,0.44331210191082804,-5.128672098263953,0.500395784674548,0.288737030735003,-0.0005335620788199727,-1.2005447036917798,0.0,False,False,False,False,True
weekday_effect,1572,1782,0.0015974703209648078,0.0015974703209648078,0.010101010101010102,0.0833331349431974,8.059136568685197e-10,0.2886747909728132,1570,-0.01954695673064643,0.09542874654985953,-0.20483300302423602,0.42356687898089174,-8.116144271194598,0.5002810325550829,0.28867479097505677,-2.8062544078567844e-17,-1.200029743089746,0.0,False,False,False,False,False
winner_rate,1572,1782,0.0015457087127994677,0.0015457087127994677,0.010101010101010102,0.08333310600986003,4.737918839508233e-08,0.2886747408587272,1570,0.019798455327283013,0.14596704603771626,0.13563647319523964,0.543312101910828,5.374354565110443,0.5002810179858661,0.28867474085951794,-4.882775451244755e-07,-1.200030983707319,0.0,False,False,False,False,True
winner_rate_acceleration,1572,1782,0.0015474935958396518,0.001547493595839652,0.010101010101010102,0.08333312409028348,4.041234034366004e-09,0.2886747721749919,1570,-0.015595746900757,0.12590034543990727,-0.12387374193664076,0.45286624203821657,-4.908277211810188,0.5002810184882278,0.2886747721768069,-2.502488965859878e-09,-1.2000297054200162,0.0,False,False,False,False,False
winner_rate_change_5d,1572,1782,0.0015474935958396518,0.001547493595839652,0.010101010101010102,0.08333312409028348,4.04123403621492e-09,0.2886747721749919,1570,0.015595746900757,0.12590034543990727,0.12387374193664076,0.5471337579617834,4.908277211810188,0.5002810184882278,0.2886747721768069,2.502488934714955e-09,-1.2000297054200162,0.0,False,False,False,False,True
winner_rate_factor_momentum_20,1572,1782,0.015506349899903758,0.01550634989990376,1.0,0.0833331305166833,7.741870529998665e-09,0.2886747833058564,1550,-0.011404223241793238,0.12808665971292907,-0.08903521465352177,0.46064516129032257,-3.505319906230811,0.5002813769777067,0.2886747833061484,1.0462512122517372e-09,-1.2000298810736707,0.0,False,False,False,False,False
winner_rate_momentum_5d,1572,1782,0.0015474935958396518,0.001547493595839652,0.010101010101010102,0.08333312409028348,4.04123403621492e-09,0.2886747721749919,1570,0.015595746900757,0.12590034543990727,0.12387374193664076,0.5471337579617834,4.908277211810188,0.5002810184882278,0.2886747721768069,2.502488934714955e-09,-1.2000297054200162,0.0,False,False,False,False,True
winner_rate_neutral,1572,1782,0.0015457087127994677,0.0015457087127994677,0.010101010101010102,0.08330853384691905,4.823401410263327e-07,0.28863217742694747,1570,0.015401562914484275,0.08813837702865207,0.17474298295142793,0.5662420382165605,6.923880620179551,0.5002810179858661,0.288632177948108,-0.001089875249449158,-1.2027427630951686,0.0,False,False,False,False,False
winner_rate_reversal_divergence,1572,1782,0.0015474935958396518,0.001547493595839652,0.010101010101010102,0.06461495969463231,0.004435239251412424,0.2540383588442904,1570,0.02465402234099125,0.1595928184484167,0.1544807753925336,0.5522292993630573,6.121026600696088,0.5002808246718559,0.25419447793066036,-0.09733863099721006,-1.007939446160781,0.0,False,False,False,False,False
winner_rate_reversal_signal,1572,1782,0.0015457087127994677,0.0015457087127994677,0.010101010101010102,0.08333310249163163,9.295357732960782e-08,0.2886747347649352,1570,0.019815870867934304,0.14597573812751274,0.13574770110512982,0.543312101910828,5.378761773667285,0.5002810179858661,0.28867473476592515,-6.812630755906496e-07,-1.2000314359142386,0.0,False,False,False,False,True
working_capital_rank,1572,1782,0.0021415026716129345,0.0021415026716129345,0.018518518518518517,0.0833255831215399,1.9753907729621528e-07,0.28866171052188894,1570,-0.001200049928840709,0.07211779239649366,-0.016640136767401312,0.4961783439490446,-0.6593358916905548,0.5002811857740032,0.2886617102413771,0.00027096186187111556,-1.2002443271555436,0.0,False,True,False,False,False
working_capital_to_assets,1572,1782,0.0021415026716129345,0.0021415026716129345,0.018518518518518517,0.08332546768846258,1.7925414120237857e-07,0.2886615105766029,1570,0.002415358642579934,0.10401597837040423,0.023221034695061604,0.49872611464968153,0.9200922943517841,0.5002811857740032,0.2886615107295784,-0.00027516830276050574,-1.2002478587882157,0.0,False,True,False,False,False
z_score_china,1572,1782,0.0021415026716129345,0.0021415026716129345,0.018518518518518517,0.0833313939752095,2.392253914327089e-06,0.2886717754787261,1570,-0.00915876640382946,0.13983668405271896,-0.06549616408507349,0.4961783439490446,-2.5951692797346433,0.5002811857740032,0.28867178293107554,-0.00010440898630095159,-1.2003025809020238,0.0,False,True,False,False,False
