priority_rank,factor,tier,reason,nan_ratio,rank_icir,rank_ic_mean,xs_std_mean,flag_high_nan,flag_low_ic,flag_low_variance,flag_redundant
1,ext_dt_buy_concentration,1,zero_variance,0.9956616632825285,,,4.13320576855981e-17,True,False,True,False
2,ext_dt_sell_concentration,1,zero_variance,0.9902706025479563,,,1.0106419518057246e-16,True,False,True,False
3,ext_debt_to_equity_conversion,1,zero_variance,0.0021415026716129345,,,8.662988336295862e-15,False,False,True,False
4,ext_right_of_use_assets_ratio,1,zero_variance,0.0021415026716129345,,,8.662988336295862e-15,False,False,True,False
5,lease_leverage,1,zero_variance,0.0021415026716129345,,,8.662988336295862e-15,False,False,True,False
6,ext_oil_gas_assets_to_assets,1,zero_variance,0.0021415026716129345,,,8.662988336295862e-15,False,False,True,False
7,ext_st_bonds_payable_to_assets,1,zero_variance,0.0021415026716129345,,,8.662988336295862e-15,False,False,True,False
8,ext_invest_loss_unconf_to_equity,1,zero_variance,0.0021415026716129345,,,8.662988336295862e-15,False,False,True,False
9,ext_fair_value_fin_assets_ratio,1,zero_variance,0.0021415026716129345,,,8.662988336295862e-15,False,False,True,False
10,ext_lease_liability_ratio,1,zero_variance,0.0021415026716129345,,,8.662988336295862e-15,False,False,True,False
11,ext_bonds_due_within_year,1,zero_variance,0.0021415026716129345,,,8.662988336295862e-15,False,False,True,False
12,ext_cost_fin_assets_to_assets,1,zero_variance,0.0021415026716129345,,,8.662988336295862e-15,False,False,True,False
13,ext_deferred_inc_to_assets,1,zero_variance,0.0021415026716129345,,,8.662988336295862e-15,False,False,True,False
14,ext_accrued_expenses_to_assets,1,zero_variance,0.0021415026716129345,,,8.662988336295862e-15,False,False,True,False
15,ext_adj_lossgain_ratio,1,zero_variance,0.00216791894060766,,,8.716239491548239e-15,False,False,False,False
16,ext_profit_distribution_rate,1,zero_variance,0.00216791894060766,,,8.716239491548239e-15,False,False,False,False
17,ext_pref_dividend_commitment,1,zero_variance,0.00216791894060766,,,8.716239491548239e-15,False,False,False,False
18,ext_continu_oper_np_ratio,1,zero_variance,0.00216791894060766,,,8.716239491548239e-15,False,False,False,False
19,ext_common_dividend_coverage,1,zero_variance,0.00216791894060766,,,8.716239491548239e-15,False,False,False,False
20,ext_legal_surplus_withdraw_ratio,1,zero_variance,0.00216791894060766,,,8.716239491548239e-15,False,False,False,False
21,credit_impair_risk,1,zero_variance,0.00216791894060766,,,8.716239491548239e-15,False,False,False,False
22,ext_capitalized_dividend_ratio,1,zero_variance,0.00216791894060766,,,8.716239491548239e-15,False,False,False,False
23,ext_net_fin_assets_remeasurement,1,zero_variance,0.00216791894060766,,,8.716239491548239e-15,False,False,False,False
24,ext_termin_oper_np_ratio,1,zero_variance,0.00216791894060766,,,8.716239491548239e-15,False,False,False,False
25,ext_prf_reserve_to_profit,1,zero_variance,0.0021639921979192548,,,8.75197567796429e-15,False,False,False,False
26,ext_nca_disploss_to_revenue,1,zero_variance,0.002572373437513387,,,9.731472060186065e-15,False,False,False,False
27,ext_credit_impairment_ratio,1,zero_variance,0.002572373437513387,,,9.731472060186065e-15,False,False,False,False
28,ext_pn_op_profit_margin,1,zero_variance,0.002572373437513387,,,9.731472060186065e-15,False,False,False,False
29,ext_oth_income_to_revenue,1,zero_variance,0.002572373437513387,,,9.731472060186065e-15,False,False,False,False
30,cs_spread_20,1,zero_variance,0.0015621296367691617,,,1.1929247524773231e-14,False,False,False,False
31,turn_of_month_effect,1,zero_variance,0.0015457087127994677,,,1.195664997601716e-14,False,False,False,False
32,dt_smart_money_tracking,1,zero_variance,0.0015457087127994677,,,1.195664997601716e-14,False,False,False,False
33,day_of_week_effect,1,zero_variance,0.0015457087127994677,,,1.195664997601716e-14,False,False,False,False
34,month_start_effect_3m,1,zero_variance,0.0015457087127994677,,,1.195664997601716e-14,False,False,False,False
35,ext_dt_institution_quality,1,zero_variance,0.001547136619231615,,,1.1962299965964362e-14,False,False,False,False
36,pledge_tail_risk,1,zero_variance,0.006940339213452021,,,1.2621230043556774e-14,False,False,False,False
37,factor_anti_crowding,1,zero_variance,0.0,,,2.19824158875781e-14,False,False,False,True
38,sector_diversification,1,zero_variance,0.0,,,2.19824158875781e-14,False,False,False,True
39,factor_crowding_proxy_20,1,zero_variance,0.0,,,2.19824158875781e-14,False,False,False,True
40,concept_concentration,1,zero_variance,0.0,,,2.19824158875781e-14,False,False,False,True
41,factor_outlier_frequency,1,zero_variance,0.018447837150127225,,,2.19824158875781e-14,False,False,False,False
42,ocf_profit_ratio,2,all_nan,1.0,,,,True,False,False,False
43,ext_top_list_float_mv_scale,3,high_nan,0.9922825227108518,-0.015221078124096113,-0.004239936797641407,0.28592048785902746,True,True,False,False
44,ext_top_list_amount_ratio,3,high_nan,0.9909874115768942,0.02362418082946741,0.006112155437445517,0.287323693187872,True,True,False,False
45,ext_top_list_seat_concentration,3,high_nan,0.9909874115768942,0.023755004642341787,0.006145323522962471,0.2873241862157618,True,True,False,False
46,ext_dt_direction_consensus,3,high_nan,0.9902498979046901,0.013585171388736533,0.0034760853859112342,0.27120317665836796,True,True,False,False
47,ext_limit_open_count_ratio,3,high_nan,0.9877649837361457,0.017143007407493773,0.003973755202210003,0.28623391763767925,True,True,False,False
48,ext_limit_first_seal_speed,3,high_nan,0.9877635558297135,0.09262249828542433,0.021935388140112488,0.28730874256677263,True,False,False,False
49,ext_limit_seal_duration,3,high_nan,0.9877635558297135,0.019866110137716917,0.0044524893908142234,0.28653713770361594,True,True,False,False
50,ext_limit_final_seal_speed,3,high_nan,0.9877635558297135,0.07502843162487569,0.01762982183216155,0.28738815589100347,True,False,False,False
51,limit_up_quality_composite,3,high_nan,0.983386665638574,-0.07994905906037296,-0.01936984536823772,0.28783516603339393,True,False,False,False
52,limit_first_time_signal,3,high_nan,0.9795024031665253,0.005125729052352167,0.001156782067344558,0.2877735663640864,True,True,False,False
53,limit_open_frequency_20d,3,high_nan,0.9785482046932429,-0.07955829800831916,-0.01591910216756456,0.28793864860972085,True,False,False,False
54,limit_turnover_intensity,3,high_nan,0.976059006805402,0.010602491541945511,0.002320652973261845,0.2884359775795851,True,True,False,False
55,limit_up_next_day_gap,3,high_nan,0.9707507646438944,0.04967336693774416,0.010097542469298518,0.2884163011483254,True,True,False,False
56,ext_top_list_net_seat_flow,3,high_nan,0.9673648415166651,-0.08827849044260826,-0.012893965055625312,0.28862362534032704,True,False,False,False
57,ext_top_list_buy_sell_imbalance,3,high_nan,0.9673648415166651,-0.08827849044260826,-0.012893965055625312,0.28862362534032704,True,False,False,False
58,ext_dt_buy_sell_ratio,3,high_nan,0.9640628078923245,-0.03611054971603199,-0.00513987365196606,0.25974244671698443,True,True,False,False
59,ext_dt_net_buy_pressure,3,high_nan,0.9639146625999891,-0.028273225434685318,-0.003976898057835653,0.26018511102041647,True,True,False,True
60,ext_limit_seal_flow_ratio,3,high_nan,0.9368147834008733,-0.22541098952545527,-0.031742688677880326,0.2886141144897414,True,False,False,False
61,ext_limit_seal_quality,3,high_nan,0.9319181352684321,-0.1793746395496507,-0.022849472023951,0.2886526870091376,True,False,False,False
62,index_weight_acceleration,3,high_nan,0.8041894060765986,0.10090230608445204,0.014709820834916999,0.2837208953180121,True,False,False,False
63,index_weight_momentum_coupling,3,high_nan,0.8010190968206236,0.16455445478538264,0.029295427305217978,0.288673582679528,True,False,False,False
64,index_weight_change,3,high_nan,0.800674971370476,0.38195339917407933,0.05675911192327327,0.28864040605071173,True,False,False,False
65,index_weight_trend_3m,3,high_nan,0.800674971370476,0.24103902020430204,0.03686842104177759,0.288659586751472,True,False,False,False
66,index_weight_seasonality,3,high_nan,0.800674971370476,-0.007182621085180083,-0.000887509947198855,0.2886300731105758,True,True,False,False
67,index_rebalance_anticipation,3,high_nan,0.800674971370476,0.3784843735012002,0.054851700026259116,0.28864191573620335,True,False,False,True
68,index_weight_change_mom,3,high_nan,0.8005161167798996,0.5515033676287625,0.08654472844870092,0.14843125160392806,True,False,False,False
69,index_marginal_contribution,3,high_nan,0.8001248704174913,0.0823556109727097,0.01087754579646545,0.28867360278164467,True,False,False,False
70,index_sector_neutral_weight,3,high_nan,0.7997814589205599,0.07090147493129634,0.006114924555245034,0.28867356774293584,True,False,False,False
71,index_passive_flow_estimate,3,high_nan,0.7997814589205599,0.07474751118772213,0.010839901242613947,0.2886712630782484,True,True,False,False
72,index_passive_demand_pressure,3,high_nan,0.7997814589205599,0.07385927769644528,0.010719055053965804,0.2886723508405246,True,True,False,True
73,index_exclusion_risk,3,high_nan,0.7850729517396184,0.13562648669738667,0.014450611845319513,0.2813726627167941,True,False,False,False
74,uf_net_debt_to_ebitda,3,high_nan,0.7423492773365546,0.0039425657603327224,0.000409405158291997,0.28866822661885183,True,True,False,False
75,ext_cash_balance_change,3,high_nan,0.6869136659212995,0.026962787450963508,0.0018985482806856576,0.2886701286063912,True,True,False,False
76,ext_working_capital_change_cf,3,high_nan,0.6847025528111194,0.07849862319611953,0.0061992252620878836,0.2886701138164709,True,False,False,False
77,ext_right_of_use_dep_cf_supp,3,high_nan,0.6847025528111194,-0.04838767297001924,-0.0041363701946193765,0.24200761841015747,True,True,False,False
78,ext_deferred_tax_change_cf,3,high_nan,0.6847025528111194,-0.005872759688687313,-0.0003946315946492545,0.2886439201429586,True,True,False,False
79,ext_net_cash_from_securities,3,high_nan,0.6847025528111194,-0.04484226864444786,-0.004250941949473284,0.06954125232063058,True,True,False,False
80,ext_credit_impairment_cf_supp,3,high_nan,0.6847025528111194,-0.008764779772910642,-0.0006154128226741703,0.2659316786103002,True,True,False,False
81,ext_imputed_ocf_adjustment,3,high_nan,0.6847025528111194,-0.057770580212212284,-0.004320366173335783,0.2886701138269611,True,False,False,False
82,ext_depreciation_provision_ratio_cf,3,high_nan,0.6847025528111194,-0.029985637358861145,-0.003304980974702168,0.28809906501997284,True,True,False,False
83,ext_fair_value_loss_cf,3,high_nan,0.6847025528111194,-0.04538720177323103,-0.0036015990710359064,0.28132163847082864,True,True,False,False
84,index_weight_rank_composite,3,high_nan,0.5276771103743114,0.06504803566675013,0.00833173273450352,0.288671358156101,True,True,False,False
85,pb_percentile_5y,3,high_nan,0.24850890870823017,0.18739277602706514,0.028991469711364674,0.28863912886308896,True,False,False,False
86,short_sell_concentration,3,high_nan,0.211751741331894,-0.08935307171609666,-0.010478776064674926,0.28867333781982024,True,False,False,False
87,long_term_debt_ratio,4,low_ic,0.0021415026716129345,1.961776619469174e-05,1.5656202140947067e-06,0.28448994491372886,False,True,False,True
88,value_momentum_divergence,4,low_ic,0.004458994810988026,6.7643139563327e-05,1.1582467391962927e-05,0.2886747875583265,False,True,False,True
89,solvency_margin,4,low_ic,0.07576792807920883,-9.39712080666319e-05,-3.636806109228339e-06,0.19436112589559568,False,True,False,False
90,roe_factor_momentum_60,4,low_ic,0.04028802300642843,-0.00021602903405616025,-1.0939403972959388e-05,0.27160284137779844,False,True,False,False
91,dividend_payable_ratio,4,low_ic,0.0021415026716129345,0.00036623876188796376,2.1637784712344403e-05,0.2574189083022589,False,True,False,False
92,momentum_value_resonance,4,low_ic,0.004533602922067723,0.0005345909124349517,8.982567979898468e-05,0.2886747861852637,False,True,False,False
93,sector_beta_60,4,low_ic,0.0,-0.0007742055762172235,-0.00013240471346732737,0.2900382231522672,False,True,False,False
94,margin_leverage_ratio,4,low_ic,0.14577996533043183,0.0009036364826529959,0.0001310196252476116,0.2886747631371589,False,True,False,False
95,margin_to_float_mv,4,low_ic,0.14577996533043183,0.0009036364826529959,0.0001310196252476116,0.2886747631371589,False,True,False,True
96,margin_balance_to_float_mv,4,low_ic,0.14577996533043183,-0.0009036364826529959,-0.0001310196252476116,0.2886747631371589,False,True,False,False
97,ext_equity_to_asset_factor,4,low_ic,0.00476135399799522,-0.0009096332621766525,-8.043169813664374e-05,0.2886747765408421,False,True,False,True
98,ext_debt_to_equity_factor,4,low_ic,0.0021415026716129345,0.000931913563647323,8.175570784200743e-05,0.28867477877431674,False,True,False,True
99,debt_to_equity_rank,4,low_ic,0.0021415026716129345,0.000931913563647323,8.175570784200743e-05,0.28867477877431674,False,True,False,True
100,pledge_pressure_index,4,low_ic,0.006940339213452021,-0.001305808885039607,-0.00013924593194423963,0.1530916723689973,False,True,False,False
101,ext_ca_turnover_factor,4,low_ic,0.0021415026716129345,0.001308936661683324,0.00011550188047131046,0.28866181525156126,False,True,False,True
102,ca_turn,4,low_ic,0.0021415026716129345,0.001308936661683324,0.00011550188047131046,0.28866181525156126,False,True,False,False
103,assets_to_eqt,4,low_ic,0.0021415026716129345,0.001417974351726146,0.00012436553846809645,0.2886747802213827,False,True,False,True
104,short_sell_to_turnover,4,low_ic,0.14577996533043183,-0.0016840837346748577,-0.00021928884715240068,0.2848221997488094,False,True,False,False
105,notes_receivable_ratio,4,low_ic,0.0021415026716129345,-0.0017337834003574558,-0.00017675501733822172,0.28229505470910493,False,True,False,False
106,gross_margin,4,low_ic,0.0021415026716129345,0.0019794594904882076,0.00024366413694810224,0.2886597912521073,False,True,False,False
107,debt_to_equity,4,low_ic,0.0021415026716129345,-0.0019854990320072436,-0.0001812488686296987,0.28867479041055305,False,True,False,True
108,ext_dp_assets_to_equity,4,low_ic,0.0021415026716129345,-0.002109224734031421,-0.000197981098191129,0.2886747798581127,False,True,False,True
109,operating_cf_to_total_inflow,4,low_ic,0.0021415026716129345,0.002261867245654693,9.3560924525938e-05,0.28867465190884106,False,True,False,False
110,equity_yoy,4,low_ic,0.0021415026716129345,-0.0023243898598037838,-0.0002512719890618223,0.28867478293807564,False,True,False,False
111,ext_dividend_payout_cf,4,low_ic,0.0021415026716129345,0.0025531462015881442,0.0001188156740179602,0.2886508552020662,False,True,False,False
112,non_operating_profit_ratio,4,low_ic,0.002181484051713059,-0.0027390684158078386,-0.00021393043665795408,0.2886747903693495,False,True,False,False
113,debt_to_assets,4,low_ic,0.0021415026716129345,-0.0030418529916646122,-0.0002683114755845597,0.2886747901240314,False,True,False,True
114,fundflow_retail_inst_divergence,4,low_ic,0.0036090335072523367,0.0031112410188748347,0.00014123302745134374,0.2886746512446322,False,True,False,False
115,dual_margin_signal,4,low_ic,0.145035312126067,-0.0031583136195695587,-0.00029434040577571536,0.28867470866291245,False,True,False,False
116,fx_impact_on_cash,4,low_ic,0.0021932642797782747,0.0032109699099574923,0.00017017874931687162,0.28767868173976663,False,True,False,False
117,factor_crowding_warning,4,low_ic,0.018447837150127225,-0.0033490439150538217,-0.00022423043860495196,0.2653351863960268,False,True,False,False
118,factor_consistency_score,4,low_ic,0.018447837150127225,0.00343098773153757,0.00022975608777686557,0.265327836829508,False,True,False,False
119,labor_intensity,4,low_ic,0.002572373437513387,0.0035378570091637225,0.0003556797162055197,0.28867478998386054,False,True,False,True
120,factor_regime_change_60,4,low_ic,0.0,-0.0035761860778813622,-0.0003406918648268275,0.2760039524172511,False,True,False,False
121,chip_flow_momentum_triple,4,low_ic,0.003627953267478289,0.003633441892442998,0.00035305241715395734,0.28867478895207327,False,True,False,False
122,ext_employee_pay_to_revenue,4,low_ic,0.002572373437513387,-0.0037851638020231612,-0.0003806093086943436,0.28867478998386054,False,True,False,False
123,ext_total_operating_outflow_to_revenue,4,low_ic,0.002572373437513387,0.004025109850835661,0.00031417493547980497,0.28867478998386054,False,True,False,False
124,nca_to_assets,4,low_ic,0.0021415026716129345,-0.0041967283614910275,-0.0003671682868257191,0.2886618595045067,False,True,False,True
125,non_current_asset_ratio,4,low_ic,0.0021415026716129345,-0.004324632485600136,-0.00037818663226816466,0.2886616598503963,False,True,False,False
126,noncurrent_exint_rank,4,low_ic,0.0021415026716129345,-0.004676761944240541,-0.00033162134307868844,0.28865938430576665,False,True,False,True
127,roe_stability_8q_neutral,4,low_ic,0.00217577242598447,0.0048364310611499145,0.0005103002109408733,0.28852553739457015,False,True,False,False
128,non_current_liab_ratio,4,low_ic,0.0021415026716129345,-0.004841331966331195,-0.00034317016127736566,0.2886591834037527,False,True,False,False
129,asset_growth,4,low_ic,0.0021871956774416486,0.004863076769728989,0.00017617357797629222,0.04161678057643296,False,True,False,False
130,reversal_vol_coupling,4,low_ic,0.0015549901046084252,0.004970007314020613,0.000870471735508561,0.2886747897561407,False,True,False,False
131,total_borrowings_ratio,4,low_ic,0.0021415026716129345,-0.005034533256544905,-0.00037488358025427666,0.2885612018239669,False,True,False,False
132,upper_shadow_ratio,4,low_ic,0.0015457087127994677,0.005236249844758264,0.0004970311442444159,0.28826786653472314,False,True,False,False
133,ext_intangible_assets_ratio,4,low_ic,0.0021415026716129345,-0.005636286314359053,-0.0004066497655277803,0.28867479041055305,False,True,False,False
134,intan_assets_ratio,4,low_ic,0.0021415026716129345,-0.005636286314359053,-0.0004066497655277803,0.28867479041055305,False,True,False,True
135,ext_inventory_turnover_factor,4,low_ic,0.0021415026716129345,0.0056942190865421185,0.00043202811040500143,0.2886504564351779,False,True,False,False
136,inv_turn,4,low_ic,0.0021415026716129345,0.0056942190865421185,0.00043202811040500143,0.2886504564351779,False,True,False,True
137,sector_cipin_concentration,4,low_ic,0.0,-0.005953808267865004,-0.0008500931614868928,0.28787275270697715,False,True,False,False
138,eqt_to_debt_rank,4,low_ic,0.0021415026716129345,-0.005975014320232663,-0.0005481933936402156,0.2886747810596522,False,True,False,True
139,pledge_liquidation_risk,4,low_ic,0.006940339213452021,0.006182193781701101,0.00044251861392249214,0.27243996701007744,False,True,False,False
140,ext_ebitda_margin_is,4,low_ic,0.002572373437513387,0.006223043343591874,0.00023752955741173038,0.19455376695404186,False,True,False,False
141,altman_z_score,4,low_ic,0.0021415026716129345,0.006246361570887935,0.0005771219462420704,0.28867479041055305,False,True,False,False
142,ebitda_to_ev_neutral,4,low_ic,0.003686854407804365,-0.006283769998605812,-0.0003522363457217035,0.2879629909167416,False,True,False,False
143,advance_receipts_ratio,4,low_ic,0.002572373437513387,0.00631105444030402,0.0003961117768654984,0.25685211115129314,False,True,False,True
144,net_debt_ratio,4,low_ic,0.0021415026716129345,-0.006319846228637205,-0.000520399873767523,0.2886747903455772,False,True,False,False
145,net_margin_stability_8q,4,low_ic,0.00217577242598447,-0.006623610067729256,-0.00022128957374536922,0.09345565381063188,False,True,False,False
146,sustainable_growth_rate,4,low_ic,0.0021415026716129345,-0.0067620698037237905,-0.0007407390452446382,0.28867478552974646,False,True,False,False
147,ext_tb_assets_ratio,4,low_ic,0.0021415026716129345,-0.006945379501193783,-0.0006195137813674223,0.28866171024798193,False,True,False,True
148,ret_kurt_20,4,low_ic,0.0015507063853119833,0.00790484410774862,0.0005625193469310538,0.28867479101920657,False,True,False,False
149,free_cf_yield,4,low_ic,0.004215179787698872,-0.00793865412956337,-0.0004336244998530074,0.2886747883179542,False,True,False,False
150,gap_up_ratio_20d,4,low_ic,0.0015499924320959097,-0.008196542720260054,-0.0007586384496996397,0.2863657837473197,False,True,False,False
151,ext_long_term_debt_ratio,4,low_ic,0.0021415026716129345,-0.008211602154029569,-0.0006765476403557613,0.28448994491372886,False,True,False,False
152,revenue_ps_rank,4,low_ic,0.0021415026716129345,-0.00825599094323931,-0.000784567198671205,0.2886747867572167,False,True,False,True
153,ext_equity_yoy_factor,4,low_ic,0.0021415026716129345,0.008397567695936466,0.000843095884980485,0.2886747888024374,False,True,False,False
154,total_revenue_ps,4,low_ic,0.0021415026716129345,-0.00840468991947884,-0.0007992308764356543,0.2886747867770474,False,True,False,False
155,sector_fund_flow_heat_5d,4,low_ic,0.0,0.008561610070905558,0.0012080882677098902,0.28439746641707164,False,True,False,False
156,mf_open_close_divergence_10d,4,low_ic,0.0036179579224532576,-0.008609988559415058,-0.0005749486766555758,0.2886747889702877,False,True,False,False
157,investment_intensity,4,low_ic,0.0021415026716129345,0.00882272015056869,0.0005229906632123185,0.2886747903359764,False,True,False,False
158,ar_turn,4,low_ic,0.0021415026716129345,-0.00888612664214974,-0.000962755356012498,0.28865914974273976,False,True,False,False
159,ext_ar_turnover_factor,4,low_ic,0.0021415026716129345,-0.00888612664214974,-0.000962755356012498,0.28865914974273976,False,True,False,True
160,contract_assets_ratio,4,low_ic,0.0021415026716129345,-0.008940687737745385,-0.0006122058016246762,0.22972537417802222,False,True,False,False
161,ext_contract_assets_ratio,4,low_ic,0.0021415026716129345,-0.008940687737745385,-0.0006122058016246762,0.22972537417802222,False,True,False,True
162,sector_concentration_risk,4,low_ic,0.0015460656894075045,-0.009123085539876374,-0.0011168675469264435,0.28858404072261057,False,True,False,False
163,taxes_payable_ratio,4,low_ic,0.002572373437513387,0.00914254783330375,0.0007829315288465876,0.28867478998386054,False,True,False,False
164,mf_flow_reversal_20d,4,low_ic,0.0036261683844381045,-0.009246827660895785,-0.0009447213891652504,0.288674788961764,False,True,False,False
165,borrowing_to_cash_inflow,4,low_ic,0.09485189754485768,-0.009255144351893115,-0.0004976233389448672,0.28530555657700085,False,True,False,False
166,gmi,4,low_ic,0.04789947824298969,0.009728083231708429,0.0003004386777167443,0.016759971993612743,False,True,False,False
167,ebitda_to_ev,4,low_ic,0.003686854407804365,0.009814268355646335,0.00043604010398813674,0.19252723916020048,False,True,False,True
168,tang_asset_to_debt,4,low_ic,0.0021415026716129345,-0.00984999569615345,-0.0008968379047084655,0.2886617022718832,False,True,False,False
169,margin_flow_reversal_5d,4,low_ic,0.14643466042957137,-0.009918455402187828,-0.00033227332455499123,0.23291111724360547,False,True,False,False
170,admin_expense_ratio,4,low_ic,0.002572373437513387,0.009966450151237923,0.0008300867629278976,0.28867478998386054,False,True,False,False
171,ext_other_operating_cf_in_to_revenue,4,low_ic,0.002572373437513387,-0.010173006935182334,-0.000685898248608991,0.28867478998386054,False,True,False,False
172,cash_cycle,4,low_ic,0.0021415026716129345,0.01022894100745106,0.00023960035287468956,0.20848291151524614,False,True,False,False
173,ext_advance_receipts_ratio,4,low_ic,0.0021415026716129345,0.010476345269323301,0.0006249170035853022,0.2568824772787998,False,True,False,False
174,ext_total_fa_turnover,4,low_ic,0.0021415026716129345,-0.010632919321671406,-0.000756506517330555,0.2886747809554304,False,True,False,False
175,concept_rotation_signal,4,low_ic,0.0005611672278338945,0.010708961454972117,0.0018309114633880972,0.28867477449268353,False,True,False,False
176,ebitda_margin_rank,4,low_ic,0.0021415026716129345,-0.010738155125562037,-0.00043043807485565493,0.1925811612040702,False,True,False,True
177,ext_ebitda_margin_factor,4,low_ic,0.0021686328938237335,-0.010738155125562037,-0.00043043807485565493,0.1925829470559665,False,True,False,True
178,sector_rotation_accel_5d,4,low_ic,0.0,-0.010755072011229818,-0.0012905466646790822,0.2818554644026096,False,True,False,False
179,ext_roic_factor,4,low_ic,0.0021415026716129345,0.010763813439339139,0.0012385813485314148,0.28866137691065397,False,True,False,True
180,roic,4,low_ic,0.0021415026716129345,0.010763813439339139,0.0012385813485314148,0.28866137691065397,False,True,False,True
181,ext_nca_within_1y_to_assets,4,low_ic,0.0021415026716129345,-0.011079463637342938,-0.000434927239475434,0.21620817789622992,False,True,False,False
182,bp_mom_resonance,4,low_ic,0.004458994810988026,0.011363769387013408,0.0006741506315922702,0.2886747869622877,False,True,False,False
183,gross_margin_stability_8q_ext,4,low_ic,0.0031985104080099838,0.01136925427098295,0.0003809817500370712,0.13357063099182376,False,True,False,False
184,sentiment_fundamental_gap,4,low_ic,0.008648829259516282,0.011375990165123862,0.0011713025476919306,0.288674783807745,False,True,False,False
185,cash_flow_quality_composite,4,low_ic,0.002624135045678727,0.011700388339217289,0.000558320496541163,0.1727996611110381,False,True,False,False
186,holder_price_divergence,4,low_ic,0.006817896236895389,0.011877441666961355,0.0003033103041451551,0.04216455097372513,False,True,False,False
187,ext_roic_yearly_signal,4,low_ic,0.0021415026716129345,0.011944572116672122,0.0014391681819954263,0.28866137699341293,False,True,False,True
188,ebit_ps_rank,4,low_ic,0.0021415026716129345,0.01204682676917042,0.0015385894781720915,0.2886614922722208,False,True,False,False
189,ext_tax_refund_to_revenue,4,low_ic,0.002572373437513387,-0.012080038218775551,-0.0012852288618344834,0.2869237870516524,False,True,False,False
190,size_quality_divergence,4,low_ic,0.003686854407804365,-0.012103881156693641,-0.002072076304141242,0.2886747882143399,False,True,False,True
191,downside_beta_60,4,low_ic,5.390346781356111e-05,-0.012137822875037722,-0.002243228979109129,0.28867479235641624,False,True,False,False
192,small_quality_premium,4,low_ic,0.003686854407804365,-0.012168038791425806,-0.0020832641211629864,0.28867478866950047,False,True,False,False
193,ext_const_materials_to_assets,4,low_ic,0.0021415026716129345,-0.012292935964897663,-0.0006144746545851826,0.09807600826669953,False,True,False,False
194,price_impact_intraday,4,low_ic,0.0005690207132107047,0.01248175902943337,0.0016246059931591089,0.2885659090211636,False,True,False,False
195,ext_capitalized_to_da_factor,4,low_ic,0.0021415026716129345,0.01285920362012873,0.00048150843637668285,0.19677655027879817,False,True,False,False
196,sector_beta_change_20,4,low_ic,0.0,-0.013016038771116761,-0.0018716350951085469,0.2880069607785306,False,True,False,False
197,sector_corr_to_leader_20,4,low_ic,0.0,-0.013056695023508395,-0.0019624478110529062,0.29133988162510566,False,True,False,False
198,ext_cip_total_to_assets,4,low_ic,0.0021415026716129345,-0.013094207816127105,-0.001218373163399431,0.28847824807249123,False,True,False,False
199,intraday_lower_shadow,4,low_ic,0.039946039415929155,0.013485243721771824,0.001130543851167143,0.28821836443740506,False,True,False,False
200,dt_pattern_momentum,4,low_ic,0.0015478505724476886,-0.013539869968760667,-0.002230422679691184,0.288674791021933,False,True,False,False
201,roa_stability_8q_ext,4,low_ic,0.04755356790980201,-0.013598709935174404,-0.00046979810557398397,0.060614148276890614,False,True,False,False
202,deferred_tax_liab_ratio,4,low_ic,0.0021415026716129345,-0.013801822923061252,-0.0005522941429924375,0.2880797482102902,False,True,False,True
203,sector_advance_decline_20,4,low_ic,0.0,0.013980633937216479,0.001706180077688426,0.2933080104112696,False,True,False,False
204,pe_to_eps_growth_neutral,4,low_ic,0.003686854407804365,0.01400426964769357,0.0005282106924442228,0.28865905638451,False,True,False,False
205,tax_rate_change_4q,4,low_ic,0.0021871956774416486,0.014292903713701108,0.00040017698607626136,0.039888832459135416,False,True,False,False
206,pe_to_eps_growth,4,low_ic,0.003686854407804365,0.01453897391963166,0.0007561778078175137,0.28795495863419446,False,True,False,False
207,ebitda_rank,4,low_ic,0.0021415026716129345,-0.014609956161460819,-0.0006717553543004709,0.1925811612040702,False,True,False,True
208,ext_biz_tax_surchg_to_revenue,4,low_ic,0.002572373437513387,0.014645778400923931,0.0009680181514415331,0.28867478998386054,False,True,False,False
209,sector_corr_stability_60,4,low_ic,0.0,-0.015081637850766423,-0.001737088187161883,0.2951386958766725,False,True,False,False
210,fcf_conversion,4,low_ic,0.0021786282388487647,0.015089305554514378,0.0005712407188274707,0.2840394580266491,False,True,False,False
211,cf_short_debt_cover,4,low_ic,0.0021415026716129345,-0.015190716100991083,-0.001081204487830219,0.2886618105810428,False,True,False,False
212,chip_above_below_ratio,4,low_ic,0.010365172790957354,-0.0156804018164109,-0.0011254368212999868,0.28867464859598285,False,True,False,False
213,intraday_reversal_intensity,4,low_ic,0.0015503494087039465,-0.01591869411654609,-0.0013916293619537418,0.2886553051380259,False,True,False,True
214,tax_burden,4,low_ic,0.002572373437513387,-0.016002578976848886,-0.0014665485068477066,0.28867478998386065,False,True,False,True
215,ext_tax_paid_to_pretax,4,low_ic,0.0021686328938237335,0.01601327155470099,0.0014605920827444239,0.28867479038199395,False,True,False,False
216,ext_div_receiv_to_assets,4,low_ic,0.0021415026716129345,0.016088511106523408,0.0009752106707119126,0.1851402997800131,False,True,False,False
217,ext_extra_item_to_profit,4,low_ic,0.002181484051713059,0.0160910104616719,0.0007987893216926939,0.28867479036934945,False,True,False,False
218,roa,4,low_ic,0.0021415026716129345,0.01613295083174009,0.0018856597311456968,0.2886616560060028,False,True,False,True
219,ext_roa_factor,4,low_ic,0.0021415026716129345,0.01613295083174009,0.0018856597311456968,0.2886616560060028,False,True,False,True
220,sector_mc_share_change_20,4,low_ic,0.0,-0.016150797385744264,-0.002419876681701578,0.28698092884336224,False,True,False,False
221,mf_flow_factor_momentum_20,4,low_ic,0.01756931771774859,-0.016463328725419675,-0.001760987618784206,0.28867477872296066,False,True,False,False
222,rd_to_revenue_growth,4,low_ic,0.003239919694542256,0.016539311358241535,0.0004857143668646965,0.038662806747598887,False,True,False,False
223,working_capital_rank,4,low_ic,0.0021415026716129345,-0.016640136767401312,-0.001200049928840709,0.28866171052188894,False,True,False,False
224,fcf_yield_neutral,4,low_ic,0.003686854407804365,0.016641107474631777,0.0005535950596798825,0.2886230183419082,False,True,False,False
225,minority_gain_ratio,4,low_ic,0.00216791894060766,-0.01712356265748264,-0.0008719156260577948,0.2885414263515585,False,True,False,False
226,ext_oth_ncl_opacity,4,low_ic,0.0021415026716129345,-0.017224111376484594,-0.0007256086815032255,0.20634390771774583,False,True,False,False
227,index_inclusion_probability,4,low_ic,0.0015460656894075045,-0.017427000561941436,-0.0024861605381377,0.22860359912275435,False,True,False,False
228,uf_deferred_tax_liab_ratio,4,low_ic,0.0021415026716129345,-0.017503618790448077,-0.0006111481479646179,0.2880797482102903,False,True,False,False
229,cash_to_assets,4,low_ic,0.0021415026716129345,-0.017804522447911142,-0.0011974477949119864,0.28867349526847585,False,True,False,False
230,ext_cash_to_assets,4,low_ic,0.0021415026716129345,-0.017804522447911142,-0.0011974477949119864,0.28867349526847585,False,True,False,True
231,volume_u_shape_score,4,low_ic,0.0005690207132107047,-0.018069105347767844,-0.0011560378406242774,0.2887092414182763,False,True,False,False
232,ext_roe_avg_signal,4,low_ic,0.0021415026716129345,0.0181712230866882,0.001141314307990237,0.2004691927772768,False,True,False,False
233,ext_capex_to_revenue,4,low_ic,0.002572373437513387,-0.018191265745678493,-0.0011111865430849617,0.28867478998386054,False,True,False,False
234,roa2_yearly,4,low_ic,0.0021415026716129345,0.018389693395625822,0.002252966768083074,0.288661656418384,False,True,False,True
235,ext_investing_cf_ratio,4,low_ic,0.04154993531583862,-0.018431859036885358,-0.0008610989643861691,0.2886747704825861,False,True,False,False
236,fix_asset_ratio,4,low_ic,0.0021415026716129345,0.018511370911866935,0.0011835945479590755,0.28636628729701863,False,True,False,True
237,ext_fixed_assets_ratio,4,low_ic,0.0021415026716129345,-0.018511370911866935,-0.0011835945479590755,0.2863662872970188,False,True,False,False
238,rjump_daily,4,low_ic,0.0005690207132107047,-0.018526881250538984,-0.0020272853993008725,0.2885500034815139,False,True,False,False
239,dupont_roe_decomposition,4,low_ic,0.0021415026716129345,0.018835450465582344,0.0019295331132433212,0.2886747499475714,False,True,False,False
240,depr_amort_to_revenue,4,low_ic,0.002572373437513387,0.019091929823313432,0.0006286542424266754,0.21200944624335755,False,True,False,True
241,tang_asset_to_int_debt,4,low_ic,0.0021415026716129345,-0.019300049423073614,-0.0016967889581071653,0.2885863996357108,False,True,False,True
242,sgi,4,low_ic,0.0025837966889705652,0.01932987071617138,0.0005921880428038539,0.016509615687573014,False,True,False,False
243,sector_turnover_divergence,4,low_ic,0.0,0.01946037878945623,0.002790600216136427,0.2856288998943572,False,True,False,False
244,index_weight_gini,4,low_ic,0.0870608830744539,-0.01952195500860615,-0.0018278022022559376,0.270186606191642,False,True,False,False
245,quick_ratio,4,low_ic,0.0021415026716129345,-0.01966009213486498,-0.0019435463084545245,0.2886655838215944,False,True,False,True
246,ext_quick_ratio_factor,4,low_ic,0.0021415026716129345,-0.01966009213486498,-0.0019435463084545245,0.2886655838215944,False,True,False,False
247,mf_cumulative_flow_20d,4,low_ic,0.0036261683844381045,-0.019667018094975657,-0.0025488166960785773,0.28867478896215415,False,True,False,False
248,index_overlap_premium,4,low_ic,0.0870608830744539,0.020133138505052724,0.002460967735653093,0.2498490041142569,False,True,False,False
249,bp_x_mom_20,4,low_ic,0.00445399713847551,-0.020179085796747907,-0.0035308074574551787,0.2886747867621345,False,True,False,False
250,shadow_asymmetry,4,low_ic,0.0015457087127994677,-0.020204488165578332,-0.002094157955984373,0.28862771497645245,False,True,False,False
251,ext_investment_withdrawal_ratio,4,low_ic,0.04154993531583862,0.02041427182980245,0.0008497816644286789,0.2826449622802742,False,True,False,False
252,index_weight_diversification,4,low_ic,0.0870608830744539,0.020463830172673107,0.002574571973058243,0.270322451399803,False,True,False,False
253,ext_free_cashflow_raw,4,low_ic,0.003686854407804365,0.02054081560581637,0.0010502823823792134,0.2845435997154874,False,True,False,True
254,fcf_to_equity,4,low_ic,0.003686854407804365,0.02054081560581637,0.0010502823823792134,0.2845435997154874,False,True,False,True
255,fcf_yield,4,low_ic,0.003686854407804365,0.02054081560581637,0.0010502823823792134,0.2845435997154874,False,True,False,True
256,roe_momentum_4q,4,low_ic,0.0021871956774416486,0.020616870071181667,0.0008687928135089689,0.0421780843618324,False,True,False,False
257,earnings_momentum_4q,4,low_ic,0.002232174730054289,-0.020644431443414532,-0.0008572318028840778,0.05881687516640629,False,True,False,False
258,bps_yoy,4,low_ic,0.0021415026716129345,0.02066749545306208,0.0019255092146398588,0.2886747884573171,False,True,False,False
259,ext_bps_yoy_factor,4,low_ic,0.0021415026716129345,0.02066749545306208,0.0019255092146398588,0.2886747884573171,False,True,False,True
260,momentum_value_resonance_deep,4,low_ic,0.004458994810988026,0.020720215639121513,0.0032905041457598158,0.2886747877671235,False,True,False,False
261,invest_capital_turnover,4,low_ic,0.04696098674046087,-0.02078733837974159,-0.0024640435039752747,0.28867476691162924,False,True,False,False
262,holder_num_change_acceleration,4,low_ic,0.003467313793861716,-0.02105654885679979,-0.0006637656970170033,0.05177987384998752,False,True,False,False
263,sector_multi_dimension_score,4,low_ic,0.0,-0.02105689497424165,-0.0028194437307480003,0.2869625301379983,False,True,False,False
264,cash_ratio,4,low_ic,0.0021415026716129345,-0.02105780321805867,-0.00227021349697046,0.2886618484887301,False,True,False,False
265,ext_cash_ratio_factor,4,low_ic,0.0021415026716129345,-0.02105780321805867,-0.00227021349697046,0.2886618484887301,False,True,False,True
266,financing_dependency,4,low_ic,0.0021415026716129345,-0.021108572315167697,-0.0006704888425135633,0.2884770251242197,False,True,False,False
267,pledge_ratio_acceleration,4,low_ic,0.005418547933391021,0.021199686376757388,0.0008584605678617448,0.005451035035876803,False,True,False,False
268,ext_profit_to_op_factor,4,low_ic,0.0021415026716129345,-0.021213174552837562,-0.0019124481207223286,0.28867478955561005,False,True,False,False
269,ext_equity_to_interest_debt,4,low_ic,0.0021415026716129345,-0.022188516066376823,-0.001988158286234506,0.28857591902443397,False,True,False,False
270,sector_relative_pe_20,4,low_ic,0.0,0.022460067774220664,0.002944182864938625,0.2961189714265322,False,True,False,False
271,uf_working_capital_to_assets,4,low_ic,0.04696098674046087,0.022626392922770952,0.0019365148100983632,0.28867476691162924,False,True,False,False
272,equity_to_invested_capital,4,low_ic,0.0021415026716129345,-0.022696895885489825,-0.0023248268089206777,0.28865780226736965,False,True,False,False
273,ext_depreciation_to_revenue,4,low_ic,0.002572373437513387,-0.022717764480242323,-0.0007774293387890158,0.21179488981132186,False,True,False,False
274,ext_estimated_liab_to_assets,4,low_ic,0.0021415026716129345,-0.022833004569238848,-0.0012712938509286094,0.2622865557823535,False,True,False,False
275,ext_roa_dp_signal,4,low_ic,0.0021415026716129345,0.023085771531895834,0.002759248104521422,0.2886747862439856,False,True,False,True
276,ext_financial_expense_to_revenue_fi,4,low_ic,0.0021415026716129345,0.023148746629239936,0.0019131663026428654,0.28866072552429495,False,True,False,True
277,working_capital_to_assets,4,low_ic,0.0021415026716129345,0.023221034695061604,0.002415358642579934,0.2886615105766029,False,True,False,False
278,assets_turn,4,low_ic,0.0021415026716129345,-0.023252737023802556,-0.002020310994079779,0.28867472531755756,False,True,False,False
279,ext_assets_turnover_factor,4,low_ic,0.0021415026716129345,-0.023252737023802556,-0.002020310994079779,0.28867472531755756,False,True,False,True
280,financial_expense_ratio,4,low_ic,0.002572373437513387,0.0235755155096518,0.0019373669959878304,0.28866108043871225,False,True,False,False
281,ext_profit_prefin_exp_ratio,4,low_ic,0.002181484051713059,0.02367058202464358,0.0025943718024165115,0.2886617200190916,False,True,False,False
282,npta,4,low_ic,0.0021415026716129345,0.02405416028316665,0.002890542948470688,0.28867478694258775,False,True,False,True
283,ext_roa_yearly_signal,4,low_ic,0.0021415026716129345,0.024117741859231778,0.0030023952900606345,0.28867478711335276,False,True,False,False
284,ext_hfs_assets_to_assets,4,low_ic,0.0021415026716129345,0.024444538347537525,0.0006404430874265592,0.10734022506166237,False,True,False,False
285,financial_health_composite,4,low_ic,0.0021415026716129345,0.024481416214697273,0.002143688873818893,0.2886747904021595,False,True,False,False
286,value_quality_momentum_triple,4,low_ic,0.006599783529384886,0.024631236102212333,0.003967838583932479,0.28867478591666895,False,True,False,False
287,cost_skew_momentum_5d,4,low_ic,0.02160351036517279,0.024637248522316052,0.0010428082661424758,0.2848076857629239,False,True,False,False
288,index_weight_concentration,4,low_ic,0.13775370327533176,0.024845424042994686,0.0030224209696963484,0.2604745447819918,False,True,False,False
289,chip_cost_skew,4,low_ic,0.01584297884128249,-0.02494449708176805,-0.0021361724141730734,0.28856638362765813,False,True,False,True
290,sector_momentum_reversal_5d,4,low_ic,0.0,-0.025095306866412263,-0.0035094731727137807,0.28862023794181996,False,True,False,False
291,expense_control,4,low_ic,0.002572373437513387,0.025470475295738284,0.00261094454027356,0.28867478998386054,False,True,False,False
292,governance_risk_composite,4,low_ic,0.010717508703089703,0.025541161194163164,0.002277609480616995,0.2886747808219627,False,True,False,True
293,quality_composite_golden,4,low_ic,0.0021415026716129345,0.025560387221183145,0.0030113799995585494,0.2886747688594399,False,True,False,False
294,am_pm_return_ratio,4,low_ic,0.000666475327204759,0.025639484865355614,0.001955207299671348,0.28735247262468605,False,True,False,False
295,op_to_debt_rank,4,low_ic,0.0021415026716129345,0.02574195245429119,0.0027749681924306266,0.28867455588237234,False,True,False,True
296,ext_ebit_to_revenue_fi,4,low_ic,0.0021415026716129345,0.02580010041226502,0.002386266819208775,0.28866168573178086,False,True,False,False
297,ebit_rank,4,low_ic,0.0021415026716129345,0.025823248614879415,0.0036212422323677364,0.28866171052188905,False,True,False,False
298,holder_dispersion_index,4,low_ic,0.005324663085477335,-0.02586467792412935,-0.002551163446471715,0.2886747849320991,False,True,False,False
299,ext_interest_income_ratio,4,low_ic,0.002181484051713059,0.026052050312248207,0.0020243283009850244,0.2885560955388055,False,True,False,False
300,cash_from_sales_to_revenue,4,low_ic,0.002572373437513387,-0.026142109587722347,-0.0013885106462318668,0.2886618211553536,False,True,False,False
301,bps_rank,4,low_ic,0.0021415026716129345,0.02619249924392047,0.0031297511209201346,0.2886747866816756,False,True,False,False
302,tr_yoy,4,low_ic,0.0021415026716129345,0.02632542631716718,0.0021931052301529556,0.2886747901232735,False,True,False,True
303,cogs_ratio,4,low_ic,0.0021415026716129345,0.02652632942668742,0.0026467016478668114,0.28866063159883565,False,True,False,False
304,gross_margin_neutral,4,low_ic,0.0021415026716129345,0.026737319147971218,0.003062305475546947,0.2886326521803001,False,True,False,False
305,holder_retail_inst_ratio,4,low_ic,0.006870371798276802,-0.026744367664493965,-0.004347898246166002,0.28867478569883914,False,True,False,True
306,avg_holding_mv,4,low_ic,0.006870371798276802,-0.026744367664493965,-0.004347898246166002,0.28867478569883914,False,True,False,True
307,cash_adequacy_ratio,4,low_ic,0.04718838083978033,0.026766619356336042,0.0018747981391078537,0.2886747759272461,False,True,False,False
308,ext_current_ratio_factor,4,low_ic,0.0021415026716129345,-0.02688149568928237,-0.0026895525444710954,0.288665600017179,False,True,False,True
309,current_ratio,4,low_ic,0.0021415026716129345,-0.02688149568928237,-0.0026895525444710954,0.288665600017179,False,True,False,False
310,ebitda_to_debt_rank,4,low_ic,0.0021415026716129345,-0.026976905752221888,-0.0011389158364668952,0.1925787514663206,False,True,False,False
311,concept_turnover_heat,4,low_ic,0.0005611672278338945,-0.027071099668232894,-0.004158798319153713,0.28867478615013864,False,True,False,False
312,or_yoy,4,low_ic,0.0021415026716129345,0.02715565249622458,0.0022509320102831886,0.2886747900763899,False,True,False,True
313,ext_revenue_yoy_factor,4,low_ic,0.0021415026716129345,0.02715565249622458,0.0022509320102831886,0.2886747900763899,False,True,False,True
314,ext_receivables_to_assets,4,low_ic,0.0021415026716129345,0.02716571176556799,0.004268818095059499,0.2886597523218834,False,True,False,True
315,ext_sg_and_a_to_revenue,4,low_ic,0.002572373437513387,0.027203923816752427,0.003043771836591061,0.28867478998386054,False,True,False,False
316,chip_cr3_momentum,4,low_ic,0.0016146051981505757,0.027253443095750566,0.0021103193821666684,0.28867479029243875,False,True,False,False
317,rd_expense_to_revenue,4,low_ic,0.002572373437513387,-0.027404728787730547,-0.004791533042785362,0.2883845163584249,False,True,False,False
318,rd_intensity,4,low_ic,0.002572373437513387,-0.027404728787730547,-0.004791533042785362,0.2883845163584249,False,True,False,True
319,equity_vs_debt_financing,4,low_ic,0.0021415026716129345,-0.027456826707583877,-0.0015227992432957649,0.2884682095881254,False,True,False,False
320,assets_impair_risk,4,low_ic,0.00216791894060766,0.027460821958579525,0.002452298670330261,0.28341750651228464,False,True,False,False
321,index_membership_count,4,low_ic,0.06846240179573512,-0.027559003945882288,-0.001185826863859964,0.05993001766489219,False,True,False,False
322,cost_distribution_skew,4,low_ic,0.006973538037999446,-0.027686619116377556,-0.002378238396682241,0.2885696166130945,False,True,False,False
323,operating_profit_to_ebt,4,low_ic,0.0021415026716129345,0.027747909100731154,0.002522538229833346,0.2882018499950527,False,True,False,False
324,roe,4,low_ic,0.0021415026716129345,0.0278339059559398,0.003635799083992862,0.28867478381447176,False,True,False,True
325,ext_op_to_liquid_debt,4,low_ic,0.0021415026716129345,0.02783709397747841,0.002976232858620492,0.28866129496146337,False,True,False,False
326,ext_roe_yearly_signal,4,low_ic,0.0021415026716129345,0.027871121614325377,0.003822134899979738,0.28867478389826157,False,True,False,True
327,quality_composite,4,low_ic,0.0021415026716129345,0.02799875585121898,0.0037313770298248714,0.21694883752791042,False,True,False,False
328,ext_q_impairment_burden,4,low_ic,0.0021415026716129345,0.02806604872920197,0.002234691477683976,0.2816028001333219,False,True,False,False
329,capex_to_assets,4,low_ic,0.0021415026716129345,0.0284566591340738,0.002679507029553137,0.2886747904105532,False,True,False,False
330,receivable_pressure,4,low_ic,0.0021415026716129345,0.028545929864041295,0.0044882136097463094,0.2886594460593353,False,True,False,False
331,net_interest_margin,4,low_ic,0.002572373437513387,0.02855969140927655,0.002313677617990102,0.2886380439422061,False,True,False,False
332,factor_relative_value_spread,4,low_ic,0.004440432027370111,0.02859124651417114,0.004409882726512067,0.28867462815615436,False,True,False,False
333,gross_profitability,4,low_ic,0.0021415026716129345,0.02859161859127431,0.003491815319223141,0.28867479041055316,False,True,False,False
334,ext_networking_capital_to_assets_fi,4,low_ic,0.04696098674046087,0.02859620026279927,0.0024668565085480486,0.28867476691162924,False,True,False,False
335,chip_range_normalized,4,low_ic,0.0015457087127994677,-0.02863977634544531,-0.0026707760010519993,0.28867399727694576,False,True,False,False
336,roe_waa,4,low_ic,0.0021415026716129345,0.028738213197302104,0.0037750836197319613,0.2886745152502457,False,True,False,False
337,mom_20_minus_mom_60,4,low_ic,0.0016438772800095956,0.028855320114912385,0.0047466190698063375,0.2886747528471794,False,True,False,False
338,dsri,4,low_ic,0.04989640538834771,-0.02899922394213931,-0.0009248453022299375,0.016609914637974836,False,True,False,False
339,holder_concentration_volatility,4,low_ic,0.003192084829065321,0.029048748875852945,0.001236223414137002,0.07729702694156908,False,True,False,False
340,anchoring_to_52w_high,4,low_ic,0.0019412387945042736,-0.029149803292550208,-0.004867622688560349,0.28866219271081145,False,True,False,True
341,price_to_52w_high_dist,4,low_ic,0.0015457087127994677,-0.029187260348951367,-0.004874259083141428,0.2886621936319764,False,True,False,False
342,growth_at_reasonable_price,4,low_ic,0.006581220745766971,-0.02937927607612874,-0.0032220294960207873,0.2886747858021206,False,True,False,False
343,ext_sga_to_revenue,4,low_ic,0.0,0.029442041306446155,0.003574764593375454,0.28867475626639466,False,True,False,True
344,ext_daa_to_revenue,4,low_ic,0.0021686328938237335,0.02944732447920312,0.0012439983865596223,0.1968546139411006,False,True,False,False
345,roe_neutral,4,low_ic,0.0021415026716129345,0.029502155520313825,0.0027763068553914943,0.28863233755084927,False,True,False,False
346,sector_eps_leadership,4,low_ic,0.0021415026716129345,0.029502155520313825,0.0027763068553914943,0.28863233755084927,False,True,False,True
347,asset_turn_neutral,4,low_ic,0.0021415026716129345,0.029603669796315,0.0012475185591871874,0.28863265487603645,False,True,False,False
348,quality_growth_nonlinear,4,low_ic,0.0037050602148142437,0.02973876205006227,0.0017883679732801023,0.288674788442754,False,True,False,False
349,holder_avg_mv,4,low_ic,0.006870371798276802,-0.029805117496838996,-0.004895049665038513,0.28867478569883914,False,True,False,False
350,ext_invest_real_estate_to_assets,4,low_ic,0.0021415026716129345,-0.02982979354110243,-0.0018683902832323975,0.2814229649104396,False,True,False,False
351,tang_asset_to_net_debt,4,low_ic,0.0021415026716129345,-0.029871289712070648,-0.0016247607340327643,0.27501221875968557,False,True,False,False
352,breakout_60,4,low_ic,0.001569983122145972,-0.030219123827892325,-0.005575055095896059,0.28867252285595696,False,True,False,False
353,ext_assets_yoy_factor,4,low_ic,0.0021415026716129345,0.030285675994241278,0.00248921985543537,0.2886747893180739,False,True,False,True
354,assets_yoy,4,low_ic,0.0021415026716129345,0.030285675994241278,0.00248921985543537,0.2886747893180739,False,True,False,False
355,undistributed_profit_ps,4,low_ic,0.0021415026716129345,0.030294386442380562,0.003841922066834596,0.28867478712362526,False,True,False,True
356,eps_rank,4,low_ic,0.0021415026716129345,0.030380192066411495,0.004453412710570634,0.2886700319220696,False,True,False,False
357,ebit_to_interest,4,low_ic,0.0021415026716129345,0.03040132906209392,0.0020974316417647033,0.2835363844839294,False,True,False,False
358,ext_interest_coverage_factor,4,low_ic,0.0021415026716129345,0.03040132906209392,0.0020974316417647033,0.2835363844839294,False,True,False,True
359,beta_60,4,low_ic,0.0003548347483886076,0.030443637418648636,0.00650356444789246,0.2886747921990388,False,True,False,False
360,float_mv_ratio,4,low_ic,0.0015460656894075045,0.03058335080059939,0.003144747320123771,0.2886747867337337,False,True,False,False
361,free_float_ratio,4,low_ic,0.0015460656894075045,-0.03058335080059939,-0.003144747320123771,0.2886747867337337,False,True,False,True
362,index_style_exposure_growth,4,low_ic,0.0021415026716129345,0.03070271958596328,0.0036251180229464495,0.28867471245294896,False,True,False,True
363,quality_growth_resonance,4,low_ic,0.0021415026716129345,0.03070627398344276,0.0036256338657582143,0.2886747165417348,False,True,False,False
364,ext_gross_margin_factor,4,low_ic,0.0021415026716129345,-0.030930031775700795,-0.0026350299089401073,0.2886594644302998,False,True,False,False
365,ext_undistributed_profit_ratio,4,low_ic,0.0021415026716129345,0.030942677070527922,0.003332243837109723,0.28867479041055316,False,True,False,True
366,ext_q_sga_ratio_fi,4,low_ic,0.0,0.03113629163695566,0.0036627365994564283,0.28867474788251074,False,True,False,False
367,payroll_burden,4,low_ic,0.002572373437513387,-0.031177549031742285,-0.002144129314048255,0.28867478998386054,False,True,False,False
368,minority_interest_ratio,4,low_ic,0.00216791894060766,-0.031235492263568195,-0.002119169136873807,0.28853551433211166,False,True,False,True
369,ext_biological_assets_to_assets,4,low_ic,0.0021415026716129345,-0.03125188879070909,-0.0020233224542098266,0.10727421188198337,False,True,False,False
370,depth_quality_composite,4,low_ic,0.0021415026716129345,0.03133188382735624,0.003705430121027686,0.28867477684818177,False,True,False,False
371,lower_shadow_ratio,4,low_ic,0.0015457087127994677,0.03152659238321319,0.0029104042821852475,0.28818465776478147,False,True,False,False
372,ext_asset_impairment_ratio,4,low_ic,0.002572373437513387,0.03184586000048252,0.0027157573543549847,0.2834307515593885,False,True,False,False
373,uf_minority_interest_ratio,4,low_ic,0.00216791894060766,-0.03187170596198668,-0.002167105241619592,0.2885355143321117,False,True,False,False
374,operating_profit_purity,4,low_ic,0.0021639921979192548,0.03195643136852206,0.0009811100635216865,0.2886747752402452,False,True,False,False
375,beta_120,4,low_ic,0.00035554870160468127,0.03195848821526389,0.007118901612807585,0.28867479219817077,False,True,False,False
376,ext_impairment_ttm_ratio,4,low_ic,0.0021686328938237335,0.03206783527729541,0.0029762298616221802,0.28326793908836134,False,True,False,False
377,net_debt_to_ebitda,4,low_ic,0.0021415026716129345,-0.03234815033959679,-0.0033236300905100198,0.28867479041055316,False,True,False,False
378,chip_support_strength_20d,4,low_ic,0.0015457087127994677,-0.03263325636475626,-0.00283351730995995,0.2886715139926005,False,True,False,False
379,ext_q_npta_signal,4,low_ic,0.0021415026716129345,0.03306103869398771,0.003954860269135387,0.2886747838651511,False,True,False,False
380,sector_pe_expansion_20,4,low_ic,0.0,-0.0330817329041561,-0.004446784903651001,0.2912984582242367,False,True,False,False
381,uf_fcf_yield,4,low_ic,0.003686854407804365,0.0331934567425896,0.00185790952813298,0.2886646657322646,False,True,False,False
382,sector_alpha_20,4,low_ic,0.0,-0.033264695960333664,-0.004973629455643476,0.28839607990666943,False,True,False,False
383,gross_profit_to_assets,4,low_ic,0.0021415026716129345,-0.03374489925483532,-0.004934560322010096,0.28865946479175275,False,True,False,False
384,amortization_burden,4,low_ic,0.002572373437513387,0.03382628047688952,0.0011185734676590203,0.21144377340652576,False,True,False,False
385,roa_neutral,4,low_ic,0.0021415026716129345,0.033851744280855744,0.0029723675841984657,0.28863123643930444,False,True,False,False
386,chip_skew_momentum,4,low_ic,0.0016146051981505757,0.03418531011566531,0.002765445109069093,0.2886747909848242,False,True,False,False
387,limit_down_pct_chg,4,low_ic,0.16596770646813055,-0.03421446215396671,-0.0018605046890787414,0.2896188217337983,False,True,False,False
388,retained_earnings_ps,4,low_ic,0.0021415026716129345,0.03424510624383488,0.004440681947513084,0.28867478738742597,False,True,False,False
389,fcf_improvement_4q,4,low_ic,0.00217577242598447,0.03461546076781949,0.0010093980472719447,0.03437722616185649,False,True,False,False
390,long_debt_to_working_capital,4,low_ic,0.0021415026716129345,0.03481358003250828,0.0017660212811904234,0.2867256739239957,False,True,False,False
391,quality_growth_composite,4,low_ic,0.00217577242598447,0.0349926962048345,0.002834109942569176,0.2886747295226709,False,True,False,False
392,roe_dt_neutral,4,low_ic,0.0021415026716129345,0.03534776887980358,0.003439432216591266,0.2886323442485362,False,True,False,False
393,ocf_to_net_debt,4,low_ic,0.0021415026716129345,0.035430383002727155,0.0021076850159535148,0.27500223016743547,False,True,False,False
394,retained_earnings_to_assets,4,low_ic,0.04696098674046087,0.03560093075204917,0.004095069556377459,0.2886747669116293,False,True,False,False
395,roe_dt,4,low_ic,0.0021415026716129345,0.03565082361724732,0.004842195477967971,0.288674783394131,False,True,False,False
396,mf_net_amount_intensity,4,low_ic,0.0036097474604684103,-0.03588342129624249,-0.004518932704022306,0.2886747889784258,False,True,False,False
397,concept_momentum_5d,4,low_ic,0.0005611672278338945,-0.0360442457238275,-0.006601352335964073,0.28867478514170014,False,True,False,True
398,ext_ebit_margin,4,low_ic,0.002572373437513387,0.03612488165684398,0.003618450196515471,0.2886657183042463,False,True,False,False
399,lt_equity_invest_to_assets,4,low_ic,0.0021415026716129345,0.036209160174838516,0.0018670870407759823,0.2881349318089133,False,True,False,False
400,payables_power,4,low_ic,0.048348197839291986,-0.03640909241507481,-0.002508194635053557,0.2886747586462772,False,True,False,False
401,corporate_governance_quality,4,low_ic,0.010727147071506698,0.03647687692385643,0.0032173818977386044,0.2886747805754027,False,True,False,False
402,cash_paid_goods_to_cogs,4,low_ic,0.00216791894060766,0.03655010135714452,0.002212625065852226,0.2886608236974245,False,True,False,False
403,intraday_trend_strength,4,low_ic,0.003566553290895954,-0.036760997856879196,-0.0032254432800792768,0.2886431087042627,False,True,False,True
404,q_sales_qoq,4,low_ic,0.0021415026716129345,0.03702696203013724,0.0018476452949403078,0.28867479010481284,False,True,False,False
405,ext_trade_payables_ratio,4,low_ic,0.0021415026716129345,-0.03714997096202841,-0.003965297268721878,0.2886602669059724,False,True,False,False
406,q_roe,4,low_ic,0.0021415026716129345,0.03716618304510394,0.0047725218551814014,0.288674780203265,False,True,False,False
407,margin_utilization_rate,4,low_ic,0.14486039358812897,-0.03718230074259796,-0.004653046878027425,0.28867476097336425,False,True,False,True
408,margin_concentration_hhi,4,low_ic,0.14486039358812897,-0.03718230074259796,-0.004653046878027425,0.28867476097336425,False,True,False,False
409,sector_leader_gap,4,low_ic,0.0016163900811907597,-0.03739413863120549,-0.004639110929306333,0.28864174585333624,False,True,False,False
410,path_efficiency,4,low_ic,0.0005718765260749993,-0.037565965176322456,-0.0032880284481247865,0.2888460741608134,False,True,False,False
411,short_sell_intensity,4,low_ic,0.14577996533043183,0.03758787715733853,0.004238168884342336,0.2848222077759301,False,True,False,False
412,sector_spillover_impact_20,4,low_ic,0.0,0.03786286799525472,0.005841702408632944,0.2887146416847337,False,True,False,False
413,ext_cfps_factor,4,low_ic,0.003686854407804365,0.03795430347156135,0.001989090731827556,0.2886747887986229,False,True,False,False
414,ext_cash_to_liquid_debt_with_interest,4,low_ic,0.0021415026716129345,-0.03800663101621587,-0.002313171081198317,0.28853603578434595,False,True,False,False
415,ext_other_operating_cf_out_to_revenue,4,low_ic,0.002572373437513387,0.03825146178987676,0.003420473543026889,0.28867478998386054,False,True,False,False
416,ext_salescash_to_or_factor,4,low_ic,0.0021415026716129345,-0.038291202644895564,-0.00218933768283024,0.28866055430115173,False,True,False,False
417,salescash_to_or,4,low_ic,0.0021415026716129345,-0.038291202644895564,-0.00218933768283024,0.28866055430115173,False,True,False,True
418,open_5min_momentum,4,low_ic,0.0005690207132107047,-0.03829601037445376,-0.004579889702323579,0.2886150971448598,False,True,False,False
419,concept_overlap_premium,4,low_ic,0.0005611672278338945,-0.03839904768725891,-0.006964972593026062,0.2886747765624154,False,True,False,False
420,big_order_divergence,4,low_ic,0.0036093904838603737,0.03854240466270688,0.0038552280840387877,0.2886747879057146,False,True,False,False
421,capital_reserve_ps_rank,4,low_ic,0.0021415026716129345,-0.03907363244445926,-0.002777877713424603,0.2886747761169007,False,True,False,False
422,f_score_leverage,4,low_ic,0.0,-0.039161750539150185,-0.002988241121751713,0.21960225577379608,False,True,False,False
423,ext_cash_equivalents_change,4,low_ic,0.0021932642797782747,0.03919799954881428,0.002191099067467376,0.2886747903570302,False,True,False,True
424,cash_change_ratio,4,low_ic,0.0021932642797782747,0.039200272909166625,0.0021909028368840545,0.2886747903570302,False,True,False,False
425,close_to_high_ratio_20,4,low_ic,0.0015499924320959097,-0.039863785018122835,-0.005191514350256124,0.2886747910198156,False,True,False,True
426,ext_dividend_interest_paid_ratio,4,low_ic,0.017134163232551698,0.04015710781311874,0.0023403728358074977,0.224082483707936,False,True,False,False
427,mv_to_ebitda,4,low_ic,0.003686854407804365,0.04016688795879863,0.004794174179278687,0.2886747888619314,False,True,False,False
428,sector_relative_strength_60d,4,low_ic,0.0,-0.04048423423775468,-0.006261693073306123,0.29171935227688495,False,True,False,False
429,short_term_debt_ratio,4,low_ic,0.0021415026716129345,0.04068996282140974,0.0031443123888795646,0.2879274171446239,False,True,False,True
430,ext_short_term_debt_ratio,4,low_ic,0.0021415026716129345,0.04068996282140974,0.0031443123888795646,0.2879274171446239,False,True,False,False
431,netprofit_margin_neutral,4,low_ic,0.0021415026716129345,0.040795588879234665,0.0034011936117503603,0.2886323384824342,False,True,False,False
432,hurst_exponent_60,4,low_ic,0.001967655063498999,-0.04114369600841856,-0.0034557204248089547,0.2886747906028791,False,True,False,False
433,log_circ_mv,4,low_ic,0.0015460656894075045,0.04119943112804484,0.007136859114446884,0.2886747910221253,False,True,False,True
434,ext_op_income_ratio,4,low_ic,0.002181484051713059,0.04169594496576604,0.00548922259139191,0.28867479036934957,False,True,False,False
435,chip_concentration_ma5,4,low_ic,0.0015460656894075045,-0.041926475389647375,-0.003996593435137227,0.28867477904208694,False,True,False,True
436,close_position_intraday_20,4,low_ic,0.001616033104582723,-0.041974800243350846,-0.0054829590266657156,0.2886747909356618,False,True,False,False
437,retail_attention,4,low_ic,0.0036140311797648525,-0.04221418797940132,-0.0024382645710196295,0.28867478881880027,False,True,False,False
438,fcf_yield_size_neutral,4,low_ic,0.003686854407804365,0.04231578099214381,0.001803358616035543,0.2886041823553677,False,True,False,False
439,ulcer_index_20,4,low_ic,0.0015571319642566461,0.04241902212661644,0.007489751030398632,0.2886747910128253,False,True,False,False
440,ext_q_dt_roe_signal,4,low_ic,0.0021415026716129345,0.042459102677971955,0.005612054381735718,0.28867477984952417,False,True,False,False
441,short_cover_rally_signal,4,low_ic,0.14665348709029793,-0.04267595344326339,-0.004618440389940436,0.2886747590519939,False,True,False,False
442,ext_parent_share_of_ni,4,low_ic,0.00216791894060766,0.04274207531659088,0.0023832297884804707,0.2885878133781417,False,True,False,False
443,rd_to_revenue,4,low_ic,0.002572373437513387,-0.04277732164765303,-0.0025979501446452046,0.22648401758280307,False,True,False,False
444,sector_corr_to_market_20,4,low_ic,0.0,0.0428337648832425,0.0047109208004687785,0.2962116235735836,False,True,False,False
445,retained_earnings_ratio,4,low_ic,0.0021415026716129345,0.043089635404176097,0.0047970134577443885,0.2886747904105531,False,True,False,False
446,margin_smart_money_proxy,4,low_ic,0.14665455802012206,0.04334424695463323,0.00301920908183063,0.2886747629392867,False,True,False,False
447,chip_entropy_convergence,4,low_ic,0.0016146051981505757,-0.043652143818070865,-0.003978218303282341,0.2886747909848242,False,True,False,False
448,log_total_mv,4,low_ic,0.0015460656894075045,0.04373277481961843,0.007637213039083998,0.2886747910181039,False,True,False,True
449,index_style_exposure_size,4,low_ic,0.0015460656894075045,-0.04373277481961843,-0.007637213039083998,0.2886747910181039,False,True,False,False
450,inventory_pressure,4,low_ic,0.0021415026716129345,0.04386404006305239,0.004129075085349292,0.2886516207200721,False,True,False,True
451,ext_inventory_to_assets,4,low_ic,0.0021415026716129345,0.04386404006305239,0.004129075085349292,0.2886516207200721,False,True,False,False
452,holder_num_change_qoq,4,low_ic,0.003398060331902571,0.043897256022318996,0.0014300285979407163,0.026015822855451554,False,True,False,False
453,fcfe_yield,4,low_ic,0.003686854407804365,0.044048786345065476,0.0024691049359470986,0.28866151282391544,False,True,False,False
454,sentiment_value_gap,4,low_ic,0.00650375682182298,0.04413110777867247,0.0022849646115431135,0.28867478024957144,False,True,False,False
455,f_score_profitability,4,low_ic,0.0,0.044432675698081125,0.0035643818148765253,0.2543404746314591,False,True,False,False
456,mf_net_inflow_5d,4,low_ic,0.0036126032733327052,-0.04487691104975654,-0.0055445700436107396,0.28867478897559573,False,True,False,False
457,holder_num_stability,4,low_ic,0.005412836307662432,0.04536285845517536,0.0014583858257761716,0.13703804360583152,False,True,False,True
458,asset_turn_stability_8q,4,low_ic,0.00217577242598447,0.04561178956128735,0.0016536520694465154,0.06011120653469555,False,True,False,False
459,holder_change_volatility,4,low_ic,0.005282182869120952,0.045685534116458024,0.0014685328723657918,0.13708022505637818,False,True,False,False
460,effective_tax_by_ebt,4,low_ic,0.0021639921979192548,-0.045735002766802285,-0.0034159841665247054,0.28867470027821357,False,True,False,False
461,fair_value_dependency,4,low_ic,0.00216791894060766,-0.04586980892535626,-0.0026388163306945533,0.2789471915385733,False,True,False,True
462,chip_cost_kurtosis_20d,4,low_ic,0.0015457087127994677,0.046076025970324515,0.003407289779678728,0.2886742088680203,False,True,False,False
463,ext_fair_value_change_ratio,4,low_ic,0.0021639921979192548,-0.04617373836238749,-0.0026552992611218475,0.2789471203952104,False,True,False,False
464,ocf_to_interest_debt,4,low_ic,0.0021415026716129345,0.046213342149716986,0.0033695131513485463,0.2885855780846709,False,True,False,False
465,chip_mode_mean_gap,4,low_ic,0.0016128203151103914,-0.046281289394929766,-0.0032407149504443703,0.2886747909838444,False,True,False,False
466,ext_financing_cf_ratio,4,low_ic,0.09485189754485768,0.046516159605665554,0.0021856960357111974,0.2886747069445103,False,True,False,False
467,ext_fixed_asset_disposal_inflow,4,low_ic,0.04154993531583862,-0.046613265529762464,-0.0018108710957216345,0.2881280723382513,False,True,False,False
468,sector_up_volume_ratio_20,4,low_ic,0.0,-0.046916668831985475,-0.006923207581618928,0.29103209859322837,False,True,False,False
469,profit_volatility_8q,4,low_ic,0.00217577242598447,0.047026403504896334,0.001713481186774205,0.06061430322619206,False,True,False,False
470,chip_dispersion,4,low_ic,0.0016128203151103914,0.0473234361817176,0.006406048067744998,0.2886747909865827,False,True,False,False
471,ext_valuechange_income_ratio,4,low_ic,0.002181484051713059,-0.047617247663144305,-0.004843087630062502,0.2886615539374366,False,True,False,False
472,price_efficiency_ratio_20,4,low_ic,0.0015592738239048672,-0.04779218177720437,-0.004801740055247536,0.2886747531434898,False,True,False,False
473,associate_invest_income_ratio,4,low_ic,0.0021639921979192548,-0.047824695190274887,-0.0025119883379866015,0.28605407472066335,False,True,False,False
474,financing_cf_gap,4,low_ic,0.0021415026716129345,0.04827758408994966,0.0023248684035479476,0.28867343459310174,False,True,False,False
475,tax_burden_ratio,4,low_ic,0.0021415026716129345,-0.04868207612304069,-0.004064830191633088,0.2881683067247067,False,True,False,False
476,tax_to_ebt,4,low_ic,0.0021415026716129345,-0.04868207612304069,-0.004064830191633088,0.2881683067247067,False,True,False,True
477,chip_dispersion_width,4,low_ic,0.0015457087127994677,-0.04882678794448215,-0.004663520183067032,0.2886742985836951,False,True,False,True
478,chip_concentration,4,low_ic,0.0015457087127994677,-0.04882678794448215,-0.004663520183067032,0.2886742985836951,False,True,False,False
479,rv_term_structure_slope,4,low_ic,0.0005718765260749993,-0.048843478034008174,-0.004841466282521229,0.28889305117111685,False,True,False,False
480,mom_x_winner,4,low_ic,0.0015642714964173828,0.04920805874147305,0.004911557982656687,0.2886747862379563,False,True,False,False
481,roe_stability_8q,4,low_ic,0.00217577242598447,0.04926171657035929,0.0017888799663023992,0.060585821525305415,False,True,False,False
482,dividend_sustainability,4,low_ic,0.043402286934941726,0.04932186752968082,0.002697338030566663,0.2707405757229772,False,True,False,False
483,holder_num_change_4q,4,low_ic,0.0033962754488623867,0.04958124687405385,0.0016526080948378213,0.10219227230949271,False,True,False,False
484,mom_120_skip5,4,low_ic,0.0019108957828211433,-0.049811022166484864,-0.00904724305865303,0.28867478043672956,False,True,False,False
485,rv_hourly_4,4,low_ic,0.0005690207132107047,0.04999398576378164,0.006323737234370531,0.2886184124764224,False,True,False,False
486,sector_breadth_20,4,low_ic,0.0015457087127994677,-0.0505120108721337,-0.007755980170910188,0.2874146932545041,False,True,False,False
487,ext_capital_contribution_cf,4,low_ic,0.09485189754485768,-0.05114726128530443,-0.0023909458537364975,0.25602955886957973,False,True,False,False
488,margin_cost_burden,4,low_ic,0.14679877656976895,0.051196693970099585,0.0088697640586384,0.2886747593424656,False,True,False,False
489,chip_cost_asymmetry,4,low_ic,0.0033744998757721406,-0.05151780376758471,-0.00582492281313313,0.2886598584553039,False,True,False,True
490,ext_subsidiary_acquisition_outflow,4,low_ic,0.0034198359049928176,-0.051861371940528166,-0.002068680526910572,0.16018467805409634,False,True,False,False
491,current_debt_ratio,4,low_ic,0.0021415026716129345,0.05202883831944528,0.005185850689100179,0.2886618550151537,False,True,False,False
492,chip_skewness_ratio,4,low_ic,0.001888406256514823,-0.0520303936480022,-0.005885422695264369,0.28865995750750967,False,True,False,False
493,margin_net_flow_acceleration,4,low_ic,0.1457349862778192,-0.05244669326186946,-0.002566123634197667,0.2886747608343629,False,True,False,False
494,net_mf_flow_persistence,4,low_ic,0.0036126032733327052,-0.052493896604223426,-0.005674826377920691,0.27754426483794936,False,True,False,True
495,mf_net_persistent_5d,4,low_ic,0.0036126032733327052,-0.052493896604223426,-0.005674826377920691,0.27754426483794936,False,True,False,False
496,ocf_coverage,4,low_ic,0.0021415026716129345,0.05287868011878701,0.004457984782574015,0.28866138422110726,False,True,False,True
497,sector_new_low_ratio_20,4,low_ic,0.0,-0.05293215614917247,-0.006786503754608857,0.28093335661826185,False,True,False,False
498,chip_concentration_neutral,4,low_ic,0.0015457087127994677,-0.05337414964422032,-0.0035533626731447474,0.2886325768414661,False,True,False,False
499,ext_investment_income_ratio,4,low_ic,0.0021639921979192548,-0.053445159029926255,-0.0032030928400232877,0.2886524821514095,False,True,False,False
500,ext_current_assets_ratio,4,low_ic,0.0021415026716129345,-0.053698005907229604,-0.005865980068160562,0.2886616598503963,False,True,False,True
501,ca_to_assets,4,low_ic,0.0021415026716129345,-0.05380668567399198,-0.005877756981207888,0.28866185950450657,False,True,False,False
502,ext_oth_debt_invest_to_assets,4,low_ic,0.0021415026716129345,0.05420860300229158,0.005321674535276335,0.11760121786331967,False,True,False,False
503,ext_debt_invest_to_assets,4,low_ic,0.0021415026716129345,0.05598888427046425,0.004542100123541618,0.153469700556823,False,True,False,False
504,trend_quality_composite,4,low_ic,0.0015507063853119833,-0.05625184951267361,-0.008293173832377819,0.2886747467858443,False,True,False,False
505,chip_momentum_confirmation,4,low_ic,0.0016313830987283065,-0.05630012963140615,-0.00804316405862557,0.2886747903172846,False,True,False,True
506,ext_operating_profit_to_revenue_fi,4,low_ic,0.0021415026716129345,0.05667669258230171,0.006864554219614516,0.2886747896711979,False,True,False,True
507,netprofit_margin,4,low_ic,0.0021415026716129345,0.05764108356398818,0.006842488635417555,0.2886747897459827,False,True,False,False
508,factor_rolling_ir_proxy,4,low_ic,0.0,0.05864691590812995,0.006523897458829155,0.28243119011605006,False,True,False,False
509,accruals_to_assets,4,low_ic,0.0021415026716129345,0.058853718577871264,0.004958184116405693,0.2886747904105531,False,True,False,False
510,ext_capital_reserve_ratio,4,low_ic,0.0021415026716129345,0.05958251046003268,0.005927819180850858,0.28867478744662417,False,True,False,True
511,ext_bond_issuance_ratio,4,low_ic,0.09485189754485768,0.05965384319410862,0.0066393585858939485,0.12732298220898633,False,True,False,False
512,ext_prepayment_to_assets,4,low_ic,0.0021415026716129345,0.05982898209768723,0.004629020391481688,0.28865982959552694,False,True,False,False
513,chip_entropy_signal,4,low_ic,0.0016128203151103914,0.060567708483246205,0.007685945686291618,0.2886747909865827,False,True,False,True
514,forex_exposure,4,low_ic,0.00216791894060766,-0.06067975246751684,-0.00693523805993839,0.11712717835736214,False,True,False,False
515,ext_q_operating_income_level,4,low_ic,0.0021686328938237335,0.06085336389215684,0.007813391372249876,0.28867479038199406,False,True,False,False
516,ocf_growth_4q,4,low_ic,0.0021871956774416486,0.061113971266088786,0.001827029007926072,0.04053984290427886,False,True,False,False
517,capital_reserve_ratio,4,low_ic,0.0021415026716129345,-0.06260481455482753,-0.0062385725932395265,0.28867474850590585,False,True,False,False
518,interest_income_ratio,4,low_ic,0.00216791894060766,0.0629302737018536,0.006744699599926819,0.13540036677481293,False,True,False,False
519,ext_treasury_share_to_equity,4,low_ic,0.0021415026716129345,-0.0633999122364629,-0.004271830686658385,0.2495080368349445,False,True,False,False
520,ext_q_investment_income_level,4,low_ic,0.0021415026716129345,-0.06349035834426264,-0.0035553506027645745,0.288653192744457,False,True,False,False
521,chip_p90_p10_factor,4,low_ic,0.0016128203151103914,0.063545123339229,0.010139363260857945,0.2886348185690615,False,True,False,False
522,z_score_china,4,low_ic,0.0021415026716129345,-0.06549616408507349,-0.00915876640382946,0.2886717754787261,False,True,False,False
523,expense_to_sales,4,low_ic,0.0021415026716129345,0.06560459055492343,0.007749836034547558,0.2886607425521214,False,True,False,True
524,chip_tail_risk_change,4,low_ic,0.0016146051981505757,0.06576948745327281,0.005478561607468823,0.2886747909848242,False,True,False,False
525,sector_rel_strength_20d,4,low_ic,0.06865088544477857,-0.06647704358059638,-0.011609101664234558,0.29376902399118743,False,True,False,False
526,chip_iqr_factor,4,low_ic,0.0016128203151103914,0.06691151467293237,0.01063230347983463,0.28854702607403776,False,True,False,False
527,chip_skew_factor,4,low_ic,0.0016128203151103914,0.06824571625502206,0.00892711931860682,0.28867479098658266,False,True,False,False
528,ext_ocf_to_or_factor,4,low_ic,0.0021415026716129345,0.06865452759135493,0.005849961883977674,0.28867474775415447,False,True,False,False
529,ocf_to_sales_rank,4,low_ic,0.0021415026716129345,0.06865452759135493,0.005849961883977674,0.28867474775415447,False,True,False,True
530,consecutive_up_days_20,4,low_ic,0.00155106336192002,-0.06944752053368476,-0.006565236374681414,0.2787677179862794,False,True,False,False
531,ext_q_expense_ratio_fi,4,low_ic,0.0021415026716129345,0.06950460686399552,0.007969849153183524,0.2886594870137645,False,True,False,False
532,stock_sector_beta_60,4,low_ic,0.0016438772800095956,-0.06951555328898416,-0.010970872833472456,0.2886747909267251,False,True,False,False
533,factor_weight_ewma_vol,4,low_ic,0.0678098485562438,0.07100485809798196,0.011498347195208739,0.2886747691459662,False,True,False,False
534,ext_lt_amor_exp_to_assets,4,low_ic,0.0021415026716129345,0.07265840430256372,0.005025309899416682,0.2883933446855004,False,True,False,False
535,bp_vol_interaction,4,low_ic,0.004445429699882626,0.07292931636727935,0.011255691163590553,0.2886747865935072,False,True,False,False
536,adx_14,4,low_ic,0.0015521342917441305,0.07329615553975866,0.006207178959044817,0.28867479101779076,False,True,False,False
537,sector_momentum_rotation,4,low_ic,0.06997491168398717,-0.07383114939012458,-0.011685746246579127,0.29440122278877506,False,True,False,True
538,sector_rel_strength_5d,4,low_ic,0.06997669656702736,-0.07490745165234988,-0.01181655475105218,0.29421315311756757,False,True,False,False
539,roe_acceleration_4q,4,low_ic,0.00217577242598447,0.07671923891165366,0.0030343893085910288,0.03546874890065126,False,True,False,False
540,chip_cr3_factor,4,low_ic,0.0016128203151103914,0.07712514813831563,0.009814283436600055,0.28867478861644813,False,True,False,True
541,chip_momentum_resonance,4,low_ic,0.0016313830987283065,-0.07835232698863782,-0.011665982280992793,0.28867471703002573,False,True,False,False
542,ext_investment_return_ratio,4,low_ic,0.04154993531583862,0.0785849883105794,0.004645869244772115,0.28674131437940825,False,True,False,False
543,sector_vol_ratio,4,low_ic,0.03759392054557449,-0.0789378549483956,-0.014433351557561107,0.30013386712654505,False,True,False,False
544,ext_ebit_ps_factor,4,low_ic,0.003686854407804365,0.08040302761060326,0.01038499454658461,0.28866150944980845,False,True,False,False
545,pledge_concentration,4,low_ic,0.0053864200386677065,-0.08144782724429418,-0.005458397104280628,0.27734888316757994,False,True,False,False
546,pledge_ratio_momentum,4,low_ic,0.0053928456176123695,-0.08515223766207028,-0.0036513953775645213,0.002725517517944471,False,True,False,False
547,quality_value_bias,4,low_ic,0.006581220745766971,-0.08575039064362777,-0.01263745191199281,0.28867478222053605,False,True,False,False
548,sp_raw,4,low_ic,0.0015460656894075045,0.0895527614277903,0.011191290423752984,0.28867380024066325,False,True,False,True
549,sp_ttm,4,low_ic,0.0022753688996267453,0.09190302280982554,0.011287289302966519,0.2886737574604831,False,True,False,False
550,ext_revenue_ps_factor,4,low_ic,0.003686854407804365,0.09346874955919571,0.010738612228279033,0.2886747888475064,False,True,False,False
551,pledge_ratio_change,4,low_ic,0.005399271196557032,-0.09699182905070844,-0.0036156379273786727,0.005451035035876761,False,True,False,False
552,ext_ebt_yoy_factor,5,redundant,0.0021415026716129345,0.05180012681472916,0.004124005101920325,0.2886747903006145,False,False,False,True
553,ebt_yoy,5,redundant,0.0021415026716129345,0.05180012681472916,0.004124005101920325,0.2886747903006145,False,False,False,True
554,sector_size_leadership,5,redundant,0.0015460656894075045,-0.05185779032025222,-0.007143479483773102,0.2886319916680494,False,False,False,True
555,netprofit_yoy,5,redundant,0.0021415026716129345,0.052151620560974325,0.004226650851912617,0.28867479034645915,False,False,False,True
556,ext_netprofit_yoy_factor,5,redundant,0.0021415026716129345,0.052151620560974325,0.004226650851912617,0.28867479034645915,False,False,False,True
557,op_yoy,5,redundant,0.0021415026716129345,0.05272688103156805,0.004183178078263016,0.2886747903070012,False,False,False,True
558,eps_growth_4q,5,redundant,0.0021415026716129345,0.05496365094127076,0.004342285463477859,0.2886497799658249,False,False,False,True
559,ocf_yoy_rank,5,redundant,0.0021415026716129345,0.058321041791187724,0.0021993099966602626,0.2886747903368364,False,False,False,True
560,ext_ocf_yoy_factor,5,redundant,0.0021415026716129345,0.058321041791187724,0.0021993099966602626,0.2886747903368364,False,False,False,True
561,ncf_act_to_revenue,5,redundant,0.0021415026716129345,0.06672961638661347,0.00555454491070782,0.28867479041035815,False,False,False,True
562,quality_momentum_nonlinear,5,redundant,0.0037050602148142437,-0.06740456127458025,-0.010007390186055096,0.28867478828365284,False,False,False,True
563,ext_q_profit_margin_fi,5,redundant,0.0021415026716129345,0.06757875846261507,0.0077107366438773535,0.2886747896496864,False,False,False,True
564,contract_liab_ratio,5,redundant,0.002572373437513387,-0.06762472623476322,-0.0046894975590613995,0.28045222602042863,False,False,False,True
565,quality_orthogonal_to_size,5,redundant,0.003686854407804365,0.0678782362914178,0.0065993380690357135,0.28867478875816127,False,False,False,True
566,mf_net_inflow_ratio_neutral,5,redundant,0.0036090335072523367,-0.06928803653485287,-0.00488622578257076,0.28863126014708457,False,False,False,True
567,net_mf_amount_intensity,5,redundant,0.0036090335072523367,-0.07451118101396716,-0.008921532841170096,0.28867478137769215,False,False,False,True
568,mf_net_inflow_ratio,5,redundant,0.0036090335072523367,-0.07451118101396716,-0.008921532841170096,0.28867478137769215,False,False,False,True
569,accruals_quality_8q,5,redundant,0.00217577242598447,0.07459601707196035,0.00419814447328904,0.2886747903756533,False,False,False,True
570,fa_turn,5,redundant,0.0021415026716129345,-0.07667136308728682,-0.006031860473857579,0.2886619323236274,False,False,False,True
571,tata,5,redundant,0.0021415026716129345,0.07744350129584471,0.00432491708543252,0.2886747904105532,False,False,False,True
572,goodwill_to_equity,5,redundant,0.0021415026716129345,0.07950081178083283,0.004245731014441686,0.28013040248005133,False,False,False,True
573,am_vol_share,5,redundant,0.0005690207132107047,-0.08109229293265847,-0.007152684567407772,0.288966214581476,False,False,False,True
574,overnight_momentum_20,5,redundant,0.0015507063853119833,0.08285413960059436,0.007181726403895907,0.28867479101920657,False,False,False,True
575,sector_momentum_dispersion,5,redundant,0.003875338056847811,0.09076934773367819,0.013081954141890827,0.2885826918296813,False,False,False,True
576,mf_flow_volatility_20d,5,redundant,0.0036261683844381045,-0.09113681499289492,-0.01252772437052054,0.28867478896215415,False,False,False,True
577,mf_net_inflow_volatility_20d,5,redundant,0.0036261683844381045,-0.09113681499289492,-0.01252772437052054,0.28867478896215415,False,False,False,True
578,ocf_to_profit,5,redundant,0.0021415026716129345,0.09184779344616109,0.005929941205404136,0.28817635169632694,False,False,False,True
579,dp_ttm,5,redundant,0.0015460656894075045,0.0920293835272647,0.013304088579607357,0.2862212467618338,False,False,False,True
580,pledge_intensity,5,redundant,0.0053864200386677065,-0.10053078760400896,-0.00524158071355698,0.27733543059511,False,False,False,True
581,ma_distance_20_60,5,redundant,0.001569983122145972,-0.10129259723240597,-0.0185710907184316,0.2886747909959483,False,False,False,True
582,pledge_ratio,5,redundant,0.0053864200386677065,0.10300303530679798,0.005494151812001924,0.2757733469347727,False,False,False,True
583,pledge_risk,5,redundant,0.0053864200386677065,0.10300303530679798,0.005494151812001924,0.2757733469347727,False,False,False,True
584,index_float_adj_weight,5,redundant,0.0015460656894075045,0.10550425431632503,0.003688669649414819,0.2828357483931414,False,False,False,True
585,open_auction_ret,5,redundant,0.0005697346664267784,0.10765687882448795,0.010062831199900415,0.28785975829346655,False,False,False,True
586,open_auction_intensity,5,redundant,0.0015539191747843148,0.1120621261490464,0.009759136912032824,0.2877768596369692,False,False,False,True
587,overnight_gap,5,redundant,0.0015457087127994677,-0.11209348605273912,-0.010523415474893352,0.28786191590533294,False,False,False,True
588,overnight_gap_momentum,5,redundant,0.0015457087127994677,0.11209348605273912,0.010523415474893352,0.28786191590533294,False,False,False,True
589,margin_balance_change,5,redundant,0.145035312126067,-0.11219650233307474,-0.005871301690753128,0.2885098948196959,False,False,False,True
590,holder_momentum_confirmation,5,redundant,0.006888577605286681,-0.11240435818491551,-0.019846859853479053,0.28867476374990064,False,False,False,True
591,holder_smart_money_proxy,5,redundant,0.006888577605286681,-0.11240435818491551,-0.019846859853479053,0.28867476374990064,False,False,False,True
592,margin_net_open,5,redundant,0.14486039358812897,-0.11486343610026588,-0.00602795984309962,0.28867470561730124,False,False,False,True
593,quality_x_value,5,redundant,0.006581220745766971,0.11557048889869802,0.019713942756983235,0.2886747777982454,False,False,False,True
594,value_quality_resonance,5,redundant,0.006581220745766971,0.11557895377148751,0.019715989064460166,0.28867478344019326,False,False,False,True
595,holder_distribution_signal,5,redundant,0.006888577605286681,-0.1156530467195564,-0.020436488385396488,0.2886747637328213,False,False,False,True
596,size_momentum_interaction,5,redundant,0.0015646284730254196,-0.11672079797260508,-0.020321539793338474,0.2886747907529108,False,False,False,True
597,disposition_effect,5,redundant,0.0015457087127994677,0.11846924611720884,0.018275363298044772,0.2886747902105699,False,False,False,True
598,mom_60,5,redundant,0.00163887960749708,-0.11999703911136667,-0.021871283919194132,0.2886747679958154,False,False,False,True
599,bp_size_neutral,5,redundant,0.004440432027370111,0.12018917992373655,0.02119207019546569,0.288673797134063,False,False,False,True
600,roe_turnover_interaction,5,redundant,0.0036911381271008074,-0.12118396934364492,-0.016717602613225618,0.28867478868419655,False,False,False,True
601,ext_bps_factor,5,redundant,0.003686854407804365,0.12180811705988637,0.02190840789402925,0.28867478885616243,False,False,False,True
602,bp_x_roe,5,redundant,0.006581220745766971,0.1220373740430371,0.019412397708679915,0.28867478442974637,False,False,False,True
603,ts_mom_vol_scaled_60,5,redundant,0.00163887960749708,-0.1221453832147491,-0.021648014940162632,0.28867477035895645,False,False,False,True
604,return_stability_60,5,redundant,0.00163887960749708,-0.1221453832147491,-0.021648014940162632,0.28867477035895645,False,False,False,True
605,mom_60_vol_adj,5,redundant,0.00163887960749708,-0.1221453832147491,-0.021648014940162632,0.28867477035895645,False,False,False,True
606,min_ret_20,5,redundant,0.0015507063853119833,0.12276386752723337,0.02227461097623745,0.28867472662569404,False,False,False,True
607,calmar_ratio_60,5,redundant,0.0017723888589028537,-0.12323335841511653,-0.021662989437387925,0.2886747907982165,False,False,False,True
608,down_volatility_20,5,redundant,0.0015499924320959097,0.12358352370042651,0.024589802591330586,0.2886747910199129,False,False,False,True
609,winner_rate_change_5d,5,redundant,0.0015474935958396518,0.12387374193664076,0.015595746900757,0.2886747721749919,False,False,False,True
610,winner_rate_momentum_5d,5,redundant,0.0015474935958396518,0.12387374193664076,0.015595746900757,0.2886747721749919,False,False,False,True
611,index_style_exposure_value,5,redundant,0.004440432027370111,0.12402340138710066,0.02247743280566493,0.2886732061982576,False,False,False,True
612,bp_down_market_defense,5,redundant,0.004440432027370111,0.12402340138710066,0.02247743280566493,0.2886732061982576,False,False,False,True
613,mom_60_sharpe,5,redundant,0.0015714110285781192,-0.12506075964874866,-0.022224066516053034,0.28867479099864296,False,False,False,True
614,sortino_ratio_60,5,redundant,0.0015714110285781192,-0.12615689261103288,-0.022268564529451217,0.28867479099864296,False,False,False,True
615,close_position,5,redundant,0.0005718765260749993,-0.12840543783633976,-0.016154625732475603,0.2886243058245676,False,False,False,True
616,earnings_season_effect,5,redundant,0.0015592738239048672,-0.1285656087714204,-0.023481312242539982,0.2886747910106938,False,False,False,True
617,donchian_position_60,5,redundant,0.0015457087127994677,0.1286458977644862,0.02184176771031501,0.2878990089065355,False,False,False,True
618,ts_price_self_rank_60,5,redundant,0.0015460656894075045,-0.12898177303855504,-0.02187513839330288,0.2876176744481141,False,False,False,True
619,breakout_with_fund_flow,5,redundant,0.003627953267478289,-0.1291914043585554,-0.019094752218707916,0.28867478817659753,False,False,False,True
620,sentiment_momentum_confirmation,5,redundant,0.003627953267478289,-0.1291914043585554,-0.019094752218707916,0.28867478817659753,False,False,False,True
621,fund_flow_price_resonance,5,redundant,0.003627953267478289,-0.1291914043585554,-0.019094752218707916,0.28867478817659753,False,False,False,True
622,vwap_momentum_5d,5,redundant,0.0005765172219794781,-0.12943600708805428,-0.02140322202889612,0.288736330083991,False,False,False,True
623,price_to_52w_low_dist,5,redundant,0.0015635575432013092,-0.1320885589811214,-0.02488798028897756,0.2885217281196403,False,False,False,True
624,winner_rate,5,redundant,0.0015457087127994677,0.13563647319523964,0.019798455327283013,0.2886747408587272,False,False,False,True
625,winner_rate_reversal_signal,5,redundant,0.0015457087127994677,0.13574770110512982,0.019815870867934304,0.2886747347649352,False,False,False,True
626,vol_quality_defensive,5,redundant,0.003691495103708844,-0.13656418460993305,-0.019634629000819134,0.28867478856402695,False,False,False,True
627,mom_20_sharpe,5,redundant,0.0015507063853119833,-0.139622619140441,-0.02292186542543926,0.28867479101920657,False,False,False,True
628,avg_holding_mv_change,5,redundant,0.0050144504130933305,-0.142399092271111,-0.020737585411956777,0.2886656414352205,False,False,False,True
629,mom_20_vol_adj,5,redundant,0.0015764087010906348,-0.14373986835812744,-0.023497112323730297,0.2886746991285234,False,False,False,True
630,reversal_3,5,redundant,0.00155106336192002,0.14439921563854247,0.022928850725787375,0.28867280363216463,False,False,False,True
631,mf_mid_order_ratio,5,redundant,0.0036090335072523367,0.14812513760108517,0.007602256323601522,0.2886747889789376,False,False,False,True
632,residual_momentum_20,5,redundant,0.007990921370904408,-0.1482030544843143,-0.02546500265501769,0.2886747909305048,False,False,False,True
633,mom_60_neutral,5,redundant,0.00163887960749708,-0.1482823566786444,-0.017271853882494706,0.28866933662223,False,False,False,True
634,low_vol_tail_hedge,5,redundant,0.0016274563560399013,-0.14915732095798978,-0.029994172397703463,0.28867479034830446,False,False,False,True
635,mom_20,5,redundant,0.0015642714964173828,-0.1528889212596513,-0.02625554761022795,0.288674695281775,False,False,False,True
636,reversal_20,5,redundant,0.0015642714964173828,0.1528889212596513,0.02625554761022795,0.288674695281775,False,False,False,True
637,bollinger_width_20,5,redundant,0.0015499924320959097,0.15336686996455326,0.02781521276183677,0.2886747910199129,False,False,False,True
638,bollinger_squeeze,5,redundant,0.0015499924320959097,0.15336686996455326,0.02781521276183677,0.2886747910199129,False,False,False,True
639,bollinger_position_20,5,redundant,0.0015499924320959097,0.15663679418532583,0.024680269009940463,0.28867479101991295,False,False,False,True
640,reversal_5,5,redundant,0.0015517773151360937,0.1585008361050145,0.025589065002718278,0.28867386297311004,False,False,False,True
641,overreaction_indicator_5d,5,redundant,0.0015517773151360937,-0.1585008361050145,-0.025589065002718278,0.2886738629731101,False,False,False,True
642,momentum_orthogonal_to_value,5,redundant,0.004458994810988026,-0.15891497489520728,-0.025627177355021222,0.288674787695316,False,False,False,True
643,all_a_relative_strength_20,5,redundant,0.0015507063853119833,-0.161000897713009,-0.027513885315083985,0.28867479101920657,False,False,False,True
644,benchmark_relative_return_20,5,redundant,0.0015507063853119833,-0.161000897713009,-0.027513885315083985,0.28867479101920657,False,False,False,True
645,pre_holiday_effect,5,redundant,0.0015507063853119833,-0.16100211073289572,-0.027514057996557054,0.28867479101920657,False,False,False,True
646,board_relative_strength_20,5,redundant,0.0015507063853119833,-0.16249242992694227,-0.027430131402555916,0.28867479101920657,False,False,False,True
647,turnover_anomaly_mean_20d,5,redundant,0.0015503494087039465,0.16295684704134533,0.033467976737532254,0.28867476179922374,False,False,False,True
648,rv_semi_down,5,redundant,0.0005690207132107047,0.16326569452252107,0.02367418788961535,0.28872754261757794,False,False,False,True
649,reversal_10,5,redundant,0.0015557040578244989,0.1633421194938697,0.02650314586714662,0.2886744694041816,False,False,False,True
650,size_neutral_reversal,5,redundant,0.0015646284730254196,0.164449896277801,0.026463342482515334,0.28867469147529445,False,False,False,True
651,keltner_position_20,5,redundant,0.0015499924320959097,0.164531914739028,0.026743036393036844,0.2886747909773819,False,False,False,True
652,mom_20_size_neutral,5,redundant,0.001559630800512904,-0.16875428307901263,-0.02639063061460292,0.2886719022597639,False,False,False,True
653,amount_ratio_20,5,redundant,0.0015499924320959097,0.1822798177936444,0.021081992091695062,0.28867479101991295,False,False,False,True
654,dollar_volume_growth_20,5,redundant,0.0015499924320959097,-0.18346039064378247,-0.021072939561379737,0.28867479101991295,False,False,False,True
655,volume_ratio_20,5,redundant,0.0015499924320959097,0.18403650087527604,0.019652421943844107,0.28867479101991295,False,False,False,True
656,chip_profit_loss_ratio,5,redundant,0.0015457087127994677,0.1878492404004069,0.02669832613487354,0.28867468621001396,False,False,False,True
657,amplitude_20,5,redundant,0.0015499924320959097,0.18876813940217987,0.039424667556619705,0.28867479101991284,False,False,False,True
658,high_low_spread_20,5,redundant,0.0015499924320959097,0.18993680977668584,0.039590705792010954,0.2886747910199129,False,False,False,True
659,holder_num_change_yoy,5,redundant,0.005350365401255987,0.19183367439410742,0.0055531563913442565,0.13602168147135374,False,False,False,True
660,ret_autocorr_abs,5,redundant,0.0005718765260749993,-0.1925446899340883,-0.02790961410332526,0.2888588308594157,False,False,False,True
661,order_concentration,5,redundant,0.0036090335072523367,-0.1926783108066141,-0.019352033890966215,0.28867478897883914,False,False,False,True
662,bp_neutral,5,redundant,0.004440432027370111,0.19315213667843192,0.018153914665440484,0.2886342424217072,False,False,False,True
663,intraday_ret_momentum,5,redundant,0.0015457087127994677,-0.19360274729841156,-0.02795296262265307,0.2886093484479126,False,False,False,True
664,turnover_orthogonal_to_mv,5,redundant,0.0015503494087039465,0.19399596071320746,0.03771516084662645,0.2886747834472886,False,False,False,True
665,turnover_vol_20,5,redundant,0.0015503494087039465,0.19440710259955837,0.036411529683422594,0.28867479101897286,False,False,False,True
666,pct_chg_vol_20,5,redundant,0.0015499924320959097,0.19481510502935925,0.038359358837997175,0.28867479101932625,False,False,False,True
667,illusory_diversification,5,redundant,0.0015507063853119833,-0.19485792636503432,-0.038348615932716656,0.28867479101920657,False,False,False,True
668,volatility_20,5,redundant,0.0015507063853119833,0.19485792636503432,0.038348615932716656,0.2886747910192065,False,False,False,True
669,ret_skew_20,5,redundant,0.0015507063853119833,-0.19495943004869792,-0.015542274090795066,0.28867479101920657,False,False,False,True
670,ret_range_20,5,redundant,0.0015507063853119833,0.1972097165886253,0.03579154151558975,0.2886747909731967,False,False,False,True
671,cost_displacement,5,redundant,0.0015457087127994677,0.2023975791674518,0.029434429618008975,0.28867473074630984,False,False,False,True
672,mom_20_neutral,5,redundant,0.0015592738239048672,-0.20737209483641872,-0.021273154807661895,0.2886320310569481,False,False,False,True
673,factor_rank_bimodality,5,redundant,0.0,0.2087775720488723,0.014155741991818988,0.28867479225280857,False,False,False,True
674,rv_daily,5,redundant,0.0005690207132107047,0.21173812452026405,0.030906633814638672,0.2887397264271874,False,False,False,True
675,lottery_stock_indicator,5,redundant,0.0015507063853119833,0.2202208772798274,0.03941572150764172,0.28867479101920657,False,False,False,True
676,lg_sm_divergence,5,redundant,0.0036090335072523367,-0.22036755371923747,-0.017081568423498266,0.2886747889790356,False,False,False,True
677,mf_big_small_divergence,5,redundant,0.0036090335072523367,-0.22036755371923747,-0.017081568423498266,0.2886747889790356,False,False,False,True
678,realized_spread_5min,5,redundant,0.0005690207132107047,0.22509699514107526,0.03893507543135504,0.28873539676477633,False,False,False,True
679,mf_order_size_entropy,5,redundant,0.0036090335072523367,-0.22536494693372663,-0.02326281993670169,0.28867478897913446,False,False,False,True
680,turnover_20_industry_neutral,5,redundant,0.0015503494087039465,0.22600643486614927,0.027221001466806442,0.2886692986734771,False,False,False,True
681,bv_daily,5,redundant,0.0005690207132107047,0.22607389528863847,0.03349609841102379,0.2882310059802116,False,False,False,True
682,small_order_crowding,5,redundant,0.0036090335072523367,-0.22653381529571123,-0.021834061505321883,0.28867478897913446,False,False,False,True
683,volume_rv_ratio,5,redundant,0.0005718765260749993,0.2325234692464782,0.038702365737260616,0.2889416467815389,False,False,False,True
684,up_volatility_20,5,redundant,0.0015499924320959097,0.23710595088411413,0.04067164965195356,0.28867479101991284,False,False,False,True
685,intraday_high_low_volatility,5,redundant,0.0015503494087039465,0.23817192602569562,0.0384856050065996,0.28865891297391866,False,False,False,True
686,rv_30min,5,redundant,0.0005690207132107047,0.23970482282607342,0.040449370847952935,0.2888040536260133,False,False,False,True
687,relative_spread,5,redundant,0.0005690207132107047,0.2410564537514216,0.040027111399503455,0.2887277164639373,False,False,False,True
688,hl_range_intraday,5,redundant,0.0005690207132107047,0.24120995923992078,0.04003520885789985,0.2887282299171162,False,False,False,True
689,parkinson_vol,5,redundant,0.0005690207132107047,0.24120995923992078,0.04003520885789985,0.2887282299171162,False,False,False,True
690,mf_big_order_vol_ratio,5,redundant,0.0036090335072523367,-0.24196015275933538,-0.017709397104855227,0.28867478889981574,False,False,False,True
691,mf_big_order_ratio,5,redundant,0.0036090335072523367,-0.24390274127905479,-0.01783051293579682,0.28867478892475595,False,False,False,True
692,rv_15min,5,redundant,0.0005690207132107047,0.24786282935389534,0.042514814223774025,0.2887907762301347,False,False,False,True
693,rv_5min,5,redundant,0.0005690207132107047,0.25011992038555597,0.041644711511876764,0.2887887452847973,False,False,False,True
694,rv_10min,5,redundant,0.0005690207132107047,0.25061398164287985,0.042833466224590944,0.2887920601876776,False,False,False,True
695,volume_profile_kurt,5,redundant,0.0005690207132107047,0.25196964740814437,0.016008690107085714,0.28874511512450046,False,False,False,True
696,super_large_order_intensity,5,redundant,0.0036090335072523367,-0.2618314439104396,-0.01566348567092349,0.2882802223801797,False,False,False,True
697,ext_top_list_appearance_20d,5,redundant,0.001547136619231615,-0.27047441929774907,-0.02588041384561293,0.1408371071839204,False,False,False,True
698,ext_dt_net_buy_ma_20d,5,redundant,0.001547136619231615,0.27208159791850517,0.02663802303911071,0.1521861228946558,False,False,False,True
699,dt_crowded_trade_warning,5,redundant,0.001547136619231615,0.27247395767877935,0.026611158787388893,0.1525505389237505,False,False,False,True
700,ext_limit_up_count_20d,5,redundant,0.001547136619231615,-0.27339319778400983,-0.031005886019413516,0.1891632332070709,False,False,False,True
701,limit_event_frequency_20d,5,redundant,0.0015457087127994677,0.27343797282701704,0.031010844133354858,0.1891640478816478,False,False,False,True
702,ext_dt_reason_diversity_20d,5,redundant,0.001547136619231615,-0.2741734902683934,-0.02662126014429932,0.15245926504136229,False,False,False,True
703,ext_dt_institution_count,5,redundant,0.001547136619231615,-0.2741752301727953,-0.026621357245544812,0.1524592676644374,False,False,False,True
704,ext_limit_consecutive_max_20d,5,redundant,0.001547136619231615,-0.27665646948618894,-0.03061631491571976,0.18839313597060814,False,False,False,True
705,sector_relative_volatility_20,5,redundant,0.0015507063853119833,0.28167148273126236,0.031195447624453254,0.28866938448745366,False,False,False,True
706,volatility_20_industry_neutral,5,redundant,0.0015507063853119833,0.28167148273126236,0.031195447624453254,0.28866938448745366,False,False,False,True
707,ext_dt_smart_money_divergence,5,redundant,0.0015464226660155413,0.3049223823747779,0.025067570627228395,0.1187644945447499,False,False,False,True
708,rq_intraday,5,redundant,0.0005718765260749993,0.31198249427493124,0.02882421138122548,0.2889143833109478,False,False,False,True
709,chip_mode_mean_convergence,99,,0.0016146051981505757,-0.050448473150626026,-0.0024361483812540344,0.28867479098472587,False,False,False,False
710,non_oper_profit_ratio,99,,0.0021639921979192548,0.05053705982607625,0.0032754692860213212,0.2886747835687215,False,False,False,False
711,int_bearing_debt_to_capital,99,,0.0021415026716129345,0.05077215110038058,0.003918917019351109,0.28858461487047177,False,False,False,False
712,ocfps_rank,99,,0.0021415026716129345,0.05087074415078531,0.00499104148472959,0.28867477523062796,False,False,False,False
713,roa_stability_8q,99,,0.00217577242598447,0.051641156469480046,0.0019487424177900407,0.06010118179969843,False,False,False,False
714,cfps_rank,99,,0.0021415026716129345,0.05180751875866182,0.0027258835274091135,0.28867477298416727,False,False,False,False
715,sector_size_factor,99,,0.0015460656894075045,0.05185779032025222,0.007143479483773102,0.2886319916680495,False,False,False,False
716,f_score_efficiency,99,,0.0,-0.05249058817168954,-0.0017855567777829281,0.04041781268158483,False,False,False,False
717,inventory_revenue_divergence,99,,0.05704878870697361,0.052500422919932614,0.001693415797146621,0.04218301081695897,False,False,False,False
718,ext_op_yoy_factor,99,,0.0021415026716129345,0.05272688103156805,0.004183178078263016,0.2886747903070012,False,False,False,False
719,sector_mv_rank,99,,0.0015460656894075045,-0.05281191840671848,-0.008012153329882804,0.2886747910088224,False,False,False,False
720,volume_peak_time,99,,0.0005690207132107047,-0.05424704819334367,-0.0038781005381391793,0.2778464926986582,False,False,False,False
721,gross_margin_stability_8q,99,,0.00217577242598447,0.054604137128342674,0.0020175441540597294,0.059247725370248715,False,False,False,False
722,interest_burden,99,,0.00216791894060766,-0.05473443154882379,-0.003192991593180069,0.2886533283533847,False,False,False,False
723,earnings_announcement_drift,99,,0.0021415026716129345,0.05496365094127076,0.004342285463477859,0.2886497799658249,False,False,False,False
724,ocfps_stability_8q,99,,0.00217577242598447,0.05552104918355386,0.0019157293298859963,0.060630158358772446,False,False,False,False
725,ocf_to_debt_rank,99,,0.0021415026716129345,0.05566582615560339,0.004600262431017638,0.28867469831861364,False,False,False,False
726,eps_growth_stability_8q,99,,0.00217577242598447,0.05570018299722404,0.0019156888655922468,0.0623048684304153,False,False,False,False
727,ocf_stability_8q,99,,0.00217577242598447,0.056486436002400976,0.0017298006978338342,0.07463183752281277,False,False,False,False
728,sector_amount_flow_5d,99,,0.0,-0.05667431820980485,-0.007283560879359635,0.29304457708439846,False,False,False,False
729,op_growth_stability_8q,99,,0.00217577242598447,0.057194205519446366,0.0020426034525669423,0.06284590810681909,False,False,False,False
730,ext_non_operating_net_ratio,99,,0.0021639921979192548,0.05730857093625919,0.0033779340359588747,0.2886747903884253,False,False,False,False
731,ext_gross_cost_ratio,99,,0.0021415026716129345,0.05743937299839059,0.0072986846062145765,0.2886618349734378,False,False,False,False
732,ext_oth_nca_opacity,99,,0.0021415026716129345,0.0576561202075519,0.0035127077424241637,0.2879241442047133,False,False,False,False
733,mf_net_inflow_trend_5d,99,,0.0036126032733327052,-0.057739453889333665,-0.006382764765447329,0.28867478897559573,False,False,False,False
734,operating_leverage,99,,0.09006269937143559,0.05783388740504019,0.003996036871329542,0.288655378494268,False,False,False,False
735,trend_quality_resonance,99,,0.0037050602148142437,0.05821811160391091,0.010203796828611085,0.28867477579780054,False,False,False,False
736,earnings_structure_quality,99,,0.0021415026716129345,0.058580291730653836,0.004630322336318224,0.20629220135298573,False,False,False,False
737,margin_leverage_change_5d,99,,0.14665455802012206,0.05902291465583736,0.006793974854963121,0.28867476294016886,False,False,False,False
738,tail_risk_dd_20,99,,0.001553562198176278,0.05903642630510502,0.010368643463250844,0.28867477826804894,False,False,False,False
739,eps_growth_4q_qoq,99,,0.0,0.059561086922568895,0.00473468117347488,0.2886747507356833,False,False,False,False
740,chip_peak_growing,99,,0.0016146051981505757,0.05994185256696077,0.004065336574738625,0.2886747899526281,False,False,False,False
741,factor_trend_exhaustion,99,,0.0,-0.06000114519621517,-0.005208282476895659,0.28592025923430164,False,False,False,False
742,sector_earnings_consistency,99,,0.0,0.06000773163609399,0.00540439127403963,0.2885325177607353,False,False,False,False
743,interest_bearing_debt_ratio,99,,0.04696098674046087,0.060173606928849516,0.0033701829175858135,0.28867476691162924,False,False,False,False
744,sector_new_high_ratio_20,99,,0.0,-0.06021127857057901,-0.007957821008356222,0.28210274251375644,False,False,False,False
745,sell_expense_ratio,99,,0.002572373437513387,0.06086134990153011,0.007729698944121569,0.2886260059516502,False,False,False,False
746,mom_240,99,,0.0033634336009229987,-0.061216992525888636,-0.010509303774469578,0.2886747848670048,False,False,False,False
747,ext_ocf_to_total_debt,99,,0.12839199172956595,0.06125936966940936,0.004720135854071654,0.2886747628209971,False,False,False,False
748,mv_to_ebitda_neutral,99,,0.003686854407804365,0.06160426295629464,0.005650408575631676,0.28863196946234776,False,False,False,False
749,revenue_stability_8q,99,,0.00217577242598447,0.06312873636718382,0.0022745130088067406,0.06345685097929493,False,False,False,False
750,surplus_reserve_ps,99,,0.0021415026716129345,0.0633326860853144,0.007374667980657143,0.28867135158909557,False,False,False,False
751,ext_oth_cur_liab_opacity,99,,0.0021415026716129345,0.06343399212856414,0.0030462253822616694,0.28261186471539235,False,False,False,False
752,cfps_yoy,99,,0.0021415026716129345,0.06381974916553532,0.0023459176203785635,0.28867476897681615,False,False,False,False
753,liquidity_depth_20,99,,0.0015503494087039465,-0.06406518833442007,-0.00907199584633627,0.28867479101956245,False,False,False,False
754,sentiment_quality_conflict,99,,0.005749822225649198,0.0643695864424262,0.007041673298384203,0.2886747865198929,False,False,False,False
755,fcfe_ps_rank,99,,0.0021415026716129345,0.06455008921764634,0.003670820595998911,0.28866131478490775,False,False,False,False
756,ic_weighted_composite,99,,0.0015917586952362186,0.06477143007735041,0.011528285594275527,0.28867466644261786,False,False,False,False
757,liquidity_discount_factor,99,,0.0044447157466665525,-0.06493964246732943,-0.007853619618823714,0.2886747871464635,False,False,False,False
758,ext_financing_expense_cf_to_revenue,99,,0.002572373437513387,0.0650081848734917,0.002315750414835194,0.2082733251945711,False,False,False,False
759,net_mf_amount_momentum_5d,99,,0.0036179579224532576,-0.0656194157809089,-0.007122905599096847,0.2886747888688011,False,False,False,False
760,upside_beta_60,99,,0.00017277667828982502,-0.06630287924100249,-0.012830698786551995,0.2886747923112724,False,False,False,False
761,f_score,99,,0.0,0.06649430249829283,0.00430161341177144,0.274319941005256,False,False,False,False
762,deducted_profit_ratio,99,,0.0021415026716129345,0.06683881883647291,0.007539057328828703,0.28817411956592853,False,False,False,False
763,serial_corr_60,99,,0.0015728389350102667,-0.0669906165964024,-0.005975776569406455,0.28867479099723103,False,False,False,False
764,ocf_to_or_neutral,99,,0.0021415026716129345,0.0671738951450724,0.0031808958590656077,0.28863249089448656,False,False,False,False
765,margin_short_ratio_change_5d,99,,0.1465560324763039,0.06718245297822058,0.003999756768802654,0.288557190308511,False,False,False,False
766,ext_other_bus_cost_to_revenue,99,,0.002572373437513387,-0.06736863509533814,-0.007193568296919559,0.09642384150179518,False,False,False,False
767,shadow_upper_20,99,,0.0016142482215425389,0.06759232035385353,0.005796193524041531,0.2886747909487702,False,False,False,False
768,contract_liab_to_revenue,99,,0.002572373437513387,-0.06763130205097409,-0.004690427550051436,0.28045223685524595,False,False,False,False
769,q_netprofit_margin,99,,0.0021415026716129345,0.06768204365449444,0.007715192035457822,0.2886747894353059,False,False,False,False
770,q_ocf_to_sales,99,,0.0021415026716129345,0.06829335277777027,0.00481181802875906,0.2886747898269938,False,False,False,False
771,beneish_earnings_manipulation,99,,0.0,-0.06840151851245771,-0.0025154469634228317,0.04252686414031676,False,False,False,False
772,limit_down_open_times,99,,0.16596770646813055,-0.06956715690727595,-0.002658271534855562,0.2599808499773188,False,False,False,False
773,factor_mean_reversion_20,99,,0.010326619317289377,0.06958073565219049,0.003411622726018282,0.2886747809908322,False,False,False,False
774,deferred_tax_asset_ratio,99,,0.0021415026716129345,0.0700216398738885,0.0037515824848733913,0.2886745414250373,False,False,False,False
775,gross_margin_acceleration_4q,99,,0.00217577242598447,-0.07007966802005469,-0.0023849303215345047,0.03541829506899433,False,False,False,False
776,donchian_breakout_momentum_20,99,,0.001553562198176278,-0.07012523869958084,-0.00914743196351956,0.2885055452748014,False,False,False,False
777,fundflow_value_interaction,99,,0.00650375682182298,0.07021847043346122,0.009681853758509338,0.28867478530025376,False,False,False,False
778,sector_margin_trend_5d,99,,0.0,-0.07024109708370307,-0.009269314928127352,0.29194434860601515,False,False,False,False
779,ext_oth_comp_income_to_equity,99,,0.0021415026716129345,-0.0707286382867347,-0.0034104713723468556,0.2875898835381749,False,False,False,False
780,momentum_value_blend,99,,0.004486482009806861,-0.07181620805608412,-0.012593416857967025,0.288674787126745,False,False,False,False
781,holder_price_divergence_4q,99,,0.008480693277130935,0.07201152000161348,0.011501773173555916,0.28867478057533696,False,False,False,False
782,other_receivables_risk,99,,0.0021415026716129345,0.07216115617294724,0.0024934861678200092,0.2127566352995901,False,False,False,False
783,volume_price_elasticity_20,99,,0.0015646284730254196,-0.07236741162266973,-0.009649517962871109,0.2886746991315511,False,False,False,False
784,invest_income_to_ebt,99,,0.0021415026716129345,-0.07252883489278131,-0.004528224835147305,0.28783514020547885,False,False,False,False
785,sector_leader_laggard_spread,99,,0.0004940556255229707,-0.07276648787504804,-0.010766209137435347,0.28866581031105437,False,False,False,False
786,other_payables_risk,99,,0.0021415026716129345,0.07308851499135322,0.0027640014517608673,0.22777862298426926,False,False,False,False
787,dt_pattern_reversal,99,,0.0015478505724476886,-0.07342349222116946,-0.012168566162318158,0.28867479102203036,False,False,False,False
788,profitability_durability,99,,0.0,0.07355269270329995,0.006310876086500254,0.17697665508360658,False,False,False,False
789,quality_earnings_composite,99,,0.0022328886832703627,0.07363204798567917,0.002721884046926415,0.06524330251234015,False,False,False,False
790,invest_income_reliance,99,,0.00216791894060766,-0.07365166074149118,-0.004458256032189236,0.2886523319768921,False,False,False,False
791,op_to_profit_rank,99,,0.0021415026716129345,0.07370779507033741,0.004675846633582081,0.2881579883438413,False,False,False,False
792,ext_roe_yoy_signal,99,,0.0021415026716129345,0.0737871064937578,0.005654203053494703,0.2886747248208714,False,False,False,False
793,ext_tci_to_net_income,99,,0.00216791894060766,0.07379004041075818,0.004551615105014978,0.28673225580492634,False,False,False,False
794,mf_net_vol_intensity,99,,0.0036090335072523367,-0.07464595216033619,-0.008940673732999468,0.2886745474673588,False,False,False,False
795,gap_momentum_5d,99,,0.001547136619231615,0.0751207100100577,0.006793867087567857,0.28867478206056185,False,False,False,False
796,chip_support_resistance_20d,99,,0.0015457087127994677,-0.07541806171397863,-0.009271309593615645,0.2886744624107387,False,False,False,False
797,market_cap_tier_rank,99,,0.0015460656894075045,-0.075477829852254,-0.0051804542585991474,0.2886746016494225,False,False,False,False
798,chip_tail_risk,99,,0.0016128203151103914,-0.0756159276674435,-0.007337204797481484,0.2886747909865827,False,False,False,False
799,chip_lead_momentum_10,99,,0.013123174064649891,-0.07599856949547758,-0.009915809935034867,0.2886747885157678,False,False,False,False
800,chip_gini_factor,99,,0.0016128203151103914,-0.07603746361534813,-0.011175618523624822,0.2886747909862886,False,False,False,False
801,ext_payables_opacity,99,,0.0021415026716129345,0.07652064876396347,0.005630228240048195,0.2886615718485252,False,False,False,False
802,ext_fa_turnover_factor,99,,0.0021415026716129345,-0.07667136308728682,-0.006031860473857579,0.2886619323236274,False,False,False,False
803,factor_consistency_ratio,99,,0.022375293791748414,0.07669173040203278,0.005972754213865779,0.2882517092426739,False,False,False,False
804,accruals_ratio,99,,0.0021415026716129345,-0.07744350129584471,-0.00432491708543252,0.2886747904105532,False,False,False,False
805,cost_displacement_extreme,99,,0.0015457087127994677,0.07756351387713149,0.007295389478014535,0.2886747753386164,False,False,False,False
806,am_pm_rv_ratio,99,,0.0005783021050196623,-0.07774707403424388,-0.0078036249832067325,0.2891955720583212,False,False,False,False
807,margin_to_turnover,99,,0.14577996533043183,0.0778079425053696,0.0062013480630798735,0.28867475961858435,False,False,False,False
808,ext_q_ocf_to_or_signal,99,,0.0021415026716129345,0.07796608487292017,0.004603984428198198,0.28643713841290946,False,False,False,False
809,chip_p90_p10_momentum,99,,0.0016146051981505757,-0.07854427408437055,-0.006113264355236964,0.2757043081636912,False,False,False,False
810,beta_asymmetry_60,99,,0.00022668014610338614,-0.07861008441081263,-0.01098951858270917,0.28867479232541143,False,False,False,False
811,max_drawdown_60,99,,0.0016274563560399013,0.07899198666701485,0.014351300520005246,0.28867478710087946,False,False,False,False
812,chip_gini_momentum,99,,0.0016146051981505757,-0.07912501839360506,-0.011842967317757566,0.2886747909822806,False,False,False,False
813,chip_weighted_cost_momentum_5d,99,,0.0015474935958396518,-0.0797372191850228,-0.013049405801222203,0.28858355165148314,False,False,False,False
814,value_quality_volatility,99,,0.006586218418279487,-0.07981818321244673,-0.00854410048890166,0.28867478577456235,False,False,False,False
815,ext_oci_to_net_income,99,,0.00216791894060766,-0.08004414090080487,-0.004182138693643372,0.2851215209362182,False,False,False,False
816,intraday_momentum,99,,0.0005690207132107047,-0.08036603257609506,-0.01071441551801746,0.288679788898954,False,False,False,False
817,limit_sector_momentum_spillover,99,,0.0015478505724476886,-0.0803975934901824,-0.007969327137844288,0.2876517036096493,False,False,False,False
818,chip_cost_momentum_20d,99,,0.0015592738239048672,-0.08081082707933956,-0.013962582665917697,0.2886731393389101,False,False,False,False
819,return_accel_nonoverlap_20_60,99,,0.0017031353969437092,-0.0808838482532328,-0.012185454689050797,0.2886747908544906,False,False,False,False
820,amihud_illiq_60,99,,0.0015714110285781192,-0.08109019642608281,-0.012278293214212218,0.28867479099864296,False,False,False,False
821,uf_fcf_conversion,99,,0.0023085677241741704,-0.0812668927636834,-0.004054065792712195,0.2886712346154133,False,False,False,False
822,goodwill_risk,99,,0.0021415026716129345,0.08165900882562087,0.004366496122439363,0.2800370222402977,False,False,False,False
823,sector_neutral_quality_momentum,99,,0.0037325474136330793,-0.08184196234327597,-0.009198222122812875,0.2886747867572309,False,False,False,False
824,mf_sector_relative,99,,0.0036090335072523367,-0.08190260090440399,-0.006119593526125304,0.2886747874087729,False,False,False,False
825,am_pm_vol_ratio,99,,0.0005690207132107047,-0.08215077767736552,-0.007258750074267638,0.2887907252464515,False,False,False,False
826,rel_vol_last_hour,99,,0.0005690207132107047,-0.08251799598732275,-0.006564951726435461,0.28875636722707676,False,False,False,False
827,ext_mf_medium_order_amount_ratio,99,,0.0036090335072523367,-0.08260321333036064,-0.006054863790150711,0.28867478897913446,False,False,False,False
828,roe_size_neutral,99,,0.003686854407804365,0.08266720746620106,0.007688861886052131,0.288672703361025,False,False,False,False
829,ext_surplus_reserve_ratio,99,,0.0021415026716129345,0.08374635299728529,0.006232688903781557,0.2886747763555073,False,False,False,False
830,earnings_smoothness_8q,99,,0.00217577242598447,-0.08451598103603399,-0.002954902759523565,0.05896871938062774,False,False,False,False
831,cf_volatility_8q,99,,0.00217577242598447,0.08461327927162333,0.0028416010210099473,0.06018751851475384,False,False,False,False
832,n_cashflow_stability_8q,99,,0.00217577242598447,0.08461327927162333,0.0028416010210099473,0.06018751851475384,False,False,False,False
833,ext_oth_cur_assets_opacity,99,,0.0021415026716129345,0.08462508317971734,0.004483166969332858,0.2886571286696967,False,False,False,False
834,gap_ratio_20,99,,0.0015499924320959097,-0.08465229114941279,-0.007303879017148955,0.2886747910199129,False,False,False,False
835,fcff_ps_rank,99,,0.0021415026716129345,0.08489524412588662,0.004595893151045135,0.2886613601004857,False,False,False,False
836,insider_confidence_proxy,99,,0.010691806387311053,0.08506467737863932,0.005714984172444699,0.28867478072349295,False,False,False,False
837,turnover_divergence,99,,0.0015617726601611249,-0.08509818505242196,-0.005652162628618101,0.23279803721744344,False,False,False,False
838,chip_peak_purity,99,,0.0016128203151103914,0.08522436400691874,0.010696247898806297,0.28867478558836496,False,False,False,False
839,sector_amount_momentum_5d,99,,0.0,-0.08557511004454682,-0.01099094201757241,0.295978705623791,False,False,False,False
840,chip_cv_factor,99,,0.0016128203151103914,-0.08630997392955193,-0.008926637576654892,0.2886747909865827,False,False,False,False
841,rsi_divergence_14,99,,0.0015457087127994677,0.08644067439145527,0.007647962033003472,0.21185301571540405,False,False,False,False
842,margin_short_pressure,99,,0.14536944223118947,0.0865201348619741,0.010727996932081853,0.2885067741088384,False,False,False,False
843,ext_q_deducted_profit_level,99,,0.0021415026716129345,0.08660609195271346,0.006385894393341325,0.28867479034133314,False,False,False,False
844,ext_ocf_to_opincome_signal,99,,0.0021415026716129345,0.08698182637342335,0.005784131115725697,0.28691603189873593,False,False,False,False
845,multi_factor_consensus,99,,7.139532160736571e-07,-0.08747223590954187,-0.00791719217559965,0.2886741737157415,False,False,False,False
846,chip_winner_rate_acceleration,99,,0.0015507063853119833,0.08788271023063016,0.009924353275555468,0.2886747842471741,False,False,False,False
847,ext_ocfps_factor,99,,0.003686854407804365,0.08794436227565268,0.00844341161603345,0.28867478879625963,False,False,False,False
848,pb_to_roe,99,,0.003686854407804365,0.08801970601916285,0.012770587763489872,0.2886747888583318,False,False,False,False
849,inventory_efficiency_change,99,,0.05654116797034524,-0.0880348820624356,-0.003021721812315337,0.04263118148832732,False,False,False,False
850,winner_rate_factor_momentum_20,99,,0.015506349899903758,-0.08903521465352177,-0.011404223241793238,0.2886747833058564,False,False,False,False
851,mom20_factor_momentum_20,99,,0.015528839426210079,-0.0899618359731267,-0.012357905013915078,0.288674781120318,False,False,False,False
852,profitability_size_interaction,99,,0.003686854407804365,0.09008881369930287,0.008165274582045376,0.28867478804822067,False,False,False,False
853,cs_dispersion_20,99,,0.003875338056847811,0.09076934773367819,0.013081954141890827,0.2885826918296813,False,False,False,False
854,q_netprofit_qoq,99,,0.0021415026716129345,0.09111787181190541,0.0038984353464260398,0.28867479033477333,False,False,False,False
855,fund_flow_volatility_20,99,,0.0036261683844381045,-0.09113681499289492,-0.01252772437052054,0.28867478896215415,False,False,False,False
856,short_sell_activity_5d,99,,0.145035312126067,0.0912667749291296,0.01093627241537221,0.28813323050056716,False,False,False,False
857,debt_reduction_4q,99,,0.00217577242598447,-0.09179321023911262,-0.0025369063152238477,0.034299502736488595,False,False,False,False
858,asset_turn_acceleration_4q,99,,0.00217577242598447,-0.09213642028831512,-0.0029552468599574693,0.036144643473859706,False,False,False,False
859,earnings_quality_composite,99,,0.00217577242598447,0.09253388806784243,0.005853248047761678,0.28824302946289576,False,False,False,False
860,ts_mom_sign_60,99,,0.0015457087127994677,-0.09261782613500474,-0.01314645729913446,0.2249517457338099,False,False,False,False
861,margin_flow_acceleration,99,,0.14800464355171733,-0.09287569277998788,-0.0037368010390537876,0.2886747605704076,False,False,False,False
862,chip_peak_shift,99,,0.0015592738239048672,-0.0929362709438552,-0.014864841353485926,0.2870745610762885,False,False,False,False
863,month_effect_rank,99,,0.0018627039407361715,-0.093157681363348,-0.010440527201270715,0.28867479070153834,False,False,False,False
864,intraday_overnight_combo,99,,0.0015532052215682412,-0.09400883897637824,-0.012453945385525864,0.2886743297452358,False,False,False,False
865,margin_of_safety,99,,0.006581220745766971,0.09423312529428178,0.014280411140942053,0.2886747836909131,False,False,False,False
866,chip_momentum_quality,99,,0.0037050602148142437,-0.09442468523993457,-0.01472281658782361,0.28867478884344827,False,False,False,False
867,dv_composite,99,,0.0015460656894075045,0.09465086141159211,0.014020797656892669,0.27641357650751225,False,False,False,False
868,donchian_breakout_20,99,,0.0015482075490557254,-0.09479746523688891,-0.010375354919672095,0.28867479070409685,False,False,False,False
869,hammer_ratio_20d,99,,0.0015499924320959097,0.09534927591833488,0.005623023202728371,0.2776237812481682,False,False,False,False
870,max_drawdown_120,99,,0.0018901911395550071,0.09557241266616938,0.01644418561077268,0.2886747888027011,False,False,False,False
871,margin_flush_out_signal,99,,0.14665491499673008,0.09660082360480658,0.009623004824402391,0.21497128895318227,False,False,False,False
872,earnings_momentum_quality,99,,0.0021871956774416486,0.09690843996271158,0.006265401101375468,0.2882158019517395,False,False,False,False
873,ext_bs_opacity_score,99,,0.0021415026716129345,0.09756374419939083,0.004342040095819753,0.2886610851323842,False,False,False,False
874,ext_receivables_opacity,99,,0.0021415026716129345,0.09858656879166966,0.006551226201323769,0.2886608201556421,False,False,False,False
875,ext_subsidiary_disposal_inflow,99,,0.04154993531583862,-0.0997324810226666,-0.0029049945989661893,0.16847325899574458,False,False,False,False
876,holder_num_acceleration,99,,0.005400342126381142,0.10076726672651676,0.002617655166513209,0.08488826058967461,False,False,False,False
877,vol_momentum_divergence,99,,0.0015642714964173828,0.10098002500979285,0.018534805489259305,0.28867478470870805,False,False,False,False
878,revenue_to_ev,99,,0.003686854407804365,0.10099128631651647,0.008796635813191829,0.2886747888655133,False,False,False,False
879,price_to_52w_high,99,,0.0015460656894075045,-0.10109068899697654,-0.01699628976018013,0.28851030117254195,False,False,False,False
880,factor_cycle_position,99,,0.08023834614165402,0.10115009930681207,0.015336574478936828,0.288303767525873,False,False,False,False
881,ma_convergence_20_60,99,,0.001569983122145972,-0.1012926068598741,-0.018571092273145268,0.2886747909923274,False,False,False,False
882,factor_momentum_decay,99,,0.022529150709812287,-0.10154918634130118,-0.004048810896567037,0.28867392639328227,False,False,False,False
883,debt_to_assets_neutral,99,,0.0021415026716129345,0.10155195273489613,0.003113794501382837,0.2886323384746795,False,False,False,False
884,momentum_quality_liquidity_triple,99,,0.0037054171914222803,-0.10250455441119923,-0.014705993097436738,0.2886747888317803,False,False,False,False
885,mf_flow_continuity,99,,0.0036090335072523367,-0.10308449994910583,-0.010590053293008442,0.23956199985397744,False,False,False,False
886,sentiment_divergence_factor,99,,0.003627953267478289,0.10316394292007099,0.013714549132273055,0.2886747871327034,False,False,False,False
887,market_participation_20,99,,0.0,0.10325151374092799,0.013364177671496714,0.2861157088832477,False,False,False,False
888,close_to_open_5d,99,,0.0015474935958396518,-0.10347320483274573,-0.01633732555065198,0.28867397643539966,False,False,False,False
889,sector_turnover_breakout,99,,0.06020303401558703,-0.10352266321604568,-0.012980857311558892,0.29695686307352326,False,False,False,False
890,ts_mom_accel_20,99,,0.0015967563677487342,-0.10394022014058087,-0.01453926173108995,0.288674790944231,False,False,False,False
891,diluted_eps_yield,99,,0.0036904241738847337,0.10414189820088618,0.014851342802031986,0.28867267439648986,False,False,False,False
892,fund_flow_lead_momentum_10,99,,0.011176937597633102,-0.10445675305768878,-0.014953086061049796,0.2886747868841925,False,False,False,False
893,chip_winner_rate_ma5,99,,0.0015460656894075045,0.10543302925939163,0.015638590634690787,0.28867478795666,False,False,False,False
894,circ_mv_to_total_mv,99,,0.0015460656894075045,0.10550425431632503,0.003688669649414819,0.2828357483931414,False,False,False,False
895,pledge_industry_comparison,99,,0.01829326627884728,0.10554279210392424,0.005124449208348254,0.27643447399430615,False,False,False,False
896,chip_concentration_change_5d,99,,0.0015474935958396518,0.10591493975949186,0.008906869865021195,0.28325143225665367,False,False,False,False
897,factor_style_rotation_20,99,,0.0,0.10606540155488653,0.014727176870850853,0.2850020762975145,False,False,False,False
898,short_interest_ratio_change,99,,0.14665455802012206,0.10609381417278874,0.005138679487702392,0.2882417241776272,False,False,False,False
899,multi_factor_stress_beta,99,,0.0017056342331999669,-0.10645548907004632,-0.0236989121290648,0.28867478670114405,False,False,False,False
900,ext_retained_eps_factor,99,,0.003686854407804365,0.10672141129416583,0.016905131940302045,0.2886747888542937,False,False,False,False
901,volume_ratio,99,,0.0015460656894075045,0.10714897297736388,0.010048606175418433,0.28865464446872097,False,False,False,False
902,rel_vol_first_hour,99,,0.0005690207132107047,-0.10735117152445092,-0.01016191825229408,0.2889206423291025,False,False,False,False
903,range_rv_ratio,99,,0.0005718765260749993,0.107507370867082,0.011528327296406987,0.2887301395661827,False,False,False,False
904,intraday_upper_shadow,99,,0.039946039415929155,-0.10759050688494544,-0.01047610077153051,0.2883692056332476,False,False,False,False
905,tail_risk_dd_5d,99,,0.0015557040578244989,0.10768325380710206,0.015334250983348037,0.2814795762707543,False,False,False,False
906,value_lowvol_nonlinear,99,,0.004445429699882626,-0.10824238095600858,-0.01321717120381265,0.288674786060153,False,False,False,False
907,pe_ttm_percentile,99,,0.0015460656894075045,0.11060155998732142,0.012958704717392579,0.2791844474540104,False,False,False,False
908,coskewness_60,99,,0.0004876300465783078,-0.11063575238815099,-0.015086195614700293,0.28867479206783475,False,False,False,False
909,fcff_ps_neutral,99,,0.0021415026716129345,0.11154914553630216,0.0035610642869395126,0.2886320887728502,False,False,False,False
910,mf_price_divergence,99,,0.0036111753669005576,0.11205462724872893,0.013594997464110711,0.28867473443957375,False,False,False,False
911,gap_ratio,99,,0.0015457087127994677,0.11209348605273912,0.010523415474893352,0.28786191590533294,False,False,False,False
912,margin_buy_strength,99,,0.14486039358812897,-0.11486343610026588,-0.00602795984309962,0.28867470561730124,False,False,False,False
913,chip_concentration_change_20d,99,,0.0015592738239048672,-0.11540597843817364,-0.011652536813347101,0.2885717281043538,False,False,False,False
914,factor_gain_to_pain_ratio,99,,0.0,0.11549389815931545,0.010906714492795566,0.2831657160813005,False,False,False,False
915,quality_value_garp,99,,0.006581220745766971,0.11557895377148751,0.019715989064460166,0.28867478344019326,False,False,False,False
916,kyle_lambda_20,99,,0.0015507063853119833,0.1157700781670174,0.013224238041571223,0.2886747910192065,False,False,False,False
917,amihud_illiq_20,99,,0.0015507063853119833,0.11736828042100274,0.017804924787264496,0.28867479101920657,False,False,False,False
918,momentum_quality_trend,99,,0.00523292009721187,-0.11800316172118654,-0.02006483642579692,0.1532921908704206,False,False,False,False
919,order_size_ratio_change,99,,0.0036179579224532576,-0.11856387611667446,-0.006993437301192579,0.2886747889702877,False,False,False,False
920,limit_up_premium_5d,99,,0.0015528482449602041,-0.11870225778860645,-0.006561803176964721,0.24890095707661936,False,False,False,False
921,short_squeeze_potential,99,,0.14577996533043183,-0.11878581830642185,-0.018820645570043818,0.2886747585938686,False,False,False,False
922,factor_crash_resilience,99,,0.0038464229515968278,-0.11923246456069346,-0.024231707492829078,0.28867478869661606,False,False,False,False
923,pct_up_days_20,99,,0.0015499924320959097,-0.12005757960981031,-0.01508545474322983,0.28502346164478737,False,False,False,False
924,quality_bear_market_alpha,99,,0.003691495103708844,0.12101564079471842,0.01874465522056292,0.2886747887131543,False,False,False,False
925,ev_to_total_assets,99,,0.003686854407804365,0.12118214513111482,0.021294609865299824,0.2886747888655133,False,False,False,False
926,quality_turnover_divergence,99,,0.0036911381271008074,-0.12118396934364492,-0.016717602613225618,0.28867478868419655,False,False,False,False
927,bp_roe_divergence,99,,0.006581220745766971,0.1220373740430371,0.019412397708679915,0.28867478442974637,False,False,False,False
928,size_percentile_252d,99,,0.0019415957711123105,-0.12211660703420993,-0.02149357210735368,0.28814433601666845,False,False,False,False
929,downside_vol_20,99,,0.0015507063853119833,0.12358694898552174,0.024590480977597577,0.28867479101920657,False,False,False,False
930,growth_value_quality_golden,99,,0.006581220745766971,0.1237303362575769,0.01637890901388429,0.28867478472605757,False,False,False,False
931,winner_rate_acceleration,99,,0.0015474935958396518,-0.12387374193664076,-0.015595746900757,0.2886747721749919,False,False,False,False
932,chip_historical_position,99,,0.0015457087127994677,0.12397060662283427,0.01838055910664066,0.2886747886227553,False,False,False,False
933,bp,99,,0.004440432027370111,0.12402340138710066,0.02247743280566493,0.2886732061982576,False,False,False,False
934,sector_momentum_coupling,99,,0.0015646284730254196,-0.12443033980766952,-0.020022010192184348,0.288674790340146,False,False,False,False
935,aroon_oscillator_25,99,,0.001551420338528057,0.12443934279839249,0.01809063125970706,0.287899030459632,False,False,False,False
936,net_operating_assets_change,99,,0.004328698349054583,0.12468258306442459,0.0032927542002316322,0.04093598238260523,False,False,False,False
937,sector_composite_rank,99,,0.003686854407804365,-0.12536818592701077,-0.01680484534372775,0.2886684276618321,False,False,False,False
938,holder_num_price_divergence,99,,0.00493127486342075,0.1262411801211902,0.022636966494247002,0.28867476823600785,False,False,False,False
939,var_95_20,99,,0.0015507063853119833,0.12624548115473824,0.02465480798624119,0.2886747907226823,False,False,False,False
940,margin_sentiment_divergence,99,,0.14754664256360608,-0.1262669233532538,-0.010004456282567268,0.2886747653451785,False,False,False,False
941,acceleration_value_composite,99,,0.006626913751595686,0.12690382094308553,0.022465343160773234,0.15013224027323374,False,False,False,False
942,margin_breakout_confirmation,99,,0.14560504679249378,-0.12700832897111125,-0.013148045560658643,0.21941841911432924,False,False,False,False
943,vol_of_vol_intraday,99,,0.0005718765260749993,0.12763415617309035,0.011525738684241149,0.2889831094889802,False,False,False,False
944,margin_bearish_composite,99,,0.1457349862778192,0.1277048776419221,0.015326506014441615,0.28867471241043924,False,False,False,False
945,price_impact_ratio_20,99,,0.0015507063853119833,-0.12783638929194008,-0.018924886331870876,0.28867479101920657,False,False,False,False
946,higher_highs_20,99,,0.0015457087127994677,-0.1278705357781949,-0.015396716795034432,0.23162383609239298,False,False,False,False
947,index_weight_drift,99,,0.0015714110285781192,0.12859924755919036,0.02348685845785565,0.28867479099864296,False,False,False,False
948,turnover_shock_20,99,,0.013657211070272988,0.12895237042804947,0.00553415281976793,0.2886747890671853,False,False,False,False
949,price_position_60,99,,0.001569983122145972,-0.12904313946213436,-0.021884980689606207,0.28761771954879356,False,False,False,False
950,flash_crash_risk,99,,0.0005690207132107047,0.12925553823406416,0.022689058341479745,0.28871579668962455,False,False,False,False
951,margin_short_crowding,99,,0.14577996533043183,0.129825855026304,0.0120976029803945,0.2885065535849562,False,False,False,False
952,pledge_market_impact,99,,0.006940696190060058,0.1301178350261135,0.00820740934113405,0.2757689092019887,False,False,False,False
953,chip_support_strength,99,,0.0907655863126601,0.13033554571784844,0.019201248889011376,0.28867445196051456,False,False,False,False
954,price_position_20d,99,,0.0015499924320959097,-0.1304628570097643,-0.020315160167848373,0.2849793491036706,False,False,False,False
955,consecutive_down_days,99,,0.0015457087127994677,0.13121115988074472,0.015510338438888677,0.24682350795552063,False,False,False,False
956,anchoring_to_52w_low,99,,0.001959087624906115,-0.1322054946064312,-0.024904869071297294,0.2885218037424477,False,False,False,False
957,chip_dispersion_momentum,99,,0.0016146051981505757,-0.13255734811023612,-0.013659407088136843,0.2886747909848242,False,False,False,False
958,chip_price_divergence,99,,0.0055809722900477775,0.13270824615118548,0.019975300457589048,0.2886747897006506,False,False,False,False
959,chip_below_momentum,99,,0.0016146051981505757,-0.13276176511009485,-0.016489145360509192,0.2886733055437642,False,False,False,False
960,momentum_factor_zscore_60,99,,0.020074222576343018,-0.1334495333514077,-0.02073225599209799,0.2886747909136059,False,False,False,False
961,close_auction_pressure,99,,0.003566553290895954,-0.13385426462198405,-0.016878213010711535,0.2883679289920854,False,False,False,False
962,factor_crowding_risk,99,,0.0015917586952362186,0.13406695293009419,0.019643364048656537,0.28867476814239307,False,False,False,False
963,volatility_120,99,,0.0016331679817684908,0.13413777599708113,0.028849708738926526,0.28867479093724424,False,False,False,False
964,mom_up_down_asymmetry,99,,0.0015499924320959097,0.134214114866036,0.01658884657339146,0.2886746570357471,False,False,False,False
965,ma_distance_5_60,99,,0.001569983122145972,-0.13431324922686408,-0.025108777560940255,0.28867479099447957,False,False,False,False
966,lunch_break_effect,99,,0.0005690207132107047,-0.1350735552248926,-0.004718290428046959,0.2528911526628649,False,False,False,False
967,margin_sentiment_composite,99,,0.14486182149456112,-0.13537891817891246,-0.0073479063338389924,0.2886747567958593,False,False,False,False
968,quality_volatility_composite,99,,0.0037121997469749804,0.1356637735092259,0.025148652847051263,0.2070966756865662,False,False,False,False
969,chip_concentration_zone,99,,0.0015457087127994677,0.13574770110512982,0.019815870867934304,0.2886747347649352,False,False,False,False
970,correlation_change_20,99,,0.0004462207600460357,-0.136187921577531,-0.01429404296682745,0.28867479210880786,False,False,False,False
971,low_vol_quality_coupling,99,,0.003691495103708844,-0.13656418460993305,-0.019634629000819134,0.28867478856402695,False,False,False,False
972,cumulative_ret_path,99,,0.0005718765260749993,-0.13681794164235989,-0.013759401792971476,0.28897010839071047,False,False,False,False
973,roll_spread_20,99,,0.0015517773151360937,0.13841517347337515,0.011511268111992452,0.2740663252696221,False,False,False,False
974,flow_price_divergence,99,,0.003627953267478289,0.13915561870258386,0.017895150972247014,0.28867478863452195,False,False,False,False
975,ma_distance_5_20,99,,0.0015499924320959097,-0.13989164248998198,-0.02326074408574243,0.28867479088306297,False,False,False,False
976,multi_factor_orthogonal,99,,0.004458994810988026,-0.13994720597404017,-0.019590162105025056,0.2886747881270004,False,False,False,False
977,shadow_lower_20,99,,0.0016142482215425389,0.14094736154244492,0.014830700601766625,0.28867479094887727,False,False,False,False
978,vol_stability,99,,0.0005690207132107047,0.1409607236117036,0.013941320033403677,0.28873182782744533,False,False,False,False
979,price_impact_proxy,99,,0.0015524912683521673,0.14098851857887687,0.01613400238306131,0.28866319777197386,False,False,False,False
980,atr_20,99,,0.0015499924320959097,0.14127287224008667,0.027518415832696274,0.28867476901231925,False,False,False,False
981,chip_cv_momentum,99,,0.0016146051981505757,-0.14234115838783457,-0.01722391290449217,0.2886747909848242,False,False,False,False
982,chip_weighted_cost_volatility_20d,99,,0.0015499924320959097,0.1424339039325064,0.0264776970659693,0.2886747862314889,False,False,False,False
983,value_factor_zscore_252,99,,0.0850129082741466,0.14310798289220178,0.024413087261369967,0.28867478558301146,False,False,False,False
984,mom_3,99,,0.00155106336192002,-0.14439921563854247,-0.022928850725787375,0.2886728036321647,False,False,False,False
985,bull_factor_alignment_5,99,,0.0,-0.14448719944572672,-0.017359722503948887,0.2781856331077149,False,False,False,False
986,ext_dt_appearance_momentum_20d,99,,0.0015499924320959097,-0.14451354346675288,-0.007918674207945911,0.18661371346125122,False,False,False,False
987,amihud_illiq_5,99,,0.001547136619231615,0.14452323358408375,0.02139916798915944,0.2886747910227297,False,False,False,False
988,margin_buy_intensity_5d,99,,0.1461298024063079,0.1447392771855769,0.011820840861679494,0.28867476305828754,False,False,False,False
989,high_52w_proximity_acceleration,99,,0.0021122305897539146,-0.1451622024675325,-0.02214383010118825,0.2886746224250215,False,False,False,False
990,margin_repay_acceleration,99,,0.14574319673980404,0.14542462112917925,0.012238676555017884,0.2886747608596095,False,False,False,False
991,rsi_14,99,,0.0016174610110148702,0.14656728911645558,0.022872849510530664,0.28867460185021876,False,False,False,False
992,reversal_5_vol_adj,99,,0.0015549901046084252,0.14724644455300862,0.02274128115051964,0.2886738699248543,False,False,False,False
993,margin_trend_strength_20,99,,0.14625974189163332,-0.1472783027889924,-0.009846072231861487,0.2865416148272692,False,False,False,False
994,distance_from_ma_120,99,,0.001630312168904196,0.14742000513361336,0.019664629440242255,0.2886747909199615,False,False,False,False
995,factor_ic_ir_proxy_60,99,,0.021694182423614147,0.14776285040260553,0.026541105538686733,0.2886747853950444,False,False,False,False
996,factor_signal_to_noise_60,99,,0.021694182423614147,0.14776285040260553,0.026541105538686733,0.2886747853950444,False,False,False,False
997,reversal_1,99,,0.0015499924320959097,0.148069198098775,0.021988034160774116,0.2886630389347407,False,False,False,False
998,medium_order_flow,99,,0.0036090335072523367,0.14812513760108517,0.007602256323601522,0.2886747889789376,False,False,False,False
999,distance_from_ma_5,99,,0.0015460656894075045,-0.14867916549026605,-0.023872751006033543,0.2886747694998518,False,False,False,False
1000,intraday_max_drawdown,99,,0.0005690207132107047,-0.149239444385342,-0.026425775846914933,0.28870455145081714,False,False,False,False
1001,am_large_order_ratio,99,,0.003566553290895954,-0.1494665317901255,-0.018581617254632903,0.2883224156732704,False,False,False,False
1002,pm_reversal_signal,99,,0.001553562198176278,-0.14976781256876245,-0.01981379958553648,0.28855046516031235,False,False,False,False
1003,factor_pair_correlation_dispersion,99,,0.0,0.15044843835586236,0.021409322881026933,0.2870220742702343,False,False,False,False
1004,quality_momentum_composite,99,,0.003750753220642958,-0.1504547498366212,-0.02512932825779421,0.2886746055530135,False,False,False,False
1005,holder_num_percentile,99,,0.00726804373962983,0.1508875162225165,0.014930636688781734,0.28495592579038864,False,False,False,False
1006,flow_momentum_resonance,99,,0.003627953267478289,-0.1524082817798742,-0.022971130691588845,0.28867478603229363,False,False,False,False
1007,mom_40,99,,0.0015917586952362186,-0.15250382093015225,-0.027632112459647376,0.28867475264285763,False,False,False,False
1008,value_quality_safety_triple,99,,0.006581220745766971,0.15319214766481298,0.014588063597914326,0.28867478595307844,False,False,False,False
1009,margin_flow_volatility_20,99,,0.14643466042957137,0.15323363043127478,0.02412075156953682,0.2886747607229426,False,False,False,False
1010,interest_coverage_change_4q,99,,0.0021871956774416486,0.15336884924116737,0.0047324834518737025,0.03477634279004801,False,False,False,False
1011,margin_buy_sell_imbalance,99,,0.14521023066400504,-0.15403876355071175,-0.009897436079564273,0.28867476091777133,False,False,False,False
1012,low_risk_value_resonance,99,,0.004522179670610544,0.1543745958983164,0.033285788628016615,0.2886747873255766,False,False,False,False
1013,winner_rate_reversal_divergence,99,,0.0015474935958396518,0.1544807753925336,0.02465402234099125,0.2540383588442904,False,False,False,False
1014,holder_num_change,99,,0.006289570857000882,0.15548880698359432,0.008403970756347986,0.26698858424300126,False,False,False,False
1015,big_vs_small_divergence_5d,99,,0.0036179579224532576,-0.15588717659208884,-0.010942098749390887,0.2886747889702877,False,False,False,False
1016,bollinger_position,99,,0.0015499924320959097,-0.1566365203934971,-0.024680230174870404,0.2886747909752059,False,False,False,False
1017,volatility_60,99,,0.0015714110285781192,0.15786526538945037,0.03353665591044453,0.28867479099864296,False,False,False,False
1018,holder_structure_stability,99,,0.0,0.15838275077244188,0.005482965032643633,0.062493911032953674,False,False,False,False
1019,low_risk_composite,99,,0.0016274563560399013,0.15849779472706904,0.032118619467397476,0.28867472324518895,False,False,False,False
1020,mom_5,99,,0.0015517773151360937,-0.1585008361050145,-0.025589065002718278,0.2886738629731101,False,False,False,False
1021,sp_ttm_neutral,99,,0.0022753688996267453,0.1585009023632034,0.011501203910600475,0.28863438459337953,False,False,False,False
1022,index_style_rotation_20,99,,0.0015460656894075045,0.15861858864636244,0.02084519726034656,0.28867471201255174,False,False,False,False
1023,obv_momentum_20,99,,0.0015610587069450513,-0.15881351122930534,-0.018238548159201326,0.2886747910089119,False,False,False,False
1024,market_cap_concentration_20d,99,,0.0015503494087039465,0.1595608680442192,0.02907265994012194,0.2886747910195624,False,False,False,False
1025,gap_fill_5d,99,,0.0015474935958396518,-0.1601253092274513,-0.025676850627474764,0.2886742291118475,False,False,False,False
1026,chip_winner_rate_stability_20d,99,,0.0015582028940807568,0.16098311044221725,0.02370787655382567,0.2886747910117592,False,False,False,False
1027,bp_factor_momentum_20,99,,0.01857599175241245,0.16130338079769466,0.023117784889861017,0.28867422675506804,False,False,False,False
1028,ext_top_list_net_flow_ma_10d,99,,0.0015464226660155413,-0.16191980789976246,-0.006376504823872377,0.10884683158301967,False,False,False,False
1029,volatility_factor_momentum_20,99,,0.015511347572416274,-0.16196863333424139,-0.014520073277184678,0.28867475817374333,False,False,False,False
1030,style_tilt_momentum,99,,0.0015460656894075045,0.16277386630039564,0.0205880843851991,0.2886747186468589,False,False,False,False
1031,turnover_20,99,,0.0015503494087039465,0.16295684704134533,0.033467976737532254,0.28867476179922374,False,False,False,False
1032,mom_10,99,,0.0015557040578244989,-0.1633421194938697,-0.02650314586714662,0.2886744694041816,False,False,False,False
1033,factor_volatility_regime_shift,99,,0.022007250908862443,0.16368121995335097,0.010934853774681568,0.28867478380863965,False,False,False,False
1034,quality_price_divergence,99,,0.0037050602148142437,0.16396235553299413,0.02323251302615965,0.28867478857545065,False,False,False,False
1035,up_minutes_ratio,99,,0.0005690207132107047,-0.16485632371086456,-0.028607441446496965,0.28859619977282597,False,False,False,False
1036,residual_momentum_60,99,,0.0015714110285781192,-0.16523353953750117,-0.01840746228201031,0.28867478946449926,False,False,False,False
1037,factor_reversal_risk,99,,0.020101709775161854,0.16560064381457873,0.007873058809820213,0.28867479088266323,False,False,False,False
1038,high_low_amplitude_20,99,,0.0015499924320959097,-0.16626410963052954,-0.0317877445303459,0.2886747909308591,False,False,False,False
1039,mom_15,99,,0.0015592738239048672,-0.1667992119948846,-0.027570582554653396,0.2886746317383607,False,False,False,False
1040,tail_ratio_60,99,,0.0015714110285781192,-0.1683857862395668,-0.020704241496136984,0.28867479099864296,False,False,False,False
1041,overnight_gap_vol_20,99,,0.0015507063853119833,0.16852684454671207,0.02968084939123591,0.28867479101920657,False,False,False,False
1042,intra_trend,99,,0.0005690207132107047,-0.16856525317778054,-0.026534826702808777,0.28863316101630004,False,False,False,False
1043,marubozu_ratio_10d,99,,0.001547136619231615,-0.1686474794498183,-0.011061394391695378,0.192509392300232,False,False,False,False
1044,mf_big_order_stability_20d,99,,0.0036261683844381045,0.16994782465802002,0.011220096307507987,0.28867478896215415,False,False,False,False
1045,rjump_5min,99,,0.0005690207132107047,-0.1699692247469563,-0.018960609668344525,0.17927755852567734,False,False,False,False
1046,max_ret_vol_ratio,99,,0.0015507063853119833,0.1704777420319855,0.01523660649077358,0.28867479101920657,False,False,False,False
1047,factor_autocorrelation_break,99,,0.0,0.1713064273818776,0.009146566521206082,0.28243118900358155,False,False,False,False
1048,turnover_factor_momentum_20,99,,0.015511347572416274,0.17163086413844997,0.01769723960176181,0.2886746534972402,False,False,False,False
1049,rv_trend_5d,99,,0.0005765172219794781,0.1725272214871964,0.018341657937860852,0.288742144833607,False,False,False,False
1050,vol_concentration,99,,0.0005690207132107047,0.17265597237024008,0.015258883867018007,0.2887206362762365,False,False,False,False
1051,price_impact_asymmetry,99,,0.0005729474558991099,0.17286580343423036,0.006692389197989033,0.28883815548660424,False,False,False,False
1052,momentum_reversal_balance,99,,0.0015685552157138247,-0.17364856346269816,-0.029435644182628312,0.2886747539044108,False,False,False,False
1053,mf_big_small_convergence_20d,99,,0.003610818390292521,-0.17370483674553447,-0.014092604425384875,0.2886747889773651,False,False,False,False
1054,short_term_long_term_alignment,99,,0.0016428063501854851,-0.17379792529247057,-0.029074949828141825,0.2886747290534404,False,False,False,False
1055,winner_rate_neutral,99,,0.0015457087127994677,0.17474298295142793,0.015401562914484275,0.28863217742694747,False,False,False,False
1056,volatility_term_structure,99,,0.0015714110285781192,-0.17490542948750873,-0.019183900519446385,0.28867479099864296,False,False,False,False
1057,reversal_with_volume_confirmation,99,,0.0015521342917441305,0.17572297363488132,0.023482155070774082,0.2886747886463349,False,False,False,False
1058,bias_20,99,,0.0015499924320959097,-0.1757544120783299,-0.029798191181964206,0.2886747905677724,False,False,False,False
1059,factor_rank_volatility_60,99,,0.0,0.17670909999003104,0.02049252581498946,0.2833493669859065,False,False,False,False
1060,disposition_effect_proxy,99,,0.0015621296367691617,0.1777611229625551,0.027186927627048524,0.25476342477853736,False,False,False,False
1061,ext_limit_type_quality,99,,0.0015464226660155413,-0.17845920493350276,-0.011107234548102984,0.06319326777960374,False,False,False,False
1062,rsv_5min,99,,0.0005690207132107047,0.17888528820457472,0.030553035405941623,0.288767147811278,False,False,False,False
1063,turnover_f_20,99,,0.0015503494087039465,0.1795834890580216,0.03565206399964647,0.28867477307301387,False,False,False,False
1064,aqi,99,,0.002152925923070113,0.18038549805397003,0.00488434060241738,0.014337126669236165,False,False,False,False
1065,factor_multi_horizon_momentum,99,,0.046390895097426055,0.18051704746045572,0.02709354899198955,0.2886746566998317,False,False,False,False
1066,factor_rank_stability_20,99,,0.0,0.18122827592612534,0.015968005990873238,0.2833493669859065,False,False,False,False
1067,turnover_concentration_intraday,99,,0.0005690207132107047,0.1816789121711726,0.015325097148585732,0.2888094053501475,False,False,False,False
1068,volume_price_convergence,99,,0.0015503494087039465,-0.18187661147304665,-0.02441069747314933,0.2886747197648845,False,False,False,False
1069,margin_net_flow_5d,99,,0.145035312126067,-0.18231394747362997,-0.011936981531221575,0.2886747609386177,False,False,False,False
1070,chip_resistance_distance,99,,0.0015496354554878728,-0.18301130085394976,-0.025999504232087876,0.28867467068784525,False,False,False,False
1071,factor_dispersion_risk,99,,0.0015457087127994677,0.1834869595719442,0.028851755774103992,0.2886747910241417,False,False,False,False
1072,di_plus_minus_ratio_14,99,,0.0015478505724476886,-0.1835769901122261,-0.025468813695625876,0.2886671509582142,False,False,False,False
1073,volume_climax,99,,0.0015499924320959097,-0.18403650087527604,-0.019652421943844107,0.28867479101991295,False,False,False,False
1074,rel_vol_midday,99,,0.0005690207132107047,-0.18516682865758005,-0.014781521476086376,0.2887447622734629,False,False,False,False
1075,turnover_anomaly_20,99,,0.0015703400987540088,0.18744888442864832,0.02343545638215882,0.28867479094143994,False,False,False,False
1076,pm_momentum_intraday,99,,0.0005690207132107047,-0.18823972653922177,-0.023569687839967414,0.2885274143161737,False,False,False,False
1077,volume_momentum_5,99,,0.0015499924320959097,-0.18863382968985687,-0.019847197969905108,0.28867479101991295,False,False,False,False
1078,margin_balance_growth_5d,99,,0.1457349862778192,-0.18867172916177632,-0.011961844081141534,0.28867476083436294,False,False,False,False
1079,sector_neutral_momentum,99,,0.0015917586952362186,-0.18869097031870086,-0.0229771573931693,0.28867478318198553,False,False,False,False
1080,factor_diversification_ratio,99,,0.0015457087127994677,-0.18902958031718256,-0.011949297770135606,0.28867479101434834,False,False,False,False
1081,gap_abs_intraday,99,,0.0005697346664267784,0.18956774156094078,0.018799013644671115,0.28784487996944425,False,False,False,False
1082,margin_price_divergence_5d,99,,0.14595488386836988,0.18962928014123973,0.02199226685078241,0.28867476274242115,False,False,False,False
1083,factor_unanimity_8,99,,0.0,-0.19019255215872186,-0.02422017004714542,0.28394491624956797,False,False,False,False
1084,momentum_volatility_ratio,99,,0.0015642714964173828,-0.19070834364889067,-0.031171535980800143,0.2886747908914301,False,False,False,False
1085,chip_position,99,,0.0015457087127994677,0.19080072354847447,0.02711093743575382,0.2886746440205842,False,False,False,False
1086,jump_ratio_intraday,99,,0.0005718765260749993,-0.1908133105878669,-0.022060447104806737,0.2881779286111851,False,False,False,False
1087,mf_small_order_ratio,99,,0.0036090335072523367,-0.1912604315639769,-0.014883696666933574,0.2886747889790356,False,False,False,False
1088,margin_balance_stability_20d,99,,0.14643466042957137,0.19160696296750732,0.022059134453798205,0.2886747607229426,False,False,False,False
1089,attention_proxy_20d,99,,0.0015499924320959097,-0.19165114082999335,-0.03304049727313492,0.26914844329526005,False,False,False,False
1090,sentiment_momentum_composite,99,,0.00155106336192002,-0.19187445480160048,-0.025421265018009655,0.2886747453884532,False,False,False,False
1091,mf_big_order_turnover_ratio,99,,0.0036090335072523367,-0.19267830988729628,-0.019352033811577855,0.2886747889789378,False,False,False,False
1092,holder_concentration_momentum,99,,0.005567407178942378,0.1928913368150207,0.005587447179455243,0.13586223028858185,False,False,False,False
1093,up_down_vol_ratio_20,99,,0.0015499924320959097,-0.19326630276529483,-0.024238071587126823,0.2886747910199129,False,False,False,False
1094,intraday_ret,99,,0.0015457087127994677,-0.19360274729841156,-0.02795296262265307,0.2886093484479126,False,False,False,False
1095,intraday_momentum_20,99,,0.0015499924320959097,-0.19367871026152955,-0.03039673724265181,0.28867479101991295,False,False,False,False
1096,margin_panic_repay,99,,0.14993945676727696,0.19410069715119346,0.022639586942109498,0.28867476070347825,False,False,False,False
1097,turnover_std_20,99,,0.0015503494087039465,0.19440710259955837,0.036411529683422594,0.28867479101897286,False,False,False,False
1098,volume_weighted_ret,99,,0.0005690207132107047,-0.19443933350827836,-0.022576190728933982,0.2887811333198597,False,False,False,False
1099,realized_skewness_20,99,,0.0015507063853119833,0.19495943004869792,0.015542274090795066,0.28867479101920657,False,False,False,False
1100,ts_volume_zscore_20,99,,0.0015499924320959097,0.19506172497622457,0.020428912284965205,0.2886747910199129,False,False,False,False
1101,large_order_timing_signal,99,,0.0036136742031568155,-0.1955629125372088,-0.014711587317316366,0.28753656732760724,False,False,False,False
1102,bp_industry_neutral,99,,0.004440432027370111,0.19610262049534327,0.01817295173894327,0.28866644634101096,False,False,False,False
1103,vwap_deviation,99,,0.0005690207132107047,-0.19653004928297385,-0.027240393860150338,0.28874221915915843,False,False,False,False
1104,short_sell_change_5d,99,,0.14643466042957137,0.1966007469576853,0.01055130868636516,0.2885533405213902,False,False,False,False
1105,pm_hl_range_intraday,99,,0.0005690207132107047,0.1968512323786495,0.030468026199040276,0.2887113526363177,False,False,False,False
1106,chip_support_distance,99,,0.0015457087127994677,-0.19708937363797993,-0.027044996991321513,0.2886745249213958,False,False,False,False
1107,dollar_volume_20,99,,0.0015499924320959097,-0.1971094559156137,-0.03326875643703645,0.2886747910197179,False,False,False,False
1108,turnover_20_size_neutral,99,,0.0015503494087039465,0.19781195043422248,0.03730574880612487,0.2886720065965858,False,False,False,False
1109,ret_autocorr_5min,99,,0.0005718765260749993,-0.19824952062469733,-0.02887003973181991,0.2888449648632814,False,False,False,False
1110,high_low_volatility_20,99,,0.0015621296367691617,0.19885601923862997,0.040736869988380546,0.288674791007787,False,False,False,False
1111,holder_num_trend_4q,99,,0.0016838586601097202,0.2000446454314861,0.005713840213295187,0.1155466962590666,False,False,False,False
1112,vol_of_vol_20,99,,0.0015521342917441305,0.20033559201271045,0.029836814274863604,0.28867479101779076,False,False,False,False
1113,market_corr_60,99,,0.0003548347483886076,-0.20061824058545286,-0.02415226732461947,0.2886747921990388,False,False,False,False
1114,gap_fill_5d_reversal,99,,0.0015464226660155413,-0.2016416479415174,-0.027455863376717946,0.28861632017833455,False,False,False,False
1115,factor_liquidity_fragility,99,,0.00155106336192002,-0.20178587826411834,-0.03983674293365833,0.2886747556447745,False,False,False,False
1116,idiosyncratic_vol_60,99,,0.0003548347483886076,0.2019711008256491,0.03597534423237979,0.2886747921990388,False,False,False,False
1117,factor_trend_strength_60,99,,0.023250600434654718,0.20234880543244496,0.03153687417766568,0.2886747834212125,False,False,False,False
1118,ts_vol_regime_60,99,,0.0016588702975471423,-0.20345440025888506,-0.03036252218512823,0.2886704734813989,False,False,False,False
1119,chip_mean_distance,99,,0.0016167470577987965,-0.2036652793473027,-0.02957833378315114,0.28867479098265664,False,False,False,False
1120,factor_turnover_ratio_20,99,,0.01857599175241245,0.20480693772131706,0.016459788059937246,0.2886740448738963,False,False,False,False
1121,factor_profile_shift_deep,99,,0.01857599175241245,0.20480693772131706,0.016459788059937246,0.2886740448738963,False,False,False,False
1122,value_momentum_spread,99,,0.004458994810988026,0.20481024631631656,0.033495072017384955,0.2886747872940967,False,False,False,False
1123,weekday_effect,99,,0.0015974703209648078,-0.20483300302423602,-0.01954695673064643,0.2886747909728132,False,False,False,False
1124,turnover_lead_volatility_10,99,,0.016667594805847563,-0.2048853264041513,-0.01985268190110844,0.2886747878049683,False,False,False,False
1125,pos_rv_ratio,99,,0.0005718765260749993,-0.20531526171911213,-0.026706052431021088,0.2889683274384324,False,False,False,False
1126,beta_stability_60,99,,0.0003516219589162761,0.2053335204799705,0.020007067690657097,0.2886747922022463,False,False,False,False
1127,consecutive_up_days,99,,0.0015457087127994677,-0.20632025121163236,-0.02362390023992833,0.24252258449949776,False,False,False,False
1128,margin_net_buy_pressure_10d,99,,0.14556006773988114,-0.20658348731384402,-0.0145824902014026,0.2886747608595367,False,False,False,False
1129,margin_buy_climax,99,,0.14993945676727696,0.2067225180454052,0.023604654425322617,0.28867476070347825,False,False,False,False
1130,return_asymmetry_intraday,99,,0.0005690207132107047,0.2073371446232355,0.022430863112657348,0.2887853531788472,False,False,False,False
1131,factor_cs_tail_ratio,99,,0.0,0.2087775720488723,0.014155741991818988,0.28867479225280857,False,False,False,False
1132,eps_growth_acceleration_8q,99,,0.0022328886832703627,0.20912914239329053,0.007933027218641002,0.0624816571501993,False,False,False,False
1133,gap_fill_tendency_10d,99,,0.001547136619231615,-0.20927498041045403,-0.02115577619109981,0.23342473208299325,False,False,False,False
1134,sector_relative_momentum_20,99,,0.0015642714964173828,-0.2103890276427676,-0.0223612647426514,0.28866928922253415,False,False,False,False
1135,chip_median_distance,99,,0.0016167470577987965,-0.21061795118878981,-0.029833272660930533,0.288674607261474,False,False,False,False
1136,volatility_20_size_neutral,99,,0.00155106336192002,0.21068350582886772,0.038506624532286246,0.2886718582058811,False,False,False,False
1137,price_volume_corr_20,99,,0.0015507063853119833,-0.21111742184266236,-0.021160414703558884,0.2886747910192065,False,False,False,False
1138,volume_adjusted_momentum_20,99,,0.0015507063853119833,-0.21126234258455207,-0.03166944633553288,0.28867479101920657,False,False,False,False
1139,sector_turnover_ratio_5d,99,,0.0015478505724476886,-0.2115335436553588,-0.011762285189720572,0.28867461039024894,False,False,False,False
1140,chip_peak_ratio,99,,0.0016128203151103914,-0.21262876640581704,-0.029392708717900947,0.28867349085283356,False,False,False,False
1141,stock_sector_corr_60,99,,0.0016438772800095956,0.21337891018633554,0.02033339548423941,0.2886747909267251,False,False,False,False
1142,factor_mean_reversion_signal,99,,0.0,-0.21457625220217838,-0.011936046486405795,0.27784030605863613,False,False,False,False
1143,overnight_intraday_divergence_20,99,,0.0015507063853119833,0.2164306293402765,0.02731442251670323,0.28867479101920657,False,False,False,False
1144,amihud_intraday,99,,0.0005690207132107047,-0.21825935357546072,-0.03510985767509326,0.2886501962879034,False,False,False,False
1145,ext_top_list_seat_flow_divergence,99,,0.0015464226660155413,-0.21915390251533237,-0.006891520213294463,0.24593015311045924,False,False,False,False
1146,volume_distribution_skew,99,,0.001553562198176278,-0.2191668388434272,-0.031938978012152855,0.2886583052083996,False,False,False,False
1147,sector_relative_ret_5,99,,0.0015517773151360937,-0.22012363797439652,-0.02256313994708691,0.2886689408571639,False,False,False,False
1148,volume_price_trend,99,,0.0015632005665932723,-0.22060401101274033,-0.029621601732332248,0.2886747910067568,False,False,False,False
1149,turnover_price_divergence,99,,0.0015646284730254196,-0.22101739692230993,-0.03875243911955525,0.28867479067623114,False,False,False,False
1150,mf_amount_vol_divergence,99,,0.0036090335072523367,-0.22157882903881365,-0.020962390498757175,0.2886747889163628,False,False,False,False
1151,ext_mf_small_order_avg_price,99,,0.003611889320116631,0.22219581735126331,0.01540317577075432,0.28867478897628956,False,False,False,False
1152,value_reversal_crossover,99,,0.004446500629706736,0.2225345446235802,0.03379191943431009,0.28867478636671423,False,False,False,False
1153,rv_60min,99,,0.0005690207132107047,0.2235203240469817,0.03618351888234996,0.2888244434939057,False,False,False,False
1154,ext_mf_amount_concentration,99,,0.0036090335072523367,-0.22585677828126108,-0.022836424842925144,0.28867478897913446,False,False,False,False
1155,sector_relative_turnover,99,,0.0015503494087039465,0.22600641241962463,0.02722099810995724,0.2886692986905924,False,False,False,False
1156,stock_sector_vol_ratio_20,99,,0.0015507063853119833,0.2260749611732917,0.035323031266466944,0.2886747910192065,False,False,False,False
1157,ext_mf_small_order_amount_ratio,99,,0.0036090335072523367,-0.22653381529571123,-0.021834061505321883,0.28867478897913446,False,False,False,False
1158,rv_hourly_1,99,,0.0005690207132107047,0.22977982426113092,0.03507964719656941,0.2886734955615691,False,False,False,False
1159,margin_extreme_positioning,99,,0.1553854918994868,0.23008785813749014,0.024171761440890036,0.2886741040428626,False,False,False,False
1160,mf_elg_small_divergence,99,,0.0036090335072523367,-0.2307896186285983,-0.01746939562216369,0.2886747889790356,False,False,False,False
1161,rv_semi_up,99,,0.0005690207132107047,-0.23254593877275828,-0.0331168848233814,0.2887414602941418,False,False,False,False
1162,turnover_20_neutral,99,,0.0015503494087039465,-0.23318395570949374,-0.026194499742922987,0.2886320400543031,False,False,False,False
1163,overnight_intraday_divergence_daily,99,,0.0015457087127994677,-0.23520554739829,-0.03076605496344142,0.2886745061589504,False,False,False,False
1164,am_hl_range_intraday,99,,0.0005690207132107047,0.23647702124086206,0.03815944727198315,0.2886777014801629,False,False,False,False
1165,volatility_reversal_interaction,99,,0.0015642714964173828,0.23796631569093757,0.039989872110582886,0.28867478993407214,False,False,False,False
1166,volatility_5,99,,0.001547136619231615,0.2384552083060206,0.03807264835439705,0.288674791022632,False,False,False,False
1167,stock_sector_timing,99,,0.0015457087127994677,0.23926111633327776,0.023707629445545216,0.2886747910241416,False,False,False,False
1168,factor_rolling_drawdown_60,99,,0.023250600434654718,0.2409865098322353,0.038609794382879155,0.2885191788691064,False,False,False,False
1169,factor_drawdown_60_deep,99,,0.023250600434654718,0.24098705751017988,0.0386098987343738,0.28851917598177385,False,False,False,False
1170,margin_bullish_composite,99,,0.1457349862778192,-0.2414204699812879,-0.022125524718181258,0.28867468537767144,False,False,False,False
1171,max_ret_20,99,,0.0015507063853119833,0.2414346792013871,0.03803563537521218,0.2886746713938809,False,False,False,False
1172,rv_skew_intraday,99,,0.0005690207132107047,-0.24164948018028962,-0.025507498969549208,0.28868934949747066,False,False,False,False
1173,ext_mf_big_order_net_amount_ratio,99,,0.0036090335072523367,-0.24390274127905479,-0.01783051293579682,0.28867478892475595,False,False,False,False
1174,gk_vol,99,,0.0005690207132107047,0.24585719616850227,0.040619172803988225,0.28869814417540673,False,False,False,False
1175,chip_peak_distance,99,,0.0016167470577987965,-0.24660761455228367,-0.0291538241994185,0.28867439495164915,False,False,False,False
1176,oi_divergence_intensity,99,,0.0015457087127994677,-0.24743690073181307,-0.031616514625304994,0.2886670408094017,False,False,False,False
1177,factor_profile_shift_20,99,,0.0,0.24775854407454184,0.015613227829387927,0.28500208517438536,False,False,False,False
1178,limit_break_count_20d,99,,0.0015457087127994677,0.25012731863089444,0.02269223847662824,0.15458105298896552,False,False,False,False
1179,volume_surge_3d,99,,0.001569983122145972,0.25052802715012434,0.030182161854691518,0.28867479100005644,False,False,False,False
1180,ret_std_intraday,99,,0.0005690207132107047,0.25086479964997777,0.04165949272791112,0.2887179403702844,False,False,False,False
1181,rv_hourly_dispersion,99,,0.0005718765260749993,0.25549539518396575,0.03464782094973906,0.28890001096058743,False,False,False,False
1182,chip_concentration_streak,99,,0.0015457087127994677,-0.25671291105286453,-0.020900930181882767,0.18395559118241733,False,False,False,False
1183,volume_profile_skew,99,,0.0005690207132107047,0.25889331315846886,0.01776059573326517,0.28873040309137576,False,False,False,False
1184,margin_turnover_ratio,99,,0.14486039358812897,-0.2594911938319205,-0.03762845657562621,0.2886747564954347,False,False,False,False
1185,volume_trend_consistency_20,99,,0.0015499924320959097,-0.26050878773049974,-0.02330286930256245,0.28647941688885903,False,False,False,False
1186,volume_dry_up,99,,0.0015499924320959097,-0.26158791105231466,-0.023988507097114996,0.28867479101991295,False,False,False,False
1187,mf_elg_order_ratio,99,,0.0036090335072523367,-0.2618314439104396,-0.01566348567092349,0.2882802223801797,False,False,False,False
1188,ebt_growth_momentum,99,,0.0021871956774416486,0.2623640472522275,0.009413794403211226,0.04137547078990257,False,False,False,False
1189,holder_concentration_speed,99,,0.005331088664421998,0.2637488439918106,0.0070448044930191255,0.04380588647637831,False,False,False,False
1190,herding_intensity,99,,0.001551420338528057,-0.2656001570820052,-0.042336055296803156,0.28867479101849947,False,False,False,False
1191,revenue_growth_acceleration,99,,0.0021871956774416486,0.27302552431905286,0.009197450756507469,0.041391114454983814,False,False,False,False
1192,or_growth_acceleration,99,,0.0021871956774416486,0.27302552431905286,0.009197450756507469,0.041391114454983814,False,False,False,False
1193,dt_appearance_frequency_20d,99,,0.0015457087127994677,-0.2742239805995655,-0.026626488156720005,0.15246012614599255,False,False,False,False
1194,limit_seal_durability_rank,99,,0.0015457087127994677,-0.27433187376518325,-0.017460945791272116,0.08702472905794313,False,False,False,False
1195,volume_stability_20,99,,0.0015499924320959097,0.2819827631745296,0.02350351191429517,0.28867479101991295,False,False,False,False
1196,limit_event_volatility,99,,0.0015528482449602041,0.28430001008100125,0.030957250383397052,0.19042933931218173,False,False,False,False
1197,intraday_max_runup,99,,0.0005690207132107047,-0.28681529060958316,-0.04258985149656127,0.2887234537557539,False,False,False,False
1198,vol_orthogonal_to_beta,99,,0.0016524447186024795,0.2873557206630488,0.03970069602605457,0.2886747819814481,False,False,False,False
1199,volatility_20_neutral,99,,0.0015507063853119833,0.28769089100860085,0.030486682110361436,0.2886319915809869,False,False,False,False
1200,ext_mf_large_order_avg_price,99,,0.003804299711848482,-0.28786534266832153,-0.016332895958180858,0.2886747887809911,False,False,False,False
1201,price_volume_corr_20_neutral,99,,0.0015507063853119833,-0.2900740626886723,-0.016625409781684704,0.28863199158098685,False,False,False,False
1202,max_ret_intraday,99,,0.0005690207132107047,0.29169970470900236,0.043616933479515514,0.2886881190948269,False,False,False,False
1203,intraday_reversal,99,,0.0005690207132107047,0.2944933824127439,0.02608562673231253,0.287843684715185,False,False,False,False
1204,limit_up_momentum_chain,99,,0.0015457087127994677,-0.29684453322285564,-0.01738740506167827,0.04750024348452002,False,False,False,False
1205,netprofit_growth_acceleration,99,,0.0021871956774416486,0.299363962072179,0.010534307640036565,0.04122197260218682,False,False,False,False
1206,dt_net_amount_persistence_10d,99,,0.0015457087127994677,0.3050449440816207,0.025054779773593664,0.11871813068576233,False,False,False,False
1207,sector_amount_rank,99,,0.0015457087127994677,-0.305342609192874,-0.03840955762706482,0.2886747909263081,False,False,False,False
1208,rv_rolling_5d_std,99,,0.0005704486196428521,0.30640242703126347,0.04395732787154417,0.2886944700452392,False,False,False,False
1209,ret_kurt_intraday,99,,0.0005718765260749993,0.31201855103739073,0.028828676776795892,0.2889264809460161,False,False,False,False
1210,extreme_move_count,99,,0.0005690207132107047,0.3220182930930471,0.026279300776292962,0.28533043163924293,False,False,False,False
1211,limit_up_seal_quality,99,,0.0015457087127994677,-0.32243241553658464,-0.022242603564021083,0.09417754368904016,False,False,False,False
1212,ext_limit_board_type_signal,99,,0.0015464226660155413,-0.32317710699832575,-0.02856359477538102,0.14697143093520154,False,False,False,False
1213,top_list_repeat_appearance,99,,0.0015457087127994677,-0.32608256698490246,-0.017929806945096573,0.028756722160157313,False,False,False,False
1214,limit_up_reversal_risk,99,,0.0015460656894075045,0.33032336333265305,0.01795614557739556,0.05726361682356559,False,False,False,False
1215,mf_amount_weighted_direction,99,,0.0036090335072523367,0.3413061988255136,0.011737544199445551,0.2886747889783467,False,False,False,False
1216,lg_order_imbalance,99,,0.11473799344876529,-0.34628105433351836,-0.01940504956122556,0.2882962988543061,False,False,False,False
1217,ext_dt_net_buy_ma_5d,99,,0.0015457087127994677,0.347221101649022,0.02381245522782335,0.09182679805306197,False,False,False,False
1218,sector_relative_volume_ratio,99,,0.0015457087127994677,-0.3516971861115548,-0.02626775329308758,0.2886693869930158,False,False,False,False
1219,holder_seasonal_pattern,99,,0.005331088664421998,0.38032066507445933,0.010190747487696907,0.012938311255568607,False,False,False,False
1220,liquidity_resilience,99,,0.0010323763504425081,0.3811200824709649,0.01778761480792966,0.2902885490130399,False,False,False,False
1221,pledge_change_signal,99,,0.003367003367003367,0.4135422508334973,0.006881291335977354,0.0004977356692425083,False,False,False,False
1222,close_5min_momentum,99,,0.0005690207132107047,0.6252287697921405,0.029545167118799603,0.28545364312927723,False,False,False,False
1223,close_auction_impact,99,,0.0005690207132107047,-0.6305546018906281,-0.026625590291721214,0.283645698631533,False,False,False,False
