cfg,group,n_sets,mean_net,median_net,p25_net,p75_net,min_net,max_net,pos_frac,mean_sharpe,median_sharpe,median_maxdd,mean_win,mean_trades,mean_turnover,mean_cost,mean_hold,mean_rank,median_rank,h1h2_frac,h1_pos,h2_pos,beat_a01_frac,beat_d01_frac,median_vs_a01,median_vs_d01,U
T2_re300_mh5,T细化,24,0.9797326084322172,0.7899302026530851,0.2275509608128294,1.6843637757875125,-0.2881845509584986,2.994563252476517,0.9166666666666666,1.3766150025565496,1.5557603394445318,-0.16697149088464458,0.5661069901868863,53.916666666666664,25.840890833333333,0.02638867739999998,9.207538672565546,71.66666666666667,47.0,0.5416666666666666,0.9583333333333334,0.5416666666666666,0.9583333333333334,0.7083333333333334,0.8716327507695365,0.5911510110715421,0.9743269230769231
N2_re300,N排名细化,24,1.0715777114482503,0.989009931300401,0.1139560891023094,1.743148548595189,-0.4416192962212124,3.375601085541976,0.875,1.3046073544946524,1.6177976830074838,-0.17181417391697046,0.5554229852772804,70.20833333333333,33.759985,0.03446343594999999,7.182968807134205,76.5,43.0,0.625,0.9583333333333334,0.625,0.875,0.6666666666666666,0.7837501214305902,0.5781749174413887,0.9654807692307692
Q2_re300_tp60,Q组合,24,1.0715777114482503,0.989009931300401,0.1139560891023094,1.743148548595189,-0.4416192962212124,3.375601085541976,0.875,1.3046073544946524,1.6177976830074838,-0.17181417391697046,0.5554229852772804,70.20833333333333,33.759985,0.03446343594999999,7.182968807134205,76.5,43.0,0.625,0.9583333333333334,0.625,0.875,0.6666666666666666,0.7837501214305902,0.5781749174413887,0.9654807692307692
Q2_re300_tp40,Q组合,24,1.0715777114482503,0.989009931300401,0.1139560891023094,1.743148548595189,-0.4416192962212124,3.375601085541976,0.875,1.3046073544946524,1.6177976830074838,-0.17181417391697046,0.5554229852772804,70.20833333333333,33.759985,0.03446343594999999,7.182968807134205,76.5,43.0,0.625,0.9583333333333334,0.625,0.875,0.6666666666666666,0.7837501214305902,0.5781749174413887,0.9654807692307692
Q2_re300_tp20,Q组合,24,1.0509287367441393,0.989009931300401,0.11578572347619284,1.743148548595189,-0.4416192962212124,3.375601085541976,0.9166666666666666,1.3097461902288066,1.6115890640765405,-0.17593753233729686,0.5550621954924342,70.5,33.90823,0.03461464668333331,7.161261866486882,74.04166666666667,43.0,0.5833333333333334,0.9583333333333334,0.5833333333333334,0.875,0.7083333333333334,0.7837501214305902,0.5674237374757735,0.9607692307692308
U2_re300_h20,U持有上限,24,1.0464597403206748,0.9460359638260241,0.26418252280690474,1.560969573347019,-0.3127489985538856,3.3959724008923398,0.875,1.3884980570000625,1.5013194660611244,-0.17690070958773485,0.5648868972713091,72.41666666666667,34.97488583333333,0.03568414354999999,6.929700569117428,60.666666666666664,42.0,0.5416666666666666,1.0,0.5416666666666666,0.875,0.7916666666666666,1.188381082178119,0.5244328840555563,0.9582692307692308
S2_re300_sl8_tp40,S组合,24,0.9184114908891313,0.789859728307979,0.17397554432190948,1.2038698320532766,-0.3609962177723902,3.7727632658736026,0.7916666666666666,1.2273324860805666,1.332368433783326,-0.16992800341510106,0.5537361329998777,77.08333333333333,36.99304916666667,0.037759814316666654,6.496176054175096,80.29166666666667,67.5,0.6666666666666666,0.9583333333333334,0.6666666666666666,0.9166666666666666,0.625,0.8698579053010295,0.45580992698219497,0.9574999999999998
S2_re300_sl8_tr15,S组合,24,0.9266704915038888,0.789859728307979,0.17397554432190948,1.2038698320532766,-0.3609962177723902,3.7727632658736026,0.7916666666666666,1.23936993530036,1.332368433783326,-0.16992800341510106,0.5532383920024003,77.20833333333333,37.0553125,0.03782313124999998,6.479517375642736,79.25,67.5,0.6666666666666666,0.9583333333333334,0.6666666666666666,0.9166666666666666,0.6666666666666666,0.8698579053010295,0.45580992698219497,0.9574999999999998
P2_re300_sl8,P组合,24,0.9184114908891313,0.789859728307979,0.17397554432190948,1.2038698320532766,-0.3609962177723902,3.7727632658736026,0.7916666666666666,1.2273324860805663,1.332368433783326,-0.16992800341510106,0.5537361329998776,77.08333333333333,36.993049166666665,0.037759814316666654,6.496176054175096,80.29166666666667,67.5,0.6666666666666666,0.9583333333333334,0.6666666666666666,0.9166666666666666,0.625,0.8698579053010295,0.45580992698219497,0.9574999999999998
U2_re300_h30,U持有上限,24,1.0379616992790477,0.8540396389971083,0.1138874357370921,1.743148548595189,-0.4416192962212124,3.375601085541976,0.8333333333333334,1.2860033609252464,1.472192755316962,-0.19459526402332789,0.5551315039525482,70.29166666666667,33.818578333333335,0.03452188864999998,7.176938472193426,80.125,50.5,0.6666666666666666,0.9583333333333334,0.6666666666666666,0.8333333333333334,0.6666666666666666,0.8971246886371698,0.5386550824924399,0.9363461538461539
V2_re300_q0.4,V择时,24,0.7444260592012802,0.6271045276197306,0.26803729365672335,0.8154045986232914,-0.1518627476812658,2.514740847779263,0.9166666666666666,1.2036081183454126,1.3347952194168067,-0.17740601026864894,0.573338591379222,63.791666666666664,30.76724333333333,0.031393785283333316,7.308534553737161,80.08333333333333,55.5,0.5416666666666666,0.9166666666666666,0.5833333333333334,0.875,0.75,0.6345469331117776,0.4202331281347834,0.93625
R2_re300_tr10,R组合,24,0.6822176166320116,0.5663229562724708,0.3403175596992783,1.116775274991097,-0.4043512858423459,1.8617749328478777,0.8333333333333334,1.1295950085807627,1.2101200389496154,-0.20597939125915898,0.5540300433940256,75.79166666666667,36.34007416666667,0.03710104523333332,6.571278126071657,87.75,66.5,0.5416666666666666,0.9583333333333334,0.5416666666666666,0.9166666666666666,0.625,0.5793358379088932,0.34238903797972675,0.9051923076923079
N2_re500,N排名细化,24,0.9405991373053629,0.561393818588618,0.2545673416354255,1.2495624951305744,-0.1738481562804548,3.89105309678892,0.8333333333333334,1.2812980641483627,1.095727162107646,-0.1867092285658213,0.6013891832720087,44.083333333333336,21.258814166666667,0.02169057336666666,11.496107284792252,83.20833333333333,64.0,0.625,0.9166666666666666,0.6666666666666666,0.8333333333333334,0.75,0.6621122530424142,0.47766485594461505,0.9029807692307693
R2_re300_tr20,R组合,24,0.9335708162501707,0.623743072915832,0.04352383638902485,1.626649769570591,-0.4416192962212124,3.278599763261908,0.8333333333333334,1.2291634730559629,1.2643326552880745,-0.19580337828978264,0.5513893928102124,70.95833333333333,34.118740833333334,0.034828538149999984,7.100322177957935,85.08333333333333,66.5,0.625,0.9583333333333334,0.625,0.8333333333333334,0.6666666666666666,0.6220943225864651,0.44491625120224987,0.8983653846153846
T2_re250,T细化,24,0.7390868058956716,0.7747870441253103,0.101026150666479,1.0430213544110665,-0.3625102313031321,2.27503302225512,0.75,1.1384064732528054,1.2505761827388038,-0.19602573827067798,0.5592020044642658,78.33333333333333,37.52055333333333,0.03831496981666664,6.450113502752761,92.75,98.5,0.625,0.875,0.7083333333333334,0.875,0.5833333333333334,0.6599884668276624,0.06743118378885354,0.8975000000000002
N1_re300,N排名细化,24,0.49018338358925,0.5208400602019585,0.07120105114784685,0.9194817036609231,-0.3742761279955887,1.3954494591436384,0.7916666666666666,1.2221731796307675,1.503985138570072,-0.2095622718260013,0.5653690828581386,35.166666666666664,33.74413916666666,0.03441902194999998,7.137606084704733,108.20833333333333,94.0,0.625,0.8333333333333334,0.7083333333333334,0.8333333333333334,0.5833333333333334,0.6340174749943475,0.15991812758324644,0.8885576923076923
Q1_re300_tp60,Q组合,24,0.49018338358925,0.5208400602019585,0.07120105114784685,0.9194817036609231,-0.3742761279955887,1.3954494591436384,0.7916666666666666,1.2221731796307675,1.503985138570072,-0.2095622718260013,0.5653690828581385,35.166666666666664,33.74413916666667,0.03441902194999998,7.137606084704733,108.20833333333333,94.0,0.625,0.8333333333333334,0.7083333333333334,0.8333333333333334,0.5833333333333334,0.6340174749943475,0.15991812758324644,0.8885576923076923
Q1_re300_tp40,Q组合,24,0.49018338358924995,0.5208400602019585,0.07120105114784685,0.9194817036609231,-0.3742761279955887,1.3954494591436384,0.7916666666666666,1.2221731796307675,1.503985138570072,-0.2095622718260013,0.5653690828581385,35.166666666666664,33.74413916666666,0.03441902194999998,7.137606084704733,108.20833333333333,94.0,0.625,0.8333333333333334,0.7083333333333334,0.8333333333333334,0.5833333333333334,0.6340174749943475,0.15991812758324644,0.8885576923076923
R1_re300_tr20,R组合,24,0.485313342297588,0.47934166617242413,0.053149888423511496,0.9194817036609231,-0.3742761279955887,1.3954494591436384,0.75,1.2221210042918986,1.503985138570072,-0.2152228215343836,0.5649727119876298,35.333333333333336,33.907331666666664,0.034585478299999986,7.11137855892823,111.66666666666667,122.5,0.625,0.8333333333333334,0.7083333333333334,0.875,0.5416666666666666,0.6333157309186028,0.08927208673821449,0.8884615384615384
T2_re300_mh3,T细化,24,0.9231864064213804,0.5893028991274465,0.2991199835345549,1.3143799652722703,-0.5275240610202658,4.562641041671257,0.8333333333333334,1.2036091385786225,1.310142214950626,-0.21050383287881635,0.5579779022050534,63.458333333333336,30.371661666666665,0.03101741656666666,7.922036426608032,90.54166666666667,65.5,0.5416666666666666,0.8333333333333334,0.625,0.8333333333333334,0.625,0.6705250082288814,0.33698204221184974,0.8882692307692308
Q1_re300_tp20,Q组合,24,0.4842246800623653,0.4472144374686537,0.07120105114784685,0.9194817036609231,-0.3700337671742109,1.3954494591436384,0.7916666666666666,1.2089508928866322,1.5008857915338907,-0.21418515675130095,0.563873356362412,35.208333333333336,33.80533,0.03448143659999998,7.13108899068764,109.5,103.0,0.625,0.8333333333333334,0.7083333333333334,0.8333333333333334,0.5833333333333334,0.5603918522610427,0.08927208673821449,0.8749038461538462
P2_re300_sl10,P组合,24,0.5949612639243996,0.6709497096527043,0.2808424843124652,1.0354639373355035,-0.4621312446460277,1.7340883413985986,0.7916666666666666,1.0386761795056014,1.2431365852262073,-0.2202236466198195,0.5480400082027076,74.08333333333333,35.493449166666664,0.036240145233333326,6.751738763004734,102.95833333333333,91.0,0.4583333333333333,0.875,0.5,0.875,0.4583333333333333,0.5958947283625895,-0.038390322793996685,0.8582692307692307
X_re300_close_overlap,X口径,24,1.3741303507371565,1.2738079727953282,0.12819927633240477,2.2274074200523013,-0.3399358557298408,4.762718659670918,0.8333333333333334,1.4243647986443546,1.5724729146289278,-0.35902368944470103,0.5691674386329385,70.125,33.94622416666667,0.03463326031666666,7.192633260096179,71.66666666666667,46.5,0.6666666666666666,0.9583333333333334,0.6666666666666666,0.8333333333333334,0.6666666666666666,1.2130833934854246,1.004907274996453,0.8536538461538461
X_re300_close_seq,X口径,24,0.6871495922805106,0.5239646022732054,0.07011882867851096,1.2028535979011559,-0.5458641727237947,2.5873319521695493,0.875,1.0310871352907858,1.0803197221382324,-0.2045690760373266,0.566440630759577,61.458333333333336,29.371616666666664,0.03000214399999999,7.190637594922895,93.08333333333333,60.5,0.4583333333333333,0.8333333333333334,0.5416666666666666,0.7916666666666666,0.75,0.5760812216497312,0.27078727838329186,0.8271153846153847
P2_re300_sl5,P组合,24,0.7593115583743478,0.4814919389052181,0.026195026467409,1.130073978989782,-0.2528330405120641,3.4478739891782797,0.8333333333333334,1.1086924062957653,1.035180534786671,-0.19381105451854905,0.5379893101090015,86.33333333333333,41.46295583333333,0.04232774078333331,5.8003468904608075,90.625,72.0,0.375,0.9583333333333334,0.375,0.875,0.7083333333333334,0.48164765576689655,0.20929310970490345,0.8266346153846156
T2_re400,T细化,24,0.6479177843260815,0.5140893236566777,0.20052765999219013,0.9775246695992199,-0.561418750367159,2.018033587123516,0.8333333333333334,1.0223446534534733,1.022743158535047,-0.1807700908679458,0.5540330138354547,54.416666666666664,26.06331666666667,0.026630017166666645,9.249256376369503,95.75,66.0,0.4583333333333333,0.7916666666666666,0.5833333333333334,0.7916666666666666,0.7083333333333334,0.5313179073631364,0.3071263536499099,0.8209615384615384
P1_re300_sl8,P组合,24,0.4771375014622161,0.4564657508238681,0.07896602935185076,0.8023023641648239,-0.5012827924933296,2.027470557175001,0.75,1.1934989545261685,1.3475292997080126,-0.21548365263208907,0.5673067676638097,38.5,36.77014833333333,0.03750555129999999,6.463656220513575,107.20833333333333,78.5,0.5833333333333334,0.8333333333333334,0.6666666666666666,0.8333333333333334,0.625,0.47811468657706213,0.18861459888052262,0.8205769230769231
S1_re300_sl8_tp40,S组合,24,0.4771375014622161,0.4564657508238681,0.07896602935185076,0.8023023641648239,-0.5012827924933296,2.027470557175001,0.75,1.1934989545261685,1.3475292997080126,-0.21548365263208907,0.5673067676638097,38.5,36.77014833333333,0.03750555129999999,6.463656220513575,107.20833333333333,78.5,0.5833333333333334,0.8333333333333334,0.6666666666666666,0.8333333333333334,0.625,0.47811468657706213,0.18861459888052262,0.8205769230769231
S1_re300_sl8_tr15,S组合,24,0.4785591495179147,0.4564657508238681,0.07896602935185076,0.8023023641648239,-0.5012827924933296,2.027470557175001,0.75,1.1977230351847907,1.3475292997080126,-0.21548365263208907,0.5667187300294011,38.541666666666664,36.83354583333333,0.03757021674999999,6.453407564599597,106.75,78.5,0.5833333333333334,0.8333333333333334,0.6666666666666666,0.8333333333333334,0.625,0.47811468657706213,0.18861459888052262,0.8205769230769231
K2h15_sl8,K网格,24,0.900808504829503,0.5387815861232605,-0.013592015186061875,1.1410703903877044,-0.4985863058213509,5.30212376149138,0.75,1.029064942923229,0.9573104353471424,-0.20192562279944204,0.5012216240712674,37.541666666666664,17.84449,0.018267010633333327,13.039866275004753,106.20833333333333,71.0,0.5,0.8333333333333334,0.5833333333333334,0.8333333333333334,0.5416666666666666,0.5811563548784152,0.3827848643909255,0.8177884615384616
V2_re300_q0.2,V择时,24,0.6031101823329059,0.43846852660324886,0.06614748945897607,0.8594930568025445,-0.3537484775302595,3.1062877046570803,0.8333333333333334,1.0405857533292748,1.0408343260768667,-0.19394306044608095,0.5672827362292071,66.875,32.149863333333336,0.03282079684999999,7.351055050474447,99.5,100.0,0.4166666666666667,0.9583333333333334,0.4583333333333333,0.8333333333333334,0.75,0.4785575733394759,0.20734777111275085,0.8148076923076923
M2_h20_tr8,M移动细化,24,1.0002842178065,0.6204995170253115,-0.037208867279509,1.9475253158866228,-0.462885945255909,3.945484888229012,0.7083333333333334,1.1681354583974233,1.2510081187974609,-0.17599574649521776,0.4769711909099886,33.0,15.653200833333335,0.016009389433333316,14.941172006597176,94.70833333333333,45.0,0.5833333333333334,0.8333333333333334,0.5833333333333334,0.75,0.6666666666666666,0.8399817683739296,0.2288644354616981,0.8108653846153846
O2_h5_sl8_q0.4,O择时细化,24,0.7148238761340245,0.5414573209628577,0.06322073005277155,0.8067528864660908,-0.3253906923099141,4.101512045941184,0.75,1.1109484896006225,1.1267689304862385,-0.1844225402763176,0.5180735214292674,87.75,42.02805083333334,0.042902834349999995,4.886297320929752,107.66666666666667,94.5,0.5416666666666666,0.9166666666666666,0.625,0.8333333333333334,0.625,0.4138887308053376,0.17684794837753107,0.7950961538461538
M2_h20_tr20,M移动细化,24,1.5801105429082476,0.9914411958560498,-0.14001551662402337,1.2908279959347604,-0.6259601494589138,14.919361621072802,0.7083333333333334,1.1571886569001946,1.4735109883660422,-0.17681793901883436,0.5250474833808166,26.041666666666668,12.354329166666666,0.012652056583333326,18.73545821462488,104.625,90.5,0.6666666666666666,0.7083333333333334,0.7083333333333334,0.7083333333333334,0.625,0.7016435181442872,0.288746653571896,0.7928846153846153
W2_h20_tr20,W移动,24,1.5801105429082476,0.9914411958560498,-0.14001551662402337,1.2908279959347604,-0.6259601494589138,14.919361621072802,0.7083333333333334,1.1571886569001946,1.4735109883660422,-0.17681793901883436,0.5250474833808166,26.041666666666668,12.354329166666668,0.012652056583333326,18.73545821462488,104.625,90.5,0.6666666666666666,0.7083333333333334,0.7083333333333334,0.7083333333333334,0.625,0.7016435181442872,0.288746653571896,0.7928846153846153
K2h10_sl8,K网格,24,0.9573565517805505,0.6435616932941165,-0.04476663784846737,0.9070157700534505,-0.4325394904364806,8.717890423663752,0.7083333333333334,1.1202359134748454,1.1934410443971015,-0.1990453239244274,0.5104333496455523,53.041666666666664,25.26557166666667,0.025808496433333303,9.21703967740478,104.625,102.5,0.5,0.875,0.5416666666666666,0.8333333333333334,0.625,0.484995412127268,0.24616249993814154,0.7863461538461539
J04_h10_rat30_15_sl8_t2,J利润锁定,24,0.9708966943824929,0.6435616932941165,-0.04476663784846737,0.9497452445318042,-0.4325394904364806,8.717890423663752,0.7083333333333334,1.1326953767436163,1.1934410443971015,-0.1990453239244274,0.5112666829788858,53.041666666666664,25.267184166666663,0.0258101411833333,9.21703967740478,104.41666666666667,102.5,0.5,0.875,0.5416666666666666,0.8333333333333334,0.625,0.484995412127268,0.24616249993814154,0.7863461538461539
R1_re300_tr10,R组合,24,0.41443691770762436,0.46795484876576976,-0.0032988485359325,0.7300537192078476,-0.5134853548968508,1.2671877589756142,0.75,1.1046186152384116,1.3981667776527713,-0.23157838296387676,0.5626292113789658,37.875,36.13210333333333,0.03685474539999999,6.543857618175752,115.54166666666667,94.0,0.5416666666666666,0.8333333333333334,0.5833333333333334,0.7916666666666666,0.5833333333333334,0.49350333655905376,0.08289960831239462,0.7850961538461538
K1h15_sl8,K网格,24,0.5229983660894696,0.3822762132317694,0.04977892424657495,0.6484674150844989,-0.5643786305513931,3.351808407931827,0.7916666666666666,1.0569404850794897,1.3207214135813667,-0.23251207835714133,0.5255862937944982,18.541666666666668,17.586373333333334,0.017938184133333323,13.201280998842918,115.25,94.0,0.4166666666666667,0.6666666666666666,0.5833333333333334,0.7916666666666666,0.5,0.4956846514437713,-0.058333716577963726,0.7698076923076923
K2h7_sl10,K网格,24,0.7745417138228708,0.5355064375650194,-0.12590755601757095,1.1541809330624901,-0.6349496579524734,2.963531719476568,0.7083333333333334,0.9999952597133707,1.1503531894451557,-0.2097567481821221,0.5317743962230747,71.58333333333333,33.911123333333336,0.03472123329999999,6.813383472241156,112.20833333333333,91.5,0.4166666666666667,0.8333333333333334,0.4583333333333333,0.7916666666666666,0.4583333333333333,0.651892655119056,-0.07661375059342652,0.7634615384615385
N2_re200,N排名细化,24,0.6038580832498949,0.4101862787604912,0.06703354836946665,0.8690677117758263,-0.4238389391638966,3.0945169398671624,0.8333333333333334,0.962951690094361,0.8552871398862809,-0.20760792659537364,0.545014534555215,87.58333333333333,41.90291166666666,0.0427960994833333,5.749366091198226,107.625,115.5,0.375,0.875,0.4583333333333333,0.9166666666666666,0.5416666666666666,0.373121962081118,0.03896190368836386,0.763173076923077
U2_re300_h10,U持有上限,24,0.6363065967184843,0.48523443460381577,0.20616023879203643,1.1801006273377457,-0.4354237303805736,1.922087756261981,0.7916666666666666,1.0544422182628408,1.0095012060023734,-0.1911025469008552,0.5408240961252044,81.25,38.72194166666667,0.03958543341666666,6.079189753537047,102.58333333333333,92.0,0.5,0.8333333333333334,0.5833333333333334,0.7916666666666666,0.5,0.41202432526126553,0.007578568016365889,0.7613461538461539
R2_re300_tr15,R组合,24,0.675592489193635,0.5085488702049203,-0.010165548801738075,1.1072403132094153,-0.4416192962212124,2.6387721714022465,0.75,1.0476154506071211,1.0772844509688444,-0.21724761217354377,0.5461378504481804,71.375,34.27738333333333,0.03499183933333331,7.091239744507464,108.75,90.0,0.4583333333333333,0.9166666666666666,0.4583333333333333,0.875,0.5,0.36422171181612306,0.08135613144170416,0.7608653846153846
P1_re300_sl10,P组合,24,0.40908705795737266,0.41458376987541956,-0.007359270244691526,0.7094621248068528,-0.420902881389869,1.1520330195420416,0.75,1.1132803481979472,1.3289185139861988,-0.22008049135726526,0.5657812666921506,37.25,35.47723583333334,0.03618678054999999,6.688144008191936,118.20833333333333,112.0,0.5,0.7916666666666666,0.5833333333333334,0.7916666666666666,0.5416666666666666,0.4413672609607928,0.0753893686222987,0.7581730769230769
F02_h5_sl8_tp25_t2,F组合,24,0.7472985484606361,0.5990848807865807,-0.07182590540479089,1.1474704839785992,-0.4408617274142214,3.086978767459825,0.7083333333333334,1.062623475170442,1.20092988417011,-0.19743576822083705,0.4826947465842523,99.45833333333333,47.3029075,0.04837791523333331,4.902902953310537,99.91666666666667,80.5,0.3333333333333333,0.9166666666666666,0.3333333333333333,0.8333333333333334,0.6666666666666666,0.5302021181208338,0.16281205795327147,0.7522115384615384
L2_h5_sl8_tp25,L止盈细化,24,0.7472985484606361,0.5990848807865807,-0.07182590540479089,1.1474704839785992,-0.4408617274142214,3.086978767459825,0.7083333333333334,1.0626234751704418,1.20092988417011,-0.19743576822083705,0.4826947465842523,99.45833333333333,47.3029075,0.04837791523333331,4.902902953310537,99.91666666666667,80.5,0.3333333333333333,0.9166666666666666,0.3333333333333333,0.8333333333333334,0.6666666666666666,0.5302021181208338,0.16281205795327147,0.7522115384615384
N1_re200,N排名细化,24,0.44111785843783347,0.3434752763133586,0.03913093047337333,0.7764494809843696,-0.3159243431644721,1.6155467476187084,0.7916666666666666,1.0926841721809588,1.13265807014746,-0.2467282899960121,0.5662782664257112,43.458333333333336,41.4988175,0.04232879384999999,5.750564250721477,119.5,118.5,0.5,0.7916666666666666,0.5833333333333334,0.9166666666666666,0.5833333333333334,0.31704588498066777,0.0535758383095656,0.7521153846153846
L2_h7_sl8_tp40,L止盈细化,24,0.7294398628708251,0.5041551442614067,0.05999934936167072,1.2502351810993153,-0.5058260661359064,3.1451849551023825,0.75,1.022666327628303,1.0679640968197504,-0.19592314436829222,0.5210483030697078,73.16666666666667,34.72926333333333,0.035513711099999984,6.66625832103066,99.29166666666667,78.0,0.375,0.7916666666666666,0.4583333333333333,0.7916666666666666,0.5416666666666666,0.459979536681012,0.3723325444390392,0.7369230769230769
W2_h20_tr25,W移动,24,1.496032579741887,0.6723485892177493,-0.2957640242222035,1.5013949187091717,-0.6460942214597098,13.28218808865476,0.7083333333333334,1.0598394333768957,1.2952452762775324,-0.18223315680583968,0.5240384615384616,26.0,12.3532175,0.012646044766666654,18.76602564102564,117.33333333333333,99.0,0.6666666666666666,0.7083333333333334,0.6666666666666666,0.7083333333333334,0.5833333333333334,0.4557865796085838,0.026919789944534422,0.73
K2h6_sl10,K网格,24,0.7232038386437392,0.5334507428255113,0.034468571519296096,0.8793307948424174,-0.6163269947499255,3.5659841864249904,0.7916666666666666,1.0393053617258021,1.2561433689051602,-0.183670828273831,0.5103109695734499,82.83333333333333,39.5812075,0.040435816649999984,5.887777352835542,105.125,85.5,0.2916666666666667,0.875,0.375,0.75,0.625,0.5035560618062143,0.25372656307839586,0.7285576923076923
R1_re300_tr15,R组合,24,0.39843068994038444,0.26493880369432,0.06935975724239428,0.6668624865898682,-0.5008228661660883,1.3954494591436384,0.7916666666666666,1.0902007229212765,1.1806298809265945,-0.2474006432579243,0.5579332887257132,36.291666666666664,34.95266,0.0356517132,6.961571942474149,121.33333333333333,123.5,0.5,0.7916666666666666,0.5833333333333334,0.8333333333333334,0.5,0.3208831150034748,0.0026540871092005855,0.7248076923076924
G03_h20_tr8_t1,G移动止损,24,0.44516253361968977,0.2798763443956753,0.08818302797079818,0.5699382587379453,-0.4958115340783671,2.7878272926760364,0.7916666666666666,1.0240814035926882,1.0614603015408024,-0.2222119511294505,0.4836771348093111,16.5,15.69444,0.01600832879999998,15.032306408892254,122.875,127.0,0.625,0.875,0.625,0.75,0.5833333333333334,0.36307099352914085,0.17872952926981353,0.7220192307692308
M1_h20_tr8,M移动细化,24,0.44516253361968977,0.2798763443956753,0.08818302797079818,0.5699382587379453,-0.4958115340783671,2.7878272926760364,0.7916666666666666,1.024081403592688,1.0614603015408024,-0.2222119511294505,0.4836771348093111,16.5,15.69444,0.01600832879999998,15.032306408892254,122.875,127.0,0.625,0.875,0.625,0.75,0.5833333333333334,0.36307099352914085,0.17872952926981353,0.7220192307692308
L2_h7_sl8_tp25,L止盈细化,24,0.7321043239888123,0.5711693758438051,-0.10259494685626662,1.4130475895590897,-0.5207209035941107,2.4962806330010494,0.7083333333333334,1.0222603242788144,1.1418343433168294,-0.1808567896911254,0.5196361632091612,73.16666666666667,34.71598666666666,0.03550008556666666,6.665102977558234,96.04166666666667,72.0,0.4166666666666667,0.7916666666666666,0.5,0.75,0.5833333333333334,0.47412469377691613,0.39617356062940545,0.7123076923076923
K2h15_sl10,K网格,24,0.6399512510855817,0.26819846060971614,-0.016796092396100373,0.9908334373568578,-0.4358051758676379,4.206696490094568,0.7083333333333334,0.9020523007146654,0.8975481144825506,-0.21102904885031892,0.4958172197556782,35.791666666666664,17.13841916666667,0.017505374633333317,13.658722091162781,115.66666666666667,96.0,0.4583333333333333,0.9166666666666666,0.4583333333333333,0.75,0.5,0.5475281037630249,0.047320377080565884,0.7115384615384616
P1_re300_sl5,P组合,24,0.3695599337025495,0.3373502285619888,-0.05535497588867365,0.7039136302789832,-0.5110516590410927,1.350687335686621,0.6666666666666666,1.0099229595434245,1.2388178716751232,-0.2202757047658377,0.5399859779545227,44.083333333333336,42.1749175,0.04301841584999999,5.682008469092595,126.33333333333333,123.0,0.4583333333333333,0.9166666666666666,0.5,0.8333333333333334,0.4166666666666667,0.4364384210141712,-0.034737616011571396,0.7106730769230769
N1_re500,N排名细化,24,0.39861169792639756,0.3191771893586133,0.11913549642922255,0.6185296025446211,-0.0847145011619762,1.3844618840083958,0.7916666666666666,1.1222574012772535,1.1387995986310404,-0.2509579405280017,0.618629339212148,22.458333333333332,21.873900000000003,0.022311377999999993,11.290048391677395,119.79166666666667,97.0,0.5416666666666666,0.9166666666666666,0.625,0.7916666666666666,0.5,0.3319635521795209,0.03087072174248734,0.7055769230769231
K2h5_sl8,K网格,24,0.6476224052570755,0.5990848807865807,-0.05305144857247587,1.1172579335330175,-0.4408617274142214,2.671945528704505,0.6666666666666666,1.0181479387695658,1.20092988417011,-0.22019368786697774,0.4834661789195627,99.45833333333333,47.230617499999994,0.04830588526666665,4.902894619143788,105.79166666666667,80.5,0.3333333333333333,0.9166666666666666,0.3333333333333333,0.8333333333333334,0.625,0.5132634426597725,0.13077422936040967,0.7009615384615384
D02_h5_sl8_t2,D止损,24,0.6476224052570755,0.5990848807865807,-0.05305144857247587,1.1172579335330175,-0.4408617274142214,2.671945528704505,0.6666666666666666,1.0181479387695656,1.20092988417011,-0.22019368786697774,0.4834661789195626,99.45833333333333,47.230617499999994,0.04830588526666665,4.902894619143788,105.79166666666667,80.5,0.3333333333333333,0.9166666666666666,0.3333333333333333,0.8333333333333334,0.625,0.5132634426597725,0.13077422936040967,0.7009615384615384
K1h4_sl5,K网格,24,0.3859909196644378,0.2058963867903771,0.0396360764820372,0.4784039198117539,-0.3261355647479892,1.7330744943936385,0.8333333333333334,0.9824373781448887,0.8541372566829252,-0.2361915942633169,0.5219060808081913,62.875,60.5154075,0.061725715649999985,3.876759011606186,127.25,113.0,0.4583333333333333,0.9166666666666666,0.5,0.7916666666666666,0.5416666666666666,0.3725501413398401,0.05104507199497041,0.6990384615384615
O2_h5_sl8_q0.2,O择时细化,24,0.5254999912668362,0.38742509970560224,-0.0018798137482936017,1.1080763225142118,-0.5753450460324028,1.608632620257175,0.75,0.9359846984126688,0.9847123217411748,-0.1893912583415512,0.5051022883329311,94.83333333333333,45.1197175,0.04615079684999996,4.871640992060427,118.625,97.0,0.375,0.9166666666666666,0.4583333333333333,0.7083333333333334,0.5,0.5274641985840605,-0.03908244593674898,0.6976923076923076
G03_h20_tr20_t1,G移动止损,24,0.6804395948699495,0.2131561951462626,0.0241955484628466,0.9619095494306031,-0.463703663842432,3.780481255532531,0.75,1.1692521701590282,0.8009710392607738,-0.22470383237818836,0.5512820512820512,13.0,12.410544166666668,0.012658755049999975,18.76602564102564,110.79166666666667,112.0,0.5833333333333334,0.7916666666666666,0.6666666666666666,0.7916666666666666,0.6666666666666666,0.3919677718752874,0.12285471397536844,0.6963461538461538
M1_h20_tr20,M移动细化,24,0.6804395948699495,0.2131561951462626,0.0241955484628466,0.9619095494306031,-0.463703663842432,3.780481255532531,0.75,1.1692521701590282,0.8009710392607738,-0.22470383237818836,0.5512820512820512,13.0,12.410544166666668,0.012658755049999975,18.76602564102564,110.79166666666667,112.0,0.5833333333333334,0.7916666666666666,0.6666666666666666,0.7916666666666666,0.6666666666666666,0.3919677718752874,0.12285471397536844,0.6963461538461538
K1h6_sl8,K网格,24,0.4273885575341583,0.25477637919659174,0.07822770038078478,0.8424482310225667,-0.4388457326866498,1.5502017581569765,0.875,1.115137312939444,1.0606602464935806,-0.23533498404432185,0.5123896672748062,41.75,40.598172500000004,0.04141013594999998,5.840777876406068,121.20833333333333,118.5,0.3333333333333333,0.9166666666666666,0.375,0.7916666666666666,0.4583333333333333,0.3742199833441076,-0.008640948331402942,0.6949038461538461
K2h6_sl8,K网格,24,0.9448332498411682,0.7209696325647962,-0.05525715929431688,1.5312859592560852,-0.4733146879025121,4.070762510233543,0.6666666666666666,1.2313947141476356,1.312834126712403,-0.22957455806948704,0.5087615229119611,84.04166666666667,40.21997416666667,0.041067631566666644,5.802034356564529,95.875,60.5,0.25,0.8333333333333334,0.2916666666666667,0.8333333333333334,0.6666666666666666,0.6766891973730311,0.3746888467602094,0.6885576923076923
K2h7_sl8,K网格,24,0.7227058000935571,0.5041551442614067,-0.09080996671535832,1.2502351810993153,-0.5058260661359064,3.1451849551023825,0.7083333333333334,1.0126849547715329,1.068411708539029,-0.19592314436829222,0.5201767123008568,73.125,34.70699,0.03549099229999999,6.6700223590412735,101.70833333333333,78.0,0.375,0.7916666666666666,0.4583333333333333,0.75,0.5416666666666666,0.459979536681012,0.3723325444390392,0.6872115384615385
O2_h5_sl8_q0.6,O择时细化,24,0.5463350973156776,0.40676966232671663,-0.046804419132816626,0.7386986664671186,-0.243733862236011,3.620499394693563,0.7083333333333334,0.9948623716317027,0.9910697833927504,-0.2068302282842038,0.5087382959780865,75.625,36.08468416666667,0.036887759099999994,4.848306194382754,111.79166666666667,106.0,0.4166666666666667,0.8333333333333334,0.5,0.7916666666666666,0.625,0.4229468366724731,0.2069883476296881,0.6861538461538461
T2_re150,T细化,24,0.7723050909001872,0.40710839155308326,0.05875594049643848,0.909901676501978,-0.3943720092687433,5.386790117436555,0.7916666666666666,1.015836196939238,0.9663401927496209,-0.2045046810042375,0.5419598232951393,100.41666666666667,47.9563475,0.04899568028333331,4.989184190415248,107.79166666666667,102.0,0.3333333333333333,0.875,0.375,0.875,0.625,0.2601328206695406,0.09427386337160247,0.6833653846153845
B02_hold20_t2,B持有期,24,1.4806346336488112,0.7094406452300064,-0.26239873214024023,1.200114639159234,-0.6377844205692142,13.28218808865476,0.7083333333333334,1.0818579724501933,1.3250449708374388,-0.2091728104828806,0.5256410256410257,26.0,12.343512500000001,0.01263767524999998,18.76602564102564,115.70833333333333,101.5,0.5416666666666666,0.7083333333333334,0.5416666666666666,0.7083333333333334,0.5416666666666666,0.40092679692242417,0.04139284475896117,0.6807692307692308
O1_h5_sl8_q0.6,O择时细化,24,0.3344171830799561,0.2380495373006436,0.04150282185593563,0.5938251018921743,-0.3522472144484263,1.8341800698337312,0.75,0.9438102433596652,0.8735609894390597,-0.23334555798280798,0.51667670476575,37.75,35.8355,0.036552209999999995,4.866180341386889,129.54166666666666,117.5,0.5416666666666666,0.7916666666666666,0.6666666666666666,0.8333333333333334,0.5416666666666666,0.27517973295177117,0.0617184018843247,0.6797115384615385
I04_h5_sl8_t2_q0.3,I择时,24,0.44446819071325017,0.4489408103059606,0.09633920110671529,0.6187837968230125,-0.5651480990808639,2.6407345004441853,0.75,0.8453736330815147,1.0299565224983729,-0.21464737776676465,0.5052212622127941,90.875,43.0275225,0.04401460544999997,4.888440773592307,120.5,98.5,0.2916666666666667,0.8333333333333334,0.375,0.75,0.6666666666666666,0.48880242534436824,0.13113827922125287,0.6730769230769231
J03_h10_rat30_15_sl8_t1,J利润锁定,24,0.5778774209252878,0.2829176750291232,0.1376861919564008,0.44435240112391167,-0.3496783270586652,5.7244959584157895,0.7916666666666666,1.0113858884845457,0.935288833536577,-0.26088481074127085,0.5007919491109146,26.291666666666668,25.03898166666666,0.02553976129999999,9.297932940835238,124.41666666666667,117.5,0.4583333333333333,0.75,0.5833333333333334,0.8333333333333334,0.5416666666666666,0.2884630833237213,0.03739079436435824,0.6661538461538462
K1h10_sl8,K网格,24,0.5778774209252878,0.2829176750291232,0.1376861919564008,0.44435240112391167,-0.3496783270586652,5.7244959584157895,0.7916666666666666,1.0113858884845457,0.935288833536577,-0.26088481074127085,0.5007919491109146,26.291666666666668,25.03898166666666,0.02553976129999999,9.297932940835238,124.41666666666667,117.5,0.4583333333333333,0.75,0.5833333333333334,0.8333333333333334,0.5416666666666666,0.2884630833237213,0.03739079436435824,0.6661538461538462
J02_h10_rat20_10_t2,J利润锁定,24,0.8354627693026034,0.34028442579926704,-0.007013280055415375,0.9571892695083689,-0.5343897728091949,6.591867155481072,0.7083333333333334,0.9561895993050884,0.9291574965642694,-0.22270771611319723,0.505391156462585,49.958333333333336,23.79761666666667,0.024341170249999974,9.766632653061224,126.16666666666667,128.0,0.375,0.75,0.4166666666666667,0.7916666666666666,0.5,0.43912164301162027,0.01809980586985166,0.6606730769230769
T2_re300_mh8,T细化,24,0.4381421235299161,0.23975718889889286,0.02174810877107395,0.9288218070560634,-0.676512414782328,1.9590608402120209,0.8333333333333334,0.797973107057,0.7676942554486372,-0.2057814560857827,0.5164141164599934,40.75,19.43274,0.019866711049999975,12.13651732914227,126.625,111.5,0.4583333333333333,0.875,0.5,0.75,0.5416666666666666,0.2729391731717348,0.07116990456874103,0.6367307692307692
C02_nr_hold5_t2,C续持,24,0.608889348654429,0.44559367102029,0.09065172197462659,0.9577231211189476,-0.5054517932776215,3.676080750658861,0.8333333333333334,0.9685719726518212,0.9924790149750315,-0.2556962564713856,0.48950617081024844,97.375,46.34299083333334,0.04736323148333332,5.008409527900508,114.70833333333333,126.5,0.25,0.875,0.3333333333333333,0.8333333333333334,0.625,0.352724175453594,0.13896232199240993,0.6353846153846154
K2h10_sl3,K网格,24,1.1046242096489396,0.4622019854416962,-0.12258122728061024,1.3789970893034864,-0.6152604615733347,8.657234361726914,0.625,1.0661716174565392,1.114101245192293,-0.19544778271404023,0.4296211611764715,66.20833333333333,31.393335000000004,0.032139009616666644,7.394510159563456,104.08333333333333,77.0,0.5,0.9166666666666666,0.5,0.7083333333333334,0.5416666666666666,0.4548154587315599,0.09182339194827703,0.6351923076923077
W2_h20_tr15,W移动,24,1.0411611014898394,0.7034779079670934,-0.1017231925538619,1.2166789845582962,-0.4521808140544922,7.287496498874164,0.625,1.0830256458033487,1.1991647575783533,-0.21162543789157673,0.5360769897407828,27.041666666666668,12.8778175,0.013159341766666652,18.06673669295796,111.91666666666667,74.0,0.5,0.7083333333333334,0.5416666666666666,0.6666666666666666,0.5833333333333334,0.5343184319717326,0.104733961436953,0.6319230769230769
M2_h20_tr15,M移动细化,24,1.0411611014898394,0.7034779079670934,-0.1017231925538619,1.2166789845582962,-0.4521808140544922,7.287496498874164,0.625,1.0830256458033487,1.1991647575783533,-0.21162543789157673,0.5360769897407828,27.041666666666668,12.877817499999999,0.01315934176666665,18.06673669295796,111.91666666666667,74.0,0.5,0.7083333333333334,0.5416666666666666,0.6666666666666666,0.5833333333333334,0.5343184319717326,0.104733961436953,0.6319230769230769
H02_re100_t2,H排名退出,24,0.6551820247117006,0.2919101233841601,0.10919873150723311,0.7611822341040684,-0.2261007736176286,3.42031749292173,0.8333333333333334,1.0244499122191595,0.865373130664308,-0.21711556546220195,0.5316461048790346,112.75,54.19907750000001,0.05532203154999998,4.402768113764424,106.0,110.0,0.20833333333333334,0.875,0.3333333333333333,0.8333333333333334,0.5833333333333334,0.3194507752741463,0.19436500206495752,0.630673076923077
N2_re100,N排名细化,24,0.6551820247117007,0.2919101233841601,0.10919873150723311,0.7611822341040684,-0.2261007736176286,3.42031749292173,0.8333333333333334,1.0244499122191595,0.865373130664308,-0.21711556546220195,0.5316461048790346,112.75,54.19907750000001,0.05532203154999998,4.402768113764424,106.0,110.0,0.20833333333333334,0.875,0.3333333333333333,0.8333333333333334,0.5833333333333334,0.3194507752741463,0.19436500206495752,0.630673076923077
K2h10_sl10,K网格,24,0.7981863096780822,0.45274879375335375,-0.10380775632212265,0.8094849704308191,-0.4130029243740496,7.4450331843617725,0.7083333333333334,1.0114608511751915,0.9667987759837524,-0.21671648936928817,0.493171071702102,51.291666666666664,24.532743333333332,0.025057453616666638,9.519780602031803,117.5,126.5,0.2916666666666667,0.8333333333333334,0.2916666666666667,0.8333333333333334,0.6666666666666666,0.3228547486460245,0.1686685552224424,0.6272115384615385
B01_hold20_t1,B持有期,24,0.6999671905080532,0.20625268450350942,-0.03907892010285063,0.9377846396077077,-0.5845419288799844,3.780481255532531,0.7083333333333334,1.0912251219957663,0.8009710392607738,-0.25319055654199685,0.5416666666666666,13.0,12.381033333333335,0.012629986499999975,18.76602564102564,117.08333333333333,126.5,0.5,0.7916666666666666,0.5416666666666666,0.7916666666666666,0.625,0.38149541505191764,0.07990904061157734,0.6261538461538462
K2h7_sl3,K网格,24,0.7225575949488919,0.3297697909790131,-0.06209155618626393,0.7165613960298223,-0.448487061289223,4.810296855067954,0.7083333333333334,0.9364805259949313,0.8689431862120648,-0.22461752969544924,0.45909955358807686,87.83333333333333,42.09569,0.04298535296666667,5.562658442493841,114.08333333333333,111.0,0.4583333333333333,0.9166666666666666,0.5,0.75,0.5833333333333334,0.3348836442322827,0.2037663284441663,0.6211538461538462
L2_h5_sl8_tp40,L止盈细化,24,0.5864895425148383,0.5990848807865807,-0.05305144857247587,0.9690285728002943,-0.4408617274142214,2.671945528704505,0.6666666666666666,0.9710137476770543,1.20092988417011,-0.23328082334657924,0.4805867243074347,99.45833333333333,47.230406666666674,0.04830535688333332,4.902069536635536,111.29166666666667,117.0,0.25,0.9166666666666666,0.25,0.8333333333333334,0.625,0.4295869999111702,0.13077422936040967,0.61875
F02_h5_sl8_tp40_t2,F组合,24,0.5864895425148383,0.5990848807865807,-0.05305144857247587,0.9690285728002943,-0.4408617274142214,2.671945528704505,0.6666666666666666,0.9710137476770545,1.20092988417011,-0.23328082334657924,0.4805867243074347,99.45833333333333,47.230406666666674,0.04830535688333332,4.902069536635536,111.29166666666667,117.0,0.25,0.9166666666666666,0.25,0.8333333333333334,0.625,0.4295869999111702,0.13077422936040967,0.61875
W2_h10_tr20,W移动,24,0.7918864654659972,0.35284699472184794,-0.18632153493320475,0.9571892695083689,-0.5781246419931084,6.591867155481072,0.6666666666666666,0.8987976643337608,1.0132312019651966,-0.23477535884512613,0.4950480192076831,50.0,23.736428333333333,0.024281763149999972,9.75782546351874,135.41666666666666,145.5,0.375,0.75,0.375,0.7083333333333334,0.4583333333333333,0.5306448660794458,-0.00893581171999815,0.6180769230769231
M2_h10_tr20,M移动细化,24,0.7918864654659972,0.35284699472184794,-0.18632153493320475,0.9571892695083689,-0.5781246419931084,6.591867155481072,0.6666666666666666,0.8987976643337608,1.0132312019651966,-0.23477535884512613,0.4950480192076831,50.0,23.736428333333333,0.02428176314999998,9.75782546351874,135.41666666666666,145.5,0.375,0.75,0.375,0.7083333333333334,0.4583333333333333,0.5306448660794458,-0.00893581171999815,0.6180769230769231
K2h6_sl3,K网格,24,0.47356173764006687,0.44215186603046364,-0.02563352774144175,0.8059399397047433,-0.649171845605184,1.7664689377016698,0.7083333333333334,0.9083710100770451,1.0875076035202575,-0.2193333549017651,0.45923964388081345,98.375,46.992421666666665,0.048006128433333316,4.965322057830058,119.95833333333333,103.5,0.20833333333333334,0.875,0.2916666666666667,0.7916666666666666,0.5833333333333334,0.4498806158777156,0.12018977624527785,0.6168269230769231
F01_h5_sl8_tp25_t1,F组合,24,0.35200458252127836,0.25736279479353075,-0.00736385854711295,0.7199153603851418,-0.4301765611301423,1.3332723586549409,0.75,0.8724052118454056,1.0039984040134087,-0.27317472495915684,0.48527607169436243,49.916666666666664,47.233205833333336,0.04817786994999999,4.888066322546476,134.70833333333334,137.0,0.4583333333333333,0.8333333333333334,0.5,0.8333333333333334,0.125,0.22317989465965699,0.0,0.6002884615384615
L1_h5_sl8_tp25,L止盈细化,24,0.35200458252127836,0.25736279479353075,-0.00736385854711295,0.7199153603851418,-0.4301765611301423,1.3332723586549409,0.75,0.8724052118454056,1.0039984040134087,-0.27317472495915684,0.48527607169436243,49.916666666666664,47.23320583333333,0.04817786994999999,4.888066322546476,134.70833333333334,137.0,0.4583333333333333,0.8333333333333334,0.5,0.8333333333333334,0.125,0.22317989465965699,0.0,0.6002884615384615
K2h15_slx,K网格,24,0.5326096068195285,0.37995874981242184,0.0205073566024837,0.5081267463868732,-0.5839548799770636,4.595833568809908,0.75,0.8243194459633201,1.0171413811215793,-0.256341810646487,0.5036764705882353,34.0,16.28345416666667,0.01664519241666666,14.350490196078432,118.08333333333333,99.5,0.3333333333333333,0.8333333333333334,0.4583333333333333,0.75,0.625,0.32499477474047733,0.20817493173453247,0.5917307692307692
C01_nr_hold3_t1,C续持,24,0.4367976759338284,0.32754499952318716,-0.13191839379170345,0.9311848315866507,-0.3504377739508626,1.9784493904495788,0.7083333333333334,0.9634516904528514,0.957070023068462,-0.24904917996350906,0.4921668950677389,80.16666666666667,76.3421725,0.07786901595,3.0361905255628887,126.66666666666667,121.5,0.5,0.75,0.5833333333333334,0.7916666666666666,0.4583333333333333,0.24148332522387672,-0.03272008419727679,0.5811538461538461
K2h3_sl3,K网格,24,0.45093942901124784,0.3759885689542155,-0.14174717632244274,0.7564243096484173,-0.504331376722688,2.165712959316257,0.6666666666666666,0.7338657675499376,0.8527495992687653,-0.22934869183800388,0.4775404915421267,170.29166666666666,80.38090666666666,0.08234618229999999,2.8617007371593703,128.41666666666666,105.0,0.375,0.8333333333333334,0.4166666666666667,0.75,0.5416666666666666,0.3929256272266822,0.09800064013311689,0.5786538461538462
K1h15_sl5,K网格,24,0.35666571553936105,0.273149353716143,-0.011541432386093373,0.5799067404498068,-0.2976830427731932,2.4743486407804296,0.75,0.9220444834924623,0.9537958633468642,-0.2107510244752998,0.48762920193841247,20.708333333333332,19.834418333333332,0.020231106699999977,11.854841588723168,125.25,117.5,0.3333333333333333,0.7916666666666666,0.375,0.7083333333333334,0.5416666666666666,0.29007390378293074,0.08204262510452326,0.5736538461538462
B02_hold10_t2,B持有期,24,0.8224278041214994,0.27276372419533385,-0.029342886959961026,0.9571892695083689,-0.5343897728091949,6.591867155481072,0.6666666666666666,0.958196190609408,1.0115078241272988,-0.23477535884512613,0.5028911564625851,49.958333333333336,23.751218333333338,0.024299778949999976,9.766632653061224,130.25,148.0,0.375,0.75,0.4166666666666667,0.7083333333333334,0.4166666666666667,0.42521560780251466,-0.013908208294189806,0.5734615384615385
K2h10_slx,K网格,24,0.8224278041214994,0.27276372419533385,-0.029342886959961026,0.9571892695083689,-0.5343897728091949,6.591867155481072,0.6666666666666666,0.958196190609408,1.0115078241272988,-0.23477535884512613,0.502891156462585,49.958333333333336,23.751218333333338,0.02429977894999998,9.766632653061224,130.25,148.0,0.375,0.75,0.4166666666666667,0.7083333333333334,0.4166666666666667,0.42521560780251466,-0.013908208294189806,0.5734615384615385
N2_re3,N排名细化,24,0.5708344435699447,0.3609675262594362,-0.08164428606386742,0.7175653168373061,-0.6495795496951624,4.042826890564296,0.7083333333333334,0.8077353815806335,0.9694922755108312,-0.24638891973933225,0.4832836682312569,158.83333333333334,74.99863916666666,0.07681843944999998,3.0680738390059297,129.95833333333334,111.5,0.4166666666666667,0.9166666666666666,0.4166666666666667,0.7083333333333334,0.4583333333333333,0.34849097794653316,-0.034691168948147,0.5726923076923077
K2h5_sl10,K网格,24,0.4602034445765893,0.3761618946619155,-0.0012235792121521247,0.8038695554233263,-0.6439052383274386,2.671945528704505,0.75,0.8429297241757853,0.9777471802664149,-0.2408948507424439,0.46507145703152086,98.29166666666667,46.48023083333334,0.04757107878333331,4.959743317334399,126.33333333333333,118.0,0.16666666666666666,0.875,0.16666666666666666,0.8333333333333334,0.4583333333333333,0.2913878750506165,-0.01015829720501868,0.5725961538461539
D02_h5_sl10_t2,D止损,24,0.46020344457658924,0.3761618946619155,-0.0012235792121521247,0.8038695554233263,-0.6439052383274386,2.671945528704505,0.75,0.8429297241757853,0.9777471802664149,-0.2408948507424439,0.4650714570315208,98.29166666666667,46.48023083333334,0.04757107878333331,4.959743317334398,126.33333333333333,118.0,0.16666666666666666,0.875,0.16666666666666666,0.8333333333333334,0.4583333333333333,0.2913878750506165,-0.01015829720501868,0.5725961538461539
K1h5_sl8,K网格,24,0.497288812668651,0.23343627910620735,-0.07229404823201267,0.8910225805613174,-0.4301765611301423,2.729193500803853,0.7083333333333334,0.9596122140432177,1.0039984040134087,-0.27674521395439633,0.4963563884364439,49.791666666666664,46.95033916666667,0.047889345949999974,4.900707096804898,129.875,138.0,0.4166666666666667,0.7916666666666666,0.4583333333333333,0.8333333333333334,0.0,0.22317989465965699,0.0,0.5613461538461538
D01_h5_sl8_t1,D止损,24,0.49728881266865094,0.23343627910620735,-0.07229404823201267,0.8910225805613174,-0.4301765611301423,2.729193500803853,0.7083333333333334,0.9596122140432177,1.0039984040134087,-0.27674521395439633,0.49635638843644386,49.791666666666664,46.95033916666667,0.047889345949999974,4.900707096804898,129.875,138.0,0.4166666666666667,0.7916666666666666,0.4583333333333333,0.8333333333333334,0.0,0.22317989465965699,0.0,0.5613461538461538
N1_re100,N排名细化,24,0.29681884550373705,0.26643165261474167,0.06068811041106053,0.4478697410262939,-0.235227596228553,1.5632429684544245,0.8333333333333334,0.9397020317811121,1.0002049955765844,-0.2544813552889784,0.5293212887530646,56.75,54.58427749999999,0.05567596304999999,4.37203623813593,130.54166666666666,134.5,0.25,0.75,0.4583333333333333,0.7916666666666666,0.5833333333333334,0.2569153863609306,0.15143231759034148,0.5553846153846153
K1h6_sl3,K网格,24,0.355593419381181,0.2853172991330091,-0.05648215021238717,0.598905364130127,-0.552586854182523,1.3842722986571934,0.6666666666666666,0.9176578501960373,1.0698541272681736,-0.26228133089503614,0.47011348492456717,48.916666666666664,46.508165,0.0474387078833333,4.999760482392856,132.625,127.0,0.4166666666666667,0.7916666666666666,0.5833333333333334,0.75,0.5,0.311520257535559,-0.04683084090361005,0.5506730769230769
C01_nr_hold5_t1,C续持,24,0.4672888483342977,0.2772499024629684,0.003377487943522525,0.8152661740354549,-0.5743276491024629,1.8066656474090323,0.75,0.9797373910347243,1.0117822015046696,-0.3011225737162257,0.4939371803686013,48.833333333333336,46.14557833333333,0.04706848989999999,4.995347629299947,124.33333333333333,127.0,0.375,0.7083333333333334,0.5833333333333334,0.8333333333333334,0.4583333333333333,0.1987157934012534,0.0,0.5492307692307693
M2_h10_tr5,M移动细化,24,0.8990382151537023,0.2913080776366169,-0.04421915668239468,0.9827166774876848,-0.3632229240044863,6.207822793639488,0.7083333333333334,1.093983057995209,0.8037517249278247,-0.205530296619475,0.4645374518581733,63.333333333333336,30.123453333333334,0.030777699066666636,7.744879821791706,109.20833333333333,94.5,0.2916666666666667,0.8333333333333334,0.375,0.6666666666666666,0.625,0.4444936357118486,0.16927499534279355,0.5420192307692309
G02_h10_tr5_t2,G移动止损,24,0.8990382151537023,0.2913080776366169,-0.04421915668239468,0.9827166774876848,-0.3632229240044863,6.207822793639488,0.7083333333333334,1.093983057995209,0.8037517249278247,-0.205530296619475,0.46453745185817336,63.333333333333336,30.123453333333334,0.030777699066666636,7.744879821791706,109.20833333333333,94.5,0.2916666666666667,0.8333333333333334,0.375,0.6666666666666666,0.625,0.4444936357118486,0.16927499534279355,0.5420192307692309
F01_h5_sl8_tp40_t1,F组合,24,0.27796360476855714,0.2256688250858293,-0.07229404823201267,0.6537867260581888,-0.4301765611301423,1.3332723586549409,0.7083333333333334,0.7733935032155435,1.0039984040134087,-0.2924094766101432,0.48562109431879685,49.875,47.02101166666667,0.04796143189999996,4.891899907262414,144.83333333333334,157.0,0.375,0.7916666666666666,0.4166666666666667,0.8333333333333334,0.0,0.22317989465965699,0.0,0.5420192307692308
L1_h5_sl8_tp40,L止盈细化,24,0.2779636047685571,0.2256688250858293,-0.07229404823201267,0.6537867260581888,-0.4301765611301423,1.3332723586549409,0.7083333333333334,0.7733935032155435,1.0039984040134087,-0.2924094766101432,0.4856210943187968,49.875,47.02101166666667,0.04796143189999996,4.891899907262414,144.83333333333334,157.0,0.375,0.7916666666666666,0.4166666666666667,0.8333333333333334,0.0,0.22317989465965699,0.0,0.5420192307692308
K2h15_sl5,K网格,24,0.6267852823199619,0.3889246258829106,-0.06821179948781972,0.7320655718780744,-0.4241677770197535,4.104079972869635,0.7083333333333334,0.8937718505123596,1.0215806147450293,-0.2249953719594459,0.4500343835116379,42.041666666666664,19.995751666666667,0.020423539616666656,11.658169479690656,111.95833333333333,102.5,0.20833333333333334,0.7916666666666666,0.3333333333333333,0.7083333333333334,0.6666666666666666,0.42553034345890683,0.21696904141800055,0.5414423076923077
M2_h20_tr12,M移动细化,24,0.5284776589497634,0.41535144246581024,-0.2847091850780801,0.9234475895984028,-0.752814568374049,3.519167542050295,0.6666666666666666,0.716798448135128,0.9328495036788813,-0.22630072429563575,0.4997133329099402,28.625,13.3916275,0.013753847549999946,17.16985938654923,139.29166666666666,145.5,0.4583333333333333,0.75,0.4583333333333333,0.75,0.4583333333333333,0.24275303257134329,-0.032977631157836904,0.5402884615384616
L2_h5_sl8_tp15,L止盈细化,24,0.6127094121689476,0.42064092117691154,-0.09554000310537211,1.0026078709985593,-0.5085505563196357,3.699102377792737,0.5833333333333334,0.8974072628700561,1.0091619591977241,-0.22132224296266906,0.48794020959203355,100.04166666666667,47.4752475,0.04856005953333331,4.873462892406143,122.91666666666667,119.0,0.2916666666666667,0.9166666666666666,0.2916666666666667,0.8333333333333334,0.625,0.28071821057597135,0.08980875740562633,0.5381730769230769
F02_h5_sl8_tp15_t2,F组合,24,0.6127094121689476,0.42064092117691154,-0.09554000310537211,1.0026078709985593,-0.5085505563196357,3.699102377792737,0.5833333333333334,0.8974072628700561,1.0091619591977241,-0.22132224296266906,0.48794020959203355,100.04166666666667,47.4752475,0.048560059533333304,4.873462892406142,122.91666666666667,119.0,0.2916666666666667,0.9166666666666666,0.2916666666666667,0.8333333333333334,0.625,0.28071821057597135,0.08980875740562633,0.5381730769230769
K2h3_sl10,K网格,24,0.601195567033107,0.27657040030839225,-0.062406783526034945,1.0211308204587695,-0.6322765161090613,3.915390082588885,0.625,0.8640709243198207,0.8318087307648998,-0.19045305306738358,0.4855240655763749,162.375,76.83974,0.07866516188333332,2.995406585655268,120.33333333333333,106.0,0.25,0.875,0.2916666666666667,0.7083333333333334,0.5416666666666666,0.5005339147045708,0.0945072819727329,0.5353846153846153
M2_h10_tr12,M移动细化,24,1.009415698525802,0.30330106053359784,0.035322332996298375,0.7540567032560569,-0.5570136851532228,12.174282825275874,0.7916666666666666,0.9291000191818216,0.760124485660432,-0.2469428427242524,0.49467560495794577,50.833333333333336,24.135760833333336,0.02468898688333331,9.602439232994652,131.83333333333334,137.5,0.3333333333333333,0.875,0.375,0.75,0.5,0.2578839266076547,0.000731255292723193,0.5339423076923077
G02_h10_tr12_t2,G移动止损,24,1.009415698525802,0.30330106053359784,0.035322332996298375,0.7540567032560569,-0.5570136851532228,12.174282825275874,0.7916666666666666,0.9291000191818218,0.760124485660432,-0.2469428427242524,0.49467560495794577,50.833333333333336,24.135760833333336,0.02468898688333331,9.60243923299465,131.83333333333334,137.5,0.3333333333333333,0.875,0.375,0.75,0.5,0.2578839266076547,0.000731255292723193,0.5339423076923077
O1_h5_sl8_q0.2,O择时细化,24,0.2592811916345355,0.25275038138224054,-0.04141397109217985,0.4972776653168111,-0.4423542772789016,1.2649297624873663,0.7083333333333334,0.7447289266323528,0.9624782267427926,-0.25800535382469747,0.5042096565415335,47.625,44.96365666666666,0.04586292979999999,4.86911937163647,137.45833333333334,129.5,0.375,0.75,0.4583333333333333,0.7083333333333334,0.4583333333333333,0.3166686893841141,-0.011134906317878002,0.5329807692307693
N2_re2,N排名细化,24,0.7107582907267723,0.37883632060548256,-0.11388852957957564,0.8497923010830297,-0.5385961415172273,5.131426337620215,0.6666666666666666,0.8844411919132931,0.9321713042852573,-0.24187264338079778,0.4801095378748637,159.75,75.37759,0.07715851471666667,3.050771670010264,123.08333333333333,99.5,0.2916666666666667,0.7916666666666666,0.375,0.7083333333333334,0.625,0.45684466641045063,0.1543700416114695,0.5311538461538461
C02_nr_hold3_t2,C续持,24,0.7107582907267723,0.37883632060548256,-0.11388852957957564,0.8497923010830297,-0.5385961415172273,5.131426337620215,0.6666666666666666,0.8844411919132931,0.9321713042852573,-0.24187264338079778,0.4801095378748637,159.75,75.37759,0.07715851471666667,3.050771670010264,123.08333333333333,99.5,0.2916666666666667,0.7916666666666666,0.375,0.7083333333333334,0.625,0.45684466641045063,0.1543700416114695,0.5311538461538461
K2h6_sl5,K网格,24,1.2458359046535807,0.2629073406990001,0.027937454962318725,1.3620883491986189,-0.2991572973304889,9.084870477767527,0.75,1.2273025804560087,0.8846607011421115,-0.25000664825192953,0.5036456714987317,88.83333333333333,42.54424916666667,0.0434556662333333,5.493145264482661,100.04166666666667,99.5,0.25,0.875,0.2916666666666667,0.7916666666666666,0.6666666666666666,0.27225663578190007,0.17930916988821044,0.5299038461538461
K1h15_sl10,K网格,24,0.3555026829566346,0.27829851419229057,0.08369685781881622,0.4403215029956469,-0.5288089653584639,2.521858867424015,0.8333333333333334,0.8569592308666089,0.9569173745734767,-0.26350096901580977,0.5121078306735866,17.833333333333332,17.099484999999998,0.01744155803333332,13.733881984016591,134.79166666666666,138.0,0.4166666666666667,0.875,0.4583333333333333,0.625,0.3333333333333333,0.28508758424076475,-0.17578214998841285,0.5282692307692307
B01_hold5_t1,B持有期,24,0.4009529865786281,0.2772499024629684,-0.039128824231914404,0.7627937153204742,-0.5743276491024629,1.8066656474090323,0.7083333333333334,0.9016438769882775,1.0117822015046696,-0.24285936895824625,0.47003907946157186,48.916666666666664,46.131930000000004,0.04705456859999998,4.987570560138949,134.25,131.0,0.3333333333333333,0.7916666666666666,0.4166666666666667,0.8333333333333334,0.4583333333333333,0.1560523468213464,0.0,0.5239423076923078
K1h5_slx,K网格,24,0.40095298657862816,0.2772499024629684,-0.039128824231914404,0.7627937153204742,-0.5743276491024629,1.8066656474090323,0.7083333333333334,0.9016438769882775,1.0117822015046696,-0.24285936895824625,0.47003907946157186,48.916666666666664,46.13192999999999,0.047054568599999985,4.987570560138949,134.25,131.0,0.3333333333333333,0.7916666666666666,0.4166666666666667,0.8333333333333334,0.4583333333333333,0.1560523468213464,0.0,0.5239423076923078
M2_h20_tr5,M移动细化,24,0.45047451434721264,0.2800731796799345,-0.17461379857024215,0.9301721611743208,-0.6410762394289324,2.197063397640246,0.625,0.6716153962470064,0.8318474198849716,-0.2308450775644526,0.3993505728433544,45.125,21.248224166666667,0.021777338233333304,11.093312805575527,133.04166666666666,96.5,0.375,0.875,0.375,0.7083333333333334,0.4583333333333333,0.3823983982348471,-0.0916347459303012,0.5193269230769231
K2h10_sl5,K网格,24,1.0969140656894083,0.22342348952893404,-0.06643591321595725,0.43616929764686785,-0.3806383280246903,15.875913751380567,0.625,0.9031722661472528,0.7099128772171281,-0.2319836065700179,0.4801676486428523,58.833333333333336,28.05886166666667,0.02866744848333333,8.310691479763697,135.875,146.5,0.4166666666666667,0.9166666666666666,0.4166666666666667,0.75,0.4583333333333333,0.3203273722199028,-0.023207637200980347,0.5175
K2h3_slx,K网格,24,0.5070137003822469,0.27657040030839225,-0.18591818673323732,1.0119672897364342,-0.6388891914990897,3.915390082588885,0.5833333333333334,0.77658637006066,0.7690159790859948,-0.1937293809301505,0.48519572885514917,161.95833333333334,76.72350999999999,0.07857285145,3.001292398333461,131.75,130.5,0.25,0.875,0.2916666666666667,0.7083333333333334,0.4583333333333333,0.4910623630927464,-0.056665845865025,0.5076923076923077
B02_hold3_t2,B持有期,24,0.5070137003822469,0.27657040030839225,-0.18591818673323732,1.0119672897364342,-0.6388891914990897,3.915390082588885,0.5833333333333334,0.77658637006066,0.7690159790859948,-0.1937293809301505,0.48519572885514917,161.95833333333334,76.72350999999999,0.07857285145,3.001292398333461,131.75,130.5,0.25,0.875,0.2916666666666667,0.7083333333333334,0.4583333333333333,0.4910623630927464,-0.056665845865025,0.5076923076923077
K2h4_sl3,K网格,24,0.5991521819726432,0.2845073700494227,-0.09889028706380887,0.8313193251075357,-0.4778654242980069,3.84819187117894,0.6666666666666666,0.8823296908195889,0.8767047267611312,-0.20327681341172965,0.48695422961151485,133.625,63.66551333333333,0.06506990234999997,3.6499105206190587,127.54166666666667,105.5,0.3333333333333333,0.875,0.375,0.6666666666666666,0.4583333333333333,0.32898060026923504,-0.05478534917830394,0.5069230769230769
K1h3_sl8,K网格,24,0.24805519611831675,0.2106474430754301,0.04666815533588482,0.30334642941144174,-0.3504377739508626,1.7513129277233292,0.7916666666666666,0.7406183661491254,0.8532859770709142,-0.29874647648010433,0.4823144070561076,81.625,78.34572999999999,0.07991264459999999,2.983790650406504,142.75,139.5,0.5,0.8333333333333334,0.5833333333333334,0.7083333333333334,0.625,0.18198776598027006,0.0765921722616762,0.48865384615384616
L1_h3_sl8_tp40,L止盈细化,24,0.24805519611831675,0.2106474430754301,0.04666815533588482,0.30334642941144174,-0.3504377739508626,1.7513129277233292,0.7916666666666666,0.7406183661491254,0.8532859770709142,-0.29874647648010433,0.4823144070561076,81.625,78.34573,0.07991264459999999,2.983790650406504,142.75,139.5,0.5,0.8333333333333334,0.5833333333333334,0.7083333333333334,0.625,0.18198776598027006,0.0765921722616762,0.48865384615384616
L1_h3_sl8_tp25,L止盈细化,24,0.24805519611831675,0.2106474430754301,0.04666815533588482,0.30334642941144174,-0.3504377739508626,1.7513129277233292,0.7916666666666666,0.7406183661491254,0.8532859770709142,-0.29874647648010433,0.4823144070561076,81.625,78.34573,0.07991264459999999,2.983790650406504,142.75,139.5,0.5,0.8333333333333334,0.5833333333333334,0.7083333333333334,0.625,0.18198776598027006,0.0765921722616762,0.48865384615384616
D02_h5_sl5_t2,D止损,24,0.6557816526382992,0.30792812831068905,-0.1658624442793185,0.9085014206694642,-0.4520812837221178,3.822715749137188,0.6666666666666666,0.8888181458521381,0.8544708433930726,-0.2185153749324191,0.4786423150099795,103.45833333333333,49.14062833333333,0.050221972983333286,4.713553136376308,120.04166666666667,108.0,0.2916666666666667,0.875,0.375,0.7083333333333334,0.4583333333333333,0.2950252099786287,-0.03839362240250713,0.48615384615384616
K2h5_sl5,K网格,24,0.6557816526382992,0.30792812831068905,-0.1658624442793185,0.9085014206694642,-0.4520812837221178,3.822715749137188,0.6666666666666666,0.8888181458521381,0.8544708433930726,-0.2185153749324191,0.4786423150099795,103.45833333333333,49.140628333333325,0.050221972983333286,4.713553136376308,120.04166666666667,108.0,0.2916666666666667,0.875,0.375,0.7083333333333334,0.4583333333333333,0.2950252099786287,-0.03839362240250713,0.48615384615384616
N1_re3,N排名细化,24,0.37818590001215063,0.25853217619760127,-0.11624422081908015,0.6064657360735644,-0.36036307902232,2.557856711119189,0.7083333333333334,0.7981287053829619,0.840722337408728,-0.2785177619278423,0.48138140978155036,79.08333333333333,75.23851333333334,0.07674328359999998,3.0818623321220895,140.33333333333334,126.0,0.375,0.7916666666666666,0.4583333333333333,0.7916666666666666,0.5,0.20050963478943667,0.00429577185785051,0.4839423076923077
H01_re3_t1,H排名退出,24,0.37818590001215063,0.25853217619760127,-0.11624422081908015,0.6064657360735644,-0.36036307902232,2.557856711119189,0.7083333333333334,0.798128705382962,0.840722337408728,-0.2785177619278423,0.4813814097815505,79.08333333333333,75.23851333333333,0.07674328359999998,3.0818623321220895,140.33333333333334,126.0,0.375,0.7916666666666666,0.4583333333333333,0.7916666666666666,0.5,0.20050963478943667,0.00429577185785051,0.4839423076923077
K2h15_sl3,K网格,24,0.6181004218463526,0.47353443726499567,-0.3033120313724612,1.2514756241580953,-0.5299257945988507,5.184785879026217,0.5833333333333334,0.7446421128170647,1.0873422163394657,-0.2086656141964621,0.3748983240630266,49.375,23.314107500000002,0.023857885483333313,9.962340680848548,130.45833333333334,139.0,0.4583333333333333,0.8333333333333334,0.5,0.625,0.4166666666666667,0.27649798657280533,-0.11670938712224761,0.48346153846153844
K1h6_sl10,K网格,24,0.440560059741252,0.12950057917114075,0.0011465162803341242,0.7694381026051833,-0.4146960512113878,2.4178512207681946,0.75,0.9884485192201611,0.6821626950550194,-0.24715654180619395,0.5187546705201271,41.375,39.99049083333333,0.04079030064999998,5.8945919878634,128.0,123.0,0.2916666666666667,0.875,0.375,0.7916666666666666,0.4583333333333333,0.20908072965540947,-0.017367341460872987,0.48307692307692307
K1h4_slx,K网格,24,0.34645653731710707,0.232150535975016,0.030029165955323074,0.4149250700030498,-0.358323754547087,2.143841576328721,0.75,0.9032224854814253,0.8771260137377292,-0.2877435239223767,0.5139680003704733,60.875,58.13495833333334,0.05929765749999998,4.007721280602636,138.91666666666666,149.0,0.2916666666666667,0.75,0.4583333333333333,0.75,0.375,0.23564475183074912,-0.042655749881535476,0.47923076923076924
N1_re2,N排名细化,24,0.3441732845287115,0.27889038625518625,-0.10193410981164908,0.6976461629904089,-0.3450977270938541,1.300504798022763,0.6666666666666666,0.8136816505841532,0.891878529237662,-0.2724819705867127,0.4777798478901678,79.58333333333333,75.47490416666666,0.07698440224999999,3.0613710819868523,137.58333333333334,128.5,0.375,0.75,0.5,0.7083333333333334,0.4583333333333333,0.2905252400734107,-0.027307093897780195,0.47673076923076924
M1_h10_tr8,M移动细化,24,0.427393228469157,0.2141707189728615,-0.0411258870624283,0.4222822468800706,-0.4187683112672405,3.0105076323237494,0.7083333333333334,0.8793360238194575,0.8574119933454085,-0.2866740314648383,0.47872407711488174,27.333333333333332,26.017735833333333,0.026538090549999966,8.944089915512329,134.5,115.0,0.5416666666666666,0.875,0.5416666666666666,0.6666666666666666,0.4166666666666667,0.24264718794191026,-0.1633185287771986,0.47596153846153855
G01_h10_tr8_t1,G移动止损,24,0.427393228469157,0.2141707189728615,-0.0411258870624283,0.4222822468800706,-0.4187683112672405,3.0105076323237494,0.7083333333333334,0.8793360238194575,0.8574119933454085,-0.2866740314648383,0.47872407711488174,27.333333333333332,26.017735833333333,0.026538090549999966,8.944089915512329,134.5,115.0,0.5416666666666666,0.875,0.5416666666666666,0.6666666666666666,0.4166666666666667,0.24264718794191026,-0.1633185287771986,0.47596153846153855
L2_h7_sl8_tp15,L止盈细化,24,0.5865224187473291,0.12914748979641738,-0.026335457910040473,1.4836048714551573,-0.5071041068968173,1.9054213596068528,0.6666666666666666,0.9212395097110244,0.6062330543551051,-0.20493072736270565,0.5099317778419462,73.83333333333333,35.115316666666665,0.035904395083333325,6.609049163949874,116.45833333333333,91.0,0.3333333333333333,0.875,0.4583333333333333,0.625,0.5416666666666666,0.423365137842564,0.12980238829358037,0.47384615384615386
K1h10_sl3,K网格,24,0.44455141146045896,0.23711628058786088,-0.03853366813127155,0.4589595924046779,-0.3938682928762903,4.693673175077837,0.7083333333333334,0.8503441302680602,0.8854246399561563,-0.256358257585903,0.44185639269443583,32.583333333333336,31.17965166666667,0.03180324469999998,7.522049076246295,133.375,148.5,0.3333333333333333,0.7916666666666666,0.5,0.75,0.5,0.20471136457324268,-0.024486561988695726,0.4724038461538461
F01_h5_sl8_tp15_t1,F组合,24,0.34687508015486057,0.15022970912012334,-0.005644457499669801,0.6618172842293624,-0.4301765611301423,1.8592597920801448,0.75,0.8339409077855627,0.8865700878810412,-0.28969992377646203,0.49177703952222895,50.166666666666664,47.37431666666666,0.048321802999999976,4.864440990943105,136.66666666666666,165.5,0.4166666666666667,0.8333333333333334,0.4583333333333333,0.75,0.25,0.14721105569103995,0.0,0.47028846153846154
L1_h5_sl8_tp15,L止盈细化,24,0.34687508015486057,0.15022970912012334,-0.005644457499669801,0.6618172842293624,-0.4301765611301423,1.8592597920801448,0.75,0.8339409077855627,0.8865700878810412,-0.28969992377646203,0.49177703952222895,50.166666666666664,47.374316666666665,0.048321802999999976,4.864440990943105,136.66666666666666,165.5,0.4166666666666667,0.8333333333333334,0.4583333333333333,0.75,0.25,0.14721105569103995,0.0,0.47028846153846154
G02_h10_tr8_t2,G移动止损,24,0.6313213198558215,0.27782212518569405,-0.06573819717800572,0.9595520279505646,-0.6863925302175404,3.0841292701466223,0.6666666666666666,0.8960988521234771,0.8033571693174648,-0.19100295354831054,0.49517961378431324,54.541666666666664,25.921413333333334,0.02650978451666665,8.964211577396437,122.75,125.5,0.3333333333333333,0.875,0.375,0.6666666666666666,0.5,0.27581934440055395,-0.0005173321961820243,0.4675
M2_h10_tr8,M移动细化,24,0.6313213198558215,0.27782212518569405,-0.06573819717800572,0.9595520279505646,-0.6863925302175404,3.0841292701466223,0.6666666666666666,0.8960988521234771,0.8033571693174648,-0.19100295354831054,0.49517961378431324,54.541666666666664,25.921413333333334,0.02650978451666665,8.964211577396437,122.75,125.5,0.3333333333333333,0.875,0.375,0.6666666666666666,0.5,0.27581934440055395,-0.0005173321961820243,0.4675
K1h10_sl10,K网格,24,0.5351397625825155,0.15237419443512573,0.05006115252955062,0.39803908777061714,-0.338297892689736,4.653294628919467,0.8333333333333334,0.9530928272447978,0.6947879936239658,-0.25199209163865044,0.5065086996336996,25.625,24.57842583333333,0.02506999434999999,9.531216592049924,134.08333333333334,137.0,0.375,0.8333333333333334,0.4583333333333333,0.7083333333333334,0.5,0.17101259271977992,0.00018324533155116007,0.46163461538461537
D01_h5_sl10_t1,D止损,24,0.3108351164260065,0.1828463356104548,-0.02250366602572285,0.60504846310267,-0.5685694596576065,1.8066656474090323,0.7083333333333334,0.7609779730809644,0.767255558995912,-0.27169356424910374,0.4681856714316932,49.208333333333336,46.264221666666664,0.04718950609999998,4.955301319109204,145.58333333333334,149.0,0.375,0.7916666666666666,0.4583333333333333,0.8333333333333334,0.375,0.13754914750376368,0.0,0.4604807692307693
K1h5_sl10,K网格,24,0.31083511642600653,0.1828463356104548,-0.02250366602572285,0.60504846310267,-0.5685694596576065,1.8066656474090323,0.7083333333333334,0.7609779730809644,0.767255558995912,-0.27169356424910374,0.46818567143169326,49.208333333333336,46.264221666666664,0.04718950609999998,4.955301319109204,145.58333333333334,149.0,0.375,0.7916666666666666,0.4583333333333333,0.8333333333333334,0.375,0.13754914750376368,0.0,0.4604807692307693
K2h5_slx,K网格,24,0.5639052676827885,0.2909403519157332,-0.15330747104319487,0.8047578540725153,-0.4692329304813843,4.098002505831626,0.7083333333333334,0.8647958161075517,0.8361049336935369,-0.24717360892506066,0.47053094755943614,97.83333333333333,46.26342249999999,0.04738079344999996,4.986916888748627,123.41666666666667,115.5,0.16666666666666666,0.875,0.16666666666666666,0.75,0.625,0.2878378815638823,0.06713556734086668,0.45999999999999996
B02_hold5_t2,B持有期,24,0.5639052676827885,0.2909403519157332,-0.15330747104319487,0.8047578540725153,-0.4692329304813843,4.098002505831626,0.7083333333333334,0.8647958161075517,0.8361049336935369,-0.24717360892506066,0.4705309475594361,97.83333333333333,46.2634225,0.04738079344999996,4.986916888748627,123.41666666666667,115.5,0.16666666666666666,0.875,0.16666666666666666,0.75,0.625,0.2878378815638823,0.06713556734086668,0.45999999999999996
K2h3_sl8,K网格,24,0.4092931844802199,0.21476537569142423,-0.08560818911370213,0.6946815277296096,-0.6561226992576905,2.3175066455142472,0.6666666666666666,0.743576765023473,0.8173737161337491,-0.23776885890207156,0.47751997435127924,163.5,77.3677025,0.07924042029999999,2.9799272093416023,128.95833333333334,93.5,0.20833333333333334,0.875,0.25,0.7083333333333334,0.5833333333333334,0.368298560783887,0.1941491387889772,0.44961538461538464
L2_h3_sl8_tp25,L止盈细化,24,0.40929318448021995,0.21476537569142423,-0.08560818911370213,0.6946815277296096,-0.6561226992576905,2.3175066455142472,0.6666666666666666,0.743576765023473,0.8173737161337491,-0.23776885890207156,0.47751997435127924,163.5,77.3677025,0.07924042029999999,2.9799272093416023,128.95833333333334,93.5,0.20833333333333334,0.875,0.25,0.7083333333333334,0.5833333333333334,0.368298560783887,0.1941491387889772,0.44961538461538464
L2_h3_sl8_tp40,L止盈细化,24,0.40929318448021995,0.21476537569142423,-0.08560818911370213,0.6946815277296096,-0.6561226992576905,2.3175066455142472,0.6666666666666666,0.743576765023473,0.8173737161337491,-0.23776885890207156,0.47751997435127924,163.5,77.3677025,0.07924042029999999,2.9799272093416023,128.95833333333334,93.5,0.20833333333333334,0.875,0.25,0.7083333333333334,0.5833333333333334,0.368298560783887,0.1941491387889772,0.44961538461538464
L2_h3_sl8_tp15,L止盈细化,24,0.396930123178644,0.24000870246894154,-0.13666395723477182,0.6946815277296096,-0.6561226992576905,2.3175066455142472,0.6666666666666666,0.7149676309073243,0.8140092265907837,-0.23776885890207156,0.47650371418867765,163.5,77.33521916666666,0.07920962813333332,2.9799272093416023,131.08333333333334,93.5,0.20833333333333334,0.875,0.25,0.7083333333333334,0.5833333333333334,0.3425386734881586,0.19293090714389777,0.4407692307692308
B02_hold7_t2,B持有期,24,0.5812552837493097,0.21330942279957935,-0.1567072270739349,0.9404206915901655,-0.5014316003784278,2.866882371158773,0.7083333333333334,0.8601576295373029,0.8416482151717093,-0.245229704365362,0.5145703933747412,69.95833333333333,33.36695666666667,0.0341217928833333,6.974430641821947,122.83333333333333,98.0,0.2916666666666667,0.8333333333333334,0.375,0.6666666666666666,0.4166666666666667,0.27180890131020524,-0.09349476335403598,0.4389423076923077
K2h7_slx,K网格,24,0.5812552837493096,0.21330942279957935,-0.1567072270739349,0.9404206915901655,-0.5014316003784278,2.866882371158773,0.7083333333333334,0.8601576295373029,0.8416482151717093,-0.245229704365362,0.5145703933747412,69.95833333333333,33.36695666666667,0.0341217928833333,6.974430641821947,122.83333333333333,98.0,0.2916666666666667,0.8333333333333334,0.375,0.6666666666666666,0.4166666666666667,0.27180890131020524,-0.09349476335403598,0.4389423076923077
E02_h5_tp20_t2,E止盈,24,0.48012649233829213,0.2909403519157332,-0.11950636555347705,0.7419474249800964,-0.4692329304813843,2.241510497774703,0.7083333333333334,0.8367462035603049,0.8541210524037749,-0.24850836457144404,0.47316113945578236,98.08333333333333,46.396933333333344,0.04749456408333331,4.972980227444513,126.33333333333333,125.0,0.16666666666666666,0.875,0.16666666666666666,0.7916666666666666,0.625,0.20870805944573767,0.06066977168568166,0.4338461538461539
M2_h10_tr15,M移动细化,24,0.6680632866770196,0.2460867628435893,-0.06957472833167519,0.649432510897386,-0.553330607105126,6.591867155481072,0.6666666666666666,0.8164209663548233,0.7815414268718468,-0.24591324157761013,0.492330573254943,50.208333333333336,23.89309916666667,0.024419962399999984,9.719402889360873,144.125,161.0,0.2916666666666667,0.8333333333333334,0.2916666666666667,0.75,0.4166666666666667,0.2364756490565712,-0.01053231259642675,0.4319230769230769
W2_h10_tr15,W移动,24,0.6680632866770196,0.2460867628435893,-0.06957472833167519,0.649432510897386,-0.553330607105126,6.591867155481072,0.6666666666666666,0.8164209663548233,0.7815414268718468,-0.24591324157761013,0.492330573254943,50.208333333333336,23.89309916666667,0.024419962399999984,9.719402889360873,144.125,161.0,0.2916666666666667,0.8333333333333334,0.2916666666666667,0.75,0.4166666666666667,0.2364756490565712,-0.01053231259642675,0.4319230769230769
L1_h3_sl8_tp15,L止盈细化,24,0.2399065207383999,0.17168816345846755,0.05349652593721875,0.30334642941144174,-0.3504377739508626,1.7513129277233292,0.7916666666666666,0.7217427259590808,0.7600166070177945,-0.29874647648010433,0.4833306672187092,81.625,78.3518525,0.07991888955,2.983790650406504,144.66666666666666,151.5,0.4583333333333333,0.8333333333333334,0.5416666666666666,0.6666666666666666,0.625,0.18198776598027006,0.0765921722616762,0.42980769230769234
W2_h10_tr25,W移动,24,0.7848604147405926,0.21743421175387606,-0.0898060547374802,0.9571892695083689,-0.555909414805249,6.591867155481072,0.625,0.8939023137148232,0.8745646995626004,-0.25276497672203313,0.4987244897959184,49.958333333333336,23.718222499999996,0.024267470699999977,9.765799319727892,139.70833333333334,161.0,0.3333333333333333,0.75,0.3333333333333333,0.6666666666666666,0.375,0.31434404715111436,-0.03196420252729196,0.4268269230769231
M1_h20_tr15,M移动细化,24,0.4222662079113415,0.20036992689415212,-0.027120234515094647,0.5653287017957263,-0.317937446977461,2.3175921106360216,0.6666666666666666,0.9495710309197293,0.7702519964073267,-0.2970899490646747,0.5153083028083029,13.541666666666666,12.977854166666667,0.01323741124999997,18.05152625152625,130.5,136.0,0.5,0.8333333333333334,0.5416666666666666,0.7083333333333334,0.4583333333333333,0.2100537247944117,-0.032417642800657745,0.4206730769230769
K1h7_sl10,K网格,24,0.3462536839984664,0.1172743994618883,-0.15048808446683223,0.834438098774813,-0.4918378264515237,1.9976043516577355,0.5416666666666666,0.7801925714678574,0.7230463643092472,-0.2670185953188503,0.5397415272415272,35.833333333333336,33.97626666666667,0.03465579199999999,6.807353782353783,136.5,153.5,0.4583333333333333,0.8333333333333334,0.4583333333333333,0.75,0.4166666666666667,0.2243199790802042,-0.14163402629934346,0.4158653846153846
K2h3_sl5,K网格,24,0.6461885239736525,0.2466518726204046,-0.0568783339951692,1.1364054464205324,-0.6073148820455659,6.712930936131575,0.625,0.8026812272315507,0.7348632465500425,-0.24349764822415035,0.4730864073511467,164.66666666666666,77.59312499999999,0.0794924845833333,2.9589759825284943,121.625,113.5,0.375,0.8333333333333334,0.4583333333333333,0.7083333333333334,0.5833333333333334,0.2274409078715496,0.10991416871686033,0.4058653846153847
K2h4_sl10,K网格,24,0.6338385620870319,0.2703422004980237,0.007772976832442047,1.0057687123107077,-0.5138302682742164,3.320353439244079,0.75,0.8971304754524357,0.8354558734354647,-0.2413228894354001,0.5080793388382375,122.54166666666667,58.31205583333334,0.05968550611666664,3.973317307233924,119.20833333333333,119.0,0.20833333333333334,0.9583333333333334,0.20833333333333334,0.6666666666666666,0.5416666666666666,0.2058762563154839,0.11143360534813221,0.39000000000000007
C02_nr_hold2_t2,C续持,24,0.4014031467294729,0.2640967187305229,-0.035531069273663854,0.7763659974556747,-0.5484034135121273,1.9344571566851831,0.7083333333333334,0.7031563538507185,0.8407463898889407,-0.26170662151193835,0.48913427183380653,234.91666666666666,110.90440333333333,0.11353690681666666,2.0718030593281394,136.16666666666666,133.5,0.3333333333333333,0.7916666666666666,0.4583333333333333,0.7083333333333334,0.5,0.1453972940310195,-0.04540283057059907,0.3877884615384616
E02_h5_tp10_t2,E止盈,24,0.38185843808940856,0.19522278110008606,-0.11436567679317378,0.7405470655151134,-0.6047686553228129,2.140403996217184,0.6666666666666666,0.7101743653580647,0.6733946187210524,-0.25148621926537523,0.48669301567977036,99.70833333333333,46.97866333333334,0.04812113868333329,4.888180612246286,141.79166666666666,159.5,0.2916666666666667,0.8333333333333334,0.2916666666666667,0.7083333333333334,0.4166666666666667,0.24117138296687957,-0.012157151457224694,0.3825
W2_h30_tr15,W移动,24,0.26917481582666003,0.15313394913964723,-0.20089299389056398,0.4919996242528019,-0.535647289659005,1.872704057322451,0.6666666666666666,0.5807624004150277,0.576877235474079,-0.24767761594536192,0.5071196509793001,19.583333333333332,9.3117675,0.009519509933333309,25.092643646152414,149.625,158.0,0.2916666666666667,0.9166666666666666,0.2916666666666667,0.75,0.3333333333333333,0.1999730786784343,-0.08922296125201001,0.3813461538461538
H01_re50_t1,H排名退出,24,0.31360224482062077,0.11136306357590985,-0.041802736863999254,0.5772903545035264,-0.2639785440170528,1.7584299014554512,0.6666666666666666,0.7626100970891304,0.5566389164769264,-0.26201310755672835,0.5205004103298566,65.04166666666667,61.4086475,0.06263682044999996,3.7750264198193437,144.33333333333334,167.0,0.3333333333333333,0.6666666666666666,0.5416666666666666,0.7916666666666666,0.4583333333333333,0.15320637431018572,-0.04586536477493229,0.3805769230769231
N1_re50,N排名细化,24,0.3136022448206208,0.11136306357590985,-0.041802736863999254,0.5772903545035264,-0.2639785440170528,1.7584299014554512,0.6666666666666666,0.7626100970891304,0.5566389164769264,-0.26201310755672835,0.5205004103298566,65.04166666666667,61.4086475,0.06263682044999996,3.7750264198193437,144.33333333333334,167.0,0.3333333333333333,0.6666666666666666,0.5416666666666666,0.7916666666666666,0.4583333333333333,0.15320637431018572,-0.04586536477493229,0.3805769230769231
J01_h10_rat20_10_t1,J利润锁定,24,0.4441760302254159,0.15556513599710686,-0.032094574287741824,0.45735738058234526,-0.5893599357289601,2.561938745002801,0.7083333333333334,0.8410086606223043,0.6988781728109317,-0.24979825874982436,0.504375,24.958333333333332,23.674515833333334,0.024148006149999984,9.775277777777779,139.08333333333334,155.0,0.3333333333333333,0.75,0.4166666666666667,0.7083333333333334,0.625,0.15487258520239977,0.017774481268650312,0.38048076923076923
E02_h5_tp30_t2,E止盈,24,0.5113458922105608,0.22988724196254384,-0.1795117672643497,0.7083293423939045,-0.4692329304813843,5.429729830498639,0.7083333333333334,0.7813681861318926,0.8232491493634814,-0.24717360892506066,0.4616023761308647,97.83333333333333,46.26760916666668,0.047387912183333304,4.985216208476518,133.0,125.0,0.125,0.875,0.125,0.75,0.625,0.18196118024984423,0.06713556734086668,0.37932692307692306
K1h6_sl5,K网格,24,0.4254641029857876,0.2089496443720366,-0.06819257545784348,0.6481594247309712,-0.3040032799703197,2.9407502552539007,0.6666666666666666,0.9912582136594142,0.9875197082310104,-0.2624250898111399,0.5008898063993775,44.208333333333336,42.48433166666667,0.04333401829999998,5.518758781566333,131.04166666666666,139.0,0.25,0.875,0.25,0.75,0.5,0.16215637191118354,0.020874649372372996,0.37509615384615386
E01_h5_tp30_t1,E止盈,24,0.27567310987064503,0.1870989372943787,-0.039128824231914404,0.583762015254758,-0.5743276491024629,1.628971241067322,0.7083333333333334,0.7357653258571103,0.8026868814015591,-0.27563404208593556,0.46153567810102764,48.916666666666664,46.11521833333333,0.047037522699999966,4.9841691995947315,146.29166666666666,148.0,0.2916666666666667,0.7916666666666666,0.375,0.7916666666666666,0.4166666666666667,0.11366911439601096,0.0,0.37394230769230763
E01_h5_tp10_t1,E止盈,24,0.18263727854092618,0.218139354998347,-0.22820521284179737,0.3849159037390155,-0.5743276491024629,1.1810807333211222,0.7083333333333334,0.6155965380224547,0.7998315012149537,-0.28826068426263307,0.47221535877833,49.791666666666664,46.91071416666667,0.04784892844999996,4.8945810184103085,155.91666666666666,139.0,0.375,0.8333333333333334,0.4166666666666667,0.6666666666666666,0.4166666666666667,0.1784728219793982,-0.09604781264862715,0.3722115384615385
G01_h10_tr5_t1,G移动止损,24,0.3546639343912151,0.11141527728335004,-0.014685265219997974,0.37010491697663495,-0.4357658660222068,5.7687446059185135,0.7083333333333334,0.6350973647359269,0.5701683303417959,-0.2536483520883988,0.46595677646320793,31.791666666666668,30.048893333333336,0.03064987119999998,7.736160759774262,150.875,164.0,0.2916666666666667,0.7916666666666666,0.4583333333333333,0.625,0.5,0.26592497028678475,0.006576542405555275,0.37124999999999997
M1_h10_tr5,M移动细化,24,0.3546639343912151,0.11141527728335004,-0.014685265219997974,0.37010491697663495,-0.4357658660222068,5.7687446059185135,0.7083333333333334,0.6350973647359269,0.5701683303417959,-0.2536483520883988,0.46595677646320793,31.791666666666668,30.048893333333336,0.030649871199999984,7.736160759774262,150.875,164.0,0.2916666666666667,0.7916666666666666,0.4583333333333333,0.625,0.5,0.26592497028678475,0.006576542405555275,0.37124999999999997
K1h3_sl10,K网格,24,0.2388114368705336,0.24645720728312298,-0.07983164451794103,0.5074727333040405,-0.3504377739508626,1.1431601604819477,0.6666666666666666,0.7341654408483004,0.9153877250535205,-0.2917575758519656,0.4855513838703202,81.08333333333333,77.42522,0.07897372439999999,2.999034552845528,144.875,152.0,0.3333333333333333,0.8333333333333334,0.375,0.625,0.5416666666666666,0.24675955525625545,0.0765921722616762,0.3707692307692308
B01_hold10_t1,B持有期,24,0.44142366528532095,0.15556513599710686,-0.032094574287741824,0.45735738058234526,-0.5893599357289601,2.561938745002801,0.7083333333333334,0.8372396619877055,0.7168721410518624,-0.2595125690797987,0.5010416666666667,24.958333333333332,23.674431666666663,0.024147920299999986,9.775277777777779,139.95833333333334,155.0,0.3333333333333333,0.75,0.4166666666666667,0.7083333333333334,0.5833333333333334,0.14115239190036521,0.0077482846574472575,0.3658653846153846
K1h10_slx,K网格,24,0.44142366528532095,0.15556513599710686,-0.032094574287741824,0.45735738058234526,-0.5893599357289601,2.561938745002801,0.7083333333333334,0.8372396619877055,0.7168721410518624,-0.2595125690797987,0.5010416666666666,24.958333333333332,23.674431666666667,0.024147920299999986,9.775277777777779,139.95833333333334,155.0,0.3333333333333333,0.75,0.4166666666666667,0.7083333333333334,0.5833333333333334,0.14115239190036521,0.0077482846574472575,0.3658653846153846
L1_h7_sl8_tp25,L止盈细化,24,0.297668678677201,0.11755439757023764,-0.09323498733757155,0.5077603965466313,-0.3607414826263617,1.3476563070990584,0.6666666666666666,0.8115039234114573,0.7027812279867485,-0.25568584192629834,0.5195807179359812,36.625,35.090945833333336,0.035792764750000004,6.661891731957522,141.20833333333334,143.0,0.3333333333333333,0.7916666666666666,0.4166666666666667,0.6666666666666666,0.5,0.23264275669660844,0.05103739430660163,0.3657692307692308
N2_re10,N排名细化,24,0.3606133386723753,0.3026312214720642,-0.05521629779384475,0.3647796332390809,-0.6385390005490115,2.5389279643030203,0.7083333333333334,0.6584711619974497,0.8075999341252316,-0.24432842730272236,0.47661657656755035,152.625,71.95094999999999,0.07369287525,3.1976030927213923,142.41666666666666,141.0,0.125,0.75,0.20833333333333334,0.6666666666666666,0.5,0.233799682847795,-0.052866252544264636,0.3583653846153846
H02_re10_t2,H排名退出,24,0.3606133386723753,0.3026312214720642,-0.05521629779384475,0.3647796332390809,-0.6385390005490115,2.5389279643030203,0.7083333333333334,0.6584711619974497,0.8075999341252316,-0.24432842730272236,0.47661657656755035,152.625,71.95094999999999,0.07369287525,3.1976030927213928,142.41666666666666,141.0,0.125,0.75,0.20833333333333334,0.6666666666666666,0.5,0.233799682847795,-0.052866252544264636,0.3583653846153846
K2h7_sl5,K网格,24,0.5618208838680364,0.21967811382314156,-0.12254129870192887,0.851973839414602,-0.7047825102614698,3.742407224182615,0.625,0.7624902852020492,0.7643519641249878,-0.24770749909543135,0.4859507604607129,78.70833333333333,37.3123175,0.03818211843333333,6.211612389071868,132.375,137.5,0.25,0.875,0.2916666666666667,0.625,0.4583333333333333,0.3219349249879637,-0.0852894025867954,0.3534615384615385
G03_h20_tr12_t1,G移动止损,24,0.4276826370912273,0.16954297091893114,-0.030990718598261226,0.5845999230700243,-0.606403672275093,2.3556274196599727,0.6666666666666666,0.9304027338479851,0.7478137050648916,-0.25800657925292947,0.49657012377600607,14.541666666666666,13.838814999999999,0.014115857966666633,16.942107184754246,136.16666666666666,154.0,0.4583333333333333,0.7916666666666666,0.5,0.625,0.4583333333333333,0.17792454061332735,-0.11143029401005744,0.34971153846153846
M1_h20_tr12,M移动细化,24,0.4276826370912273,0.16954297091893114,-0.030990718598261226,0.5845999230700243,-0.606403672275093,2.3556274196599727,0.6666666666666666,0.9304027338479851,0.7478137050648916,-0.25800657925292947,0.49657012377600607,14.541666666666666,13.838815000000002,0.014115857966666636,16.942107184754242,136.16666666666666,154.0,0.4583333333333333,0.7916666666666666,0.5,0.625,0.4583333333333333,0.17792454061332735,-0.11143029401005744,0.34971153846153846
G01_h10_tr12_t1,G移动止损,24,0.5525161157200801,0.1365105925146993,0.01426472129158065,0.4985068383010756,-0.5022298235364936,5.383116784461106,0.75,0.9138143269961082,0.6269723973329615,-0.24739781852899234,0.5159584859584859,25.375,24.21286166666667,0.024697118899999985,9.620552503052503,138.0,155.0,0.3333333333333333,0.8333333333333334,0.4166666666666667,0.6666666666666666,0.4583333333333333,0.11969719869718559,-0.03357120854308954,0.34923076923076923
M1_h10_tr12,M移动细化,24,0.5525161157200802,0.1365105925146993,0.01426472129158065,0.4985068383010756,-0.5022298235364936,5.383116784461106,0.75,0.9138143269961082,0.6269723973329615,-0.24739781852899234,0.5159584859584859,25.375,24.21286166666667,0.02469711889999998,9.620552503052503,138.0,155.0,0.3333333333333333,0.8333333333333334,0.4166666666666667,0.6666666666666666,0.4583333333333333,0.11969719869718559,-0.03357120854308954,0.34923076923076923
W2_h30_tr25,W移动,24,0.27849789893200144,0.25599438048160694,-0.133772898310429,0.6058807981783703,-0.3440895024938698,1.0324562911001265,0.6666666666666666,0.6446328757425844,0.8265199177769347,-0.23871505484299477,0.527046783625731,18.041666666666668,8.6473475,0.008832983199999984,27.04702729044834,143.45833333333334,126.5,0.25,0.875,0.2916666666666667,0.5833333333333334,0.3333333333333333,0.2668702914415481,-0.19122486276615505,0.34855769230769224
H03_re50_sl8_t1,H排名退出,24,0.25153901724191896,0.13213331305579473,-0.11034261469476456,0.5093184567696079,-0.4611954358727111,1.550276292853492,0.6666666666666666,0.6619700898178974,0.5624237237519281,-0.2612346038952714,0.5228659268698963,66.625,63.06411666666667,0.06432539899999996,3.670604205690647,148.70833333333334,161.0,0.3333333333333333,0.875,0.375,0.75,0.5416666666666666,0.13776652818974877,0.0291622876262614,0.3484615384615385
K2h4_sl8,K网格,24,0.5965794018632998,0.25027070564842224,0.0755278341777031,0.855575654244676,-0.4141135566319603,3.0054059076965807,0.7916666666666666,0.890101466267196,0.8010611228148794,-0.2665453498685938,0.5043405076098934,123.29166666666667,58.617302499999994,0.05992820521666664,3.950995981313909,123.33333333333333,144.5,0.16666666666666666,0.9166666666666666,0.16666666666666666,0.75,0.5,0.10659401585660015,0.007550660162966696,0.3478846153846153
K1h4_sl3,K网格,24,0.24486386259115756,0.1940228952026044,-0.14015917058355093,0.31620784994561557,-0.5215674748385176,1.63935515626103,0.625,0.6259222259395729,0.7681605011014956,-0.27039535927758995,0.4914555404912173,66.58333333333333,63.051070833333334,0.06431213058333334,3.6634958173950363,153.875,147.0,0.4166666666666667,0.875,0.4583333333333333,0.75,0.4583333333333333,0.1146818689581725,-0.15780234169349158,0.3455769230769231
I03_h5_sl8_t1_q0.3,I择时,24,0.17549924924802932,0.1371521516201668,-0.23271867886039574,0.39620051664885364,-0.4732399793159767,1.4659077734883414,0.5833333333333334,0.5185142025776066,0.6764000786557719,-0.27840499552487585,0.4906038536879381,45.5,42.233644999999996,0.043078317899999975,4.88530616457224,154.04166666666666,159.0,0.4166666666666667,0.75,0.4166666666666667,0.625,0.4583333333333333,0.2569192865676665,-0.05742167987001366,0.3403846153846154
K2h4_slx,K网格,24,0.4102312261127354,0.20567825677280344,-0.11330628124103198,0.733654881663431,-0.6295400865743048,2.4983376030560978,0.7083333333333334,0.785085878790567,0.7049263497899801,-0.2641565483410509,0.5076773227807133,121.875,57.873850000000004,0.05925797158333331,4.003460743801653,139.08333333333334,140.5,0.16666666666666666,0.9166666666666666,0.16666666666666666,0.7083333333333334,0.4166666666666667,0.20134452950042314,-0.08167936303267873,0.3365384615384615
K1h7_sl8,K网格,24,0.27422479693521234,0.1226252846199507,-0.09323498733757155,0.4595562362766491,-0.3607414826263617,1.3476563070990584,0.6666666666666666,0.8055282299733192,0.7027812279867485,-0.26396291338191985,0.522696814802078,36.666666666666664,35.1325325,0.03583518315,6.656590757906547,142.25,139.5,0.3333333333333333,0.7916666666666666,0.4166666666666667,0.6666666666666666,0.5,0.19876034855721833,-0.056143043329767536,0.3346153846153846
L1_h7_sl8_tp40,L止盈细化,24,0.27390257924212413,0.1226252846199507,-0.09323498733757155,0.4595562362766491,-0.3607414826263617,1.3476563070990584,0.6666666666666666,0.8024400513313505,0.7027812279867485,-0.2663878476551072,0.522696814802078,36.666666666666664,35.13511583333334,0.03583781815,6.656590757906547,142.33333333333334,139.5,0.3333333333333333,0.7916666666666666,0.4166666666666667,0.6666666666666666,0.5,0.19489373624016004,-0.056143043329767536,0.33
O1_h5_sl8_q0.4,O择时细化,24,0.24672615396152398,0.07359304969489736,-0.06697489532933065,0.4159497483916861,-0.3656395196557426,2.0593895981064456,0.6666666666666666,0.7119988946681697,0.49632895384332953,-0.2380861794579884,0.5144725152405379,43.916666666666664,41.561013333333335,0.042392233599999996,4.892134935828195,147.125,152.0,0.4166666666666667,0.7916666666666666,0.4166666666666667,0.6666666666666666,0.5416666666666666,0.13032067944406744,0.06668426367939918,0.3291346153846154
E01_h5_tp20_t1,E止盈,24,0.2091849777205664,0.1870989372943787,-0.08063462222276373,0.37530693720820135,-0.5743276491024629,1.3332723586549409,0.6666666666666666,0.6427489213696975,0.7771393324842919,-0.29561201160622164,0.4724880590534086,49.083333333333336,46.26217333333333,0.04718741679999996,4.970971920683167,151.66666666666666,153.0,0.2916666666666667,0.7916666666666666,0.375,0.7916666666666666,0.3333333333333333,0.11366911439601096,-0.009346383689863638,0.32884615384615384
L1_h7_sl8_tp15,L止盈细化,24,0.39446915699439766,0.12275845769174984,-0.07834844946223438,0.7934696804755204,-0.3290858397329229,2.099184880528864,0.6666666666666666,0.8992800026316846,0.7391815668477156,-0.2738029104532927,0.5202768825442124,37.0,35.4517675,0.03616080285,6.60036184917443,128.58333333333334,125.0,0.2916666666666667,0.7916666666666666,0.375,0.625,0.5,0.24567104453754393,-0.026582741030681936,0.3275
H03_re20_sl8_t1,H排名退出,24,0.3010073279956821,0.24126989797543535,-0.15025911355842939,0.5147925496410392,-0.4993457002182424,2.071846482175677,0.625,0.6328946717650722,0.8295145285638805,-0.2827477574797308,0.5024758876803025,72.45833333333333,66.95403,0.0682931106,3.3699173942623717,152.125,156.0,0.375,0.5416666666666666,0.625,0.75,0.5,0.08677805807805894,-0.006852645311642619,0.3270192307692308
H02_re20_t2,H排名退出,24,0.32672823075562535,0.1989611701190317,-0.1792202965309546,0.5376826717245833,-0.5597386935731328,2.258634444422976,0.625,0.6037309028636847,0.63627921882909,-0.2215678725089903,0.49283614038949786,144.29166666666666,67.89837833333333,0.06960330381666664,3.3856957342799063,145.91666666666666,137.0,0.2916666666666667,0.75,0.375,0.6666666666666666,0.5833333333333334,0.18968622241719274,0.06347468909835215,0.3222115384615385
N2_re20,N排名细化,24,0.3267282307556253,0.1989611701190317,-0.1792202965309546,0.5376826717245833,-0.5597386935731328,2.258634444422976,0.625,0.6037309028636847,0.63627921882909,-0.2215678725089903,0.49283614038949786,144.29166666666666,67.89837833333333,0.06960330381666664,3.385695734279906,145.91666666666666,137.0,0.2916666666666667,0.75,0.375,0.6666666666666666,0.5833333333333334,0.18968622241719274,0.06347468909835215,0.3222115384615385
H04_re50_sl8_t2,H排名退出,24,0.49035751595757615,0.25640921944203393,-0.0708292088375815,0.6716258412781374,-0.3867946930109016,2.679620154393688,0.6666666666666666,0.7956470653538922,0.7560258692144861,-0.2069442831718302,0.5214256723954288,134.125,63.7725375,0.06518336741666665,3.6537845254041748,129.95833333333334,128.0,0.25,0.875,0.25,0.625,0.375,0.17622708244785412,-0.10651094282748075,0.3154807692307692
K2h4_sl5,K网格,24,0.6152917156546299,0.3067033202849913,-0.027793332479626447,0.9459392385855447,-0.3920715496127538,3.1024282207072744,0.625,0.9694522153893509,0.7862873931013554,-0.23959126010427095,0.49848890281110564,126.125,60.16568166666667,0.061472853216666644,3.8653290286201294,117.5,116.0,0.16666666666666666,0.9166666666666666,0.16666666666666666,0.75,0.5416666666666666,0.1452133344374757,0.0357769393264212,0.30980769230769234
M1_h20_tr5,M移动细化,24,0.2723191096153348,0.2050189031067559,-0.1514673286592919,0.393858101340998,-0.5688523888040038,1.8302136458203384,0.5833333333333334,0.5940919987455785,0.7937986763438154,-0.2416916273668523,0.3939688738617229,23.041666666666668,21.649250833333337,0.02208261543333331,11.027094922523032,157.66666666666666,158.0,0.25,0.875,0.25,0.7083333333333334,0.4583333333333333,0.1635406299945115,-0.09587180902196707,0.30673076923076925
K1h3_sl5,K网格,24,0.2841094408664894,0.0747461819528045,-0.029999168667000822,0.28464429416819476,-0.4003652120523517,2.227512697088774,0.7083333333333334,0.7306980792535707,0.5230874231532745,-0.2632587794989582,0.4761084252343166,82.16666666666667,78.0472425,0.07960818734999997,2.965339730514598,148.45833333333334,148.0,0.375,0.7916666666666666,0.5,0.6666666666666666,0.4583333333333333,0.0931249129363759,-0.077873527453627,0.2995192307692308
M1_h10_tr20,M移动细化,24,0.4095888814393523,0.1227996690490365,-0.0795110561465529,0.3514601221631015,-0.4308469580721079,2.561938745002801,0.6666666666666666,0.7526583259108092,0.5767965534781858,-0.2595125690797987,0.5010416666666667,24.958333333333332,23.591554166666665,0.024063385249999975,9.77361111111111,145.16666666666666,161.0,0.2916666666666667,0.75,0.375,0.7083333333333334,0.5416666666666666,0.12865594068396202,0.01715100457774349,0.29288461538461535
N2_re50,N排名细化,24,0.5613879530006063,0.2348218855342657,-0.09790135876491755,1.0643744158775672,-0.4071268512422461,2.7617660882020125,0.5416666666666666,0.8076894233737709,0.7336758570189748,-0.2212765235146613,0.5231197520198027,131.58333333333334,62.465923333333336,0.06385896429999997,3.7329627254595708,128.95833333333334,130.5,0.3333333333333333,0.875,0.3333333333333333,0.625,0.4166666666666667,0.15573068561629794,-0.10651094282748075,0.2923076923076923
H02_re50_t2,H排名退出,24,0.5613879530006063,0.2348218855342657,-0.09790135876491755,1.0643744158775672,-0.4071268512422461,2.7617660882020125,0.5416666666666666,0.8076894233737709,0.7336758570189748,-0.2212765235146613,0.5231197520198027,131.58333333333334,62.46592333333334,0.06385896429999999,3.7329627254595708,128.95833333333334,130.5,0.3333333333333333,0.875,0.3333333333333333,0.625,0.4166666666666667,0.15573068561629794,-0.10651094282748075,0.2923076923076923
K1h4_sl8,K网格,24,0.3804719432001724,0.21153224906023738,-0.08337776984077575,0.4709558685164075,-0.4141906390481829,2.4576231620372235,0.625,0.7548195521687991,0.7851367651326939,-0.3024578235808447,0.504379643138691,61.583333333333336,57.801741666666665,0.05895777649999997,3.9539977421942987,139.33333333333334,138.0,0.25,0.75,0.375,0.7083333333333334,0.4166666666666667,0.1961541332549928,-0.03866921990845313,0.29192307692307695
K2h6_slx,K网格,24,0.3263494044084401,0.2757998750191065,-0.20037628837935773,0.8165217773676099,-0.7146275919816774,2.443275408478437,0.6666666666666666,0.6254002970155447,0.8138348222558164,-0.2819379439899132,0.5066056910569106,82.0,38.81578833333334,0.03979561409999999,5.949695121951219,152.25,156.5,0.125,0.8333333333333334,0.16666666666666666,0.625,0.375,0.24572314320263838,-0.18565073211195496,0.28846153846153844
M1_h10_tr15,M移动细化,24,0.332008874783043,0.1227996690490365,-0.0795110561465529,0.3514601221631015,-0.3925764233455339,2.561938745002801,0.6666666666666666,0.7806004365195808,0.5767965534781858,-0.27145380720631873,0.5072477445394111,25.166666666666668,23.82437,0.02430085739999997,9.698231244064578,145.79166666666666,161.5,0.2916666666666667,0.75,0.375,0.7083333333333334,0.4583333333333333,0.12865594068396202,-0.023843657832178428,0.28480769230769226
K1h7_sl3,K网格,24,0.3236472000593378,0.1059289751474328,-0.0582799890912241,0.7840176896442475,-0.3819197701266001,2.0538396755555013,0.6666666666666666,0.7742659863812807,0.5491606901923984,-0.2587797811526845,0.4629924938655945,43.833333333333336,41.968955,0.04280833409999996,5.587549676404433,141.41666666666666,165.0,0.4583333333333333,0.875,0.5,0.625,0.4166666666666667,0.0792622583466721,-0.157352490551178,0.2722115384615385
H04_re20_sl8_t2,H排名退出,24,0.37687876743745363,0.10232910416812965,-0.15222331160981312,0.5934079743643534,-0.5597386935731328,2.258634444422976,0.5416666666666666,0.6020583515002095,0.5043998608674848,-0.23988234108625264,0.49495405658387703,145.83333333333334,68.69737916666666,0.07039375258333332,3.346802237760843,150.875,171.5,0.3333333333333333,0.7916666666666666,0.4166666666666667,0.625,0.5416666666666666,0.1672297346102021,0.022968781734169504,0.26326923076923076
N1_re30,N排名细化,24,0.22487941618386,0.13975719106486578,-0.05337888287233172,0.21745518003186248,-0.3114959893426845,2.0042218659476365,0.7083333333333334,0.6413379669186744,0.6120239640884473,-0.2824205908108341,0.5145860373187078,69.29166666666667,65.62323166666665,0.06693569629999997,3.531922141621177,152.45833333333334,162.0,0.25,0.7083333333333334,0.4166666666666667,0.6666666666666666,0.5416666666666666,0.12681746579240563,0.03367459135230655,0.2605769230769231
K1h6_slx,K网格,24,0.16355930686788228,0.0851359715883094,-0.0213335308156305,0.3371410554941534,-0.4305575921549276,1.2990369218419766,0.75,0.6260528456525977,0.6604056393842502,-0.32619805369949595,0.5111788617886179,41.0,39.49008416666666,0.04027988585,5.950203252032519,165.875,192.5,0.041666666666666664,0.875,0.08333333333333333,0.7083333333333334,0.20833333333333334,0.08980250430179915,-0.11425911700175646,0.25
K1h15_sl3,K网格,24,0.47412837514983314,0.1121997625113918,-0.09161626563705036,0.38028124645526207,-0.4460019258920664,6.963382716815793,0.6666666666666666,0.6040587254976693,0.6669603831562823,-0.2914449592885632,0.373796764159083,24.0,22.62667833333333,0.02307921189999997,10.233297730852078,147.20833333333334,137.0,0.375,0.7083333333333334,0.4166666666666667,0.625,0.4583333333333333,0.11260193422861979,-0.0312468998573633,0.2475
C01_nr_hold2_t1,C续持,24,0.17311858907064234,0.0852997594637969,0.007417751068021176,0.24986296857422424,-0.4679538098846121,1.8594339590006488,0.75,0.469294147790948,0.4933415294023884,-0.27342228638539523,0.48545865450337483,118.45833333333333,109.3917425,0.11157957734999996,2.056295502089705,165.58333333333334,185.0,0.20833333333333334,0.625,0.4166666666666667,0.6666666666666666,0.3333333333333333,0.08491257900863769,-0.057859212396062336,0.2403846153846154
W2_h30_tr20,W移动,24,0.34356291018631674,0.1421212473483346,-0.13901073845127304,0.5767964547436946,-0.710763589853241,1.947139702698876,0.625,0.6183870099476115,0.5531220404913055,-0.2655940966039526,0.5232299498746867,18.333333333333332,8.702369166666665,0.008903604883333317,26.65378028404344,144.29166666666666,158.0,0.2916666666666667,0.8333333333333334,0.375,0.6666666666666666,0.5,0.13153354047219915,-0.004026254603394591,0.24009615384615385
K1h3_slx,K网格,24,0.19842829829019668,0.1293611297619369,-0.13613174135555497,0.49864541847212474,-0.3504377739508626,1.1431601604819477,0.5833333333333334,0.6523931174776835,0.6811659803577723,-0.3038650835942164,0.48116640946502054,80.95833333333333,77.25715916666667,0.07880230234999998,3.002597736625514,153.75,161.0,0.2916666666666667,0.8333333333333334,0.3333333333333333,0.5833333333333334,0.5,0.20336979105583658,-0.08981653242900989,0.22855769230769227
B01_hold3_t1,B持有期,24,0.19842829829019668,0.1293611297619369,-0.13613174135555497,0.49864541847212474,-0.3504377739508626,1.1431601604819477,0.5833333333333334,0.6523931174776835,0.6811659803577723,-0.3038650835942164,0.48116640946502054,80.95833333333333,77.25715916666667,0.07880230234999998,3.002597736625514,153.75,161.0,0.2916666666666667,0.8333333333333334,0.3333333333333333,0.5833333333333334,0.5,0.20336979105583658,-0.08981653242900989,0.22855769230769227
N2_re30,N排名细化,24,0.3748522889206483,0.08653426466345479,-0.0754399250430937,0.4655025459125888,-0.5413151142345628,2.619850908843512,0.625,0.658247913987772,0.5637620833806417,-0.23462205761236798,0.5032348889453889,139.54166666666666,65.99961583333334,0.06750551356666666,3.503722755528038,147.29166666666666,149.5,0.25,0.875,0.3333333333333333,0.625,0.4583333333333333,0.12966880410588305,-0.12299953043957804,0.2280769230769231
N2_re5,N排名细化,24,0.3368680709316026,0.2542894894385695,-0.19990270549979608,0.6805457211769259,-0.6669621758106961,2.2039673868169496,0.5833333333333334,0.6043991013940659,0.8550930264544322,-0.2426115664217856,0.48654448454038235,156.29166666666666,73.291315,0.07517257754999997,3.1179411850514582,155.41666666666666,152.0,0.20833333333333334,0.7916666666666666,0.25,0.5833333333333334,0.4166666666666667,0.14747346964548902,-0.26622179276535096,0.22605769230769232
K1h3_sl3,K网格,24,0.2536475322939528,0.1632198781484282,-0.16782769568236552,0.3475067689931353,-0.4372549229782613,2.0555907242695235,0.6666666666666666,0.6057147080938284,0.7670331306412289,-0.27435823043088237,0.4838344723646175,85.125,80.03167166666667,0.08163230509999998,2.861474055275323,158.08333333333334,179.0,0.25,0.8333333333333334,0.2916666666666667,0.6666666666666666,0.3333333333333333,0.060659973597461864,-0.0797534652233993,0.21240384615384617
K1h15_slx,K网格,24,0.2290705572640798,0.07492999737933764,-0.0737842256915559,0.2641397544870155,-0.4495170426492094,3.694552215030376,0.7083333333333334,0.5816110684959704,0.5217032168391506,-0.2881986617423668,0.4950980392156863,17.0,16.358875833333332,0.016686053349999976,14.350490196078432,160.375,154.5,0.25,0.8333333333333334,0.3333333333333333,0.625,0.3333333333333333,0.07365524165798434,-0.13358843754832717,0.19865384615384615
K1h7_slx,K网格,24,0.24477248625257253,0.06595016323683045,-0.08127207531199485,0.4303272003173467,-0.282593898958889,1.3464432338245245,0.625,0.7517941409821557,0.5340242280989105,-0.30446150425742113,0.5326330532212885,34.958333333333336,33.45410833333333,0.03412319049999999,6.978746498599441,148.95833333333334,178.0,0.25,0.875,0.2916666666666667,0.6666666666666666,0.375,0.13091059406002442,-0.11879064017256513,0.19673076923076924
B01_hold7_t1,B持有期,24,0.2447724862525725,0.06595016323683045,-0.08127207531199485,0.4303272003173467,-0.282593898958889,1.3464432338245245,0.625,0.7517941409821557,0.5340242280989105,-0.30446150425742113,0.5326330532212885,34.958333333333336,33.45410833333333,0.03412319049999999,6.978746498599441,148.95833333333334,178.0,0.25,0.875,0.2916666666666667,0.6666666666666666,0.375,0.13091059406002442,-0.11879064017256513,0.19673076923076924
K2h2_sl5,K网格,24,0.3011896657296316,0.024609891184189946,-0.243196212678146,0.770348040953687,-0.6518602822673181,2.40989413283708,0.5,0.5305594615166568,0.4423252229589492,-0.2358359442582679,0.48207004883849286,243.58333333333334,114.37821000000001,0.11734298669999998,2.0026225408664087,161.375,179.5,0.25,0.75,0.25,0.5833333333333334,0.3333333333333333,0.11670641908288906,-0.26614541972443756,0.16384615384615384
K2h2_slx,K网格,24,0.3011896657296316,0.024609891184189946,-0.243196212678146,0.770348040953687,-0.6518602822673181,2.40989413283708,0.5,0.5305594615166568,0.4423252229589492,-0.2358359442582679,0.48207004883849286,243.58333333333334,114.37820999999998,0.11734298669999998,2.0026225408664087,161.375,179.5,0.25,0.75,0.25,0.5833333333333334,0.3333333333333333,0.11670641908288906,-0.26614541972443756,0.16384615384615384
K2h2_sl8,K网格,24,0.3011896657296316,0.024609891184189946,-0.243196212678146,0.770348040953687,-0.6518602822673181,2.40989413283708,0.5,0.5305594615166568,0.4423252229589492,-0.2358359442582679,0.48207004883849286,243.58333333333334,114.37821000000001,0.11734298669999998,2.0026225408664087,161.375,179.5,0.25,0.75,0.25,0.5833333333333334,0.3333333333333333,0.11670641908288906,-0.26614541972443756,0.16384615384615384
K2h2_sl10,K网格,24,0.30118966572963163,0.024609891184189946,-0.243196212678146,0.770348040953687,-0.6518602822673181,2.40989413283708,0.5,0.5305594615166568,0.4423252229589492,-0.2358359442582679,0.48207004883849286,243.58333333333334,114.37821000000001,0.11734298669999998,2.0026225408664087,161.375,179.5,0.25,0.75,0.25,0.5833333333333334,0.3333333333333333,0.11670641908288906,-0.26614541972443756,0.16384615384615384
K2h2_sl3,K网格,24,0.3011896657296316,0.024609891184189946,-0.243196212678146,0.770348040953687,-0.6518602822673181,2.40989413283708,0.5,0.5305594615166568,0.4423252229589492,-0.2358359442582679,0.48207004883849286,243.58333333333334,114.37820999999998,0.11734298669999998,2.0026225408664087,161.375,179.5,0.25,0.75,0.25,0.5833333333333334,0.3333333333333333,0.11670641908288906,-0.26614541972443756,0.16384615384615384
B02_hold2_t2,B持有期,24,0.3011896657296316,0.024609891184189946,-0.243196212678146,0.770348040953687,-0.6518602822673181,2.40989413283708,0.5,0.5305594615166569,0.4423252229589492,-0.2358359442582679,0.48207004883849286,243.58333333333334,114.37821000000001,0.11734298669999998,2.0026225408664087,161.375,179.5,0.25,0.75,0.25,0.5833333333333334,0.3333333333333333,0.11670641908288906,-0.26614541972443756,0.16384615384615384
H01_re20_t1,H排名退出,24,0.1926083802082046,0.1433027391005005,-0.18139997291753993,0.2815132500709398,-0.4562193984181968,2.071846482175677,0.625,0.49596961615032126,0.6711101728719466,-0.2934577269800738,0.49923858531175513,71.625,65.7459625,0.06706088174999998,3.4121930380242183,164.125,191.5,0.20833333333333334,0.5,0.4583333333333333,0.625,0.5416666666666666,0.0781706490192217,0.015952426535994935,0.13874999999999998
N1_re20,N排名细化,24,0.1926083802082046,0.1433027391005005,-0.18139997291753993,0.2815132500709398,-0.4562193984181968,2.071846482175677,0.625,0.49596961615032126,0.6711101728719466,-0.2934577269800738,0.49923858531175513,71.625,65.7459625,0.06706088174999998,3.4121930380242183,164.125,191.5,0.20833333333333334,0.5,0.4583333333333333,0.625,0.5416666666666666,0.0781706490192217,0.015952426535994935,0.13874999999999998
K1h7_sl5,K网格,24,0.27425622550166623,0.1027681578462751,-0.06220967275791513,0.32407489158131336,-0.4941376866711787,3.3863557531708723,0.625,0.569610371876204,0.4501735558428994,-0.3179747721800193,0.49948979184349146,39.083333333333336,37.2109375,0.03795515624999998,6.25934448650009,157.625,177.0,0.3333333333333333,0.8333333333333334,0.375,0.5833333333333334,0.4166666666666667,0.04918438430695675,-0.19330452775071028,0.13759615384615384
K2h5_sl3,K网格,24,0.3679168470724194,0.1748096175955401,-0.2381165470931558,0.6434505682689977,-0.5655859576387511,3.0910548462804126,0.5416666666666666,0.5915702648792226,0.6564342388106525,-0.26708187284320084,0.4535943346354078,112.83333333333333,53.246475833333335,0.0545211661833333,4.32561808953597,154.5,151.5,0.25,0.8333333333333334,0.2916666666666667,0.5416666666666666,0.4166666666666667,0.11216974847022841,-0.15501908012159318,0.13163461538461538
D02_h5_sl3_t2,D止损,24,0.3679168470724194,0.1748096175955401,-0.2381165470931558,0.6434505682689977,-0.5655859576387511,3.0910548462804126,0.5416666666666666,0.5915702648792226,0.6564342388106525,-0.26708187284320084,0.4535943346354079,112.83333333333333,53.246475833333335,0.0545211661833333,4.325618089535971,154.5,151.5,0.25,0.8333333333333334,0.2916666666666667,0.5416666666666666,0.4166666666666667,0.11216974847022841,-0.15501908012159318,0.13163461538461538
H01_re10_t1,H排名退出,24,0.16854084692015023,0.0592529521252952,-0.16337494140305558,0.26658864132670834,-0.4035847260991642,1.681921775187543,0.5416666666666666,0.5021306911616242,0.44554478591240176,-0.30103433997006046,0.4742425213201971,75.875,70.8367775,0.07225351304999998,3.218534833301558,161.08333333333334,163.0,0.20833333333333334,0.625,0.375,0.625,0.5,0.11675230748554356,0.009772819250278807,0.1271153846153846
N1_re10,N排名细化,24,0.16854084692015023,0.0592529521252952,-0.16337494140305558,0.26658864132670834,-0.4035847260991642,1.681921775187543,0.5416666666666666,0.5021306911616242,0.44554478591240176,-0.30103433997006046,0.47424252132019723,75.875,70.8367775,0.07225351304999998,3.218534833301558,161.08333333333334,163.0,0.20833333333333334,0.625,0.375,0.625,0.5,0.11675230748554356,0.009772819250278807,0.1271153846153846
B01_hold2_t1,B持有期,24,0.09607915542322427,0.04142401881819475,-0.11221057568752224,0.2954853583011764,-0.4251099892618218,1.095109198668368,0.5833333333333334,0.3852731170918952,0.5271368552806476,-0.3119584368531736,0.47592821752782516,121.625,113.98684166666668,0.11626657849999998,2.0053426543031008,174.20833333333334,196.5,0.25,0.7916666666666666,0.25,0.5833333333333334,0.25,0.05352045769341095,-0.24037373069179743,0.10038461538461536
K1h2_sl10,K网格,24,0.09607915542322427,0.04142401881819475,-0.11221057568752224,0.2954853583011764,-0.4251099892618218,1.095109198668368,0.5833333333333334,0.3852731170918952,0.5271368552806476,-0.3119584368531736,0.47592821752782516,121.625,113.98684166666665,0.11626657849999998,2.0053426543031008,174.20833333333334,196.5,0.25,0.7916666666666666,0.25,0.5833333333333334,0.25,0.05352045769341095,-0.24037373069179743,0.10038461538461536
K1h2_sl3,K网格,24,0.09607915542322427,0.04142401881819475,-0.11221057568752224,0.2954853583011764,-0.4251099892618218,1.095109198668368,0.5833333333333334,0.3852731170918952,0.5271368552806476,-0.3119584368531736,0.47592821752782516,121.625,113.98684166666665,0.11626657849999998,2.0053426543031008,174.20833333333334,196.5,0.25,0.7916666666666666,0.25,0.5833333333333334,0.25,0.05352045769341095,-0.24037373069179743,0.10038461538461536
K1h2_slx,K网格,24,0.09607915542322427,0.04142401881819475,-0.11221057568752224,0.2954853583011764,-0.4251099892618218,1.095109198668368,0.5833333333333334,0.3852731170918952,0.5271368552806476,-0.3119584368531736,0.47592821752782516,121.625,113.98684166666665,0.11626657849999998,2.0053426543031008,174.20833333333334,196.5,0.25,0.7916666666666666,0.25,0.5833333333333334,0.25,0.05352045769341095,-0.24037373069179743,0.10038461538461536
K1h2_sl8,K网格,24,0.09607915542322427,0.04142401881819475,-0.11221057568752224,0.2954853583011764,-0.4251099892618218,1.095109198668368,0.5833333333333334,0.3852731170918952,0.5271368552806476,-0.3119584368531736,0.47592821752782516,121.625,113.98684166666668,0.11626657849999995,2.0053426543031008,174.20833333333334,196.5,0.25,0.7916666666666666,0.25,0.5833333333333334,0.25,0.05352045769341095,-0.24037373069179743,0.10038461538461536
K1h2_sl5,K网格,24,0.09607915542322427,0.04142401881819475,-0.11221057568752224,0.2954853583011764,-0.4251099892618218,1.095109198668368,0.5833333333333334,0.3852731170918952,0.5271368552806476,-0.3119584368531736,0.47592821752782516,121.625,113.98684166666668,0.11626657849999995,2.0053426543031008,174.20833333333334,196.5,0.25,0.7916666666666666,0.25,0.5833333333333334,0.25,0.05352045769341095,-0.24037373069179743,0.10038461538461536
K1h4_sl10,K网格,24,0.28155773617748214,0.08044082272399405,-0.12749562395601421,0.5286485117623831,-0.4591759151069648,2.145436415281291,0.5416666666666666,0.6427686137290664,0.3685217408772308,-0.3251074475221871,0.5068963364474999,61.333333333333336,57.77428,0.05892976559999996,3.971831482460779,157.95833333333334,176.0,0.25,0.7083333333333334,0.4166666666666667,0.5833333333333334,0.25,0.07912507108721069,-0.13104602649764407,0.09490384615384616
I02_daily_t1_q0.5,I择时,24,0.03679367239403155,-0.0098460799589053,-0.1703416180440951,0.3060800972227456,-0.3267376224017317,0.5386099869660448,0.4583333333333333,0.176885392084286,0.1287778643998696,-0.24079049570960115,0.47870210476620983,129.16666666666666,119.35609833333332,0.1217432203,1.0003109452736318,174.29166666666666,182.5,0.16666666666666666,0.5,0.375,0.5416666666666666,0.375,0.0522911939601857,-0.201430438148971,0.08009615384615384
A01_daily_top1,A基线,24,0.05284565827134071,0.055466394387491846,-0.11481877813187977,0.15152082377221998,-0.5133237020743112,1.2165526584818491,0.6666666666666666,0.2511250723706688,0.4404564216367306,-0.33183315961321364,0.48437663087393146,242.5,224.39935000000003,0.22888733700000005,1.0019681533200342,189.75,205.5,0.16666666666666666,0.625,0.4166666666666667,0.0,0.16666666666666666,0.0,-0.22317989465965699,0.07221153846153847
I01_daily_t1_q0.3,I择时,24,0.0760507775864889,-0.0316534573853583,-0.19479773877412965,0.2724648752650533,-0.3781612143381717,1.3950493291286117,0.4583333333333333,0.25538330984795826,-0.0088945626800063,-0.2913590505784762,0.4842813726378687,170.70833333333334,156.29439666666667,0.1594202846,1.000220458553792,177.66666666666666,193.5,0.25,0.4583333333333333,0.4166666666666667,0.5416666666666666,0.25,0.05265187263341946,-0.1368562731143239,0.06721153846153846
K1h5_sl5,K网格,24,0.2590479601768823,-0.047064706454713695,-0.16060755278171202,0.21072616327790686,-0.4484579266841806,2.715518557485106,0.4166666666666667,0.4668629795279,0.18336772671894355,-0.34961104502781204,0.47529416197582525,52.041666666666664,49.07465333333332,0.05005614639999998,4.687193118320372,162.75,187.0,0.25,0.875,0.25,0.5416666666666666,0.3333333333333333,0.06871162917189814,-0.21867644868131797,0.06442307692307692
D01_h5_sl5_t1,D止损,24,0.2590479601768823,-0.047064706454713695,-0.16060755278171202,0.21072616327790686,-0.4484579266841806,2.715518557485106,0.4166666666666667,0.4668629795279,0.18336772671894355,-0.34961104502781204,0.47529416197582514,52.041666666666664,49.07465333333332,0.05005614639999998,4.687193118320372,162.75,187.0,0.25,0.875,0.25,0.5416666666666666,0.3333333333333333,0.06871162917189814,-0.21867644868131797,0.06442307692307692
K1h10_sl5,K网格,24,0.338184009804318,-0.01607834498465815,-0.13073559192157372,0.1543972570087797,-0.493834711245213,5.112510179905941,0.4583333333333333,0.48004173750546086,0.27278217534777316,-0.29666473691428197,0.4656602118133449,29.375,27.822411666666667,0.02837885989999998,8.344045106848684,159.66666666666666,170.5,0.25,0.8333333333333334,0.2916666666666667,0.5,0.4166666666666667,-0.013339710582844801,-0.17946539394982258,0.05951923076923077
D01_h5_sl3_t1,D止损,24,0.0938783758735491,-0.0311004805734951,-0.15052792641905244,0.2326116289421683,-0.5091501905443835,1.5027048835929362,0.4583333333333333,0.37602011884791436,0.2825236012032515,-0.33004019150386277,0.4480609281336687,56.458333333333336,53.08669583333333,0.05414880933333332,4.321870524998922,175.0,197.0,0.16666666666666666,0.75,0.20833333333333334,0.5833333333333334,0.3333333333333333,0.0531625044264966,-0.24093043826674,0.04490384615384616
K1h5_sl3,K网格,24,0.0938783758735491,-0.0311004805734951,-0.15052792641905244,0.2326116289421683,-0.5091501905443835,1.5027048835929362,0.4583333333333333,0.37602011884791436,0.2825236012032515,-0.33004019150386277,0.44806092813366866,56.458333333333336,53.086695833333344,0.054148809333333305,4.321870524998921,175.0,197.0,0.16666666666666666,0.75,0.20833333333333334,0.5833333333333334,0.3333333333333333,0.0531625044264966,-0.24093043826674,0.04490384615384616
H01_re5_t1,H排名退出,24,0.15253538236415362,-0.0623882967304098,-0.15367308863127993,0.22586549690984783,-0.3155475887479463,1.2330456850702136,0.4583333333333333,0.4554001683431554,0.0965393840891447,-0.3360667881288142,0.47058666037657515,77.29166666666667,72.38150833333334,0.07382913849999999,3.1553737617761364,170.33333333333334,181.0,0.20833333333333334,0.6666666666666666,0.25,0.4583333333333333,0.3333333333333333,-0.04576966507271894,-0.1647008331537887,0.027884615384615383
N1_re5,N排名细化,24,0.15253538236415362,-0.0623882967304098,-0.15367308863127993,0.22586549690984783,-0.3155475887479463,1.2330456850702136,0.4583333333333333,0.4554001683431553,0.0965393840891447,-0.3360667881288142,0.47058666037657515,77.29166666666667,72.38150833333333,0.07382913849999999,3.1553737617761364,170.33333333333334,181.0,0.20833333333333334,0.6666666666666666,0.25,0.4583333333333333,0.3333333333333333,-0.04576966507271894,-0.1647008331537887,0.027884615384615383
A02_daily_top2,A基线,24,-0.08465490138528449,-0.20688214082969403,-0.3718367563508494,0.18107156445421968,-0.6286277118077547,1.5826501097085832,0.2916666666666667,0.03213489530524914,0.0395814706593833,-0.3180002668572076,0.4840821367625359,484.7916666666667,221.8387725,0.22898392836666667,1.0020030264255764,206.79166666666666,236.0,0.125,0.7083333333333334,0.16666666666666666,0.2916666666666667,0.16666666666666666,-0.17590489577935564,-0.33070008691498964,0.010192307692307691
