set,cfg,group,top_n,hold,sell_at,no_repeat,exit_rank,min_hold,stop_loss,take_profit,trail_pct,rat_up,rat_floor,threshold_q,cum_net,ann_net,sharpe,maxdd,cum_add,cum_trade,sharpe_trade,win_rate,avg_hold,med_trade,best_trade,worst_trade,turnover,cost_drag,n_trades,n_days,empty_days,avg_npos,avg_cash_ratio,h1_cum,h2_cum,h1_cum_t,h2_cum_t,h1_win,h2_win,skipped_buy,blocked_sell,max_overlap
V1_allz,A01_daily_top1,A基线,1,1,,,,,,,,,,,0.5805764819999968,0.6044790733272247,1.8364983356972717,-0.11936532836735025,0.49528108775138324,0.6652571000233791,1.6073479939100128,0.49137931034482757,1.043103448275862,-0.07006349431177283,11.211482243254189,-8.60673389261577,227.6309,0.23218351800000003,232,244,3,0.9877551020408163,0.26769784057106877,0.4615547327999976,0.08143502704957295,0.5214659553030283,0.09450828933711652,0.5,0.48333333333333334,7,10,0.0
V1_allz,A02_daily_top2,A基线,2,1,,,,,,,,,,,0.557604830799995,0.5804012349720773,2.2864986292898286,-0.11680516389933948,0.46470581576276737,1.5826501097085832,2.1672574453228077,0.510548523206751,1.021097046413502,0.047763702011738296,11.211482243254167,-8.633836802473871,229.07846,0.23385516920000002,474,244,3,1.9755102040816326,0.286321334465649,0.4924962987999957,0.04362391521663889,1.502431287984964,0.03205635339870305,0.5299145299145299,0.49166666666666664,15,10,0.0
V1_allz,B01_hold2_t1,B持有期,1,2,,,,,,,,,,,0.30420306719999823,0.31560958113187887,0.9346728187933645,-0.22881021491628806,0.32930375203400186,0.27743652745571956,0.7875299424713785,0.5344827586206896,2.086206896551724,0.11537774528290745,23.27290142658147,-14.972387700252154,112.11464,0.11435693280000002,116,244,3,0.9877551020408163,0.1193489082477117,0.10391687999999921,0.18143230783824738,0.06888801487726792,0.19510791558683227,0.5357142857142857,0.5333333333333333,1,0,0.0
V1_allz,B01_hold3_t1,B持有期,1,3,,,,,,,,,,,0.4356377235999982,0.4527599995296907,1.3719907719318256,-0.13795481246200936,0.4063796437311272,0.4843856703001761,1.394353937509648,0.5061728395061729,3.0,0.21641506966150192,11.009817819997725,-9.237440289272836,79.47282,0.0810622764,81,244,2,0.9918367346938776,0.1646923587336197,0.1335458511999994,0.2665016788515404,0.08053871600404894,0.37374593646176657,0.43902439024390244,0.575,2,0,0.0
V1_allz,B01_hold5_t1,B持有期,1,5,,,,,,,,,,,0.6153285060000007,0.6409263238183063,1.8434803225866014,-0.1071172895778656,0.5200979551503868,0.7702722037811451,1.8977669509698853,0.5510204081632653,4.959183673469388,0.2430619117545385,17.485175397200116,-8.279010066924942,48.0897,0.049051493999999994,49,244,2,0.9918367346938776,0.21723139697653426,0.4044961587999998,0.15011244130431467,0.4604179483952153,0.2121682054965257,0.52,0.5833333333333334,1,0,0.0
V1_allz,B01_hold7_t1,B持有期,1,7,,,,,,,,,,,0.03865059680000016,0.03994281275398759,0.3107670311707218,-0.35790676119999987,0.13402801806238607,-0.0013684224327294991,0.1597174804359025,0.4117647058823529,7.147058823529412,-0.6294499397935194,16.106045294840875,-11.102650827076166,28.36216,0.028929403200000002,34,244,2,0.9918367346938776,0.05440197536417664,-0.24955727040000042,0.3840504489311516,-0.2830014584098267,0.3927944335179343,0.29411764705882354,0.5294117647058824,2,0,0.0
V1_allz,B01_hold10_t1,B持有期,1,10,,,,,,,,,,,0.6721545375999989,0.7005795403593305,1.6152282666835824,-0.2828206775438189,0.5796775609790998,0.7616004104554499,1.3414903101663351,0.48,9.72,-0.6195265848653375,40.69938397213306,-14.295813952569858,24.41712,0.0249054624,25,244,2,0.9918367346938776,0.20345369142388137,0.3358627011999993,0.25174131750060047,0.18283150550416316,0.4893079887186427,0.5384615384615384,0.4166666666666667,0,0,0.0
V1_allz,B01_hold20_t1,B持有期,1,20,,,,,,,,,,,0.26214664840000146,0.27181778662147127,0.815626969131355,-0.27965433604326306,0.3034492094591481,0.1965619816014419,0.6515773897125026,0.46153846153846156,18.692307692307693,-0.8571519226035718,27.525503790560137,-13.472982621226304,12.73858,0.012993351600000001,13,244,2,0.9918367346938776,0.19426208823976465,0.4668199856000008,-0.13953541621283383,0.30475876055658646,-0.08292473844666126,0.42857142857142855,0.5,0,0,0.0
V1_allz,B02_hold2_t2,B持有期,2,2,,,,,,,,,,,0.4585781719999955,0.4767414141764559,1.6954756591301572,-0.16022874530769937,0.4073592857383047,1.0098899757178774,1.4351536146795258,0.5189873417721519,2.042194092827004,0.11348773456831829,23.272901426581495,-14.972387700252154,114.0799,0.11652182800000001,237,244,3,1.9755102040816326,0.23408231270891186,0.3111290367999968,0.11245966724973977,0.6718469114670877,0.20219737939650595,0.5470085470085471,0.49166666666666664,8,0,0.0
V1_allz,B02_hold3_t2,B持有期,2,3,,,,,,,,,,,0.12844329719999648,0.13292298639414213,0.6067127439228358,-0.165152919013127,0.15379511505148602,0.09854027969335188,0.44566026037582446,0.47530864197530864,3.0,-0.10197348689340857,11.500849195267616,-17.072387483263185,78.11014,0.0797367028,162,244,2,1.9836734693877551,0.10531678627260303,0.09490998799999617,0.030626544252512433,0.1218921041866301,-0.02081467942071724,0.4634146341463415,0.4875,4,0,0.0
V1_allz,B02_hold5_t2,B持有期,2,5,,,,,,,,,,,0.33418455440000017,0.34685656723231273,1.5697591456704287,-0.12154205401201978,0.3081684405967823,0.8038380287318636,1.5391684737973435,0.5714285714285714,4.959183673469388,0.30714757363485834,17.485175397200116,-20.067485578749512,47.63178,0.0485954456,98,244,2,1.9836734693877551,0.20744505987649164,0.38359692919999944,-0.0357129838590855,1.123458713094986,-0.1505189069097882,0.6,0.5416666666666666,3,0,0.0
V1_allz,B02_hold7_t2,B持有期,2,7,,,,,,,,,,,0.3227131375999994,0.33489820170430873,1.2317195820046485,-0.16907169966010882,0.3130421302689834,0.672370864662305,1.3840170563253036,0.4782608695652174,7.043478260869565,-0.25916532141893045,16.106045294840875,-11.102650827076166,32.37512,0.0331268624,69,244,2,1.9836734693877551,0.12130245478794595,-0.007209304400000671,0.33231822524344845,-0.11893415873069091,0.8981224629625875,0.42857142857142855,0.5294117647058824,4,0,0.0
V1_allz,B02_hold10_t2,B持有期,2,10,,,,,,,,,,,0.24550274280000073,0.2545002252033435,1.0294481692384025,-0.2094527468764299,0.2497470595816914,0.41864289584994774,0.8732019554618453,0.44,9.72,-0.5394878310371332,40.69938397213306,-14.654500309639484,24.14336,0.0246372572,50,244,2,1.9836734693877551,0.13670210777919084,0.20992379719999987,0.029405939185870533,0.20222184360575213,0.1800175678018765,0.5,0.375,2,0,0.0
V1_allz,B02_hold20_t2,B持有期,2,20,,,,,,,,,,,0.29120616760000195,0.3020713755550608,1.209610820329863,-0.20015088130591852,0.28399196244979863,0.6855455925207161,1.2398644349236223,0.5,18.692307692307693,0.923896047983519,27.52550379056016,-16.157095016938573,12.43412,0.012693832399999999,26,244,2,1.9836734693877551,0.22417914257413898,0.4754896016000012,-0.12489646406193866,1.132374179457703,-0.20954511231730555,0.5714285714285714,0.4166666666666667,1,0,0.0
V1_allz,C01_nr_hold2_t1,C续持,1,2,,True,,,,,,,,,0.3485981243999976,0.3618867533090093,1.0886374316005907,-0.23343976571112823,0.35318187753237107,0.3375015038114042,0.9160082554456809,0.5046728971962616,2.2616822429906542,0.01847712365867782,23.27290142658147,-11.102650827076154,103.35478,0.1054218756,107,244,3,0.9877551020408163,0.12335002956623484,0.0533184216,0.28033280036198893,0.0266277156022654,0.3028106327976623,0.47058823529411764,0.5357142857142857,1,0,0.0
V1_allz,C02_nr_hold2_t2,C续持,2,2,,True,,,,,,,,,0.3641525475999974,0.37811250681060526,1.3450903707960873,-0.17009571834660708,0.34436069674917535,0.6695276869897879,1.1434050940587919,0.484304932735426,2.1748878923766815,-0.10197348689339192,23.272901426581495,-11.102650827076166,107.25412,0.10954745240000001,223,244,2,1.9795918367346939,0.1913892872845011,0.19352695479999849,0.1429591448385783,0.3311369695810771,0.25421179423422235,0.4864864864864865,0.48214285714285715,7,0,0.0
V1_allz,D01_h5_sl8_t1,D止损,1,5,,,,,0.08,,,,,,0.6153285060000007,0.6409263238183063,1.8434803225866014,-0.1071172895778656,0.5200979551503868,0.7702722037811451,1.8977669509698853,0.5510204081632653,4.959183673469388,0.2430619117545385,17.485175397200116,-8.279010066924942,48.0897,0.049051493999999994,49,244,2,0.9918367346938776,0.21723139697653426,0.4044961587999998,0.15011244130431467,0.4604179483952153,0.2121682054965257,0.52,0.5833333333333334,1,0,0.0
V1_allz,D02_h5_sl8_t2,D止损,2,5,,,,,0.08,,,,,,0.3410425835999993,0.35400732420589565,1.6230644288708627,-0.11243242914025242,0.3125714239500791,0.852123773869941,1.6488163671895157,0.5612244897959183,4.948979591836735,0.3779793597996073,17.485175397200116,-11.768861970887556,47.42682,0.048397416400000004,98,244,2,1.9795918367346939,0.21174959514627445,0.38359692919999944,-0.03075631688818925,1.123458713094986,-0.12777971031495505,0.6,0.5208333333333334,2,0,0.0
V1_allz,D01_h5_sl10_t1,D止损,1,5,,,,,0.1,,,,,,0.6153285060000007,0.6409263238183063,1.8434803225866014,-0.1071172895778656,0.5200979551503868,0.7702722037811451,1.8977669509698853,0.5510204081632653,4.959183673469388,0.2430619117545385,17.485175397200116,-8.279010066924942,48.0897,0.049051493999999994,49,244,2,0.9918367346938776,0.21723139697653426,0.4044961587999998,0.15011244130431467,0.4604179483952153,0.2121682054965257,0.52,0.5833333333333334,1,0,0.0
V1_allz,D02_h5_sl10_t2,D止损,2,5,,,,,0.1,,,,,,0.3233506672000004,0.33556270475615024,1.5033254119244155,-0.13661538950969476,0.3007868790216053,0.755822022573911,1.5177925196013884,0.5612244897959183,4.959183673469388,0.3779793597996073,17.485175397200116,-11.768861970887556,47.50814,0.0484693328,98,244,2,1.9836734693877551,0.20928994868329884,0.38359692919999944,-0.04354321748519274,1.123458713094986,-0.1731310753790154,0.6,0.5208333333333334,2,0,0.0
V1_allz,E01_h5_tp10_t1,E止盈,1,5,,,,,,0.1,,,,,0.6471896251999982,0.6743642618125101,1.8099096838132311,-0.19730569083668903,0.5456365537511163,0.8436085069883612,1.7762401573952333,0.52,4.84,0.5023511530787617,23.27290142658147,-9.369482141247332,48.93174,0.0499103748,50,244,3,0.9877551020408163,0.186401291515804,0.12280475519999956,0.46703121586494656,0.10316268336255985,0.6712027471495343,0.52,0.52,2,0,0.0
V1_allz,E02_h5_tp10_t2,E止盈,2,5,,,,,,0.1,,,,,0.5742049691999986,0.5977995868099224,2.3143814703812993,-0.08810543601413245,0.4757294257176159,1.9514094689951471,2.26974187020215,0.57,4.85,0.6590472210548204,23.272901426581495,-14.490061739008208,48.08354,0.049075030799999995,100,244,2,1.9795918367346939,0.22248260329951086,0.2865742367999995,0.2235632613904992,0.7170793285423933,0.71885446405121,0.56,0.58,2,0,0.0
V1_allz,E01_h5_tp20_t1,E止盈,1,5,,,,,,0.2,,,,,0.6153285060000007,0.6409263238183063,1.8434803225866014,-0.1071172895778656,0.5200979551503868,0.7702722037811451,1.8977669509698853,0.5510204081632653,4.959183673469388,0.2430619117545385,17.485175397200116,-8.279010066924942,48.0897,0.049051493999999994,49,244,2,0.9918367346938776,0.21723139697653426,0.4044961587999998,0.15011244130431467,0.4604179483952153,0.2121682054965257,0.52,0.5833333333333334,1,0,0.0
V1_allz,E02_h5_tp20_t2,E止盈,2,5,,,,,,0.2,,,,,0.33418455440000017,0.34685656723231273,1.5697591456704287,-0.12154205401201978,0.3081684405967823,0.8038380287318636,1.5391684737973435,0.5714285714285714,4.959183673469388,0.30714757363485834,17.485175397200116,-20.067485578749512,47.63178,0.0485954456,98,244,2,1.9836734693877551,0.20744505987649164,0.38359692919999944,-0.0357129838590855,1.123458713094986,-0.1505189069097882,0.6,0.5416666666666666,3,0,0.0
V1_allz,C01_nr_hold3_t1,C续持,1,3,,True,,,,,,,,,0.41221394839999803,0.4282862887522181,1.2284643313584722,-0.3050658253151298,0.398896003636383,0.47110676626452586,1.1404084837623647,0.5125,3.025,0.04218083830064279,25.487557654723613,-10.792093970024618,74.12358,0.0756060516,80,244,3,0.9877551020408163,0.08093304967475196,-0.06542714640000169,0.5110795728338513,-0.063459328757838,0.5707879128338893,0.43902439024390244,0.5897435897435898,2,0,0.0
V1_allz,C02_nr_hold3_t2,C续持,2,3,,True,,,,,,,,,0.23791169239999932,0.24660444291806338,0.970747917131328,-0.16067704189605703,0.2467621888010746,0.3280878758908079,0.7872298629160462,0.4967741935483871,3.1354838709677417,-0.10197348689339192,20.7746867902554,-12.871239147603564,73.79838,0.0753683076,155,244,2,1.9836734693877551,0.12405457821285266,0.0428407815999996,0.18705723274526065,-0.05707868131053473,0.4084821814578041,0.45454545454545453,0.5384615384615384,6,0,0.0
V1_allz,C01_nr_hold5_t1,C续持,1,5,,True,,,,,,,,,0.6153285060000007,0.6409263238183063,1.8434803225866014,-0.1071172895778656,0.5200979551503868,0.7702722037811451,1.8977669509698853,0.5510204081632653,4.959183673469388,0.2430619117545385,17.485175397200116,-8.279010066924942,48.0897,0.049051493999999994,49,244,2,0.9918367346938776,0.21723139697653426,0.4044961587999998,0.15011244130431467,0.4604179483952153,0.2121682054965257,0.52,0.5833333333333334,1,0,0.0
V1_allz,C02_nr_hold5_t2,C续持,2,5,,True,,,,,,,,,0.3726551055999998,0.3869846049550991,1.7335281391156632,-0.10312671497684989,0.3361695688784252,0.9472682863668067,1.692474636856254,0.5612244897959183,4.959183673469388,0.3779793597996073,17.485175397200116,-20.067485578749512,47.58222,0.048544894400000003,98,244,2,1.9836734693877551,0.20978055610158902,0.38359692919999944,-0.007908245074182974,1.123458713094986,-0.08297332349418629,0.6,0.5208333333333334,2,0,0.0
V1_allz,D01_h5_sl3_t1,D止损,1,5,,,,,0.03,,,,,,0.04794030599999877,0.04955044357575589,0.30898568739150306,-0.271407158009081,0.09737953545880618,0.04212110355688825,0.30008306031209986,0.48148148148148145,4.5,-0.6113566182135266,19.246617609803728,-14.972387700252154,51.9997,0.053039694,54,244,2,0.9918367346938776,0.06740550633349696,-0.03317879080000097,0.08390289334583478,-0.04041694675877339,0.08601449352077384,0.5185185185185185,0.4444444444444444,1,0,0.0
V1_allz,D02_h5_sl3_t2,D止损,2,5,,,,,0.03,,,,,,0.3223488527999989,0.33451850897165336,1.328113330042302,-0.09512022885329763,0.30677412284236716,0.7615009676769224,1.3159720859788095,0.49523809523809526,4.628571428571429,-0.31658673932614123,20.95465799954117,-14.972387700252154,51.03836,0.05207114720000001,105,244,2,1.9836734693877551,0.17656435789239952,0.2282856132000004,0.07658091781677667,0.48847947523650337,0.18342308173046007,0.5384615384615384,0.4528301886792453,2,0,0.0
V1_allz,D01_h5_sl5_t1,D止损,1,5,,,,,0.05,,,,,,0.31806522559999806,0.3300539573095229,1.0182070726010273,-0.22106551337652047,0.3292524263127331,0.26584915440396584,0.7952405131670874,0.47058823529411764,4.745098039215686,-0.31658673932614123,17.485175397200116,-10.498527578744099,49.60272,0.05059477440000001,51,244,3,0.9877551020408163,0.1672140905568111,0.30361244839999824,0.0110867130930965,0.2949644459031002,-0.02248346785986821,0.5,0.44,0,0,0.0
V1_allz,D02_h5_sl5_t2,D止损,2,5,,,,,0.05,,,,,,0.36630681959999967,0.3803602372361925,1.6728300210772347,-0.11377487513238216,0.3324943223077912,0.840598142030015,1.5656001938793527,0.55,4.85,0.2924635925903085,17.485175397200116,-10.498527578744099,48.26452,0.0493131804,100,244,2,1.9795918367346939,0.20869270519009647,0.36400843959999896,0.0016850188996428983,0.9301032181442219,-0.04637320702478531,0.5882352941176471,0.5102040816326531,2,0,0.0
V1_allz,E01_h5_tp30_t1,E止盈,1,5,,,,,,0.3,,,,,0.6153285060000007,0.6409263238183063,1.8434803225866014,-0.1071172895778656,0.5200979551503868,0.7702722037811451,1.8977669509698853,0.5510204081632653,4.959183673469388,0.2430619117545385,17.485175397200116,-8.279010066924942,48.0897,0.049051493999999994,49,244,2,0.9918367346938776,0.21723139697653426,0.4044961587999998,0.15011244130431467,0.4604179483952153,0.2121682054965257,0.52,0.5833333333333334,1,0,0.0
V1_allz,E02_h5_tp30_t2,E止盈,2,5,,,,,,0.3,,,,,0.33418455440000017,0.34685656723231273,1.5697591456704287,-0.12154205401201978,0.3081684405967823,0.8038380287318636,1.5391684737973435,0.5714285714285714,4.959183673469388,0.30714757363485834,17.485175397200116,-20.067485578749512,47.63178,0.0485954456,98,244,2,1.9836734693877551,0.20744505987649164,0.38359692919999944,-0.0357129838590855,1.123458713094986,-0.1505189069097882,0.6,0.5416666666666666,3,0,0.0
V1_allz,F01_h5_sl8_tp15_t1,F组合,1,5,,,,,0.08,0.15,,,,,0.6153285060000007,0.6409263238183063,1.8434803225866014,-0.1071172895778656,0.5200979551503868,0.7702722037811451,1.8977669509698853,0.5510204081632653,4.959183673469388,0.2430619117545385,17.485175397200116,-8.279010066924942,48.0897,0.049051493999999994,49,244,2,0.9918367346938776,0.21723139697653426,0.4044961587999998,0.15011244130431467,0.4604179483952153,0.2121682054965257,0.52,0.5833333333333334,1,0,0.0
V1_allz,F02_h5_sl8_tp15_t2,F组合,2,5,,,,,0.08,0.15,,,,,0.3410425835999993,0.35400732420589565,1.6230644288708627,-0.11243242914025242,0.3125714239500791,0.852123773869941,1.6488163671895157,0.5612244897959183,4.948979591836735,0.3779793597996073,17.485175397200116,-11.768861970887556,47.42682,0.048397416400000004,98,244,2,1.9795918367346939,0.21174959514627445,0.38359692919999944,-0.03075631688818925,1.123458713094986,-0.12777971031495505,0.6,0.5208333333333334,2,0,0.0
V1_allz,F01_h5_sl8_tp25_t1,F组合,1,5,,,,,0.08,0.25,,,,,0.6153285060000007,0.6409263238183063,1.8434803225866014,-0.1071172895778656,0.5200979551503868,0.7702722037811451,1.8977669509698853,0.5510204081632653,4.959183673469388,0.2430619117545385,17.485175397200116,-8.279010066924942,48.0897,0.049051493999999994,49,244,2,0.9918367346938776,0.21723139697653426,0.4044961587999998,0.15011244130431467,0.4604179483952153,0.2121682054965257,0.52,0.5833333333333334,1,0,0.0
V1_allz,F02_h5_sl8_tp25_t2,F组合,2,5,,,,,0.08,0.25,,,,,0.3410425835999993,0.35400732420589565,1.6230644288708627,-0.11243242914025242,0.3125714239500791,0.852123773869941,1.6488163671895157,0.5612244897959183,4.948979591836735,0.3779793597996073,17.485175397200116,-11.768861970887556,47.42682,0.048397416400000004,98,244,2,1.9795918367346939,0.21174959514627445,0.38359692919999944,-0.03075631688818925,1.123458713094986,-0.12777971031495505,0.6,0.5208333333333334,2,0,0.0
V1_allz,F01_h5_sl8_tp40_t1,F组合,1,5,,,,,0.08,0.4,,,,,0.6153285060000007,0.6409263238183063,1.8434803225866014,-0.1071172895778656,0.5200979551503868,0.7702722037811451,1.8977669509698853,0.5510204081632653,4.959183673469388,0.2430619117545385,17.485175397200116,-8.279010066924942,48.0897,0.049051493999999994,49,244,2,0.9918367346938776,0.21723139697653426,0.4044961587999998,0.15011244130431467,0.4604179483952153,0.2121682054965257,0.52,0.5833333333333334,1,0,0.0
V1_allz,F02_h5_sl8_tp40_t2,F组合,2,5,,,,,0.08,0.4,,,,,0.3410425835999993,0.35400732420589565,1.6230644288708627,-0.11243242914025242,0.3125714239500791,0.852123773869941,1.6488163671895157,0.5612244897959183,4.948979591836735,0.3779793597996073,17.485175397200116,-11.768861970887556,47.42682,0.048397416400000004,98,244,2,1.9795918367346939,0.21174959514627445,0.38359692919999944,-0.03075631688818925,1.123458713094986,-0.12777971031495505,0.6,0.5208333333333334,2,0,0.0
V1_allz,G01_h10_tr5_t1,G移动止损,1,10,,,,,,,0.05,,,,0.14233965559999984,0.14733483490274724,0.602278711623033,-0.14499665925364968,0.17657178486609448,0.12170596128228772,0.5386351189585578,0.5357142857142857,8.678571428571429,0.7028776313443008,17.21113748450458,-6.664555080779855,26.70622,0.027240344400000005,28,244,2,0.9918367346938776,0.070811496145009,0.12538200519999942,0.01506835041047827,0.1376299357019859,-0.013997499467937602,0.6428571428571429,0.42857142857142855,1,0,0.0
V1_allz,G02_h10_tr5_t2,G移动止损,2,10,,,,,,,0.05,,,,0.21496179039999896,0.22274294257955307,0.983323863514222,-0.07861624672372014,0.22050937498306966,0.35824381391199944,0.9293484307462014,0.4915254237288136,8.23728813559322,-0.10197348689341412,17.21113748450458,-8.782609882704751,28.31948,0.0289582096,59,244,2,1.9836734693877551,0.11355979761128406,0.1239020691999988,0.08102104595715875,0.20733447065090305,0.1249938164854496,0.5161290322580645,0.4642857142857143,3,0,0.0
V1_allz,G01_h10_tr8_t1,G移动止损,1,10,,,,,,,0.08,,,,0.05074584839999874,0.052452550214196814,0.31974171514551863,-0.21863410983665232,0.1114947498409643,0.0020872972848955396,0.18775598630586932,0.48148148148148145,8.962962962962964,-0.10197348689341412,21.820191416685542,-10.721177087408652,25.77858,0.026294151600000006,27,244,3,0.9877551020408163,0.09871230661403499,0.16411191879999953,-0.09738416776701497,0.13153154450825055,-0.11439738277876266,0.5714285714285714,0.38461538461538464,1,0,0.0
V1_allz,G02_h10_tr8_t2,G移动止损,2,10,,,,,,,0.08,,,,0.1532766407999988,0.15868157780870118,0.7789411232112793,-0.1529463877185221,0.16592847082137685,0.25573138062212397,0.7246242377997364,0.49056603773584906,9.150943396226415,-0.10197348689339192,21.816646434441502,-10.747980574175864,25.12546,0.0257233592,53,244,2,1.9795918367346939,0.15773842599671833,0.2723920451999997,-0.09361533251434129,0.5186457180965318,-0.17312420819514385,0.5555555555555556,0.4230769230769231,1,0,0.0
V1_allz,G01_h10_tr12_t1,G移动止损,1,10,,,,,,,0.12,,,,0.5244252192000025,0.5456444698794973,1.5704175240214393,-0.14803058034860417,0.46697609592292455,0.6569110325658212,1.9302218835232272,0.64,9.72,2.5759016941309554,16.452792641892433,-6.695477642424674,24.38704,0.0248747808,25,244,2,0.9918367346938776,0.18884329260551413,0.3360168355999995,0.14102246212742475,0.4012017401904622,0.18249284527765508,0.6153846153846154,0.6666666666666666,0,0,0.0
V1_allz,G02_h10_tr12_t2,G移动止损,2,10,,,,,,,0.12,,,,0.46027984240000097,0.47852079623182875,1.732468447462381,-0.1573845230108537,0.4070834254951864,1.2152235827267397,1.6853754474481313,0.54,9.72,1.1691987671650694,40.69938397213306,-14.295813952569858,24.08738,0.0245801576,50,244,2,1.9836734693877551,0.16595823152149308,0.19636315240000024,0.22059914622960575,0.2578664258281864,0.7610960410746503,0.5384615384615384,0.5416666666666666,1,0,0.0
V1_allz,G03_h20_tr8_t1,G移动止损,1,20,,,,,,,0.08,,,,0.251238754399999,0.2604675479734597,0.9398369264913331,-0.20601267051372485,0.2649511678368909,0.18301197435913386,0.6818761138921065,0.6428571428571429,17.357142857142858,2.64718980989197,15.853977716417166,-16.055272437676837,13.64828,0.013921245599999998,14,244,2,0.9918367346938776,0.1401552159820181,0.2543064971999984,-0.002445768085271305,0.16334919003211712,0.016901876492021906,0.625,0.6666666666666666,1,0,0.0
V1_allz,G03_h20_tr12_t1,G移动止损,1,20,,,,,,,0.12,,,,0.4433073783999999,0.4607762912261846,1.2948247137520823,-0.1880206358902441,0.42076014687382823,0.4302012243225122,1.0902990576148512,0.5,17.357142857142858,-0.5642257502845083,29.344052256627062,-9.008423462851367,13.77708,0.014052621600000002,14,244,2,0.9918367346938776,0.23726520904921328,0.42264969759999915,0.014520567385526872,0.41903162887013035,0.007871280121695134,0.625,0.3333333333333333,0,0,0.0
V1_allz,G03_h20_tr20_t1,G移动止损,1,20,,,,,,,0.2,,,,0.5264038288000019,0.5477164402596264,1.5433979196456618,-0.20606278848718929,0.47051429630318686,0.5544776285987305,1.3277787701389767,0.5384615384615384,18.692307692307693,3.2242175728598,27.525503790560137,-17.79284711078001,12.78056,0.013036171200000004,13,244,2,0.9918367346938776,0.22907048415680722,0.4668199856000008,0.04062110128369234,0.23961863198276623,0.25399666356446127,0.42857142857142855,0.6666666666666666,0,0,0.0
V1_allz,H01_re3_t1,H排名退出,1,,,,3,2,,,,,,,0.6587545143999993,0.6865067701131684,1.864684955338091,-0.13795481246200936,0.5506844051450225,0.848524691732875,1.8332369606902863,0.5064935064935064,3.155844155844156,0.09443910005793033,16.512754302928844,-7.282427010966108,75.26028,0.07676548560000002,77,244,2,0.9918367346938776,0.1883851801292627,0.1401756359999995,0.45482367981418625,0.0860833670510559,0.7020099449197965,0.425,0.5945945945945946,2,0,0.0
V1_allz,H01_re5_t1,H排名退出,1,,,,5,2,,,,,,,0.13034282119999774,0.13489263215029013,0.51489963075467,-0.3628813118729567,0.20005487388466547,0.09211454504323524,0.42388517934776865,0.49295774647887325,3.4225352112676055,-0.10197348689339192,16.512754302928844,-12.757307571283228,62.76194,0.0640171788,71,244,2,0.9918367346938776,0.04410348349664729,-0.16472850000000028,0.3532639641122661,-0.19487919503854512,0.3564604694267206,0.4411764705882353,0.5405405405405406,3,0,0.0
V1_allz,H01_re10_t1,H排名退出,1,,,,10,2,,,,,,,-0.1764903016000009,-0.18171656774919365,-0.31761087406782873,-0.3628813118729567,-0.12006797768798105,-0.19815310798350683,-0.43222965727252644,0.463768115942029,3.5217391304347827,-0.4335622323602184,10.50886636804449,-12.757307571283228,59.46108,0.060650301600000005,69,244,2,0.9918367346938776,0.03785659998433757,-0.18701726920000028,0.012948574675922364,-0.2427097738304682,0.05883697465941817,0.42424242424242425,0.5,3,0,0.0
V1_allz,H01_re20_t1,H排名退出,1,,,,20,2,,,,,,,0.28593960039999966,0.29658673127434043,0.9018684604099194,-0.30732262258280774,0.3134357944238919,0.27299142474176286,0.7994968297899626,0.5409836065573771,3.9836065573770494,0.06382088583998247,25.487557654723613,-13.894700913416958,55.47098,0.0565803996,61,244,2,0.9918367346938776,0.07032115943727404,-0.25038877999999976,0.7154753905631248,-0.2409219142119584,0.6770230211825952,0.4642857142857143,0.6060606060606061,2,0,0.0
V1_allz,H01_re50_t1,H排名退出,1,,,,50,2,,,,,,,0.2282716868000001,0.23657974209658827,0.815892800752564,-0.1754036713275139,0.25644260429987986,0.22070362981039615,0.8134856698535711,0.5535714285714286,4.339285714285714,0.528637560009404,9.392184913085021,-12.291117538171893,54.28266,0.05536831320000001,56,244,2,0.9918367346938776,0.09826134641295133,0.1309439460000006,0.08605885476838782,0.1311357543572813,0.0791840193434672,0.5714285714285714,0.5357142857142857,3,0,0.0
V1_allz,H02_re10_t2,H排名退出,2,,,,10,2,,,,,,,0.22648305199999808,0.23472001292018607,0.9589468893757085,-0.15634529606264003,0.23511848519845902,0.3314261037894508,0.8421655563806065,0.5,3.4714285714285715,-0.03558968426508602,16.512754302928844,-12.783822724703697,66.6779,0.068116948,140,244,2,1.9836734693877551,0.12124384058679372,0.0506502291999984,0.1673561932536638,-0.05371149329713032,0.40699807126318,0.47761194029850745,0.5205479452054794,4,0,0.0
V1_allz,H02_re20_t2,H排名退出,2,,,,20,2,,,,,,,0.28675511079999816,0.2974359620702489,1.093113692022118,-0.19406042932227718,0.28773438978159294,0.6450136720990549,1.201908072458628,0.5075757575757576,3.6818181818181817,0.042180838300631684,25.48755765472359,-13.894700913416958,61.83846,0.06312488919999999,132,244,2,1.9836734693877551,0.08910112643787031,-0.11619716360000043,0.45593005340574133,-0.22384172290001614,1.1194306891185106,0.46774193548387094,0.5428571428571428,5,0,0.0
V1_allz,H02_re50_t2,H排名退出,2,,,,50,2,,,,,,,0.27034025520000116,0.2803457834351062,1.2334991587709965,-0.10965432040715983,0.2625872942000832,0.6031097020634972,1.2557917145048099,0.5391304347826087,4.226086956521739,0.2531739616261186,16.512754302928844,-16.903547510330696,55.44774,0.0565797448,115,244,2,1.9836734693877551,0.1760410875341922,0.2512595168000009,0.015249225395540522,0.6695160405536822,-0.03977580141617698,0.5517241379310345,0.5263157894736842,3,0,0.0
V1_allz,H02_re100_t2,H排名退出,2,,,,100,2,,,,,,,0.3436909955999976,0.35676910215372937,1.399771150606077,-0.17450487276374005,0.3227807405090385,0.771152611888825,1.3721371964887386,0.5172413793103449,5.586206896551724,0.09443910005793033,19.25974708317262,-17.24587830670773,41.98422,0.0428690044,87,244,2,1.9836734693877551,0.2040286905353934,0.2978985743999998,0.03528197203018402,0.7465747180984925,0.014072054024170333,0.5555555555555556,0.47619047619047616,1,0,0.0
V1_allz,H03_re20_sl8_t1,H排名退出,1,,,,20,2,0.08,,,,,,0.3087938632000027,0.3203926380747397,0.9597279454395382,-0.2908204202063214,0.3296801374018812,0.304274364982857,0.8617163938863166,0.55,4.05,0.10254657874122497,25.487557654723613,-13.280449894421986,55.06484,0.0561661368,60,244,2,0.9918367346938776,0.07637627557101039,-0.23233745679999973,0.7049078072043171,-0.22226806161365864,0.6770230211825947,0.48148148148148145,0.6060606060606061,2,0,0.0
V1_allz,H04_re20_sl8_t2,H排名退出,2,,,,20,2,0.08,,,,,,0.14660849039999935,0.15176318105937558,0.6404493859717231,-0.20109612972621405,0.17511320930511476,0.15505189956047793,0.5385958876591744,0.47368421052631576,3.654135338345865,-0.41768087665626785,25.48755765472359,-14.972387700252154,61.01848,0.0626315096,133,244,2,1.9836734693877551,0.0541756437290043,-0.149798198600001,0.34863098209380117,-0.2690364054288916,0.5801770541502864,0.4375,0.5072463768115942,5,0,0.0
V1_allz,H03_re50_sl8_t1,H排名退出,1,,,,50,2,0.08,,,,,,-0.44385356999999936,-0.4544498245503734,-1.5779960748678243,-0.4833205892277448,-0.5280828324255517,-0.46119543587271117,-1.6665345002725105,0.45161290322580644,3.9193548387096775,-0.8414167084880297,8.475341865660369,-10.498527578744088,51.5035,0.05253357000000001,62,244,2,0.9918367346938776,0.027259847878638947,0.04477265240000006,-0.46768665056225533,0.0471339243999056,-0.4854482778446243,0.5333333333333333,0.375,2,0,0.0
V1_allz,H04_re50_sl8_t2,H排名退出,2,,,,50,2,0.08,,,,,,0.26346611079999915,0.2731909754122315,1.201732579493634,-0.11182101274947986,0.2574209766191172,0.5312865876025676,1.1340930552504251,0.5378151260504201,4.084033613445378,0.1967536249340318,16.512754302928844,-10.498527578744099,57.39496,0.058553889199999994,119,244,2,1.9836734693877551,0.17123766070893756,0.2512595168000009,0.009755445482018565,0.6695160405536822,-0.08279612150672777,0.5517241379310345,0.5245901639344263,3,0,0.0
V1_allz,I01_daily_t1_q0.3,I择时,1,1,,,,,,,,,,0.3,0.5561865595999995,0.5789150475250955,1.9452668314509496,-0.11704981841944473,0.47268852039135956,0.6388025091355867,1.6665859986116376,0.5085714285714286,1.0,0.0571363381860035,11.211482243254189,-8.60673389261577,171.62102,0.1750534404,175,244,70,0.7142857142857143,0.47097733971596756,0.45296859879999807,0.0710393609918678,0.5160852213411153,0.08094352881160383,0.5274725274725275,0.4880952380952381,7,0,0.0
V1_allz,I02_daily_t1_q0.5,I择时,1,1,,,,,,,,,,0.5,0.31812945800000003,0.33012089913763076,1.377805855763979,-0.18380888719940192,0.300668166616888,0.3348216213308983,1.1905662858175126,0.5068493150684932,1.0,0.05413120111202874,7.408134532850541,-8.127757125467882,143.4221,0.146290542,146,244,99,0.5959183673469388,0.5339275783188683,0.37697228039999997,-0.04273348362750273,0.4485761817674201,-0.07852853158038808,0.5316455696202531,0.47761194029850745,6,0,0.0
V2_allz,B01_hold2_t1,B持有期,1,2,,,,,,,,,,,-0.40933161168261656,-0.4194404121432074,-1.442333369296538,-0.49620457175437316,-0.47078148524420016,-0.42510998926182186,-1.5938875048155643,0.39344262295081966,2.0,-0.4119038669949837,6.966895677830842,-10.711459918380417,99.29736,0.1012833072,122,244,1,0.9959183673469387,0.01848989967321063,-0.11183826499196847,-0.3349540235348667,-0.11220631482090715,-0.3524508899585076,0.3870967741935484,0.4,0,0,0.0
V2_allz,B01_hold3_t1,B持有期,1,3,,,,,,,,,,,-0.33712968198841164,-0.3460059882896699,-1.112607774722012,-0.3518297231789753,-0.35758911767723367,-0.3504377739508626,-1.3179814189524242,0.3950617283950617,3.0,-0.5026709087701531,9.996411034141218,-8.131560002544113,70.4403,0.071849106,81,244,2,0.9918367346938776,0.018953654574717076,-0.02054902855423546,-0.32322256311295794,-0.02990042632917078,-0.3304169554562194,0.4146341463414634,0.375,0,0,0.0
V2_allz,B01_hold5_t1,B持有期,1,5,,,,,,,,,,,-0.5587289426569295,-0.5704077465158917,-2.4821408842581842,-0.5630963465893171,-0.766929888260505,-0.5743276491024629,-2.8289109647630064,0.3469387755102041,4.979591836734694,-1.7635913277506354,8.171737417237047,-8.852433597024078,34.63054,0.0353231508,49,244,1,0.9959183673469387,0.021416488642858333,-0.22042090678469306,-0.4339624276953272,-0.23737573133082812,-0.4418321467262476,0.36,0.3333333333333333,0,0,0.0
V2_allz,B01_hold7_t1,B持有期,1,7,,,,,,,,,,,-0.1518624585185081,-0.1564304022778198,-0.31672698392111315,-0.2434444623496067,-0.10657192083168332,-0.16678014463174506,-0.44824448241634607,0.37142857142857144,6.9714285714285715,-0.6667983838326341,15.835911648478639,-10.678066018204524,31.49146,0.0321212892,35,244,1,0.9959183673469387,0.014202004480333165,-0.04945563096928762,-0.1077349263071713,-0.052717336605905274,-0.1204105304927201,0.3888888888888889,0.35294117647058826,0,0,0.0
V2_allz,B01_hold10_t1,B持有期,1,10,,,,,,,,,,,-0.5689316676790628,-0.580662187930205,-2.447993324647648,-0.5732990716114509,-0.7860263634797874,-0.5893599357289601,-3.273440685903005,0.32,9.76,-2.8223546231721297,2.1701630303393893,-22.391022197699904,19.35294,0.019739998800000002,25,244,1,0.9959183673469387,0.020367146978982446,-0.14447826042695255,-0.49613398189499625,-0.2260370594125798,-0.46943187750130044,0.38461538461538464,0.25,0,0,0.0
V2_allz,B01_hold20_t1,B持有期,1,20,,,,,,,,,,,0.025371696474201455,0.02621436614949091,0.23567741413632176,-0.2903318881359713,0.06937790548507605,-0.02303635898552292,0.05238996640991022,0.46153846153846156,18.76923076923077,-1.853982367651219,15.397872522136492,-12.51173998704651,12.8813,0.013138926000000002,13,244,1,0.9959183673469387,0.15315953316098468,0.39167706457321105,-0.2632114715574084,0.2906345401557686,-0.24303618831046792,0.7142857142857143,0.16666666666666666,0,0,0.0
V2_allz,B02_hold2_t2,B持有期,2,2,,,,,,,,,,,-0.23134949986412356,-0.23795201139148425,-0.9512876813263232,-0.31024596139984806,-0.2322154728593937,-0.425214574685412,-0.9993054560805028,0.4344262295081967,2.0,-0.25379649031188056,18.70813258441455,-10.711459918380406,108.17266,0.11258344320000002,244,244,1,1.9918367346938775,0.02010165387103248,-0.03076104746131214,-0.20695459244329517,-0.04542916986177836,-0.39785984741293723,0.4596774193548387,0.4083333333333333,0,0,0.0
V2_allz,B02_hold3_t2,B持有期,2,3,,,,,,,,,,,-0.26368759990068247,-0.27104034048592784,-1.1430298516991537,-0.2747962130784227,-0.2759977655343493,-0.46443896544139385,-1.2187104138732414,0.42592592592592593,3.0,-0.510024427938921,15.381172817952038,-10.635462292002495,71.49382,0.0741279464,162,244,2,1.9836734693877551,0.021888032567056976,-0.0027076331139979093,-0.2616885232979196,-0.013143649267949531,-0.4573059856570545,0.4146341463414634,0.4375,0,0,0.0
V2_allz,D01_h5_sl10_t1,D止损,1,5,,,,,0.1,,,,,,-0.4213296951574975,-0.4316157232574531,-1.7913244095273486,-0.4988735538268637,-0.5050282009528688,-0.43017656113014235,-1.8704462018164312,0.44,4.88,-1.5166363110478143,8.171737417237047,-10.711459918380417,35.7651,0.036480402,50,244,1,0.9959183673469387,0.01530393246383286,-0.22042090678469306,-0.2577144386263276,-0.23737573133082812,-0.2528123451090324,0.36,0.52,0,0,0.0
V2_allz,D02_h5_sl10_t2,D止损,2,5,,,,,0.1,,,,,,-0.236324808024448,-0.24304576488849072,-1.0252323641834422,-0.2922318670624664,-0.24088928936209109,-0.4360429743329455,-1.160294308202866,0.4444444444444444,4.929292929292929,-0.2797623840290031,10.66353671668805,-10.711459918380406,42.98868,0.0448705036,99,244,1,1.9918367346938775,0.01708822506067223,-0.01850140994243521,-0.22192940498186353,-0.015154098358532875,-0.42736521040794984,0.46,0.42857142857142855,0,0,0.0
V2_allz,E01_h5_tp10_t1,E止盈,1,5,,,,,,0.1,,,,,-0.5587289426569295,-0.5704077465158917,-2.4821408842581842,-0.5630963465893171,-0.766929888260505,-0.5743276491024629,-2.8289109647630064,0.3469387755102041,4.979591836734694,-1.7635913277506354,8.171737417237047,-8.852433597024078,34.63054,0.0353231508,49,244,1,0.9959183673469387,0.021416488642858333,-0.22042090678469306,-0.4339624276953272,-0.23737573133082812,-0.4418321467262476,0.36,0.3333333333333333,0,0,0.0
V2_allz,E02_h5_tp10_t2,E止盈,2,5,,,,,,0.1,,,,,-0.36702394083202117,-0.3764441014052955,-2.0007961883938665,-0.37437330238630906,-0.43275909248984157,-0.6047686553228129,-2.177545961401988,0.37755102040816324,4.969387755102041,-1.4384211042401618,15.389849458935934,-8.852433597024078,40.94296,0.042862189200000005,98,244,1,1.9877551020408164,0.01940347388594284,-0.07507942594849781,-0.3156427947155459,-0.149519320780661,-0.5352847462214287,0.42,0.3333333333333333,0,0,0.0
V2_allz,E01_h5_tp20_t1,E止盈,1,5,,,,,,0.2,,,,,-0.5587289426569295,-0.5704077465158917,-2.4821408842581842,-0.5630963465893171,-0.766929888260505,-0.5743276491024629,-2.8289109647630064,0.3469387755102041,4.979591836734694,-1.7635913277506354,8.171737417237047,-8.852433597024078,34.63054,0.0353231508,49,244,1,0.9959183673469387,0.021416488642858333,-0.22042090678469306,-0.4339624276953272,-0.23737573133082812,-0.4418321467262476,0.36,0.3333333333333333,0,0,0.0
V2_allz,E02_h5_tp20_t2,E止盈,2,5,,,,,,0.2,,,,,-0.32627154606369446,-0.33493905777408184,-1.4339100220059409,-0.33795551020512526,-0.3617160195512511,-0.46923293048138437,-1.3674900759872257,0.41836734693877553,4.979591836734694,-0.46169572635778033,10.66353671668805,-8.852433597024078,42.26642,0.044224988400000005,98,244,1,1.9918367346938775,0.012652467703428653,-0.01850140994243521,-0.3135716538351918,-0.015154098358532875,-0.4610658696614641,0.46,0.375,0,0,0.0
V2_allz,E01_h5_tp30_t1,E止盈,1,5,,,,,,0.3,,,,,-0.5587289426569295,-0.5704077465158917,-2.4821408842581842,-0.5630963465893171,-0.766929888260505,-0.5743276491024629,-2.8289109647630064,0.3469387755102041,4.979591836734694,-1.7635913277506354,8.171737417237047,-8.852433597024078,34.63054,0.0353231508,49,244,1,0.9959183673469387,0.021416488642858333,-0.22042090678469306,-0.4339624276953272,-0.23737573133082812,-0.4418321467262476,0.36,0.3333333333333333,0,0,0.0
V2_allz,E02_h5_tp30_t2,E止盈,2,5,,,,,,0.3,,,,,-0.32627154606369446,-0.33493905777408184,-1.4339100220059409,-0.33795551020512526,-0.3617160195512511,-0.46923293048138437,-1.3674900759872257,0.41836734693877553,4.979591836734694,-0.46169572635778033,10.66353671668805,-8.852433597024078,42.26642,0.044224988400000005,98,244,1,1.9918367346938775,0.012652467703428653,-0.01850140994243521,-0.3135716538351918,-0.015154098358532875,-0.4610658696614641,0.46,0.375,0,0,0.0
V1_allz,I03_h5_sl8_t1_q0.3,I择时,1,5,,,,,0.08,,,,,0.3,0.25274279799999944,0.26203239243324594,0.8689640547638012,-0.21131695616985957,0.27681565156098087,0.19352917029638306,0.6772420734242508,0.5319148936170213,4.829787234042553,0.3853997960530098,17.485175397200116,-10.721177087408652,45.6051,0.04651720200000001,47,244,18,0.926530612244898,0.21152075270940346,0.28206374199999806,-0.022870114050848933,0.26524113397399796,-0.05667849530972413,0.4782608695652174,0.5833333333333334,0,0,0.0
V1_allz,I04_h5_sl8_t2_q0.3,I择时,2,5,,,,,0.08,,,,,0.3,0.06810911239999862,0.07041906902727502,0.4004508208587569,-0.23920862414988397,0.09450397418717682,-0.036689304877550954,0.1681440199931434,0.5494505494505495,4.8791208791208796,0.42420549604471613,17.485175397200116,-12.871239147603564,43.39788,0.0443708876,91,244,16,1.8122448979591836,0.2225290225883586,0.2823666619999985,-0.16707978766840303,0.6101536602125595,-0.4017274755036233,0.5555555555555556,0.5434782608695652,2,0,0.0
V1_allz,J01_h10_rat20_10_t1,J利润锁定,1,10,,,,,,,,0.2,0.1,,0.6239962023999999,0.6500208644106922,1.7416721703958147,-0.1476570789570648,0.5329839793592407,0.829262089266595,2.166003689462732,0.56,9.72,3.052922742932185,16.452792641892433,-6.647677686091424,24.39588,0.024883797600000004,25,244,2,0.9918367346938776,0.2127885780189319,0.3967741827999993,0.16267627394465878,0.48489181940222204,0.2319160664532498,0.6153846153846154,0.5,0,0,0.0
V1_allz,J02_h10_rat20_10_t2,J利润锁定,2,10,,,,,,,,0.2,0.1,,0.5029097160000002,0.5231194727236816,1.8541493011840209,-0.1298594932225735,0.43595745061788715,1.4456500315869385,1.8414138696418418,0.5,9.72,0.24421774397674345,40.69938397213306,-14.295813952569858,24.0777,0.024570284,50,244,2,1.9836734693877551,0.17927290800118542,0.2255906612000005,0.22627379889503452,0.33299546527761303,0.8347024391996722,0.5384615384615384,0.4583333333333333,1,0,0.0
V1_allz,J03_h10_rat30_15_sl8_t1,J利润锁定,1,10,,,,,0.08,,,0.3,0.15,,0.16984290239999988,0.17587520964509462,0.6527624638763745,-0.2612659368971848,0.2095894040009626,0.14914553656370777,0.5856232342935487,0.52,9.68,0.2963293288764879,16.452792641892433,-12.65015128988274,24.31088,0.0247970976,25,244,3,0.9877551020408163,0.15712329787296714,0.3358627011999993,-0.12427908845038105,0.20554383420863198,-0.04678245290180316,0.5384615384615384,0.5,0,0,0.0
V1_allz,J04_h10_rat30_15_sl8_t2,J利润锁定,2,10,,,,,0.08,,,0.3,0.15,,0.33616106920000255,0.3489173241519592,1.3304612821645763,-0.14427488827999668,0.31938211403413264,0.7394382738599374,1.2379325585076915,0.48,9.7,-0.3607500358793758,40.69938397213306,-12.65015128988274,24.01654,0.024518930799999998,50,244,2,1.9795918367346939,0.16461193136012686,0.20992379719999987,0.10433489471993074,0.22530649899462607,0.4195944241601277,0.5,0.4583333333333333,1,0,0.0
V2_allz,A01_daily_top1,A基线,1,1,,,,,,,,,,,-0.4968568527181101,-0.5080613357907975,-2.0322139093062854,-0.545307306371524,-0.6350355424840747,-0.5133237020743112,-2.1817849583287,0.42386831275720166,1.0,-0.32867191491663394,7.739125082380527,-11.50060751815275,190.28612,0.19409184240000002,243,244,2,0.9918367346938776,0.020310941269725987,-0.1055506073551099,-0.43748282304257147,-0.11943179723546982,-0.4473156123537321,0.4146341463414634,0.43333333333333335,0,0,0.0
V2_allz,A02_daily_top2,A基线,2,1,,,,,,,,,,,-0.3075782957605674,-0.3158726954561909,-1.38311385652925,-0.38121700441907547,-0.3366892757990312,-0.5283716138164469,-1.453596241992373,0.4670781893004115,1.0,-0.11551926513482247,14.697425677888765,-11.500607518152762,217.28324,0.22667301480000002,486,244,2,1.9836734693877551,0.029848979539830445,0.09480311042686251,-0.36753768997837655,0.2000145663809061,-0.6069811155660172,0.483739837398374,0.45,0,0,0.0
V2_allz,G01_h10_tr8_t1,G移动止损,1,10,,,,,,,0.08,,,,-0.256698416622848,-0.2638929766001894,-1.054421426724969,-0.3572269270506344,-0.26419639381669335,-0.26322959853759886,-1.2899190403057,0.44,9.72,-1.3346986010517758,12.931203864737606,-8.666180359540077,20.1518,0.020554836,25,244,2,0.9918367346938776,0.018345081851832187,-0.14447826042695255,-0.1311716009132614,-0.2260370594125798,-0.0480546770066157,0.38461538461538464,0.5,0,0,0.0
V2_allz,G02_h10_tr8_t2,G移动止损,2,10,,,,,,,0.08,,,,0.04147376461024166,0.04286230096053867,0.3080157139296917,-0.1877569567549311,0.06068169798139367,0.06469720013634439,0.3553097614461907,0.48,9.74,-0.5523236855613844,12.931203864737629,-8.666180359540087,23.64532,0.0241258664,50,244,1,1.9877551020408164,0.01800054174245006,0.017761804057560004,0.023298143493053924,-0.0018447834383800155,0.06666496599992122,0.46153846153846156,0.5,0,0,0.0
V2_allz,G01_h10_tr12_t1,G移动止损,1,10,,,,,,,0.12,,,,-0.48483173368310295,-0.4959137961989728,-2.0247445530564523,-0.48680360384678,-0.6143173266690211,-0.5022298235364936,-3.251197957709721,0.32,9.76,-2.279625119251183,2.1701630303393893,-16.0600611306565,19.49798,0.0198879396,25,244,1,0.9959183673469387,0.01632404601206362,-0.14447826042695255,-0.39783147232004346,-0.2260370594125798,-0.3568552829083649,0.38461538461538464,0.25,0,0,0.0
V2_allz,G02_h10_tr12_t2,G移动止损,2,10,,,,,,,0.12,,,,-0.2689511670355784,-0.2764215666661307,-1.1894262286157564,-0.3106808058056568,-0.283638181578982,-0.4796997174406744,-1.5804578447576458,0.36,9.76,-1.6438132366314917,11.767086676185667,-16.0600611306565,23.04652,0.0236004704,50,244,1,1.9918367346938775,0.01624492838122347,0.017761804057560004,-0.28170930560577645,-0.0018447834383800155,-0.47873810212441514,0.46153846153846156,0.25,0,0,0.0
V2_allz,G03_h20_tr8_t1,G移动止损,1,20,,,,,,,0.08,,,,0.04430879046691105,0.04579431290736391,0.2980219254065938,-0.31137672321861376,0.08035105239752516,0.003863055064234233,0.14132634544116907,0.6,16.266666666666666,1.0864248103813923,8.73107128692725,-11.67581059663011,14.84434,0.015141226800000001,15,244,1,0.9959183673469387,0.11979182163879007,0.3025873411846205,-0.1982811766639938,0.28681252966056725,-0.21988399092676592,0.7142857142857143,0.5,0,0,0.0
V2_allz,G03_h20_tr12_t1,G移动止损,1,20,,,,,,,0.12,,,,0.4996929519559785,0.5197526848883389,1.7511540794030702,-0.1121425716519554,0.4372042908667535,0.5743656985757097,2.036438515188918,0.7692307692307693,18.76923076923077,1.52173427948179,15.397872522136492,-9.148345328126496,12.89222,0.013150064400000001,13,244,1,0.9959183673469387,0.19112980416394434,0.39167706457321105,0.07761562659358279,0.2808241170604362,0.22918180381313258,0.7142857142857143,0.8333333333333334,0,0,0.0
V2_allz,G03_h20_tr20_t1,G移动止损,1,20,,,,,,,0.2,,,,0.025371696474201455,0.02621436614949091,0.23567741413632176,-0.2903318881359713,0.06937790548507605,-0.02303635898552292,0.05238996640991022,0.46153846153846156,18.76923076923077,-1.853982367651219,15.397872522136492,-12.51173998704651,12.8813,0.013138926000000002,13,244,1,0.9959183673469387,0.15315953316098468,0.39167706457321105,-0.2632114715574084,0.2906345401557686,-0.24303618831046792,0.7142857142857143,0.16666666666666666,0,0,0.0
V2_allz,H01_re3_t1,H排名退出,1,,,,3,2,,,,,,,-0.2845104802312093,-0.2923212236695141,-0.9769955693345296,-0.3650281132544453,-0.2893811373911508,-0.2955720242049338,-1.1807048364224657,0.375,3.05,-0.5333869283978332,9.996411034141218,-7.685715999554398,65.58118,0.06689280360000001,80,244,1,0.9959183673469387,0.015749483215213248,-0.08559897673946626,-0.21753202198141963,-0.09815309925764659,-0.21890514319535015,0.3902439024390244,0.358974358974359,0,0,0.0
V2_allz,B02_hold5_t2,B持有期,2,5,,,,,,,,,,,-0.32627154606369446,-0.33493905777408184,-1.4339100220059409,-0.33795551020512526,-0.3617160195512511,-0.46923293048138437,-1.3674900759872257,0.41836734693877553,4.979591836734694,-0.46169572635778033,10.66353671668805,-8.852433597024078,42.26642,0.044224988400000005,98,244,1,1.9918367346938775,0.012652467703428653,-0.01850140994243521,-0.3135716538351918,-0.015154098358532875,-0.4610658696614641,0.46,0.375,0,0,0.0
V2_allz,B02_hold7_t2,B持有期,2,7,,,,,,,,,,,0.05781895877610599,0.05977023690484895,0.3493645108232246,-0.2136852416716486,0.09066194779230596,0.038440153272568445,0.29739075319738495,0.4714285714285714,6.9714285714285715,-0.2972664167460226,15.835911648478639,-10.678066018204536,33.58144,0.0342791788,70,244,1,1.9918367346938775,0.04207240037668187,0.061686942320638316,-0.003643243022352638,0.12144831703751446,-0.07401871535571558,0.5,0.4411764705882353,0,0,0.0
V2_allz,B02_hold10_t2,B持有期,2,10,,,,,,,,,,,-0.267223194926969,-0.2746551079832422,-1.1484960922467975,-0.3103875435976762,-0.2799523968573313,-0.44725815512073597,-1.2553524924385755,0.42,9.76,-1.1801097472439126,11.767086676185667,-22.391022197699904,22.94826,0.023649255200000004,50,244,1,1.9918367346938775,0.019265513120178802,0.017761804057560004,-0.2800114897693793,-0.0018447834383800155,-0.44623658153757595,0.46153846153846156,0.375,0,0,0.0
V2_allz,B02_hold20_t2,B持有期,2,20,,,,,,,,,,,0.32814243772633356,0.3405575474751421,1.5006856522924976,-0.12169703376100238,0.30521535023500723,0.7333356979392966,1.5943872573548437,0.5769230769230769,18.76923076923077,2.2082881897625084,15.683396001250216,-12.5117399870465,12.7423,0.012997146,26,244,1,1.9918367346938775,0.16129644026256243,0.24296456952382584,0.06852799371034224,0.5294459445956146,0.13330955177862758,0.6428571428571429,0.5,0,0,0.0
V2_allz,C01_nr_hold2_t1,C续持,1,2,,True,,,,,,,,,-0.42307756307925026,-0.4333887229453034,-1.651963645039212,-0.5330251719594183,-0.5016607021194565,-0.4413556897081454,-1.8024351719451637,0.3445378151260504,2.042016806722689,-0.5648161107741467,9.550689234592124,-10.711459918380427,97.0329,0.09897355799999999,119,244,2,0.9918367346938776,0.02512775400785852,-0.07575152406858687,-0.37579292588028845,-0.09380422597866145,-0.38352801204003373,0.3442622950819672,0.3448275862068966,0,0,0.0
V2_allz,C02_nr_hold2_t2,C续持,2,2,,True,,,,,,,,,-0.18731252305325863,-0.19282028001459783,-0.8982515006377833,-0.3006008803854857,-0.18538536876568923,-0.4120667856069655,-1.0789624525295416,0.4110169491525424,2.059322033898305,-0.3983618962712987,15.395516922439079,-10.711459918380406,110.84562,0.1136935124,236,244,2,1.9836734693877551,0.0422313520765868,0.06163428447424635,-0.2344939412453042,0.0777912026720875,-0.45450175049173225,0.425,0.39655172413793105,0,0,0.0
V2_allz,C01_nr_hold3_t1,C续持,1,3,,True,,,,,,,,,-0.33712968198841164,-0.3460059882896699,-1.112607774722012,-0.3518297231789753,-0.35758911767723367,-0.3504377739508626,-1.3179814189524242,0.3950617283950617,3.0,-0.5026709087701531,9.996411034141218,-8.131560002544113,70.4403,0.071849106,81,244,2,0.9918367346938776,0.018953654574717076,-0.02054902855423546,-0.32322256311295794,-0.02990042632917078,-0.3304169554562194,0.4146341463414634,0.375,0,0,0.0
V2_allz,C02_nr_hold3_t2,C续持,2,3,,True,,,,,,,,,-0.3084268840963953,-0.31673859058221776,-1.5799557967826028,-0.3467342289358263,-0.3440987803116603,-0.5385961415172273,-1.880225568123076,0.38125,3.05,-0.6722686787635546,9.996411034141218,-10.948596042932879,62.0212,0.066513374,160,244,1,1.9918367346938775,0.016631226687454564,-0.19936948493699924,-0.13621439241647548,-0.3996260781892661,-0.2314725178415914,0.3333333333333333,0.43037974683544306,0,0,0.0
V2_allz,F01_h5_sl8_tp15_t1,F组合,1,5,,,,,0.08,0.15,,,,,-0.4213296951574975,-0.4316157232574531,-1.7913244095273486,-0.4988735538268637,-0.5050282009528688,-0.43017656113014235,-1.8704462018164312,0.44,4.88,-1.5166363110478143,8.171737417237047,-10.711459918380417,35.7651,0.036480402,50,244,1,0.9959183673469387,0.01530393246383286,-0.22042090678469306,-0.2577144386263276,-0.23737573133082812,-0.2528123451090324,0.36,0.52,0,0,0.0
V2_allz,F02_h5_sl8_tp15_t2,F组合,2,5,,,,,0.08,0.15,,,,,-0.2385867430068429,-0.2453611895996355,-1.0380678645824242,-0.2922318670624664,-0.24386254711547162,-0.44086172741422147,-1.175548231936853,0.4444444444444444,4.91919191919192,-0.2797623840290031,10.66353671668805,-10.711459918380406,42.98868,0.0448705036,99,244,1,1.9877551020408164,0.01849147262486196,-0.01850140994243521,-0.2242339778109108,-0.015154098358532875,-0.43225811098584177,0.46,0.42857142857142855,0,0,0.0
V2_allz,F01_h5_sl8_tp25_t1,F组合,1,5,,,,,0.08,0.25,,,,,-0.4213296951574975,-0.4316157232574531,-1.7913244095273486,-0.4988735538268637,-0.5050282009528688,-0.43017656113014235,-1.8704462018164312,0.44,4.88,-1.5166363110478143,8.171737417237047,-10.711459918380417,35.7651,0.036480402,50,244,1,0.9959183673469387,0.01530393246383286,-0.22042090678469306,-0.2577144386263276,-0.23737573133082812,-0.2528123451090324,0.36,0.52,0,0,0.0
V2_allz,F02_h5_sl8_tp25_t2,F组合,2,5,,,,,0.08,0.25,,,,,-0.2385867430068429,-0.2453611895996355,-1.0380678645824242,-0.2922318670624664,-0.24386254711547162,-0.44086172741422147,-1.175548231936853,0.4444444444444444,4.91919191919192,-0.2797623840290031,10.66353671668805,-10.711459918380406,42.98868,0.0448705036,99,244,1,1.9877551020408164,0.01849147262486196,-0.01850140994243521,-0.2242339778109108,-0.015154098358532875,-0.43225811098584177,0.46,0.42857142857142855,0,0,0.0
V2_allz,F01_h5_sl8_tp40_t1,F组合,1,5,,,,,0.08,0.4,,,,,-0.4213296951574975,-0.4316157232574531,-1.7913244095273486,-0.4988735538268637,-0.5050282009528688,-0.43017656113014235,-1.8704462018164312,0.44,4.88,-1.5166363110478143,8.171737417237047,-10.711459918380417,35.7651,0.036480402,50,244,1,0.9959183673469387,0.01530393246383286,-0.22042090678469306,-0.2577144386263276,-0.23737573133082812,-0.2528123451090324,0.36,0.52,0,0,0.0
V2_allz,F02_h5_sl8_tp40_t2,F组合,2,5,,,,,0.08,0.4,,,,,-0.2385867430068429,-0.2453611895996355,-1.0380678645824242,-0.2922318670624664,-0.24386254711547162,-0.44086172741422147,-1.175548231936853,0.4444444444444444,4.91919191919192,-0.2797623840290031,10.66353671668805,-10.711459918380406,42.98868,0.0448705036,99,244,1,1.9877551020408164,0.01849147262486196,-0.01850140994243521,-0.2242339778109108,-0.015154098358532875,-0.43225811098584177,0.46,0.42857142857142855,0,0,0.0
V2_allz,G01_h10_tr5_t1,G移动止损,1,10,,,,,,,0.05,,,,0.02079545877395539,0.021484550301495542,0.20711622300751864,-0.15439748533179454,0.046739759005065995,0.013455909508372832,0.16768283322335711,0.46153846153846156,9.384615384615385,-0.3194906670573372,8.859839867929175,-6.703211118193542,24.36926,0.024856645200000003,26,244,1,0.9959183673469387,0.015544565393858956,-0.06202167298940919,0.08829322531076933,-0.10107345007342683,0.12740680491766,0.35714285714285715,0.5833333333333334,0,0,0.0
V2_allz,G02_h10_tr5_t2,G移动止损,2,10,,,,,,,0.05,,,,-0.027751403615883907,-0.028648128223526803,-0.04428593612987576,-0.1846656939583784,-0.00862028957666483,-0.09101265511516698,-0.13144657466073084,0.5094339622641509,9.18867924528302,0.0253819357285634,12.931203864737629,-8.91731676818135,24.65738,0.025159727600000004,53,244,1,1.9877551020408164,0.017352958872311915,-0.032776952987422336,0.005195853621416502,-0.1233657722009488,0.036906061912515664,0.4444444444444444,0.5769230769230769,0,0,0.0
V2_allz,C01_nr_hold5_t1,C续持,1,5,,True,,,,,,,,,-0.5587289426569295,-0.5704077465158917,-2.4821408842581842,-0.5630963465893171,-0.766929888260505,-0.5743276491024629,-2.8289109647630064,0.3469387755102041,4.979591836734694,-1.7635913277506354,8.171737417237047,-8.852433597024078,34.63054,0.0353231508,49,244,1,0.9959183673469387,0.021416488642858333,-0.22042090678469306,-0.4339624276953272,-0.23737573133082812,-0.4418321467262476,0.36,0.3333333333333333,0,0,0.0
V2_allz,C02_nr_hold5_t2,C续持,2,5,,True,,,,,,,,,-0.32627154606369446,-0.33493905777408184,-1.4339100220059409,-0.33795551020512526,-0.3617160195512511,-0.46923293048138437,-1.3674900759872257,0.41836734693877553,4.979591836734694,-0.46169572635778033,10.66353671668805,-8.852433597024078,42.26642,0.044224988400000005,98,244,1,1.9918367346938775,0.012652467703428653,-0.01850140994243521,-0.3135716538351918,-0.015154098358532875,-0.4610658696614641,0.46,0.375,0,0,0.0
V2_allz,D01_h5_sl3_t1,D止损,1,5,,,,,0.03,,,,,,-0.1276611746861629,-0.13155872827767323,-0.40879354821107244,-0.2055689271923814,-0.10353698649345833,-0.1384073118731911,-0.5473510203137746,0.4444444444444444,4.518518518518518,-0.8498594080652289,6.4146151889221015,-7.905851651566376,50.06246,0.051063709200000015,54,244,1,0.9959183673469387,0.014632139054372913,-0.017942951024539355,-0.11172286149372646,-0.035070929972735754,-0.10709220512709394,0.4642857142857143,0.4230769230769231,0,0,0.0
V2_allz,D02_h5_sl3_t2,D止损,2,5,,,,,0.03,,,,,,-0.16220163165035584,-0.16704892282548522,-0.6785087900578657,-0.23035051753801838,-0.15129080941748552,-0.32008729575676853,-0.9162098886316422,0.45045045045045046,4.387387387387387,-0.5157731837404311,10.129907801796678,-8.91731676818135,51.71762,0.052886132400000015,111,244,1,1.9877551020408164,0.022192971829068524,0.030559139470359264,-0.1870448417155195,0.027035973912727496,-0.3379855024425784,0.4642857142857143,0.43636363636363634,0,0,0.0
V2_allz,D01_h5_sl5_t1,D止损,1,5,,,,,0.05,,,,,,-0.3826789246245894,-0.3923652319302672,-1.7928998652543315,-0.389440797765212,-0.4495837047505673,-0.3885199565419929,-2.134481996422805,0.36,4.86,-1.0456733081326608,6.4146151889221015,-7.905851651566365,37.05388,0.03779495759999999,50,244,2,0.9918367346938776,0.020880213435340248,-0.2799922354613572,-0.14261886360216003,-0.2617060849602363,-0.17176610696422545,0.32,0.4,0,0,0.0
V2_allz,D02_h5_sl5_t2,D止损,2,5,,,,,0.05,,,,,,-0.09944704592010345,-0.10253451499078758,-0.37895006004389337,-0.19823949805009544,-0.08116263328719198,-0.1481471353985656,-0.2553275815182648,0.46464646464646464,4.909090909090909,-0.28849215621850055,9.435018388904703,-7.905851651566365,43.79328,0.0450401056,99,244,2,1.9836734693877551,0.0185750499753139,-0.0575646114578392,-0.0444406427978592,-0.07576685240168612,-0.0783138791169351,0.44,0.4897959183673469,0,0,0.0
V2_allz,D01_h5_sl8_t1,D止损,1,5,,,,,0.08,,,,,,-0.4213296951574975,-0.4316157232574531,-1.7913244095273486,-0.4988735538268637,-0.5050282009528688,-0.43017656113014235,-1.8704462018164312,0.44,4.88,-1.5166363110478143,8.171737417237047,-10.711459918380417,35.7651,0.036480402,50,244,1,0.9959183673469387,0.01530393246383286,-0.22042090678469306,-0.2577144386263276,-0.23737573133082812,-0.2528123451090324,0.36,0.52,0,0,0.0
V2_allz,D02_h5_sl8_t2,D止损,2,5,,,,,0.08,,,,,,-0.2385867430068429,-0.2453611895996355,-1.0380678645824242,-0.2922318670624664,-0.24386254711547162,-0.44086172741422147,-1.175548231936853,0.4444444444444444,4.91919191919192,-0.2797623840290031,10.66353671668805,-10.711459918380406,42.98868,0.0448705036,99,244,1,1.9877551020408164,0.01849147262486196,-0.01850140994243521,-0.2242339778109108,-0.015154098358532875,-0.43225811098584177,0.46,0.42857142857142855,0,0,0.0
V2_allz,H01_re5_t1,H排名退出,1,,,,5,2,,,,,,,-0.30172866162102907,-0.3099028147914813,-1.084601610842447,-0.3880968786709368,-0.31526200576873575,-0.3155475887479463,-1.2723146960086482,0.39473684210526316,3.210526315789474,-0.7166551020054035,9.996411034141218,-7.694936025494126,58.45692,0.0596260584,76,244,1,0.9959183673469387,0.01744122911552212,-0.18407582942617506,-0.1441957922537226,-0.19609186254878996,-0.14859375174120093,0.3684210526315789,0.42105263157894735,0,0,0.0
V2_allz,H01_re10_t1,H排名退出,1,,,,10,2,,,,,,,-0.3926674462826102,-0.40251667124029955,-1.5787010472773098,-0.47352408406949786,-0.45513623631946265,-0.4035847260991642,-1.9228446446145449,0.4025974025974026,3.168831168831169,-0.2977610154285215,4.9814505855596325,-9.558974126186637,54.60726,0.05569940520000001,77,244,1,0.9959183673469387,0.020078106893162414,-0.29255780913940876,-0.14150928293012932,-0.29295530410071624,-0.15646736711282394,0.39473684210526316,0.41025641025641024,0,0,0.0
V2_allz,H01_re20_t1,H排名退出,1,,,,20,2,,,,,,,-0.4452205880080897,-0.455834707224133,-1.8093366835468534,-0.5009557937804805,-0.542255240444689,-0.4562193984181968,-2.0331350045214043,0.410958904109589,3.3424657534246576,-0.7611427622224887,6.9446525401193115,-9.558974126186637,48.95118,0.04993020360000001,73,244,1,0.9959183673469387,0.021339554281112578,-0.36527926370940933,-0.12594723904227512,-0.37209871607291856,-0.1339711902150642,0.29411764705882354,0.5128205128205128,0,0,0.0
V2_allz,H01_re50_t1,H排名退出,1,,,,50,2,,,,,,,-0.18865559118869235,-0.19419794513098398,-0.5487782874998809,-0.27416140824886326,-0.16347731766985485,-0.19766935515533202,-0.6530427767144608,0.43283582089552236,3.6417910447761193,-0.7611427622224887,6.9446525401193115,-9.558974126186648,56.35758,0.057484731600000005,67,244,1,0.9959183673469387,0.015227048084192731,-0.16914260386309998,-0.023485362730498505,-0.1778995434178373,-0.024047926964651856,0.41935483870967744,0.4444444444444444,0,0,0.0
V2_allz,H02_re10_t2,H排名退出,2,,,,10,2,,,,,,,-0.33147088595868457,-0.3402391129786041,-1.7635654452065088,-0.3653191078978134,-0.37858631823230315,-0.6385390005490115,-2.44813886499138,0.4155844155844156,3.168831168831169,-0.5279312856178997,11.737053629214289,-10.706004180503614,61.4249,0.066053908,154,244,1,1.9918367346938775,0.01856427485257139,-0.1636762953151224,-0.2006335462018104,-0.3016122541586931,-0.48243507764364113,0.3815789473684211,0.44871794871794873,0,0,0.0
V2_allz,H02_re20_t2,H排名退出,2,,,,20,2,,,,,,,-0.34918051848587495,-0.358281592859817,-1.7673252438933584,-0.40680050372775034,-0.402448609147369,-0.5597386935731328,-2.0010879316980725,0.4557823129251701,3.312925170068027,-0.4146870185914642,12.176616870917423,-9.576893468152381,54.34712,0.06055180240000001,147,244,1,1.9877551020408164,0.019394452397691275,-0.2413295764742106,-0.14215783121008663,-0.442981059656931,-0.20961160466875817,0.37142857142857144,0.5324675324675324,0,0,0.0
V2_allz,H02_re50_t2,H排名退出,2,,,,50,2,,,,,,,-0.1777649185158373,-0.18302458781684883,-0.7036485384370754,-0.22378926066107108,-0.16680873950267383,-0.4071268512422461,-1.1895599862562278,0.4166666666666667,3.696969696969697,-0.5669665793473,11.737053629214289,-11.67628456409574,59.63526,0.0612384952,132,244,1,1.9918367346938775,0.01957196836310699,-0.027466260860667835,-0.15454338662654576,-0.0942444325088716,-0.3454380298208203,0.4603174603174603,0.37681159420289856,0,0,0.0
V2_allz,H02_re100_t2,H排名退出,2,,,,100,2,,,,,,,-0.04684502045006633,-0.04834319413449095,-0.10131355646144355,-0.2021875335389901,-0.022507498957369587,-0.18758733113959025,-0.34793337763448035,0.41379310344827586,4.206896551724138,-0.6453890969800646,11.737053629214312,-10.966327679062493,56.31426,0.05744818520000001,116,244,1,1.9918367346938775,0.054265803166956776,0.14523597781306075,-0.16772176388478865,0.2600386301105777,-0.3552478079270357,0.4339622641509434,0.3968253968253968,0,0,0.0
V2_allz,J01_h10_rat20_10_t1,J利润锁定,1,10,,,,,,,,0.2,0.1,,-0.5689316676790628,-0.580662187930205,-2.447993324647648,-0.5732990716114509,-0.7860263634797874,-0.5893599357289601,-3.273440685903005,0.32,9.76,-2.8223546231721297,2.1701630303393893,-22.391022197699904,19.35294,0.019739998800000002,25,244,1,0.9959183673469387,0.020367146978982446,-0.14447826042695255,-0.49613398189499625,-0.2260370594125798,-0.46943187750130044,0.38461538461538464,0.25,0,0,0.0
V2_allz,J02_h10_rat20_10_t2,J利润锁定,2,10,,,,,,,,0.2,0.1,,-0.267223194926969,-0.2746551079832422,-1.1484960922467975,-0.3103875435976762,-0.2799523968573313,-0.44725815512073597,-1.2553524924385755,0.42,9.76,-1.1801097472439126,11.767086676185667,-22.391022197699904,22.94826,0.023649255200000004,50,244,1,1.9918367346938775,0.019265513120178802,0.017761804057560004,-0.2800114897693793,-0.0018447834383800155,-0.44623658153757595,0.46153846153846156,0.375,0,0,0.0
V2_allz,J03_h10_rat30_15_sl8_t1,J利润锁定,1,10,,,,,0.08,,,0.3,0.15,,-0.342767231219129,-0.3517496061818629,-1.6434238011156101,-0.3743199360560836,-0.3902507102205486,-0.3496783270586652,-2.2375260205054075,0.4,9.76,-1.707395493230146,7.485339526008961,-8.666180359540077,19.90118,0.0202992036,25,244,1,0.9959183673469387,0.01218929539042446,-0.14447826042695255,-0.2317754904640219,-0.2260370594125798,-0.15975088878576582,0.38461538461538464,0.4166666666666667,0,0,0.0
V2_allz,J04_h10_rat30_15_sl8_t2,J利润锁定,2,10,,,,,0.08,,,0.3,0.15,,-0.13583040017318304,-0.13995680755799011,-0.5990791507162421,-0.23713838944677723,-0.12382294023697726,-0.26613637855738526,-0.6956206112929565,0.4117647058823529,9.568627450980392,-1.1257877313489262,11.767086676185667,-10.711459918380406,23.56672,0.0240706344,51,244,1,1.9918367346938775,0.015608988379309924,0.017761804057560004,-0.1509117394840409,-0.0018447834383800155,-0.2647800569829407,0.46153846153846156,0.36,0,0,0.0
V3_allz,A01_daily_top1,A基线,1,1,,,,,,,,,,,-0.34918472084127894,-0.3582858723043305,-1.0086030938989463,-0.5006676342796721,-0.36325526394343755,-0.4122283364311211,-1.1620654539229278,0.448559670781893,1.0,-0.2655970658758111,13.227894080872327,-8.96787021557639,219.08156,0.22346319120000005,243,244,2,0.9918367346938776,0.06880861357438084,0.29974050534911223,-0.4992729114155666,0.24599335449210202,-0.5282706272470692,0.4715447154471545,0.425,0,0,0.0
V3_allz,A02_daily_top2,A基线,2,1,,,,,,,,,,,-0.14319296845184193,-0.14752340272805753,-0.3214535831245514,-0.33811501821652545,-0.10236517487626395,-0.35285496413227013,-0.4107300771291286,0.4691358024691358,1.0,-0.21611393950787816,14.009847815370001,-10.454311464817966,228.89056,0.23417705119999999,486,244,2,1.9836734693877551,0.07190833398619656,0.2172218024660053,-0.296096216965283,0.3644256027750681,-0.5257014859941658,0.491869918699187,0.44583333333333336,0,0,0.0
V3_allz,B01_hold2_t1,B持有期,1,2,,,,,,,,,,,0.16633766332241517,0.17223655619058675,0.6198204339985229,-0.24416916024930857,0.21409884073033392,0.03598407691766181,0.2885013144652679,0.4262295081967213,2.0,-0.3884601571037316,21.41433849797054,-12.040210327437773,119.85204,0.1222490808,122,244,1,0.9959183673469387,0.18156536617989616,0.48433072480551953,-0.2142332946215657,0.44501302055953906,-0.2830624622908191,0.4838709677419355,0.36666666666666664,0,0,0.0
V3_allz,B01_hold3_t1,B持有期,1,3,,,,,,,,,,,-0.013129325250646029,-0.01355686395626221,0.15154240278864026,-0.40177072734297103,0.055470641899106776,-0.10931431707958328,-0.07079242674357668,0.49382716049382713,3.0,-0.036157814241499775,12.845261033199451,-14.623337597029252,75.75694,0.0772720788,81,244,2,0.9918367346938776,0.060464351972372585,0.20199389986032212,-0.17897197742514936,0.11459364732608224,-0.2008875296775844,0.4878048780487805,0.5,0,0,0.0
V3_allz,D01_h5_sl3_t1,D止损,1,5,,,,,0.03,,,,,,0.028963707181965948,0.029927409449507225,0.25606151501499996,-0.3290162871807738,0.08821327597236028,-0.09768718017899458,0.0028420188829390556,0.3559322033898305,4.135593220338983,-1.5909480556332012,26.73515532349422,-12.040210327437773,57.74126,0.0588960852,59,244,1,0.9959183673469387,0.14857129487173074,0.4552191210414982,-0.29291493473124774,0.3825334647003358,-0.3473482972677392,0.41379310344827586,0.3,0,0,0.0
V3_allz,D02_h5_sl3_t2,D止损,2,5,,,,,0.03,,,,,,0.3683814776748786,0.38252500969934666,1.2887505875652192,-0.19954595612145554,0.35193159955813613,0.5605059279712352,0.9599274936630032,0.4017094017094017,4.170940170940171,-1.098865292175022,28.410468873760706,-12.040210327437773,56.91268,0.05805093359999998,117,244,1,1.9918367346938775,0.14459957448934732,0.15314876788445142,0.1866478253151056,0.1913350869685735,0.3098799364182585,0.39655172413793105,0.4067796610169492,0,0,0.0
V3_allz,D01_h5_sl5_t1,D止损,1,5,,,,,0.05,,,,,,0.27480406248218703,0.2849925232335446,0.7827238045821222,-0.3389923028963181,0.3370308536945533,0.19235183290255398,0.6277398110551741,0.4807692307692308,4.6923076923076925,-0.0598614368688688,19.606558682407773,-12.040210327437773,48.35846,0.049325629200000005,52,244,1,0.9959183673469387,0.0779500816959109,0.24579623521737193,0.023284568089702473,0.1271624221011003,0.057834975264644095,0.4230769230769231,0.5384615384615384,0,0,0.0
V3_allz,D02_h5_sl5_t2,D止损,2,5,,,,,0.05,,,,,,0.11324872385212514,0.1171714262320731,0.5063060494084702,-0.3189668789287078,0.15570344935010694,0.0030814987406231342,0.3139322997881233,0.47115384615384615,4.6923076923076925,-0.31909686590541053,26.201460157046853,-12.667012587656156,50.26358,0.0512688516,104,244,1,1.9918367346938775,0.1026960632530369,0.31864643337168275,-0.15576405040915386,0.5811758064259989,-0.36561039280765895,0.5,0.4423076923076923,0,0,0.0
V3_allz,D01_h5_sl8_t1,D止损,1,5,,,,,0.08,,,,,,-0.07929410909687518,-0.08178462889275517,0.050663869224430745,-0.3156570185704689,0.02307241628010026,-0.12338536912242193,-0.058133202994959936,0.5098039215686274,4.784313725490196,0.08936432508410697,19.606558682407773,-12.040210327437773,42.35358,0.043200651599999994,51,244,1,0.9959183673469387,0.017248569008692448,0.045278641521758534,-0.11917659623971255,-0.06753843946850446,-0.05989193766023482,0.4230769230769231,0.6,0,0,0.0
V3_allz,D02_h5_sl8_t2,D止损,2,5,,,,,0.08,,,,,,-0.056045181180643944,-0.057828558647767814,-0.010571240891623064,-0.34351678824986376,-0.0034333791249432366,-0.27420827673780335,-0.2158260403292765,0.5,4.88,-0.0063045809046591295,26.201460157046853,-12.040210327437773,47.05498,0.048022999600000005,100,244,1,1.9918367346938775,0.04408641824903337,0.15426144703880773,-0.18220016683307028,0.08505821942609115,-0.33110342812196514,0.47058823529411764,0.5306122448979592,0,0,0.0
V3_allz,D01_h5_sl10_t1,D止损,1,5,,,,,0.1,,,,,,-0.5318382170812237,-0.543343894549797,-2.0680992240041722,-0.5318382170812241,-0.6985216103374855,-0.5685694596576065,-2.1676609893425445,0.4,4.86,-1.0558158913468507,6.947475707598083,-16.104152064678722,33.6123,0.034284546000000006,50,244,2,0.9918367346938776,0.026249152534064436,-0.2951244725147333,-0.3358234685930963,-0.34320429459643675,-0.3431282561792872,0.34615384615384615,0.4583333333333333,0,0,0.0
V3_allz,D02_h5_sl10_t2,D止损,2,5,,,,,0.1,,,,,,-0.34662558405108,-0.355679622532058,-1.3718114405653457,-0.4346957937995416,-0.38470604831149924,-0.6439052383274386,-1.5686576786118704,0.43434343434343436,4.91919191919192,-1.0694638748764085,26.201460157046853,-16.106749986386447,42.68956,0.044441691199999994,99,244,1,1.9877551020408164,0.03146116694493096,-0.021918005267086094,-0.33198400597555366,-0.1821567605506208,-0.5645928895709826,0.43137254901960786,0.4375,0,0,0.0
V3_allz,B01_hold5_t1,B持有期,1,5,,,,,,,,,,,-0.21464314422507902,-0.22084006207076978,-0.5415763371523457,-0.473712770744405,-0.1830642914962337,-0.2899052113968652,-0.5842399617872567,0.4489795918367347,4.979591836734694,-1.3286484164423795,26.20146015704683,-9.806154310493797,44.644,0.04553688,49,244,1,0.9959183673469387,0.08692765241041292,0.22179562624176286,-0.3572109451801897,0.1212714035690734,-0.3667057000268973,0.48,0.4166666666666667,0,0,0.0
V3_allz,B01_hold7_t1,B持有期,1,7,,,,,,,,,,,-0.22563638995101554,-0.2321015584732904,-0.47671157102206113,-0.4999522397567612,-0.18126996226980685,-0.282593898958889,-0.6223738402164825,0.45714285714285713,6.9714285714285715,-1.7031587803187254,11.987906400149907,-17.674892293093524,30.76374,0.031379014799999994,35,244,1,0.9959183673469387,0.04261336387406855,0.1182904421345432,-0.30754696555314054,0.08060828755315641,-0.3361090144278386,0.5555555555555556,0.35294117647058826,0,0,0.0
V3_allz,B01_hold10_t1,B持有期,1,10,,,,,,,,,,,-0.12428417040762907,-0.12808636540487162,-0.25904036657129176,-0.4121938198038747,-0.08185741888982911,-0.2016003660851019,-0.4200554411783828,0.4,9.76,-1.7813787387611302,29.135707734856897,-10.654785311374603,23.7441,0.024218982,25,244,1,0.9959183673469387,0.13032491767909557,0.4137249810201258,-0.3805613953567787,0.24133139571966988,-0.35681991395052015,0.5384615384615384,0.25,0,0,0.0
V3_allz,B01_hold20_t1,B持有期,1,20,,,,,,,,,,,0.020505780074848712,0.021185173372940902,0.23309872708975632,-0.34948972464349903,0.07965303440349547,-0.08720660345483389,-0.0039337031375490114,0.38461538461538464,18.76923076923077,-1.6559735919438268,31.54598253091516,-14.014213909561501,12.64782,0.012900776399999998,13,244,1,0.9959183673469387,0.1403811490515881,0.3918146639576696,-0.26678040797974634,0.1747516836548022,-0.22299034830463105,0.42857142857142855,0.3333333333333333,0,0,0.0
V3_allz,B02_hold2_t2,B持有期,2,2,,,,,,,,,,,0.6518103611163006,0.6792154504670815,2.13272852672063,-0.10129346021409169,0.5345737766283063,1.767875095534372,1.825650932029568,0.47540983606557374,2.0,-0.20500284709204508,24.862364256705185,-12.040210327437773,119.18878,0.12157255560000002,244,244,1,1.9918367346938775,0.2738396440851353,0.515756708072101,0.08975955858855955,1.4383608306048936,0.13513761408631852,0.5161290322580645,0.43333333333333335,0,0,0.0
V3_allz,B02_hold3_t2,B持有期,2,3,,,,,,,,,,,0.00023090367852351967,0.00023847519356512414,0.1524381815552677,-0.2881874691846005,0.04500377485615503,-0.2024546565412204,-0.11682087288199794,0.48148148148148145,3.0,-0.10197348689342522,18.5318585615577,-14.623337597029252,77.74132,0.0793689164,162,244,2,1.9836734693877551,0.06411142439029714,0.1410766409500399,-0.12343232015883687,0.13411148476333,-0.2967663636479144,0.5121951219512195,0.45,0,0,0.0
V3_allz,B02_hold5_t2,B持有期,2,5,,,,,,,,,,,0.14328334226163797,0.1483137371765666,0.6185909364257803,-0.3213038812327699,0.1752073035836913,0.06837924786367378,0.4147276631170879,0.4897959183673469,4.979591836734694,-0.2964239426902382,26.201460157046807,-14.005643300953663,47.64828,0.0486012456,98,244,1,1.9918367346938775,0.13751196936801813,0.21620763629568573,-0.05996039809136566,0.35276007146295907,-0.2102226622432296,0.48,0.5,0,0,0.0
V3_allz,B02_hold7_t2,B持有期,2,7,,,,,,,,,,,0.512866847415,0.5335424813649652,1.767686744250781,-0.25330266771075205,0.4469562139079728,0.8650340105338703,1.0675503904966093,0.5285714285714286,6.9714285714285715,0.1696920430013127,73.42388333530639,-17.674892293093503,34.30652,0.03499265039999999,70,244,1,1.9918367346938775,0.26648684766738157,0.7025671209449182,-0.11142014384997379,2.0131156223405267,-0.38102806387325094,0.6388888888888888,0.4117647058823529,0,0,0.0
V3_allz,E01_h5_tp10_t1,E止盈,1,5,,,,,,0.1,,,,,-0.3802850831075488,-0.38993154228798466,-0.9367563879551175,-0.5536709692914301,-0.3894957684587541,-0.4688837145511059,-0.8390324135273382,0.4,4.88,-1.9385301721306092,26.20146015704683,-18.386741846231413,44.23294,0.045117598800000006,50,244,1,0.9959183673469387,0.08906229874630472,0.2459558867231888,-0.502618894058701,0.2161888343054632,-0.563294555526649,0.52,0.28,0,0,0.0
V3_allz,E02_h5_tp10_t2,E止盈,2,5,,,,,,0.1,,,,,0.12873112275119492,0.13322143016763088,0.5804052119575279,-0.20575730359687827,0.16015337080957526,-0.036028459958200365,0.28453613096899333,0.49,4.88,-0.2964239426902382,26.201460157046807,-18.386741846231413,48.74872,0.049723694400000004,100,244,1,1.9918367346938775,0.1557462181346967,0.2664108609701601,-0.10871648566997627,0.5126522721863047,-0.36272760252524705,0.52,0.46,0,0,0.0
V3_allz,E01_h5_tp20_t1,E止盈,1,5,,,,,,0.2,,,,,-0.21464314422507902,-0.22084006207076978,-0.5415763371523457,-0.473712770744405,-0.1830642914962337,-0.2899052113968652,-0.5842399617872567,0.4489795918367347,4.979591836734694,-1.3286484164423795,26.20146015704683,-9.806154310493797,44.644,0.04553688,49,244,1,0.9959183673469387,0.08692765241041292,0.22179562624176286,-0.3572109451801897,0.1212714035690734,-0.3667057000268973,0.48,0.4166666666666667,0,0,0.0
V3_allz,E02_h5_tp20_t2,E止盈,2,5,,,,,,0.2,,,,,-0.01879037990476151,-0.019400443434794967,0.057786546834093136,-0.29770638628222257,0.014811469663002508,-0.22996531727715663,-0.11467427816633201,0.46938775510204084,4.979591836734694,-0.4050076508466338,30.011062263760536,-17.424463828522374,47.36122,0.0483084444,98,244,1,1.9918367346938775,0.11790451787133419,0.21620763629568573,-0.19322195420200028,0.35276007146295907,-0.4307677326031071,0.48,0.4583333333333333,0,0,0.0
V3_allz,E01_h5_tp30_t1,E止盈,1,5,,,,,,0.3,,,,,-0.21464314422507902,-0.22084006207076978,-0.5415763371523457,-0.473712770744405,-0.1830642914962337,-0.2899052113968652,-0.5842399617872567,0.4489795918367347,4.979591836734694,-1.3286484164423795,26.20146015704683,-9.806154310493797,44.644,0.04553688,49,244,1,0.9959183673469387,0.08692765241041292,0.22179562624176286,-0.3572109451801897,0.1212714035690734,-0.3667057000268973,0.48,0.4166666666666667,0,0,0.0
V3_allz,E02_h5_tp30_t2,E止盈,2,5,,,,,,0.3,,,,,0.14328334226163797,0.1483137371765666,0.6185909364257803,-0.3213038812327699,0.1752073035836913,0.06837924786367378,0.4147276631170879,0.4897959183673469,4.979591836734694,-0.2964239426902382,26.201460157046807,-14.005643300953663,47.64828,0.0486012456,98,244,1,1.9918367346938775,0.13751196936801813,0.21620763629568573,-0.05996039809136566,0.35276007146295907,-0.2102226622432296,0.48,0.5,0,0,0.0
V3_allz,F01_h5_sl8_tp15_t1,F组合,1,5,,,,,0.08,0.15,,,,,0.12543224106039053,0.12980099860334327,0.49003606325942733,-0.2869903709427808,0.22538315814580923,0.03160747602319258,0.3172220835612969,0.5,4.6923076923076925,-0.006304580904664681,27.644116494469163,-12.040210327437773,46.934,0.04787268000000001,52,244,1,0.9959183673469387,0.043008308725830405,0.15890472898623886,-0.028882864215360904,0.07737618555076553,-0.04248164210551564,0.4074074074074074,0.6,0,0,0.0
V3_allz,F02_h5_sl8_tp15_t2,F组合,2,5,,,,,0.08,0.15,,,,,0.08456545484560873,0.08745600081044769,0.4181246428729639,-0.328555991561843,0.13367674874958912,-0.08596059332291928,0.1979548966348181,0.49504950495049505,4.8316831683168315,-0.10197348689340302,27.644116494469138,-12.040210327437773,48.90688,0.04988501759999999,101,244,1,1.9918367346938775,0.08493934922243769,0.2597322186203006,-0.13905079284749844,0.34155083909242645,-0.3186695725258998,0.46153846153846156,0.5306122448979592,0,0,0.0
V3_allz,G01_h10_tr12_t1,G移动止损,1,10,,,,,,,0.12,,,,0.5009206784674975,0.5210376423311884,1.3131980788751785,-0.2543760309318669,0.4722769706453759,0.4457054402128271,1.0661210293911867,0.5769230769230769,9.384615384615385,1.6949293145178679,17.516943591995847,-14.623337597029252,25.51166,0.026021893200000003,26,244,1,0.9959183673469387,0.2047953359069714,0.555799233681497,-0.035273545600185696,0.5624791202212485,-0.07473615390897925,0.6923076923076923,0.46153846153846156,0,0,0.0
V3_allz,G02_h10_tr12_t2,G移动止损,2,10,,,,,,,0.12,,,,0.33510729892730584,0.34781862811158626,1.2758823289840446,-0.23353253149568398,0.32170959256203213,0.5350601347765245,1.0000291339819107,0.5294117647058824,9.549019607843137,0.19960722730942848,29.135707734856876,-16.1041520646787,24.8063,0.025302426,51,244,1,1.9877551020408164,0.21669776197069984,0.500126209752729,-0.11000335155308205,1.0630495190570688,-0.255926665551812,0.6538461538461539,0.4,0,0,0.0
V3_allz,G03_h20_tr8_t1,G移动止损,1,20,,,,,,,0.08,,,,0.3797464801443238,0.3943855651369379,1.1218551949824849,-0.2233769491153702,0.3808461038258162,0.2834780382023345,0.8243098197769868,0.5625,15.25,1.2699583183459762,22.665829512064086,-12.040210327437773,15.5709,0.015882318,16,244,1,0.9959183673469387,0.16076263819958406,0.35039693534551297,0.02173401318576129,0.2083699089200144,0.06215657037458722,0.75,0.375,0,0,0.0
V3_allz,G03_h20_tr12_t1,G移动止损,1,20,,,,,,,0.12,,,,-0.13740494616517507,-0.14157516468022524,-0.28227353326241084,-0.36625182392910427,-0.09256827941349888,-0.2305944178683127,-0.33932936698840666,0.5333333333333333,16.266666666666666,3.2644981692515174,23.923822529773766,-16.104152064678722,14.55856,0.014849731199999999,15,244,1,0.9959183673469387,0.08799417697076999,0.3047260080097367,-0.33886881342186914,0.10580750728074784,-0.30421381925349256,0.625,0.42857142857142855,0,0,0.0
V3_allz,G03_h20_tr20_t1,G移动止损,1,20,,,,,,,0.2,,,,0.0622287394343477,0.06433331302517753,0.3512027304078403,-0.36247315406011194,0.12463440313693275,-0.06626188980809411,0.09530298366604274,0.5384615384615384,18.76923076923077,0.5321111225668806,31.54598253091516,-22.615204016421377,12.5075,0.012757649999999999,13,244,1,0.9959183673469387,0.13665626128608319,0.3918146639576696,-0.23680302633551398,0.1747516836548022,-0.20516129222566626,0.42857142857142855,0.6666666666666666,0,0,0.0
V3_allz,H01_re3_t1,H排名退出,1,,,,3,2,,,,,,,-0.2507033795503564,-0.25776050195997524,-0.6271137766319307,-0.41542542514901193,-0.22321812529872143,-0.32574666929006946,-0.7433057565686217,0.45,3.05,-0.7516070759398696,12.845261033199451,-14.623337597029252,74.17702,0.07566056040000001,80,244,1,0.9959183673469387,0.05660021218036093,0.19692333477738666,-0.3739811074959084,0.11164597680098365,-0.3934639761390142,0.5,0.4,0,0,0.0
V3_allz,H01_re5_t1,H排名退出,1,,,,5,2,,,,,,,0.2999012186197434,0.31112807355209604,0.96071319337609,-0.22171493430760736,0.3178001354680925,0.13753001761289507,0.49908225964057323,0.43037974683544306,3.088607594936709,-0.7401054449247546,27.644116494469138,-14.623337597029252,77.91698,0.0794753196,79,244,1,0.9959183673469387,0.20562854816807002,0.6226476208168552,-0.19890110339214506,0.6136421049504386,-0.2950543282657878,0.5,0.358974358974359,0,0,0.0
V3_allz,H01_re10_t1,H排名退出,1,,,,10,2,,,,,,,0.363497715860704,0.37742928967032774,1.134209803638769,-0.21356496182817108,0.36175626345247247,0.20802996389036688,0.6181117075637054,0.44871794871794873,3.128205128205128,-0.7344376062170532,27.644116494469138,-14.623337597029252,76.91728,0.07845562560000001,78,244,1,0.9959183673469387,0.23452507474870782,0.686244118057816,-0.19139957182999345,0.71364973547328,-0.2950543282657878,0.5384615384615384,0.358974358974359,0,0,0.0
V3_allz,F01_h5_sl8_tp25_t1,F组合,1,5,,,,,0.08,0.25,,,,,0.32542096344837046,0.3377206662166592,0.8559331873531347,-0.24590433009155543,0.38314978665845323,0.22552795717218932,0.6501552225971248,0.5294117647058824,4.784313725490196,0.4671385060377675,27.644116494469163,-12.040210327437773,46.53144,0.0474620688,51,244,1,0.9959183673469387,0.08506202383329163,0.1208211101311587,0.18254461079276862,0.10636893578045337,0.10770279021588691,0.46153846153846156,0.6,0,0,0.0
V3_allz,F02_h5_sl8_tp25_t2,F组合,2,5,,,,,0.08,0.25,,,,,0.15277396441323488,0.15815999087668575,0.613344107262341,-0.2740386593487316,0.19297917210283633,0.04521576780904302,0.38939233430645037,0.51,4.88,0.18801643123261824,27.644116494469138,-12.040210327437773,48.5205,0.049490910000000006,100,244,1,1.9918367346938775,0.1017580400449093,0.23895464574392022,-0.06955918977884656,0.37765266584512314,-0.24130675770307253,0.49019607843137253,0.5306122448979592,0,0,0.0
V3_allz,F01_h5_sl8_tp40_t1,F组合,1,5,,,,,0.08,0.4,,,,,-0.07929410909687518,-0.08178462889275517,0.050663869224430745,-0.3156570185704689,0.02307241628010026,-0.12338536912242193,-0.058133202994959936,0.5098039215686274,4.784313725490196,0.08936432508410697,19.606558682407773,-12.040210327437773,42.35358,0.043200651599999994,51,244,1,0.9959183673469387,0.017248569008692448,0.045278641521758534,-0.11917659623971255,-0.06753843946850446,-0.05989193766023482,0.4230769230769231,0.6,0,0,0.0
V3_allz,F02_h5_sl8_tp40_t2,F组合,2,5,,,,,0.08,0.4,,,,,-0.056045181180643944,-0.057828558647767814,-0.010571240891623064,-0.34351678824986376,-0.0034333791249432366,-0.27420827673780335,-0.2158260403292765,0.5,4.88,-0.0063045809046591295,26.201460157046853,-12.040210327437773,47.05498,0.048022999600000005,100,244,1,1.9918367346938775,0.04408641824903337,0.15426144703880773,-0.18220016683307028,0.08505821942609115,-0.33110342812196514,0.47058823529411764,0.5306122448979592,0,0,0.0
V3_allz,G01_h10_tr5_t1,G移动止损,1,10,,,,,,,0.05,,,,0.4113431966986598,0.4273767621085991,1.203763891262125,-0.18051680071035725,0.40142617982551754,0.3420822629224938,0.8930189477493116,0.41935483870967744,7.870967741935484,-0.6314033549864706,17.245114443760578,-12.040210327437773,29.79866,0.030394633200000003,31,244,1,0.9959183673469387,0.08498000174397753,0.04018512998528312,0.3568192392046865,-0.00662917145592834,0.35103852897463184,0.3888888888888889,0.46153846153846156,0,0,0.0
V3_allz,G02_h10_tr5_t2,G移动止损,2,10,,,,,,,0.05,,,,0.6494247257449648,0.676710779232848,2.1384036067278154,-0.21394257616478296,0.5325066943553654,0.9159512855065794,0.9568619309608168,0.38235294117647056,7.176470588235294,-2.2471302192232034,113.73086383783604,-12.040210327437773,33.0468,0.033707736,68,244,1,1.9918367346938775,0.2931109751799311,0.6993043346754135,-0.029352958097395132,1.3024039360095783,-0.16784745910953403,0.4,0.36363636363636365,0,0,0.0
V3_allz,G01_h10_tr8_t1,G移动止损,1,10,,,,,,,0.08,,,,-0.27320317157701235,-0.2807676912402617,-0.6885678902757231,-0.4325353186643962,-0.2509420125796701,-0.31907331400774575,-0.9203154164121502,0.37037037037037035,9.037037037037036,-1.7880430453161456,18.075118650968914,-12.040210327437773,23.24928,0.0237142656,27,244,1,0.9959183673469387,0.024497993139145913,0.11367338025666585,-0.3473878056998324,-0.05169349798244216,-0.28195505931515064,0.5,0.23076923076923078,0,0,0.0
V3_allz,G02_h10_tr8_t2,G移动止损,2,10,,,,,,,0.08,,,,0.016222988327246668,0.016759322435113244,0.2026930789797101,-0.2818639952771058,0.05802222770216259,-0.13513527084917798,0.020948058785790386,0.42592592592592593,9.037037037037036,-1.7040051403955647,29.135707734856876,-12.040210327437773,25.8913,0.026409126,54,244,1,1.9918367346938775,0.0664774291081252,0.1914181487398683,-0.14704758408953422,0.10787310706414632,-0.2193467612525536,0.48148148148148145,0.37037037037037035,0,0,0.0
V3_allz,B02_hold10_t2,B持有期,2,10,,,,,,,,,,,0.28058840313423383,0.2910147068665814,1.0260014135626068,-0.20532016856727042,0.28767500277857194,0.25847635479691955,0.658071071199703,0.46,9.76,-0.9392644660350169,49.408054669144796,-25.509274873301145,24.42276,0.024911215200000007,50,244,1,1.9918367346938775,0.17559255308822058,0.28231172149681427,-0.0013439153161368678,0.24479666616220985,0.010989496523063025,0.5,0.4166666666666667,0,0,0.0
V3_allz,B02_hold20_t2,B持有期,2,20,,,,,,,,,,,-0.05663646475903572,-0.05843806859763889,-0.045970198505463127,-0.31326856827445826,-0.013555298086132983,-0.25603284989707753,-0.21487969996876385,0.38461538461538464,18.76923076923077,-1.423049766674367,31.54598253091514,-25.592034812670562,12.43904,0.012696820799999998,26,244,1,1.9918367346938775,0.07211759926774183,0.14187940869035676,-0.17385012107108122,-0.05885209982792472,-0.20951090687563667,0.2857142857142857,0.5,0,0,0.0
V3_allz,C01_nr_hold2_t1,C续持,1,2,,True,,,,,,,,,0.17890721491706074,0.18528617769578593,0.6574068504491193,-0.272667007167802,0.22248417710811041,0.0499102953924353,0.3206564113054594,0.42857142857142855,2.042016806722689,-0.3791657422304917,21.41433849797054,-12.040210327437773,116.82738,0.11916392759999997,119,244,2,0.9918367346938776,0.1747150703543363,0.48566526460125803,-0.2064785769670191,0.44648789816369594,-0.2741658628977901,0.47540983606557374,0.3793103448275862,0,0,0.0
V3_allz,C02_nr_hold2_t2,C续持,2,2,,True,,,,,,,,,0.557138710791516,0.5799127891443037,2.017357810418827,-0.10983597131511558,0.4711490919378386,1.3592789412122297,1.7471810326209931,0.4957627118644068,2.059322033898305,-0.10197348689340302,21.41433849797054,-12.667012587656156,115.2434,0.11754826799999998,236,244,2,1.9836734693877551,0.27503793784745395,0.5610502523515386,-0.0025057114939963654,1.7242697749912512,-0.13397749265863057,0.5210084033613446,0.4700854700854701,0,0,0.0
V3_allz,C01_nr_hold3_t1,C续持,1,3,,True,,,,,,,,,-0.04659150386379407,-0.048081775932736215,0.06590221260708222,-0.2561845988926369,0.024829324145580922,-0.13734908791202483,-0.1665131895715068,0.475,3.05,-0.10197348689341412,12.845261033199451,-14.623337597029252,78.48872,0.0800584944,80,244,1,0.9959183673469387,0.05846083606386246,0.20773905602628373,-0.21058403189086083,0.11855072712841785,-0.22877801501000983,0.5121951219512195,0.4358974358974359,0,0,0.0
V3_allz,C02_nr_hold3_t2,C续持,2,3,,True,,,,,,,,,0.22948298147550217,0.23783923355951253,0.8481398706847746,-0.17262242000083605,0.2519011036916661,0.20811965806207744,0.6146461429986447,0.4875,3.05,-0.10197348689340857,25.07198669862083,-14.623337597029252,78.06602,0.0796273404,160,244,1,1.9918367346938775,0.1056415619539285,0.11945005991503055,0.0982919430714253,0.10555078206045798,0.09277626832343033,0.5,0.47435897435897434,0,0,0.0
V3_allz,C01_nr_hold5_t1,C续持,1,5,,True,,,,,,,,,0.8426525255242914,0.8799509169934625,1.8879191196520004,-0.13628496052656602,0.6772311300071716,0.9502480847983841,1.5801737121024582,0.5102040816326531,4.979591836734694,0.9988414023365033,26.20146015704683,-11.089323522347726,47.99828,0.0489582456,49,244,1,0.9959183673469387,0.24925964333438508,0.6325183197766286,0.1287178239913489,0.5780152610413412,0.23588670714844961,0.48,0.5416666666666666,0,0,0.0
V3_allz,C02_nr_hold5_t2,C续持,2,5,,True,,,,,,,,,0.3772937786672137,0.3918256455285254,1.2095395967563485,-0.14377815760746193,0.36750978670543744,0.6490402617629365,1.101466270254333,0.4639175257731959,5.030927835051546,-0.42036204344831907,26.20146015704683,-17.424463828522374,46.94298,0.0478818396,97,244,1,1.9918367346938775,0.12000890037607104,0.17481044006632662,0.17235405108372737,0.11411701593855161,0.48013201321923593,0.42,0.5106382978723404,0,0,0.0
V3_allz,J03_h10_rat30_15_sl8_t1,J利润锁定,1,10,,,,,0.08,,,0.3,0.15,,0.31228554615950865,0.3240309199210496,0.9327389885591527,-0.28168754231549065,0.3392213666561723,0.21761399514050095,0.6753603101442861,0.46153846153846156,9.384615384615385,-0.7149042142859496,18.075118650968914,-13.935254015802922,24.24194,0.0247267788,26,244,1,0.9959183673469387,0.079329226049407,0.06064695861792435,0.23725009108542783,-0.015397596165129923,0.23665551739269364,0.42857142857142855,0.5,0,0,0.0
V3_allz,J04_h10_rat30_15_sl8_t2,J利润锁定,2,10,,,,,0.08,,,0.3,0.15,,0.19924556297060758,0.20641095383505315,0.8524027917126361,-0.17666291211470553,0.2140808171012537,0.20489944818110417,0.6058251461644429,0.46153846153846156,9.384615384615385,-0.846632716413892,29.135707734856876,-12.546335501947182,25.34486,0.025851757200000006,52,244,1,1.9918367346938775,0.1320916095342436,0.2741255723474372,-0.058769724901505116,0.3276903570409113,-0.09248459794004804,0.5185185185185185,0.4,0,0,0.0
V4_allz,A01_daily_top1,A基线,1,1,,,,,,,,,,,0.029504380265175767,0.030486337316661283,0.2887547112033366,-0.3252309739178181,0.12446568553761383,-0.09112110753340008,0.08119035716644467,0.4793388429752066,1.0041322314049588,-0.10197348689340302,20.37844606020176,-16.000237918788983,231.64704,0.2362799808,242,244,2,0.9918367346938776,0.10963286388293339,0.22976141426276042,-0.16284218359350455,0.16333752867917273,-0.21873156323038845,0.4796747967479675,0.4789915966386555,9,1,0.0
V4_allz,A02_daily_top2,A基线,2,1,,,,,,,,,,,-0.24893654899032347,-0.25595285889497565,-0.5903865163489074,-0.38501009553284404,-0.2167167079629082,-0.5080453630069792,-0.7186812971407439,0.4639175257731959,1.002061855670103,-0.11688751846461454,20.37844606020176,-16.000237918789008,211.32692,0.2214119984,485,244,2,1.9836734693877551,0.03349812576730452,-0.01982306263719491,-0.23374706914607157,-0.15215517025477476,-0.41975864010298747,0.45121951219512196,0.4769874476987448,13,1,0.0
V4_allz,B01_hold2_t1,B持有期,1,2,,,,,,,,,,,0.19966099291748907,0.20684257042779763,0.6949381596566321,-0.28982853853796375,0.24607744159652623,0.08834173426307657,0.40813236514693,0.4672131147540984,2.0,-0.10197348689341412,26.712596435592005,-9.989512616829543,118.9773,0.12135684599999999,122,244,1,0.9959183673469387,0.13853045756303298,0.30110421618604954,-0.07796702370692654,0.22622065332839614,-0.11244217644766263,0.5,0.43333333333333335,4,0,0.0
V4_allz,B01_hold3_t1,B持有期,1,3,,,,,,,,,,,-0.0411369499806451,-0.04245666321533237,0.06579907678234005,-0.43883344001232283,0.023510013675841823,-0.22434718246197172,-0.09986647102505834,0.4691358024691358,3.0,-0.10197348689340302,45.715047561762745,-27.73467118995001,79.0419,0.080622738,81,244,2,0.9918367346938776,0.19967776794644346,0.4953713217700251,-0.3587792971150613,0.41091866899535257,-0.45024980207375576,0.5121951219512195,0.425,3,0,0.0
V4_allz,B01_hold5_t1,B持有期,1,5,,,,,,,,,,,0.5621459770648205,0.5851601397669879,1.5691745152617502,-0.2269985436359223,0.4979637699672308,0.6179839545281596,1.2989889337844611,0.5510204081632653,4.979591836734694,0.122687202450944,28.148368100721342,-12.798672345190266,47.99854,0.0489585108,49,244,1,0.9959183673469387,0.2656396122290251,0.539488798991741,0.014717338695752424,0.7002431752019254,-0.04838085626427846,0.64,0.4583333333333333,5,0,0.0
V4_allz,B01_hold7_t1,B持有期,1,7,,,,,,,,,,,-0.07975894294903874,-0.08226340062945225,-0.10867498416191022,-0.38067652733676993,-0.03363345548750396,-0.1252370315889233,-0.2805922994442881,0.5714285714285714,6.9714285714285715,0.48062562008939214,16.75507940556491,-15.549852082190396,33.63514,0.0343078428,35,244,1,0.9959183673469387,0.09883538760748278,0.3570769264928222,-0.3218946994926828,0.2700303661915422,-0.31122672992911127,0.6666666666666666,0.47058823529411764,1,0,0.0
V4_allz,B01_hold10_t1,B持有期,1,10,,,,,,,,,,,0.4197075131133632,0.43611430393277484,1.1127013188490134,-0.3798414300273112,0.4250578487015221,0.3773330512686115,0.8183927260199121,0.48,9.76,-0.10197348689342522,43.22497526924111,-18.297242716893624,23.65016,0.024123163200000002,25,244,1,0.9959183673469387,0.0977307345310423,0.18215473849941377,0.2009489679121792,0.14180278516725342,0.2062792884734972,0.46153846153846156,0.5,2,0,0.0
V4_allz,B01_hold20_t1,B持有期,1,20,,,,,,,,,,,0.8328623820487291,0.869636018909673,1.8639360766678315,-0.2681960448756383,0.672765024932893,0.9360868023673363,1.2444548368692476,0.5384615384615384,18.76923076923077,2.731756863396928,54.495836938911246,-28.526593495580542,12.55446,0.0128055492,13,244,1,0.9959183673469387,0.19635996108617051,0.42853834392593737,0.2830333815273185,0.3888735936933245,0.3939978491626803,0.5714285714285714,0.5,2,0,0.0
V4_allz,B02_hold2_t2,B持有期,2,2,,,,,,,,,,,0.2861131938808388,0.29676750116252326,1.0492038057752533,-0.20253649965635967,0.29088660172083425,0.41821293878768695,0.8515014295368214,0.4918032786885246,2.0,-0.10197348689340302,26.712596435592005,-15.420571296624164,118.63828,0.1211466256,244,244,1,1.9918367346938775,0.1898278167183883,0.317192453495017,-0.02359507870828892,0.45864300720660034,-0.02771758971809002,0.49193548387096775,0.49166666666666664,6,0,0.0
V4_allz,B02_hold3_t2,B持有期,2,3,,,,,,,,,,,0.15601487689880433,0.1615229563958649,0.6611181361933093,-0.3112354155990301,0.18517254753399226,-0.054047831209322106,0.3214011166463562,0.4691358024691358,3.0,-0.13434848908197017,45.715047561762745,-27.73467118995001,78.92358,0.0805330516,162,244,2,1.9836734693877551,0.22705065763425702,0.4649232554442315,-0.2108700079662208,1.0639793774765542,-0.5416852614355039,0.45121951219512196,0.4875,3,0,0.0
V4_allz,B02_hold5_t2,B持有期,2,5,,,,,,,,,,,0.38681782520394004,0.40176686340278245,1.3224219148747423,-0.27034819585404823,0.36664478610081996,0.7191900458945877,1.1433836279821328,0.5306122448979592,4.979591836734694,0.11863195535086746,28.148368100721342,-15.207022901049783,47.49646,0.0485194092,98,244,1,1.9918367346938775,0.24633002309487806,0.5826246329159543,-0.12372283587627586,1.9066831877499664,-0.40853889645077035,0.58,0.4791666666666667,5,0,0.0
V4_allz,B02_hold7_t2,B持有期,2,7,,,,,,,,,,,-0.22475964483722377,-0.2312036109087886,-0.7770212304144147,-0.3926727452331159,-0.2149371157597354,-0.444282145641534,-0.918287680894069,0.4714285714285714,6.9714285714285715,-0.6782167612813417,24.2352429411717,-19.224087744888518,30.96536,0.032493757199999994,70,244,1,1.9918367346938775,0.044164258404703526,0.09714890222229511,-0.29340461117673877,-0.08628267345541418,-0.39180549803074227,0.5,0.4411764705882353,1,0,0.0
V4_allz,B02_hold10_t2,B持有期,2,10,,,,,,,,,,,0.2156699487383713,0.2234790103151736,0.7531579993907075,-0.3265811060799175,0.2533999147692143,0.20380303211488426,0.5997402071062674,0.52,9.76,0.15998144406816905,43.22497526924109,-18.297242716893624,23.12576,0.023776215200000003,50,244,1,1.9918367346938775,0.05297666338903776,0.09908568823567476,0.10607385916365297,-0.006243699499736577,0.21136644015125472,0.46153846153846156,0.5833333333333334,2,0,0.0
V4_allz,B02_hold20_t2,B持有期,2,20,,,,,,,,,,,0.786085673041921,0.8203771614868887,2.0083299870389384,-0.20682997144266557,0.6310991632680555,2.470185609780727,1.7896284070754656,0.6538461538461539,18.76923076923077,2.1044093753015414,54.495836938911246,-28.526593495580542,12.67866,0.012963233200000002,26,244,1,1.9918367346938775,0.16269646608303878,0.4586725712593014,0.22445962735828862,0.6700208904107301,1.077929461665153,0.6428571428571429,0.6666666666666666,2,0,0.0
V3_allz,H01_re20_t1,H排名退出,1,,,,20,2,,,,,,,-0.40036308648440755,-0.4103341031391834,-1.1786811360885099,-0.5173440550824611,-0.4393826416012242,-0.4440479619529992,-1.3831420293310912,0.40789473684210525,3.210526315789474,-1.2355684474141315,12.845261033199451,-14.623337597029252,62.8256,0.06408211200000001,76,244,1,0.9959183673469387,0.03078036004053439,-0.04013509573395513,-0.3752903029889376,-0.10009575727003295,-0.3822097822758852,0.47368421052631576,0.34210526315789475,0,0,0.0
V3_allz,H01_re50_t1,H排名退出,1,,,,50,2,,,,,,,-0.19789075606723372,-0.20366897366660797,-0.32895269060401033,-0.3808356981913791,-0.13487708601132387,-0.2603906044512765,-0.40665071652714324,0.4520547945205479,3.3424657534246576,-0.7401054449247324,22.874373954086312,-14.623337597029252,66.70918,0.06804336360000002,73,244,1,0.9959183673469387,0.033568249794052936,0.10755453405343163,-0.2757835219208524,0.03510687528420431,-0.28547533282913196,0.5,0.4,0,0,0.0
V3_allz,H02_re10_t2,H排名退出,2,,,,10,2,,,,,,,0.2668632514176055,0.2767266583942831,1.0429567468106324,-0.1969237021291942,0.2711854881994319,0.32299731550383237,0.749685726833635,0.45454545454545453,3.168831168831169,-0.5345463197343192,27.644116494469138,-14.623337597029252,75.2461,0.07675102199999999,154,244,1,1.9918367346938775,0.17636931719196033,0.4281905156409773,-0.11295920429142992,0.9497106505860267,-0.3214391504164079,0.5131578947368421,0.3974358974358974,0,0,0.0
V3_allz,H02_re20_t2,H排名退出,2,,,,20,2,,,,,,,0.15455167432137462,0.16000461115962317,0.6406093757123144,-0.21709117480340456,0.18747854517490448,0.06905770620786633,0.41228136555194117,0.4533333333333333,3.2533333333333334,-0.46960918207935576,27.644116494469138,-14.623337597029252,73.18206,0.0746457012,150,244,1,1.9918367346938775,0.10803238578207688,0.32182760285250644,-0.12654897519929986,0.5980026454225342,-0.3310037944741996,0.5,0.40789473684210525,0,0,0.0
V3_allz,H02_re50_t2,H排名退出,2,,,,50,2,,,,,,,0.3827525287374032,0.3975232245129703,1.2833326607169075,-0.14210304630143378,0.36582187716597125,0.592568825278381,1.0073494636362235,0.48951048951048953,3.4125874125874125,-0.20244987559515648,27.644116494469138,-14.623337597029252,69.80814,0.07120430280000001,143,244,1,1.9918367346938775,0.16394331100542953,0.34383504547302235,0.028960015141354045,0.6391957457163486,-0.028444998445008918,0.5138888888888888,0.4647887323943662,0,0,0.0
V3_allz,H02_re100_t2,H排名退出,2,,,,100,2,,,,,,,0.39690030337715654,0.41229341239844697,1.3950239272536336,-0.16600987174433202,0.3705942672826015,0.6048009856790149,1.0123613536954923,0.5203252032520326,3.967479674796748,0.14246173745438018,27.644116494469138,-14.623337597029252,60.13172,0.06133435439999999,123,244,1,1.9918367346938775,0.2100919255862213,0.49099682069848494,-0.06310980413576417,1.156503035422059,-0.25583179837030323,0.5806451612903226,0.45901639344262296,0,0,0.0
V3_allz,H03_re20_sl8_t1,H排名退出,1,,,,20,2,0.08,,,,,,-0.46372267215358365,-0.4745674671089639,-1.6232935039184628,-0.5169618822975564,-0.5607141007760171,-0.4993457002182424,-1.9060674244408304,0.38666666666666666,3.2533333333333334,-1.4078748814132847,8.090670772392517,-12.040210327437773,56.17246,0.05729590920000001,75,244,1,0.9959183673469387,0.02272657217478134,-0.14648118075174832,-0.37168658059730875,-0.1896046822720434,-0.3822097822758851,0.43243243243243246,0.34210526315789475,0,0,0.0
V3_allz,H04_re20_sl8_t2,H排名退出,2,,,,20,2,0.08,,,,,,0.06462875012926816,0.06681701552043373,0.3615664683535659,-0.2340766024953277,0.10918175543115205,-0.07148284259247906,0.1670786168338805,0.45695364238410596,3.2317880794701987,-0.4244702828877456,27.644116494469138,-12.040210327437773,72.61208,0.0740729316,151,244,1,1.9918367346938775,0.05767085187917857,0.24144083311761344,-0.14242489716108253,0.3879258951517508,-0.33100379447420003,0.5066666666666667,0.40789473684210525,0,0,0.0
V2_allz,H03_re20_sl8_t1,H排名退出,1,,,,20,2,0.08,,,,,,-0.4452205880080897,-0.455834707224133,-1.8093366835468534,-0.5009557937804805,-0.542255240444689,-0.4562193984181968,-2.0331350045214043,0.410958904109589,3.3424657534246576,-0.7611427622224887,6.9446525401193115,-9.558974126186637,48.95118,0.04993020360000001,73,244,1,0.9959183673469387,0.021339554281112578,-0.36527926370940933,-0.12594723904227512,-0.37209871607291856,-0.1339711902150642,0.29411764705882354,0.5128205128205128,0,0,0.0
V2_allz,H04_re20_sl8_t2,H排名退出,2,,,,20,2,0.08,,,,,,-0.34918051848587495,-0.358281592859817,-1.7673252438933584,-0.40680050372775034,-0.402448609147369,-0.5597386935731328,-2.0010879316980725,0.4557823129251701,3.312925170068027,-0.4146870185914642,12.176616870917423,-9.576893468152381,54.34712,0.06055180240000001,147,244,1,1.9877551020408164,0.019394452397691275,-0.2413295764742106,-0.14215783121008663,-0.442981059656931,-0.20961160466875817,0.37142857142857144,0.5324675324675324,0,0,0.0
V2_allz,H03_re50_sl8_t1,H排名退出,1,,,,50,2,0.08,,,,,,-0.2050587149839661,-0.2110175384173899,-0.6289299001869557,-0.29002388134949897,-0.18502124233649175,-0.2117721919697625,-0.7220831227574913,0.4264705882352941,3.588235294117647,-0.6790185373258761,6.9446525401193115,-9.558974126186648,56.16646,0.057289789199999996,68,244,1,0.9959183673469387,0.017571836450273392,-0.1876166874662455,-0.021470194240353346,-0.1923498808924724,-0.02404792696465141,0.40625,0.4444444444444444,0,0,0.0
V2_allz,H04_re50_sl8_t2,H排名退出,2,,,,50,2,0.08,,,,,,-0.15764123103168204,-0.16236583417653117,-0.5808439458675978,-0.20501253118121632,-0.1411814577463376,-0.3604661029230304,-0.9943500627830366,0.41044776119402987,3.6417910447761193,-0.56445952939983,11.737053629214289,-9.558974126186648,60.3863,0.062029956000000004,134,244,1,1.9918367346938775,0.018688442768276272,-0.03162112400334982,-0.13013512598427357,-0.09917298913370975,-0.2900591463593494,0.4375,0.38571428571428573,0,0,0.0
V2_allz,I01_daily_t1_q0.3,I择时,1,1,,,,,,,,,,0.3,-0.3682999937975532,-0.3777423359495268,-1.8601963131236334,-0.39976846626423235,-0.43121556771366376,-0.37816121433817174,-1.9185770981568622,0.4098360655737705,1.0,-0.3377612386817108,5.7585717368656475,-7.226817859935597,146.11476,0.14903705520000002,183,244,62,0.746938775510204,0.2614338434729935,-0.1767783197972348,-0.23264896759417797,-0.1910646974844995,-0.23128736781775894,0.38144329896907214,0.4418604651162791,0,0,0.0
V2_allz,I02_daily_t1_q0.5,I择时,1,1,,,,,,,,,,0.5,-0.2916118945124312,-0.2995742217294026,-1.5225733542995838,-0.3269065961465678,-0.321515492597384,-0.30067236411711273,-1.5748330176484735,0.4444444444444444,1.0,-0.3244646296803766,5.758571736865625,-7.226817859935597,123.21024,0.1256744448,144,244,101,0.5877551020408164,0.4179207739135836,-0.09663201698059698,-0.215836603905461,-0.11095016310353856,-0.21339883675797677,0.4473684210526316,0.4411764705882353,0,0,0.0
V2_allz,I03_h5_sl8_t1_q0.3,I择时,1,5,,,,,0.08,,,,,0.3,-0.2594408946446529,-0.2666977867695831,-1.2610793980987718,-0.26731105390401333,-0.27556319514419336,-0.26915833302752024,-1.5871615914245338,0.2978723404255319,5.0,-1.0262324091575903,6.4146151889221015,-8.852433597024067,39.93552,0.0407342304,47,244,10,0.9591836734693877,0.05048450279041272,-0.10889004442130501,-0.1689475572356034,-0.12876897351972383,-0.1611390724627445,0.25,0.34782608695652173,0,0,0.0
V2_allz,I04_h5_sl8_t2_q0.3,I择时,2,5,,,,,0.08,,,,,0.3,0.116393370715139,0.12043077100294797,0.623195179083212,-0.14138914828485016,0.13382580504352448,0.201837484826205,0.7235279037583331,0.43617021276595747,5.0,-0.3704891464086646,10.829928486671058,-8.852433597024078,45.26744,0.04617278880000001,94,244,10,1.9183673469387754,0.07056445020744044,0.030509828883827916,0.08334082744686921,0.04263925823699766,0.152687734833999,0.3958333333333333,0.4782608695652174,0,0,0.0
V3_allz,H03_re50_sl8_t1,H排名退出,1,,,,50,2,0.08,,,,,,-0.2158102238661006,-0.2220358666092268,-0.43190771516504484,-0.3480278906321258,-0.16687983752741198,-0.26827762158706114,-0.49923939986773797,0.4714285714285714,3.4857142857142858,-0.5014898968012604,22.874373954086312,-12.040210327437773,62.53892,0.0637896984,70,244,1,0.9959183673469387,0.02476375615110895,0.0859685213302166,-0.27788903570304724,0.02406874392477487,-0.28547533282913173,0.5428571428571428,0.4,0,0,0.0
V3_allz,H04_re50_sl8_t2,H排名退出,2,,,,50,2,0.08,,,,,,0.35645945661745304,0.37008661884458594,1.2155573741001364,-0.16683076322134338,0.34659376033966993,0.5060023246734293,0.913604521170416,0.48951048951048953,3.4125874125874125,-0.3743822246543016,27.644116494469138,-12.040210327437773,69.58908,0.07098086160000001,143,244,1,1.9918367346938775,0.1441298191538329,0.3175419733530702,0.029537945698489,0.550094767937015,-0.028444998445008918,0.5138888888888888,0.4647887323943662,0,0,0.0
V3_allz,I01_daily_t1_q0.3,I择时,1,1,,,,,,,,,,0.3,-0.10447753918451463,-0.10771165538975913,-0.21094566423255479,-0.37500719560685547,-0.06389790565554265,-0.19346132649701164,-0.45222145074806813,0.4382716049382716,1.0,-0.30165685020383526,13.227894080872304,-8.96787021557639,156.6012,0.159733224,162,244,83,0.6612244897959184,0.40569503613475166,0.4152534520973803,-0.36723527542834344,0.3877785910982292,-0.41882755745300293,0.45977011494252873,0.41333333333333333,0,0,0.0
V3_allz,I02_daily_t1_q0.5,I择时,1,1,,,,,,,,,,0.5,-0.22940316320907872,-0.2359590444450409,-0.9090351972879382,-0.38310139323512105,-0.22825803783730148,-0.2855912162227019,-1.1041689906639927,0.38461538461538464,1.0,-0.45733133082082045,13.227894080872304,-5.656084973462461,109.73594,0.1119306588,117,244,128,0.4775510204081633,0.547295591367228,0.2088989629865945,-0.3625630756708105,0.15075820929374273,-0.3791842821475473,0.42424242424242425,0.3333333333333333,0,0,0.0
V3_allz,I03_h5_sl8_t1_q0.3,I择时,1,5,,,,,0.08,,,,,0.3,-0.21462059713942017,-0.22081695946811553,-0.43778948266928147,-0.3508290393830297,-0.1668238775345693,-0.2653265831512083,-0.5674270843164444,0.38636363636363635,4.840909090909091,-0.9917647037232025,19.606558682407794,-13.535980645032296,37.46606,0.03821538120000001,44,244,32,0.8693877551020408,0.14421719169402997,0.11715502414427292,-0.29698261576349194,0.05578588439498855,-0.3041454449168055,0.43478260869565216,0.3333333333333333,0,0,0.0
V3_allz,I04_h5_sl8_t2_q0.3,I择时,2,5,,,,,0.08,,,,,0.3,0.35628037541207,0.3698998084703209,1.327516394158351,-0.1866240354297357,0.3380753855690932,0.6113972004384847,1.1015391214211918,0.4827586206896552,4.896551724137931,-0.3733961296759736,26.201460157046853,-13.535980645032286,42.3477,0.04319465399999999,87,244,28,1.7387755102040816,0.26334324898064354,0.3527970083292262,0.0025749370093186563,0.7262705914425833,-0.06654425532911556,0.5111111111111111,0.4523809523809524,0,0,0.0
V3_allz,J01_h10_rat20_10_t1,J利润锁定,1,10,,,,,,,,0.2,0.1,,-0.12428417040762907,-0.12808636540487162,-0.25904036657129176,-0.4121938198038747,-0.08185741888982911,-0.2016003660851019,-0.4200554411783828,0.4,9.76,-1.7813787387611302,29.135707734856897,-10.654785311374603,23.7441,0.024218982,25,244,1,0.9959183673469387,0.13032491767909557,0.4137249810201258,-0.3805613953567787,0.24133139571966988,-0.35681991395052015,0.5384615384615384,0.25,0,0,0.0
V3_allz,J02_h10_rat20_10_t2,J利润锁定,2,10,,,,,,,,0.2,0.1,,0.24444576373597182,0.2534007204497539,0.966996610355471,-0.20532016856727042,0.2541477217663788,0.28668929010685096,0.6742022535883918,0.44,9.76,-1.2009419985359704,49.408054669144796,-15.818927268035631,24.4377,0.024926453999999997,50,244,1,1.9918367346938775,0.16579409214488755,0.28231172149681427,-0.029529448359594812,0.24479666616220985,0.03365419034563999,0.5,0.375,0,0,0.0
V4_allz,F01_h5_sl8_tp40_t1,F组合,1,5,,,,,0.08,0.4,,,,,0.3748626038938989,0.3892883411485131,1.215088770595385,-0.18837404614642472,0.364747405834874,0.37563525443324064,1.056811145602137,0.5714285714285714,4.959183673469388,0.7263115732411674,14.497780872831045,-12.798672345190266,47.98182,0.04894145640000001,49,244,2,0.9918367346938776,0.2589916623186217,0.539488798991741,-0.10693562382893718,0.7002431752019254,-0.19091852595152037,0.64,0.5,5,0,0.0
V4_allz,F02_h5_sl8_tp40_t2,F组合,2,5,,,,,0.08,0.4,,,,,0.4364279214361715,0.45358584631086996,1.5073513546607056,-0.24657796490311756,0.3980635380053307,0.8678570898465956,1.159756612059077,0.5151515151515151,4.909090909090909,0.11457670825079092,52.999320493461546,-12.798672345190266,48.10498,0.0491400796,99,244,2,1.9836734693877551,0.24691120650295242,0.5891287509292,-0.09609091107548151,1.8028678723907356,-0.3335907453056688,0.5490196078431373,0.4791666666666667,6,0,0.0
V4_allz,G01_h10_tr5_t1,G移动止损,1,10,,,,,,,0.05,,,,-0.1587916633391553,-0.16354729503494514,-0.2914639626907104,-0.34762077210999953,-0.10544403821859938,-0.1985140368961995,-0.7206988427749937,0.375,7.59375,-1.7591054042028154,13.693141082019977,-5.524292497509964,28.96176,0.029540995199999996,32,244,2,0.9918367346938776,0.0389223276019672,0.0713519222284138,-0.21481604764274842,0.018320425135663898,-0.21293343104944185,0.4666666666666667,0.29411764705882354,2,0,0.0
V4_allz,G02_h10_tr5_t2,G移动止损,2,10,,,,,,,0.05,,,,-0.08978603262994611,-0.0925892123690647,-0.15165592961323124,-0.20297861215278434,-0.04619560283794044,-0.2401133768161795,-0.49682405808261465,0.42424242424242425,7.378787878787879,-1.0798893932901676,16.78781491867507,-7.6812303169407015,30.39628,0.031144195599999997,66,244,1,1.9877551020408164,0.030939574740774706,0.08881454572234793,-0.16403213848856701,0.02269801582373332,-0.2569784907896109,0.4666666666666667,0.3888888888888889,2,0,0.0
V4_allz,G01_h10_tr8_t1,G移动止损,1,10,,,,,,,0.08,,,,-0.09804342620135609,-0.10108980802630319,-0.11084232098589364,-0.3356953812719642,-0.03916054114967815,-0.12625748680865678,-0.4037468622393278,0.5185185185185185,9.037037037037036,0.29808256255934307,13.60874743995133,-9.319808672716645,26.12616,0.026648683199999995,27,244,1,0.9959183673469387,0.04668557215020798,0.2598852350024783,-0.2840962424669825,0.1510054398323386,-0.24088759014152272,0.6153846153846154,0.42857142857142855,0,0,0.0
V4_allz,G02_h10_tr8_t2,G移动止损,2,10,,,,,,,0.08,,,,-0.04035887723830267,-0.04165417521598469,0.013878774160854064,-0.2551693719657635,0.0041263278494948485,-0.1683050511974794,-0.08994579182750181,0.509090909090909,8.854545454545455,0.028099025011085743,39.07691065325996,-12.798672345190242,25.65848,0.0262258496,55,244,1,1.9877551020408164,0.02556221640159491,0.06260738877701066,-0.09689963301857074,-0.017185155591559198,-0.15376232508665444,0.5769230769230769,0.4482758620689655,1,0,0.0
V4_allz,G01_h10_tr12_t1,G移动止损,1,10,,,,,,,0.12,,,,-0.019159246814941966,-0.019781165134354683,0.14419547152394294,-0.3377793379904741,0.05504572248506012,-0.05974257782086223,0.05985252322476003,0.34615384615384615,9.384615384615385,-1.1894393314356766,28.610284509418584,-16.547697598624367,25.0215,0.02552193,26,244,1,0.9959183673469387,0.08415947396090864,0.18215473849941377,-0.17029410681878887,0.14180278516725342,-0.17651503885462416,0.46153846153846156,0.23076923076923078,1,0,0.0
V4_allz,G02_h10_tr12_t2,G移动止损,2,10,,,,,,,0.12,,,,0.17376847684639007,0.17995062133331463,0.6744215396001445,-0.2766392355595033,0.21001311702839776,0.3307632069519437,0.7019513200426649,0.37254901960784315,9.568627450980392,-0.9197567732594059,60.26658927423871,-16.547697598624367,23.74716,0.0243293932,51,244,1,1.9918367346938775,0.054032529992041334,0.043348548217767346,0.12500130359255857,-0.029941761022007296,0.37183846647596397,0.4230769230769231,0.32,1,0,0.0
V4_allz,E01_h5_tp20_t1,E止盈,1,5,,,,,,0.2,,,,,0.6005554639204957,0.6254294690138529,1.6272746466967127,-0.2269985436359223,0.5238484980888445,0.6958797311917633,1.4740243988510946,0.6122448979591837,4.979591836734694,0.7367346234945282,22.878874333083377,-12.798672345190266,48.0224,0.048982848,49,244,1,0.9959183673469387,0.26517466539904283,0.539488798991741,0.03966684588335401,0.7002431752019254,-0.002566364667008547,0.64,0.5833333333333334,5,0,0.0
V4_allz,E02_h5_tp20_t2,E止盈,2,5,,,,,,0.2,,,,,0.581241448959448,0.6051762330967296,2.1330071796362216,-0.13687120450115098,0.4851868349374602,1.8177474957972937,2.140787245526687,0.5612244897959183,4.979591836734694,0.6484203257781873,25.857274017565324,-12.798672345190266,47.64988,0.048675877599999993,98,244,1,1.9918367346938775,0.2567890656120914,0.48341885062249124,0.06594401729215504,1.306345045339747,0.22173718173301848,0.54,0.5833333333333334,5,0,0.0
V4_allz,E01_h5_tp30_t1,E止盈,1,5,,,,,,0.3,,,,,0.5621459770648205,0.5851601397669879,1.5691745152617502,-0.2269985436359223,0.4979637699672308,0.6179839545281596,1.2989889337844611,0.5510204081632653,4.979591836734694,0.122687202450944,28.148368100721342,-12.798672345190266,47.99854,0.0489585108,49,244,1,0.9959183673469387,0.2656396122290251,0.539488798991741,0.014717338695752424,0.7002431752019254,-0.04838085626427846,0.64,0.4583333333333333,5,0,0.0
V4_allz,E02_h5_tp30_t2,E止盈,2,5,,,,,,0.3,,,,,0.38681782520394004,0.40176686340278245,1.3224219148747423,-0.27034819585404823,0.36664478610081996,0.7191900458945877,1.1433836279821328,0.5306122448979592,4.979591836734694,0.11863195535086746,28.148368100721342,-15.207022901049783,47.49646,0.0485194092,98,244,1,1.9918367346938775,0.24633002309487806,0.5826246329159543,-0.12372283587627586,1.9066831877499664,-0.40853889645077035,0.58,0.4791666666666667,5,0,0.0
V4_allz,F01_h5_sl8_tp15_t1,F组合,1,5,,,,,0.08,0.15,,,,,0.5029931959098362,0.5232068491261566,1.51564195307659,-0.18302665190810907,0.4534066161488628,0.5278539290165323,1.2360283306325974,0.6,4.86,0.780938559451605,14.497780872831045,-12.798672345190266,48.93958,0.04991837159999999,50,244,2,0.9918367346938776,0.29555835917664636,0.710957945794161,-0.12154872093468949,0.9951759106020797,-0.23422595426411563,0.6923076923076923,0.5,3,0,0.0
V4_allz,F02_h5_sl8_tp15_t2,F组合,2,5,,,,,0.08,0.15,,,,,0.3020681659359532,0.3133854588624685,1.1459555871316645,-0.2676256786457081,0.2989714638133111,0.5447336617716363,1.014368902374542,0.5247524752475248,4.821782178217822,0.122687202450944,26.712596435592005,-12.798672345190266,49.0876,0.050142351999999994,101,244,1,1.9877551020408164,0.2007115731834296,0.46162069250806637,-0.10916137640219836,1.3269201077070059,-0.33614667016056377,0.5384615384615384,0.5102040816326531,6,0,0.0
V4_allz,F01_h5_sl8_tp25_t1,F组合,1,5,,,,,0.08,0.25,,,,,0.3748626038938989,0.3892883411485131,1.215088770595385,-0.18837404614642472,0.364747405834874,0.37563525443324064,1.056811145602137,0.5714285714285714,4.959183673469388,0.7263115732411674,14.497780872831045,-12.798672345190266,47.98182,0.04894145640000001,49,244,2,0.9918367346938776,0.2589916623186217,0.539488798991741,-0.10693562382893718,0.7002431752019254,-0.19091852595152037,0.64,0.5,5,0,0.0
V4_allz,F02_h5_sl8_tp25_t2,F组合,2,5,,,,,0.08,0.25,,,,,0.45382593505005975,0.47177251340243753,1.6437892091496822,-0.18735680542753563,0.40565942156793244,1.0529417711359215,1.3703307593444702,0.5050505050505051,4.91919191919192,0.08146505761714717,45.715047561762745,-12.798672345190266,48.15216,0.049188203199999996,99,244,1,1.9877551020408164,0.2344333711254972,0.44805568895813197,0.003984823329603593,1.2067614297132923,-0.06970380055870162,0.5098039215686274,0.5,6,0,0.0
V4_allz,G03_h20_tr8_t1,G移动止损,1,20,,,,,,,0.08,,,,-0.06162756897002253,-0.06358252420842159,-0.030327525919061314,-0.23011782047607443,-0.009835426855238416,-0.07867391335561957,-0.41712246783377177,0.4,16.266666666666666,-0.519401490059368,6.867642984252664,-7.792281699065917,14.1352,0.014417904,15,244,1,0.9959183673469387,0.013382141408994644,0.06234685430148379,-0.11669863074336695,-0.038387608827916586,-0.0418945355712389,0.42857142857142855,0.375,0,0,0.0
V4_allz,G03_h20_tr12_t1,G移动止损,1,20,,,,,,,0.12,,,,0.11599040418573536,0.1200130898318561,0.5061164140517501,-0.30169240439970557,0.16126284950380199,0.0036560449873512813,0.21586351053247935,0.4,16.266666666666666,-0.5220323388187786,41.23947899332337,-13.873227397962618,14.76568,0.015060993599999998,15,244,1,0.9959183673469387,0.17565853691560174,0.4420223165067527,-0.22609352753348322,0.421749581154786,-0.29406974456630197,0.42857142857142855,0.375,0,0,0.0
V4_allz,G03_h20_tr20_t1,G移动止损,1,20,,,,,,,0.2,,,,0.4663923696209078,0.48491302969432337,1.3969815079881909,-0.22514897331741757,0.4315556136412949,0.5086305744903596,1.0116885832733495,0.5384615384615384,18.76923076923077,2.285465480467619,37.758005403802095,-21.826969099940328,12.54064,0.0127914528,13,244,1,0.9959183673469387,0.20547490819403869,0.42853834392593737,0.02649843167033228,0.3888735936933245,0.0862259757409416,0.5714285714285714,0.5,2,0,0.0
V4_allz,H01_re3_t1,H排名退出,1,,,,3,2,,,,,,,0.3737106779436614,0.3880861807939646,1.076528409957422,-0.3239446320623198,0.3816505385314808,0.21508556931609557,0.598419569209002,0.5189873417721519,3.088607594936709,0.06368352513350661,45.715047561762745,-18.242145329282756,77.50664,0.07905677280000001,79,244,1,0.9959183673469387,0.2325040127862041,0.6139308564927728,-0.14884167904883627,0.5893236274837252,-0.23547001485162422,0.6097560975609756,0.42105263157894735,5,0,0.0
V4_allz,H01_re5_t1,H排名退出,1,,,,5,2,,,,,,,-0.007059153911048166,-0.0072897559570267445,0.17505920554074153,-0.39929306782322904,0.06591884043234297,-0.05762088162623358,0.00570946148489311,0.5384615384615384,3.128205128205128,0.20512862304905566,7.2930546809946595,-18.242145329282756,73.99638,0.07547630760000001,78,244,1,0.9959183673469387,0.0879616348899975,0.2479721168765383,-0.20435654558203198,0.23262545182040784,-0.2354700148516239,0.65,0.42105263157894735,5,0,0.0
V4_allz,H01_re10_t1,H排名退出,1,,,,10,2,,,,,,,0.2787340221178902,0.28908397929909757,0.952487166434601,-0.3457156212302406,0.2955389946542847,0.25615238189298206,0.9056815397921563,0.5526315789473685,3.210526315789474,0.41328118452743645,9.520222078821238,-10.833404010534753,74.5333,0.07602396600000001,76,244,1,0.9959183673469387,0.2093715900852732,0.5055913140168564,-0.15067654136082986,0.6215357818362117,-0.22533169112646567,0.6923076923076923,0.40540540540540543,5,0,0.0
V4_allz,H01_re20_t1,H排名退出,1,,,,20,2,,,,,,,0.6331248608749636,0.6596007880227579,1.843474721819165,-0.18339170081482747,0.5339134482889798,0.7723451539611201,1.8073849832171405,0.5616438356164384,3.328767123287671,0.29872393498331373,16.292007123535868,-7.41488694420932,71.88536,0.07332306720000001,73,244,2,0.9918367346938776,0.27413504834553826,0.4576225899003197,0.12040309486877887,0.5918308174878388,0.11340045342140148,0.6842105263157895,0.42857142857142855,2,0,0.0
V4_allz,H01_re50_t1,H排名退出,1,,,,50,2,,,,,,,-0.020838289225373452,-0.021514109925481084,0.10892669287819,-0.43131480143783785,0.036063258567208045,-0.09438892089986028,0.02313148695196766,0.5070422535211268,3.4225352112676055,0.06368352513350661,16.292007123535868,-27.73467118995001,69.23212,0.07061676240000002,71,244,2,0.9918367346938776,0.18505730756938002,0.36216056314056,-0.2811701224728622,0.4038398739278497,-0.35490429078189645,0.6216216216216216,0.38235294117647056,3,0,0.0
V4_allz,D01_h5_sl5_t1,D止损,1,5,,,,,0.05,,,,,,0.1550918365618008,0.1605651227622742,0.6063160081752176,-0.2269254151401191,0.1995871818790349,0.07633397713212009,0.39657872415674195,0.49056603773584906,4.60377358490566,-0.42189030851977893,13.256016164348615,-7.744217272739862,52.06212,0.053103362400000007,53,244,1,0.9959183673469387,0.1730000669055225,0.3790486896093148,-0.16239952565486349,0.36507285609394735,-0.21151902455084426,0.5555555555555556,0.4230769230769231,3,0,0.0
V4_allz,D02_h5_sl5_t2,D止损,2,5,,,,,0.05,,,,,,-0.12436917343648113,-0.1281737741112976,-0.31321092532423633,-0.32229878632938747,-0.09007062938246724,-0.33919647168846245,-0.6604089076454979,0.44339622641509435,4.59433962264151,-0.440351084688545,13.256016164348615,-15.420571296624164,49.03548,0.050337339599999996,106,244,1,1.9877551020408164,0.0800429292595832,0.11994641297313136,-0.21814935391509171,0.04008466861338755,-0.3646637160871693,0.4339622641509434,0.4528301886792453,3,0,0.0
V4_allz,D01_h5_sl8_t1,D止损,1,5,,,,,0.08,,,,,,0.3748626038938989,0.3892883411485131,1.215088770595385,-0.18837404614642472,0.364747405834874,0.37563525443324064,1.056811145602137,0.5714285714285714,4.959183673469388,0.7263115732411674,14.497780872831045,-12.798672345190266,47.98182,0.04894145640000001,49,244,2,0.9918367346938776,0.2589916623186217,0.539488798991741,-0.10693562382893718,0.7002431752019254,-0.19091852595152037,0.64,0.5,5,0,0.0
V4_allz,D02_h5_sl8_t2,D止损,2,5,,,,,0.08,,,,,,0.3933350534807818,0.40857084966161583,1.3728918534348986,-0.2798445334086791,0.36882623859207386,0.6335383951788631,0.935210225889746,0.5050505050505051,4.909090909090909,0.08146505761714717,66.72331297347375,-12.798672345190266,48.07736,0.049111907200000006,99,244,2,1.9836734693877551,0.23841476108762966,0.5901182190131318,-0.12375379589982916,1.706514818280898,-0.39644210179627304,0.54,0.46938775510204084,6,0,0.0
V4_allz,D01_h5_sl10_t1,D止损,1,5,,,,,0.1,,,,,,0.3748626038938989,0.3892883411485131,1.215088770595385,-0.18837404614642472,0.364747405834874,0.37563525443324064,1.056811145602137,0.5714285714285714,4.959183673469388,0.7263115732411674,14.497780872831045,-12.798672345190266,47.98182,0.04894145640000001,49,244,2,0.9918367346938776,0.2589916623186217,0.539488798991741,-0.10693562382893718,0.7002431752019254,-0.19091852595152037,0.64,0.5,5,0,0.0
V4_allz,D02_h5_sl10_t2,D止损,2,5,,,,,0.1,,,,,,0.5307286751947746,0.5522456611757132,1.8280546207694388,-0.19291291623337037,0.4582288526474989,1.1821347614534856,1.2841026489113725,0.5151515151515151,4.91919191919192,0.11457670825079092,66.72331297347375,-13.709427390870655,48.09336,0.04912822720000001,99,244,1,1.9877551020408164,0.2616714405654812,0.5901182190131318,-0.037349137383770215,1.706514818280898,-0.19374734373724345,0.54,0.4897959183673469,6,0,0.0
V4_allz,E01_h5_tp10_t1,E止盈,1,5,,,,,,0.1,,,,,-0.08719574048048706,-0.08992210715670379,-0.017142589756100786,-0.5721325440420457,-0.0069078923546671556,-0.22489559588099095,-0.15943727469331256,0.5098039215686274,4.784313725490196,0.25238719279907507,26.712596435592005,-30.17408742553186,49.54648,0.05053740960000001,51,244,1,0.9959183673469387,0.2391798122926704,0.7500497822066097,-0.4784124035782724,0.9117005235684206,-0.5945471612508727,0.5925925925925926,0.4166666666666667,2,0,0.0
V4_allz,E02_h5_tp10_t2,E止盈,2,5,,,,,,0.1,,,,,0.04986547041998857,0.05154184303308651,0.3182276783599129,-0.3852048858139746,0.08882925814584597,-0.10860419508792751,0.1709045115348316,0.48,4.87,-0.189516399991696,26.712596435592005,-30.17408742553188,48.56254,0.04960679079999999,100,244,1,1.9877551020408164,0.20581607627703008,0.5018117559463986,-0.30093404432142445,1.5191691870490613,-0.6461548476002728,0.5384615384615384,0.4166666666666667,5,0,0.0
V5_allz,G01_h10_tr5_t1,G移动止损,1,10,,,,,,,0.05,,,,0.0003114034837763402,0.00032161507572792125,0.17827940313810994,-0.22751208599332928,0.061970960310742895,-0.017634396372131933,0.07136255674697864,0.5333333333333333,8.133333333333333,0.6532810119950883,10.787841641707963,-8.371297481742756,27.6592,0.028212383999999997,30,244,1,0.9959183673469387,0.02887515544967425,-0.03961506703207296,0.04157340368976992,-0.13389243917346472,0.13423049059909675,0.42857142857142855,0.625,0,0,0.0
V5_allz,G02_h10_tr5_t2,G移动止损,2,10,,,,,,,0.05,,,,0.10230634178103992,0.10583228945367784,0.4964200626722625,-0.2080819810861657,0.13551998705425106,0.1309180837717081,0.4923813223485016,0.4915254237288136,8.271186440677965,-0.38518597062781046,24.95313913534496,-8.371297481742769,27.68714,0.028261482800000005,59,244,1,1.9918367346938775,0.03995612191322375,0.07169358190790698,0.028564843897482373,-0.032294186177205586,0.16865897426426013,0.4642857142857143,0.5161290322580645,0,0,0.0
V5_allz,G01_h10_tr8_t1,G移动止损,1,10,,,,,,,0.08,,,,-0.3955459347762422,-0.40544109731178135,-1.5371180684285368,-0.4507904389048899,-0.45719934474569557,-0.41876831126724057,-1.996063040513131,0.37037037037037035,9.0,-1.8690958327517881,7.635478377154525,-11.1962676537956,20.4328,0.020841456,27,244,2,0.9918367346938776,0.033575255043031826,-0.16521646244894672,-0.27591520671693814,-0.27201265126075513,-0.20159094833260804,0.35714285714285715,0.38461538461538464,0,0,0.0
V5_allz,G02_h10_tr8_t2,G移动止损,2,10,,,,,,,0.08,,,,-0.3951663051986861,-0.40505543534621247,-2.243600402011892,-0.42417553696741794,-0.47880342530497255,-0.6863925302175404,-2.8491146671534993,0.37037037037037035,9.018518518518519,-1.9006680876355375,8.818346052997272,-14.187853582863251,20.71154,0.0222898308,54,244,1,1.9877551020408164,0.03781631233906182,-0.15473025487698655,-0.28444890132286604,-0.4460744671747138,-0.4338454337302149,0.35714285714285715,0.38461538461538464,0,0,0.0
V5_allz,G01_h10_tr12_t1,G移动止损,1,10,,,,,,,0.12,,,,0.17887144088739304,0.1852490308489172,0.6873476950929196,-0.1926172666414392,0.21373523265959982,0.15022151598036215,0.6493336355482847,0.5833333333333334,10.166666666666666,1.2860450539496582,10.217313195538868,-11.970115134250193,22.82308,0.023279541600000002,24,244,1,0.9959183673469387,0.04640311652173552,0.02012330220600922,0.155616618440233,-0.08837171824845202,0.2617220626047225,0.5,0.6666666666666666,0,0,0.0
V5_allz,G02_h10_tr12_t2,G移动止损,2,10,,,,,,,0.12,,,,-0.10043921995400795,-0.10355568775881496,-0.3231555748478312,-0.170610556440571,-0.0768616386283969,-0.24187460196287902,-0.4171308507580581,0.4489795918367347,9.959183673469388,-0.6136904372197605,19.639363010499245,-15.261668329870604,21.70954,0.022307070800000002,49,244,1,1.9918367346938775,0.03432118416946244,-0.005798762415413883,-0.09519245597452963,-0.229501972572819,-0.016057963745052306,0.44,0.4583333333333333,0,0,0.0
V5_allz,G03_h20_tr8_t1,G移动止损,1,20,,,,,,,0.08,,,,0.14231832090583496,0.14731270436691246,0.6285852473408643,-0.17347044351905616,0.17095564726543355,0.11628968560631958,0.6549547474805125,0.5,17.428571428571427,1.2533335986372351,8.533655003851838,-9.802565018830089,13.47296,0.0137424192,14,244,1,0.9959183673469387,0.04255821750620209,0.06175377616376476,0.07587874566658925,0.037004427003473284,0.07645604641433312,0.42857142857142855,0.5714285714285714,0,0,0.0
V5_allz,G03_h20_tr12_t1,G移动止损,1,20,,,,,,,0.12,,,,-0.13456913543861548,-0.1386603788734625,-0.3861491766053671,-0.3762543043617266,-0.10602689325232473,-0.16154297802899842,-0.5411865122058156,0.38461538461538464,18.76923076923077,-0.9185639738335527,13.812714291863571,-15.261668329870625,11.8219,0.012058338000000002,13,244,1,0.9959183673469387,0.047205543188828455,0.01998740245980546,-0.15152788899714842,-0.13953384189326923,-0.02557815426948995,0.2857142857142857,0.5,0,0,0.0
V4_allz,H02_re10_t2,H排名退出,2,,,,10,2,,,,,,,0.2905405450591534,0.30137815047914485,1.1455512867985178,-0.2414697155803741,0.28736533477316994,0.4128433589349092,0.8606637320475958,0.5,3.1623376623376624,-0.042956953978279255,25.31135185926685,-27.73467118995001,74.87908,0.0764466416,154,244,1,1.9877551020408164,0.26693667595176196,0.5674122540893505,-0.17664255737942813,1.8734980292808237,-0.5083193569168676,0.5949367088607594,0.4,5,0,0.0
V4_allz,H02_re20_t2,H排名退出,2,,,,20,2,,,,,,,-0.04876739315220402,-0.050325409203158866,-0.037541391304111604,-0.3933164394517611,-0.010408531430773471,-0.2650753344721465,-0.23593384244578228,0.5273972602739726,3.335616438356164,0.09929879293097965,16.292007123535868,-27.734671189950035,69.60574,0.0711844048,146,244,1,1.9877551020408164,0.1208416655533884,0.3148512280805813,-0.2765473488309359,0.6812876037468147,-0.5628798642837518,0.6447368421052632,0.4,5,0,0.0
V4_allz,H02_re50_t2,H排名退出,2,,,,50,2,,,,,,,0.11223409228655234,0.11611985134475855,0.5274541857315969,-0.33052199918462744,0.14506282666423054,-0.010266171614056296,0.3243152950260077,0.5211267605633803,3.4295774647887325,0.08439330636907938,21.340664076286096,-27.73467118995001,69.1328,0.070585436,142,244,1,1.9877551020408164,0.20721522484399935,0.42755811306386127,-0.22088349181144928,1.203906143029704,-0.5509183403675445,0.6216216216216216,0.4117647058823529,4,0,0.0
V4_allz,H02_re100_t2,H排名退出,2,,,,100,2,,,,,,,0.07282174494673654,0.07529709239639915,0.39756736365478373,-0.3220368521626582,0.108597885706745,-0.06899245510339258,0.21654779079354045,0.5,3.6893939393939394,-0.019144980879948204,23.63154415782236,-27.73467118995001,63.905,0.06525612000000001,132,244,1,1.9877551020408164,0.185466943114487,0.3873769260914941,-0.226726547940306,0.8648166334043592,-0.5007511579318205,0.5303030303030303,0.4696969696969697,7,0,0.0
V4_allz,H03_re20_sl8_t1,H排名退出,1,,,,20,2,0.08,,,,,,0.6331248608749636,0.6596007880227579,1.843474721819165,-0.18339170081482747,0.5339134482889798,0.7723451539611201,1.8073849832171405,0.5616438356164384,3.328767123287671,0.29872393498331373,16.292007123535868,-7.41488694420932,71.88536,0.07332306720000001,73,244,2,0.9918367346938776,0.27413504834553826,0.4576225899003197,0.12040309486877887,0.5918308174878388,0.11340045342140148,0.6842105263157895,0.42857142857142855,2,0,0.0
V4_allz,H04_re20_sl8_t2,H排名退出,2,,,,20,2,0.08,,,,,,-0.07317670781007402,-0.07548306241662117,-0.1072575092157608,-0.3935459156189838,-0.03155396076741446,-0.30350385418335224,-0.3314538535391895,0.5167785234899329,3.2684563758389262,0.07434751268020623,16.292007123535868,-21.425836097927952,71.052,0.07269257000000001,149,244,1,1.9877551020408164,0.12015024612843009,0.31696736088263733,-0.2962442960099142,0.6945069138279667,-0.5889682478525673,0.6363636363636364,0.3888888888888889,4,0,0.0
V4_allz,H03_re50_sl8_t1,H排名退出,1,,,,50,2,0.08,,,,,,-0.08114308805313919,-0.08368900187935358,-0.07728433652340853,-0.4498809768964884,-0.02589692498681928,-0.15717361248841344,-0.1782720375369443,0.5138888888888888,3.375,0.06901551890685642,14.604054497787411,-21.425836097927963,69.7765,0.07117203000000001,72,244,2,0.9918367346938776,0.1849002107704505,0.36216056314056,-0.3254415545342402,0.4038398739278497,-0.39962783280017944,0.6216216216216216,0.4,3,0,0.0
V4_allz,H04_re50_sl8_t2,H排名退出,2,,,,50,2,0.08,,,,,,0.1135295310783897,0.1174624633648258,0.5304632684887727,-0.33060501638133,0.14663341902012417,0.017926257823395852,0.3457419508616307,0.5104895104895105,3.4055944055944054,0.07039549027598735,21.340664076286096,-21.425836097927963,69.60184,0.07106385679999999,143,244,1,1.9877551020408164,0.20780665933942463,0.4296742458659166,-0.22113059370111732,1.2212345992852187,-0.5417295146802776,0.6133333333333333,0.39705882352941174,4,0,0.0
V5_allz,B02_hold2_t2,B持有期,2,2,,,,,,,,,,,-0.1392856134198447,-0.1435080338280923,-0.5854630131600068,-0.3180368410930694,-0.12609745716388265,-0.31388261800522355,-0.7890310181250025,0.45901639344262296,2.0,-0.10197348689340302,10.63903550366161,-8.668732482016928,109.81138,0.1137496876,244,244,1,1.9918367346938775,0.04654033883580793,0.042056531041938516,-0.17402332700747214,-0.026199627886977828,-0.295422961786316,0.45161290322580644,0.4666666666666667,0,0,0.0
V5_allz,B02_hold3_t2,B持有期,2,3,,,,,,,,,,,0.01736788210584983,0.01794239961092159,0.19708429051762183,-0.16342493613468378,0.04908020279220249,-0.09674999350495395,-0.011136902215021392,0.4382716049382716,3.0,-0.4443642651351998,9.554606711345958,-10.235790936072009,77.91806,0.07957231120000001,162,244,2,1.9836734693877551,0.07284817843140419,0.06333255917571012,-0.0432270005025438,0.02822669179431947,-0.12154584810590874,0.4268292682926829,0.45,0,0,0.0
V5_allz,B02_hold5_t2,B持有期,2,5,,,,,,,,,,,-0.11481968346430182,-0.1183522894059994,-0.42952541657195537,-0.23287264471981706,-0.09619895692452951,-0.21719533613191355,-0.3191229543409282,0.40625,5.083333333333333,-0.8357619539886285,24.71885513406089,-7.765912775487593,40.9343,0.042709215999999994,96,244,1,1.9918367346938775,0.02881790162176014,-0.02751404401862112,-0.08977573291284857,-0.09093664178319594,-0.138888772941397,0.4166666666666667,0.3958333333333333,0,10,0.0
V5_allz,B02_hold7_t2,B持有期,2,7,,,,,,,,,,,0.24697248775783964,0.25602915360011,1.1498266428007098,-0.10748263902516475,0.2438356337055182,0.497143981309047,1.2968613490844045,0.5142857142857142,6.9714285714285715,0.24573950622002183,11.794724603335926,-7.492415903627858,33.74686,0.0344327972,70,244,1,1.9918367346938775,0.1620608886416928,0.22563115903884712,0.01741252134592286,0.45140884182706453,0.031510859079796116,0.5833333333333334,0.4411764705882353,0,0,0.0
V5_allz,B02_hold10_t2,B持有期,2,10,,,,,,,,,,,-0.10235919488199363,-0.10553167378602624,-0.29485295444678505,-0.19833808723316337,-0.0748802316484598,-0.2625771223473611,-0.5136908908805281,0.46938775510204084,9.959183673469388,-0.6068927129451618,19.639363010499245,-15.261668329870604,21.58086,0.0222152272,49,244,1,1.9918367346938775,0.03372664495398482,-0.005798762415413883,-0.09712362931791696,-0.229501972572819,-0.04292697527725731,0.44,0.5,0,0,0.0
V5_allz,B02_hold20_t2,B持有期,2,20,,,,,,,,,,,-0.2371258093962103,-0.24386573390911004,-1.1222297607892253,-0.2804662746329434,-0.24585744318666347,-0.45552032795034336,-2.493054857215196,0.23076923076923078,18.76923076923077,-1.7208868165019764,7.708878375923001,-12.098854297882555,11.3835,0.01188844,26,244,1,1.9918367346938775,0.02577551251653182,-0.07031595578300254,-0.17942639184874898,-0.30689000862997573,-0.2144397298711277,0.21428571428571427,0.25,0,0,0.0
V5_allz,C01_nr_hold2_t1,C续持,1,2,,True,,,,,,,,,-0.45262386124219145,-0.4633327785279957,-2.1383937860506186,-0.48326603218065667,-0.5657102995492228,-0.4679538098846121,-2.5129195720634536,0.4,2.025,-0.48079879131240344,5.937791627277078,-7.957074017898192,96.74422,0.09867910440000001,120,244,2,0.9918367346938776,0.028804993075706727,-0.0999501409780792,-0.3918379817839879,-0.13968113889626144,-0.38157093355735094,0.45901639344262296,0.3389830508474576,0,0,0.0
V5_allz,C02_nr_hold2_t2,C续持,2,2,,True,,,,,,,,,-0.16872306647780466,-0.17374435006377942,-0.7341262404719211,-0.3201298528569314,-0.16022882390304738,-0.38291794022088377,-1.0797907381073137,0.43983402489626555,2.020746887966805,-0.19249976689019732,10.63903550366161,-7.957074017898192,108.29462,0.11187929240000001,241,244,1,1.9877551020408164,0.04893299156024011,0.04246521307025186,-0.20258544544241253,-0.025205596043219924,-0.36696183597861864,0.45528455284552843,0.423728813559322,0,0,0.0
V5_allz,C01_nr_hold3_t1,C续持,1,3,,True,,,,,,,,,-0.09227605093467817,-0.09515283562346033,-0.13558639775068448,-0.2965289238519091,-0.04363468005583926,-0.13010816241826306,-0.2962704582343958,0.4074074074074074,3.0,-0.5202747704006971,9.554606711345958,-10.235790936072009,77.89232,0.0794501664,81,244,2,0.9918367346938776,0.06760704105946234,0.06418488132861921,-0.14702420134738048,0.025948531638485095,-0.15210967143499732,0.4146341463414634,0.4,0,0,0.0
V5_allz,C02_nr_hold3_t2,C续持,2,3,,True,,,,,,,,,-0.10082756494956513,-0.1039553730417111,-0.35976121887332413,-0.3615220442716073,-0.08041682564488795,-0.2299280544782515,-0.3465935350696453,0.4444444444444444,3.0123456790123457,-0.344941155375722,16.26056505289233,-10.235790936072009,72.673,0.07488898000000001,162,244,1,1.9918367346938775,0.06003979498851781,0.011908668009591006,-0.11140949427867508,-0.07115472109460697,-0.17093625492800257,0.4268292682926829,0.4625,0,0,0.0
V5_allz,C01_nr_hold5_t1,C续持,1,5,,True,,,,,,,,,-0.23193441232262102,-0.2385509048565294,-0.9338526201687282,-0.30681091788171744,-0.2321057470577359,-0.25544032150515084,-1.1100685741849654,0.3829787234042553,5.191489361702128,-0.9031899257395115,10.122640840654151,-7.765912775487571,38.39068,0.039158493600000004,47,244,1,0.9959183673469387,0.02449984553975187,-0.14967111544700484,-0.09674291720533568,-0.20307091323640203,-0.06571401287588363,0.34782608695652173,0.4166666666666667,0,10,0.0
V5_allz,C02_nr_hold5_t2,C续持,2,5,,True,,,,,,,,,0.08324344812269024,0.08608703808496143,0.4889652552759877,-0.15039958766998862,0.10243472140469179,0.06788339978477098,0.3649600430580846,0.4791666666666667,5.083333333333333,-0.22391912299298267,13.38252683480432,-7.765912775487582,45.63446,0.046568459199999995,96,244,1,1.9918367346938775,0.06640488989946838,0.058446590309439994,0.023427594779250382,-0.018865117464950454,0.08841650500243303,0.4791666666666667,0.4791666666666667,0,10,0.0
V5_allz,D01_h5_sl3_t1,D止损,1,5,,,,,0.03,,,,,,-0.030569525526012553,-0.031555824840234004,0.052148960067606887,-0.31235581524449296,0.015814214695118123,-0.05722093175594445,-0.08929326355605365,0.4716981132075472,4.60377358490566,-0.2435797287606123,11.149286094191368,-5.665121926743566,48.25136,0.049216387199999996,53,244,1,0.9959183673469387,0.02495279291365285,-0.00605043904782665,-0.024668340770428343,-0.018073329072926914,-0.0398681529304592,0.5,0.4444444444444444,0,0,0.0
V5_allz,D02_h5_sl3_t2,D止损,2,5,,,,,0.03,,,,,,0.21463472164933517,0.22240298839243322,0.9591392185614238,-0.11348503566960277,0.22191784373030954,0.39774673281904116,1.048828770584946,0.5339805825242718,4.737864077669903,0.26346674668764614,13.38252683480432,-5.8504788754923815,48.8175,0.04979465,103,244,1,1.9918367346938775,0.042510628350900394,0.032352756942094496,0.17656945601343832,-0.029167659886177755,0.43974059687295486,0.5,0.5660377358490566,0,10,0.0
V5_allz,D01_h5_sl5_t1,D止损,1,5,,,,,0.05,,,,,,0.02559475532397615,0.02644492855058833,0.24820454813794104,-0.29413161464005655,0.0856576973889489,-0.009120444507950132,0.13342838897773085,0.5,4.6923076923076925,-0.002819207841442406,11.153965217270457,-7.336273473419519,48.8766,0.049854132,52,244,1,0.9959183673469387,0.032352655687294514,0.02915652358593035,-0.003460861569961615,-0.002139480245977765,-0.006995931920117937,0.5,0.5,0,0,0.0
V5_allz,D02_h5_sl5_t2,D止损,2,5,,,,,0.05,,,,,,0.22925367794952578,0.23760080304199138,1.02256471006578,-0.13241454764871707,0.23312987156661413,0.4171095072963109,0.9929982850386406,0.5,4.7745098039215685,-0.0028192078414535082,15.752573188818086,-7.336273473419519,49.18722,0.05017796440000001,102,244,1,1.9877551020408164,0.0766971560718079,0.03728219906306984,0.18507160255893296,-0.01482046622859634,0.43842767609211175,0.4807692307692308,0.52,0,0,0.0
V4_allz,C01_nr_hold2_t1,C续持,1,2,,True,,,,,,,,,-0.00046750127242245476,-0.000482825482054583,0.19044756317950523,-0.3003040668708902,0.07125902239281501,-0.06967024170951952,0.08130159588281664,0.4491525423728814,2.0677966101694913,-0.1792331520852508,26.712596435591983,-15.703875015515589,110.68598,0.11289969959999997,118,244,1,0.9959183673469387,0.05037880658309843,0.12382680111663191,-0.11059916195765784,0.06284386880112192,-0.12467881163026961,0.4915254237288136,0.4067796610169492,7,0,0.0
V4_allz,C02_nr_hold2_t2,C续持,2,2,,True,,,,,,,,,0.24512016197239328,0.25410224837651474,0.9380870840199225,-0.29349386491938156,0.2579195632766267,0.2808191291752653,0.7075393279275858,0.49572649572649574,2.0811965811965814,-0.10197348689339747,26.712596435592005,-21.425836097927963,114.14714,0.1164610828,234,244,1,1.9877551020408164,0.19651575924811227,0.43656945163413186,-0.13326838423576526,1.0686399920618297,-0.3808400040170048,0.5299145299145299,0.46153846153846156,8,0,0.0
V4_allz,C01_nr_hold3_t1,C续持,1,3,,True,,,,,,,,,0.31525468736969997,0.32712497076150493,0.9788108755002913,-0.31562360741698925,0.33272709721102445,0.14794215858351945,0.4977620814686132,0.5,3.0375,-0.04295695397826815,45.715047561762745,-18.242145329282756,78.5195,0.08008989000000001,80,244,2,0.9918367346938776,0.23208687598087424,0.6139308564927728,-0.18506131654990876,0.5893236274837252,-0.27771654637703735,0.6097560975609756,0.38461538461538464,4,0,0.0
V4_allz,C02_nr_hold3_t2,C续持,2,3,,True,,,,,,,,,0.40443341177924563,0.4201599347118077,1.3778295096732818,-0.2570424943364008,0.3782768953579002,0.6930390074209178,1.0661752625594287,0.4658385093167702,3.031055900621118,-0.20388378939923957,45.715047561762745,-18.242145329282756,78.29638,0.0799322876,161,244,1,1.9918367346938775,0.23821091676666084,0.5529391441246467,-0.09562881643318422,1.547330461059237,-0.3353673450295437,0.5,0.43037974683544306,5,0,0.0
V4_allz,C01_nr_hold5_t1,C续持,1,5,,True,,,,,,,,,0.5621459770648205,0.5851601397669879,1.5691745152617502,-0.2269985436359223,0.4979637699672308,0.6179839545281596,1.2989889337844611,0.5510204081632653,4.979591836734694,0.122687202450944,28.148368100721342,-12.798672345190266,47.99854,0.0489585108,49,244,1,0.9959183673469387,0.2656396122290251,0.539488798991741,0.014717338695752424,0.7002431752019254,-0.04838085626427846,0.64,0.4583333333333333,5,0,0.0
V4_allz,C02_nr_hold5_t2,C续持,2,5,,True,,,,,,,,,0.5522761953936881,0.5748176592334837,1.808960551797295,-0.22464405354362227,0.4755167794333318,1.4902572810384958,1.711178469750173,0.5510204081632653,4.979591836734694,0.6432088006515069,28.148368100721342,-15.207022901049783,47.66494,0.0486912388,98,244,1,1.9918367346938775,0.2516782943573876,0.5826246329159543,-0.019176017415037494,1.9066831877499664,-0.14326497929546333,0.58,0.5208333333333334,5,0,0.0
V4_allz,D01_h5_sl3_t1,D止损,1,5,,,,,0.03,,,,,,0.10678933533337753,0.1104773855766652,0.4704683348613318,-0.2792030038223836,0.1637309879337392,0.016796285941470313,0.21566875728606164,0.5087719298245614,4.280701754385965,0.08146505761714717,13.256016164348615,-8.433140716746978,56.08764,0.057209392799999995,57,244,1,0.9959183673469387,0.16574089848293788,0.41689889217887255,-0.2188649864554667,0.4147747620505342,-0.28130165082408254,0.5714285714285714,0.4482758620689655,5,0,0.0
V4_allz,D02_h5_sl3_t2,D止损,2,5,,,,,0.03,,,,,,-0.11310480341806728,-0.11658819597969106,-0.27406599507500207,-0.3665501248835088,-0.07811291330136472,-0.3108923339027281,-0.6423721441119776,0.45045045045045046,4.396396396396397,-0.4324660712181849,13.256016164348615,-10.149361166096826,51.48172,0.052933484399999994,111,244,1,1.9918367346938775,0.0821762042985703,0.14022815248523046,-0.22217742593983114,0.1939210897487571,-0.42281975583303866,0.4642857142857143,0.43636363636363634,5,0,0.0
V5_allz,D01_h5_sl8_t1,D止损,1,5,,,,,0.08,,,,,,-0.23193441232262102,-0.2385509048565294,-0.9338526201687282,-0.30681091788171744,-0.2321057470577359,-0.25544032150515084,-1.1100685741849654,0.3829787234042553,5.191489361702128,-0.9031899257395115,10.122640840654151,-7.765912775487571,38.39068,0.039158493600000004,47,244,1,0.9959183673469387,0.02449984553975187,-0.14967111544700484,-0.09674291720533568,-0.20307091323640203,-0.06571401287588363,0.34782608695652173,0.4166666666666667,0,10,0.0
V5_allz,D02_h5_sl8_t2,D止损,2,5,,,,,0.08,,,,,,-0.11481968346430182,-0.1183522894059994,-0.42952541657195537,-0.23287264471981706,-0.09619895692452951,-0.21719533613191355,-0.3191229543409282,0.40625,5.083333333333333,-0.8357619539886285,24.71885513406089,-7.765912775487593,40.9343,0.042709215999999994,96,244,1,1.9918367346938775,0.02881790162176014,-0.02751404401862112,-0.08977573291284857,-0.09093664178319594,-0.138888772941397,0.4166666666666667,0.3958333333333333,0,10,0.0
V5_allz,D01_h5_sl10_t1,D止损,1,5,,,,,0.1,,,,,,-0.23193441232262102,-0.2385509048565294,-0.9338526201687282,-0.30681091788171744,-0.2321057470577359,-0.25544032150515084,-1.1100685741849654,0.3829787234042553,5.191489361702128,-0.9031899257395115,10.122640840654151,-7.765912775487571,38.39068,0.039158493600000004,47,244,1,0.9959183673469387,0.02449984553975187,-0.14967111544700484,-0.09674291720533568,-0.20307091323640203,-0.06571401287588363,0.34782608695652173,0.4166666666666667,0,10,0.0
V5_allz,D02_h5_sl10_t2,D止损,2,5,,,,,0.1,,,,,,-0.11481968346430182,-0.1183522894059994,-0.42952541657195537,-0.23287264471981706,-0.09619895692452951,-0.21719533613191355,-0.3191229543409282,0.40625,5.083333333333333,-0.8357619539886285,24.71885513406089,-7.765912775487593,40.9343,0.042709215999999994,96,244,1,1.9918367346938775,0.02881790162176014,-0.02751404401862112,-0.08977573291284857,-0.09093664178319594,-0.138888772941397,0.4166666666666667,0.3958333333333333,0,10,0.0
V5_allz,E01_h5_tp10_t1,E止盈,1,5,,,,,,0.1,,,,,-0.23193441232262102,-0.2385509048565294,-0.9338526201687282,-0.30681091788171744,-0.2321057470577359,-0.25544032150515084,-1.1100685741849654,0.3829787234042553,5.191489361702128,-0.9031899257395115,10.122640840654151,-7.765912775487571,38.39068,0.039158493600000004,47,244,1,0.9959183673469387,0.02449984553975187,-0.14967111544700484,-0.09674291720533568,-0.20307091323640203,-0.06571401287588363,0.34782608695652173,0.4166666666666667,0,10,0.0
V5_allz,E02_h5_tp10_t2,E止盈,2,5,,,,,,0.1,,,,,-0.16851798377205873,-0.17353382189065503,-0.7023324481082616,-0.29983952821671556,-0.15838442864571467,-0.33831991386820837,-0.7400514189538768,0.4639175257731959,5.030927835051546,-0.5872841993120548,19.43147253357578,-10.096600823109746,39.37542,0.04183760840000001,97,244,1,1.9918367346938775,0.030791404383684544,-0.0828170533523217,-0.09343929772459814,-0.16617088955822223,-0.20645600178048285,0.4166666666666667,0.5102040816326531,0,10,0.0
V5_allz,E01_h5_tp20_t1,E止盈,1,5,,,,,,0.2,,,,,-0.23193441232262102,-0.2385509048565294,-0.9338526201687282,-0.30681091788171744,-0.2321057470577359,-0.25544032150515084,-1.1100685741849654,0.3829787234042553,5.191489361702128,-0.9031899257395115,10.122640840654151,-7.765912775487571,38.39068,0.039158493600000004,47,244,1,0.9959183673469387,0.02449984553975187,-0.14967111544700484,-0.09674291720533568,-0.20307091323640203,-0.06571401287588363,0.34782608695652173,0.4166666666666667,0,10,0.0
V5_allz,E02_h5_tp20_t2,E止盈,2,5,,,,,,0.2,,,,,-0.08667174511659848,-0.08938254292511294,-0.2825971017308178,-0.24354946064113514,-0.06416926494571995,-0.16838023610226183,-0.26990537439682094,0.4375,5.083333333333333,-0.6168312421068467,19.70685704401771,-7.88438119861291,40.40228,0.0420077556,96,244,1,1.9918367346938775,0.029487666349207995,-0.07946895992124059,-0.007824597848152592,-0.16696975325153285,-0.001693195242590706,0.4166666666666667,0.4583333333333333,0,10,0.0
V5_allz,E01_h5_tp30_t1,E止盈,1,5,,,,,,0.3,,,,,-0.23193441232262102,-0.2385509048565294,-0.9338526201687282,-0.30681091788171744,-0.2321057470577359,-0.25544032150515084,-1.1100685741849654,0.3829787234042553,5.191489361702128,-0.9031899257395115,10.122640840654151,-7.765912775487571,38.39068,0.039158493600000004,47,244,1,0.9959183673469387,0.02449984553975187,-0.14967111544700484,-0.09674291720533568,-0.20307091323640203,-0.06571401287588363,0.34782608695652173,0.4166666666666667,0,10,0.0
V5_allz,E02_h5_tp30_t2,E止盈,2,5,,,,,,0.3,,,,,-0.11481968346430182,-0.1183522894059994,-0.42952541657195537,-0.23287264471981706,-0.09619895692452951,-0.21719533613191355,-0.3191229543409282,0.40625,5.083333333333333,-0.8357619539886285,24.71885513406089,-7.765912775487593,40.9343,0.042709215999999994,96,244,1,1.9918367346938775,0.02881790162176014,-0.02751404401862112,-0.08977573291284857,-0.09093664178319594,-0.138888772941397,0.4166666666666667,0.3958333333333333,0,10,0.0
V5_allz,F01_h5_sl8_tp15_t1,F组合,1,5,,,,,0.08,0.15,,,,,-0.23193441232262102,-0.2385509048565294,-0.9338526201687282,-0.30681091788171744,-0.2321057470577359,-0.25544032150515084,-1.1100685741849654,0.3829787234042553,5.191489361702128,-0.9031899257395115,10.122640840654151,-7.765912775487571,38.39068,0.039158493600000004,47,244,1,0.9959183673469387,0.02449984553975187,-0.14967111544700484,-0.09674291720533568,-0.20307091323640203,-0.06571401287588363,0.34782608695652173,0.4166666666666667,0,10,0.0
V5_allz,F02_h5_sl8_tp15_t2,F组合,2,5,,,,,0.08,0.15,,,,,-0.13454374748006892,-0.13863428246453668,-0.5204322207744709,-0.23287264471981706,-0.1180557572959694,-0.23125286493579733,-0.3935932922478801,0.44329896907216493,5.030927835051546,-0.65442911163196,19.43147253357578,-10.145678699570503,41.22228,0.04288640560000001,97,244,1,1.9918367346938775,0.02856683266602753,-0.0828170533523217,-0.056397357055981256,-0.16617088955822223,-0.07805193481802697,0.4166666666666667,0.46938775510204084,0,10,0.0
V5_allz,F01_h5_sl8_tp25_t1,F组合,1,5,,,,,0.08,0.25,,,,,-0.23193441232262102,-0.2385509048565294,-0.9338526201687282,-0.30681091788171744,-0.2321057470577359,-0.25544032150515084,-1.1100685741849654,0.3829787234042553,5.191489361702128,-0.9031899257395115,10.122640840654151,-7.765912775487571,38.39068,0.039158493600000004,47,244,1,0.9959183673469387,0.02449984553975187,-0.14967111544700484,-0.09674291720533568,-0.20307091323640203,-0.06571401287588363,0.34782608695652173,0.4166666666666667,0,10,0.0
V5_allz,F02_h5_sl8_tp25_t2,F组合,2,5,,,,,0.08,0.25,,,,,-0.11481968346430182,-0.1183522894059994,-0.42952541657195537,-0.23287264471981706,-0.09619895692452951,-0.21719533613191355,-0.3191229543409282,0.40625,5.083333333333333,-0.8357619539886285,24.71885513406089,-7.765912775487593,40.9343,0.042709215999999994,96,244,1,1.9918367346938775,0.02881790162176014,-0.02751404401862112,-0.08977573291284857,-0.09093664178319594,-0.138888772941397,0.4166666666666667,0.3958333333333333,0,10,0.0
V5_allz,F01_h5_sl8_tp40_t1,F组合,1,5,,,,,0.08,0.4,,,,,-0.23193441232262102,-0.2385509048565294,-0.9338526201687282,-0.30681091788171744,-0.2321057470577359,-0.25544032150515084,-1.1100685741849654,0.3829787234042553,5.191489361702128,-0.9031899257395115,10.122640840654151,-7.765912775487571,38.39068,0.039158493600000004,47,244,1,0.9959183673469387,0.02449984553975187,-0.14967111544700484,-0.09674291720533568,-0.20307091323640203,-0.06571401287588363,0.34782608695652173,0.4166666666666667,0,10,0.0
V5_allz,F02_h5_sl8_tp40_t2,F组合,2,5,,,,,0.08,0.4,,,,,-0.11481968346430182,-0.1183522894059994,-0.42952541657195537,-0.23287264471981706,-0.09619895692452951,-0.21719533613191355,-0.3191229543409282,0.40625,5.083333333333333,-0.8357619539886285,24.71885513406089,-7.765912775487593,40.9343,0.042709215999999994,96,244,1,1.9918367346938775,0.02881790162176014,-0.02751404401862112,-0.08977573291284857,-0.09093664178319594,-0.138888772941397,0.4166666666666667,0.3958333333333333,0,10,0.0
V4_allz,I01_daily_t1_q0.3,I择时,1,1,,,,,,,,,,0.3,-0.3302145734576405,-0.3389585881404238,-0.8733060538762106,-0.47908390857956806,-0.3272305654954262,-0.35264770181014593,-0.8838036509188297,0.48148148148148145,1.0052910052910053,-0.10197348689340302,14.009847815370025,-16.000237918788997,158.28644,0.1614521688,189,244,55,0.7755102040816326,0.242817499408038,-0.05293652939886251,-0.2927766223342748,-0.07766876608335527,-0.29813468916053365,0.4782608695652174,0.4845360824742268,6,1,0.0
V4_allz,I02_daily_t1_q0.5,I择时,1,1,,,,,,,,,,0.5,-0.1702467694172234,-0.17530845783706017,-0.42811154978092725,-0.35103412313036453,-0.13507289273497924,-0.2122085317669098,-0.5751190602489917,0.47761194029850745,1.007462686567164,-0.10197348689340857,14.009847815370001,-10.597225878741234,117.06954,0.11941093080000001,134,244,110,0.5510204081632653,0.46076699806573096,-0.03616152320446575,-0.13911588864822044,-0.07968742068001144,-0.14399576194516128,0.4838709677419355,0.4722222222222222,3,1,0.0
V4_allz,I03_h5_sl8_t1_q0.3,I择时,1,5,,,,,0.08,,,,,0.3,0.9373946407311031,0.9798627318658217,2.6351919988202024,-0.13201563213908318,0.6977685837308909,1.4659077734883414,2.7008553858024813,0.6382978723404256,4.9361702127659575,1.0996371712585384,21.080103518564286,-7.100153959970401,46.03974,0.0469605348,47,244,13,0.9469387755102041,0.3269045109716647,0.4749206487592823,0.3135585581236946,0.6126501094707837,0.5291027849169141,0.6666666666666666,0.6086956521739131,1,0,0.0
V4_allz,I04_h5_sl8_t2_q0.3,I择时,2,5,,,,,0.08,,,,,0.3,0.4654748136342588,0.4839534309792919,1.6452643648052852,-0.1400920435906412,0.4151838412948211,1.3815470114837907,1.9165465844074832,0.5578947368421052,4.873684210526315,0.7367346234945282,21.080103518564243,-11.716412012722643,46.18566,0.047163953200000004,95,244,9,1.889795918367347,0.20551274146076975,0.22245416303520527,0.1987973520378561,0.5161976825142212,0.5707364804400779,0.5625,0.5531914893617021,3,0,0.0
V4_allz,J01_h10_rat20_10_t1,J利润锁定,1,10,,,,,,,,0.2,0.1,,0.4197075131133632,0.43611430393277484,1.1127013188490134,-0.3798414300273112,0.4250578487015221,0.3773330512686115,0.8183927260199121,0.48,9.76,-0.10197348689342522,43.22497526924111,-18.297242716893624,23.65016,0.024123163200000002,25,244,1,0.9959183673469387,0.0977307345310423,0.18215473849941377,0.2009489679121792,0.14180278516725342,0.2062792884734972,0.46153846153846156,0.5,2,0,0.0
V4_allz,J02_h10_rat20_10_t2,J利润锁定,2,10,,,,,,,,0.2,0.1,,0.267123767317929,0.2769978115116276,0.9085743861370627,-0.26688074744457135,0.2887974541444125,0.4189716670151542,0.8486605768815,0.56,9.76,0.3705852303346524,43.22497526924109,-18.297242716893624,23.56244,0.0241128888,50,244,1,1.9918367346938775,0.05157428174597096,0.09908568823567476,0.1528889702421654,-0.006243699499736577,0.4278869641388292,0.46153846153846156,0.6666666666666666,2,0,0.0
V4_allz,J03_h10_rat30_15_sl8_t1,J利润锁定,1,10,,,,,0.08,,,0.3,0.15,,0.3555777661915873,0.36916688235335937,1.1055977861085946,-0.2375428978875066,0.35783725640448805,0.29066642039537993,0.7457607436911123,0.46153846153846156,9.384615384615385,-0.2697151089710026,39.08023818795239,-12.798672345190266,25.24336,0.0257482272,26,244,1,0.9959183673469387,0.17529414221671993,0.18215473849941377,0.14670078463020064,0.14180278516725342,0.13037596085940595,0.46153846153846156,0.46153846153846156,2,0,0.0
V4_allz,J04_h10_rat30_15_sl8_t2,J利润锁定,2,10,,,,,0.08,,,0.3,0.15,,-0.15111967994974662,-0.155667391021733,-0.408271410650151,-0.23797850762724526,-0.11950322257259138,-0.35120044666727446,-0.4511361119283864,0.45454545454545453,8.872727272727273,-0.8384302585931702,39.08023818795237,-12.798672345190266,25.33644,0.025961648800000004,55,244,1,1.9918367346938775,0.03884145358221723,0.007414689197999147,-0.15736753776536105,-0.06318956761899341,-0.30743773670012375,0.5,0.41379310344827586,2,0,0.0
V5_allz,A01_daily_top1,A基线,1,1,,,,,,,,,,,-0.3131534886121423,-0.3215609547165087,-1.149655861147538,-0.3760656562178528,-0.3324277913582955,-0.3357581406928447,-1.325034865327602,0.43209876543209874,1.0,-0.2583050064528303,7.519151081324904,-9.113306462408477,192.52452,0.1963750104,243,244,2,0.9918367346938776,0.028571984849821427,-0.1857493516054557,-0.15646795892381382,-0.21434128435792088,-0.1545414744564957,0.4065040650406504,0.4583333333333333,0,0,0.0
V5_allz,A02_daily_top2,A基线,2,1,,,,,,,,,,,-0.14191216926568906,-0.1462072634861833,-0.5269406093890321,-0.25797609078720074,-0.12433347050543564,-0.3162187552045487,-0.6804638705509024,0.4567901234567901,1.0,-0.18845782828801338,10.26085318199157,-9.113306462408467,223.98526,0.22957271520000003,486,244,2,1.9836734693877551,0.05415255997301062,0.01949055542585576,-0.15831703769352223,-0.027571056640704916,-0.296831661104922,0.44308943089430897,0.4708333333333333,0,0,0.0
V5_allz,B01_hold2_t1,B持有期,1,2,,,,,,,,,,,-0.29330147652244665,-0.30129951869204397,-1.2200657533299033,-0.4536172091035121,-0.3129814140659072,-0.312467434666153,-1.5043783142239682,0.4344262295081967,2.0,-0.1792699604896919,6.660607394197204,-7.957074017898192,98.64666,0.1006195932,122,244,1,0.9959183673469387,0.026026651773985728,-0.10120983499902658,-0.21372245603423057,-0.14055843603733054,-0.20002406892702873,0.45161290322580644,0.4166666666666667,0,0,0.0
V5_allz,B01_hold3_t1,B持有期,1,3,,,,,,,,,,,-0.09227605093467817,-0.09515283562346033,-0.13558639775068448,-0.2965289238519091,-0.04363468005583926,-0.13010816241826306,-0.2962704582343958,0.4074074074074074,3.0,-0.5202747704006971,9.554606711345958,-10.235790936072009,77.89232,0.0794501664,81,244,2,0.9918367346938776,0.06760704105946234,0.06418488132861921,-0.14702420134738048,0.025948531638485095,-0.15210967143499732,0.4146341463414634,0.4,0,0,0.0
V5_allz,B01_hold5_t1,B持有期,1,5,,,,,,,,,,,-0.23193441232262102,-0.2385509048565294,-0.9338526201687282,-0.30681091788171744,-0.2321057470577359,-0.25544032150515084,-1.1100685741849654,0.3829787234042553,5.191489361702128,-0.9031899257395115,10.122640840654151,-7.765912775487571,38.39068,0.039158493600000004,47,244,1,0.9959183673469387,0.02449984553975187,-0.14967111544700484,-0.09674291720533568,-0.20307091323640203,-0.06571401287588363,0.34782608695652173,0.4166666666666667,0,10,0.0
V5_allz,B01_hold7_t1,B持有期,1,7,,,,,,,,,,,0.410854743519413,0.4268665659565094,1.4219880463811616,-0.14488803906353664,0.3807220834697663,0.42511833575253544,1.5765195434457553,0.6285714285714286,6.9714285714285715,0.7232087911111185,11.794724603335926,-7.398213110553997,34.38304,0.03507070080000001,35,244,1,0.9959183673469387,0.20629650632435162,0.26982348784469745,0.11106366910419418,0.2607788821567374,0.13034756206788023,0.6666666666666666,0.5882352941176471,0,0,0.0
V5_allz,B01_hold10_t1,B持有期,1,10,,,,,,,,,,,0.1483865268938902,0.1536078161135903,0.5869960073833682,-0.1926172666414392,0.1938193776116922,0.11894478094800509,0.5754659850546755,0.625,10.166666666666666,1.2860450539496582,9.481027160917431,-11.970115134250193,22.81906,0.0232754412,24,244,1,0.9959183673469387,0.036718795270837754,0.02012330220600922,0.12573306031781972,-0.08837171824845202,0.22741341328082965,0.5,0.75,0,0,0.0
V5_allz,B01_hold20_t1,B持有期,1,20,,,,,,,,,,,-0.1855659133556372,-0.19102856659569978,-0.6697826448285211,-0.3261713890996786,-0.17182125975261187,-0.2112333141090561,-1.1478741188366013,0.3076923076923077,18.76923076923077,-0.9185639738335527,7.708878375923001,-12.098854297882555,12.05522,0.012296324400000001,13,244,1,0.9959183673469387,0.047838942724938584,0.01998740245980546,-0.20152534758736174,-0.10741739134164519,-0.11630959617671377,0.2857142857142857,0.3333333333333333,0,0,0.0
V6_allz,D01_h5_sl10_t1,D止损,1,5,,,,,0.1,,,,,,0.9274620378157281,0.9693804891345164,2.888167973151887,-0.13984353989956522,0.6857967556255764,1.3332723586549409,2.9370093634253456,0.5918367346938775,4.979591836734694,0.7880028343965728,17.060170788554885,-5.667536749723423,48.09992,0.0490619184,49,244,1,0.9959183673469387,0.26967178842046713,0.41946215425386346,0.35788194989171407,0.44724194295196784,0.6122199677931663,0.52,0.6666666666666666,0,0,0.0
V6_allz,D02_h5_sl10_t2,D止损,2,5,,,,,0.1,,,,,,0.7206148796008973,0.7515034934469287,2.8642590534834658,-0.13110381854196262,0.5629929258871263,2.6719455287045055,2.632792706048453,0.5306122448979592,4.979591836734694,0.26058306345252413,30.750538984493115,-7.967948637922683,47.27064,0.048216052800000006,98,244,1,1.9918367346938775,0.2810953267093983,0.3502330015165691,0.2743096026154901,0.8367178250451399,0.9991887042389116,0.5,0.5625,0,0,0.0
V6_allz,E01_h5_tp10_t1,E止盈,1,5,,,,,,0.1,,,,,0.8721171613360719,0.9110056716979589,2.878302370454148,-0.1548443692270305,0.6541204983153657,1.1810807333211222,2.4563249504208153,0.56,4.86,0.7144193310365199,19.667070266338605,-8.570845960215633,49.20942,0.05019360839999999,50,244,2,0.9918367346938776,0.25957385778329195,0.4499227610204226,0.29118406281070874,0.4767538740791908,0.47694261826880613,0.52,0.6,0,0,0.0
V6_allz,E02_h5_tp10_t2,E止盈,2,5,,,,,,0.1,,,,,0.6223215711191039,0.6482636409367908,2.426164189216132,-0.13416448624897026,0.5065468919755033,2.140403996217184,2.5715596267719527,0.5858585858585859,4.91919191919192,0.8977665806890078,19.667070266338605,-12.660985723782991,47.79326,0.04877184520000002,99,244,1,1.9877551020408164,0.23089033225063874,0.32964358679545946,0.22011762191778095,0.8096487246940831,0.7353666230157798,0.56,0.6122448979591837,0,0,0.0
V6_allz,E01_h5_tp20_t1,E止盈,1,5,,,,,,0.2,,,,,0.9274620378157281,0.9693804891345164,2.888167973151887,-0.13984353989956522,0.6857967556255764,1.3332723586549409,2.9370093634253456,0.5918367346938775,4.979591836734694,0.7880028343965728,17.060170788554885,-5.667536749723423,48.09992,0.0490619184,49,244,1,0.9959183673469387,0.26967178842046713,0.41946215425386346,0.35788194989171407,0.44724194295196784,0.6122199677931663,0.52,0.6666666666666666,0,0,0.0
V6_allz,E02_h5_tp20_t2,E止盈,2,5,,,,,,0.2,,,,,0.6742214084716902,0.702750508218918,2.7234967007671567,-0.13110381854196262,0.5356233292435806,2.241510497774703,2.3453827723072096,0.5102040816326531,4.979591836734694,0.12884311004366378,30.750538984493115,-9.88203936541716,47.18226,0.0481259052,98,244,1,1.9918367346938775,0.2820398283946271,0.3502330015165691,0.23994999869742584,0.8367178250451399,0.7648385906501658,0.5,0.5208333333333334,0,0,0.0
V6_allz,E01_h5_tp30_t1,E止盈,1,5,,,,,,0.3,,,,,0.9274620378157281,0.9693804891345164,2.888167973151887,-0.13984353989956522,0.6857967556255764,1.3332723586549409,2.9370093634253456,0.5918367346938775,4.979591836734694,0.7880028343965728,17.060170788554885,-5.667536749723423,48.09992,0.0490619184,49,244,1,0.9959183673469387,0.26967178842046713,0.41946215425386346,0.35788194989171407,0.44724194295196784,0.6122199677931663,0.52,0.6666666666666666,0,0,0.0
V6_allz,E02_h5_tp30_t2,E止盈,2,5,,,,,,0.3,,,,,0.6742214084716902,0.702750508218918,2.7234967007671567,-0.13110381854196262,0.5356233292435806,2.241510497774703,2.3453827723072096,0.5102040816326531,4.979591836734694,0.12884311004366378,30.750538984493115,-9.88203936541716,47.18226,0.0481259052,98,244,1,1.9918367346938775,0.2820398283946271,0.3502330015165691,0.23994999869742584,0.8367178250451399,0.7648385906501658,0.5,0.5208333333333334,0,0,0.0
V6_allz,C01_nr_hold5_t1,C续持,1,5,,True,,,,,,,,,0.9274620378157281,0.9693804891345164,2.888167973151887,-0.13984353989956522,0.6857967556255764,1.3332723586549409,2.9370093634253456,0.5918367346938775,4.979591836734694,0.7880028343965728,17.060170788554885,-5.667536749723423,48.09992,0.0490619184,49,244,1,0.9959183673469387,0.26967178842046713,0.41946215425386346,0.35788194989171407,0.44724194295196784,0.6122199677931663,0.52,0.6666666666666666,0,0,0.0
V6_allz,C02_nr_hold5_t2,C续持,2,5,,True,,,,,,,,,0.8349101237379599,0.871793371081403,3.192271494560364,-0.12749284880520861,0.6275057812724065,3.676080750658861,2.9890672197978465,0.5670103092783505,5.030927835051546,0.7467022920390587,23.35062180996934,-11.047208989771008,46.71542,0.0476644384,97,244,1,1.9918367346938775,0.2834378560820838,0.4092034542497105,0.3020902824247633,1.1766058091057978,1.148336061172191,0.5714285714285714,0.5625,0,0,0.0
V6_allz,D01_h5_sl3_t1,D止损,1,5,,,,,0.03,,,,,,0.6894980386891998,0.7187992569199531,2.2233494794633635,-0.180814966435217,0.556924919733655,0.8041030374792153,1.750518655024196,0.5660377358490566,4.60377358490566,0.7353297522878277,23.35062180996936,-6.642972551654469,51.91926,0.052957645200000014,53,244,1,0.9959183673469387,0.12631330659276496,0.11853183498553355,0.5104603962488454,0.07444779480233743,0.6790979014584035,0.5769230769230769,0.5555555555555556,0,0,0.0
V6_allz,D02_h5_sl3_t2,D止损,2,5,,,,,0.03,,,,,,0.641531081535663,0.6684241140554634,2.6457816399234875,-0.12849253460736842,0.5155224160175763,2.185149005964199,2.491891510638111,0.5728155339805825,4.728155339805825,0.7271431121491867,30.750538984493115,-6.642972551654469,49.77084,0.0507777368,103,244,1,1.9877551020408164,0.20301633970305658,0.18394665226105955,0.3864907497316077,0.3637795572398854,1.3355306867999497,0.6153846153846154,0.5294117647058824,0,0,0.0
V6_allz,D01_h5_sl5_t1,D止损,1,5,,,,,0.05,,,,,,0.9274620378157281,0.9693804891345164,2.888167973151887,-0.13984353989956522,0.6857967556255764,1.3332723586549409,2.9370093634253456,0.5918367346938775,4.979591836734694,0.7880028343965728,17.060170788554885,-5.667536749723423,48.09992,0.0490619184,49,244,1,0.9959183673469387,0.26967178842046713,0.41946215425386346,0.35788194989171407,0.44724194295196784,0.6122199677931663,0.52,0.6666666666666666,0,0,0.0
V6_allz,D02_h5_sl5_t2,D止损,2,5,,,,,0.05,,,,,,0.7397514286069073,0.771625929866119,2.979061778611899,-0.13431353156522485,0.5732768587094523,2.84768956214553,2.8715118533680672,0.5656565656565656,4.91919191919192,0.7201811739474095,22.749228057847827,-8.701136305959057,47.68898,0.0486542396,99,244,1,1.9877551020408164,0.26881084644885683,0.336239196096066,0.30197604866683925,0.7494329715371677,1.1993923887033509,0.5490196078431373,0.5833333333333334,0,0,0.0
V6_allz,D01_h5_sl8_t1,D止损,1,5,,,,,0.08,,,,,,0.9274620378157281,0.9693804891345164,2.888167973151887,-0.13984353989956522,0.6857967556255764,1.3332723586549409,2.9370093634253456,0.5918367346938775,4.979591836734694,0.7880028343965728,17.060170788554885,-5.667536749723423,48.09992,0.0490619184,49,244,1,0.9959183673469387,0.26967178842046713,0.41946215425386346,0.35788194989171407,0.44724194295196784,0.6122199677931663,0.52,0.6666666666666666,0,0,0.0
V6_allz,D02_h5_sl8_t2,D止损,2,5,,,,,0.08,,,,,,0.7206148796008973,0.7515034934469287,2.8642590534834658,-0.13110381854196262,0.5629929258871263,2.6719455287045055,2.632792706048453,0.5306122448979592,4.979591836734694,0.26058306345252413,30.750538984493115,-7.967948637922683,47.27064,0.048216052800000006,98,244,1,1.9918367346938775,0.2810953267093983,0.3502330015165691,0.2743096026154901,0.8367178250451399,0.9991887042389116,0.5,0.5625,0,0,0.0
V6_allz,B01_hold2_t1,B持有期,1,2,,,,,,,,,,,0.377603681034979,0.3921490868177562,1.4316800075030272,-0.16330626988233587,0.3513306417289853,0.34564877035417374,1.1907582113257755,0.5655737704918032,2.0,0.2630364206546498,9.419360490082118,-6.434846512860403,119.81344,0.12220970880000001,122,244,1,0.9959183673469387,0.17420248416933132,0.22608734743234415,0.12357711212006128,0.18513481220792616,0.13543940865867188,0.6290322580645161,0.5,0,0,0.0
V6_allz,B01_hold3_t1,B持有期,1,3,,,,,,,,,,,0.3711271445637414,0.38539010218934,1.319440146057186,-0.22701335323098748,0.3522201861353128,0.3626248528210314,1.264815732077483,0.5555555555555556,3.0,0.3003363994576791,9.392184913085021,-7.398025849829093,78.94078,0.08051959560000001,81,244,2,0.9918367346938776,0.18557310671229865,0.3533998744003397,0.013098324079019674,0.370300296348512,-0.005601285753154439,0.6097560975609756,0.5,0,0,0.0
V6_allz,B01_hold5_t1,B持有期,1,5,,,,,,,,,,,0.9274620378157281,0.9693804891345164,2.888167973151887,-0.13984353989956522,0.6857967556255764,1.3332723586549409,2.9370093634253456,0.5918367346938775,4.979591836734694,0.7880028343965728,17.060170788554885,-5.667536749723423,48.09992,0.0490619184,49,244,1,0.9959183673469387,0.26967178842046713,0.41946215425386346,0.35788194989171407,0.44724194295196784,0.6122199677931663,0.52,0.6666666666666666,0,0,0.0
V6_allz,B01_hold7_t1,B持有期,1,7,,,,,,,,,,,0.05070810174703966,0.052413502667855605,0.318576585054606,-0.3253558336997132,0.09628635945850672,0.012455062941487904,0.1746331323767972,0.6,6.9714285714285715,0.4503690918814085,8.186615375516283,-8.451946963315493,33.1209,0.033783318,35,244,1,0.9959183673469387,0.05644211266757837,0.10771523835649144,-0.051463710740345614,0.03201728156143191,-0.018955320777522933,0.5555555555555556,0.6470588235294118,0,0,0.0
V6_allz,B01_hold10_t1,B持有期,1,10,,,,,,,,,,,0.6042304421322062,0.6292840681396061,1.9857897449335542,-0.1548010326915863,0.5063119444138814,0.6974303685235466,1.891519281136617,0.56,9.76,1.0629778630437459,23.34693521787694,-5.320844965300875,24.50442,0.0249945084,25,244,1,0.9959183673469387,0.22424541917881297,0.3810455066664802,0.16160577938118914,0.36517748031314623,0.24337706488843303,0.6923076923076923,0.4166666666666667,0,0,0.0
V6_allz,B01_hold20_t1,B持有期,1,20,,,,,,,,,,,0.9164246026909817,0.9577343538913654,2.6895761880594433,-0.10720533139640953,0.6840221804868473,1.2589727275638722,2.673583426145047,0.7692307692307693,18.76923076923077,6.255976235107652,26.23059937968961,-8.134532572307762,12.69552,0.012949430399999998,13,244,1,0.9959183673469387,0.3212744060287655,0.6977557580858316,0.1287987648186173,0.8080021866534544,0.24943030724157866,0.8571428571428571,0.6666666666666666,0,0,0.0
V6_allz,B02_hold2_t2,B持有期,2,2,,,,,,,,,,,0.357900038017656,0.3715894053383282,1.6280713970043164,-0.10315180323893813,0.32678522673908905,0.8420514129034509,1.7149614597166098,0.5450819672131147,2.0,0.19947226519902994,15.076109646038871,-6.434846512860393,117.29128,0.1196789456,244,244,1,1.9918367346938775,0.1440438092473169,0.1102318722936313,0.22307787400515378,0.23501468175985218,0.4915218742813581,0.5645161290322581,0.525,0,0,0.0
V6_allz,B02_hold3_t2,B持有期,2,3,,,,,,,,,,,0.27929656742197606,0.2896696754104473,1.2799571913601264,-0.20236482258450905,0.269136951930505,0.6335918373288221,1.5129393501359671,0.5493827160493827,3.0,0.3642923725585612,9.392184913085021,-8.512788587013286,77.8479,0.07942468800000001,162,244,2,1.9836734693877551,0.14681203023661749,0.21717630498016316,0.05103637179564102,0.49640430246102807,0.09167812110815898,0.5853658536585366,0.5125,0,0,0.0
V6_allz,G01_h10_tr8_t1,G移动止损,1,10,,,,,,,0.08,,,,0.8155820562423437,0.8514338761854747,2.4088046945632438,-0.1778872562761813,0.6318572038545444,0.9966587371290905,1.750856003418478,0.64,9.76,3.2304934050480183,40.35809513056019,-9.043430650109352,24.53782,0.025028576400000002,25,244,1,0.9959183673469387,0.22544097301607272,0.3810455066664802,0.31464317973470113,0.36517748031314623,0.4625634878412246,0.6923076923076923,0.5833333333333334,0,0,0.0
V6_allz,G02_h10_tr8_t2,G移动止损,2,10,,,,,,,0.08,,,,0.40319732832106236,0.418869047363565,1.6693794697340314,-0.14796997281197244,0.3631945245159751,0.9576817728305493,1.5057250353132132,0.5686274509803921,9.568627450980392,0.8524323055480565,40.35809513056019,-11.31739282165405,24.70124,0.0251952648,51,244,1,1.9918367346938775,0.16542566095703282,0.23323324972334336,0.13781989630578573,0.36465130717885663,0.43456556450135575,0.6153846153846154,0.52,0,0,0.0
V6_allz,G01_h10_tr12_t1,G移动止损,1,10,,,,,,,0.12,,,,0.6042304421322062,0.6292840681396061,1.9857897449335542,-0.1548010326915863,0.5063119444138814,0.6974303685235466,1.891519281136617,0.56,9.76,1.0629778630437459,23.34693521787694,-5.320844965300875,24.50442,0.0249945084,25,244,1,0.9959183673469387,0.22424541917881297,0.3810455066664802,0.16160577938118914,0.36517748031314623,0.24337706488843303,0.6923076923076923,0.4166666666666667,0,0,0.0
V6_allz,G02_h10_tr12_t2,G移动止损,2,10,,,,,,,0.12,,,,0.28084388194906507,0.2912807111637956,1.2828402721657806,-0.1411881584064557,0.27040468352649627,0.6302627965398473,1.450158061200764,0.5,9.76,0.012765269607656338,23.34693521787694,-8.5868522892535,24.0701,0.024551502,50,244,1,1.9918367346938775,0.16364174191111244,0.23323324972334336,0.038606348179797134,0.34967273856177084,0.20789488441255588,0.6153846153846154,0.375,0,0,0.0
V6_allz,G03_h20_tr8_t1,G移动止损,1,20,,,,,,,0.08,,,,0.46544290185834125,0.4839200573493112,1.5277724424416106,-0.24617510032416212,0.42092201853586986,0.4604109026611203,1.1939717710251196,0.4666666666666667,16.266666666666666,-0.4163571559444912,26.23059937968961,-9.043430650109352,14.74456,0.015039451200000001,15,244,1,0.9959183673469387,0.2741593143593599,0.6113464900038472,-0.09054761905687769,0.7065454840585759,-0.14422972238166698,0.8571428571428571,0.125,0,0,0.0
V6_allz,G03_h20_tr12_t1,G移动止损,1,20,,,,,,,0.12,,,,1.0047809087925383,1.0510240427195106,2.7904715477068174,-0.11936245842248083,0.731155775494665,1.4024647277155213,2.4376185301130278,0.7692307692307693,18.76923076923077,6.255976235107652,31.419242761587853,-8.134532572307762,12.6998,0.012953796,13,244,1,0.9959183673469387,0.3190441817326148,0.6977557580858316,0.18084176669373742,0.8080021866534544,0.3287952555867175,0.8571428571428571,0.6666666666666666,0,0,0.0
V6_allz,G03_h20_tr20_t1,G移动止损,1,20,,,,,,,0.2,,,,0.9164246026909817,0.9577343538913654,2.6895761880594433,-0.10720533139640953,0.6840221804868473,1.2589727275638722,2.673583426145047,0.7692307692307693,18.76923076923077,6.255976235107652,26.23059937968961,-8.134532572307762,12.69552,0.012949430399999998,13,244,1,0.9959183673469387,0.3212744060287655,0.6977557580858316,0.1287987648186173,0.8080021866534544,0.24943030724157866,0.8571428571428571,0.6666666666666666,0,0,0.0
V6_allz,H01_re3_t1,H排名退出,1,,,,3,2,,,,,,,1.0938784737858152,1.1452330106484312,3.4485137262943093,-0.07722437416672523,0.765093460643726,1.7448197707610582,3.470393571035319,0.6296296296296297,3.0123456790123457,0.33844063979489025,12.345202209586015,-5.764836806765905,79.36636,0.0809536872,81,244,1,0.9959183673469387,0.2674582897817521,0.4154189519143787,0.4793347728980242,0.47051274696637324,0.8665732591734037,0.6585365853658537,0.6,0,0,0.0
V6_allz,B02_hold5_t2,B持有期,2,5,,,,,,,,,,,0.6742214084716902,0.702750508218918,2.7234967007671567,-0.13110381854196262,0.5356233292435806,2.241510497774703,2.3453827723072096,0.5102040816326531,4.979591836734694,0.12884311004366378,30.750538984493115,-9.88203936541716,47.18226,0.0481259052,98,244,1,1.9918367346938775,0.2820398283946271,0.3502330015165691,0.23994999869742584,0.8367178250451399,0.7648385906501658,0.5,0.5208333333333334,0,0,0.0
V6_allz,B02_hold7_t2,B持有期,2,7,,,,,,,,,,,0.042049598432829294,0.04345781287433992,0.29619048371562073,-0.23715674101997208,0.06952356094164891,0.03842873295598359,0.28133728020716386,0.5857142857142857,6.9714285714285715,0.2924585806829416,8.186615375516283,-8.451946963315493,33.05276,0.033765355200000007,70,244,1,1.9918367346938775,0.06331405259664676,0.09049975878890137,-0.04442931781102044,0.10279713488618603,-0.05836830718357433,0.5555555555555556,0.6176470588235294,0,0,0.0
V6_allz,B02_hold10_t2,B持有期,2,10,,,,,,,,,,,0.28084388194906507,0.2912807111637956,1.2828402721657806,-0.1411881584064557,0.27040468352649627,0.6302627965398473,1.450158061200764,0.5,9.76,0.012765269607656338,23.34693521787694,-8.5868522892535,24.0701,0.024551502,50,244,1,1.9918367346938775,0.16364174191111244,0.23323324972334336,0.038606348179797134,0.34967273856177084,0.20789488441255588,0.6153846153846154,0.375,0,0,0.0
V6_allz,B02_hold20_t2,B持有期,2,20,,,,,,,,,,,0.417569108629817,0.43388032039261804,1.714607590013769,-0.11421822927049774,0.3735630421617697,1.110167268513473,2.0027530974316248,0.6538461538461539,18.76923076923077,2.0574862351680268,26.23059937968961,-12.829291690433543,12.60266,0.012854713200000001,26,244,1,1.9918367346938775,0.1975531026996946,0.33542419108630095,0.06151222816826096,0.5358537506520362,0.3739376341123728,0.6428571428571429,0.6666666666666666,0,0,0.0
V6_allz,C01_nr_hold2_t1,C续持,1,2,,True,,,,,,,,,0.7819981085654217,0.8160746888586325,2.3171124724091934,-0.1937327978708755,0.6138181892678011,0.9872602139946842,2.128977634503892,0.5932203389830508,2.059322033898305,0.5638810757737867,19.667070266338605,-6.642972551654469,115.81576,0.11813207519999998,118,244,2,0.9918367346938776,0.17224891317334215,0.19325870796910127,0.4933878937270362,0.1696745125371617,0.6989856517297974,0.6,0.5862068965517241,0,0,0.0
V6_allz,C02_nr_hold2_t2,C续持,2,2,,True,,,,,,,,,0.4603788810100442,0.47862435981811413,1.7275302490593025,-0.20462563629152253,0.4072690914210486,1.193370532458161,1.8882350899054818,0.5256410256410257,2.0811965811965814,0.16615223851119687,19.667070266338605,-9.086253252930554,112.78534,0.1150758368,234,244,1,1.9877551020408164,0.14227432623910724,0.19246328724487505,0.22467408148403112,0.4068336036517073,0.5590831259395901,0.5555555555555556,0.49572649572649574,0,0,0.0
V6_allz,C01_nr_hold3_t1,C续持,1,3,,True,,,,,,,,,0.8946683718656057,0.9347847461818064,2.799751139023448,-0.12351059975073997,0.6688473338481121,1.2575576420445458,2.8480425995903014,0.5925925925925926,3.0123456790123457,0.42053874355039156,12.345202209586015,-6.092151577779847,79.3265,0.08091303,81,244,1,0.9959183673469387,0.23168963090904146,0.3533998744003397,0.39993242773506865,0.370300296348512,0.6474911725994201,0.6097560975609756,0.575,0,0,0.0
V6_allz,C02_nr_hold3_t2,C续持,2,3,,True,,,,,,,,,0.45575034747590104,0.4737845995109513,1.853159788126376,-0.15592867877626282,0.39959495216783836,1.2643182530615453,2.0975940372175046,0.54375,3.05,0.19893143916056566,20.48453591955115,-8.512788587013286,77.09636,0.0786821072,160,244,1,1.9918367346938775,0.16788777197459964,0.20261187478553322,0.21049058137357313,0.45246685912473095,0.5589465872054675,0.6125,0.475,0,0,0.0
V7_allz,E01_h5_tp10_t1,E止盈,1,5,,,,,,0.1,,,,,0.1623918365242656,0.16814097462147592,0.6661669816563683,-0.30891193773951764,0.1931288695488712,0.14474156283569362,0.5715652380278241,0.46938775510204084,4.979591836734694,-0.749662976863219,14.849006299103863,-8.021674755761543,46.9543,0.04789338600000001,49,244,1,0.9959183673469387,0.09193838001983103,0.16226465807196444,0.00010942297127991552,0.17389460360810305,-0.024834461869748803,0.52,0.4166666666666667,0,0,0.0
V7_allz,E02_h5_tp10_t2,E止盈,2,5,,,,,,0.1,,,,,0.1747251049416867,0.18094383123024382,0.7663840254845768,-0.2791443188729724,0.19367487535065575,0.2891005926939041,0.7679626361105698,0.47959183673469385,4.969387755102041,-0.6422923702236683,18.634876786340193,-8.021674755761543,45.63902,0.0466015704,98,244,1,1.9877551020408164,0.08318918763572132,0.06039771799485538,0.10781557240901884,0.06099364771916882,0.21499369526396261,0.46,0.5,0,0,0.0
V7_allz,E01_h5_tp20_t1,E止盈,1,5,,,,,,0.2,,,,,0.0227375059910504,0.023491687725536003,0.23180573362051757,-0.29543422955073406,0.07257776357384449,-0.0032266077688817285,0.14964662997447023,0.46938775510204084,4.979591836734694,-0.3766273516138785,15.09290482742356,-7.707990764438632,46.35178,0.04727881560000001,49,244,1,0.9959183673469387,0.054748607200249745,0.0179839566689195,0.004669571942651718,-0.02050338293074283,0.017638422492519013,0.44,0.5,0,0,0.0
V7_allz,E02_h5_tp20_t2,E止盈,2,5,,,,,,0.2,,,,,-0.041750466134456765,-0.04308941592762472,-0.047318335099324885,-0.2489170567650708,-0.011631646776791071,-0.2182667405003088,-0.24354429171727812,0.46938775510204084,4.979591836734694,-0.4904913910080022,20.74202792216111,-17.527440694809403,46.05974,0.0469921748,98,244,1,1.9918367346938775,0.0954453778922686,0.1372591323937673,-0.15740440628639696,0.18902180614398056,-0.34254085546600144,0.46,0.4791666666666667,0,0,0.0
V7_allz,E01_h5_tp30_t1,E止盈,1,5,,,,,,0.3,,,,,0.0227375059910504,0.023491687725536003,0.23180573362051757,-0.29543422955073406,0.07257776357384449,-0.0032266077688817285,0.14964662997447023,0.46938775510204084,4.979591836734694,-0.3766273516138785,15.09290482742356,-7.707990764438632,46.35178,0.04727881560000001,49,244,1,0.9959183673469387,0.054748607200249745,0.0179839566689195,0.004669571942651718,-0.02050338293074283,0.017638422492519013,0.44,0.5,0,0,0.0
V7_allz,E02_h5_tp30_t2,E止盈,2,5,,,,,,0.3,,,,,-0.041750466134456765,-0.04308941592762472,-0.047318335099324885,-0.2489170567650708,-0.011631646776791071,-0.2182667405003088,-0.24354429171727812,0.46938775510204084,4.979591836734694,-0.4904913910080022,20.74202792216111,-17.527440694809403,46.05974,0.0469921748,98,244,1,1.9918367346938775,0.0954453778922686,0.1372591323937673,-0.15740440628639696,0.18902180614398056,-0.34254085546600144,0.46,0.4791666666666667,0,0,0.0
V7_allz,F01_h5_sl8_tp15_t1,F组合,1,5,,,,,0.08,0.15,,,,,-0.2818290413047365,-0.28958193268882926,-0.8638256544345311,-0.42749292611604506,-0.277726494491086,-0.30334702052527707,-1.1250520033024487,0.46,4.88,-0.7400672711159961,15.09290482742356,-8.790643275768417,44.6531,0.045546162,50,244,1,0.9959183673469387,0.053592390992244256,0.0179839566689195,-0.29451642730668726,-0.02050338293074283,-0.28876428225023176,0.44,0.48,0,0,0.0
V7_allz,F02_h5_sl8_tp15_t2,F组合,2,5,,,,,0.08,0.15,,,,,-0.01278547721984613,-0.013201894040451245,0.07292965689619925,-0.3018082555161292,0.01790816644131432,-0.12427823245273095,-0.07083567951160452,0.47474747474747475,4.929292929292929,-0.6802293100451884,15.092904827423581,-8.790643275768417,46.04914,0.0469865828,99,244,1,1.9918367346938775,0.08899362752240979,0.12996545845664587,-0.1263321233477942,0.2129117352992329,-0.2780004166327712,0.5,0.4489795918367347,0,0,0.0
V7_allz,B01_hold5_t1,B持有期,1,5,,,,,,,,,,,0.0227375059910504,0.023491687725536003,0.23180573362051757,-0.29543422955073406,0.07257776357384449,-0.0032266077688817285,0.14964662997447023,0.46938775510204084,4.979591836734694,-0.3766273516138785,15.09290482742356,-7.707990764438632,46.35178,0.04727881560000001,49,244,1,0.9959183673469387,0.054748607200249745,0.0179839566689195,0.004669571942651718,-0.02050338293074283,0.017638422492519013,0.44,0.5,0,0,0.0
V7_allz,B01_hold7_t1,B持有期,1,7,,,,,,,,,,,-0.1507811904530224,-0.15531967408310476,-0.396589559669601,-0.32732230935875417,-0.11797051717317153,-0.16659169612905433,-0.48318797076438436,0.5428571428571428,6.9714285714285715,0.25348964824700726,11.543500052384204,-10.09937416271769,30.09128,0.0306931056,35,244,1,0.9959183673469387,0.043441673416870295,-0.13045498952021006,-0.02337567427544318,-0.14571934842910272,-0.024432658824205866,0.4444444444444444,0.6470588235294118,0,0,0.0
V7_allz,B01_hold10_t1,B持有期,1,10,,,,,,,,,,,0.009032842513040817,0.009330378711466913,0.18981314480809175,-0.3135192020401615,0.059680176698245435,-0.03881461950036991,0.026575528625893848,0.52,9.76,0.052785037500169274,16.908744317681435,-9.482912458846481,24.05982,0.024541016400000004,25,244,1,0.9959183673469387,0.06824095522456018,0.04013740736203175,-0.02990428440399817,-0.07061982442590109,0.034221953255979765,0.46153846153846156,0.5833333333333334,0,0,0.0
V7_allz,B01_hold20_t1,B持有期,1,20,,,,,,,,,,,0.1963432563211076,0.20339569972022487,0.7395329535538795,-0.20264025465926683,0.2269842596632149,0.1517992920986695,0.5584093880635437,0.5384615384615384,18.76923076923077,0.45189912672565224,30.149020264532677,-11.188710535518664,12.64472,0.012897614400000002,13,244,1,0.9959183673469387,0.12983841350324787,0.3401862527021602,-0.10733060131830818,0.21908661732527368,-0.05519486824835773,0.5714285714285714,0.5,0,0,0.0
V7_allz,B02_hold2_t2,B持有期,2,2,,,,,,,,,,,-0.3789637553485323,-0.38858808747347884,-1.9138431239912497,-0.4437863353916155,-0.4477538515488739,-0.6518602822673181,-2.4438337900974583,0.4385245901639344,2.0,-0.29179042999500915,14.991908543030252,-6.4294422690606705,94.60166,0.1033396432,244,244,1,1.9918367346938775,0.03846546499957773,-0.10207505795908411,-0.3083650808942904,-0.22356445366966793,-0.5516180069574415,0.4596774193548387,0.4166666666666667,0,0,0.0
V7_allz,B02_hold3_t2,B持有期,2,3,,,,,,,,,,,0.14219113799812422,0.14718077747470093,0.715151663595196,-0.1871767252046167,0.15809205849631114,0.23599848194218764,0.7150178624073624,0.4382716049382716,3.0,-0.11303990340417736,10.552588104611281,-8.755185836556457,74.89452,0.07659375040000001,162,244,2,1.9836734693877551,0.0625071765771163,-0.11573582172997221,0.2916854103857336,-0.2612374526483867,0.6730659754925501,0.36585365853658536,0.5125,0,0,0.0
V7_allz,B02_hold5_t2,B持有期,2,5,,,,,,,,,,,-0.041750466134456765,-0.04308941592762472,-0.047318335099324885,-0.2489170567650708,-0.011631646776791071,-0.2182667405003088,-0.24354429171727812,0.46938775510204084,4.979591836734694,-0.4904913910080022,20.74202792216111,-17.527440694809403,46.05974,0.0469921748,98,244,1,1.9918367346938775,0.0954453778922686,0.1372591323937673,-0.15740440628639696,0.18902180614398056,-0.34254085546600144,0.46,0.4791666666666667,0,0,0.0
V7_allz,B02_hold7_t2,B持有期,2,7,,,,,,,,,,,0.09014026921774931,0.09322942657317501,0.4711592385040371,-0.2626136627313683,0.1190561138901377,0.17152026594491598,0.5651117022788347,0.5571428571428572,6.9714285714285715,0.2827619789103397,26.30994610677151,-11.1880022083369,32.47662,0.033229762399999994,70,244,1,1.9918367346938775,0.05447410640855496,-0.07862985906901099,0.1831729950747345,-0.188204194431713,0.4431218514670796,0.5,0.6176470588235294,0,0,0.0
V5_allz,G03_h20_tr20_t1,G移动止损,1,20,,,,,,,0.2,,,,-0.1855659133556372,-0.19102856659569978,-0.6697826448285211,-0.3261713890996786,-0.17182125975261187,-0.2112333141090561,-1.1478741188366013,0.3076923076923077,18.76923076923077,-0.9185639738335527,7.708878375923001,-12.098854297882555,12.05522,0.012296324400000001,13,244,1,0.9959183673469387,0.047838942724938584,0.01998740245980546,-0.20152534758736174,-0.10741739134164519,-0.11630959617671377,0.2857142857142857,0.3333333333333333,0,0,0.0
V5_allz,H01_re3_t1,H排名退出,1,,,,3,2,,,,,,,-0.31559525026774826,-0.32405176001776115,-1.2358979796361296,-0.5312869236432486,-0.3399309960278417,-0.36036307902232,-1.154523670893301,0.43209876543209874,3.0123456790123457,-0.48815989638928414,23.065280688816326,-10.141364009007914,69.87058,0.0712679916,81,244,1,0.9959183673469387,0.07096444419013213,0.003237053246165855,-0.31780355647976777,-0.06861137441047893,-0.31324379168489125,0.4146341463414634,0.45,0,0,0.0
V5_allz,H01_re5_t1,H排名退出,1,,,,5,2,,,,,,,-0.21532092283320914,-0.2215345296903698,-0.7050739353422957,-0.462547856640085,-0.20085832691396943,-0.267162770159858,-0.6951802197392742,0.43037974683544306,3.088607594936709,-0.5737512965633629,23.065280688816326,-10.235790936072009,72.74206,0.07419690120000001,79,244,1,0.9959183673469387,0.06826609173640155,0.013606028946724802,-0.2258539760441438,-0.04848402256224993,-0.22982141423044555,0.41025641025641024,0.45,0,0,0.0
V5_allz,H01_re10_t1,H排名退出,1,,,,10,2,,,,,,,-0.08223083965942368,-0.08480928303023072,-0.08770963892810424,-0.2995293192263132,-0.029140932925244334,-0.11897116851197953,-0.24572373320681423,0.4230769230769231,3.128205128205128,-0.5211535546097434,9.554606711345958,-10.235790936072009,72.9467,0.07440563399999998,78,244,1,0.9959183673469387,0.04189048962090342,-0.029257413113159547,-0.05457000368774323,-0.06756061212131892,-0.05513554774602647,0.38461538461538464,0.46153846153846156,0,0,0.0
V5_allz,H01_re20_t1,H排名退出,1,,,,20,2,,,,,,,-0.20440861548865663,-0.2103511481264725,-0.5706879911238258,-0.43360626331616614,-0.17826048417493068,-0.24310277484038156,-0.7018069728765876,0.4266666666666667,3.2533333333333334,-0.48815989638929524,8.670329677975118,-10.235790936072009,65.04176,0.0663425952,75,244,1,0.9959183673469387,0.055000866266737454,-0.016894018169748448,-0.19073691014453098,-0.07231556686438723,-0.18410054311111612,0.40540540540540543,0.4473684210526316,0,0,0.0
V5_allz,H01_re50_t1,H排名退出,1,,,,50,2,,,,,,,-0.13888477909634556,-0.14309608510197502,-0.33101007740680155,-0.3731725396014588,-0.10123539902784817,-0.18118312405231796,-0.5277325539604525,0.4411764705882353,3.588235294117647,-0.46113647030952,8.670329677975118,-10.141364009007903,63.67428,0.0649477656,68,244,1,0.9959183673469387,0.07574670640910208,0.14639352353698976,-0.24884849467149917,0.09453762408015343,-0.25190614015135926,0.48484848484848486,0.4,0,0,0.0
V5_allz,H02_re10_t2,H排名退出,2,,,,10,2,,,,,,,-0.2943799711425963,-0.30240074020070506,-1.2874301181048176,-0.4203558594101383,-0.31701105109539407,-0.5618042361585269,-1.8050176755532321,0.43037974683544306,3.088607594936709,-0.5042173333949962,9.544985224501312,-10.235790936072009,65.52774,0.0689137648,158,244,1,1.9918367346938775,0.035618880341322406,-0.11841662774280581,-0.19959920857996294,-0.28498141036183156,-0.3871547254971093,0.43037974683544306,0.43037974683544306,0,0,0.0
V5_allz,H02_re20_t2,H排名退出,2,,,,20,2,,,,,,,-0.08518610006242089,-0.08785270145596791,-0.24134254769413035,-0.25071665350831585,-0.05862127581459575,-0.25050634223034063,-0.4901895210373215,0.4503311258278146,3.2317880794701987,-0.32638203180528347,9.544985224501312,-10.235790936072009,70.50656,0.0721667312,151,244,1,1.9918367346938775,0.05492204870726068,0.05971262550863621,-0.136733980593568,-0.00690168890488474,-0.24529762119605925,0.45454545454545453,0.44594594594594594,0,0,0.0
V7_allz,F01_h5_sl8_tp25_t1,F组合,1,5,,,,,0.08,0.25,,,,,-0.2818290413047365,-0.28958193268882926,-0.8638256544345311,-0.42749292611604506,-0.277726494491086,-0.30334702052527707,-1.1250520033024487,0.46,4.88,-0.7400672711159961,15.09290482742356,-8.790643275768417,44.6531,0.045546162,50,244,1,0.9959183673469387,0.053592390992244256,0.0179839566689195,-0.29451642730668726,-0.02050338293074283,-0.28876428225023176,0.44,0.48,0,0,0.0
V7_allz,F02_h5_sl8_tp25_t2,F组合,2,5,,,,,0.08,0.25,,,,,0.01012881453892156,0.010462638167891392,0.1704431404041947,-0.276547776961917,0.04378855832039419,-0.13956450652691454,-0.04256586856481256,0.46464646464646464,4.929292929292929,-0.6802293100451884,20.74202792216111,-11.538114481378747,46.4003,0.047347636000000005,99,244,1,1.9918367346938775,0.09662732879475906,0.1372591323937673,-0.11178658780013839,0.18902180614398056,-0.2763501148364189,0.46,0.46938775510204084,0,0,0.0
V7_allz,F01_h5_sl8_tp40_t1,F组合,1,5,,,,,0.08,0.4,,,,,-0.2818290413047365,-0.28958193268882926,-0.8638256544345311,-0.42749292611604506,-0.277726494491086,-0.30334702052527707,-1.1250520033024487,0.46,4.88,-0.7400672711159961,15.09290482742356,-8.790643275768417,44.6531,0.045546162,50,244,1,0.9959183673469387,0.053592390992244256,0.0179839566689195,-0.29451642730668726,-0.02050338293074283,-0.28876428225023176,0.44,0.48,0,0,0.0
V7_allz,F02_h5_sl8_tp40_t2,F组合,2,5,,,,,0.08,0.4,,,,,0.01012881453892156,0.010462638167891392,0.1704431404041947,-0.276547776961917,0.04378855832039419,-0.13956450652691454,-0.04256586856481256,0.46464646464646464,4.929292929292929,-0.6802293100451884,20.74202792216111,-11.538114481378747,46.4003,0.047347636000000005,99,244,1,1.9918367346938775,0.09662732879475906,0.1372591323937673,-0.11178658780013839,0.18902180614398056,-0.2763501148364189,0.46,0.46938775510204084,0,0,0.0
V7_allz,G01_h10_tr5_t1,G移动止损,1,10,,,,,,,0.05,,,,0.08557050784894438,0.08849678863369626,0.41265698322874106,-0.2887754133802958,0.14721090321688102,0.03882796186218873,0.2797946024789315,0.41935483870967744,7.838709677419355,-0.4111714459395177,16.908744317681435,-8.674776084069336,29.98902,0.030588800399999994,31,244,2,0.9918367346938776,0.11026071916167715,0.16136166842353172,-0.06526060109894072,0.09203058103162687,-0.048718982868756755,0.4,0.4375,0,0,0.0
V7_allz,G02_h10_tr5_t2,G移动止损,2,10,,,,,,,0.05,,,,-0.1477239959738459,-0.15217893285768047,-0.4504953747126036,-0.3269353776137316,-0.12201907977968618,-0.3632229240044863,-0.8245799748909158,0.4098360655737705,7.983606557377049,-0.8347932655909274,16.908744317681435,-8.674776084069325,27.35238,0.028254737600000003,61,244,1,1.9877551020408164,0.07157063298485193,0.02283157836828975,-0.16674844417124968,-0.051589676440394916,-0.3285848327699127,0.4827586206896552,0.34375,0,0,0.0
V7_allz,G01_h10_tr8_t1,G移动止损,1,10,,,,,,,0.08,,,,0.354507564499821,0.3680505264478564,1.0868471273756526,-0.3259454409929917,0.3593518629556556,0.3616719756376283,1.0040671755652344,0.5769230769230769,9.384615384615385,1.80125439529496,19.161310742133896,-8.946858803306323,25.0123,0.025512545999999997,26,244,1,0.9959183673469387,0.07583513856918354,0.061875463601368086,0.2755804337977519,0.02004603890734402,0.33491227228942333,0.5384615384615384,0.6153846153846154,0,0,0.0
V7_allz,G02_h10_tr8_t2,G移动止损,2,10,,,,,,,0.08,,,,0.37627975395976354,0.3907673370945668,1.4381068605858516,-0.19012709227645808,0.34990253410858196,0.6896011210007316,1.0786895050980012,0.5283018867924528,9.20754716981132,0.6470604993957352,48.14802977480683,-8.946858803306323,25.3548,0.025861895999999995,53,244,1,1.9918367346938775,0.16651040113326374,0.32438117236118136,0.03918704273487639,0.5745821010459988,0.07304733102092631,0.5384615384615384,0.5185185185185185,0,0,0.0
V6_allz,F01_h5_sl8_tp15_t1,F组合,1,5,,,,,0.08,0.15,,,,,0.9274620378157281,0.9693804891345164,2.888167973151887,-0.13984353989956522,0.6857967556255764,1.3332723586549409,2.9370093634253456,0.5918367346938775,4.979591836734694,0.7880028343965728,17.060170788554885,-5.667536749723423,48.09992,0.0490619184,49,244,1,0.9959183673469387,0.26967178842046713,0.41946215425386346,0.35788194989171407,0.44724194295196784,0.6122199677931663,0.52,0.6666666666666666,0,0,0.0
V6_allz,F02_h5_sl8_tp15_t2,F组合,2,5,,,,,0.08,0.15,,,,,0.7206148796008973,0.7515034934469287,2.8642590534834658,-0.13110381854196262,0.5629929258871263,2.6719455287045055,2.632792706048453,0.5306122448979592,4.979591836734694,0.26058306345252413,30.750538984493115,-7.967948637922683,47.27064,0.048216052800000006,98,244,1,1.9918367346938775,0.2810953267093983,0.3502330015165691,0.2743096026154901,0.8367178250451399,0.9991887042389116,0.5,0.5625,0,0,0.0
V6_allz,F01_h5_sl8_tp25_t1,F组合,1,5,,,,,0.08,0.25,,,,,0.9274620378157281,0.9693804891345164,2.888167973151887,-0.13984353989956522,0.6857967556255764,1.3332723586549409,2.9370093634253456,0.5918367346938775,4.979591836734694,0.7880028343965728,17.060170788554885,-5.667536749723423,48.09992,0.0490619184,49,244,1,0.9959183673469387,0.26967178842046713,0.41946215425386346,0.35788194989171407,0.44724194295196784,0.6122199677931663,0.52,0.6666666666666666,0,0,0.0
V6_allz,F02_h5_sl8_tp25_t2,F组合,2,5,,,,,0.08,0.25,,,,,0.7206148796008973,0.7515034934469287,2.8642590534834658,-0.13110381854196262,0.5629929258871263,2.6719455287045055,2.632792706048453,0.5306122448979592,4.979591836734694,0.26058306345252413,30.750538984493115,-7.967948637922683,47.27064,0.048216052800000006,98,244,1,1.9918367346938775,0.2810953267093983,0.3502330015165691,0.2743096026154901,0.8367178250451399,0.9991887042389116,0.5,0.5625,0,0,0.0
V6_allz,F01_h5_sl8_tp40_t1,F组合,1,5,,,,,0.08,0.4,,,,,0.9274620378157281,0.9693804891345164,2.888167973151887,-0.13984353989956522,0.6857967556255764,1.3332723586549409,2.9370093634253456,0.5918367346938775,4.979591836734694,0.7880028343965728,17.060170788554885,-5.667536749723423,48.09992,0.0490619184,49,244,1,0.9959183673469387,0.26967178842046713,0.41946215425386346,0.35788194989171407,0.44724194295196784,0.6122199677931663,0.52,0.6666666666666666,0,0,0.0
V6_allz,F02_h5_sl8_tp40_t2,F组合,2,5,,,,,0.08,0.4,,,,,0.7206148796008973,0.7515034934469287,2.8642590534834658,-0.13110381854196262,0.5629929258871263,2.6719455287045055,2.632792706048453,0.5306122448979592,4.979591836734694,0.26058306345252413,30.750538984493115,-7.967948637922683,47.27064,0.048216052800000006,98,244,1,1.9918367346938775,0.2810953267093983,0.3502330015165691,0.2743096026154901,0.8367178250451399,0.9991887042389116,0.5,0.5625,0,0,0.0
V6_allz,G01_h10_tr5_t1,G移动止损,1,10,,,,,,,0.05,,,,0.26719181226994704,0.2770686351322571,0.9752920539879364,-0.2534908385765493,0.27834707768755107,0.21237098849318325,0.741416074744151,0.4827586206896552,8.413793103448276,-0.0272544982848566,18.85800298090521,-7.601792819075815,28.43284,0.029001496800000005,29,244,1,0.9959183673469387,0.14971771641009254,0.37198078206968366,-0.07637786998857166,0.33624545256154303,-0.09270337558933972,0.6428571428571429,0.3333333333333333,0,0,0.0
V6_allz,G02_h10_tr5_t2,G移动止损,2,10,,,,,,,0.05,,,,0.45125709802051595,0.46908677965768963,1.944348544418884,-0.10405734849704917,0.39370314621979685,1.259209185385577,2.1185088296348673,0.5714285714285714,8.696428571428571,0.967345176411083,18.85800298090523,-7.601792819075803,27.12044,0.027674328800000002,56,244,1,1.9877551020408164,0.2121550928779725,0.3704592267549476,0.05895678593582421,0.8087691888473141,0.2490312193040607,0.7037037037037037,0.4482758620689655,0,0,0.0
V7_allz,D01_h5_sl3_t1,D止损,1,5,,,,,0.03,,,,,,-0.19532650220661674,-0.20103958622443874,-0.6425728861916805,-0.41295058000344487,-0.177810888713261,-0.20691940840330336,-0.6730427565329447,0.42592592592592593,4.518518518518518,-0.7539102939629172,15.001653347018241,-7.460190714346915,43.90726,0.044785405199999996,54,244,1,0.9959183673469387,0.044560554244763996,-0.16676362091320673,-0.03427944579749931,-0.17301221597977845,-0.041000838317940214,0.48148148148148145,0.37037037037037035,0,0,0.0
V7_allz,D02_h5_sl3_t2,D止损,2,5,,,,,0.03,,,,,,-0.20229133795478837,-0.20818069020336794,-0.8698308477600135,-0.3466958693377016,-0.19907006956091566,-0.4896874611206936,-1.4639542927717386,0.44545454545454544,4.427272727272728,-0.6745328609282397,15.001653347018241,-8.166737113466782,48.01688,0.04984553760000001,110,244,1,1.9877551020408164,0.05785918078773758,0.011318766611271736,-0.21121936190487767,-0.09422526874335757,-0.4366010429863554,0.509090909090909,0.38181818181818183,0,0,0.0
V7_allz,D01_h5_sl5_t1,D止损,1,5,,,,,0.05,,,,,,-0.21759177257817552,-0.22386115137270357,-0.7330188127323469,-0.46022818934070786,-0.20526756696051796,-0.22464090148752258,-0.639449933232963,0.43137254901960786,4.784313725490196,-0.6802293100451884,21.365659214318566,-8.021674755761554,40.95508,0.0417741816,51,244,1,0.9959183673469387,0.050907764438808456,-0.13126594111333867,-0.09936968693902437,-0.1345256722488941,-0.10412235966927952,0.5,0.36,0,0,0.0
V7_allz,D02_h5_sl5_t2,D止损,2,5,,,,,0.05,,,,,,-0.08985491892790753,-0.09266013804181894,-0.28550166554322753,-0.30878764173500417,-0.06643120729918806,-0.1477868774455211,-0.13562964929841498,0.44554455445544555,4.8316831683168315,-0.668836411811291,21.359237513229434,-8.021674755761543,43.66368,0.04530441359999999,101,244,1,1.9918367346938775,0.0551571975292445,-0.09152090058184237,0.0018338139589584301,-0.18661861688686188,0.04774112150528431,0.47058823529411764,0.42,0,0,0.0
V7_allz,D01_h5_sl8_t1,D止损,1,5,,,,,0.08,,,,,,-0.2818290413047365,-0.28958193268882926,-0.8638256544345311,-0.42749292611604506,-0.277726494491086,-0.30334702052527707,-1.1250520033024487,0.46,4.88,-0.7400672711159961,15.09290482742356,-8.790643275768417,44.6531,0.045546162,50,244,1,0.9959183673469387,0.053592390992244256,0.0179839566689195,-0.29451642730668726,-0.02050338293074283,-0.28876428225023176,0.44,0.48,0,0,0.0
V7_allz,D02_h5_sl8_t2,D止损,2,5,,,,,0.08,,,,,,0.01012881453892156,0.010462638167891392,0.1704431404041947,-0.276547776961917,0.04378855832039419,-0.13956450652691454,-0.04256586856481256,0.46464646464646464,4.929292929292929,-0.6802293100451884,20.74202792216111,-11.538114481378747,46.4003,0.047347636000000005,99,244,1,1.9918367346938775,0.09662732879475906,0.1372591323937673,-0.11178658780013839,0.18902180614398056,-0.2763501148364189,0.46,0.46938775510204084,0,0,0.0
V7_allz,D01_h5_sl10_t1,D止损,1,5,,,,,0.1,,,,,,0.0227375059910504,0.023491687725536003,0.23180573362051757,-0.29543422955073406,0.07257776357384449,-0.0032266077688817285,0.14964662997447023,0.46938775510204084,4.979591836734694,-0.3766273516138785,15.09290482742356,-7.707990764438632,46.35178,0.04727881560000001,49,244,1,0.9959183673469387,0.054748607200249745,0.0179839566689195,0.004669571942651718,-0.02050338293074283,0.017638422492519013,0.44,0.5,0,0,0.0
V7_allz,D02_h5_sl10_t2,D止损,2,5,,,,,0.1,,,,,,0.10390402475888916,0.1074876728604428,0.5276083831596994,-0.2489170567650708,0.12996029819922728,0.06008916391142871,0.3676544216143772,0.46938775510204084,4.979591836734694,-0.4904913910080022,20.74202792216111,-11.538114481378747,46.2392,0.047175224,98,244,1,1.9918367346938775,0.1054728579069276,0.1372591323937673,-0.029329382094888112,0.18902180614398056,-0.1084358937458707,0.46,0.4791666666666667,0,0,0.0
V6_allz,J01_h10_rat20_10_t1,J利润锁定,1,10,,,,,,,,0.2,0.1,,0.6042304421322062,0.6292840681396061,1.9857897449335542,-0.1548010326915863,0.5063119444138814,0.6974303685235466,1.891519281136617,0.56,9.76,1.0629778630437459,23.34693521787694,-5.320844965300875,24.50442,0.0249945084,25,244,1,0.9959183673469387,0.22424541917881297,0.3810455066664802,0.16160577938118914,0.36517748031314623,0.24337706488843303,0.6923076923076923,0.4166666666666667,0,0,0.0
V6_allz,J02_h10_rat20_10_t2,J利润锁定,2,10,,,,,,,,0.2,0.1,,0.28084388194906507,0.2912807111637956,1.2828402721657806,-0.1411881584064557,0.27040468352649627,0.6302627965398473,1.450158061200764,0.5,9.76,0.012765269607656338,23.34693521787694,-8.5868522892535,24.0701,0.024551502,50,244,1,1.9918367346938775,0.16364174191111244,0.23323324972334336,0.038606348179797134,0.34967273856177084,0.20789488441255588,0.6153846153846154,0.375,0,0,0.0
V6_allz,J03_h10_rat30_15_sl8_t1,J利润锁定,1,10,,,,,0.08,,,0.3,0.15,,0.6042304421322062,0.6292840681396061,1.9857897449335542,-0.1548010326915863,0.5063119444138814,0.6974303685235466,1.891519281136617,0.56,9.76,1.0629778630437459,23.34693521787694,-5.320844965300875,24.50442,0.0249945084,25,244,1,0.9959183673469387,0.22424541917881297,0.3810455066664802,0.16160577938118914,0.36517748031314623,0.24337706488843303,0.6923076923076923,0.4166666666666667,0,0,0.0
V6_allz,J04_h10_rat30_15_sl8_t2,J利润锁定,2,10,,,,,0.08,,,0.3,0.15,,0.4376801097569756,0.4548945562930782,1.717779756863601,-0.14876286262408944,0.3894901022001501,1.0926517375876372,1.6099042003522865,0.52,9.76,0.10950907075373273,40.35809513056019,-8.5868522892535,24.20328,0.024687345599999997,50,244,1,1.9918367346938775,0.1636448461943355,0.23323324972334336,0.16578117730729125,0.34967273856177084,0.5504882611895938,0.6153846153846154,0.4166666666666667,0,0,0.0
V7_allz,A01_daily_top1,A基线,1,1,,,,,,,,,,,-0.2810700508787456,-0.2888065060931694,-1.0934083756317672,-0.45405552034590746,-0.29285269630891775,-0.29877844677687104,-1.2316337324057038,0.43209876543209874,1.0,-0.22862974545537762,5.120198160243028,-7.731711645249262,192.83178,0.1966884156,243,244,2,0.9918367346938776,0.043725583279875684,-0.19716482571738592,-0.10451114730534072,-0.20590014744644058,-0.11696047925429709,0.4065040650406504,0.4583333333333333,0,0,0.0
V7_allz,A02_daily_top2,A基线,2,1,,,,,,,,,,,-0.3144246780195119,-0.322857712706615,-1.5588153572788968,-0.4184412168995387,-0.35113652581607613,-0.6286277118077547,-2.4353310348239527,0.43388429752066116,1.0,-0.2352021575007801,6.395948921317252,-8.1177775398935,188.70128,0.2058037856,484,244,2,1.9755102040816326,0.04630379418151899,-0.19500239298450506,-0.14835110563590526,-0.36564957855355895,-0.4145628730797636,0.43902439024390244,0.42857142857142855,0,0,0.0
V7_allz,B01_hold2_t1,B持有期,1,2,,,,,,,,,,,-0.3433328517466545,-0.35232577974658563,-1.4083073000005404,-0.4578757656696174,-0.3823018335335707,-0.3594803314111883,-1.636370131138114,0.48360655737704916,2.0,-0.17777329392227315,5.553017035498109,-6.4294422690606705,98.59722,0.10056916440000001,122,244,1,0.9959183673469387,0.034594588943003914,-0.06750264765765368,-0.29579730537158144,-0.09772478973039223,-0.29010609922728625,0.4838709677419355,0.48333333333333334,0,0,0.0
V7_allz,B01_hold3_t1,B持有期,1,3,,,,,,,,,,,0.25701433867706025,0.26647694551008483,0.9353291706366327,-0.30096402910829956,0.272357599039037,0.27033867974173176,0.9488687956639019,0.4691358024691358,3.0,-0.016195703317056775,10.552588104611281,-6.491163289808355,73.26076,0.0747259752,81,244,2,0.9918367346938776,0.06071526738804377,-0.14201624063046336,0.4650794084968928,-0.15452887781004232,0.5025216667971739,0.36585365853658536,0.575,0,0,0.0
V7_allz,G01_h10_tr12_t1,G移动止损,1,10,,,,,,,0.12,,,,0.009032842513040817,0.009330378711466913,0.18981314480809175,-0.3135192020401615,0.059680176698245435,-0.03881461950036991,0.026575528625893848,0.52,9.76,0.052785037500169274,16.908744317681435,-9.482912458846481,24.05982,0.024541016400000004,25,244,1,0.9959183673469387,0.06824095522456018,0.04013740736203175,-0.02990428440399817,-0.07061982442590109,0.034221953255979765,0.46153846153846156,0.5833333333333334,0,0,0.0
V7_allz,G02_h10_tr12_t2,G移动止损,2,10,,,,,,,0.12,,,,0.2970347629568266,0.3081421753475315,1.2260293772379445,-0.20098544034590116,0.2885984298579829,0.45812723822803214,0.875991187989248,0.58,9.76,0.540056884589446,48.14802977480683,-12.603547469784438,23.54296,0.024013819199999998,50,244,1,1.9918367346938775,0.18772135714121813,0.282089995330157,0.011656566762945353,0.36554650175058634,0.06779757141830056,0.5384615384615384,0.625,0,0,0.0
V7_allz,G03_h20_tr8_t1,G移动止损,1,20,,,,,,,0.08,,,,-0.02718720688932741,-0.028065965137939353,0.06873507273597976,-0.33040137456401164,0.021294696251179746,-0.050778060828227445,-0.11035293857161314,0.4666666666666667,16.266666666666666,-1.115908646713304,10.727078262994173,-8.754980428804881,14.23696,0.014521699199999998,15,244,1,0.9959183673469387,0.05700473502638856,0.1952996958695925,-0.18613482754804633,0.09694036025565556,-0.13466404048571534,0.5714285714285714,0.375,0,0,0.0
V7_allz,G03_h20_tr12_t1,G移动止损,1,20,,,,,,,0.12,,,,-0.05191297454782062,-0.05356862735697521,-0.023914979667345557,-0.3190125386757169,-0.007189965485370653,-0.06964362052798045,-0.2636539847415458,0.38461538461538464,18.76923076923077,-2.1084326103136375,10.727078262994173,-9.439071125305155,12.497,0.01274694,13,244,1,0.9959183673469387,0.06717877743068623,0.1952996958695925,-0.20682065867804245,0.1138065796839205,-0.16470561725713717,0.5714285714285714,0.16666666666666666,0,0,0.0
V7_allz,G03_h20_tr20_t1,G移动止损,1,20,,,,,,,0.2,,,,0.1963432563211076,0.20339569972022487,0.7395329535538795,-0.20264025465926683,0.2269842596632149,0.1517992920986695,0.5584093880635437,0.5384615384615384,18.76923076923077,0.45189912672565224,30.149020264532677,-11.188710535518664,12.64472,0.012897614400000002,13,244,1,0.9959183673469387,0.12983841350324787,0.3401862527021602,-0.10733060131830818,0.21908661732527368,-0.05519486824835773,0.5714285714285714,0.5,0,0,0.0
V7_allz,H01_re3_t1,H排名退出,1,,,,3,2,,,,,,,-0.26764021265405624,-0.2750814263288929,-0.9761559803843175,-0.47386768962013115,-0.2715066268156794,-0.27290884964619344,-1.0560276403121454,0.4430379746835443,3.0759493670886076,-0.23930041925364076,7.331387956778279,-7.694936025494137,66.25548,0.06758058959999999,79,244,2,0.9918367346938776,0.047967167513970635,-0.014287122960322085,-0.2570252409145872,-0.05225475430419968,-0.23282004984366667,0.4146341463414634,0.47368421052631576,0,0,0.0
V7_allz,H01_re5_t1,H排名退出,1,,,,5,2,,,,,,,-0.1358740236075413,-0.14000164610043664,-0.35438772601831886,-0.3789558620157103,-0.10278370571623774,-0.1491993145554792,-0.4701937975023446,0.45569620253164556,3.0759493670886076,-0.10197348689341412,7.331387956778301,-7.532730151518208,70.63762,0.07205037239999999,79,244,2,0.9918367346938776,0.048293640371156785,-0.05342008317964775,-0.08710721510431363,-0.06330990628315836,-0.0916945837779779,0.4,0.5128205128205128,0,0,0.0
V7_allz,H01_re10_t1,H排名退出,1,,,,10,2,,,,,,,-0.1305545595207772,-0.13453346495066898,-0.33202738043336283,-0.38633275619399565,-0.09662403546704124,-0.14908174682204245,-0.29946339401695515,0.40789473684210525,3.210526315789474,-0.338338148919759,22.927753069916122,-7.532730151518208,67.31336,0.0686596272,76,244,1,0.9959183673469387,0.04538417503764498,-0.10741954278831667,-0.025919250803151606,-0.11648128880389597,-0.036898435318944656,0.41025641025641024,0.40540540540540543,0,0,0.0
V5_allz,I03_h5_sl8_t1_q0.3,I择时,1,5,,,,,0.08,,,,,0.3,-0.039865155592900936,-0.04114494994338114,0.004034778221075876,-0.31257774960780904,0.0011534252022294966,-0.06608493660430281,-0.1240328491064074,0.5333333333333333,4.955555555555556,0.17268037782702805,8.27023397561959,-10.141364009007914,41.18266,0.042006313200000006,45,244,22,0.9102040816326531,0.1088310303282538,-0.003319635845525415,-0.036667241637071135,-0.01616694843526878,-0.05073827118294294,0.4782608695652174,0.5909090909090909,0,0,0.0
V5_allz,I04_h5_sl8_t2_q0.3,I择时,2,5,,,,,0.08,,,,,0.3,-0.0915648970228421,-0.09442068349379229,-0.29898384276313494,-0.32550562690717266,-0.06880552978936538,-0.2534124302070071,-0.6475685076283585,0.48314606741573035,4.977528089887641,-0.22570369327736817,15.420306509781145,-10.141364009007914,39.41082,0.0405198164,89,244,19,1.8081632653061224,0.12269452200360055,-0.08870319464246634,-0.0031402528391972773,-0.2336648861032533,-0.025768810205419657,0.34782608695652173,0.627906976744186,0,0,0.0
V5_allz,J01_h10_rat20_10_t1,J利润锁定,1,10,,,,,,,,0.2,0.1,,0.1483865268938902,0.1536078161135903,0.5869960073833682,-0.1926172666414392,0.1938193776116922,0.11894478094800509,0.5754659850546755,0.625,10.166666666666666,1.2860450539496582,9.481027160917431,-11.970115134250193,22.81906,0.0232754412,24,244,1,0.9959183673469387,0.036718795270837754,0.02012330220600922,0.12573306031781972,-0.08837171824845202,0.22741341328082965,0.5,0.75,0,0,0.0
V5_allz,J02_h10_rat20_10_t2,J利润锁定,2,10,,,,,,,,0.2,0.1,,-0.10235919488199363,-0.10553167378602624,-0.29485295444678505,-0.19833808723316337,-0.0748802316484598,-0.2625771223473611,-0.5136908908805281,0.46938775510204084,9.959183673469388,-0.6068927129451618,19.639363010499245,-15.261668329870604,21.58086,0.0222152272,49,244,1,1.9918367346938775,0.03372664495398482,-0.005798762415413883,-0.09712362931791696,-0.229501972572819,-0.04292697527725731,0.44,0.5,0,0,0.0
V5_allz,J03_h10_rat30_15_sl8_t1,J利润锁定,1,10,,,,,0.08,,,0.3,0.15,,-0.1952521161144133,-0.20096330657639427,-0.5829412917100344,-0.29257871525209034,-0.17229124889386127,-0.21675264290737528,-0.9151744811933498,0.5384615384615384,9.384615384615385,0.5179671704420352,5.984724032634325,-11.42097867963563,21.95002,0.022389020400000004,26,244,1,0.9959183673469387,0.02496544666987006,-0.11931529360043625,-0.08622475440095334,-0.14371026578235602,-0.08530100759850323,0.46153846153846156,0.6153846153846154,0,0,0.0
V5_allz,J04_h10_rat30_15_sl8_t2,J利润锁定,2,10,,,,,0.08,,,0.3,0.15,,-0.061224522418178884,-0.06316712730748408,-0.13351077401279995,-0.23340265660507387,-0.032545288306842446,-0.1463501430009887,-0.24316034043801985,0.5576923076923077,9.384615384615385,0.7644430692590798,11.674231385907795,-11.42097867963563,22.79918,0.0235822536,52,244,1,1.9918367346938775,0.02529169400795186,-0.092088422681882,0.03399439002074489,-0.30329120316674907,0.22526062664789714,0.4444444444444444,0.68,0,0,0.0
V6_allz,A01_daily_top1,A基线,1,1,,,,,,,,,,,0.11867745714072853,0.12279835601683176,0.5559196634182861,-0.35797212836984127,0.1489814953147205,0.0747557205831022,0.4077216865437304,0.49794238683127573,1.0,-0.0029893217862397847,7.311417920568575,-9.225341571414347,236.1304,0.240853008,243,244,2,0.9918367346938776,0.09495457981831637,0.16386836543617878,-0.038828195384891906,0.13143068809040326,-0.05009141797537331,0.5040650406504065,0.49166666666666664,0,0,0.0
V6_allz,A02_daily_top2,A基线,2,1,,,,,,,,,,,0.032849877391038174,0.033945002530828106,0.25799654088517227,-0.29167921111855566,0.059883184017012314,-0.016599997274339584,0.1439426626912414,0.5185185185185185,1.0,0.05841266607061746,7.9517032775196395,-9.225341571414347,228.49568,0.23366107360000002,486,244,2,1.9836734693877551,0.0550175170532329,0.05333278761975624,-0.019445810924583307,0.06210012446226454,-0.07409859007073338,0.5203252032520326,0.5166666666666667,0,0,0.0
V6_allz,H01_re5_t1,H排名退出,1,,,,5,2,,,,,,,0.8939303359525133,0.9340063783389285,2.635582148108677,-0.17409574770060965,0.6725931791035391,1.2330456850702136,2.509495379569784,0.5822784810126582,3.088607594936709,0.42053874355039156,20.48453591955117,-6.092151577779847,77.13172,0.07867435440000001,79,244,1,0.9959183673469387,0.21314237600706312,0.2749073251628289,0.4855435360453535,0.26478260509036744,0.7655569234450894,0.6153846153846154,0.55,0,0,0.0
V6_allz,H01_re10_t1,H排名退出,1,,,,10,2,,,,,,,1.0931193974496924,1.1444298238068598,3.067819393593849,-0.14938295410534785,0.7716955261134167,1.681921775187543,2.8418227581990023,0.618421052631579,3.210526315789474,0.5891371853469329,20.48453591955117,-7.5492471280266376,74.28978,0.07577557559999999,76,244,1,0.9959183673469387,0.2283203923122797,0.18626307835513445,0.7644647596652847,0.15651743213753044,1.3189635544279588,0.5945945945945946,0.6410256410256411,0,0,0.0
V6_allz,H01_re20_t1,H排名退出,1,,,,20,2,,,,,,,1.2225424937126874,1.2815091073076266,3.459098755744221,-0.1074071356454932,0.8288214471401611,2.071846482175677,3.302106967973624,0.6521739130434783,3.536231884057971,0.8616313975233991,20.48453591955117,-7.5492471280266376,67.51278,0.06886303560000001,69,244,1,0.9959183673469387,0.22202723406063812,0.27728015651658255,0.7400587352535384,0.22800292679876466,1.5014976879440822,0.5882352941176471,0.7142857142857143,0,0,0.0
V6_allz,H01_re50_t1,H排名退出,1,,,,50,2,,,,,,,0.9641476352452465,1.0081048957201202,2.5978614884387143,-0.207177434734789,0.7138300241632334,1.378943660403301,2.5322878299005107,0.6440677966101694,4.135593220338983,1.018183451574295,20.48453591955117,-7.549247128026648,57.49706,0.05864700120000001,59,244,1,0.9959183673469387,0.13892343503689836,0.03236708273038502,0.9025670888793798,-0.0404169492671177,1.4791430596719906,0.52,0.7352941176470589,0,0,0.0
V6_allz,H02_re10_t2,H排名退出,2,,,,10,2,,,,,,,0.6749582643013872,0.7035244967027146,2.8729335739788087,-0.08950799730613523,0.5340232835864968,2.5389279643030203,2.9759014542445077,0.5947712418300654,3.189542483660131,0.46698427514535457,20.48453591955115,-7.5492471280266376,73.75188,0.0752557776,153,244,1,1.9918367346938775,0.20371946161551444,0.19169025145601615,0.4055315651486686,0.4282000345206922,1.4778937675146424,0.618421052631579,0.5714285714285714,0,0,0.0
V6_allz,H02_re20_t2,H排名退出,2,,,,20,2,,,,,,,0.6296845948802325,0.6559902495988741,2.541168925871664,-0.1041230155090318,0.5094313012628892,2.258634444422976,2.8207171699217817,0.5755395683453237,3.5107913669064748,0.33143983720300696,20.48453591955115,-7.601792819075803,66.78966,0.06815605320000001,139,244,1,1.9918367346938775,0.16322041668639364,0.1453489680528719,0.422871666484971,0.3042966186253908,1.4983844916022848,0.5797101449275363,0.5714285714285714,0,0,0.0
V6_allz,H02_re50_t2,H排名退出,2,,,,50,2,,,,,,,0.6985012654163139,0.7282597601852787,2.8676869316186693,-0.10178207711141996,0.5490702215540402,2.7617660882020125,3.206866253125881,0.6129032258064516,3.935483870967742,0.8847481813667235,20.48453591955115,-7.5492471280266376,59.52638,0.060747747600000006,124,244,1,1.9918367346938775,0.20062674359280414,0.22548361824763807,0.38598447186512375,0.5371025400604963,1.4473097858871258,0.6140350877192983,0.6119402985074627,0,0,0.0
V6_allz,H02_re100_t2,H排名退出,2,,,,100,2,,,,,,,0.2148040721248079,0.2225790103467702,0.9563452356579331,-0.22274056769986217,0.22235944001185992,0.4087566774097098,1.0320661962128377,0.5869565217391305,5.304347826086956,0.6057271340733084,20.48453591955115,-8.099368134930064,42.28362,0.043308302400000005,92,244,1,1.9918367346938775,0.0525004449271315,-0.047802410149713204,0.2757899043997891,-0.14876602001142913,0.654958225972869,0.6097560975609756,0.5686274509803921,0,0,0.0
V5_allz,H02_re50_t2,H排名退出,2,,,,50,2,,,,,,,-0.17566779872515514,-0.1808724747709829,-0.6614915220964471,-0.3210638027845474,-0.1620925230318816,-0.38501453467448776,-0.9298041704126891,0.45,3.4857142857142858,-0.4624113906377125,19.45217108565547,-10.141364009007914,63.6482,0.065508934,140,244,1,1.9918367346938775,0.047023371225273954,0.028801520958195992,-0.1987451568820725,-0.027462913759712215,-0.3676483148802352,0.4647887323943662,0.43478260869565216,0,0,0.0
V5_allz,H02_re100_t2,H排名退出,2,,,,100,2,,,,,,,0.2130231838545278,0.2207280051332401,1.0550644133565026,-0.18859456310125844,0.21444789774783357,0.3620083759075876,0.9375385114068767,0.5284552845528455,3.967479674796748,0.2832828011922972,16.273079344198106,-8.46536960351626,59.67204,0.0608794808,123,244,1,1.9918367346938775,0.13371874788779547,0.2079090778154431,0.004233850157279173,0.44528481865364866,-0.05761939907708846,0.5245901639344263,0.532258064516129,0,0,0.0
V5_allz,H03_re20_sl8_t1,H排名退出,1,,,,20,2,0.08,,,,,,-0.20440861548865663,-0.2103511481264725,-0.5706879911238258,-0.43360626331616614,-0.17826048417493068,-0.24310277484038156,-0.7018069728765876,0.4266666666666667,3.2533333333333334,-0.48815989638929524,8.670329677975118,-10.235790936072009,65.04176,0.0663425952,75,244,1,0.9959183673469387,0.055000866266737454,-0.016894018169748448,-0.19073691014453098,-0.07231556686438723,-0.18410054311111612,0.40540540540540543,0.4473684210526316,0,0,0.0
V5_allz,H04_re20_sl8_t2,H排名退出,2,,,,20,2,0.08,,,,,,-0.08518610006242089,-0.08785270145596791,-0.24134254769413035,-0.25071665350831585,-0.05862127581459575,-0.25050634223034063,-0.4901895210373215,0.4503311258278146,3.2317880794701987,-0.32638203180528347,9.544985224501312,-10.235790936072009,70.50656,0.0721667312,151,244,1,1.9918367346938775,0.05492204870726068,0.05971262550863621,-0.136733980593568,-0.00690168890488474,-0.24529762119605925,0.45454545454545453,0.44594594594594594,0,0,0.0
V5_allz,H03_re50_sl8_t1,H排名退出,1,,,,50,2,0.08,,,,,,-0.13888477909634556,-0.14309608510197502,-0.33101007740680155,-0.3731725396014588,-0.10123539902784817,-0.18118312405231796,-0.5277325539604525,0.4411764705882353,3.588235294117647,-0.46113647030952,8.670329677975118,-10.141364009007903,63.67428,0.0649477656,68,244,1,0.9959183673469387,0.07574670640910208,0.14639352353698976,-0.24884849467149917,0.09453762408015343,-0.25190614015135926,0.48484848484848486,0.4,0,0,0.0
V5_allz,H04_re50_sl8_t2,H排名退出,2,,,,50,2,0.08,,,,,,-0.17566779872515514,-0.1808724747709829,-0.6614915220964471,-0.3210638027845474,-0.1620925230318816,-0.38501453467448776,-0.9298041704126891,0.45,3.4857142857142858,-0.4624113906377125,19.45217108565547,-10.141364009007914,63.6482,0.065508934,140,244,1,1.9918367346938775,0.047023371225273954,0.028801520958195992,-0.1987451568820725,-0.027462913759712215,-0.3676483148802352,0.4647887323943662,0.43478260869565216,0,0,0.0
V5_allz,I01_daily_t1_q0.3,I择时,1,1,,,,,,,,,,0.3,-0.11373972204956329,-0.11724134846403533,-0.3323307439521657,-0.2556023769525735,-0.0861910104200524,-0.12728024742350197,-0.45279617005109996,0.4556213017751479,1.0,-0.10197348689341412,7.519151081324904,-9.113306462408467,150.33828,0.1533450456,169,244,76,0.689795918367347,0.3216628679357901,-0.10524337409412465,-0.009495708340619191,-0.128748276080613,0.0016849649955441581,0.4166666666666667,0.49411764705882355,0,0,0.0
V5_allz,I02_daily_t1_q0.5,I择时,1,1,,,,,,,,,,0.5,-0.04839767333260869,-0.04994419040907616,-0.12783867322018896,-0.2413730320390699,-0.026949149400546935,-0.06633593497813639,-0.2654009009257828,0.43089430894308944,1.0,-0.22242409744552827,7.519151081324904,-5.029263819978247,111.9886,0.11422837200000002,123,244,122,0.5020408163265306,0.5075366414062465,-0.056419474191922614,0.008501448090447283,-0.07869041948615563,0.01340969937719394,0.39705882352941174,0.4727272727272727,0,0,0.0
V7_allz,H01_re20_t1,H排名退出,1,,,,20,2,,,,,,,-0.15564382537229393,-0.16031443044446803,-0.48879902589078256,-0.3708006853967949,-0.131770753002866,-0.18053503193416032,-0.6386949729882923,0.4861111111111111,3.375,-0.03356310270866136,6.776347141568806,-8.790643275768407,57.26252,0.058407770399999996,72,244,2,0.9918367346938776,0.04203997503361928,-0.1838060135081414,0.03450428280768558,-0.21800960342966413,0.047922035436573696,0.3783783783783784,0.6,0,0,0.0
V7_allz,H01_re50_t1,H排名退出,1,,,,50,2,,,,,,,-0.20551594004138363,-0.21148621034240134,-0.7080123690920908,-0.4273493004249298,-0.1921245674427977,-0.22761226509690236,-0.8261704202321533,0.4852941176470588,3.573529411764706,-0.033563102708666914,6.345625499688934,-8.790643275768407,54.8021,0.055898142,68,244,2,0.9918367346938776,0.046177228468725344,-0.07277300205099613,-0.14316120894237438,-0.10732264816872361,-0.1347515053243049,0.47058823529411764,0.5,0,0,0.0
V7_allz,H02_re10_t2,H排名退出,2,,,,10,2,,,,,,,0.03915269369041452,0.040462021106184354,0.28387367524272605,-0.2858256961482796,0.06666307969983565,-0.04803298577273929,0.11039098298460051,0.43506493506493504,3.1623376623376624,-0.31755945833861765,22.9277530699161,-8.790643275768417,71.62916,0.07318319320000001,154,244,1,1.9877551020408164,0.08890761139491966,0.02359764497827732,0.015196448319757527,-0.03695746465124028,-0.011500552379536066,0.43037974683544306,0.44,0,0,0.0
V7_allz,H02_re20_t2,H排名退出,2,,,,20,2,,,,,,,-0.0069043067905595334,-0.0071298686140367495,0.08802577628573516,-0.29279893018108605,0.020267863289878063,-0.17649641376822367,-0.2550300193230994,0.4489795918367347,3.312925170068027,-0.22760053735614294,22.92775306991608,-8.794770615407533,64.43404,0.06644935080000001,147,244,1,1.9877551020408164,0.045441917355961016,-0.10388340855288647,0.10822152238663163,-0.2513814205178293,0.10003092202360797,0.41333333333333333,0.4861111111111111,0,0,0.0
V7_allz,H02_re50_t2,H排名退出,2,,,,50,2,,,,,,,-0.16764818295632533,-0.1726409067335406,-0.7319011595357474,-0.32429674679426335,-0.1591326513871677,-0.38679469301090164,-1.1015931629750364,0.46564885496183206,3.717557251908397,-0.3081054595908239,9.411865634845329,-8.865806329296033,56.3461,0.058485582,131,244,1,1.9877551020408164,0.05000565950001167,-0.1044903469998989,-0.07052725310647134,-0.2682094853062137,-0.16204802511591532,0.4153846153846154,0.5151515151515151,0,0,0.0
V7_allz,H02_re100_t2,H排名退出,2,,,,100,2,,,,,,,0.04521331068925649,0.04672983167018119,0.31302220395977687,-0.19604844296626545,0.0696066340218644,0.018794173410602744,0.25005797332590873,0.5206611570247934,4.024793388429752,0.20006278730069216,8.425992968862218,-8.847090153219872,56.52174,0.0577666348,121,244,1,1.9877551020408164,0.05865526774963416,-0.013065255178078994,0.05905007010149421,-0.07563495727484826,0.1021556704557558,0.48333333333333334,0.5573770491803278,0,0,0.0
V7_allz,H03_re20_sl8_t1,H排名退出,1,,,,20,2,0.08,,,,,,-0.20172899303225333,-0.20760418890328325,-0.7086064109350894,-0.4040696267773054,-0.18868984892074758,-0.2178776964732163,-0.830443074756852,0.4861111111111111,3.375,-0.033563102708666914,6.345625499688934,-8.790643275768407,56.1151,0.057237402,72,244,2,0.9918367346938776,0.04196014331622821,-0.1838060135081414,-0.021959215359020456,-0.21800960342966413,0.00016868104394385242,0.3783783783783784,0.6,0,0,0.0
V7_allz,H04_re20_sl8_t2,H排名退出,2,,,,20,2,0.08,,,,,,-0.005910667782708989,-0.006103867539612229,0.0918538899454918,-0.29184427816356673,0.02106481660875148,-0.16533416555868996,-0.2167506830903944,0.4489795918367347,3.312925170068027,-0.22760053735614294,22.92775306991608,-8.794770615407533,64.49636,0.0664763772,147,244,1,1.9877551020408164,0.04546517125751867,-0.10388340855288647,0.10933035020807313,-0.2513814205178293,0.11494138312551483,0.41333333333333333,0.4861111111111111,0,0,0.0
V8_allz,B01_hold10_t1,B持有期,1,10,,,,,,,,,,,0.2512740508191016,0.2605042705415146,0.9436725459104219,-0.30503425455314526,0.2643881556620229,0.18833060294517723,0.6549573610057946,0.44,9.76,-0.3374835145924404,23.34693521787694,-11.027704225472778,24.46944,0.024958828799999996,25,244,1,0.9959183673469387,0.1519900157320537,0.29825359397580176,-0.03618672297515302,0.2231974210122336,-0.028504653025022364,0.6923076923076923,0.16666666666666666,0,0,0.0
V8_allz,B01_hold20_t1,B持有期,1,20,,,,,,,,,,,0.980506997563807,1.0253811062705442,2.7463828478286048,-0.12333814056176973,0.7190260274056438,1.426353738613281,3.1394325861536134,0.7692307692307693,18.76923076923077,4.735478453021558,26.23059937968961,-3.9105070776836226,12.68438,0.012938067599999999,13,244,1,0.9959183673469387,0.3253217494953054,0.5767420564354826,0.2560754560204406,0.6766236530760137,0.4471665923129362,0.8571428571428571,0.6666666666666666,0,0,0.0
V8_allz,B02_hold2_t2,B持有期,2,2,,,,,,,,,,,0.3743629733998517,0.38876691818271625,1.42077753639291,-0.1755011344238061,0.3491282887028547,0.8821316150639262,1.5038132186026791,0.5204918032786885,2.0,0.19453623179777058,16.941941151280314,-8.751578886619427,116.91236,0.11934050719999999,244,244,1,1.9918367346938775,0.14560045122259896,0.22489180253973418,0.12202806039700786,0.5249781377897691,0.23420235898712516,0.5645161290322581,0.475,0,0,0.0
V8_allz,B02_hold3_t2,B持有期,2,3,,,,,,,,,,,0.29515205793122035,0.3061811374407062,1.19125087012552,-0.2867328344548665,0.28901932674882136,0.5685151731343818,1.118018788974746,0.5185185185185185,3.0,0.13357793157996456,25.03053544232006,-10.417883837125796,77.6322,0.079217734,162,244,2,1.9836734693877551,0.1601059622416626,0.27452303303316117,0.01618568230105999,0.6922858511754866,-0.07313816277263852,0.5975609756097561,0.4375,0,0,0.0
V8_allz,B02_hold5_t2,B持有期,2,5,,,,,,,,,,,0.0865310523534022,0.08949151497764252,0.462020751021669,-0.32890558109484436,0.11456528914597253,0.0006252732917568782,0.26806085577348987,0.4387755102040816,4.979591836734694,-0.5808576834888612,17.060170788554885,-10.617532124574424,46.85984,0.04780803680000001,98,244,1,1.9918367346938775,0.19052149631467755,0.36325585003080785,-0.20298816078519022,1.0002886286695722,-0.499759555221143,0.52,0.3541666666666667,0,0,0.0
V8_allz,B02_hold7_t2,B持有期,2,7,,,,,,,,,,,0.7864350958270854,0.8207449705442584,2.665606456496046,-0.12636914538458222,0.6074118691919799,2.866882371158773,2.2169770933799855,0.5714285714285714,6.9714285714285715,0.7267182920849269,30.303137454599714,-12.751123732219849,33.75638,0.0344315076,70,244,1,1.9918367346938775,0.28224432542333333,0.575011935435426,0.13423590998579193,1.8420195555445544,0.3606107542837962,0.6388888888888888,0.5,0,0,0.0
V8_allz,B02_hold10_t2,B持有期,2,10,,,,,,,,,,,0.05848817849872234,0.06046268037036895,0.349767914252944,-0.34309244769832403,0.0937176495332609,-0.021656826175061372,0.25313755662103193,0.46,9.76,-0.632844231148888,23.34693521787694,-20.989104816218862,23.85128,0.024360225600000004,50,244,1,1.9918367346938775,0.14184460088644593,0.28621004258257376,-0.17704873741042315,0.5214496250121401,-0.35696643665272076,0.6153846153846154,0.2916666666666667,0,0,0.0
V8_allz,B02_hold20_t2,B持有期,2,20,,,,,,,,,,,0.32631331715806433,0.33865084009939816,1.352288071875782,-0.12851473408900183,0.30947101238329167,0.7366700876486301,1.4161293223826075,0.6153846153846154,18.76923076923077,1.6800761717763346,26.23059937968961,-21.550942209570966,12.4462,0.012706124,26,244,1,1.9918367346938775,0.22163151882225368,0.2953387911044354,0.023912297127472337,0.5775089348619455,0.10089397864527028,0.7142857142857143,0.5,0,0,0.0
V7_allz,B02_hold10_t2,B持有期,2,10,,,,,,,,,,,0.23523073800376504,0.243816244243255,0.9970142346919907,-0.18791077269705103,0.24136552427518576,0.28705109359374825,0.6816698493778928,0.54,9.76,0.29783781191730085,48.14802977480683,-12.642132574669917,23.6828,0.024156456000000003,50,244,1,1.9918367346938775,0.18294379236039454,0.282089995330157,-0.036549117064379355,0.36554650175058634,-0.057482779280097374,0.5384615384615384,0.5416666666666666,0,0,0.0
V7_allz,B02_hold20_t2,B持有期,2,20,,,,,,,,,,,0.1149369119259589,0.11892115183511853,0.5542083973899277,-0.19145915481656928,0.14274807256636712,0.14349059591267177,0.5205243309905895,0.5,18.76923076923077,-0.31538424045857716,30.149020264532677,-11.685109797916837,12.32326,0.0125697252,26,244,1,1.9918367346938775,0.09890572976581836,0.14811230841410516,-0.028895602150604383,0.1168038220273302,0.02389566847729574,0.42857142857142855,0.5833333333333334,0,0,0.0
V7_allz,C01_nr_hold2_t1,C续持,1,2,,True,,,,,,,,,0.19158647169614595,0.19845431683765624,0.7176216028435827,-0.24689847832142042,0.22614628476010712,0.19344431904868342,0.7159454987224497,0.559322033898305,2.059322033898305,0.30896650921115043,15.786752587184472,-7.460190714346915,106.12412,0.10824660239999999,118,244,2,0.9918367346938776,0.051159399818123216,-0.06820873857851795,0.2788126708532743,-0.09819513012402514,0.32339529194693517,0.5333333333333333,0.5862068965517241,0,0,0.0
V7_allz,C02_nr_hold2_t2,C续持,2,2,,True,,,,,,,,,-0.10763271334082547,-0.11095832184647503,-0.35355321022803365,-0.2867533104217769,-0.08455664709173205,-0.2993365564084999,-0.6387713529342307,0.4703389830508475,2.0635593220338984,-0.20172713348349802,15.786752587184472,-9.197821973353303,100.36664,0.10455030280000001,236,244,1,1.9877551020408164,0.044961254438898986,-0.0935561671339098,-0.015529419139415523,-0.20838986379226632,-0.1148882365907038,0.4666666666666667,0.47413793103448276,0,0,0.0
V7_allz,C01_nr_hold3_t1,C续持,1,3,,True,,,,,,,,,0.25701433867706025,0.26647694551008483,0.9353291706366327,-0.30096402910829956,0.272357599039037,0.27033867974173176,0.9488687956639019,0.4691358024691358,3.0,-0.016195703317056775,10.552588104611281,-6.491163289808355,73.26076,0.0747259752,81,244,2,0.9918367346938776,0.06071526738804377,-0.14201624063046336,0.4650794084968928,-0.15452887781004232,0.5025216667971739,0.36585365853658536,0.575,0,0,0.0
V7_allz,C02_nr_hold3_t2,C续持,2,3,,True,,,,,,,,,-0.023134604895337696,-0.0238839865603222,0.00921137301361833,-0.23338033606720188,0.0020511178342311753,-0.08334379746837384,0.0014681518146403949,0.43125,3.0375,-0.150371496667151,10.552588104611281,-9.181348469983085,71.6315,0.07366878,160,244,2,1.9836734693877551,0.05070726848621292,-0.05040798579486894,0.02872115655096441,-0.1566991310146275,0.08698595749641824,0.3902439024390244,0.47435897435897434,0,0,0.0
V7_allz,C01_nr_hold5_t1,C续持,1,5,,True,,,,,,,,,0.0227375059910504,0.023491687725536003,0.23180573362051757,-0.29543422955073406,0.07257776357384449,-0.0032266077688817285,0.14964662997447023,0.46938775510204084,4.979591836734694,-0.3766273516138785,15.09290482742356,-7.707990764438632,46.35178,0.04727881560000001,49,244,1,0.9959183673469387,0.054748607200249745,0.0179839566689195,0.004669571942651718,-0.02050338293074283,0.017638422492519013,0.44,0.5,0,0,0.0
V7_allz,C02_nr_hold5_t2,C续持,2,5,,True,,,,,,,,,0.028905337768169614,0.02986706988081278,0.24163310701777055,-0.2411828441906585,0.059846957126702294,0.003028363652701538,0.22731914469981465,0.4387755102040816,4.979591836734694,-0.6365959211067196,21.365659214318566,-7.707990764438632,44.49334,0.0455236868,98,244,1,1.9918367346938775,0.05272730236388592,-0.05415702160268099,0.08781833905623038,-0.16292117847270216,0.19824840607318195,0.4,0.4791666666666667,0,0,0.0
V7_allz,H03_re50_sl8_t1,H排名退出,1,,,,50,2,0.08,,,,,,-0.20551594004138363,-0.21148621034240134,-0.7080123690920908,-0.4273493004249298,-0.1921245674427977,-0.22761226509690236,-0.8261704202321533,0.4852941176470588,3.573529411764706,-0.033563102708666914,6.345625499688934,-8.790643275768407,54.8021,0.055898142,68,244,2,0.9918367346938776,0.046177228468725344,-0.07277300205099613,-0.14316120894237438,-0.10732264816872361,-0.1347515053243049,0.47058823529411764,0.5,0,0,0.0
V7_allz,H04_re50_sl8_t2,H排名退出,2,,,,50,2,0.08,,,,,,-0.16764818295632533,-0.1726409067335406,-0.7319011595357474,-0.32429674679426335,-0.1591326513871677,-0.38679469301090164,-1.1015931629750364,0.46564885496183206,3.717557251908397,-0.3081054595908239,9.411865634845329,-8.865806329296033,56.3461,0.058485582,131,244,1,1.9877551020408164,0.05000565950001167,-0.1044903469998989,-0.07052725310647134,-0.2682094853062137,-0.16204802511591532,0.4153846153846154,0.5151515151515151,0,0,0.0
V7_allz,I01_daily_t1_q0.3,I择时,1,1,,,,,,,,,,0.3,-0.09003040866543344,-0.09284082234733915,-0.3261700018828313,-0.306426815293685,-0.07047108806527735,-0.09224464797409171,-0.3536540135044995,0.4318181818181818,1.0,-0.22159328664637656,5.120198160243072,-5.065222049359363,156.55088,0.1596818976,176,244,69,0.7183673469387755,0.30845393965980367,-0.06086036820560525,-0.03106038705244918,-0.059440443122792286,-0.03487732872569449,0.41379310344827586,0.449438202247191,0,0,0.0
V7_allz,I02_daily_t1_q0.5,I择时,1,1,,,,,,,,,,0.5,-0.11327555630835928,-0.11676385412883594,-0.5180704589673287,-0.2767074072459921,-0.10080472104953031,-0.12460711470780206,-0.6185082862107565,0.4264705882352941,1.0,-0.22159328664637656,5.12019816024305,-5.065222049359363,120.73426,0.12314894520000001,136,244,109,0.5551020408163265,0.46153339061552023,-0.07911067784131354,-0.03709987470259568,-0.08161211992828132,-0.04681572537320855,0.3939393939393939,0.45714285714285713,0,0,0.0
V7_allz,I03_h5_sl8_t1_q0.3,I择时,1,5,,,,,0.08,,,,,0.3,0.15454807938588844,0.16000088082205965,0.6833379575687262,-0.2072369061526521,0.1784149341034702,0.12851182184883592,0.565100942074125,0.5555555555555556,4.977777777777778,0.4161543862366557,15.016711458835408,-9.181348469983085,43.84734,0.0447242868,45,244,21,0.9142857142857143,0.18796117739690912,0.12007698461390848,0.030775647786264848,0.0014081977800786127,0.1269248887222223,0.5652173913043478,0.5454545454545454,0,0,0.0
V7_allz,I04_h5_sl8_t2_q0.3,I择时,2,5,,,,,0.08,,,,,0.3,0.23866324624331958,0.24738609617432106,1.1017989314768473,-0.12965223683149374,0.23789724545456303,0.46100907893321397,1.0432910454503723,0.5444444444444444,4.944444444444445,0.38024671475699323,20.74202792216111,-10.211704507389886,42.67682,0.04356624640000001,90,244,18,1.816326530612245,0.21086621924220675,0.14836258241449563,0.07863427911327547,0.1832035156460452,0.23479102251947315,0.5217391304347826,0.5681818181818182,0,0,0.0
V7_allz,J01_h10_rat20_10_t1,J利润锁定,1,10,,,,,,,,0.2,0.1,,0.009032842513040817,0.009330378711466913,0.18981314480809175,-0.3135192020401615,0.059680176698245435,-0.03881461950036991,0.026575528625893848,0.52,9.76,0.052785037500169274,16.908744317681435,-9.482912458846481,24.05982,0.024541016400000004,25,244,1,0.9959183673469387,0.06824095522456018,0.04013740736203175,-0.02990428440399817,-0.07061982442590109,0.034221953255979765,0.46153846153846156,0.5833333333333334,0,0,0.0
V7_allz,J02_h10_rat20_10_t2,J利润锁定,2,10,,,,,,,,0.2,0.1,,0.23523073800376504,0.243816244243255,0.9970142346919907,-0.18791077269705103,0.24136552427518576,0.28705109359374825,0.6816698493778928,0.54,9.76,0.29783781191730085,48.14802977480683,-12.642132574669917,23.6828,0.024156456000000003,50,244,1,1.9918367346938775,0.18294379236039454,0.282089995330157,-0.036549117064379355,0.36554650175058634,-0.057482779280097374,0.5384615384615384,0.5416666666666666,0,0,0.0
V8_allz,E01_h5_tp20_t1,E止盈,1,5,,,,,,0.2,,,,,0.20736724883144908,0.21484997666674,0.8255187170003048,-0.40218587217556356,0.22715761116125044,0.1146200781059159,0.47147204249256247,0.46938775510204084,4.979591836734694,-0.5369582878719914,17.060170788554885,-8.534853080263504,47.87396,0.04883143920000001,49,244,1,0.9959183673469387,0.25311614708546787,0.611442213901584,-0.25075361783640915,0.7262412734991415,-0.35430805923986,0.64,0.2916666666666667,0,0,0.0
V8_allz,E02_h5_tp20_t2,E止盈,2,5,,,,,,0.2,,,,,0.0865310523534022,0.08949151497764252,0.462020751021669,-0.32890558109484436,0.11456528914597253,0.0006252732917568782,0.26806085577348987,0.4387755102040816,4.979591836734694,-0.5808576834888612,17.060170788554885,-10.617532124574424,46.85984,0.04780803680000001,98,244,1,1.9918367346938775,0.19052149631467755,0.36325585003080785,-0.20298816078519022,1.0002886286695722,-0.499759555221143,0.52,0.3541666666666667,0,0,0.0
V8_allz,E01_h5_tp30_t1,E止盈,1,5,,,,,,0.3,,,,,0.20736724883144908,0.21484997666674,0.8255187170003048,-0.40218587217556356,0.22715761116125044,0.1146200781059159,0.47147204249256247,0.46938775510204084,4.979591836734694,-0.5369582878719914,17.060170788554885,-8.534853080263504,47.87396,0.04883143920000001,49,244,1,0.9959183673469387,0.25311614708546787,0.611442213901584,-0.25075361783640915,0.7262412734991415,-0.35430805923986,0.64,0.2916666666666667,0,0,0.0
V8_allz,E02_h5_tp30_t2,E止盈,2,5,,,,,,0.3,,,,,0.0865310523534022,0.08949151497764252,0.462020751021669,-0.32890558109484436,0.11456528914597253,0.0006252732917568782,0.26806085577348987,0.4387755102040816,4.979591836734694,-0.5808576834888612,17.060170788554885,-10.617532124574424,46.85984,0.04780803680000001,98,244,1,1.9918367346938775,0.19052149631467755,0.36325585003080785,-0.20298816078519022,1.0002886286695722,-0.499759555221143,0.52,0.3541666666666667,0,0,0.0
V8_allz,F01_h5_sl8_tp15_t1,F组合,1,5,,,,,0.08,0.15,,,,,0.20736724883144908,0.21484997666674,0.8255187170003048,-0.40218587217556356,0.22715761116125044,0.1146200781059159,0.47147204249256247,0.46938775510204084,4.979591836734694,-0.5369582878719914,17.060170788554885,-8.534853080263504,47.87396,0.04883143920000001,49,244,1,0.9959183673469387,0.25311614708546787,0.611442213901584,-0.25075361783640915,0.7262412734991415,-0.35430805923986,0.64,0.2916666666666667,0,0,0.0
V8_allz,F02_h5_sl8_tp15_t2,F组合,2,5,,,,,0.08,0.15,,,,,0.17781257515253812,0.18414954821400076,0.8009684486056339,-0.28022668082192526,0.1936711437856684,0.2123860228283727,0.6320378792313791,0.46938775510204084,4.969387755102041,-0.23006211003068766,17.060170788554885,-9.703135721297818,46.92666,0.0478761932,98,244,1,1.9877551020408164,0.19618598791521047,0.36325585003080785,-0.13602969308664847,1.0002886286695722,-0.3938944583038738,0.52,0.4166666666666667,0,0,0.0
V8_allz,F01_h5_sl8_tp25_t1,F组合,1,5,,,,,0.08,0.25,,,,,0.20736724883144908,0.21484997666674,0.8255187170003048,-0.40218587217556356,0.22715761116125044,0.1146200781059159,0.47147204249256247,0.46938775510204084,4.979591836734694,-0.5369582878719914,17.060170788554885,-8.534853080263504,47.87396,0.04883143920000001,49,244,1,0.9959183673469387,0.25311614708546787,0.611442213901584,-0.25075361783640915,0.7262412734991415,-0.35430805923986,0.64,0.2916666666666667,0,0,0.0
V8_allz,F02_h5_sl8_tp25_t2,F组合,2,5,,,,,0.08,0.25,,,,,0.17781257515253812,0.18414954821400076,0.8009684486056339,-0.28022668082192526,0.1936711437856684,0.2123860228283727,0.6320378792313791,0.46938775510204084,4.969387755102041,-0.23006211003068766,17.060170788554885,-9.703135721297818,46.92666,0.0478761932,98,244,1,1.9877551020408164,0.19618598791521047,0.36325585003080785,-0.13602969308664847,1.0002886286695722,-0.3938944583038738,0.52,0.4166666666666667,0,0,0.0
V7_allz,J03_h10_rat30_15_sl8_t1,J利润锁定,1,10,,,,,0.08,,,0.3,0.15,,0.354507564499821,0.3680505264478564,1.0868471273756526,-0.3259454409929917,0.3593518629556556,0.3616719756376283,1.0040671755652344,0.5769230769230769,9.384615384615385,1.80125439529496,19.161310742133896,-8.946858803306323,25.0123,0.025512545999999997,26,244,1,0.9959183673469387,0.07583513856918354,0.061875463601368086,0.2755804337977519,0.02004603890734402,0.33491227228942333,0.5384615384615384,0.6153846153846154,0,0,0.0
V7_allz,J04_h10_rat30_15_sl8_t2,J利润锁定,2,10,,,,,0.08,,,0.3,0.15,,0.3740250780763761,0.38841428834173564,1.4251218931865135,-0.19012709227645808,0.34858008708822596,0.6759152920212861,1.065704097488768,0.5283018867924528,9.20754716981132,0.6470604993957352,48.14802977480683,-9.461632678578379,25.3481,0.025855061999999995,53,244,1,1.9918367346938775,0.16669395153957048,0.32438117236118136,0.037484605452890785,0.5745821010459988,0.0643556095982365,0.5384615384615384,0.5185185185185185,0,0,0.0
V8_allz,A01_daily_top1,A基线,1,1,,,,,,,,,,,0.11387911725196465,0.11782478844878663,0.5116530658788988,-0.3527763654671142,0.15427774774751624,0.07050145232715632,0.3840905528025531,0.5432098765432098,1.0,0.10128473190056386,8.229193742960161,-5.432429477359014,231.1399,0.23576269800000002,243,244,2,0.9918367346938776,0.06402653722538636,0.1694006326053461,-0.04747860896028788,0.14370015522468793,-0.06400165512188116,0.5609756097560976,0.525,0,0,0.0
V8_allz,A02_daily_top2,A基线,2,1,,,,,,,,,,,0.2642768120998804,0.274034710490235,1.0093604287068088,-0.28392105336744466,0.27175872912732646,0.5021030410385863,1.1138175206000485,0.5349794238683128,1.0,0.10879755127894963,10.926161360987741,-9.703909081569384,230.26578,0.2350632356,486,244,2,1.9836734693877551,0.09312004423880034,0.18576669624804243,0.06621042410809452,0.3764204084574829,0.0913112242515739,0.5528455284552846,0.5166666666666667,0,0,0.0
V8_allz,B01_hold2_t1,B持有期,1,2,,,,,,,,,,,0.1564671160832829,0.16199225154280117,0.6402088081385637,-0.26733649674973503,0.19060924306616878,0.12071767481243101,0.5223160551408544,0.4918032786885246,2.0,-0.06418089361280854,14.516484040713195,-6.424628217681006,116.97944,0.11931902879999998,122,244,1,0.9959183673469387,0.06467134388093107,0.16045583105300554,-0.0034371967144188886,0.13328574493051826,-0.011089939297575846,0.5483870967741935,0.43333333333333335,0,0,0.0
V8_allz,B01_hold3_t1,B持有期,1,3,,,,,,,,,,,0.33743139452071325,0.35024184547519543,1.0758426208153953,-0.3432197376683609,0.34216787494114154,0.27159105616424783,0.7974784540090465,0.5061728395061729,3.0,0.007049421239901932,25.03053544232006,-10.417883837125785,78.85526,0.08043236520000001,81,244,2,0.9918367346938776,0.1536740010851235,0.3153721054800358,0.016770379232442734,0.31775360390264207,-0.03503124377856426,0.5853658536585366,0.425,0,0,0.0
V8_allz,B01_hold5_t1,B持有期,1,5,,,,,,,,,,,0.20736724883144908,0.21484997666674,0.8255187170003048,-0.40218587217556356,0.22715761116125044,0.1146200781059159,0.47147204249256247,0.46938775510204084,4.979591836734694,-0.5369582878719914,17.060170788554885,-8.534853080263504,47.87396,0.04883143920000001,49,244,1,0.9959183673469387,0.25311614708546787,0.611442213901584,-0.25075361783640915,0.7262412734991415,-0.35430805923986,0.64,0.2916666666666667,0,0,0.0
V8_allz,B01_hold7_t1,B持有期,1,7,,,,,,,,,,,0.9637585273885749,1.0076940378879033,2.6091228795238903,-0.15939564035373877,0.7136360435372103,1.2208314923960555,1.7757714631820916,0.6,6.9714285714285715,0.8852807186773726,30.303137454599714,-10.525272397786445,34.41892,0.03510729840000001,35,244,1,0.9959183673469387,0.2931558646720375,0.7154528767214103,0.1447464130531697,0.77343358157249,0.2522777934693565,0.6111111111111112,0.5882352941176471,0,0,0.0
V8_allz,G03_h20_tr8_t1,G移动止损,1,20,,,,,,,0.08,,,,0.43548461155640994,0.4525999817205546,1.3282589779157115,-0.2911359904524031,0.4102553504225397,0.44337164009066354,1.21487138885042,0.5333333333333333,16.266666666666666,1.9927982241461972,26.23059937968961,-9.468173712716565,14.64646,0.014939389199999998,15,244,1,0.9959183673469387,0.2035442792446953,0.39104316304738385,0.03194828865818011,0.3328882431923246,0.08289021788783035,0.5714285714285714,0.5,0,0,0.0
V8_allz,G03_h20_tr12_t1,G移动止损,1,20,,,,,,,0.12,,,,0.980506997563807,1.0253811062705442,2.7463828478286048,-0.12333814056176973,0.7190260274056438,1.426353738613281,3.1394325861536134,0.7692307692307693,18.76923076923077,4.735478453021558,26.23059937968961,-3.9105070776836226,12.68438,0.012938067599999999,13,244,1,0.9959183673469387,0.3253217494953054,0.5767420564354826,0.2560754560204406,0.6766236530760137,0.4471665923129362,0.8571428571428571,0.6666666666666666,0,0,0.0
V8_allz,G03_h20_tr20_t1,G移动止损,1,20,,,,,,,0.2,,,,0.980506997563807,1.0253811062705442,2.7463828478286048,-0.12333814056176973,0.7190260274056438,1.426353738613281,3.1394325861536134,0.7692307692307693,18.76923076923077,4.735478453021558,26.23059937968961,-3.9105070776836226,12.68438,0.012938067599999999,13,244,1,0.9959183673469387,0.3253217494953054,0.5767420564354826,0.2560754560204406,0.6766236530760137,0.4471665923129362,0.8571428571428571,0.6666666666666666,0,0,0.0
V8_allz,H01_re3_t1,H排名退出,1,,,,3,2,,,,,,,0.10209265207127927,0.10561088828743426,0.4713992767177841,-0.41281246455603204,0.145608277171542,0.046129771469686,0.3020214193032413,0.49333333333333335,3.24,-0.10197348689340302,17.126556803968818,-7.902208677679479,70.86498,0.0722822796,75,244,2,0.9918367346938776,0.11317307386461713,0.25937793734342884,-0.12489125036121629,0.24090517895636077,-0.15696236166125666,0.5945945945945946,0.39473684210526316,0,0,0.0
V8_allz,H01_re5_t1,H排名退出,1,,,,5,2,,,,,,,0.10209265207127927,0.10561088828743426,0.4713992767177841,-0.41281246455603204,0.145608277171542,0.046129771469686,0.3020214193032413,0.49333333333333335,3.24,-0.10197348689340302,17.126556803968818,-7.902208677679479,70.86498,0.0722822796,75,244,2,0.9918367346938776,0.11317307386461713,0.25937793734342884,-0.12489125036121629,0.24090517895636077,-0.15696236166125666,0.5945945945945946,0.39473684210526316,0,0,0.0
V8_allz,H01_re10_t1,H排名退出,1,,,,10,2,,,,,,,0.16329405438187417,0.16907739393955956,0.6558472857472163,-0.3234295389145033,0.19733280448794788,0.10757388157549541,0.4810993123926921,0.5,3.375,-0.010254214638127923,11.965723751000755,-7.902208677679479,69.94772,0.0713466744,72,244,2,0.9918367346938776,0.12772952557773243,0.25937793734342884,-0.07629471671088528,0.24090517895636077,-0.1074468054787242,0.5945945945945946,0.4,0,0,0.0
V8_allz,H01_re20_t1,H排名退出,1,,,,20,2,,,,,,,0.20699425709572727,0.21446237022789583,0.8289463852961827,-0.2951688839614036,0.22643917372680855,0.1341873845131365,0.586204778755849,0.5217391304347826,3.536231884057971,0.17073247807726233,11.965723751000755,-10.417883837125785,67.48626,0.06883598519999999,69,244,1,0.9959183673469387,0.15449360070667362,0.3441890876861844,-0.10206512747891539,0.3625492619555519,-0.16759898802826922,0.6486486486486487,0.375,0,0,0.0
V8_allz,H01_re50_t1,H排名退出,1,,,,50,2,,,,,,,0.5886349670848445,0.6129283377192647,1.9438385337860948,-0.18275717648128775,0.49648074650299845,0.6751375901051568,1.7237203011944178,0.5901639344262295,4.0,0.5786362414153645,17.12655680396884,-9.23293277081293,59.66358,0.06085685159999999,61,244,1,0.9959183673469387,0.2300169599439785,0.47258820659986944,0.07880462437827052,0.5424523229981719,0.08602228096689246,0.6363636363636364,0.5357142857142857,0,0,0.0
V8_allz,F01_h5_sl8_tp40_t1,F组合,1,5,,,,,0.08,0.4,,,,,0.20736724883144908,0.21484997666674,0.8255187170003048,-0.40218587217556356,0.22715761116125044,0.1146200781059159,0.47147204249256247,0.46938775510204084,4.979591836734694,-0.5369582878719914,17.060170788554885,-8.534853080263504,47.87396,0.04883143920000001,49,244,1,0.9959183673469387,0.25311614708546787,0.611442213901584,-0.25075361783640915,0.7262412734991415,-0.35430805923986,0.64,0.2916666666666667,0,0,0.0
V8_allz,F02_h5_sl8_tp40_t2,F组合,2,5,,,,,0.08,0.4,,,,,0.17781257515253812,0.18414954821400076,0.8009684486056339,-0.28022668082192526,0.1936711437856684,0.2123860228283727,0.6320378792313791,0.46938775510204084,4.969387755102041,-0.23006211003068766,17.060170788554885,-9.703135721297818,46.92666,0.0478761932,98,244,1,1.9877551020408164,0.19618598791521047,0.36325585003080785,-0.13602969308664847,1.0002886286695722,-0.3938944583038738,0.52,0.4166666666666667,0,0,0.0
V8_allz,G01_h10_tr5_t1,G移动止损,1,10,,,,,,,0.05,,,,0.4144244299295061,0.4305952865218259,1.1532343759605892,-0.30776047615935453,0.4116467942497375,0.3459918363283072,0.8603507458416182,0.4838709677419355,7.838709677419355,-0.7483571512786003,31.480471362206664,-8.290320707092336,30.43402,0.031042700399999998,31,244,2,0.9918367346938776,0.17281510900572486,0.33866987572912244,0.05658942176398907,0.34689206914710136,-0.0006683778451263,0.6923076923076923,0.3333333333333333,0,0,0.0
V8_allz,G02_h10_tr5_t2,G移动止损,2,10,,,,,,,0.05,,,,0.1380261421324216,0.14286069168596138,0.605932726977913,-0.26006627758381995,0.1694738781740437,0.2243723413612344,0.6350932029202259,0.4915254237288136,8.23728813559322,-0.3089590081319815,31.480471362206707,-9.518956350969587,27.9241,0.028495841999999993,59,244,2,1.9836734693877551,0.09595687030410245,0.14067991023557647,-0.002326479215896793,0.23673930740741134,-0.00999965471470432,0.5925925925925926,0.40625,0,0,0.0
V8_allz,G01_h10_tr8_t1,G移动止损,1,10,,,,,,,0.08,,,,0.030058184222429007,0.0310588493741335,0.2611410914368343,-0.3307370906290803,0.08890585556218311,-0.03532446519527077,0.09998262687468192,0.48148148148148145,9.037037037037036,-0.45072002209658457,16.2333018879282,-9.315156775639865,26.49574,0.027025654800000003,27,244,1,0.9959183673469387,0.1260706404699631,0.25161637289481686,-0.17701764971319134,0.19411902430057726,-0.19214457254814954,0.6923076923076923,0.2857142857142857,0,0,0.0
V8_allz,G02_h10_tr8_t2,G移动止损,2,10,,,,,,,0.08,,,,0.1478637228029227,0.15306542002212442,0.6428629888786116,-0.19398700839921046,0.17666978584094994,0.2175926448835781,0.637498856701166,0.5283018867924528,9.18867924528302,0.7730725241196446,16.2333018879282,-11.31739282165405,25.41568,0.0259349936,53,244,1,1.9877551020408164,0.1265094362364822,0.19986035718487383,-0.043335571569300235,0.32178093882012915,-0.07882417643997286,0.6153846153846154,0.4444444444444444,0,0,0.0
V8_allz,G01_h10_tr12_t1,G移动止损,1,10,,,,,,,0.12,,,,0.2512740508191016,0.2605042705415146,0.9436725459104219,-0.30503425455314526,0.2643881556620229,0.18833060294517723,0.6549573610057946,0.44,9.76,-0.3374835145924404,23.34693521787694,-11.027704225472778,24.46944,0.024958828799999996,25,244,1,0.9959183673469387,0.1519900157320537,0.29825359397580176,-0.03618672297515302,0.2231974210122336,-0.028504653025022364,0.6923076923076923,0.16666666666666666,0,0,0.0
V8_allz,G02_h10_tr12_t2,G移动止损,2,10,,,,,,,0.12,,,,0.09818926426846519,0.10156688621297816,0.48138485535397857,-0.31282418037729753,0.13259306530343917,0.10251686914909053,0.4483050136291123,0.48,9.76,-0.49996397869174203,16.2333018879282,-13.321676859884201,23.91662,0.0244059524,50,244,1,1.9918367346938775,0.1397095232944464,0.28621004258257376,-0.14618201700290234,0.5214496250121401,-0.2753510526907569,0.6153846153846154,0.3333333333333333,0,0,0.0
V9_allz,E01_h5_tp30_t1,E止盈,1,5,,,,,,0.3,,,,,0.4316734882342881,0.44861714693963806,1.4908171365148637,-0.33329462052829484,0.3950538835781412,0.3810168348541396,1.0428799104808033,0.46938775510204084,4.979591836734694,-0.338318656534653,12.626812519461117,-15.33215708906791,48.21982,0.049184216399999994,49,244,1,0.9959183673469387,0.2684975993570909,0.6242036454652489,-0.11853818809513317,0.7461409089346058,-0.20910344188845797,0.56,0.375,0,0,0.0
V9_allz,E02_h5_tp30_t2,E止盈,2,5,,,,,,0.3,,,,,0.3867749506516105,0.40172210583613555,1.580970450002783,-0.19682587361854442,0.3526673833773628,0.8075173300944702,1.3444061549594566,0.4536082474226804,5.030927835051546,-0.48818653728396333,19.916240981091992,-15.332157089067932,46.92842,0.04787783840000001,97,244,1,1.9918367346938775,0.2686216780652204,0.5374377964022372,-0.09799605948493895,1.5606355448791023,-0.2941137860445462,0.5102040816326531,0.3958333333333333,1,0,0.0
V9_allz,F01_h5_sl8_tp15_t1,F组合,1,5,,,,,0.08,0.15,,,,,0.7579618301089757,0.7907812461731369,2.1922797085043833,-0.24873869518344627,0.603612090084899,0.9154830125791122,1.8838321895556,0.54,4.86,0.46748927131374796,15.502278013057836,-8.786004224687638,49.31774,0.05030409479999999,50,244,2,0.9918367346938776,0.2926755421374015,0.6530567385378676,0.0634612769939753,0.8156840265091967,0.054964952388652843,0.6,0.48,0,0,0.0
V9_allz,F02_h5_sl8_tp15_t2,F组合,2,5,,,,,0.08,0.15,,,,,0.5309117331862367,0.5524373790016104,2.0652671975979793,-0.15262278851910227,0.45061395781336544,1.5001332873599749,2.0206815373058022,0.5050505050505051,4.91919191919192,0.05621323266076228,20.512745426346623,-8.737601977638631,48.05302,0.04902493039999999,99,244,1,1.9877551020408164,0.2710566201589431,0.5169136807102324,0.009227982220746833,1.5356376979908903,-0.014002162319580624,0.56,0.4489795918367347,1,0,0.0
V9_allz,F01_h5_sl8_tp25_t1,F组合,1,5,,,,,0.08,0.25,,,,,0.9050189740783197,0.9457020301421557,2.4187311029957863,-0.24873869518344627,0.6865165948199365,1.1648261890814173,1.9530125616967677,0.54,4.88,0.5856024793656878,28.377268794386424,-8.786004224687638,49.19294,0.0501767988,50,244,1,0.9959183673469387,0.29518847989942393,0.6530567385378676,0.15242201290883384,0.8156840265091967,0.1922923578523048,0.6,0.48,0,0,0.0
V9_allz,F02_h5_sl8_tp25_t2,F组合,2,5,,,,,0.08,0.25,,,,,0.6665985086286417,0.6947441209967171,2.3914841753662865,-0.14927326375645722,0.5371118499067642,2.162500227398777,2.2272186986019844,0.5102040816326531,4.979591836734694,0.03484158579259988,28.377268794386424,-8.737601977638631,47.5705,0.04853275999999999,98,244,1,1.9918367346938775,0.28344627671015815,0.5517776127256628,0.07399313855372602,1.662617336756285,0.18774116871464264,0.5306122448979592,0.4897959183673469,1,0,0.0
V9_allz,F01_h5_sl8_tp40_t1,F组合,1,5,,,,,0.08,0.4,,,,,0.9627098458569106,1.0065867514597264,2.5238682970026893,-0.24873869518344627,0.7164253992597266,1.2532737109018344,1.8785678948869509,0.54,4.88,0.5856024793656878,36.26839217649105,-8.786004224687638,49.32572,0.050312234399999996,50,244,1,0.9959183673469387,0.293541857157261,0.6530567385378676,0.1873215238775976,0.8156840265091967,0.24100541614277482,0.6,0.48,0,0,0.0
V9_allz,F02_h5_sl8_tp40_t2,F组合,2,5,,,,,0.08,0.4,,,,,0.6637678821771162,0.6917713988177918,2.3590643577803028,-0.14927326375645722,0.5360033747980821,2.0883062685140037,2.078819113434113,0.4897959183673469,4.979591836734694,-0.24701423181348048,36.26839217649109,-8.737601977638631,47.56464,0.048526782799999994,98,244,1,1.9918367346938775,0.283390884449839,0.5517776127256628,0.07216901992467006,1.662617336756285,0.159876121093808,0.5306122448979592,0.4489795918367347,1,0,0.0
V9_allz,B02_hold2_t2,B持有期,2,2,,,,,,,,,,,0.1972486097750985,0.20433626060371024,0.8454608241685274,-0.2078688514324556,0.21249608651970753,0.3477263086372042,0.8868375349072288,0.4959016393442623,2.0,-0.005982374330609774,13.215731792945483,-7.921722530359931,116.58896,0.11895335920000001,244,244,1,1.9918367346938775,0.11517466000793737,0.2376434422685736,-0.032638505658328376,0.5263340416764803,-0.11701746024290871,0.5080645161290323,0.48333333333333334,1,0,0.0
V9_allz,B02_hold3_t2,B持有期,2,3,,,,,,,,,,,-0.07619967935160177,-0.07859721192510416,-0.21938995614666862,-0.27670297769076235,-0.05116436032020122,-0.22829734524248257,-0.4417987699310213,0.4876543209876543,3.0,-0.10197348689339747,6.77006275920049,-10.417883837125796,75.38046,0.0771856092,162,244,2,1.9836734693877551,0.0509948680875667,0.07648516788664073,-0.14183646165603359,0.0909471462374114,-0.2926305757166534,0.5121951219512195,0.4625,1,0,0.0
V9_allz,B02_hold5_t2,B持有期,2,5,,,,,,,,,,,0.3867749506516105,0.40172210583613555,1.580970450002783,-0.19682587361854442,0.3526673833773628,0.8075173300944702,1.3444061549594566,0.4536082474226804,5.030927835051546,-0.48818653728396333,19.916240981091992,-15.332157089067932,46.92842,0.04787783840000001,97,244,1,1.9918367346938775,0.2686216780652204,0.5374377964022372,-0.09799605948493895,1.5606355448791023,-0.2941137860445462,0.5102040816326531,0.3958333333333333,1,0,0.0
V9_allz,B02_hold7_t2,B持有期,2,7,,,,,,,,,,,0.28482587721781094,0.29542698547410207,1.1475800101189593,-0.2778380630680838,0.28166635205900104,0.4680340479648837,0.9751218479691611,0.5285714285714286,6.9714285714285715,0.36368191984350595,22.903709934674655,-20.78420725015763,33.83194,0.0345085788,70,244,1,1.9918367346938775,0.18484307914429024,0.41627556565945856,-0.09281363855235425,1.0618135710830052,-0.28798894887777227,0.6111111111111112,0.4411764705882353,0,0,0.0
V9_allz,B02_hold10_t2,B持有期,2,10,,,,,,,,,,,0.5074573947339474,0.5278796496120963,1.601405465188073,-0.22945545403112821,0.4516519664570252,1.0671316105320279,1.2576906489805288,0.52,9.76,0.5371488271048275,61.899710229642956,-15.92024972819136,24.1137,0.024595973999999996,50,244,1,1.9918367346938775,0.18828497410400283,0.397439505908356,0.07872819421551869,0.6872990413428683,0.22511277484450098,0.5769230769230769,0.4583333333333333,0,1,0.0
V9_allz,B02_hold20_t2,B持有期,2,20,,,,,,,,,,,0.4137098601778193,0.4298488570370469,1.361400447068604,-0.20209545815095487,0.3881156548635458,0.8480461563027186,1.3046454437924628,0.6153846153846154,18.76923076923077,3.800760592358421,41.54400329287169,-23.610557940363886,12.4816,0.012731232,26,244,1,1.9918367346938775,0.20679451193407017,0.33597257277054227,0.058187786928938445,0.4171717043901719,0.3040382831365924,0.42857142857142855,0.8333333333333334,0,0,0.0
V9_allz,C01_nr_hold2_t1,C续持,1,2,,True,,,,,,,,,0.04851156016214864,0.0501413391594121,0.3119021844655383,-0.17430510588597858,0.09851074826776574,0.014184882721382186,0.20443487275426575,0.5294117647058824,2.0504201680672267,0.26625489895648613,12.394777357886944,-6.424628217680994,112.04914,0.11429012280000003,119,244,1,0.9959183673469387,0.022395038023628897,0.026708332373977184,0.021236048350516512,-0.0037328406718148965,0.017984858002625836,0.5666666666666667,0.4915254237288136,0,0,0.0
V9_allz,C02_nr_hold2_t2,C续持,2,2,,True,,,,,,,,,-0.023896952421884388,-0.02467071502689011,0.047311451676138795,-0.2934668250727601,0.012661769972208803,-0.18672709114054142,-0.1817762215720406,0.48497854077253216,2.0901287553648067,-0.02873245630129473,15.502278013057857,-7.864460359760361,105.7252,0.10863922399999999,233,244,1,1.9877551020408164,0.033182973932653514,0.03038154496863621,-0.05267805664373859,0.005212322412083692,-0.19094415107452345,0.5338983050847458,0.43478260869565216,1,5,0.0
V8_allz,C01_nr_hold2_t1,C续持,1,2,,True,,,,,,,,,0.09754018964107591,0.10089447520155637,0.45302831197349364,-0.3630233203497659,0.14696516072023635,0.06328642012443697,0.35448498338727397,0.5213675213675214,2.0854700854700856,0.0669015245225335,14.516484040713173,-6.424628217681006,109.38398,0.11157165959999998,117,244,1,0.9959183673469387,0.05666519738590393,0.1524009051551516,-0.047605581762961924,0.1267939569018044,-0.05636126852506895,0.5833333333333334,0.45614035087719296,0,0,0.0
V8_allz,C02_nr_hold2_t2,C续持,2,2,,True,,,,,,,,,0.24987243317361663,0.2590460467621061,0.9817614417733939,-0.24047417918852987,0.2586856870863614,0.4814801093892125,1.046358459454629,0.5238095238095238,2.1125541125541125,0.08854391521853078,14.516484040713173,-8.751578886619427,109.60596,0.1119323992,231,244,1,1.9918367346938775,0.09370023501625752,0.14076526908209996,0.0956438340547563,0.2635975510750159,0.17243034234185783,0.5726495726495726,0.47368421052631576,0,0,0.0
V8_allz,C01_nr_hold3_t1,C续持,1,3,,True,,,,,,,,,0.19231736369918706,0.1992135308426788,0.6930866908852342,-0.37899635471826665,0.23371941875441926,0.13854781006016492,0.5215932713078665,0.5063291139240507,3.088607594936709,0.007049421239901932,25.030535442320033,-10.417883837125785,75.96132,0.0774805464,79,244,1,0.9959183673469387,0.1163958231782506,0.21666390879284547,-0.020010904340718616,0.18263683540163766,-0.03728027406359202,0.575,0.4358974358974359,0,0,0.0
V8_allz,C02_nr_hold3_t2,C续持,2,3,,True,,,,,,,,,0.14536627397550417,0.1504744915195202,0.6699334091869598,-0.3216086706866106,0.16815772941759877,0.1640199774621136,0.5534199627192915,0.5189873417721519,3.0822784810126582,0.12612333524861796,25.03053544232006,-10.417883837125796,75.1961,0.076813272,158,244,1,1.9877551020408164,0.14197710147373896,0.2422547283313976,-0.07799403145443018,0.5445326002128263,-0.24636101737074456,0.6125,0.4230769230769231,0,0,0.0
V8_allz,C01_nr_hold5_t1,C续持,1,5,,True,,,,,,,,,0.20736724883144908,0.21484997666674,0.8255187170003048,-0.40218587217556356,0.22715761116125044,0.1146200781059159,0.47147204249256247,0.46938775510204084,4.979591836734694,-0.5369582878719914,17.060170788554885,-8.534853080263504,47.87396,0.04883143920000001,49,244,1,0.9959183673469387,0.25311614708546787,0.611442213901584,-0.25075361783640915,0.7262412734991415,-0.35430805923986,0.64,0.2916666666666667,0,0,0.0
V8_allz,C02_nr_hold5_t2,C续持,2,5,,True,,,,,,,,,0.5522183487355388,0.5747570484354523,2.0737916564782863,-0.19560977984405592,0.46586909916147323,1.5145291008761488,1.7990241020478275,0.5463917525773195,5.030927835051546,0.590915668856784,25.04793309434166,-11.31739282165405,46.4987,0.047446054,97,244,1,1.9918367346938775,0.2646451686568623,0.47738729761612775,0.050650937124040674,1.3818238567291532,0.05571580945084276,0.54,0.5531914893617021,0,0,0.0
V8_allz,D01_h5_sl3_t1,D止损,1,5,,,,,0.03,,,,,,0.2434560075068939,0.25237117088222716,0.8242578510223194,-0.3958468250145112,0.2741824795095932,0.17628216018629828,0.5798647347852047,0.43636363636363634,4.4363636363636365,-0.4353789405893038,28.922738152596473,-7.242973969625033,52.17632,0.0532198464,55,244,1,0.9959183673469387,0.09408682986175543,0.2685329172106028,-0.019768434357108955,0.2165141993077615,-0.03307157380025405,0.4444444444444444,0.42857142857142855,0,0,0.0
V8_allz,D02_h5_sl3_t2,D止损,2,5,,,,,0.03,,,,,,0.3896706538782413,0.4047450877898311,1.49366039024367,-0.18776124592848598,0.35874123094554955,0.852399708444449,1.4299546401079601,0.4954954954954955,4.387387387387387,-0.016452523028365196,23.597366302884225,-8.682317369915548,53.3536,0.05446774199999999,111,244,1,1.9877551020408164,0.16609259618552583,0.2436041668910911,0.11745416337121428,0.5132859958060136,0.22409096071612988,0.5185185185185185,0.47368421052631576,0,0,0.0
V9_allz,D01_h5_sl8_t1,D止损,1,5,,,,,0.08,,,,,,0.9627098458569106,1.0065867514597264,2.5238682970026893,-0.24873869518344627,0.7164253992597266,1.2532737109018344,1.8785678948869509,0.54,4.88,0.5856024793656878,36.26839217649105,-8.786004224687638,49.32572,0.050312234399999996,50,244,1,0.9959183673469387,0.293541857157261,0.6530567385378676,0.1873215238775976,0.8156840265091967,0.24100541614277482,0.6,0.48,0,0,0.0
V9_allz,D02_h5_sl8_t2,D止损,2,5,,,,,0.08,,,,,,0.6637678821771162,0.6917713988177918,2.3590643577803028,-0.14927326375645722,0.5360033747980821,2.0883062685140037,2.078819113434113,0.4897959183673469,4.979591836734694,-0.24701423181348048,36.26839217649109,-8.737601977638631,47.56464,0.048526782799999994,98,244,1,1.9918367346938775,0.283390884449839,0.5517776127256628,0.07216901992467006,1.662617336756285,0.159876121093808,0.5306122448979592,0.4489795918367347,1,0,0.0
V9_allz,D01_h5_sl10_t1,D止损,1,5,,,,,0.1,,,,,,0.1066229330416979,0.11030495523051975,0.5093738030488666,-0.3773146500141168,0.14000635563531716,0.016183257171346277,0.2250881706045459,0.42857142857142855,4.979591836734694,-0.48818653728397443,12.067991267265988,-11.776472201400722,48.13194,0.04909457880000001,49,244,1,0.9959183673469387,0.2545880662682316,0.6242036454652489,-0.31866737515866805,0.7461409089346058,-0.418040518968562,0.56,0.2916666666666667,0,0,0.0
V9_allz,D02_h5_sl10_t2,D止损,2,5,,,,,0.1,,,,,,0.32962689942830736,0.34210503969754646,1.397829797326634,-0.21408058168556754,0.31029689306740804,0.6170084818368597,1.168022228769253,0.4742268041237113,5.030927835051546,-0.3383186565346419,19.916240981091992,-11.776472201400734,46.89808,0.04784689159999999,97,244,1,1.9918367346938775,0.26644091676630616,0.5374377964022372,-0.13516702754428778,1.5606355448791023,-0.36851283460832973,0.5102040816326531,0.4375,1,0,0.0
V9_allz,E01_h5_tp10_t1,E止盈,1,5,,,,,,0.1,,,,,0.4316734882342881,0.44861714693963806,1.4908171365148637,-0.33329462052829484,0.3950538835781412,0.3810168348541396,1.0428799104808033,0.46938775510204084,4.979591836734694,-0.338318656534653,12.626812519461117,-15.33215708906791,48.21982,0.049184216399999994,49,244,1,0.9959183673469387,0.2684975993570909,0.6242036454652489,-0.11853818809513317,0.7461409089346058,-0.20910344188845797,0.56,0.375,0,0,0.0
V9_allz,E02_h5_tp10_t2,E止盈,2,5,,,,,,0.1,,,,,0.42507983015691186,0.44172723079884135,1.6144311095876664,-0.24932767050417548,0.38334413280463453,0.9379892369991425,1.4777940457270469,0.5050505050505051,4.929292929292929,0.05621323266076228,19.19311583442176,-15.332157089067932,47.82102,0.048788290399999996,99,244,1,1.9918367346938775,0.23379975863785987,0.46885996821842557,-0.02980552197539632,1.3320232354890438,-0.16896658339138237,0.5686274509803921,0.4375,0,0,0.0
V9_allz,E01_h5_tp20_t1,E止盈,1,5,,,,,,0.2,,,,,0.4316734882342881,0.44861714693963806,1.4908171365148637,-0.33329462052829484,0.3950538835781412,0.3810168348541396,1.0428799104808033,0.46938775510204084,4.979591836734694,-0.338318656534653,12.626812519461117,-15.33215708906791,48.21982,0.049184216399999994,49,244,1,0.9959183673469387,0.2684975993570909,0.6242036454652489,-0.11853818809513317,0.7461409089346058,-0.20910344188845797,0.56,0.375,0,0,0.0
V9_allz,E02_h5_tp20_t2,E止盈,2,5,,,,,,0.2,,,,,0.35191101863618046,0.3653421205013736,1.4992037162966314,-0.20124242565890305,0.32593432690019564,0.7213172237295074,1.3029982577043735,0.46938775510204084,4.979591836734694,-0.3574730040742491,20.512745426346623,-15.332157089067932,47.39224,0.0483509348,98,244,1,1.9918367346938775,0.25660326665648736,0.5025738643868076,-0.10026984318146115,1.4385193954760163,-0.2941137860445462,0.54,0.3958333333333333,1,0,0.0
V8_allz,D01_h5_sl5_t1,D止损,1,5,,,,,0.05,,,,,,1.1362479857703436,1.1900796893796022,3.0856115899818297,-0.15150410739909148,0.7936364582663288,1.726165975320007,2.4688604749603402,0.6,4.88,0.9282258756718509,28.92273815259645,-6.154211564186141,48.98388,0.049963557600000014,50,244,1,0.9959183673469387,0.33165280176286505,0.5973272864257124,0.3373890272359643,0.6833712532254785,0.6194680585737982,0.6,0.6,0,0,0.0
V8_allz,D02_h5_sl5_t2,D止损,2,5,,,,,0.05,,,,,,0.4211143784791318,0.43758411134383457,1.6594841277345191,-0.17052580843329634,0.37823507163442693,1.1122112565878117,1.6812666558619629,0.5148514851485149,4.821782178217822,0.6784316603566376,23.597366302884225,-8.682317369915548,48.51464,0.0495135728,101,244,1,1.9877551020408164,0.18938575655712084,0.280109412216764,0.11015071439728574,0.6892743468494849,0.250366028778634,0.52,0.5098039215686274,0,0,0.0
V8_allz,D01_h5_sl8_t1,D止损,1,5,,,,,0.08,,,,,,0.20736724883144908,0.21484997666674,0.8255187170003048,-0.40218587217556356,0.22715761116125044,0.1146200781059159,0.47147204249256247,0.46938775510204084,4.979591836734694,-0.5369582878719914,17.060170788554885,-8.534853080263504,47.87396,0.04883143920000001,49,244,1,0.9959183673469387,0.25311614708546787,0.611442213901584,-0.25075361783640915,0.7262412734991415,-0.35430805923986,0.64,0.2916666666666667,0,0,0.0
V8_allz,D02_h5_sl8_t2,D止损,2,5,,,,,0.08,,,,,,0.17781257515253812,0.18414954821400076,0.8009684486056339,-0.28022668082192526,0.1936711437856684,0.2123860228283727,0.6320378792313791,0.46938775510204084,4.969387755102041,-0.23006211003068766,17.060170788554885,-9.703135721297818,46.92666,0.0478761932,98,244,1,1.9877551020408164,0.19618598791521047,0.36325585003080785,-0.13602969308664847,1.0002886286695722,-0.3938944583038738,0.52,0.4166666666666667,0,0,0.0
V8_allz,D01_h5_sl10_t1,D止损,1,5,,,,,0.1,,,,,,0.20736724883144908,0.21484997666674,0.8255187170003048,-0.40218587217556356,0.22715761116125044,0.1146200781059159,0.47147204249256247,0.46938775510204084,4.979591836734694,-0.5369582878719914,17.060170788554885,-8.534853080263504,47.87396,0.04883143920000001,49,244,1,0.9959183673469387,0.25311614708546787,0.611442213901584,-0.25075361783640915,0.7262412734991415,-0.35430805923986,0.64,0.2916666666666667,0,0,0.0
V8_allz,D02_h5_sl10_t2,D止损,2,5,,,,,0.1,,,,,,0.22334869790971368,0.2314612895282684,0.9021627635941473,-0.32890558109484436,0.23688310915900934,0.2791933345919828,0.7050722703615617,0.45918367346938777,4.979591836734694,-0.41690643977864705,28.922738152596473,-10.617532124574424,46.93524,0.0478849448,98,244,1,1.9918367346938775,0.19599564393598562,0.36325585003080785,-0.10262721566016497,1.0002886286695722,-0.3604956223528618,0.52,0.3958333333333333,0,0,0.0
V8_allz,E01_h5_tp10_t1,E止盈,1,5,,,,,,0.1,,,,,0.585743033993755,0.6098960043744821,1.7156115472022109,-0.2145846844774495,0.5052641528914297,0.6443877143417613,1.610346587103129,0.5,4.86,0.014955175981723468,15.244425770767878,-6.88619020203145,49.1601,0.050143301999999994,50,244,2,0.9918367346938776,0.20403605621940182,0.2893543176616644,0.22987375329817117,0.2575753960327467,0.3075857873247876,0.48,0.52,0,0,0.0
V8_allz,E02_h5_tp10_t2,E止盈,2,5,,,,,,0.1,,,,,0.31633986881845577,0.3282558621849596,1.252114058746779,-0.1710833415030224,0.3053576427280139,0.7209498410408157,1.4287137333926319,0.48484848484848486,4.91919191919192,-0.10197348689339192,15.2444257707679,-8.16022316956212,47.69426,0.0486628852,99,244,1,1.9877551020408164,0.186767785468648,0.2981891439084481,0.013981571942098592,0.6907823511552951,0.017842325988858487,0.48,0.4897959183673469,0,0,0.0
V9_allz,G01_h10_tr5_t1,G移动止损,1,10,,,,,,,0.05,,,,-0.04829949144245782,-0.04984295406330885,0.017395265861646213,-0.41152159525226784,0.005705508838557916,-0.10034399764728785,-0.14956025799566008,0.42424242424242425,7.393939393939394,-0.36114135924141255,15.271561622339158,-8.786004224687638,31.303,0.03192906,33,244,1,0.9959183673469387,0.09796175376497854,0.24363243192463924,-0.2347413237810988,0.17744164276942676,-0.23592306431709287,0.5333333333333333,0.3333333333333333,0,0,0.0
V9_allz,G02_h10_tr5_t2,G移动止损,2,10,,,,,,,0.05,,,,-0.008255210926502499,-0.008524716678614208,0.12048356664854339,-0.3358511059003052,0.03475454852577908,-0.12229690281144034,-0.04279146290059975,0.4603174603174603,7.73015873015873,-0.36114135924141255,15.271561622339158,-15.92024972819136,30.12052,0.0307397504,63,244,1,1.9877551020408164,0.11656308830979617,0.2606129759700311,-0.21328368977769885,0.44498248458926337,-0.3925856496191049,0.6,0.3333333333333333,0,1,0.0
V9_allz,G01_h10_tr8_t1,G移动止损,1,10,,,,,,,0.08,,,,0.4709779233952749,0.4897089899100844,1.5820497905224005,-0.1893943399461666,0.422823826236601,0.47573479749120473,1.3501957403833826,0.52,9.76,0.8512279235890263,15.00062017445507,-7.759556983269455,24.63702,0.025129760399999996,25,244,1,0.9959183673469387,0.21286719750001998,0.48357812294623104,-0.008493114960426151,0.4162525968267601,0.04199971163175231,0.6153846153846154,0.4166666666666667,0,0,0.0
V9_allz,G02_h10_tr8_t2,G移动止损,2,10,,,,,,,0.08,,,,0.21609621239032095,0.22392208032408822,0.8588294270450962,-0.21246123650364912,0.2339978594748301,0.38028025126909815,0.9329256127795943,0.5192307692307693,9.384615384615385,0.2894962289435643,15.00062017445507,-9.238670793275872,25.32302,0.025829480400000004,52,244,1,1.9918367346938775,0.13809870705741983,0.26990321514699867,-0.04237094773435035,0.42757032388559324,-0.03312626483281078,0.6153846153846154,0.4230769230769231,0,0,0.0
V9_allz,G01_h10_tr12_t1,G移动止损,1,10,,,,,,,0.12,,,,0.26120566130802936,0.2708385127946997,0.9909834873491636,-0.26008693686881856,0.2704393441719136,0.1998403716946482,0.7147931660466127,0.48,9.76,-0.039215165011274866,15.00062017445507,-14.06730037329984,24.6001,0.025092102,25,244,1,0.9959183673469387,0.1976806646179982,0.48357812294623104,-0.14988928334733975,0.4162525968267601,-0.15280623358926415,0.6153846153846154,0.3333333333333333,0,0,0.0
V9_allz,G02_h10_tr12_t2,G移动止损,2,10,,,,,,,0.12,,,,0.20671395449259067,0.21417108728677148,0.8458274317207195,-0.2347184265677752,0.22420399205028063,0.27583891411525197,0.7293126611988812,0.48,9.76,-0.1883493398018521,26.518324170626894,-15.92024972819136,24.01918,0.024510413600000003,50,244,1,1.9918367346938775,0.1833161108930112,0.397439505908356,-0.13648215225731108,0.6872990413428683,-0.2438572636775448,0.5769230769230769,0.375,0,1,0.0
V9_allz,G03_h20_tr8_t1,G移动止损,1,20,,,,,,,0.08,,,,0.8110655888560101,0.8466774124316201,2.270244832926225,-0.11734783207702915,0.6338081168207838,0.9801393980886133,1.7794686927058676,0.5384615384615384,18.76923076923077,1.4288416931503622,29.81658286340947,-7.434061197606956,12.74782,0.013002776400000002,13,244,1,0.9959183673469387,0.33396482405763167,0.6718047295120437,0.0832997161005844,0.7605744088379545,0.1247121326701437,0.5714285714285714,0.5,0,0,0.0
V9_allz,G03_h20_tr12_t1,G移动止损,1,20,,,,,,,0.12,,,,0.45810187493546484,0.47624337782967396,1.502114614542981,-0.24067665347955014,0.41624254843956243,0.44926910302991185,1.218565119624099,0.6153846153846154,18.76923076923077,2.9141012511547437,26.23059937968961,-11.605831798800825,12.77868,0.013034253599999997,13,244,1,0.9959183673469387,0.22519752156200454,0.4188659678715849,0.027653004548932936,0.2878348754053963,0.12535320382102388,0.5714285714285714,0.6666666666666666,0,0,0.0
V8_allz,H02_re10_t2,H排名退出,2,,,,10,2,,,,,,,0.18374634774316245,0.19031135091094553,0.8657248557868921,-0.18979185571121227,0.19464558120067788,0.2873553570186145,0.812976152599767,0.5100671140939598,3.2684563758389262,0.03186052483115098,11.965723751000755,-10.417883837125796,71.37998,0.0728604496,149,244,1,1.9877551020408164,0.1517481688438599,0.23028945721157612,-0.03783102358196544,0.5522748640785136,-0.17066533330562228,0.5657894736842105,0.4520547945205479,0,0,0.0
V8_allz,H02_re20_t2,H排名退出,2,,,,20,2,,,,,,,0.21400999232886675,0.22175365512705314,0.9751620779736246,-0.2003386344180903,0.22023651601907746,0.36553294534454395,0.9729748353107561,0.5323741007194245,3.5035971223021583,0.3303465423314167,11.965723751000755,-10.417883837125796,66.69362,0.0680867524,139,244,1,1.9877551020408164,0.17054444006836167,0.24686009937451114,-0.026346265360582377,0.5903416932845231,-0.14135877144469744,0.5972222222222222,0.4626865671641791,0,0,0.0
V8_allz,H02_re50_t2,H排名退出,2,,,,50,2,,,,,,,0.505669963019725,0.5260086408193676,1.9792801248560428,-0.19136892599934074,0.43409839372987724,1.5673744014371063,2.155124899720307,0.6440677966101694,4.135593220338983,0.9718400886719825,25.03053544232006,-9.23293277081293,56.59008,0.05776990159999999,118,244,1,1.9918367346938775,0.21180794213870907,0.32005812053422034,0.14060884107920057,0.913085665287775,0.3420070245787501,0.6984126984126984,0.5818181818181818,0,0,0.0
V8_allz,H02_re100_t2,H排名退出,2,,,,100,2,,,,,,,0.2757887326082662,0.2860176182832026,1.151150437003853,-0.29472307131897235,0.2724493899893353,0.579469754845009,1.2729935517338218,0.5833333333333334,5.083333333333333,0.7699651851580724,17.12655680396884,-12.720052009778415,46.10856,0.047067491200000006,96,244,1,1.9918367346938775,0.18638550367560444,0.34402761663463766,-0.05077193591991602,0.9992703127281279,-0.2099768876727205,0.6727272727272727,0.4634146341463415,0,0,0.0
V8_allz,H03_re20_sl8_t1,H排名退出,1,,,,20,2,0.08,,,,,,0.20699425709572727,0.21446237022789583,0.8289463852961827,-0.2951688839614036,0.22643917372680855,0.1341873845131365,0.586204778755849,0.5217391304347826,3.536231884057971,0.17073247807726233,11.965723751000755,-10.417883837125785,67.48626,0.06883598519999999,69,244,1,0.9959183673469387,0.15449360070667362,0.3441890876861844,-0.10206512747891539,0.3625492619555519,-0.16759898802826922,0.6486486486486487,0.375,0,0,0.0
V8_allz,H04_re20_sl8_t2,H排名退出,2,,,,20,2,0.08,,,,,,0.21070230703607473,0.21831588473553443,0.9554240526720998,-0.19827031710787524,0.21806165838014802,0.348607654043555,0.932246782351853,0.5357142857142857,3.4785714285714286,0.3319948213099444,11.965723751000755,-10.417883837125796,67.17282,0.0685755364,140,244,1,1.9877551020408164,0.16951559513667588,0.24686009937451114,-0.028999077247378602,0.5903416932845231,-0.1520013216415883,0.5972222222222222,0.47058823529411764,0,0,0.0
V8_allz,H03_re50_sl8_t1,H排名退出,1,,,,50,2,0.08,,,,,,0.6338681232073382,0.6603808701367286,2.06851021550413,-0.15280595810727982,0.5241217465229714,0.7499469467195821,1.837923665289935,0.6031746031746031,3.873015873015873,0.5786362414153645,17.12655680396884,-9.51533357340837,61.596,0.06282792,63,244,1,0.9959183673469387,0.23366133401541997,0.47258820659986944,0.10952139633105928,0.5424523229981719,0.13452255257918688,0.6363636363636364,0.5666666666666667,0,0,0.0
V8_allz,H04_re50_sl8_t2,H排名退出,2,,,,50,2,0.08,,,,,,0.5426259618195173,0.5647073261006328,2.1090546305366695,-0.1639573229862059,0.45791791605472587,1.7816026947215828,2.31995592203305,0.65,4.066666666666666,0.9718400886719825,25.03053544232006,-9.51533357340837,57.56236,0.0587616272,120,244,1,1.9918367346938775,0.2154244940125049,0.32005812053422034,0.16860457719484567,0.913085665287775,0.45398752663967157,0.6984126984126984,0.5964912280701754,0,0,0.0
V9_allz,A01_daily_top1,A基线,1,1,,,,,,,,,,,0.22400399358279266,0.23214256433343183,0.7725562510427351,-0.30141943817607053,0.2600353720563434,0.20242259786032535,0.6962721250995428,0.5267489711934157,1.0,0.09599484332094566,14.262107943888601,-7.450388921405615,222.5602,0.22701140400000003,243,244,2,0.9918367346938776,0.037590245435902205,0.029740823758091617,0.18865248938633683,-0.004569241426220949,0.20794197637927003,0.4959349593495935,0.5583333333333333,2,0,0.0
V9_allz,A02_daily_top2,A基线,2,1,,,,,,,,,,,0.022315558964481674,0.023055587968544566,0.22113786442000505,-0.33170385578098416,0.059907153508408806,-0.10850005146754438,0.015214205975240664,0.49480249480249483,1.0103950103950103,-0.009916390430952937,14.262107943888624,-7.450388921405615,220.7675,0.2267643,481,244,2,1.9836734693877551,0.049578185416228764,0.10737355578822894,-0.07681057252916101,0.1700023195823801,-0.23803574265505112,0.4730290456431535,0.5166666666666667,2,5,0.0
V9_allz,B01_hold2_t1,B持有期,1,2,,,,,,,,,,,0.08921185897765849,0.09226787296489514,0.4344532765627722,-0.17135802973042102,0.13521742904196976,0.04686396071872778,0.30675413792587325,0.5163934426229508,2.0,0.09484158105557139,8.29991672453787,-6.424628217680994,115.7955,0.11811141000000001,122,244,1,0.9959183673469387,0.032114183678799015,0.055526107330556185,0.03191370768866464,0.022076987785600855,0.02425157128997668,0.5161290322580645,0.5166666666666667,1,0,0.0
V9_allz,B01_hold3_t1,B持有期,1,3,,,,,,,,,,,0.09218531398788721,0.09534757218680645,0.4642321271117332,-0.3067661380801333,0.12598071112733067,0.03614652469935953,0.273195530413422,0.5185185185185185,3.0,0.08146505761714717,6.7700627592005125,-10.417883837125785,79.00518,0.08058528359999999,81,244,2,0.9918367346938776,0.1037180331117568,0.22771316150589715,-0.11039048188729461,0.20035583301687532,-0.13680052514495256,0.5365853658536586,0.5,1,0,0.0
V9_allz,B01_hold5_t1,B持有期,1,5,,,,,,,,,,,0.4316734882342881,0.44861714693963806,1.4908171365148637,-0.33329462052829484,0.3950538835781412,0.3810168348541396,1.0428799104808033,0.46938775510204084,4.979591836734694,-0.338318656534653,12.626812519461117,-15.33215708906791,48.21982,0.049184216399999994,49,244,1,0.9959183673469387,0.2684975993570909,0.6242036454652489,-0.11853818809513317,0.7461409089346058,-0.20910344188845797,0.56,0.375,0,0,0.0
V9_allz,B01_hold7_t1,B持有期,1,7,,,,,,,,,,,0.6957758055760586,0.7253956995078512,1.9511461809092117,-0.17617732349386617,0.5725757525731124,0.8012860227684115,1.737094523670633,0.6,6.9714285714285715,2.4290140259735082,22.903709934674655,-9.225441923044286,34.43336,0.03512202720000001,35,244,1,0.9959183673469387,0.21641651738194678,0.5028964706357311,0.12833840434713184,0.5715983070293906,0.14614912392796642,0.6666666666666666,0.5294117647058824,0,0,0.0
V9_allz,B01_hold10_t1,B持有期,1,10,,,,,,,,,,,0.26120566130802936,0.2708385127946997,0.9909834873491636,-0.26008693686881856,0.2704393441719136,0.1998403716946482,0.7147931660466127,0.48,9.76,-0.039215165011274866,15.00062017445507,-14.06730037329984,24.6001,0.025092102,25,244,1,0.9959183673469387,0.1976806646179982,0.48357812294623104,-0.14988928334733975,0.4162525968267601,-0.15280623358926415,0.6153846153846154,0.3333333333333333,0,0,0.0
V9_allz,B01_hold20_t1,B持有期,1,20,,,,,,,,,,,0.5657588623016858,0.5889465953144144,1.6487348733514846,-0.21109734943615455,0.494422601084326,0.6403916949878732,1.7758140796960875,0.6923076923076923,18.76923076923077,4.063610128033379,26.23059937968961,-7.901364085054208,12.77938,0.0130349676,13,244,1,0.9959183673469387,0.2516497840983581,0.4188659678715849,0.1035283795342945,0.32105807996819413,0.24172564390762274,0.5714285714285714,0.8333333333333334,0,0,0.0
V9_allz,C01_nr_hold3_t1,C续持,1,3,,True,,,,,,,,,-0.10764467538322586,-0.1109706300434109,-0.22033062805384054,-0.36503834561481807,-0.06675458968555359,-0.14314334011231977,-0.3330659287674245,0.5063291139240507,3.088607594936709,0.007049421239901932,7.7907112571784065,-10.417883837125796,70.02988,0.0714304776,79,244,1,0.9959183673469387,0.02750004012201056,-0.01712916349976068,-0.09209298772742935,-0.05355095863784354,-0.09466160095162857,0.475,0.5384615384615384,0,0,0.0
V9_allz,C02_nr_hold3_t2,C续持,2,3,,True,,,,,,,,,0.010997989795461294,0.011360620296563484,0.17392023618815095,-0.25167464970309594,0.04438655123668478,-0.07434379871589558,0.06694711054769353,0.4620253164556962,3.0822784810126582,-0.21966554284289508,14.549389572504246,-11.188199978896574,74.39392,0.0759755184,158,244,1,1.9877551020408164,0.05587678043048517,0.1490855650768219,-0.12017170825057677,0.22404146056275143,-0.24377054935824305,0.43209876543209874,0.4935064935064935,0,0,0.0
V9_allz,C01_nr_hold5_t1,C续持,1,5,,True,,,,,,,,,0.4316734882342881,0.44861714693963806,1.4908171365148637,-0.33329462052829484,0.3950538835781412,0.3810168348541396,1.0428799104808033,0.46938775510204084,4.979591836734694,-0.338318656534653,12.626812519461117,-15.33215708906791,48.21982,0.049184216399999994,49,244,1,0.9959183673469387,0.2684975993570909,0.6242036454652489,-0.11853818809513317,0.7461409089346058,-0.20910344188845797,0.56,0.375,0,0,0.0
V9_allz,C02_nr_hold5_t2,C续持,2,5,,True,,,,,,,,,0.5735006127384961,0.5970612388878873,1.9033414580750516,-0.2656567269472767,0.48732286944356507,1.4662690458741148,1.6517048411914268,0.44329896907216493,5.030927835051546,-0.48818653728396333,36.26839217649109,-15.332157089067932,46.889,0.04782678,97,244,1,1.9918367346938775,0.2569427870163302,0.5178427738834908,0.036669040965686905,1.4907935017451859,-0.009846041373517633,0.4897959183673469,0.3958333333333333,0,0,0.0
V9_allz,D01_h5_sl3_t1,D止损,1,5,,,,,0.03,,,,,,0.29679726560512143,0.3078947914009649,0.9799510032426687,-0.34487219174838546,0.31132541206893105,0.2301783009967775,0.6583636504585172,0.4642857142857143,4.357142857142857,-0.26867621374135897,36.26839217649109,-8.786004224687638,53.10432,0.0541664064,56,244,1,0.9959183673469387,0.0807787134660023,0.1268808704729385,0.15078470101357877,0.07427901216881416,0.14511992421151843,0.48148148148148145,0.4482758620689655,0,0,0.0
V9_allz,D02_h5_sl3_t2,D止损,2,5,,,,,0.03,,,,,,0.16485126187416488,0.17069368838191767,0.7477443787576765,-0.21868864497929674,0.183571248795118,0.19192411645332985,0.5774895925186625,0.47706422018348627,4.477064220183486,-0.2746401652323316,36.26839217649109,-8.216746762724803,52.45188,0.053511767599999996,109,244,1,1.9918367346938775,0.09625994936531407,0.15187235952399103,0.011267656735453713,0.2309969937970653,-0.03174083896274482,0.5185185185185185,0.43636363636363634,1,0,0.0
V9_allz,D01_h5_sl5_t1,D止损,1,5,,,,,0.05,,,,,,-0.20273467645369636,-0.20863517983912871,-0.6206844392855506,-0.46308746832593994,-0.1822501090055043,-0.2559386327270121,-0.7802937721449678,0.40384615384615385,4.6923076923076925,-0.8312003350518571,12.067991267265988,-10.252591031312708,48.83072,0.04980733440000001,52,244,1,0.9959183673469387,0.14416221308643604,0.2944269582017427,-0.3840785542245745,0.2553962516909094,-0.40730955164888993,0.5,0.3076923076923077,0,0,0.0
V9_allz,D02_h5_sl5_t2,D止损,2,5,,,,,0.05,,,,,,0.31183546685417607,0.3235619261240723,1.237378209762169,-0.2999243415247689,0.3020975192918244,0.4987942270531669,0.9465844767605115,0.46153846153846156,4.6923076923076925,-0.3892174949118865,36.26839217649109,-10.252591031312697,50.3504,0.05136825800000001,104,244,1,1.9918367346938775,0.21678783541695626,0.4529701191723523,-0.09713527515525844,1.1504494931739528,-0.3030321187218288,0.5471698113207547,0.37254901960784315,0,0,0.0
V9_allz,I03_h5_sl8_t1_q0.3,I择时,1,5,,,,,0.08,,,,,0.3,0.03441046386885338,0.0355585046571858,0.26351279123020527,-0.2894989371457385,0.07101303679481319,-0.02213468459964707,0.051844288241347805,0.391304347826087,4.891304347826087,-0.6005773589435159,12.067991267265988,-7.3158909248605575,45.38424,0.04629192480000001,46,244,20,0.9183673469387755,0.2374874265891061,0.3006220326654765,-0.20468019310041408,0.29188165256364185,-0.24306896575251058,0.4782608695652174,0.30434782608695654,0,0,0.0
V9_allz,I04_h5_sl8_t2_q0.3,I择时,2,5,,,,,0.08,,,,,0.3,0.2588249010547621,0.2683609915569618,1.1821811097807569,-0.12287419986103876,0.2538925132070752,0.51659269451734,1.073601079526176,0.4673913043478261,4.934782608695652,-0.3105631812314824,19.916240981091992,-11.188199978896574,44.44444,0.045333328799999996,92,244,16,1.853061224489796,0.2816763013176164,0.387065762422963,-0.09245478105103433,1.01155776466214,-0.2460605799346428,0.5,0.43478260869565216,0,0,0.0
V9_allz,J01_h10_rat20_10_t1,J利润锁定,1,10,,,,,,,,0.2,0.1,,0.26120566130802936,0.2708385127946997,0.9909834873491636,-0.26008693686881856,0.2704393441719136,0.1998403716946482,0.7147931660466127,0.48,9.76,-0.039215165011274866,15.00062017445507,-14.06730037329984,24.6001,0.025092102,25,244,1,0.9959183673469387,0.1976806646179982,0.48357812294623104,-0.14988928334733975,0.4162525968267601,-0.15280623358926415,0.6153846153846154,0.3333333333333333,0,0,0.0
V9_allz,J02_h10_rat20_10_t2,J利润锁定,2,10,,,,,,,,0.2,0.1,,0.23039634555936805,0.23878896683407058,0.9497406069914761,-0.1844724028224083,0.24023008481004215,0.41257423428400575,1.0061547662817292,0.52,9.76,0.2894962289435643,15.00062017445507,-14.06730037329984,24.34732,0.024834266399999996,50,244,1,1.9918367346938775,0.1486382687979679,0.26990321514699867,-0.03111014218753383,0.42757032388559324,-0.010504624080984737,0.6153846153846154,0.4166666666666667,0,0,0.0
V9_allz,J03_h10_rat30_15_sl8_t1,J利润锁定,1,10,,,,,0.08,,,0.3,0.15,,0.559889056980263,0.5827949383353372,1.6069239602558143,-0.21223726328245485,0.4931026633528396,0.5814128860293106,1.399054438545347,0.52,9.76,0.8512279235890263,25.342100343412287,-8.082160279125638,24.63908,0.025131861599999996,25,244,1,0.9959183673469387,0.21140513803029423,0.48357812294623104,0.05143708501341693,0.4162525968267601,0.11661781914653302,0.6153846153846154,0.4166666666666667,0,0,0.0
V9_allz,J04_h10_rat30_15_sl8_t2,J利润锁定,2,10,,,,,0.08,,,0.3,0.15,,0.3215369434616151,0.33367227113864084,1.1619394474800673,-0.22445847604426228,0.3173913857430951,0.6112080945669469,1.1466772489642019,0.5294117647058824,9.568627450980392,0.48705386947542895,25.342100343412312,-15.92024972819136,24.7767,0.025272233999999998,51,244,1,1.9918367346938775,0.18239864229980654,0.3967634471971049,-0.05385772650798348,0.8766153165875785,-0.14142867729719144,0.6538461538461539,0.4,0,1,0.0
V10_allz,A01_daily_top1,A基线,1,1,,,,,,,,,,,0.08447941887250354,0.08736690728352503,0.4164109121540747,-0.2527671364341537,0.13384308453895433,0.025367246530099585,0.2455608865510371,0.49794238683127573,1.0,-0.009831545180771784,11.527317514835378,-6.206492418077392,234.15362,0.23883669240000002,243,244,2,0.9918367346938776,0.0740457512963834,0.13837704534490358,-0.04734602361563822,0.09603291741678532,-0.0644740406640667,0.5040650406504065,0.49166666666666664,3,0,0.0
V10_allz,A02_daily_top2,A基线,2,1,,,,,,,,,,,-0.01821889455285186,-0.018810582196085446,0.07243714659769986,-0.2695780353211874,0.019700203175181175,-0.13545342339177546,-0.04922240326065793,0.49480249480249483,1.0103950103950103,-0.015524170249281433,11.5273175148354,-8.000327814181007,225.87638,0.2308482376,481,244,2,1.9836734693877551,0.07083539713205693,0.13319796102450354,-0.13361906814627722,0.23052268599039905,-0.2974151663751037,0.5103734439834025,0.4791666666666667,6,5,0.0
V10_allz,D01_h5_sl10_t1,D止损,1,5,,,,,0.1,,,,,,0.29055645922328455,0.3013947244470143,1.0292014217713048,-0.24085061524634999,0.29798472962345945,0.24125309508993853,0.8545803155283458,0.42857142857142855,4.979591836734694,-0.338318656534653,12.626812519461117,-7.537796239791394,48.14304,0.04910590080000001,49,244,1,0.9959183673469387,0.14963695447644007,0.23565969505134654,0.04442708974954179,0.20175567798772076,0.032866428530925695,0.48,0.375,0,0,0.0
V10_allz,D02_h5_sl10_t2,D止损,2,5,,,,,0.1,,,,,,0.4186424069479564,0.43500157751835844,1.5609507598658472,-0.22149632741509473,0.3803120212426918,0.9480121539715725,1.567377722510461,0.45918367346938777,4.979591836734694,-0.39112123437625157,19.916240981091992,-8.808418519893557,47.2572,0.048202344,98,244,1,1.9918367346938775,0.19592193179154876,0.2756689206300711,0.11207726707590204,0.5027416401274623,0.2963054339842093,0.4489795918367347,0.46938775510204084,0,0,0.0
V10_allz,E01_h5_tp10_t1,E止盈,1,5,,,,,,0.1,,,,,0.29055645922328455,0.3013947244470143,1.0292014217713048,-0.24085061524634999,0.29798472962345945,0.24125309508993853,0.8545803155283458,0.42857142857142855,4.979591836734694,-0.338318656534653,12.626812519461117,-7.537796239791394,48.14304,0.04910590080000001,49,244,1,0.9959183673469387,0.14963695447644007,0.23565969505134654,0.04442708974954179,0.20175567798772076,0.032866428530925695,0.48,0.375,0,0,0.0
V10_allz,E02_h5_tp10_t2,E止盈,2,5,,,,,,0.1,,,,,0.10526634134190593,0.10889925165123793,0.52675083032814,-0.2707141137047261,0.1326561266360975,0.10134496950626803,0.4418983472398319,0.42424242424242425,4.929292929292929,-0.5111440466133543,12.626812519461117,-8.408122196537205,47.0759,0.048032568,99,244,1,1.9918367346938775,0.11598727727936688,0.16168155946409235,-0.04856341022423749,0.22654577888204375,-0.10207593677415949,0.45098039215686275,0.3958333333333333,0,0,0.0
V10_allz,E01_h5_tp20_t1,E止盈,1,5,,,,,,0.2,,,,,0.29055645922328455,0.3013947244470143,1.0292014217713048,-0.24085061524634999,0.29798472962345945,0.24125309508993853,0.8545803155283458,0.42857142857142855,4.979591836734694,-0.338318656534653,12.626812519461117,-7.537796239791394,48.14304,0.04910590080000001,49,244,1,0.9959183673469387,0.14963695447644007,0.23565969505134654,0.04442708974954179,0.20175567798772076,0.032866428530925695,0.48,0.375,0,0,0.0
V10_allz,E02_h5_tp20_t2,E止盈,2,5,,,,,,0.2,,,,,0.2134690970360662,0.22119146640448495,0.925021197256823,-0.24809967237781738,0.22347486454150645,0.32571484912333104,0.845165680471617,0.4387755102040816,4.979591836734694,-0.5110045883448766,20.512745426346623,-8.408122196537205,46.9762,0.047930874000000005,98,244,1,1.9918367346938775,0.174392306577016,0.26096511990307003,-0.037666404976097856,0.4764220087393902,-0.10207593677415894,0.48,0.3958333333333333,0,0,0.0
V10_allz,E01_h5_tp30_t1,E止盈,1,5,,,,,,0.3,,,,,0.29055645922328455,0.3013947244470143,1.0292014217713048,-0.24085061524634999,0.29798472962345945,0.24125309508993853,0.8545803155283458,0.42857142857142855,4.979591836734694,-0.338318656534653,12.626812519461117,-7.537796239791394,48.14304,0.04910590080000001,49,244,1,0.9959183673469387,0.14963695447644007,0.23565969505134654,0.04442708974954179,0.20175567798772076,0.032866428530925695,0.48,0.375,0,0,0.0
V10_allz,E02_h5_tp30_t2,E止盈,2,5,,,,,,0.3,,,,,0.22817289776306593,0.2364770240906091,0.9727299999370336,-0.24543016108505056,0.23568211656251992,0.3493478794819149,0.8598219709150328,0.422680412371134,5.030927835051546,-0.617569189617706,19.916240981091992,-8.408122196537205,46.46104,0.047405410800000006,97,244,1,1.9918367346938775,0.18124717514090524,0.2756689206300711,-0.03723224897847843,0.5027416401274623,-0.10207593677415894,0.4489795918367347,0.3958333333333333,0,0,0.0
V6_allz,H03_re20_sl8_t1,H排名退出,1,,,,20,2,0.08,,,,,,1.2225424937126874,1.2815091073076266,3.459098755744221,-0.1074071356454932,0.8288214471401611,2.071846482175677,3.302106967973624,0.6521739130434783,3.536231884057971,0.8616313975233991,20.48453591955117,-7.5492471280266376,67.51278,0.06886303560000001,69,244,1,0.9959183673469387,0.22202723406063812,0.27728015651658255,0.7400587352535384,0.22800292679876466,1.5014976879440822,0.5882352941176471,0.7142857142857143,0,0,0.0
V6_allz,H04_re20_sl8_t2,H排名退出,2,,,,20,2,0.08,,,,,,0.6296845948802325,0.6559902495988741,2.541168925871664,-0.1041230155090318,0.5094313012628892,2.258634444422976,2.8207171699217817,0.5755395683453237,3.5107913669064748,0.33143983720300696,20.48453591955115,-7.601792819075803,66.78966,0.06815605320000001,139,244,1,1.9918367346938775,0.16322041668639364,0.1453489680528719,0.422871666484971,0.3042966186253908,1.4983844916022848,0.5797101449275363,0.5714285714285714,0,0,0.0
V6_allz,H03_re50_sl8_t1,H排名退出,1,,,,50,2,0.08,,,,,,1.0344186324314557,1.0823470992092203,2.7804041251259384,-0.15134682203764316,0.7475268209303721,1.5502762928534919,2.7493873709683196,0.6721311475409836,4.0,1.018183451574295,20.48453591955117,-7.5492471280266376,59.6933,0.060887166000000006,61,244,1,0.9959183673469387,0.15674361036089166,0.09939617186377103,0.8504872806520414,0.028692669793293213,1.4791430596719906,0.5925925925925926,0.7352941176470589,0,0,0.0
V6_allz,H04_re50_sl8_t2,H排名退出,2,,,,50,2,0.08,,,,,,0.6883807401119075,0.7176253255280782,2.8231552660590853,-0.10864689118819826,0.5432691079562268,2.679620154393688,3.140452840629537,0.6111111111111112,3.873015873015873,0.8847481813667235,20.48453591955115,-7.5492471280266376,60.49512,0.06173586240000001,126,244,1,1.9918367346938775,0.1967206803556336,0.21536309294322797,0.38919862707298214,0.5035367306635687,1.4473097858871258,0.6101694915254238,0.6119402985074627,0,0,0.0
V6_allz,I01_daily_t1_q0.3,I择时,1,1,,,,,,,,,,0.3,0.34663295635380953,0.3598372035197832,1.982301266482229,-0.08723661360618051,0.3102644723747563,0.3559531550638664,1.8728710895870224,0.5359477124183006,1.0,0.11823357645073251,4.305018796222715,-3.1541580691564097,150.11682,0.15311915639999998,153,244,92,0.6244897959183674,0.45625381229666967,0.1705861505547781,0.15039201148552395,0.14615555645490397,0.1830446115515696,0.5058823529411764,0.5735294117647058,0,0,0.0
V6_allz,I02_daily_t1_q0.5,I择时,1,1,,,,,,,,,,0.5,0.07560911744319654,0.07818261918639613,0.6055935953430015,-0.19408361345469538,0.08232209786183187,0.044130394685407026,0.39468426304898063,0.5087719298245614,1.0,0.044141373223538505,3.2390601579835865,-3.1541580691564097,111.65308,0.11388614159999999,114,244,131,0.46530612244897956,0.570886258278522,0.13811779672001223,-0.05492285548733333,0.11009741394770578,-0.059424531967612326,0.5294117647058824,0.4782608695652174,0,0,0.0
V6_allz,I03_h5_sl8_t1_q0.3,I择时,1,5,,,,,0.08,,,,,0.3,0.4467666652340405,0.4643923811236128,1.9064180828751491,-0.1296365748374838,0.39112998752833605,0.4753428862772424,1.6439679545155614,0.627906976744186,4.930232558139535,0.7271431121492089,10.706027243727444,-11.31739282165405,42.34588,0.043192797600000006,43,244,33,0.8653061224489796,0.30545574454110364,0.35152666448717595,0.07046845855830886,0.3122450575962621,0.12428915448135758,0.6363636363636364,0.6190476190476191,0,0,0.0
V6_allz,I04_h5_sl8_t2_q0.3,I择时,2,5,,,,,0.08,,,,,0.3,0.4255585663587549,0.4422274418516343,2.3191528804494177,-0.0866366221743623,0.3676940306435019,1.1708820231793622,2.1789981533148723,0.5930232558139535,4.941860465116279,0.7784469130856841,19.799175399407897,-11.31739282165405,41.37336,0.04221820719999999,86,244,27,1.7346938775510203,0.34522953073298773,0.37357507354828257,0.037845396157479394,0.9772439130337098,0.09793334492988848,0.6363636363636364,0.5476190476190477,0,0,0.0
V10_allz,B02_hold5_t2,B持有期,2,5,,,,,,,,,,,0.22817289776306593,0.2364770240906091,0.9727299999370336,-0.24543016108505056,0.23568211656251992,0.3493478794819149,0.8598219709150328,0.422680412371134,5.030927835051546,-0.617569189617706,19.916240981091992,-8.408122196537205,46.46104,0.047405410800000006,97,244,1,1.9918367346938775,0.18124717514090524,0.2756689206300711,-0.03723224897847843,0.5027416401274623,-0.10207593677415894,0.4489795918367347,0.3958333333333333,0,0,0.0
V10_allz,B02_hold7_t2,B持有期,2,7,,,,,,,,,,,0.16704412391197132,0.17296987685970455,0.7836514151068527,-0.18447856511091054,0.1822744360734443,0.23216182819089348,0.7039736577730211,0.4857142857142857,6.9714285714285715,-0.3248789753114101,19.916240981091992,-10.514514694525246,33.84332,0.0345201864,70,244,1,1.9918367346938775,0.16771364319241908,0.3526235230069117,-0.13719959466799225,0.7569691553961961,-0.29870036454166393,0.5555555555555556,0.4117647058823529,0,0,0.0
V10_allz,B02_hold10_t2,B持有期,2,10,,,,,,,,,,,0.3577398096927171,0.3714222556819371,1.399179143234074,-0.16363154459774432,0.3355546067088109,0.8148565206226059,1.5671034182347354,0.56,9.76,0.8103794271321796,15.135292894023,-14.06730037329984,24.05384,0.024534916800000004,50,244,1,1.9918367346938775,0.20271002628228388,0.40496384346395065,-0.03361227692151936,0.8573792164701404,-0.022893922506760367,0.6923076923076923,0.4166666666666667,0,0,0.0
V10_allz,B02_hold20_t2,B持有期,2,20,,,,,,,,,,,0.20238534615325676,0.20967319563970999,0.8106213693404397,-0.23430423972211012,0.2232655674496018,0.31247103620779937,0.8531256186035758,0.46153846153846156,18.76923076923077,-0.4915332697153385,26.23059937968961,-9.036658342846593,12.47048,0.012719889600000001,26,244,1,1.9918367346938775,0.15240438548223084,0.20815037446536633,-0.004771780428956096,0.11304895206745802,0.17916739759731204,0.42857142857142855,0.5,0,0,0.0
V10_allz,C01_nr_hold2_t1,C续持,1,2,,True,,,,,,,,,0.24699524730935796,0.25605283009410007,0.8485242371536896,-0.17825829202016974,0.27370910596351217,0.22481286560422653,0.8343442995738585,0.4482758620689655,2.0948275862068964,-0.23992459785614484,11.779691181853336,-4.865881228947188,111.47132,0.11370074639999998,116,244,2,0.9918367346938776,0.06728057989126242,0.06208293996589176,0.17410345311582098,0.030823475091191765,0.18818875898792808,0.5,0.39655172413793105,2,5,0.0
V10_allz,C02_nr_hold2_t2,C续持,2,2,,True,,,,,,,,,-0.0013484710801159316,-0.0013926524465117662,0.13832630424392123,-0.2490413586946706,0.03847338666826938,-0.13315448191968993,-0.05155802387168405,0.45064377682403434,2.0858369098712446,-0.26231672146957985,11.779691181853359,-10.46112221348765,109.2534,0.111654218,233,244,2,1.9836734693877551,0.04260967599984672,0.06984634508538101,-0.0665467676667304,0.06780757591640962,-0.1882006293724131,0.4661016949152542,0.43478260869565216,3,5,0.0
V10_allz,C01_nr_hold3_t1,C续持,1,3,,True,,,,,,,,,0.08889422021167137,0.09193890096358426,0.4230956286721662,-0.24191376103438123,0.14379323926082965,0.04184705931150767,0.2916331076400952,0.4810126582278481,3.0759493670886076,-0.02141425501730465,11.36152314210197,-10.417883837125785,77.00182,0.07854185639999998,79,244,2,0.9918367346938776,0.06639339258157219,0.08644760904502724,0.002251936629320772,0.04755456632710753,-0.005448410229942802,0.5,0.46153846153846156,1,0,0.0
V10_allz,C02_nr_hold3_t2,C续持,2,3,,True,,,,,,,,,-0.05567138702729024,-0.05744323579619981,-0.07600878072079698,-0.3271372327735582,-0.020376747992966182,-0.20552272591318121,-0.21842524814192602,0.4258064516129032,3.1483870967741936,-0.38491878903937904,22.941254961585145,-11.416197741987,72.97404,0.0745227108,155,244,1,1.9918367346938775,0.09834087404825778,0.1882171126416674,-0.20525583841048956,0.34134788218062284,-0.40770229360988686,0.4810126582278481,0.3684210526315789,2,0,0.0
V12_allz,E01_h5_tp10_t1,E止盈,1,5,,,,,,0.1,,,,,0.436348157379415,0.4535024831064767,1.2642757609410396,-0.2697104506435487,0.41757018123973155,0.39194855392540484,1.0310586263454777,0.5490196078431373,4.764705882352941,0.05621323266076228,15.96121467225986,-8.750887559932108,49.84808,0.050845041599999995,51,244,2,0.9918367346938776,0.2667446820832565,0.5463878051187843,-0.0711591538520423,0.5945881323699438,-0.1270795726689422,0.5555555555555556,0.5416666666666666,1,0,0.0
V12_allz,E02_h5_tp10_t2,E止盈,2,5,,,,,,0.1,,,,,0.36157769060183065,0.3754260979098647,1.3561409145225252,-0.2699129292729099,0.341319739758732,0.6752237442845832,1.2056836585369657,0.52,4.87,0.050738434561325985,15.96121467225986,-15.332157089067932,48.34934,0.049343726799999994,100,244,1,1.9877551020408164,0.21427231898270604,0.4589013864361131,-0.06671026344832698,1.1279486144524484,-0.21275178690551144,0.5384615384615384,0.5,1,0,0.0
V12_allz,E01_h5_tp20_t1,E止盈,1,5,,,,,,0.2,,,,,0.21056548492779448,0.21817368829518502,0.7287599479682789,-0.22645133004545703,0.2518318316778253,0.15898215841781527,0.5670927325025094,0.46938775510204084,4.979591836734694,-0.2017479447359749,20.512745426346623,-9.800074064724507,47.82242,0.048778868399999994,49,244,1,0.9959183673469387,0.1236487945421764,0.17736883939186932,0.02819562096876238,0.1387449542345751,0.0177714984448325,0.44,0.5,0,0,0.0
V12_allz,E02_h5_tp20_t2,E止盈,2,5,,,,,,0.2,,,,,0.18160821377271152,0.1880909331954279,0.7621972353690194,-0.2587891694925266,0.20369860242794668,0.22489358155421524,0.6405172673850531,0.47959183673469385,4.979591836734694,-0.16423515335268757,20.512745426346623,-15.332157089067932,47.1501,0.048147091999999996,98,244,1,1.9918367346938775,0.1278324067844193,0.26595513352279054,-0.06662710037390152,0.5194986754945423,-0.19388308702832158,0.48,0.4791666666666667,0,0,0.0
V12_allz,E01_h5_tp30_t1,E止盈,1,5,,,,,,0.3,,,,,0.4366609978323879,0.45382944054888186,1.3257065034650262,-0.3265337538259412,0.41153951732395855,0.3915696015370813,0.9702416704009891,0.5306122448979592,4.979591836734694,0.13052420324204395,18.98755142560571,-15.33215708906791,48.24936,0.0492143472,49,244,1,0.9959183673469387,0.24593078812957683,0.555768983023567,-0.07655891491016764,0.6038795742084178,-0.1323727641934216,0.6,0.4583333333333333,0,0,0.0
V12_allz,E02_h5_tp30_t2,E止盈,2,5,,,,,,0.3,,,,,0.1976263101514104,0.2047286559054471,0.8447743288192537,-0.33306751278511504,0.21313544902248227,0.2802505274291234,0.7298963336677439,0.47959183673469385,4.979591836734694,-0.16423515335268757,18.98755142560571,-15.332157089067932,47.33972,0.048301474399999995,98,244,1,1.9918367346938775,0.13426698702447665,0.3230198150646548,-0.09477825160699971,0.683199598263704,-0.239394704733913,0.52,0.4375,0,0,0.0
V12_allz,F01_h5_sl8_tp15_t1,F组合,1,5,,,,,0.08,0.15,,,,,-0.015885338167754726,-0.016401874454863297,0.15193892740102882,-0.46091475947739247,0.057721540134147764,-0.05866301703909271,0.09892986961357003,0.45098039215686275,4.784313725490196,-0.7646381361968269,20.512745426346623,-11.188199978896563,47.95712,0.04891626240000001,51,244,1,0.9959183673469387,0.07926283267571264,0.2630106972298849,-0.22081842696133225,0.24929154611866977,-0.24650335953566926,0.44,0.46153846153846156,0,0,0.0
V12_allz,F02_h5_sl8_tp15_t2,F组合,2,5,,,,,0.08,0.15,,,,,0.03663187659868794,0.03785537766391811,0.2726176704395488,-0.4202962157236696,0.07552894651255948,-0.06785804169080611,0.18488186755326533,0.45544554455445546,4.8316831683168315,-0.35107815489567873,20.512745426346623,-11.188199978896574,47.63934,0.0488362668,101,244,1,1.9918367346938775,0.10170231147056186,0.30123049147860415,-0.20334492360323386,0.6670095189927596,-0.4408298526858966,0.48,0.43137254901960786,0,0,0.0
V10_allz,F01_h5_sl8_tp15_t1,F组合,1,5,,,,,0.08,0.15,,,,,0.33273458316534765,0.3453448596186941,1.1254044445622393,-0.2252742890289675,0.3314128918315624,0.2891976324148722,0.94215347205786,0.5,4.88,0.019589714327283847,12.067991267265988,-8.786004224687638,49.27728,0.0502628256,50,244,1,0.9959183673469387,0.16253424724844806,0.2645127881239653,0.05395105188504745,0.24961770102526804,0.03167363214936003,0.52,0.48,0,0,0.0
V10_allz,F02_h5_sl8_tp15_t2,F组合,2,5,,,,,0.08,0.15,,,,,0.4230450912401833,0.4396012803210789,1.5502643280934263,-0.20977184120552117,0.38460075356641876,0.9774078490893803,1.5979735577432683,0.52,4.88,0.45333711998419846,20.512745426346623,-11.188199978896574,48.36962,0.04933701239999999,100,244,1,1.9918367346938775,0.19710269998564703,0.29413129417212036,0.09961415634456983,0.6339263969663684,0.21021843625314873,0.52,0.52,0,0,0.0
V10_allz,F01_h5_sl8_tp25_t1,F组合,1,5,,,,,0.08,0.25,,,,,0.33273458316534765,0.3453448596186941,1.1254044445622393,-0.2252742890289675,0.3314128918315624,0.2891976324148722,0.94215347205786,0.5,4.88,0.019589714327283847,12.067991267265988,-8.786004224687638,49.27728,0.0502628256,50,244,1,0.9959183673469387,0.16253424724844806,0.2645127881239653,0.05395105188504745,0.24961770102526804,0.03167363214936003,0.52,0.48,0,0,0.0
V10_allz,F02_h5_sl8_tp25_t2,F组合,2,5,,,,,0.08,0.25,,,,,0.4377488919671837,0.45496644429894717,1.5883227245692542,-0.20751473101413853,0.39503462797497635,1.0126583705418128,1.584006462618401,0.5050505050505051,4.929292929292929,0.05621323266076228,19.916240981091992,-11.188199978896574,47.85446,0.04881154919999999,99,244,1,1.9918367346938775,0.20329165732826868,0.30883509489912164,0.09849506448174683,0.6630538010749767,0.21021843625314873,0.4897959183673469,0.52,0,0,0.0
V10_allz,F01_h5_sl8_tp40_t1,F组合,1,5,,,,,0.08,0.4,,,,,0.33273458316534765,0.3453448596186941,1.1254044445622393,-0.2252742890289675,0.3314128918315624,0.2891976324148722,0.94215347205786,0.5,4.88,0.019589714327283847,12.067991267265988,-8.786004224687638,49.27728,0.0502628256,50,244,1,0.9959183673469387,0.16253424724844806,0.2645127881239653,0.05395105188504745,0.24961770102526804,0.03167363214936003,0.52,0.48,0,0,0.0
V10_allz,F02_h5_sl8_tp40_t2,F组合,2,5,,,,,0.08,0.4,,,,,0.4377488919671837,0.45496644429894717,1.5883227245692542,-0.20751473101413853,0.39503462797497635,1.0126583705418128,1.584006462618401,0.5050505050505051,4.929292929292929,0.05621323266076228,19.916240981091992,-11.188199978896574,47.85446,0.04881154919999999,99,244,1,1.9918367346938775,0.20329165732826868,0.30883509489912164,0.09849506448174683,0.6630538010749767,0.21021843625314873,0.4897959183673469,0.52,0,0,0.0
V10_allz,G01_h10_tr5_t1,G移动止损,1,10,,,,,,,0.05,,,,0.0647980082677988,0.06699218286666042,0.36343288387575734,-0.2538058656002483,0.10731218307149737,0.008598086742822586,0.17525546100974543,0.4074074074074074,9.0,-0.8299395555213973,11.700513422065818,-10.252591031312708,26.54162,0.027072452400000002,27,244,2,0.9918367346938776,0.10492323837116363,0.2021775120549636,-0.11427555615504092,0.17176981715402317,-0.1392523753577385,0.46153846153846156,0.35714285714285715,0,0,0.0
V10_allz,G02_h10_tr5_t2,G移动止损,2,10,,,,,,,0.05,,,,0.05462025523153202,0.05646072819925019,0.3387247612085582,-0.23749832835419227,0.08702864841141411,0.02258217997260359,0.2673814946366963,0.41379310344827586,8.39655172413793,-0.8409527956194207,11.949826920890704,-10.252591031312697,27.96904,0.028528830800000005,58,244,1,1.9877551020408164,0.1177678009753107,0.1872662053339238,-0.11172384887775444,0.3442468669643459,-0.2392898915346876,0.5,0.3333333333333333,0,0,0.0
V10_allz,C01_nr_hold5_t1,C续持,1,5,,True,,,,,,,,,0.29055645922328455,0.3013947244470143,1.0292014217713048,-0.24085061524634999,0.29798472962345945,0.24125309508993853,0.8545803155283458,0.42857142857142855,4.979591836734694,-0.338318656534653,12.626812519461117,-7.537796239791394,48.14304,0.04910590080000001,49,244,1,0.9959183673469387,0.14963695447644007,0.23565969505134654,0.04442708974954179,0.20175567798772076,0.032866428530925695,0.48,0.375,0,0,0.0
V10_allz,C02_nr_hold5_t2,C续持,2,5,,True,,,,,,,,,0.1722854079307714,0.17841089180367886,0.7754184331937145,-0.21210541831046759,0.18969036731508182,0.18110109826714682,0.5798958276764158,0.44329896907216493,5.030927835051546,-0.48818653728396333,19.916240981091992,-11.174224235377562,46.67744,0.047610988800000004,97,244,1,1.9918367346938775,0.18013405497701712,0.2756689206300711,-0.08104258952098387,0.5027416401274623,-0.21403582177508151,0.4489795918367347,0.4375,0,0,0.0
V10_allz,D01_h5_sl3_t1,D止损,1,5,,,,,0.03,,,,,,-0.06884473889919196,-0.071019853627183,-0.030376295330253253,-0.33106409582695184,-0.010502854964583253,-0.12276418832998282,-0.2061451374537721,0.3684210526315789,4.280701754385965,-0.8409576973556043,13.184685433975151,-8.808418519893557,53.81284,0.05488909680000001,57,244,1,0.9959183673469387,0.05089842957612324,0.1636709042788036,-0.19981219975771403,0.10934190516393105,-0.20922863583668105,0.4074074074074074,0.3333333333333333,0,0,0.0
V10_allz,D02_h5_sl3_t2,D止损,2,5,,,,,0.03,,,,,,0.13548478076396675,0.14022495340270957,0.6297998233350106,-0.2657905459467661,0.16022094600144066,0.1654999127671024,0.5609251403498009,0.42857142857142855,4.357142857142857,-0.6119166553397282,13.184685433975197,-10.547018969097888,53.69598,0.0547850496,112,244,1,1.9918367346938775,0.116317964797254,0.2054979744862624,-0.05807823422692526,0.3818580445351947,-0.15657044703232692,0.4909090909090909,0.3684210526315789,1,0,0.0
V10_allz,D01_h5_sl5_t1,D止损,1,5,,,,,0.05,,,,,,0.16164883490746806,0.16736982503854336,0.6427122107014874,-0.24376741419287395,0.19817408553869542,0.08865295958454733,0.42704277401457763,0.43137254901960786,4.784313725490196,-0.35400879804864394,12.067991267265988,-10.252591031312708,50.23004,0.05123464080000001,51,244,1,0.9959183673469387,0.14203901934028418,0.29723739311118247,-0.10452100665902853,0.25969022954076304,-0.1357772458222285,0.5,0.36,0,0,0.0
V10_allz,D02_h5_sl5_t2,D止损,2,5,,,,,0.05,,,,,,0.1989552040820597,0.20610928442962262,0.8566163394819795,-0.249735913768092,0.21318653483340877,0.2413572600140792,0.6725784239005844,0.42,4.88,-0.5110045883448766,19.916240981091992,-10.252591031312697,48.3233,0.04928976599999999,100,244,1,1.9918367346938775,0.18875731540698043,0.3305810405605696,-0.09892357734411661,0.620521311582731,-0.23397659065546628,0.47058823529411764,0.3673469387755102,0,0,0.0
V10_allz,D01_h5_sl8_t1,D止损,1,5,,,,,0.08,,,,,,0.33273458316534765,0.3453448596186941,1.1254044445622393,-0.2252742890289675,0.3314128918315624,0.2891976324148722,0.94215347205786,0.5,4.88,0.019589714327283847,12.067991267265988,-8.786004224687638,49.27728,0.0502628256,50,244,1,0.9959183673469387,0.16253424724844806,0.2645127881239653,0.05395105188504745,0.24961770102526804,0.03167363214936003,0.52,0.48,0,0,0.0
V10_allz,D02_h5_sl8_t2,D止损,2,5,,,,,0.08,,,,,,0.4377488919671837,0.45496644429894717,1.5883227245692542,-0.20751473101413853,0.39503462797497635,1.0126583705418128,1.584006462618401,0.5050505050505051,4.929292929292929,0.05621323266076228,19.916240981091992,-11.188199978896574,47.85446,0.04881154919999999,99,244,1,1.9918367346938775,0.20329165732826868,0.30883509489912164,0.09849506448174683,0.6630538010749767,0.21021843625314873,0.4897959183673469,0.52,0,0,0.0
V10_allz,G01_h10_tr8_t1,G移动止损,1,10,,,,,,,0.08,,,,0.4149146766972751,0.4311073985327938,1.3704620111601866,-0.13725922122771095,0.3883478856299183,0.40446473000969263,1.2145189524345796,0.56,9.76,1.0741912984976842,14.514657304377355,-8.606851459654674,24.59172,0.025083554400000003,25,244,1,0.9959183673469387,0.19965999672567292,0.40937520028765717,0.003930448335184078,0.32218177512377166,0.06223270992993335,0.6153846153846154,0.5,0,0,0.0
V10_allz,G02_h10_tr8_t2,G移动止损,2,10,,,,,,,0.08,,,,0.1946738657706173,0.20166145102928446,0.8277732154236505,-0.1918788148201631,0.2114456697539835,0.2999128697492641,0.8048121605992852,0.5192307692307693,9.384615384615385,0.1593366660911255,14.514657304377355,-10.909974217514263,25.03518,0.025535883600000003,52,244,1,1.9918367346938775,0.17926919547876718,0.38444820317749895,-0.13707579450883234,0.8452463214782862,-0.2955342305151638,0.6538461538461539,0.38461538461538464,0,0,0.0
V10_allz,G01_h10_tr12_t1,G移动止损,1,10,,,,,,,0.12,,,,0.2797666024712877,0.29015906060557395,1.0086331913243862,-0.17625479026944468,0.28871773025318515,0.2216522508080756,0.7615681012655281,0.52,9.76,0.0956036015616224,14.514657304377355,-14.06730037329984,24.52102,0.0250114404,25,244,1,0.9959183673469387,0.19057209166990524,0.40937520028765717,-0.09196174147942648,0.32218177512377166,-0.07603305854543718,0.6153846153846154,0.4166666666666667,0,0,0.0
V10_allz,G02_h10_tr12_t2,G移动止损,2,10,,,,,,,0.12,,,,0.2857346209355671,0.29637327892660803,1.1343300308824253,-0.17305535686338225,0.28359794347671763,0.5421846967445436,1.1304214558239194,0.5490196078431373,9.568627450980392,0.8512279235890263,15.81351754262592,-14.36670480185429,24.56374,0.025055014800000004,51,244,1,1.9918367346938775,0.1962705733714386,0.40496384346395065,-0.08486284048023818,0.8573792164701404,-0.1696985284053132,0.6923076923076923,0.4,0,0,0.0
V10_allz,G03_h20_tr8_t1,G移动止损,1,20,,,,,,,0.08,,,,0.4375846643233041,0.45479480129790995,1.245273966877274,-0.21779134684884216,0.42094726430720963,0.37863904582487407,0.9321783737333929,0.375,15.25,-2.760701326827025,26.23059937968961,-9.526730687252838,15.67342,0.0159868884,16,244,1,0.9959183673469387,0.20549856162485242,0.250725234241973,0.14940086356743332,0.11332384358179204,0.23830909916517062,0.375,0.375,0,0,0.0
V10_allz,G03_h20_tr12_t1,G移动止损,1,20,,,,,,,0.12,,,,0.5714644823388129,0.5949269080531299,1.4525415841224623,-0.2855378093636649,0.5157886987214437,0.5657300429207264,1.2082069436418061,0.6153846153846154,18.76923076923077,2.481705079723051,37.00421814678063,-8.800499271764151,12.72406,0.012978541199999999,13,244,1,0.9959183673469387,0.13879747715667373,0.12899169105795627,0.39191855421559696,-0.029640069441549066,0.613555953428162,0.2857142857142857,1.0,0,0,0.0
V10_allz,G03_h20_tr20_t1,G移动止损,1,20,,,,,,,0.2,,,,0.10425827557101264,0.107854728108288,0.4601263086337367,-0.382828390431569,0.16340950708376067,0.03993951761230319,0.2754808777979772,0.46153846153846156,18.76923076923077,-3.06660630674247,26.23059937968961,-9.036658342846614,12.65264,0.0129056928,13,244,1,0.9959183673469387,0.11772016280296542,0.09780577535817203,0.005877633692294326,-0.038721637260513364,0.08182973623648948,0.2857142857142857,0.6666666666666666,0,0,0.0
V10_allz,H01_re3_t1,H排名退出,1,,,,3,2,,,,,,,0.10115578313739793,0.1046402270228235,0.46191595823397597,-0.21056495179784884,0.1503441788223684,0.030706464746968587,0.26359689874486764,0.47435897435897434,3.128205128205128,-0.06169387095535939,11.36152314210197,-11.416197741986988,76.40974,0.07793793480000001,78,244,1,0.9959183673469387,0.10081520097797822,0.1406208761093144,-0.03459965865830128,0.10363937966156533,-0.06608400919597679,0.525,0.42105263157894735,1,0,0.0
V12_allz,B02_hold10_t2,B持有期,2,10,,,,,,,,,,,0.053312855122783054,0.05510813359389366,0.33026579036707404,-0.3366624887268612,0.09100521866503719,-0.052401069314660265,0.15361752174441765,0.52,9.76,0.34817738592252123,14.514657304377355,-20.989104816218862,23.73154,0.024239870800000004,50,244,1,1.9918367346938775,0.10059495820711797,0.2907256739581847,-0.1839374730242591,0.3877162395203957,-0.31715223638743584,0.5769230769230769,0.4583333333333333,0,0,0.0
V12_allz,B02_hold20_t2,B持有期,2,20,,,,,,,,,,,0.18535079090658058,0.19197762568690036,0.7531645953725129,-0.14683288848156884,0.21015475787411309,0.23718721152253774,0.6662899961826575,0.5769230769230769,18.76923076923077,2.1540259621640856,32.255205044537895,-21.550942209570966,12.41358,0.012672851599999998,26,244,1,1.9918367346938775,0.12283669107562285,0.26275830903493036,-0.06130034352140734,0.20817321749191842,0.02401476345490461,0.5,0.6666666666666666,0,0,0.0
V12_allz,C01_nr_hold2_t1,C续持,1,2,,True,,,,,,,,,0.5288423132694282,0.5502701058538795,1.2824790580265772,-0.3161297695882439,0.5029524300802652,0.6767704031720652,1.3968891869503954,0.5423728813559322,2.059322033898305,0.38907930071151453,14.954724058574453,-10.742822779428728,107.5543,0.10970538599999997,118,244,2,0.9918367346938776,0.05718684704300563,-0.19188320684309035,0.8918581153313292,-0.15374638341491353,0.9814041208336435,0.4666666666666667,0.6206896551724138,2,0,0.0
V12_allz,C02_nr_hold2_t2,C续持,2,2,,True,,,,,,,,,0.38911623028844944,0.40416627887734324,1.2359267452229057,-0.25925758724012005,0.3762920334094879,1.0968809288533352,1.4799954921551133,0.5064935064935064,2.103896103896104,0.09757542879171854,29.519954441474837,-10.74282277942874,101.23604,0.10502802080000001,231,244,2,1.9836734693877551,0.053760854679266244,-0.15073569322266245,0.6356700961090214,-0.22795036857479511,1.71599239673554,0.46956521739130436,0.5431034482758621,4,0,0.0
V12_allz,C01_nr_hold3_t1,C续持,1,3,,True,,,,,,,,,-0.08930050658794009,-0.09208930736628573,-0.09870608009669216,-0.4618302602139247,-0.03373898453049762,-0.15961877888787068,-0.20705482600604877,0.45,3.0375,-0.6020106586776153,15.96121467225986,-15.282363182115045,74.16452,0.0756478104,80,244,2,0.9918367346938776,0.07631053920287195,0.10773767524747946,-0.17787440676458,0.06378558309498272,-0.21000882652769148,0.5121951219512195,0.38461538461538464,2,0,0.0
V12_allz,C02_nr_hold3_t2,C续持,2,3,,True,,,,,,,,,-0.06995016223876405,-0.07215883132472933,-0.10920598397341637,-0.3696128110878293,-0.030930472012428045,-0.22358121636736894,-0.15518450703608738,0.45625,3.04375,-0.2705399608735337,15.96121467225986,-15.282363182115045,75.68526,0.07729219520000001,160,244,1,1.9877551020408164,0.08639268084882927,0.16667934958077568,-0.20282309094145456,0.3319748260384754,-0.41709199869652513,0.5061728395061729,0.4050632911392405,3,0,0.0
V12_allz,C01_nr_hold5_t1,C续持,1,5,,True,,,,,,,,,0.4366609978323879,0.45382944054888186,1.3257065034650262,-0.3265337538259412,0.41153951732395855,0.3915696015370813,0.9702416704009891,0.5306122448979592,4.979591836734694,0.13052420324204395,18.98755142560571,-15.33215708906791,48.24936,0.0492143472,49,244,1,0.9959183673469387,0.24593078812957683,0.555768983023567,-0.07655891491016764,0.6038795742084178,-0.1323727641934216,0.6,0.4583333333333333,0,0,0.0
V12_allz,C02_nr_hold5_t2,C续持,2,5,,True,,,,,,,,,0.11296457041761898,0.11687692343765255,0.5301058466024386,-0.38913843723655983,0.14612472041846436,0.0982411627045785,0.44624425887515273,0.4897959183673469,4.979591836734694,-0.07979469614154966,23.597366302884225,-15.332157089067932,47.02862,0.047977352400000006,98,244,1,1.9918367346938775,0.11604569350790161,0.3230198150646548,-0.1587695378823717,0.683199598263704,-0.34752767061169454,0.52,0.4583333333333333,0,0,0.0
V12_allz,G01_h10_tr12_t1,G移动止损,1,10,,,,,,,0.12,,,,-0.08954881596443898,-0.09234497157171784,-0.08568029402939803,-0.44611087650843495,-0.030060305557719325,-0.13957446426152142,-0.2583327548901532,0.52,9.76,0.018043327942418586,14.514657304377355,-11.899392775883156,24.22982,0.0247144164,25,244,1,0.9959183673469387,0.13890692139059585,0.4367548460212014,-0.3663141721380869,0.3405529520960613,-0.3581562485889609,0.6153846153846154,0.4166666666666667,0,0,0.0
V12_allz,G02_h10_tr12_t2,G移动止损,2,10,,,,,,,0.12,,,,0.030291300291250378,0.03129984337586422,0.2498594766330507,-0.302474209530446,0.06753138922173618,-0.048187223196775264,0.1165396694372296,0.52,9.76,0.27415826205254845,14.514657304377355,-11.899392775883156,23.98144,0.0244610688,50,244,1,1.9918367346938775,0.09875245233240627,0.2907256739581847,-0.20177360605858063,0.3877162395203957,-0.31411570341485795,0.5769230769230769,0.4583333333333333,0,0,0.0
V12_allz,G03_h20_tr8_t1,G移动止损,1,20,,,,,,,0.08,,,,0.6079986539341282,0.6332367584374605,1.5540703255691841,-0.19739287525932214,0.5360477829987434,0.6528568156937147,1.4180191522929197,0.5555555555555556,13.555555555555555,3.932660747018535,20.559321243143458,-9.696323828723042,17.67848,0.0180320496,18,244,1,0.9959183673469387,0.2667072844362344,0.5541273604635355,0.03466337112456919,0.49721193737467795,0.10395647699146426,0.75,0.4,0,0,0.0
V12_allz,G03_h20_tr12_t1,G移动止损,1,20,,,,,,,0.12,,,,-0.35216482527625337,-0.36132041608975585,-1.0128766951248787,-0.5313425410802859,-0.3663406774312652,-0.39501555763678897,-1.3282400262810226,0.375,15.25,-4.439480551388653,10.898402661262763,-15.332157089067932,13.57736,0.013848907199999998,16,244,1,0.9959183673469387,0.06847152357222022,0.05609002091008142,-0.38657201384643547,-0.10605964316501837,-0.32323847140633233,0.5,0.25,0,0,0.0
V12_allz,G03_h20_tr20_t1,G移动止损,1,20,,,,,,,0.2,,,,0.18065417726802346,0.18710022412885752,0.6433351324140975,-0.2819329202472508,0.2337682219661179,0.12139082241133448,0.5252700543198078,0.6153846153846154,18.76923076923077,1.0805147650857938,16.869362895746942,-15.961127933205377,12.73038,0.012984987600000001,13,244,1,0.9959183673469387,0.13634287306252535,0.3453917760630487,-0.12244581966829604,0.14972461712516716,-0.024643983691225446,0.7142857142857143,0.5,0,0,0.0
V12_allz,H01_re3_t1,H排名退出,1,,,,3,2,,,,,,,-0.23210634257097706,-0.23872694186456977,-0.6209163543529566,-0.4959907212105722,-0.20698111356449522,-0.2965300732222139,-0.7097323067496557,0.43037974683544306,3.088607594936709,-0.7596972155660575,15.96121467225986,-15.282363182115045,72.81766,0.07427401319999999,79,244,1,0.9959183673469387,0.07277886510456417,0.10773767524747946,-0.3067910620107167,0.06378558309498272,-0.33871079101193724,0.5121951219512195,0.34210526315789475,2,0,0.0
V12_allz,H01_re5_t1,H排名退出,1,,,,5,2,,,,,,,-0.0913785259848886,-0.0942288063761002,-0.07096711068767722,-0.30272503182881305,-0.026167654687975772,-0.11124775983363755,-0.09944569577315762,0.4805194805194805,3.155844155844156,-0.14371628720999396,15.86439122879646,-11.188199978896584,65.99174,0.0673115748,77,244,2,0.9918367346938776,0.030862250778671087,-0.06661393989986242,-0.026531986220545978,-0.11032970196243153,-0.0010319079699875333,0.475,0.4864864864864865,1,0,0.0
V12_allz,H01_re10_t1,H排名退出,1,,,,10,2,,,,,,,-0.1514517657621437,-0.1560085252897494,-0.25619246804207046,-0.2820841502903775,-0.0945115186224581,-0.17690420635607618,-0.3244054808056254,0.4805194805194805,3.168831168831169,-0.10197348689342522,15.864391228796482,-10.417883837125796,66.63992,0.0679727184,77,244,1,0.9959183673469387,0.02770441847105241,-0.06661393989986242,-0.09089253577793832,-0.11032970196243153,-0.07483053502010173,0.475,0.4864864864864865,1,0,0.0
V10_allz,B01_hold2_t1,B持有期,1,2,,,,,,,,,,,-0.049704595530183915,-0.05129173854982905,0.024834222697003534,-0.37688655448139285,0.008508728488385353,-0.08587857652219544,-0.10277323382644103,0.4369747899159664,2.042016806722689,-0.2419277660696717,11.779691181853336,-8.808418519893557,108.7474,0.110922348,119,244,2,0.9918367346938776,0.03187008962624877,0.11780518938587003,-0.14985597356913793,0.08103742720194562,-0.15440353823472197,0.4745762711864407,0.4,2,5,0.0
V10_allz,B01_hold3_t1,B持有期,1,3,,,,,,,,,,,-0.09466541384651317,-0.09761261135058996,-0.17482673214856279,-0.3989721620575899,-0.05289437799873131,-0.15420247816743093,-0.29818379226732605,0.3875,3.05,-0.640861140935689,22.941254961585145,-7.3158909248605575,76.53442,0.07806510840000001,80,244,1,0.9959183673469387,0.13925075078833524,0.3405783460516607,-0.32466864855759836,0.297422407209621,-0.34809394601744736,0.5,0.275,2,0,0.0
V10_allz,B01_hold5_t1,B持有期,1,5,,,,,,,,,,,0.29055645922328455,0.3013947244470143,1.0292014217713048,-0.24085061524634999,0.29798472962345945,0.24125309508993853,0.8545803155283458,0.42857142857142855,4.979591836734694,-0.338318656534653,12.626812519461117,-7.537796239791394,48.14304,0.04910590080000001,49,244,1,0.9959183673469387,0.14963695447644007,0.23565969505134654,0.04442708974954179,0.20175567798772076,0.032866428530925695,0.48,0.375,0,0,0.0
V10_allz,B01_hold7_t1,B持有期,1,7,,,,,,,,,,,0.1847097770034456,0.19131189968119888,0.7602451901080799,-0.19904940166845297,0.20792403457314523,0.1410589040087582,0.6584171157779908,0.5428571428571428,6.9714285714285715,0.7583444654680971,9.58622922988479,-8.171624256617061,34.21164,0.034895872800000005,35,244,1,0.9959183673469387,0.12132082053975529,0.2559549601002251,-0.056725906071578236,0.22455763649546223,-0.06818685376514166,0.5555555555555556,0.5294117647058824,0,0,0.0
V10_allz,B01_hold10_t1,B持有期,1,10,,,,,,,,,,,0.2797666024712877,0.29015906060557395,1.0086331913243862,-0.17625479026944468,0.28871773025318515,0.2216522508080756,0.7615681012655281,0.52,9.76,0.0956036015616224,14.514657304377355,-14.06730037329984,24.52102,0.0250114404,25,244,1,0.9959183673469387,0.19057209166990524,0.40937520028765717,-0.09196174147942648,0.32218177512377166,-0.07603305854543718,0.6153846153846154,0.4166666666666667,0,0,0.0
V10_allz,B01_hold20_t1,B持有期,1,20,,,,,,,,,,,0.10425827557101264,0.107854728108288,0.4601263086337367,-0.382828390431569,0.16340950708376067,0.03993951761230319,0.2754808777979772,0.46153846153846156,18.76923076923077,-3.06660630674247,26.23059937968961,-9.036658342846614,12.65264,0.0129056928,13,244,1,0.9959183673469387,0.11772016280296542,0.09780577535817203,0.005877633692294326,-0.038721637260513364,0.08182973623648948,0.2857142857142857,0.6666666666666666,0,0,0.0
V10_allz,B02_hold2_t2,B持有期,2,2,,,,,,,,,,,-0.03377409346821503,-0.034861913998325944,0.0221980486094838,-0.3092899902102213,0.006247165322861958,-0.19142185251766475,-0.20457768559170966,0.45643153526970953,2.020746887966805,-0.2618040332694971,11.779691181853359,-9.61179436353401,112.07502,0.11479014040000002,241,244,1,1.9877551020408164,0.05910206627335205,0.11228798650690797,-0.1313167828359133,0.1614728456909722,-0.30383379130891075,0.48760330578512395,0.425,2,5,0.0
V10_allz,B02_hold3_t2,B持有期,2,3,,,,,,,,,,,-0.02477705047191414,-0.02557893478919604,0.039417275857237866,-0.3812940996664933,0.010363684506574211,-0.18040603013057632,-0.15842873094946536,0.4409937888198758,3.0248447204968945,-0.49047351315602006,22.941254961585145,-10.42469633740033,76.12352,0.0777111704,161,244,1,1.9877551020408164,0.10852731102581509,0.20999945171493595,-0.19403025501714055,0.33304830070059266,-0.3851730882979413,0.48148148148148145,0.4,2,0,0.0
V12_allz,F01_h5_sl8_tp25_t1,F组合,1,5,,,,,0.08,0.25,,,,,0.26972933760411255,0.27970987126125824,0.882592363464578,-0.4228220577663776,0.29621065382011647,0.17767492579754252,0.5884688930948051,0.5098039215686274,4.784313725490196,0.05621323266076228,18.98755142560571,-11.174224235377562,50.05968,0.051060873599999994,51,244,1,0.9959183673469387,0.22353653483654173,0.555768983023567,-0.18385740334246048,0.6038795742084178,-0.2657335720614967,0.6,0.4230769230769231,0,0,0.0
V12_allz,F02_h5_sl8_tp25_t2,F组合,2,5,,,,,0.08,0.25,,,,,0.0997753855027983,0.10321008857372482,0.4984410913833474,-0.38979455525976336,0.13025858200695983,0.04363575598060643,0.35526046279858464,0.47,4.88,-0.19044364068803166,18.98755142560571,-11.174224235377562,47.80862,0.048865712400000004,100,244,1,1.9918367346938775,0.1257747337703579,0.3230198150646548,-0.16873853816841466,0.683199598263704,-0.3799691034520426,0.52,0.42,0,0,0.0
V12_allz,F01_h5_sl8_tp40_t1,F组合,1,5,,,,,0.08,0.4,,,,,0.26972933760411255,0.27970987126125824,0.882592363464578,-0.4228220577663776,0.29621065382011647,0.17767492579754252,0.5884688930948051,0.5098039215686274,4.784313725490196,0.05621323266076228,18.98755142560571,-11.174224235377562,50.05968,0.051060873599999994,51,244,1,0.9959183673469387,0.22353653483654173,0.555768983023567,-0.18385740334246048,0.6038795742084178,-0.2657335720614967,0.6,0.4230769230769231,0,0,0.0
V12_allz,F02_h5_sl8_tp40_t2,F组合,2,5,,,,,0.08,0.4,,,,,0.0997753855027983,0.10321008857372482,0.4984410913833474,-0.38979455525976336,0.13025858200695983,0.04363575598060643,0.35526046279858464,0.47,4.88,-0.19044364068803166,18.98755142560571,-11.174224235377562,47.80862,0.048865712400000004,100,244,1,1.9918367346938775,0.1257747337703579,0.3230198150646548,-0.16873853816841466,0.683199598263704,-0.3799691034520426,0.52,0.42,0,0,0.0
V12_allz,G01_h10_tr5_t1,G移动止损,1,10,,,,,,,0.05,,,,-0.35029054148436667,-0.3594119469076511,-1.0340279139638742,-0.5551965418626081,-0.36642177619115823,-0.3690442447087242,-1.1951064778011018,0.37142857142857144,6.9714285714285715,-2.742796306922457,12.081505619162014,-8.731145143320273,30.77204,0.0313874808,35,244,1,0.9959183673469387,0.058938463997654435,0.14389338404966923,-0.4320192182461101,0.11994130839155859,-0.4366171239835379,0.5625,0.21052631578947367,1,0,0.0
V12_allz,G02_h10_tr5_t2,G移动止损,2,10,,,,,,,0.05,,,,0.14117117080631214,0.14612278243319698,0.6241795863414273,-0.2584825368264231,0.17045479581656875,0.12913229829334294,0.4908919649743814,0.4696969696969697,7.393939393939394,-1.0587063475705039,26.70766500363886,-8.731145143320296,31.8547,0.032545784,66,244,1,1.9918367346938775,0.13524453531505118,0.3188099292138169,-0.13469625491324644,0.7126249455593481,-0.3407007756011837,0.6129032258064516,0.34285714285714286,1,0,0.0
V12_allz,G01_h10_tr8_t1,G移动止损,1,10,,,,,,,0.08,,,,0.003973248471295099,0.004103785854866704,0.1903402945186059,-0.400945194906284,0.06673404346430212,-0.05853015266390116,0.004016291041492839,0.5714285714285714,8.714285714285714,0.6056196230316946,19.92013073414749,-11.188199978896563,27.38618,0.027933903599999997,28,244,1,0.9959183673469387,0.16340348860675252,0.4156576518633859,-0.2908078820117308,0.454748817398976,-0.3528299620690508,0.7692307692307693,0.4,0,0,0.0
V12_allz,G02_h10_tr8_t2,G移动止损,2,10,,,,,,,0.08,,,,0.12088995863681729,0.1250918903240763,0.5463737702178699,-0.303068203044369,0.15591646067853127,0.09556444538338082,0.4392453618651603,0.5087719298245614,8.56140350877193,0.0033732009445675004,19.92013073414749,-11.188199978896574,27.5278,0.028116676000000004,57,244,1,1.9918367346938775,0.16133958942154517,0.414313978832912,-0.2074673831890047,1.1166610400248032,-0.482409122355017,0.6923076923076923,0.3548387096774194,0,0,0.0
V8_allz,I01_daily_t1_q0.3,I择时,1,1,,,,,,,,,,0.3,0.09898416796691656,0.10239038708369819,0.49700201365177155,-0.2784701173080457,0.12836489088368885,0.06454437834157467,0.38806250274057574,0.5240963855421686,1.0,0.0649686997461485,8.229193742960161,-5.01720758539701,159.27488,0.1624603776,166,244,79,0.6775510204081633,0.3577032024841482,0.1176873396886855,-0.016733813704089218,0.08741409209988982,-0.021031283229143827,0.5444444444444444,0.5,0,0,0.0
V8_allz,I02_daily_t1_q0.5,I择时,1,1,,,,,,,,,,0.5,0.022248521882454186,0.0229863029063615,0.21220837990349942,-0.17579029065177965,0.0415643532699812,-0.008851633051349728,0.04742701268132887,0.5327868852459017,1.0,0.07889313854126945,8.229193742960161,-5.017207585396999,116.37106,0.11869848120000001,122,244,123,0.49795918367346936,0.5159094624672996,0.0267732740632467,-0.004406768558444352,-0.004246240234088927,-0.004625031813430325,0.5373134328358209,0.5272727272727272,0,0,0.0
V8_allz,I03_h5_sl8_t1_q0.3,I择时,1,5,,,,,0.08,,,,,0.3,0.4284286842072744,0.44522642108903754,1.3253104525562622,-0.151580698924216,0.4038798098112002,0.42454060751793476,1.2343744427738428,0.5111111111111111,4.977777777777778,0.7201811739474095,20.072014897881818,-8.290320707092336,43.85838,0.044735547600000015,45,244,21,0.9142857142857143,0.24344117859246106,0.2233286868608806,0.16765731037722165,0.1910072510483447,0.19608054968937383,0.4782608695652174,0.5454545454545454,0,0,0.0
V8_allz,I04_h5_sl8_t2_q0.3,I择时,2,5,,,,,0.08,,,,,0.3,0.17775007511304985,0.18408465175582478,0.7345774907804784,-0.23717901478092274,0.202591264895156,0.3196551480357841,0.7869555234398442,0.449438202247191,4.966292134831461,-0.2854120314039421,23.597366302884225,-10.195503015369834,41.0792,0.041998714,89,244,18,1.8040816326530613,0.15422052653246904,-0.0010570332873672816,0.17899631346206424,-0.05655904845855009,0.3987681432310657,0.3695652173913043,0.5348837209302325,0,0,0.0
V8_allz,J01_h10_rat20_10_t1,J利润锁定,1,10,,,,,,,,0.2,0.1,,0.2512740508191016,0.2605042705415146,0.9436725459104219,-0.30503425455314526,0.2643881556620229,0.18833060294517723,0.6549573610057946,0.44,9.76,-0.3374835145924404,23.34693521787694,-11.027704225472778,24.46944,0.024958828799999996,25,244,1,0.9959183673469387,0.1519900157320537,0.29825359397580176,-0.03618672297515302,0.2231974210122336,-0.028504653025022364,0.6923076923076923,0.16666666666666666,0,0,0.0
V8_allz,J02_h10_rat20_10_t2,J利润锁定,2,10,,,,,,,,0.2,0.1,,0.05848817849872234,0.06046268037036895,0.349767914252944,-0.34309244769832403,0.0937176495332609,-0.021656826175061372,0.25313755662103193,0.46,9.76,-0.632844231148888,23.34693521787694,-20.989104816218862,23.85128,0.024360225600000004,50,244,1,1.9918367346938775,0.14184460088644593,0.28621004258257376,-0.17704873741042315,0.5214496250121401,-0.35696643665272076,0.6153846153846154,0.2916666666666667,0,0,0.0
V8_allz,J03_h10_rat30_15_sl8_t1,J利润锁定,1,10,,,,,0.08,,,0.3,0.15,,0.23213797024487048,0.24060000521924363,0.819732911005642,-0.21891764808239056,0.25990983821460845,0.18535058374425573,0.7080830433775974,0.6,9.76,0.5446889112840969,16.2333018879282,-10.86150784652492,24.41334,0.024901606800000003,25,244,1,0.9959183673469387,0.17325568361218538,0.29825359397580176,-0.05092658632929936,0.2231974210122336,-0.030940906690808845,0.6923076923076923,0.5,0,0,0.0
V8_allz,J04_h10_rat30_15_sl8_t2,J利润锁定,2,10,,,,,0.08,,,0.3,0.15,,0.3164239049043549,0.3283434393114446,1.1601497407180998,-0.18713173493613144,0.3120280046609708,0.7223044504067437,1.3587630462439206,0.56,9.76,0.5584569642703374,16.2333018879282,-10.86150784652492,23.98806,0.0244788212,50,244,1,1.9918367346938775,0.1666945565930821,0.28621004258257376,0.023490612980376246,0.5214496250121401,0.13201542929362553,0.6153846153846154,0.5,0,0,0.0
V10_allz,J01_h10_rat20_10_t1,J利润锁定,1,10,,,,,,,,0.2,0.1,,0.2797666024712877,0.29015906060557395,1.0086331913243862,-0.17625479026944468,0.28871773025318515,0.2216522508080756,0.7615681012655281,0.52,9.76,0.0956036015616224,14.514657304377355,-14.06730037329984,24.52102,0.0250114404,25,244,1,0.9959183673469387,0.19057209166990524,0.40937520028765717,-0.09196174147942648,0.32218177512377166,-0.07603305854543718,0.6153846153846154,0.4166666666666667,0,0,0.0
V10_allz,J02_h10_rat20_10_t2,J利润锁定,2,10,,,,,,,,0.2,0.1,,0.220998479256185,0.22901799514039456,0.9059749422100963,-0.1383354965818271,0.23388799136586091,0.39351775800478594,0.9753478884581962,0.54,9.76,0.2894962289435643,14.514657304377355,-14.06730037329984,24.09194,0.0245737788,50,244,1,1.9918367346938775,0.14095955121411108,0.22870673742636116,-0.00627347269725298,0.31895964181390735,0.056527973887314564,0.5769230769230769,0.5,0,0,0.0
V10_allz,J03_h10_rat30_15_sl8_t1,J利润锁定,1,10,,,,,0.08,,,0.3,0.15,,0.3132391386322062,0.32502460434622504,1.123704247385528,-0.13725922122771095,0.3120643560470463,0.27516892966286655,0.9362575162591489,0.52,9.76,0.22306973062060642,14.514657304377355,-8.606851459654674,24.56552,0.0250568304,25,244,1,0.9959183673469387,0.19536701984058633,0.40937520028765717,-0.06821183006187981,0.32218177512377166,-0.035557021239763786,0.6153846153846154,0.4166666666666667,0,0,0.0
V10_allz,J04_h10_rat30_15_sl8_t2,J利润锁定,2,10,,,,,0.08,,,0.3,0.15,,0.33887908087197705,0.35175134488557425,1.3222237556005771,-0.16087882060302483,0.3225699919373458,0.7598817271726883,1.524298442441908,0.58,9.76,1.0646073323670735,15.135292894023,-9.053894353481173,24.18066,0.024664273200000003,50,244,1,1.9918367346938775,0.1963466888020794,0.40496384346395065,-0.0470366286644357,0.8573792164701404,-0.05249196740918716,0.6923076923076923,0.4583333333333333,0,0,0.0
V12_allz,A01_daily_top1,A基线,1,1,,,,,,,,,,,0.06694885377420268,0.06921819901275028,0.36319019828322135,-0.4117616146533192,0.1372906447860267,0.05490909563791946,0.33531385917741185,0.5020576131687243,1.0,0.06863062020256994,14.262107943888624,-7.450388921405626,191.30422,0.1951303044,243,244,2,0.9918367346938776,0.032162939293540874,-0.18513350821245678,0.3093541881120627,-0.19639034951843315,0.31271332419385556,0.4634146341463415,0.5416666666666666,3,0,0.0
V12_allz,A02_daily_top2,A基线,2,1,,,,,,,,,,,0.126551331585377,0.13096128609928748,0.5450752257975939,-0.32512208739576065,0.1675641113265398,0.2038964640767449,0.6135907450376742,0.49690721649484537,1.002061855670103,-0.004131792645867272,19.457904601454267,-9.239695598637333,198.13978,0.21175867560000003,485,244,2,1.9836734693877551,0.033762913316657886,-0.16631021668278967,0.35128359988158286,-0.3505842254399453,0.8538146303765446,0.4530612244897959,0.5416666666666666,4,1,0.0
V12_allz,B01_hold2_t1,B持有期,1,2,,,,,,,,,,,-0.16217243322599706,-0.16701894153221108,-0.2799907433868708,-0.34445524018056517,-0.10507642785937998,-0.19812812971330962,-0.45932694714419464,0.45081967213114754,2.0,-0.20591551105799688,11.353381454155254,-8.743990757072917,106.78416,0.10891984320000002,122,244,1,0.9959183673469387,0.028521953147604282,-0.14700987888009143,-0.01777576782014756,-0.1955137968041305,-0.0032496926594812736,0.4032258064516129,0.5,1,0,0.0
V12_allz,B01_hold3_t1,B持有期,1,3,,,,,,,,,,,0.012299086856730979,0.01270488661211,0.23009332225356208,-0.31311483486326286,0.08964034855627157,-0.01602919110331602,0.15274301998707973,0.49382716049382713,3.0,-0.10197348689341412,15.864391228796482,-10.417883837125796,76.25998,0.0777851796,81,244,2,0.9918367346938776,0.059837759858602346,0.14785690982427502,-0.11809644722032131,0.14271650649841638,-0.13891958040246655,0.5365853658536586,0.45,1,0,0.0
V12_allz,D01_h5_sl3_t1,D止损,1,5,,,,,0.03,,,,,,0.4223825245909103,0.4389090341961146,1.2873568809468834,-0.3694265684310083,0.40235744409482954,0.402025676413331,1.0014039018893024,0.48214285714285715,4.357142857142857,-0.1518607158146945,18.236453788287243,-7.921722530359931,55.01458,0.0561148716,56,244,1,0.9959183673469387,0.23584719705365773,0.5892061593758786,-0.10497293494664206,0.6986030961378171,-0.1746007766021539,0.5925925925925926,0.3793103448275862,1,0,0.0
V12_allz,D02_h5_sl3_t2,D止损,2,5,,,,,0.03,,,,,,0.1961377880209545,0.20318224440726063,0.8088429917087318,-0.28036284930459654,0.21570886315492133,0.24904989928321508,0.6775531057550073,0.4778761061946903,4.31858407079646,-0.1949725629475929,18.23645378828722,-8.964365998899382,54.74786,0.0558428172,113,244,1,1.9918367346938775,0.16228661326938418,0.38623673031521855,-0.13713310153817393,0.9645949705584533,-0.36422014817224047,0.5454545454545454,0.41379310344827586,2,0,0.0
V12_allz,D01_h5_sl5_t1,D止损,1,5,,,,,0.05,,,,,,-0.03078811849088292,-0.03178135426548301,0.10906376812789587,-0.36054156815453586,0.041290948410013684,-0.09667224265111696,-0.03280718252781538,0.4716981132075472,4.60377358490566,-0.10197348689341412,18.236453788287243,-10.252591031312708,51.21256,0.052236811200000004,53,244,1,0.9959183673469387,0.07260094736079757,0.22919597535454983,-0.2115074398697443,0.18475588230195528,-0.2375410235619706,0.48148148148148145,0.46153846153846156,1,0,0.0
V12_allz,D02_h5_sl5_t2,D止损,2,5,,,,,0.05,,,,,,0.6869004297843517,0.7160700215419893,1.9680929919917276,-0.20474768222650486,0.565581382358436,1.96487093448235,1.5975087084905444,0.5,4.6923076923076925,0.01375600757524964,58.47554689085741,-10.252591031312697,50.0812,0.05112114399999999,104,244,1,1.9918367346938775,0.22440824857145206,0.4806137797310608,0.13932509130825554,1.4580056461117672,0.20620997725223944,0.5576923076923077,0.4423076923076923,1,0,0.0
V12_allz,D01_h5_sl8_t1,D止损,1,5,,,,,0.08,,,,,,0.26972933760411255,0.27970987126125824,0.882592363464578,-0.4228220577663776,0.29621065382011647,0.17767492579754252,0.5884688930948051,0.5098039215686274,4.784313725490196,0.05621323266076228,18.98755142560571,-11.174224235377562,50.05968,0.051060873599999994,51,244,1,0.9959183673469387,0.22353653483654173,0.555768983023567,-0.18385740334246048,0.6038795742084178,-0.2657335720614967,0.6,0.4230769230769231,0,0,0.0
V12_allz,D02_h5_sl8_t2,D止损,2,5,,,,,0.08,,,,,,0.0997753855027983,0.10321008857372482,0.4984410913833474,-0.38979455525976336,0.13025858200695983,0.04363575598060643,0.35526046279858464,0.47,4.88,-0.19044364068803166,18.98755142560571,-11.174224235377562,47.80862,0.048865712400000004,100,244,1,1.9918367346938775,0.1257747337703579,0.3230198150646548,-0.16873853816841466,0.683199598263704,-0.3799691034520426,0.52,0.42,0,0,0.0
V12_allz,D01_h5_sl10_t1,D止损,1,5,,,,,0.1,,,,,,0.15530424456608238,0.16078553510087912,0.6266344473883431,-0.3287936655872009,0.19232605832097005,0.06793000672088279,0.3641301926586056,0.5102040816326531,4.979591836734694,0.05621323266076228,18.98755142560571,-11.776472201400722,48.29512,0.0492610224,49,244,1,0.9959183673469387,0.2310927125743884,0.555768983023567,-0.2574063005673244,0.6038795742084178,-0.3341582348862123,0.6,0.4166666666666667,0,0,0.0
V12_allz,D02_h5_sl10_t2,D止损,2,5,,,,,0.1,,,,,,0.09837548391900719,0.101759803482941,0.498386504353984,-0.3364046212489423,0.12746384636132602,0.04016808156197649,0.33360590350026265,0.46938775510204084,4.979591836734694,-0.19044364068803166,18.98755142560571,-11.776472201400734,47.47064,0.0484200528,98,244,1,1.9918367346938775,0.1258768612845875,0.3230198150646548,-0.16979664899022628,0.683199598263704,-0.3820292717304844,0.52,0.4166666666666667,0,0,0.0
V12_allz,B01_hold5_t1,B持有期,1,5,,,,,,,,,,,0.4366609978323879,0.45382944054888186,1.3257065034650262,-0.3265337538259412,0.41153951732395855,0.3915696015370813,0.9702416704009891,0.5306122448979592,4.979591836734694,0.13052420324204395,18.98755142560571,-15.33215708906791,48.24936,0.0492143472,49,244,1,0.9959183673469387,0.24593078812957683,0.555768983023567,-0.07655891491016764,0.6038795742084178,-0.1323727641934216,0.6,0.4583333333333333,0,0,0.0
V12_allz,B01_hold7_t1,B持有期,1,7,,,,,,,,,,,0.43704313606089285,0.4542288260102816,1.1450361427690725,-0.3003780134207761,0.4365968360652491,0.3752349431234898,0.900912209803979,0.5142857142857142,6.9714285714285715,0.8263277466308505,29.199163977734433,-10.079999355206404,33.46552,0.034134830399999996,35,244,1,0.9959183673469387,0.11406189417011506,0.12927257965206596,0.2725387669500057,0.1235559284434562,0.22400221324870073,0.5,0.5294117647058824,0,0,0.0
V12_allz,B01_hold10_t1,B持有期,1,10,,,,,,,,,,,0.2452575508923347,0.2542451657052638,0.8467482747203564,-0.33635626370424665,0.2723924130140487,0.19147369827706617,0.67682278405348,0.56,9.76,0.6783114439026239,14.514657304377355,-14.154883681277063,24.57332,0.025064786400000004,25,244,1,0.9959183673469387,0.15966797007592234,0.4367548460212014,-0.1332846001244954,0.3405529520960613,-0.11120728471478702,0.6153846153846154,0.5,0,0,0.0
V12_allz,B01_hold20_t1,B持有期,1,20,,,,,,,,,,,0.18065417726802346,0.18710022412885752,0.6433351324140975,-0.2819329202472508,0.2337682219661179,0.12139082241133448,0.5252700543198078,0.6153846153846154,18.76923076923077,1.0805147650857938,16.869362895746942,-15.961127933205377,12.73038,0.012984987600000001,13,244,1,0.9959183673469387,0.13634287306252535,0.3453917760630487,-0.12244581966829604,0.14972461712516716,-0.024643983691225446,0.7142857142857143,0.5,0,0,0.0
V12_allz,B02_hold2_t2,B持有期,2,2,,,,,,,,,,,-0.07846924081161266,-0.08093500770570827,-0.1011732296054904,-0.28741062417478436,-0.0315665510661135,-0.3119396026821274,-0.4503020276954477,0.45901639344262296,2.0,-0.2660863357165477,12.751827382023539,-12.415958880331468,108.89908,0.11237572159999999,244,244,1,1.9918367346938775,0.03418777996245323,-0.06258251924127167,-0.016947328054392252,-0.2715214161226499,-0.055483012752894356,0.4435483870967742,0.475,1,0,0.0
V12_allz,B02_hold3_t2,B持有期,2,3,,,,,,,,,,,0.3293749915609112,0.3418424317827291,1.1588367811935714,-0.17722663378760029,0.32531815932998354,0.5390201010161868,0.9952547929800847,0.5,3.0,0.013362453412701925,30.7215688952855,-14.824802845643125,77.6609,0.079338428,162,244,2,1.9836734693877551,0.1179027452393582,0.17046429187157086,0.1357672342444911,0.35223322186733275,0.13813214771555082,0.5121951219512195,0.4875,1,0,0.0
V12_allz,B02_hold5_t2,B持有期,2,5,,,,,,,,,,,0.1976263101514104,0.2047286559054471,0.8447743288192537,-0.33306751278511504,0.21313544902248227,0.2802505274291234,0.7298963336677439,0.47959183673469385,4.979591836734694,-0.16423515335268757,18.98755142560571,-15.332157089067932,47.33972,0.048301474399999995,98,244,1,1.9918367346938775,0.13426698702447665,0.3230198150646548,-0.09477825160699971,0.683199598263704,-0.239394704733913,0.52,0.4375,0,0,0.0
V12_allz,B02_hold7_t2,B持有期,2,7,,,,,,,,,,,0.2823739092140398,0.2928738104801356,1.0073910838207516,-0.2644428304888158,0.2919349763303083,0.4711098085479237,0.938649861512444,0.5142857142857142,6.9714285714285715,0.25703458066071994,29.199163977734433,-12.685147228249004,33.27274,0.0339813048,70,244,1,1.9918367346938775,0.10872468144712584,0.18159944689592122,0.08528648399663319,0.38769433268346765,0.060110842784197205,0.5277777777777778,0.5,0,0,0.0
V9_allz,G03_h20_tr20_t1,G移动止损,1,20,,,,,,,0.2,,,,0.5657588623016858,0.5889465953144144,1.6487348733514846,-0.21109734943615455,0.494422601084326,0.6403916949878732,1.7758140796960875,0.6923076923076923,18.76923076923077,4.063610128033379,26.23059937968961,-7.901364085054208,12.77938,0.0130349676,13,244,1,0.9959183673469387,0.2516497840983581,0.4188659678715849,0.1035283795342945,0.32105807996819413,0.24172564390762274,0.5714285714285714,0.8333333333333334,0,0,0.0
V9_allz,H01_re3_t1,H排名退出,1,,,,3,2,,,,,,,0.5069280518351287,0.5273255480106349,1.3574238464183084,-0.23033833112007152,0.4715873023901198,0.4983060595935169,1.1557834195385341,0.45454545454545453,3.168831168831169,-0.18418895297749316,28.377268794386424,-7.3158909248605575,75.38594,0.07689365880000001,77,244,1,0.9959183673469387,0.10807433195931519,0.18687106186236413,0.2696644987455943,0.14939193700318487,0.3035640945072722,0.5128205128205128,0.39473684210526316,0,0,0.0
V9_allz,H01_re5_t1,H排名退出,1,,,,5,2,,,,,,,0.19299881884115444,0.199921406058591,0.7080488336070391,-0.22622709774365368,0.2311267530143336,0.13525494857235776,0.5713748399415459,0.5066666666666667,3.2533333333333334,0.08402466521495455,14.549389572504246,-10.417883837125785,73.62208,0.0750945216,75,244,1,0.9959183673469387,0.07214267089603234,0.18687106186236413,0.005162950867784399,0.14939193700318487,-0.012299536803508593,0.5128205128205128,0.5,0,0,0.0
V9_allz,H01_re10_t1,H排名退出,1,,,,10,2,,,,,,,0.16907514041245064,0.17507819493513943,0.6277543235473765,-0.4054641933548767,0.216999832427742,0.12846334639345214,0.48864073197028707,0.4246575342465753,3.3424657534246576,-0.6467909624151669,28.377268794386445,-11.02031230664453,67.44754,0.0687964908,73,244,1,0.9959183673469387,0.05521484637254665,0.14668810534480925,0.019523212077716234,0.11902854188914058,0.008431245630593498,0.4594594594594595,0.3888888888888889,1,0,0.0
V9_allz,H01_re20_t1,H排名退出,1,,,,20,2,,,,,,,0.12262955784541996,0.12689530656035863,0.5379832565578343,-0.26944435210137674,0.1624908469561609,0.04441168225696157,0.3001558568631492,0.49295774647887325,3.4225352112676055,-0.00016696269968807798,14.549389572504246,-11.083426440366607,69.48078,0.0708703956,71,244,2,0.9918367346938776,0.11870225615872415,0.2740492761665163,-0.11884918515608967,0.24265417954260893,-0.15953150969050434,0.5135135135135135,0.47058823529411764,1,0,0.0
V9_allz,H01_re50_t1,H排名退出,1,,,,50,2,,,,,,,0.5003805488532269,0.5204723301253813,1.5609843487763628,-0.1814166416479679,0.4476821071080095,0.5211176646052431,1.471397977664993,0.5483870967741935,3.9193548387096775,0.44774914007417177,14.549389572504246,-10.827154288543994,61.03226,0.06225290519999999,62,244,2,0.9918367346938776,0.2040733109910078,0.3468772573153984,0.11396977022523402,0.3522310553028378,0.12489478676007981,0.6129032258064516,0.4838709677419355,1,0,0.0
V9_allz,H02_re10_t2,H排名退出,2,,,,10,2,,,,,,,0.1817857417443587,0.18827528812522498,0.7596746976484507,-0.3162560577069756,0.20425781016238886,0.29277762510447913,0.7357374447164997,0.4421768707482993,3.312925170068027,-0.24448810807408128,28.377268794386445,-11.02031230664452,69.51512,0.07091627240000001,147,244,1,1.9877551020408164,0.08387358117217641,0.17883377905880393,0.002504138189789673,0.3603529183009151,-0.04967482503057907,0.44,0.4444444444444444,2,0,0.0
V9_allz,H02_re20_t2,H排名退出,2,,,,20,2,,,,,,,-0.10461384598038737,-0.10785192250875952,-0.3278583963694979,-0.3244135609292157,-0.07985444238140249,-0.29535565913723516,-0.5673518212352168,0.4485294117647059,3.573529411764706,-0.2564315142565332,14.549389572504246,-11.083426440366594,63.6387,0.065232344,136,244,2,1.9836734693877551,0.08028427402594575,0.1500837525282308,-0.22146004406089193,0.234210286885157,-0.42907270474862624,0.5,0.3939393939393939,1,0,0.0
V13_allz,E01_h5_tp20_t1,E止盈,1,5,,,,,,0.2,,,,,0.5790365842408138,0.6028646619691052,1.4815930190277942,-0.31820518093381445,0.5195717012593088,0.5939884703607587,1.2043381157542812,0.52,4.88,0.33678746299254936,33.34476381684108,-8.957479913031463,49.13164,0.05011427279999999,50,244,1,0.9959183673469387,0.2543459537542084,0.7919775478410702,-0.11883015155898691,1.0192893604640356,-0.21061909126562317,0.5769230769230769,0.4583333333333333,0,0,0.0
V13_allz,E02_h5_tp20_t2,E止盈,2,5,,,,,,0.2,,,,,0.5892974806042908,0.6136230410528081,1.7200121980491971,-0.20086067776876682,0.5083309644519213,1.5342418496802215,1.600370251814674,0.494949494949495,4.929292929292929,-0.40469568752397045,33.547023110568695,-10.720127799451884,47.9593,0.04894078600000001,99,244,1,1.9918367346938775,0.21653546960838665,0.4702947019092554,0.08093804496507051,1.488829174985871,0.018246601715686595,0.5294117647058824,0.4583333333333333,0,0,0.0
V13_allz,E01_h5_tp30_t1,E止盈,1,5,,,,,,0.3,,,,,0.7073157893304152,0.7375235694085229,1.7121728283338062,-0.25583385462113717,0.5972873811490738,0.6715656956219338,1.1060674500843912,0.42857142857142855,4.959183673469388,-0.4515329510830668,46.528149323422554,-16.983025940701722,48.03412,0.04899480239999999,49,244,2,0.9918367346938776,0.3056062633269642,0.7925079841592049,-0.04752681470969944,0.9618804574544602,-0.147977804014221,0.48,0.375,0,0,0.0
V13_allz,E02_h5_tp30_t2,E止盈,2,5,,,,,,0.3,,,,,0.416129887914797,0.4323768338381704,1.3176465562998425,-0.22134042033923484,0.394030244904773,0.7047091078936769,1.0451561643031901,0.42857142857142855,4.969387755102041,-0.9989318958655846,46.528149323422554,-16.983025940701737,47.3288,0.04829767600000001,98,244,1,1.9877551020408164,0.23468677260725093,0.47233656678345115,-0.038175156507487595,1.4180711372763422,-0.2950128382848901,0.48,0.375,0,0,0.0
V13_allz,F01_h5_sl8_tp15_t1,F组合,1,5,,,,,0.08,0.15,,,,,0.3171716841796781,0.3291227359402167,0.9476214587617777,-0.40995401667611175,0.3419329338171866,0.1858393401343308,0.5760863854145083,0.46153846153846156,4.6923076923076925,-0.3840214665829178,33.34476381684108,-12.091696254439254,50.95592,0.05197503840000001,52,244,1,0.9959183673469387,0.2303617487275604,0.7919775478410702,-0.26496194901182046,1.0192893604640356,-0.41274422410573997,0.5769230769230769,0.34615384615384615,0,0,0.0
V13_allz,F02_h5_sl8_tp15_t2,F组合,2,5,,,,,0.08,0.15,,,,,0.09952965672135328,0.10295551144735149,0.45842361150457817,-0.3940534236515605,0.14954058446087803,-0.031716447494357314,0.2854475578891788,0.46078431372549017,4.784313725490196,-0.3669387517347744,33.34476381684108,-12.091696254439254,49.10306,0.0501074212,102,244,1,1.9918367346938775,0.16095690302558324,0.5055983236878772,-0.269705844233328,1.3356851010533872,-0.5854391706874571,0.5098039215686274,0.4117647058823529,0,0,0.0
V13_allz,F01_h5_sl8_tp25_t1,F组合,1,5,,,,,0.08,0.25,,,,,0.5265081512907626,0.547825687656541,1.349485013461849,-0.3853880468927209,0.4902998890021828,0.3470871271783933,0.7400496092046939,0.4230769230769231,4.6923076923076925,-1.4584784615069735,46.528149323422554,-12.091696254439254,50.90252,0.051920570400000005,52,244,1,0.9959183673469387,0.2588435106103827,0.7925079841592049,-0.14839534061724913,0.9618804574544602,-0.3133694145023298,0.48,0.37037037037037035,0,0,0.0
V13_allz,F02_h5_sl8_tp25_t2,F组合,2,5,,,,,0.08,0.25,,,,,0.3564351486307371,0.37006126167446474,1.1320049191956925,-0.30889908651078246,0.3556915791242171,0.4170483420741844,0.8044447969777169,0.4215686274509804,4.784313725490196,-1.364099521195239,46.528149323422554,-12.091696254439254,49.18228,0.05018822559999999,102,244,1,1.9918367346938775,0.20819437937207716,0.47233656678345115,-0.07871937759850656,1.4180711372763422,-0.41397574280204386,0.48,0.36538461538461536,0,0,0.0
V9_allz,H02_re50_t2,H排名退出,2,,,,50,2,,,,,,,0.4217571727098881,0.4382556795620476,1.568969354737879,-0.15501247021514664,0.3826140557231952,1.0512119860569973,1.6822299330100077,0.5403225806451613,3.9274193548387095,0.43466321843173006,28.377268794386424,-10.827154288543984,60.14508,0.061347981600000004,124,244,1,1.9877551020408164,0.13600757609088154,0.16581492325898894,0.2195393491236357,0.32194956519265916,0.5516567651792792,0.5573770491803278,0.5238095238095238,1,0,0.0
V9_allz,H02_re100_t2,H排名退出,2,,,,100,2,,,,,,,0.11826428861269367,0.1223700716727607,0.5593851253902243,-0.3031984515056294,0.14765963100235646,0.18860016040143712,0.5967496601051968,0.5142857142857142,4.6380952380952385,0.05836974768276271,28.36659864895448,-15.332157089067932,50.15806,0.05121631119999999,105,244,1,1.9877551020408164,0.08045326026894258,0.17239847710297584,-0.04617388161749292,0.36070142024483487,-0.12647981201668168,0.5555555555555556,0.47058823529411764,0,0,0.0
V9_allz,H03_re20_sl8_t1,H排名退出,1,,,,20,2,0.08,,,,,,0.32697024598269997,0.3393356243178496,1.1152837233935378,-0.17865857828097187,0.326848664987789,0.27313843921704506,0.9152295384304502,0.5277777777777778,3.375,0.2885189688824119,14.549389572504246,-10.417883837125785,70.68298,0.0720966396,72,244,2,0.9918367346938776,0.1427606001247635,0.2740492761665163,0.04153761617087248,0.24265417954260893,0.024531571354515114,0.5135135135135135,0.5428571428571428,1,0,0.0
V9_allz,H04_re20_sl8_t2,H排名退出,2,,,,20,2,0.08,,,,,,-0.018799908265757725,-0.01941027808104323,0.050400430881565456,-0.28591881661774754,0.012448009877526367,-0.12239529224065038,-0.061995022666372496,0.4782608695652174,3.5217391304347827,-0.12711785479035398,14.549389572504246,-10.417883837125796,65.53306,0.0669080912,138,244,2,1.9836734693877551,0.08038049996568844,0.1500837525282308,-0.1468446627671528,0.234210286885157,-0.2889342139788772,0.5,0.45588235294117646,1,0,0.0
V9_allz,H03_re50_sl8_t1,H排名退出,1,,,,50,2,0.08,,,,,,0.6069417198019724,0.6321280498235244,1.787886573223664,-0.19550692853020435,0.5172758484048721,0.6896825225228931,1.8032745342491767,0.59375,3.796875,0.6778304310413485,14.549389572504246,-10.252591031312708,63.02414,0.06428462280000001,64,244,2,0.9918367346938776,0.22718230310436985,0.3468772573153984,0.19308698032732208,0.3522310553028378,0.2495516323905771,0.6129032258064516,0.5757575757575758,1,0,0.0
V9_allz,H04_re50_sl8_t2,H排名退出,2,,,,50,2,0.08,,,,,,0.43216767675676504,0.44913358169878626,1.564845076145653,-0.17051639783644057,0.3915782619108168,1.0926436023048467,1.72753387368118,0.5483870967741935,3.9274193548387095,0.44976548840337527,28.377268794386424,-10.252591031312697,60.20794,0.061412098799999995,124,244,1,1.9877551020408164,0.1376746715817065,0.16581492325898894,0.22846915765428588,0.32194956519265916,0.5829980639237666,0.5573770491803278,0.5396825396825397,1,0,0.0
V9_allz,I01_daily_t1_q0.3,I择时,1,1,,,,,,,,,,0.3,0.2789848752459958,0.28934515491218105,1.1351090795963403,-0.10506676436451523,0.2763901008448183,0.2687403073628971,1.0242859376778257,0.5379746835443038,1.0,0.0890677746762436,11.769409843177847,-7.450388921405615,145.95634,0.1488754668,158,244,87,0.6448979591836734,0.3746318289457427,-0.05333349634715867,0.35104059382143404,-0.08506510276384238,0.38670009330228594,0.47674418604651164,0.6111111111111112,0,0,0.0
V9_allz,I02_daily_t1_q0.5,I择时,1,1,,,,,,,,,,0.5,0.14840536647460856,0.15362736185576242,0.7910261443835765,-0.160182062858228,0.15877463187203178,0.12305932235042505,0.6628724183766209,0.5185185185185185,1.0,0.07141139199223767,11.769409843177847,-4.147779937173723,96.62572,0.0985582344,108,244,137,0.44081632653061226,0.5680451118135638,-0.1176118822898411,0.30147419647351836,-0.1443399024327573,0.3125063626823712,0.45901639344262296,0.5957446808510638,0,0,0.0
V13_allz,B01_hold10_t1,B持有期,1,10,,,,,,,,,,,1.7597106358747117,1.8531072009102298,3.120984381182196,-0.2406583162088699,1.0767723617436444,2.561938745002801,1.5681013256950893,0.56,9.76,0.6316583172030876,102.55753772639386,-14.991719174291285,24.5667,0.025058033999999996,25,244,1,0.9959183673469387,0.3762679440249038,1.585633939826117,0.06732457111090673,2.2300657967697486,0.10274494982886839,0.6153846153846154,0.5,0,0,0.0
V13_allz,B01_hold20_t1,B持有期,1,20,,,,,,,,,,,2.20814471727261,2.333131446471859,3.027234549193861,-0.16011502660687738,1.2552788769845329,3.780481255532531,1.6972972850348578,0.7692307692307693,18.76923076923077,4.631644257341594,131.85394996324155,-19.617219309788247,12.84162,0.013098452400000002,13,244,1,0.9959183673469387,0.366756437236524,1.4840177176554965,0.29151442619361356,1.9816007512363494,0.6033270898359744,0.7142857142857143,0.8333333333333334,0,0,0.0
V13_allz,B02_hold2_t2,B持有期,2,2,,,,,,,,,,,0.2235261317024848,0.23164575648520236,0.8029355548055519,-0.3393218052964724,0.2526918654449939,0.23543498346403657,0.6428920254315817,0.47540983606557374,2.0,-0.22242472011954617,33.34476381684108,-12.091696254439254,118.4379,0.120807498,244,244,1,1.9918367346938775,0.21270035927355127,0.4435106243520468,-0.15239547872971637,1.1808493658153316,-0.4335074201687671,0.5,0.45,0,0,0.0
V13_allz,B02_hold3_t2,B持有期,2,3,,,,,,,,,,,0.21633278305946946,0.22416798049557163,0.8228802945767937,-0.1668498877143031,0.2391462523697564,0.31714231867459697,0.7645451881963082,0.49382716049382713,3.0,-0.10197348689340302,19.71269451924482,-10.788583039672272,78.43052,0.08000563040000001,162,244,2,1.9836734693877551,0.17615872362903862,0.25302291872645255,-0.02928129654984546,0.5082279279958364,-0.1266954455452619,0.5365853658536586,0.45,0,0,0.0
V13_allz,B02_hold5_t2,B持有期,2,5,,,,,,,,,,,0.5878755803028561,0.6121320659864486,1.6809065840877002,-0.28782512431388485,0.5098355572576704,1.2258232419193682,1.2908550573633215,0.4489795918367347,4.979591836734694,-0.8686727062835575,52.02122661783151,-15.752425287104177,47.27992,0.0482478184,98,244,1,1.9918367346938775,0.23523953333228884,0.5528960962247205,0.022525321663938502,1.6680480954266437,-0.16574845643348834,0.52,0.375,0,1,0.0
V13_allz,B02_hold7_t2,B持有期,2,7,,,,,,,,,,,0.7492140166754029,0.7815787035677388,1.977835308063364,-0.16119966007906705,0.608095348319174,1.93587129353253,1.6187707567049558,0.5,6.9714285714285715,0.1551899593086714,50.587752526423735,-16.681575402113413,33.81874,0.0344963948,70,244,1,1.9918367346938775,0.263539690591834,0.33779561333949903,0.30753457346813473,0.8786005661018843,0.5627969811722642,0.5555555555555556,0.4411764705882353,0,0,0.0
V13_allz,B02_hold10_t2,B持有期,2,10,,,,,,,,,,,1.4388492836960731,1.5111898741661518,3.385162867594127,-0.19238410009541218,0.931627829283296,6.591867155481072,1.907313372262737,0.46,9.76,-0.5396165922993745,102.55753772639386,-14.991719174291285,24.40412,0.024892202400000004,50,244,1,1.9918367346938775,0.3382636886503833,0.9767730405502921,0.23375280503479035,2.904755975910042,0.9442616138673583,0.5,0.4166666666666667,0,0,0.0
V13_allz,B02_hold20_t2,B持有期,2,20,,,,,,,,,,,1.675902495012752,1.763666941742604,3.3803337033540384,-0.10756030646570802,1.0338723601168467,8.4759363681091,1.880120789868432,0.6153846153846154,18.76923076923077,3.59863138385349,131.85394996324155,-19.617219309788247,12.72324,0.012977704800000002,26,244,1,1.9918367346938775,0.324480600399259,0.8409757536312397,0.4535240291647835,2.02238606597345,2.135250150465834,0.6428571428571429,0.5833333333333334,0,0,0.0
V13_allz,G03_h20_tr8_t1,G移动止损,1,20,,,,,,,0.08,,,,0.8875958608068517,0.9273261483631992,2.167437755152997,-0.1571501016468737,0.6875907027604823,1.2237889111720204,2.333360873777346,0.7647058823529411,14.352941176470589,4.321655130727953,30.915816766706538,-9.06378684171596,16.75702,0.017092160400000004,17,244,1,0.9959183673469387,0.25468272737872494,0.6154888453723484,0.16843633195856977,0.7983781740586438,0.23655243554991268,1.0,0.6,0,0,0.0
V13_allz,G03_h20_tr12_t1,G移动止损,1,20,,,,,,,0.12,,,,0.7627563264570141,0.7958256076783123,1.7209815797638897,-0.22454474383555634,0.6377673616278168,0.7866530135695844,1.2147088180445835,0.625,15.25,4.575086746631241,55.56266411241422,-12.965446139759873,15.7656,0.016080912,16,244,1,0.9959183673469387,0.26644209673786523,0.5985235549830743,0.10274028866323404,0.6085405110983884,0.11072926124165372,0.8571428571428571,0.4444444444444444,0,0,0.0
V13_allz,G03_h20_tr20_t1,G移动止损,1,20,,,,,,,0.2,,,,2.20814471727261,2.333131446471859,3.027234549193861,-0.16011502660687738,1.2552788769845329,3.780481255532531,1.6972972850348578,0.7692307692307693,18.76923076923077,4.631644257341594,131.85394996324155,-19.617219309788247,12.84162,0.013098452400000002,13,244,1,0.9959183673469387,0.366756437236524,1.4840177176554965,0.29151442619361356,1.9816007512363494,0.6033270898359744,0.7142857142857143,0.8333333333333334,0,0,0.0
V13_allz,H01_re3_t1,H排名退出,1,,,,3,2,,,,,,,0.4884269286809966,0.5079631055268494,1.2337458013741152,-0.15869573772694834,0.47377414366875725,0.46719486834279,1.0888751540519621,0.5125,3.05,0.3123568864709769,14.779653473303057,-11.253603370406118,78.51104,0.0800812608,80,244,1,0.9959183673469387,0.1732382425456622,0.21410086738838596,0.22594997554256335,0.17431519150972008,0.2494046563908785,0.4634146341463415,0.5641025641025641,0,0,0.0
V13_allz,H01_re5_t1,H排名退出,1,,,,5,2,,,,,,,0.6400946698504932,0.6669163243979022,1.5590596215452859,-0.16984360897253326,0.5616228632976946,0.6766378527158996,1.274334439368703,0.4810126582278481,3.088607594936709,-0.10197348689340302,25.978202189169952,-11.253603370406118,77.36286,0.07891011719999999,79,244,1,0.9959183673469387,0.2322617017596009,0.41035093176827653,0.16289827794431888,0.4016600524702256,0.1961800935690965,0.425,0.5384615384615384,0,0,0.0
V13_allz,H01_re10_t1,H排名退出,1,,,,10,2,,,,,,,0.4408608550427444,0.4582190430030748,1.1199343231913612,-0.2930617662334145,0.44699745183030115,0.3357175110181556,0.8142471889388757,0.47368421052631576,3.210526315789474,-0.1398137619722295,25.978202189169952,-23.544565763736756,74.37938,0.0758669676,76,244,1,0.9959183673469387,0.19919024560300852,0.39117171662557726,0.035717473136740674,0.4551884652900269,-0.08209998712988698,0.46153846153846156,0.4864864864864865,0,0,0.0
V13_allz,H01_re20_t1,H排名退出,1,,,,20,2,,,,,,,-0.013203078398122736,-0.013633002147006135,0.1896168788845015,-0.3103254809047672,0.08172942594742771,-0.04303703617026344,0.11700072033854164,0.4305555555555556,3.388888888888889,-0.2531284802116285,17.411721127689272,-11.565253815337295,65.71472,0.0670290144,72,244,1,0.9959183673469387,0.021758936850585893,-0.046131465242984726,0.03452088589257274,-0.027976077424555434,-0.015494432180025552,0.39473684210526316,0.47058823529411764,0,0,0.0
V13_allz,H01_re50_t1,H排名退出,1,,,,50,2,,,,,,,0.3262401157778363,0.3385745354895784,0.9020957209934597,-0.28004540271217493,0.36653807836911534,0.242821939989609,0.6768796435070898,0.5238095238095238,3.857142857142857,0.04361972683220028,25.978202189169952,-11.006141847436556,61.35582,0.06258293640000001,63,244,2,0.9918367346938776,0.1254839748264038,0.26118532684773066,0.051582259597570346,0.22289877855542106,0.016291750211511413,0.5,0.5517241379310345,0,0,0.0
V13_allz,D01_h5_sl5_t1,D止损,1,5,,,,,0.05,,,,,,-0.022260990250882018,-0.022982407746960032,0.17178680215042247,-0.381559845285969,0.0750215205146959,-0.07928617926771386,0.02888754158944455,0.46296296296296297,4.518518518518518,-0.50239228545923,23.597366302884225,-9.942134476796571,51.97126,0.05301068520000002,54,244,1,0.9959183673469387,0.06175387634560873,0.21147451117161742,-0.19293472480609886,0.19652540169950083,-0.2305104267535497,0.5,0.42857142857142855,0,0,0.0
V13_allz,D02_h5_sl5_t2,D止损,2,5,,,,,0.05,,,,,,0.3059930838421667,0.31747449750017687,0.9999416020614004,-0.19754840326765244,0.31947242108072027,0.4653929339882672,0.8412898792045315,0.4444444444444444,4.518518518518518,-0.5292010517733814,52.02122661783151,-9.94213447679656,51.15,0.052182849999999996,108,244,1,1.9918367346938775,0.13019765479468254,0.29698057257990307,0.0069488406016260384,0.8071317104665345,-0.18910562771876915,0.46153846153846156,0.42857142857142855,0,0,0.0
V13_allz,D01_h5_sl8_t1,D止损,1,5,,,,,0.08,,,,,,1.2172964992363968,1.2759475827521989,2.6077022731806205,-0.22142217037643774,0.8515783264324625,1.5852697713968356,1.5962720872838787,0.48,4.88,-0.4281143193035186,52.02122661783151,-12.091696254439254,49.04572,0.050026634400000006,50,244,1,0.9959183673469387,0.33576608472544417,1.0288277406301076,0.09289539709653094,1.6837198652205063,-0.03668419163249059,0.56,0.4,0,0,0.0
V13_allz,D02_h5_sl8_t2,D止损,2,5,,,,,0.08,,,,,,0.36765542144255803,0.3817674044010311,1.1848892140586016,-0.30679969331504653,0.36089322387074496,0.4495790811430578,0.8222467228752178,0.43564356435643564,4.8316831683168315,-1.288373883549765,52.02122661783151,-12.091696254439254,48.7088,0.04970527600000001,101,244,1,1.9918367346938775,0.20984899696959605,0.5528960962247205,-0.11928723063475166,1.6680480954266437,-0.45668929895686183,0.52,0.35294117647058826,0,0,0.0
V13_allz,D01_h5_sl10_t1,D止损,1,5,,,,,0.1,,,,,,1.2737156421536997,1.335782588347536,2.771915064110323,-0.17662762280367827,0.8728518329548773,1.8066656474090323,1.7453122453837526,0.4897959183673469,4.979591836734694,-0.40469568752397045,52.02122661783151,-10.720127799451895,48.08076,0.04904237520000001,49,244,1,0.9959183673469387,0.335922699301864,1.0288277406301076,0.12070413698480698,1.6837198652205063,0.04581170478403318,0.56,0.4166666666666667,0,0,0.0
V13_allz,D02_h5_sl10_t2,D止损,2,5,,,,,0.1,,,,,,0.4134675871394622,0.4295957848457337,1.288478964898658,-0.30334147229031416,0.39420059490346226,0.6401278494128555,0.9696721904507619,0.4387755102040816,4.969387755102041,-0.8204345187443229,52.02122661783151,-13.054071528447153,47.24494,0.048212138800000005,98,244,1,1.9877551020408164,0.23192682636739448,0.5528960962247205,-0.08978611603456599,1.6680480954266437,-0.3852705083449455,0.52,0.3541666666666667,0,1,0.0
V13_allz,E01_h5_tp10_t1,E止盈,1,5,,,,,,0.1,,,,,0.22345433979417972,0.2315711187659888,0.7125039085138298,-0.369656286400858,0.28160234290559405,0.07388543035785977,0.3973674629229043,0.43137254901960786,4.764705882352941,-0.9138273700809774,33.34476381684108,-16.983025940701722,49.98388,0.05098355760000001,51,244,2,0.9918367346938776,0.24653834553272333,0.7917428903128869,-0.31717081373180045,1.059968441569176,-0.4786884067312066,0.5769230769230769,0.28,0,0,0.0
V13_allz,E02_h5_tp10_t2,E止盈,2,5,,,,,,0.1,,,,,0.4282129176233205,0.44500096023139646,1.256101566247561,-0.26132660665974183,0.4119645822225475,0.7788020114270819,1.1342426290973393,0.47058823529411764,4.7745098039215685,-0.3863738404336736,33.34476381684108,-16.983025940701737,48.82004,0.04982099079999999,102,244,1,1.9877551020408164,0.20837714642478494,0.4472461531863323,-0.01315134645278404,1.1488103594550516,-0.1721921836423973,0.5192307692307693,0.42,0,0,0.0
V10_allz,H01_re5_t1,H排名退出,1,,,,5,2,,,,,,,-0.23978800817341406,-0.24659077037081145,-0.6314796994467062,-0.40357575721927397,-0.214887795039852,-0.2698073792174228,-0.7428703787537034,0.410958904109589,3.3424657534246576,-0.4830082911173039,11.361523142101992,-11.416197741986988,64.33496,0.0656216592,73,244,1,0.9959183673469387,0.040050051119533525,0.09538609847046176,-0.3059871830689612,0.06185030944845149,-0.3123394001157702,0.47368421052631576,0.34285714285714286,2,0,0.0
V10_allz,H01_re10_t1,H排名退出,1,,,,10,2,,,,,,,-0.24337152658641414,-0.25025837879810653,-0.73730614460972,-0.33677663566748894,-0.2291086175074072,-0.26068557481599,-0.8601808645863429,0.3918918918918919,3.2972972972972974,-0.6154741430720923,8.317588090226513,-9.826526978422978,61.51376,0.06274403519999999,74,244,1,0.9959183673469387,0.025300887686628803,-0.0692588161433133,-0.18706887958007268,-0.0938548276565806,-0.18411039671266083,0.42105263157894735,0.3611111111111111,2,0,0.0
V10_allz,H01_re20_t1,H排名退出,1,,,,20,2,,,,,,,-0.29028832295344986,-0.2982225778066494,-0.9439872911625826,-0.3644825300839527,-0.29304750388867695,-0.31296427422389084,-1.038293294757326,0.42857142857142855,3.4714285714285715,-0.6371643685865902,11.361523142101992,-11.083426440366594,63.2142,0.064478484,70,244,2,0.9918367346938776,0.0340667337511814,0.0688479070360275,-0.33600311852168063,0.039658932117684564,-0.3391720067496714,0.4594594594594595,0.3939393939393939,2,0,0.0
V10_allz,H01_re50_t1,H排名退出,1,,,,50,2,,,,,,,0.1575514521485668,0.1631175072764408,0.6158264127641153,-0.22576822655488193,0.1988069859740239,0.0847610346428016,0.40216571401787643,0.5079365079365079,3.873015873015873,0.041598566852263374,22.941254961585145,-12.051908126085708,61.54828,0.0627792456,63,244,1,0.9959183673469387,0.1674830205602666,0.3642824391606072,-0.15153093016372354,0.3615481749782963,-0.2032885397829619,0.5161290322580645,0.5,2,0,0.0
V10_allz,H02_re10_t2,H排名退出,2,,,,10,2,,,,,,,-0.11312999492223208,-0.11661411123591359,-0.29827771545450216,-0.30403628570489194,-0.0816005691363525,-0.3172294003273721,-0.5613737195948028,0.43448275862068964,3.3655172413793104,-0.49047351315602006,22.941254961585145,-11.416197741986988,66.68816,0.0683318032,145,244,1,1.9918367346938775,0.05226440536995601,0.0883649917139806,-0.18513549054797696,0.05816183502577621,-0.3547578668285687,0.4722222222222222,0.3972602739726027,3,0,0.0
V10_allz,H02_re20_t2,H排名退出,2,,,,20,2,,,,,,,-0.142109913426826,-0.14641046804890612,-0.3934567554148795,-0.3364641131630808,-0.11164597525705722,-0.34643650649776025,-0.5810128900358023,0.4744525547445255,3.5547445255474455,-0.22760053735614294,22.941254961585145,-14.366704801854302,63.27004,0.06488256080000002,137,244,1,1.9877551020408164,0.07648859452288138,0.10697112707042988,-0.22501132541409907,0.09216594281441015,-0.40158956814010516,0.5072463768115942,0.4411764705882353,4,0,0.0
V10_allz,H02_re50_t2,H排名退出,2,,,,50,2,,,,,,,0.1718675939740284,0.17797712680142275,0.7834142089694976,-0.16762068111892592,0.18820267829634252,0.23063176693063037,0.6697624350854389,0.525,4.066666666666666,0.23942708023622084,22.941254961585145,-12.051908126085708,57.6681,0.058821462,120,244,1,1.9918367346938775,0.15121489021208692,0.28098545352947646,-0.08518274681011961,0.6052807786984216,-0.23338534712385972,0.5396825396825397,0.5087719298245614,2,0,0.0
V10_allz,H02_re100_t2,H排名退出,2,,,,100,2,,,,,,,0.17613283343775543,0.18240543998787406,0.7744010256706828,-0.2495648497768268,0.1949896208363875,0.20328117382197486,0.628380344971102,0.5656565656565656,4.929292929292929,0.7373605250694748,22.941254961585145,-15.502170581415864,47.82002,0.0487911604,99,244,1,1.9918367346938775,0.1598052066370463,0.30299719914698353,-0.09736349839606884,0.4478747472288038,-0.1689328264582104,0.6037735849056604,0.5217391304347826,1,0,0.0
V12_allz,J03_h10_rat30_15_sl8_t1,J利润锁定,1,10,,,,,0.08,,,0.3,0.15,,-0.15616104935784647,-0.16084565239831816,-0.29789575775712496,-0.5128860469223817,-0.10529175641840072,-0.20439315454633145,-0.4229711890502698,0.4642857142857143,8.714285714285714,-1.920080579499145,14.514657304377355,-10.417883837125785,26.34284,0.026869696800000006,28,244,1,0.9959183673469387,0.1372675309799006,0.4367548460212014,-0.4126771501909372,0.3405529520960613,-0.4065084529412478,0.6153846153846154,0.3333333333333333,0,0,0.0
V12_allz,J04_h10_rat30_15_sl8_t2,J利润锁定,2,10,,,,,0.08,,,0.3,0.15,,-0.08031513428258219,-0.08283625875039025,-0.1445322219026633,-0.3749542876225951,-0.04138420947595012,-0.2479242136436567,-0.32439305675933094,0.5185185185185185,9.037037037037036,0.257358294052179,19.92013073414749,-11.188199978896574,25.30202,0.025827910399999997,54,244,1,1.9918367346938775,0.07865548860144915,0.2710042315775245,-0.27641085460751125,0.4297754616900411,-0.47399028273476906,0.6153846153846154,0.42857142857142855,0,0,0.0
V13_allz,A01_daily_top1,A基线,1,1,,,,,,,,,,,-0.12189719810796684,-0.12563172572121162,-0.07443099996656781,-0.49703553447914983,-0.03253474722040528,-0.18591178992731916,-0.1850526146279227,0.4897119341563786,1.0,-0.10197348689340302,21.25999376914138,-11.319700542689281,228.34142,0.23290824840000002,243,244,2,0.9918367346938776,0.0641780174664509,0.19225097013488956,-0.26349164405151604,0.15006330365889653,-0.2921361741717342,0.5691056910569106,0.4083333333333333,0,0,0.0
V13_allz,A02_daily_top2,A基线,2,1,,,,,,,,,,,-0.3141774291025706,-0.32260549681940986,-0.8218440768385169,-0.5651627208182173,-0.30554381363945704,-0.6085205138366616,-1.1129773023482052,0.4793388429752066,1.0,-0.10197348689341412,21.25999376914138,-11.319700542689281,212.00134,0.22322863680000002,484,244,2,1.9755102040816326,0.05216758432939617,0.0942237538912376,-0.3732337024685012,0.08932460107487517,-0.6406218258753623,0.5365853658536586,0.42016806722689076,0,0,0.0
V13_allz,B01_hold2_t1,B持有期,1,2,,,,,,,,,,,0.48348125582017754,0.5027885194570179,1.3309246100924572,-0.2602501260555119,0.4538787759148811,0.4006373080658019,0.8908303897543066,0.5081967213114754,2.0,0.06960930553974176,33.34476381684108,-12.091696254439254,120.20128,0.1226053056,122,244,1,0.9959183673469387,0.2772612606971575,0.6693994130432228,-0.11136828955997236,0.8002287408099122,-0.2219670332361966,0.532258064516129,0.48333333333333334,0,0,0.0
V13_allz,B01_hold3_t1,B持有期,1,3,,,,,,,,,,,0.28136452733426776,0.29182281202461,0.8954462794704081,-0.219103433980816,0.30854943093622367,0.22257573482451432,0.6954652661899167,0.49382716049382713,3.0,-0.10197348689340302,19.71269451924482,-9.942134476796571,79.5302,0.081120804,81,244,2,0.9918367346938776,0.16355548909286383,0.24790662754335724,0.026811220529196822,0.23531021184437884,-0.01030872804074956,0.4634146341463415,0.525,0,0,0.0
V13_allz,B01_hold5_t1,B持有期,1,5,,,,,,,,,,,1.2737156421536997,1.335782588347536,2.771915064110323,-0.17662762280367827,0.8728518329548773,1.8066656474090323,1.7453122453837526,0.4897959183673469,4.979591836734694,-0.40469568752397045,52.02122661783151,-10.720127799451895,48.08076,0.04904237520000001,49,244,1,0.9959183673469387,0.335922699301864,1.0288277406301076,0.12070413698480698,1.6837198652205063,0.04581170478403318,0.56,0.4166666666666667,0,0,0.0
V13_allz,B01_hold7_t1,B持有期,1,7,,,,,,,,,,,0.5174329821825256,0.5383230109675419,1.2098815224964734,-0.30077597875230744,0.5065286078929263,0.4459537940117808,0.9642712232461742,0.4857142857142857,6.9714285714285715,-0.01255129837979263,24.628438711198264,-16.681575402113424,34.23466,0.0349193532,35,244,1,0.9959183673469387,0.22489754467343787,0.445785375058644,0.049556184728301034,0.38696548664122665,0.04253047962527434,0.6111111111111112,0.35294117647058826,0,0,0.0
V14_allz,A01_daily_top1,A基线,1,1,,,,,,,,,,,0.2179161887095764,0.22581387036686662,0.7142735668927045,-0.2510245614429186,0.27056397121394216,0.1458476297290381,0.5359909966757177,0.48148148148148145,1.0,-0.10197348689340302,11.769409843177847,-8.646760389307339,237.44234,0.24219118680000004,243,244,2,0.9918367346938776,0.12214076732608094,0.08707147534179294,0.12036440688193362,0.06682034959616834,0.07407740221939418,0.4796747967479675,0.48333333333333334,1,0,0.0
V14_allz,A02_daily_top2,A基线,2,1,,,,,,,,,,,-0.21094492372580942,-0.2170504342075461,-0.4911927052441884,-0.3303241962970189,-0.17316618457124788,-0.5151089672931832,-0.8107831975201019,0.47216494845360824,1.002061855670103,-0.189516399991696,19.857120173968767,-17.667756417648505,210.06706,0.21871616120000004,485,244,2,1.9836734693877551,0.029469732903589962,-0.06119294966573807,-0.15951304797588817,-0.19015165432092762,-0.40125699423362116,0.4857142857142857,0.4583333333333333,1,1,0.0
V14_allz,B01_hold2_t1,B持有期,1,2,,,,,,,,,,,0.4388795089540001,0.45614812938304494,1.2204732961498823,-0.2086122022864273,0.4268105910365403,0.4396233254831128,1.1134298095029855,0.4672131147540984,2.0,-0.2935988463868999,14.75383903877756,-10.722163057277223,119.33762,0.12172437240000002,122,244,1,0.9959183673469387,0.15601336827444767,0.09539506546976795,0.3135712897674281,0.06740219201974451,0.34871685316576695,0.4838709677419355,0.45,0,0,0.0
V14_allz,B01_hold3_t1,B持有期,1,3,,,,,,,,,,,-0.23933880972319777,-0.24613099109710268,-0.5181258002989043,-0.45902780539840626,-0.1980210955107512,-0.28616692008409184,-0.6410430089875632,0.4444444444444444,3.0,-0.2697151089710026,14.364311361995185,-13.774889117064859,74.85742,0.0763545684,81,244,2,0.9918367346938776,0.06402247585145586,0.08091713095466124,-0.2962816773890985,0.04633547814927996,-0.31777800254034216,0.43902439024390244,0.45,0,0,0.0
V14_allz,B01_hold5_t1,B持有期,1,5,,,,,,,,,,,-0.09890655571244855,-0.10197821209992397,-0.016500850716071984,-0.40150250994668124,-0.007198878636617501,-0.14683547362101257,-0.045843507088185693,0.3469387755102041,4.979591836734694,-1.122878661759652,33.547023110568716,-18.04266409859119,42.70196,0.04355599920000001,49,244,1,0.9959183673469387,0.042388966113398575,0.08931278377570262,-0.17278723089594028,0.025999044032847918,-0.16845485252550318,0.4,0.2916666666666667,0,0,0.0
V14_allz,B01_hold7_t1,B持有期,1,7,,,,,,,,,,,0.40257542832956617,0.41821958846003304,1.1511734336703918,-0.30814702976253494,0.40017841202378723,0.32509684586261467,0.8341347363244639,0.5142857142857142,6.9714285714285715,0.037850298782449165,20.051937689834574,-23.01028990564039,34.25198,0.0349370196,35,244,1,0.9959183673469387,0.23278092843258533,0.3772106865112481,0.018417473859843936,0.38476252589219784,-0.04308730118988502,0.5555555555555556,0.47058823529411764,0,0,0.0
V14_allz,B01_hold10_t1,B持有期,1,10,,,,,,,,,,,-0.28165804377620374,-0.289407234500345,-0.4683914234959323,-0.5658782509376956,-0.21870310196690956,-0.300603450564095,-0.2573219091300523,0.36,9.76,-3.13509326361584,32.00646663984153,-34.093135784695974,21.26198,0.021687219599999998,25,244,1,0.9959183673469387,0.039845440698265726,0.1455746834455438,-0.3729418373115233,-0.05936473529315245,-0.2564636095651013,0.38461538461538464,0.3333333333333333,0,0,0.0
V14_allz,B01_hold20_t1,B持有期,1,20,,,,,,,,,,,-0.29196103150412944,-0.29993074996624924,-0.5521509262908366,-0.506022537749742,-0.2446814672717268,-0.3859265268023899,-0.19556033384869143,0.3076923076923077,18.76923076923077,-1.6364939283092572,42.384952337372006,-48.36264975477961,10.41594,0.0106242588,13,244,1,0.9959183673469387,0.04394435044258131,-0.032092681229755726,-0.2684847456309599,-0.21630229814269164,-0.2164408907384836,0.14285714285714285,0.5,0,0,0.0
V13_allz,F01_h5_sl8_tp40_t1,F组合,1,5,,,,,0.08,0.4,,,,,0.4495532850099093,0.46730551940720866,1.1984373230788208,-0.4132492057199616,0.43989409746598307,0.2736627243741161,0.662813431093982,0.4117647058823529,4.784313725490196,-1.439825158840713,43.720576484057986,-12.091696254439254,49.92912,0.05092770240000001,51,244,1,0.9959183673469387,0.24067174790154597,0.8470284961725993,-0.21519711904084604,1.0143500423017984,-0.3677053651912947,0.48,0.34615384615384615,0,0,0.0
V13_allz,F02_h5_sl8_tp40_t2,F组合,2,5,,,,,0.08,0.4,,,,,0.2640671245181261,0.2738164770332081,0.9112238602898729,-0.32582329025415313,0.28441168904512915,0.2758508913825737,0.6770878954959614,0.44554455445544555,4.8316831683168315,-0.4515329510830668,43.720576484057986,-12.091696254439254,48.58982,0.049590416400000004,101,244,1,1.9918367346938775,0.18964259226568225,0.49778969828960684,-0.1560449868485393,1.4827413307237256,-0.4861120344701153,0.48,0.4117647058823529,0,0,0.0
V13_allz,G01_h10_tr5_t1,G移动止损,1,10,,,,,,,0.05,,,,0.16093311806949595,0.16662700918587237,0.5684695002579673,-0.24323651117224376,0.23753728993500256,0.07044776664509955,0.37468301574469576,0.4444444444444444,6.75,-2.6376454326579255,23.711812974729753,-8.513248093957115,34.8417,0.035538534000000004,36,244,2,0.9918367346938776,0.08339494852562668,0.1503647901431484,0.00918693619354527,0.0546689838524923,0.014960886338924784,0.5,0.4,0,0,0.0
V13_allz,G02_h10_tr5_t2,G移动止损,2,10,,,,,,,0.05,,,,1.3997257935991576,1.46959612465397,3.1911099854408342,-0.12053203537585044,0.9192123378857427,6.207822793639488,1.8577264169967351,0.463768115942029,7.043478260869565,-1.4064978929914873,102.55753772639386,-9.94213447679656,33.22216,0.0338866032,69,244,2,1.9836734693877551,0.3343430686225537,1.0097568171930233,0.19403789208228428,3.39130148722915,0.6413864578875739,0.53125,0.40540540540540543,0,0,0.0
V13_allz,G01_h10_tr8_t1,G移动止损,1,10,,,,,,,0.08,,,,0.9576174754426932,1.0012100731630444,1.99324273477023,-0.23387742114834464,0.7432060179399703,1.1036679736851087,1.4123184977380157,0.4827586206896552,8.413793103448276,-0.10197348689341412,50.28945548591024,-11.691232098441883,28.49012,0.029059922399999997,29,244,1,0.9959183673469387,0.20563051005466668,0.3377505930384428,0.46336505895044455,0.2973893119984188,0.6214623892998998,0.5384615384615384,0.4375,0,0,0.0
V13_allz,G02_h10_tr8_t2,G移动止损,2,10,,,,,,,0.08,,,,0.7456512030131419,0.777831119565414,1.980462469343341,-0.1772251392452462,0.605484710977358,2.1385735722379917,1.7184360436434647,0.4915254237288136,8.271186440677965,-0.10197348689341412,50.28945548591024,-11.691232098441873,28.51172,0.029081954400000005,59,244,1,1.9918367346938775,0.20206615346636211,0.3588022118963865,0.28469852913828864,0.7090693808909629,0.8364225626708068,0.5555555555555556,0.4375,0,0,0.0
V13_allz,G01_h10_tr12_t1,G移动止损,1,10,,,,,,,0.12,,,,2.403222240696476,2.542658887292916,3.702228649445663,-0.10701767779420335,1.2884236607944337,5.383116784461106,2.086515332832841,0.6153846153846154,9.384615384615385,1.222852783253936,102.55753772639386,-13.823895983122824,25.57148,0.0260829096,26,244,1,0.9959183673469387,0.38802833278248217,1.585633939826117,0.3162041959138817,2.2300657967697486,0.9761568915545284,0.6153846153846154,0.6153846153846154,0,0,0.0
V13_allz,G02_h10_tr12_t2,G移动止损,2,10,,,,,,,0.12,,,,1.754076770176611,1.8470919021434664,3.775624793648663,-0.11640648631004624,1.054829515129447,12.174282825275874,2.261959906711431,0.5098039215686274,9.568627450980392,0.11256300829596277,102.55753772639386,-13.823895983122824,24.9224,0.025420847999999996,51,244,1,1.9918367346938775,0.34525982865631416,0.9767730405502921,0.39321849988905844,2.904755975910042,2.3739068219763655,0.5,0.52,0,0,0.0
V13_allz,C01_nr_hold2_t1,C续持,1,2,,True,,,,,,,,,0.10166034071940877,0.10516298034744653,0.44363099407656703,-0.34745483387208786,0.1977642405469764,0.011098327393933571,0.26276978539739426,0.452991452991453,2.076923076923077,-0.1798955498382715,33.34476381684108,-12.091696254439254,110.14942,0.11235240840000002,117,244,2,0.9918367346938776,0.0862996825193532,0.22617202311733786,-0.10154503613724519,0.2050647744183718,-0.1609593535069992,0.43333333333333335,0.47368421052631576,0,0,0.0
V13_allz,C02_nr_hold2_t2,C续持,2,2,,True,,,,,,,,,0.4758124733134588,0.494765902199779,1.3832132502089907,-0.1855564033363064,0.4417517518218447,1.1239091820773792,1.4479262660311334,0.47863247863247865,2.076923076923077,-0.10197348689340302,33.34476381684108,-12.091696254439254,112.13416,0.1144191532,234,244,2,1.9836734693877551,0.1720699503660358,0.2951360330101278,0.13950383256915933,0.6338154080180569,0.2999688775452565,0.47058823529411764,0.48695652173913045,0,0,0.0
V13_allz,C01_nr_hold3_t1,C续持,1,3,,True,,,,,,,,,0.5465821494825116,0.5688518850573969,1.337355308758358,-0.15315238180744994,0.5109792405384038,0.5504266684175494,1.1568174540278462,0.5125,3.05,0.15996722526563367,19.71269451924482,-11.253603370406118,78.48582,0.0800555364,80,244,1,0.9959183673469387,0.20051448068751224,0.27225608818990255,0.21562173200751444,0.2409323596537769,0.2494046563908785,0.4634146341463415,0.5641025641025641,0,0,0.0
V13_allz,C02_nr_hold3_t2,C续持,2,3,,True,,,,,,,,,0.22969005591304414,0.23805455145476295,0.7957796207321005,-0.303445947151489,0.2630306717329648,0.14704663588495936,0.5592975310430611,0.4720496894409938,3.031055900621118,-0.10197348689341412,46.528149323422554,-23.54456576373677,78.0863,0.079648026,161,244,1,1.9918367346938775,0.1918337882342035,0.41501244917303404,-0.13096873696644606,0.9687266879065368,-0.41736623832499564,0.4634146341463415,0.4810126582278481,0,0,0.0
V13_allz,C01_nr_hold5_t1,C续持,1,5,,True,,,,,,,,,1.2737156421536997,1.335782588347536,2.771915064110323,-0.17662762280367827,0.8728518329548773,1.8066656474090323,1.7453122453837526,0.4897959183673469,4.979591836734694,-0.40469568752397045,52.02122661783151,-10.720127799451895,48.08076,0.04904237520000001,49,244,1,0.9959183673469387,0.335922699301864,1.0288277406301076,0.12070413698480698,1.6837198652205063,0.04581170478403318,0.56,0.4166666666666667,0,0,0.0
V13_allz,C02_nr_hold5_t2,C续持,2,5,,True,,,,,,,,,0.40647821494765,0.422295479519154,1.3555076309429621,-0.26415501317689527,0.3820812065659044,0.6534593533564685,0.9950488104891276,0.4742268041237113,5.020618556701031,-0.3241379463561733,52.02122661783151,-16.983025940701737,46.73988,0.04768842760000001,97,244,1,1.9877551020408164,0.2464839354457413,0.5839664090004146,-0.11205300380376881,2.0592548486270177,-0.45952219243894177,0.56,0.3829787234042553,0,0,0.0
V13_allz,D01_h5_sl3_t1,D止损,1,5,,,,,0.03,,,,,,1.1773629760885247,1.2336263965020287,2.3396118860441657,-0.17878471290741882,0.8453096475277423,1.5027048835929362,1.5134630003024738,0.39344262295081966,3.9836065573770494,-2.2432188310507417,52.02122661783151,-6.869202594495838,59.41572,0.0606040344,61,244,2,0.9918367346938776,0.33749451088332016,1.0380119366249732,0.06837596824595793,1.676201031365173,-0.06482926571616099,0.5,0.30303030303030304,0,0,0.0
V13_allz,D02_h5_sl3_t2,D止损,2,5,,,,,0.03,,,,,,0.7044327775175259,0.7344934345672423,2.127474233725681,-0.1616693987866632,0.5705855638584548,1.9017780969633056,1.6179074778416644,0.42735042735042733,4.162393162393163,-0.8593523259709968,52.02122661783151,-8.964365998899382,56.65626,0.05778938519999999,117,244,1,1.9877551020408164,0.26483730375417525,0.6800957022976779,0.014485529119897533,2.508852240274922,-0.1730121708584832,0.5087719298245614,0.35,0,0,0.0
V15_allz,B01_hold2_t1,B持有期,1,2,,,,,,,,,,,-0.08058210459529758,-0.08311122504111956,0.08458829245732784,-0.469589654499591,0.04196849846468187,-0.16111584306740445,-0.05933968416635724,0.4262295081967213,2.0,-0.35132761669821044,14.464685917056762,-16.297762581728758,113.82012,0.1160965224,122,244,1,0.9959183673469387,0.0806562988713268,0.30800009429346464,-0.2970811703944567,0.2443089201767723,-0.3258232394465036,0.45161290322580644,0.4,0,0,0.0
V15_allz,B01_hold3_t1,B持有期,1,3,,,,,,,,,,,0.11283381272104598,0.11674140414763068,0.46688568124513663,-0.40696876846823526,0.2130984241222954,-0.03491919781156527,0.21369245542899346,0.3950617283950617,3.0,-1.0398959383566608,25.57595837169211,-12.7718450463013,77.9119,0.079470138,81,244,2,0.9918367346938776,0.15337928310841198,0.45002345086420825,-0.23254081714485242,0.4695301075808582,-0.3432725214611957,0.43902439024390244,0.35,1,0,0.0
V15_allz,B01_hold5_t1,B持有期,1,5,,,,,,,,,,,0.8244903222330076,0.8608166466194214,1.6105333632772059,-0.1841163795420927,0.6972101817091143,0.760300885833584,1.114541779761079,0.5306122448979592,4.979591836734694,0.3905093050190933,48.624853336451835,-19.186424585011075,47.37802,0.048325580400000005,49,244,1,0.9959183673469387,0.3337748685085462,0.6930194964433485,0.07765464370956643,0.8638815892150615,-0.05557257713195163,0.64,0.4166666666666667,0,0,0.0
V15_allz,B01_hold7_t1,B持有期,1,7,,,,,,,,,,,0.10890061482914892,0.11266522160552395,0.45948064093852925,-0.34190105011512095,0.2183837028667599,-0.045643412639978176,0.23282003438731197,0.5142857142857142,6.9714285714285715,0.43264687010255987,26.458670842542787,-24.338096337376534,33.65002,0.03432302040000001,35,244,1,0.9959183673469387,0.13251938370074803,0.27072675783950095,-0.1273492841887507,0.40021359459093286,-0.31842071020683527,0.5555555555555556,0.47058823529411764,0,0,0.0
V15_allz,B01_hold10_t1,B持有期,1,10,,,,,,,,,,,-0.19467558152855347,-0.20037208801637563,-0.14603484718759407,-0.5094821382130486,-0.07630631810773825,-0.2557776443936165,-0.42530830207842785,0.44,9.76,-0.12898618798994343,23.711812974729774,-21.795128447326594,22.25512,0.0227002224,25,244,1,0.9959183673469387,0.053453720368478765,0.009069583552913096,-0.20191389018394978,-0.15605556306452373,-0.11816190375186642,0.38461538461538464,0.5,0,0,0.0
V15_allz,B01_hold20_t1,B持有期,1,20,,,,,,,,,,,-0.30956812409901713,-0.3179030510132348,-0.4329879069972121,-0.49019055857399085,-0.22822107182945295,-0.34569232300369723,-0.4701957751807389,0.38461538461538464,18.76923076923077,-8.907272185112646,25.577409149142618,-22.97554443073715,10.55556,0.010766671199999998,13,244,1,0.9959183673469387,0.05221463238674457,-0.20927691932787518,-0.1268348012377397,-0.2156970142711674,-0.1657462882303432,0.42857142857142855,0.3333333333333333,0,0,0.0
V15_allz,B02_hold2_t2,B持有期,2,2,,,,,,,,,,,-0.10667765453574829,-0.10997560834146969,-0.05190038596596143,-0.4013009763600268,-0.02182606295966638,-0.35563085397813154,-0.21558222685753764,0.4426229508196721,2.0,-0.30624306573922566,20.286426316559258,-16.297762581728758,110.88014,0.11403014280000001,244,244,1,1.9918367346938775,0.054401717249603944,0.1617187092479766,-0.23103386529555603,0.10459640415779425,-0.41664743466807497,0.45161290322580644,0.43333333333333335,2,0,0.0
V15_allz,B02_hold3_t2,B持有期,2,3,,,,,,,,,,,0.041643582036183124,0.04303792047124033,0.30792386689205364,-0.3582955430437642,0.12340421784624578,-0.13685203904186083,0.2066026997997004,0.42592592592592593,3.0,-0.8950355183016567,34.928288723671976,-12.7718450463013,75.0042,0.076761864,162,244,2,1.9836734693877551,0.09828516795642242,0.24067550606663746,-0.1604222240684453,0.39824708069869996,-0.38269282098066204,0.43902439024390244,0.4125,2,0,0.0
V13_allz,H02_re10_t2,H排名退出,2,,,,10,2,,,,,,,0.2424307504012655,0.2513047214500077,0.8220717980141522,-0.27792921198420484,0.27493956842892864,0.1846733162414913,0.610861597634774,0.49019607843137253,3.189542483660131,-0.10197348689340302,25.978202189169952,-23.54456576373677,73.74564,0.0752205528,153,244,1,1.9918367346938775,0.1593936398098668,0.2391274676880344,0.002665813485189128,0.4736573009767022,-0.19609985614951242,0.45,0.5342465753424658,0,0,0.0
V13_allz,H02_re20_t2,H排名退出,2,,,,20,2,,,,,,,0.22933262528977627,0.23768289256665853,0.8285970677208663,-0.18486775529160193,0.255682448443568,0.3269124973601025,0.7754212439852132,0.4899328859060403,3.2751677852348995,-0.10197348689340302,15.317919281742643,-13.529751939207236,71.68796,0.0731217192,149,244,1,1.9918367346938775,0.09913971521268755,0.07000073124617434,0.14890821042527191,0.10950904698870056,0.19594563105316953,0.44871794871794873,0.5352112676056338,0,0,0.0
V13_allz,H02_re50_t2,H排名退出,2,,,,50,2,,,,,,,-0.04614057769094637,-0.04761678964245175,0.05860852502113384,-0.2908061143186128,0.021424588446598558,-0.21434891658018806,-0.14675112302046964,0.504,3.896,0.002166103479739334,19.71269451924482,-11.253603370406118,57.81226,0.0590744752,125,244,1,1.9877551020408164,0.034164034143172116,0.03850725977077607,-0.08150914369188589,0.03331663019920739,-0.2396802098613754,0.5151515151515151,0.4915254237288136,0,0,0.0
V13_allz,H02_re100_t2,H排名退出,2,,,,100,2,,,,,,,0.1471224913334801,0.15229642490411366,0.5807644805313843,-0.3123987405981955,0.19538826153519184,0.13541714043349984,0.5109570737072615,0.4954128440366973,4.467889908256881,-0.10197348689340302,25.978202189169952,-15.186229242056104,52.32572,0.05337223440000001,109,244,1,1.9877551020408164,0.10947093726901762,0.28539188549582417,-0.10756983587850155,0.6156538253352581,-0.29723984022512107,0.5344827586206896,0.45098039215686275,0,0,0.0
V13_allz,H03_re20_sl8_t1,H排名退出,1,,,,20,2,0.08,,,,,,-0.16647620379453787,-0.17143773467756074,-0.2022100336787747,-0.3109188503208723,-0.08705723030866552,-0.1882263849454634,-0.302604411768403,0.43243243243243246,3.2972972972972974,-0.2950751680770136,14.779653473303057,-9.942134476796571,66.22748,0.0675520296,74,244,1,0.9959183673469387,0.021660042804379026,-0.046131465242984726,-0.12616491074654168,-0.027976077424555434,-0.16486251397631602,0.39473684210526316,0.4722222222222222,0,0,0.0
V13_allz,H04_re20_sl8_t2,H排名退出,2,,,,20,2,0.08,,,,,,0.2522306019772924,0.2614994840008633,0.8560396741816372,-0.19241233083612674,0.28025437982723234,0.41107591525466347,0.873520494400925,0.48344370860927155,3.2317880794701987,-0.10197348689340302,17.411721127689272,-9.94213447679656,72.7286,0.07418317199999999,151,244,1,1.9918367346938775,0.08965652430603521,0.0520494417002173,0.19027733140902825,0.0741874912347058,0.3136216226393842,0.44871794871794873,0.5205479452054794,0,0,0.0
V13_allz,H03_re50_sl8_t1,H排名退出,1,,,,50,2,0.08,,,,,,0.24249099136975238,0.25136738195585173,0.7366886345064612,-0.2726640507518222,0.3040105304040126,0.15219221089095392,0.5283307449012866,0.5151515151515151,3.6818181818181817,0.027241859674953517,25.978202189169952,-8.809048577065647,64.35994,0.0656471388,66,244,2,0.9918367346938776,0.11588042824858386,0.26118532684773066,-0.01482282982525851,0.22289877855542106,-0.057818822705825834,0.5,0.53125,0,0,0.0
V13_allz,H04_re50_sl8_t2,H排名退出,2,,,,50,2,0.08,,,,,,-0.10169544215351622,-0.10484857317013752,-0.12582158669755683,-0.2674838606946305,-0.04405283247069158,-0.2848684943310569,-0.3804185006071023,0.4961832061068702,3.717557251908397,-0.10197348689340302,19.71269451924482,-9.362504901577628,60.0139,0.061408438,131,244,1,1.9877551020408164,0.03347154486436938,0.03850725977077607,-0.1350040653112421,0.03331663019920739,-0.3079260656715874,0.5151515151515151,0.47692307692307695,0,0,0.0
V14_allz,D01_h5_sl8_t1,D止损,1,5,,,,,0.08,,,,,,-0.36395465421063344,-0.373321110381568,-0.8023604852023815,-0.44897977818176527,-0.3528267302273931,-0.3902790639819942,-1.000726086056738,0.3333333333333333,4.784313725490196,-1.461323393371372,14.695240245493736,-11.661864992611449,43.72212,0.044596562400000005,51,244,1,0.9959183673469387,0.0372799516057762,0.08931278377570262,-0.41610402883114217,0.025999044032847918,-0.4057295281471186,0.4,0.2692307692307692,0,0,0.0
V14_allz,D02_h5_sl8_t2,D止损,2,5,,,,,0.08,,,,,,-0.13897091628720148,-0.14318461125003912,-0.2706742929147983,-0.29715797892671125,-0.09109041732540091,-0.3943938615972655,-0.6659227929114114,0.37,4.88,-1.1576367623762407,20.156748834446002,-11.661864992611449,46.04018,0.0472189236,100,244,1,1.9918367346938775,0.06916079787110833,0.06721024813320353,-0.19319638729206756,0.047175703299963345,-0.4216766713606046,0.44,0.3,0,0,0.0
V14_allz,D01_h5_sl10_t1,D止损,1,5,,,,,0.1,,,,,,-0.3567353785472266,-0.36597357250484974,-0.8207995786739151,-0.44276380827935613,-0.34839076553886317,-0.3860532132860397,-1.0393683545995602,0.32,4.88,-1.5027167960467325,14.695240245493736,-11.661864992611449,42.70144,0.04355546880000001,50,244,1,0.9959183673469387,0.03895543199260157,0.08931278377570262,-0.40947666176914543,0.025999044032847918,-0.4016107614479374,0.4,0.24,0,0,0.0
V14_allz,D02_h5_sl10_t2,D止损,2,5,,,,,0.1,,,,,,-0.21718218780868137,-0.22344152357170055,-0.5610285619359048,-0.33307570647146845,-0.1872035677206868,-0.49395108926811215,-1.0223090500893877,0.36363636363636365,4.929292929292929,-1.461323393371361,20.156748834446002,-11.661864992611449,44.9632,0.046329304,99,244,1,1.9918367346938775,0.05868839113817789,0.06721024813320353,-0.2664821073817025,0.047175703299963345,-0.5167488042959969,0.44,0.2857142857142857,0,0,0.0
V14_allz,E01_h5_tp10_t1,E止盈,1,5,,,,,,0.1,,,,,0.10250610894564649,0.10603926692222676,0.4497500746793851,-0.3114777154944748,0.17250482407474976,0.06570771848729584,0.35976123555471795,0.42,4.88,-0.9093289691350259,14.695240245493736,-10.115331705695862,45.67706,0.0465906012,50,244,1,0.9959183673469387,0.08372228208321324,0.025408381727348495,0.07518733861763938,0.006130232531193602,0.05921448737925172,0.32,0.52,0,0,0.0
V14_allz,E02_h5_tp10_t2,E止盈,2,5,,,,,,0.1,,,,,-0.02003478539595127,-0.020684823319339074,0.11898253381167696,-0.30637508152852155,0.04112995033068456,-0.18288598979584436,-0.06494703425083724,0.41,4.87,-1.138566008928843,15.502278013057857,-18.366319773095054,46.10286,0.04728000719999999,100,244,1,1.9877551020408164,0.06721652186480077,0.0609975886124674,-0.07637375888327003,-0.02170982684523204,-0.1647529203230722,0.38,0.44,0,0,0.0
V14_allz,E01_h5_tp20_t1,E止盈,1,5,,,,,,0.2,,,,,-0.09890655571244855,-0.10197821209992397,-0.016500850716071984,-0.40150250994668124,-0.007198878636617501,-0.14683547362101257,-0.045843507088185693,0.3469387755102041,4.979591836734694,-1.122878661759652,33.547023110568716,-18.04266409859119,42.70196,0.04355599920000001,49,244,1,0.9959183673469387,0.042388966113398575,0.08931278377570262,-0.17278723089594028,0.025999044032847918,-0.16845485252550318,0.4,0.2916666666666667,0,0,0.0
V14_allz,E02_h5_tp20_t2,E止盈,2,5,,,,,,0.2,,,,,0.05695045493415951,0.05887161503591898,0.33704448561452993,-0.2852079361706741,0.11410652847548752,-0.12697414637443172,0.13117264279422702,0.3979591836734694,4.969387755102041,-0.9298935498765426,33.542273316570295,-18.046888687209528,45.22396,0.0463787792,98,244,1,1.9877551020408164,0.06887602962552529,0.06721024813320353,-0.009613656931229175,0.047175703299963345,-0.16630432612750412,0.44,0.3541666666666667,0,0,0.0
V15_allz,D01_h5_sl10_t1,D止损,1,5,,,,,0.1,,,,,,0.17136879782932168,0.1774592945629494,0.5760143585611734,-0.3729678288765468,0.2710485000165105,-0.08033484079624631,0.2284352892512214,0.5098039215686274,4.784313725490196,0.3080921683906057,48.624853336451835,-14.549084290107695,49.34356,0.050330431200000005,51,244,1,0.9959183673469387,0.26571496085001456,0.6292928660788761,-0.28105694058037256,0.5637027569336541,-0.41186702196063596,0.6153846153846154,0.4,1,0,0.0
V15_allz,D02_h5_sl10_t2,D止损,2,5,,,,,0.1,,,,,,-0.07087702445658806,-0.07311379359463666,0.06442016175758766,-0.33705360068525947,0.028695594656191536,-0.40130964740770325,-0.09505862810631685,0.45544554455445546,4.8316831683168315,-1.5011706177030626,48.62485333645186,-18.74012059337623,46.32758,0.04739950160000001,101,244,1,1.9918367346938775,0.07193807810898845,0.16991389515439148,-0.20581935184144706,0.01685483602309157,-0.4112332150243113,0.5098039215686274,0.4,1,0,0.0
V15_allz,E01_h5_tp10_t1,E止盈,1,5,,,,,,0.1,,,,,-0.15730243618749584,-0.16201789153830437,-0.07132220182582354,-0.5249927894992914,-0.03657148761359741,-0.2442016200452899,-0.1777738473800774,0.49056603773584906,4.584905660377358,-1.1175566518491498,16.486306152992825,-21.246475916261765,49.02964,0.05001023279999999,53,244,2,0.9918367346938776,0.0933310891977451,0.20416523404603582,-0.3001811213391272,0.20738336315337302,-0.3740195508568541,0.48148148148148145,0.5,0,0,0.0
V15_allz,E02_h5_tp10_t2,E止盈,2,5,,,,,,0.1,,,,,-0.024183541587179613,-0.024966464505151387,0.1457980463613596,-0.39454822403548817,0.05887527819364913,-0.2667617274163041,0.0017344062698948486,0.4807692307692308,4.6826923076923075,-0.8060205719503499,24.48645071614528,-16.983025940701737,48.1922,0.049344164,104,244,1,1.9877551020408164,0.11174163274525732,0.2753804857797073,-0.2348820847637071,0.522125974752341,-0.5182801655408329,0.5192307692307693,0.4423076923076923,0,0,0.0
V15_allz,E01_h5_tp20_t1,E止盈,1,5,,,,,,0.2,,,,,0.07740969430714406,0.08004673179170219,0.4004347024871395,-0.5045669991882342,0.19297881702125141,-0.05856767175668087,0.1826579169912868,0.46938775510204084,4.979591836734694,-1.164020300897417,23.369417331899744,-21.246475916261787,47.24598,0.0481908996,49,244,1,0.9959183673469387,0.25945959676392605,0.7440824175824658,-0.38224840555380424,1.1144601261790954,-0.5547646812595509,0.6,0.3333333333333333,1,0,0.0
V15_allz,E02_h5_tp20_t2,E止盈,2,5,,,,,,0.2,,,,,0.30313566426948557,0.314497554758864,0.8808065662397296,-0.2507251190430535,0.3424774990535866,0.19147353593210936,0.6177581036749841,0.4489795918367347,4.969387755102041,-1.4226301292662336,39.83592966539753,-16.983025940701737,45.95426,0.046987685200000004,98,244,1,1.9877551020408164,0.17563698429864527,0.29081251350077353,0.009546816938805991,0.5829533138381036,-0.24730974342938328,0.52,0.375,1,0,0.0
V15_allz,E01_h5_tp30_t1,E止盈,1,5,,,,,,0.3,,,,,0.8244903222330076,0.8608166466194214,1.6105333632772059,-0.1841163795420927,0.6972101817091143,0.760300885833584,1.114541779761079,0.5306122448979592,4.979591836734694,0.3905093050190933,48.624853336451835,-19.186424585011075,47.37802,0.048325580400000005,49,244,1,0.9959183673469387,0.3337748685085462,0.6930194964433485,0.07765464370956643,0.8638815892150615,-0.05557257713195163,0.64,0.4166666666666667,0,0,0.0
V15_allz,E02_h5_tp30_t2,E止盈,2,5,,,,,,0.3,,,,,0.0473440913189529,0.04893374051935084,0.3246562434432237,-0.32502189286435157,0.13418772303403848,-0.3204679553233263,0.009188226537998997,0.45918367346938777,4.979591836734694,-0.7693224408637012,48.624853336451835,-19.186424585011075,45.84402,0.04687402040000001,98,244,1,1.9918367346938775,0.13577158949844947,0.2173934782203184,-0.13968317552510368,0.26858720814494585,-0.4643395106668683,0.52,0.3958333333333333,0,0,0.0
V14_allz,I03_h5_sl8_t1_q0.3,I择时,1,5,,,,,0.08,,,,,0.3,-0.46246361977480266,-0.4732933811283385,-1.410617868029338,-0.47828989538271127,-0.5430099076727575,-0.4732399793159767,-1.8406413648528084,0.3617021276595745,4.829787234042553,-1.544110198722115,10.957098057159985,-11.66186499261146,35.89944,0.0366174288,47,244,18,0.926530612244898,0.0985024314487987,-0.09441132066519398,-0.40642325540107094,-0.1469437169919393,-0.3825026189051046,0.4583333333333333,0.2608695652173913,0,0,0.0
V14_allz,I04_h5_sl8_t2_q0.3,I择时,2,5,,,,,0.08,,,,,0.3,-0.15300500854213983,-0.15760403166405723,-0.3483175864531149,-0.37403437823148955,-0.11223244052499826,-0.37199530292661576,-0.4106157591515178,0.43617021276595747,4.829787234042553,-0.9022769578728385,31.87135078620953,-13.774889117064859,44.57568,0.04556874360000001,94,244,16,1.853061224489796,0.18673067628160492,0.26760013508586167,-0.3318121637779021,0.6004880567927158,-0.607616755146634,0.5625,0.30434782608695654,0,0,0.0
V14_allz,J01_h10_rat20_10_t1,J利润锁定,1,10,,,,,,,,0.2,0.1,,-0.28165804377620374,-0.289407234500345,-0.4683914234959323,-0.5658782509376956,-0.21870310196690956,-0.300603450564095,-0.2573219091300523,0.36,9.76,-3.13509326361584,32.00646663984153,-34.093135784695974,21.26198,0.021687219599999998,25,244,1,0.9959183673469387,0.039845440698265726,0.1455746834455438,-0.3729418373115233,-0.05936473529315245,-0.2564636095651013,0.38461538461538464,0.3333333333333333,0,0,0.0
V14_allz,J02_h10_rat20_10_t2,J利润锁定,2,10,,,,,,,,0.2,0.1,,-0.07725211532444398,-0.07968131280752233,-0.041985503264695107,-0.40462032743664533,-0.014987304816039382,-0.2216156396149075,0.12920182336006247,0.42,9.76,-1.8056867743313942,51.06130787615246,-34.09698772200203,22.7935,0.023502999999999996,50,244,1,1.9918367346938775,0.04376432399477827,0.04729862758634629,-0.11892571958948883,-0.061640934828716465,-0.17048346493779554,0.38461538461538464,0.4583333333333333,0,0,0.0
V14_allz,J03_h10_rat30_15_sl8_t1,J利润锁定,1,10,,,,,0.08,,,0.3,0.15,,-0.10290310199009911,-0.10609142302781516,-0.04915335275505712,-0.4185745186461306,-0.020452143231237563,-0.1968926407848952,-0.18591489324238247,0.35714285714285715,8.714285714285714,-2.9119565343480924,27.728628394455267,-13.774889117064859,25.924,0.02644248,28,244,1,0.9959183673469387,0.11048386720504165,0.24441550961524872,-0.27910180234954807,0.2825807010996364,-0.3738348327504454,0.46153846153846156,0.26666666666666666,0,0,0.0
V14_allz,J04_h10_rat30_15_sl8_t2,J利润锁定,2,10,,,,,0.08,,,0.3,0.15,,-0.153060887885494,-0.15766142969264074,-0.27708697560537554,-0.4246561395482542,-0.09978425903325816,-0.43253949043648066,-0.49571711599082496,0.375,8.714285714285714,-3.0667536834367795,27.728628394455267,-13.774889117064859,25.41876,0.026064765200000003,56,244,1,1.9918367346938775,0.08994390234318071,0.258568253092079,-0.32706143664936194,0.47096611512537523,-0.6142259813271409,0.46153846153846156,0.3,0,0,0.0
V15_allz,A01_daily_top1,A基线,1,1,,,,,,,,,,,0.9859869603884903,1.0311692376662003,2.130329626522401,-0.2203919722351223,0.7498971474010054,1.2165526584818491,1.669731001693183,0.5102880658436214,1.0,0.020694006061483528,14.67081788975415,-8.949673084997912,235.96734,0.24068668680000002,243,244,2,0.9918367346938776,0.35033263478541654,1.0356263062688744,-0.024385293964574006,1.5345498881393618,-0.12546497156974756,0.5691056910569106,0.45,1,0,0.0
V15_allz,A02_daily_top2,A基线,2,1,,,,,,,,,,,0.28736356481161507,0.2980695864350471,0.8728718038688941,-0.26115798645840105,0.32289690325526843,0.3179698784482392,0.7489562370183237,0.4835390946502058,1.0,-0.10197348689340302,14.67081788975415,-11.669877844616938,225.66748,0.2307667196,486,244,2,1.9836734693877551,0.13060444055532644,0.35795451948830315,-0.05198329816177405,0.7035215075531596,-0.22632624677495639,0.516260162601626,0.45,3,0,0.0
V14_allz,G01_h10_tr5_t1,G移动止损,1,10,,,,,,,0.05,,,,-0.3877304441838164,-0.39749982283735963,-0.9828161843040296,-0.4691128438221832,-0.4031075633216791,-0.4022901992071961,-1.6480849483419995,0.32432432432432434,6.5675675675675675,-1.990915532010662,11.114622393299701,-10.334747921645715,26.4436,0.026972472,37,244,2,0.9918367346938776,0.03131753485290526,-0.2123136897694864,-0.22269874712307147,-0.2524541222376535,-0.20043729947124034,0.3684210526315789,0.2777777777777778,0,0,0.0
V14_allz,G02_h10_tr5_t2,G移动止损,2,10,,,,,,,0.05,,,,-0.13221301523276952,-0.13623840435878842,-0.2445780154264348,-0.22655939108960943,-0.08275251284193319,-0.3026148415209542,-0.40316706970230026,0.3787878787878788,7.363636363636363,-1.7976220349737837,27.728628394455267,-10.334747921645715,29.03692,0.029783818400000005,66,244,2,1.9836734693877551,0.03216248690291043,-0.05852916827352317,-0.07826460945595692,-0.17223647256170738,-0.15750678139049312,0.3939393939393939,0.36363636363636365,0,0,0.0
V14_allz,G01_h10_tr8_t1,G移动止损,1,10,,,,,,,0.08,,,,-0.12156873982026051,-0.1252939389555966,-0.05928001251752843,-0.3196405428764588,-0.026595641065217168,-0.17304417717762643,-0.14118317653532242,0.4,8.1,-3.8864810863810053,27.728628394455267,-10.722163057277223,27.23638,0.027781107599999997,30,244,2,0.9918367346938776,0.07232286332800761,0.13646234762684317,-0.22704763425372,0.050186501797574,-0.21256289106087622,0.42857142857142855,0.375,0,0,0.0
V14_allz,G02_h10_tr8_t2,G移动止损,2,10,,,,,,,0.08,,,,-0.20415303559507603,-0.21008915878510892,-0.5354234956980598,-0.3681787693925749,-0.17393102379653103,-0.4802765366513262,-0.772546475027673,0.423728813559322,8.254237288135593,-2.193704314989686,27.728628394455267,-13.774889117064859,27.18012,0.027906982400000006,59,244,1,1.9877551020408164,0.07479968538660965,0.1538736719142162,-0.3102824132518289,0.12662250919555573,-0.5386889050177306,0.4642857142857143,0.3870967741935484,0,0,0.0
V14_allz,G01_h10_tr12_t1,G移动止损,1,10,,,,,,,0.12,,,,0.07574745008592942,0.07832582945376054,0.38582383587820457,-0.2989514197709161,0.15897612202668476,0.04556849005826824,0.32725047826208936,0.48,9.76,-0.10197348689340302,20.526224825381,-12.02195121576083,22.82536,0.0232818672,25,244,1,0.9959183673469387,0.05898877200472855,0.1455746834455438,-0.06095389010308305,0.00971809692349157,0.035505348714665486,0.38461538461538464,0.5833333333333334,1,0,0.0
V14_allz,G02_h10_tr12_t2,G移动止损,2,10,,,,,,,0.12,,,,0.05165625521462602,0.05339434704195889,0.32133805503665186,-0.3221362661296526,0.10491859259353065,0.05555169516431424,0.4280552177318577,0.4230769230769231,9.384615384615385,-2.4995824003722467,61.87884219338042,-14.659869830309802,23.58134,0.024286456800000005,52,244,1,1.9918367346938775,0.050461397753656025,0.04729862758634629,0.004160826256711658,0.00727472705474197,0.04792830278858862,0.38461538461538464,0.46153846153846156,1,0,0.0
V14_allz,G03_h20_tr8_t1,G移动止损,1,20,,,,,,,0.08,,,,0.21958437892002158,0.2275479664529636,0.6805724389160269,-0.30508347212417164,0.2932144312211492,0.1391692703852334,0.4887551932903878,0.35,12.2,-4.371126545833526,35.31621222354484,-10.43123808556663,18.6149,0.018987197999999997,20,244,1,0.9959183673469387,0.08520358689082691,0.06743666982015517,0.14253558398504484,0.0059140009992428855,0.13247183084599645,0.3333333333333333,0.36363636363636365,0,0,0.0
V14_allz,G03_h20_tr12_t1,G移动止损,1,20,,,,,,,0.12,,,,-0.13237353577428324,-0.13640341835123038,-0.11843028258723504,-0.459943029410681,-0.0502222101078198,-0.16042060348042275,-0.018728180705199642,0.29411764705882354,14.352941176470589,-6.565810130745309,30.696212257637345,-13.765619661952533,14.60656,0.014898691200000001,17,244,1,0.9959183673469387,0.06472377855115403,-0.004375539588979183,-0.1285605178206074,-0.11176828519758497,-0.0547743538899198,0.2857142857142857,0.3,0,0,0.0
V14_allz,E01_h5_tp30_t1,E止盈,1,5,,,,,,0.3,,,,,-0.09890655571244855,-0.10197821209992397,-0.016500850716071984,-0.40150250994668124,-0.007198878636617501,-0.14683547362101257,-0.045843507088185693,0.3469387755102041,4.979591836734694,-1.122878661759652,33.547023110568716,-18.04266409859119,42.70196,0.04355599920000001,49,244,1,0.9959183673469387,0.042388966113398575,0.08931278377570262,-0.17278723089594028,0.025999044032847918,-0.16845485252550318,0.4,0.2916666666666667,0,0,0.0
V14_allz,E02_h5_tp30_t2,E止盈,2,5,,,,,,0.3,,,,,-0.02749839666573861,-0.02838706585431161,0.10738769265399956,-0.3449048188978402,0.03866764300636949,-0.25841820172814556,-0.07071639058009047,0.3877551020408163,4.979591836734694,-1.138566008928843,33.547023110568695,-18.046888687209528,45.02946,0.04626261920000001,98,244,1,1.9918367346938775,0.06176677040022266,0.06721024813320353,-0.08874412981379276,0.047175703299963345,-0.2918267718254841,0.44,0.3333333333333333,0,0,0.0
V14_allz,F01_h5_sl8_tp15_t1,F组合,1,5,,,,,0.08,0.15,,,,,-0.36395465421063344,-0.373321110381568,-0.8023604852023815,-0.44897977818176527,-0.3528267302273931,-0.3902790639819942,-1.000726086056738,0.3333333333333333,4.784313725490196,-1.461323393371372,14.695240245493736,-11.661864992611449,43.72212,0.044596562400000005,51,244,1,0.9959183673469387,0.0372799516057762,0.08931278377570262,-0.41610402883114217,0.025999044032847918,-0.4057295281471186,0.4,0.2692307692307692,0,0,0.0
V14_allz,F02_h5_sl8_tp15_t2,F组合,2,5,,,,,0.08,0.15,,,,,-0.17778151774108686,-0.1830416216101406,-0.4049860244945289,-0.3206183301262271,-0.13674645948086495,-0.44620202244140394,-0.8141189487537808,0.36633663366336633,4.8316831683168315,-1.1610201686544475,20.52846851006691,-11.661864992611449,46.27642,0.04758832839999999,101,244,1,1.9918367346938775,0.06750950810788561,0.06721024813320353,-0.22956279355716291,0.047175703299963345,-0.4711508528956382,0.44,0.29411764705882354,0,0,0.0
V14_allz,F01_h5_sl8_tp25_t1,F组合,1,5,,,,,0.08,0.25,,,,,-0.36395465421063344,-0.373321110381568,-0.8023604852023815,-0.44897977818176527,-0.3528267302273931,-0.3902790639819942,-1.000726086056738,0.3333333333333333,4.784313725490196,-1.461323393371372,14.695240245493736,-11.661864992611449,43.72212,0.044596562400000005,51,244,1,0.9959183673469387,0.0372799516057762,0.08931278377570262,-0.41610402883114217,0.025999044032847918,-0.4057295281471186,0.4,0.2692307692307692,0,0,0.0
V14_allz,F02_h5_sl8_tp25_t2,F组合,2,5,,,,,0.08,0.25,,,,,-0.13897091628720148,-0.14318461125003912,-0.2706742929147983,-0.29715797892671125,-0.09109041732540091,-0.3943938615972655,-0.6659227929114114,0.37,4.88,-1.1576367623762407,20.156748834446002,-11.661864992611449,46.04018,0.0472189236,100,244,1,1.9918367346938775,0.06916079787110833,0.06721024813320353,-0.19319638729206756,0.047175703299963345,-0.4216766713606046,0.44,0.3,0,0,0.0
V14_allz,F01_h5_sl8_tp40_t1,F组合,1,5,,,,,0.08,0.4,,,,,-0.36395465421063344,-0.373321110381568,-0.8023604852023815,-0.44897977818176527,-0.3528267302273931,-0.3902790639819942,-1.000726086056738,0.3333333333333333,4.784313725490196,-1.461323393371372,14.695240245493736,-11.661864992611449,43.72212,0.044596562400000005,51,244,1,0.9959183673469387,0.0372799516057762,0.08931278377570262,-0.41610402883114217,0.025999044032847918,-0.4057295281471186,0.4,0.2692307692307692,0,0,0.0
V14_allz,F02_h5_sl8_tp40_t2,F组合,2,5,,,,,0.08,0.4,,,,,-0.13897091628720148,-0.14318461125003912,-0.2706742929147983,-0.29715797892671125,-0.09109041732540091,-0.3943938615972655,-0.6659227929114114,0.37,4.88,-1.1576367623762407,20.156748834446002,-11.661864992611449,46.04018,0.0472189236,100,244,1,1.9918367346938775,0.06916079787110833,0.06721024813320353,-0.19319638729206756,0.047175703299963345,-0.4216766713606046,0.44,0.3,0,0,0.0
V12_allz,H03_re50_sl8_t1,H排名退出,1,,,,50,2,0.08,,,,,,0.26146774070861367,0.27111125323463825,0.8370392851188124,-0.42575846777925574,0.2966429031478036,0.197960336508485,0.6275901657834009,0.5238095238095238,3.873015873015873,0.20850479496450358,18.172844952785372,-12.33711763121943,59.39784,0.06058579679999999,63,244,1,0.9959183673469387,0.11290353458263536,0.2928299373156702,-0.02425856309622154,0.24104084347964938,-0.034713206416619236,0.48484848484848486,0.5666666666666667,2,0,0.0
V12_allz,H04_re50_sl8_t2,H排名退出,2,,,,50,2,0.08,,,,,,0.17515792418056608,0.1813932103467526,0.7057610855381287,-0.2858858372524209,0.20445929990791234,0.26458350136864905,0.6969556668260147,0.5038167938931297,3.7251908396946565,0.058885735565561426,18.152683659226266,-11.174224235377562,61.3232,0.062779604,131,244,1,1.9918367346938775,0.05899959449621129,0.05802754920441444,0.1107063564311046,0.04420198056773783,0.21105257881342965,0.5,0.5079365079365079,3,0,0.0
V12_allz,I01_daily_t1_q0.3,I择时,1,1,,,,,,,,,,0.3,-0.23656295808995287,-0.24328955727554802,-0.7377702850113323,-0.48943353595557104,-0.22320351520787918,-0.2477474935647972,-0.7163746467416068,0.4853801169590643,1.0,-0.05434413636541402,11.769409843177847,-7.450388921405615,130.96084,0.13358005679999999,171,244,74,0.6979591836734694,0.31833305219465846,-0.16839417694082215,-0.08197246731433716,-0.179973591275575,-0.08264843859680837,0.4574468085106383,0.5194805194805194,3,0,0.0
V12_allz,I02_daily_t1_q0.5,I择时,1,1,,,,,,,,,,0.5,-0.2902735785604741,-0.2982075202259019,-1.1719376674606812,-0.46126024168690916,-0.30739141736845854,-0.29612081700924087,-1.0696034803142713,0.4806201550387597,1.0,-0.10197348689340302,11.769409843177868,-7.450388921405615,100.0414,0.102042228,129,244,116,0.5265306122448979,0.4863824307366952,-0.15186767727184725,-0.1631890420629436,-0.15778317108664042,-0.16425419342556447,0.4444444444444444,0.5263157894736842,2,0,0.0
V12_allz,I03_h5_sl8_t1_q0.3,I择时,1,5,,,,,0.08,,,,,0.3,0.20618187018656542,0.21361816566122238,0.6694621997428176,-0.4303831017365255,0.26919659311740085,0.1457924813914977,0.5203449865599271,0.5111111111111111,4.933333333333334,0.01427535817430936,23.597366302884225,-11.188199978896563,43.0906,0.043952411999999996,45,244,23,0.9061224489795918,0.19676944060053525,0.1575391610608059,0.04202251704485094,0.11771614491871074,0.025119379907345918,0.4782608695652174,0.5454545454545454,1,0,0.0
V12_allz,I04_h5_sl8_t2_q0.3,I择时,2,5,,,,,0.08,,,,,0.3,0.23867832159449676,0.24740177544603936,0.9060770106713605,-0.3077873500764996,0.25468107048016464,0.3212697495789332,0.7624297063784115,0.5274725274725275,4.846153846153846,0.05621323266076228,23.597366302884225,-12.415958880331468,43.40514,0.044379042800000004,91,244,22,1.8,0.21945637940256213,0.29610157560866757,-0.04430459394141517,0.7061615793907483,-0.2255893195937847,0.5217391304347826,0.5333333333333333,1,0,0.0
V12_allz,J01_h10_rat20_10_t1,J利润锁定,1,10,,,,,,,,0.2,0.1,,0.2471669237918508,0.2562314235779035,0.810760338238495,-0.32478856282998003,0.2837826998480012,0.18986877802819824,0.6400806708340014,0.56,9.76,1.1834065999982935,19.92013073414749,-11.992316821603556,24.59658,0.025088511600000002,25,244,1,0.9959183673469387,0.22669173723734654,0.4156576518633859,-0.11901940264283328,0.454748817398976,-0.1820795701655018,0.7692307692307693,0.3333333333333333,0,0,0.0
V12_allz,J02_h10_rat20_10_t2,J利润锁定,2,10,,,,,,,,0.2,0.1,,0.10681853223471327,0.11050764024647197,0.5058639427991413,-0.29278762171574035,0.14227320905110485,0.0659455279504837,0.3884103323682456,0.52,9.76,0.34817738592252123,19.92013073414749,-14.154883681277063,24.18742,0.024671168400000006,50,244,1,1.9918367346938775,0.11589938004724158,0.2851152668079997,-0.13873987740893057,0.46630214361392364,-0.27303828028014776,0.6153846153846154,0.4166666666666667,0,0,0.0
V14_allz,B02_hold2_t2,B持有期,2,2,,,,,,,,,,,0.03645234386455165,0.037669740293962306,0.277312115390018,-0.22478485831862371,0.09125213309496849,-0.12613135277373444,0.06813530207368795,0.45491803278688525,2.0,-0.34986349722849197,15.688689552386403,-17.667756417648505,114.0662,0.116509074,244,244,1,1.9918367346938775,0.05784349594268619,-0.02655137078755354,0.06472217717649675,-0.09365079785517783,-0.035836689480934214,0.4596774193548387,0.45,0,0,0.0
V14_allz,B02_hold3_t2,B持有期,2,3,,,,,,,,,,,-0.33892153871176844,-0.3478317324970267,-1.0178934725163515,-0.39298045073805754,-0.3518008241434337,-0.6388891914990897,-1.4140101936020402,0.41358024691358025,3.0,-0.5776444088510968,20.481127997793358,-17.736372757221762,66.57484,0.0709385768,162,244,2,1.9836734693877551,0.031797160858370324,-0.08061054988085992,-0.28095927008672417,-0.2326786996466551,-0.5293877436549439,0.4268292682926829,0.4,0,0,0.0
V14_allz,B02_hold5_t2,B持有期,2,5,,,,,,,,,,,0.034178008627171685,0.03531816236842156,0.2791509618688722,-0.3449048188978402,0.10208398221536519,-0.13201151601362204,0.17407307895512053,0.3979591836734694,4.979591836734694,-1.034419195715891,41.42295363430615,-18.046888687209528,45.24046,0.046449199200000006,98,244,1,1.9918367346938775,0.06093350494174459,0.06721024813320353,-0.030951951186576787,0.047175703299963345,-0.17111476015812166,0.44,0.3541666666666667,0,0,0.0
V14_allz,B02_hold7_t2,B持有期,2,7,,,,,,,,,,,0.11901281806240194,0.12314598996803205,0.563252458250719,-0.31011516372443837,0.14788118239479608,0.026313683573822688,0.3475745914230897,0.45714285714285713,6.9714285714285715,-0.5017200024343416,20.051937689834574,-23.01028990564039,33.72394,0.034398418800000004,70,244,1,1.9918367346938775,0.18951096544122512,0.38534625069706885,-0.19225044460953788,0.9809136200877129,-0.4818988202381188,0.5555555555555556,0.35294117647058826,0,0,0.0
V14_allz,B02_hold10_t2,B持有期,2,10,,,,,,,,,,,-0.07725211532444398,-0.07968131280752233,-0.041985503264695107,-0.40462032743664533,-0.014987304816039382,-0.2216156396149075,0.12920182336006247,0.42,9.76,-1.8056867743313942,51.06130787615246,-34.09698772200203,22.7935,0.023502999999999996,50,244,1,1.9918367346938775,0.04376432399477827,0.04729862758634629,-0.11892571958948883,-0.061640934828716465,-0.17048346493779554,0.38461538461538464,0.4583333333333333,0,0,0.0
V14_allz,B02_hold20_t2,B持有期,2,20,,,,,,,,,,,-0.09926539231132525,-0.10234754811083291,-0.06805079568497442,-0.42478317719292913,-0.026585128680849168,-0.28149637886972867,0.2246612098812219,0.46153846153846156,18.76923076923077,-1.1325638548319972,69.55618377172482,-48.36617039010209,11.4399,0.011912318000000003,26,244,1,1.9918367346938775,0.051271406130517214,0.0014203764306817135,-0.1005429598915063,-0.1772673404789552,-0.12668639950606864,0.42857142857142855,0.5,0,0,0.0
V14_allz,C01_nr_hold2_t1,C续持,1,2,,True,,,,,,,,,-0.29382164674548394,-0.301830657236111,-0.637461674737884,-0.46799122068783516,-0.26171231303286957,-0.3070045899909173,-0.7895370077582435,0.4583333333333333,2.033333333333333,-0.32720644771593865,10.960723982256425,-10.722163057277234,95.0394,0.096940188,120,244,1,0.9959183673469387,0.028657061690766275,-0.1823582256149744,-0.13632305078143114,-0.18813006825644574,-0.14642064829175172,0.45,0.4666666666666667,1,0,0.0
V14_allz,C02_nr_hold2_t2,C续持,2,2,,True,,,,,,,,,0.07559869297795685,0.07817182717779958,0.3904228369903043,-0.20234920573047444,0.12725145389106463,-0.002989931724988515,0.308651174333378,0.45147679324894513,2.050632911392405,-0.42621350881201225,15.502278013057857,-17.667756417648505,110.09634,0.11268306680000001,237,244,2,1.9836734693877551,0.0693757681160803,0.01329568288451588,0.0614855181422298,-0.0032445165113205165,0.000255413479582689,0.475,0.42735042735042733,1,0,0.0
V15_allz,G01_h10_tr8_t1,G移动止损,1,10,,,,,,,0.08,,,,0.2723952580400726,0.28248493652869366,0.797359729543121,-0.32742517024406415,0.3277238685046623,0.11254473293370126,0.46937278176037384,0.4666666666666667,8.133333333333333,-1.357430815277133,32.663400289817446,-15.759441006876685,28.14404,0.028706920800000008,30,244,1,0.9959183673469387,0.11376943552292895,0.20512886121255902,0.055816766980280486,0.08129579262567344,0.028899530101885507,0.4666666666666667,0.4666666666666667,0,0,0.0
V15_allz,G02_h10_tr8_t2,G移动止损,2,10,,,,,,,0.08,,,,0.06785025662647426,0.07015114907209985,0.36847011301559757,-0.33163803412616777,0.13861777699809386,-0.13780370109106854,0.21476053042980492,0.42857142857142855,7.73015873015873,-1.186028981862297,32.663400289817424,-18.74012059337623,29.1821,0.029820921999999996,63,244,1,1.9877551020408164,0.12828693984797573,0.2643407560458675,-0.15540944834674364,0.4977051042526426,-0.42432171963574317,0.4666666666666667,0.3939393939393939,1,0,0.0
V15_allz,G01_h10_tr12_t1,G移动止损,1,10,,,,,,,0.12,,,,-0.25620152652671613,-0.2633847566410915,-0.32181208298208874,-0.5166211377455809,-0.1635960252680655,-0.29967341132118674,-0.6520446591375384,0.4642857142857143,8.714285714285714,-0.09864352778214958,16.352844719469385,-16.297762581728737,24.2057,0.024689813999999997,28,244,1,0.9959183673469387,0.03833318483367098,0.13959917299422897,-0.3473157131915101,0.022650595520854466,-0.3151848815751931,0.5384615384615384,0.4,0,0,0.0
V15_allz,G02_h10_tr12_t2,G移动止损,2,10,,,,,,,0.12,,,,-0.2853640579233937,-0.2931931467386233,-0.5700350009959965,-0.5226988060037929,-0.24223085891999063,-0.5570136851532228,-0.9312370137517821,0.43859649122807015,8.56140350877193,-0.373457551410028,17.092776887010295,-16.297762581728737,24.67686,0.0259373072,57,244,1,1.9918367346938775,0.07055149926517433,0.12632670551266778,-0.36551629418097886,0.14303146626920626,-0.6124460892641382,0.5,0.3870967741935484,0,0,0.0
V15_allz,G03_h20_tr8_t1,G移动止损,1,20,,,,,,,0.08,,,,-0.4351944428630412,-0.44567495515089084,-0.8471418685250891,-0.5341563265900665,-0.4338229829547653,-0.4624656291199182,-1.4190841760101935,0.34782608695652173,10.608695652173912,-3.251154699778047,14.252617064163054,-15.759441006876662,18.30168,0.0186677136,23,244,1,0.9959183673469387,0.028354259885857113,-0.1432993396117398,-0.340720063317114,-0.14618629992088528,-0.37043131208801916,0.4166666666666667,0.2727272727272727,0,0,0.0
V15_allz,G03_h20_tr12_t1,G移动止损,1,20,,,,,,,0.12,,,,0.24869368804575243,0.2578197379958034,0.7161757100233506,-0.43166062918996473,0.3307800038966604,0.11974616255554427,0.47049981319677225,0.5,13.555555555555555,1.1700545839401666,38.792675809051566,-14.549084290107695,17.35736,0.017704507200000004,18,244,1,0.9959183673469387,0.16089478050347428,0.24517182884719046,0.002828412205424069,0.5935555864493802,-0.29732845714502887,0.5,0.5,0,0,0.0
V15_allz,G03_h20_tr20_t1,G移动止损,1,20,,,,,,,0.2,,,,-0.33805648792556475,-0.3469503421539464,-0.5115939889186976,-0.4840397790006853,-0.26993430976542454,-0.38231284349084627,-0.7637218605953708,0.38461538461538464,18.76923076923077,-8.907272185112646,25.577409149142618,-20.40517794422293,10.60128,0.010813305600000002,13,244,1,0.9959183673469387,0.04671205827364948,-0.20927691932787518,-0.16286304490849757,-0.2156970142711674,-0.21243809121145585,0.42857142857142855,0.3333333333333333,0,0,0.0
V15_allz,H01_re3_t1,H排名退出,1,,,,3,2,,,,,,,0.7827454241557354,0.8168612712303429,1.5638412729573656,-0.20935401857313263,0.6727937101527512,0.8410012811970986,1.3497716715458734,0.4533333333333333,3.24,-0.7973104736199832,25.57595837169211,-12.7718450463013,72.2726,0.07371805199999999,75,244,2,0.9918367346938776,0.2271055778438673,0.3905267761542841,0.28206479352105185,0.38109499560002513,0.3330011961974162,0.475,0.42857142857142855,1,0,0.0
V15_allz,C01_nr_hold5_t1,C续持,1,5,,True,,,,,,,,,-0.1625381125543951,-0.16739442299181317,-0.11437016568822854,-0.5081275665110149,-0.05572073377117848,-0.2808770965228199,-0.26924843650978636,0.5208333333333334,5.083333333333333,0.20434844197043667,18.259613061261405,-24.338096337376534,45.60686,0.0465189972,48,244,1,0.9959183673469387,0.21731021982098672,0.5712709995996439,-0.46701626412058284,0.4215012363024635,-0.4941102511118979,0.6,0.43478260869565216,0,0,0.0
V15_allz,C02_nr_hold5_t2,C续持,2,5,,True,,,,,,,,,-0.14859082201457763,-0.15306948502220252,-0.16670878091485977,-0.4093629233750985,-0.07000716246702166,-0.5054517932776215,-0.3886943943119259,0.46875,5.072916666666667,-1.3355639942807473,33.21930291202062,-24.338096337376523,43.6665,0.04476672999999999,96,244,1,1.9877551020408164,0.09953655247059166,0.18888650333303825,-0.2838600021124802,0.05149359514912644,-0.5296707378876233,0.5,0.43478260869565216,0,0,0.0
V15_allz,D01_h5_sl3_t1,D止损,1,5,,,,,0.03,,,,,,-0.491477273613552,-0.5026281536750717,-1.00862513071733,-0.5614738830629714,-0.5324636272712117,-0.5091501905443835,-1.2346602262080553,0.36666666666666664,4.066666666666666,-2.4793489341962904,18.00528350005508,-12.091696254439244,49.34524,0.0503412548,60,244,1,0.9959183673469387,0.04216747448307485,0.0012066263852998915,-0.49209013106276545,0.05913185215846317,-0.5365545767929776,0.4482758620689655,0.2903225806451613,1,0,0.0
V15_allz,D02_h5_sl3_t2,D止损,2,5,,,,,0.03,,,,,,-0.3284951719312418,-0.3372059217560818,-0.6931409494321946,-0.4907225285868606,-0.3006092553700095,-0.5655859576387511,-0.5874100795164557,0.3902439024390244,3.951219512195122,-2.829996143217839,48.61396095419246,-14.017205038759773,52.91034,0.055290676799999994,123,244,2,1.9836734693877551,0.059066577175316305,0.1171954797526229,-0.3989370345309241,0.0861696771524032,-0.6000495580946923,0.45,0.3333333333333333,1,0,0.0
V15_allz,D01_h5_sl5_t1,D止损,1,5,,,,,0.05,,,,,,-0.3415751241105248,-0.3505352041680787,-0.6426060069201726,-0.5547540321816264,-0.30301478606869925,-0.41579422891106965,-0.9636553259000331,0.43636363636363634,4.4363636363636365,-1.3440896408294045,18.00528350005508,-12.091696254439244,49.72558,0.05072009160000002,55,244,1,0.9959183673469387,0.1369617349330736,0.37235469086252504,-0.5202225195327201,0.3811208973118798,-0.5770060591900472,0.5769230769230769,0.3103448275862069,1,0,0.0
V15_allz,D02_h5_sl5_t2,D止损,2,5,,,,,0.05,,,,,,-0.18216473889170637,-0.18753920031933768,-0.29413604734663146,-0.48064444133812545,-0.11796771973115161,-0.45208128372211787,-0.5162672540409909,0.46788990825688076,4.467889908256881,-0.5543445581976503,18.00528350005508,-14.549084290107695,49.79482,0.05110591640000001,109,244,1,1.9877551020408164,0.15020378821999725,0.4841215999987869,-0.4489432260072477,1.0946837330168084,-0.7384241316999403,0.5849056603773585,0.35714285714285715,2,0,0.0
V15_allz,D01_h5_sl8_t1,D止损,1,5,,,,,0.08,,,,,,-0.050979377996839936,-0.052606089352047025,0.15394845507194752,-0.422692982491197,0.07767289084312745,-0.25741905130173925,-0.09577224117822492,0.4423076923076923,4.6923076923076925,-1.5831870142263227,48.624853336451835,-15.759441006876685,48.76302,0.049738280399999994,52,244,1,0.9959183673469387,0.14830554634629728,0.32779484872020226,-0.28526562449170856,0.1895534324155026,-0.37574813500358795,0.5185185185185185,0.36,1,0,0.0
V15_allz,D02_h5_sl8_t2,D止损,2,5,,,,,0.08,,,,,,0.2660991175064209,0.2759313344074372,0.8520125250458919,-0.28688900770054304,0.29922747525827864,-0.016185311732333063,0.4317065472092119,0.47058823529411764,4.7745098039215685,-0.7227932597491271,48.624853336451835,-15.760621721546485,48.25908,0.04929247159999999,102,244,1,1.9877551020408164,0.28143934937952986,0.545780260397112,-0.18093201864205521,1.089267918571629,-0.5291103263863487,0.5576923076923077,0.38,2,0,0.0
V14_allz,C01_nr_hold3_t1,C续持,1,3,,True,,,,,,,,,0.4293659746993812,0.4462058364847996,1.067462119206351,-0.3060907639190825,0.44590711181268394,0.3262905145421704,0.7763146063314392,0.41975308641975306,3.0123456790123457,-0.5481049572141683,28.377268794386424,-14.655566601863834,79.13132,0.0807139464,81,244,1,0.9959183673469387,0.11386377927884912,0.19296245924395272,0.1981650919721738,0.17469327640877053,0.12905261414014269,0.4146341463414634,0.425,1,0,0.0
V14_allz,C02_nr_hold3_t2,C续持,2,3,,True,,,,,,,,,-0.07918882687825723,-0.08167618872179461,-0.07351499098574785,-0.20447798162644637,-0.02464524962135073,-0.2197098871932064,-0.10657743417149262,0.45625,3.04375,-0.3161121235479125,23.042882456712597,-17.736372757221762,71.6701,0.073684642,160,244,1,1.9877551020408164,0.0323655784361288,0.02432332730144604,-0.10105418027763047,-0.023007686176651942,-0.2013344406434303,0.43902439024390244,0.47435897435897434,1,0,0.0
V14_allz,C01_nr_hold5_t1,C续持,1,5,,True,,,,,,,,,-0.09890655571244855,-0.10197821209992397,-0.016500850716071984,-0.40150250994668124,-0.007198878636617501,-0.14683547362101257,-0.045843507088185693,0.3469387755102041,4.979591836734694,-1.122878661759652,33.547023110568716,-18.04266409859119,42.70196,0.04355599920000001,49,244,1,0.9959183673469387,0.042388966113398575,0.08931278377570262,-0.17278723089594028,0.025999044032847918,-0.16845485252550318,0.4,0.2916666666666667,0,0,0.0
V14_allz,C02_nr_hold5_t2,C续持,2,5,,True,,,,,,,,,-0.05169346408892528,-0.05334231487630092,0.030819386676864687,-0.3442680981859859,0.010880445685083506,-0.26584866643580696,-0.15794134500218573,0.3877551020408163,4.979591836734694,-0.9298935498765426,33.53256311996118,-18.046888687209528,44.8621,0.046039282,98,244,1,1.9918367346938775,0.06132630310343514,0.06721024813320353,-0.11141545204435599,0.047175703299963345,-0.29892249099108903,0.44,0.3333333333333333,0,0,0.0
V14_allz,D01_h5_sl3_t1,D止损,1,5,,,,,0.03,,,,,,-0.24464690599721528,-0.2515635486964002,-0.4188577604312415,-0.36781445248993405,-0.18218294080606667,-0.2878910378423619,-0.6759151104406425,0.35185185185185186,4.5,-1.223058997941051,14.433647917468218,-10.722163057277223,49.2248,0.050209296,54,244,2,0.9918367346938776,0.041769049971774254,0.014691108202418146,-0.2555832135545827,0.026420009068269357,-0.30622069341374825,0.42857142857142855,0.2692307692307692,0,0,0.0
V14_allz,D02_h5_sl3_t2,D止损,2,5,,,,,0.03,,,,,,-0.005832788589464344,-0.006023450458874757,0.15159515642512633,-0.2888892686579909,0.04999147401935733,-0.15806217150188617,0.02118078598736109,0.39285714285714285,4.348214285714286,-1.1296033549438533,21.89573176727475,-10.726557609394028,52.67976,0.0537618552,112,244,1,1.9877551020408164,0.09355100183804636,0.15631793535137883,-0.14023022473621827,0.4206984657785584,-0.4073775338127623,0.4642857142857143,0.32142857142857145,0,0,0.0
V14_allz,D01_h5_sl5_t1,D止损,1,5,,,,,0.05,,,,,,-0.002048465550623324,-0.0021155572628260844,0.19494865128746477,-0.24420541459659728,0.07593497949296124,-0.08051726932368608,0.0073147361215732945,0.40384615384615385,4.673076923076923,-1.0174968538675222,13.498094099137825,-10.722163057277223,50.76652,0.051781850399999996,52,244,2,0.9918367346938776,0.09491424370104289,0.08674064653488545,-0.08170220960135799,0.021297759501040847,-0.09969181649283998,0.4444444444444444,0.36,0,0,0.0
V14_allz,D02_h5_sl5_t2,D止损,2,5,,,,,0.05,,,,,,0.28500117302972017,0.295609522886906,0.9693591742107805,-0.18889264762072533,0.30020730861461276,0.3744989966072989,0.8098547419752895,0.47115384615384615,4.673076923076923,-0.25231033916143786,22.749228057847827,-10.726557609394028,49.99068,0.05100749360000001,104,244,2,1.9836734693877551,0.14858002473154705,0.12666074689977158,0.14053957818771456,0.18182281151733992,0.16303305640426946,0.5283018867924528,0.4117647058823529,0,0,0.0
V16_allz,E01_h5_tp10_t1,E止盈,1,5,,,,,,0.1,,,,,0.40790689711342654,0.4237876223184156,1.1928800485182187,-0.3287374603420298,0.39907851389351956,0.38257168701021915,0.8846394813066415,0.52,4.88,0.3303053099199871,33.34476381684108,-13.827571498077173,49.0438,0.05002467600000001,50,244,1,0.9959183673469387,0.21859829768702277,0.5229607517181485,-0.07554617180706946,0.5774022430943138,-0.12351355333558145,0.5769230769230769,0.4583333333333333,0,0,0.0
V16_allz,E02_h5_tp10_t2,E止盈,2,5,,,,,,0.1,,,,,0.37932063844546726,0.3939410973547799,1.216246032277781,-0.24014635767815218,0.36897009887256194,0.7277954168777905,1.1539908041229932,0.5490196078431373,4.784313725490196,0.9550277500610549,33.34476381684108,-13.827571498077173,49.26248,0.05025373960000001,102,244,1,1.9918367346938775,0.1930278241552678,0.3405263225553452,0.028939615162626442,0.648194082089214,0.048296093071560575,0.5769230769230769,0.52,0,0,0.0
V16_allz,E01_h5_tp20_t1,E止盈,1,5,,,,,,0.2,,,,,0.3743519719896655,0.38875543699199544,1.1145865250872464,-0.3287374603420298,0.37587056259586327,0.3374125217596744,0.820418075491081,0.52,4.88,0.3303053099199871,33.34476381684108,-13.827571498077173,49.05238,0.05003342759999999,50,244,1,0.9959183673469387,0.21549462755131182,0.5229607517181485,-0.09757886377625247,0.5774022430943138,-0.15214237356722915,0.5769230769230769,0.4583333333333333,0,0,0.0
V16_allz,E02_h5_tp20_t2,E止盈,2,5,,,,,,0.2,,,,,0.5892024076910991,0.6135233482096745,1.7219689072935926,-0.2990841078292036,0.5080433268832084,1.4723562867099895,1.513927391915523,0.494949494949495,4.929292929292929,-0.10197348689340302,33.547023110568695,-15.070540347541694,47.94312,0.0489079924,99,244,1,1.9918367346938775,0.23300897903756937,0.6226796687568437,-0.02063085013654753,1.9186910791729446,-0.15292293029840975,0.5490196078431373,0.4375,0,0,0.0
V16_allz,E01_h5_tp30_t1,E止盈,1,5,,,,,,0.3,,,,,1.096088646117492,1.147571672135351,2.373769408269487,-0.15917346968160873,0.7982604788034263,1.628971241067322,1.7748157207585684,0.5714285714285714,4.959183673469388,1.1963902372396085,46.528149323422554,-11.419785572732222,48.09062,0.0490524324,49,244,2,0.9918367346938776,0.30544486356610057,0.8330023321788858,0.14352753911986427,1.1884880466050247,0.20127283543797003,0.64,0.5,0,0,0.0
V16_allz,E02_h5_tp30_t2,E止盈,2,5,,,,,,0.3,,,,,1.1062450260440633,1.1583195349908242,2.741804035622059,-0.13405042187293026,0.7881806865286172,5.429729830498639,2.4497876133752507,0.5102040816326531,4.969387755102041,0.09131575836534012,46.528149323422554,-15.070540347541694,47.53792,0.048494688400000006,98,244,1,1.9877551020408164,0.2936004464029361,0.7587981759837221,0.19754787945809005,2.9353626401102564,0.6338341389342703,0.56,0.4583333333333333,0,0,0.0
V16_allz,F01_h5_sl8_tp15_t1,F组合,1,5,,,,,0.08,0.15,,,,,0.7758788283316758,0.8096342858012022,2.000082399068936,-0.17368902876434966,0.6242240262533072,1.0225911395463312,1.6271489409034687,0.5294117647058824,4.784313725490196,1.1963902372396085,33.34476381684108,-9.725908045517361,50.02624,0.05102676479999999,51,244,1,0.9959183673469387,0.23808661542315296,0.5229607517181485,0.16606998987215804,0.5774022430943138,0.2822291513791131,0.5769230769230769,0.48,0,0,0.0
V16_allz,F02_h5_sl8_tp15_t2,F组合,2,5,,,,,0.08,0.15,,,,,0.6429111227748281,0.6698727728608844,1.888317419047153,-0.20588600786418343,0.5386176743483607,1.737039577231306,1.6484394103967328,0.49514563106796117,4.737864077669903,-0.10197348689340302,33.34476381684108,-12.301490340536292,49.64986,0.05068486720000001,103,244,1,1.9918367346938775,0.2367744479983428,0.45871437385559544,0.12627334879300212,1.046746969281923,0.3372632857453628,0.5,0.49019607843137253,0,0,0.0
V15_allz,F01_h5_sl8_tp15_t1,F组合,1,5,,,,,0.08,0.15,,,,,0.19628711732185167,0.2033373783530401,0.6234055347870583,-0.3160926114282394,0.28778055414690495,0.012750919225900548,0.32859988890768055,0.4716981132075472,4.60377358490566,-0.8912419613005818,25.57595837169211,-16.30465734081553,49.84406,0.050840941199999996,53,244,1,0.9959183673469387,0.2256760240290771,0.6066283604306428,-0.2554052033531903,0.5782529121970543,-0.35830885443064364,0.5555555555555556,0.38461538461538464,1,0,0.0
V15_allz,F02_h5_sl8_tp15_t2,F组合,2,5,,,,,0.08,0.15,,,,,-0.13166356124089107,-0.13567356192873314,-0.15256341857275407,-0.43706957490844023,-0.060337979432922184,-0.5085505563196357,-0.4513953274656521,0.4230769230769231,4.6826923076923075,-1.6995275074154048,25.57595837169211,-16.30465734081553,48.65632,0.04971157639999999,104,244,1,1.9877551020408164,0.16422106158025396,0.41473153993069856,-0.38621822285686525,0.6576803357851579,-0.7035318371876627,0.5094339622641509,0.3333333333333333,1,0,0.0
V15_allz,F01_h5_sl8_tp25_t1,F组合,1,5,,,,,0.08,0.25,,,,,-0.02331143262991464,-0.024066471286797064,0.21075126336547587,-0.4085252295329723,0.10629852350799363,-0.2020691312085121,-0.04591358256018583,0.46153846153846156,4.6923076923076925,-1.1176658010649931,39.83592966539753,-15.759441006876685,48.93658,0.049915311600000005,52,244,1,0.9959183673469387,0.15065591614762178,0.32779484872020226,-0.2644281092734554,0.1895534324155026,-0.3292181359426518,0.5185185185185185,0.4,1,0,0.0
V15_allz,F02_h5_sl8_tp25_t2,F组合,2,5,,,,,0.08,0.25,,,,,0.20167734469785303,0.20893755611584974,0.7004801675416569,-0.32331793686162524,0.2480369259140267,-0.09557744939355883,0.32268408789678155,0.47058823529411764,4.7745098039215685,-0.7227932597491271,41.46025404181428,-15.760621721546485,48.26344,0.04929691879999999,102,244,1,1.9877551020408164,0.27560992532002604,0.545780260397112,-0.22260791169041005,1.089267918571629,-0.5671103056879523,0.5576923076923077,0.38,2,0,0.0
V15_allz,F01_h5_sl8_tp40_t1,F组合,1,5,,,,,0.08,0.4,,,,,-0.050979377996839936,-0.052606089352047025,0.15394845507194752,-0.422692982491197,0.07767289084312745,-0.25741905130173925,-0.09577224117822492,0.4423076923076923,4.6923076923076925,-1.5831870142263227,48.624853336451835,-15.759441006876685,48.76302,0.049738280399999994,52,244,1,0.9959183673469387,0.14830554634629728,0.32779484872020226,-0.28526562449170856,0.1895534324155026,-0.37574813500358795,0.5185185185185185,0.36,1,0,0.0
V15_allz,F02_h5_sl8_tp40_t2,F组合,2,5,,,,,0.08,0.4,,,,,0.2660991175064209,0.2759313344074372,0.8520125250458919,-0.28688900770054304,0.29922747525827864,-0.016185311732333063,0.4317065472092119,0.47058823529411764,4.7745098039215685,-0.7227932597491271,48.624853336451835,-15.760621721546485,48.25908,0.04929247159999999,102,244,1,1.9877551020408164,0.28143934937952986,0.545780260397112,-0.18093201864205521,1.089267918571629,-0.5291103263863487,0.5576923076923077,0.38,2,0,0.0
V15_allz,G01_h10_tr5_t1,G移动止损,1,10,,,,,,,0.05,,,,-0.37713067557362223,-0.3867241556499965,-0.7828062171313992,-0.5609906046157176,-0.36254332806082346,-0.4357658660222068,-0.8029711623975297,0.35,6.075,-4.137766047206987,19.681800937560958,-12.091696254439244,35.77412,0.0364896024,40,244,2,0.9918367346938776,0.08617283607464288,0.19251702278346894,-0.4776851713424346,0.22072416028794772,-0.5377873623434306,0.4444444444444444,0.2727272727272727,0,0,0.0
V15_allz,G02_h10_tr5_t2,G移动止损,2,10,,,,,,,0.05,,,,0.14766614417400548,0.15286043927409865,0.5587698670380468,-0.2874872858275169,0.21182904400896085,-0.02862132387147065,0.37272733878384395,0.375,6.075,-2.7382784530988857,45.11915429653186,-12.091696254439254,37.0675,0.037902649999999996,80,244,2,1.9836734693877551,0.12201926586856413,0.20621248693167127,-0.04853733765150614,0.4072191066386508,-0.30971753329244534,0.3888888888888889,0.36363636363636365,1,0,0.0
V10_allz,H03_re20_sl8_t1,H排名退出,1,,,,20,2,0.08,,,,,,-0.13633447742021698,-0.14047492108808612,-0.28185496607069,-0.2953269249273831,-0.09209749817285062,-0.16300430390145948,-0.40707429426664404,0.4647887323943662,3.4225352112676055,-0.368748688383036,11.361523142101992,-10.417883837125796,65.6575,0.06697065,71,244,2,0.9918367346938776,0.033907577007431786,0.0688479070360275,-0.1919659318276875,0.039658932117684564,-0.1949324242387247,0.4594594594594595,0.47058823529411764,2,0,0.0
V10_allz,H04_re20_sl8_t2,H排名退出,2,,,,20,2,0.08,,,,,,-0.08254782251576676,-0.08513573716674105,-0.16325293513858527,-0.34777773612694174,-0.04570902268801358,-0.24405371903683293,-0.2915248542702684,0.4855072463768116,3.528985507246377,-0.2661805281067686,22.941254961585145,-10.42469633740033,63.95062,0.06548694240000001,138,244,1,1.9877551020408164,0.07327416787435283,0.10697112707042988,-0.1712049618563709,0.09216594281441015,-0.30784668214871835,0.5072463768115942,0.463768115942029,3,0,0.0
V10_allz,H03_re50_sl8_t1,H排名退出,1,,,,50,2,0.08,,,,,,0.16292298742945333,0.16869225762081386,0.630519133452843,-0.22576822655488193,0.20331852761325586,0.0939340289916113,0.4245366684371578,0.5,3.8125,-0.006552943056453708,22.941254961585145,-9.917991226229939,62.51896,0.06376933920000001,64,244,1,0.9959183673469387,0.16704734668603927,0.3642824391606072,-0.14759366972065024,0.3615481749782963,-0.19655136035928433,0.5161290322580645,0.48484848484848486,2,0,0.0
V10_allz,H04_re50_sl8_t2,H排名退出,2,,,,50,2,0.08,,,,,,0.17755016841794724,0.18387708086151244,0.8062906528908435,-0.14666963114316733,0.19272434542043615,0.24823493751541892,0.7053803597123622,0.5118110236220472,3.84251968503937,0.08463221867494042,22.941254961585145,-9.917991226229939,61.01836,0.0622387272,127,244,1,1.9918367346938775,0.15159726688232578,0.26739703300671325,-0.07089085917742599,0.5614418295121835,-0.20058825508383793,0.546875,0.47619047619047616,2,0,0.0
V10_allz,I01_daily_t1_q0.3,I择时,1,1,,,,,,,,,,0.3,0.18780389910576756,0.19452541406473656,0.8045307571945125,-0.1857552163682472,0.20531395885411974,0.14695478083178282,0.6315922361129199,0.50920245398773,1.0,0.027862885519880365,11.5273175148354,-6.206492418077392,149.01158,0.1519918116,163,244,82,0.6653061224489796,0.3570833660770434,-0.1261440484461509,0.3592673906879851,-0.1660681748064815,0.3753579683394679,0.45161290322580644,0.5857142857142857,2,0,0.0
V10_allz,I02_daily_t1_q0.5,I择时,1,1,,,,,,,,,,0.5,0.08604679328363973,0.0889900195082649,0.5086904871045798,-0.2402079593801324,0.1037696591345858,0.04854260321721027,0.33223477946930297,0.5210084033613446,1.0,0.06863062020256994,6.587064939969145,-5.607425673830413,104.76942,0.1068648084,119,244,126,0.4857142857142857,0.5243956757612767,-0.21910543808956506,0.390772642373971,-0.25433261244489436,0.40618004852696,0.45588235294117646,0.6078431372549019,2,0,0.0
V10_allz,I03_h5_sl8_t1_q0.3,I择时,1,5,,,,,0.08,,,,,0.3,0.8851111875936823,0.9247060547169852,2.7201467851873096,-0.1099839242127384,0.6649146833328986,1.2190652039554104,2.5664629218872523,0.5681818181818182,4.931818181818182,0.5879330178954367,22.941254961585145,-7.3158909248605575,43.26844,0.0441338088,44,244,28,0.8857142857142857,0.3959878879968403,0.5559531947673981,0.21154748994586003,0.633334607214727,0.35861028974308606,0.6086956521739131,0.5238095238095238,1,0,0.0
V10_allz,I04_h5_sl8_t2_q0.3,I择时,2,5,,,,,0.08,,,,,0.3,0.7137928766623971,0.744331800536778,2.6837624728852085,-0.13496518807837643,0.5616553459574111,2.6407345004441853,2.9502965159103614,0.5747126436781609,4.931034482758621,0.786120481771202,22.941254961585145,-8.732016671181187,41.91912,0.0427575024,87,244,28,1.7510204081632652,0.3553374034384261,0.3369743766883959,0.2818442197129889,0.7606892783656551,1.0677893284064672,0.5217391304347826,0.6341463414634146,1,0,0.0
V16_allz,B02_hold10_t2,B持有期,2,10,,,,,,,,,,,0.8182555693999396,0.8542496375330044,2.196947760714879,-0.3192647695773332,0.6420275247272013,1.816996520017839,1.3234766087869732,0.54,9.76,0.875913554865837,102.55753772639386,-24.974029590013103,24.15472,0.024652794399999997,50,244,1,1.9918367346938775,0.2686999826891928,0.9084809379672434,-0.04727601244128987,2.5918943105263517,-0.21573513124748978,0.5384615384615384,0.5416666666666666,0,0,0.0
V16_allz,B02_hold20_t2,B持有期,2,20,,,,,,,,,,,0.8291413754150279,0.8657160384373712,2.046012217818954,-0.24081691787302983,0.6572060053546995,1.4699567510965181,1.1374269404188084,0.46153846153846156,18.76923076923077,-0.3419170909079894,131.85394996324155,-32.34897898354057,12.61262,0.0128648724,26,244,1,1.9918367346938775,0.2593163437785058,0.8302334335076931,-0.0005966769444120112,1.6948644092681011,-0.08345787543079586,0.42857142857142855,0.5,0,0,0.0
V16_allz,C01_nr_hold2_t1,C续持,1,2,,True,,,,,,,,,0.25417930520647536,0.2635270278591637,0.8615301494403081,-0.27417756560298856,0.2807497121511108,0.24776119982993405,0.7810501631569734,0.5166666666666667,2.033333333333333,0.22336370232225455,9.716470331163297,-8.495781071858655,118.58574,0.1209574548,120,244,1,0.9959183673469387,0.20899262323345486,0.38851835062998097,-0.09674992437986552,0.49207222470824097,-0.16373940941503573,0.5573770491803278,0.4745762711864407,0,0,0.0
V16_allz,C02_nr_hold2_t2,C续持,2,2,,True,,,,,,,,,0.2174423256302036,0.2253213003818868,0.8123332153627886,-0.3459373864570474,0.2423393949633874,0.24261650304830318,0.666123115278218,0.5063829787234042,2.068085106382979,0.16581403120903282,17.039469631399573,-12.091696254439254,114.14666,0.1164912832,235,244,2,1.9836734693877551,0.20179547023618422,0.37964950515618456,-0.1175712954049285,0.978930531754479,-0.37207674392358503,0.5371900826446281,0.47368421052631576,0,0,0.0
V16_allz,C01_nr_hold3_t1,C续持,1,3,,True,,,,,,,,,0.9344393719838213,0.9767437430560955,2.1200822620638373,-0.1965915852562693,0.7189334145092162,1.2159215871779971,1.5488320904790223,0.4810126582278481,3.0759493670886076,-0.10197348689340302,46.528149323422554,-12.379483088782884,77.93096,0.07948957920000002,79,244,2,0.9918367346938776,0.3691997494696274,0.813800799674949,0.06651147817913183,0.9946918696631826,0.11090921905255002,0.525,0.4358974358974359,1,0,0.0
V16_allz,C02_nr_hold3_t2,C续持,2,3,,True,,,,,,,,,0.6830030348828369,0.7119753957166963,2.124601782868218,-0.19626755843453259,0.5560729087254381,1.7493369411653772,1.5991880873321709,0.49056603773584906,3.056603773584906,-0.10197348689339192,46.528149323422554,-12.379483088782884,77.35896,0.07890613920000002,159,244,2,1.9836734693877551,0.36358108148096313,0.7994952925967269,-0.0647360724938536,2.8129018014124165,-0.27893843472524293,0.5432098765432098,0.4358974358974359,1,0,0.0
V16_allz,C01_nr_hold5_t1,C续持,1,5,,True,,,,,,,,,1.1275719655494076,1.1808940251259261,2.474758021128838,-0.15681438036338524,0.8104151987341573,1.7752268940447768,1.9531236284331013,0.5833333333333334,5.0625,1.298747747488349,40.35534386790427,-11.419785572732222,47.10104,0.0480430608,48,244,2,0.9918367346938776,0.31274068835618335,0.8644856516107948,0.1411039627531172,1.3102386170523546,0.20127283543797003,0.6666666666666666,0.5,0,0,0.0
V16_allz,C02_nr_hold5_t2,C续持,2,5,,True,,,,,,,,,0.20772940710877874,0.21522632892317883,0.7513784931259252,-0.2754643739331847,0.24222387511135512,0.24214708027764353,0.6615612384822293,0.4895833333333333,5.072916666666667,-0.10197348689340857,23.49446991897446,-13.903969249277493,46.51622,0.0474525544,96,244,1,1.9877551020408164,0.14081660953640482,0.37997573946943275,-0.1248183771889192,0.9476346121298023,-0.3622278673106373,0.5102040816326531,0.46808510638297873,1,0,0.0
V16_allz,G01_h10_tr12_t1,G移动止损,1,10,,,,,,,0.12,,,,1.3312806198262708,1.396882992473095,2.6332040246348787,-0.2981562249333831,0.9075482451646336,1.5498122943035502,1.2574384561638707,0.5384615384615384,9.384615384615385,2.097049726567035,102.55753772639386,-22.981596924103222,25.6241,0.026136582000000002,26,244,1,0.9959183673469387,0.3402849183062481,1.3521405824648882,-0.00886850165084796,1.7744916390453405,-0.08098036468370762,0.6153846153846154,0.46153846153846156,0,0,0.0
V16_allz,G02_h10_tr12_t2,G移动止损,2,10,,,,,,,0.12,,,,0.7713471637756437,0.8048652808580199,2.0830623679603,-0.34202548200021365,0.617041467739183,1.5924466222707268,1.2487109366443938,0.5192307692307693,9.384615384615385,0.7512668284345825,102.55753772639386,-22.981596924103222,25.1145,0.025631769999999998,52,244,1,1.9918367346938775,0.2642878316468945,0.9084809379672434,-0.07185493523328756,2.5918943105263517,-0.27825086203863514,0.5384615384615384,0.5,0,0,0.0
V16_allz,G03_h20_tr8_t1,G移动止损,1,20,,,,,,,0.08,,,,1.267224951208191,1.3288964210572356,2.2476135998159754,-0.13249160552396932,0.9009232373434821,1.8327442774350948,1.5047839631862785,0.6111111111111112,13.555555555555555,2.4949722385018913,89.25208383549214,-10.031364634310725,17.49948,0.0178494696,18,244,1,0.9959183673469387,0.2654420032271635,0.7823362067812187,0.2720523448842722,0.6015693209475224,0.7687303573966959,0.4,0.875,0,0,0.0
V16_allz,G03_h20_tr12_t1,G移动止损,1,20,,,,,,,0.12,,,,0.5171320322573851,0.5380079159332565,1.2140110564462137,-0.2102860260660886,0.5052634361245134,0.6153025965529679,1.431049219797165,0.6666666666666666,16.266666666666666,5.848860248716292,17.570630611275906,-13.256448060346415,14.76534,0.015060646799999999,15,244,1,0.9959183673469387,0.2003689298253335,0.38648810589299676,0.09422650350126616,0.2772879183163408,0.2646346789862237,0.625,0.7142857142857143,0,0,0.0
V16_allz,G03_h20_tr20_t1,G移动止损,1,20,,,,,,,0.2,,,,1.4195220812921643,1.4906395948509505,2.3668003789955354,-0.25100603767778595,0.9694784785091424,1.3974963909066247,1.1101583017072028,0.46153846153846156,18.76923076923077,-0.3455155252813369,131.85394996324155,-24.639540651437265,12.80406,0.013060141199999998,13,244,1,0.9959183673469387,0.30622890323138546,1.3766175711046764,0.018052761499842696,1.359847286751354,0.015954042605485608,0.42857142857142855,0.5,0,0,0.0
V16_allz,H01_re3_t1,H排名退出,1,,,,3,2,,,,,,,0.5990747892166373,0.6238765057445901,1.5654487372821602,-0.2742375938651266,0.5275559090422205,0.5475773715990955,0.9735890677616382,0.5316455696202531,3.0759493670886076,0.2559286852721332,46.528149323422554,-11.253603370406118,77.9884,0.079548168,79,244,2,0.9918367346938776,0.3466833866749034,0.813800799674949,-0.11838456047477297,1.0343895220146702,-0.23929151479972255,0.55,0.5128205128205128,1,0,0.0
V16_allz,H01_re5_t1,H排名退出,1,,,,5,2,,,,,,,0.9011751277269686,0.941647510719416,2.028217543779813,-0.19884787697918593,0.7045881506879237,1.0532051573578616,1.3766586476906058,0.5256410256410257,3.1153846153846154,0.46149300979798635,46.528149323422554,-13.972241091190153,76.98132,0.0785209464,78,244,2,0.9918367346938776,0.36090115871334444,0.813800799674949,0.04817195364985971,1.0343895220146702,0.009248786989700442,0.55,0.5,1,0,0.0
V16_allz,H01_re10_t1,H排名退出,1,,,,10,2,,,,,,,0.7571518194082596,0.7899290662738432,1.896436959793363,-0.2875216672092846,0.6181271898226285,0.8590497504814145,1.2771261768494933,0.5,3.1973684210526314,0.052069666817289306,46.528149323422554,-12.379483088782884,74.96632,0.07646564639999999,76,244,2,0.9918367346938776,0.3484705893449452,0.992039751176355,-0.11791327538990504,1.4423638734779987,-0.23883178478476585,0.575,0.4166666666666667,0,0,0.0
V15_allz,B02_hold5_t2,B持有期,2,5,,,,,,,,,,,0.0473440913189529,0.04893374051935084,0.3246562434432237,-0.32502189286435157,0.13418772303403848,-0.3204679553233263,0.009188226537998997,0.45918367346938777,4.979591836734694,-0.7693224408637012,48.624853336451835,-19.186424585011075,45.84402,0.04687402040000001,98,244,1,1.9918367346938775,0.13577158949844947,0.2173934782203184,-0.13968317552510368,0.26858720814494585,-0.4643395106668683,0.52,0.3958333333333333,0,0,0.0
V15_allz,B02_hold7_t2,B持有期,2,7,,,,,,,,,,,-0.08195677770423315,-0.08452702926881106,-0.003759895938630065,-0.381080065125344,-0.0015201891612868224,-0.39682105011067903,-0.1798479689132771,0.4857142857142857,6.9714285714285715,-0.10197348689340302,26.91684480913632,-24.338096337376523,32.12908,0.03298478159999999,70,244,1,1.9918367346938775,0.08519095890095009,0.20470817461840762,-0.23795385335825636,0.3496893689859786,-0.5530979470168834,0.5,0.47058823529411764,1,0,0.0
V15_allz,B02_hold10_t2,B持有期,2,10,,,,,,,,,,,-0.10640562446977975,-0.10969569506329191,-0.05770866544272253,-0.4315609548305135,-0.02391482142472834,-0.40552531168207706,-0.3864953636083813,0.44,9.76,-0.6859587605348383,23.711812974729774,-31.371651216388507,22.94134,0.0236073068,50,244,1,1.9918367346938775,0.09148090890909678,0.16483635082698322,-0.23285843981791277,-0.04004227064937971,-0.3807282652746954,0.38461538461538464,0.5,0,0,0.0
V15_allz,B02_hold20_t2,B持有期,2,20,,,,,,,,,,,0.5959119633505285,0.6205594243575947,1.3885980534992746,-0.21358433261441934,0.5473481232493569,0.8682915360748888,1.0304646990253472,0.5384615384615384,18.76923076923077,1.4077157928963357,94.8626421597235,-34.9663518983658,12.26464,0.012526632800000001,26,244,1,1.9918367346938775,0.1746905435038208,0.045881347537995554,0.5259015442882755,0.2632190538124284,0.4789925234553227,0.5,0.5833333333333334,0,0,0.0
V15_allz,C01_nr_hold2_t1,C续持,1,2,,True,,,,,,,,,0.411234599350337,0.42726333016446816,0.9835394399239339,-0.29877410756988254,0.45173151163935565,0.29066919325682306,0.7284778464918549,0.47058823529411764,2.0504201680672267,-0.4436481511389312,21.6046511049228,-14.017205038759762,114.02222,0.11630266440000002,119,244,1,0.9959183673469387,0.1904901239764652,0.5358446332838145,-0.08113453094994882,0.5194110813631048,-0.15054641295696736,0.5166666666666667,0.423728813559322,0,0,0.0
V15_allz,C02_nr_hold2_t2,C续持,2,2,,True,,,,,,,,,0.20650163722674986,0.21395045435978788,0.6805817038468764,-0.34335839758955056,0.2663760101291909,0.08019560384807312,0.48880091103842593,0.4622222222222222,2.1644444444444444,-0.32364534223319197,21.6046511049228,-18.74012059337623,105.94888,0.10817567760000002,225,244,1,1.9877551020408164,0.14330672543855008,0.4305342466521678,-0.1566076519661892,1.0148628762460867,-0.46388629390968894,0.5175438596491229,0.40540540540540543,1,0,0.0
V15_allz,C01_nr_hold3_t1,C续持,1,3,,True,,,,,,,,,0.8627867533740785,0.901169983390141,1.7626354488953138,-0.21063814703509243,0.7040791329609357,1.0497398319241125,1.5540879172305233,0.47435897435897434,3.1153846153846154,-0.4953743971760183,17.540498293972995,-19.186424585011075,75.46192,0.0769711584,78,244,2,0.9918367346938776,0.2660932814960863,0.45002345086420825,0.28465974275372186,0.4650435011545033,0.39909827271944454,0.43902439024390244,0.5135135135135135,1,0,0.0
V15_allz,C02_nr_hold3_t2,C续持,2,3,,True,,,,,,,,,0.6391652286240648,0.6659407205742724,1.613732548588836,-0.1737079660011016,0.5551441133646958,1.6399815708421377,1.5621848463827028,0.47435897435897434,3.121794871794872,-0.22523828363914533,34.928288723671976,-12.7718450463013,73.51552,0.07503524040000001,156,244,1,1.9877551020408164,0.21912614042424122,0.37999575092588755,0.18780454760407284,0.8387354783177654,0.4357593041373311,0.475,0.47368421052631576,1,0,0.0
V12_allz,H01_re20_t1,H排名退出,1,,,,20,2,,,,,,,0.4556504023726371,0.47368009889308915,1.1551707687402926,-0.27467509475314034,0.45437130528837744,0.5047970218247826,1.125877088095687,0.5211267605633803,3.436619718309859,0.20850479496450358,19.63648425768274,-6.950192949833056,66.7404,0.06807520799999998,71,244,1,0.9959183673469387,0.08143380312408206,0.15787910906878455,0.25716958788843813,0.13301398299448275,0.328136319948763,0.5588235294117647,0.4864864864864865,2,0,0.0
V12_allz,H01_re50_t1,H排名退出,1,,,,50,2,,,,,,,0.5367576279046307,0.5585602173821358,1.4906209662223444,-0.2559425114005254,0.4837224909119382,0.5775602204890009,1.3261993754106032,0.5084745762711864,4.135593220338983,0.20850479496450358,18.172844952785372,-7.612973994637051,57.49448,0.05864436959999999,59,244,1,0.9959183673469387,0.17407260437730632,0.2824427462653327,0.198305056798755,0.2386540350727815,0.2736084296502579,0.48484848484848486,0.5384615384615384,2,0,0.0
V12_allz,H02_re10_t2,H排名退出,2,,,,10,2,,,,,,,0.010260304490492977,0.010598484434336974,0.19340116682270495,-0.3649115424810562,0.06018232037901228,-0.07676623385716141,0.1776056221811135,0.4805194805194805,3.168831168831169,-0.12284488705170404,17.118102136669133,-15.282363182115045,69.09416,0.0710063132,154,244,1,1.9918367346938775,0.040196708522555816,0.002154326839743259,0.008088552265508975,-0.06660992453831815,-0.010881098466598349,0.4875,0.47297297297297297,2,0,0.0
V12_allz,H02_re20_t2,H排名退出,2,,,,20,2,,,,,,,0.00835505889289978,0.008630173977136835,0.1916216549593955,-0.41228680882154545,0.06201138907981585,-0.18739194481914767,0.0069861677298781386,0.5109489051094891,3.562043795620438,0.1041238464953187,19.63648425768274,-20.083757389745326,60.94252,0.06297677039999999,137,244,1,1.9918367346938775,0.04092856617315881,0.012630441873650256,-0.004222056541021368,-0.03854897115183098,-0.15481076955696127,0.5070422535211268,0.5151515151515151,4,0,0.0
V12_allz,H02_re50_t2,H排名退出,2,,,,50,2,,,,,,,0.19538692297178062,0.20240220177816415,0.7679250867051994,-0.299195903485851,0.2209790106653321,0.4194505596597158,0.8801496202465142,0.544,3.904,0.23610286446296147,27.282566712419577,-16.017596415115587,58.5321,0.059939972,125,244,1,1.9918367346938775,0.0719410800596365,0.0750520286044376,0.11193401915957013,0.11073280141071917,0.27794061529190417,0.5294117647058824,0.5614035087719298,2,0,0.0
V12_allz,H02_re100_t2,H排名退出,2,,,,100,2,,,,,,,0.3217963160635997,0.33394260847097557,1.1147532006305834,-0.21638211594833767,0.3220660810102125,0.7578587748424828,1.2784891819697866,0.5357142857142857,4.348214285714286,0.25684703323061164,27.298309846847225,-15.282363182115045,53.58562,0.054738722399999995,112,244,1,1.9877551020408164,0.06840382700458528,0.03172024701821141,0.281157678046682,0.024274826836925723,0.7161983569106602,0.5079365079365079,0.5714285714285714,2,0,0.0
V12_allz,H03_re20_sl8_t1,H排名退出,1,,,,20,2,0.08,,,,,,0.4556504023726371,0.47368009889308915,1.1551707687402926,-0.27467509475314034,0.45437130528837744,0.5047970218247826,1.125877088095687,0.5211267605633803,3.436619718309859,0.20850479496450358,19.63648425768274,-6.950192949833056,66.7404,0.06807520799999998,71,244,1,0.9959183673469387,0.08143380312408206,0.15787910906878455,0.25716958788843813,0.13301398299448275,0.328136319948763,0.5588235294117647,0.4864864864864865,2,0,0.0
V12_allz,H04_re20_sl8_t2,H排名退出,2,,,,20,2,0.08,,,,,,0.1548845397397005,0.16035001549577022,0.6122158993298938,-0.3197896170208566,0.1974145434024417,0.2559242836401425,0.677015364838397,0.5106382978723404,3.4609929078014185,0.11418652771901794,19.63648425768274,-11.188199978896574,65.43156,0.06700281120000001,141,244,1,1.9918367346938775,0.05570313948142842,0.11017811293248014,0.04026959844229916,0.18858895668384013,0.05665148290134514,0.5277777777777778,0.4927536231884058,4,0,0.0
V15_allz,J01_h10_rat20_10_t1,J利润锁定,1,10,,,,,,,,0.2,0.1,,-0.19467558152855347,-0.20037208801637563,-0.14603484718759407,-0.5094821382130486,-0.07630631810773825,-0.2557776443936165,-0.42530830207842785,0.44,9.76,-0.12898618798994343,23.711812974729774,-21.795128447326594,22.25512,0.0227002224,25,244,1,0.9959183673469387,0.053453720368478765,0.009069583552913096,-0.20191389018394978,-0.15605556306452373,-0.11816190375186642,0.38461538461538464,0.5,0,0,0.0
V15_allz,J02_h10_rat20_10_t2,J利润锁定,2,10,,,,,,,,0.2,0.1,,-0.10640562446977975,-0.10969569506329191,-0.05770866544272253,-0.4315609548305135,-0.02391482142472834,-0.40552531168207706,-0.3864953636083813,0.44,9.76,-0.6859587605348383,23.711812974729774,-31.371651216388507,22.94134,0.0236073068,50,244,1,1.9918367346938775,0.09148090890909678,0.16483635082698322,-0.23285843981791277,-0.04004227064937971,-0.3807282652746954,0.38461538461538464,0.5,0,0,0.0
V15_allz,J03_h10_rat30_15_sl8_t1,J利润锁定,1,10,,,,,0.08,,,0.3,0.15,,-0.16792163267537985,-0.17292162648406562,-0.15476765483459437,-0.4125623434857205,-0.07209855323590131,-0.22132514117079838,-0.18428207267350166,0.41379310344827586,8.413793103448276,-2.7561506574662165,32.663400289817424,-15.759441006876674,24.46332,0.0249525864,29,244,1,0.9959183673469387,0.03719674479667472,-0.05974508767687259,-0.11505023114554325,-0.0889003804399261,-0.14534608278600059,0.35714285714285715,0.4666666666666667,0,0,0.0
V15_allz,J04_h10_rat30_15_sl8_t2,J利润锁定,2,10,,,,,0.08,,,0.3,0.15,,-0.0803877534585532,-0.08291105318889169,-0.004038560736232235,-0.3466885525178759,-0.0016135786244075856,-0.4093344349042626,-0.3233764373719214,0.4098360655737705,8.0,-1.610767552142478,32.663400289817424,-15.760621721546485,27.50786,0.028268787199999996,61,244,1,1.9918367346938775,0.07815904607655562,0.14129802295835048,-0.19424004244068782,0.20560737311881416,-0.5100680551017776,0.4074074074074074,0.4117647058823529,1,0,0.0
V16_allz,A01_daily_top1,A基线,1,1,,,,,,,,,,,0.16424283476829626,0.1700621665752693,0.5822414937470293,-0.3878962092067857,0.2363773548009468,0.09520086694231011,0.426894927804517,0.49794238683127573,1.0,-0.008306397488477835,21.25999376914138,-6.947040616286615,238.1647,0.242927994,243,244,2,0.9918367346938776,0.11820415901401463,0.3285029294962565,-0.12364300528132488,0.3593026880768002,-0.19429213482109153,0.5203252032520326,0.475,1,0,0.0
V16_allz,A02_daily_top2,A基线,2,1,,,,,,,,,,,-0.05955105987679277,-0.06144232319600562,0.006725794721066859,-0.33309604361967804,0.0023717728815793038,-0.2481028641174554,-0.14692320797942374,0.4794238683127572,1.0,-0.22760320875039874,21.25999376914138,-7.319924405861366,224.40892,0.23083178840000002,486,244,2,1.9836734693877551,0.04164927579985252,0.0737774377968119,-0.12416772133634091,0.06897484940474197,-0.29661849733766976,0.483739837398374,0.475,1,0,0.0
V16_allz,B01_hold2_t1,B持有期,1,2,,,,,,,,,,,0.24063761824695584,0.24943961499941758,0.7897584772384013,-0.3359695613857271,0.2791386142422402,0.15202555984385735,0.5216760904413315,0.48360655737704916,2.0,-0.10197348689339747,33.34476381684108,-10.54970752649358,120.63866,0.12305143319999999,122,244,1,0.9959183673469387,0.23334777853304856,0.5058819979788971,-0.1761388874346954,0.5975950503805467,-0.27890014458329426,0.5161290322580645,0.45,1,0,0.0
V16_allz,B01_hold3_t1,B持有期,1,3,,,,,,,,,,,0.7168704203764316,0.747566980821589,1.9104826892070594,-0.20351318103389782,0.5893591030298407,0.8503466232276025,1.4341662536095579,0.5802469135802469,3.0,0.6730188135581017,28.751014619053137,-13.972241091190153,80.11372,0.0817159944,81,244,2,0.9918367346938776,0.38694393569615393,0.9216049735001692,-0.1065435175007996,1.4184567793913083,-0.23490606117289858,0.6341463414634146,0.525,0,0,0.0
V16_allz,F01_h5_sl8_tp25_t1,F组合,1,5,,,,,0.08,0.25,,,,,0.9249422845442419,0.9667215816984618,2.2935971937260433,-0.14865928656362792,0.703162363074027,1.2925571606296873,1.686565095309433,0.54,4.86,1.298747747488349,46.528149323422554,-9.725908045517361,49.02518,0.0500056836,50,244,2,0.9918367346938776,0.2938765958707925,0.8330023321788858,0.05015812077885751,1.1884880466050247,0.047552973472303695,0.64,0.44,0,0,0.0
V16_allz,F02_h5_sl8_tp25_t2,F组合,2,5,,,,,0.08,0.25,,,,,0.8827759591136812,0.9222436540987751,2.3257243914633023,-0.18090311898423717,0.6767060594839651,3.086978767459825,1.948582261167025,0.48514851485148514,4.821782178217822,-0.10197348689341412,46.528149323422554,-10.87637421524289,49.08772,0.0500754844,101,244,1,1.9877551020408164,0.26702438495549385,0.7587981759837221,0.0704900566892035,2.9353626401102564,0.038526596203424024,0.56,0.4117647058823529,0,0,0.0
V16_allz,F01_h5_sl8_tp40_t1,F组合,1,5,,,,,0.08,0.4,,,,,0.6541202580419057,0.6816407171590977,1.7109843615691793,-0.19241926237282825,0.5574781667939884,0.744017034498339,1.2401761579175745,0.52,4.86,0.0768267718786464,43.720576484057986,-10.788583039672272,49.09144,0.05007326880000001,50,244,2,0.9918367346938776,0.2386671419769061,0.5210265641597684,0.08750254401747348,0.521832510483766,0.14599801389703781,0.5769230769230769,0.4583333333333333,0,0,0.0
V16_allz,F02_h5_sl8_tp40_t2,F组合,2,5,,,,,0.08,0.4,,,,,0.708286409906768,0.7385437595036943,1.9479115373500244,-0.18429682869724195,0.5814587830288098,1.8191233339538817,1.5169187748985666,0.4803921568627451,4.784313725490196,-0.19860160821305595,44.75391365132484,-13.615654345940886,49.52078,0.05051720560000002,102,244,1,1.9918367346938775,0.24406792153921042,0.6212565933177034,0.053680470412748926,1.8158695676957781,0.00115551028905303,0.5490196078431373,0.4117647058823529,0,0,0.0
V16_allz,G01_h10_tr5_t1,G移动止损,1,10,,,,,,,0.05,,,,2.360693668774434,2.4969457318318216,3.808337445546265,-0.12707428188854653,1.2712353821654174,5.7687446059185135,2.085699572255319,0.5882352941176471,7.147058823529412,1.1052759207389462,102.55753772639386,-7.767964518948389,33.49386,0.0341637372,34,244,2,0.9918367346938776,0.391145585667648,1.5281944445772684,0.32928607448797886,2.275566080116527,1.066435065073613,0.6666666666666666,0.5263157894736842,0,1,0.0
V16_allz,G02_h10_tr5_t2,G移动止损,2,10,,,,,,,0.05,,,,0.986268466960428,1.0314665890606758,2.9668378568540548,-0.27139735307927637,0.7170025385813691,3.15560971906259,1.6285733048451247,0.4927536231884058,7.043478260869565,-0.2595369333208919,102.55753772639386,-11.90328963036219,33.6993,0.034373285999999996,69,244,2,1.9836734693877551,0.3549341808568802,1.1345928768637865,-0.06948604181668694,4.995286406986001,-0.3068538453441907,0.6,0.41025641025641024,0,1,0.0
V16_allz,G01_h10_tr8_t1,G移动止损,1,10,,,,,,,0.08,,,,1.0890168842629846,1.1400890758166247,2.336455876150732,-0.2054689648515825,0.7960460335216119,1.0815570036655178,1.0597734305635405,0.4482758620689655,8.413793103448276,-1.0377676219159637,102.55753772639386,-10.54970752649358,28.61498,0.0291872796,29,244,1,0.9959183673469387,0.33247042460201687,1.3521405824648882,-0.11186563429221807,1.7744916390453405,-0.24975192775071764,0.6153846153846154,0.3125,0,0,0.0
V16_allz,G02_h10_tr8_t2,G移动止损,2,10,,,,,,,0.08,,,,0.9113630729870357,0.9523944221168394,2.626765226465065,-0.16271052566091637,0.6831310909120716,2.6507293671504732,1.5155461145428815,0.49122807017543857,8.543859649122806,-0.31513768040779544,102.55753772639386,-10.54970752649358,27.47096,0.0280203792,57,244,1,1.9877551020408164,0.3249132458866474,1.0252724995950948,-0.05624400006953767,4.05445369455293,-0.27772028635166224,0.6153846153846154,0.3870967741935484,0,0,0.0
V16_allz,D01_h5_sl3_t1,D止损,1,5,,,,,0.03,,,,,,0.6099567545132372,0.6352908407429494,1.5503069444499233,-0.25074254110871375,0.5377574645295047,0.6703515747321087,1.199318099586319,0.5344827586206896,4.206896551724138,0.10111527607623572,33.15670598911613,-8.807010913933977,57.19142,0.0583352484,58,244,1,0.9959183673469387,0.2456151149310517,0.2649375872234456,0.2727558820092555,0.2927073816419514,0.29213432092457525,0.5925925925925926,0.4838709677419355,0,1,0.0
V16_allz,D02_h5_sl3_t2,D止损,2,5,,,,,0.03,,,,,,0.9283259101125507,0.9702920952914711,2.6167304288224207,-0.16749862958323036,0.6933638105037899,3.0910548462804126,1.8364472172374608,0.5084745762711864,4.127118644067797,0.06720488217119014,52.02122661783151,-10.43123808556663,57.537,0.05868774,118,244,1,1.9877551020408164,0.3404622115927108,0.7680549562426668,0.09064817431381056,2.6849988359633215,0.11019162512460912,0.6071428571428571,0.41935483870967744,0,1,0.0
V16_allz,D01_h5_sl5_t1,D止损,1,5,,,,,0.05,,,,,,1.284069313170407,1.3467684395964268,2.7166908805929024,-0.12822874715685262,0.8802929849847898,2.0692358707714624,1.891283351889292,0.5576923076923077,4.6923076923076925,1.2400975309233009,52.02122661783151,-10.31464117777049,51.15358,0.05217665160000001,52,244,1,0.9959183673469387,0.3125465899259862,0.968480149039471,0.16032123274645604,1.41050409012604,0.27327552910768094,0.68,0.4444444444444444,0,1,0.0
V16_allz,D02_h5_sl5_t2,D止损,2,5,,,,,0.05,,,,,,1.0035270354030321,1.0496992016590712,2.8800164505114054,-0.21742151410434185,0.7285095756868308,3.8227157491371875,2.0326426397439885,0.5233644859813084,4.5514018691588785,0.09149338636877946,52.02122661783151,-10.43123808556663,51.9534,0.053006488,107,244,1,1.9877551020408164,0.36502189572042565,0.9997605435178396,0.0018834714473192626,4.347736630973298,-0.09817627868868195,0.6153846153846154,0.43636363636363634,0,1,0.0
V16_allz,D01_h5_sl8_t1,D止损,1,5,,,,,0.08,,,,,,1.0101713761393545,1.0567199130475498,2.271238224504633,-0.2610809512986494,0.7549551134832156,1.2673980367829478,1.432406430186167,0.5490196078431373,4.784313725490196,0.6790734409053423,52.02122661783151,-10.31464117777049,50.14812,0.05115108240000001,51,244,1,0.9959183673469387,0.2991538029229156,0.968480149039471,0.021179399304700475,1.41050409012604,-0.05936768741828191,0.68,0.4230769230769231,0,0,0.0
V16_allz,D02_h5_sl8_t2,D止损,2,5,,,,,0.08,,,,,,0.759012639971183,0.7918867804334946,2.073589132842744,-0.17909550759027604,0.6094036526461519,1.99602110333646,1.5466948043694009,0.4803921568627451,4.784313725490196,-0.19860160821305595,52.02122661783151,-13.615654345940886,49.39282,0.05040070640000001,102,244,1,1.9918367346938775,0.2559775591911672,0.6719828233821179,0.052051860444965126,1.992563165807728,0.00115551028905303,0.5490196078431373,0.4117647058823529,0,0,0.0
V16_allz,D01_h5_sl10_t1,D止损,1,5,,,,,0.1,,,,,,1.0672023385301737,1.1170124565996673,2.386535961324333,-0.1865248935419942,0.7813190474829579,1.448163458699831,1.5700726081987202,0.54,4.88,0.8386777826315361,52.02122661783151,-13.972241091190153,49.14206,0.050124901200000016,50,244,1,0.9959183673469387,0.29913395280880417,0.968480149039471,0.050151478306181385,1.41050409012604,0.01562302620769307,0.68,0.4,0,0,0.0
V16_allz,D02_h5_sl10_t2,D止损,2,5,,,,,0.1,,,,,,0.5607617529975033,0.5837094908161602,1.6657435769442446,-0.25835999446086777,0.4896698017522202,1.2379107924002462,1.328017737545231,0.47474747474747475,4.929292929292929,-0.21355161943611423,52.02122661783151,-12.379483088782884,47.80136,0.04877741720000002,99,244,1,1.9918367346938775,0.2467642492561564,0.6769338338077187,-0.0692764845387075,2.22080853785584,-0.30517111896068483,0.54,0.40816326530612246,0,0,0.0
V17_allz,E01_h5_tp20_t1,E止盈,1,5,,,,,,0.2,,,,,-0.3486500310707096,-0.3577413667704754,-0.712847393939932,-0.515054958422076,-0.3230944191163725,-0.39722303382995294,-0.8148944087500981,0.4489795918367347,4.979591836734694,-0.45998246364628015,18.890826749525512,-17.69396609242112,38.77036,0.0395457672,49,244,1,0.9959183673469387,0.03498837090008093,0.010354344385628211,-0.3553252158030159,-0.07676576510900424,-0.3471028874473927,0.6,0.2916666666666667,0,0,0.0
V17_allz,E02_h5_tp20_t2,E止盈,2,5,,,,,,0.2,,,,,-0.2537831402320153,-0.26091106859550695,-0.6728947231170135,-0.44288277592265535,-0.23165219307880902,-0.43203375848281544,-0.539740388071317,0.4489795918367347,4.969387755102041,-0.5424151249777354,20.37875108227698,-17.69396609242112,41.15228,0.0433668656,98,244,1,1.9877551020408164,0.03933129843434416,0.017553929027359416,-0.26665620515930377,-0.16296808148292452,-0.3214521107828009,0.52,0.375,1,0,0.0
V17_allz,E01_h5_tp30_t1,E止盈,1,5,,,,,,0.3,,,,,-0.3486500310707096,-0.3577413667704754,-0.712847393939932,-0.515054958422076,-0.3230944191163725,-0.39722303382995294,-0.8148944087500981,0.4489795918367347,4.979591836734694,-0.45998246364628015,18.890826749525512,-17.69396609242112,38.77036,0.0395457672,49,244,1,0.9959183673469387,0.03498837090008093,0.010354344385628211,-0.3553252158030159,-0.07676576510900424,-0.3471028874473927,0.6,0.2916666666666667,0,0,0.0
V17_allz,E02_h5_tp30_t2,E止盈,2,5,,,,,,0.3,,,,,-0.2874642518611029,-0.29533833330306236,-0.7363731163684105,-0.48332623433317234,-0.26978298439519954,-0.44572846356810525,-0.3686838588561674,0.42857142857142855,4.969387755102041,-0.9340260166651349,41.76934257062972,-17.69396609242112,40.80032,0.04340591640000001,98,244,1,1.9877551020408164,0.041689178981159716,0.017553929027359416,-0.299756280416526,-0.16296808148292452,-0.337813141685364,0.52,0.3333333333333333,1,0,0.0
V17_allz,F01_h5_sl8_tp15_t1,F组合,1,5,,,,,0.08,0.15,,,,,0.5177855683107944,0.5386921717922748,1.384019886358035,-0.2539399733081704,0.4785478337222936,0.45542542742984726,0.9830917365268503,0.44,4.88,-0.4779439230761795,21.83937556252453,-12.576990851943703,48.69624,0.04967016480000001,50,244,1,0.9959183673469387,0.267951463734828,0.5664575013515372,-0.031071339630183714,0.5564635293087441,-0.06491517467407004,0.5,0.375,0,0,0.0
V17_allz,F02_h5_sl8_tp15_t2,F组合,2,5,,,,,0.08,0.15,,,,,0.09487465868519296,0.09813324636504817,0.43847090322132193,-0.348648787768038,0.15302802693291384,-0.04898903554032652,0.25250940260155064,0.44554455445544555,4.821782178217822,-0.3653600308556437,21.83937556252453,-12.576990851943714,47.97476,0.048977715199999994,101,244,1,1.9877551020408164,0.11715520953513126,0.25540878406308476,-0.12787398607992007,0.3693851683374587,-0.30551974240068946,0.5,0.3877551020408163,0,0,0.0
V17_allz,F01_h5_sl8_tp25_t1,F组合,1,5,,,,,0.08,0.25,,,,,0.5177855683107944,0.5386921717922748,1.384019886358035,-0.2539399733081704,0.4785478337222936,0.45542542742984726,0.9830917365268503,0.44,4.88,-0.4779439230761795,21.83937556252453,-12.576990851943703,48.69624,0.04967016480000001,50,244,1,0.9959183673469387,0.267951463734828,0.5664575013515372,-0.031071339630183714,0.5564635293087441,-0.06491517467407004,0.5,0.375,0,0,0.0
V17_allz,F02_h5_sl8_tp25_t2,F组合,2,5,,,,,0.08,0.25,,,,,0.09067959947218562,0.09378802273853037,0.42668154221683885,-0.348648787768038,0.15068877158713112,-0.06390872407520165,0.2393832033229949,0.44554455445544555,4.8316831683168315,-0.3653600308556437,28.352166898144972,-12.576990851943714,47.9749,0.048977858000000006,101,244,1,1.9918367346938775,0.11322507791188602,0.25540878406308476,-0.13121557430700748,0.3693851683374587,-0.3164149155629551,0.5,0.3877551020408163,0,0,0.0
V14_allz,G03_h20_tr20_t1,G移动止损,1,20,,,,,,,0.2,,,,-0.01487844922903614,-0.015362501154329578,0.1515987547757734,-0.3509059224344683,0.05685329676134632,-0.030943500727504625,0.2376726615295849,0.3076923076923077,18.76923076923077,-2.304044120334847,30.696212257637367,-18.594275315007703,10.82306,0.0110395212,13,244,1,0.9959183673469387,0.0345579689011838,-0.032092681229755726,0.0177850003475446,-0.23688764225941983,0.2698739437815867,0.14285714285714285,0.5,0,0,0.0
V14_allz,H01_re3_t1,H排名退出,1,,,,3,2,,,,,,,-0.21608470603988905,-0.22231709603873606,-0.4664959863036039,-0.4146645899653074,-0.1723718185907973,-0.233646177980544,-0.662327169922801,0.4936708860759494,3.0759493670886076,-0.004310829689013751,6.743093642499787,-11.661864992611449,72.27356,0.07371903120000001,79,244,2,0.9918367346938776,0.06027257522658888,0.028638192949022034,-0.2379095980164898,0.04374753487630345,-0.2657670591669672,0.4878048780487805,0.5,0,0,0.0
V14_allz,H01_re5_t1,H排名退出,1,,,,5,2,,,,,,,-0.12359206324934424,-0.12737466051498292,-0.14827565667093814,-0.36465841255920983,-0.05659993991658929,-0.16709441085868215,-0.3473876609377452,0.4936708860759494,3.0759493670886076,-0.004310829689013751,11.643606542080477,-13.774889117064859,73.52876,0.07499933519999999,79,244,2,0.9918367346938776,0.06566396282498024,0.028638192949022034,-0.14799203183573573,0.04374753487630345,-0.20200473648062078,0.4878048780487805,0.5,0,0,0.0
V14_allz,H01_re10_t1,H排名退出,1,,,,10,2,,,,,,,0.07887167618682844,0.0815603767859594,0.3949057732272266,-0.3377305011420041,0.15926844647568772,0.010932022675095077,0.24014249618434907,0.47435897435897434,3.128205128205128,-0.17669764751999661,23.053010648545992,-11.661864992611449,74.20148,0.0756855096,78,244,1,0.9959183673469387,0.09589676696037382,0.028638192949022034,0.04883493883674794,0.04374753487630345,-0.031440085944822505,0.4878048780487805,0.4594594594594595,0,0,0.0
V14_allz,H01_re20_t1,H排名退出,1,,,,20,2,,,,,,,-0.17983991874832406,-0.1851538241374857,-0.2719691974465848,-0.34931862886076226,-0.1119457325968779,-0.18399479586767886,-0.24923551317862674,0.4647887323943662,3.4225352112676055,-0.7322272726033696,23.053010648545992,-11.140899997316989,60.4564,0.061665528,71,244,2,0.9918367346938776,0.0277217614406962,-0.12203731234077164,-0.06583720153491057,-0.17375588254320817,-0.012392116455831936,0.4722222222222222,0.45714285714285713,0,0,0.0
V14_allz,H01_re50_t1,H排名退出,1,,,,50,2,,,,,,,0.21673480213550822,0.22458585736464176,0.71877562823733,-0.2529770249107386,0.26580169934483366,0.15646350107797957,0.5684415081283047,0.5,3.8125,-0.08594366258454778,12.065790021645096,-12.378193434412932,62.7349,0.06398959800000001,64,244,1,0.9959183673469387,0.15993306164820273,0.16357531202063735,0.0456863338072695,0.1654654003077276,-0.007723866557831971,0.5161290322580645,0.48484848484848486,0,0,0.0
V14_allz,H02_re10_t2,H排名退出,2,,,,10,2,,,,,,,0.15265568145289565,0.15803725922809675,0.5907968484158073,-0.2168598486941632,0.20181720343516663,0.15063738066640697,0.5333771829333901,0.44871794871794873,3.128205128205128,-0.32503228518311333,28.377268794386424,-13.774889117064859,72.1069,0.073769908,156,244,1,1.9918367346938775,0.054336652360385235,-0.04308043458784272,0.20454813875232336,-0.10693050648292557,0.2884074408756063,0.45,0.4473684210526316,0,0,0.0
V14_allz,H02_re20_t2,H排名退出,2,,,,20,2,,,,,,,-0.0066193170591317685,-0.006835600424757948,0.16282976298726165,-0.28881655146478635,0.05797402117435724,-0.109566423060385,0.156759923570902,0.4652777777777778,3.3819444444444446,-0.5536898108514765,23.053010648546014,-13.774889117064859,67.5658,0.06901038599999999,144,244,1,1.9877551020408164,0.06353219620621486,0.026672842746378267,-0.03242723331071351,-0.022561266153521387,-0.0890134121905265,0.47297297297297297,0.45714285714285713,0,0,0.0
V16_allz,B01_hold5_t1,B持有期,1,5,,,,,,,,,,,1.155458425509969,1.210422928603709,2.576004242957237,-0.2030793547214963,0.8202664400411525,1.683107628195498,1.6960876280737076,0.5510204081632653,4.979591836734694,1.1963902372396085,52.02122661783151,-15.070540347541684,48.13088,0.04909349760000001,49,244,1,0.9959183673469387,0.31223874599602935,0.968480149039471,0.09498611228654497,1.41050409012604,0.1130898467196566,0.68,0.4166666666666667,0,0,0.0
V16_allz,B01_hold7_t1,B持有期,1,7,,,,,,,,,,,0.8431018021807113,0.8804243182082994,1.6343960985043058,-0.21296500040138977,0.706546586417334,0.9894894522427327,1.3601340016276018,0.5714285714285714,6.9714285714285715,1.4169686047373453,45.61713369728546,-13.71300796404632,34.50346,0.035193529200000004,35,244,1,0.9959183673469387,0.2590060862080662,0.5623914409823949,0.17966711403757607,0.5671051441849568,0.2695315688453417,0.6666666666666666,0.47058823529411764,0,0,0.0
V16_allz,B01_hold10_t1,B持有期,1,10,,,,,,,,,,,1.404178682096326,1.474329054345524,2.752563257596023,-0.2589382012907788,0.9369364364256569,1.756046125177725,1.3348029647883908,0.56,9.76,3.3062312889557743,102.55753772639386,-24.639540651437265,24.6641,0.025157382,25,244,1,0.9959183673469387,0.34364311964531835,1.3521405824648882,0.022123719993345503,1.7744916390453405,-0.006648249938126183,0.6153846153846154,0.5,0,0,0.0
V16_allz,B01_hold20_t1,B持有期,1,20,,,,,,,,,,,1.258093055113104,1.319209215341469,2.1211353044301475,-0.28658043600365646,0.9079215627766363,0.9428781513288216,0.9540301987839499,0.38461538461538464,18.76923076923077,-0.3455155252813369,131.85394996324155,-32.34897898354057,12.79604,0.013051960799999996,13,244,1,0.9959183673469387,0.30674876134458007,1.3766175711046764,-0.049871093032642255,1.359847286751354,-0.17669327068894625,0.42857142857142855,0.3333333333333333,0,0,0.0
V16_allz,B02_hold2_t2,B持有期,2,2,,,,,,,,,,,0.4153772710210446,0.4315906301221468,1.339886436575524,-0.23868620344090785,0.39094423530837497,0.7464469169704324,1.1239813778284324,0.47950819672131145,2.0,-0.10197348689340857,33.34476381684108,-12.091696254439254,118.5462,0.121028834,244,244,1,1.9918367346938775,0.24262327721308785,0.5049240355900315,-0.059502514712564514,1.503814138394255,-0.302485400098242,0.5,0.4583333333333333,1,0,0.0
V16_allz,B02_hold3_t2,B持有期,2,3,,,,,,,,,,,0.6787786079811315,0.7075375392852672,2.107624754603127,-0.14199599032225974,0.5538483604939743,1.9642562090386546,1.8289227820217453,0.5308641975308642,3.0,0.21827749185177048,28.751014619053137,-13.972241091190153,78.63766,0.08030810320000001,162,244,2,1.9836734693877551,0.3485011628828622,0.776547614973718,-0.055033147532064786,3.142288105227764,-0.28439158896320527,0.5975609756097561,0.4625,0,0,0.0
V16_allz,B02_hold5_t2,B持有期,2,5,,,,,,,,,,,0.9962147499705394,1.0419735920412272,2.6624285230070073,-0.18275572441305366,0.7305904339843035,4.098002505831626,2.189540290893276,0.5102040816326531,4.979591836734694,0.24166191877641463,52.02122661783151,-16.229947366260078,47.49006,0.04845989120000001,98,244,1,1.9918367346938775,0.2879797134576044,0.6769338338077187,0.1903956552882271,2.22080853785584,0.5828331445077066,0.54,0.4791666666666667,0,0,0.0
V16_allz,B02_hold7_t2,B持有期,2,7,,,,,,,,,,,0.7790726567916899,0.8129956268861078,1.9757109937516781,-0.1355972205206084,0.6286472701422796,2.416265370092314,1.9120282008722005,0.5142857142857142,6.9714285714285715,0.3985702695218363,45.61713369728546,-13.71300796404633,34.02682,0.0347073564,70,244,1,1.9918367346938775,0.21982956635043657,0.2999186547761752,0.36860306624187666,0.6962993298926456,1.013951965841147,0.5277777777777778,0.5,0,0,0.0
V13_allz,I01_daily_t1_q0.3,I择时,1,1,,,,,,,,,,0.3,0.3391129525096668,0.35199520735602574,1.0263259976645869,-0.2909475049486542,0.3516856760887038,0.2836385789715219,0.7973960973856398,0.5119047619047619,1.0,0.13240203157556252,21.25999376914138,-6.962934735008119,165.19456,0.16849845119999998,168,244,77,0.6857142857142857,0.41747330787169035,0.2918079011131629,0.03661926154480066,0.2833702685486905,0.0002090670396583949,0.5783132530120482,0.4470588235294118,0,0,0.0
V13_allz,I02_daily_t1_q0.5,I择时,1,1,,,,,,,,,,0.5,-0.05371993591054036,-0.055431516140118764,-0.004340744083517294,-0.42513969956874587,-0.0014092890659231916,-0.0790367530899011,-0.0951928378817875,0.484375,1.0,-0.10197348689341412,11.811595651797191,-6.00735932762495,121.49494,0.12392483879999999,128,244,117,0.5224489795918368,0.5093589331471997,0.12252460785799446,-0.15700728744365366,0.11144726811771877,-0.1713837684177426,0.5806451612903226,0.3939393939393939,0,0,0.0
V13_allz,I03_h5_sl8_t1_q0.3,I择时,1,5,,,,,0.08,,,,,0.3,0.41359517034236615,0.4297290548043222,1.0877899446593988,-0.323750134712547,0.4226634749986359,0.3079085958767822,0.6938509878792141,0.46808510638297873,4.74468085106383,-0.6537064160227923,52.02122661783149,-12.091696254439254,44.66976,0.045563155200000004,47,244,22,0.9102040816326531,0.25683697412434037,0.5944129227150401,-0.11340710414261412,0.6663453294555055,-0.21510351260494454,0.4583333333333333,0.4782608695652174,0,0,0.0
V13_allz,I04_h5_sl8_t2_q0.3,I择时,2,5,,,,,0.08,,,,,0.3,0.2873581409709216,0.2980639381790684,0.9421642712241447,-0.28997621305888743,0.3071369187860795,0.3676522055911313,0.7542328406652637,0.5053763440860215,4.78494623655914,0.5746695368510357,52.02122661783151,-12.091696254439254,44.67196,0.04560293920000001,93,244,20,1.816326530612245,0.2218501248968047,0.3935243777626638,-0.0761854176976765,0.8708677412961234,-0.2689744040144534,0.5,0.5111111111111111,0,0,0.0
V13_allz,J01_h10_rat20_10_t1,J利润锁定,1,10,,,,,,,,0.2,0.1,,1.7597106358747117,1.8531072009102298,3.120984381182196,-0.2406583162088699,1.0767723617436444,2.561938745002801,1.5681013256950893,0.56,9.76,0.6316583172030876,102.55753772639386,-14.991719174291285,24.5667,0.025058033999999996,25,244,1,0.9959183673469387,0.3762679440249038,1.585633939826117,0.06732457111090673,2.2300657967697486,0.10274494982886839,0.6153846153846154,0.5,0,0,0.0
V13_allz,J02_h10_rat20_10_t2,J利润锁定,2,10,,,,,,,,0.2,0.1,,1.4388492836960731,1.5111898741661518,3.385162867594127,-0.19238410009541218,0.931627829283296,6.591867155481072,1.907313372262737,0.46,9.76,-0.5396165922993745,102.55753772639386,-14.991719174291285,24.40412,0.024892202400000004,50,244,1,1.9918367346938775,0.3382636886503833,0.9767730405502921,0.23375280503479035,2.904755975910042,0.9442616138673583,0.5,0.4166666666666667,0,0,0.0
V13_allz,J03_h10_rat30_15_sl8_t1,J利润锁定,1,10,,,,,0.08,,,0.3,0.15,,2.4479333180390523,2.5907381731306205,3.717084667817679,-0.1029083075764824,1.3023955927449244,5.7244959584157895,2.142752390124644,0.6153846153846154,9.384615384615385,1.222852783253936,102.55753772639386,-11.691232098441883,25.53742,0.0260481684,26,244,1,0.9959183673469387,0.3888098589196825,1.585633939826117,0.3334963101044861,2.2300657967697486,1.0818448853706544,0.6153846153846154,0.6153846153846154,0,0,0.0
V13_allz,J04_h10_rat30_15_sl8_t2,J利润锁定,2,10,,,,,0.08,,,0.3,0.15,,1.5873442796317723,1.6692572133766985,3.7164007551905964,-0.12594691181768514,0.9884518882069693,8.717890423663752,2.059873829425312,0.509090909090909,8.872727272727273,0.11256300829596277,102.55753772639386,-12.091696254439254,26.63718,0.027169923600000003,55,244,1,1.9918367346938775,0.3579428159773692,1.005181507305732,0.2903292146895293,3.8087609228516763,1.0208720249500103,0.6153846153846154,0.41379310344827586,0,0,0.0
V16_allz,H01_re20_t1,H排名退出,1,,,,20,2,,,,,,,0.5772340147572703,0.600974934132863,1.5067273781733055,-0.2897916704767094,0.5157248952612368,0.6509768772301905,1.3012621953262622,0.5694444444444444,3.375,1.4283062348596554,16.151110652750745,-15.070540347541684,70.97316,0.07239262319999999,72,244,2,0.9918367346938776,0.290567776154803,0.5212483111445188,0.03680247544244186,0.6581414951881128,-0.004320872482061255,0.5945945945945946,0.5428571428571428,0,0,0.0
V16_allz,H01_re50_t1,H排名退出,1,,,,50,2,,,,,,,0.8617591042478989,0.9000867813950761,2.221583495808268,-0.2851893955579039,0.6680269285668984,1.1338990855543938,1.6678773127783355,0.5671641791044776,3.6417910447761193,0.9788265861686796,28.751014619053137,-13.064855357855631,66.1431,0.067465962,67,244,1,0.9959183673469387,0.41078631649170694,1.0946782045965744,-0.11119564801770243,1.8340631675905468,-0.24705309678450693,0.6388888888888888,0.4838709677419355,0,0,0.0
V16_allz,H02_re10_t2,H排名退出,2,,,,10,2,,,,,,,0.65853670801804,0.6862780594824662,1.9331426485826773,-0.2442827390485045,0.547507071360471,1.8279308099412543,1.8435561548974102,0.532051282051282,3.121794871794872,0.24318542422384626,18.679907929820615,-13.972241091190153,75.69446,0.07722236920000002,156,244,1,1.9877551020408164,0.29746052855181465,0.6276495615874507,0.01897653349930306,2.1467760571832972,-0.10132441630671529,0.5925925925925926,0.4666666666666667,0,0,0.0
V16_allz,H02_re20_t2,H排名退出,2,,,,20,2,,,,,,,0.695360337410522,0.7249591163287881,2.008528895995988,-0.2257117204427469,0.5696140915162261,1.972220924099385,1.8128300871669007,0.5684931506849316,3.335616438356164,0.826793751549415,28.751014619053137,-15.070540347541694,71.01426,0.07243454519999999,146,244,1,1.9877551020408164,0.3277244949475201,0.7237723385421138,-0.016482455656309014,2.6513410908775095,-0.18599198208976797,0.6133333333333333,0.5211267605633803,0,0,0.0
V16_allz,H02_re50_t2,H排名退出,2,,,,50,2,,,,,,,0.7628034660506393,0.7958752061868595,2.303394593323572,-0.1925327578332664,0.6026063448934028,2.510434635458677,2.0788428406329764,0.5882352941176471,3.588235294117647,0.9410891534500254,28.751014619053137,-13.064855357855631,66.10788,0.0674300376,136,244,1,1.9918367346938775,0.3195398300433025,0.7306122015228249,0.01860108492213919,2.7475521346105434,-0.0632726352121874,0.6666666666666666,0.5,0,0,0.0
V16_allz,H02_re100_t2,H排名退出,2,,,,100,2,,,,,,,0.744951547336562,0.7770952086333263,2.3350723384233176,-0.16996515864541506,0.5900233174807127,2.5642269499540817,2.2981801852387673,0.5752212389380531,4.31858407079646,1.2621942466498837,28.751014619053137,-16.684430983706466,55.12454,0.056227030799999994,113,244,1,1.9918367346938775,0.3421497667416806,0.7219182902546746,0.0133765099146963,2.7798520487353486,-0.057045909734327105,0.6166666666666667,0.5283018867924528,0,0,0.0
V16_allz,H03_re20_sl8_t1,H排名退出,1,,,,20,2,0.08,,,,,,0.49257141306256824,0.5122998539093464,1.3663003735385333,-0.29586117192983263,0.45810582488898643,0.5447791330898089,1.2290972897927257,0.5342465753424658,3.328767123287671,0.8349900253675324,16.151110652750745,-10.54970752649358,72.00752,0.07344767040000001,73,244,2,0.9918367346938776,0.2678382965922723,0.5212483111445188,-0.018850898878153832,0.6581414951881128,-0.06836712212273677,0.5945945945945946,0.4722222222222222,0,0,0.0
V16_allz,H04_re20_sl8_t2,H排名退出,2,,,,20,2,0.08,,,,,,0.6658815686654673,0.6939911754176382,1.9828364693769107,-0.24012398142438407,0.5503037111582774,1.8980204653248247,1.8194730889200386,0.54,3.2466666666666666,0.826793751549415,28.751014619053137,-11.90328963036219,72.9182,0.07437656399999999,150,244,1,1.9877551020408164,0.3164131183664758,0.7237723385421138,-0.03358376775300065,2.6513410908775095,-0.20631340836241674,0.6133333333333333,0.4666666666666667,0,0,0.0
V17_allz,F01_h5_sl8_tp40_t1,F组合,1,5,,,,,0.08,0.4,,,,,0.5177855683107944,0.5386921717922748,1.384019886358035,-0.2539399733081704,0.4785478337222936,0.45542542742984726,0.9830917365268503,0.44,4.88,-0.4779439230761795,21.83937556252453,-12.576990851943703,48.69624,0.04967016480000001,50,244,1,0.9959183673469387,0.267951463734828,0.5664575013515372,-0.031071339630183714,0.5564635293087441,-0.06491517467407004,0.5,0.375,0,0,0.0
V17_allz,F02_h5_sl8_tp40_t2,F组合,2,5,,,,,0.08,0.4,,,,,0.1251946037584013,0.12955461805030621,0.5115548822168321,-0.348648787768038,0.1845240066602628,-0.024213762587663057,0.31968785430889446,0.42574257425742573,4.8316831683168315,-0.5709680455716404,42.0152811551048,-12.576990851943714,47.9611,0.04896378200000001,101,244,1,1.9918367346938775,0.11762993539443248,0.25540878406308476,-0.1037225340125868,0.3693851683374587,-0.2874274820742958,0.5,0.3469387755102041,0,0,0.0
V17_allz,G01_h10_tr5_t1,G移动止损,1,10,,,,,,,0.05,,,,0.5563910710611528,0.5791293496144487,1.3037769949456424,-0.18790284512665656,0.5252698542133921,0.48058964746615973,1.0844401023732502,0.5555555555555556,6.75,0.8127761733658256,21.449309407099058,-9.190519555824583,35.1084,0.035810568,36,244,2,0.9918367346938776,0.20357565691809865,0.5045323149211405,0.03446835646247326,0.35060404841073867,0.09624256584183599,0.625,0.5,1,0,0.0
V17_allz,G02_h10_tr5_t2,G移动止损,2,10,,,,,,,0.05,,,,0.44662138207355406,0.4642405068389497,1.4699814494757064,-0.15516639592452963,0.4092123407142837,0.8236675263581601,1.2831973854658287,0.5285714285714286,6.957142857142857,0.7219915844419833,27.245852024215967,-10.43123808556663,33.46548,0.0341695296,70,244,1,1.9877551020408164,0.20515095826640292,0.5046085217173923,-0.03853968577663647,1.2219483208039792,-0.1792484508828297,0.6333333333333333,0.45,2,0,0.0
V17_allz,G01_h10_tr8_t1,G移动止损,1,10,,,,,,,0.08,,,,0.25674999981493496,0.26620188560415237,0.7542258021081165,-0.41244424748389696,0.32059254214847943,0.15099529040988968,0.5344123291214492,0.4827586206896552,8.379310344827585,-0.44043817333688784,22.095500259599433,-10.341470804728525,28.16758,0.028730931599999995,29,244,2,0.9918367346938776,0.13972227230560658,0.40142589256018746,-0.10323477931533942,0.2970115034686258,-0.11257896531236744,0.5,0.4666666666666667,0,0,0.0
V17_allz,G02_h10_tr8_t2,G移动止损,2,10,,,,,,,0.08,,,,0.08177472591896873,0.08456621296553024,0.40437025570868335,-0.41241915819651187,0.14413018535445987,-0.12498032243352064,0.14003640122191688,0.4482758620689655,8.39655172413793,-0.6237234844107931,35.680090083053216,-17.500688909546703,27.4036,0.028021252000000003,58,244,1,1.9877551020408164,0.14116186954219984,0.3915522763723822,-0.22261294506374452,0.5591021990021161,-0.43876695310511094,0.5,0.4,0,1,0.0
V17_allz,G01_h10_tr12_t1,G移动止损,1,10,,,,,,,0.12,,,,-0.16451109423594223,-0.1694201981693393,-0.2518551536379827,-0.3483165173323679,-0.09959099900722101,-0.20291028918512732,-0.43448030330417303,0.46153846153846156,9.384615384615385,-0.27120583011514543,16.042154398707996,-14.03058566342078,21.23558,0.0216602916,26,244,1,0.9959183673469387,0.025929882460709177,-0.04470239415753985,-0.12541505322076674,-0.174193076896478,-0.03477472940130477,0.42857142857142855,0.5,0,0,0.0
V17_allz,G02_h10_tr12_t2,G移动止损,2,10,,,,,,,0.12,,,,-0.09823307869845144,-0.10128501640702947,-0.13813896862783445,-0.4201777849058078,-0.045941405961098525,-0.3623962378890724,-0.43867813194134214,0.49056603773584906,9.20754716981132,-0.11057626609700666,19.304745472059604,-17.69396609242112,23.66264,0.0244162428,53,244,1,1.9918367346938775,0.053448243490233846,0.19047993576867106,-0.24251816917914304,0.020733461624854455,-0.37534744761285854,0.5185185185185185,0.46153846153846156,0,1,0.0
V11_allz,D01_h5_sl8_t1,D止损,1,5,,,,,0.08,,,,,,0.10934121642627592,0.11312181697131551,0.49104121456973265,-0.29240947661014327,0.15343261776255568,0.09754512131920268,0.457604732089017,0.5306122448979592,4.979591836734694,0.45654051734258516,10.664458010148149,-7.686208482346302,47.76858,0.04872395160000001,49,244,1,0.9959183673469387,0.07667749399878766,0.05876398414008399,0.047770072503239946,0.07949236067988741,0.01672337970779636,0.48,0.5833333333333334,0,0,0.0
V11_allz,D02_h5_sl8_t2,D止损,2,5,,,,,0.08,,,,,,0.30955428404307916,0.3211849582354984,1.213221651204784,-0.1695062569250977,0.30132320564659665,0.6135183411687695,1.1068235463497993,0.5050505050505051,4.91919191919192,0.008617228547147526,23.842736976184774,-9.513380872660516,47.9118,0.048870036,99,244,1,1.9877551020408164,0.19685675871072844,0.2874107274602682,0.017200071516021875,0.6681755346750426,-0.032764653581207726,0.52,0.4897959183673469,0,0,0.0
V11_allz,D01_h5_sl10_t1,D止损,1,5,,,,,0.1,,,,,,0.16814124534770825,0.17410874039749324,0.6681803048531533,-0.16830182639166413,0.2021924997291219,0.15915481717319735,0.6032603505764546,0.4489795918367347,4.979591836734694,-0.22077801067028613,10.367280908143828,-11.421611026294464,47.97984,0.04893943679999999,49,244,1,0.9959183673469387,0.0766606017734095,0.05876398414008399,0.10330655636766828,0.07949236067988741,0.07379622070056846,0.48,0.4166666666666667,0,0,0.0
V11_allz,D02_h5_sl10_t2,D止损,2,5,,,,,0.1,,,,,,0.18422682680856006,0.1908103387908069,0.8407962693423291,-0.19369086397810553,0.19738348459210675,0.29449034540246743,0.752174150647971,0.4489795918367347,4.969387755102041,-0.2520414139193017,23.496200488362717,-12.431207564317459,47.38906,0.0483368412,98,244,1,1.9877551020408164,0.17426802392685956,0.2874107274602682,-0.08014839277847385,0.6681755346750426,-0.22400831417622236,0.52,0.375,0,0,0.0
V11_allz,E01_h5_tp10_t1,E止盈,1,5,,,,,,0.1,,,,,0.21274296288608996,0.2204367594441119,0.7854568388942453,-0.16830182639166413,0.2408849807755239,0.21813935499834702,0.7559986888905986,0.46938775510204084,4.979591836734694,-0.10197348689341412,10.367280908143828,-11.421611026294464,47.95804,0.04891720080000001,49,244,1,0.9959183673469387,0.0784895316590507,0.05876398414008399,0.14543276976980413,0.07949236067988741,0.12843721675912323,0.48,0.4583333333333333,0,0,0.0
V11_allz,E02_h5_tp10_t2,E止盈,2,5,,,,,,0.1,,,,,0.09644938829298533,0.09976448529998683,0.48690889854671826,-0.22001759560554057,0.12698655498847955,0.08538796986197794,0.4228232016841356,0.47474747474747475,4.929292929292929,-0.22077801067028613,13.116920648623509,-14.173381944823028,47.87454,0.048832030799999995,99,244,1,1.9918367346938775,0.11171245110084671,0.1768302787271938,-0.06830287415883296,0.34155530759296204,-0.19094802598232286,0.5294117647058824,0.4166666666666667,1,0,0.0
V11_allz,E01_h5_tp20_t1,E止盈,1,5,,,,,,0.2,,,,,0.16814124534770825,0.17410874039749324,0.6681803048531533,-0.16830182639166413,0.2021924997291219,0.15915481717319735,0.6032603505764546,0.4489795918367347,4.979591836734694,-0.22077801067028613,10.367280908143828,-11.421611026294464,47.97984,0.04893943679999999,49,244,1,0.9959183673469387,0.0766606017734095,0.05876398414008399,0.10330655636766828,0.07949236067988741,0.07379622070056846,0.48,0.4166666666666667,0,0,0.0
V11_allz,E02_h5_tp20_t2,E止盈,2,5,,,,,,0.2,,,,,0.18985020733423497,0.196650833614205,0.8274355385678202,-0.20181378235973757,0.20547232704481733,0.2909403519157332,0.7458585545907684,0.45918367346938777,4.979591836734694,-0.2520414139193017,23.496200488362717,-14.173381944823028,47.36202,0.04830926039999999,98,244,1,1.9918367346938775,0.17141575547860613,0.2874107274602682,-0.07578041571744065,0.6681755346750426,-0.22613638368266442,0.52,0.3958333333333333,0,0,0.0
V11_allz,A01_daily_top1,A基线,1,1,,,,,,,,,,,-0.009381453876289747,-0.009687547880247838,0.1581662777450928,-0.25366841725969036,0.057404385827086624,0.003102470351850961,0.1866941157588857,0.4609053497942387,1.0,-0.10197348689341412,11.769409843177847,-9.978581119726215,227.4145,0.23196279000000003,243,244,2,0.9918367346938776,0.04259673023548326,-0.03319218497151888,0.024628194688856464,-0.03030454907567348,0.034451042743038895,0.4796747967479675,0.44166666666666665,2,0,0.0
V11_allz,A02_daily_top2,A基线,2,1,,,,,,,,,,,-0.07135876643506023,-0.07361012840328474,-0.1263073279846339,-0.3180002668572076,-0.03488085777520844,-0.21566784462783561,-0.2693570062847067,0.4609053497942387,1.0,-0.12294861980090555,11.769409843177847,-9.978581119726204,226.78498,0.23208234960000002,486,244,2,1.9836734693877551,0.07286235686607634,0.046448929766262026,-0.11257854334815576,0.052422416193876664,-0.25473636507218245,0.483739837398374,0.4375,4,0,0.0
V11_allz,B01_hold2_t1,B持有期,1,2,,,,,,,,,,,-0.0897029869635273,-0.09250370790661322,-0.11165268296216621,-0.33408833516838354,-0.037265767397171135,-0.09590881989422828,-0.15895811939272897,0.4426229508196721,2.0,-0.3439644831065569,8.564503879146223,-6.18847389834084,116.99038,0.11933018759999998,122,244,1,0.9959183673469387,0.11150973781023141,0.1504669634131175,-0.20875866757975037,0.16709542505634079,-0.22534939243538932,0.5,0.38333333333333336,1,0,0.0
V11_allz,B01_hold3_t1,B持有期,1,3,,,,,,,,,,,0.518025066255243,0.5389429298823636,1.511071185198167,-0.1886937279856793,0.46606251730392745,0.6459679869559107,1.5818552258817506,0.48148148148148145,3.0,-0.18325316718466045,16.266162451053255,-6.796171524492534,79.5876,0.081179352,81,244,2,0.9918367346938776,0.1967913977250419,0.1850897881927711,0.2809367538051175,0.20608644182959934,0.364718091399008,0.43902439024390244,0.525,1,0,0.0
V11_allz,B01_hold5_t1,B持有期,1,5,,,,,,,,,,,0.16814124534770825,0.17410874039749324,0.6681803048531533,-0.16830182639166413,0.2021924997291219,0.15915481717319735,0.6032603505764546,0.4489795918367347,4.979591836734694,-0.22077801067028613,10.367280908143828,-11.421611026294464,47.97984,0.04893943679999999,49,244,1,0.9959183673469387,0.0766606017734095,0.05876398414008399,0.10330655636766828,0.07949236067988741,0.07379622070056846,0.48,0.4166666666666667,0,0,0.0
V11_allz,B01_hold7_t1,B持有期,1,7,,,,,,,,,,,0.08171409770264182,0.08450343541774341,0.4143238526292313,-0.3261303160033153,0.12444432619346246,0.044865006312299505,0.30356353052234986,0.5142857142857142,6.9714285714285715,0.27036918259726317,15.039720740568608,-9.59357187993085,34.51016,0.03520036320000001,35,244,1,0.9959183673469387,0.20979113929114768,0.4003660694637208,-0.22754905214399335,0.47099258372073516,-0.2896871011617109,0.6666666666666666,0.35294117647058826,1,0,0.0
V11_allz,B01_hold10_t1,B持有期,1,10,,,,,,,,,,,0.12025589060203834,0.12443458437700117,0.5327643879205682,-0.22053064052564153,0.15933881043933495,0.1227996690490365,0.5638607038840892,0.6,9.76,1.0881932602285316,10.959868597004018,-11.671665663663354,24.49496,0.0249848592,25,244,1,0.9959183673469387,0.12652530126173908,0.19922697712456316,-0.0658516594680656,0.14664022842182356,-0.02079166488480877,0.6923076923076923,0.5,0,0,0.0
V11_allz,B01_hold20_t1,B持有期,1,20,,,,,,,,,,,0.2156893061555354,0.2234991308295553,0.8009710392607738,-0.22425869143895927,0.24181338737587998,0.2131561951462626,0.7242477851980338,0.6153846153846154,18.76923076923077,2.1701630303394115,29.465843404027424,-12.055387338422442,12.72498,0.012979479600000001,13,244,1,0.9959183673469387,0.1949993463082027,0.205742848037209,0.00824923667141575,0.10855466848897755,0.09435847381335094,0.42857142857142855,0.8333333333333334,0,0,0.0
V15_allz,H01_re5_t1,H排名退出,1,,,,5,2,,,,,,,0.816850111933265,0.8527693837038819,1.650892510781556,-0.20387995001497816,0.6851675161497639,0.9209601519073474,1.4520562853585228,0.5,3.4857142857142858,-0.006664644456610969,25.57595837169211,-12.7718450463013,66.34292,0.0676697784,70,244,1,0.9959183673469387,0.23169793818733297,0.4835635412211263,0.22465271048505708,0.5157796829829959,0.2673082859423026,0.5555555555555556,0.4411764705882353,1,0,0.0
V15_allz,H01_re10_t1,H排名退出,1,,,,10,2,,,,,,,0.6285122516126556,0.6547599394671855,1.3614564739308268,-0.2268942628504016,0.5809974002925936,0.6448814593036247,1.2326016050341875,0.5384615384615384,3.753846153846154,0.23788149358787702,17.540498293972995,-15.425554250826789,60.49196,0.0617017992,65,244,1,0.9959183673469387,0.20067411822514872,0.40444327644286293,0.15954291563651402,0.4089437333014829,0.16745716697237079,0.5882352941176471,0.4838709677419355,1,0,0.0
V15_allz,H01_re20_t1,H排名退出,1,,,,20,2,,,,,,,0.39549032694522834,0.41082118498264597,1.0393157396438466,-0.2820743047835341,0.41515778662097735,0.30707872605847086,0.8081930660289119,0.5423728813559322,4.135593220338983,0.3443390432773308,17.540498293972995,-13.083322190519532,55.22102,0.056325440399999996,59,244,1,0.9959183673469387,0.14026627317797652,0.1708643094286444,0.19184632728808282,0.11832258192436962,0.16878506003991878,0.6,0.4827586206896552,1,0,0.0
V15_allz,H01_re50_t1,H排名退出,1,,,,50,2,,,,,,,1.2246664964930747,1.2837609846472327,2.2532039674904034,-0.17124599100573357,0.8777007614305877,1.7584299014554512,2.012579009253013,0.6153846153846154,4.6923076923076925,0.9674780441112585,33.22269543252088,-13.825911689695891,50.3931,0.05140096199999999,52,244,1,0.9959183673469387,0.3641650903584569,0.8170049480710968,0.2243590744509223,1.129970654033197,0.29505535497976787,0.7916666666666666,0.4642857142857143,0,0,0.0
V15_allz,H02_re10_t2,H排名退出,2,,,,10,2,,,,,,,0.3359363676960403,0.34868304048397447,0.9471450740650263,-0.24437411555694022,0.3663651289930886,0.3487583913404715,0.7811434663869998,0.45255474452554745,3.562043795620438,-0.28633019060987364,34.928288723671976,-23.54456576373677,64.46596,0.0657955792,137,244,1,1.9918367346938775,0.1807231169098253,0.38252001390862755,-0.03369473551481217,0.8343723640493677,-0.2647303144258595,0.4788732394366197,0.42424242424242425,1,0,0.0
V15_allz,H02_re20_t2,H排名退出,2,,,,20,2,,,,,,,0.23335232620049196,0.24186280987238162,0.7384153770204135,-0.2777301536167529,0.28840460715106764,0.2626989740238119,0.7008022137431975,0.4715447154471545,3.967479674796748,-0.12887714856140153,17.99569315473608,-23.54456576373677,56.81588,0.05809248759999999,123,244,1,1.9918367346938775,0.1004381159150899,0.211586926932275,0.0179643728274006,0.4023786746658655,-0.09960198565864165,0.47619047619047616,0.4666666666666667,1,1,0.0
V15_allz,H02_re50_t2,H排名退出,2,,,,50,2,,,,,,,0.6620661399012753,0.6899843099063778,1.6659274002107698,-0.26490740024734794,0.5681654951322813,1.6372660577813818,1.64393295575887,0.5288461538461539,4.6923076923076925,0.44251926495639804,33.22269543252088,-13.855622971553416,49.10018,0.050128333600000005,104,244,1,1.9918367346938775,0.2160825338807,0.4096634068855942,0.17905177348209733,0.784851356204397,0.4775830203528546,0.6041666666666666,0.4642857142857143,0,1,0.0
V15_allz,H02_re100_t2,H排名退出,2,,,,100,2,,,,,,,0.45277381383681403,0.47067249585331994,1.3022233099756462,-0.27017811157743,0.42934129809470634,0.8977078857044669,1.2640063356134819,0.5714285714285714,6.337662337662338,1.2284790745280771,33.22269543252088,-31.243876592086075,36.12912,0.0369070024,77,244,1,1.9918367346938775,0.21874829835633763,0.4095822983822466,0.030641357729972007,1.2643865249816844,-0.1619328834683751,0.6111111111111112,0.5365853658536586,1,1,0.0
V17_allz,B01_hold10_t1,B持有期,1,10,,,,,,,,,,,-0.33655602573202914,-0.3454214488652608,-0.6782399868429879,-0.47071230847967827,-0.305541227769515,-0.40189215859484784,-0.7247078804405023,0.32,9.76,-2.834630711332231,19.304745472059604,-24.86617699581596,18.68098,0.019054599600000003,25,244,1,0.9959183673469387,0.03401317120500911,-0.0919458593377297,-0.2693783943498106,-0.22602179867625694,-0.22722908683706866,0.3076923076923077,0.3333333333333333,0,0,0.0
V17_allz,B01_hold20_t1,B持有期,1,20,,,,,,,,,,,-0.5505434402443645,-0.5621751218124033,-1.433246926281517,-0.5894454969230112,-0.6816804490238578,-0.5845419288799844,-1.7284361996708049,0.3076923076923077,18.76923076923077,-5.612351812150862,18.075118650968935,-35.45975294129947,9.43368,0.0096543336,13,244,1,0.9959183673469387,0.0539348781462575,-0.20980960186386421,-0.4312047313966444,-0.33702974706020417,-0.373338291910145,0.2857142857142857,0.3333333333333333,0,0,0.0
V17_allz,B02_hold2_t2,B持有期,2,2,,,,,,,,,,,0.16124788472734397,0.16695369192899978,0.6073383305278804,-0.21295036959520586,0.21175596708549815,0.10714434180477861,0.4786634180221074,0.45491803278688525,2.0,-0.30004029691960143,14.326093397534834,-10.509362203051198,116.9157,0.119326234,244,244,1,1.9918367346938775,0.07126817139021399,0.06654816578725886,0.08879085068810189,0.03175535534653173,0.07306866503535225,0.4596774193548387,0.45,4,0,0.0
V17_allz,B02_hold3_t2,B持有期,2,3,,,,,,,,,,,-0.05026177661550346,-0.05186622125349627,-0.0034132080240008612,-0.38013219391171715,-0.0010679260556807346,-0.23165904234575707,-0.08316860626046417,0.48148148148148145,3.0,-0.26462602114594724,20.481127997793358,-11.687236710411664,75.4214,0.077330328,162,244,2,1.9836734693877551,0.1052871838798609,0.17724897110588644,-0.19325627229698983,0.2436392004504615,-0.3821833877736077,0.524390243902439,0.4375,2,0,0.0
V17_allz,B02_hold5_t2,B持有期,2,5,,,,,,,,,,,-0.2924286380842498,-0.3004082467676068,-0.7578736821896054,-0.48332623433317234,-0.2770941234381751,-0.4512705223551291,-0.3800933986699507,0.4387755102040816,4.969387755102041,-1.159523265986101,41.81046480791728,-17.69396609242112,40.79748,0.043257979599999996,98,244,1,1.9877551020408164,0.041190439668833914,0.017553929027359416,-0.304635025494826,-0.16296808148292452,-0.34443422585721073,0.52,0.3541666666666667,1,0,0.0
V17_allz,B02_hold7_t2,B持有期,2,7,,,,,,,,,,,0.256147701431904,0.26557516631564093,0.899645015236566,-0.22212035507126515,0.2764854502756383,0.19445701740826538,0.6029632116122593,0.5,6.9714285714285715,0.12118277819195278,38.995744923747225,-15.795331196808714,33.9349,0.03461359800000001,70,244,1,1.9918367346938775,0.1357238847442665,0.11871182801473057,0.12285189981504585,0.12701496568282256,0.05984130981311542,0.5277777777777778,0.47058823529411764,0,0,0.0
V17_allz,B02_hold10_t2,B持有期,2,10,,,,,,,,,,,-0.20574088559340187,-0.21171678427828555,-0.42484194056679553,-0.44807060387281594,-0.1586280363196534,-0.5343897728091949,-0.4998294079186145,0.42,9.76,-1.455195462276998,47.5596783868115,-29.017401312665857,21.65868,0.022671603600000003,50,244,1,1.9918367346938775,0.03389662327129621,0.049070341896640945,-0.24289241370541736,-0.25398457288609955,-0.3758705111607348,0.4230769230769231,0.4166666666666667,1,0,0.0
V17_allz,B02_hold20_t2,B持有期,2,20,,,,,,,,,,,-0.3834655479771152,-0.39316488201069943,-0.9862906348671763,-0.5199301416919382,-0.39887423751577844,-0.6377844205692142,-0.6997511348869438,0.34615384615384615,18.76923076923077,-3.2502431522099418,49.99237675779793,-35.459752941299485,11.0445,0.011675109999999999,26,244,1,1.9918367346938775,0.036275468328722624,-0.029040698340583093,-0.365025443425696,-0.35976746649800817,-0.43424371540522655,0.35714285714285715,0.3333333333333333,0,0,0.0
V11_mixA,C01_nr_hold5_t1,C续持,1,5,,True,,,,,,,,,0.3128254671039885,0.3245935378917628,0.9943629812380342,-0.2029936472523427,0.3272051054903137,0.31324670983599834,0.8411704336064738,0.4897959183673469,4.979591836734694,-0.10197348689341412,23.49620048836274,-15.070540347541684,48.2452,0.049210104000000005,49,244,1,0.9959183673469387,0.22779700798999356,0.4127657577784316,-0.07074087839699494,0.5503393500676297,-0.15292951199444738,0.52,0.4583333333333333,0,0,0.0
V11_mixA,C02_nr_hold5_t2,C续持,2,5,,True,,,,,,,,,0.44213983262159173,0.4595558868642988,1.455538168331883,-0.18386689368405562,0.4062243805018956,0.98908762537537,1.3989373011988513,0.5102040816326531,4.979591836734694,0.3478465409195053,23.842736976184774,-15.070540347541694,47.7886,0.048744372,98,244,1,1.9918367346938775,0.1957058966083777,0.3526000698916478,0.06619825380987776,0.8212663437210719,0.09214538127982896,0.5,0.5208333333333334,2,0,0.0
V11_mixA,D01_h5_sl3_t1,D止损,1,5,,,,,0.03,,,,,,0.2564378273902146,0.2658770545469542,0.7860239248642739,-0.18156201419073903,0.3036974756229547,0.23991161277834072,0.7373178738040964,0.42857142857142855,4.339285714285714,-0.9049318691037589,21.29022122927935,-8.08550927837899,55.12136,0.0562237872,56,244,2,0.9918367346938776,0.1098288261186428,0.1000602513153468,0.1421536464824431,0.037067272464513135,0.1955941969239694,0.4444444444444444,0.41379310344827586,2,0,0.0
V11_mixA,D02_h5_sl3_t2,D止损,2,5,,,,,0.03,,,,,,0.4475957231585532,0.4652590608455909,1.4720991228053257,-0.1570288860728004,0.4097411587075833,1.091744553898348,1.4888251225055995,0.46017699115044247,4.300884955752212,-0.41701762583744584,23.842736976184774,-10.990231648682226,55.08424,0.05618592480000001,113,244,2,1.9836734693877551,0.2070278503097067,0.30006380470073357,0.11348052143623755,0.5810377109564999,0.3230200262793723,0.4909090909090909,0.43103448275862066,2,0,0.0
V11_mixA,D01_h5_sl5_t1,D止损,1,5,,,,,0.05,,,,,,1.4349084682388096,1.5069992386342248,3.1656832642262605,-0.14945683329230997,0.9350622850159408,2.715518557485106,2.402399960879919,0.5490196078431373,4.784313725490196,0.857009791363117,41.46025404181428,-8.832098020711786,50.35646,0.051363589200000004,51,244,1,0.9959183673469387,0.48986003160854713,1.3184752662186652,0.05021973005993852,2.371077522638709,0.10217535269755151,0.6538461538461539,0.44,0,0,0.0
V11_mixA,D02_h5_sl5_t2,D止损,2,5,,,,,0.05,,,,,,0.7093081583411518,0.7396177090858171,2.4820095087774083,-0.12964130651342665,0.5628592071628061,2.3564408960160557,2.016051650968572,0.4803921568627451,4.7745098039215685,-0.3322049578399433,41.46025404181428,-8.832098020711786,49.61848,0.0506108496,102,244,1,1.9877551020408164,0.3671666889100826,0.7716936273360673,-0.03521233470186369,2.7667190752703426,-0.10892189490527371,0.5576923076923077,0.4,2,0,0.0
V11_mixA,D01_h5_sl8_t1,D止损,1,5,,,,,0.08,,,,,,0.5536799137169754,0.5762884754119308,1.5350065565355338,-0.2008385589631826,0.49321761332270897,0.7031297459198074,1.5114435043205081,0.5102040816326531,4.979591836734694,0.857009791363117,23.49620048836274,-10.31464117777049,48.25562,0.049220732399999995,49,244,1,0.9959183673469387,0.2542709445769038,0.4127657577784316,0.09974346784857668,0.5503393500676297,0.09855287221182452,0.52,0.5,1,0,0.0
V11_mixA,D02_h5_sl8_t2,D止损,2,5,,,,,0.08,,,,,,0.5211907205012283,0.542257541150519,1.724938391998494,-0.17031383473742467,0.45550439876992155,1.4310566225066315,1.7513239907743976,0.5353535353535354,4.929292929292929,0.820605434533328,23.496200488362717,-14.487300825901016,48.27102,0.04923644040000001,99,244,1,1.9918367346938775,0.241365827916538,0.43415792619083926,0.06068564188154002,1.1564960099543091,0.1273179320921347,0.52,0.5510204081632653,1,0,0.0
V17_allz,D01_h5_sl5_t1,D止损,1,5,,,,,0.05,,,,,,0.15985615627916805,0.16550929894728705,0.5590500785175349,-0.32087261457071203,0.2529345559597055,0.11776624613884801,0.4558043954843497,0.4909090909090909,4.4363636363636365,-0.6098854602629711,41.87435808964921,-9.190519555824562,50.7425,0.05175735000000001,55,244,1,0.9959183673469387,0.04515099741475464,0.09836654269108736,0.055982780973485635,0.029089284792712666,0.08617032813046643,0.5555555555555556,0.42857142857142855,1,0,0.0
V17_allz,D02_h5_sl5_t2,D止损,2,5,,,,,0.05,,,,,,0.23503765002451127,0.2436154399596362,0.8044683802535815,-0.2196092357604964,0.2681079183805387,0.21012945565682895,0.6051042350317902,0.48598130841121495,4.5607476635514015,-0.5220323388187897,41.87435808964921,-10.788583039672272,51.03992,0.05206601839999999,107,244,1,1.9918367346938775,0.08028916639240435,0.13113529032106075,0.0918567041383338,0.11589342687085846,0.08444895051512535,0.5370370370370371,0.4339622641509434,1,0,0.0
V17_allz,D01_h5_sl8_t1,D止损,1,5,,,,,0.08,,,,,,0.5177855683107944,0.5386921717922748,1.384019886358035,-0.2539399733081704,0.4785478337222936,0.45542542742984726,0.9830917365268503,0.44,4.88,-0.4779439230761795,21.83937556252453,-12.576990851943703,48.69624,0.04967016480000001,50,244,1,0.9959183673469387,0.267951463734828,0.5664575013515372,-0.031071339630183714,0.5564635293087441,-0.06491517467407004,0.5,0.375,0,0,0.0
V17_allz,D02_h5_sl8_t2,D止损,2,5,,,,,0.08,,,,,,0.1251946037584013,0.12955461805030621,0.5115548822168321,-0.348648787768038,0.1845240066602628,-0.024213762587663057,0.31968785430889446,0.42574257425742573,4.8316831683168315,-0.5709680455716404,42.0152811551048,-12.576990851943714,47.9611,0.04896378200000001,101,244,1,1.9918367346938775,0.11762993539443248,0.25540878406308476,-0.1037225340125868,0.3693851683374587,-0.2874274820742958,0.5,0.3469387755102041,0,0,0.0
V17_allz,D01_h5_sl10_t1,D止损,1,5,,,,,0.1,,,,,,0.3123792393224212,0.3241285511834189,0.9180249505323436,-0.315632850656443,0.3433367881026429,0.2065378540477123,0.6243796290439797,0.46,4.88,-0.24064515040138623,21.83937556252453,-12.576990851943703,48.58298,0.04955463960000001,50,244,1,0.9959183673469387,0.23469702006889606,0.5527866097003125,-0.15482318618415203,0.5605402582782202,-0.2268460569040921,0.52,0.4,1,0,0.0
V17_allz,D02_h5_sl10_t2,D止损,2,5,,,,,0.1,,,,,,0.14684001202284014,0.15200336930371972,0.569557300267291,-0.31453153160856573,0.20053632960364487,0.025788942765451184,0.38610229382732986,0.42,4.88,-0.6710782988016917,42.0152811551048,-14.03058566342078,47.34238,0.04834811760000001,100,244,1,1.9918367346938775,0.11305820849388719,0.18063441659105162,-0.028623936498300084,0.20582933494426459,-0.14930835314861113,0.47058823529411764,0.3673469387755102,1,0,0.0
V17_allz,E01_h5_tp10_t1,E止盈,1,5,,,,,,0.1,,,,,-0.3271787686266313,-0.3358639508318426,-0.6698363844358114,-0.515054958422076,-0.2959839518597249,-0.381262301888583,-0.808989006644804,0.46938775510204084,4.959183673469388,-0.37217350515893477,10.67953704585829,-17.69396609242112,38.81342,0.0395896884,49,244,2,0.9918367346938776,0.03760081366173589,0.010354344385628211,-0.33407399580936636,-0.07676576510900424,-0.3298150407253153,0.6,0.3333333333333333,0,0,0.0
V17_allz,E02_h5_tp10_t2,E止盈,2,5,,,,,,0.1,,,,,-0.1955998038882627,-0.20131984302765715,-0.4350082737202395,-0.45317286266714474,-0.15348399727124384,-0.43298575060584865,-0.6364669359305944,0.46,4.87,-0.5852635753591073,12.344794528146164,-17.69396609242112,41.82058,0.0438599716,100,244,1,1.9877551020408164,0.03460741623216492,0.02806540559873638,-0.21755931895863967,-0.13434753413381129,-0.3449862713360542,0.49019607843137253,0.42857142857142855,2,0,0.0
V11_allz,B02_hold2_t2,B持有期,2,2,,,,,,,,,,,-0.08190819446603126,-0.08447699357258598,-0.18174578736858416,-0.3336883723184658,-0.04865857884864733,-0.20457077403795443,-0.24385870134773407,0.4959016393442623,2.0,-0.013321740064137222,10.086217278164167,-9.348899044961446,115.48186,0.1180571772,244,244,1,1.9918367346938775,0.10018311182344311,0.1175637926427251,-0.17848823344308795,0.21068266138105218,-0.342991147610323,0.532258064516129,0.4583333333333333,1,0,0.0
V11_allz,B02_hold3_t2,B持有期,2,3,,,,,,,,,,,0.3968533731401551,0.41224440938990403,1.6431755129375072,-0.19372938093015057,0.3587199879625428,1.0119672897364342,1.5818334336748332,0.5123456790123457,3.0,0.08519580901672485,19.18782017752758,-10.71331612992148,78.42672,0.07999525440000001,162,244,2,1.9836734693877551,0.2727509317830586,0.45835159213970766,-0.04216967933591442,1.481811662062079,-0.18931507958797456,0.5365853658536586,0.4875,1,0,0.0
V11_allz,B02_hold5_t2,B持有期,2,5,,,,,,,,,,,0.18985020733423497,0.196650833614205,0.8274355385678202,-0.20181378235973757,0.20547232704481733,0.2909403519157332,0.7458585545907684,0.45918367346938777,4.979591836734694,-0.2520414139193017,23.496200488362717,-14.173381944823028,47.36202,0.04830926039999999,98,244,1,1.9918367346938775,0.17141575547860613,0.2874107274602682,-0.07578041571744065,0.6681755346750426,-0.22613638368266442,0.52,0.3958333333333333,0,0,0.0
V11_allz,B02_hold7_t2,B持有期,2,7,,,,,,,,,,,-0.0399467419963514,-0.04122909887899151,-0.037029905976528055,-0.40822249886139816,-0.009186125845372484,-0.19377352172241535,-0.15510017264978102,0.5,6.9714285714285715,0.0008861755533939863,15.039720740568608,-13.71300796404633,33.79916,0.034475143199999995,70,244,1,1.9918367346938775,0.2112517248584449,0.41701151039490036,-0.32248026853635403,1.2116844019490887,-0.635469474050148,0.6944444444444444,0.29411764705882354,1,0,0.0
V11_allz,B02_hold10_t2,B持有期,2,10,,,,,,,,,,,0.0781950420545694,0.08085982357698818,0.4246948775497908,-0.2782773060184772,0.10930094651728595,0.05069831025521232,0.35656997301458315,0.56,9.76,0.602022796268542,19.304745472059604,-18.99786484468461,24.25974,0.024744934799999996,50,244,1,1.9918367346938775,0.13768613334010935,0.25599606796156715,-0.14156176953289556,0.2867783361294094,-0.18346596243166324,0.5769230769230769,0.5416666666666666,0,0,0.0
V11_allz,B02_hold20_t2,B持有期,2,20,,,,,,,,,,,-0.09739492158102714,-0.10042229524916824,-0.1925291431384015,-0.3982564064432811,-0.05710379878037308,-0.2957640242222035,-0.432981962200372,0.5,18.76923076923077,0.1374748096265921,29.465843404027424,-15.516853717865542,12.19658,0.012470551600000003,26,244,1,1.9918367346938775,0.11466327867504902,0.12092234746844666,-0.19476573871734582,-0.06349328451975755,-0.2480182318642925,0.42857142857142855,0.5833333333333334,0,0,0.0
V11_allz,C01_nr_hold2_t1,C续持,1,2,,True,,,,,,,,,0.1023073746440093,0.10583335959316442,0.47408331543177334,-0.2556455829673834,0.14477069512989538,0.08529975946379698,0.41967737151945944,0.48333333333333334,2.033333333333333,-0.15191055320621372,8.564503879146223,-7.807224007768355,117.77274,0.1201281948,120,244,1,0.9959183673469387,0.13390728626216467,0.1497204496105149,-0.04123878546525572,0.16657014217652222,-0.06966609188290707,0.47540983606557374,0.4915254237288136,1,0,0.0
V11_allz,C02_nr_hold2_t2,C续持,2,2,,True,,,,,,,,,0.12263112094470241,0.1268969270430087,0.571864778814545,-0.27930158638954783,0.15177808900800294,0.14648142230789696,0.5288477246181733,0.48739495798319327,2.046218487394958,-0.06361047585800583,11.939001033607433,-9.348899044961446,114.91924,0.11721762479999999,238,244,1,1.9877551020408164,0.12955133834245025,0.20904299577724283,-0.07147130013932268,0.4763635964829587,-0.2234423653908264,0.512396694214876,0.46153846153846156,3,0,0.0
V14_allz,H02_re50_t2,H排名退出,2,,,,50,2,,,,,,,0.17888776946491847,0.18526598602591404,0.6994266273327502,-0.20354813813464434,0.21144456662836275,0.23901200413790114,0.6627427788598098,0.5151515151515151,3.696969696969697,0.16809262129189317,23.053010648545992,-12.378193434412932,63.16494,0.06443103879999999,132,244,1,1.9918367346938775,0.14507725879403577,0.17640487357757073,0.0021105793958482444,0.3574521900729768,-0.08725182868407877,0.5373134328358209,0.49230769230769234,0,0,0.0
V14_allz,H02_re100_t2,H排名退出,2,,,,100,2,,,,,,,0.09725185713374329,0.10059578036677075,0.46009846055795744,-0.21050655539112473,0.14161747469543262,0.030543504728433035,0.31271644977189206,0.5092592592592593,4.518518518518518,0.11340828272844439,11.643606542080477,-14.659869830309802,51.67792,0.0527347784,108,244,1,1.9918367346938775,0.08435299812885894,0.016306557852016734,0.07964653839566482,-0.03457023134819692,0.06744533697936417,0.5,0.5185185185185185,0,0,0.0
V14_allz,H03_re20_sl8_t1,H排名退出,1,,,,20,2,0.08,,,,,,-0.10700559349546446,-0.11031304699277822,-0.06845249877069254,-0.2702427711061689,-0.02794136138311898,-0.11931097664089241,-0.07057156920965627,0.4794520547945205,3.328767123287671,-0.38045261435368793,23.053010648545992,-10.722163057277223,64.03396,0.0653146392,73,244,2,0.9918367346938776,0.030964559605065403,-0.12203731234077164,0.017121136304077078,-0.17375588254320817,0.06589445510353409,0.4722222222222222,0.4864864864864865,0,0,0.0
V14_allz,H04_re20_sl8_t2,H排名退出,2,,,,20,2,0.08,,,,,,-0.10980030631267546,-0.11318855168010244,-0.174612797908582,-0.28237318745939644,-0.05856660610517039,-0.3394369542470883,-0.3519431826219524,0.4726027397260274,3.335616438356164,-0.4449644230927974,23.053010648546014,-13.774889117064859,67.71058,0.0691740516,146,244,1,1.9877551020408164,0.05507870556958039,0.03537006790364394,-0.14021109815377497,-0.07105750613893158,-0.28890857063999853,0.4657534246575342,0.4794520547945205,0,0,0.0
V14_allz,H03_re50_sl8_t1,H排名退出,1,,,,50,2,0.08,,,,,,0.18069029846706197,0.1871377333260822,0.6556705806825244,-0.21668242202552968,0.22765606163882723,0.11203137347399772,0.47043042736844853,0.5076923076923077,3.753846153846154,0.1585111581254628,12.065790021645096,-13.774889117064859,63.6111,0.064883322,65,244,1,0.9959183673469387,0.1663672736509456,0.16357531202063735,0.014708963201276903,0.1654654003077276,-0.04584780193356286,0.5161290322580645,0.5,0,0,0.0
V14_allz,H04_re50_sl8_t2,H排名退出,2,,,,50,2,0.08,,,,,,0.2418778871319882,0.25072965745782416,0.9078440903522415,-0.13642318141446363,0.25816830103549904,0.4204162045714095,0.9007034369537451,0.5373134328358209,3.6417910447761193,0.4330134270868258,23.053010648545992,-13.774889117064859,64.2331,0.065520562,134,244,1,1.9918367346938775,0.16204383823494997,0.20247894586324988,0.032764765989689026,0.43792871215933316,-0.012178981781110654,0.5522388059701493,0.5223880597014925,0,0,0.0
V14_allz,I01_daily_t1_q0.3,I择时,1,1,,,,,,,,,,0.3,0.3551286643668672,0.36869840875138005,1.0722802678710375,-0.2263992228378897,0.36221268122580896,0.3453857298607539,0.9703068787462188,0.5027932960893855,1.0,0.01035685777877049,11.769409843177847,-8.646760389307339,174.84734,0.1783442868,179,244,66,0.7306122448979592,0.3639612677398638,0.07262156661085539,0.2633800275419065,0.05107249947753756,0.28001230222416873,0.4948453608247423,0.5121951219512195,0,0,0.0
V14_allz,I02_daily_t1_q0.5,I择时,1,1,,,,,,,,,,0.5,0.30561320069292375,0.3170787118781788,0.9932989986778673,-0.2027402634782357,0.3195786508511558,0.3052594150712997,0.9482556608636074,0.5138888888888888,1.0,0.12675827847726806,11.769409843177847,-8.646760389307339,140.09318,0.14289504360000002,144,244,101,0.5877551020408164,0.4607334483256282,-0.04997311107907043,0.37429078683854833,-0.06219097504111204,0.39181792916582325,0.49382716049382713,0.5396825396825397,0,0,0.0
V16_allz,J03_h10_rat30_15_sl8_t1,J利润锁定,1,10,,,,,0.08,,,0.3,0.15,,1.1767729793983,1.2330013129665014,2.451577556713396,-0.20474424042509165,0.8376755562136832,1.3094492534405546,1.165017007185034,0.5384615384615384,9.346153846153847,2.097049726567035,102.55753772639386,-10.765867541105989,25.67392,0.026187398400000002,26,244,2,0.9918367346938776,0.3424060809746682,1.3521405824648882,-0.07455659936907844,1.7744916390453405,-0.16761354731088673,0.6153846153846154,0.46153846153846156,0,0,0.0
V16_allz,J04_h10_rat30_15_sl8_t2,J利润锁定,2,10,,,,,0.08,,,0.3,0.15,,0.7770442159922255,0.8108607737551097,2.284849953223873,-0.22195983683369813,0.6122389831695376,1.8158383828090883,1.3008968498534097,0.5178571428571429,8.696428571428571,0.5011443156535234,102.55753772639386,-10.765867541105989,27.12256,0.0276650112,56,244,1,1.9877551020408164,0.31469118115945444,1.0252724995950948,-0.12256537510507648,4.05445369455293,-0.44289955888929156,0.6153846153846154,0.43333333333333335,0,0,0.0
V17_allz,A01_daily_top1,A基线,1,1,,,,,,,,,,,-0.031168096705727844,-0.0321733860986636,0.13424617752832985,-0.4722541159744307,0.05567189026536512,-0.08354933510758689,0.038537582322950945,0.4773662551440329,1.0,-0.1648502207036162,12.57446920009948,-9.043854606386025,209.39098,0.2135787996,243,244,2,0.9918367346938776,0.07209333300994158,-0.05985232494161363,0.03051034321188184,-0.12100182851312358,0.04260815849273447,0.4715447154471545,0.48333333333333334,3,0,0.0
V17_allz,A02_daily_top2,A基线,2,1,,,,,,,,,,,0.004716459082570568,0.004871473142260996,0.1913464672466165,-0.3716836870388528,0.06656667380820291,-0.19809643703155255,-0.02016766503489646,0.4773662551440329,1.0,-0.10197348689341412,12.574469200099458,-9.059572471535615,216.06334,0.2248360168,486,244,2,1.9836734693877551,0.05090228011998265,0.03351121560194392,-0.027861097281468128,-0.040705695333490666,-0.16406929649475688,0.4878048780487805,0.4666666666666667,6,0,0.0
V17_allz,B01_hold2_t1,B持有期,1,2,,,,,,,,,,,0.37496628390472253,0.3893965441671823,0.9742971035441652,-0.17294064572512657,0.4077331735379045,0.2787642209501773,0.7942067750135094,0.4672131147540984,2.0,-0.10197348689341412,14.326093397534834,-8.859249799049884,118.26696,0.1206322992,122,244,1,0.9959183673469387,0.07758215060286923,0.057583963985067044,0.30010129760641613,0.008221895664038303,0.26833609391904134,0.45161290322580644,0.48333333333333334,2,0,0.0
V17_allz,B01_hold3_t1,B持有期,1,3,,,,,,,,,,,-0.22406951723380408,-0.2304967704306362,-0.42695329865041176,-0.5160214784377254,-0.17102588096464555,-0.2736018643925556,-0.5608031945636966,0.48148148148148145,3.0,-0.259536933320903,9.373584845962025,-11.687236710411675,66.81852,0.06815489040000001,81,244,2,0.9918367346938776,0.05193086037973977,-0.045831985165717404,-0.1867988963128704,-0.09348116694670172,-0.1986949315097838,0.4878048780487805,0.475,1,0,0.0
V17_allz,B01_hold5_t1,B持有期,1,5,,,,,,,,,,,-0.3486500310707096,-0.3577413667704754,-0.712847393939932,-0.515054958422076,-0.3230944191163725,-0.39722303382995294,-0.8148944087500981,0.4489795918367347,4.979591836734694,-0.45998246364628015,18.890826749525512,-17.69396609242112,38.77036,0.0395457672,49,244,1,0.9959183673469387,0.03498837090008093,0.010354344385628211,-0.3553252158030159,-0.07676576510900424,-0.3471028874473927,0.6,0.2916666666666667,0,0,0.0
V17_allz,B01_hold7_t1,B持有期,1,7,,,,,,,,,,,-0.07634567677236181,-0.07874760442763862,0.014346931197626837,-0.3660970608509909,0.005855161205450932,-0.14693750385280235,-0.09650052173585875,0.5142857142857142,6.9714285714285715,0.3443390432773086,17.344470829741134,-15.795331196808727,32.81526,0.0334715652,35,244,1,0.9959183673469387,0.06852534071755764,0.14035459641649317,-0.1900288505608898,0.15334773078042585,-0.26035967004507543,0.5555555555555556,0.47058823529411764,0,0,0.0
V11_allz,G01_h10_tr5_t1,G移动止损,1,10,,,,,,,0.05,,,,0.4384904415734552,0.4557414850363466,1.17048608027873,-0.2561239597722881,0.4335233230109514,0.44244415892161815,0.8288879379704568,0.5333333333333333,8.1,0.3798510267169708,59.98569616573675,-10.990231648682226,29.29488,0.029880777600000002,30,244,2,0.9918367346938776,0.1378211554496425,0.17199970064730152,0.22738123634244078,0.1425878119235302,0.26243615052508207,0.6428571428571429,0.4375,0,0,0.0
V11_allz,G02_h10_tr5_t2,G移动止损,2,10,,,,,,,0.05,,,,0.42946413320809684,0.44630840777661884,1.5185874674932072,-0.19851546265916786,0.39153796325049683,0.908695979559428,1.1808994407023305,0.4838709677419355,7.838709677419355,-0.8462120759567371,59.98569616573675,-10.990231648682226,30.02368,0.0306241536,62,244,2,1.9836734693877551,0.20249376643359346,0.24379872534748004,0.14927287195020122,0.43121636040102707,0.33361805550113366,0.5666666666666667,0.40625,0,0,0.0
V11_allz,G01_h10_tr8_t1,G移动止损,1,10,,,,,,,0.08,,,,0.3460005691259871,0.3591776832610287,1.0368314600604172,-0.2893814521018093,0.3571910896220458,0.34663903546960384,0.7202664084862611,0.42857142857142855,8.678571428571429,-1.1144626806376012,59.98569616573675,-9.513380872660482,27.3052,0.027851304000000004,28,244,2,0.9918367346938776,0.11725720329256871,0.10241518679351524,0.22095612002676202,0.0650404054139162,0.26440182797219536,0.42857142857142855,0.42857142857142855,0,0,0.0
V11_allz,G02_h10_tr8_t2,G移动止损,2,10,,,,,,,0.08,,,,0.01800290272808036,0.018598617654479677,0.19947333536695852,-0.32682328659764903,0.04978906822788853,-0.045990822092834116,0.15902333303254382,0.5185185185185185,9.018518518518519,0.3184401545796023,17.75376480084354,-13.85161194850264,25.97658,0.0264961116,54,244,1,1.9877551020408164,0.13854522283811702,0.27288698612633433,-0.2002409374723203,0.49177250384842397,-0.36048614956634095,0.6296296296296297,0.4074074074074074,0,0,0.0
V11_allz,G01_h10_tr12_t1,G移动止损,1,10,,,,,,,0.12,,,,0.12025589060203834,0.12443458437700117,0.5327643879205682,-0.22053064052564153,0.15933881043933495,0.1227996690490365,0.5638607038840892,0.6,9.76,1.0881932602285316,10.959868597004018,-11.671665663663354,24.49496,0.0249848592,25,244,1,0.9959183673469387,0.12652530126173908,0.19922697712456316,-0.0658516594680656,0.14664022842182356,-0.02079166488480877,0.6923076923076923,0.5,0,0,0.0
V11_allz,G02_h10_tr12_t2,G移动止损,2,10,,,,,,,0.12,,,,0.0698501021867386,0.07222107718779847,0.40350036900474157,-0.25174498810099566,0.09759799847620587,0.04743335250199121,0.34011704236595564,0.52,9.74,0.3798510267169708,19.304745472059604,-14.361465388581296,24.22136,0.024705787199999996,50,244,1,1.9877551020408164,0.1398560126856877,0.25599606796156715,-0.14820585073720527,0.2867783361294094,-0.18600327415159978,0.5769230769230769,0.4583333333333333,0,0,0.0
V11_allz,G03_h20_tr8_t1,G移动止损,1,20,,,,,,,0.08,,,,0.28697210427921194,0.2976619309475079,1.0010654080991201,-0.19037628150166352,0.2974197490609414,0.2762746505890161,0.7867304478259969,0.375,15.25,-1.0047512606401299,29.465843404027424,-8.06738215543633,15.61744,0.0159297888,16,244,1,0.9959183673469387,0.20645681402486818,0.22460985391502075,0.05092417814932704,0.12117034192573906,0.1383414302565904,0.42857142857142855,0.3333333333333333,0,0,0.0
V11_allz,G03_h20_tr12_t1,G移动止损,1,20,,,,,,,0.12,,,,0.014084598191814734,0.01454973183872954,0.21570074788001228,-0.2886420847984459,0.07433885079796754,-0.018106417955021548,0.11556683549782175,0.35714285714285715,17.428571428571427,-1.0047512606401299,29.465843404027424,-10.042570749786883,13.63554,0.013908250800000002,14,244,1,0.9959183673469387,0.1636303612934087,0.205742848037209,-0.15895449859593935,0.09987326278983799,-0.10726661401478488,0.42857142857142855,0.2857142857142857,0,0,0.0
V11_mixA,B01_hold2_t1,B持有期,1,2,,,,,,,,,,,0.34063799335625333,0.353585431111197,1.1237175855756043,-0.1445991356937374,0.3398257421124482,0.38189503550973836,1.136274381314348,0.5327868852459017,2.0,0.1692762528973768,8.421156121528206,-9.348899044961456,120.35666,0.1227637932,122,244,1,0.9959183673469387,0.2107110541395396,0.3420561058503273,-0.0010566715414455086,0.4201168131837667,-0.0269145307760551,0.5483870967741935,0.5166666666666667,1,0,0.0
V11_mixA,B01_hold3_t1,B持有期,1,3,,,,,,,,,,,0.8003024552185061,0.8353439160465652,2.3685693136986594,-0.15678192346251152,0.6237030824062688,1.1431601604819477,1.9840203495006226,0.5802469135802469,3.0,0.627763788714164,19.18782017752758,-9.489204168418564,79.90542,0.08150352840000001,81,244,2,0.9918367346938776,0.3725608419154084,0.5986127831890096,0.1261654317733858,0.8414485090520112,0.163844739587782,0.5853658536585366,0.575,0,0,0.0
V11_mixA,B01_hold5_t1,B持有期,1,5,,,,,,,,,,,0.3128254671039885,0.3245935378917628,0.9943629812380342,-0.2029936472523427,0.3272051054903137,0.31324670983599834,0.8411704336064738,0.4897959183673469,4.979591836734694,-0.10197348689341412,23.49620048836274,-15.070540347541684,48.2452,0.049210104000000005,49,244,1,0.9959183673469387,0.22779700798999356,0.4127657577784316,-0.07074087839699494,0.5503393500676297,-0.15292951199444738,0.52,0.4583333333333333,0,0,0.0
V11_mixA,B01_hold7_t1,B持有期,1,7,,,,,,,,,,,0.9239588502106599,0.9656838678471855,2.5823494391756068,-0.2096109618562978,0.6914551940783576,1.3464432338245245,1.994339786255925,0.6,6.9714285714285715,1.2228275076405115,25.58885056992377,-11.105938394583948,34.61906,0.0353114412,35,244,1,0.9959183673469387,0.4189696250949323,0.928007633047071,-0.002099982783787757,1.6713938619424704,-0.12164085301957772,0.7777777777777778,0.4117647058823529,0,0,0.0
V11_mixA,B01_hold10_t1,B持有期,1,10,,,,,,,,,,,0.005606846091957829,0.005791208404910098,0.17482766273152883,-0.32665280353049,0.05358322250948744,-0.02985455921686586,0.09621577130720965,0.52,9.76,0.3328679818059399,19.304745472059604,-18.99786484468463,24.65822,0.025151384400000008,25,244,1,0.9959183673469387,0.16596348139270406,0.3376515710393375,-0.24822960787119208,0.2895604816796773,-0.2476929507645108,0.5384615384615384,0.5,0,0,0.0
V11_mixA,B01_hold20_t1,B持有期,1,20,,,,,,,,,,,-0.06637716840700647,-0.06847722188571892,-0.019498344513188742,-0.3988268744419159,-0.00678305488599662,-0.10953515185724338,-0.09950662664603106,0.46153846153846156,18.76923076923077,-0.3455155252813369,29.465843404027424,-15.513516083673483,12.66596,0.012919279199999996,13,244,1,0.9959183673469387,0.17848740568806518,0.27072979037532297,-0.26528610672042263,0.13447014146632563,-0.21508304573638837,0.42857142857142855,0.5,0,0,0.0
V11_mixA,B02_hold2_t2,B持有期,2,2,,,,,,,,,,,0.449953724185127,0.4677241544758506,1.749478202929889,-0.1736636444337798,0.39833206129572507,1.2013909940076783,1.6919271397843874,0.5286885245901639,2.0,0.1807105337077286,16.73138733656263,-9.348899044961446,118.47594,0.1208468188,244,244,1,1.9918367346938775,0.29189097219717214,0.5898864064906015,-0.08801426424819403,2.0100619869891885,-0.268655926847002,0.5887096774193549,0.4666666666666667,3,0,0.0
V11_mixA,B02_hold3_t2,B持有期,2,3,,,,,,,,,,,0.8750624464872008,0.91411079041379,3.0080587598680313,-0.09603785786473407,0.6535243445687066,3.9153900825888845,2.8142761454162764,0.5617283950617284,3.0,0.6599150099008799,28.782026107174396,-9.489204168418564,78.7244,0.08029888800000001,162,244,2,1.9836734693877551,0.3555859177864431,0.7478948723754342,0.07275470402801831,3.154847903872116,0.18304934291529218,0.573170731707317,0.55,1,0,0.0
V17_allz,H02_re10_t2,H排名退出,2,,,,10,2,,,,,,,0.2815384750427763,0.292003929620664,0.9558888936361855,-0.31038054438912344,0.29755118278838955,0.3124848178396493,0.7393814703662378,0.5,3.2972972972972974,0.0028509490027806006,25.48755765472359,-12.515152658614603,70.7895,0.07227731000000001,148,244,1,1.9918367346938775,0.1857886426851431,0.2988373038327774,-0.01331870338105745,0.5549843933807141,-0.15594984526747757,0.5342465753424658,0.4666666666666667,1,0,0.0
V17_allz,H02_re20_t2,H排名退出,2,,,,20,2,,,,,,,0.15558996068221975,0.1610820201729235,0.5841832712666618,-0.35090104195144445,0.21193980968046566,0.04966556491629093,0.40772739812278136,0.5035460992907801,3.4539007092198584,0.06619136888161847,19.636484257682763,-14.203189630009028,66.75216,0.0681961432,141,244,1,1.9877551020408164,0.08790223614902389,0.20307122038265635,-0.03946670728714996,0.282726950384814,-0.18169212504547838,0.5294117647058824,0.4794520547945205,1,0,0.0
V17_allz,H02_re50_t2,H排名退出,2,,,,50,2,,,,,,,-0.0744879122031804,-0.07683385592714242,-0.01261825246414033,-0.4898636692808854,-0.0047490572346495785,-0.296876697511535,-0.19616124457261258,0.5128205128205128,4.170940170940171,0.06733050422977893,28.40163451006148,-14.203189630009028,53.24394,0.05480832880000001,117,244,1,1.9918367346938775,0.0703581048998015,0.15336432272665013,-0.19755443309636023,0.1547658264174947,-0.3911117852614231,0.5932203389830508,0.43103448275862066,1,0,0.0
V17_allz,H02_re100_t2,H排名退出,2,,,,100,2,,,,,,,0.27862609993558296,0.28897161668794613,0.9806327223257235,-0.19371043655223663,0.2909329142016417,0.27754565312240054,0.7160523971195671,0.5686274509803921,4.7745098039215685,0.4833451561860991,25.48755765472359,-19.057289752982275,49.00052,0.0500037904,102,244,1,1.9877551020408164,0.15615202470148526,0.21969511057225022,0.048316164304111675,0.38822224449789977,-0.07972541270978528,0.5918367346938775,0.5471698113207547,1,0,0.0
V17_allz,H03_re20_sl8_t1,H排名退出,1,,,,20,2,0.08,,,,,,0.4451752505531532,0.4627287953133963,1.1456892747734302,-0.17944596975824056,0.4447373522364817,0.3872605573027541,1.0242428902563137,0.5416666666666666,3.388888888888889,0.3114858151929689,13.816309287598806,-10.73504703805913,70.60972,0.07202191440000001,72,244,1,0.9959183673469387,0.158182677076206,0.2247389111950575,0.17998639329830945,0.167892067378405,0.18783284521896904,0.5882352941176471,0.5,2,0,0.0
V17_allz,H04_re20_sl8_t2,H排名退出,2,,,,20,2,0.08,,,,,,0.35625041156701776,0.36986855146066633,1.130299427206377,-0.3007741880090816,0.3553279254423247,0.5716822882152743,1.019761647485288,0.5347222222222222,3.3819444444444446,0.3114858151929689,19.636484257682763,-10.788583039672272,69.1554,0.070575788,144,244,1,1.9877551020408164,0.19730677373757755,0.35163611478436896,0.003413860233664856,0.7339082683871412,-0.09356087812117453,0.5714285714285714,0.5,2,0,0.0
V17_allz,H03_re50_sl8_t1,H排名退出,1,,,,50,2,0.08,,,,,,0.017349195005973206,0.01792308892628114,0.24728665000096134,-0.4061880427234713,0.09934173104373611,-0.044637985262297564,0.08763619345933014,0.5245901639344263,4.0,0.2244480252290515,11.882292307470088,-10.341470804728525,58.01722,0.05917756439999999,61,244,1,0.9959183673469387,0.09407143094530433,0.29131419887701093,-0.21215983229278434,0.25861676314755977,-0.24094288054091595,0.6071428571428571,0.45454545454545453,1,0,0.0
V17_allz,H04_re50_sl8_t2,H排名退出,2,,,,50,2,0.08,,,,,,0.12930411743850456,0.1338155707287465,0.5391929586266706,-0.39977525431747307,0.17664721843170095,0.1576949112816648,0.553766509052388,0.532258064516129,3.935483870967742,0.5119867256535904,20.515274776986093,-11.687236710411664,58.95246,0.060267249200000005,124,244,1,1.9918367346938775,0.14548980750730212,0.29225971732324774,-0.12610127646962843,0.5905303823396031,-0.27213279033453963,0.6290322580645161,0.43548387096774194,1,0,0.0
V17_allz,G03_h20_tr8_t1,G移动止损,1,20,,,,,,,0.08,,,,-0.46172862279645355,-0.47254956273733784,-1.2196066651796573,-0.5652728728695586,-0.5237907189446491,-0.4958115340783671,-2.6678847719392125,0.25,12.2,-3.7165577065921385,9.16349730449686,-10.341470804728525,14.5469,0.014837837999999999,20,244,1,0.9959183673469387,0.02350327446438137,-0.12485191345340507,-0.3849368061494487,-0.20085074422939797,-0.36909349250978796,0.375,0.16666666666666666,0,1,0.0
V17_allz,G03_h20_tr12_t1,G移动止损,1,20,,,,,,,0.12,,,,-0.5725843617936224,-0.5843314727718705,-1.3533449188775604,-0.6637038402657136,-0.7044732469105423,-0.606403672275093,-2.071197831280702,0.2777777777777778,13.555555555555555,-6.464266336681662,14.979641840555358,-18.508250761526522,13.09284,0.0133610968,18,244,1,0.9959183673469387,0.03316328771353673,0.069069544164849,-0.6001984711478501,-0.11100187691399965,-0.5572585391309863,0.5,0.1,0,0,0.0
V17_allz,G03_h20_tr20_t1,G移动止损,1,20,,,,,,,0.2,,,,-0.42562795943366216,-0.4359754741401316,-1.056997794526962,-0.5119335716932047,-0.4575636340336211,-0.463703663842432,-1.5736661221417996,0.3076923076923077,18.76923076923077,-5.612351812150862,18.075118650968935,-18.720985754712938,9.76436,0.009959647200000001,13,244,1,0.9959183673469387,0.03448920251784951,-0.20980960186386421,-0.2731219691847182,-0.33702974706020417,-0.19107028742318422,0.2857142857142857,0.3333333333333333,0,0,0.0
V17_allz,H01_re3_t1,H排名退出,1,,,,3,2,,,,,,,0.14914628157791565,0.15439605691466673,0.5402374460127395,-0.4009293105615569,0.23492044100748688,0.07891266778987638,0.3952388388140045,0.45569620253164556,3.088607594936709,-0.3654096048334443,13.816309287598806,-10.341470804728525,75.14754,0.07665049080000001,79,244,1,0.9959183673469387,0.07542559501710402,0.19539786178328233,-0.03869136936247286,0.13659805715006867,-0.05075267285326368,0.475,0.4358974358974359,1,0,0.0
V17_allz,H01_re5_t1,H排名退出,1,,,,5,2,,,,,,,-0.13546437213646978,-0.13958058107723492,-0.08477864220192649,-0.530976755759585,-0.0388062566314189,-0.1827764159783063,-0.18193052757094128,0.4230769230769231,3.128205128205128,-0.6375751048385003,13.816309287598806,-10.788583039672272,65.74616,0.0670610832,78,244,1,0.9959183673469387,0.04466681190448553,-0.07427182923956,-0.06610206411525987,-0.12412795970825952,-0.06696007358621947,0.42105263157894735,0.425,1,0,0.0
V17_allz,H01_re10_t1,H排名退出,1,,,,10,2,,,,,,,0.004641472228485766,0.004794015848793354,0.23688037327454964,-0.3869015226875743,0.10535208068194746,-0.06602054452637063,0.11267698512867146,0.48,3.2533333333333334,-0.32218055023752745,25.487557654723613,-12.515152658614603,66.98236,0.0683220072,75,244,1,0.9959183673469387,0.04411330156040943,-0.047314078841979135,0.05453586530103349,-0.09954227639029278,0.03722743554193997,0.4722222222222222,0.48717948717948717,1,0,0.0
V17_allz,H01_re20_t1,H排名退出,1,,,,20,2,,,,,,,-0.2972065955957268,-0.3052866674551642,-0.5442775579017746,-0.5245283131145564,-0.24699363493465365,-0.33513047154390174,-0.7392451954511456,0.5,3.588235294117647,-0.07619899825654919,13.816309287598806,-14.203189630009039,52.50574,0.0535558548,68,244,1,0.9959183673469387,0.029051085698026127,-0.1334800915790504,-0.1889471925867614,-0.17516061639473768,-0.19394061235286475,0.5151515151515151,0.4857142857142857,0,0,0.0
V17_allz,H01_re50_t1,H排名退出,1,,,,50,2,,,,,,,-0.24507978651316842,-0.25200652407761537,-0.3913851829724374,-0.47681289922573555,-0.17654566959109397,-0.2639785440170528,-0.3443289357310689,0.48214285714285715,4.357142857142857,-0.2709545254902246,28.403266868367805,-14.203189630009039,43.33856,0.0442053312,56,244,1,0.9959183673469387,0.029367445832572652,-0.011817315924979255,-0.2360519713078486,-0.06280810099650169,-0.21465234946487777,0.5384615384615384,0.43333333333333335,1,0,0.0
V11_mixA,B02_hold5_t2,B持有期,2,5,,,,,,,,,,,0.5177167392296975,0.5386201069088672,1.844908340496144,-0.12079066251323534,0.44766638644702716,1.419514588528655,1.7916855258111135,0.5306122448979592,4.979591836734694,0.8361579490733018,23.496200488362717,-15.070540347541694,47.67848,0.0486320496,98,244,1,1.9918367346938775,0.2512567565956611,0.43415792619083926,0.05826332756866681,1.1564960099543091,0.12196571538285284,0.52,0.5416666666666666,0,0,0.0
V11_mixA,B02_hold7_t2,B持有期,2,7,,,,,,,,,,,0.7539916537870865,0.7866045054669615,2.571802872720306,-0.16218254300048707,0.5894278392937472,2.654114959380366,2.2295534080452235,0.5714285714285714,6.9714285714285715,0.5375427785601072,25.588850569923792,-12.776847562019478,34.18276,0.03486641520000001,70,244,1,1.9918367346938775,0.31743282076705764,0.6121534068406354,0.08798061421736114,2.283652562086673,0.11282021781813434,0.6944444444444444,0.4411764705882353,1,0,0.0
V11_mixA,B02_hold10_t2,B持有期,2,10,,,,,,,,,,,0.4759873618663055,0.49494884484230894,1.596583941492131,-0.17038050560791718,0.4260095197468534,1.0635555590108083,1.297196118973786,0.54,9.76,0.8903068631759048,47.75288282866359,-24.639540651437265,24.29508,0.0247809816,50,244,1,1.9918367346938775,0.1945338475246506,0.3364424446517802,0.10441520902973389,0.4496349474884045,0.4235001457339753,0.46153846153846156,0.625,0,0,0.0
V11_mixA,B02_hold20_t2,B持有期,2,20,,,,,,,,,,,0.38968189472604053,0.40475682312438743,1.2978018697990956,-0.24361925619242908,0.37119425311701526,0.5944900938971869,0.9268791823096157,0.5769230769230769,18.76923076923077,0.7638144801305979,66.32344365168612,-32.34897898354057,12.6146,0.012866891999999998,26,244,1,1.9918367346938775,0.23140085842219085,0.4753159141107519,-0.058044530371875624,0.618190461871045,-0.014646216580991522,0.5,0.6666666666666666,0,0,0.0
V11_mixA,C01_nr_hold2_t1,C续持,1,2,,True,,,,,,,,,1.0627666017718922,1.1123210657418725,2.6350674409837382,-0.10981108248507432,0.7679406284806708,1.8594339590006488,2.8342279168733815,0.5785123966942148,2.0082644628099175,0.24455686582147695,13.116920648623509,-6.551909406780054,119.39308,0.12178094160000003,121,244,2,0.9918367346938776,0.32278770724752337,0.5677973859053731,0.31570993823330373,0.8082123958609757,0.581359560163359,0.5737704918032787,0.5833333333333334,2,0,0.0
V11_mixA,C02_nr_hold2_t2,C续持,2,2,,True,,,,,,,,,0.5858237178908534,0.609980602931175,1.9755204273879035,-0.09490861521893001,0.4933603532009183,1.9344571566851831,2.265670345663413,0.5714285714285714,2.042016806722689,0.29049003117225247,13.116920648623509,-9.305356780522278,115.71878,0.11803315560000002,238,244,2,1.9836734693877551,0.23497630227234445,0.3916595755729293,0.13951985508955178,1.121673283131925,0.3830862555583783,0.5819672131147541,0.5603448275862069,3,0,0.0
V11_mixA,C01_nr_hold3_t1,C续持,1,3,,True,,,,,,,,,0.8003024552185061,0.8353439160465652,2.3685693136986594,-0.15678192346251152,0.6237030824062688,1.1431601604819477,1.9840203495006226,0.5802469135802469,3.0,0.627763788714164,19.18782017752758,-9.489204168418564,79.90542,0.08150352840000001,81,244,2,0.9918367346938776,0.3725608419154084,0.5986127831890096,0.1261654317733858,0.8414485090520112,0.163844739587782,0.5853658536585366,0.575,0,0,0.0
V11_mixA,C02_nr_hold3_t2,C续持,2,3,,True,,,,,,,,,0.6096673138387276,0.6349872071702158,2.2413029230272024,-0.16328129929864732,0.50209330112954,1.9186477791546293,2.1141122724660453,0.5590062111801242,3.0248447204968945,0.5284932223928118,19.18782017752758,-9.489204168418564,78.25332,0.0798183864,161,244,1,1.9877551020408164,0.30192038534589827,0.5947186832567124,0.009373835485194881,1.9964833800604316,-0.02597564913049244,0.573170731707317,0.5443037974683544,1,0,0.0
V11_allz,E01_h5_tp30_t1,E止盈,1,5,,,,,,0.3,,,,,0.16814124534770825,0.17410874039749324,0.6681803048531533,-0.16830182639166413,0.2021924997291219,0.15915481717319735,0.6032603505764546,0.4489795918367347,4.979591836734694,-0.22077801067028613,10.367280908143828,-11.421611026294464,47.97984,0.04893943679999999,49,244,1,0.9959183673469387,0.0766606017734095,0.05876398414008399,0.10330655636766828,0.07949236067988741,0.07379622070056846,0.48,0.4166666666666667,0,0,0.0
V11_allz,E02_h5_tp30_t2,E止盈,2,5,,,,,,0.3,,,,,0.18985020733423497,0.196650833614205,0.8274355385678202,-0.20181378235973757,0.20547232704481733,0.2909403519157332,0.7458585545907684,0.45918367346938777,4.979591836734694,-0.2520414139193017,23.496200488362717,-14.173381944823028,47.36202,0.04830926039999999,98,244,1,1.9918367346938775,0.17141575547860613,0.2874107274602682,-0.07578041571744065,0.6681755346750426,-0.22613638368266442,0.52,0.3958333333333333,0,0,0.0
V11_allz,F01_h5_sl8_tp15_t1,F组合,1,5,,,,,0.08,0.15,,,,,0.10934121642627592,0.11312181697131551,0.49104121456973265,-0.29240947661014327,0.15343261776255568,0.09754512131920268,0.457604732089017,0.5306122448979592,4.979591836734694,0.45654051734258516,10.664458010148149,-7.686208482346302,47.76858,0.04872395160000001,49,244,1,0.9959183673469387,0.07667749399878766,0.05876398414008399,0.047770072503239946,0.07949236067988741,0.01672337970779636,0.48,0.5833333333333334,0,0,0.0
V11_allz,F02_h5_sl8_tp15_t2,F组合,2,5,,,,,0.08,0.15,,,,,0.25134011729183303,0.2605730065160008,1.031518829399717,-0.18668471549215082,0.2556870071405897,0.43757275840831666,0.9174052189211972,0.5252525252525253,4.91919191919192,0.45654051734258516,23.842736976184774,-9.723127900724348,47.9164,0.048874728000000006,99,244,1,1.9877551020408164,0.1892641526418574,0.2349290648202551,0.013289064885656066,0.547692835461399,-0.07115111896234438,0.56,0.4897959183673469,0,0,0.0
V11_allz,F01_h5_sl8_tp25_t1,F组合,1,5,,,,,0.08,0.25,,,,,0.10934121642627592,0.11312181697131551,0.49104121456973265,-0.29240947661014327,0.15343261776255568,0.09754512131920268,0.457604732089017,0.5306122448979592,4.979591836734694,0.45654051734258516,10.664458010148149,-7.686208482346302,47.76858,0.04872395160000001,49,244,1,0.9959183673469387,0.07667749399878766,0.05876398414008399,0.047770072503239946,0.07949236067988741,0.01672337970779636,0.48,0.5833333333333334,0,0,0.0
V11_allz,F02_h5_sl8_tp25_t2,F组合,2,5,,,,,0.08,0.25,,,,,0.30955428404307916,0.3211849582354984,1.213221651204784,-0.1695062569250977,0.30132320564659665,0.6135183411687695,1.1068235463497993,0.5050505050505051,4.91919191919192,0.008617228547147526,23.842736976184774,-9.513380872660516,47.9118,0.048870036,99,244,1,1.9877551020408164,0.19685675871072844,0.2874107274602682,0.017200071516021875,0.6681755346750426,-0.032764653581207726,0.52,0.4897959183673469,0,0,0.0
V11_allz,F01_h5_sl8_tp40_t1,F组合,1,5,,,,,0.08,0.4,,,,,0.10934121642627592,0.11312181697131551,0.49104121456973265,-0.29240947661014327,0.15343261776255568,0.09754512131920268,0.457604732089017,0.5306122448979592,4.979591836734694,0.45654051734258516,10.664458010148149,-7.686208482346302,47.76858,0.04872395160000001,49,244,1,0.9959183673469387,0.07667749399878766,0.05876398414008399,0.047770072503239946,0.07949236067988741,0.01672337970779636,0.48,0.5833333333333334,0,0,0.0
V11_allz,F02_h5_sl8_tp40_t2,F组合,2,5,,,,,0.08,0.4,,,,,0.30955428404307916,0.3211849582354984,1.213221651204784,-0.1695062569250977,0.30132320564659665,0.6135183411687695,1.1068235463497993,0.5050505050505051,4.91919191919192,0.008617228547147526,23.842736976184774,-9.513380872660516,47.9118,0.048870036,99,244,1,1.9877551020408164,0.19685675871072844,0.2874107274602682,0.017200071516021875,0.6681755346750426,-0.032764653581207726,0.52,0.4897959183673469,0,0,0.0
V17_allz,C01_nr_hold2_t1,C续持,1,2,,True,,,,,,,,,0.022540255399144726,0.02328782032119303,0.27207793209438,-0.4234712312286809,0.11771621216843153,0.011490720216710493,0.26363242077982346,0.4745762711864407,2.059322033898305,-0.41535164026749727,26.305478617114808,-9.363749822209344,89.48962,0.09127941239999998,118,244,2,0.9918367346938776,0.03176165685191908,-0.19197547429883333,0.26548170615468836,-0.21332647773791746,0.28578208315460407,0.4827586206896552,0.4666666666666667,1,0,0.0
V17_allz,C02_nr_hold2_t2,C续持,2,2,,True,,,,,,,,,0.30600085135699984,0.3174825902140981,0.8946618678190109,-0.21771454436100945,0.34121380973756776,0.6180545197854588,1.0252692085338084,0.4721030042918455,2.0901287553648067,-0.2698559499635156,26.305478617114787,-9.190519555824583,108.84018,0.11128841360000002,233,244,1,1.9877551020408164,0.05643770680299146,0.004322826034758309,0.3003795368400808,-0.06830597905469205,0.7366801583032172,0.46551724137931033,0.47863247863247865,4,0,0.0
V17_allz,C01_nr_hold3_t1,C续持,1,3,,True,,,,,,,,,-0.23358598861026003,-0.24024187757390814,-0.4255935446895307,-0.5426997246996486,-0.17729911015682553,-0.29577639894603913,-0.586414881915733,0.45,3.0375,-0.3761046609036589,13.816309287598806,-11.687236710411675,65.62194,0.0669343788,80,244,2,0.9918367346938776,0.0646665122250539,-0.06436980016922533,-0.18085798050516244,-0.12115419114866122,-0.198694931509785,0.425,0.475,1,0,0.0
V17_allz,C02_nr_hold3_t2,C续持,2,3,,True,,,,,,,,,0.2980289980993043,0.30917781486088547,0.8935946914391867,-0.3001639343131217,0.33052730464735025,0.4295847653201572,0.8598922054555478,0.5093167701863354,3.031055900621118,0.07450313580430468,21.17454590011725,-15.91052114999526,76.35588,0.07807989759999999,161,244,1,1.9918367346938775,0.09653764082211215,0.06894521280350907,0.21430825691709643,0.003615180949966934,0.4244351744131558,0.5061728395061729,0.5125,2,0,0.0
V17_allz,C01_nr_hold5_t1,C续持,1,5,,True,,,,,,,,,0.06427286786293784,0.06644871152874621,0.36357989994395784,-0.36123224638852525,0.1550463009000871,0.005578853180990606,0.24749475692801895,0.46938775510204084,4.979591836734694,-0.32815902254552665,19.95817035283245,-12.760296232921487,42.97732,0.04383686640000001,49,244,1,0.9959183673469387,0.03576592171369897,0.06533465065559207,-0.0009966659697031588,-0.0019324378533016606,0.007525834241257856,0.48,0.4583333333333333,1,0,0.0
V17_allz,C02_nr_hold5_t2,C续持,2,5,,True,,,,,,,,,0.4882742651083729,0.5078033673942648,1.4278554151550484,-0.2569423484438699,0.4484234758367889,0.8447868400650587,1.1636433652832483,0.4845360824742268,5.020618556701031,-0.3241379463561733,41.87435808964921,-17.48875727093565,46.60374,0.0475590748,97,244,1,1.9877551020408164,0.1778203753421535,0.34169261798843764,0.10925128837609566,0.6606029029015521,0.11091389569516186,0.54,0.425531914893617,2,0,0.0
V17_allz,D01_h5_sl3_t1,D止损,1,5,,,,,0.03,,,,,,0.10182777857200431,0.10533645820723914,0.4492283984614628,-0.34687613688688124,0.17299215147050395,-0.004980029391045804,0.21839654196127084,0.47368421052631576,4.2631578947368425,-0.10197348689341412,18.890826749525537,-10.43123808556663,55.42438,0.05653286759999999,57,244,2,0.9918367346938776,0.16103476123143365,0.46096676703649986,-0.24582283222841061,0.4413732853835677,-0.3096722544402044,0.6071428571428571,0.3448275862068966,0,0,0.0
V17_allz,D02_h5_sl3_t2,D止损,2,5,,,,,0.03,,,,,,0.058367079267485966,0.06033737760277291,0.34181139952674106,-0.3814737957523219,0.12425361546500757,-0.08771308979426551,0.23159173925250875,0.423728813559322,4.127118644067797,-1.1679585394331782,41.87435808964921,-10.43123808556663,55.70364,0.057039282799999994,118,244,1,1.9877551020408164,0.11592359610191848,0.28766168043306184,-0.17807053253961824,0.4967511225086798,-0.3904885745623061,0.5344827586206896,0.31666666666666665,0,0,0.0
V11_mixA,D01_h5_sl10_t1,D止损,1,5,,,,,0.1,,,,,,0.5536799137169754,0.5762884754119308,1.5350065565355338,-0.2008385589631826,0.49321761332270897,0.7031297459198074,1.5114435043205081,0.5102040816326531,4.979591836734694,0.857009791363117,23.49620048836274,-10.31464117777049,48.25562,0.049220732399999995,49,244,1,0.9959183673469387,0.2542709445769038,0.4127657577784316,0.09974346784857668,0.5503393500676297,0.09855287221182452,0.52,0.5,1,0,0.0
V11_mixA,D02_h5_sl10_t2,D止损,2,5,,,,,0.1,,,,,,0.5003172135518268,0.5204060423641814,1.7694030609947728,-0.13129025565657104,0.437127992546012,1.3917478061161463,1.8267711707643481,0.4897959183673469,4.969387755102041,-0.10197348689341412,23.496200488362717,-12.431207564317459,47.76444,0.048719728799999994,98,244,1,1.9877551020408164,0.24845909711225594,0.43415792619083926,0.04613110324377412,1.1564960099543091,0.10908983604695943,0.52,0.4583333333333333,1,0,0.0
V11_mixA,E01_h5_tp10_t1,E止盈,1,5,,,,,,0.1,,,,,0.2837221545608919,0.29427768597045345,0.8719645104511295,-0.21901031909756752,0.3166069909699837,0.28023784795156415,0.8082631975120419,0.5,4.88,-0.0007852209437830826,13.11692064862353,-15.070540347541684,49.19458,0.050178471599999996,50,244,1,0.9959183673469387,0.15773678123376625,0.30593632269213655,-0.017010146471345577,0.3962139703884555,-0.0830647199473481,0.5384615384615384,0.4583333333333333,0,0,0.0
V11_mixA,E02_h5_tp10_t2,E止盈,2,5,,,,,,0.1,,,,,0.4317867625323568,0.44873551984200977,1.528143308076398,-0.13051716925396906,0.3929933004273384,1.0765828597923455,1.633915237651801,0.5454545454545454,4.929292929292929,0.5981245996489193,13.116920648623509,-15.070540347541694,48.08068,0.049042293599999995,99,244,1,1.9918367346938775,0.20586143631566312,0.32253125551847517,0.08261090734755361,0.7483329152135763,0.18775025152384628,0.5294117647058824,0.5625,0,0,0.0
V11_mixA,E01_h5_tp20_t1,E止盈,1,5,,,,,,0.2,,,,,0.3128254671039885,0.3245935378917628,0.9943629812380342,-0.2029936472523427,0.3272051054903137,0.31324670983599834,0.8411704336064738,0.4897959183673469,4.979591836734694,-0.10197348689341412,23.49620048836274,-15.070540347541684,48.2452,0.049210104000000005,49,244,1,0.9959183673469387,0.22779700798999356,0.4127657577784316,-0.07074087839699494,0.5503393500676297,-0.15292951199444738,0.52,0.4583333333333333,0,0,0.0
V11_mixA,E02_h5_tp20_t2,E止盈,2,5,,,,,,0.2,,,,,0.4987540860427535,0.5187700766591534,1.7620760663526083,-0.1316471288548231,0.43623464518306176,1.3597441414057894,1.775663945127124,0.5102040816326531,4.979591836734694,0.7275671955060292,23.496200488362717,-15.070540347541694,47.80744,0.04876358880000001,98,244,1,1.9918367346938775,0.24626409199425817,0.43944664306637793,0.04120155704419637,1.2052184311420495,0.07007274566615718,0.52,0.5,1,0,0.0
V11_mixA,E01_h5_tp30_t1,E止盈,1,5,,,,,,0.3,,,,,0.3128254671039885,0.3245935378917628,0.9943629812380342,-0.2029936472523427,0.3272051054903137,0.31324670983599834,0.8411704336064738,0.4897959183673469,4.979591836734694,-0.10197348689341412,23.49620048836274,-15.070540347541684,48.2452,0.049210104000000005,49,244,1,0.9959183673469387,0.22779700798999356,0.4127657577784316,-0.07074087839699494,0.5503393500676297,-0.15292951199444738,0.52,0.4583333333333333,0,0,0.0
V11_mixA,E02_h5_tp30_t2,E止盈,2,5,,,,,,0.3,,,,,0.5177167392296975,0.5386201069088672,1.844908340496144,-0.12079066251323534,0.44766638644702716,1.419514588528655,1.7916855258111135,0.5306122448979592,4.979591836734694,0.8361579490733018,23.496200488362717,-15.070540347541694,47.67848,0.0486320496,98,244,1,1.9918367346938775,0.2512567565956611,0.43415792619083926,0.05826332756866681,1.1564960099543091,0.12196571538285284,0.52,0.5416666666666666,0,0,0.0
V11_mixA,F01_h5_sl8_tp15_t1,F组合,1,5,,,,,0.08,0.15,,,,,1.13763084834603,1.1915438967783603,2.6688621082965702,-0.143186528101373,0.8069910447253891,1.8592597920801448,2.1788842466923906,0.56,4.88,0.8528406898338448,23.842736976184774,-11.178753855578648,49.35592,0.0503430384,50,244,1,0.9959183673469387,0.38290938556225246,0.8299137259966916,0.16815936072709436,1.2770612937140018,0.2556797658338603,0.64,0.48,0,0,0.0
V11_mixA,F02_h5_sl8_tp15_t2,F组合,2,5,,,,,0.08,0.15,,,,,0.8626527449478001,0.9010287295975421,2.745951035960774,-0.08621907818199004,0.6515535361784568,3.6991023777927365,2.7083960403259537,0.5454545454545454,4.929292929292929,0.8850759451343837,23.842736976184774,-11.178753855578648,48.30824,0.04927440480000001,99,244,1,1.9918367346938775,0.3265100748335232,0.6372832208590062,0.13764846620156046,2.4065521907127176,0.37943061333506,0.6,0.4897959183673469,1,0,0.0
V11_mixA,F01_h5_sl8_tp25_t1,F组合,1,5,,,,,0.08,0.25,,,,,0.5536799137169754,0.5762884754119308,1.5350065565355338,-0.2008385589631826,0.49321761332270897,0.7031297459198074,1.5114435043205081,0.5102040816326531,4.979591836734694,0.857009791363117,23.49620048836274,-10.31464117777049,48.25562,0.049220732399999995,49,244,1,0.9959183673469387,0.2542709445769038,0.4127657577784316,0.09974346784857668,0.5503393500676297,0.09855287221182452,0.52,0.5,1,0,0.0
V11_mixA,F02_h5_sl8_tp25_t2,F组合,2,5,,,,,0.08,0.25,,,,,0.5211907205012283,0.542257541150519,1.724938391998494,-0.17031383473742467,0.45550439876992155,1.4310566225066315,1.7513239907743976,0.5353535353535354,4.929292929292929,0.820605434533328,23.496200488362717,-14.487300825901016,48.27102,0.04923644040000001,99,244,1,1.9918367346938775,0.241365827916538,0.43415792619083926,0.06068564188154002,1.1564960099543091,0.1273179320921347,0.52,0.5510204081632653,1,0,0.0
V11_mixA,F01_h5_sl8_tp40_t1,F组合,1,5,,,,,0.08,0.4,,,,,0.5536799137169754,0.5762884754119308,1.5350065565355338,-0.2008385589631826,0.49321761332270897,0.7031297459198074,1.5114435043205081,0.5102040816326531,4.979591836734694,0.857009791363117,23.49620048836274,-10.31464117777049,48.25562,0.049220732399999995,49,244,1,0.9959183673469387,0.2542709445769038,0.4127657577784316,0.09974346784857668,0.5503393500676297,0.09855287221182452,0.52,0.5,1,0,0.0
V11_mixA,F02_h5_sl8_tp40_t2,F组合,2,5,,,,,0.08,0.4,,,,,0.5211907205012283,0.542257541150519,1.724938391998494,-0.17031383473742467,0.45550439876992155,1.4310566225066315,1.7513239907743976,0.5353535353535354,4.929292929292929,0.820605434533328,23.496200488362717,-14.487300825901016,48.27102,0.04923644040000001,99,244,1,1.9918367346938775,0.241365827916538,0.43415792619083926,0.06068564188154002,1.1564960099543091,0.1273179320921347,0.52,0.5510204081632653,1,0,0.0
V11_mixA,G01_h10_tr5_t1,G移动止损,1,10,,,,,,,0.05,,,,0.673821310831195,0.7023302529852131,1.8908542082694701,-0.15347874184364552,0.5604107680863111,0.8401016051601233,1.5524160273199015,0.5483870967741935,7.838709677419355,1.9832317525600773,24.913804050875488,-11.178753855578648,30.59686,0.03120879720000001,31,244,2,0.9918367346938776,0.3354056687701841,0.7735132891065233,-0.056211576697884125,1.0683752890530083,-0.11036376478728815,0.625,0.4666666666666667,0,0,0.0
V11_mixA,G02_h10_tr5_t2,G移动止损,2,10,,,,,,,0.05,,,,0.467684077635115,0.4862639575729175,1.6247781986830994,-0.17983818873430324,0.41786264355168534,1.1830128534310007,1.5628089462142378,0.5396825396825397,7.73015873015873,1.0423699827639021,24.913804050875466,-11.178753855578648,30.61584,0.031228156799999997,63,244,1,1.9877551020408164,0.27842325989666816,0.5629230116991795,-0.06093642063694682,1.6574862442172322,-0.178542181288313,0.6451612903225806,0.4375,1,0,0.0
V11_mixB,F01_h5_sl8_tp25_t1,F组合,1,5,,,,,0.08,0.25,,,,,0.009362789635048996,0.00967124608123493,0.19566182326699028,-0.303265528100946,0.06431251970969143,0.008602724582252641,0.1901468594680763,0.5102040816326531,4.979591836734694,0.45654051734260737,10.664458010148149,-7.686208482346302,46.29848,0.04722444960000001,49,244,1,0.9959183673469387,0.04389930552530414,0.005667299550202287,0.0036746646594743027,-0.007987084085622542,0.016723379707797248,0.44,0.5833333333333334,0,0,0.0
V11_mixB,F02_h5_sl8_tp25_t2,F组合,2,5,,,,,0.08,0.25,,,,,0.3034594850714005,0.3148349099359269,1.188638117135436,-0.17029048512566902,0.29705568825701334,0.584651420404392,1.0736463555891946,0.5050505050505051,4.91919191919192,0.008617228547147526,23.842736976184774,-10.314641177770511,47.8932,0.048851064,99,244,1,1.9877551020408164,0.1957211367860453,0.2893028295798761,0.010980085645307947,0.6747195765852174,-0.05378103739879603,0.52,0.4897959183673469,0,0,0.0
V11_mixB,F01_h5_sl8_tp40_t1,F组合,1,5,,,,,0.08,0.4,,,,,0.009362789635048996,0.00967124608123493,0.19566182326699028,-0.303265528100946,0.06431251970969143,0.008602724582252641,0.1901468594680763,0.5102040816326531,4.979591836734694,0.45654051734260737,10.664458010148149,-7.686208482346302,46.29848,0.04722444960000001,49,244,1,0.9959183673469387,0.04389930552530414,0.005667299550202287,0.0036746646594743027,-0.007987084085622542,0.016723379707797248,0.44,0.5833333333333334,0,0,0.0
V11_mixB,F02_h5_sl8_tp40_t2,F组合,2,5,,,,,0.08,0.4,,,,,0.3034594850714005,0.3148349099359269,1.188638117135436,-0.17029048512566902,0.29705568825701334,0.584651420404392,1.0736463555891946,0.5050505050505051,4.91919191919192,0.008617228547147526,23.842736976184774,-10.314641177770511,47.8932,0.048851064,99,244,1,1.9877551020408164,0.1957211367860453,0.2893028295798761,0.010980085645307947,0.6747195765852174,-0.05378103739879603,0.52,0.4897959183673469,0,0,0.0
V11_mixB,G01_h10_tr5_t1,G移动止损,1,10,,,,,,,0.05,,,,0.5321052638555217,0.5536873898618253,1.345878295139195,-0.22894498074166925,0.4958158131486776,0.5262033077776578,0.916764627779017,0.5333333333333333,8.1,0.3798510267169708,59.98569616573675,-10.990231648682226,29.33142,0.029918048399999998,30,244,2,0.9918367346938776,0.15347686947516007,0.1557036607070581,0.32569041350806405,0.12389374958698096,0.35796049078351144,0.6428571428571429,0.4375,0,0,0.0
V11_mixB,G02_h10_tr5_t2,G移动止损,2,10,,,,,,,0.05,,,,0.40597738386874815,0.4217724137856247,1.4340882037518916,-0.18936212168049227,0.3760679511877226,0.8149771235941201,1.1129632315054425,0.46774193548387094,7.838709677419355,-1.0787081160797019,59.98569616573675,-10.990231648682226,29.95292,0.0305519784,62,244,2,1.9836734693877551,0.18752679990474963,0.18206154113710205,0.18942824458720398,0.2652081375898474,0.4345284935106042,0.5333333333333333,0.40625,0,0,0.0
V11_mixB,G01_h10_tr8_t1,G移动止损,1,10,,,,,,,0.08,,,,0.42041577063813285,0.4368542423737365,1.1921583315444158,-0.28396661082786734,0.4110896755343596,0.4037406782488737,0.7829515819502654,0.42857142857142855,8.678571428571429,-1.1144626806376012,59.98569616573675,-9.513380872660516,27.40522,0.027953324400000007,28,244,2,0.9918367346938776,0.1381669077745414,0.14471749332139305,0.24084394527491781,0.11020139894937131,0.2644018279721949,0.42857142857142855,0.42857142857142855,0,0,0.0
V11_mixB,G02_h10_tr8_t2,G移动止损,2,10,,,,,,,0.08,,,,0.3524627012405832,0.3659175555229972,1.342445780164978,-0.18771271272847212,0.3335958792183713,0.6363102522224993,0.9763327895716412,0.5185185185185185,9.018518518518519,0.28635258953810805,59.98569616573675,-10.369974922574999,26.1931,0.026716962000000004,54,244,1,1.9877551020408164,0.21060843162546286,0.28686440337144625,0.05097529910476761,0.49889981993201515,0.09167419360735973,0.6296296296296297,0.4074074074074074,0,0,0.0
V11_mixB,D01_h5_sl3_t1,D止损,1,5,,,,,0.03,,,,,,0.30067755800159124,0.31193679944607533,1.0252774413923047,-0.2521869509026321,0.30929567587046225,0.30654260930213284,0.8829974373491227,0.543859649122807,4.280701754385965,0.5014913426332201,12.64516762982244,-7.803898478842619,55.79638,0.0569123076,57,244,1,0.9959183673469387,0.22184123524324145,0.31199297539680293,-0.008624602118612823,0.3560319138005057,-0.03649567830573397,0.6071428571428571,0.4827586206896552,0,0,0.0
V11_mixB,D02_h5_sl3_t2,D止损,2,5,,,,,0.03,,,,,,-0.052682996199026166,-0.054362496262773674,-0.07884256499884386,-0.3605132230856546,-0.020259172022100036,-0.2308970860229107,-0.2861193693524017,0.43478260869565216,4.243478260869566,-0.8868528333761838,12.64516762982244,-7.80389847884263,53.9969,0.055286207999999996,115,244,1,1.9918367346938775,0.1208732274069244,0.1910776239346219,-0.2046555280993405,0.38826709164011364,-0.4459978785001215,0.5454545454545454,0.3333333333333333,0,0,0.0
V11_mixB,D01_h5_sl5_t1,D止损,1,5,,,,,0.05,,,,,,-0.10433192715948336,-0.10756181190969327,-0.1718115770424004,-0.360229787159306,-0.056066682568469584,-0.12929192984624693,-0.2334481456957037,0.5,4.6923076923076925,-0.027440181656163132,10.635975387140117,-7.355062346995799,50.30738,0.05131352759999999,52,244,1,0.9959183673469387,0.12447582344383497,0.17926161905918736,-0.24048399577773116,0.20040472278413435,-0.27465457805406324,0.5769230769230769,0.4230769230769231,0,0,0.0
V11_mixB,D02_h5_sl5_t2,D止损,2,5,,,,,0.05,,,,,,-0.07285778459541747,-0.07515450049527694,-0.1506629806349115,-0.33342065539315724,-0.03987772739635331,-0.2190083709215772,-0.23390836329002665,0.4423076923076923,4.6923076923076925,-1.014693278678458,13.124623354781173,-8.832098020711786,49.69394,0.05068781879999999,104,244,1,1.9918367346938775,0.09034633105832134,0.1479231878817191,-0.19233078903523781,0.2938397312045149,-0.3963768384579214,0.5098039215686274,0.37735849056603776,1,0,0.0
V11_mixB,D01_h5_sl8_t1,D止损,1,5,,,,,0.08,,,,,,0.009362789635048996,0.00967124608123493,0.19566182326699028,-0.303265528100946,0.06431251970969143,0.008602724582252641,0.1901468594680763,0.5102040816326531,4.979591836734694,0.45654051734260737,10.664458010148149,-7.686208482346302,46.29848,0.04722444960000001,49,244,1,0.9959183673469387,0.04389930552530414,0.005667299550202287,0.0036746646594743027,-0.007987084085622542,0.016723379707797248,0.44,0.5833333333333334,0,0,0.0
V11_mixB,D02_h5_sl8_t2,D止损,2,5,,,,,0.08,,,,,,0.3034594850714005,0.3148349099359269,1.188638117135436,-0.17029048512566902,0.29705568825701334,0.584651420404392,1.0736463555891946,0.5050505050505051,4.91919191919192,0.008617228547147526,23.842736976184774,-10.314641177770511,47.8932,0.048851064,99,244,1,1.9877551020408164,0.1957211367860453,0.2893028295798761,0.010980085645307947,0.6747195765852174,-0.05378103739879603,0.52,0.4897959183673469,0,0,0.0
V11_mixB,D01_h5_sl10_t1,D止损,1,5,,,,,0.1,,,,,,0.196156652226412,0.20320184185649892,0.7089924009915192,-0.20748208719585293,0.23514520776264924,0.21504305741556018,0.733595745331985,0.46938775510204084,4.979591836734694,-0.1812550148539538,10.367280908143828,-11.421611026294464,47.24052,0.048185330400000004,49,244,1,0.9959183673469387,0.05937976218415257,0.005667299550202287,0.18941587616640998,-0.007987084085622542,0.22482584442522868,0.44,0.5,0,0,0.0
V11_mixB,D02_h5_sl10_t2,D止损,2,5,,,,,0.1,,,,,,0.2507890245250677,0.25999964977308254,1.0533315969386827,-0.19665058925414403,0.2534291781584088,0.4578334439213636,0.9776432295837311,0.5,4.969387755102041,0.002912151956951936,23.496200488362717,-12.431207564317459,47.47862,0.04842819240000001,98,244,1,1.9877551020408164,0.19505674921732402,0.2893028295798761,-0.02987180681776591,0.6747195765852174,-0.12950593979804514,0.52,0.4791666666666667,0,0,0.0
V11_mixB,B01_hold5_t1,B持有期,1,5,,,,,,,,,,,0.196156652226412,0.20320184185649892,0.7089924009915192,-0.20748208719585293,0.23514520776264924,0.21504305741556018,0.733595745331985,0.46938775510204084,4.979591836734694,-0.1812550148539538,10.367280908143828,-11.421611026294464,47.24052,0.048185330400000004,49,244,1,0.9959183673469387,0.05937976218415257,0.005667299550202287,0.18941587616640998,-0.007987084085622542,0.22482584442522868,0.44,0.5,0,0,0.0
V11_mixB,B01_hold7_t1,B持有期,1,7,,,,,,,,,,,-0.04709282765807288,-0.048598722804581995,0.002468469151465423,-0.36481199704163325,0.0007657379326796443,-0.08083982735676376,-0.07451690642301409,0.4857142857142857,6.9714285714285715,-0.2685968314904974,13.227894080872304,-9.59357187993085,34.14486,0.034827757200000004,35,244,1,0.9959183673469387,0.16062507668506265,0.30239553636362015,-0.2683427225169168,0.3316985885323904,-0.30978362479440325,0.6111111111111112,0.35294117647058826,1,0,0.0
V11_mixB,B01_hold10_t1,B持有期,1,10,,,,,,,,,,,0.03990990080162926,0.04124504938999918,0.2856332512804224,-0.2404196061261178,0.09038150455368132,0.031957834888897585,0.26274870537471456,0.6,9.76,1.0881932602285316,10.959868597004018,-14.361465388581307,24.3503,0.024837306000000003,25,244,1,0.9959183673469387,0.102534182099974,0.18293093718431885,-0.1209039614122489,0.053869537137365864,-0.020791664884808436,0.6923076923076923,0.5,0,0,0.0
V11_mixB,B01_hold20_t1,B持有期,1,20,,,,,,,,,,,0.21338187269638098,0.2211008090726414,0.7848511234530132,-0.2381850682083554,0.2419340592541276,0.19934917386075623,0.6755431633292948,0.6923076923076923,18.76923076923077,2.4343649509478205,29.465843404027424,-14.597810558222557,12.70864,0.012962812800000001,13,244,1,0.9959183673469387,0.20055276423589732,0.24734418969680627,-0.027227702891437944,0.09593812499259013,0.09435847381335094,0.5714285714285714,0.8333333333333334,0,0,0.0
V11_mixB,B02_hold2_t2,B持有期,2,2,,,,,,,,,,,-0.0027894746678728266,-0.002880800992614674,0.1310410478212739,-0.28217986752613,0.03607829738883095,-0.05792455943639874,0.11378315630416158,0.4959016393442623,2.0,-0.013321740064137222,10.086217278164167,-9.348899044961467,116.89696,0.11931796920000001,244,244,1,1.9918367346938775,0.09729572768331393,0.10813177263514717,-0.10009752453830312,0.18838694605881368,-0.2072654082174874,0.5241935483870968,0.4666666666666667,1,0,0.0
V11_mixB,B02_hold3_t2,B持有期,2,3,,,,,,,,,,,0.39283237156066697,0.4080460125411143,1.6098653335677604,-0.1632726627245883,0.35653681272607307,0.9999450659982614,1.581293432510867,0.5061728395061729,3.0,0.05035207485095672,19.18782017752758,-10.71331612992148,78.32702,0.07989356040000001,162,244,2,1.9836734693877551,0.26477100037927825,0.4176907751721406,-0.017534432788034682,1.2925822723385556,-0.12764523649648085,0.524390243902439,0.4875,1,0,0.0
V11_mixB,B02_hold5_t2,B持有期,2,5,,,,,,,,,,,0.10891727541607676,0.11268248686094351,0.5358706530036612,-0.23858435643962994,0.1368004261383,0.08272361219694324,0.4225684544088238,0.45918367346938777,4.979591836734694,-0.2520414139193017,23.496200488362717,-15.070540347541694,47.3044,0.048250487999999994,98,244,1,1.9918367346938775,0.15963146662272457,0.2893028295798761,-0.13990937584661833,0.6747195765852174,-0.3534896066572316,0.52,0.3958333333333333,0,0,0.0
V11_mixB,B02_hold7_t2,B持有期,2,7,,,,,,,,,,,-0.07078531269894872,-0.07301930276687296,-0.14950461386306335,-0.4081603378772616,-0.03878606650686345,-0.24039888452139901,-0.28458469363370487,0.4857142857142857,6.9714285714285715,-0.4645421613099443,15.039720740568608,-13.71300796404633,33.6139,0.034286427999999994,70,244,1,1.9918367346938775,0.19315960892175751,0.37002682665123765,-0.3217543852244601,1.0091736730853795,-0.6219335711720118,0.6666666666666666,0.29411764705882354,1,0,0.0
V16_allz,H03_re50_sl8_t1,H排名退出,1,,,,50,2,0.08,,,,,,0.9496675812311768,0.9928172521867056,2.4153088828642577,-0.24540009070607216,0.7125486621518692,1.3419228260264822,1.8475574352324136,0.5588235294117647,3.588235294117647,0.9005560107697264,28.751014619053137,-12.379483088782884,67.14724,0.06849018479999999,68,244,1,0.9959183673469387,0.41604034258143857,1.0946782045965744,-0.0692281148709063,1.8340631675905468,-0.17365186040735658,0.6388888888888888,0.46875,0,0,0.0
V16_allz,H04_re50_sl8_t2,H排名退出,2,,,,50,2,0.08,,,,,,0.6330464280007229,0.6595184704141746,2.0090385474754875,-0.20507828847507348,0.5260826424921655,1.776554432995137,1.8024216065036271,0.5845070422535211,3.4295774647887325,1.0787382923249211,28.751014619053137,-12.379483088782884,69.03638,0.07041710760000001,142,244,1,1.9877551020408164,0.30708359025114634,0.753994941338751,-0.06895602175780091,2.932804437580922,-0.29400139847711293,0.6712328767123288,0.4927536231884058,0,0,0.0
V16_allz,I01_daily_t1_q0.3,I择时,1,1,,,,,,,,,,0.3,0.17588797609074924,0.1821512066983435,0.6315919883089147,-0.29447333462438796,0.2288644773020453,0.16958773473850086,0.5862111813484921,0.4702702702702703,1.0,-0.2725775939893982,21.259993769141406,-6.819078963800784,177.26892,0.18081429839999996,185,244,60,0.7551020408163265,0.29085106192169785,0.23525151265219035,-0.04805785376775762,0.2780420372353085,-0.08485973022563398,0.4835164835164835,0.4574468085106383,0,0,0.0
V16_allz,I02_daily_t1_q0.5,I择时,1,1,,,,,,,,,,0.5,0.2757994856909711,0.2860288129692061,0.9422957876219216,-0.21440301698812536,0.2926266789067037,0.28520227574426094,0.8535978532418266,0.4794520547945205,1.0,-0.2476429247359968,21.25999376914138,-6.819078963800784,142.33204,0.14517868080000002,146,244,99,0.5959183673469388,0.47213674782428033,0.28559518900439196,-0.0076195861630504735,0.3377148937758081,-0.03925546338452324,0.4864864864864865,0.4722222222222222,0,0,0.0
V16_allz,I03_h5_sl8_t1_q0.3,I择时,1,5,,,,,0.08,,,,,0.3,0.005063452455999595,0.00522990066832163,0.20350731553731077,-0.42248306749774334,0.0760108579998634,-0.02998373030393464,0.11732895601684057,0.46808510638297873,4.829787234042553,-0.10197348689340302,13.164719353063003,-10.876114566102535,45.39048,0.04629828960000001,47,244,18,0.926530612244898,0.1892248521433854,0.276616875467113,-0.2127133270988234,0.26317459236978036,-0.23208060425260368,0.5833333333333334,0.34782608695652173,0,0,0.0
V16_allz,I04_h5_sl8_t2_q0.3,I择时,2,5,,,,,0.08,,,,,0.3,0.3364627682752068,0.3492318909048109,1.2029161787615381,-0.25062264330304207,0.32810618540058334,0.7361773949323924,1.2056276115590996,0.5053763440860215,4.89247311827957,0.0166196409336683,23.49446991897446,-10.876114566102535,44.7059,0.04570371799999999,93,244,14,1.8571428571428572,0.26601449210951666,0.3561813869505399,-0.014539809250495472,0.9381741851101415,-0.10422014271450553,0.5625,0.4444444444444444,0,0,0.0
V16_allz,J01_h10_rat20_10_t1,J利润锁定,1,10,,,,,,,,0.2,0.1,,1.404178682096326,1.474329054345524,2.752563257596023,-0.2589382012907788,0.9369364364256569,1.756046125177725,1.3348029647883908,0.56,9.76,3.3062312889557743,102.55753772639386,-24.639540651437265,24.6641,0.025157382,25,244,1,0.9959183673469387,0.34364311964531835,1.3521405824648882,0.022123719993345503,1.7744916390453405,-0.006648249938126183,0.6153846153846154,0.5,0,0,0.0
V16_allz,J02_h10_rat20_10_t2,J利润锁定,2,10,,,,,,,,0.2,0.1,,0.8182555693999396,0.8542496375330044,2.196947760714879,-0.3192647695773332,0.6420275247272013,1.816996520017839,1.3234766087869732,0.54,9.76,0.875913554865837,102.55753772639386,-24.974029590013103,24.15472,0.024652794399999997,50,244,1,1.9918367346938775,0.2686999826891928,0.9084809379672434,-0.04727601244128987,2.5918943105263517,-0.21573513124748978,0.5384615384615384,0.5416666666666666,0,0,0.0
V11_mixB,J03_h10_rat30_15_sl8_t1,J利润锁定,1,10,,,,,0.08,,,0.3,0.15,,0.4058346632475771,0.42162335812708274,1.114721131311391,-0.3358082751289604,0.4085967735676438,0.398665572822112,0.7746713561560052,0.5,8.714285714285714,-0.012201425475893979,59.98569616573675,-11.186511549641033,27.30164,0.027847672800000004,28,244,1,0.9959183673469387,0.1095397207639188,0.07320296976380458,0.3099429491487329,0.027461963374124876,0.3612820938197807,0.42857142857142855,0.5714285714285714,0,0,0.0
V11_mixB,J04_h10_rat30_15_sl8_t2,J利润锁定,2,10,,,,,0.08,,,0.3,0.15,,0.2911371065505881,0.3019994500853507,1.1800562054054091,-0.1899808444307305,0.28556889040757427,0.4180727315017936,0.7868937559258117,0.5185185185185185,9.018518518518519,0.3184401545796023,59.98569616573675,-11.186511549641033,26.1436,0.026666472,54,244,1,1.9877551020408164,0.19457881883523345,0.25309640747944795,0.03035736025104052,0.3871920476283801,0.022261289578620058,0.6296296296296297,0.4074074074074074,0,0,0.0
V11_mixC,A01_daily_top1,A基线,1,1,,,,,,,,,,,-0.009381453876289747,-0.009687547880247838,0.1581662777450928,-0.25366841725969036,0.057404385827086624,0.003102470351850961,0.1866941157588857,0.4609053497942387,1.0,-0.10197348689341412,11.769409843177847,-9.978581119726215,227.4145,0.23196279000000003,243,244,2,0.9918367346938776,0.04259673023548326,-0.03319218497151888,0.024628194688856464,-0.03030454907567348,0.034451042743038895,0.4796747967479675,0.44166666666666665,2,0,0.0
V11_mixC,A02_daily_top2,A基线,2,1,,,,,,,,,,,-0.07135876643506023,-0.07361012840328474,-0.1263073279846339,-0.3180002668572076,-0.03488085777520844,-0.21566784462783561,-0.2693570062847067,0.4609053497942387,1.0,-0.12294861980090555,11.769409843177847,-9.978581119726204,226.78498,0.23208234960000002,486,244,2,1.9836734693877551,0.07286235686607634,0.046448929766262026,-0.11257854334815576,0.052422416193876664,-0.25473636507218245,0.483739837398374,0.4375,4,0,0.0
V11_mixC,B01_hold2_t1,B持有期,1,2,,,,,,,,,,,-0.0897029869635273,-0.09250370790661322,-0.11165268296216621,-0.33408833516838354,-0.037265767397171135,-0.09590881989422828,-0.15895811939272897,0.4426229508196721,2.0,-0.3439644831065569,8.564503879146223,-6.18847389834084,116.99038,0.11933018759999998,122,244,1,0.9959183673469387,0.11150973781023141,0.1504669634131175,-0.20875866757975037,0.16709542505634079,-0.22534939243538932,0.5,0.38333333333333336,1,0,0.0
V11_mixC,B01_hold3_t1,B持有期,1,3,,,,,,,,,,,0.518025066255243,0.5389429298823636,1.511071185198167,-0.1886937279856793,0.46606251730392745,0.6459679869559107,1.5818552258817506,0.48148148148148145,3.0,-0.18325316718466045,16.266162451053255,-6.796171524492534,79.5876,0.081179352,81,244,2,0.9918367346938776,0.1967913977250419,0.1850897881927711,0.2809367538051175,0.20608644182959934,0.364718091399008,0.43902439024390244,0.525,1,0,0.0
V11_mixC,B01_hold5_t1,B持有期,1,5,,,,,,,,,,,0.16814124534770825,0.17410874039749324,0.6681803048531533,-0.16830182639166413,0.2021924997291219,0.15915481717319735,0.6032603505764546,0.4489795918367347,4.979591836734694,-0.22077801067028613,10.367280908143828,-11.421611026294464,47.97984,0.04893943679999999,49,244,1,0.9959183673469387,0.0766606017734095,0.05876398414008399,0.10330655636766828,0.07949236067988741,0.07379622070056846,0.48,0.4166666666666667,0,0,0.0
V11_mixC,B01_hold7_t1,B持有期,1,7,,,,,,,,,,,0.08171409770264182,0.08450343541774341,0.4143238526292313,-0.3261303160033153,0.12444432619346246,0.044865006312299505,0.30356353052234986,0.5142857142857142,6.9714285714285715,0.27036918259726317,15.039720740568608,-9.59357187993085,34.51016,0.03520036320000001,35,244,1,0.9959183673469387,0.20979113929114768,0.4003660694637208,-0.22754905214399335,0.47099258372073516,-0.2896871011617109,0.6666666666666666,0.35294117647058826,1,0,0.0
V11_mixA,G01_h10_tr8_t1,G移动止损,1,10,,,,,,,0.08,,,,0.1392272258040661,0.14410644641881576,0.5975339129871925,-0.21907401960506778,0.1737889859170324,0.1195068553734231,0.5031811968720118,0.5185185185185185,9.037037037037036,0.3328679818059399,19.304745472059604,-11.178753855578648,26.58228,0.0271139256,27,244,1,0.9959183673469387,0.17399811686631522,0.3315413036018855,-0.14442967505221116,0.3845692960180669,-0.1914403572337955,0.6153846153846154,0.42857142857142855,0,0,0.0
V11_mixA,G02_h10_tr8_t2,G移动止损,2,10,,,,,,,0.08,,,,0.32818450597139437,0.3406014011652594,1.3371164217510967,-0.16084264377459312,0.3118313912860986,0.7466839512351355,1.4025122185298093,0.5471698113207547,9.18867924528302,0.9517709848667177,19.304745472059604,-11.178753855578648,25.75794,0.026273098800000005,53,244,1,1.9877551020408164,0.23246908203169905,0.3726084586406304,-0.03236462109029348,0.9608990973287601,-0.10924332944282522,0.6666666666666666,0.4230769230769231,1,0,0.0
V11_mixA,G01_h10_tr12_t1,G移动止损,1,10,,,,,,,0.12,,,,0.10205623396268404,0.10557315609279949,0.4786685050442362,-0.284026542031908,0.1424086532744464,0.07873883220151345,0.39437495980964193,0.48,9.72,-0.009404962117243176,19.304745472059604,-12.43120756431747,24.67198,0.0251654196,25,244,2,0.9918367346938776,0.17646517090425431,0.3376515710393375,-0.17612608707482624,0.2895604816796773,-0.1634833359685186,0.5384615384615384,0.4166666666666667,0,0,0.0
V11_mixA,G02_h10_tr12_t2,G移动止损,2,10,,,,,,,0.12,,,,0.08191896028369716,0.08471556104770506,0.423007373058427,-0.2856819300007388,0.12052708642348364,0.037038104826281115,0.338565938544308,0.47058823529411764,9.549019607843137,-0.022942651511392853,19.304745472059604,-22.981596924103222,24.8373,0.025334046,51,244,1,1.9877551020408164,0.1484122128563528,0.3399559921823261,-0.19257127353740633,0.5134420555774011,-0.3147817579110187,0.5384615384615384,0.4,0,0,0.0
V11_mixA,G03_h20_tr8_t1,G移动止损,1,20,,,,,,,0.08,,,,0.19726593598637532,0.20435426082500752,0.7230917386475505,-0.22104695314353084,0.2337115461735414,0.18221364154504238,0.6371675625031251,0.5,15.25,0.29199441766545875,29.465843404027424,-11.178753855578648,15.67566,0.0159891732,16,244,1,0.9959183673469387,0.2032023854674611,0.38329159034311067,-0.13448043467870185,0.271473237826106,-0.07020171060279223,0.42857142857142855,0.5555555555555556,1,0,0.0
V11_mixA,G03_h20_tr12_t1,G移动止损,1,20,,,,,,,0.12,,,,0.2410859498303044,0.24990593382383763,0.7794517001064327,-0.2545061398625742,0.28331156188529794,0.21933977928231818,0.6857465612049893,0.4666666666666667,16.266666666666666,-0.3455155252813369,29.465843404027424,-9.46362052085884,14.73292,0.015027578400000002,15,244,1,0.9959183673469387,0.22098029152903914,0.27072979037532297,-0.023328201455214193,0.18647513811748806,0.027699393024766206,0.42857142857142855,0.5,0,0,0.0
V11_mixA,G03_h20_tr20_t1,G移动止损,1,20,,,,,,,0.2,,,,0.11707140417407658,0.12113357454527307,0.49015762100165694,-0.3988268744419159,0.1777510362942507,0.0642394171877756,0.36337675788227713,0.46153846153846156,18.76923076923077,-0.3455155252813369,29.465843404027424,-19.801945327994876,12.69264,0.012946492799999999,13,244,1,0.9959183673469387,0.1754073937206883,0.27072979037532297,-0.12092136925180708,0.13447014146632563,-0.06190619013363852,0.42857142857142855,0.5,0,0,0.0
V11_mixA,H01_re3_t1,H排名退出,1,,,,3,2,,,,,,,0.7447617259055306,0.7768955525686241,2.01244316782319,-0.2683786866439034,0.6025631182041581,1.0059185813723466,1.7937340242772783,0.5375,3.05,0.3427633489948012,19.18782017752758,-8.712710086876296,79.0292,0.080609784,80,244,1,0.9959183673469387,0.36116914866544675,0.8592772135558682,-0.0615914005805126,1.2965004272534308,-0.12653245888075615,0.6097560975609756,0.46153846153846156,0,0,0.0
V11_mixA,H01_re5_t1,H排名退出,1,,,,5,2,,,,,,,0.6468649983957446,0.6740234614601379,1.8905488773846646,-0.26531618021939496,0.5407816047910395,0.8141696131118199,1.55872113995915,0.5375,3.05,0.3427633489948012,19.18782017752758,-9.848331605126825,78.97858,0.0805581516,80,244,1,0.9959183673469387,0.3569790488126361,0.8592772135558682,-0.1142445105073302,1.2965004272534308,-0.21002861937999684,0.6097560975609756,0.46153846153846156,1,0,0.0
V11_mixA,H01_re10_t1,H排名退出,1,,,,10,2,,,,,,,0.8262554214571127,0.8626759435082985,2.3761727695106414,-0.17718513680530446,0.6396102665789135,1.1643340165828984,1.8935494839240041,0.5822784810126582,3.088607594936709,0.7673657023086866,19.18782017752758,-9.848331605126825,77.92336,0.0794818272,79,244,1,0.9959183673469387,0.39160050954471554,0.7311880606830734,0.05491451964873684,1.0881153833473745,0.03650115977467738,0.625,0.5384615384615384,1,0,0.0
V11_mixA,H01_re20_t1,H排名退出,1,,,,20,2,,,,,,,0.724635467794748,0.7557306104088626,1.9509552383050466,-0.17792656752976943,0.5921088085032976,0.9688288416594764,1.7580775820108516,0.5277777777777778,3.388888888888889,0.38870508396214865,19.18782017752758,-9.489204168418564,71.08198,0.0725036196,72,244,1,0.9959183673469387,0.30334303877702234,0.333575557101903,0.2932416604445618,0.4019087051850905,0.4043916229192226,0.5142857142857142,0.5405405405405406,0,0,0.0
V11_mixA,H01_re50_t1,H排名退出,1,,,,50,2,,,,,,,0.8232408061420342,0.8595004835241646,2.148095249530107,-0.12832461771044434,0.6471418308432371,1.1718185938604724,1.9353124735601874,0.5735294117647058,3.588235294117647,0.5686177116770996,19.18782017752758,-13.35695415821101,67.08772,0.06842947440000001,68,244,1,0.9959183673469387,0.3221399950828796,0.38182690062597024,0.3194422581555625,0.47553743243999613,0.4718830889088883,0.5588235294117647,0.5882352941176471,0,0,0.0
V11_mixA,H02_re10_t2,H排名退出,2,,,,10,2,,,,,,,0.6217536241212112,0.647667696505694,2.125501757479018,-0.12064886699352739,0.5138184141844551,2.009004375793613,2.1484580777409645,0.5414012738853503,3.1019108280254777,0.3688617097702185,19.18782017752758,-12.431207564317459,76.33962,0.07786641240000002,157,244,1,1.9877551020408164,0.2866239754323097,0.4734429433960654,0.10065586956717332,1.441330168376565,0.2325266015921723,0.5189873417721519,0.5641025641025641,0,0,0.0
V11_mixA,H02_re20_t2,H排名退出,2,,,,20,2,,,,,,,0.5011428218668144,0.5212701447109558,1.755506006005522,-0.15029841251058929,0.438337684416769,1.3587339964963245,1.7827009589910987,0.5069444444444444,3.388888888888889,0.1146747880762744,19.18782017752758,-12.214865090707805,70.05268,0.0714537336,144,244,1,1.9918367346938775,0.25341894374358165,0.4014873462206363,0.0711069392919732,1.1359111949191734,0.10432212823604026,0.5138888888888888,0.5,1,0,0.0
V11_mixA,H02_re50_t2,H排名退出,2,,,,50,2,,,,,,,0.6118090078280762,0.637233962778688,2.224732553646661,-0.1121574515080841,0.5040107977162259,1.9564529585029384,2.1339709527383026,0.5319148936170213,3.4609929078014185,0.41071372725143274,19.18782017752758,-13.35695415821101,68.66244,0.07003568880000001,141,244,1,1.9918367346938775,0.29780146412512415,0.5245677687961345,0.057223588755803245,1.7071567948049164,0.09208781854690695,0.5352112676056338,0.5285714285714286,1,0,0.0
V11_mixA,H02_re100_t2,H排名退出,2,,,,100,2,,,,,,,0.8061718354408809,0.8415240534076287,2.9232631577280848,-0.08602960912585877,0.6144240939463527,3.42031749292173,2.8610989058917533,0.5952380952380952,3.873015873015873,0.6311851959005632,19.18782017752758,-18.193784361374334,61.33508,0.06256178159999999,126,244,1,1.9918367346938775,0.3562022740255546,0.6931905219622638,0.06672687569009206,2.602173418393601,0.2271251212810801,0.6153846153846154,0.5737704918032787,4,0,0.0
V15_allz,H03_re20_sl8_t1,H排名退出,1,,,,20,2,0.08,,,,,,1.2498161150892493,1.3104300649771257,2.4107954460473238,-0.2004322576802292,0.8796479961516349,1.7667822250611578,1.9453299379045095,0.6,3.753846153846154,1.7185365115057305,25.57595837169211,-18.74012059337622,63.0048,0.064264896,65,244,1,0.9959183673469387,0.3588273237603165,0.6292058986122484,0.3809280441506089,0.7238020124332614,0.6050464062027987,0.6451612903225806,0.5588235294117647,0,0,0.0
V15_allz,H04_re20_sl8_t2,H排名退出,2,,,,20,2,0.08,,,,,,0.7486148964001065,0.7809484949223175,1.8153797309601123,-0.2104931392046434,0.6190400485336646,2.026068473642176,1.7003602971106921,0.5227272727272727,3.696969696969697,0.2653750277513578,33.22269543252088,-16.297762581728758,61.9545,0.06326475000000001,132,244,1,1.9918367346938775,0.22322216566715114,0.36279475899271385,0.2831094960275362,0.736792785596855,0.7423313239997456,0.53125,0.5147058823529411,0,1,0.0
V15_allz,H03_re50_sl8_t1,H排名退出,1,,,,50,2,0.08,,,,,,0.9317972158405565,0.9739553453602596,1.8561101127635395,-0.30766970153518114,0.7397784966032313,0.960784836269575,1.338152524142001,0.5862068965517241,4.206896551724138,1.4252983888478399,33.22269543252088,-16.30465734081553,56.08812,0.057209882399999995,58,244,1,0.9959183673469387,0.35969312436260265,0.8295915340477378,0.05586256816935675,1.1151731278228953,-0.0729908533360708,0.7407407407407407,0.45161290322580644,0,0,0.0
V15_allz,H04_re50_sl8_t2,H排名退出,2,,,,50,2,0.08,,,,,,0.39891122281347524,0.4143931989606118,1.1238407194330593,-0.2764705648875664,0.40115837397436893,0.5286214099360858,0.9224542116097355,0.4954954954954955,4.396396396396397,-0.15238902232367346,33.22269543252088,-16.30465734081553,52.05084,0.0531691468,111,244,1,1.9918367346938775,0.2081015053412881,0.41503530704469105,-0.01139482820742621,0.7745123108918988,-0.13856815726019056,0.5370370370370371,0.45614035087719296,1,0,0.0
V15_allz,I01_daily_t1_q0.3,I择时,1,1,,,,,,,,,,0.3,1.0029644170886498,1.049104748683832,2.401000567519862,-0.13998241121452004,0.7439401506040174,1.3950493291286117,2.1072878886367934,0.54421768707483,1.0,0.2809219813495689,14.67081788975415,-6.433660581582112,142.5254,0.145375908,147,244,98,0.6,0.5831735421060634,0.8985563238838474,0.054993413622419274,1.2394405518887681,0.0694855583947529,0.6136363636363636,0.4406779661016949,0,0,0.0
V15_allz,I02_daily_t1_q0.5,I择时,1,1,,,,,,,,,,0.5,0.5307253896614466,0.5522422202221413,1.6697957530299055,-0.1643390078576744,0.46556142765485253,0.5386099869660448,1.352017627139968,0.5478260869565217,1.0,0.2571483942497732,11.769409843177847,-6.433660581582112,111.38418,0.11361186360000002,115,244,130,0.46938775510204084,0.6164126812647494,0.5536987337586825,-0.01478622824236897,0.6538807329536305,-0.0696971333487425,0.6388888888888888,0.3953488372093023,0,0,0.0
V15_allz,I03_h5_sl8_t1_q0.3,I择时,1,5,,,,,0.08,,,,,0.3,-0.23074577594728218,-0.23733384115208622,-0.3533528276280687,-0.3741729585331337,-0.15897645589121423,-0.2218493774301249,-0.2706197013582053,0.36363636363636365,4.7727272727272725,-2.621057870463578,34.00609632936062,-12.7718450463013,34.42536,0.0351138672,44,244,35,0.8571428571428571,0.1759964785871723,-0.023660398067863797,-0.21210383914531894,-0.14192887507204677,-0.09313971771837515,0.4166666666666667,0.3,0,0,0.0
V15_allz,I04_h5_sl8_t2_q0.3,I择时,2,5,,,,,0.08,,,,,0.3,0.20107590691746746,0.20831265132822852,0.6839327310394293,-0.20536107908181167,0.25353341692982456,0.14068203643480404,0.5261269078667907,0.42045454545454547,4.806818181818182,-1.1418772177386294,41.46025404181428,-12.7718450463013,40.76246,0.0416580292,88,244,30,1.726530612244898,0.21037742306242524,0.1092823549406472,0.08275039404348217,-0.1297496055345353,0.31075153046663817,0.3958333333333333,0.45,1,0,0.0
V11_mixB,B02_hold10_t2,B持有期,2,10,,,,,,,,,,,0.051569669810274554,0.05330477509963849,0.326906845299832,-0.28514661663273955,0.08494359498217341,-0.00213209801553349,0.25101396552903255,0.56,9.76,0.602022796268542,19.304745472059604,-18.99786484468461,24.22048,0.024704889600000002,50,244,1,1.9918367346938775,0.13758449938098283,0.2573703983171385,-0.16367549990226127,0.29038483085678557,-0.22668968347845064,0.5769230769230769,0.5416666666666666,0,0,0.0
V11_mixB,B02_hold20_t2,B持有期,2,20,,,,,,,,,,,-0.12638462171659592,-0.13024618019857714,-0.31422192046915925,-0.3982564064432811,-0.09143013994101334,-0.3453944903008582,-0.6007805289388016,0.5,18.76923076923077,0.13446550702318483,29.465843404027424,-15.516853717865542,12.14746,0.012445009200000003,26,244,1,1.9918367346938775,0.11555463479099501,0.12092234746844688,-0.22062810126283483,-0.06349328451975766,-0.3010135443999895,0.42857142857142855,0.5833333333333334,0,0,0.0
V11_mixB,C01_nr_hold2_t1,C续持,1,2,,True,,,,,,,,,0.2491051015546104,0.25824774817395424,0.9206336482656046,-0.20439642346926457,0.264449426207072,0.25616827480709503,0.852910349032418,0.5,2.033333333333333,0.009648995377931069,8.564503879146223,-7.807224007768355,117.71976,0.1200741552,120,244,1,0.9959183673469387,0.19828627475812224,0.24179910966410145,0.005883392759465478,0.28486489097316525,-0.022334345321191496,0.5081967213114754,0.4915254237288136,1,0,0.0
V11_mixB,C02_nr_hold2_t2,C续持,2,2,,True,,,,,,,,,0.1621601003863855,0.16790045762806138,0.7138221722903153,-0.26415565578375677,0.18459193501715576,0.24737430828578044,0.6989236183178377,0.5,2.046218487394958,0.009648995377925518,11.939001033607433,-9.348899044961446,115.0966,0.117398532,238,244,1,1.9877551020408164,0.15336957707917995,0.23372297444225687,-0.05800562649668062,0.5471610034442131,-0.19376567434873326,0.512396694214876,0.48717948717948717,3,0,0.0
V11_mixB,C01_nr_hold3_t1,C续持,1,3,,True,,,,,,,,,0.3525456296918963,0.36600405508254497,1.0594069848713095,-0.20947057067775832,0.36077898224988825,0.4124437902325997,1.2187543080846817,0.5,3.0375,-0.03861860301619946,9.331471253371571,-7.807224007768355,78.57616,0.0801476832,80,244,2,0.9918367346938776,0.12515628854625027,0.11022807973049753,0.21825925175682626,0.09252669521849688,0.2928231377908097,0.4634146341463415,0.5384615384615384,1,0,0.0
V11_mixB,C02_nr_hold3_t2,C续持,2,3,,True,,,,,,,,,0.32420456919442686,0.33645275121710494,1.3021583481150045,-0.21134985211609547,0.3097782825654166,0.711616983756858,1.261677306436876,0.45962732919254656,3.0248447204968945,-0.2439820192204567,19.18782017752758,-10.71331612992148,77.97716,0.0795367032,161,244,1,1.9877551020408164,0.21911783418269043,0.3031400525524399,0.016164430370110727,0.8172270079275179,-0.05811603267502863,0.48148148148148145,0.4375,1,0,0.0
V11_mixB,C01_nr_hold5_t1,C续持,1,5,,True,,,,,,,,,0.09508963788999991,0.09835593558838673,0.43013561951782486,-0.3572910608783437,0.17014897296512954,0.12074173505419017,0.47787110733709703,0.5306122448979592,4.979591836734694,0.33811751864543105,23.842736976184774,-14.624359393597553,45.5694,0.046480788,49,244,1,0.9959183673469387,0.03777687374700501,-0.08845611012500731,0.20135700546484747,-0.07502972264376195,0.21165162004719695,0.52,0.5416666666666666,1,0,0.0
V11_mixB,C02_nr_hold5_t2,C续持,2,5,,True,,,,,,,,,0.15126699696588486,0.1565963764347833,0.627218324644308,-0.257254179830813,0.18603541771963716,0.16209697102088527,0.5524414432580226,0.4897959183673469,4.979591836734694,-0.07104093529741173,23.842736976184774,-15.80186263484853,47.3907,0.04833851399999999,98,244,1,1.9918367346938775,0.12440319999433787,0.15906950360055916,-0.0067316986690066916,0.2739760238636666,-0.08781880565026456,0.5,0.4791666666666667,1,0,0.0
V11_mixC,E01_h5_tp20_t1,E止盈,1,5,,,,,,0.2,,,,,0.16814124534770825,0.17410874039749324,0.6681803048531533,-0.16830182639166413,0.2021924997291219,0.15915481717319735,0.6032603505764546,0.4489795918367347,4.979591836734694,-0.22077801067028613,10.367280908143828,-11.421611026294464,47.97984,0.04893943679999999,49,244,1,0.9959183673469387,0.0766606017734095,0.05876398414008399,0.10330655636766828,0.07949236067988741,0.07379622070056846,0.48,0.4166666666666667,0,0,0.0
V11_mixC,E02_h5_tp20_t2,E止盈,2,5,,,,,,0.2,,,,,0.18985020733423497,0.196650833614205,0.8274355385678202,-0.20181378235973757,0.20547232704481733,0.2909403519157332,0.7458585545907684,0.45918367346938777,4.979591836734694,-0.2520414139193017,23.496200488362717,-14.173381944823028,47.36202,0.04830926039999999,98,244,1,1.9918367346938775,0.17141575547860613,0.2874107274602682,-0.07578041571744065,0.6681755346750426,-0.22613638368266442,0.52,0.3958333333333333,0,0,0.0
V11_mixC,E01_h5_tp30_t1,E止盈,1,5,,,,,,0.3,,,,,0.16814124534770825,0.17410874039749324,0.6681803048531533,-0.16830182639166413,0.2021924997291219,0.15915481717319735,0.6032603505764546,0.4489795918367347,4.979591836734694,-0.22077801067028613,10.367280908143828,-11.421611026294464,47.97984,0.04893943679999999,49,244,1,0.9959183673469387,0.0766606017734095,0.05876398414008399,0.10330655636766828,0.07949236067988741,0.07379622070056846,0.48,0.4166666666666667,0,0,0.0
V11_mixC,E02_h5_tp30_t2,E止盈,2,5,,,,,,0.3,,,,,0.18985020733423497,0.196650833614205,0.8274355385678202,-0.20181378235973757,0.20547232704481733,0.2909403519157332,0.7458585545907684,0.45918367346938777,4.979591836734694,-0.2520414139193017,23.496200488362717,-14.173381944823028,47.36202,0.04830926039999999,98,244,1,1.9918367346938775,0.17141575547860613,0.2874107274602682,-0.07578041571744065,0.6681755346750426,-0.22613638368266442,0.52,0.3958333333333333,0,0,0.0
V11_mixC,F01_h5_sl8_tp15_t1,F组合,1,5,,,,,0.08,0.15,,,,,0.10934121642627592,0.11312181697131551,0.49104121456973265,-0.29240947661014327,0.15343261776255568,0.09754512131920268,0.457604732089017,0.5306122448979592,4.979591836734694,0.45654051734258516,10.664458010148149,-7.686208482346302,47.76858,0.04872395160000001,49,244,1,0.9959183673469387,0.07667749399878766,0.05876398414008399,0.047770072503239946,0.07949236067988741,0.01672337970779636,0.48,0.5833333333333334,0,0,0.0
V11_mixC,F02_h5_sl8_tp15_t2,F组合,2,5,,,,,0.08,0.15,,,,,0.25134011729183303,0.2605730065160008,1.031518829399717,-0.18668471549215082,0.2556870071405897,0.43757275840831666,0.9174052189211972,0.5252525252525253,4.91919191919192,0.45654051734258516,23.842736976184774,-9.723127900724348,47.9164,0.048874728000000006,99,244,1,1.9877551020408164,0.1892641526418574,0.2349290648202551,0.013289064885656066,0.547692835461399,-0.07115111896234438,0.56,0.4897959183673469,0,0,0.0
V11_mixC,F01_h5_sl8_tp25_t1,F组合,1,5,,,,,0.08,0.25,,,,,0.10934121642627592,0.11312181697131551,0.49104121456973265,-0.29240947661014327,0.15343261776255568,0.09754512131920268,0.457604732089017,0.5306122448979592,4.979591836734694,0.45654051734258516,10.664458010148149,-7.686208482346302,47.76858,0.04872395160000001,49,244,1,0.9959183673469387,0.07667749399878766,0.05876398414008399,0.047770072503239946,0.07949236067988741,0.01672337970779636,0.48,0.5833333333333334,0,0,0.0
V11_mixC,F02_h5_sl8_tp25_t2,F组合,2,5,,,,,0.08,0.25,,,,,0.30955428404307916,0.3211849582354984,1.213221651204784,-0.1695062569250977,0.30132320564659665,0.6135183411687695,1.1068235463497993,0.5050505050505051,4.91919191919192,0.008617228547147526,23.842736976184774,-9.513380872660516,47.9118,0.048870036,99,244,1,1.9877551020408164,0.19685675871072844,0.2874107274602682,0.017200071516021875,0.6681755346750426,-0.032764653581207726,0.52,0.4897959183673469,0,0,0.0
V11_allz,C01_nr_hold3_t1,C续持,1,3,,True,,,,,,,,,0.28518628463588347,0.29580228247804174,0.8927481810791187,-0.22968736905658993,0.3131886312502846,0.32879948450420393,1.0467343507858673,0.5,3.0375,-0.03861860301619946,9.331471253371571,-7.807224007768355,78.21458,0.0797788716,80,244,2,0.9918367346938776,0.09449359161674895,0.05352948128383228,0.2198863984990287,0.027827740440097504,0.2928231377908095,0.4634146341463415,0.5384615384615384,1,0,0.0
V11_allz,C02_nr_hold3_t2,C续持,2,3,,True,,,,,,,,,0.2893084159389212,0.30009495744227754,1.2043614952688049,-0.2503649506943938,0.2821975680902177,0.5870462353177812,1.1190992484152333,0.45962732919254656,3.0248447204968945,-0.25507303782486,19.18782017752758,-10.71331612992148,78.12062,0.0796830324,161,244,1,1.9877551020408164,0.2219495345395661,0.3334893165911552,-0.03313179948465972,0.9270637827405375,-0.17644332817007635,0.5061728395061729,0.4125,1,0,0.0
V11_allz,C01_nr_hold5_t1,C续持,1,5,,True,,,,,,,,,0.16456012143501808,0.17039149547243837,0.5910296107659487,-0.34233897240425293,0.22744198151190131,0.2018182637531043,0.6353472970573473,0.5510204081632653,4.979591836734694,0.5370649085783219,23.84273697618473,-14.62435939359754,46.67384,0.04760731680000001,49,244,1,0.9959183673469387,0.062024736556163876,-0.03484731938712282,0.20660714602742014,-0.022211018848340314,0.22911823197023407,0.52,0.5833333333333334,1,0,0.0
V11_allz,C02_nr_hold5_t2,C续持,2,5,,True,,,,,,,,,0.131262263934534,0.1358460555038452,0.5700551560906241,-0.26888622617560287,0.16787292002469656,0.13142187432034347,0.5085691828533787,0.5,4.979591836734694,-0.01574557757713646,23.842736976184753,-15.80186263484853,47.32288,0.0482693376,98,244,1,1.9918367346938775,0.11658805599565271,0.154004713973368,-0.0197074151980966,0.30630861362576955,-0.13387857775814038,0.52,0.4791666666666667,1,0,0.0
V11_allz,D01_h5_sl3_t1,D止损,1,5,,,,,0.03,,,,,,-0.08727243340432866,-0.09000107791681178,-0.11222898280680442,-0.36448094337638925,-0.03668619102723758,-0.08266462653753792,-0.1113322539396467,0.5,4.357142857142857,0.0010424413518783648,10.664458010148126,-7.803898478842619,51.60858,0.0526407516,56,244,1,0.9959183673469387,0.048314562355481476,0.012416243255727988,-0.09846609763932479,0.01716802921433369,-0.09814765396134484,0.5555555555555556,0.4482758620689655,0,0,0.0
V11_allz,D02_h5_sl3_t2,D止损,2,5,,,,,0.03,,,,,,-0.06729903632418988,-0.06942715799897325,-0.12955584882414872,-0.3476847999703725,-0.03409898078469353,-0.23811654709315588,-0.29121492383357805,0.4608695652173913,4.243478260869566,-0.426564417926667,12.64516762982244,-9.348899044961446,54.38192,0.055605148400000005,115,244,1,1.9918367346938775,0.11777254723422462,0.18792042298049827,-0.21484558592261627,0.381150063450046,-0.44837025818635823,0.5636363636363636,0.36666666666666664,0,0,0.0
V11_allz,D01_h5_sl5_t1,D止损,1,5,,,,,0.05,,,,,,-0.11509107627575499,-0.1186314603450721,-0.23282524687577696,-0.3630799947440121,-0.07262209291294397,-0.13926310321310853,-0.2917101948288633,0.5192307692307693,4.6923076923076925,0.19260532111327056,10.635975387140117,-7.355062346995799,50.24836,0.0512533272,52,244,1,0.9959183673469387,0.12167080293172298,0.1653432275544091,-0.24064524270560517,0.18665792978706697,-0.27465457805406346,0.6153846153846154,0.4230769230769231,0,0,0.0
V11_allz,D02_h5_sl5_t2,D止损,2,5,,,,,0.05,,,,,,-0.08790994069113889,-0.0906575112168011,-0.21422783865744982,-0.335836715656054,-0.05650164757408627,-0.24352841012843707,-0.321135777891567,0.46153846153846156,4.6923076923076925,-0.5694266869845421,12.61623876526279,-8.832098020711786,49.0496,0.050064752,104,244,1,1.9918367346938775,0.07877610253231881,0.10213637628329986,-0.17243448366646408,0.18546526185458245,-0.36187789367348244,0.5098039215686274,0.41509433962264153,1,0,0.0
V11_allz,G03_h20_tr20_t1,G移动止损,1,20,,,,,,,0.2,,,,0.2156893061555354,0.2234991308295553,0.8009710392607738,-0.22425869143895927,0.24181338737587998,0.2131561951462626,0.7242477851980338,0.6153846153846154,18.76923076923077,2.1701630303394115,29.465843404027424,-12.055387338422442,12.72498,0.012979479600000001,13,244,1,0.9959183673469387,0.1949993463082027,0.205742848037209,0.00824923667141575,0.10855466848897755,0.09435847381335094,0.42857142857142855,0.8333333333333334,0,0,0.0
V11_allz,H01_re3_t1,H排名退出,1,,,,3,2,,,,,,,0.256374687024818,0.26581135415322676,0.8367026363407205,-0.282797929990558,0.28860277139459023,0.2936277104252616,0.9326749650088948,0.45,3.0375,-0.2509335718772543,16.266162451053255,-6.796171524492545,77.92986,0.07948845719999999,80,244,2,0.9918367346938776,0.08139378373065555,-0.053329376997938494,0.3271508130680456,-0.052091623480178595,0.36471809139900735,0.375,0.525,1,0,0.0
V11_allz,H01_re5_t1,H排名退出,1,,,,5,2,,,,,,,-0.0746239902100092,-0.07697403893706178,-0.0741149708452178,-0.3360667881288142,-0.024045306209068862,-0.06715571183458613,-0.06369108141950332,0.4177215189873418,3.0759493670886076,-0.2579391760638372,16.266162451053255,-6.796171524492545,74.5744,0.076065888,79,244,2,0.9918367346938776,0.06080910470944076,-0.05639625343821453,-0.019317151758045048,-0.05151577985831812,-0.01648939607443456,0.35,0.48717948717948717,1,0,0.0
V11_allz,H01_re10_t1,H排名退出,1,,,,10,2,,,,,,,0.1159122236109913,0.1199320550042502,0.4961837985975769,-0.2859212445475231,0.1683358999199187,0.12686810934779102,0.5366300833306822,0.4177215189873418,3.0759493670886076,-0.2579391760638372,16.266162451053255,-6.796171524492545,76.24878,0.0777737556,79,244,2,0.9918367346938776,0.06416948594361391,-0.0569209591499652,0.18326479040948151,-0.05286783255500016,0.18976859627484743,0.35,0.48717948717948717,0,0,0.0
V11_allz,H01_re20_t1,H排名退出,1,,,,20,2,,,,,,,0.23347214812149408,0.2419874144932923,0.8300826718315784,-0.26249535309319183,0.2599182796766546,0.25878772388134674,0.9523393195450518,0.49333333333333335,3.24,-0.10197348689341412,9.768877813287524,-5.9606652807904,73.16258,0.0746258316,75,244,2,0.9918367346938776,0.08071968480906874,-0.03966846227646725,0.2844232430869058,-0.02194131495539764,0.28702678390299585,0.42105263157894735,0.5675675675675675,1,0,0.0
V11_allz,H01_re50_t1,H排名退出,1,,,,50,2,,,,,,,0.03592023890497531,0.03711954840972398,0.28257449179856536,-0.26808370371293133,0.10385018731223328,0.05167975654427037,0.31886482798372157,0.4788732394366197,3.4225352112676055,-0.1542885087449153,16.266162451053255,-7.63746744198569,66.27806,0.06760362119999999,71,244,2,0.9918367346938776,0.027718106768426874,-0.07772172546650657,0.12321873723954391,-0.06883622438473846,0.12942511734778162,0.42857142857142855,0.5277777777777778,1,0,0.0
V11_allz,H02_re10_t2,H排名退出,2,,,,10,2,,,,,,,0.18323005283532212,0.18977517490722873,0.7931280702363109,-0.2237988754578224,0.2009842942496114,0.314673803405654,0.8094220035406379,0.445859872611465,3.0955414012738856,-0.2578851245340519,19.18782017752758,-10.534043757318745,76.23324,0.0777579048,157,244,2,1.9836734693877551,0.16165535787023985,0.15802840398317275,0.021762548108029467,0.3482976524437609,-0.0249380016179388,0.43037974683544306,0.46153846153846156,1,0,0.0
V11_allz,H02_re20_t2,H排名退出,2,,,,20,2,,,,,,,0.1356345023627381,0.14038022975947473,0.6319490619458656,-0.19834595551886702,0.1600708057693201,0.1989611701190317,0.622091135757622,0.4934210526315789,3.2039473684210527,-0.12813099781917026,16.266162451053255,-10.534043757318745,73.60616,0.07507828320000001,152,244,1,1.9877551020408164,0.10487279772680065,0.05474984509413905,0.07668610490422001,0.08018439726014148,0.10995971906293578,0.4675324675324675,0.52,2,0,0.0
V11_mixA,H03_re20_sl8_t1,H排名退出,1,,,,20,2,0.08,,,,,,0.724635467794748,0.7557306104088626,1.9509552383050466,-0.17792656752976943,0.5921088085032976,0.9688288416594764,1.7580775820108516,0.5277777777777778,3.388888888888889,0.38870508396214865,19.18782017752758,-9.489204168418564,71.08198,0.0725036196,72,244,1,0.9959183673469387,0.30334303877702234,0.333575557101903,0.2932416604445618,0.4019087051850905,0.4043916229192226,0.5142857142857142,0.5405405405405406,0,0,0.0
V11_mixA,H04_re20_sl8_t2,H排名退出,2,,,,20,2,0.08,,,,,,0.4911671737153924,0.510830427155281,1.7138516958910472,-0.15029841251058929,0.43234469897830063,1.3188865830572163,1.7523062754754573,0.5069444444444444,3.388888888888889,0.050940056013948354,19.18782017752758,-12.14898279298171,70.11182,0.07151405640000001,144,244,1,1.9918367346938775,0.2512225637569086,0.4014873462206363,0.06398903831461245,1.1359111949191734,0.08566619650353369,0.5138888888888888,0.5,2,0,0.0
V11_mixA,H03_re50_sl8_t1,H排名退出,1,,,,50,2,0.08,,,,,,0.6558850667748308,0.6834937456027155,1.8818284321682475,-0.12832461771044434,0.5476402741193014,0.8408729739269409,1.602481849773724,0.5652173913043478,3.536231884057971,0.5284932223928118,19.18782017752758,-13.35695415821101,68.01918,0.0693795636,69,244,1,0.9959183673469387,0.3162370129866932,0.38182690062597024,0.19833031621016395,0.47553743243999613,0.2475948989534027,0.5588235294117647,0.5714285714285714,1,0,0.0
V11_mixA,H04_re50_sl8_t2,H排名退出,2,,,,50,2,0.08,,,,,,0.5923969088541272,0.6168731885374528,2.155901969788308,-0.1291821236441203,0.4923143222405708,1.8343607231132908,2.0550331451507553,0.5319148936170213,3.4609929078014185,0.41071372725143274,19.18782017752758,-13.35695415821101,68.68322,0.0700568844,141,244,1,1.9918367346938775,0.2966753000078444,0.5245677687961345,0.04449073465035558,1.7071567948049164,0.04698801656131657,0.5352112676056338,0.5285714285714286,2,0,0.0
V11_mixA,I01_daily_t1_q0.3,I择时,1,1,,,,,,,,,,0.3,0.011066363753397646,0.011431261430779882,0.1879241774995848,-0.24423284156722735,0.05556572293269335,0.01772592678000051,0.21531221090373903,0.48502994011976047,1.0,-0.10197348689341412,11.769409843177847,-5.256379850368864,159.56824,0.16275960479999999,167,244,78,0.6816326530612244,0.3375378565931989,0.06015888495877553,-0.04630675826226471,0.0735861739059731,-0.052031451674475426,0.5,0.46987951807228917,2,0,0.0
V11_mixA,I02_daily_t1_q0.5,I择时,1,1,,,,,,,,,,0.5,-0.023119384807799293,-0.02386827950808934,0.04534734889623986,-0.25283426758006444,0.01196236267285089,-0.010840526866460976,0.10607682951855814,0.4418604651162791,1.0,-0.36668842093992016,11.769409843177826,-5.256379850368864,121.73876,0.1241735352,129,244,116,0.5265306122448979,0.48887508221361203,0.04176030072702264,-0.06227889994420366,0.05414679184693094,-0.06164921168097448,0.47058823529411764,0.4098360655737705,1,0,0.0
V11_mixA,I03_h5_sl8_t1_q0.3,I择时,1,5,,,,,0.08,,,,,0.3,0.5062936937626012,0.526661527817349,1.5719147295934617,-0.22477463213976723,0.4517080740628483,0.6156508943581116,1.3655521001539381,0.5581395348837209,4.953488372093023,0.7242579739185295,23.49620048836274,-10.966327679062493,42.4264,0.043274928,43,244,32,0.8693877551020408,0.3655804489796509,0.6203471380470573,-0.07038827767605393,0.7589666253581664,-0.08147723153693853,0.6521739130434783,0.45,1,0,0.0
V11_mixA,I04_h5_sl8_t2_q0.3,I择时,2,5,,,,,0.08,,,,,0.3,0.3723288248786871,0.386644110027516,1.5126731751237887,-0.16873574371797095,0.3430241416530826,0.8218114805809225,1.345268533260337,0.5568181818181818,4.875,0.9062256170735306,23.496200488362717,-10.966327679062493,42.87068,0.043728093600000004,88,244,24,1.7510204081632652,0.30868085609486107,0.3710711366389423,0.0009173034178433515,0.7172625488681095,0.06088115750368139,0.6086956521739131,0.5,1,0,0.0
V11_mixB,G01_h10_tr12_t1,G移动止损,1,10,,,,,,,0.12,,,,0.03990990080162926,0.04124504938999918,0.2856332512804224,-0.2404196061261178,0.09038150455368132,0.031957834888897585,0.26274870537471456,0.6,9.76,1.0881932602285316,10.959868597004018,-14.361465388581307,24.3503,0.024837306000000003,25,244,1,0.9959183673469387,0.102534182099974,0.18293093718431885,-0.1209039614122489,0.053869537137365864,-0.020791664884808436,0.6923076923076923,0.5,0,0,0.0
V11_mixB,G02_h10_tr12_t2,G移动止损,2,10,,,,,,,0.12,,,,0.06205397529677148,0.06415246179414225,0.37131998338646605,-0.2586428016008937,0.09123159586506946,0.03017501750635021,0.3053976077800947,0.52,9.74,0.3798510267169708,19.304745472059604,-14.361465388581296,24.21124,0.0246954648,50,244,1,1.9877551020408164,0.1395679163610818,0.2573703983171385,-0.15533722066447397,0.29038483085678557,-0.2016528768225384,0.5769230769230769,0.4583333333333333,0,0,0.0
V11_mixB,G03_h20_tr8_t1,G移动止损,1,20,,,,,,,0.08,,,,0.334663348728953,0.34735575933549545,1.1436093054369973,-0.1840137134749945,0.33173132353546586,0.33953962489486567,0.9066010544716027,0.4375,15.25,-0.8656779221915711,29.465843404027424,-8.06738215543633,15.61096,0.0159231792,16,244,1,0.9959183673469387,0.22428213076457784,0.27230109836476224,0.049015323844601166,0.17674679080504374,0.1383414302565904,0.5714285714285714,0.3333333333333333,0,0,0.0
V11_mixB,G03_h20_tr12_t1,G移动止损,1,20,,,,,,,0.12,,,,0.12916080821645326,0.13366697187661458,0.5297500432295057,-0.23031871693354555,0.18039381529467036,0.08057861528009735,0.38368712754031914,0.42857142857142855,17.428571428571427,-0.8941605451996015,29.465843404027424,-14.361465388581307,13.63158,0.0139042116,14,244,1,0.9959183673469387,0.20182781450801787,0.24734418969680627,-0.0947480113801461,0.09897106459004945,-0.01673606330737465,0.5714285714285714,0.2857142857142857,0,0,0.0
V11_mixB,G03_h20_tr20_t1,G移动止损,1,20,,,,,,,0.2,,,,0.21338187269638098,0.2211008090726414,0.7848511234530132,-0.2381850682083554,0.2419340592541276,0.19934917386075623,0.6755431633292948,0.6923076923076923,18.76923076923077,2.4343649509478205,29.465843404027424,-14.597810558222557,12.70864,0.012962812800000001,13,244,1,0.9959183673469387,0.20055276423589732,0.24734418969680627,-0.027227702891437944,0.09593812499259013,0.09435847381335094,0.5714285714285714,0.8333333333333334,0,0,0.0
V11_mixB,H01_re3_t1,H排名退出,1,,,,3,2,,,,,,,0.38566391300054415,0.4005622881697426,1.1526549327886626,-0.22976849493040008,0.3821705008091776,0.4624820073984519,1.2712976551205204,0.4625,3.0375,-0.2397939804192728,16.26616245105328,-6.796171524492545,78.45792,0.0800270784,80,244,2,0.9918367346938776,0.13253883236536038,-0.0018320535827595075,0.3882071829436693,0.01696824609430414,0.43808030684847465,0.4,0.525,1,0,0.0
V11_mixB,H01_re5_t1,H排名退出,1,,,,5,2,,,,,,,0.40448335905959665,0.42021209727414344,1.2132092076488488,-0.22186828832782868,0.3931046905297141,0.49087193480070646,1.3606910453141046,0.475,3.0375,-0.20247800174457709,16.266162451053255,-6.796171524492534,78.50168,0.0800717136,80,244,2,0.9918367346938776,0.1409406773170804,0.01665657835872625,0.3814727499496158,0.0367097913105594,0.43808030684847465,0.425,0.525,1,0,0.0
V11_mixB,H01_re10_t1,H排名退出,1,,,,10,2,,,,,,,0.27239829020131556,0.2824880929375597,0.9035143630048866,-0.22196893932203732,0.2955667809331233,0.2978974196278874,0.9687446568869233,0.45569620253164556,3.0759493670886076,-0.2578851245340519,16.266162451053255,-6.796171524492534,77.56536,0.07911666719999999,79,244,2,0.9918367346938776,0.12118467148811116,0.01613187264697591,0.2521979916708823,0.03523197413737811,0.2537261715755823,0.425,0.48717948717948717,0,0,0.0
V11_mixB,E01_h5_tp10_t1,E止盈,1,5,,,,,,0.1,,,,,0.2407583697647926,0.2495652105725117,0.8142061635356622,-0.20748208719585293,0.27292178583185567,0.27687151390603204,0.8865666033211707,0.4897959183673469,4.979591836734694,-0.04500824087734223,10.367280908143828,-11.421611026294464,47.21872,0.04816309440000001,49,244,1,0.9959183673469387,0.061126857558505894,0.005667299550202287,0.23376624686885705,-0.007987084085622542,0.287152106007702,0.44,0.5416666666666666,0,0,0.0
V11_mixB,E02_h5_tp10_t2,E止盈,2,5,,,,,,0.1,,,,,0.08872621544457382,0.09176490311978935,0.4584897646252374,-0.2536447680265751,0.12043466190738528,0.04703242404655095,0.3623323938525609,0.47474747474747475,4.929292929292929,-0.22077801067028613,13.116920648623509,-15.070540347541694,47.87102,0.0488284404,99,244,1,1.9918367346938775,0.12010990232237373,0.21818711755771925,-0.10627341255479394,0.45575775638108906,-0.28076466056454374,0.5294117647058824,0.4166666666666667,1,0,0.0
V11_mixB,E01_h5_tp20_t1,E止盈,1,5,,,,,,0.2,,,,,0.196156652226412,0.20320184185649892,0.7089924009915192,-0.20748208719585293,0.23514520776264924,0.21504305741556018,0.733595745331985,0.46938775510204084,4.979591836734694,-0.1812550148539538,10.367280908143828,-11.421611026294464,47.24052,0.048185330400000004,49,244,1,0.9959183673469387,0.05937976218415257,0.005667299550202287,0.18941587616640998,-0.007987084085622542,0.22482584442522868,0.44,0.5,0,0,0.0
V11_mixB,E02_h5_tp20_t2,E止盈,2,5,,,,,,0.2,,,,,0.10891727541607676,0.11268248686094351,0.5358706530036612,-0.23858435643962994,0.1368004261383,0.08272361219694324,0.4225684544088238,0.45918367346938777,4.979591836734694,-0.2520414139193017,23.496200488362717,-15.070540347541694,47.3044,0.048250487999999994,98,244,1,1.9918367346938775,0.15963146662272457,0.2893028295798761,-0.13990937584661833,0.6747195765852174,-0.3534896066572316,0.52,0.3958333333333333,0,0,0.0
V11_mixB,E01_h5_tp30_t1,E止盈,1,5,,,,,,0.3,,,,,0.196156652226412,0.20320184185649892,0.7089924009915192,-0.20748208719585293,0.23514520776264924,0.21504305741556018,0.733595745331985,0.46938775510204084,4.979591836734694,-0.1812550148539538,10.367280908143828,-11.421611026294464,47.24052,0.048185330400000004,49,244,1,0.9959183673469387,0.05937976218415257,0.005667299550202287,0.18941587616640998,-0.007987084085622542,0.22482584442522868,0.44,0.5,0,0,0.0
V11_mixB,E02_h5_tp30_t2,E止盈,2,5,,,,,,0.3,,,,,0.10891727541607676,0.11268248686094351,0.5358706530036612,-0.23858435643962994,0.1368004261383,0.08272361219694324,0.4225684544088238,0.45918367346938777,4.979591836734694,-0.2520414139193017,23.496200488362717,-15.070540347541694,47.3044,0.048250487999999994,98,244,1,1.9918367346938775,0.15963146662272457,0.2893028295798761,-0.13990937584661833,0.6747195765852174,-0.3534896066572316,0.52,0.3958333333333333,0,0,0.0
V11_mixB,F01_h5_sl8_tp15_t1,F组合,1,5,,,,,0.08,0.15,,,,,0.009362789635048996,0.00967124608123493,0.19566182326699028,-0.303265528100946,0.06431251970969143,0.008602724582252641,0.1901468594680763,0.5102040816326531,4.979591836734694,0.45654051734260737,10.664458010148149,-7.686208482346302,46.29848,0.04722444960000001,49,244,1,0.9959183673469387,0.04389930552530414,0.005667299550202287,0.0036746646594743027,-0.007987084085622542,0.016723379707797248,0.44,0.5833333333333334,0,0,0.0
V11_mixB,F02_h5_sl8_tp15_t2,F组合,2,5,,,,,0.08,0.15,,,,,0.2407508582739084,0.24955739773975516,0.986805088995731,-0.20079997137932448,0.24808396384549558,0.4037090839455064,0.8722190578083927,0.5050505050505051,4.91919191919192,0.04709312358108786,23.842736976184774,-9.723127900724348,47.8329,0.048789558000000004,99,244,1,1.9877551020408164,0.1875388959715625,0.24125895328196134,-0.0004093384436097969,0.5112351563338957,-0.07115111896234438,0.52,0.4897959183673469,0,0,0.0
V17_allz,I01_daily_t1_q0.3,I择时,1,1,,,,,,,,,,0.3,0.4772953560011741,0.4963170981651399,1.3092557917475256,-0.32929652788354646,0.4503247424506177,0.4622894272957756,1.1738719839635072,0.5094339622641509,1.0,0.1448759125096677,12.574469200099458,-7.01131951108791,155.05068,0.1581516936,159,244,86,0.6489795918367347,0.4456663936464063,0.3248586885647582,0.11505881249988525,0.31013383271473827,0.11613744396307579,0.5476190476190477,0.4666666666666667,3,0,0.0
V17_allz,I02_daily_t1_q0.5,I择时,1,1,,,,,,,,,,0.5,0.4949693832028641,0.5148092470610732,1.4911596607089685,-0.3489013850968985,0.44771474909025144,0.4999064743561463,1.359222664205089,0.5217391304347826,1.0,0.27815581636987385,12.574469200099458,-6.966855284292761,111.94742,0.11418636839999999,115,244,130,0.46938775510204084,0.6058835198316432,0.3868201997313312,0.07798356520368288,0.39930514457491895,0.07189377540078201,0.5873015873015873,0.4423076923076923,2,0,0.0
V17_allz,I03_h5_sl8_t1_q0.3,I择时,1,5,,,,,0.08,,,,,0.3,0.3725566712114201,0.3868818820571951,0.9209167369788713,-0.49725579005881404,0.4255052385928245,0.27969817791344,0.6842182642228009,0.4666666666666667,4.733333333333333,-0.32815902254552665,41.87435808964921,-13.811814167145531,42.25652,0.0431016504,45,244,32,0.8693877551020408,0.22717353624437528,0.37996283377062867,-0.0053669290055963215,0.3507613458057166,-0.052609713857253215,0.5454545454545454,0.391304347826087,1,0,0.0
V17_allz,I04_h5_sl8_t2_q0.3,I择时,2,5,,,,,0.08,,,,,0.3,0.37575773196336315,0.39022252771206967,1.1165197317280198,-0.3897386783805933,0.3780871631841525,0.6409435859765964,1.0036205499059316,0.4835164835164835,4.78021978021978,-0.10197348689340302,41.87262945580383,-13.8130809033709,42.87678,0.043769835599999994,91,244,17,1.7755102040816326,0.2134510478489092,0.3039650579797508,0.0550572068969708,0.5802421895156831,0.03841271728070739,0.5227272727272727,0.44680851063829785,1,0,0.0
V17_allz,J01_h10_rat20_10_t1,J利润锁定,1,10,,,,,,,,0.2,0.1,,-0.33655602573202914,-0.3454214488652608,-0.6782399868429879,-0.47071230847967827,-0.305541227769515,-0.40189215859484784,-0.7247078804405023,0.32,9.76,-2.834630711332231,19.304745472059604,-24.86617699581596,18.68098,0.019054599600000003,25,244,1,0.9959183673469387,0.03401317120500911,-0.0919458593377297,-0.2693783943498106,-0.22602179867625694,-0.22722908683706866,0.3076923076923077,0.3333333333333333,0,0,0.0
V17_allz,J02_h10_rat20_10_t2,J利润锁定,2,10,,,,,,,,0.2,0.1,,-0.20574088559340187,-0.21171678427828555,-0.42484194056679553,-0.44807060387281594,-0.1586280363196534,-0.5343897728091949,-0.4998294079186145,0.42,9.76,-1.455195462276998,47.5596783868115,-29.017401312665857,21.65868,0.022671603600000003,50,244,1,1.9918367346938775,0.03389662327129621,0.049070341896640945,-0.24289241370541736,-0.25398457288609955,-0.3758705111607348,0.4230769230769231,0.4166666666666667,1,0,0.0
V17_allz,J03_h10_rat30_15_sl8_t1,J利润锁定,1,10,,,,,0.08,,,0.3,0.15,,0.26710030940608975,0.2769733957065921,0.7762538183492478,-0.3737144981613505,0.32612615924420185,0.1498226682467414,0.5308609703098582,0.5,8.714285714285714,-0.1698893803981527,22.095500259599433,-10.341470804728525,27.22096,0.027765379200000002,28,244,1,0.9959183673469387,0.1433581457452177,0.40142589256018746,-0.0958492231856134,0.264005982919842,-0.0903344732667627,0.5,0.5,0,0,0.0
V17_allz,J04_h10_rat30_15_sl8_t2,J利润锁定,2,10,,,,,0.08,,,0.3,0.15,,0.1517125517489717,0.15705867266497964,0.5891112558739777,-0.3900900876226918,0.20100779316667128,-0.010905469464293605,0.33483070151430616,0.48214285714285715,8.714285714285714,-0.6237234844107931,35.680090083053216,-17.500688909546703,26.57114,0.027125822799999998,56,244,1,1.9918367346938775,0.14270001287213424,0.3915522763723822,-0.1723540888083951,0.5194271617883364,-0.34903458657961495,0.5,0.4642857142857143,0,1,0.0
V11_allz,H02_re50_t2,H排名退出,2,,,,50,2,,,,,,,0.024633387570257126,0.02545123275667982,0.22622762641073843,-0.22127652351466132,0.058132511099048045,-0.05908550615982744,0.11115682302172898,0.48951048951048953,3.4055944055944054,-0.12862611466153417,16.266162451053255,-9.723127900724348,69.17362,0.07055709240000001,143,244,1,1.9877551020408164,0.1254876731695664,0.14840194116218908,-0.10777459455238902,0.30730161590927785,-0.2802621197819515,0.5068493150684932,0.4714285714285714,2,0,0.0
V11_allz,H02_re100_t2,H排名退出,2,,,,100,2,,,,,,,0.18674693828362732,0.19342763760299864,0.773187055240574,-0.21952641051541333,0.20841930186289293,0.2919101233841601,0.74692388297211,0.5121951219512195,3.967479674796748,0.04461596583129612,16.3868900935072,-16.10931685086903,59.63322,0.0608258844,123,244,1,1.9918367346938775,0.1568890770478787,0.20585168123130582,-0.015843360543455587,0.49563006103970775,-0.13621011168626063,0.5714285714285714,0.45,2,0,0.0
V11_allz,H03_re20_sl8_t1,H排名退出,1,,,,20,2,0.08,,,,,,0.23347214812149408,0.2419874144932923,0.8300826718315784,-0.26249535309319183,0.2599182796766546,0.25878772388134674,0.9523393195450518,0.49333333333333335,3.24,-0.10197348689341412,9.768877813287524,-5.9606652807904,73.16258,0.0746258316,75,244,2,0.9918367346938776,0.08071968480906874,-0.03966846227646725,0.2844232430869058,-0.02194131495539764,0.28702678390299585,0.42105263157894735,0.5675675675675675,1,0,0.0
V11_allz,H04_re20_sl8_t2,H排名退出,2,,,,20,2,0.08,,,,,,0.03449153692592444,0.035642328884063046,0.2637790431629625,-0.23964070074812138,0.06797642680826099,-0.018785697585658068,0.19417646586489568,0.48026315789473684,3.2039473684210527,-0.20247800174457153,16.266162451053255,-10.404909506754967,73.32992,0.0747965184,152,244,1,1.9877551020408164,0.09710119878725255,0.05474984509413905,-0.01920674201796735,0.08018439726014148,-0.09162333310574933,0.4675324675324675,0.49333333333333335,2,0,0.0
V11_allz,H03_re50_sl8_t1,H排名退出,1,,,,50,2,0.08,,,,,,0.14183363665533855,0.1468099437373136,0.5465419766163502,-0.21732011591113232,0.20159014146331988,0.13558428586078297,0.5284139834218513,0.5,3.375,-0.05483627145681513,16.26616245105328,-10.404909506754967,69.7886,0.07118437200000001,72,244,2,0.9918367346938776,0.06065905823864645,0.007472953879644306,0.1333640593112595,0.005453365980974123,0.12942511734778117,0.4722222222222222,0.5277777777777778,0,0,0.0
V11_allz,H04_re50_sl8_t2,H排名退出,2,,,,50,2,0.08,,,,,,0.02250683560789546,0.02325327958377299,0.21837790978388874,-0.2506239116572737,0.056092289578570376,-0.07082920883758159,0.09911228843826878,0.503448275862069,3.3586206896551722,0.04461596583129612,16.266162451053255,-10.404909506754967,70.1498,0.071552796,145,244,1,1.9877551020408164,0.12217044088240536,0.1492827521831548,-0.1103087263203415,0.30152675687522357,-0.2860916717584645,0.5342465753424658,0.4722222222222222,1,0,0.0
V11_allz,I01_daily_t1_q0.3,I择时,1,1,,,,,,,,,,0.3,-0.05067884424123159,-0.05229623245555759,-0.008894562680006378,-0.29177059620829837,-0.0027669316861034243,-0.0316534573853583,0.05069155878661035,0.4463276836158192,1.0,-0.27113424282949605,11.769409843177826,-9.978581119726215,161.96142,0.16520064840000004,177,244,68,0.7224489795918367,0.2913683985853923,-0.04268560359670204,-0.008349650516654039,-0.028379102637232867,-0.003369992099812036,0.46511627906976744,0.42857142857142855,1,0,0.0
V11_allz,I02_daily_t1_q0.5,I择时,1,1,,,,,,,,,,0.5,0.2661050260314304,0.2759374840436115,1.0630649464986577,-0.1609766571845589,0.26812275812881303,0.3085421436770832,1.1575172303783947,0.4580152671755725,1.0,-0.25879545827889316,11.769409843177847,-3.613683932847045,128.59058,0.1311623916,131,244,114,0.5346938775510204,0.5085238297305406,0.10102856891287648,0.14992931317081637,0.1281401832821698,0.1599109428670984,0.47058823529411764,0.4444444444444444,1,0,0.0
V11_allz,I03_h5_sl8_t1_q0.3,I择时,1,5,,,,,0.08,,,,,0.3,0.34683498306529637,0.36004790047374446,1.20215707918573,-0.20423629316054148,0.33808632703588437,0.38675381969249334,1.0894057240621429,0.5333333333333333,4.955555555555556,0.7311432360919357,20.072014897881818,-7.686208482346302,44.09478,0.04497667559999999,45,244,22,0.9102040816326531,0.23958589375471662,0.10324091866408458,0.22079861277823065,0.11708564783956499,0.2414033090251091,0.5652173913043478,0.5,0,0,0.0
V11_allz,I04_h5_sl8_t2_q0.3,I择时,2,5,,,,,0.08,,,,,0.3,0.2772621559392896,0.28755158039328177,1.204350798837451,-0.2080779634447255,0.27074679316340133,0.5713058437627208,1.120114058266529,0.5714285714285714,4.912087912087912,0.7030120220690605,23.496200488362717,-10.71331612992148,43.92268,0.0448011336,91,244,19,1.8244897959183672,0.26738757958225545,0.27943140973389413,-0.001695482679337279,0.6311553887322376,-0.0366915043060575,0.6521739130434783,0.4888888888888889,0,0,0.0
V11_allz,J01_h10_rat20_10_t1,J利润锁定,1,10,,,,,,,,0.2,0.1,,0.12025589060203834,0.12443458437700117,0.5327643879205682,-0.22053064052564153,0.15933881043933495,0.1227996690490365,0.5638607038840892,0.6,9.76,1.0881932602285316,10.959868597004018,-11.671665663663354,24.49496,0.0249848592,25,244,1,0.9959183673469387,0.12652530126173908,0.19922697712456316,-0.0658516594680656,0.14664022842182356,-0.02079166488480877,0.6923076923076923,0.5,0,0,0.0
V11_allz,J02_h10_rat20_10_t2,J利润锁定,2,10,,,,,,,,0.2,0.1,,0.0781950420545694,0.08085982357698818,0.4246948775497908,-0.2782773060184772,0.10930094651728595,0.05069831025521232,0.35656997301458315,0.56,9.76,0.602022796268542,19.304745472059604,-18.99786484468461,24.25974,0.024744934799999996,50,244,1,1.9918367346938775,0.13768613334010935,0.25599606796156715,-0.14156176953289556,0.2867783361294094,-0.18346596243166324,0.5769230769230769,0.5416666666666666,0,0,0.0
V11_allz,J03_h10_rat30_15_sl8_t1,J利润锁定,1,10,,,,,0.08,,,0.3,0.15,,0.324269371774383,0.3365202975672108,0.935288833536577,-0.3420985933567847,0.35283965973262843,0.33022695386652656,0.700584276500191,0.4642857142857143,8.714285714285714,-0.34993019076397514,59.98569616573675,-11.186511549641033,27.048,0.027588960000000003,28,244,1,0.9959183673469387,0.09220582765078174,0.030900663235925885,0.2845751477330456,-0.014333338928481099,0.34957080968979426,0.42857142857142855,0.5,0,0,0.0
V11_allz,J04_h10_rat30_15_sl8_t2,J利润锁定,2,10,,,,,0.08,,,0.3,0.15,,0.3193729736143194,0.33141688935450775,1.1934410443971017,-0.26261933400548343,0.3123090360880745,0.4880978824791189,0.8526975358075881,0.5660377358490566,9.20754716981132,0.4268340716280017,59.98569616573675,-13.55171396444118,25.67558,0.0261890916,53,244,1,1.9918367346938775,0.16774527966969024,0.23911899023433647,0.064766970736851,0.3805959055376169,0.07786635938170505,0.6296296296296297,0.5,0,0,0.0
V11_mixA,A01_daily_top1,A基线,1,1,,,,,,,,,,,0.24345993227776974,0.25237525339622,0.8102813152556584,-0.18256227310690099,0.27800017235829655,0.23490554274188136,0.7539028357504552,0.48148148148148145,1.0,-0.10197348689340302,11.769409843177847,-5.256379850368864,239.0942,0.24387608400000002,243,244,2,0.9918367346938776,0.0912891376869513,0.0830882503648962,0.14806889637925846,0.08768505328641152,0.13535213066562513,0.4715447154471545,0.49166666666666664,3,0,0.0
V11_mixA,A02_daily_top2,A基线,2,1,,,,,,,,,,,0.145944672250913,0.1510745228140178,0.6159300277965687,-0.19557130847569504,0.17998858138619633,0.17346326458004468,0.5705686359821223,0.48148148148148145,1.0,-0.10197348689341412,12.574469200099458,-9.978581119726204,235.82056,0.24053833119999998,486,244,2,1.9836734693877551,0.09566335987898097,0.17551968722145084,-0.02515909796495408,0.3366192043862888,-0.12206613467083693,0.5040650406504065,0.4583333333333333,5,0,0.0
V11_mixC,F01_h5_sl8_tp40_t1,F组合,1,5,,,,,0.08,0.4,,,,,0.10934121642627592,0.11312181697131551,0.49104121456973265,-0.29240947661014327,0.15343261776255568,0.09754512131920268,0.457604732089017,0.5306122448979592,4.979591836734694,0.45654051734258516,10.664458010148149,-7.686208482346302,47.76858,0.04872395160000001,49,244,1,0.9959183673469387,0.07667749399878766,0.05876398414008399,0.047770072503239946,0.07949236067988741,0.01672337970779636,0.48,0.5833333333333334,0,0,0.0
V11_mixC,F02_h5_sl8_tp40_t2,F组合,2,5,,,,,0.08,0.4,,,,,0.30955428404307916,0.3211849582354984,1.213221651204784,-0.1695062569250977,0.30132320564659665,0.6135183411687695,1.1068235463497993,0.5050505050505051,4.91919191919192,0.008617228547147526,23.842736976184774,-9.513380872660516,47.9118,0.048870036,99,244,1,1.9877551020408164,0.19685675871072844,0.2874107274602682,0.017200071516021875,0.6681755346750426,-0.032764653581207726,0.52,0.4897959183673469,0,0,0.0
V11_mixC,G01_h10_tr5_t1,G移动止损,1,10,,,,,,,0.05,,,,0.4384904415734552,0.4557414850363466,1.17048608027873,-0.2561239597722881,0.4335233230109514,0.44244415892161815,0.8288879379704568,0.5333333333333333,8.1,0.3798510267169708,59.98569616573675,-10.990231648682226,29.29488,0.029880777600000002,30,244,2,0.9918367346938776,0.1378211554496425,0.17199970064730152,0.22738123634244078,0.1425878119235302,0.26243615052508207,0.6428571428571429,0.4375,0,0,0.0
V11_mixC,G02_h10_tr5_t2,G移动止损,2,10,,,,,,,0.05,,,,0.42946413320809684,0.44630840777661884,1.5185874674932072,-0.19851546265916786,0.39153796325049683,0.908695979559428,1.1808994407023305,0.4838709677419355,7.838709677419355,-0.8462120759567371,59.98569616573675,-10.990231648682226,30.02368,0.0306241536,62,244,2,1.9836734693877551,0.20249376643359346,0.24379872534748004,0.14927287195020122,0.43121636040102707,0.33361805550113366,0.5666666666666667,0.40625,0,0,0.0
V11_mixC,G01_h10_tr8_t1,G移动止损,1,10,,,,,,,0.08,,,,0.3460005691259871,0.3591776832610287,1.0368314600604172,-0.2893814521018093,0.3571910896220458,0.34663903546960384,0.7202664084862611,0.42857142857142855,8.678571428571429,-1.1144626806376012,59.98569616573675,-9.513380872660482,27.3052,0.027851304000000004,28,244,2,0.9918367346938776,0.11725720329256871,0.10241518679351524,0.22095612002676202,0.0650404054139162,0.26440182797219536,0.42857142857142855,0.42857142857142855,0,0,0.0
V11_mixC,G02_h10_tr8_t2,G移动止损,2,10,,,,,,,0.08,,,,0.01800290272808036,0.018598617654479677,0.19947333536695852,-0.32682328659764903,0.04978906822788853,-0.045990822092834116,0.15902333303254382,0.5185185185185185,9.018518518518519,0.3184401545796023,17.75376480084354,-13.85161194850264,25.97658,0.0264961116,54,244,1,1.9877551020408164,0.13854522283811702,0.27288698612633433,-0.2002409374723203,0.49177250384842397,-0.36048614956634095,0.6296296296296297,0.4074074074074074,0,0,0.0
V11_mixC,G01_h10_tr12_t1,G移动止损,1,10,,,,,,,0.12,,,,0.12025589060203834,0.12443458437700117,0.5327643879205682,-0.22053064052564153,0.15933881043933495,0.1227996690490365,0.5638607038840892,0.6,9.76,1.0881932602285316,10.959868597004018,-11.671665663663354,24.49496,0.0249848592,25,244,1,0.9959183673469387,0.12652530126173908,0.19922697712456316,-0.0658516594680656,0.14664022842182356,-0.02079166488480877,0.6923076923076923,0.5,0,0,0.0
V11_mixC,G02_h10_tr12_t2,G移动止损,2,10,,,,,,,0.12,,,,0.0698501021867386,0.07222107718779847,0.40350036900474157,-0.25174498810099566,0.09759799847620587,0.04743335250199121,0.34011704236595564,0.52,9.74,0.3798510267169708,19.304745472059604,-14.361465388581296,24.22136,0.024705787199999996,50,244,1,1.9877551020408164,0.1398560126856877,0.25599606796156715,-0.14820585073720527,0.2867783361294094,-0.18600327415159978,0.5769230769230769,0.4583333333333333,0,0,0.0
V11_mixA,J01_h10_rat20_10_t1,J利润锁定,1,10,,,,,,,,0.2,0.1,,0.005606846091957829,0.005791208404910098,0.17482766273152883,-0.32665280353049,0.05358322250948744,-0.02985455921686586,0.09621577130720965,0.52,9.76,0.3328679818059399,19.304745472059604,-18.99786484468463,24.65822,0.025151384400000008,25,244,1,0.9959183673469387,0.16596348139270406,0.3376515710393375,-0.24822960787119208,0.2895604816796773,-0.2476929507645108,0.5384615384615384,0.5,0,0,0.0
V11_mixA,J02_h10_rat20_10_t2,J利润锁定,2,10,,,,,,,,0.2,0.1,,0.4759873618663055,0.49494884484230894,1.596583941492131,-0.17038050560791718,0.4260095197468534,1.0635555590108083,1.297196118973786,0.54,9.76,0.8903068631759048,47.75288282866359,-24.639540651437265,24.29508,0.0247809816,50,244,1,1.9918367346938775,0.1945338475246506,0.3364424446517802,0.10441520902973389,0.4496349474884045,0.4235001457339753,0.46153846153846156,0.625,0,0,0.0
V11_mixA,J03_h10_rat30_15_sl8_t1,J利润锁定,1,10,,,,,0.08,,,0.3,0.15,,0.31897313644522307,0.33100017525148373,1.0055277655366954,-0.2384317240708762,0.332846302752976,0.3497999862333516,1.040912296437416,0.56,9.76,1.8679576807566933,19.304745472059604,-9.150066086675036,24.62108,0.0251135016,25,244,1,0.9959183673469387,0.19404002941204232,0.3376515710393375,-0.01396360233001559,0.2895604816796773,0.04671320609577845,0.5384615384615384,0.5833333333333334,0,0,0.0
V11_mixA,J04_h10_rat30_15_sl8_t2,J利润锁定,2,10,,,,,0.08,,,0.3,0.15,,0.3256383103339464,0.33794722291368795,1.2322022806128723,-0.20796355557239687,0.3157972239472807,0.7130499858579684,1.2006986078501083,0.5576923076923077,9.384615384615385,1.8303489056775368,24.913804050875466,-12.14898279298171,25.25538,0.0257604876,52,244,1,1.9918367346938775,0.23121650119725143,0.4940029552511509,-0.1126936491828433,1.2726361250591243,-0.24622777620706782,0.5769230769230769,0.5384615384615384,0,0,0.0
V11_mixB,A01_daily_top1,A基线,1,1,,,,,,,,,,,0.1684104031474325,0.1743881441835926,0.613927716829377,-0.23671504265108134,0.2221797295193665,0.16854040590176567,0.6162357180819803,0.4691358024691358,1.0,-0.10197348689341412,11.769409843177847,-9.978581119726215,236.59192,0.2413237584,243,244,2,0.9918367346938776,0.0742201256872434,0.03229260923782973,0.1318597001388011,0.038422442463691864,0.1253034970328306,0.4878048780487805,0.45,2,0,0.0
V11_mixB,A02_daily_top2,A基线,2,1,,,,,,,,,,,-0.13099077150492178,-0.1349819135584983,-0.3353250194095395,-0.3073569608119986,-0.09724195241680289,-0.32751675796524915,-0.5826258046644143,0.4609053497942387,1.0,-0.16970681787447095,11.769409843177847,-9.978581119726204,216.54108,0.22493098160000002,486,244,2,1.9836734693877551,0.04039048350503348,-0.07333882961337024,-0.0622146947923764,-0.16777842540042265,-0.1919420710063705,0.4796747967479675,0.44166666666666665,4,0,0.0
V11_mixB,B01_hold2_t1,B持有期,1,2,,,,,,,,,,,-0.08599225571028668,-0.08868284952319394,-0.09840165042343205,-0.3360685143028497,-0.032918807930018223,-0.09132998321821784,-0.14256211539189356,0.45081967213114754,2.0,-0.31493206404813456,8.564503879146223,-6.18847389834084,117.12702,0.11946956039999997,122,244,1,0.9959183673469387,0.11390861169473361,0.15548213302308223,-0.20898149943833444,0.17300626619077786,-0.22534939243538887,0.5161290322580645,0.38333333333333336,1,0,0.0
V11_mixB,B01_hold3_t1,B持有期,1,3,,,,,,,,,,,0.5288396023695183,0.5502672668311899,1.5209997953600487,-0.18901168325567363,0.47425202100635266,0.662282450653586,1.6042434271183543,0.48148148148148145,3.0,-0.18325316718466045,16.266162451053255,-6.796171524492534,79.53218,0.08112282359999999,81,244,2,0.9918367346938776,0.18977319781054117,0.12913678500138137,0.3539897226602602,0.15590377167214364,0.43808030684847465,0.43902439024390244,0.525,1,0,0.0
V11_mixB,H01_re20_t1,H排名退出,1,,,,20,2,,,,,,,0.1987369684446565,0.20588254931054983,0.6958375445835681,-0.2698399796384362,0.24410661575449655,0.22375207206952408,0.7876194188036522,0.42857142857142855,3.155844155844156,-0.2510400973679383,16.266162451053255,-6.796171524492545,75.31618,0.0768225036,77,244,2,0.9918367346938776,0.07907879600779434,-0.05310775246033361,0.26596977803901534,-0.03244070024867196,0.2647825020999135,0.34210526315789475,0.5128205128205128,0,0,0.0
V11_mixB,H01_re50_t1,H排名退出,1,,,,50,2,,,,,,,0.05081636780386889,0.052525500108449474,0.32133754237499246,-0.21750370904173977,0.11810987473496981,0.0452877726385732,0.3014113433935776,0.4857142857142857,3.4714285714285715,-0.14145731170321918,16.266162451053233,-7.63746744198569,67.73198,0.06908661959999998,70,244,2,0.9918367346938776,0.05126784875713726,-0.03243773190503474,0.08604521120157282,-0.013945983714436672,0.060071512690696105,0.45714285714285713,0.5142857142857142,1,0,0.0
V11_mixB,H02_re10_t2,H排名退出,2,,,,10,2,,,,,,,0.22337625604833566,0.23148993996560452,0.9417897052626147,-0.17277359991126673,0.23281039718230867,0.4282227988399647,0.9749928421617918,0.45222929936305734,3.0955414012738856,-0.25507303782486,19.18782017752758,-10.534043757318745,76.1166,0.07763893200000001,157,244,2,1.9836734693877551,0.18117203198642887,0.19139314249733363,0.026845138191714968,0.450049128574183,-0.01505213120308535,0.4430379746835443,0.46153846153846156,1,0,0.0
V11_mixB,H02_re20_t2,H排名退出,2,,,,20,2,,,,,,,0.1944972511347718,0.20147797931532474,0.8502920759503636,-0.2174240245752337,0.20845605182580262,0.3520541509689703,0.8634133514428395,0.44,3.2466666666666666,-0.25305656759639916,19.18782017752758,-10.534043757318745,72.6479,0.074102218,150,244,1,1.9877551020408164,0.17682585847478038,0.19995588783713458,-0.004549031141638515,0.47073936463885824,-0.08069765216288327,0.4266666666666667,0.4533333333333333,1,0,0.0
V11_mixB,H02_re50_t2,H排名退出,2,,,,50,2,,,,,,,-0.09064811413434071,-0.09347680306122153,-0.1953637891688347,-0.28736301956282884,-0.05474203333998884,-0.22958952593181325,-0.3071075900676115,0.4928571428571429,3.4785714285714286,-0.09456690845929261,16.26616245105328,-12.431207564317459,65.73846,0.06723470919999999,140,244,1,1.9877551020408164,0.05918095902017762,0.016501437100423955,-0.10541013256253762,0.020210985525454195,-0.24485181496904695,0.4782608695652174,0.5070422535211268,2,0,0.0
V11_mixB,H02_re100_t2,H排名退出,2,,,,100,2,,,,,,,0.1641548009724676,0.16997079208500065,0.6700101777649082,-0.22342681872159398,0.19594987872040315,0.28754743166792185,0.7578776020705738,0.5289256198347108,4.024793388429752,0.30932128084546484,16.3868900935072,-16.10931685086903,58.54436,0.0597152472,121,244,1,1.9877551020408164,0.1129149158368115,0.1524330484516585,0.010171308898644149,0.3365125127022499,-0.036636455378429744,0.546875,0.5087719298245614,2,0,0.0
V11_mixB,H03_re20_sl8_t1,H排名退出,1,,,,20,2,0.08,,,,,,0.1987369684446565,0.20588254931054983,0.6958375445835681,-0.2698399796384362,0.24410661575449655,0.22375207206952408,0.7876194188036522,0.42857142857142855,3.155844155844156,-0.2510400973679383,16.266162451053255,-6.796171524492545,75.31618,0.0768225036,77,244,2,0.9918367346938776,0.07907879600779434,-0.05310775246033361,0.26596977803901534,-0.03244070024867196,0.2647825020999135,0.34210526315789475,0.5128205128205128,0,0,0.0
V11_mixB,H04_re20_sl8_t2,H排名退出,2,,,,20,2,0.08,,,,,,0.06918875032110816,0.07153653486678846,0.39658382240507584,-0.2772815929944751,0.09866047497697317,0.04960630877578143,0.34112994005097447,0.4266666666666667,3.2466666666666666,-0.25791215029894454,19.18782017752758,-9.40390281135599,72.51826,0.07396998519999999,150,244,1,1.9877551020408164,0.15894262961306757,0.19995588783713458,-0.10897662059205204,0.47073936463885824,-0.28634105130278253,0.4266666666666667,0.4266666666666667,1,0,0.0
V11_ensw2,G01_h10_tr5_t1,G移动止损,1,10,,,,,,,0.05,,,,0.019357160619239977,0.01999812641863885,0.22513117275177616,-0.32727445078687767,0.07307607066232136,-0.013702221502620016,0.1577934080571425,0.4117647058823529,7.147058823529412,-1.3424495770831046,23.711812974729774,-6.583047028462252,33.45878,0.0341279556,34,244,2,0.9918367346938776,0.1598420611031752,0.21813528131206938,-0.16318230310078774,0.17061905488345053,-0.15745624130851188,0.5,0.3333333333333333,0,0,0.0
V11_ensw2,G02_h10_tr5_t2,G移动止损,2,10,,,,,,,0.05,,,,1.0873418067209473,1.1383168060856326,3.0901228549381865,-0.13943416465485503,0.7685950313832134,4.325639462971394,1.8428310571559137,0.4696969696969697,7.393939393939394,-0.1696148987731405,102.55753772639386,-9.94213447679656,32.18126,0.0328248852,66,244,1,1.9918367346938775,0.3135476386689502,0.8236422415746885,0.14460049188077506,2.355145643638334,0.5873050021149746,0.5161290322580645,0.42857142857142855,0,0,0.0
V11_ensw2,G01_h10_tr8_t1,G移动止损,1,10,,,,,,,0.08,,,,1.6644234168323018,1.7514235269712053,2.996354936071021,-0.18417786827770855,1.0426584122076745,2.3545949081155113,1.471139971350913,0.4482758620689655,8.413793103448276,-0.2372563106528669,102.55753772639386,-11.178753855578648,28.55728,0.0291284256,29,244,1,0.9959183673469387,0.34593570473335467,1.2319045252564575,0.1937891548143833,1.4493592695019024,0.3695805878235643,0.5384615384615384,0.375,0,0,0.0
V11_ensw2,G02_h10_tr8_t2,G移动止损,2,10,,,,,,,0.08,,,,0.9215703399587316,0.9631635989705758,2.63333511471673,-0.13468801838140776,0.6888873964002348,2.5472385788662515,1.4813263118243298,0.4642857142857143,8.714285714285714,-0.4134539396469017,102.55753772639386,-11.178753855578648,27.04568,0.0275865936,56,244,1,1.9918367346938775,0.2706826016554228,0.6981697176356769,0.13155376638919858,1.6020233300601072,0.3632616348540998,0.5185185185185185,0.41379310344827586,0,0,0.0
V11_ensw2,G01_h10_tr12_t1,G移动止损,1,10,,,,,,,0.12,,,,1.549813323103011,1.6292781349338803,2.998442418041109,-0.18012911166796342,0.9926413686301973,2.242358327810273,1.4835159577144412,0.5384615384615384,9.384615384615385,0.6094633766066893,102.55753772639386,-13.71300796404632,25.66182,0.026175056399999997,26,244,1,0.9959183673469387,0.36793118993864704,1.313932728653889,0.1019392619016799,1.54299598987564,0.2750151163112269,0.5384615384615384,0.5384615384615384,0,0,0.0
V11_ensw2,G02_h10_tr12_t2,G移动止损,2,10,,,,,,,0.12,,,,0.5549864578987331,0.5776575116671632,1.7101012835746419,-0.2421406973475092,0.48226065991897193,0.8954018511142217,0.9741935409640258,0.43137254901960786,9.568627450980392,-0.8663007556873215,102.55753772639386,-13.71300796404633,24.69372,0.0251875944,51,244,1,1.9918367346938775,0.24183921073016587,0.7634417870912253,-0.11820936234948665,1.632658393344061,-0.28004261551509557,0.46153846153846156,0.4,0,0,0.0
V11_ensw2,G03_h20_tr8_t1,G移动止损,1,20,,,,,,,0.08,,,,0.8391871978390846,0.8762996407710479,1.9410950717027513,-0.31336020532599074,0.6702821771885238,0.6800713236477469,0.8984949133696268,0.3157894736842105,12.842105263157896,-2.4461915763970388,89.25208383549214,-11.49356949506053,18.72232,0.0190967664,19,244,1,0.9959183673469387,0.34413110224457233,1.022732837284296,-0.09074141481365272,0.9608818554190706,-0.1432062472276331,0.375,0.2727272727272727,0,0,0.0
V11_ensw2,G03_h20_tr12_t1,G移动止损,1,20,,,,,,,0.12,,,,1.7009009648022029,1.7903358886107474,2.864891087487212,-0.13053243577396312,1.0651130198693406,2.2308361312169485,1.3444324958550469,0.42857142857142855,17.428571428571427,-0.9910047267953026,131.85394996324155,-16.61941808173354,13.77174,0.014047174800000001,14,244,1,0.9959183673469387,0.4133955938161922,1.5452409065839396,0.06115729863354269,1.737451064821201,0.18023520958464068,0.42857142857142855,0.42857142857142855,0,0,0.0
V11_mixC,B01_hold10_t1,B持有期,1,10,,,,,,,,,,,0.12025589060203834,0.12443458437700117,0.5327643879205682,-0.22053064052564153,0.15933881043933495,0.1227996690490365,0.5638607038840892,0.6,9.76,1.0881932602285316,10.959868597004018,-11.671665663663354,24.49496,0.0249848592,25,244,1,0.9959183673469387,0.12652530126173908,0.19922697712456316,-0.0658516594680656,0.14664022842182356,-0.02079166488480877,0.6923076923076923,0.5,0,0,0.0
V11_mixC,B01_hold20_t1,B持有期,1,20,,,,,,,,,,,0.2156893061555354,0.2234991308295553,0.8009710392607738,-0.22425869143895927,0.24181338737587998,0.2131561951462626,0.7242477851980338,0.6153846153846154,18.76923076923077,2.1701630303394115,29.465843404027424,-12.055387338422442,12.72498,0.012979479600000001,13,244,1,0.9959183673469387,0.1949993463082027,0.205742848037209,0.00824923667141575,0.10855466848897755,0.09435847381335094,0.42857142857142855,0.8333333333333334,0,0,0.0
V11_mixC,B02_hold2_t2,B持有期,2,2,,,,,,,,,,,-0.08190819446603126,-0.08447699357258598,-0.18174578736858416,-0.3336883723184658,-0.04865857884864733,-0.20457077403795443,-0.24385870134773407,0.4959016393442623,2.0,-0.013321740064137222,10.086217278164167,-9.348899044961446,115.48186,0.1180571772,244,244,1,1.9918367346938775,0.10018311182344311,0.1175637926427251,-0.17848823344308795,0.21068266138105218,-0.342991147610323,0.532258064516129,0.4583333333333333,1,0,0.0
V11_mixC,B02_hold3_t2,B持有期,2,3,,,,,,,,,,,0.3968533731401551,0.41224440938990403,1.6431755129375072,-0.19372938093015057,0.3587199879625428,1.0119672897364342,1.5818334336748332,0.5123456790123457,3.0,0.08519580901672485,19.18782017752758,-10.71331612992148,78.42672,0.07999525440000001,162,244,2,1.9836734693877551,0.2727509317830586,0.45835159213970766,-0.04216967933591442,1.481811662062079,-0.18931507958797456,0.5365853658536586,0.4875,1,0,0.0
V11_mixC,B02_hold5_t2,B持有期,2,5,,,,,,,,,,,0.18985020733423497,0.196650833614205,0.8274355385678202,-0.20181378235973757,0.20547232704481733,0.2909403519157332,0.7458585545907684,0.45918367346938777,4.979591836734694,-0.2520414139193017,23.496200488362717,-14.173381944823028,47.36202,0.04830926039999999,98,244,1,1.9918367346938775,0.17141575547860613,0.2874107274602682,-0.07578041571744065,0.6681755346750426,-0.22613638368266442,0.52,0.3958333333333333,0,0,0.0
V11_mixC,B02_hold7_t2,B持有期,2,7,,,,,,,,,,,-0.0399467419963514,-0.04122909887899151,-0.037029905976528055,-0.40822249886139816,-0.009186125845372484,-0.19377352172241535,-0.15510017264978102,0.5,6.9714285714285715,0.0008861755533939863,15.039720740568608,-13.71300796404633,33.79916,0.034475143199999995,70,244,1,1.9918367346938775,0.2112517248584449,0.41701151039490036,-0.32248026853635403,1.2116844019490887,-0.635469474050148,0.6944444444444444,0.29411764705882354,1,0,0.0
V11_mixC,B02_hold10_t2,B持有期,2,10,,,,,,,,,,,0.0781950420545694,0.08085982357698818,0.4246948775497908,-0.2782773060184772,0.10930094651728595,0.05069831025521232,0.35656997301458315,0.56,9.76,0.602022796268542,19.304745472059604,-18.99786484468461,24.25974,0.024744934799999996,50,244,1,1.9918367346938775,0.13768613334010935,0.25599606796156715,-0.14156176953289556,0.2867783361294094,-0.18346596243166324,0.5769230769230769,0.5416666666666666,0,0,0.0
V11_mixC,B02_hold20_t2,B持有期,2,20,,,,,,,,,,,-0.09739492158102714,-0.10042229524916824,-0.1925291431384015,-0.3982564064432811,-0.05710379878037308,-0.2957640242222035,-0.432981962200372,0.5,18.76923076923077,0.1374748096265921,29.465843404027424,-15.516853717865542,12.19658,0.012470551600000003,26,244,1,1.9918367346938775,0.11466327867504902,0.12092234746844666,-0.19476573871734582,-0.06349328451975755,-0.2480182318642925,0.42857142857142855,0.5833333333333334,0,0,0.0
V11_mixC,G03_h20_tr8_t1,G移动止损,1,20,,,,,,,0.08,,,,0.28697210427921194,0.2976619309475079,1.0010654080991201,-0.19037628150166352,0.2974197490609414,0.2762746505890161,0.7867304478259969,0.375,15.25,-1.0047512606401299,29.465843404027424,-8.06738215543633,15.61744,0.0159297888,16,244,1,0.9959183673469387,0.20645681402486818,0.22460985391502075,0.05092417814932704,0.12117034192573906,0.1383414302565904,0.42857142857142855,0.3333333333333333,0,0,0.0
V11_mixC,G03_h20_tr12_t1,G移动止损,1,20,,,,,,,0.12,,,,0.014084598191814734,0.01454973183872954,0.21570074788001228,-0.2886420847984459,0.07433885079796754,-0.018106417955021548,0.11556683549782175,0.35714285714285715,17.428571428571427,-1.0047512606401299,29.465843404027424,-10.042570749786883,13.63554,0.013908250800000002,14,244,1,0.9959183673469387,0.1636303612934087,0.205742848037209,-0.15895449859593935,0.09987326278983799,-0.10726661401478488,0.42857142857142855,0.2857142857142857,0,0,0.0
V11_mixC,G03_h20_tr20_t1,G移动止损,1,20,,,,,,,0.2,,,,0.2156893061555354,0.2234991308295553,0.8009710392607738,-0.22425869143895927,0.24181338737587998,0.2131561951462626,0.7242477851980338,0.6153846153846154,18.76923076923077,2.1701630303394115,29.465843404027424,-12.055387338422442,12.72498,0.012979479600000001,13,244,1,0.9959183673469387,0.1949993463082027,0.205742848037209,0.00824923667141575,0.10855466848897755,0.09435847381335094,0.42857142857142855,0.8333333333333334,0,0,0.0
V11_mixC,H01_re3_t1,H排名退出,1,,,,3,2,,,,,,,0.256374687024818,0.26581135415322676,0.8367026363407205,-0.282797929990558,0.28860277139459023,0.2936277104252616,0.9326749650088948,0.45,3.0375,-0.2509335718772543,16.266162451053255,-6.796171524492545,77.92986,0.07948845719999999,80,244,2,0.9918367346938776,0.08139378373065555,-0.053329376997938494,0.3271508130680456,-0.052091623480178595,0.36471809139900735,0.375,0.525,1,0,0.0
V11_mixC,H01_re5_t1,H排名退出,1,,,,5,2,,,,,,,-0.0746239902100092,-0.07697403893706178,-0.0741149708452178,-0.3360667881288142,-0.024045306209068862,-0.06715571183458613,-0.06369108141950332,0.4177215189873418,3.0759493670886076,-0.2579391760638372,16.266162451053255,-6.796171524492545,74.5744,0.076065888,79,244,2,0.9918367346938776,0.06080910470944076,-0.05639625343821453,-0.019317151758045048,-0.05151577985831812,-0.01648939607443456,0.35,0.48717948717948717,1,0,0.0
V11_mixC,H01_re10_t1,H排名退出,1,,,,10,2,,,,,,,0.1159122236109913,0.1199320550042502,0.4961837985975769,-0.2859212445475231,0.1683358999199187,0.12686810934779102,0.5366300833306822,0.4177215189873418,3.0759493670886076,-0.2579391760638372,16.266162451053255,-6.796171524492545,76.24878,0.0777737556,79,244,2,0.9918367346938776,0.06416948594361391,-0.0569209591499652,0.18326479040948151,-0.05286783255500016,0.18976859627484743,0.35,0.48717948717948717,0,0,0.0
V11_mixC,H01_re20_t1,H排名退出,1,,,,20,2,,,,,,,0.23347214812149408,0.2419874144932923,0.8300826718315784,-0.26249535309319183,0.2599182796766546,0.25878772388134674,0.9523393195450518,0.49333333333333335,3.24,-0.10197348689341412,9.768877813287524,-5.9606652807904,73.16258,0.0746258316,75,244,2,0.9918367346938776,0.08071968480906874,-0.03966846227646725,0.2844232430869058,-0.02194131495539764,0.28702678390299585,0.42105263157894735,0.5675675675675675,1,0,0.0
V11_mixC,H01_re50_t1,H排名退出,1,,,,50,2,,,,,,,0.03592023890497531,0.03711954840972398,0.28257449179856536,-0.26808370371293133,0.10385018731223328,0.05167975654427037,0.31886482798372157,0.4788732394366197,3.4225352112676055,-0.1542885087449153,16.266162451053255,-7.63746744198569,66.27806,0.06760362119999999,71,244,2,0.9918367346938776,0.027718106768426874,-0.07772172546650657,0.12321873723954391,-0.06883622438473846,0.12942511734778162,0.42857142857142855,0.5277777777777778,1,0,0.0
V11_mixC,D01_h5_sl5_t1,D止损,1,5,,,,,0.05,,,,,,-0.11509107627575499,-0.1186314603450721,-0.23282524687577696,-0.3630799947440121,-0.07262209291294397,-0.13926310321310853,-0.2917101948288633,0.5192307692307693,4.6923076923076925,0.19260532111327056,10.635975387140117,-7.355062346995799,50.24836,0.0512533272,52,244,1,0.9959183673469387,0.12167080293172298,0.1653432275544091,-0.24064524270560517,0.18665792978706697,-0.27465457805406346,0.6153846153846154,0.4230769230769231,0,0,0.0
V11_mixC,D02_h5_sl5_t2,D止损,2,5,,,,,0.05,,,,,,-0.08790994069113889,-0.0906575112168011,-0.21422783865744982,-0.335836715656054,-0.05650164757408627,-0.24352841012843707,-0.321135777891567,0.46153846153846156,4.6923076923076925,-0.5694266869845421,12.61623876526279,-8.832098020711786,49.0496,0.050064752,104,244,1,1.9918367346938775,0.07877610253231881,0.10213637628329986,-0.17243448366646408,0.18546526185458245,-0.36187789367348244,0.5098039215686274,0.41509433962264153,1,0,0.0
V11_mixC,D01_h5_sl8_t1,D止损,1,5,,,,,0.08,,,,,,0.10934121642627592,0.11312181697131551,0.49104121456973265,-0.29240947661014327,0.15343261776255568,0.09754512131920268,0.457604732089017,0.5306122448979592,4.979591836734694,0.45654051734258516,10.664458010148149,-7.686208482346302,47.76858,0.04872395160000001,49,244,1,0.9959183673469387,0.07667749399878766,0.05876398414008399,0.047770072503239946,0.07949236067988741,0.01672337970779636,0.48,0.5833333333333334,0,0,0.0
V11_mixC,D02_h5_sl8_t2,D止损,2,5,,,,,0.08,,,,,,0.30955428404307916,0.3211849582354984,1.213221651204784,-0.1695062569250977,0.30132320564659665,0.6135183411687695,1.1068235463497993,0.5050505050505051,4.91919191919192,0.008617228547147526,23.842736976184774,-9.513380872660516,47.9118,0.048870036,99,244,1,1.9877551020408164,0.19685675871072844,0.2874107274602682,0.017200071516021875,0.6681755346750426,-0.032764653581207726,0.52,0.4897959183673469,0,0,0.0
V11_mixC,D01_h5_sl10_t1,D止损,1,5,,,,,0.1,,,,,,0.16814124534770825,0.17410874039749324,0.6681803048531533,-0.16830182639166413,0.2021924997291219,0.15915481717319735,0.6032603505764546,0.4489795918367347,4.979591836734694,-0.22077801067028613,10.367280908143828,-11.421611026294464,47.97984,0.04893943679999999,49,244,1,0.9959183673469387,0.0766606017734095,0.05876398414008399,0.10330655636766828,0.07949236067988741,0.07379622070056846,0.48,0.4166666666666667,0,0,0.0
V11_mixC,D02_h5_sl10_t2,D止损,2,5,,,,,0.1,,,,,,0.18422682680856006,0.1908103387908069,0.8407962693423291,-0.19369086397810553,0.19738348459210675,0.29449034540246743,0.752174150647971,0.4489795918367347,4.969387755102041,-0.2520414139193017,23.496200488362717,-12.431207564317459,47.38906,0.0483368412,98,244,1,1.9877551020408164,0.17426802392685956,0.2874107274602682,-0.08014839277847385,0.6681755346750426,-0.22400831417622236,0.52,0.375,0,0,0.0
V11_mixC,E01_h5_tp10_t1,E止盈,1,5,,,,,,0.1,,,,,0.21274296288608996,0.2204367594441119,0.7854568388942453,-0.16830182639166413,0.2408849807755239,0.21813935499834702,0.7559986888905986,0.46938775510204084,4.979591836734694,-0.10197348689341412,10.367280908143828,-11.421611026294464,47.95804,0.04891720080000001,49,244,1,0.9959183673469387,0.0784895316590507,0.05876398414008399,0.14543276976980413,0.07949236067988741,0.12843721675912323,0.48,0.4583333333333333,0,0,0.0
V11_mixC,E02_h5_tp10_t2,E止盈,2,5,,,,,,0.1,,,,,0.09644938829298533,0.09976448529998683,0.48690889854671826,-0.22001759560554057,0.12698655498847955,0.08538796986197794,0.4228232016841356,0.47474747474747475,4.929292929292929,-0.22077801067028613,13.116920648623509,-14.173381944823028,47.87454,0.048832030799999995,99,244,1,1.9918367346938775,0.11171245110084671,0.1768302787271938,-0.06830287415883296,0.34155530759296204,-0.19094802598232286,0.5294117647058824,0.4166666666666667,1,0,0.0
V18_f1,B01_hold2_t1,B持有期,1,2,,,,,,,,,,,0.06831852672934313,0.0706358178376787,0.36995224691548345,-0.36201851520449957,0.12213709714515175,0.018867381726359156,0.2249422964730827,0.4918032786885246,2.0,-0.0513836214830421,14.942658598084924,-8.158702266822381,119.40326,0.1217913252,122,244,1,0.9959183673469387,0.11973189349894148,0.24988445636636514,-0.14526617137464504,0.25062196800741265,-0.1853114627838358,0.5645161290322581,0.4166666666666667,6,0,0.0
V18_f1,B01_hold3_t1,B持有期,1,3,,,,,,,,,,,-0.2440772216719057,-0.25098056652800815,-0.700367163268966,-0.44446937055078906,-0.22595018012466583,-0.26073107666253803,-0.7315023521477182,0.4074074074074074,3.0,-0.20832881323197272,15.147226278129722,-9.112259974289582,72.15206,0.07359510120000001,81,244,2,0.9918367346938776,0.02869050222926146,-0.004096947481616375,-0.24096750540470813,-0.016179722488567472,-0.24857319956096202,0.4634146341463415,0.35,4,0,0.0
V18_f1,B01_hold5_t1,B持有期,1,5,,,,,,,,,,,-0.19440253926701045,-0.2000920866967726,-0.4167517946416115,-0.44471784329929764,-0.14948563903702916,-0.2309879969392531,-0.5049702906611379,0.40816326530612246,4.979591836734694,-0.2016484687062281,20.89256793233758,-18.082386777292058,45.47086,0.0463802772,49,244,1,0.9959183673469387,0.05677482097706212,0.14751644473549486,-0.297964343405395,0.16183967100033714,-0.3381083274608516,0.56,0.25,0,0,0.0
V18_f1,B01_hold7_t1,B持有期,1,7,,,,,,,,,,,0.17153361044533888,0.1776303963004957,0.6085678152592917,-0.2934063652402982,0.2319503045569865,0.0870353201613614,0.42248643225419713,0.5714285714285714,6.9714285714285715,0.548616578778427,18.611910903165164,-24.338096337376534,34.32524,0.0350117448,35,244,1,0.9959183673469387,0.07541201907413199,0.14393343619220733,0.024127430303116038,0.1457261093251372,-0.051225845938298264,0.6111111111111112,0.5294117647058824,2,0,0.0
V18_f1,B01_hold10_t1,B持有期,1,10,,,,,,,,,,,0.13106615704220337,0.13564269879175272,0.5665970995730034,-0.23801190413034345,0.16819749687696073,0.10330815813448013,0.44781326783800207,0.52,9.76,0.30525260988150116,27.12171758419735,-7.167805543491024,24.14174,0.024624574800000004,25,244,1,0.9959183673469387,0.04639727334582875,0.053259640193124014,0.07387211460491572,0.044911086206158135,0.05588712063564083,0.6153846153846154,0.4166666666666667,0,0,0.0
V18_f1,B01_hold20_t1,B持有期,1,20,,,,,,,,,,,0.7584397606401521,0.7912840638316241,2.0514070120484083,-0.1941598256480651,0.6097204978427502,0.8628884900528468,1.4717630560435646,0.6153846153846154,18.76923076923077,1.227468092338535,44.88632955431591,-11.377237406995977,12.84198,0.013098819600000002,13,244,1,0.9959183673469387,0.16640844218208667,0.42095390709958536,0.2375065453244949,0.3971063603805327,0.33339060137515064,0.5714285714285714,0.6666666666666666,0,0,0.0
V18_f1,B02_hold2_t2,B持有期,2,2,,,,,,,,,,,-0.10411931967534671,-0.10734302466203394,-0.2229461983692473,-0.38485290938271854,-0.06539989954385539,-0.2854385520269277,-0.37108277409959634,0.47950819672131145,2.0,-0.1193299823707139,19.383622718962947,-18.929545331408548,115.17862,0.11817768240000001,244,244,1,1.9918367346938775,0.08831593021878643,0.1876911756677906,-0.2456955994297635,0.4159860923287333,-0.49536125259683683,0.5483870967741935,0.4083333333333333,7,0,0.0
V18_f1,B02_hold3_t2,B持有期,2,3,,,,,,,,,,,-0.24096587490916632,-0.24779633932351064,-0.8709361730246858,-0.45459528391355186,-0.23725735899705613,-0.47096714555305474,-1.0435266805807148,0.43209876543209874,3.0,-0.3266902853010345,15.753307901625103,-13.188883677044538,73.75966,0.0767469732,162,244,2,1.9836734693877551,0.05778872698633395,0.09382591412835062,-0.30607410622951503,0.15819175987204792,-0.5432251611724557,0.524390243902439,0.3375,8,0,0.0
V18_f1,C01_nr_hold5_t1,C续持,1,5,,True,,,,,,,,,-0.19440253926701045,-0.2000920866967726,-0.4167517946416115,-0.44471784329929764,-0.14948563903702916,-0.2309879969392531,-0.5049702906611379,0.40816326530612246,4.979591836734694,-0.2016484687062281,20.89256793233758,-18.082386777292058,45.47086,0.0463802772,49,244,1,0.9959183673469387,0.05677482097706212,0.14751644473549486,-0.297964343405395,0.16183967100033714,-0.3381083274608516,0.56,0.25,0,0,0.0
V18_f1,C02_nr_hold5_t2,C续持,2,5,,True,,,,,,,,,-0.15127467059149502,-0.15582660529108516,-0.38518062850935053,-0.3767497733811874,-0.11670007388339332,-0.3254592920200473,-0.5324841867838059,0.5306122448979592,4.979591836734694,0.17342726907827455,17.831107102814727,-17.439106538426696,45.18914,0.046301542800000005,98,244,1,1.9918367346938775,0.05543955298415195,0.11714828573965907,-0.2402751360383928,0.29104017479458166,-0.47752152012831106,0.62,0.4375,7,0,0.0
V18_f1,D01_h5_sl3_t1,D止损,1,5,,,,,0.03,,,,,,-0.28000839531882327,-0.2877218150334092,-0.7424166440291293,-0.42367697135318594,-0.263660421710754,-0.2853933452260453,-0.6788742130632299,0.3728813559322034,4.135593220338983,-1.2042227345035572,20.703373695185267,-8.158702266822393,50.26828,0.05127364560000001,59,244,1,0.9959183673469387,0.021632838997523565,-0.04147235901635726,-0.24885671117181385,-0.04187537914543982,-0.2541610566936582,0.4642857142857143,0.2903225806451613,3,0,0.0
V18_f1,D02_h5_sl3_t2,D止损,2,5,,,,,0.03,,,,,,-0.31748425093966903,-0.32597850210947854,-1.1486192873830905,-0.3953652662598357,-0.3371468613548304,-0.5355471792053095,-1.32177409482992,0.3826086956521739,4.243478260869566,-1.2042227345035794,17.831107102814748,-14.017205038759773,49.64956,0.0517116112,115,244,1,1.9918367346938775,0.02088177394656123,-0.03539978297265289,-0.292436662347359,-0.0629817938071533,-0.5043289258148078,0.509090909090909,0.26666666666666666,6,0,0.0
V18_f1,D01_h5_sl5_t1,D止损,1,5,,,,,0.05,,,,,,-0.43012497130939964,-0.4405356706700756,-1.3587518122817372,-0.5729473659979438,-0.49349640946907825,-0.4484579266841806,-1.3701624937306258,0.37037037037037035,4.518518518518518,-1.2544455197706361,16.453593911798393,-14.017205038759773,47.74562,0.0487005324,54,244,1,0.9959183673469387,0.050962082396799245,0.15158727362687507,-0.5051395219957553,0.15124666459129688,-0.5209175494014378,0.44,0.3103448275862069,2,0,0.0
V18_f1,D02_h5_sl5_t2,D止损,2,5,,,,,0.05,,,,,,-0.16988028548976497,-0.17493226425676522,-0.5169893478137931,-0.4327073435127755,-0.1453784894749447,-0.35698776196661697,-0.6218706970318202,0.45714285714285713,4.647619047619048,-0.16202534030238525,20.85340966690037,-14.017205038759773,49.11632,0.05037840639999999,105,244,1,1.9918367346938775,0.07973657081774076,0.18455453124035448,-0.2992135924371411,0.4848377547398657,-0.5669478123244278,0.6,0.32727272727272727,2,0,0.0
V18_f1,D01_h5_sl8_t1,D止损,1,5,,,,,0.08,,,,,,-0.031820621017002004,-0.03284659793650546,0.0699232684753068,-0.34983440986278236,0.022973159883156735,-0.05526360793520968,-0.06684498120167878,0.46,4.88,-0.1518109777998211,13.565359082587891,-7.562720259896616,47.16024,0.0481034448,50,244,1,0.9959183673469387,0.05585461366632848,0.14751644473549486,-0.15628278494417103,0.16183967100033714,-0.1868616508408787,0.56,0.36,3,0,0.0
V18_f1,D02_h5_sl8_t2,D止损,2,5,,,,,0.08,,,,,,-0.12470469044014543,-0.12851878389223548,-0.36437370013632786,-0.3509063479178952,-0.09678802989537416,-0.31577475720339154,-0.6814288266915507,0.48,4.88,-0.05315805390598283,13.565359082587914,-17.535565983783652,46.17394,0.047495498800000015,100,244,1,1.9918367346938775,0.056643038542146695,0.06720348168893642,-0.17982341270605007,0.15711769716053126,-0.408681377464333,0.56,0.4,6,0,0.0
V18_f1,F01_h5_sl8_tp15_t1,F组合,1,5,,,,,0.08,0.15,,,,,-0.02484411591870561,-0.025648142071974744,0.08441518346059697,-0.34983440986278236,0.026910785836002704,-0.048386003745437,-0.03417430248382256,0.44,4.88,-0.1518109777998211,15.1472262781297,-7.562720259896616,47.2662,0.048211524,50,244,1,0.9959183673469387,0.05522107421275564,0.14751644473549486,-0.1502031290662066,0.16183967100033714,-0.18094206971325977,0.56,0.32,3,0,0.0
V18_f1,F02_h5_sl8_tp15_t2,F组合,2,5,,,,,0.08,0.15,,,,,-0.1196619064387704,-0.12333286822529699,-0.35613688062546217,-0.3509063479178952,-0.09256620638093593,-0.3107144047532898,-0.6537109352173255,0.47,4.88,-0.10197348689340302,15.147226278129722,-17.535565983783652,46.3433,0.047629666000000015,100,244,1,1.9918367346938775,0.054720736235270906,0.06720348168893642,-0.17509818074429317,0.15711769716053126,-0.404308138283462,0.56,0.38,6,0,0.0
V18_f1,F01_h5_sl8_tp25_t1,F组合,1,5,,,,,0.08,0.25,,,,,-0.031820621017002004,-0.03284659793650546,0.0699232684753068,-0.34983440986278236,0.022973159883156735,-0.05526360793520968,-0.06684498120167878,0.46,4.88,-0.1518109777998211,13.565359082587891,-7.562720259896616,47.16024,0.0481034448,50,244,1,0.9959183673469387,0.05585461366632848,0.14751644473549486,-0.15628278494417103,0.16183967100033714,-0.1868616508408787,0.56,0.36,3,0,0.0
V18_f1,F02_h5_sl8_tp25_t2,F组合,2,5,,,,,0.08,0.25,,,,,-0.12470469044014543,-0.12851878389223548,-0.36437370013632786,-0.3509063479178952,-0.09678802989537416,-0.31577475720339154,-0.6814288266915507,0.48,4.88,-0.05315805390598283,13.565359082587914,-17.535565983783652,46.17394,0.047495498800000015,100,244,1,1.9918367346938775,0.056643038542146695,0.06720348168893642,-0.17982341270605007,0.15711769716053126,-0.408681377464333,0.56,0.4,6,0,0.0
V18_f1,F01_h5_sl8_tp40_t1,F组合,1,5,,,,,0.08,0.4,,,,,-0.031820621017002004,-0.03284659793650546,0.0699232684753068,-0.34983440986278236,0.022973159883156735,-0.05526360793520968,-0.06684498120167878,0.46,4.88,-0.1518109777998211,13.565359082587891,-7.562720259896616,47.16024,0.0481034448,50,244,1,0.9959183673469387,0.05585461366632848,0.14751644473549486,-0.15628278494417103,0.16183967100033714,-0.1868616508408787,0.56,0.36,3,0,0.0
V18_f1,F02_h5_sl8_tp40_t2,F组合,2,5,,,,,0.08,0.4,,,,,-0.12470469044014543,-0.12851878389223548,-0.36437370013632786,-0.3509063479178952,-0.09678802989537416,-0.31577475720339154,-0.6814288266915507,0.48,4.88,-0.05315805390598283,13.565359082587914,-17.535565983783652,46.17394,0.047495498800000015,100,244,1,1.9918367346938775,0.056643038542146695,0.06720348168893642,-0.17982341270605007,0.15711769716053126,-0.408681377464333,0.56,0.4,6,0,0.0
V18_f1,G01_h10_tr5_t1,G移动止损,1,10,,,,,,,0.05,,,,0.09600331226294156,0.09930239398519713,0.4501161371622203,-0.3263128700450737,0.1446500744984638,0.10112459328441248,0.42398847404683265,0.5172413793103449,8.413793103448276,0.13834864473698527,33.04919895837095,-9.39215669356045,26.66944,0.027202828800000002,29,244,1,0.9959183673469387,0.044287145415647454,0.07633200429657472,0.018276245515177703,0.04711149511472157,0.05158294835047439,0.5384615384615384,0.5,0,0,0.0
V18_f1,G02_h10_tr5_t2,G移动止损,2,10,,,,,,,0.05,,,,0.056177835644587004,0.05807222315687621,0.34132943566350205,-0.29508569279971864,0.09229669087408743,0.014713511490116238,0.2815975527061556,0.4827586206896552,8.413793103448276,-0.246398558235289,33.04919895837093,-14.29939031108427,26.97668,0.027763613599999997,58,244,1,1.9918367346938775,0.034555534099665906,0.07346137225340943,-0.016100753185502525,0.10574540147268507,-0.08232626593909265,0.5555555555555556,0.41935483870967744,1,0,0.0
V11_mixC,I01_daily_t1_q0.3,I择时,1,1,,,,,,,,,,0.3,-0.05067884424123159,-0.05229623245555759,-0.008894562680006378,-0.29177059620829837,-0.0027669316861034243,-0.0316534573853583,0.05069155878661035,0.4463276836158192,1.0,-0.27113424282949605,11.769409843177826,-9.978581119726215,161.96142,0.16520064840000004,177,244,68,0.7224489795918367,0.2913683985853923,-0.04268560359670204,-0.008349650516654039,-0.028379102637232867,-0.003369992099812036,0.46511627906976744,0.42857142857142855,1,0,0.0
V11_mixC,I02_daily_t1_q0.5,I择时,1,1,,,,,,,,,,0.5,0.2661050260314304,0.2759374840436115,1.0630649464986577,-0.1609766571845589,0.26812275812881303,0.3085421436770832,1.1575172303783947,0.4580152671755725,1.0,-0.25879545827889316,11.769409843177847,-3.613683932847045,128.59058,0.1311623916,131,244,114,0.5346938775510204,0.5085238297305406,0.10102856891287648,0.14992931317081637,0.1281401832821698,0.1599109428670984,0.47058823529411764,0.4444444444444444,1,0,0.0
V11_mixC,I03_h5_sl8_t1_q0.3,I择时,1,5,,,,,0.08,,,,,0.3,0.34683498306529637,0.36004790047374446,1.20215707918573,-0.20423629316054148,0.33808632703588437,0.38675381969249334,1.0894057240621429,0.5333333333333333,4.955555555555556,0.7311432360919357,20.072014897881818,-7.686208482346302,44.09478,0.04497667559999999,45,244,22,0.9102040816326531,0.23958589375471662,0.10324091866408458,0.22079861277823065,0.11708564783956499,0.2414033090251091,0.5652173913043478,0.5,0,0,0.0
V11_mixC,I04_h5_sl8_t2_q0.3,I择时,2,5,,,,,0.08,,,,,0.3,0.2772621559392896,0.28755158039328177,1.204350798837451,-0.2080779634447255,0.27074679316340133,0.5713058437627208,1.120114058266529,0.5714285714285714,4.912087912087912,0.7030120220690605,23.496200488362717,-10.71331612992148,43.92268,0.0448011336,91,244,19,1.8244897959183672,0.26738757958225545,0.27943140973389413,-0.001695482679337279,0.6311553887322376,-0.0366915043060575,0.6521739130434783,0.4888888888888889,0,0,0.0
V11_mixC,J01_h10_rat20_10_t1,J利润锁定,1,10,,,,,,,,0.2,0.1,,0.12025589060203834,0.12443458437700117,0.5327643879205682,-0.22053064052564153,0.15933881043933495,0.1227996690490365,0.5638607038840892,0.6,9.76,1.0881932602285316,10.959868597004018,-11.671665663663354,24.49496,0.0249848592,25,244,1,0.9959183673469387,0.12652530126173908,0.19922697712456316,-0.0658516594680656,0.14664022842182356,-0.02079166488480877,0.6923076923076923,0.5,0,0,0.0
V11_mixC,J02_h10_rat20_10_t2,J利润锁定,2,10,,,,,,,,0.2,0.1,,0.0781950420545694,0.08085982357698818,0.4246948775497908,-0.2782773060184772,0.10930094651728595,0.05069831025521232,0.35656997301458315,0.56,9.76,0.602022796268542,19.304745472059604,-18.99786484468461,24.25974,0.024744934799999996,50,244,1,1.9918367346938775,0.13768613334010935,0.25599606796156715,-0.14156176953289556,0.2867783361294094,-0.18346596243166324,0.5769230769230769,0.5416666666666666,0,0,0.0
V11_mixC,J03_h10_rat30_15_sl8_t1,J利润锁定,1,10,,,,,0.08,,,0.3,0.15,,0.324269371774383,0.3365202975672108,0.935288833536577,-0.3420985933567847,0.35283965973262843,0.33022695386652656,0.700584276500191,0.4642857142857143,8.714285714285714,-0.34993019076397514,59.98569616573675,-11.186511549641033,27.048,0.027588960000000003,28,244,1,0.9959183673469387,0.09220582765078174,0.030900663235925885,0.2845751477330456,-0.014333338928481099,0.34957080968979426,0.42857142857142855,0.5,0,0,0.0
V11_mixC,J04_h10_rat30_15_sl8_t2,J利润锁定,2,10,,,,,0.08,,,0.3,0.15,,0.3193729736143194,0.33141688935450775,1.1934410443971017,-0.26261933400548343,0.3123090360880745,0.4880978824791189,0.8526975358075881,0.5660377358490566,9.20754716981132,0.4268340716280017,59.98569616573675,-13.55171396444118,25.67558,0.0261890916,53,244,1,1.9918367346938775,0.16774527966969024,0.23911899023433647,0.064766970736851,0.3805959055376169,0.07786635938170505,0.6296296296296297,0.5,0,0,0.0
V11_ensw2,D01_h5_sl8_t1,D止损,1,5,,,,,0.08,,,,,,1.4597472443781245,1.5334163212116296,3.0036218968123007,-0.11947250632158257,0.9523311576541506,2.7291935008038535,2.25012165135205,0.62,4.88,1.301894605201237,52.02122661783151,-10.44703610309835,49.27752,0.0502630704,50,244,1,0.9959183673469387,0.3266642988750092,0.8629870157172357,0.3203244164485708,1.24444133166599,0.6615241611308995,0.64,0.6,0,0,0.0
V11_ensw2,D02_h5_sl8_t2,D止损,2,5,,,,,0.08,,,,,,0.6240511077450475,0.6500784786731721,1.9326994471980188,-0.14538750269266554,0.5226767438886634,1.6707173103871145,1.58747071536891,0.5247524752475248,4.8316831683168315,0.4809653280234638,52.02122661783151,-11.178753855578648,48.1031,0.04909538200000001,101,244,1,1.9918367346938775,0.21674994603370806,0.5145361993971964,0.07230920488492654,1.4374005636747493,0.095723595944609,0.56,0.49019607843137253,0,0,0.0
V11_ensw2,D01_h5_sl10_t1,D止损,1,5,,,,,0.1,,,,,,0.6738389998969794,0.702348833186351,1.810567504899635,-0.2494703448793648,0.5647058493930013,0.7142098652575346,1.1237588883958973,0.5102040816326531,4.959183673469388,0.23623357250524002,52.02122661783151,-12.43120756431747,48.28498,0.0492506796,49,244,2,0.9918367346938776,0.3010942555045751,0.8629870157172357,-0.10152943322980501,1.24444133166599,-0.23624207009896703,0.64,0.375,0,0,0.0
V11_ensw2,D02_h5_sl10_t2,D止损,2,5,,,,,0.1,,,,,,0.34262906867043563,0.3556616977185636,1.2424224037488185,-0.2491184887118334,0.3311311784591682,0.5723911211119395,0.9466985981143872,0.47959183673469385,4.959183673469388,-0.3601444234888618,52.02122661783151,-12.431207564317459,46.55532,0.04751664639999999,98,244,2,1.9836734693877551,0.19361618227354402,0.5145361993971964,-0.11350480153276099,1.4374005636747493,-0.35489014627069615,0.56,0.3958333333333333,0,0,0.0
V11_ensw2,E01_h5_tp10_t1,E止盈,1,5,,,,,,0.1,,,,,0.6541893292086554,0.6817132398546388,1.6695306297358465,-0.1709921491275218,0.5608326943896835,0.7459319083980698,1.291481480638028,0.5490196078431373,4.784313725490196,0.6259925817345913,33.34476381684108,-14.173381944823038,50.1141,0.051116381999999995,51,244,1,0.9959183673469387,0.2570233281421142,0.5322927662344403,0.07955174471897553,0.5887210955382773,0.09895431822570866,0.6153846153846154,0.48,0,0,0.0
V11_ensw2,E02_h5_tp10_t2,E止盈,2,5,,,,,,0.1,,,,,0.3931410425425683,0.4083682871505323,1.3289614004793202,-0.16531824233293124,0.3716924018477975,0.8008062269662253,1.1937716608534326,0.5148514851485149,4.821782178217822,0.23623357250524002,33.34476381684108,-14.173381944823028,48.05,0.049041219999999996,101,244,1,1.9877551020408164,0.18420423221748933,0.3550509175376153,0.0281097370674237,0.8377954042062523,-0.020126928794885646,0.5490196078431373,0.48,0,0,0.0
V11_ensw2,E01_h5_tp20_t1,E止盈,1,5,,,,,,0.2,,,,,0.39143775193420915,0.406589958978689,1.1120981337418825,-0.2957897936617093,0.3943896977769781,0.37340363799288867,0.8798051162771869,0.56,4.88,0.7059438580699795,33.34476381684108,-10.228814994011682,49.11114,0.05009336279999999,50,244,1,0.9959183673469387,0.21010541735211907,0.5322927662344403,-0.0919243485345026,0.5887210955382773,-0.13552879618082758,0.6153846153846154,0.5,0,0,0.0
V11_ensw2,E02_h5_tp20_t2,E止盈,2,5,,,,,,0.2,,,,,0.36913478026311974,0.3833110592108173,1.2250214804046398,-0.2741228842169945,0.3580864953136538,0.6698334548525191,1.0470010384556323,0.494949494949495,4.929292929292929,-0.33087790992315513,33.547023110568695,-14.173381944823028,47.10978,0.0480821956,99,244,1,1.9918367346938775,0.16223067034649236,0.3550509175376153,0.010393604065519035,0.8377954042062523,-0.091393170844431,0.5490196078431373,0.4375,0,0,0.0
V18_f2,B01_hold5_t1,B持有期,1,5,,,,,,,,,,,0.4940686141324564,0.5138666077692939,1.4075676253482368,-0.18777103614847412,0.4542913553744493,0.5723547021636242,1.3740374728427844,0.40816326530612246,4.979591836734694,-0.9169789767703995,20.892567932337602,-7.397906918954522,47.85454,0.048811630800000005,49,244,1,0.9959183673469387,0.17676883506385724,0.3319157970885882,0.12174404523042459,0.3757371324210588,0.14291797837611075,0.44,0.375,0,0,0.0
V18_f2,B01_hold7_t1,B持有期,1,7,,,,,,,,,,,-0.04560371499081162,-0.04706317788027248,0.05140238881681366,-0.38929139314058336,0.018208597366057178,-0.08256881917768832,-0.06644984503801729,0.6,6.9714285714285715,0.8027686557151137,13.227894080872304,-23.553322944545062,33.86326,0.0345405252,35,244,1,0.9959183673469387,0.058080158029677295,0.08770403078051237,-0.12255884137495077,0.10220018318329416,-0.16763651937286583,0.5555555555555556,0.6470588235294118,0,0,0.0
V18_f2,B01_hold10_t1,B持有期,1,10,,,,,,,,,,,0.259744044970897,0.2693174739505846,0.8811544134505829,-0.19013105004335784,0.2828862555254993,0.23613670670961984,0.7590074356921388,0.44,9.76,-1.0451244940466453,27.12171758419735,-11.933216890235753,24.5492,0.025040184,25,244,1,0.9959183673469387,0.0873050123236844,0.12699039925450784,0.11779483286122594,0.06910081765084741,0.15623960462943365,0.46153846153846156,0.4166666666666667,0,0,0.0
V18_f2,B01_hold20_t1,B持有期,1,20,,,,,,,,,,,0.6867219778079667,0.7158825320729567,1.467705638744648,-0.20403406939544233,0.6116572197290719,0.7758864734282023,1.3248387719572976,0.6153846153846154,18.76923076923077,2.670551986010561,42.51381208050085,-12.616105069983618,12.80826,0.0130644252,13,244,1,0.9959183673469387,0.22691599016961606,0.5929402143605988,0.05887337302549711,0.6283824835353995,0.09058313472677204,0.7142857142857143,0.5,0,1,0.0
V18_f2,B02_hold2_t2,B持有期,2,2,,,,,,,,,,,-0.08526367554558201,-0.0879325867469275,-0.1331228720043486,-0.232985685075628,-0.04069933299588879,-0.22911543289521885,-0.31631973440750694,0.48770491803278687,2.0,-0.10197348689340302,15.647956354938097,-9.57507663025492,111.59854,0.11442570080000002,244,244,1,1.9918367346938775,0.02228585578253034,-0.07527665028085073,-0.010800014153167115,-0.13459435671110165,-0.10922170073319393,0.5161290322580645,0.4583333333333333,8,0,0.0
V18_f2,B02_hold3_t2,B持有期,2,3,,,,,,,,,,,0.40957696096568896,0.42553193166962067,1.3334434305340614,-0.17386925692256006,0.3864292513755926,1.0372033175064437,1.5658009069458148,0.5185185185185185,3.006172839506173,0.03785370579477698,21.6490191196542,-10.941260535418696,78.74064,0.0803563728,162,244,1,1.9877551020408164,0.1307262467365588,0.16389195362769238,0.21108918793727338,0.3406611882362294,0.5195512000959639,0.524390243902439,0.5125,3,1,0.0
V18_f2,B02_hold5_t2,B持有期,2,5,,,,,,,,,,,0.291024019209555,0.30188167253375564,1.2250123135963311,-0.1607942729482016,0.2828287443555785,0.6060919269281495,1.244274499838533,0.4489795918367347,4.979591836734694,-0.2890210729722342,20.892567932337602,-9.623307463868914,47.41496,0.0484163892,98,244,1,1.9918367346938775,0.17144243894755798,0.3112984535378105,-0.015461342361502206,0.7609093401444684,-0.08791901416322667,0.52,0.375,0,0,0.0
V18_f2,B02_hold7_t2,B持有期,2,7,,,,,,,,,,,-0.2530247874564411,-0.26013532022996344,-0.7335078843176539,-0.4306290419590044,-0.2372149800849035,-0.5014316003784278,-1.0510131038285955,0.5142857142857142,6.9714285714285715,0.14677386230963485,13.227894080872304,-27.062335832066065,31.04944,0.03225794879999999,70,244,1,1.9918367346938775,0.023366457708672777,-0.05338280014136909,-0.21090044354242266,-0.07575196831332554,-0.46056861088280954,0.4722222222222222,0.5588235294117647,0,0,0.0
V18_f1,J01_h10_rat20_10_t1,J利润锁定,1,10,,,,,,,,0.2,0.1,,0.13106615704220337,0.13564269879175272,0.5665970995730034,-0.23801190413034345,0.16819749687696073,0.10330815813448013,0.44781326783800207,0.52,9.76,0.30525260988150116,27.12171758419735,-7.167805543491024,24.14174,0.024624574800000004,25,244,1,0.9959183673469387,0.04639727334582875,0.053259640193124014,0.07387211460491572,0.044911086206158135,0.05588712063564083,0.6153846153846154,0.4166666666666667,0,0,0.0
V18_f1,J02_h10_rat20_10_t2,J利润锁定,2,10,,,,,,,,0.2,0.1,,0.3621296501384892,0.3760019562688215,1.428844716502277,-0.1309247702695333,0.3379900900805245,0.9217338396742225,1.7391936427224313,0.58,9.76,0.4475298052626808,27.12171758419735,-7.177759353344381,24.37924,0.0248668248,50,244,1,1.9918367346938775,0.08186629002340998,0.01113603250619577,0.3471279890622849,0.08681379238698872,0.7682273202049488,0.5384615384615384,0.625,0,0,0.0
V18_f1,J03_h10_rat30_15_sl8_t1,J利润锁定,1,10,,,,,0.08,,,0.3,0.15,,0.13106615704220337,0.13564269879175272,0.5665970995730034,-0.23801190413034345,0.16819749687696073,0.10330815813448013,0.44781326783800207,0.52,9.76,0.30525260988150116,27.12171758419735,-7.167805543491024,24.14174,0.024624574800000004,25,244,1,0.9959183673469387,0.04639727334582875,0.053259640193124014,0.07387211460491572,0.044911086206158135,0.05588712063564083,0.6153846153846154,0.4166666666666667,0,0,0.0
V18_f1,J04_h10_rat30_15_sl8_t2,J利润锁定,2,10,,,,,0.08,,,0.3,0.15,,0.4621097295422092,0.48043432627466953,1.7278718349527786,-0.1309247702695333,0.4086622888788747,1.2466972621208412,1.8153636561021986,0.6,9.76,0.4475298052626808,33.04919895837093,-7.177759353344381,24.41794,0.0249062988,50,244,1,1.9918367346938775,0.08500231468713568,0.01113603250619577,0.4460069491522647,0.08681379238698872,1.0672329315828608,0.5384615384615384,0.6666666666666666,0,0,0.0
V18_f2,A01_daily_top1,A基线,1,1,,,,,,,,,,,0.106831987053156,0.11052158252554367,0.4688505100498714,-0.15878152859527683,0.16289110216814728,0.09039652554803612,0.42442262693712285,0.5185185185185185,1.0,0.01373716907679956,9.907065606481291,-13.06046363583132,222.40226,0.2268503052,243,244,2,0.9918367346938776,0.02966159304120414,-0.13564239987469484,0.28052554509001904,-0.1359560850642535,0.26196887299313043,0.5284552845528455,0.5083333333333333,6,0,0.0
V18_f2,A02_daily_top2,A基线,2,1,,,,,,,,,,,0.20476162071727888,0.21214233599600285,0.8721432227724779,-0.17551481491367293,0.21884209980650837,0.36437026377307924,0.868432709381006,0.5267489711934157,1.0,0.05348155548710043,11.83723001250443,-13.06046363583132,232.02494,0.23683132879999996,486,244,2,1.9836734693877551,0.08720531674354924,0.02556786931035049,0.17472637040338168,0.03489618920063031,0.3183643712389541,0.5447154471544715,0.5083333333333333,10,0,0.0
V18_f2,B01_hold2_t1,B持有期,1,2,,,,,,,,,,,-0.2449303970270854,-0.25185365173796126,-0.5699071831549356,-0.3623915923348878,-0.21051925839239238,-0.23073123137392637,-0.522712510433678,0.4918032786885246,2.0,-0.10197348689339192,15.043162105813824,-9.57507663025492,96.2458,0.098170716,122,244,1,0.9959183673469387,0.01967087178824787,-0.20147753211944786,-0.054416583947814456,-0.1974738930235187,-0.0414408180136403,0.5,0.48333333333333334,6,0,0.0
V18_f2,B01_hold3_t1,B持有期,1,3,,,,,,,,,,,0.4957097879323351,0.5155840817815514,1.2570990750600055,-0.2170285569297502,0.47565808763443074,0.5414246629879707,1.2029846211411717,0.5185185185185185,3.0123456790123457,0.046136152748421644,21.6490191196542,-10.941260535418696,79.60612,0.0811982424,81,244,1,0.9959183673469387,0.12361813068664078,0.14786113432169778,0.30304071042198877,0.16186079807308196,0.3266861792259339,0.5365853658536586,0.5,1,1,0.0
V11_mixC,C01_nr_hold2_t1,C续持,1,2,,True,,,,,,,,,0.1023073746440093,0.10583335959316442,0.47408331543177334,-0.2556455829673834,0.14477069512989538,0.08529975946379698,0.41967737151945944,0.48333333333333334,2.033333333333333,-0.15191055320621372,8.564503879146223,-7.807224007768355,117.77274,0.1201281948,120,244,1,0.9959183673469387,0.13390728626216467,0.1497204496105149,-0.04123878546525572,0.16657014217652222,-0.06966609188290707,0.47540983606557374,0.4915254237288136,1,0,0.0
V11_mixC,C02_nr_hold2_t2,C续持,2,2,,True,,,,,,,,,0.12263112094470241,0.1268969270430087,0.571864778814545,-0.27930158638954783,0.15177808900800294,0.14648142230789696,0.5288477246181733,0.48739495798319327,2.046218487394958,-0.06361047585800583,11.939001033607433,-9.348899044961446,114.91924,0.11721762479999999,238,244,1,1.9877551020408164,0.12955133834245025,0.20904299577724283,-0.07147130013932268,0.4763635964829587,-0.2234423653908264,0.512396694214876,0.46153846153846156,3,0,0.0
V11_mixC,C01_nr_hold3_t1,C续持,1,3,,True,,,,,,,,,0.28518628463588347,0.29580228247804174,0.8927481810791187,-0.22968736905658993,0.3131886312502846,0.32879948450420393,1.0467343507858673,0.5,3.0375,-0.03861860301619946,9.331471253371571,-7.807224007768355,78.21458,0.0797788716,80,244,2,0.9918367346938776,0.09449359161674895,0.05352948128383228,0.2198863984990287,0.027827740440097504,0.2928231377908095,0.4634146341463415,0.5384615384615384,1,0,0.0
V11_mixC,C02_nr_hold3_t2,C续持,2,3,,True,,,,,,,,,0.2893084159389212,0.30009495744227754,1.2043614952688049,-0.2503649506943938,0.2821975680902177,0.5870462353177812,1.1190992484152333,0.45962732919254656,3.0248447204968945,-0.25507303782486,19.18782017752758,-10.71331612992148,78.12062,0.0796830324,161,244,1,1.9877551020408164,0.2219495345395661,0.3334893165911552,-0.03313179948465972,0.9270637827405375,-0.17644332817007635,0.5061728395061729,0.4125,1,0,0.0
V11_mixC,C01_nr_hold5_t1,C续持,1,5,,True,,,,,,,,,0.16456012143501808,0.17039149547243837,0.5910296107659487,-0.34233897240425293,0.22744198151190131,0.2018182637531043,0.6353472970573473,0.5510204081632653,4.979591836734694,0.5370649085783219,23.84273697618473,-14.62435939359754,46.67384,0.04760731680000001,49,244,1,0.9959183673469387,0.062024736556163876,-0.03484731938712282,0.20660714602742014,-0.022211018848340314,0.22911823197023407,0.52,0.5833333333333334,1,0,0.0
V11_mixC,C02_nr_hold5_t2,C续持,2,5,,True,,,,,,,,,0.131262263934534,0.1358460555038452,0.5700551560906241,-0.26888622617560287,0.16787292002469656,0.13142187432034347,0.5085691828533787,0.5,4.979591836734694,-0.01574557757713646,23.842736976184753,-15.80186263484853,47.32288,0.0482693376,98,244,1,1.9918367346938775,0.11658805599565271,0.154004713973368,-0.0197074151980966,0.30630861362576955,-0.13387857775814038,0.52,0.4791666666666667,1,0,0.0
V11_mixC,D01_h5_sl3_t1,D止损,1,5,,,,,0.03,,,,,,-0.08727243340432866,-0.09000107791681178,-0.11222898280680442,-0.36448094337638925,-0.03668619102723758,-0.08266462653753792,-0.1113322539396467,0.5,4.357142857142857,0.0010424413518783648,10.664458010148126,-7.803898478842619,51.60858,0.0526407516,56,244,1,0.9959183673469387,0.048314562355481476,0.012416243255727988,-0.09846609763932479,0.01716802921433369,-0.09814765396134484,0.5555555555555556,0.4482758620689655,0,0,0.0
V11_mixC,D02_h5_sl3_t2,D止损,2,5,,,,,0.03,,,,,,-0.06729903632418988,-0.06942715799897325,-0.12955584882414872,-0.3476847999703725,-0.03409898078469353,-0.23811654709315588,-0.29121492383357805,0.4608695652173913,4.243478260869566,-0.426564417926667,12.64516762982244,-9.348899044961446,54.38192,0.055605148400000005,115,244,1,1.9918367346938775,0.11777254723422462,0.18792042298049827,-0.21484558592261627,0.381150063450046,-0.44837025818635823,0.5636363636363636,0.36666666666666664,0,0,0.0
V11_ensw2,A01_daily_top1,A基线,1,1,,,,,,,,,,,0.10772041310763059,0.111442208058814,0.4645019311193864,-0.3384353453086092,0.17272412610874477,0.056023693137064345,0.3462384106072199,0.5020576131687243,1.0,0.003484326142721983,21.25999376914138,-9.978581119726215,238.20002,0.2429640204,243,244,2,0.9918367346938776,0.09587058897631827,0.11032969324769004,-0.0023500048282303343,0.09427938448464412,-0.03495971128579445,0.5447154471544715,0.4583333333333333,0,0,0.0
V11_ensw2,A02_daily_top2,A基线,2,1,,,,,,,,,,,-0.01133106748593915,-0.011700396094658672,0.12157453047617797,-0.30913629634889883,0.037525631615772936,-0.16190141411531722,-0.013924571930433708,0.49794238683127573,1.0,-0.016546223356034284,21.25999376914138,-9.978581119726204,228.5521,0.23392306200000001,486,244,2,1.9836734693877551,0.04567349368339305,0.05887427207646301,-0.06630186549412276,0.054583685963143,-0.20528015268958555,0.524390243902439,0.4708333333333333,3,0,0.0
V11_ensw2,B01_hold2_t1,B持有期,1,2,,,,,,,,,,,0.8013606783696356,0.8364581185753732,2.201551957942307,-0.15281737680142693,0.6306247911771931,1.0951091986683679,1.7314774198985834,0.5327868852459017,2.0,0.20747122965069087,33.34476381684108,-9.348899044961456,120.41144,0.1228196688,122,244,1,0.9959183673469387,0.3455632924447566,0.6036341147206417,0.12329905047164669,0.7795000505817073,0.17735832487528747,0.5967741935483871,0.4666666666666667,0,0,0.0
V11_ensw2,B01_hold3_t1,B持有期,1,3,,,,,,,,,,,0.4011979421668588,0.41678109391878904,1.2800021541713016,-0.2869862278520221,0.3830521242510777,0.43179101945720477,1.0763779945252072,0.5185185185185185,3.0,0.13719877807847336,16.266162451053255,-10.534043757318756,79.87914,0.08147672280000001,81,244,2,0.9918367346938776,0.25529160433007,0.2672914072335111,0.10566357048507546,0.32662563185919735,0.07927284463109885,0.4634146341463415,0.575,0,0,0.0
V11_ensw2,B01_hold5_t1,B持有期,1,5,,,,,,,,,,,0.9316000810236851,0.9737473042754428,2.21827236722111,-0.24486812267014268,0.7109612467245017,1.1346440127375526,1.3726060622869427,0.5102040816326531,4.979591836734694,0.23623357250524002,52.02122661783151,-14.173381944823038,48.31872,0.0492850944,49,244,1,0.9959183673469387,0.30349670875840346,0.8629870157172357,0.03682959930884677,1.24444133166599,-0.04891966538815129,0.64,0.375,0,0,0.0
V11_ensw2,B01_hold7_t1,B持有期,1,7,,,,,,,,,,,0.47184839504744236,0.4906194582383083,1.32763101948999,-0.24452607650694358,0.44371765678983777,0.4598645435132027,0.996292552780268,0.5142857142857142,6.9714285714285715,0.8284106707552086,24.628438711198264,-13.71300796404632,34.54382,0.0352346964,35,244,1,0.9959183673469387,0.274141444297707,0.46686771079727607,0.0033954556457309604,0.47164209444892236,-0.00800299949297767,0.5555555555555556,0.47058823529411764,0,0,0.0
V11_ensw2,B01_hold10_t1,B持有期,1,10,,,,,,,,,,,1.617005556593512,1.7008667459477294,3.0919446131536477,-0.1539132184838755,1.018151027514655,2.47586407703341,1.5562797992044703,0.56,9.76,1.1063637449174157,102.55753772639386,-18.99786484468463,24.6814,0.025175028,25,244,1,0.9959183673469387,0.37065149988940127,1.313932728653889,0.13097737206730709,1.54299598987564,0.3668382061441591,0.5384615384615384,0.5833333333333334,0,0,0.0
V11_ensw2,B01_hold20_t1,B持有期,1,20,,,,,,,,,,,2.055595170035385,2.16957181046934,3.0991583630640878,-0.11980512469844284,1.194280686414392,3.5254336360886427,1.6405382895938976,0.6153846153846154,18.76923076923077,3.908445122319759,131.85394996324155,-15.513516083673483,12.78448,0.0130401696,13,244,1,0.9959183673469387,0.4120044244655798,1.5452409065839396,0.2005131467639385,1.6174644516296053,0.7289379549247197,0.42857142857142855,0.8333333333333334,0,0,0.0
V18_f1,D01_h5_sl10_t1,D止损,1,5,,,,,0.1,,,,,,-0.09649574006406891,-0.09949673203305598,-0.09995652367566353,-0.40844153847684184,-0.03570412870952244,-0.11874706318356998,-0.1876247432146298,0.40816326530612246,4.979591836734694,-0.2016484687062281,20.703373695185224,-11.337459243684478,45.94102,0.046859840400000005,49,244,1,0.9959183673469387,0.05907875043538986,0.14751644473549486,-0.21264373675778458,0.16183967100033714,-0.2415021118553503,0.56,0.25,0,0,0.0
V18_f1,D02_h5_sl10_t2,D止损,2,5,,,,,0.1,,,,,,0.00011192233327705914,0.00011559213005418734,0.14905032920866765,-0.27160677506865294,0.042974056646976955,-0.08226114514496186,0.07453088212619381,0.45918367346938777,4.969387755102041,-0.10197348689341412,21.98089256287037,-14.29809748077896,46.39618,0.04740342360000001,98,244,1,1.9877551020408164,0.05494717206266405,0.06720348168893642,-0.06286669834461378,0.15711769716053126,-0.20687510258715158,0.56,0.3541666666666667,1,0,0.0
V18_f1,E01_h5_tp10_t1,E止盈,1,5,,,,,,0.1,,,,,-0.2019998215479989,-0.20788183687378547,-0.4356549023951199,-0.44471784329929764,-0.15773533198169598,-0.23813406372421686,-0.5670060144140737,0.40816326530612246,4.959183673469388,-0.5463024058189214,17.12431690837304,-18.082386777292058,45.34042,0.04624722840000001,49,244,2,0.9918367346938776,0.06061703504197069,0.14751644473549486,-0.30458497382497873,0.16183967100033714,-0.34425897540594264,0.56,0.25,0,0,0.0
V18_f1,E02_h5_tp10_t2,E止盈,2,5,,,,,,0.1,,,,,-0.01170597112905869,-0.012087444612805531,0.09895433645765556,-0.25413956061982834,0.027281151794540603,-0.13165012190891268,-0.029538653507384778,0.46464646464646464,4.91919191919192,-0.10197348689341412,19.386630362181776,-18.082386777292058,46.6561,0.047728462,99,244,1,1.9877551020408164,0.05800855684816323,0.06720348168893642,-0.07394040046900408,0.15711769716053126,-0.24955786241802025,0.56,0.3673469387755102,3,0,0.0
V18_f1,E01_h5_tp20_t1,E止盈,1,5,,,,,,0.2,,,,,-0.1795645993217614,-0.18487131860021422,-0.34313727476469524,-0.44471784329929764,-0.12700063745306456,-0.21646398479986528,-0.4377958340773281,0.40816326530612246,4.979591836734694,-0.2016484687062281,20.50805252172896,-18.082386777292058,45.4899,0.046399697999999996,49,244,1,0.9959183673469387,0.057640388810099995,0.14751644473549486,-0.28503386209218917,0.16183967100033714,-0.32560745276883596,0.56,0.25,0,0,0.0
V18_f1,E02_h5_tp20_t2,E止盈,2,5,,,,,,0.2,,,,,-0.01171907280796225,-0.012100970629062457,0.1084433745272678,-0.28670863444542793,0.03146253182390002,-0.11701710527982556,0.04722464741505531,0.45918367346938777,4.969387755102041,-0.10197348689341412,22.42381537762206,-18.082386777292058,46.20958,0.047241571600000004,98,244,1,1.9877551020408164,0.0574841426422276,0.06720348168893642,-0.0739526771145812,0.15711769716053126,-0.23691177061163304,0.56,0.3541666666666667,0,0,0.0
V18_f1,E01_h5_tp30_t1,E止盈,1,5,,,,,,0.3,,,,,-0.19440253926701045,-0.2000920866967726,-0.4167517946416115,-0.44471784329929764,-0.14948563903702916,-0.2309879969392531,-0.5049702906611379,0.40816326530612246,4.979591836734694,-0.2016484687062281,20.89256793233758,-18.082386777292058,45.47086,0.0463802772,49,244,1,0.9959183673469387,0.05677482097706212,0.14751644473549486,-0.297964343405395,0.16183967100033714,-0.3381083274608516,0.56,0.25,0,0,0.0
V18_f1,E02_h5_tp30_t2,E止盈,2,5,,,,,,0.3,,,,,-0.04058039524493062,-0.041882646441092075,0.019566254556063322,-0.3156182723150409,0.005934693190371543,-0.1669505776418284,-0.022910616691442308,0.4489795918367347,4.979591836734694,-0.10197348689341412,28.371636032859303,-18.082386777292058,46.20116,0.04724034320000001,98,244,1,1.9918367346938775,0.05511733609455579,0.06720348168893642,-0.10099655668597551,0.15711769716053126,-0.2800650924254259,0.56,0.3333333333333333,0,0,0.0
V11_mixC,H02_re10_t2,H排名退出,2,,,,10,2,,,,,,,0.18323005283532212,0.18977517490722873,0.7931280702363109,-0.2237988754578224,0.2009842942496114,0.314673803405654,0.8094220035406379,0.445859872611465,3.0955414012738856,-0.2578851245340519,19.18782017752758,-10.534043757318745,76.23324,0.0777579048,157,244,2,1.9836734693877551,0.16165535787023985,0.15802840398317275,0.021762548108029467,0.3482976524437609,-0.0249380016179388,0.43037974683544306,0.46153846153846156,1,0,0.0
V11_mixC,H02_re20_t2,H排名退出,2,,,,20,2,,,,,,,0.1356345023627381,0.14038022975947473,0.6319490619458656,-0.19834595551886702,0.1600708057693201,0.1989611701190317,0.622091135757622,0.4934210526315789,3.2039473684210527,-0.12813099781917026,16.266162451053255,-10.534043757318745,73.60616,0.07507828320000001,152,244,1,1.9877551020408164,0.10487279772680065,0.05474984509413905,0.07668610490422001,0.08018439726014148,0.10995971906293578,0.4675324675324675,0.52,2,0,0.0
V11_mixC,H02_re50_t2,H排名退出,2,,,,50,2,,,,,,,0.024633387570257126,0.02545123275667982,0.22622762641073843,-0.22127652351466132,0.058132511099048045,-0.05908550615982744,0.11115682302172898,0.48951048951048953,3.4055944055944054,-0.12862611466153417,16.266162451053255,-9.723127900724348,69.17362,0.07055709240000001,143,244,1,1.9877551020408164,0.1254876731695664,0.14840194116218908,-0.10777459455238902,0.30730161590927785,-0.2802621197819515,0.5068493150684932,0.4714285714285714,2,0,0.0
V11_mixC,H02_re100_t2,H排名退出,2,,,,100,2,,,,,,,0.18674693828362732,0.19342763760299864,0.773187055240574,-0.21952641051541333,0.20841930186289293,0.2919101233841601,0.74692388297211,0.5121951219512195,3.967479674796748,0.04461596583129612,16.3868900935072,-16.10931685086903,59.63322,0.0608258844,123,244,1,1.9918367346938775,0.1568890770478787,0.20585168123130582,-0.015843360543455587,0.49563006103970775,-0.13621011168626063,0.5714285714285714,0.45,2,0,0.0
V11_mixC,H03_re20_sl8_t1,H排名退出,1,,,,20,2,0.08,,,,,,0.23347214812149408,0.2419874144932923,0.8300826718315784,-0.26249535309319183,0.2599182796766546,0.25878772388134674,0.9523393195450518,0.49333333333333335,3.24,-0.10197348689341412,9.768877813287524,-5.9606652807904,73.16258,0.0746258316,75,244,2,0.9918367346938776,0.08071968480906874,-0.03966846227646725,0.2844232430869058,-0.02194131495539764,0.28702678390299585,0.42105263157894735,0.5675675675675675,1,0,0.0
V11_mixC,H04_re20_sl8_t2,H排名退出,2,,,,20,2,0.08,,,,,,0.03449153692592444,0.035642328884063046,0.2637790431629625,-0.23964070074812138,0.06797642680826099,-0.018785697585658068,0.19417646586489568,0.48026315789473684,3.2039473684210527,-0.20247800174457153,16.266162451053255,-10.404909506754967,73.32992,0.0747965184,152,244,1,1.9877551020408164,0.09710119878725255,0.05474984509413905,-0.01920674201796735,0.08018439726014148,-0.09162333310574933,0.4675324675324675,0.49333333333333335,2,0,0.0
V11_mixC,H03_re50_sl8_t1,H排名退出,1,,,,50,2,0.08,,,,,,0.14183363665533855,0.1468099437373136,0.5465419766163502,-0.21732011591113232,0.20159014146331988,0.13558428586078297,0.5284139834218513,0.5,3.375,-0.05483627145681513,16.26616245105328,-10.404909506754967,69.7886,0.07118437200000001,72,244,2,0.9918367346938776,0.06065905823864645,0.007472953879644306,0.1333640593112595,0.005453365980974123,0.12942511734778117,0.4722222222222222,0.5277777777777778,0,0,0.0
V11_mixC,H04_re50_sl8_t2,H排名退出,2,,,,50,2,0.08,,,,,,0.02250683560789546,0.02325327958377299,0.21837790978388874,-0.2506239116572737,0.056092289578570376,-0.07082920883758159,0.09911228843826878,0.503448275862069,3.3586206896551722,0.04461596583129612,16.266162451053255,-10.404909506754967,70.1498,0.071552796,145,244,1,1.9877551020408164,0.12217044088240536,0.1492827521831548,-0.1103087263203415,0.30152675687522357,-0.2860916717584645,0.5342465753424658,0.4722222222222222,1,0,0.0
V11_ensw2,E01_h5_tp30_t1,E止盈,1,5,,,,,,0.3,,,,,0.22296229165679948,0.23105956984506593,0.7798550458028135,-0.3268827762251949,0.2556921943715398,0.1290748214787738,0.4586836673163916,0.42857142857142855,4.959183673469388,-0.8051904160252366,46.528149323422554,-9.204787289056803,48.16696,0.04913029919999999,49,244,2,0.9918367346938776,0.2197519743778169,0.5221691448621888,-0.19656610056465018,0.5835404845765693,-0.2869933970897607,0.52,0.3333333333333333,0,0,0.0
V11_ensw2,E02_h5_tp30_t2,E止盈,2,5,,,,,,0.3,,,,,0.21069655554729838,0.21830990731936617,0.8190627601591426,-0.32658089488922903,0.23248374068740874,0.1795239564959643,0.5658738967680176,0.41836734693877553,4.969387755102041,-1.0913548216225255,46.528149323422554,-14.173381944823028,46.58754,0.0475495108,98,244,1,1.9877551020408164,0.1558392091112776,0.34904615461001587,-0.10255364398760103,0.8318025946167367,-0.3560856612157204,0.5,0.3333333333333333,0,0,0.0
V11_ensw2,F01_h5_sl8_tp15_t1,F组合,1,5,,,,,0.08,0.15,,,,,0.5993560449747757,0.6241714891678622,1.530812823636217,-0.254282926448806,0.5309268255744252,0.625665644378768,1.1371202753774619,0.5192307692307693,4.6923076923076925,0.11960983637979705,33.34476381684108,-11.178753855578648,51.0177,0.052038054,52,244,1,0.9959183673469387,0.24906415196008588,0.5322927662344403,0.043766622291861346,0.5887210955382773,0.02325426970425748,0.6153846153846154,0.4230769230769231,0,0,0.0
V11_ensw2,F02_h5_sl8_tp15_t2,F组合,2,5,,,,,0.08,0.15,,,,,0.4731968246521925,0.4920298807185899,1.5229670308604142,-0.18116059398978046,0.428090400793239,1.0782079367260962,1.3895933158300307,0.5,4.7745098039215685,-0.04949369331953002,33.34476381684108,-11.178753855578648,48.55488,0.049556197600000004,102,244,1,1.9877551020408164,0.19221718456014747,0.3550509175376153,0.08718927501947649,0.8377954042062523,0.13081572190767266,0.5490196078431373,0.45098039215686275,0,0,0.0
V11_ensw2,F01_h5_sl8_tp25_t1,F组合,1,5,,,,,0.08,0.25,,,,,1.0108148969721507,1.0573999267637237,2.245555630053101,-0.19313688981422772,0.7567225031775424,1.3079392696982528,1.5097065213276417,0.47058823529411764,4.784313725490196,-0.15050455813525598,46.528149323422554,-11.178753855578648,50.14826,0.0511512252,51,244,1,0.9959183673469387,0.29105230503387175,0.5221691448621888,0.32101935173190177,0.5835404845765693,0.4574551722404394,0.52,0.4230769230769231,0,0,0.0
V11_ensw2,F02_h5_sl8_tp25_t2,F组合,2,5,,,,,0.08,0.25,,,,,0.7218046480774507,0.7527543440084585,2.106043643238056,-0.16100802078061238,0.583044803299504,2.169085629698655,1.7447113666041958,0.49504950495049505,4.8316831683168315,-0.10197348689341412,46.528149323422554,-11.178753855578648,48.08144,0.0490732888,101,244,1,1.9918367346938775,0.2204335263047471,0.34904615461001587,0.27631263185001353,0.8318025946167367,0.7300366529733591,0.5,0.49019607843137253,0,0,0.0
V11_ensw2,F01_h5_sl8_tp40_t1,F组合,1,5,,,,,0.08,0.4,,,,,0.6681454471549826,0.6963687848708411,1.6517464659662024,-0.2581098722959946,0.5729597502912532,0.7145691783159231,1.1685252056841058,0.5294117647058824,4.784313725490196,0.4809653280234638,43.720576484057986,-11.178753855578648,50.1982,0.051202163999999994,51,244,1,0.9959183673469387,0.25721486083856204,0.7337652354069704,-0.03784813936275766,0.9040929981021173,-0.09953495967639192,0.6,0.46153846153846156,0,0,0.0
V11_ensw2,F02_h5_sl8_tp40_t2,F组合,2,5,,,,,0.08,0.4,,,,,0.49478850815966413,0.5146199629542954,1.6029197966316489,-0.23368900197334153,0.44092404802647944,1.0940923149328463,1.334094970927947,0.48514851485148514,4.821782178217822,-0.10197348689341412,43.720576484057986,-11.178753855578648,48.13052,0.0491233504,101,244,1,1.9877551020408164,0.2006051062645287,0.45353732332895125,0.028379859373847127,1.2026102447564968,-0.0492678766395408,0.54,0.43137254901960786,0,0,0.0
V18_f2,J03_h10_rat30_15_sl8_t1,J利润锁定,1,10,,,,,0.08,,,0.3,0.15,,0.2690044427345031,0.27895533165541875,0.828975515825335,-0.2605036845853569,0.30869233880731606,0.23636197753960952,0.7431853803013346,0.4444444444444444,9.037037037037036,-0.746967078882077,27.12171758419735,-12.091696254439254,26.48124,0.0270108648,27,244,1,0.9959183673469387,0.09701570621272694,0.12699039925450784,0.12601175979310608,0.06910081765084741,0.1564503151875687,0.46153846153846156,0.42857142857142855,0,0,0.0
V18_f2,J04_h10_rat30_15_sl8_t2,J利润锁定,2,10,,,,,0.08,,,0.3,0.15,,0.36244927799333815,0.3763354269140424,1.4244617425565078,-0.15253711704435935,0.33825647775756007,0.9021097468465265,1.6778572720143679,0.5384615384615384,9.384615384615385,0.21574363397514063,27.12171758419735,-12.091696254439254,25.33532,0.0258420264,52,244,1,1.9918367346938775,0.16420277937250188,0.2704172773421907,0.07244234023933283,0.5426243165906199,0.23303498226347896,0.6153846153846154,0.46153846153846156,0,0,0.0
V20_ensw2,A01_daily_top1,A基线,1,1,,,,,,,,,,,0.3314474606358033,0.3440029796038542,1.0081087478478725,-0.22303620886909015,0.3466481170776491,0.3198741922777535,0.8434662341224962,0.5185185185185185,1.0,0.06892225115486816,21.25999376914138,-9.978581119726215,239.31076,0.2440969752,243,244,2,0.9918367346938776,0.19182313131575873,0.3040075357654126,0.02104276556521789,0.3398543498758211,-0.01491218623869095,0.5772357723577236,0.4583333333333333,1,0,0.0
V20_ensw2,A02_daily_top2,A基线,2,1,,,,,,,,,,,0.21304685670965462,0.22075260944947517,0.8288558095285233,-0.19087746960832452,0.23405561063181024,0.3378660018512314,0.7896641948854166,0.5102880658436214,1.0,0.01145611435533489,21.25999376914138,-9.978581119726204,236.23686,0.2409615972,486,244,2,1.9836734693877551,0.14646285234140577,0.219029472373776,-0.004907687467533006,0.45856855190424395,-0.08275411525596654,0.5447154471544715,0.475,2,0,0.0
V20_ensw2,B01_hold2_t1,B持有期,1,2,,,,,,,,,,,0.5894976779666388,0.6138329673541647,1.6129948784565233,-0.18201532654292107,0.5153069689819981,0.6800441144108507,1.2698811562754206,0.48360655737704916,2.0,-0.06361047585800583,33.34476381684108,-9.348899044961456,120.28946,0.1226952492,122,244,1,0.9959183673469387,0.2769768790783578,0.5953698807438847,-0.0036807782622214624,0.7502995748493042,-0.040139106155300364,0.5161290322580645,0.45,1,0,0.0
V20_ensw2,B01_hold3_t1,B持有期,1,3,,,,,,,,,,,0.07685823317750828,0.07947580076624905,0.3900049893176752,-0.37343944983732424,0.13714013815355686,0.03353391382570403,0.28623656085772436,0.48148148148148145,3.0,-0.18325316718466045,16.266162451053255,-10.534043757318756,79.22928,0.08081386559999999,81,244,2,0.9918367346938776,0.14243107274408806,0.11179115047493005,-0.0314203951726888,0.13685496389202312,-0.09088322903794188,0.4634146341463415,0.5,1,0,0.0
V20_ensw2,B01_hold5_t1,B持有期,1,5,,,,,,,,,,,0.800022808717419,0.8350494799977599,1.915241950373304,-0.2891364820025676,0.645736340223239,0.8671575675620888,1.1829857996764213,0.4897959183673469,4.979591836734694,-0.4515329510830668,52.02122661783151,-14.173381944823038,48.32348,0.0492899496,49,244,1,0.9959183673469387,0.2818724501098408,0.7860214523151352,0.007839411102332328,1.0810795221636997,-0.102793743498661,0.6,0.375,0,0,0.0
V20_ensw2,B01_hold7_t1,B持有期,1,7,,,,,,,,,,,0.2932883852456034,0.30424001579371396,0.9545349624707222,-0.2846829844506955,0.31206941934548194,0.2535024635987595,0.7281465522668402,0.5428571428571428,6.9714285714285715,0.8749712045552194,16.204248087848107,-13.71300796404632,34.5495,0.03524049,35,244,1,0.9959183673469387,0.26925814827850586,0.4899584425521706,-0.1319970085673582,0.5159537729448982,-0.17312619555430075,0.6111111111111112,0.47058823529411764,1,0,0.0
V20_ensw2,D01_h5_sl5_t1,D止损,1,5,,,,,0.05,,,,,,-0.2253975898722479,-0.2318569867600433,-0.45250203342872247,-0.4040214030060971,-0.1768674427929955,-0.2597560618836271,-0.5537093565604815,0.4230769230769231,4.673076923076923,-1.3101211272187996,10.635975387140117,-11.178753855578648,49.75698,0.050752119600000006,52,244,2,0.9918367346938776,0.08355996889965388,0.08885535797127697,-0.2886085333032957,0.038540130019677266,-0.28722644728004143,0.5185185185185185,0.32,0,0,0.0
V20_ensw2,D02_h5_sl5_t2,D止损,2,5,,,,,0.05,,,,,,0.13503498828208138,0.13975847739726155,0.5659680612857401,-0.2511124173987226,0.17682991666187087,0.12210750211427412,0.4944716849820492,0.49038461538461536,4.6826923076923075,-0.10197348689341412,23.597366302884225,-11.178753855578648,50.48536,0.051495067199999994,104,244,1,1.9877551020408164,0.14048779801294312,0.2279991866836022,-0.07570379476600875,0.4223736829114919,-0.2111021768784377,0.5769230769230769,0.40384615384615385,0,0,0.0
V20_ensw2,D01_h5_sl8_t1,D止损,1,5,,,,,0.08,,,,,,1.2635263910828534,1.3249727974569412,2.684319225683208,-0.11947250632158257,0.8713101983590484,2.051531670577978,1.942160249012196,0.56,4.88,1.1441679788449788,52.02122661783151,-10.44703610309835,49.2329,0.050217558,50,244,1,0.9959183673469387,0.30790751672545924,0.7860214523151352,0.2673567767894103,1.0810795221636997,0.46632151154190304,0.6,0.52,0,0,0.0
V20_ensw2,D02_h5_sl8_t2,D止损,2,5,,,,,0.08,,,,,,0.5953702226945854,0.6199912838471218,1.8836208951913214,-0.1696583971893303,0.5040917360565701,1.5371936234815626,1.5396645538491314,0.5544554455445545,4.8316831683168315,0.8850759451343837,52.02122661783151,-11.178753855578648,48.72918,0.0497037636,101,244,1,1.9918367346938775,0.20713530372275624,0.4578492757963737,0.0943313888351649,1.1903760764418947,0.15833698640602756,0.62,0.49019607843137253,0,0,0.0
V20_ensw2,D01_h5_sl10_t1,D止损,1,5,,,,,0.1,,,,,,0.47646800115446264,0.49545162252673913,1.3572474888203592,-0.29391678361884266,0.44390439599080567,0.3990106423348865,0.8027923545869695,0.46938775510204084,4.959183673469388,-0.4515329510830668,52.02122661783151,-12.43120756431747,48.2188,0.049183176,49,244,2,0.9918367346938776,0.27858344170979754,0.7860214523151352,-0.17332011928491353,1.0810795221636997,-0.3277476293263729,0.6,0.3333333333333333,0,0,0.0
V20_ensw2,D02_h5_sl10_t2,D止损,2,5,,,,,0.1,,,,,,0.5466007340265486,0.5688713553133598,1.8263216219581504,-0.20025519026313232,0.4703153266506904,1.2443019983844095,1.351459501844152,0.5102040816326531,4.969387755102041,0.3165661874123149,52.02122661783151,-12.431207564317459,47.1734,0.04811686800000001,98,244,1,1.9877551020408164,0.22640307625142564,0.4578492757963737,0.06087834984291729,1.1903760764418947,0.02461948088389998,0.62,0.3958333333333333,0,0,0.0
V20_ensw2,E01_h5_tp10_t1,E止盈,1,5,,,,,,0.1,,,,,0.2817975440564189,0.29227367860021736,0.8858138013558849,-0.2551753380934304,0.31079858356476064,0.21714466624645445,0.6325538845418854,0.5,4.88,-0.04949369331953002,33.34476381684108,-14.173381944823038,49.16638,0.050149707599999996,50,244,1,0.9959183673469387,0.18646151942710615,0.43136467710453186,-0.1044926813135203,0.4329205578310731,-0.15058468552592041,0.5769230769230769,0.4166666666666667,0,0,0.0
V20_ensw2,E02_h5_tp10_t2,E止盈,2,5,,,,,,0.1,,,,,0.23673706568157216,0.24538280406290136,0.9018917611339358,-0.17608944349565148,0.25279426490276613,0.3719550700922698,0.8143008997474273,0.52,4.87,0.3165661874123149,33.34476381684108,-14.173381944823028,48.20214,0.049166182800000006,100,244,1,1.9877551020408164,0.1572270487268159,0.3213300225320257,-0.06402106620445347,0.7416288382604423,-0.21225749140523387,0.6078431372549019,0.42857142857142855,0,0,0.0
V20_ensw2,F01_h5_sl8_tp40_t1,F组合,1,5,,,,,0.08,0.4,,,,,0.6232304463965919,0.6492173342297733,1.5364644097023783,-0.26183839023671795,0.5493998157301663,0.6373390527709826,1.0908990175186433,0.49019607843137253,4.784313725490196,-0.10197348689341412,43.720576484057986,-11.178753855578648,50.18164,0.0511852728,51,244,1,0.9959183673469387,0.24832735260713718,0.7085622876664321,-0.04994365255854172,0.8559548359816911,-0.11779154264552671,0.56,0.4230769230769231,0,0,0.0
V20_ensw2,F02_h5_sl8_tp40_t2,F组合,2,5,,,,,0.08,0.4,,,,,0.3939157639661448,0.4091771621062903,1.347063407573064,-0.22184885182458303,0.37113147233183563,0.7629371775974676,1.1335097607879332,0.504950495049505,4.821782178217822,0.23623357250524002,43.720576484057986,-11.178753855578648,48.6601,0.049633302,101,244,1,1.9877551020408164,0.1992093388748245,0.4594320126785625,-0.04489160724395336,1.2558015845256025,-0.21848748148289998,0.6,0.4117647058823529,0,0,0.0
V20_ensw2,G01_h10_tr5_t1,G移动止损,1,10,,,,,,,0.05,,,,0.1966199636718744,0.2036831652044917,0.7145981647511828,-0.2276835000357903,0.2342093773611259,0.14889982311180394,0.5179063975428088,0.4117647058823529,7.147058823529412,-1.3424495770831046,25.63165467639006,-9.942134476796571,33.40274,0.034070794800000005,34,244,2,0.9918367346938776,0.1928040242574928,0.27635452119301696,-0.06247054105830385,0.3055156330895603,-0.11996471433062694,0.5,0.35,0,0,0.0
V20_ensw2,G02_h10_tr5_t2,G移动止损,2,10,,,,,,,0.05,,,,0.6810939770828492,0.7099698418420954,2.189515611898039,-0.18267409276093372,0.5523873069550422,1.4703737184567784,1.1994730189787086,0.4090909090909091,7.378787878787879,-1.6428703141515621,102.55753772639386,-11.178753855578648,32.06382,0.032705096399999994,66,244,1,1.9877551020408164,0.316703163533002,0.8340834750202517,-0.0834146864202634,2.7276616535740197,-0.3372859588562106,0.5172413793103449,0.32432432432432434,0,0,0.0
V20_ensw2,G01_h10_tr8_t1,G移动止损,1,10,,,,,,,0.08,,,,1.8533576977804094,1.9531528810651433,3.109851965860827,-0.11640720701424079,1.1150473832268597,3.0105076323237494,1.6244565510078386,0.4827586206896552,8.413793103448276,-0.10197348689341412,102.55753772639386,-10.228814994011682,28.56572,0.029137034399999998,29,244,1,0.9959183673469387,0.36284753708547424,1.3863868031093056,0.19568114190988184,1.763154445636515,0.45142362152684457,0.5384615384615384,0.4375,0,0,0.0
V20_ensw2,G02_h10_tr8_t2,G移动止损,2,10,,,,,,,0.08,,,,0.9952467603603767,1.0409509566506583,2.667075642905948,-0.15271537882950692,0.7298747956495657,3.0841292701466223,1.5868257136199084,0.45614035087719296,8.56140350877193,-0.5896515686409365,102.55753772639386,-11.178753855578648,27.71166,0.028265893199999996,57,244,1,1.9918367346938775,0.30727872554719987,0.8326708549622801,0.08870982203808953,2.345361912737722,0.2208333139072296,0.5185185185185185,0.4,0,0,0.0
V20_ensw2,G01_h10_tr12_t1,G移动止损,1,10,,,,,,,0.12,,,,1.4852243749815237,1.560521407860581,2.7843040745841816,-0.18300711863014507,0.9731120675006784,2.0266436135112462,1.4159294681841545,0.5384615384615384,9.384615384615385,0.3592420005920638,102.55753772639386,-13.71300796404632,25.65562,0.0261687324,26,244,1,0.9959183673469387,0.35810328846065637,1.24872190602589,0.10517195048524153,1.3799826224241936,0.271708282654761,0.46153846153846156,0.6153846153846154,0,0,0.0
V20_ensw2,G02_h10_tr12_t2,G移动止损,2,10,,,,,,,0.12,,,,1.251858781825527,1.312596573976153,3.0664211968475215,-0.15179649772046977,0.8522487470048463,4.9917690537773085,1.7582607186691825,0.5490196078431373,9.568627450980392,0.6059209928881648,102.55753772639386,-14.991719174291285,24.79848,0.025294449599999998,51,244,1,1.9918367346938775,0.3392535634007238,0.7898505057917082,0.25812673993656143,1.7554866144131522,1.174486721305811,0.5,0.6,0,0,0.0
V18_f2,F01_h5_sl8_tp25_t1,F组合,1,5,,,,,0.08,0.25,,,,,0.43734593990764314,0.45454529892504336,1.1797475097540584,-0.20724970136610377,0.4301128417920551,0.4406552153281409,1.029608084797928,0.42,4.88,-0.7263241680273591,20.892567932337602,-12.091696254439254,48.80046,0.0497764692,50,244,1,0.9959183673469387,0.17450149347912464,0.3319157970885882,0.07915676279950601,0.3757371324210588,0.04718785397093783,0.44,0.4,0,0,0.0
V18_f2,F02_h5_sl8_tp25_t2,F组合,2,5,,,,,0.08,0.25,,,,,0.39904227821862404,0.41453004944023575,1.4929220389378348,-0.12264742834386455,0.3669044863970734,0.9544853068864549,1.571036114557484,0.46464646464646464,4.929292929292929,-0.1713517011600607,20.892567932337602,-12.091696254439254,47.87134,0.0488818968,99,244,1,1.9918367346938775,0.18470126034562015,0.3112984535378105,0.06691369492893617,0.7609093401444684,0.10992954738152805,0.52,0.40816326530612246,0,0,0.0
V18_f2,F01_h5_sl8_tp40_t1,F组合,1,5,,,,,0.08,0.4,,,,,0.43734593990764314,0.45454529892504336,1.1797475097540584,-0.20724970136610377,0.4301128417920551,0.4406552153281409,1.029608084797928,0.42,4.88,-0.7263241680273591,20.892567932337602,-12.091696254439254,48.80046,0.0497764692,50,244,1,0.9959183673469387,0.17450149347912464,0.3319157970885882,0.07915676279950601,0.3757371324210588,0.04718785397093783,0.44,0.4,0,0,0.0
V18_f2,F02_h5_sl8_tp40_t2,F组合,2,5,,,,,0.08,0.4,,,,,0.39904227821862404,0.41453004944023575,1.4929220389378348,-0.12264742834386455,0.3669044863970734,0.9544853068864549,1.571036114557484,0.46464646464646464,4.929292929292929,-0.1713517011600607,20.892567932337602,-12.091696254439254,47.87134,0.0488818968,99,244,1,1.9918367346938775,0.18470126034562015,0.3112984535378105,0.06691369492893617,0.7609093401444684,0.10992954738152805,0.52,0.40816326530612246,0,0,0.0
V18_f2,G01_h10_tr5_t1,G移动止损,1,10,,,,,,,0.05,,,,0.14320654854182102,0.14823407675037714,0.5718671604256246,-0.18714093885064842,0.19110752852706092,0.14519671339886653,0.6533561290398601,0.5172413793103449,8.413793103448276,0.12019097256934508,12.906865638370402,-9.195353888839975,28.49512,0.0290650224,29,244,1,0.9959183673469387,0.03605111104171807,-0.0027285719305496503,0.14633440442074597,-0.023575380585476813,0.17284702846343736,0.42857142857142855,0.6,0,0,0.0
V18_f2,G02_h10_tr5_t2,G移动止损,2,10,,,,,,,0.05,,,,-0.03547994878577587,-0.03662166453993998,-0.008916469472243487,-0.2249959319993552,-0.002280591185987668,-0.12881866849699575,-0.2033520978958022,0.4576271186440678,8.271186440677965,-0.39091570295772815,12.906865638370402,-9.195353888839964,28.18538,0.028756227599999993,59,244,1,1.9918367346938775,0.05236555066971636,0.09288748693634408,-0.1174571374057608,0.0715208600665489,-0.18696745535229442,0.5185185185185185,0.40625,0,0,0.0
V18_f2,G01_h10_tr8_t1,G移动止损,1,10,,,,,,,0.08,,,,0.2973833641737993,0.3085052909066486,0.9174642571476959,-0.229356849473752,0.3232402253091645,0.2773461475358334,0.8348825808963095,0.4230769230769231,9.384615384615385,-1.1143666468129143,27.12171758419735,-9.172593429455878,25.51052,0.026020730399999997,26,244,1,0.9959183673469387,0.10117250586616496,0.12699039925450784,0.15119291613487063,0.06910081765084741,0.19478549304879134,0.46153846153846156,0.38461538461538464,0,0,0.0
V18_f2,G02_h10_tr8_t2,G移动止损,2,10,,,,,,,0.08,,,,0.375020458705257,0.389453082432752,1.5116823967486195,-0.13530254633619854,0.3452668931632784,0.9651627933106106,1.7657336233797356,0.5294117647058824,9.568627450980392,0.16181017209930815,27.12171758419735,-9.172593429455878,24.89612,0.025394042399999997,51,244,1,1.9918367346938775,0.16528181184083837,0.2704172773421907,0.08233765647607205,0.5426243165906199,0.2739088656749884,0.6153846153846154,0.44,0,0,0.0
V20_ensw2,B01_hold10_t1,B持有期,1,10,,,,,,,,,,,1.5524166084720252,1.6320506116161977,2.873652399679907,-0.15605482490552702,0.999251955913622,2.244614180965974,1.4875726474168753,0.56,9.76,0.6059209928881648,102.55753772639386,-18.99786484468463,24.6752,0.025168703999999997,25,244,1,0.9959183673469387,0.3609535062488467,1.24872190602589,0.13505213856472253,1.3799826224241936,0.36329322340223147,0.46153846153846156,0.6666666666666666,0,0,0.0
V20_ensw2,B01_hold20_t1,B持有期,1,20,,,,,,,,,,,2.0039721110816235,2.1142828695934957,3.0676081164874405,-0.11822422520992537,1.1764522592224482,3.2616586314455667,1.5860284078032314,0.6153846153846154,18.76923076923077,3.503646428977625,131.85394996324155,-15.513516083673483,12.77828,0.0130338456,13,244,1,0.9959183673469387,0.4159189310094244,1.5819607186780886,0.16344609325412107,1.7185642128389857,0.5676137467413853,0.5714285714285714,0.6666666666666666,0,0,0.0
V20_ensw2,B02_hold2_t2,B持有期,2,2,,,,,,,,,,,0.6731750786378996,0.7016514694816485,2.212801396830373,-0.13912616755411655,0.5463570755663347,2.40989413283708,2.249755520377872,0.4959016393442623,2.0,-0.00992451435840036,33.34476381684108,-9.348899044961446,118.5287,0.120899274,244,244,1,1.9918367346938775,0.24762467408045255,0.40768532723500805,0.1886002121826249,1.0402483499924844,0.6713132657843539,0.5080645161290323,0.48333333333333334,1,0,0.0
V20_ensw2,B02_hold3_t2,B持有期,2,3,,,,,,,,,,,0.5078499786151913,0.5282905997519878,1.8324391203973618,-0.12836206591002797,0.4405297744498903,1.4909321906632198,1.864102977736775,0.5246913580246914,3.0,0.3327898591789391,19.71269451924482,-10.534043757318745,78.60392,0.0801759984,162,244,2,1.9836734693877551,0.23107694728915426,0.2457524331998564,0.21039296286350084,0.5993385819948787,0.557476458522149,0.4878048780487805,0.5625,1,0,0.0
V20_ensw2,B02_hold5_t2,B持有期,2,5,,,,,,,,,,,0.6224146404654436,0.648361298868559,1.9920265996406574,-0.18176233728312396,0.5190434781043496,1.6549459579412633,1.555180291382009,0.5408163265306123,4.979591836734694,0.8960029559667126,52.02122661783151,-14.173381944823028,47.27672,0.04822225439999999,98,244,1,1.9918367346938775,0.22621019730691344,0.4578492757963737,0.11288228996044469,1.1903760764418947,0.2120959439321608,0.62,0.4583333333333333,0,0,0.0
V20_ensw2,B02_hold7_t2,B持有期,2,7,,,,,,,,,,,0.5564038541589424,0.5791427447113271,1.7442339666704887,-0.2260362718418092,0.4819208453004499,1.3502302063172307,1.4418539348489696,0.5428571428571428,6.9714285714285715,0.8276248733247726,50.587752526423735,-13.71300796404633,34.23584,0.03492055680000001,70,244,1,1.9918367346938775,0.29282165701559243,0.4372239036701542,0.08292371855522696,1.4590918165138662,-0.044269030324766034,0.6388888888888888,0.4411764705882353,1,0,0.0
V20_ensw2,B02_hold10_t2,B持有期,2,10,,,,,,,,,,,1.2850129847534757,1.3477698117096604,3.133095697431347,-0.13724948445335905,0.8665206321688341,5.423279818665279,1.8102509722217972,0.56,9.76,0.8470571265583593,102.55753772639386,-18.99786484468461,24.3187,0.024805074000000003,50,244,1,1.9918367346938775,0.3408229450195704,0.7898505057917082,0.27665018802379904,1.7554866144131522,1.3310872878376392,0.5,0.625,0,0,0.0
V20_ensw2,B02_hold20_t2,B持有期,2,20,,,,,,,,,,,1.908626270577304,2.0122485571581996,3.637485517334547,-0.09274309579416606,1.117829831368341,13.282188088654761,2.0998644091785215,0.6153846153846154,18.76923076923077,3.054449715351004,131.85394996324155,-15.513516083673473,12.59172,0.012843554400000002,26,244,1,1.9918367346938775,0.43322752154614574,1.0901728635728944,0.3915721140907764,2.4815296461616807,3.102273868154649,0.42857142857142855,0.8333333333333334,0,0,0.0
V11_ensw2,G03_h20_tr20_t1,G移动止损,1,20,,,,,,,0.2,,,,1.9023806124689724,2.0055685564972157,3.027785351459696,-0.11980512469844284,1.1390823230771936,2.9784106818936267,1.5379394997323799,0.6153846153846154,18.76923076923077,3.908445122319759,131.85394996324155,-19.801945327994876,12.79068,0.0130464936,13,244,1,0.9959183673469387,0.4116418489596772,1.5452409065839396,0.14031666116994934,1.6174644516296053,0.5199483146434756,0.42857142857142855,0.8333333333333334,0,0,0.0
V11_ensw2,H01_re3_t1,H排名退出,1,,,,3,2,,,,,,,0.23501457966981576,0.243591447721621,0.8447420384767357,-0.21440313954759505,0.25878124682429693,0.22343664196994095,0.7172755136952838,0.45569620253164556,3.088607594936709,-0.2579391760638372,16.266162451053255,-6.796171524492534,77.86866,0.0794260332,79,244,1,0.9959183673469387,0.21384187670200647,0.13821623246638803,0.08504389978139448,0.16766018892118573,0.04776770979944844,0.475,0.4358974358974359,0,0,0.0
V11_ensw2,H01_re5_t1,H排名退出,1,,,,5,2,,,,,,,-0.17323118674105076,-0.17837174151909874,-0.2725658586893735,-0.3353220670628817,-0.1090206463106762,-0.1938089351936353,-0.3241908817345185,0.4155844155844156,3.168831168831169,-0.8235180424861599,15.26817993308136,-10.704436169194565,73.80582,0.0752819364,77,244,1,0.9959183673469387,0.0603538791914736,0.00010733373944149527,-0.17331991740563746,0.010608907381916888,-0.2022719581060457,0.48717948717948717,0.34210526315789475,0,0,0.0
V11_ensw2,H01_re10_t1,H排名退出,1,,,,10,2,,,,,,,-0.12962940833875491,-0.13358233700760647,-0.15111859221867888,-0.318600397285404,-0.05962450733432212,-0.15950909872765728,-0.21753370392009969,0.4473684210526316,3.210526315789474,-0.2932644066051038,15.268179933081338,-10.704436169194565,73.5332,0.07500386399999999,76,244,1,0.9959183673469387,0.06548725907131331,0.011822953067286868,-0.13979951826279302,0.021428425200232137,-0.1771416571772223,0.5384615384615384,0.35135135135135137,0,0,0.0
V11_ensw2,H01_re20_t1,H排名退出,1,,,,20,2,,,,,,,0.1782381409761813,0.18459143437110725,0.6463828011603252,-0.29174656999874393,0.22610580938702407,0.15241809368786452,0.5641868344355405,0.5135135135135135,3.2837837837837838,0.0441178463317482,12.736218637799013,-7.807224007768355,72.86072,0.07431793440000001,74,244,2,0.9918367346938776,0.1490576545652034,0.1591433853497486,0.016473161015080562,0.1808725486071454,-0.024096127014590407,0.5384615384615384,0.4857142857142857,0,0,0.0
V11_ensw2,H01_re50_t1,H排名退出,1,,,,50,2,,,,,,,0.4951947700058379,0.5150451133750895,1.2714220613579004,-0.2426896510598635,0.4728536649972781,0.577200399175035,1.3135965017645892,0.5909090909090909,3.696969696969697,0.7437295980675107,17.12655680396884,-12.833247805972615,65.00268,0.0663027336,66,244,1,0.9959183673469387,0.15797358999791009,0.07872001106118476,0.38608235193017815,0.09042357132779011,0.44641077159997966,0.6,0.5806451612903226,0,0,0.0
V11_ensw2,H02_re10_t2,H排名退出,2,,,,10,2,,,,,,,0.15516240248968272,0.1606383477329385,0.6595128188216197,-0.25298248900697995,0.18430990086526433,0.17616904082625018,0.5728264522725569,0.4967741935483871,3.1483870967741936,-0.10197348689340302,16.266162451053255,-12.431207564317459,75.36794,0.0768752988,155,244,1,1.9918367346938775,0.16123035474678754,0.14647750458287567,0.007575288544336756,0.30976440088609647,-0.10199953516026672,0.5443037974683544,0.4473684210526316,0,0,0.0
V11_ensw2,H02_re20_t2,H排名退出,2,,,,20,2,,,,,,,0.2891063864615122,0.2998845589634631,1.0266776772425794,-0.2032211797249588,0.2969963580884233,0.5019056715997594,0.9582369622648396,0.4966442953020134,3.2684563758389262,-0.10197348689340302,25.48755765472359,-12.431207564317459,72.2938,0.073739676,149,244,1,1.9877551020408164,0.1839810845009761,0.24667844112920045,0.03403278979772972,0.5419572770854744,-0.025974523471505084,0.5324675324675324,0.4583333333333333,1,0,0.0
V11_ensw2,C01_nr_hold3_t1,C续持,1,3,,True,,,,,,,,,0.9760995832245325,1.0207262195962685,2.4198262347489004,-0.15509678366395052,0.7277063091643818,1.3827197266027422,1.7008222092255558,0.5679012345679012,3.0123456790123457,0.6327436231409411,46.528149323422554,-8.17962146211344,79.7525,0.08134755,81,244,1,0.9959183673469387,0.3199835587952426,0.6132826159248121,0.22489361982725997,0.750029446278162,0.3615312197575544,0.5853658536585366,0.55,0,0,0.0
V11_ensw2,C02_nr_hold3_t2,C续持,2,3,,True,,,,,,,,,0.783901805440486,0.8180784344572927,2.57028089449529,-0.1625342297731064,0.608007206964843,2.8979318533462837,2.144112678704968,0.5279503105590062,3.0248447204968945,0.358382645531341,46.528149323422554,-12.431207564317459,78.16438,0.07972766760000001,161,244,1,1.9877551020408164,0.2997198237818596,0.46239734889101936,0.21984753787558087,1.2748991259759923,0.7134526137170865,0.5121951219512195,0.5443037974683544,1,0,0.0
V11_ensw2,C01_nr_hold5_t1,C续持,1,5,,True,,,,,,,,,1.0187366600283339,1.0657715023050645,2.380495821038653,-0.14977106516682637,0.7540816963723935,1.4630164183867342,1.7227384781385733,0.5918367346938775,4.979591836734694,1.4185437261597045,52.02122661783151,-10.44703610309835,48.2525,0.04921755000000001,49,244,1,0.9959183673469387,0.31100958622293323,0.8629870157172357,0.08360210940661439,1.24444133166599,0.09738507468961122,0.64,0.5416666666666666,0,0,0.0
V11_ensw2,C02_nr_hold5_t2,C续持,2,5,,True,,,,,,,,,0.45040198874366344,0.46819279260253444,1.3893194880815176,-0.19844046851080166,0.418424402645037,0.9064069631375631,1.1711051020931447,0.5104166666666666,5.0625,0.22220864687764186,52.02122661783151,-14.62435939359754,45.71444,0.046658948799999996,96,244,2,1.9836734693877551,0.198629728748802,0.3829434723337317,0.04877893981891779,0.9406726310360625,-0.01765659356993443,0.56,0.45652173913043476,0,0,0.0
V11_ensw2,D01_h5_sl3_t1,D止损,1,5,,,,,0.03,,,,,,-0.15676949702214127,-0.1614705532101275,-0.2998875931652898,-0.43965663339955485,-0.10632424510387306,-0.18688977005663643,-0.3239416965509712,0.43103448275862066,4.189655172413793,-1.880882963823849,18.00528350005508,-9.942134476796571,55.80534,0.056921446800000004,58,244,2,0.9918367346938776,0.13612911391002017,0.17112652260477135,-0.2799834290300418,0.21875337888379343,-0.33283448150268324,0.5517241379310345,0.3103448275862069,0,0,0.0
V11_ensw2,D02_h5_sl3_t2,D止损,2,5,,,,,0.03,,,,,,0.17111947512767323,0.17720045940070106,0.6830686542862946,-0.2683731997396356,0.20346688741310648,0.18411932242397788,0.577221706073561,0.4434782608695652,4.226086956521739,-1.1226950533417268,23.597366302884225,-9.94213447679656,55.93008,0.0570486816,115,244,2,1.9836734693877551,0.13369652289540238,0.15401332504211718,0.014823182466226825,0.3207645777177366,-0.10345920658311447,0.5,0.38596491228070173,1,0,0.0
V11_ensw2,D01_h5_sl5_t1,D止损,1,5,,,,,0.05,,,,,,0.3658511240062523,0.3798847625796693,1.0882652041520444,-0.25190432140192787,0.37117851480228514,0.3133693257516734,0.787218164047244,0.46153846153846156,4.673076923076923,-0.21781822241861426,22.749228057847827,-11.178753855578648,51.21554,0.052239850799999994,52,244,2,0.9918367346938776,0.2650634475809071,0.35571675149054016,0.007475287521947038,0.3420568170411784,-0.021375765113098355,0.5555555555555556,0.36,0,0,0.0
V11_ensw2,D02_h5_sl5_t2,D止损,2,5,,,,,0.05,,,,,,0.7200653825240264,0.750925795052479,2.243119451934648,-0.17989869276944392,0.5767558796053252,2.2003181199251967,1.8226426244507665,0.5288461538461539,4.6826923076923075,0.652533011319989,41.46025404181428,-11.178753855578648,50.62972,0.05164231439999999,104,244,1,1.9877551020408164,0.3603875419901098,0.5991317752420635,0.07562454148824505,1.7612941190954254,0.15899211814987413,0.6037735849056604,0.45098039215686275,0,0,0.0
V18_f1,G01_h10_tr8_t1,G移动止损,1,10,,,,,,,0.08,,,,0.13106615704220337,0.13564269879175272,0.5665970995730034,-0.23801190413034345,0.16819749687696073,0.10330815813448013,0.44781326783800207,0.52,9.76,0.30525260988150116,27.12171758419735,-7.167805543491024,24.14174,0.024624574800000004,25,244,1,0.9959183673469387,0.04639727334582875,0.053259640193124014,0.07387211460491572,0.044911086206158135,0.05588712063564083,0.6153846153846154,0.4166666666666667,0,0,0.0
V18_f1,G02_h10_tr8_t2,G移动止损,2,10,,,,,,,0.08,,,,0.4621097295422092,0.48043432627466953,1.7278718349527786,-0.1309247702695333,0.4086622888788747,1.2466972621208412,1.8153636561021986,0.6,9.76,0.4475298052626808,33.04919895837093,-7.177759353344381,24.41794,0.0249062988,50,244,1,1.9918367346938775,0.08500231468713568,0.01113603250619577,0.4460069491522647,0.08681379238698872,1.0672329315828608,0.5384615384615384,0.6666666666666666,0,0,0.0
V18_f1,G01_h10_tr12_t1,G移动止损,1,10,,,,,,,0.12,,,,0.13106615704220337,0.13564269879175272,0.5665970995730034,-0.23801190413034345,0.16819749687696073,0.10330815813448013,0.44781326783800207,0.52,9.76,0.30525260988150116,27.12171758419735,-7.167805543491024,24.14174,0.024624574800000004,25,244,1,0.9959183673469387,0.04639727334582875,0.053259640193124014,0.07387211460491572,0.044911086206158135,0.05588712063564083,0.6153846153846154,0.4166666666666667,0,0,0.0
V18_f1,G02_h10_tr12_t2,G移动止损,2,10,,,,,,,0.12,,,,0.4621097295422092,0.48043432627466953,1.7278718349527786,-0.1309247702695333,0.4086622888788747,1.2466972621208412,1.8153636561021986,0.6,9.76,0.4475298052626808,33.04919895837093,-7.177759353344381,24.41794,0.0249062988,50,244,1,1.9918367346938775,0.08500231468713568,0.01113603250619577,0.4460069491522647,0.08681379238698872,1.0672329315828608,0.5384615384615384,0.6666666666666666,0,0,0.0
V18_f1,G03_h20_tr8_t1,G移动止损,1,20,,,,,,,0.08,,,,0.5174492559419592,0.538340049677084,1.523961567932551,-0.24811389896937164,0.46504870186366054,0.5422987397526888,1.3086679618852814,0.4666666666666667,16.266666666666666,-0.9099926451158091,26.022591755298595,-7.301747636149591,14.82194,0.0151183788,15,244,1,0.9959183673469387,0.13816335887630174,0.25991533300375025,0.20440573758573466,0.31593407353771474,0.17201824222578477,0.5714285714285714,0.375,0,0,0.0
V18_f1,G03_h20_tr12_t1,G移动止损,1,20,,,,,,,0.12,,,,0.577995126483914,0.6017728387178514,1.6822077643237923,-0.2033201013265259,0.5018841514514821,0.5588179377794262,1.131782485202396,0.5,17.428571428571427,0.108319999276002,37.89737806841702,-11.665451499914193,13.83628,0.0141130056,14,244,1,0.9959183673469387,0.1599872737338451,0.42095390709958536,0.11051816571930706,0.3971063603805327,0.11574750640663312,0.5714285714285714,0.42857142857142855,0,0,0.0
V18_f1,G03_h20_tr20_t1,G移动止损,1,20,,,,,,,0.2,,,,0.7584397606401521,0.7912840638316241,2.0514070120484083,-0.1941598256480651,0.6097204978427502,0.8628884900528468,1.4717630560435646,0.6153846153846154,18.76923076923077,1.227468092338535,44.88632955431591,-11.377237406995977,12.84198,0.013098819600000002,13,244,1,0.9959183673469387,0.16640844218208667,0.42095390709958536,0.2375065453244949,0.3971063603805327,0.33339060137515064,0.5714285714285714,0.6666666666666666,0,0,0.0
V18_f1,H01_re3_t1,H排名退出,1,,,,3,2,,,,,,,-0.044628479284124944,-0.04605749061816433,0.030170895212155043,-0.34756401307003026,0.00991036336513973,-0.07711023509859227,-0.06584534823237562,0.4375,3.05,-0.15515115006269897,15.147226278129722,-14.017205038759762,76.24778,0.07777273559999999,80,244,1,0.9959183673469387,0.041018941606395146,0.08572345672831694,-0.12005997955063052,0.08461893552282795,-0.14911151310802084,0.4878048780487805,0.38461538461538464,0,0,0.0
V18_f2,E01_h5_tp10_t1,E止盈,1,5,,,,,,0.1,,,,,0.41038927835690187,0.4263803864970732,1.299175166402184,-0.2050393170282676,0.39045391016271114,0.4637734679694183,1.283148953890367,0.48,4.86,-0.19445637936172933,12.89464739167816,-12.937764954516485,49.09192,0.050073758399999994,50,244,2,0.9918367346938776,0.1343669697771845,0.14778305662277913,0.22879430064668393,0.15816764006022255,0.26387011460042586,0.52,0.44,5,0,0.0
V18_f2,E02_h5_tp10_t2,E止盈,2,5,,,,,,0.1,,,,,0.2522024668755918,0.26147021136649573,0.9999356436670002,-0.17936533953957678,0.25958392795145935,0.47643552944659984,0.9875986539126334,0.46,4.87,-0.2996921759493454,19.833141890571127,-16.601483831359133,48.59476,0.04957159520000001,100,244,1,1.9877551020408164,0.12493183131154895,0.16242713601601433,0.07723093179608886,0.37004514639758046,0.07765465490590895,0.5,0.42,6,0,0.0
V18_f2,E01_h5_tp20_t1,E止盈,1,5,,,,,,0.2,,,,,0.6534855726767952,0.6809743208234056,1.6801693514299105,-0.18777103614847412,0.5591845089063375,0.8253895082272584,1.6707505851144924,0.4489795918367347,4.979591836734694,-0.31244508006863514,20.50805252172896,-7.397906918954522,47.87078,0.0488281956,49,244,1,0.9959183673469387,0.17784972360316237,0.3319157970885882,0.2414340127890391,0.3757371324210588,0.32684468944651446,0.44,0.4583333333333333,0,0,0.0
V18_f2,E02_h5_tp20_t2,E止盈,2,5,,,,,,0.2,,,,,0.3272064557976595,0.33958185272558183,1.3181035537146941,-0.1607942729482016,0.31186523283069045,0.7019782239902217,1.319950437380371,0.4489795918367347,4.979591836734694,-0.3906478279915637,20.50805252172896,-9.623307463868914,47.40676,0.0484080252,98,244,1,1.9918367346938775,0.17220839397268384,0.3112984535378105,0.012131488614913755,0.7609093401444684,-0.03346629767402598,0.52,0.375,0,0,0.0
V18_f2,E01_h5_tp30_t1,E止盈,1,5,,,,,,0.3,,,,,0.4940686141324564,0.5138666077692939,1.4075676253482368,-0.18777103614847412,0.4542913553744493,0.5723547021636242,1.3740374728427844,0.40816326530612246,4.979591836734694,-0.9169789767703995,20.892567932337602,-7.397906918954522,47.85454,0.048811630800000005,49,244,1,0.9959183673469387,0.17676883506385724,0.3319157970885882,0.12174404523042459,0.3757371324210588,0.14291797837611075,0.44,0.375,0,0,0.0
V18_f2,E02_h5_tp30_t2,E止盈,2,5,,,,,,0.3,,,,,0.291024019209555,0.30188167253375564,1.2250123135963311,-0.1607942729482016,0.2828287443555785,0.6060919269281495,1.244274499838533,0.4489795918367347,4.979591836734694,-0.2890210729722342,20.892567932337602,-9.623307463868914,47.41496,0.0484163892,98,244,1,1.9918367346938775,0.17144243894755798,0.3112984535378105,-0.015461342361502206,0.7609093401444684,-0.08791901416322667,0.52,0.375,0,0,0.0
V18_f2,F01_h5_sl8_tp15_t1,F组合,1,5,,,,,0.08,0.15,,,,,0.8329143627636928,0.8696907810449168,1.9175566403983815,-0.17925509315811694,0.6679052705134124,1.1564109446200028,2.000347766413819,0.48,4.88,-0.13666259402673742,21.6490191196542,-6.350348909283587,48.82744,0.049803988800000004,50,244,1,0.9959183673469387,0.1988189061679889,0.3319157970885882,0.37614882770384717,0.3757371324210588,0.5674585600703332,0.44,0.52,4,1,0.0
V18_f2,F02_h5_sl8_tp15_t2,F组合,2,5,,,,,0.08,0.15,,,,,0.5489191885748845,0.5713003641225869,1.755665154933419,-0.13885198204331417,0.4754473535260373,1.6284024737514509,2.044088522433535,0.49,4.87,-0.10197348689340857,21.6490191196542,-12.091696254439254,48.2589,0.049266208000000006,100,244,1,1.9877551020408164,0.18857041463000243,0.3112984535378105,0.18121026101722681,0.7609093401444684,0.49263929370481563,0.52,0.46,4,1,0.0
V20_ensw2,C01_nr_hold2_t1,C续持,1,2,,True,,,,,,,,,0.12621369402335225,0.13061121513588758,0.5125997433730035,-0.24504851688556306,0.18461810724286198,0.12091780869113866,0.5064756043745766,0.46218487394957986,2.0504201680672267,-0.17302821806486346,8.51028840182817,-10.534043757318756,115.63012,0.1179427224,119,244,1,0.9959183673469387,0.07617788154426801,0.06480948032198253,0.057666854809372614,0.08888918431637305,0.029414034812801138,0.48333333333333334,0.4406779661016949,0,0,0.0
V20_ensw2,C02_nr_hold2_t2,C续持,2,2,,True,,,,,,,,,0.2638593753909402,0.2736002622035161,0.9713330279746556,-0.15281427557320526,0.27530148494914497,0.5535156120496025,1.0917754874837848,0.5316455696202531,2.050632911392405,0.18004063654311064,12.0615306686928,-10.534043757318745,114.84906,0.1171460412,237,244,2,1.9836734693877551,0.12016244103066964,0.09001843639869067,0.1594844024534141,0.19890558219554033,0.29577811223855455,0.5416666666666666,0.5213675213675214,2,0,0.0
V20_ensw2,C01_nr_hold3_t1,C续持,1,3,,True,,,,,,,,,1.2035378622861899,1.2613634589978946,2.7341376464983678,-0.13398986318141082,0.8388607431019431,1.9784493904495788,2.030503057726581,0.5802469135802469,3.0123456790123457,0.7452638585154547,46.528149323422554,-8.17962146211344,79.70526,0.0812993652,81,244,1,0.9959183673469387,0.34327345053660996,0.9141735131827231,0.15116934129045378,1.3505872349931174,0.2671086382625989,0.6097560975609756,0.55,1,0,0.0
V20_ensw2,C02_nr_hold3_t2,C续持,2,3,,True,,,,,,,,,0.9983764055209932,1.0442573379096873,3.043124323657506,-0.12345109367021512,0.7220115950388427,5.131426337620215,2.682820184050719,0.5590062111801242,3.0248447204968945,0.6327436231409411,46.528149323422554,-12.431207564317459,78.18284,0.0797464968,161,244,1,1.9877551020408164,0.30803535067291254,0.5371516083288985,0.3000515984844918,1.706836556067727,1.2651631196112758,0.5487804878048781,0.569620253164557,1,0,0.0
V20_ensw2,C01_nr_hold5_t1,C续持,1,5,,True,,,,,,,,,0.9417710966262349,0.9844819272009209,2.1850788462781052,-0.15553422468419043,0.7191215847328559,1.2837456068646325,1.6035432147890705,0.5714285714285714,4.979591836734694,1.1852454842427695,52.02122661783151,-10.44703610309835,48.24282,0.0492076764,49,244,1,0.9959183673469387,0.2960211377789934,0.7860214523151352,0.08720480042902579,1.0810795221636997,0.09738507468961122,0.6,0.5416666666666666,0,0,0.0
V20_ensw2,C02_nr_hold5_t2,C续持,2,5,,True,,,,,,,,,0.5461321195999393,0.5683804097572989,1.726707815698716,-0.25445016449890134,0.47478667857543866,1.2669078707891273,1.3592548150511863,0.5306122448979592,4.979591836734694,0.7692627477173031,52.02122661783151,-14.173381944823028,47.30386,0.0482499372,98,244,1,1.9918367346938775,0.21355309639124845,0.4578492757963737,0.06055690754130949,1.1903760764418947,0.03494002476120528,0.62,0.4375,0,0,0.0
V20_ensw2,D01_h5_sl3_t1,D止损,1,5,,,,,0.03,,,,,,0.18527978377158516,0.19190388053277685,0.6916567337778794,-0.31826697283886995,0.2228830081530293,0.12969917392842412,0.4937915906286112,0.46551724137931033,4.189655172413793,-1.077699814746913,18.42356131175862,-9.942134476796571,57.18206,0.0583257012,58,244,2,0.9918367346938776,0.26028459056724035,0.565228889735371,-0.24274347889657422,0.7561420008721225,-0.35671536050763475,0.6428571428571429,0.3,0,0,0.0
V20_ensw2,D02_h5_sl3_t2,D止损,2,5,,,,,0.03,,,,,,0.3428241262645111,0.35586510659084936,1.1931372947970431,-0.22510708193964135,0.3353594287845908,0.6041004351330228,1.0045399588410038,0.4444444444444444,4.153846153846154,-1.2771507283841133,24.446470534343344,-9.94213447679656,56.75552,0.0578906304,117,244,2,1.9836734693877551,0.20040078182297516,0.3169750548135777,0.019627609009338798,0.8343312801657721,-0.12551214032175473,0.5344827586206896,0.3559322033898305,1,0,0.0
V18_f2,H01_re20_t1,H排名退出,1,,,,20,2,,,,,,,-0.11716432360513784,-0.12076403432208993,-0.1633333400341218,-0.46961413311639555,-0.05877730932797376,-0.11475415747721784,-0.20123283333326727,0.4666666666666667,3.24,-0.10197348689340302,12.345252585714771,-12.937764954516506,65.20954,0.06651373080000002,75,244,2,0.9918367346938776,0.02287474986257629,-0.12006476478163686,0.003296198470538414,-0.12826296034971651,0.015496419514212212,0.4864864864864865,0.4473684210526316,1,0,0.0
V18_f2,H01_re50_t1,H排名退出,1,,,,50,2,,,,,,,0.1259311889332464,0.13031830952506773,0.49745142018973754,-0.3388880547793841,0.20381764284677661,0.13796509250901812,0.5839154875305083,0.44776119402985076,3.6417910447761193,-0.2372563106528669,12.894647391678182,-7.580344071171408,60.00878,0.061208955599999997,67,244,1,0.9959183673469387,0.026314901441800674,-0.09738142699147312,0.24740529676936784,-0.08209255966074969,0.23973839027651422,0.46875,0.42857142857142855,1,1,0.0
V18_f2,H02_re10_t2,H排名退出,2,,,,10,2,,,,,,,-0.08396344249745391,-0.08659360997233656,-0.1396674026496405,-0.3212152410630985,-0.041677861970338737,-0.22497493888923503,-0.26958533863553347,0.47770700636942676,3.1019108280254777,-0.10197348689340302,12.89464739167816,-15.842561784999731,74.78406,0.07636166120000001,157,244,1,1.9877551020408164,0.06217318011429467,0.07427850364694999,-0.14730067259766078,0.10719509319639631,-0.30001039033390164,0.5512820512820513,0.4050632911392405,5,0,0.0
V18_f2,H02_re20_t2,H排名退出,2,,,,20,2,,,,,,,0.28713342647770856,0.29782992664892927,1.0215342202421822,-0.1689916118862076,0.2952159736400999,0.6481909133700527,1.165310103928309,0.48026315789473684,3.2039473684210527,-0.10197348689340302,21.6490191196542,-12.937764954516506,73.1191,0.074598372,152,244,1,1.9877551020408164,0.06953048063117538,0.037862868568879327,0.24017677619833488,0.06025210538411163,0.554527366652048,0.5066666666666667,0.45454545454545453,2,1,0.0
V18_f2,H02_re50_t2,H排名退出,2,,,,50,2,,,,,,,0.03180301494786342,0.03286268834315109,0.257683514938637,-0.2314229178686138,0.0769929082344385,-0.0403543831523161,0.15921441551498441,0.47183098591549294,3.4295774647887325,-0.2565992434003683,20.506639385045887,-10.949273760548772,66.35284,0.0678162868,142,244,1,1.9877551020408164,0.03141140319475688,0.025454636808915687,0.006190793732915978,0.05147176223918137,-0.08733106174525085,0.5072463768115942,0.4383561643835616,2,1,0.0
V18_f2,H02_re100_t2,H排名退出,2,,,,100,2,,,,,,,0.08892917765094088,0.09197510551747423,0.4367448484335019,-0.21784901497606635,0.13256552773228159,-0.008317364233360602,0.2594241932231168,0.44,3.904,-0.38859580432832885,21.6490191196542,-13.211147883007367,59.1721,0.060462882,125,244,1,1.9918367346938775,0.047579036961855094,0.03776669372956998,0.04930056459752108,0.06776392108150664,-0.07125290882445934,0.49206349206349204,0.3870967741935484,6,1,0.0
V18_f2,H03_re20_sl8_t1,H排名退出,1,,,,20,2,0.08,,,,,,-0.1437570065033995,-0.1481029833727251,-0.2389791621081814,-0.4870749278419023,-0.08731028098880045,-0.1460107167774194,-0.30332957016512674,0.44,3.24,-0.3064193084849065,12.345252585714771,-14.236624805406928,64.43562,0.0657243324,75,244,2,0.9918367346938776,0.024456373094619302,-0.13162140532870137,-0.0139750118774995,-0.1398911575527152,-0.0071148660758934,0.4864864864864865,0.39473684210526316,1,0,0.0
V18_f2,H04_re20_sl8_t2,H排名退出,2,,,,20,2,0.08,,,,,,0.334958262869286,0.34766324044002794,1.147269066165268,-0.16699896588699292,0.33183747555104703,0.8678407592087898,1.3805646888365712,0.5,3.2039473684210527,-0.007660271735321356,21.6490191196542,-14.236624805406928,72.9967,0.07447352400000001,152,244,1,1.9877551020408164,0.07158831249921468,0.03350900849480132,0.29167549764613465,0.05029891987686308,0.7783896792236777,0.52,0.4805194805194805,4,1,0.0
V18_f2,D01_h5_sl3_t1,D止损,1,5,,,,,0.03,,,,,,-0.20159400763874924,-0.20746580342784748,-0.44421436496113714,-0.32314139132193875,-0.15942101523103147,-0.2050027512657796,-0.4363416616077138,0.38596491228070173,4.2631578947368425,-1.5250910208185808,20.037834482132144,-9.142527233348375,52.01156,0.05305179119999999,57,244,2,0.9918367346938776,0.02508320074279485,-0.0647065065543202,-0.14635780323898884,-0.06617838798403841,-0.14866261553107873,0.4074074074074074,0.36666666666666664,0,0,0.0
V18_f2,D02_h5_sl3_t2,D止损,2,5,,,,,0.03,,,,,,-0.11165939604541575,-0.11510122164700942,-0.2879421610695023,-0.2920816424348742,-0.0793043662942321,-0.23186352721087122,-0.2612216193110424,0.42727272727272725,4.427272727272728,-0.855754490753935,21.338657648524496,-18.454738334189457,50.24336,0.05163869720000001,110,244,1,1.9877551020408164,0.02838494263457924,-0.059737214209579115,-0.05522092612884677,-0.11566993705956541,-0.13139165456499047,0.4528301886792453,0.40350877192982454,0,0,0.0
V18_f2,D01_h5_sl5_t1,D止损,1,5,,,,,0.05,,,,,,-0.010180144456866436,-0.010512159254027376,0.1652046929803785,-0.3975804074456336,0.06228069168794781,-0.014843233641713693,0.1436693070385969,0.4807692307692308,4.6923076923076925,-0.13666259402673742,16.560360972813726,-13.211147883007367,49.28756,0.0502733112,52,244,1,0.9959183673469387,0.040126884233914736,0.03296699464564923,-0.041770104297781385,0.04245662918205495,-0.0549661839348925,0.5384615384615384,0.4230769230769231,1,0,0.0
V18_f2,D02_h5_sl5_t2,D止损,2,5,,,,,0.05,,,,,,0.21322239063495285,0.2209350506384007,0.8523253473041656,-0.19349131674621467,0.23079712079414227,0.41170834292391967,0.9339578807252882,0.43564356435643564,4.8316831683168315,-0.4558637763031115,20.892567932337602,-13.211147883007367,48.63696,0.049625789200000006,101,244,1,1.9918367346938775,0.09450715954311599,0.1273968424232952,0.076127185195215,0.28555616913167103,0.09813042543093142,0.49019607843137253,0.38,1,0,0.0
V18_f2,D01_h5_sl8_t1,D止损,1,5,,,,,0.08,,,,,,0.43734593990764314,0.45454529892504336,1.1797475097540584,-0.20724970136610377,0.4301128417920551,0.4406552153281409,1.029608084797928,0.42,4.88,-0.7263241680273591,20.892567932337602,-12.091696254439254,48.80046,0.0497764692,50,244,1,0.9959183673469387,0.17450149347912464,0.3319157970885882,0.07915676279950601,0.3757371324210588,0.04718785397093783,0.44,0.4,0,0,0.0
V18_f2,D02_h5_sl8_t2,D止损,2,5,,,,,0.08,,,,,,0.39904227821862404,0.41453004944023575,1.4929220389378348,-0.12264742834386455,0.3669044863970734,0.9544853068864549,1.571036114557484,0.46464646464646464,4.929292929292929,-0.1713517011600607,20.892567932337602,-12.091696254439254,47.87134,0.0488818968,99,244,1,1.9918367346938775,0.18470126034562015,0.3112984535378105,0.06691369492893617,0.7609093401444684,0.10992954738152805,0.52,0.40816326530612246,0,0,0.0
V18_f2,D01_h5_sl10_t1,D止损,1,5,,,,,0.1,,,,,,0.4940686141324564,0.5138666077692939,1.4075676253482368,-0.18777103614847412,0.4542913553744493,0.5723547021636242,1.3740374728427844,0.40816326530612246,4.979591836734694,-0.9169789767703995,20.892567932337602,-7.397906918954522,47.85454,0.048811630800000005,49,244,1,0.9959183673469387,0.17676883506385724,0.3319157970885882,0.12174404523042459,0.3757371324210588,0.14291797837611075,0.44,0.375,0,0,0.0
V18_f2,D02_h5_sl10_t2,D止损,2,5,,,,,0.1,,,,,,0.291024019209555,0.30188167253375564,1.2250123135963311,-0.1607942729482016,0.2828287443555785,0.6060919269281495,1.244274499838533,0.4489795918367347,4.979591836734694,-0.2890210729722342,20.892567932337602,-9.623307463868914,47.41496,0.0484163892,98,244,1,1.9918367346938775,0.17144243894755798,0.3112984535378105,-0.015461342361502206,0.7609093401444684,-0.08791901416322667,0.52,0.375,0,0,0.0
V11_ensw2,B02_hold2_t2,B持有期,2,2,,,,,,,,,,,0.31178316844038445,0.3235074302221259,1.1419462728777723,-0.16441361884424954,0.3089674124424865,0.6180544911267003,1.0832114521913223,0.48770491803278687,2.0,-0.024497014684998764,33.34476381684108,-9.348899044961446,118.32906,0.1206956412,244,244,1,1.9918367346938775,0.1775667343877207,0.32334793490329816,-0.008739021808167213,0.7949679984199816,-0.09856081414766682,0.5161290322580645,0.4583333333333333,2,0,0.0
V11_ensw2,B02_hold3_t2,B持有期,2,3,,,,,,,,,,,0.4248728740885963,0.44151099292941876,1.5821818222318105,-0.16744468245828015,0.3844962985468716,1.0486214126257751,1.5101453378691037,0.5061728395061729,3.0,0.09090737195488474,19.71269451924482,-10.534043757318745,78.56012,0.08013132240000001,162,244,2,1.9836734693877551,0.2415879273769514,0.35576919167706245,0.050970093461154775,0.9482379127616309,0.05152527789681072,0.4634146341463415,0.55,1,0,0.0
V11_ensw2,B02_hold5_t2,B持有期,2,5,,,,,,,,,,,0.41349659391774063,0.4296260845061315,1.411586184862401,-0.2612369259985108,0.3841263659731309,0.7344386290258278,1.0422719102401332,0.47959183673469385,4.979591836734694,-0.4281143193035186,52.02122661783151,-14.173381944823028,46.70708,0.047671441599999996,98,244,1,1.9918367346938775,0.1904456352876393,0.5145361993971964,-0.06671323242037586,1.4374005636747493,-0.28840640521929617,0.56,0.3958333333333333,0,0,0.0
V11_ensw2,B02_hold7_t2,B持有期,2,7,,,,,,,,,,,0.48927248462657813,0.5088478549806854,1.6056203269355922,-0.22097081577156108,0.4366319696489712,1.166580734759051,1.4773120514409068,0.5285714285714286,6.9714285714285715,0.8276248733247726,24.628438711198264,-13.71300796404633,34.14738,0.0348303276,70,244,1,1.9918367346938775,0.2886108738234617,0.5562791573981141,-0.04305568988250297,2.043872102248737,-0.28821558134507874,0.6388888888888888,0.4117647058823529,1,0,0.0
V11_ensw2,B02_hold10_t2,B持有期,2,10,,,,,,,,,,,0.6748656501265169,0.703427214773251,1.9482168974320222,-0.24009526365912415,0.5579209880770354,1.3798278226158902,1.1765755429162807,0.5,9.76,0.0515790230893598,102.55753772639386,-22.178461716664543,24.21146,0.024695689200000003,50,244,1,1.9918367346938775,0.2457603640998915,0.7634417870912253,-0.05022912443898375,1.632658393344061,-0.09603622382888088,0.46153846153846156,0.5416666666666666,0,0,0.0
V11_ensw2,B02_hold20_t2,B持有期,2,20,,,,,,,,,,,0.9102093722605475,0.951177328599486,2.21799251616255,-0.14955345094045525,0.6985513707419627,2.184137667535014,1.2975914780870943,0.5384615384615384,18.76923076923077,1.0961114289735896,131.85394996324155,-15.880364473937048,12.57972,0.012831314400000002,26,244,1,1.9918367346938775,0.2825392329695225,0.8158554172464512,0.05196116062873446,1.2740527432658317,0.40020396490988275,0.42857142857142855,0.6666666666666666,0,0,0.0
V11_ensw2,C01_nr_hold2_t1,C续持,1,2,,True,,,,,,,,,0.1762983232801909,0.18257726765891347,0.6229579875516803,-0.23705317986701746,0.2337997457393205,0.1827954369372624,0.635717349268127,0.4583333333333333,2.033333333333333,-0.17257945134168118,11.698237146866418,-10.534043757318756,110.1223,0.11232474599999999,120,244,1,0.9959183673469387,0.0599755500054669,-0.12625986196172267,0.3462793707992151,-0.10527560123777924,0.32196622621844795,0.4426229508196721,0.4745762711864407,0,0,0.0
V11_ensw2,C02_nr_hold2_t2,C续持,2,2,,True,,,,,,,,,0.42513599953625403,0.44178591950403434,1.4820626150854377,-0.15068722338392304,0.38983912479743,1.1028147110501387,1.6400622729339318,0.5189873417721519,2.0548523206751055,0.07783587777969725,11.939001033607433,-10.534043757318745,115.08502,0.11738672039999999,237,244,1,1.9877551020408164,0.16454515431079017,0.14619712117980033,0.24336030269325448,0.3174017449524076,0.5961833351952219,0.5333333333333333,0.5042735042735043,2,0,0.0
V11_ensw2,I03_h5_sl8_t1_q0.3,I择时,1,5,,,,,0.08,,,,,0.3,-0.40989896687818583,-0.42001633190780774,-1.219029436939838,-0.5884929362145437,-0.45525037698661097,-0.4074872558811564,-1.1076387377585717,0.425531914893617,4.787234042553192,-1.3362204839087566,11.45057840517023,-11.178753855578616,38.57178,0.0393432156,47,244,20,0.9183673469387755,0.11420308880890305,-0.0018954376443853782,-0.40877834309350936,-0.036164949551313,-0.38525503524382587,0.43478260869565216,0.4166666666666667,0,0,0.0
V11_ensw2,I04_h5_sl8_t2_q0.3,I择时,2,5,,,,,0.08,,,,,0.3,-0.08155546450569184,-0.08411371569619241,-0.13476152345065406,-0.3744767983855075,-0.03989689563040544,-0.18430997438498586,-0.01798085343686297,0.45161290322580644,4.860215053763441,-1.0142207488931354,24.537694845414837,-11.178753855578627,42.76098,0.043801529600000014,93,244,16,1.8448979591836734,0.12409635142290869,0.13443649261485868,-0.19039581195302702,0.17693408493237373,-0.30693652596365784,0.43478260869565216,0.46808510638297873,1,0,0.0
V11_ensw2,J01_h10_rat20_10_t1,J利润锁定,1,10,,,,,,,,0.2,0.1,,1.617005556593512,1.7008667459477294,3.0919446131536477,-0.1539132184838755,1.018151027514655,2.47586407703341,1.5562797992044703,0.56,9.76,1.1063637449174157,102.55753772639386,-18.99786484468463,24.6814,0.025175028,25,244,1,0.9959183673469387,0.37065149988940127,1.313932728653889,0.13097737206730709,1.54299598987564,0.3668382061441591,0.5384615384615384,0.5833333333333334,0,0,0.0
V11_ensw2,J02_h10_rat20_10_t2,J利润锁定,2,10,,,,,,,,0.2,0.1,,0.6748656501265169,0.703427214773251,1.9482168974320222,-0.24009526365912415,0.5579209880770354,1.3798278226158902,1.1765755429162807,0.5,9.76,0.0515790230893598,102.55753772639386,-22.178461716664543,24.21146,0.024695689200000003,50,244,1,1.9918367346938775,0.2457603640998915,0.7634417870912253,-0.05022912443898375,1.632658393344061,-0.09603622382888088,0.46153846153846156,0.5416666666666666,0,0,0.0
V11_ensw2,J03_h10_rat30_15_sl8_t1,J利润锁定,1,10,,,,,0.08,,,0.3,0.15,,1.3805436837587526,1.4492109544324032,2.8604003407506697,-0.11774411273857144,0.9206347930591512,1.8752522021148699,1.383313180165609,0.5384615384615384,9.384615384615385,0.6094633766066893,102.55753772639386,-9.348899044961456,25.69158,0.026205411600000002,26,244,1,0.9959183673469387,0.37012684086419784,1.313932728653889,0.02878690217740809,1.54299598987564,0.1306554212283586,0.5384615384615384,0.5384615384615384,0,0,0.0
V11_ensw2,J04_h10_rat30_15_sl8_t2,J利润锁定,2,10,,,,,0.08,,,0.3,0.15,,0.8859514505906196,0.9255921013260024,2.6631407519670316,-0.11354969846162777,0.6672005725549551,2.6174733502053575,1.5382714813361327,0.5185185185185185,9.037037037037036,0.07934958052220331,102.55753772639386,-12.14898279298171,26.06408,0.026585361600000006,54,244,1,1.9918367346938775,0.29581442371594524,0.7497399625239085,0.07784670350114942,1.6029448568034397,0.3897618079577052,0.5185185185185185,0.5185185185185185,0,0,0.0
V18_f1,A01_daily_top1,A基线,1,1,,,,,,,,,,,-0.20989607593334503,-0.21597555636150279,-0.6027628021134857,-0.42117480164962673,-0.186016152874945,-0.23779301136975095,-0.6458424703092134,0.48148148148148145,1.0,-0.10197348689340302,6.858242173490581,-11.569976961185768,236.5592,0.24129038400000002,243,244,2,0.9918367346938776,0.13618014374023707,0.34444938735853237,-0.4123215559501361,0.38841485197165704,-0.451023598928047,0.5447154471544715,0.4166666666666667,10,0,0.0
V18_f1,A02_daily_top2,A基线,2,1,,,,,,,,,,,-0.23146034982036157,-0.23806551211256965,-0.849029624649304,-0.38957402203222613,-0.22632101554365247,-0.4287821330065873,-1.0017756402549902,0.48559670781893005,1.0,-0.10197348689340302,7.793920635969731,-11.569976961185768,230.36606,0.2362957012,486,244,2,1.9836734693877551,0.09997887152937934,0.22534771423669842,-0.372798723782349,0.5815160766963063,-0.6388162754648351,0.5487804878048781,0.42083333333333334,15,0,0.0
V18_f2,G01_h10_tr12_t1,G移动止损,1,10,,,,,,,0.12,,,,0.259744044970897,0.2693174739505846,0.8811544134505829,-0.19013105004335784,0.2828862555254993,0.23613670670961984,0.7590074356921388,0.44,9.76,-1.0451244940466453,27.12171758419735,-11.933216890235753,24.5492,0.025040184,25,244,1,0.9959183673469387,0.0873050123236844,0.12699039925450784,0.11779483286122594,0.06910081765084741,0.15623960462943365,0.46153846153846156,0.4166666666666667,0,0,0.0
V18_f2,G02_h10_tr12_t2,G移动止损,2,10,,,,,,,0.12,,,,0.3091908796542502,0.3208063073110403,1.3303648469357368,-0.19938717504921977,0.29449072686148703,0.706941653970002,1.3973471108527535,0.52,9.76,0.1410005723343266,27.12171758419735,-12.906526076619107,24.40818,0.0248963436,50,244,1,1.9918367346938775,0.154497356868281,0.2704172773421907,0.030520367601720055,0.5426243165906199,0.10651805213504129,0.6153846153846154,0.4166666666666667,0,0,0.0
V18_f2,G03_h20_tr8_t1,G移动止损,1,20,,,,,,,0.08,,,,0.0391659864294005,0.04047576697348876,0.28726919096839176,-0.3606865863297932,0.09921157914032608,-0.010632994023082376,0.15167666154880913,0.5625,15.25,0.7968884400863407,18.84616858822481,-15.515524850048623,15.80384,0.016119916800000002,16,244,1,0.9959183673469387,0.12393986009881107,0.33591534564847647,-0.22213185901763077,0.248622691600058,-0.20763332860058392,0.8571428571428571,0.3333333333333333,0,0,0.0
V18_f2,G03_h20_tr12_t1,G移动止损,1,20,,,,,,,0.12,,,,0.14831731356208344,0.15353600855809857,0.5864203239220446,-0.26150701864328474,0.19354980435040325,0.10527473985522229,0.45038766355853393,0.4,16.266666666666666,-1.2539373507743923,23.190038667223423,-14.236624805406928,14.761,0.015056219999999999,15,244,1,0.9959183673469387,0.13849460918215453,0.3902880199824783,-0.17404358157631594,0.26438926826334774,-0.12584299187122283,0.5,0.2857142857142857,0,0,0.0
V18_f2,G03_h20_tr20_t1,G移动止损,1,20,,,,,,,0.2,,,,0.6867219778079667,0.7158825320729567,1.467705638744648,-0.20403406939544233,0.6116572197290719,0.7758864734282023,1.3248387719572976,0.6153846153846154,18.76923076923077,2.670551986010561,42.51381208050085,-12.616105069983618,12.80826,0.0130644252,13,244,1,0.9959183673469387,0.22691599016961606,0.5929402143605988,0.05887337302549711,0.6283824835353995,0.09058313472677204,0.7142857142857143,0.5,0,1,0.0
V18_f2,H01_re3_t1,H排名退出,1,,,,3,2,,,,,,,0.6554467500183163,0.6830335121093796,1.7818355558522672,-0.17455840594299576,0.5534349633756096,0.783130829496971,1.5350557711964365,0.525,3.05,0.35899514184530856,21.6490191196542,-10.941260535418696,78.8161,0.08039242199999999,80,244,1,0.9959183673469387,0.19782195288419746,0.20114093527512145,0.3782285670241816,0.22210130342164303,0.45906957508723356,0.575,0.475,1,0,0.0
V18_f2,H01_re5_t1,H排名退出,1,,,,5,2,,,,,,,-0.06501889556784746,-0.06707753756101131,0.01801956263754798,-0.4363965981993947,0.006845823283181396,-0.0854426528797394,-0.07821994506255436,0.44871794871794873,3.1153846153846154,-0.4003777296323341,12.89464739167816,-15.842561784999731,74.64726,0.0761402052,78,244,2,0.9918367346938776,0.10049858139615347,0.13253581454665553,-0.17443572872225988,0.13888449453021567,-0.19697093821835598,0.5128205128205128,0.38461538461538464,1,0,0.0
V18_f2,H01_re10_t1,H排名退出,1,,,,10,2,,,,,,,-0.1687947029438721,-0.1738178882589112,-0.25532082680682083,-0.4527461464190784,-0.10231654387751377,-0.17497246942925082,-0.33329587944312083,0.46153846153846156,3.1153846153846154,-0.3250839512057735,12.89464739167816,-15.84256178499971,72.28272,0.0737283744,78,244,2,0.9918367346938776,0.0579071632001725,0.05203576263302501,-0.20990775543999052,0.04371048975156322,-0.20952453896757095,0.5384615384615384,0.38461538461538464,1,0,0.0
V11_mixB,H03_re50_sl8_t1,H排名退出,1,,,,50,2,0.08,,,,,,0.15292292152322862,0.15831455093422364,0.5783054708875058,-0.20226206690117232,0.20755086536479705,0.1286823402508066,0.5117361175209979,0.5070422535211268,3.4225352112676055,0.04461596583129612,16.266162451053255,-10.404909506754967,69.57494,0.07096643879999999,71,244,2,0.9918367346938776,0.10358175656166801,0.053527623881156394,0.09434522207961127,0.06472282929852624,0.06007151269069633,0.5,0.5142857142857142,0,0,0.0
V11_mixB,H04_re50_sl8_t2,H排名退出,2,,,,50,2,0.08,,,,,,0.02610024135034572,0.026967424874661416,0.23375166970291636,-0.20881027786858708,0.0633841081512817,-0.04863064424657215,0.14271167084074782,0.5071428571428571,3.4785714285714286,0.08757008453667003,16.266162451053255,-10.404909506754967,67.6313,0.06898392599999999,140,244,1,1.9877551020408164,0.10926512738026718,0.11103993492962938,-0.07645062153833704,0.23283933529927747,-0.2283103495213521,0.5142857142857142,0.5,2,0,0.0
V11_mixB,I01_daily_t1_q0.3,I择时,1,1,,,,,,,,,,0.3,-0.07543719867190812,-0.0778117649956811,-0.09262092560366403,-0.28402298110777413,-0.028886216833967526,-0.06328827620371436,-0.05134538534792701,0.44508670520231214,1.0,-0.3143828496942058,11.769409843177847,-9.978581119726215,156.09686,0.1592187972,173,244,72,0.7061224489795919,0.30834466558722856,-0.035808325707211264,-0.04110061725409808,-0.02065108965797413,-0.04353625770702074,0.4823529411764706,0.4090909090909091,1,0,0.0
V11_mixB,I02_daily_t1_q0.5,I择时,1,1,,,,,,,,,,0.5,0.26513135492761575,0.2749240927176715,1.0514820256787334,-0.16818724391214812,0.2680646569407251,0.3118905002311454,1.1550243473491235,0.4573643410852713,1.0,-0.25879545827888206,11.769409843177847,-4.8930600727516875,125.70554,0.1282196508,129,244,116,0.5265306122448979,0.5126011989028993,0.09182929632394154,0.15872633129296188,0.11699923184244732,0.17447753125777288,0.47761194029850745,0.43548387096774194,1,0,0.0
V11_mixB,I03_h5_sl8_t1_q0.3,I择时,1,5,,,,,0.08,,,,,0.3,0.07796114412483957,0.08061766068677567,0.4030772269321074,-0.2642363311460214,0.12177914747636587,0.0771589314650678,0.39714529591664804,0.5111111111111111,4.955555555555556,0.08524375422689356,10.367280908143828,-7.686208482346302,43.57278,0.04444423559999999,45,244,22,0.9102040816326531,0.1526376411259448,0.03997036597604087,0.036530635287038704,0.04266949933689612,0.03307801000231225,0.5652173913043478,0.45454545454545453,0,0,0.0
V11_mixB,I04_h5_sl8_t2_q0.3,I择时,2,5,,,,,0.08,,,,,0.3,0.22161776294100521,0.22966178937365211,1.007602008636596,-0.22121679208880385,0.22607346943395956,0.43687254167870737,0.9948959456241193,0.5604395604395604,4.934065934065934,0.7030120220690605,23.496200488362717,-9.883841478164257,43.86764,0.0447449928,91,244,19,1.8326530612244898,0.26612220030956324,0.3066347319646412,-0.06506559709751902,0.7318885809218549,-0.17034354432091414,0.6521739130434783,0.4666666666666667,0,0,0.0
V11_mixB,J01_h10_rat20_10_t1,J利润锁定,1,10,,,,,,,,0.2,0.1,,0.03990990080162926,0.04124504938999918,0.2856332512804224,-0.2404196061261178,0.09038150455368132,0.031957834888897585,0.26274870537471456,0.6,9.76,1.0881932602285316,10.959868597004018,-14.361465388581307,24.3503,0.024837306000000003,25,244,1,0.9959183673469387,0.102534182099974,0.18293093718431885,-0.1209039614122489,0.053869537137365864,-0.020791664884808436,0.6923076923076923,0.5,0,0,0.0
V11_mixB,J02_h10_rat20_10_t2,J利润锁定,2,10,,,,,,,,0.2,0.1,,0.051569669810274554,0.05330477509963849,0.326906845299832,-0.28514661663273955,0.08494359498217341,-0.00213209801553349,0.25101396552903255,0.56,9.76,0.602022796268542,19.304745472059604,-18.99786484468461,24.22048,0.024704889600000002,50,244,1,1.9918367346938775,0.13758449938098283,0.2573703983171385,-0.16367549990226127,0.29038483085678557,-0.22668968347845064,0.5769230769230769,0.5416666666666666,0,0,0.0
V11_ensw2,H02_re50_t2,H排名退出,2,,,,50,2,,,,,,,0.39841616471551067,0.4138762539254979,1.3645249190001787,-0.16164937238141042,0.37409807607329904,0.9188766679417699,1.4023230037158043,0.5755395683453237,3.5107913669064748,0.6883348669266987,15.268179933081338,-12.833247805972592,67.5848,0.06893649599999999,139,244,1,1.9918367346938775,0.2226463798218378,0.3209633016891029,0.05863362209031031,0.806893509309637,0.06197551657314837,0.6351351351351351,0.5076923076923077,0,0,0.0
V11_ensw2,H02_re100_t2,H排名退出,2,,,,100,2,,,,,,,0.7158335935918687,0.7464770249029875,2.329806672018122,-0.14995743413803864,0.5711917486249051,2.105703865352235,1.7644138337936475,0.592,3.896,0.8547155729940803,46.528149323422554,-28.35549713596204,60.56652,0.06177785040000001,125,244,1,1.9877551020408164,0.2967140242193382,0.4623357692507617,0.173351312107332,1.2620803639044498,0.3729414369663058,0.65625,0.5245901639344263,0,0,0.0
V11_ensw2,H03_re20_sl8_t1,H排名退出,1,,,,20,2,0.08,,,,,,0.1636406778194155,0.1694371635823324,0.598443509374118,-0.3024852904507581,0.21974403991253988,0.13123414366365904,0.5095658104182538,0.52,3.24,0.04461596583129612,12.736218637799013,-10.404909506754967,73.71474,0.0751890348,75,244,2,0.9918367346938776,0.11570925685535281,0.10339749271087362,0.05459789922173175,0.10948240264331566,0.019605305112114113,0.5384615384615384,0.5,0,0,0.0
V11_ensw2,H04_re20_sl8_t2,H排名退出,2,,,,20,2,0.08,,,,,,0.29086666728582955,0.3017177951226875,1.0152843707850534,-0.20751562330897522,0.30025643057394913,0.4669825963354881,0.9117419652865362,0.506578947368421,3.1973684210526314,0.027241859674953517,25.48755765472359,-12.14898279298171,73.83286,0.0753095172,152,244,2,1.9836734693877551,0.17175075319939948,0.21924653893915513,0.05874130133597877,0.45056617608322735,0.011317250135106871,0.5324675324675324,0.48,1,0,0.0
V11_ensw2,H03_re50_sl8_t1,H排名退出,1,,,,50,2,0.08,,,,,,0.4186013623808085,0.4349586984215401,1.1004771818262695,-0.24980515703872075,0.42609890796905303,0.4491971015185128,1.080568832107281,0.5909090909090909,3.696969696969697,0.7437295980675107,17.12655680396884,-10.404909506754967,64.91342,0.0662116884,66,244,1,0.9959183673469387,0.1285832490538799,0.04353734222906014,0.35941600264211826,0.045959271807559876,0.38551962832558684,0.6,0.5806451612903226,0,0,0.0
V11_ensw2,H04_re50_sl8_t2,H排名退出,2,,,,50,2,0.08,,,,,,0.4736910035225921,0.4925467896324549,1.5016233269459456,-0.18194506850722525,0.43018200244964744,1.1651831629953024,1.5340673410065253,0.6028368794326241,3.4539007092198584,0.9932034259511946,17.12655680396884,-12.14898279298171,68.54828,0.0699192456,141,244,1,1.9877551020408164,0.20901525913770405,0.2933313469123153,0.13945355692558192,0.6970285944794563,0.27586722465301006,0.6351351351351351,0.5671641791044776,0,0,0.0
V11_ensw2,I01_daily_t1_q0.3,I择时,1,1,,,,,,,,,,0.3,-0.3386895107752328,-0.34759532559775796,-1.1912333046722703,-0.5006467421897758,-0.3649589584439167,-0.3304517689539004,-1.0582699149037416,0.4715909090909091,1.0,-0.23948757395143017,11.769409843177868,-9.978581119726215,146.77318,0.1497086436,176,244,69,0.7183673469387755,0.2967549608295434,-0.11596974646585423,-0.2519368125909681,-0.10516136253830488,-0.2517665163125452,0.5287356321839081,0.4157303370786517,0,0,0.0
V11_ensw2,I02_daily_t1_q0.5,I择时,1,1,,,,,,,,,,0.5,-0.33531573681535987,-0.34415757307362793,-1.3977966195017562,-0.4750055464801065,-0.3718133114638835,-0.32673762240173176,-1.2545780013127108,0.4523809523809524,1.0,-0.35222482981083214,11.769409843177868,-9.978581119726215,101.91484,0.1039531368,126,244,119,0.5142857142857142,0.4961801557836853,-0.18080066151154173,-0.1886171875930963,-0.16795252369851876,-0.19083658472113285,0.5,0.39285714285714285,0,0,0.0
V18_f2,H03_re50_sl8_t1,H排名退出,1,,,,50,2,0.08,,,,,,0.1259311889332464,0.13031830952506773,0.49745142018973754,-0.3388880547793841,0.20381764284677661,0.13796509250901812,0.5839154875305083,0.44776119402985076,3.6417910447761193,-0.2372563106528669,12.894647391678182,-7.580344071171408,60.00878,0.061208955599999997,67,244,1,0.9959183673469387,0.026314901441800674,-0.09738142699147312,0.24740529676936784,-0.08209255966074969,0.23973839027651422,0.46875,0.42857142857142855,1,1,0.0
V18_f2,H04_re50_sl8_t2,H排名退出,2,,,,50,2,0.08,,,,,,0.07929347625326755,0.08199709481187112,0.40675140044859487,-0.27614121235507694,0.12318350649239684,0.042879386378285256,0.3248418351467457,0.460431654676259,3.5035971223021583,-0.29240016643289346,19.81592478263343,-9.172593429455866,63.99464,0.0656867928,139,244,1,1.9877551020408164,0.03320350873214971,0.025454636808915687,0.05250240967449482,0.05147176223918137,-0.008171760925465232,0.5072463768115942,0.4142857142857143,4,1,0.0
V18_f2,I01_daily_t1_q0.3,I择时,1,1,,,,,,,,,,0.3,-0.07276472009422452,-0.07505862263916574,-0.06558190305846869,-0.21798183956088313,-0.021398815222726242,-0.07230816730651368,-0.031106431587234102,0.48333333333333334,1.0,-0.10197348689340302,9.907065606481291,-13.06046363583132,154.33694,0.1574236788,180,244,65,0.7346938775510204,0.27608983041064905,-0.1834450637683972,0.1355454957935367,-0.18541713099495805,0.13885507293640842,0.4946236559139785,0.47126436781609193,6,0,0.0
V18_f2,I02_daily_t1_q0.5,I择时,1,1,,,,,,,,,,0.5,-0.12936830505281494,-0.13331389636101754,-0.27866435570105214,-0.2247933831129867,-0.08790804866640944,-0.1337201973477462,-0.2528829518444361,0.4896551724137931,1.0,-0.10197348689341412,9.907065606481291,-13.06046363583132,123.77308,0.12624854159999999,145,244,100,0.5918367346938775,0.41736780518097255,-0.21384023824285436,0.10744881295022846,-0.21124306683988792,0.09828486601258879,0.47435897435897434,0.5074626865671642,6,0,0.0
V18_f2,I03_h5_sl8_t1_q0.3,I择时,1,5,,,,,0.08,,,,,0.3,0.48019994588277415,0.499355644264603,1.3341127009723377,-0.1562968474241676,0.450094863576184,0.5257417480746149,1.256565246938133,0.5434782608695652,4.934782608695652,0.3649511979699649,20.892567932337602,-12.091696254439254,44.6309,0.045523518000000006,46,244,18,0.926530612244898,0.18139639767677487,0.1873023364308799,0.2466916811874278,0.21702513425214143,0.2536649450647377,0.5416666666666666,0.5454545454545454,0,0,0.0
V18_f2,I04_h5_sl8_t2_q0.3,I择时,2,5,,,,,0.08,,,,,0.3,0.28043122857866276,0.2908510577343879,1.0523110363601496,-0.15635318433273704,0.2849755899051525,0.5144373807183222,1.0002864593591627,0.46236559139784944,4.881720430107527,-0.31244508006865734,22.533650684784213,-15.842561784999731,44.57156,0.0455001912,93,244,15,1.853061224489796,0.18092209338265736,0.23471319712181193,0.037027247755528236,0.5815256720381905,-0.042419982492860275,0.5,0.4222222222222222,0,0,0.0
V18_f2,J01_h10_rat20_10_t1,J利润锁定,1,10,,,,,,,,0.2,0.1,,0.259744044970897,0.2693174739505846,0.8811544134505829,-0.19013105004335784,0.2828862555254993,0.23613670670961984,0.7590074356921388,0.44,9.76,-1.0451244940466453,27.12171758419735,-11.933216890235753,24.5492,0.025040184,25,244,1,0.9959183673469387,0.0873050123236844,0.12699039925450784,0.11779483286122594,0.06910081765084741,0.15623960462943365,0.46153846153846156,0.4166666666666667,0,0,0.0
V18_f2,J02_h10_rat20_10_t2,J利润锁定,2,10,,,,,,,,0.2,0.1,,0.3091908796542502,0.3208063073110403,1.3303648469357368,-0.19938717504921977,0.29449072686148703,0.706941653970002,1.3973471108527535,0.52,9.76,0.1410005723343266,27.12171758419735,-12.906526076619107,24.40818,0.0248963436,50,244,1,1.9918367346938775,0.154497356868281,0.2704172773421907,0.030520367601720055,0.5426243165906199,0.10651805213504129,0.6153846153846154,0.4166666666666667,0,0,0.0
V18_f1,B02_hold5_t2,B持有期,2,5,,,,,,,,,,,-0.12386754296812097,-0.12765794293600397,-0.2824546662124174,-0.32727246577864466,-0.08509063470524547,-0.331908571572783,-0.4579594812562213,0.46938775510204084,4.979591836734694,-0.10197348689340302,21.98089256287037,-23.315179496439143,45.75626,0.046877845200000004,98,244,1,1.9918367346938775,0.05268109121855428,0.06720348168893642,-0.17903898172696375,0.15711769716053126,-0.42262448317344337,0.56,0.375,1,0,0.0
V18_f1,B02_hold7_t2,B持有期,2,7,,,,,,,,,,,0.0036246465879672396,0.0037437096398793557,0.173359436111741,-0.31896199138462256,0.05473979215924851,-0.14435179552444144,0.045836650560190005,0.5428571428571428,6.9714285714285715,0.2876436023817708,18.611910903165164,-24.338096337376523,33.13678,0.0338485756,70,244,1,1.9918367346938775,0.03915717965176921,0.05811192751894456,-0.05149481781075771,0.06256662150323611,-0.19473453507785288,0.5833333333333334,0.5,3,0,0.0
V18_f1,B02_hold10_t2,B持有期,2,10,,,,,,,,,,,0.3621296501384892,0.3760019562688215,1.428844716502277,-0.1309247702695333,0.3379900900805245,0.9217338396742225,1.7391936427224313,0.58,9.76,0.4475298052626808,27.12171758419735,-7.177759353344381,24.37924,0.0248668248,50,244,1,1.9918367346938775,0.08186629002340998,0.01113603250619577,0.3471279890622849,0.08681379238698872,0.7682273202049488,0.5384615384615384,0.625,0,0,0.0
V18_f1,B02_hold20_t2,B持有期,2,20,,,,,,,,,,,0.3834481784462085,0.3982493630331603,1.3815853588926728,-0.21151564952309576,0.35961685604021965,0.7465970130224651,1.192832046265225,0.6153846153846154,18.76923076923077,1.9123963939588373,44.88632955431591,-32.055690836838124,12.70138,0.012955407600000003,26,244,1,1.9918367346938775,0.15593715067934305,0.27067306034886784,0.0887522696565064,0.797533253552104,-0.028336744496372357,0.6428571428571429,0.5833333333333334,0,0,0.0
V18_f1,C01_nr_hold2_t1,C续持,1,2,,True,,,,,,,,,0.043427637410563324,0.04488298766546461,0.30680035907055364,-0.41974379445111865,0.11238688468173763,-0.003623977909715803,0.16868492534970128,0.5206611570247934,2.0165289256198347,0.06605005387674279,14.942658598084924,-11.008228769610827,117.81548,0.12017178959999998,121,244,1,0.9959183673469387,0.11428278435804551,0.34575787414410053,-0.2246542580520423,0.3776407715458132,-0.2767519351417872,0.639344262295082,0.4,4,0,0.0
V18_f1,C02_nr_hold2_t2,C续持,2,2,,True,,,,,,,,,-0.25487999502137837,-0.2620330380191105,-0.8865482524659803,-0.46234848737462764,-0.25190193984748777,-0.5484034135121273,-1.3611846912514693,0.45188284518828453,2.0376569037656904,-0.32638203180529457,14.942658598084924,-17.565872590632182,110.51228,0.11428950560000001,239,244,1,1.9877551020408164,0.07943695322890294,0.1925659904210888,-0.3751959967301074,0.4381697722030975,-0.6859921580773574,0.5454545454545454,0.3559322033898305,9,0,0.0
V18_f1,C01_nr_hold3_t1,C续持,1,3,,True,,,,,,,,,-0.21981693085570342,-0.22614074465748113,-0.5968407750677112,-0.44446937055078906,-0.19375109667102453,-0.23617948834466873,-0.6194757219670417,0.4074074074074074,3.0123456790123457,-0.20832881323197272,15.147226278129722,-9.112259974289582,72.17588,0.0736193976,81,244,1,0.9959183673469387,0.024978026692456256,-0.004096947481616375,-0.2166074125675046,-0.016179722488567472,-0.22361784045820765,0.4634146341463415,0.35,3,0,0.0
V18_f1,C02_nr_hold3_t2,C续持,2,3,,True,,,,,,,,,-0.21759046376483715,-0.2238598104786893,-0.7024059741002806,-0.318928468319287,-0.20225423574263512,-0.4046824565362501,-0.7398327770704359,0.45962732919254656,3.031055900621118,-0.20832881323197272,18.05842018839723,-14.017205038759773,73.41898,0.07537742959999999,161,244,1,1.9918367346938775,0.02431006391151281,0.023385609378615335,-0.2354694759581082,0.03891694063477158,-0.42698254289701476,0.524390243902439,0.3924050632911392,4,0,0.0
V20_ensw2,I01_daily_t1_q0.3,I择时,1,1,,,,,,,,,,0.3,-0.21848216766465667,-0.2247733541230169,-0.6296825089273214,-0.38728246793398224,-0.19639841220747867,-0.20374846098708987,-0.5415736624094202,0.5,1.0,-0.0216427010936604,11.769409843177826,-9.978581119726215,155.14624,0.1582491648,174,244,71,0.710204081632653,0.3025116648812307,-0.06378235148198852,-0.16523915825294588,-0.04867500241904421,-0.1630078668828947,0.5517241379310345,0.4482758620689655,1,0,0.0
V20_ensw2,I02_daily_t1_q0.5,I择时,1,1,,,,,,,,,,0.5,-0.2381055527464655,-0.24486863912267176,-0.8296709348132921,-0.39364956230698556,-0.23195847214133847,-0.22435005215466375,-0.7315259768429119,0.47761194029850745,1.0,-0.1809418966550569,11.769409843177826,-9.978581119726215,119.63524,0.12202794480000001,134,244,111,0.5469387755102041,0.4642049774394036,-0.061212900444544194,-0.18842680346341067,-0.04400481315878335,-0.18864659726140898,0.5352112676056338,0.4126984126984127,1,0,0.0
V20_ensw2,I03_h5_sl8_t1_q0.3,I择时,1,5,,,,,0.08,,,,,0.3,-0.3282813037573037,-0.3369879056276791,-0.9236997527520703,-0.5507642799572887,-0.3313145647633269,-0.3443332941544196,-0.9556745156642631,0.5319148936170213,4.851063829787234,0.23623357250524002,11.143696564652462,-11.178753855578648,42.6944,0.04354828799999999,47,244,17,0.9306122448979591,0.14856771792359805,0.21243738031073467,-0.44597658637797744,0.19722712198135728,-0.45234559607998104,0.6666666666666666,0.391304347826087,0,0,0.0
V20_ensw2,I04_h5_sl8_t2_q0.3,I择时,2,5,,,,,0.08,,,,,0.3,-0.18546083001727443,-0.19092076560841142,-0.5653977394395229,-0.4010958444861151,-0.16248840542224907,-0.34732151628058994,-0.47155054661317447,0.4838709677419355,4.89247311827957,-0.04833936309606157,21.83937556252453,-12.709532959854087,42.4007,0.043597604,93,244,11,1.8571428571428572,0.11189941855735364,0.12601908783001248,-0.27662045982501937,0.032789290843105334,-0.3680429401174333,0.5,0.4666666666666667,0,0,0.0
V20_ensw2,J01_h10_rat20_10_t1,J利润锁定,1,10,,,,,,,,0.2,0.1,,1.5524166084720252,1.6320506116161977,2.873652399679907,-0.15605482490552702,0.999251955913622,2.244614180965974,1.4875726474168753,0.56,9.76,0.6059209928881648,102.55753772639386,-18.99786484468463,24.6752,0.025168703999999997,25,244,1,0.9959183673469387,0.3609535062488467,1.24872190602589,0.13505213856472253,1.3799826224241936,0.36329322340223147,0.46153846153846156,0.6666666666666666,0,0,0.0
V20_ensw2,J02_h10_rat20_10_t2,J利润锁定,2,10,,,,,,,,0.2,0.1,,1.2850129847534757,1.3477698117096604,3.133095697431347,-0.13724948445335905,0.8665206321688341,5.423279818665279,1.8102509722217972,0.56,9.76,0.8470571265583593,102.55753772639386,-18.99786484468461,24.3187,0.024805074000000003,50,244,1,1.9918367346938775,0.3408229450195704,0.7898505057917082,0.27665018802379904,1.7554866144131522,1.3310872878376392,0.5,0.625,0,0,0.0
V20_ensw2,J03_h10_rat30_15_sl8_t1,J利润锁定,1,10,,,,,0.08,,,0.3,0.15,,1.2444745619225008,1.3047649704971698,2.4956303893506324,-0.11336043928029249,0.8706465093137657,1.492029628297213,1.239573396247103,0.48,9.76,-0.2372563106528669,102.55753772639386,-9.150066086675036,24.65778,0.025150935600000004,25,244,1,0.9959183673469387,0.3542321014727015,1.24872190602589,-0.0018887813971155687,1.3799826224241936,0.047078917643058826,0.46153846153846156,0.5,0,0,0.0
V20_ensw2,J04_h10_rat30_15_sl8_t2,J利润锁定,2,10,,,,,0.08,,,0.3,0.15,,0.9147386078730875,0.9559555719623787,2.5761525991669347,-0.0987149003113168,0.6865414754084446,2.952284570094262,1.6150863161933742,0.5094339622641509,9.20754716981132,0.04613615274844385,102.55753772639386,-12.14898279298171,25.72488,0.0262393776,53,244,1,1.9918367346938775,0.31988021686055784,0.8484818308200561,0.035843888724422346,2.2570820361016093,0.21344336012633502,0.5185185185185185,0.5,0,0,0.0
V20_ensw2,G03_h20_tr8_t1,G移动止损,1,20,,,,,,,0.08,,,,1.6299752300824988,1.7146920119711728,2.9755933483895785,-0.11207468136660514,1.0292163657523936,2.7878272926760364,1.8171871751766326,0.6111111111111112,13.555555555555555,1.9950296836940384,89.25208383549214,-9.723127900724348,17.6776,0.018031152,18,244,1,0.9959183673469387,0.40337098527485504,1.2801922201348583,0.15340066809233943,1.628890503810108,0.44084635217262025,0.625,0.6,0,0,0.0
V20_ensw2,G03_h20_tr12_t1,G移动止损,1,20,,,,,,,0.12,,,,1.7376207768963519,1.8295240917707773,2.9377586360062056,-0.1289076051871373,1.076703786337451,2.3556274196599727,1.376937187003477,0.5,17.428571428571427,0.21302888247436425,131.85394996324155,-16.61941808173354,13.76254,0.0140377908,14,244,1,0.9959183673469387,0.4182433907048277,1.5819607186780886,0.060287539268976564,1.8431853179849762,0.18023520958464068,0.5714285714285714,0.42857142857142855,0,0,0.0
V20_ensw2,G03_h20_tr20_t1,G移动止损,1,20,,,,,,,0.2,,,,1.7283337881145058,1.8196111726248287,2.8759961278774564,-0.11822422520992537,1.0762190879337432,2.3210215783109334,1.3776276093475062,0.5384615384615384,18.76923076923077,2.062551693257997,131.85394996324155,-19.801945327994876,12.77428,0.013029765599999998,13,244,1,0.9959183673469387,0.416345760524889,1.5819607186780886,0.056690664725278506,1.7185642128389857,0.2216086574768832,0.5714285714285714,0.5,0,0,0.0
V20_ensw2,H01_re3_t1,H排名退出,1,,,,3,2,,,,,,,1.4048296853795028,1.4750210231784808,2.979673282413831,-0.13398986318141082,0.9280708535603898,2.5578567111191886,2.193969736764563,0.5802469135802469,3.0123456790123457,0.6883348669266987,46.528149323422554,-12.43120756431747,79.75594,0.0813510588,81,244,1,0.9959183673469387,0.35135123638263416,0.9141735131827231,0.256327949800623,1.3505872349931174,0.5136033490497556,0.6097560975609756,0.55,1,0,0.0
V20_ensw2,H01_re5_t1,H排名退出,1,,,,5,2,,,,,,,-0.102095847097325,-0.10526065159483267,-0.099464812169034,-0.3426014910451167,-0.03712051594902532,-0.13413712121112997,-0.15044083722978072,0.4230769230769231,3.128205128205128,-1.1620626865972816,16.266162451053255,-10.404909506754967,76.02282,0.07754327639999999,78,244,1,0.9959183673469387,0.11151543615912946,0.08173764680357576,-0.16994277165457738,0.08990889373889766,-0.20556398451015967,0.425,0.42105263157894735,0,0,0.0
V20_ensw2,H01_re10_t1,H排名退出,1,,,,10,2,,,,,,,-0.17600100216325387,-0.18121442788640008,-0.28874425755665445,-0.3025393607138077,-0.1141411207834866,-0.19242351137309566,-0.3132710041644128,0.4675324675324675,3.168831168831169,-0.2758413247338276,18.104155539368104,-10.704436169194565,72.95966,0.0744188532,77,244,1,0.9959183673469387,0.03206267613064295,0.059819126720917826,-0.2225097876972646,0.08200673957747995,-0.2536308147745362,0.575,0.35135135135135137,0,0,0.0
V20_ensw2,H01_re20_t1,H排名退出,1,,,,20,2,,,,,,,0.2799383913747595,0.29033792309130013,0.8276526936320676,-0.21923534131390643,0.3254453880588978,0.2247056837707868,0.6521810365226964,0.5405405405405406,3.2837837837837838,0.23042186542880927,25.487557654723613,-12.43120756431747,72.445,0.0738939,74,244,2,0.9918367346938776,0.10451976860763494,0.2187246645500498,0.05022769178738895,0.25161390799111794,-0.02149882168017736,0.6153846153846154,0.45714285714285713,0,0,0.0
V20_ensw2,H01_re50_t1,H排名退出,1,,,,50,2,,,,,,,0.027622127637381144,0.028540575658646983,0.27763803528293696,-0.19484896842739208,0.11583595651261847,-0.009518901185285755,0.18861226410152196,0.4852941176470588,3.588235294117647,-0.17995633147862566,18.10415553936806,-12.833247805972615,65.9831,0.067302762,68,244,1,0.9959183673469387,0.051633209571884324,0.09043734680719062,-0.057605528051411836,0.11918715907657651,-0.11499958627836249,0.5555555555555556,0.40625,0,0,0.0
V20_ensw2,H02_re10_t2,H排名退出,2,,,,10,2,,,,,,,0.3160826732302837,0.32798783024854683,1.0797161678452627,-0.1849176371310438,0.31945404213862627,0.6096920642556429,1.0639800459514532,0.461038961038961,3.168831168831169,-0.2932644066051038,18.104155539368083,-12.431207564317459,74.92774,0.0764262948,154,244,1,1.9918367346938775,0.157336372920665,0.1411615396550696,0.15328341124087075,0.3014508523567787,0.23684429676362795,0.5125,0.40540540540540543,0,0,0.0
V20_ensw2,H02_re20_t2,H排名退出,2,,,,20,2,,,,,,,0.3870514289606204,0.4020107276371603,1.2849312081890825,-0.1711814753838562,0.36978278685570964,0.8532313330845109,1.2708835293789622,0.5167785234899329,3.2684563758389262,0.20690603965110022,25.48755765472359,-12.431207564317459,72.31656,0.0737628912,149,244,1,1.9877551020408164,0.16694977458454646,0.2280893618544415,0.12943851811088236,0.5188416671929035,0.22016097735165507,0.5512820512820513,0.4788732394366197,0,0,0.0
V20_ensw2,H02_re50_t2,H排名退出,2,,,,50,2,,,,,,,0.4187321464332565,0.435095328145088,1.4288342354169503,-0.1208570106972281,0.38777367054872514,1.103861705339277,1.6160175912808301,0.5507246376811594,3.528985507246377,0.6007364412130123,18.104155539368083,-12.833247805972592,67.07942,0.0684210084,138,244,1,1.9877551020408164,0.2004800274129738,0.31004966461496153,0.0829605813839418,0.8286536943083218,0.1504976102842981,0.5753424657534246,0.5230769230769231,0,0,0.0
V20_ensw2,H02_re100_t2,H排名退出,2,,,,100,2,,,,,,,0.6553711657694661,0.6829541488969151,2.1163578641361176,-0.12368718014631697,0.5374417579994628,2.017813658315056,1.8130382085199779,0.5483870967741935,3.935483870967742,0.6605392450338199,46.528149323422554,-24.26960294671211,60.48278,0.0616924356,124,244,1,1.9918367346938775,0.2784002673339997,0.4894869536154014,0.1113700336558261,1.4898156455006304,0.21206309542177415,0.5671641791044776,0.5263157894736842,0,0,0.0
V20_ensw2,H03_re20_sl8_t1,H排名退出,1,,,,20,2,0.08,,,,,,0.647635652965614,0.6748325151530812,1.5985376809493026,-0.1590209488483758,0.5624401610351084,0.7746358552067727,1.3632924386077754,0.5394736842105263,3.1973684210526314,0.3783480491060587,25.487557654723613,-10.404909506754967,74.77336,0.0762688272,76,244,2,0.9918367346938776,0.2126721701758755,0.35129569649649284,0.21930059959299952,0.42387411725642976,0.24634322212851512,0.631578947368421,0.4473684210526316,0,0,0.0
V20_ensw2,H04_re20_sl8_t2,H排名退出,2,,,,20,2,0.08,,,,,,0.32992558800025984,0.34241641748952567,1.0984417331840528,-0.16155662246117142,0.33199809994648366,0.6585850328115908,1.1021275507463981,0.5167785234899329,3.2684563758389262,0.20690603965110022,25.48755765472359,-10.404909506754967,72.32528,0.0737717856,149,244,1,1.9877551020408164,0.12001520900568863,0.1540084336633516,0.15244009420144944,0.30674018495719224,0.26925386691611064,0.5394736842105263,0.4931506849315068,0,0,0.0
V20_ensw2,H03_re50_sl8_t1,H排名退出,1,,,,50,2,0.08,,,,,,0.08007949938089531,0.08281093243974258,0.3957521832456973,-0.21410375616397015,0.1553109426233963,0.006903478048484679,0.2488251291905142,0.5147058823529411,3.588235294117647,0.22146470925603623,18.104155539368083,-12.14898279298171,66.97506,0.0683145612,68,244,1,0.9959183673469387,0.1356270309406716,0.2801159350135043,-0.1562643118183663,0.3257729503770177,-0.24051589847104227,0.6285714285714286,0.3939393939393939,0,0,0.0
V20_ensw2,H04_re50_sl8_t2,H排名退出,2,,,,50,2,0.08,,,,,,0.2651764172407769,0.27497099275174586,0.9885669063621887,-0.19465026912484695,0.27506613148407966,0.5194707580221809,1.0170065835727646,0.5531914893617021,3.4539007092198584,0.5317761597515291,18.104155539368083,-12.14898279298171,68.52596,0.0698964792,141,244,1,1.9877551020408164,0.18971077775304002,0.3465009299902624,-0.06039692282282594,0.9803190051311259,-0.2327141465162228,0.6027397260273972,0.5,0,0,0.0
V20_ensw2,E01_h5_tp20_t1,E止盈,1,5,,,,,,0.2,,,,,0.32757031610048437,0.339961148594625,0.9624058508523944,-0.286664959164315,0.35088584503503306,0.2903394190402735,0.7596634796219441,0.52,4.88,0.3930535132807611,33.34476381684108,-10.228814994011682,49.18436,0.05016804719999999,50,244,1,0.9959183673469387,0.17512340592834816,0.43136467710453186,-0.07251426744301848,0.4329205578310731,-0.09950386852333004,0.5769230769230769,0.4583333333333333,0,0,0.0
V20_ensw2,E02_h5_tp20_t2,E止盈,2,5,,,,,,0.2,,,,,0.32580107194698926,0.3381168821507745,1.1219182322128107,-0.27973057672702406,0.32523112986345337,0.5550272920152644,0.9592217420193438,0.5151515151515151,4.929292929292929,0.3968988023193898,33.547023110568695,-14.173381944823028,47.79952,0.04875551039999999,99,244,1,1.9918367346938775,0.15300610769316175,0.3213300225320257,0.00338374920626916,0.7416288382604423,-0.10714197086421584,0.6078431372549019,0.4166666666666667,0,0,0.0
V20_ensw2,E01_h5_tp30_t1,E止盈,1,5,,,,,,0.3,,,,,0.17215906548456905,0.17827972539818093,0.6345511151078569,-0.37388744595525314,0.21922625946071106,0.05524605674454741,0.3444682184023246,0.40816326530612246,4.959183673469388,-0.94595972967213,46.528149323422554,-10.436365196734254,48.16106,0.049124281199999995,49,244,2,0.9918367346938776,0.22201380095843742,0.7555543957506958,-0.3323140152639128,0.9890307766700095,-0.4694672052731048,0.56,0.25,0,0,0.0
V20_ensw2,E02_h5_tp30_t2,E止盈,2,5,,,,,,0.3,,,,,0.17732154304428915,0.18363969166286398,0.7144132027260998,-0.3589435928820953,0.20583178547733727,0.09372906149288451,0.4698197301515461,0.4489795918367347,4.969387755102041,-0.8496754806124329,46.528149323422554,-14.173381944823028,47.16326,0.04810652520000001,98,244,1,1.9877551020408164,0.16853427641447125,0.48378664466853394,-0.20654256642989766,1.4175473943088233,-0.5475873341438333,0.6,0.2916666666666667,0,0,0.0
V20_ensw2,F01_h5_sl8_tp15_t1,F组合,1,5,,,,,0.08,0.15,,,,,0.36626036183580846,0.38031176277593515,1.0389565594700052,-0.2756147399957717,0.3801435356865881,0.30735104643205347,0.7645095967060922,0.5098039215686274,4.784313725490196,0.002986100254354085,33.34476381684108,-11.178753855578648,50.13794,0.05114069879999999,51,244,1,0.9959183673469387,0.19458587915906897,0.43136467710453186,-0.045484086836921955,0.4329205578310731,-0.08763187234125924,0.5769230769230769,0.44,0,0,0.0
V20_ensw2,F02_h5_sl8_tp15_t2,F组合,2,5,,,,,0.08,0.15,,,,,0.39849820763767396,0.41396192361989503,1.336871800616416,-0.17637270904653468,0.3761001031950273,0.8210727285326904,1.2046446475942876,0.5346534653465347,4.8316831683168315,0.6259925817345913,33.34476381684108,-11.178753855578648,48.67382,0.049647296400000006,101,244,1,1.9918367346938775,0.17784746441493035,0.3213300225320257,0.05840190095565401,0.7416288382604423,0.04561470763862463,0.6078431372549019,0.46,0,0,0.0
V20_ensw2,F01_h5_sl8_tp25_t1,F组合,1,5,,,,,0.08,0.25,,,,,0.8016118335008968,0.8367225628158597,1.8283407977769486,-0.21884858915506022,0.6538755044412867,0.8831721739509171,1.2286813044761942,0.47058823529411764,4.784313725490196,-0.4515329510830668,46.528149323422554,-11.178753855578648,50.19846,0.0512024292,51,244,1,0.9959183673469387,0.26363488219453546,0.7555543957506958,0.026235266683665825,0.9890307766700095,-0.05322119896823252,0.56,0.38461538461538464,0,0,0.0
V20_ensw2,F02_h5_sl8_tp25_t2,F组合,2,5,,,,,0.08,0.25,,,,,0.6292636448083246,0.6555484821843871,1.887611785064162,-0.1746686539415253,0.5286545292440368,1.6786915357610712,1.5688949383605977,0.5247524752475248,4.8316831683168315,0.8850759451343837,46.528149323422554,-11.178753855578648,48.75308,0.0497281416,101,244,1,1.9918367346938775,0.2131520479872467,0.48378664466853394,0.09804441943355502,1.4175473943088233,0.10802027793416191,0.6,0.45098039215686275,0,0,0.0
V18_f1,H01_re5_t1,H排名退出,1,,,,5,2,,,,,,,0.17874766180438795,0.18512050206749153,0.7037794221121625,-0.3128846403323654,0.21038133522825986,0.12908615300890758,0.5388360258611484,0.5189873417721519,3.088607594936709,0.02957125884113232,15.1472262781297,-14.017205038759762,77.63184,0.07918447679999999,79,244,1,0.9959183673469387,0.12641019682908866,0.28586142111987356,-0.08330116881661942,0.32694961843131143,-0.14911151310802018,0.65,0.38461538461538464,0,0,0.0
V18_f1,H01_re10_t1,H排名退出,1,,,,10,2,,,,,,,0.05600058784188655,0.05788883611569973,0.3360812117297115,-0.2524074283277874,0.10070068299350576,-0.003403266595758625,0.1686904654010219,0.5512820512820513,3.128205128205128,0.37437873776435815,12.063860718438747,-14.017205038759762,76.6816,0.07821523200000001,78,244,1,0.9959183673469387,0.14961027633305635,0.30605103242759313,-0.19145534008799903,0.35297919738235795,-0.2634057232126096,0.6923076923076923,0.41025641025641024,2,0,0.0
V18_f1,H01_re20_t1,H排名退出,1,,,,20,2,,,,,,,0.17719769675796093,0.1835110986466606,0.6311470441893111,-0.3239755874642577,0.2333179625023638,0.09047213571315305,0.42418639528388713,0.56,3.2533333333333334,0.4443325609658322,18.06450945322309,-16.874472141375474,73.92166,0.0754000932,75,244,1,0.9959183673469387,0.11645970499196168,0.25950633353203423,-0.06534991891883168,0.2835903042936394,-0.15045156381635283,0.6842105263157895,0.43243243243243246,2,0,0.0
V18_f1,H01_re50_t1,H排名退出,1,,,,50,2,,,,,,,0.03950141843098032,0.0408226352262413,0.3000775892336994,-0.399076918501158,0.11722225457077906,-0.02427400885204567,0.15904164185198355,0.5915492957746479,3.436619718309859,0.3044249145628841,18.06450945322309,-16.874472141375474,69.1781,0.07056166199999998,71,244,1,0.9959183673469387,0.0921190532828068,0.29501133392265233,-0.19730322723718652,0.31804452667104655,-0.2597169735894115,0.7714285714285715,0.4166666666666667,3,0,0.0
V18_f1,H02_re10_t2,H排名退出,2,,,,10,2,,,,,,,-0.15775199608859225,-0.16247958900376813,-0.4726361757051647,-0.31734490847341534,-0.1314900258216074,-0.34118140351930415,-0.6815649145665696,0.4968152866242038,3.1082802547770703,-0.015378418241840386,15.144276754290908,-14.017205038759773,74.20372,0.0758227844,157,244,1,1.9918367346938775,0.03607580037476859,0.09144207856291242,-0.22831635278311357,0.19295481563841155,-0.44774220461306613,0.6075949367088608,0.38461538461538464,6,0,0.0
V18_f1,H02_re20_t2,H排名退出,2,,,,20,2,,,,,,,0.017051911446245738,0.017615886638235656,0.20197081406690698,-0.35030923361374444,0.05434964327471825,-0.02973027853833443,0.1982696496789623,0.5165562913907285,3.225165562913907,0.017612645592524068,18.06450945322309,-16.874472141375474,72.83414,0.0743531928,151,244,1,1.9877551020408164,0.09482430566583487,0.19696902800444693,-0.1503105864469646,0.48853153586577047,-0.34816985862692484,0.6266666666666667,0.40789473684210525,8,0,0.0
V18_f1,H02_re50_t2,H排名退出,2,,,,50,2,,,,,,,0.02178724572753965,0.022509562641068737,0.22242008885382744,-0.3490753017660615,0.06284612269897683,-0.030163700738536026,0.2107813261573745,0.5555555555555556,3.388888888888889,0.1452149913549916,18.06450945322309,-16.874472141375474,69.50778,0.0709549956,144,244,1,1.9918367346938775,0.08859850612633803,0.20428436964837826,-0.15153989250406275,0.49874799478670084,-0.35290235407488246,0.6666666666666666,0.4444444444444444,5,0,0.0
V18_f1,H02_re100_t2,H排名退出,2,,,,100,2,,,,,,,-0.07844334861825464,-0.08090833812768727,-0.10972077583869232,-0.3414349577825905,-0.03346575324347634,-0.2261007736176286,-0.21916215494994168,0.5241935483870968,3.935483870967742,0.04070196809559112,18.06450945322309,-15.387255511914011,58.6679,0.059946188000000004,124,244,1,1.9918367346938775,0.06034681255435339,0.11016299455171108,-0.16989067740104757,0.2749318791909021,-0.3929877831013969,0.6,0.453125,3,0,0.0
V18_f2,B02_hold10_t2,B持有期,2,10,,,,,,,,,,,0.3091908796542502,0.3208063073110403,1.3303648469357368,-0.19938717504921977,0.29449072686148703,0.706941653970002,1.3973471108527535,0.52,9.76,0.1410005723343266,27.12171758419735,-12.906526076619107,24.40818,0.0248963436,50,244,1,1.9918367346938775,0.154497356868281,0.2704172773421907,0.030520367601720055,0.5426243165906199,0.10651805213504129,0.6153846153846154,0.4166666666666667,0,0,0.0
V18_f2,B02_hold20_t2,B持有期,2,20,,,,,,,,,,,0.8427748279558744,0.8800797862557641,2.2716867678139736,-0.12473994262984334,0.6542946793683133,3.204290948864597,2.2582562757834372,0.5769230769230769,18.76923076923077,3.298417590841851,44.88632955431591,-12.616105069983607,12.71596,0.0129702792,26,244,1,1.9918367346938775,0.2145531707991704,0.5698941081680793,0.17382109937734613,1.46116259993891,0.708254037733612,0.6428571428571429,0.5,0,1,0.0
V18_f2,C01_nr_hold2_t1,C续持,1,2,,True,,,,,,,,,-0.25887810025107105,-0.2661222286886965,-0.6832853849341404,-0.3931060779045866,-0.23771710530488732,-0.2536508960321313,-0.5777163557897651,0.47058823529411764,2.042016806722689,-0.2041963976891603,13.342313544973305,-9.57507663025492,94.84532,0.0967422264,119,244,2,0.9918367346938776,0.023459632275139364,-0.19494316758096197,-0.07941666984925466,-0.1895867639073101,-0.07905119175212227,0.4666666666666667,0.4745762711864407,0,0,0.0
V18_f2,C02_nr_hold2_t2,C续持,2,2,,True,,,,,,,,,0.2014931630278638,0.20874618692285551,0.8691595644150927,-0.2693639382697146,0.21536388616157565,0.322013952517342,0.7909341848258709,0.5311203319502075,2.016597510373444,0.10871988878256023,15.786752587184472,-18.43945173185454,114.68176,0.11712935520000001,241,244,2,1.9836734693877551,0.113315634474191,0.153403515495264,0.04169368905725168,0.3211835697524301,0.0006285142987878523,0.5537190082644629,0.5083333333333333,2,0,0.0
V18_f2,C01_nr_hold3_t1,C续持,1,3,,True,,,,,,,,,0.7188045139246648,0.7496002389637986,1.9330940416662425,-0.12709382382150514,0.5893115993945984,0.89166649814083,1.6447764086603305,0.5432098765432098,3.0123456790123457,0.5275857496194636,21.6490191196542,-10.941260535418696,79.82658,0.0814231116,81,244,1,0.9959183673469387,0.21509358985470656,0.21036020235793051,0.4200768585882304,0.230952513155408,0.5367501816067268,0.5853658536585366,0.5,1,0,0.0
V18_f2,C02_nr_hold3_t2,C续持,2,3,,True,,,,,,,,,0.3037104812248461,0.3150963985847377,1.2312011238897584,-0.17514087582005322,0.29482460891982754,0.5806569460086488,1.119868390306011,0.5217391304347826,3.031055900621118,0.12168200921005567,21.6490191196542,-10.999737005829823,78.00532,0.0795927864,161,244,1,1.9918367346938775,0.15729116275144212,0.19802902381411158,0.08821276889793661,0.47078035402812257,0.07470632285752221,0.5555555555555556,0.4875,2,0,0.0
V18_f2,C01_nr_hold5_t1,C续持,1,5,,True,,,,,,,,,0.5913274888316209,0.6157517412193065,1.6031367824943215,-0.18777103614847412,0.5174966638315394,0.7345329018504565,1.6367660919496259,0.4489795918367347,4.979591836734694,-0.31244508006863514,20.892567932337602,-7.397906918954522,47.85186,0.04880889719999999,49,244,1,0.9959183673469387,0.17707673312342767,0.3319157970885882,0.19476583452953866,0.3757371324210588,0.2608025624764372,0.44,0.4583333333333333,0,0,0.0
V18_f2,C02_nr_hold5_t2,C续持,2,5,,True,,,,,,,,,0.3353718002007078,0.34809440329132624,1.3695162013624642,-0.1607942729482016,0.3167379727706383,0.7579018462717944,1.4370841590825174,0.46938775510204084,4.979591836734694,-0.16412798049877386,20.892567932337602,-9.623307463868914,47.4173,0.048418776,98,244,1,1.9918367346938775,0.1716623894553063,0.3112984535378105,0.01835840391479726,0.7609093401444684,-0.0017079209043365795,0.52,0.4166666666666667,0,0,0.0
V18_f1,H03_re20_sl8_t1,H排名退出,1,,,,20,2,0.08,,,,,,-0.07681035578767392,-0.07922626687315926,-0.09553333915311597,-0.4517248757989344,-0.029748535969886025,-0.11816329837882222,-0.19909471017908104,0.5194805194805194,3.168831168831169,0.17268037782705026,15.147226278129722,-14.017205038759762,74.05558,0.0755366916,77,244,1,0.9959183673469387,0.10825337728976646,0.25950633353203423,-0.2670226265369984,0.2835903042936394,-0.3129920826984949,0.6842105263157895,0.358974358974359,1,0,0.0
V18_f1,H04_re20_sl8_t2,H排名退出,2,,,,20,2,0.08,,,,,,-0.04581935943842619,-0.04728555123846623,-0.03343165965201936,-0.38847207644310777,-0.009044411802859975,-0.14785302696018754,-0.07770553943869116,0.5197368421052632,3.2039473684210527,0.023591952216828194,15.824433091544442,-17.52728042555316,72.91474,0.0745224748,152,244,1,1.9877551020408164,0.09795706918580091,0.19696902800444693,-0.20283598135170078,0.48853153586577047,-0.42752507924248917,0.6266666666666667,0.4155844155844156,8,0,0.0
V18_f1,H03_re50_sl8_t1,H排名退出,1,,,,50,2,0.08,,,,,,-0.035173910963354205,-0.03630596518722884,0.08009979407837423,-0.42020001708093124,0.02823761412911263,-0.09473228209688167,-0.053844153645073854,0.547945205479452,3.3424657534246576,0.17268037782705026,18.06450945322309,-14.017205038759762,70.5546,0.07196569200000001,73,244,1,0.9959183673469387,0.09810156748587844,0.29501133392265233,-0.25496706958221005,0.31804452667104655,-0.31317364505922174,0.7714285714285715,0.34210526315789475,1,0,0.0
V18_f1,H04_re50_sl8_t2,H排名退出,2,,,,50,2,0.08,,,,,,-0.05542946969646201,-0.05719385449546821,-0.0645395592653513,-0.3225309780950333,-0.01779675721503038,-0.19106777985389545,-0.13246501946490166,0.5170068027210885,3.3197278911564627,0.02957125884113232,18.06450945322309,-14.017205038759773,70.99776,0.0724183952,147,244,1,1.9918367346938775,0.09718814508673476,0.20428436964837826,-0.21565823313032828,0.49874799478670084,-0.4602613494997676,0.6666666666666666,0.37333333333333335,1,0,0.0
V18_f1,I01_daily_t1_q0.3,I择时,1,1,,,,,,,,,,0.3,-0.17559950041514594,-0.18080238243784552,-0.5257624729358513,-0.3333880228570598,-0.1504259843197564,-0.19880697560548388,-0.6019916366775713,0.48823529411764705,1.0,-0.10197348689340302,6.858242173490581,-11.569976961185768,165.50128,0.1688113056,170,244,75,0.6938775510204082,0.36564518764693543,0.1794843011696463,-0.30105004469552465,0.18527235428763156,-0.3240431015738602,0.5287356321839081,0.4457831325301205,10,0,0.0
V18_f1,I02_daily_t1_q0.5,I择时,1,1,,,,,,,,,,0.5,-0.13222577932956747,-0.13625152579752908,-0.3815449649704577,-0.3241379011748202,-0.10352184937987652,-0.1563859801364902,-0.47475921080577815,0.4740740740740741,1.0,-0.10197348689341412,6.858242173490581,-11.569976961185768,131.72462,0.1343591124,135,244,110,0.5510204081632653,0.5046270472044997,0.2486296695024499,-0.3050187402512866,0.27504542286750344,-0.33836551644860546,0.5151515151515151,0.43478260869565216,9,0,0.0
V18_f1,I03_h5_sl8_t1_q0.3,I择时,1,5,,,,,0.08,,,,,0.3,-0.3199174667567528,-0.3284600748220362,-0.95210228603057,-0.4499812431651564,-0.32489507824454,-0.3207757754276549,-1.01352244663777,0.45652173913043476,4.739130434782608,-0.10197348689341412,11.825898191195062,-14.01720503875975,38.85614,0.0396332628,46,244,27,0.889795918367347,0.12929676187960729,-0.024235907086259778,-0.3030256614460526,-0.035912726228826575,-0.2954743382147791,0.43478260869565216,0.4782608695652174,4,0,0.0
V18_f1,I04_h5_sl8_t2_q0.3,I择时,2,5,,,,,0.08,,,,,0.3,-0.3306221419494386,-0.33937402015065987,-1.214369499435463,-0.4583339380624145,-0.35646426755525795,-0.5651480990808639,-1.4707793886165286,0.45054945054945056,4.769230769230769,-0.2902484525398097,20.537261553379473,-14.544589482883685,39.24326,0.0413974452,91,244,24,1.7714285714285714,0.13247109399304166,-0.0023389890790131984,-0.32905280378489676,-0.03459994486417717,-0.5495630038492629,0.5,0.4,5,0,0.0
