set,cfg,group,top_n,hold,sell_at,no_repeat,exit_rank,min_hold,stop_loss,take_profit,trail_pct,rat_up,rat_floor,threshold_q,cum_net,ann_net,sharpe,maxdd,cum_add,cum_trade,sharpe_trade,win_rate,avg_hold,med_trade,best_trade,worst_trade,turnover,cost_drag,n_trades,n_days,empty_days,avg_npos,avg_cash_ratio,h1_cum,h2_cum,h1_cum_t,h2_cum_t,h1_win,h2_win,skipped_buy,blocked_sell,max_overlap
V1_allz,P1_re300_sl5,P组合,1,,,,300,2,0.05,,,,,,0.3570285464000009,0.3706802759859098,1.0701816838482345,-0.21760363919999992,0.3650881214137097,0.3818803232703907,1.0400504350483644,0.5294117647058824,7.147058823529412,0.4649285533288805,17.297077548172403,-10.498527578744099,31.63868,0.0322714536,34,244,2,0.9918367346938776,0.11986832784143052,0.09580392199999954,0.23838628349059898,0.05264928601716923,0.31276422415950944,0.5,0.5555555555555556,2,0,0.0
V1_allz,P1_re300_sl8,P组合,1,,,,300,2,0.08,,,,,,0.3525282472000031,0.3659859240423129,1.23489128281874,-0.15524053997352627,0.34082139870181505,0.352376177784971,1.0770121291223609,0.5428571428571428,6.942857142857143,0.6221010576567432,17.297077548172403,-10.498527578744099,34.30564,0.034991752800000005,35,244,2,0.9918367346938776,0.19183072190093162,0.39233101200000275,-0.028587142322446413,0.4012308014716204,-0.034865507977230425,0.6111111111111112,0.47058823529411764,3,0,0.0
V1_allz,P1_re300_sl10,P组合,1,,,,300,2,0.1,,,,,,0.23041891720000396,0.23881243754628745,0.8830337835786478,-0.2032847308860931,0.24727533574606853,0.19539756626652105,0.6920585195886341,0.5588235294117647,7.147058823529412,0.5261880269741503,17.297077548172403,-10.498527578744099,33.19714,0.0338610828,34,244,2,0.9918367346938776,0.18181165958381848,0.39233101200000275,-0.11628850711830507,0.4012308014716204,-0.1468945979412718,0.6111111111111112,0.5,3,0,0.0
V1_allz,P2_re300_sl5,P组合,2,,,,300,2,0.05,,,,,,0.6221326884000014,0.6480654463231559,2.2955815221573563,-0.08520496473450512,0.5092130196447495,2.058197167867775,2.347212705183779,0.5573770491803278,7.967213114754099,1.4226845682431932,24.820523936503758,-10.498527578744099,29.26958,0.029927311600000003,61,244,2,1.9836734693877551,0.2197789793017282,0.32210918999999993,0.22692792748835044,0.5897307816563846,0.923720168946691,0.5714285714285714,0.5454545454545454,2,0,0.0
V1_allz,P2_re300_sl8,P组合,2,,,,300,2,0.08,,,,,,0.639176160800002,0.6659521956136689,2.479762431239351,-0.07503059820790692,0.5168021706473017,2.212399166707615,2.516711660004769,0.5714285714285714,7.714285714285714,1.2310132698831744,24.820523936503758,-10.498527578744099,30.49396,0.031103839199999997,63,244,2,1.9836734693877551,0.2580362401542595,0.4227957916000007,0.15208111415389425,1.0398430342580123,0.5748266473239287,0.6333333333333333,0.5151515151515151,5,0,0.0
V1_allz,P2_re300_sl10,P组合,2,,,,300,2,0.1,,,,,,0.37589571759999885,0.39036653606046556,1.5188435469023156,-0.1397074921041186,0.3456974733028664,0.7611103750703783,1.2749152416658038,0.5806451612903226,7.838709677419355,1.520552539550779,24.820523936503758,-15.471519941161915,29.75712,0.0303642824,62,244,2,1.9836734693877551,0.21916095680811148,0.3933087740000003,-0.012497629186679848,1.0126497064354427,-0.12497919064642393,0.6774193548387096,0.4838709677419355,4,0,0.0
V1_allz,Q1_re300_tp20,Q组合,1,,,,300,2,,0.2,,,,,0.5519420296000022,0.5744675267112564,1.6395617692852824,-0.13028812405712198,0.48402289599181414,0.6794534984548353,1.9403612365648308,0.5588235294117647,7.147058823529412,0.905057377370333,17.297077548172403,-7.513295754460303,33.27252,0.0339379704,34,244,2,0.9918367346938776,0.20262245974322288,0.39233101200000275,0.1146358274177397,0.4012308014716204,0.19855593860127518,0.6111111111111112,0.5,3,0,0.0
V1_allz,Q1_re300_tp40,Q组合,1,,,,300,2,,0.4,,,,,0.5519420296000022,0.5744675267112564,1.6395617692852824,-0.13028812405712198,0.48402289599181414,0.6794534984548353,1.9403612365648308,0.5588235294117647,7.147058823529412,0.905057377370333,17.297077548172403,-7.513295754460303,33.27252,0.0339379704,34,244,2,0.9918367346938776,0.20262245974322288,0.39233101200000275,0.1146358274177397,0.4012308014716204,0.19855593860127518,0.6111111111111112,0.5,3,0,0.0
V1_allz,Q1_re300_tp60,Q组合,1,,,,300,2,,0.6,,,,,0.5519420296000022,0.5744675267112564,1.6395617692852824,-0.13028812405712198,0.48402289599181414,0.6794534984548353,1.9403612365648308,0.5588235294117647,7.147058823529412,0.905057377370333,17.297077548172403,-7.513295754460303,33.27252,0.0339379704,34,244,2,0.9918367346938776,0.20262245974322288,0.39233101200000275,0.1146358274177397,0.4012308014716204,0.19855593860127518,0.6111111111111112,0.5,3,0,0.0
V1_allz,Q2_re300_tp20,Q组合,2,,,,300,2,,0.2,,,,,0.7213930596000002,0.7523216215889723,2.623866347883662,-0.0926466655868774,0.567573010635842,2.872952920502659,3.0634446746810937,0.5625,7.59375,1.5148342309162843,24.820523936503758,-7.513295754460303,31.04602,0.0316669404,64,244,2,1.9836734693877551,0.2675594873412438,0.4238385091999999,0.2089805469351893,1.0563710911855204,0.8833920283667569,0.6,0.5294117647058824,4,0,0.0
V1_allz,Q2_re300_tp40,Q组合,2,,,,300,2,,0.4,,,,,0.7213930596000002,0.7523216215889723,2.623866347883662,-0.0926466655868774,0.567573010635842,2.872952920502659,3.0634446746810937,0.5625,7.59375,1.5148342309162843,24.820523936503758,-7.513295754460303,31.04602,0.0316669404,64,244,2,1.9836734693877551,0.2675594873412438,0.4238385091999999,0.2089805469351893,1.0563710911855204,0.8833920283667569,0.6,0.5294117647058824,4,0,0.0
V1_allz,Q2_re300_tp60,Q组合,2,,,,300,2,,0.6,,,,,0.7213930596000002,0.7523216215889723,2.623866347883662,-0.0926466655868774,0.567573010635842,2.872952920502659,3.0634446746810937,0.5625,7.59375,1.5148342309162843,24.820523936503758,-7.513295754460303,31.04602,0.0316669404,64,244,2,1.9836734693877551,0.2675594873412438,0.4238385091999999,0.2089805469351893,1.0563710911855204,0.8833920283667569,0.6,0.5294117647058824,4,0,0.0
V1_allz,R1_re300_tr10,R组合,1,,,,300,2,,,0.1,,,,0.23041891720000396,0.23881243754628745,0.8830337835786478,-0.2032847308860931,0.24727533574606853,0.19539756626652105,0.6920585195886341,0.5588235294117647,7.147058823529412,0.5261880269741503,17.297077548172403,-10.498527578744099,33.19714,0.0338610828,34,244,2,0.9918367346938776,0.18181165958381848,0.39233101200000275,-0.11628850711830507,0.4012308014716204,-0.1468945979412718,0.6111111111111112,0.5,3,0,0.0
V1_allz,R1_re300_tr15,R组合,1,,,,300,2,,,0.15,,,,0.3724801156000028,0.3868019913001832,1.2711557414021601,-0.16313962671489957,0.35675675079700186,0.377833355837516,1.1111529939674942,0.5294117647058824,7.147058823529412,0.4649285533288805,17.297077548172403,-16.903547510330696,33.33322,0.0339998844,34,244,2,0.9918367346938776,0.18625009321064662,0.39233101200000275,-0.01425731110555839,0.4012308014716204,-0.01669778141440481,0.6111111111111112,0.4375,3,0,0.0
V1_allz,R1_re300_tr20,R组合,1,,,,300,2,,,0.2,,,,0.5519420296000022,0.5744675267112564,1.6395617692852824,-0.13028812405712198,0.48402289599181414,0.6794534984548353,1.9403612365648308,0.5588235294117647,7.147058823529412,0.905057377370333,17.297077548172403,-7.513295754460303,33.27252,0.0339379704,34,244,2,0.9918367346938776,0.20262245974322288,0.39233101200000275,0.1146358274177397,0.4012308014716204,0.19855593860127518,0.6111111111111112,0.5,3,0,0.0
V1_allz,R2_re300_tr10,R组合,2,,,,300,2,,,0.1,,,,0.5720162955999977,0.5955053257379328,2.269455063654527,-0.10218191315457525,0.4750621488102911,1.6208770394015732,2.0157671391466887,0.5692307692307692,7.476923076923077,1.6069838935893754,24.820523936503758,-11.852290273507716,31.15622,0.0318637044,65,244,2,1.9836734693877551,0.26489147532969387,0.46060924319999774,0.07627437175183305,1.0881302531128596,0.2551310127778321,0.625,0.5151515151515151,4,0,0.0
V1_allz,T2_re400,T细化,2,,,,400,2,,,,,,,0.552081127999998,0.5746132710519547,2.308952734802416,-0.07503059820790692,0.46015186624273996,1.8873115861949237,2.6964276148560806,0.6888888888888889,10.8,1.4226845682431932,24.820523936503758,-11.674919029581964,21.7636,0.022198872,45,244,2,1.9836734693877551,0.25206932239105395,0.3547002435999995,0.1457007816544531,0.8993079518468172,0.5201913851765891,0.7272727272727273,0.6521739130434783,2,0,0.0
V1_allz,T2_re300_mh3,T细化,2,,,,300,3,,,,,,,0.5366879552000008,0.5584872394975111,2.239746597890802,-0.1044115256408048,0.45059077503673106,1.5729537988135531,2.230727525801089,0.5614035087719298,8.526315789473685,1.5524427005952024,24.820523936503758,-13.512027801623272,27.34324,0.0279720448,57,244,2,1.9836734693877551,0.2502499892498325,0.4145098747999991,0.08637485151333912,0.9579339228780204,0.3141167680630914,0.5925925925925926,0.5333333333333333,3,0,0.0
V1_allz,T2_re300_mh5,T细化,2,,,,300,5,,,,,,,0.32442849759999826,0.336686161311057,1.2655041728468792,-0.14219213989651114,0.3121407068732852,0.850114247560789,1.657687681539836,0.62,9.72,1.3230620248677938,24.820523936503758,-9.214531566574713,23.91262,0.0244115024,50,244,2,1.9836734693877551,0.15924707224225523,0.2242133979999985,0.08186080936846629,0.4859508953817626,0.24507091944345039,0.6666666666666666,0.5769230769230769,2,0,0.0
V1_allz,T2_re300_mh8,T细化,2,,,,300,8,,,,,,,0.32906252280000103,0.34151669285485164,1.3851591775678158,-0.09812021857975961,0.3102233300244933,0.8561430754467194,1.7320427969322414,0.55,12.15,0.7437356090309155,24.820523936503758,-10.71265190622005,19.27986,0.019677477199999998,40,244,2,1.9836734693877551,0.17214748169131627,0.18033160000000015,0.12600774460329545,0.32204213073579435,0.40399691681056105,0.5238095238095238,0.5789473684210527,2,0,0.0
V1_allz,U2_re300_h10,U持有上限,2,10,,,300,2,,,,,,,0.19943729520000053,0.20661015603310773,0.8606468588569595,-0.1756207300842345,0.21328122859478926,0.3452010416075981,0.8452961880633285,0.5277777777777778,6.75,0.11678801585985887,25.48755765472359,-13.778571713936271,33.16174,0.0340627048,72,244,2,1.9836734693877551,0.07478801260241462,-0.022001211200000537,0.22642002110422355,-0.18185583181172504,0.6442102674721184,0.42424242424242425,0.6153846153846154,3,0,0.0
V1_allz,U2_re300_h20,U持有上限,2,20,,,300,2,,,,,,,0.6029341647999995,0.6279243999276982,2.3105480264329827,-0.07503059820790692,0.49568940034219355,1.8877666794149737,2.588053665766662,0.6060606060606061,7.363636363636363,1.6127022022238702,20.7746867902554,-13.512027801623272,31.83676,0.032545835200000005,66,244,2,1.9836734693877551,0.20819556883877227,0.3050268967999994,0.22827672650309783,0.6442756248113393,0.7562546302091597,0.6774193548387096,0.5428571428571428,3,0,0.0
V1_allz,U2_re300_h30,U持有上限,2,30,,,300,2,,,,,,,0.7213930596000002,0.7523216215889723,2.623866347883662,-0.0926466655868774,0.567573010635842,2.872952920502659,3.0634446746810937,0.5625,7.59375,1.5148342309162843,24.820523936503758,-7.513295754460303,31.04602,0.0316669404,64,244,2,1.9836734693877551,0.2675594873412438,0.4238385091999999,0.2089805469351893,1.0563710911855204,0.8833920283667569,0.6,0.5294117647058824,4,0,0.0
V1_allz,V2_re300_q0.2,V择时,2,,,,300,2,,,,,,0.2,0.5057444159999993,0.5260865736336111,2.0370286172535224,-0.0956824635755259,0.43269176746652604,1.4126969344446398,1.910165184253737,0.5538461538461539,7.184615384615385,1.1635202695400526,24.820523936503758,-16.365687504980762,30.8457,0.031555584000000005,65,244,3,1.9061224489795918,0.29936486343174035,0.46864971040000025,0.02525769442319703,1.089101974384262,0.15489668002240697,0.65625,0.45454545454545453,3,0,0.0
V2_allz,P2_re300_sl8,P组合,2,,,,300,2,0.08,,,,,,-0.005874006434355428,-0.006066011515637237,0.07733439158233153,-0.16792062273882247,0.015924502937017748,-0.11354481017310336,-0.10964657674664516,0.4657534246575342,6.684931506849315,-0.29240016643293787,12.603056538633272,-10.228650895594738,35.66126,0.0363744852,73,244,1,1.9918367346938775,0.05226332513097479,0.14196133293560043,-0.12945739501522413,0.22588370578898243,-0.2768847602421053,0.5161290322580645,0.42857142857142855,0,0,0.0
V2_allz,P2_re300_sl10,P组合,2,,,,300,2,0.1,,,,,,-0.03388162710011511,-0.034972848085095376,-0.06464090962229507,-0.20451113089138906,-0.013159573886787124,-0.1751365508461734,-0.27489638967741586,0.4647887323943662,6.873239436619718,-0.5631082044129765,12.603056538633272,-14.369692451391202,34.71618,0.035410503600000004,71,244,1,1.9918367346938775,0.06375334529914743,0.16898044600669282,-0.17353761031657666,0.2620941760182103,-0.34643272679048853,0.5,0.43902439024390244,0,0,0.0
V2_allz,Q1_re300_tp20,Q组合,1,,,,300,2,,0.2,,,,,0.15448812250875665,0.1599386657447699,0.6935654216293431,-0.1791690345080731,0.1773736604928493,0.11029437902305439,0.5142335757221562,0.5128205128205128,6.256410256410256,0.5438213393710312,12.603056538633272,-11.198226392172517,38.46008,0.0392292816,39,244,1,0.9959183673469387,0.11359239013253908,0.23962412032350278,-0.06867888129873478,0.2914143644584346,-0.14024931921160266,0.5882352941176471,0.45454545454545453,0,0,0.0
V2_allz,Q1_re300_tp40,Q组合,1,,,,300,2,,0.4,,,,,0.15448812250875665,0.1599386657447699,0.6935654216293431,-0.1791690345080731,0.1773736604928493,0.11029437902305439,0.5142335757221562,0.5128205128205128,6.256410256410256,0.5438213393710312,12.603056538633272,-11.198226392172517,38.46008,0.0392292816,39,244,1,0.9959183673469387,0.11359239013253908,0.23962412032350278,-0.06867888129873478,0.2914143644584346,-0.14024931921160266,0.5882352941176471,0.45454545454545453,0,0,0.0
V2_allz,Q1_re300_tp60,Q组合,1,,,,300,2,,0.6,,,,,0.15448812250875665,0.1599386657447699,0.6935654216293431,-0.1791690345080731,0.1773736604928493,0.11029437902305439,0.5142335757221562,0.5128205128205128,6.256410256410256,0.5438213393710312,12.603056538633272,-11.198226392172517,38.46008,0.0392292816,39,244,1,0.9959183673469387,0.11359239013253908,0.23962412032350278,-0.06867888129873478,0.2914143644584346,-0.14024931921160266,0.5882352941176471,0.45454545454545453,0,0,0.0
V2_allz,Q2_re300_tp20,Q组合,2,,,,300,2,,0.2,,,,,0.0553350924272451,0.05720029929749826,0.36961325491493735,-0.16732440462433318,0.07509659437258198,0.00812893246300428,0.2111020440460782,0.4782608695652174,7.072463768115942,-0.21017046390450211,12.603056538633272,-11.198226392172517,33.8029,0.034478958,69,244,1,1.9918367346938775,0.06869330824316959,0.16898044600669282,-0.09721749749336439,0.2620941760182103,-0.20122527175938842,0.5,0.46153846153846156,0,0,0.0
V2_allz,Q2_re300_tp40,Q组合,2,,,,300,2,,0.4,,,,,0.0553350924272451,0.05720029929749826,0.36961325491493735,-0.16732440462433318,0.07509659437258198,0.00812893246300428,0.2111020440460782,0.4782608695652174,7.072463768115942,-0.21017046390450211,12.603056538633272,-11.198226392172517,33.8029,0.034478958,69,244,1,1.9918367346938775,0.06869330824316959,0.16898044600669282,-0.09721749749336439,0.2620941760182103,-0.20122527175938842,0.5,0.46153846153846156,0,0,0.0
V2_allz,Q2_re300_tp60,Q组合,2,,,,300,2,,0.6,,,,,0.0553350924272451,0.05720029929749826,0.36961325491493735,-0.16732440462433318,0.07509659437258198,0.00812893246300428,0.2111020440460782,0.4782608695652174,7.072463768115942,-0.21017046390450211,12.603056538633272,-11.198226392172517,33.8029,0.034478958,69,244,1,1.9918367346938775,0.06869330824316959,0.16898044600669282,-0.09721749749336439,0.2620941760182103,-0.20122527175938842,0.5,0.46153846153846156,0,0,0.0
V1_allz,V2_re300_q0.4,V择时,2,,,,300,2,,,,,,0.4,0.35947862359999405,0.3732362151323516,1.54756606143966,-0.1411419448409671,0.3305930681039465,0.8105040365674263,1.4839945267558112,0.6111111111111112,8.055555555555555,1.1789870692062054,24.820523936503758,-13.512027801623272,25.68432,0.0262813764,54,244,13,1.7755102040816326,0.31295908785214355,0.43676866879999654,-0.05379435595888493,1.0617872842975542,-0.12187641743834876,0.6896551724137931,0.52,1,0,0.0
V1_allz,W2_h10_tr15,W移动,2,10,,,,,,,0.15,,,,0.3004988552000023,0.3117506403058532,1.201719156871433,-0.2094527468764299,0.2933921787194915,0.6000517545958941,1.0775407931588739,0.44,9.72,-0.7247330701933674,40.69938397213306,-14.295813952569858,24.06874,0.0245611448,50,244,2,1.9836734693877551,0.13887180473110328,0.20992379719999987,0.07486013434036853,0.20222184360575213,0.33091222980690094,0.5,0.375,1,0,0.0
V1_allz,W2_h10_tr20,W移动,2,10,,,,,,,0.2,,,,0.24550274280000073,0.2545002252033435,1.0294481692384025,-0.2094527468764299,0.2497470595816914,0.41864289584994774,0.8732019554618453,0.44,9.72,-0.5394878310371332,40.69938397213306,-14.654500309639484,24.14336,0.0246372572,50,244,2,1.9836734693877551,0.13670210777919084,0.20992379719999987,0.029405939185870533,0.20222184360575213,0.1800175678018765,0.5,0.375,2,0,0.0
V1_allz,W2_h10_tr25,W移动,2,10,,,,,,,0.25,,,,0.24550274280000073,0.2545002252033435,1.0294481692384025,-0.2094527468764299,0.2497470595816914,0.41864289584994774,0.8732019554618453,0.44,9.72,-0.5394878310371332,40.69938397213306,-14.654500309639484,24.14336,0.0246372572,50,244,2,1.9836734693877551,0.13670210777919084,0.20992379719999987,0.029405939185870533,0.20222184360575213,0.1800175678018765,0.5,0.375,2,0,0.0
V1_allz,W2_h20_tr15,W移动,2,20,,,,,,,0.15,,,,0.3801687796000013,0.3948263401818861,1.4880173816629636,-0.16141059428453686,0.35094189050357183,0.9288114745077747,1.4576215338798428,0.5769230769230769,18.653846153846153,2.133150168190312,27.52550379056016,-17.573159133964968,12.33352,0.0125912204,26,244,2,1.9795918367346939,0.23420691351620268,0.4754896016000012,-0.06460284226783841,1.1120963016553849,-0.08677863173377032,0.5714285714285714,0.5833333333333334,0,0,0.0
V1_allz,W2_h20_tr20,W移动,2,20,,,,,,,0.2,,,,0.43848761599999997,0.45573853182464585,1.654797610265781,-0.14993729660582888,0.3927585547110245,1.2666628274116105,1.8453049239238684,0.5384615384615384,18.653846153846153,2.133150168190312,27.52550379056016,-17.79284711078001,12.4327,0.012692384,26,244,2,1.9795918367346939,0.2440068185717936,0.4754896016000012,-0.02507776778628301,1.0259153209955327,0.11883394331495256,0.5714285714285714,0.5,0,0,0.0
V1_allz,W2_h20_tr25,W移动,2,20,,,,,,,0.25,,,,0.42408803640000015,0.440690965306094,1.5855213324223056,-0.1339644664102131,0.38379575397165566,1.256441847836057,1.907516871418027,0.5769230769230769,18.692307692307693,2.1722513911088925,27.52550379056016,-13.472982621226304,12.41268,0.012671963599999999,26,244,2,1.9836734693877551,0.23512868976641024,0.4754896016000012,-0.03483695523456165,1.132374179457703,0.058182878771260826,0.5714285714285714,0.5833333333333334,0,0,0.0
V1_allz,W2_h30_tr15,W移动,2,30,,,,,,,0.15,,,,0.6186184435999986,0.6443780877847323,2.1396297596757137,-0.08891254485767763,0.5112065814394093,1.872704057322451,2.172867128523824,0.7368421052631579,25.57894736842105,4.586791535949453,32.70199748065501,-17.573159133964968,9.01032,0.0092015564,19,244,2,1.9836734693877551,0.2827484858266498,0.4668847452,0.10343941396657708,1.3378827569226748,0.22876309721525723,0.8,0.6666666666666666,0,0,0.0
V1_allz,R2_re300_tr15,R组合,2,,,,300,2,,,0.15,,,,0.4356223708,0.45274395425182123,1.7057892434426942,-0.10557232845061637,0.3882600569208996,1.0290526514973672,1.570168578091229,0.5666666666666667,8.1,1.520552539550779,24.820523936503758,-16.903547510330696,28.95846,0.029537629200000002,60,244,2,1.9836734693877551,0.22241821279017684,0.3933087740000003,0.03036914543968905,1.0126497064354427,0.008149925448762918,0.6774193548387096,0.4482758620689655,4,0,0.0
V1_allz,R2_re300_tr20,R组合,2,,,,300,2,,,0.2,,,,0.7213930596000002,0.7523216215889723,2.623866347883662,-0.0926466655868774,0.567573010635842,2.872952920502659,3.0634446746810937,0.5625,7.59375,1.5148342309162843,24.820523936503758,-7.513295754460303,31.04602,0.0316669404,64,244,2,1.9836734693877551,0.2675594873412438,0.4238385091999999,0.2089805469351893,1.0563710911855204,0.8833920283667569,0.6,0.5294117647058824,4,0,0.0
V1_allz,S1_re300_sl8_tp40,S组合,1,,,,300,2,0.08,0.4,,,,,0.3525282472000031,0.3659859240423129,1.23489128281874,-0.15524053997352627,0.34082139870181505,0.352376177784971,1.0770121291223609,0.5428571428571428,6.942857142857143,0.6221010576567432,17.297077548172403,-10.498527578744099,34.30564,0.034991752800000005,35,244,2,0.9918367346938776,0.19183072190093162,0.39233101200000275,-0.028587142322446413,0.4012308014716204,-0.034865507977230425,0.6111111111111112,0.47058823529411764,3,0,0.0
V1_allz,S1_re300_sl8_tr15,S组合,1,,,,300,2,0.08,,0.15,,,,0.3525282472000031,0.3659859240423129,1.23489128281874,-0.15524053997352627,0.34082139870181505,0.352376177784971,1.0770121291223609,0.5428571428571428,6.942857142857143,0.6221010576567432,17.297077548172403,-10.498527578744099,34.30564,0.034991752800000005,35,244,2,0.9918367346938776,0.19183072190093162,0.39233101200000275,-0.028587142322446413,0.4012308014716204,-0.034865507977230425,0.6111111111111112,0.47058823529411764,3,0,0.0
V1_allz,S2_re300_sl8_tp40,S组合,2,,,,300,2,0.08,0.4,,,,,0.639176160800002,0.6659521956136689,2.479762431239351,-0.07503059820790692,0.5168021706473017,2.212399166707615,2.516711660004769,0.5714285714285714,7.714285714285714,1.2310132698831744,24.820523936503758,-10.498527578744099,30.49396,0.031103839199999997,63,244,2,1.9836734693877551,0.2580362401542595,0.4227957916000007,0.15208111415389425,1.0398430342580123,0.5748266473239287,0.6333333333333333,0.5151515151515151,5,0,0.0
V1_allz,S2_re300_sl8_tr15,S组合,2,,,,300,2,0.08,,0.15,,,,0.639176160800002,0.6659521956136689,2.479762431239351,-0.07503059820790692,0.5168021706473017,2.212399166707615,2.516711660004769,0.5714285714285714,7.714285714285714,1.2310132698831744,24.820523936503758,-10.498527578744099,30.49396,0.031103839199999997,63,244,2,1.9836734693877551,0.2580362401542595,0.4227957916000007,0.15208111415389425,1.0398430342580123,0.5748266473239287,0.6333333333333333,0.5151515151515151,5,0,0.0
V1_allz,T2_re150,T细化,2,,,,150,2,,,,,,,0.43799630359999875,0.4552250285023187,1.6909035516830655,-0.1116254296910334,0.39076631559574926,1.2792346185843124,2.046443266160283,0.5375,6.075,0.3816866646495942,17.29707754817238,-10.147208615712067,38.49382,0.0392636964,80,244,2,1.9836734693877551,0.201718564223877,0.3146450107999985,0.09382859386880105,0.7975216141518315,0.26798732245552426,0.5641025641025641,0.5121951219512195,2,0,0.0
V1_allz,T2_re250,T细化,2,,,,250,2,,,,,,,0.28250831039999924,0.29301375504182925,1.1972629677241675,-0.19236978741542865,0.2762358250314185,0.4334267675073853,0.9812595622238188,0.5254237288135594,8.23728813559322,0.30775604900101783,24.820523936503758,-13.894700913416958,28.29348,0.028931689600000008,59,244,2,1.9836734693877551,0.19588891132779018,0.33091370399999875,-0.036370046723930405,0.5788758669613241,-0.09212193466093488,0.6206896551724138,0.43333333333333335,3,0,0.0
V2_allz,R1_re300_tr10,R组合,1,,,,300,2,,,0.1,,,,0.01548419188362038,0.01599590955765784,0.18847722252643787,-0.20602663722790548,0.04594614601000113,-0.03147190897072494,0.031078111352410127,0.4594594594594595,6.594594594594595,-0.7910173931218956,12.603056538633272,-11.428004753622446,36.49334,0.037223206800000005,37,244,1,0.9959183673469387,0.08875703895333449,0.23962412032350278,-0.18081281637323188,0.2914143644584346,-0.250025307380381,0.5882352941176471,0.35,0,0,0.0
V2_allz,R1_re300_tr15,R组合,1,,,,300,2,,,0.15,,,,0.1094345257572984,0.11321851417938689,0.5394843075986528,-0.1791690345080731,0.13717142351560652,0.04994019387468862,0.3202750384382816,0.5121951219512195,5.951219512195122,0.5438213393710312,12.603056538633272,-14.398256453322134,40.43496,0.041243659200000005,41,244,1,0.9959183673469387,0.10524233647702984,0.23962412032350278,-0.10502344414872267,0.2914143644584346,-0.18698426874399088,0.5882352941176471,0.4583333333333333,0,0,0.0
V2_allz,R1_re300_tr20,R组合,1,,,,300,2,,,0.2,,,,0.15448812250875665,0.1599386657447699,0.6935654216293431,-0.1791690345080731,0.1773736604928493,0.11029437902305439,0.5142335757221562,0.5128205128205128,6.256410256410256,0.5438213393710312,12.603056538633272,-11.198226392172517,38.46008,0.0392292816,39,244,1,0.9959183673469387,0.11359239013253908,0.23962412032350278,-0.06867888129873478,0.2914143644584346,-0.14024931921160266,0.5882352941176471,0.45454545454545453,0,0,0.0
V2_allz,R2_re300_tr10,R组合,2,,,,300,2,,,0.1,,,,0.005796695516243844,0.005987318954499665,0.13336139750114906,-0.17423521266993303,0.02716534862561837,-0.07166372862317938,-0.023080918739922043,0.4696969696969697,7.393939393939394,-0.3128974826333619,12.603056538633272,-11.428004753622446,32.34996,0.032996959199999995,66,244,1,1.9918367346938775,0.05819744272780088,0.15430758761937624,-0.128657988300518,0.25789246347039696,-0.261990751724805,0.5,0.4444444444444444,0,0,0.0
V2_allz,R2_re300_tr15,R组合,2,,,,300,2,,,0.15,,,,-0.007672537989072192,-0.007923097449438976,0.06605990168845657,-0.1852858970139306,0.013372036206786397,-0.1295431269849051,-0.1476480408208636,0.45714285714285713,6.9714285714285715,-0.677062798767436,12.603056538633272,-14.398256453322134,34.28978,0.034975575599999996,70,244,1,1.9918367346938775,0.06374790007015767,0.16898044600669282,-0.1511171419498265,0.2620941760182103,-0.310307511471683,0.5,0.425,0,0,0.0
V2_allz,R2_re300_tr20,R组合,2,,,,300,2,,,0.2,,,,0.0553350924272451,0.05720029929749826,0.36961325491493735,-0.16732440462433318,0.07509659437258198,0.00812893246300428,0.2111020440460782,0.4782608695652174,7.072463768115942,-0.21017046390450211,12.603056538633272,-11.198226392172517,33.8029,0.034478958,69,244,1,1.9918367346938775,0.06869330824316959,0.16898044600669282,-0.09721749749336439,0.2620941760182103,-0.20122527175938842,0.5,0.46153846153846156,0,0,0.0
V2_allz,S1_re300_sl8_tp40,S组合,1,,,,300,2,0.08,0.4,,,,,-0.06621827244906964,-0.0683134849000806,-0.11877275176899861,-0.291760382945946,-0.03173649766830611,-0.11486650429587442,-0.20574509252822729,0.5,5.545454545454546,0.22092392623880852,12.603056538633272,-11.67581059663011,42.9588,0.04381797600000001,44,244,1,0.9959183673469387,0.06555407385476007,0.21312590264462172,-0.23026808222025386,0.25855259713040346,-0.296705201099821,0.6111111111111112,0.4230769230769231,0,0,0.0
V2_allz,S1_re300_sl8_tr15,S组合,1,,,,300,2,0.08,,0.15,,,,-0.06621827244906964,-0.0683134849000806,-0.11877275176899861,-0.291760382945946,-0.03173649766830611,-0.11486650429587442,-0.20574509252822729,0.5,5.545454545454546,0.22092392623880852,12.603056538633272,-11.67581059663011,42.9588,0.04381797600000001,44,244,1,0.9959183673469387,0.06555407385476007,0.21312590264462172,-0.23026808222025386,0.25855259713040346,-0.296705201099821,0.6111111111111112,0.4230769230769231,0,0,0.0
V1_allz,W2_h30_tr20,W移动,2,30,,,,,,,0.2,,,,0.2702726832000002,0.280275446356834,1.0002928686674746,-0.17918456485508727,0.27923173840835946,0.5170021874664295,1.065195500323354,0.6666666666666666,27.0,4.482055773063298,32.70199748065501,-19.896826825025503,8.44734,0.0086273168,18,244,2,1.9836734693877551,0.2253869881701697,0.3302771500000006,-0.04510674095244005,0.7611319123142379,-0.13862091938758092,0.8,0.5,1,0,0.0
V1_allz,W2_h30_tr25,W移动,2,30,,,,,,,0.25,,,,0.29043900560000124,0.3012724013358865,1.0824589180336273,-0.18789185888627347,0.2924939963059394,0.606932792275513,1.0869530583783134,0.6111111111111112,27.0,2.3288380940250875,32.70199748065501,-16.267983090353965,8.63722,0.0088209944,18,244,2,1.9836734693877551,0.22570292487647928,0.26921738920000093,0.01672023766817099,0.9257256968067176,-0.1655442958775667,0.7,0.5,1,0,0.0
V1_allz,X_re300_close_overlap,X口径,2,,close_overlap,,300,2,,,,,,,3.2878244932888583,3.497447296527115,3.0689794572521603,-0.1262704198253689,1.5868635838588572,3.287824493288861,3.2269502137364663,0.59375,7.59375,1.4208558719858932,24.820523936503758,-8.08439418154382,31.04602,0.0316669404,64,244,2,1.9836734693877551,nan,1.2004749004634085,0.9485905030708892,1.1065804313304284,1.035443047660348,0.6,0.5882352941176471,4,0,98115.0
V1_allz,X_re300_close_seq,X口径,2,,close_seq,,300,2,,,,,,,0.5239359839999997,0.5451321636870823,1.8897153476071966,-0.12602956545320054,0.45078571512810195,1.660834820453866,2.0124342087938922,0.54,8.76,1.0043496972836685,30.9613786129892,-13.13725834597923,24.1098,0.024604016000000006,50,244,6,1.7877551020408162,0.27969882304865207,0.15240453599999948,0.32239672475568826,0.27243494756788666,1.0911362310032011,0.47368421052631576,0.5806451612903226,1,0,0.0
V2_allz,P1_re300_sl5,P组合,1,,,,300,2,0.05,,,,,,-0.030479775922176322,-0.03146322679103419,0.04628068618721692,-0.2099603017103192,0.01377561315576703,-0.054648326032550654,-0.05215102174673129,0.43243243243243246,6.594594594594595,-1.0890229189212008,17.695071921682693,-7.412325759729321,35.88264,0.0366002928,37,244,1,0.9959183673469387,0.03844497819584337,-0.06257541023299817,0.03423809729462923,-0.10129524802953549,0.0519046126046494,0.4375,0.42857142857142855,0,0,0.0
V2_allz,P1_re300_sl8,P组合,1,,,,300,2,0.08,,,,,,-0.06621827244906964,-0.0683134849000806,-0.11877275176899861,-0.291760382945946,-0.03173649766830611,-0.11486650429587442,-0.20574509252822729,0.5,5.545454545454546,0.22092392623880852,12.603056538633272,-11.67581059663011,42.9588,0.04381797600000001,44,244,1,0.9959183673469387,0.06555407385476007,0.21312590264462172,-0.23026808222025386,0.25855259713040346,-0.296705201099821,0.6111111111111112,0.4230769230769231,0,0,0.0
V2_allz,P1_re300_sl10,P组合,1,,,,300,2,0.1,,,,,,0.01548419188362038,0.01599590955765784,0.18847722252643787,-0.20602663722790548,0.04594614601000113,-0.03147190897072494,0.031078111352410127,0.4594594594594595,6.594594594594595,-0.7910173931218956,12.603056538633272,-11.428004753622446,36.49334,0.037223206800000005,37,244,1,0.9959183673469387,0.08875703895333449,0.23962412032350278,-0.18081281637323188,0.2914143644584346,-0.250025307380381,0.5882352941176471,0.35,0,0,0.0
V2_allz,P2_re300_sl5,P组合,2,,,,300,2,0.05,,,,,,0.06663816006556633,0.06889663766429344,0.40566156176190404,-0.1463310967820588,0.08914714831217585,0.028806253609644283,0.2719951671151,0.4520547945205479,6.684931506849315,-0.7640530018486524,17.695071921682715,-7.685715999554398,35.67206,0.036385501199999996,73,244,1,1.9918367346938775,0.08151652312871255,0.10159301432337009,-0.03173118729267954,0.1838956983206168,-0.13099924675034302,0.4838709677419355,0.42857142857142855,0,0,0.0
V3_allz,P1_re300_sl5,P组合,1,,,,300,2,0.05,,,,,,-0.2913140213311175,-0.2992700380053833,-0.8128958610545739,-0.3845620597531034,-0.28231705961467535,-0.32799688286479145,-0.9342909063917341,0.4375,5.083333333333333,-1.4628333716960207,9.091038628807091,-12.040210327437773,41.49322,0.042323084399999995,48,244,1,0.9959183673469387,0.015485001819958863,0.08978289235993309,-0.3496998497249144,0.028570710290046764,-0.34666317987441986,0.5,0.375,0,0,0.0
V3_allz,P1_re300_sl8,P组合,1,,,,300,2,0.08,,,,,,-0.46146271643079695,-0.47228045676564767,-1.1951882665495035,-0.46369885355106655,-0.5205671797340822,-0.5012827924933296,-1.8426379290100436,0.3953488372093023,5.674418604651163,-1.27715072838408,9.091038628807091,-12.040210327437773,32.2363,0.032881025999999994,43,244,1,0.9959183673469387,0.01988641098886839,-0.1494123681689139,-0.3668644318165337,-0.1574727456481434,-0.4080699408468086,0.43478260869565216,0.35,0,0,0.0
V3_allz,P1_re300_sl10,P组合,1,,,,300,2,0.1,,,,,,-0.3877048949366806,-0.39747385692228276,-0.893391626492482,-0.39912918991191915,-0.39156511656598925,-0.420902881389869,-1.5444553490918176,0.4358974358974359,6.256410256410256,-0.7763344093773328,9.091038628807091,-12.040210327437773,27.522,0.028072439999999997,39,244,1,0.9959183673469387,0.015510882910458405,-0.24615272055341253,-0.18777301217719278,-0.25209876877014614,-0.22570375013575028,0.42857142857142855,0.4444444444444444,0,0,0.0
V3_allz,P2_re300_sl5,P组合,2,,,,300,2,0.05,,,,,,0.01625175550843161,0.016789048496663295,0.19976099053264793,-0.23325043571591886,0.05472678709582268,-0.17334798884403813,-0.05075529377362788,0.4845360824742268,5.030927835051546,-0.39520925302358734,26.980932047614694,-12.040210327437773,46.56792,0.047501208399999995,97,244,1,1.9918367346938775,0.09655193574350084,0.2791473575333505,-0.20552409421528584,0.4342577645944432,-0.42363776472933434,0.5106382978723404,0.46,0,0,0.0
V3_allz,P2_re300_sl8,P组合,2,,,,300,2,0.08,,,,,,-0.07431431265509414,-0.07665501849980982,-0.11234855468223601,-0.24397577556990646,-0.032925705540129524,-0.2632686127954239,-0.28672127558687405,0.4945054945054945,5.362637362637362,-0.039489732669506505,26.980488953247715,-12.040210327437773,43.30494,0.044172588799999996,91,244,1,1.9918367346938775,0.05997709307683938,0.16590118791542796,-0.2060341845950222,0.3300641151462813,-0.4460933282727124,0.5555555555555556,0.43478260869565216,0,0,0.0
V3_allz,P2_re300_sl10,P组合,2,,,,300,2,0.1,,,,,,-0.20841263656232367,-0.21445522148364915,-0.65402819032328,-0.32749134076491204,-0.1901137173476537,-0.46213124464602773,-0.8984761005979357,0.4588235294117647,5.741176470588235,-0.4515329510830779,26.97763032149534,-12.040210327437773,39.01134,0.0399305868,85,244,1,1.9918367346938775,0.03261539292041386,0.12817151835409057,-0.2983448433510034,0.20087107921965797,-0.5521011666768705,0.5348837209302325,0.38095238095238093,0,0,0.0
V3_allz,Q1_re300_tp20,Q组合,1,,,,300,2,,0.2,,,,,-0.3264185521154389,-0.3350889299208436,-0.7581110260297873,-0.3821338141688795,-0.3096358410849044,-0.3700337671742109,-0.8533625471989289,0.4,6.1,-1.1180221366026477,22.892048067502447,-14.623337597029252,31.2897,0.031915493999999996,40,244,1,0.9959183673469387,0.021973294593989834,-0.18105567232908315,-0.17750031946587663,-0.1918805339505213,-0.22045407975951647,0.42857142857142855,0.3684210526315789,0,0,0.0
V3_allz,Q1_re300_tp40,Q组合,1,,,,300,2,,0.4,,,,,-0.33477937074066255,-0.3436109828366225,-0.7064098866563068,-0.3989714107988097,-0.3091561897680003,-0.37427612799558874,-1.1360532054937367,0.4358974358974359,6.256410256410256,-0.7763344093773439,12.845261033199451,-14.623337597029252,29.85058,0.030447591600000004,39,244,1,0.9959183673469387,0.020903037665988895,-0.18105567232908315,-0.18770958320057007,-0.1918805339505213,-0.22570375013575006,0.42857142857142855,0.4444444444444444,0,0,0.0
V2_allz,U2_re300_h10,U持有上限,2,10,,,300,2,,,,,,,0.10960696393168057,0.11339721394413704,0.6239600399980385,-0.12894716690880736,0.12453215762842318,0.14425171399860215,0.558500486976447,0.47560975609756095,5.951219512195122,-0.15607197539895812,11.737053629214312,-9.83686035941378,40.30724,0.04111338480000001,82,244,1,1.9918367346938775,0.10955543102550655,0.20833136484402393,-0.08170308558123618,0.41322389275080185,-0.19032524155012276,0.5263157894736842,0.4318181818181818,0,0,0.0
V2_allz,U2_re300_h20,U持有上限,2,20,,,300,2,,,,,,,0.0790476709728789,0.08174259536445216,0.5008385523486886,-0.17984650804219893,0.09435406076748898,0.05345737988129451,0.32915253773363595,0.4647887323943662,6.873239436619718,-0.27493889650973546,12.603056538633272,-11.198226392172517,34.83954,0.0355363308,71,244,1,1.9918367346938775,0.09833627400059344,0.2316131308098235,-0.12387449924038096,0.4270621300274535,-0.26179991906797484,0.5151515151515151,0.42105263157894735,0,0,0.0
V2_allz,U2_re300_h30,U持有上限,2,30,,,300,2,,,,,,,0.09064817983005025,0.09375548047805271,0.5360725470742174,-0.15036283462800104,0.10746884833517267,0.08775226417193704,0.41736689583500053,0.5072463768115942,7.072463768115942,0.056213232660784485,12.603056538633272,-11.198226392172517,33.77286,0.034448317199999995,69,244,1,1.9918367346938775,0.07642239446803101,0.15430758761937624,-0.05514943198165834,0.25789246347039696,-0.13525814347361675,0.5,0.5128205128205128,0,0,0.0
V2_allz,V2_re300_q0.2,V择时,2,,,,300,2,,,,,,0.2,0.08220004816661208,0.08500661655896913,0.48636227122276515,-0.1482290326023853,0.10134295170504504,0.08387607245123396,0.40832966531595694,0.46875,7.359375,-0.36689907832366253,11.963854914963479,-10.859347875762126,31.36718,0.0319945236,64,244,7,1.9224489795918367,0.12359728846977162,0.1842123343544011,-0.08614357681336171,0.3093129526714924,-0.17217952343653342,0.5333333333333333,0.4117647058823529,0,0,0.0
V2_allz,V2_re300_q0.4,V择时,2,,,,300,2,,,,,,0.4,0.0787112545946933,0.08139428297314155,0.4967351307898284,-0.11774081568425576,0.09428054822776766,0.09570757145419106,0.44913274022073313,0.45161290322580644,7.5,-0.345691833975309,11.963854914963479,-7.14559669031507,30.36224,0.030969484799999995,62,244,6,1.8979591836734695,0.11850863036197247,0.14871354976396378,-0.06093973139226394,0.22313759251275345,-0.10418289964972494,0.5,0.4117647058823529,0,0,0.0
V2_allz,W2_h10_tr15,W移动,2,10,,,,,,,0.15,,,,-0.19535578329977143,-0.2010696126271827,-0.7678684325763221,-0.27344222279002084,-0.18667634583057213,-0.365018599780657,-0.9641888706118722,0.42,9.76,-1.1801097472439126,11.767086676185667,-17.352390339296097,23.13768,0.0236587736,50,244,1,1.9918367346938775,0.01591044279871641,0.017761804057560004,-0.2093982958563433,-0.0018447834383800155,-0.3638450316307664,0.46153846153846156,0.375,0,0,0.0
V2_allz,W2_h10_tr20,W移动,2,10,,,,,,,0.2,,,,-0.19535578329977143,-0.2010696126271827,-0.7678684325763221,-0.27344222279002084,-0.18667634583057213,-0.365018599780657,-0.9641888706118722,0.42,9.76,-1.1801097472439126,11.767086676185667,-17.352390339296097,23.13768,0.0236587736,50,244,1,1.9918367346938775,0.01591044279871641,0.017761804057560004,-0.2093982958563433,-0.0018447834383800155,-0.3638450316307664,0.46153846153846156,0.375,0,0,0.0
V2_allz,W2_h10_tr25,W移动,2,10,,,,,,,0.25,,,,-0.267223194926969,-0.2746551079832422,-1.1484960922467975,-0.3103875435976762,-0.2799523968573313,-0.44725815512073597,-1.2553524924385755,0.42,9.76,-1.1801097472439126,11.767086676185667,-22.391022197699904,22.94826,0.023649255200000004,50,244,1,1.9918367346938775,0.019265513120178802,0.017761804057560004,-0.2800114897693793,-0.0018447834383800155,-0.44623658153757595,0.46153846153846156,0.375,0,0,0.0
V2_allz,W2_h20_tr15,W移动,2,20,,,,,,,0.15,,,,0.32814243772633356,0.3405575474751421,1.5006856522924976,-0.12169703376100238,0.30521535023500723,0.7333356979392966,1.5943872573548437,0.5769230769230769,18.76923076923077,2.2082881897625084,15.683396001250216,-12.5117399870465,12.7423,0.012997146,26,244,1,1.9918367346938775,0.16129644026256243,0.24296456952382584,0.06852799371034224,0.5294459445956146,0.13330955177862758,0.6428571428571429,0.5,0,0,0.0
V2_allz,W2_h20_tr20,W移动,2,20,,,,,,,0.2,,,,0.32814243772633356,0.3405575474751421,1.5006856522924976,-0.12169703376100238,0.30521535023500723,0.7333356979392966,1.5943872573548437,0.5769230769230769,18.76923076923077,2.2082881897625084,15.683396001250216,-12.5117399870465,12.7423,0.012997146,26,244,1,1.9918367346938775,0.16129644026256243,0.24296456952382584,0.06852799371034224,0.5294459445956146,0.13330955177862758,0.6428571428571429,0.5,0,0,0.0
V2_allz,W2_h20_tr25,W移动,2,20,,,,,,,0.25,,,,0.32814243772633356,0.3405575474751421,1.5006856522924976,-0.12169703376100238,0.30521535023500723,0.7333356979392966,1.5943872573548437,0.5769230769230769,18.76923076923077,2.2082881897625084,15.683396001250216,-12.5117399870465,12.7423,0.012997146,26,244,1,1.9918367346938775,0.16129644026256243,0.24296456952382584,0.06852799371034224,0.5294459445956146,0.13330955177862758,0.6428571428571429,0.5,0,0,0.0
V2_allz,W2_h30_tr15,W移动,2,30,,,,,,,0.15,,,,-0.020371314028102883,-0.021032153173874635,0.007151083696634496,-0.195234743743672,0.001482913745145309,-0.16907109710627466,-0.20139830571745185,0.3888888888888889,27.11111111111111,-2.584348529200997,36.05024309841058,-17.352390339296097,8.7953,0.008971205999999999,18,244,1,1.9918367346938775,0.08189407732835643,0.19331907120315805,-0.17907229540529168,0.3809793546437772,-0.39830461614101165,0.5,0.25,0,0,0.0
V2_allz,W2_h30_tr20,W移动,2,30,,,,,,,0.2,,,,-0.020371314028102883,-0.021032153173874635,0.007151083696634496,-0.195234743743672,0.001482913745145309,-0.16907109710627466,-0.20139830571745185,0.3888888888888889,27.11111111111111,-2.584348529200997,36.05024309841058,-17.352390339296097,8.7953,0.008971205999999999,18,244,1,1.9918367346938775,0.08189407732835643,0.19331907120315805,-0.17907229540529168,0.3809793546437772,-0.39830461614101165,0.5,0.25,0,0,0.0
V2_allz,W2_h30_tr25,W移动,2,30,,,,,,,0.25,,,,-0.08644432963831916,-0.08914836735528686,-0.3313011827516234,-0.248278055544923,-0.06846669195748056,-0.30128188845835524,-0.4914273947156768,0.3333333333333333,27.11111111111111,-3.0991450072660074,36.05024309841058,-25.541982178315546,8.76812,0.008943482400000001,18,244,1,1.9918367346938775,0.08257992785590175,0.19331907120315805,-0.23444140598491114,0.3809793546437772,-0.49404159505202827,0.5,0.125,0,0,0.0
V2_allz,X_re300_close_overlap,X口径,2,,close_overlap,,300,2,,,,,,,-0.02684099106487925,-0.027708718887424322,0.1050320733001215,-0.32539841891114074,0.03752821568071163,-0.026840991064879582,0.1219318842021211,0.463768115942029,7.072463768115942,-0.41701762583744584,12.9980687779798,-10.308136589823057,33.87328,0.034550745599999995,69,244,1,1.9918367346938775,nan,0.19892708687622696,-0.18830843043953505,0.18846866465855716,-0.18116561431200562,0.4666666666666667,0.46153846153846156,0,0,99290.0
V2_allz,X_re300_close_seq,X口径,2,,close_seq,,300,2,,,,,,,-0.15362476599656516,-0.15824062589753696,-0.701989561018656,-0.18530494559214372,-0.14478365316027886,-0.3257931379364968,-1.1150070203040419,0.43548387096774194,6.903225806451613,-1.1460561835192618,8.793590309593302,-10.401551875780068,28.90252,0.029492440400000004,62,244,5,1.7469387755102042,0.13650824075945356,-0.024752018049517543,-0.13214356792546578,-0.1402716642220423,-0.2157908097173259,0.40625,0.4666666666666667,0,0,0.0
V3_allz,V2_re300_q0.4,V择时,2,,,,300,2,,,,,,0.4,0.32922768879661124,0.3416888729369838,1.295708444513882,-0.1261276298178836,0.3150215569145648,0.5376745962519929,1.0538733423692654,0.569620253164557,5.367088607594937,1.5272325491668681,18.551457543470583,-14.623337597029252,38.63568,0.03940839360000001,79,244,11,1.7306122448979593,0.2866968308587577,0.3380413016315158,-0.006586951257899432,0.7983171179564879,-0.14493690745749843,0.6756756756756757,0.47619047619047616,0,0,0.0
V3_allz,W2_h10_tr15,W移动,2,10,,,,,,,0.15,,,,0.0930182995139599,0.09621037035755609,0.47217211535544956,-0.24439467307677942,0.12466382017010946,-0.054065258110334025,0.24228600675969741,0.42,9.76,-1.487581858341025,49.408054669144796,-15.818927268035631,24.41354,0.024901810800000004,50,244,1,1.9918367346938775,0.1500416580237018,0.28231172149681427,-0.14761888143851365,0.24479666616220985,-0.24008894978322448,0.5,0.3333333333333333,0,0,0.0
V3_allz,W2_h10_tr20,W移动,2,10,,,,,,,0.2,,,,0.17110350845199607,0.17718388360669568,0.710369349649311,-0.2179350782117362,0.1975658439359873,0.09355431977102557,0.4500783573832619,0.42,9.76,-1.487581858341025,49.408054669144796,-15.818927268035631,24.45362,0.024942692400000004,50,244,1,1.9918367346938775,0.1555505082807537,0.28231172149681427,-0.08672478866137823,0.24479666616220985,-0.12149963966201371,0.5,0.3333333333333333,0,0,0.0
V3_allz,W2_h10_tr25,W移动,2,10,,,,,,,0.25,,,,0.19232233940346122,0.19921869940736747,0.7521151644332101,-0.2654346897849421,0.2195625389809669,0.14781732991400398,0.5182689827738614,0.44,9.76,-1.3482931413466237,49.408054669144796,-15.818927268035631,24.38286,0.0248705172,50,244,1,1.9918367346938775,0.15262192487785717,0.28231172149681427,-0.07017746198897101,0.24479666616220985,-0.07790777312024777,0.5,0.375,0,0,0.0
V3_allz,W2_h20_tr15,W移动,2,20,,,,,,,0.15,,,,0.08745855270706682,0.09045204862719936,0.42949658593441714,-0.2360534808346404,0.13331817160563064,-0.0188622291048548,0.2431518822353162,0.4230769230769231,18.76923076923077,-1.423049766674367,31.54598253091514,-18.417822053289022,12.66408,0.012917361600000002,26,244,1,1.9918367346938775,0.08015861100897376,0.14187940869035676,-0.04765902210786521,-0.05885209982792472,0.0424905274885683,0.2857142857142857,0.5833333333333334,0,0,0.0
V3_allz,W2_h20_tr20,W移动,2,20,,,,,,,0.2,,,,0.015624429076414925,0.016140818003835156,0.20214451337179418,-0.2372703579242148,0.058289630811849014,-0.13787306797849141,-0.0008924876492069302,0.4230769230769231,18.76923076923077,-0.8688743948881861,31.54598253091514,-22.615204016421366,12.4804,0.012730008000000001,26,244,1,1.9918367346938775,0.07484570696963662,0.14187940869035676,-0.11056769975276648,-0.05885209982792472,-0.08396232742602827,0.2857142857142857,0.5833333333333334,0,0,0.0
V3_allz,W2_h20_tr25,W移动,2,20,,,,,,,0.25,,,,-0.12058781648059058,-0.12428513196425173,-0.293662560639975,-0.299702201618946,-0.08517431715725066,-0.35955837876811403,-0.5047929207481157,0.34615384615384615,18.76923076923077,-1.8741898962880033,31.54598253091514,-25.509274873301145,12.37086,0.0126394972,26,244,1,1.9918367346938775,0.07255334176780502,0.14187940869035676,-0.22985546737547025,-0.05885209982792472,-0.319510120444629,0.2857142857142857,0.4166666666666667,0,0,0.0
V3_allz,W2_h30_tr15,W移动,2,30,,,,,,,0.15,,,,-0.16662728287855288,-0.171592837933486,-0.5437610903521275,-0.39919073664534543,-0.14526462373758797,-0.3933596554613178,-0.6976544788030908,0.4,24.4,-1.8754507909464757,25.913060969270596,-17.695164620327198,9.133,0.009359280000000001,20,244,1,1.9918367346938775,0.059588925986679926,0.2381521145907306,-0.32692218726540123,0.09109588174147465,-0.4440082171601303,0.5,0.3,0,0,0.0
V2_allz,S2_re300_sl8_tp40,S组合,2,,,,300,2,0.08,0.4,,,,,-0.005874006434355428,-0.006066011515637237,0.07733439158233153,-0.16792062273882247,0.015924502937017748,-0.11354481017310336,-0.10964657674664516,0.4657534246575342,6.684931506849315,-0.29240016643293787,12.603056538633272,-10.228650895594738,35.66126,0.0363744852,73,244,1,1.9918367346938775,0.05226332513097479,0.14196133293560043,-0.12945739501522413,0.22588370578898243,-0.2768847602421053,0.5161290322580645,0.42857142857142855,0,0,0.0
V2_allz,S2_re300_sl8_tr15,S组合,2,,,,300,2,0.08,,0.15,,,,-0.005874006434355428,-0.006066011515637237,0.07733439158233153,-0.16792062273882247,0.015924502937017748,-0.11354481017310336,-0.10964657674664516,0.4657534246575342,6.684931506849315,-0.29240016643293787,12.603056538633272,-10.228650895594738,35.66126,0.0363744852,73,244,1,1.9918367346938775,0.05226332513097479,0.14196133293560043,-0.12945739501522413,0.22588370578898243,-0.2768847602421053,0.5161290322580645,0.42857142857142855,0,0,0.0
V2_allz,T2_re150,T细化,2,,,,150,2,,,,,,,-0.1766348719553097,-0.18186493011595395,-0.7989244656890795,-0.19842902326485712,-0.17072587831124164,-0.3943720092687433,-1.2980871398358287,0.42452830188679247,4.60377358490566,-0.7301128186897321,7.905653268014401,-8.083930114298033,47.39086,0.048739407199999994,106,244,1,1.9918367346938775,0.023208910469014115,-0.04781367269867687,-0.13528990656874507,-0.10338972429593307,-0.3245359693700979,0.4583333333333333,0.39655172413793105,0,0,0.0
V2_allz,T2_re250,T细化,2,,,,250,2,,,,,,,-0.17744426378531453,-0.18269553612691514,-0.7688267686267999,-0.28829471438232457,-0.17009122415100608,-0.3625102313031321,-1.1204142722968466,0.3875,6.1,-1.0781796466883042,11.737053629214312,-7.714775793232176,36.5395,0.03756095,80,244,1,1.9918367346938775,0.03469980257940265,-0.015825687480119033,-0.16421743003166478,-0.09517530595739443,-0.29545493962076774,0.45714285714285713,0.3333333333333333,0,0,0.0
V2_allz,T2_re400,T细化,2,,,,400,2,,,,,,,-0.16583021886293803,-0.1707745327710185,-0.752281105580496,-0.25293350238416956,-0.1584005919181648,-0.35538941627004683,-1.0618680239624567,0.3617021276595745,10.382978723404255,-1.3137796294175663,17.371993310392607,-13.734792590290168,20.92208,0.021659531599999997,47,244,1,1.9918367346938775,0.014407960629909502,0.04433642549701067,-0.20124419605485688,-0.004330794921383885,-0.35258559726264116,0.3157894736842105,0.39285714285714285,0,0,0.0
V2_allz,T2_re300_mh3,T细化,2,,,,300,3,,,,,,,0.24968337595683465,0.25884935832843947,1.327802528186924,-0.10731623818755409,0.2397541129398152,0.5099618048775083,1.3066678946508907,0.53125,7.625,0.54710339363927,14.783045297111652,-11.198226392172517,31.32878,0.0319553556,64,244,1,1.9918367346938775,0.11289164238608201,0.16734008106345355,0.07053925092537372,0.33536526868266314,0.13074814830782944,0.5333333333333333,0.5294117647058824,0,0,0.0
V2_allz,T2_re300_mh5,T细化,2,,,,300,5,,,,,,,0.12141680033046587,0.12563804947312462,0.6692451803559116,-0.13825915147780465,0.1357218306976984,0.19970613816356697,0.6889397600339495,0.5,8.714285714285714,-0.05824621121018336,17.695071921682715,-7.710988800417196,27.05618,0.027598073600000002,56,244,1,1.9918367346938775,0.06222068105943471,0.05059639276400052,0.0674097189503422,0.08247982922940622,0.10829422014968304,0.5172413793103449,0.48148148148148145,0,0,0.0
V2_allz,T2_re300_mh8,T细化,2,,,,300,8,,,,,,,-0.14841705330688804,-0.152890962426804,-0.6690620942255768,-0.22722707933175845,-0.1385627874618719,-0.2589742913962948,-0.7402271478951702,0.37777777777777777,10.844444444444445,-2.104791652334004,11.136505429859156,-8.634214662049832,19.48246,0.0202352292,45,244,1,1.9918367346938775,0.02177221928446986,-0.06716113195492324,-0.08710606315349012,-0.16955535575580005,-0.10767597366092463,0.391304347826087,0.36363636363636365,0,0,0.0
V3_allz,Q1_re300_tp60,Q组合,1,,,,300,2,,0.6,,,,,-0.33477937074066255,-0.3436109828366225,-0.7064098866563068,-0.3989714107988097,-0.3091561897680003,-0.37427612799558874,-1.1360532054937367,0.4358974358974359,6.256410256410256,-0.7763344093773439,12.845261033199451,-14.623337597029252,29.85058,0.030447591600000004,39,244,1,0.9959183673469387,0.020903037665988895,-0.18105567232908315,-0.18770958320057007,-0.1918805339505213,-0.22570375013575006,0.42857142857142855,0.4444444444444444,0,0,0.0
V3_allz,Q2_re300_tp20,Q组合,2,,,,300,2,,0.2,,,,,0.13967493269914355,0.14457081558183904,0.6008213823247781,-0.2160481770759668,0.17330409181018236,0.02329682513280429,0.35908774738084387,0.5057471264367817,5.609195402298851,0.002383513898074341,26.980932047614715,-14.623337597029252,42.4344,0.043283088,87,244,1,1.9918367346938775,0.12596762621961138,0.2826296731636462,-0.11145441545251278,0.5440075161891453,-0.3372462151878237,0.5813953488372093,0.4318181818181818,0,0,0.0
V3_allz,Q2_re300_tp40,Q组合,2,,,,300,2,,0.4,,,,,-0.07008082753567546,-0.07229345994372838,-0.0930774544240279,-0.3016368200926517,-0.027604238387123115,-0.30833483505424286,-0.3115868452130724,0.4823529411764706,5.741176470588235,-0.26653975316212053,26.980932047614715,-14.623337597029252,41.27856,0.0421041312,85,244,1,1.9918367346938775,0.10716865320997976,0.2826296731636462,-0.2749901301046239,0.5440075161891453,-0.5520325142892468,0.5813953488372093,0.38095238095238093,0,0,0.0
V3_allz,Q2_re300_tp60,Q组合,2,,,,300,2,,0.6,,,,,-0.07008082753567546,-0.07229345994372838,-0.0930774544240279,-0.3016368200926517,-0.027604238387123115,-0.30833483505424286,-0.3115868452130724,0.4823529411764706,5.741176470588235,-0.26653975316212053,26.980932047614715,-14.623337597029252,41.27856,0.0421041312,85,244,1,1.9918367346938775,0.10716865320997976,0.2826296731636462,-0.2749901301046239,0.5440075161891453,-0.5520325142892468,0.5813953488372093,0.38095238095238093,0,0,0.0
V3_allz,R1_re300_tr10,R组合,1,,,,300,2,,,0.1,,,,-0.48284106582602226,-0.4939019596089115,-1.528541868344157,-0.4849707202262805,-0.5837437901180511,-0.5134853548968508,-1.9359161983046742,0.40476190476190477,5.809523809523809,-1.1180221366026533,9.091038628807091,-12.040210327437773,29.2014,0.029785428000000003,42,244,1,0.9959183673469387,0.01686877909685928,-0.24615272055341253,-0.31397386675769,-0.25209876877014614,-0.34949345610366056,0.42857142857142855,0.38095238095238093,0,0,0.0
V3_allz,R1_re300_tr15,R组合,1,,,,300,2,,,0.15,,,,-0.19998044053847985,-0.20581153360953208,-0.26341935219712737,-0.3093211483363839,-0.118849966644205,-0.24539298737256166,-0.5132240883578882,0.5121951219512195,5.951219512195122,0.02024412528049968,12.845261033199451,-17.769793646755293,35.5646,0.036275892000000004,41,244,1,0.9959183673469387,0.01503775040602346,-0.014719089229663251,-0.1880289664436623,-0.025428558178170357,-0.22570375013574906,0.5652173913043478,0.4444444444444444,0,0,0.0
V3_allz,R1_re300_tr20,R组合,1,,,,300,2,,,0.2,,,,-0.33477937074066255,-0.3436109828366225,-0.7064098866563068,-0.3989714107988097,-0.3091561897680003,-0.37427612799558874,-1.1360532054937367,0.4358974358974359,6.256410256410256,-0.7763344093773439,12.845261033199451,-14.623337597029252,29.85058,0.030447591600000004,39,244,1,0.9959183673469387,0.020903037665988895,-0.18105567232908315,-0.18770958320057007,-0.1918805339505213,-0.22570375013575006,0.42857142857142855,0.4444444444444444,0,0,0.0
V3_allz,R2_re300_tr10,R组合,2,,,,300,2,,,0.1,,,,-0.11592637863290634,-0.11949068487760761,-0.27249599989615464,-0.2707684863150098,-0.07949516936557266,-0.31276157605521304,-0.3782249357024114,0.4888888888888889,5.4222222222222225,-0.18497563275295392,26.97763032149534,-12.040210327437773,41.68678,0.0426557256,90,244,1,1.9918367346938775,0.03154227055664019,0.12817151835409057,-0.21636594526257458,0.20087107921965797,-0.4277167334303993,0.5348837209302325,0.44680851063829785,0,0,0.0
V4_allz,R1_re300_tr10,R组合,1,,,,300,2,,,0.1,,,,0.6612056346446378,0.6890806709901884,1.9491731022287662,-0.18934711953283911,0.5484488276694591,0.6240474336523754,1.0923419772339946,0.4375,5.083333333333333,-0.5248509656816225,37.28518944377852,-15.703875015515589,47.43842,0.0483871884,48,244,1,0.9959183673469387,0.27703235705492,0.5778045316107792,0.052858957724449374,0.5847513100297399,0.024796397626513533,0.48148148148148145,0.38095238095238093,4,0,0.0
V4_allz,R1_re300_tr15,R组合,1,,,,300,2,,,0.15,,,,0.6448487659494209,0.6719068256723393,1.8950807336084246,-0.19124227383611592,0.5395024036578726,0.5878436901131325,1.050291177313413,0.4375,5.083333333333333,-0.4910748771054574,37.28518944377852,-18.242145329282756,47.43942,0.0483882084,48,244,1,0.9959183673469387,0.27188408015243,0.5614476629155616,0.053412679153222786,0.5494235672477663,0.024796397626513533,0.48148148148148145,0.38095238095238093,4,0,0.0
V4_allz,R1_re300_tr20,R组合,1,,,,300,2,,,0.2,,,,0.6279476607410082,0.6541674425892778,1.8299578508276206,-0.19324075256986584,0.5307177548410232,0.5532957613579295,1.0111477596122047,0.44680851063829785,5.191489361702128,-0.47156316067618054,37.28518944377852,-20.03585635101156,46.43688,0.04736561760000001,47,244,1,0.9959183673469387,0.2711804892504784,0.5445465577071491,0.053997144092352345,0.5157115744702561,0.024796397626513533,0.5,0.38095238095238093,4,0,0.0
V4_allz,R2_re300_tr10,R组合,2,,,,300,2,,,0.1,,,,0.3396054540627613,0.3525087527972228,1.2301002940481787,-0.25459721621366505,0.3293489777367532,0.5257227657339054,0.9308686990623575,0.45454545454545453,4.929292929292929,-0.38818593109107846,37.28518944377852,-15.703875015515589,47.96832,0.048966666400000004,99,244,1,1.9918367346938775,0.15865397185403718,0.30142260442674984,0.02933931645733967,0.5763131743993326,-0.03209413553541163,0.4716981132075472,0.43478260869565216,6,0,0.0
V4_allz,R2_re300_tr15,R组合,2,,,,300,2,,,0.15,,,,0.19336556746262246,0.20030237904325943,0.7347861986055212,-0.2943035712293429,0.22504059185679293,0.02962697725931762,0.4342114514558115,0.42857142857142855,5.362637362637362,-0.5410979675299132,37.28518944377852,-21.425836097927963,44.08136,0.045001967200000006,91,244,1,1.9918367346938775,0.15104911774220414,0.29134132804606416,-0.07587131183332385,0.5402570443590917,-0.3315226305699186,0.48,0.36585365853658536,5,0,0.0
V4_allz,R2_re300_tr20,R组合,2,,,,300,2,,,0.2,,,,0.3292636709827954,0.3417263832676183,1.1902243157480754,-0.24805737020323892,0.32246153804306776,0.4814160784193955,0.8917886032648285,0.4574468085106383,5.191489361702128,-0.45854496769930364,37.28518944377852,-20.03585635101156,45.52826,0.0464778052,94,244,1,1.9918367346938775,0.15510568650784304,0.2757618108937452,0.04193718579142036,0.48500959787776,-0.0024198627830425146,0.46938775510204084,0.4444444444444444,6,0,0.0
V4_allz,S1_re300_sl8_tp40,S组合,1,,,,300,2,0.08,0.4,,,,,0.6612056346446378,0.6890806709901884,1.9491731022287662,-0.18934711953283911,0.5484488276694591,0.6240474336523754,1.0923419772339946,0.4375,5.083333333333333,-0.5248509656816225,37.28518944377852,-15.703875015515589,47.43842,0.0483871884,48,244,1,0.9959183673469387,0.27703235705492,0.5778045316107792,0.052858957724449374,0.5847513100297399,0.024796397626513533,0.48148148148148145,0.38095238095238093,4,0,0.0
V4_allz,S1_re300_sl8_tr15,S组合,1,,,,300,2,0.08,,0.15,,,,0.6612056346446378,0.6890806709901884,1.9491731022287662,-0.18934711953283911,0.5484488276694591,0.6240474336523754,1.0923419772339946,0.4375,5.083333333333333,-0.5248509656816225,37.28518944377852,-15.703875015515589,47.43842,0.0483871884,48,244,1,0.9959183673469387,0.27703235705492,0.5778045316107792,0.052858957724449374,0.5847513100297399,0.024796397626513533,0.48148148148148145,0.38095238095238093,4,0,0.0
V5_allz,P1_re300_sl5,P组合,1,,,,300,2,0.05,,,,,,-0.14555429825825839,-0.14994971764187037,-0.4638521945237521,-0.3222730918971217,-0.12168929807576967,-0.1765463605200117,-0.6642221758825518,0.3939393939393939,7.393939393939394,-1.0797143842845358,13.103046618061809,-10.141364009007903,29.5922,0.030184044,33,244,1,0.9959183673469387,0.03950552633461372,0.08947076331498538,-0.2157240648276989,0.05547416733520927,-0.21982587071838144,0.3076923076923077,0.45,0,0,0.0
V5_allz,P1_re300_sl8,P组合,1,,,,300,2,0.08,,,,,,-0.1363109804632543,-0.14045077006686701,-0.3762934488346656,-0.3156753562183119,-0.10576139678560925,-0.1660173638047613,-0.5075522017125678,0.3870967741935484,7.870967741935484,-1.6200169734611025,13.103046618061809,-10.141364009007903,28.45626,0.029025385200000003,31,244,1,0.9959183673469387,0.04169422942280853,0.08947076331498538,-0.20723983734197848,0.05547416733520927,-0.20985026255941208,0.3076923076923077,0.4444444444444444,0,0,0.0
V5_allz,P1_re300_sl10,P组合,1,,,,300,2,0.1,,,,,,-0.1363109804632543,-0.14045077006686701,-0.3762934488346656,-0.3156753562183119,-0.10576139678560925,-0.1660173638047613,-0.5075522017125678,0.3870967741935484,7.870967741935484,-1.6200169734611025,13.103046618061809,-10.141364009007903,28.45626,0.029025385200000003,31,244,1,0.9959183673469387,0.04169422942280853,0.08947076331498538,-0.20723983734197848,0.05547416733520927,-0.20985026255941208,0.3076923076923077,0.4444444444444444,0,0,0.0
V5_allz,P2_re300_sl5,P组合,2,,,,300,2,0.05,,,,,,-0.0882652594194907,-0.09102337195058574,-0.32006152725976444,-0.2757057113104511,-0.06874376656633963,-0.2528330405120641,-0.5279565644208923,0.4230769230769231,6.256410256410256,-1.0103941611617429,13.42744620576315,-10.141364009007914,34.20658,0.0354348616,78,244,1,1.9918367346938775,0.03848346840728306,-0.0356255020735452,-0.05458435230206471,-0.09620822609116719,-0.17329745516880102,0.3783783783783784,0.4634146341463415,0,0,0.0
V5_allz,P2_re300_sl8,P组合,2,,,,300,2,0.08,,,,,,-0.16586447891736378,-0.17080970635716586,-0.629247895178743,-0.3231376283943598,-0.1513754805016584,-0.3609962177723902,-0.8778040708783035,0.42857142857142855,6.9714285714285715,-1.447799182888676,13.103046618061832,-10.501517719064257,30.54292,0.03148807840000001,70,244,1,1.9918367346938775,0.03369198234426331,-0.06016085737129495,-0.11246990761676323,-0.16985834367879526,-0.23024729892561657,0.37142857142857144,0.4857142857142857,0,0,0.0
V5_allz,P2_re300_sl10,P组合,2,,,,300,2,0.1,,,,,,-0.18884487241848003,-0.19439209617275066,-0.7708326174849347,-0.2766704534479689,-0.18079679968653684,-0.4043512858423459,-1.2200608792663878,0.4264705882352941,7.176470588235294,-1.447799182888676,13.103046618061832,-10.141364009007914,29.94312,0.030927632400000002,68,244,1,1.9918367346938775,0.03561697084711806,-0.06016085737129495,-0.1369213189900339,-0.16985834367879526,-0.28247340725282044,0.37142857142857144,0.48484848484848486,0,0,0.0
V5_allz,Q1_re300_tp20,Q组合,1,,,,300,2,,0.2,,,,,-0.19109981483999328,-0.19670493921982457,-0.6300485026267326,-0.3263993143949405,-0.17308697340307622,-0.2190718962705258,-0.7825036045410985,0.3448275862068966,8.413793103448276,-1.839644519771333,13.103046618061809,-10.141364009007903,26.8036,0.027339672,29,244,1,0.9959183673469387,0.03992369969843828,0.08947076331498538,-0.2575292404371381,0.05547416733520927,-0.2601163269574761,0.3076923076923077,0.375,0,0,0.0
V5_allz,Q1_re300_tp40,Q组合,1,,,,300,2,,0.4,,,,,-0.19109981483999328,-0.19670493921982457,-0.6300485026267326,-0.3263993143949405,-0.17308697340307622,-0.2190718962705258,-0.7825036045410985,0.3448275862068966,8.413793103448276,-1.839644519771333,13.103046618061809,-10.141364009007903,26.8036,0.027339672,29,244,1,0.9959183673469387,0.03992369969843828,0.08947076331498538,-0.2575292404371381,0.05547416733520927,-0.2601163269574761,0.3076923076923077,0.375,0,0,0.0
V4_allz,W2_h20_tr15,W移动,2,20,,,,,,,0.15,,,,0.3174126772162851,0.3293738894271594,1.0648307697307289,-0.2585846103320787,0.32285318171776545,0.4796668156309689,0.8360013068647865,0.4827586206896552,16.82758620689655,-0.3418631251855486,54.495836938911246,-18.119409968372434,14.0304,0.014342008000000002,29,244,1,1.9918367346938775,0.13757069654159773,0.33274926088094037,-0.011507478649447456,0.6696397880809768,-0.11378081296706277,0.5714285714285714,0.4,2,0,0.0
V4_allz,W2_h20_tr20,W移动,2,20,,,,,,,0.2,,,,0.4128657133704561,0.42896708912591563,1.4463363244395868,-0.15987539930059835,0.38136097797484136,1.0262334285930867,1.3709747773479475,0.5769230769230769,18.76923076923077,1.922817965328194,37.747105633785736,-21.826969099940328,12.60706,0.012890201200000001,26,244,1,1.9918367346938775,0.18706258226324599,0.4586725712593014,-0.03140311183701561,0.7349705823961463,0.16787768573844097,0.6428571428571429,0.5,2,0,0.0
V4_allz,W2_h20_tr25,W移动,2,20,,,,,,,0.25,,,,0.5709758101287155,0.5944146811816626,1.6758616941090287,-0.1730071587951102,0.4971489826482963,1.4766988791353093,1.485358262703211,0.6153846153846154,18.76923076923077,1.9979505681049337,54.495836938911246,-27.48587514285973,12.66734,0.012951686800000002,26,244,1,1.9918367346938775,0.16600334118326324,0.4586725712593014,0.07699002578245606,0.6700208904107301,0.4830346694203227,0.6428571428571429,0.5833333333333334,2,0,0.0
V4_allz,W2_h30_tr15,W移动,2,30,,,,,,,0.15,,,,-0.26827036327564857,-0.2757256159050817,-0.9251657036062612,-0.46600051440353163,-0.2686133054852057,-0.535647289659005,-0.9148631955663756,0.25,24.4,-4.861509970756505,47.270819948620435,-21.443790964220433,8.80324,0.009218964799999998,20,244,1,1.9918367346938775,0.07258578294649334,0.1617877005676145,-0.3701692345625195,0.1737577893358111,-0.6043879626956461,0.3,0.2,1,0,0.0
V4_allz,W2_h30_tr20,W移动,2,30,,,,,,,0.2,,,,-0.025952474963325645,-0.02679187562235419,0.03904721324507989,-0.3154016241655584,0.010448632861782436,-0.07317840731877101,0.1486716516726581,0.3888888888888889,27.11111111111111,-1.6454787194395026,47.270819948620435,-16.4709569878029,8.4339,0.008633578,18,244,1,1.9918367346938775,0.08642755183203643,0.21139827471292283,-0.19593122644366934,0.1447589644401268,-0.1903783927697702,0.3,0.5,1,0,0.0
V4_allz,W2_h30_tr25,W移动,2,30,,,,,,,0.25,,,,0.1805954700243071,0.18703926107275115,0.732183672259058,-0.20933589477922765,0.20728189878930148,0.3250560163582257,0.7187135198375886,0.4444444444444444,27.11111111111111,-0.5315859903728459,47.270819948620435,-14.45009482719678,8.67102,0.0088754404,18,244,1,1.9918367346938775,0.11536270840544617,0.21139827471292283,-0.025427479410862874,0.10190420777027964,0.2025147077344387,0.3,0.625,1,0,0.0
V4_allz,X_re300_close_overlap,X口径,2,,close_overlap,,300,2,,,,,,,2.126900272751446,2.2459907452872563,1.8167618668714525,-0.36610542067492213,1.4282762385210805,2.126900272751446,1.8328560467201556,0.5444444444444444,5.4222222222222225,0.6021037317581079,46.998520989492306,-22.574126664778728,43.82374,0.04473919480000001,90,244,1,1.9918367346938775,nan,0.9830958015827553,0.5767772138167986,1.08529313477526,0.4995015427835494,0.5510204081632653,0.5365853658536586,6,0,98462.0
V4_allz,X_re300_close_seq,X口径,2,,close_seq,,300,2,,,,,,,-0.2986376128637317,-0.30674756257703584,-1.123218538044303,-0.4325560527818274,-0.3140509664917176,-0.5458641727237947,-1.3954317994337413,0.40789473684210525,5.407894736842105,-0.5116448568895926,14.93836381301925,-21.697973600887988,33.76062,0.0351613224,76,244,13,1.6775510204081632,0.19593310061966326,0.1866435979074934,-0.40895279056572853,0.10181987280693972,-0.5878311523649755,0.475,0.3333333333333333,2,0,0.0
V4_allz,S2_re300_sl8_tp40,S组合,2,,,,300,2,0.08,0.4,,,,,0.30774021423300457,0.31929481394734927,1.0742477641796824,-0.22053324418568232,0.3114985414217457,0.320149393699817,0.729390797856994,0.44329896907216493,5.030927835051546,-0.38818593109107846,37.28518944377852,-21.425836097927963,47.03138,0.048010987600000006,97,244,1,1.9918367346938775,0.17716663388885817,0.3301656312412964,-0.01685911624957981,0.6851337295116757,-0.21659072477151475,0.4716981132075472,0.4090909090909091,5,0,0.0
V4_allz,S2_re300_sl8_tr15,S组合,2,,,,300,2,0.08,,0.15,,,,0.30774021423300457,0.31929481394734927,1.0742477641796824,-0.22053324418568232,0.3114985414217457,0.320149393699817,0.729390797856994,0.44329896907216493,5.030927835051546,-0.38818593109107846,37.28518944377852,-21.425836097927963,47.03138,0.048010987600000006,97,244,1,1.9918367346938775,0.17716663388885817,0.3301656312412964,-0.01685911624957981,0.6851337295116757,-0.21659072477151475,0.4716981132075472,0.4090909090909091,5,0,0.0
V4_allz,T2_re150,T细化,2,,,,150,2,,,,,,,0.06121424223314831,0.06328349415701129,0.3536367755076091,-0.3372937186931557,0.10258732139623195,-0.08176674799663974,0.20291338834111428,0.488,3.896,-0.10197348689340302,23.63154415782236,-27.73467118995001,60.47984,0.06175943679999999,125,244,1,1.9877551020408164,0.20148466068069562,0.43731729098970895,-0.2616701622629084,1.1019026463186057,-0.5631418735726859,0.578125,0.39344262295081966,6,0,0.0
V4_allz,T2_re250,T细化,2,,,,250,2,,,,,,,0.6677527010909323,0.6959563007472334,2.173324738702687,-0.19642593153380328,0.5439001961015627,1.624952680152588,1.5146714173726834,0.5,5.072916666666667,-0.042956953978279255,45.715047561762745,-27.73467118995001,46.63844,0.047610188799999995,96,244,1,1.9877551020408164,0.3435202669883726,0.7742149979091479,-0.06000529639512597,2.4513435476364123,-0.23944033854577118,0.5686274509803921,0.4222222222222222,6,0,0.0
V4_allz,T2_re400,T细化,2,,,,400,2,,,,,,,0.5316545683051712,0.5532153627689658,1.8434736781194647,-0.20784842317799013,0.458491438047669,1.319629487117786,1.6485281064814665,0.5138888888888888,6.777777777777778,0.1316565548898918,28.148368100721342,-12.546335501947182,35.013,0.03575224,72,244,1,1.9918367346938775,0.23487450345266817,0.3954511980082849,0.09760525519723506,1.0024042754629292,0.15842216057070635,0.5,0.5333333333333333,3,0,0.0
V4_allz,T2_re300_mh3,T细化,2,,,,300,3,,,,,,,0.25858565852055904,0.26811203400377237,0.9792206682014001,-0.2531356263247564,0.26862637901319386,0.30075726747075815,0.687279882823918,0.4430379746835443,6.177215189873418,-0.38818593109107846,52.999320493461546,-20.03585635101156,37.84752,0.0386596504,79,244,1,1.9918367346938775,0.10795617990275642,0.2627784121959331,-0.0033202608113028775,0.41182535553738386,-0.07866984937690835,0.4878048780487805,0.39473684210526316,7,0,0.0
V4_allz,T2_re300_mh5,T细化,2,,,,300,5,,,,,,,0.5058491814020509,0.5261962358461636,1.7183079834679593,-0.17933380915587616,0.4436772183269826,0.7263821622849793,0.9201855180097842,0.46875,7.625,-0.5803782604206276,94.17129793349818,-28.659967003446585,31.37406,0.032001541200000004,64,244,1,1.9918367346938775,0.2890661290984929,0.7133513510121956,-0.12110894212536105,1.5427875211618844,-0.3210670777965209,0.46875,0.46875,4,0,0.0
V4_allz,T2_re300_mh8,T细化,2,,,,300,8,,,,,,,-0.17393627406900447,-0.17909540862440265,-0.4262314407429049,-0.2945792190050204,-0.137576837312832,-0.4010523609466391,-0.45442238833827675,0.43478260869565216,10.608695652173912,-0.8089579052399376,28.610284509418538,-22.03435989549849,19.72468,0.0205141336,46,244,1,1.9918367346938775,0.029069500755606922,-0.08600845522686318,-0.09620200465198692,-0.396059012333966,-0.008267941263550238,0.45454545454545453,0.4166666666666667,2,0,0.0
V3_allz,R2_re300_tr15,R组合,2,,,,300,2,,,0.15,,,,-0.05059435018447267,-0.052209116649764686,-0.02817020483142956,-0.2983424621973769,-0.008227585729152387,-0.2841526321070127,-0.22197055431469834,0.4942528735632184,5.609195402298851,-0.039489732669506505,26.980932047614715,-17.769793646755293,42.2874,0.043133148,87,244,1,1.9918367346938775,0.11737515073248192,0.30476842576183993,-0.27235697073127796,0.5979895655980707,-0.5520325142892465,0.6,0.38095238095238093,0,0,0.0
V3_allz,R2_re300_tr20,R组合,2,,,,300,2,,,0.2,,,,-0.07008082753567546,-0.07229345994372838,-0.0930774544240279,-0.3016368200926517,-0.027604238387123115,-0.30833483505424286,-0.3115868452130724,0.4823529411764706,5.741176470588235,-0.26653975316212053,26.980932047614715,-14.623337597029252,41.27856,0.0421041312,85,244,1,1.9918367346938775,0.10716865320997976,0.2826296731636462,-0.2749901301046239,0.5440075161891453,-0.5520325142892468,0.5813953488372093,0.38095238095238093,0,0,0.0
V3_allz,S1_re300_sl8_tp40,S组合,1,,,,300,2,0.08,0.4,,,,,-0.46146271643079695,-0.47228045676564767,-1.1951882665495035,-0.46369885355106655,-0.5205671797340822,-0.5012827924933296,-1.8426379290100436,0.3953488372093023,5.674418604651163,-1.27715072838408,9.091038628807091,-12.040210327437773,32.2363,0.032881025999999994,43,244,1,0.9959183673469387,0.01988641098886839,-0.1494123681689139,-0.3668644318165337,-0.1574727456481434,-0.4080699408468086,0.43478260869565216,0.35,0,0,0.0
V3_allz,S1_re300_sl8_tr15,S组合,1,,,,300,2,0.08,,0.15,,,,-0.46146271643079695,-0.47228045676564767,-1.1951882665495035,-0.46369885355106655,-0.5205671797340822,-0.5012827924933296,-1.8426379290100436,0.3953488372093023,5.674418604651163,-1.27715072838408,9.091038628807091,-12.040210327437773,32.2363,0.032881025999999994,43,244,1,0.9959183673469387,0.01988641098886839,-0.1494123681689139,-0.3668644318165337,-0.1574727456481434,-0.4080699408468086,0.43478260869565216,0.35,0,0,0.0
V3_allz,S2_re300_sl8_tp40,S组合,2,,,,300,2,0.08,0.4,,,,,-0.07431431265509414,-0.07665501849980982,-0.11234855468223601,-0.24397577556990646,-0.032925705540129524,-0.2632686127954239,-0.28672127558687405,0.4945054945054945,5.362637362637362,-0.039489732669506505,26.980488953247715,-12.040210327437773,43.30494,0.044172588799999996,91,244,1,1.9918367346938775,0.05997709307683938,0.16590118791542796,-0.2060341845950222,0.3300641151462813,-0.4460933282727124,0.5555555555555556,0.43478260869565216,0,0,0.0
V3_allz,S2_re300_sl8_tr15,S组合,2,,,,300,2,0.08,,0.15,,,,-0.07431431265509414,-0.07665501849980982,-0.11234855468223601,-0.24397577556990646,-0.032925705540129524,-0.2632686127954239,-0.28672127558687405,0.4945054945054945,5.362637362637362,-0.039489732669506505,26.980488953247715,-12.040210327437773,43.30494,0.044172588799999996,91,244,1,1.9918367346938775,0.05997709307683938,0.16590118791542796,-0.2060341845950222,0.3300641151462813,-0.4460933282727124,0.5555555555555556,0.43478260869565216,0,0,0.0
V3_allz,T2_re150,T细化,2,,,,150,2,,,,,,,0.4320587230123716,0.44901972282441216,1.5131368123174516,-0.1403440637492832,0.3940022603341977,0.6946971543389826,1.0901634053698877,0.4782608695652174,4.243478260869566,-0.10197348689340302,27.644116494469138,-14.623337597029252,56.09242,0.05721426839999999,115,244,1,1.9918367346938775,0.19936404005868105,0.36213890290933337,0.05133090315069855,0.7218038882715243,-0.015743217980390578,0.47368421052631576,0.4827586206896552,0,0,0.0
V3_allz,T2_re250,T细化,2,,,,250,2,,,,,,,0.025006996033873463,0.02583740097147036,0.23787068565084174,-0.1956255450075528,0.07328904059434538,-0.15249868152253832,0.03215871710123679,0.5,4.88,0.20555282024883326,22.874373954086312,-14.623337597029252,48.43582,0.0494045364,100,244,1,1.9918367346938775,0.06971725816324782,0.1762823982072821,-0.1286046636453635,0.23393272642165064,-0.313170564058888,0.5,0.5,0,0,0.0
V3_allz,W2_h30_tr20,W移动,2,30,,,,,,,0.2,,,,0.0680609542152888,0.07036922435801585,0.36955093967040253,-0.28928698932714514,0.12050410617759377,-0.032073652275092956,0.20552548180954147,0.4444444444444444,27.11111111111111,-0.6870566095405484,37.70626252950316,-22.615204016421366,8.72754,0.008902090800000002,18,244,1,1.9918367346938775,0.04457887514798877,0.05399832868423049,0.013342170616735594,-0.14876246557803674,0.1370813769181145,0.5,0.375,0,0,0.0
V3_allz,W2_h30_tr25,W移动,2,30,,,,,,,0.25,,,,0.2393801909714648,0.24813176872734388,0.8191186987062875,-0.20602963207292402,0.27097918692057865,0.3346288942892741,0.7787905818545023,0.6111111111111112,27.11111111111111,4.541171406152489,41.744652751607745,-22.710599061038028,8.70826,0.0088824252,18,244,1,1.9918367346938775,0.06427412026716217,0.05399832868423049,0.17588439871499384,-0.14876246557803674,0.5678689441197633,0.5,0.75,0,0,0.0
V3_allz,X_re300_close_overlap,X口径,2,,close_overlap,,300,2,,,,,,,-0.2937890662586977,-0.3017973901329042,-0.15833583369919738,-0.599807186047268,-0.10964655200231543,-0.2937890662586977,-0.18172213874978152,0.4823529411764706,5.752941176470588,-0.7629586555429668,32.69373243380003,-16.288995711616817,41.55062,0.0423816324,85,244,1,1.9959183673469387,nan,0.4837767926683805,-0.524045033437089,0.6253001771607001,-0.5654889209604288,0.5813953488372093,0.38095238095238093,0,1,98154.0
V3_allz,X_re300_close_seq,X口径,2,,close_seq,,300,2,,,,,,,0.33201012941770114,0.3445895805252239,1.1598127280540695,-0.1993231739178143,0.3276175787083514,0.5161563388113,0.9676613809891542,0.44155844155844154,5.363636363636363,-1.0833134305325842,26.513243961150245,-17.354432292048504,37.43934,0.03818812680000001,77,244,6,1.6857142857142857,0.26831584894817295,0.21360051745281505,0.097568854216882,0.28745114143394646,0.17764184598308308,0.5135135135135135,0.375,0,1,0.0
V4_allz,P1_re300_sl5,P组合,1,,,,300,2,0.05,,,,,,0.4465239176194984,0.46413862095299185,1.396517792304075,-0.276243995439037,0.4146018726211157,0.3322397055368729,0.7744067973098527,0.40816326530612246,4.979591836734694,-0.7596972155660575,37.28518944377852,-15.703875015515589,48.46414,0.0494334228,49,244,1,0.9959183673469387,0.2596230520276775,0.5778045316107792,-0.08320461208034124,0.5847513100297399,-0.15933831566804513,0.48148148148148145,0.3181818181818182,4,0,0.0
V4_allz,P1_re300_sl8,P组合,1,,,,300,2,0.08,,,,,,0.6612056346446378,0.6890806709901884,1.9491731022287662,-0.18934711953283911,0.5484488276694591,0.6240474336523754,1.0923419772339946,0.4375,5.083333333333333,-0.5248509656816225,37.28518944377852,-15.703875015515589,47.43842,0.0483871884,48,244,1,0.9959183673469387,0.27703235705492,0.5778045316107792,0.052858957724449374,0.5847513100297399,0.024796397626513533,0.48148148148148145,0.38095238095238093,4,0,0.0
V4_allz,P1_re300_sl10,P组合,1,,,,300,2,0.1,,,,,,0.6612056346446378,0.6890806709901884,1.9491731022287662,-0.18934711953283911,0.5484488276694591,0.6240474336523754,1.0923419772339946,0.4375,5.083333333333333,-0.5248509656816225,37.28518944377852,-15.703875015515589,47.43842,0.0483871884,48,244,1,0.9959183673469387,0.27703235705492,0.5778045316107792,0.052858957724449374,0.5847513100297399,0.024796397626513533,0.48148148148148145,0.38095238095238093,4,0,0.0
V4_allz,P2_re300_sl5,P组合,2,,,,300,2,0.05,,,,,,0.02767473703602885,0.028594958563098016,0.24527020476980385,-0.34101369275959303,0.07290381781807354,-0.1823873500801162,0.02789654519957205,0.3883495145631068,4.737864077669903,-0.8579206079387225,37.28518944377852,-15.703875015515589,49.62854,0.050660110800000005,103,244,1,1.9918367346938775,0.13392628131800258,0.3069215725804715,-0.21366763040958847,0.5865814933548457,-0.4846702464737368,0.45454545454545453,0.3125,5,0,0.0
V5_allz,Q1_re300_tp60,Q组合,1,,,,300,2,,0.6,,,,,-0.19109981483999328,-0.19670493921982457,-0.6300485026267326,-0.3263993143949405,-0.17308697340307622,-0.2190718962705258,-0.7825036045410985,0.3448275862068966,8.413793103448276,-1.839644519771333,13.103046618061809,-10.141364009007903,26.8036,0.027339672,29,244,1,0.9959183673469387,0.03992369969843828,0.08947076331498538,-0.2575292404371381,0.05547416733520927,-0.2601163269574761,0.3076923076923077,0.375,0,0,0.0
V5_allz,Q2_re300_tp20,Q组合,2,,,,300,2,,0.2,,,,,-0.2119659050426742,-0.21809670900120226,-0.9102520528641289,-0.2979281671161206,-0.21046212159248678,-0.44161929622121243,-1.429160078303855,0.4117647058823529,7.176470588235294,-1.6804543019661333,13.103046618061832,-10.141364009007914,29.73174,0.0307054948,68,244,1,1.9918367346938775,0.0346749876735864,-0.06016085737129495,-0.16152237205909958,-0.16985834367879526,-0.32736696258170317,0.37142857142857144,0.45454545454545453,0,0,0.0
V5_allz,Q2_re300_tp40,Q组合,2,,,,300,2,,0.4,,,,,-0.2119659050426742,-0.21809670900120226,-0.9102520528641289,-0.2979281671161206,-0.21046212159248678,-0.44161929622121243,-1.429160078303855,0.4117647058823529,7.176470588235294,-1.6804543019661333,13.103046618061832,-10.141364009007914,29.73174,0.0307054948,68,244,1,1.9918367346938775,0.0346749876735864,-0.06016085737129495,-0.16152237205909958,-0.16985834367879526,-0.32736696258170317,0.37142857142857144,0.45454545454545453,0,0,0.0
V5_allz,Q2_re300_tp60,Q组合,2,,,,300,2,,0.6,,,,,-0.2119659050426742,-0.21809670900120226,-0.9102520528641289,-0.2979281671161206,-0.21046212159248678,-0.44161929622121243,-1.429160078303855,0.4117647058823529,7.176470588235294,-1.6804543019661333,13.103046618061832,-10.141364009007914,29.73174,0.0307054948,68,244,1,1.9918367346938775,0.0346749876735864,-0.06016085737129495,-0.16152237205909958,-0.16985834367879526,-0.32736696258170317,0.37142857142857144,0.45454545454545453,0,0,0.0
V5_allz,R1_re300_tr10,R组合,1,,,,300,2,,,0.1,,,,-0.1363109804632543,-0.14045077006686701,-0.3762934488346656,-0.3156753562183119,-0.10576139678560925,-0.1660173638047613,-0.5075522017125678,0.3870967741935484,7.870967741935484,-1.6200169734611025,13.103046618061809,-10.141364009007903,28.45626,0.029025385200000003,31,244,1,0.9959183673469387,0.04169422942280853,0.08947076331498538,-0.20723983734197848,0.05547416733520927,-0.20985026255941208,0.3076923076923077,0.4444444444444444,0,0,0.0
V5_allz,R1_re300_tr15,R组合,1,,,,300,2,,,0.15,,,,-0.19109981483999328,-0.19670493921982457,-0.6300485026267326,-0.3263993143949405,-0.17308697340307622,-0.2190718962705258,-0.7825036045410985,0.3448275862068966,8.413793103448276,-1.839644519771333,13.103046618061809,-10.141364009007903,26.8036,0.027339672,29,244,1,0.9959183673469387,0.03992369969843828,0.08947076331498538,-0.2575292404371381,0.05547416733520927,-0.2601163269574761,0.3076923076923077,0.375,0,0,0.0
V5_allz,R1_re300_tr20,R组合,1,,,,300,2,,,0.2,,,,-0.19109981483999328,-0.19670493921982457,-0.6300485026267326,-0.3263993143949405,-0.17308697340307622,-0.2190718962705258,-0.7825036045410985,0.3448275862068966,8.413793103448276,-1.839644519771333,13.103046618061809,-10.141364009007903,26.8036,0.027339672,29,244,1,0.9959183673469387,0.03992369969843828,0.08947076331498538,-0.2575292404371381,0.05547416733520927,-0.2601163269574761,0.3076923076923077,0.375,0,0,0.0
V5_allz,R2_re300_tr10,R组合,2,,,,300,2,,,0.1,,,,-0.18884487241848003,-0.19439209617275066,-0.7708326174849347,-0.2766704534479689,-0.18079679968653684,-0.4043512858423459,-1.2200608792663878,0.4264705882352941,7.176470588235294,-1.447799182888676,13.103046618061832,-10.141364009007914,29.94312,0.030927632400000002,68,244,1,1.9918367346938775,0.03561697084711806,-0.06016085737129495,-0.1369213189900339,-0.16985834367879526,-0.28247340725282044,0.37142857142857144,0.48484848484848486,0,0,0.0
V4_allz,P2_re300_sl8,P组合,2,,,,300,2,0.08,,,,,,0.30774021423300457,0.31929481394734927,1.0742477641796824,-0.22053324418568232,0.3114985414217457,0.320149393699817,0.729390797856994,0.44329896907216493,5.030927835051546,-0.38818593109107846,37.28518944377852,-21.425836097927963,47.03138,0.048010987600000006,97,244,1,1.9918367346938775,0.17716663388885817,0.3301656312412964,-0.01685911624957981,0.6851337295116757,-0.21659072477151475,0.4716981132075472,0.4090909090909091,5,0,0.0
V4_allz,P2_re300_sl10,P组合,2,,,,300,2,0.1,,,,,,0.3396054540627613,0.3525087527972228,1.2301002940481787,-0.25459721621366505,0.3293489777367532,0.5257227657339054,0.9308686990623575,0.45454545454545453,4.929292929292929,-0.38818593109107846,37.28518944377852,-15.703875015515589,47.96832,0.048966666400000004,99,244,1,1.9918367346938775,0.15865397185403718,0.30142260442674984,0.02933931645733967,0.5763131743993326,-0.03209413553541163,0.4716981132075472,0.43478260869565216,6,0,0.0
V4_allz,Q1_re300_tp20,Q组合,1,,,,300,2,,0.2,,,,,0.48475289491886153,0.504118963133023,1.5643241083418546,-0.209044747887004,0.43507453806187624,0.40604451589131996,0.926533737265094,0.44680851063829785,5.191489361702128,-0.38818593109107846,22.878874333083377,-20.03585635101156,46.46634,0.04739566680000001,47,244,1,0.9959183673469387,0.22072649210345197,0.42227453281436,0.04392848262625604,0.38472054434182623,0.015399476548988211,0.5185185185185185,0.35,4,0,0.0
V4_allz,Q1_re300_tp40,Q组合,1,,,,300,2,,0.4,,,,,0.6279476607410082,0.6541674425892778,1.8299578508276206,-0.19324075256986584,0.5307177548410232,0.5532957613579295,1.0111477596122047,0.44680851063829785,5.191489361702128,-0.47156316067618054,37.28518944377852,-20.03585635101156,46.43688,0.04736561760000001,47,244,1,0.9959183673469387,0.2711804892504784,0.5445465577071491,0.053997144092352345,0.5157115744702561,0.024796397626513533,0.5,0.38095238095238093,4,0,0.0
V4_allz,Q1_re300_tp60,Q组合,1,,,,300,2,,0.6,,,,,0.6279476607410082,0.6541674425892778,1.8299578508276206,-0.19324075256986584,0.5307177548410232,0.5532957613579295,1.0111477596122047,0.44680851063829785,5.191489361702128,-0.47156316067618054,37.28518944377852,-20.03585635101156,46.43688,0.04736561760000001,47,244,1,0.9959183673469387,0.2711804892504784,0.5445465577071491,0.053997144092352345,0.5157115744702561,0.024796397626513533,0.5,0.38095238095238093,4,0,0.0
V4_allz,Q2_re300_tp20,Q组合,2,,,,300,2,,0.2,,,,,0.4624987425569136,0.4808411309344818,1.6110863489892062,-0.18190143921063828,0.4143905238828274,1.0154187351013846,1.4126168890544744,0.4673913043478261,5.304347826086956,-0.4168563529067526,22.878874333083377,-20.03585635101156,44.4992,0.04542818399999999,92,244,1,1.9918367346938775,0.19175075296412886,0.2148556948292626,0.20384564914309067,0.356671898111498,0.48556090673571806,0.48,0.4523809523809524,6,0,0.0
V4_allz,Q2_re300_tp40,Q组合,2,,,,300,2,,0.4,,,,,0.5469784407757823,0.5692670646705877,1.8367352131635781,-0.17365472236998547,0.470319033348804,1.3444694548738725,1.5459716069848077,0.4777777777777778,5.4222222222222225,-0.2450797089922463,37.28518944377852,-20.03585635101156,43.5817,0.044492314000000005,90,244,1,1.9918367346938775,0.21441614127596367,0.2757618108937452,0.21259190200405276,0.48500959787776,0.5787571058290635,0.46938775510204084,0.4878048780487805,6,0,0.0
V4_allz,Q2_re300_tp60,Q组合,2,,,,300,2,,0.6,,,,,0.5469784407757823,0.5692670646705877,1.8367352131635781,-0.17365472236998547,0.470319033348804,1.3444694548738725,1.5459716069848077,0.4777777777777778,5.4222222222222225,-0.2450797089922463,37.28518944377852,-20.03585635101156,43.5817,0.044492314000000005,90,244,1,1.9918367346938775,0.21441614127596367,0.2757618108937452,0.21259190200405276,0.48500959787776,0.5787571058290635,0.46938775510204084,0.4878048780487805,6,0,0.0
V3_allz,T2_re400,T细化,2,,,,400,2,,,,,,,0.3434891414904282,0.3565586013402644,1.1857216150869345,-0.26560262169002347,0.33675587931836515,0.520484286939606,0.9730697893591448,0.5294117647058824,7.176470588235294,0.8839681156769807,21.5653967991136,-14.623337597029252,33.14522,0.03380812440000001,68,244,1,1.9918367346938775,0.1940004316779077,0.5027677755165447,-0.10599018465868293,1.0648322797219048,-0.2636281881720739,0.5897435897435898,0.4482758620689655,0,0,0.0
V3_allz,T2_re300_mh3,T细化,2,,,,300,3,,,,,,,-0.1971721595455972,-0.20293215212049542,-0.5506404323849001,-0.37305303716349913,-0.17028867192129493,-0.42543560457997576,-0.6992134381938263,0.44594594594594594,6.594594594594595,-0.4031351641958614,21.560614210747975,-16.106749986386447,33.26224,0.034182074800000004,74,244,1,1.9918367346938775,0.04019451018235766,0.17646938117542987,-0.3175956354662762,0.270257364487132,-0.547678752760465,0.5128205128205128,0.37142857142857144,0,0,0.0
V3_allz,T2_re300_mh5,T细化,2,,,,300,5,,,,,,,0.39881569504068537,0.41429344735710605,1.4492965286059054,-0.11057314968769716,0.3689299110089794,0.7297461577453812,1.1943197883057441,0.4603174603174603,7.746031746031746,-0.34660808744373384,29.3452968475576,-17.424463828522374,30.7015,0.03131553,63,244,1,1.9918367346938775,0.20412583655153327,0.35010982081831354,0.03607549065367999,0.7323210924842731,-0.0014864073121685362,0.46875,0.45161290322580644,0,0,0.0
V3_allz,T2_re300_mh8,T细化,2,,,,300,8,,,,,,,0.18196684868787316,0.18846336059430913,0.7686932599846396,-0.16444688734695045,0.20293105666929367,0.19501944265257332,0.5979804668390944,0.46808510638297873,10.382978723404255,-1.3409268594931967,25.992563519388035,-10.289307508890511,22.96096,0.023420179200000002,47,244,1,1.9918367346938775,0.13464365078582186,0.30128824024004053,-0.09169482045742361,0.5425318277513431,-0.2252870111635641,0.52,0.4090909090909091,0,0,0.0
V3_allz,U2_re300_h10,U持有上限,2,10,,,300,2,,,,,,,-0.02256174894978391,-0.023292796633036406,0.08258182306901925,-0.27118307537177544,0.025296184206559214,-0.17959926007847016,-0.03555549429872384,0.4791666666666667,5.083333333333333,-0.39971784148949974,26.980488953247715,-15.938373264330586,45.13018,0.04604843360000001,96,244,1,1.9918367346938775,0.04140271628377304,0.12643538183281655,-0.13227312741203912,0.21439760437736943,-0.3244381107436759,0.52,0.43478260869565216,0,0,0.0
V3_allz,U2_re300_h20,U持有上限,2,20,,,300,2,,,,,,,0.22209957904563504,0.23016268261673578,0.8849980299033833,-0.17395491113327088,0.23758870603423754,0.21287820775233413,0.6208677122980422,0.5232558139534884,5.674418604651163,0.13797969622081352,26.980932047614715,-14.623337597029252,42.01244,0.0428526888,86,244,1,1.9918367346938775,0.17251535587865366,0.3694079756401065,-0.10757086216444356,0.8369265472705265,-0.3397241661325334,0.6190476190476191,0.4318181818181818,0,0,0.0
V3_allz,U2_re300_h30,U持有上限,2,30,,,300,2,,,,,,,-0.07008082753567546,-0.07229345994372838,-0.0930774544240279,-0.3016368200926517,-0.027604238387123115,-0.30833483505424286,-0.3115868452130724,0.4823529411764706,5.741176470588235,-0.26653975316212053,26.980932047614715,-14.623337597029252,41.27856,0.0421041312,85,244,1,1.9918367346938775,0.10716865320997976,0.2826296731636462,-0.2749901301046239,0.5440075161891453,-0.5520325142892468,0.5813953488372093,0.38095238095238093,0,0,0.0
V3_allz,V2_re300_q0.2,V择时,2,,,,300,2,,,,,,0.2,0.12372768666938905,0.12803376731747318,0.5806354411657755,-0.24378301725295248,0.15130060147716118,-0.006961335122561141,0.2957503629327242,0.5232558139534884,5.372093023255814,0.7887027080297204,22.874373954086312,-14.623337597029252,42.0582,0.042899364,86,244,3,1.8857142857142857,0.21355301187186673,0.4198242161102421,-0.2085444987352323,1.027108363783992,-0.5101205822940131,0.6190476190476191,0.4318181818181818,0,0,0.0
V5_allz,V2_re300_q0.4,V择时,2,,,,300,2,,,,,,0.4,-0.009003116139403633,-0.009296923918564959,0.06316332798906661,-0.20697047354255682,0.013102807040361264,-0.13994324890552368,-0.20573898290909345,0.453125,6.9375,-0.22504318653276956,16.273079344198106,-10.141364009007914,30.19198,0.030846279600000002,64,244,7,1.8122448979591836,0.12631496062892397,0.03074177109436138,-0.038559499913898065,0.05307834379391485,-0.18329271875826592,0.4411764705882353,0.4666666666666667,0,0,0.0
V5_allz,W2_h10_tr15,W移动,2,10,,,,,,,0.15,,,,-0.10235919488199363,-0.10553167378602624,-0.29485295444678505,-0.19833808723316337,-0.0748802316484598,-0.2625771223473611,-0.5136908908805281,0.46938775510204084,9.959183673469388,-0.6068927129451618,19.639363010499245,-15.261668329870604,21.58086,0.0222152272,49,244,1,1.9918367346938775,0.03372664495398482,-0.005798762415413883,-0.09712362931791696,-0.229501972572819,-0.04292697527725731,0.44,0.5,0,0,0.0
V5_allz,W2_h10_tr20,W移动,2,10,,,,,,,0.2,,,,-0.10235919488199363,-0.10553167378602624,-0.29485295444678505,-0.19833808723316337,-0.0748802316484598,-0.2625771223473611,-0.5136908908805281,0.46938775510204084,9.959183673469388,-0.6068927129451618,19.639363010499245,-15.261668329870604,21.58086,0.0222152272,49,244,1,1.9918367346938775,0.03372664495398482,-0.005798762415413883,-0.09712362931791696,-0.229501972572819,-0.04292697527725731,0.44,0.5,0,0,0.0
V5_allz,W2_h10_tr25,W移动,2,10,,,,,,,0.25,,,,-0.10235919488199363,-0.10553167378602624,-0.29485295444678505,-0.19833808723316337,-0.0748802316484598,-0.2625771223473611,-0.5136908908805281,0.46938775510204084,9.959183673469388,-0.6068927129451618,19.639363010499245,-15.261668329870604,21.58086,0.0222152272,49,244,1,1.9918367346938775,0.03372664495398482,-0.005798762415413883,-0.09712362931791696,-0.229501972572819,-0.04292697527725731,0.44,0.5,0,0,0.0
V5_allz,W2_h20_tr15,W移动,2,20,,,,,,,0.15,,,,-0.24024995508322378,-0.24706358910258608,-1.102220452751404,-0.30310241328104226,-0.2484837601605172,-0.4521808140544922,-2.17997476791139,0.25925925925925924,18.074074074074073,-2.2491618045894834,7.708878375923001,-12.098854297882555,11.59156,0.011960811199999997,27,244,1,1.9918367346938775,0.02914719914272932,-0.07031595578300254,-0.18278682995290507,-0.33419921226118554,-0.17720255662958062,0.21428571428571427,0.3076923076923077,0,0,0.0
V5_allz,W2_h20_tr20,W移动,2,20,,,,,,,0.2,,,,-0.2371258093962103,-0.24386573390911004,-1.1222297607892253,-0.2804662746329434,-0.24585744318666347,-0.45552032795034336,-2.493054857215196,0.23076923076923078,18.76923076923077,-1.7208868165019764,7.708878375923001,-12.098854297882555,11.3835,0.01188844,26,244,1,1.9918367346938775,0.02577551251653182,-0.07031595578300254,-0.17942639184874898,-0.30689000862997573,-0.2144397298711277,0.21428571428571427,0.25,0,0,0.0
V5_allz,W2_h20_tr25,W移动,2,20,,,,,,,0.25,,,,-0.2371258093962103,-0.24386573390911004,-1.1222297607892253,-0.2804662746329434,-0.24585744318666347,-0.45552032795034336,-2.493054857215196,0.23076923076923078,18.76923076923077,-1.7208868165019764,7.708878375923001,-12.098854297882555,11.3835,0.01188844,26,244,1,1.9918367346938775,0.02577551251653182,-0.07031595578300254,-0.17942639184874898,-0.30689000862997573,-0.2144397298711277,0.21428571428571427,0.25,0,0,0.0
V5_allz,W2_h30_tr15,W移动,2,30,,,,,,,0.15,,,,0.0062178203978442426,0.0064223366252185166,0.14100562527554883,-0.29496721785982216,0.031015198054312743,-0.09477654495888055,-0.062113048281185024,0.5263157894736842,25.68421052631579,0.26245181113178084,14.131939933231585,-14.248319791457241,8.747,0.00899759,19,244,1,1.9918367346938775,0.10853025749132451,0.21030257696025156,-0.16862292161269143,0.22849644173331907,-0.26314523649420163,0.6,0.4444444444444444,0,0,0.0
V5_allz,W2_h30_tr20,W移动,2,30,,,,,,,0.2,,,,0.28117278237116383,0.2916231645294469,1.2170244606007536,-0.1620065214958738,0.2738108903252383,0.6055301334793226,1.6113815469985056,0.6111111111111112,27.11111111111111,2.5789049900044603,14.131939933231585,-13.455580800995293,8.46262,0.008699282400000001,18,244,1,1.9918367346938775,0.1417635819790643,0.21030257696025156,0.058555775026858825,0.20834070740236332,0.32870648455667717,0.6,0.625,0,0,0.0
V5_allz,W2_h30_tr25,W移动,2,30,,,,,,,0.25,,,,0.28117278237116383,0.2916231645294469,1.2170244606007536,-0.1620065214958738,0.2738108903252383,0.6055301334793226,1.6113815469985056,0.6111111111111112,27.11111111111111,2.5789049900044603,14.131939933231585,-13.455580800995293,8.46262,0.008699282400000001,18,244,1,1.9918367346938775,0.1417635819790643,0.21030257696025156,0.058555775026858825,0.20834070740236332,0.32870648455667717,0.6,0.625,0,0,0.0
V5_allz,X_re300_close_overlap,X口径,2,,close_overlap,,300,2,,,,,,,-0.33993585572984053,-0.3488651603277365,-1.0234598248599702,-0.47886689737372423,-0.35303193688364976,-0.33993585572984086,-0.9654648321080591,0.4852941176470588,7.176470588235294,-0.14627300389606357,12.372410378619914,-11.652368442457373,32.79586,0.0334517772,68,244,1,1.9918367346938775,nan,-0.18207518380438958,-0.19300144560927202,-0.15474964553984683,-0.21909036679229676,0.4,0.5757575757575758,0,0,99326.0
V5_allz,X_re300_close_seq,X口径,2,,close_seq,,300,2,,,,,,,0.16335545037708754,0.16914111821235656,0.7810748876989867,-0.10603570994076172,0.1779059922328573,0.2598036907686214,0.7466810294718215,0.5757575757575758,6.424242424242424,0.5144072004591438,22.619391685434497,-11.652368442457373,31.74912,0.0323841024,66,244,10,1.7306122448979593,0.20772161737559355,0.11641718789302202,0.04204365804565291,0.08911681077182587,0.15672045303922388,0.5625,0.5882352941176471,0,0,0.0
V6_allz,P1_re300_sl5,P组合,1,,,,300,2,0.05,,,,,,0.7970247158112727,0.8318929224806964,2.6639041173601012,-0.1855916795556829,0.6137382314930239,1.0416881440174652,2.4878264121719997,0.7941176470588235,7.176470588235294,2.3658347579588845,14.663793760890997,-8.333366258904418,33.33894,0.0340057188,34,244,1,0.9959183673469387,0.225771548399819,0.4052802702666536,0.27876606100097456,0.4401581849636593,0.41768325544668206,0.8888888888888888,0.6875,0,0,0.0
V6_allz,P1_re300_sl8,P组合,1,,,,300,2,0.08,,,,,,0.5617666243605361,0.5847625788367783,2.017951239497741,-0.26806026273201444,0.47433485243197704,0.6325278959587897,1.8540911966559788,0.7666666666666667,8.133333333333333,2.3658347579588845,14.663793760890997,-10.137100203003824,29.36942,0.0299568084,30,244,1,0.9959183673469387,0.1788312293536622,0.32429370977158545,0.17932042781499535,0.3370224876463941,0.22101753040263672,0.8125,0.7142857142857143,0,0,0.0
V6_allz,P1_re300_sl10,P组合,1,,,,300,2,0.1,,,,,,0.675629490024128,0.704229557473588,2.3508826374798835,-0.2105473034687103,0.5438429644054492,0.8263178496395831,2.2564792062541583,0.7666666666666667,8.133333333333333,2.391508539926257,14.663793760890997,-10.583916826531127,29.34526,0.0299321652,30,244,1,0.9959183673469387,0.1992605667336104,0.32429370977158545,0.2653004976616109,0.3370224876463941,0.3659589621820889,0.8125,0.7142857142857143,0,0,0.0
V6_allz,P2_re300_sl5,P组合,2,,,,300,2,0.05,,,,,,0.49621734922026617,0.5161152527379038,2.1455554245802766,-0.1501371998105877,0.4232275806292283,1.5266354078371758,2.559571563770822,0.7333333333333333,8.133333333333333,2.1084700212455676,15.818714038405425,-8.333366258904418,28.90648,0.029484609600000003,60,244,1,1.9918367346938775,0.16857917850608234,0.234406446986142,0.21209456810060345,0.43607805054720483,0.759399781143109,0.8181818181818182,0.6296296296296297,0,0,0.0
V4_allz,U2_re300_h10,U持有上限,2,10,,,300,2,,,,,,,0.38671228000089064,0.4016566828247159,1.327023396104803,-0.25245900502298035,0.3660423611928352,0.6544786173148114,1.0415585758187547,0.47368421052631576,5.136842105263158,-0.47156316067618054,37.28518944377852,-20.03585635101156,46.27826,0.0472038252,95,244,1,1.9918367346938775,0.16014634461348537,0.2659346605471171,0.09540588722136323,0.24216225859917828,0.3319343796362113,0.47058823529411764,0.4772727272727273,5,0,0.0
V4_allz,U2_re300_h20,U持有上限,2,20,,,300,2,,,,,,,0.5699657185994407,0.5933559184355919,1.9131607395907269,-0.17365472236998547,0.4843406133996555,1.438008882265172,1.586053660901297,0.4725274725274725,5.362637362637362,-0.38818593109107846,37.28518944377852,-20.03585635101156,44.07058,0.044990971600000006,91,244,1,1.9918367346938775,0.21995362893115655,0.2757618108937452,0.23061037349878788,0.48500959787776,0.6417462121115936,0.46938775510204084,0.47619047619047616,6,0,0.0
V4_allz,U2_re300_h30,U持有上限,2,30,,,300,2,,,,,,,0.5469784407757823,0.5692670646705877,1.8367352131635781,-0.17365472236998547,0.470319033348804,1.3444694548738725,1.5459716069848077,0.4777777777777778,5.4222222222222225,-0.2450797089922463,37.28518944377852,-20.03585635101156,43.5817,0.044492314000000005,90,244,1,1.9918367346938775,0.21441614127596367,0.2757618108937452,0.21259190200405276,0.48500959787776,0.5787571058290635,0.46938775510204084,0.4878048780487805,6,0,0.0
V4_allz,V2_re300_q0.2,V择时,2,,,,300,2,,,,,,0.2,0.5882111161729746,0.6124838979727114,1.9468307275808374,-0.19474350984587108,0.49625003351883434,1.1756576081412557,1.2991776286085743,0.47619047619047616,5.654761904761905,-0.2118350327815932,45.715047561762745,-27.73467118995001,40.74686,0.0416007772,84,244,4,1.9387755102040816,0.2975072950966096,0.505991923364395,0.05459471032547136,1.1578696715761576,0.008243285866335937,0.48936170212765956,0.4594594594594595,3,0,0.0
V4_allz,V2_re300_q0.4,V择时,2,,,,300,2,,,,,,0.4,0.4338568109358234,0.45089879751904083,1.5904237656572764,-0.22045523674447043,0.39181215183463225,0.7887646841302114,1.1651859394437845,0.5185185185185185,5.45679012345679,0.028882542894881347,37.28518944377852,-27.73467118995001,39.27912,0.0401036824,81,244,12,1.8040816326530613,0.2790188056317356,0.31791554487791607,0.08797321384402368,0.6085018903713504,0.11206874846584292,0.5319148936170213,0.5,3,0,0.0
V4_allz,W2_h10_tr15,W移动,2,10,,,,,,,0.15,,,,-0.28946149051092596,-0.29737816666401684,-1.0194378402227415,-0.39452782519267626,-0.29750846759075866,-0.553330607105126,-1.3868683804787638,0.4,9.76,-1.3178423962025287,16.176828977577507,-18.119409968372434,21.90866,0.022863373200000002,50,244,1,1.9918367346938775,0.04029932941883041,0.09908568823567476,-0.35351854992336573,-0.006243699499736577,-0.5505242153735102,0.46153846153846156,0.3333333333333333,2,0,0.0
V4_allz,W2_h10_tr20,W移动,2,10,,,,,,,0.2,,,,-0.040581418554974436,-0.0418837018677547,0.01705236403577287,-0.4028356376610378,0.005126496333260788,-0.23634139608387117,-0.06661137882783581,0.46,9.74,-0.6379434948208695,43.22497526924114,-18.547177733789244,22.418,0.023126009999999995,50,244,1,1.9877551020408164,0.04084388654569007,0.09908568823567476,-0.1270757214706818,-0.006243699499736577,-0.23154338389432272,0.46153846153846156,0.4583333333333333,2,0,0.0
V4_allz,W2_h10_tr25,W移动,2,10,,,,,,,0.25,,,,0.02652373594887858,0.02740517714411994,0.24833334839643242,-0.37144840817408953,0.08124732668461077,-0.20202101100594028,0.005077503613630892,0.52,9.74,0.15998144406816905,43.22497526924109,-18.297242716893624,22.71538,0.023458797599999998,50,244,1,1.9877551020408164,0.04377169946140176,0.09908568823567476,-0.0660202867378592,-0.006243699499736577,-0.19700736630061932,0.46153846153846156,0.5833333333333334,2,0,0.0
V5_allz,T2_re400,T细化,2,,,,400,2,,,,,,,0.1036329117852055,0.1072067630863558,0.5539968890119674,-0.2962470553058739,0.12487132110019061,0.1259278400145296,0.48047302498782696,0.45161290322580644,7.870967741935484,-0.8750561106942389,29.386762319494775,-10.141364009007914,29.26036,0.029856897200000003,62,244,1,1.9918367346938775,0.04587243882573798,0.07747735104928966,0.024274812561436487,0.09186217278574382,0.031199603830831535,0.41379310344827586,0.48484848484848486,0,0,0.0
V5_allz,T2_re300_mh3,T细化,2,,,,300,3,,,,,,,0.05179737304465393,0.05354033288208804,0.34414194096911643,-0.18871646973550538,0.07446288523657418,0.031471874905316666,0.26526125018693725,0.4482758620689655,8.413793103448276,-0.7520355799069955,13.442151424097016,-9.034358970447764,27.22392,0.0277733984,58,244,1,1.9918367346938775,0.044307973563029554,0.041949118562982335,0.009451761421185756,-0.01393417236456751,0.04604768363058187,0.39285714285714285,0.5,0,0,0.0
V5_allz,T2_re300_mh5,T细化,2,,,,300,5,,,,,,,-0.12410513862948891,-0.12790226592401976,-0.4215666324074404,-0.28735249463730106,-0.10238447959465502,-0.2881845509584986,-0.8023032502531426,0.41379310344827586,8.413793103448276,-0.9312363785636935,13.103046618061832,-11.28482326111435,24.12146,0.025160789200000006,58,244,1,1.9918367346938775,0.02849557214612712,-0.12326560090267402,-0.000957573613719509,-0.278414897000433,-0.013539156944141428,0.32142857142857145,0.5,0,0,0.0
V5_allz,T2_re300_mh8,T细化,2,,,,300,8,,,,,,,0.07442342384876355,0.07695514267988934,0.4276500883119189,-0.188276007386334,0.09976903401508608,0.09125001804542943,0.40982769873293695,0.3953488372093023,11.348837209302326,-1.3737667144595345,27.568188927827244,-10.281145084096321,20.28124,0.0207023148,43,244,1,1.9918367346938775,0.07708922467519133,0.17055069297373415,-0.08212140636196019,0.12513492769627965,-0.030116307668298314,0.34782608695652173,0.45,0,0,0.0
V5_allz,U2_re300_h10,U持有上限,2,10,,,300,2,,,,,,,-0.020490907222358246,-0.021155583889012952,0.01987665316199965,-0.2875287840976294,0.004401937297398684,-0.1951385190738396,-0.34181392068077265,0.4230769230769231,6.256410256410256,-0.7369413372122935,16.273079344198106,-10.145678699570503,34.40554,0.0356036908,78,244,1,1.9918367346938775,0.03261192319110458,-0.08991317731871451,0.07628093096856903,-0.1728311642801208,-0.026968321133985174,0.375,0.47368421052631576,0,0,0.0
V5_allz,U2_re300_h20,U持有上限,2,20,,,300,2,,,,,,,0.010010836042872118,0.010340751490386157,0.1642073893780271,-0.20283138667946787,0.03886614465959126,-0.062949801777899,0.022986845325568002,0.47692307692307695,7.507692307692308,-0.7797633632204981,13.103046618061832,-10.141364009007914,30.98768,0.0316074336,65,244,1,1.9918367346938775,0.05487569952373907,0.07076531675772046,-0.05673930576945874,0.09062844409719406,-0.14081628505684363,0.45161290322580644,0.5,0,0,0.0
V5_allz,U2_re300_h30,U持有上限,2,30,,,300,2,,,,,,,-0.2119659050426742,-0.21809670900120226,-0.9102520528641289,-0.2979281671161206,-0.21046212159248678,-0.44161929622121243,-1.429160078303855,0.4117647058823529,7.176470588235294,-1.6804543019661333,13.103046618061832,-10.141364009007914,29.73174,0.0307054948,68,244,1,1.9918367346938775,0.0346749876735864,-0.06016085737129495,-0.16152237205909958,-0.16985834367879526,-0.32736696258170317,0.37142857142857144,0.45454545454545453,0,0,0.0
V5_allz,V2_re300_q0.2,V择时,2,,,,300,2,,,,,,0.2,-0.0488895877615263,-0.05045140322421182,-0.09675209886377811,-0.28059871830925964,-0.022447932732557963,-0.21286749719369946,-0.3489769692446702,0.3972602739726027,6.397260273972603,-1.1801245401685811,16.273079344198106,-10.141364009007914,32.2619,0.033191738,73,244,4,1.9061224489795918,0.07569661585103005,-0.1002642962543645,0.05709977750017248,-0.2363109401234441,0.03069762834305112,0.3333333333333333,0.47058823529411764,0,0,0.0
V6_allz,U2_re300_h10,U持有上限,2,10,,,300,2,,,,,,,0.4100133954215799,0.4259877797244487,1.974135169567672,-0.12744205657488306,0.361011036208455,1.1365956318526762,2.167393210787933,0.6571428571428571,6.957142857142857,1.1714345198740594,14.663793760890997,-8.603984918082919,33.67326,0.0343614352,70,244,1,1.9877551020408164,0.18992634137076164,0.2274146137653945,0.1487669933275595,0.46747931934402875,0.45596302700043934,0.7272727272727273,0.5945945945945946,0,0,0.0
V6_allz,U2_re300_h20,U持有上限,2,20,,,300,2,,,,,,,0.5281680288375119,0.5495639584202092,2.210040797470838,-0.14661447285725393,0.44518821113735396,1.6645900509685676,2.726275973773674,0.7288135593220338,8.271186440677965,1.8842650579723452,15.268179933081338,-10.495310823146376,28.55458,0.0291256716,59,244,1,1.9918367346938775,0.16959355848355143,0.17520827292987273,0.300338045636529,0.3453435430961773,0.9806019545284868,0.75,0.7096774193548387,0,0,0.0
V6_allz,U2_re300_h30,U持有上限,2,30,,,300,2,,,,,,,0.29399560632858823,0.3049766161922378,1.3322937314700494,-0.21709938312973942,0.280580040991096,0.6955525093809447,1.5591272459070724,0.7,9.76,2.1062268253541183,14.663793760890997,-14.852236779093165,24.0783,0.024559865999999996,50,244,1,1.9918367346938775,0.11883046270458963,0.1232587402089369,0.152001368881308,0.24484027117161156,0.362064313508379,0.76,0.64,0,0,0.0
V6_allz,V2_re300_q0.2,V择时,2,,,,300,2,,,,,,0.2,0.2787083669642989,0.28905726854301617,1.289898066718434,-0.2236713947682466,0.26804886017536156,0.6265444031374221,1.4882745098600352,0.7291666666666666,9.791666666666666,1.9805570583022347,11.166080032620783,-18.472945537154352,23.28188,0.0237475176,48,244,2,1.9183673469387754,0.14723723786046947,0.15674249997921819,0.10543908172067029,0.334430385103893,0.21890540060715602,0.8333333333333334,0.625,0,0,0.0
V6_allz,V2_re300_q0.4,V择时,2,,,,300,2,,,,,,0.4,0.3104457429059384,0.3221138326101145,1.4983473928215147,-0.19043735908380466,0.2896197331018465,0.7348183132781552,1.8071751374249934,0.6666666666666666,8.764705882352942,1.3028134933161128,11.965723751000755,-8.603984918082919,24.67778,0.025179935599999998,51,244,6,1.8244897959183672,0.2026848973696027,0.16117869486943737,0.1285478701047693,0.2530436729196315,0.38448351862786523,0.76,0.5769230769230769,0,0,0.0
V6_allz,W2_h10_tr15,W移动,2,10,,,,,,,0.15,,,,0.28084388194906507,0.2912807111637956,1.2828402721657806,-0.1411881584064557,0.27040468352649627,0.6302627965398473,1.450158061200764,0.5,9.76,0.012765269607656338,23.34693521787694,-8.5868522892535,24.0701,0.024551502,50,244,1,1.9918367346938775,0.16364174191111244,0.23323324972334336,0.038606348179797134,0.34967273856177084,0.20789488441255588,0.6153846153846154,0.375,0,0,0.0
V6_allz,W2_h10_tr20,W移动,2,10,,,,,,,0.2,,,,0.28084388194906507,0.2912807111637956,1.2828402721657806,-0.1411881584064557,0.27040468352649627,0.6302627965398473,1.450158061200764,0.5,9.76,0.012765269607656338,23.34693521787694,-8.5868522892535,24.0701,0.024551502,50,244,1,1.9918367346938775,0.16364174191111244,0.23323324972334336,0.038606348179797134,0.34967273856177084,0.20789488441255588,0.6153846153846154,0.375,0,0,0.0
V6_allz,W2_h10_tr25,W移动,2,10,,,,,,,0.25,,,,0.28084388194906507,0.2912807111637956,1.2828402721657806,-0.1411881584064557,0.27040468352649627,0.6302627965398473,1.450158061200764,0.5,9.76,0.012765269607656338,23.34693521787694,-8.5868522892535,24.0701,0.024551502,50,244,1,1.9918367346938775,0.16364174191111244,0.23323324972334336,0.038606348179797134,0.34967273856177084,0.20789488441255588,0.6153846153846154,0.375,0,0,0.0
V6_allz,P2_re300_sl8,P组合,2,,,,300,2,0.08,,,,,,0.12382171271016951,0.12813124843034251,0.6618829961868686,-0.2738325200593569,0.13963469300069764,0.21509345965035642,0.6863594023413258,0.5892857142857143,8.714285714285714,1.3593592013284805,14.663793760890997,-10.137100203003824,26.4901,0.027019902000000002,56,244,1,1.9918367346938775,0.08655927496238483,0.09934528810648491,0.022264546788426376,0.16614943493049483,0.04197062850935396,0.6896551724137931,0.48148148148148145,0,0,0.0
V6_allz,P2_re300_sl10,P组合,2,,,,300,2,0.1,,,,,,0.354399628583314,0.3679379372218894,1.5207212600465096,-0.20896656907008682,0.3271971994133912,0.9052749723705846,1.801202206305362,0.7115384615384616,9.384615384615385,2.2539115626206585,15.818714038405425,-11.756502507890765,24.98764,0.0254873928,52,244,1,1.9918367346938775,0.12889211627161026,0.13901422794858176,0.18909807739860462,0.28300854594028046,0.48500567544876483,0.7777777777777778,0.64,0,0,0.0
V6_allz,Q1_re300_tp20,Q组合,1,,,,300,2,,0.2,,,,,0.7159319738248269,0.7465804454140692,2.29996381013783,-0.2417874099743278,0.5719141094203115,0.8993777851034281,2.3883647578435165,0.7741935483870968,7.870967741935484,2.380824694188788,14.663793760890997,-8.603984918082919,30.41398,0.031022259599999998,31,244,1,0.9959183673469387,0.20146231851559837,0.32429370977158545,0.29573368895695373,0.3370224876463941,0.42060272183377156,0.8125,0.7333333333333333,0,0,0.0
V6_allz,Q1_re300_tp40,Q组合,1,,,,300,2,,0.4,,,,,0.7159319738248269,0.7465804454140692,2.29996381013783,-0.2417874099743278,0.5719141094203115,0.8993777851034281,2.3883647578435165,0.7741935483870968,7.870967741935484,2.380824694188788,14.663793760890997,-8.603984918082919,30.41398,0.031022259599999998,31,244,1,0.9959183673469387,0.20146231851559837,0.32429370977158545,0.29573368895695373,0.3370224876463941,0.42060272183377156,0.8125,0.7333333333333333,0,0,0.0
V6_allz,Q1_re300_tp60,Q组合,1,,,,300,2,,0.6,,,,,0.7159319738248269,0.7465804454140692,2.29996381013783,-0.2417874099743278,0.5719141094203115,0.8993777851034281,2.3883647578435165,0.7741935483870968,7.870967741935484,2.380824694188788,14.663793760890997,-8.603984918082919,30.41398,0.031022259599999998,31,244,1,0.9959183673469387,0.20146231851559837,0.32429370977158545,0.29573368895695373,0.3370224876463941,0.42060272183377156,0.8125,0.7333333333333333,0,0,0.0
V6_allz,Q2_re300_tp20,Q组合,2,,,,300,2,,0.2,,,,,0.29569059365584227,0.30674207024689615,1.3384409948280735,-0.2156496738442234,0.2818949696297207,0.702130115986852,1.5710374287626299,0.7,9.76,2.1062268253541183,14.663793760890997,-14.852236779093165,24.07878,0.024560355599999997,50,244,1,1.9918367346938775,0.11948630596287425,0.1232587402089369,0.15351035987917605,0.24484027117161156,0.3673482095697713,0.76,0.64,0,0,0.0
V6_allz,Q2_re300_tp40,Q组合,2,,,,300,2,,0.4,,,,,0.29569059365584227,0.30674207024689615,1.3384409948280735,-0.2156496738442234,0.2818949696297207,0.702130115986852,1.5710374287626299,0.7,9.76,2.1062268253541183,14.663793760890997,-14.852236779093165,24.07878,0.024560355599999997,50,244,1,1.9918367346938775,0.11948630596287425,0.1232587402089369,0.15351035987917605,0.24484027117161156,0.3673482095697713,0.76,0.64,0,0,0.0
V6_allz,Q2_re300_tp60,Q组合,2,,,,300,2,,0.6,,,,,0.29569059365584227,0.30674207024689615,1.3384409948280735,-0.2156496738442234,0.2818949696297207,0.702130115986852,1.5710374287626299,0.7,9.76,2.1062268253541183,14.663793760890997,-14.852236779093165,24.07878,0.024560355599999997,50,244,1,1.9918367346938775,0.11948630596287425,0.1232587402089369,0.15351035987917605,0.24484027117161156,0.3673482095697713,0.76,0.64,0,0,0.0
V6_allz,W2_h20_tr15,W移动,2,20,,,,,,,0.15,,,,0.417569108629817,0.43388032039261804,1.714607590013769,-0.11421822927049774,0.3735630421617697,1.110167268513473,2.0027530974316248,0.6538461538461539,18.76923076923077,2.0574862351680268,26.23059937968961,-12.829291690433543,12.60266,0.012854713200000001,26,244,1,1.9918367346938775,0.1975531026996946,0.33542419108630095,0.06151222816826096,0.5358537506520362,0.3739376341123728,0.6428571428571429,0.6666666666666666,0,0,0.0
V6_allz,W2_h20_tr20,W移动,2,20,,,,,,,0.2,,,,0.417569108629817,0.43388032039261804,1.714607590013769,-0.11421822927049774,0.3735630421617697,1.110167268513473,2.0027530974316248,0.6538461538461539,18.76923076923077,2.0574862351680268,26.23059937968961,-12.829291690433543,12.60266,0.012854713200000001,26,244,1,1.9918367346938775,0.1975531026996946,0.33542419108630095,0.06151222816826096,0.5358537506520362,0.3739376341123728,0.6428571428571429,0.6666666666666666,0,0,0.0
V6_allz,W2_h20_tr25,W移动,2,20,,,,,,,0.25,,,,0.417569108629817,0.43388032039261804,1.714607590013769,-0.11421822927049774,0.3735630421617697,1.110167268513473,2.0027530974316248,0.6538461538461539,18.76923076923077,2.0574862351680268,26.23059937968961,-12.829291690433543,12.60266,0.012854713200000001,26,244,1,1.9918367346938775,0.1975531026996946,0.33542419108630095,0.06151222816826096,0.5358537506520362,0.3739376341123728,0.6428571428571429,0.6666666666666666,0,0,0.0
V6_allz,W2_h30_tr15,W移动,2,30,,,,,,,0.15,,,,0.25939313722472757,0.26895230854193053,1.0433780875136625,-0.25795209874428926,0.2633047172940509,0.47286012134677957,1.0290539390414222,0.4444444444444444,27.11111111111111,-1.1581205664552452,27.302666012719044,-15.055865933240941,8.582,0.00876638,18,244,1,1.9918367346938775,0.14913823635145376,0.223845950303607,0.029045474973628638,0.3339174204860553,0.10416139614556985,0.4,0.5,0,0,0.0
V6_allz,W2_h30_tr20,W移动,2,30,,,,,,,0.2,,,,0.21300280435092622,0.2207068237653771,0.936794840045504,-0.22915205414106654,0.22188294007856246,0.39645448985024245,1.0077598104318226,0.5,27.11111111111111,0.06738645766920515,26.844145522164254,-12.037252855977599,8.69914,0.0088731228,18,244,1,1.9918367346938775,0.15161854614338993,0.21595028781893477,-0.0024240164236449813,0.3961563807903916,0.000213521253029203,0.5,0.5,0,0,0.0
V6_allz,W2_h30_tr25,W移动,2,30,,,,,,,0.25,,,,0.21300280435092622,0.2207068237653771,0.936794840045504,-0.22915205414106654,0.22188294007856246,0.39645448985024245,1.0077598104318226,0.5,27.11111111111111,0.06738645766920515,26.844145522164254,-12.037252855977599,8.69914,0.0088731228,18,244,1,1.9918367346938775,0.15161854614338993,0.21595028781893477,-0.0024240164236449813,0.3961563807903916,0.000213521253029203,0.5,0.5,0,0,0.0
V6_allz,X_re300_close_overlap,X口径,2,,close_overlap,,300,2,,,,,,,0.736248438750182,0.7679419260136939,1.5146147979775855,-0.3015291813870945,0.6450572940242805,0.7362484387501831,1.547068541203071,0.7,9.76,2.0171358902298375,12.16306998746457,-14.123828715280851,24.14078,0.0246235956,50,244,1,1.9918367346938775,nan,0.3665424720021371,0.2705411462304459,0.20411871781595714,0.4419246317334955,0.76,0.64,0,0,95686.0
V6_allz,X_re300_close_seq,X口径,2,,close_seq,,300,2,,,,,,,0.5375396591829529,0.5593793546203472,2.221890330817761,-0.1096614016096844,0.4517665354685868,1.6482075449393014,2.6112558276190794,0.6909090909090909,7.909090909090909,1.2962643698652299,22.341170887406015,-9.47453662047868,26.64668,0.027179613600000003,55,244,3,1.7755102040816326,0.28722889832601295,0.1768344895115299,0.30650458742175535,0.34182209073480485,0.9735906594659645,0.6923076923076923,0.6896551724137931,0,0,0.0
V7_allz,Q1_re300_tp60,Q组合,1,,,,300,2,,0.6,,,,,0.3766597451111988,0.3911639199404784,1.4374474747259267,-0.27154687799071,0.35009574128803567,0.4053875709869188,1.410309877818774,0.5609756097560976,5.951219512195122,1.1146035459556503,9.505918071690989,-8.00439245365665,39.8987,0.040696674,41,244,1,0.9959183673469387,0.1936453261820682,0.32542751433891626,0.03865336294745325,0.4004637051219777,0.003515882523005276,0.7142857142857143,0.4,0,0,0.0
V7_allz,Q2_re300_tp20,Q组合,2,,,,300,2,,0.2,,,,,0.3877878309460572,0.4027794831036551,1.612091779163875,-0.23148072416955223,0.35239573735692686,1.012526768613272,1.871978557846603,0.5609756097560976,5.939024390243903,0.9250810673564036,22.9277530699161,-8.00439245365665,39.03228,0.039821525600000005,82,244,1,1.9877551020408164,0.16201832754425882,0.15249363684780248,0.20416094855136158,0.3687560581184466,0.4703326839552271,0.631578947368421,0.5,0,0,0.0
V7_allz,Q2_re300_tp40,Q组合,2,,,,300,2,,0.4,,,,,0.3877878309460572,0.4027794831036551,1.612091779163875,-0.23148072416955223,0.35239573735692686,1.012526768613272,1.871978557846603,0.5609756097560976,5.939024390243903,0.9250810673564036,22.9277530699161,-8.00439245365665,39.03228,0.039821525600000005,82,244,1,1.9877551020408164,0.16201832754425882,0.15249363684780248,0.20416094855136158,0.3687560581184466,0.4703326839552271,0.631578947368421,0.5,0,0,0.0
V7_allz,Q2_re300_tp60,Q组合,2,,,,300,2,,0.6,,,,,0.3877878309460572,0.4027794831036551,1.612091779163875,-0.23148072416955223,0.35239573735692686,1.012526768613272,1.871978557846603,0.5609756097560976,5.939024390243903,0.9250810673564036,22.9277530699161,-8.00439245365665,39.03228,0.039821525600000005,82,244,1,1.9877551020408164,0.16201832754425882,0.15249363684780248,0.20416094855136158,0.3687560581184466,0.4703326839552271,0.631578947368421,0.5,0,0,0.0
V7_allz,R1_re300_tr10,R组合,1,,,,300,2,,,0.1,,,,0.3766597451111988,0.3911639199404784,1.4374474747259267,-0.27154687799071,0.35009574128803567,0.4053875709869188,1.410309877818774,0.5609756097560976,5.951219512195122,1.1146035459556503,9.505918071690989,-8.00439245365665,39.8987,0.040696674,41,244,1,0.9959183673469387,0.1936453261820682,0.32542751433891626,0.03865336294745325,0.4004637051219777,0.003515882523005276,0.7142857142857143,0.4,0,0,0.0
V7_allz,R1_re300_tr15,R组合,1,,,,300,2,,,0.15,,,,0.3766597451111988,0.3911639199404784,1.4374474747259267,-0.27154687799071,0.35009574128803567,0.4053875709869188,1.410309877818774,0.5609756097560976,5.951219512195122,1.1146035459556503,9.505918071690989,-8.00439245365665,39.8987,0.040696674,41,244,1,0.9959183673469387,0.1936453261820682,0.32542751433891626,0.03865336294745325,0.4004637051219777,0.003515882523005276,0.7142857142857143,0.4,0,0,0.0
V7_allz,R1_re300_tr20,R组合,1,,,,300,2,,,0.2,,,,0.3766597451111988,0.3911639199404784,1.4374474747259267,-0.27154687799071,0.35009574128803567,0.4053875709869188,1.410309877818774,0.5609756097560976,5.951219512195122,1.1146035459556503,9.505918071690989,-8.00439245365665,39.8987,0.040696674,41,244,1,0.9959183673469387,0.1936453261820682,0.32542751433891626,0.03865336294745325,0.4004637051219777,0.003515882523005276,0.7142857142857143,0.4,0,0,0.0
V7_allz,R2_re300_tr10,R组合,2,,,,300,2,,,0.1,,,,0.3877878309460572,0.4027794831036551,1.612091779163875,-0.23148072416955223,0.35239573735692686,1.012526768613272,1.871978557846603,0.5609756097560976,5.939024390243903,0.9250810673564036,22.9277530699161,-8.00439245365665,39.03228,0.039821525600000005,82,244,1,1.9877551020408164,0.16201832754425882,0.15249363684780248,0.20416094855136158,0.3687560581184466,0.4703326839552271,0.631578947368421,0.5,0,0,0.0
V8_allz,R1_re300_tr10,R组合,1,,,,300,2,,,0.1,,,,0.3895286954163608,0.40459688481954115,1.3683393157249713,-0.2527939543600136,0.3655502618109431,0.37188634054324976,1.2182495782868288,0.6451612903225806,7.870967741935484,1.921791832099351,14.695240245493713,-11.658601791057254,30.34776,0.0309547152,31,244,1,0.9959183673469387,0.20559970203654357,0.42707192561752416,-0.026307875256474822,0.2832617229129786,0.06906199729007367,0.6111111111111112,0.6923076923076923,0,0,0.0
V8_allz,R1_re300_tr15,R组合,1,,,,300,2,,,0.15,,,,0.47740922316163825,0.49643621305673924,1.4275495814698211,-0.23023087457215274,0.43840837650658593,0.45592840170435545,1.1563258133275927,0.65625,7.625,2.1021327592571915,14.695240245493713,-15.055865933240941,31.2393,0.031864086,32,244,1,0.9959183673469387,0.24553919503977145,0.42707192561752416,0.035273132797655427,0.26327678373527164,0.15250151071362938,0.6111111111111112,0.7142857142857143,0,0,0.0
V8_allz,R1_re300_tr20,R组合,1,,,,300,2,,,0.2,,,,0.8436225252864016,0.8809730070264179,2.5720289957136346,-0.13177097785832825,0.6443730578292025,1.188004597558459,3.3179384302303268,0.71875,7.625,2.0092522886513198,14.695240245493713,-5.056557664321604,31.3167,0.031943033999999995,32,244,1,0.9959183673469387,0.2873631723785146,0.42707192561752416,0.29189180460446984,0.46312617551234103,0.4954312445352076,0.6666666666666666,0.7857142857142857,0,0,0.0
V8_allz,R2_re300_tr10,R组合,2,,,,300,2,,,0.1,,,,0.45659722381336176,0.47467008605383465,1.8520411093330313,-0.13396875334607816,0.4003262171497486,1.2032687939627187,2.083862606001081,0.6290322580645161,7.870967741935484,2.008849463597817,14.695240245493713,-11.658601791057254,29.67656,0.0302989412,62,244,1,1.9918367346938775,0.2213107992741231,0.28879885066337385,0.13019748819888943,0.5371633899967949,0.4333341584249628,0.6470588235294118,0.6071428571428571,0,0,0.0
V8_allz,R2_re300_tr15,R组合,2,,,,300,2,,,0.15,,,,0.33857841908369224,0.35143784108791065,1.369557493376269,-0.1678163116959328,0.3197617529761895,0.7633901767418327,1.4129308112775971,0.6206896551724138,8.413793103448276,2.0064475981732777,14.695240245493713,-15.055865933240941,27.8334,0.028416948,58,244,1,1.9918367346938775,0.2179242828838578,0.2923077867071058,0.03580465339026273,0.5107190305610609,0.16725224285215567,0.625,0.6153846153846154,0,0,0.0
V8_allz,R2_re300_tr20,R组合,2,,,,300,2,,,0.2,,,,0.46449075783395477,0.48292430729880453,1.8708896465445561,-0.14342164553042336,0.4058831089150442,1.3698767567624541,2.543859040376556,0.6206896551724138,8.413793103448276,1.9241936975238905,14.695240245493713,-10.346902652628053,27.86326,0.028442785200000004,58,244,1,1.9918367346938775,0.2310272763825018,0.2923077867071058,0.1332368131632029,0.7497135908117152,0.35443695997299574,0.65625,0.5769230769230769,0,0,0.0
V8_allz,S1_re300_sl8_tp40,S组合,1,,,,300,2,0.08,0.4,,,,,0.7538077188335197,0.7864110080654569,2.322259081539873,-0.1330448416136667,0.5958368957948236,0.9892627768085005,2.651680401089673,0.6666666666666666,7.393939393939394,1.92659556294843,14.695240245493713,-9.09046216790973,32.29818,0.032944143599999996,33,244,1,0.9959183673469387,0.2682765156964191,0.42707192561752416,0.22895537873790728,0.3205669427113649,0.506370266034512,0.6111111111111112,0.7333333333333333,0,0,0.0
V8_allz,S1_re300_sl8_tr15,S组合,1,,,,300,2,0.08,,0.15,,,,0.7538077188335197,0.7864110080654569,2.322259081539873,-0.1330448416136667,0.5958368957948236,0.9892627768085005,2.651680401089673,0.6666666666666666,7.393939393939394,1.92659556294843,14.695240245493713,-9.09046216790973,32.29818,0.032944143599999996,33,244,1,0.9959183673469387,0.2682765156964191,0.42707192561752416,0.22895537873790728,0.3205669427113649,0.506370266034512,0.6111111111111112,0.7333333333333333,0,0,0.0
V7_allz,T2_re400,T细化,2,,,,400,2,,,,,,,0.28325715053618516,0.29379348988452314,1.236459968753132,-0.12598819235213288,0.27469694534511013,0.6134823258868138,1.4243704667864414,0.6,7.507692307692308,0.9503844789828353,22.9277530699161,-10.696209560317326,30.88976,0.0315222052,65,244,1,1.9918367346938775,0.14208877449550478,0.08083759651925115,0.18728026733045544,0.044702917779019025,0.5444412937191643,0.5862068965517241,0.6111111111111112,0,0,0.0
V7_allz,T2_re300_mh3,T细化,2,,,,300,3,,,,,,,0.01716775829149153,0.01773559830978133,0.19421547011198848,-0.22191278453865926,0.04686355047998325,-0.00882929706409008,0.16304381712424879,0.5584415584415584,6.337662337662338,0.4611161569062272,9.770582490913181,-9.436681174227557,36.1338,0.036913406,77,244,1,1.9918367346938775,0.08743054517317082,0.03584929270981063,-0.018034992686482232,-0.04194757529375259,0.03456833611147836,0.5945945945945946,0.525,0,0,0.0
V7_allz,T2_re300_mh5,T细化,2,,,,300,5,,,,,,,0.045829149096285215,0.04736679047999859,0.3211718205722406,-0.20303521011154668,0.06732203346063825,0.012936980170812573,0.2240589308665869,0.576271186440678,8.271186440677965,0.5307733913233248,14.678277329280087,-15.091880324250774,27.88094,0.028471208799999998,59,244,1,1.9918367346938775,0.12264478214021324,0.11278268250831758,-0.06016766298080045,0.060112505522627036,-0.04450048943489904,0.6060606060606061,0.5384615384615384,0,0,0.0
V7_allz,T2_re300_mh8,T细化,2,,,,300,8,,,,,,,0.1631383572721803,0.16891579293117376,0.766695250912635,-0.18557586801135573,0.17918136398161044,0.2844949351452124,0.7842154615066095,0.5227272727272727,11.090909090909092,0.49709056497194704,19.00149937975806,-16.41887696458626,20.98094,0.021400558800000004,44,244,1,1.9918367346938775,0.12782010522827186,0.12166441631767877,0.03697535586504164,0.2681789639955485,0.012865669288708581,0.5454545454545454,0.5,0,0,0.0
V7_allz,U2_re300_h10,U持有上限,2,10,,,300,2,,,,,,,0.3615994722507432,0.3754488225186614,1.5839181565696396,-0.203386953011773,0.33123304305071277,0.8826660986547941,1.6735257115373736,0.5465116279069767,5.662790697674419,0.7730063410676502,22.9277530699161,-8.00439245365665,40.80284,0.0416323468,86,244,1,1.9877551020408164,0.14880265801051873,0.13833667839140862,0.1961307213388126,0.1568350809186565,0.6274282563766531,0.5476190476190477,0.5454545454545454,0,0,0.0
V7_allz,U2_re300_h20,U持有上限,2,20,,,300,2,,,,,,,0.35867647561460125,0.3723993916185149,1.5074286250537798,-0.23662254877794675,0.33144838898279394,0.9029775968084934,1.7334575577679325,0.5609756097560976,5.939024390243903,0.7363158713279527,22.9277530699161,-8.00439245365665,39.0243,0.039813386000000006,82,244,1,1.9877551020408164,0.15359440853624395,0.16192143033564088,0.1693359293856258,0.3558139056689491,0.4035684313693313,0.6410256410256411,0.4883720930232558,0,0,0.0
V7_allz,U2_re300_h30,U持有上限,2,30,,,300,2,,,,,,,0.3877878309460572,0.4027794831036551,1.612091779163875,-0.23148072416955223,0.35239573735692686,1.012526768613272,1.871978557846603,0.5609756097560976,5.939024390243903,0.9250810673564036,22.9277530699161,-8.00439245365665,39.03228,0.039821525600000005,82,244,1,1.9877551020408164,0.16201832754425882,0.15249363684780248,0.20416094855136158,0.3687560581184466,0.4703326839552271,0.631578947368421,0.5,0,0,0.0
V7_allz,V2_re300_q0.2,V择时,2,,,,300,2,,,,,,0.2,0.28336544865992797,0.2939062572713165,1.309666218181784,-0.19314261104629094,0.2715862089056801,0.6259823904915671,1.4617997263073725,0.6049382716049383,5.580246913580247,0.9503844789828353,22.9277530699161,-9.482912458846481,38.48598,0.0392739796,81,244,6,1.8448979591836734,0.18785989962199415,0.06306567664031748,0.20723063199240865,0.08631102538473301,0.49679267953273465,0.625,0.5853658536585366,0,0,0.0
V7_allz,R2_re300_tr15,R组合,2,,,,300,2,,,0.15,,,,0.3877878309460572,0.4027794831036551,1.612091779163875,-0.23148072416955223,0.35239573735692686,1.012526768613272,1.871978557846603,0.5609756097560976,5.939024390243903,0.9250810673564036,22.9277530699161,-8.00439245365665,39.03228,0.039821525600000005,82,244,1,1.9877551020408164,0.16201832754425882,0.15249363684780248,0.20416094855136158,0.3687560581184466,0.4703326839552271,0.631578947368421,0.5,0,0,0.0
V7_allz,R2_re300_tr20,R组合,2,,,,300,2,,,0.2,,,,0.3877878309460572,0.4027794831036551,1.612091779163875,-0.23148072416955223,0.35239573735692686,1.012526768613272,1.871978557846603,0.5609756097560976,5.939024390243903,0.9250810673564036,22.9277530699161,-8.00439245365665,39.03228,0.039821525600000005,82,244,1,1.9877551020408164,0.16201832754425882,0.15249363684780248,0.20416094855136158,0.3687560581184466,0.4703326839552271,0.631578947368421,0.5,0,0,0.0
V7_allz,S1_re300_sl8_tp40,S组合,1,,,,300,2,0.08,0.4,,,,,0.5098558085985638,0.5303903232466027,1.7806665777161061,-0.25280045736127243,0.44386091258473703,0.5657510266767796,1.4869571579539176,0.627906976744186,5.674418604651163,1.2361107335801869,22.9277530699161,-9.181348469983085,41.8813,0.04271892600000001,43,244,1,0.9959183673469387,0.18557809855465457,0.3075331949903686,0.15473612018675054,0.3131247240689903,0.19238561118929698,0.6818181818181818,0.5714285714285714,0,0,0.0
V7_allz,S1_re300_sl8_tr15,S组合,1,,,,300,2,0.08,,0.15,,,,0.5098558085985638,0.5303903232466027,1.7806665777161061,-0.25280045736127243,0.44386091258473703,0.5657510266767796,1.4869571579539176,0.627906976744186,5.674418604651163,1.2361107335801869,22.9277530699161,-9.181348469983085,41.8813,0.04271892600000001,43,244,1,0.9959183673469387,0.18557809855465457,0.3075331949903686,0.15473612018675054,0.3131247240689903,0.19238561118929698,0.6818181818181818,0.5714285714285714,0,0,0.0
V7_allz,S2_re300_sl8_tp40,S组合,2,,,,300,2,0.08,0.4,,,,,0.30794357663590155,0.3195067002402152,1.360053899888353,-0.21609772454554887,0.2921982244062229,0.7366190608012153,1.5207301714389305,0.5903614457831325,5.879518072289157,0.9533467814905716,22.9277530699161,-10.012702389048645,39.31854,0.04015231080000001,83,244,1,1.9918367346938775,0.15226161661324683,0.14450135667672193,0.1428064886124416,0.28339450323562576,0.35314516029400456,0.6153846153846154,0.5681818181818182,0,0,0.0
V7_allz,S2_re300_sl8_tr15,S组合,2,,,,300,2,0.08,,0.15,,,,0.30794357663590155,0.3195067002402152,1.360053899888353,-0.21609772454554887,0.2921982244062229,0.7366190608012153,1.5207301714389305,0.5903614457831325,5.879518072289157,0.9533467814905716,22.9277530699161,-10.012702389048645,39.31854,0.04015231080000001,83,244,1,1.9918367346938775,0.15226161661324683,0.14450135667672193,0.1428064886124416,0.28339450323562576,0.35314516029400456,0.6153846153846154,0.5681818181818182,0,0,0.0
V7_allz,T2_re150,T细化,2,,,,150,2,,,,,,,0.0018939002836575458,0.001956056066733991,0.1205513916701054,-0.25662827964412116,0.026302282417098977,-0.03970524860461033,0.1021395184479232,0.5208333333333334,5.0625,0.39310928400434486,9.487210027215887,-10.019453081733642,42.55028,0.0437370356,96,244,2,1.9836734693877551,0.048638159726385695,-0.07949275051945748,0.08841500254239465,-0.16556862309618336,0.15083729827921055,0.4666666666666667,0.5686274509803921,0,0,0.0
V7_allz,T2_re250,T细化,2,,,,250,2,,,,,,,0.0884870501104782,0.09151720778338501,0.4941024274298023,-0.23075437164551826,0.11039576864198186,0.18953650741463757,0.6759307284116457,0.5494505494505495,5.362637362637362,0.4306530808116493,9.770582490913181,-8.835571199586756,42.39072,0.043381874399999985,91,244,1,1.9918367346938775,0.07824479956626883,0.03740441452450427,0.04924081184808404,0.06017688418918743,0.12201701919239927,0.5555555555555556,0.5434782608695652,0,0,0.0
V5_allz,R2_re300_tr15,R组合,2,,,,300,2,,,0.15,,,,-0.2119659050426742,-0.21809670900120226,-0.9102520528641289,-0.2979281671161206,-0.21046212159248678,-0.44161929622121243,-1.429160078303855,0.4117647058823529,7.176470588235294,-1.6804543019661333,13.103046618061832,-10.141364009007914,29.73174,0.0307054948,68,244,1,1.9918367346938775,0.0346749876735864,-0.06016085737129495,-0.16152237205909958,-0.16985834367879526,-0.32736696258170317,0.37142857142857144,0.45454545454545453,0,0,0.0
V5_allz,R2_re300_tr20,R组合,2,,,,300,2,,,0.2,,,,-0.2119659050426742,-0.21809670900120226,-0.9102520528641289,-0.2979281671161206,-0.21046212159248678,-0.44161929622121243,-1.429160078303855,0.4117647058823529,7.176470588235294,-1.6804543019661333,13.103046618061832,-10.141364009007914,29.73174,0.0307054948,68,244,1,1.9918367346938775,0.0346749876735864,-0.06016085737129495,-0.16152237205909958,-0.16985834367879526,-0.32736696258170317,0.37142857142857144,0.45454545454545453,0,0,0.0
V5_allz,S1_re300_sl8_tp40,S组合,1,,,,300,2,0.08,0.4,,,,,-0.1363109804632543,-0.14045077006686701,-0.3762934488346656,-0.3156753562183119,-0.10576139678560925,-0.1660173638047613,-0.5075522017125678,0.3870967741935484,7.870967741935484,-1.6200169734611025,13.103046618061809,-10.141364009007903,28.45626,0.029025385200000003,31,244,1,0.9959183673469387,0.04169422942280853,0.08947076331498538,-0.20723983734197848,0.05547416733520927,-0.20985026255941208,0.3076923076923077,0.4444444444444444,0,0,0.0
V5_allz,S1_re300_sl8_tr15,S组合,1,,,,300,2,0.08,,0.15,,,,-0.1363109804632543,-0.14045077006686701,-0.3762934488346656,-0.3156753562183119,-0.10576139678560925,-0.1660173638047613,-0.5075522017125678,0.3870967741935484,7.870967741935484,-1.6200169734611025,13.103046618061809,-10.141364009007903,28.45626,0.029025385200000003,31,244,1,0.9959183673469387,0.04169422942280853,0.08947076331498538,-0.20723983734197848,0.05547416733520927,-0.20985026255941208,0.3076923076923077,0.4444444444444444,0,0,0.0
V5_allz,S2_re300_sl8_tp40,S组合,2,,,,300,2,0.08,0.4,,,,,-0.16586447891736378,-0.17080970635716586,-0.629247895178743,-0.3231376283943598,-0.1513754805016584,-0.3609962177723902,-0.8778040708783035,0.42857142857142855,6.9714285714285715,-1.447799182888676,13.103046618061832,-10.501517719064257,30.54292,0.03148807840000001,70,244,1,1.9918367346938775,0.03369198234426331,-0.06016085737129495,-0.11246990761676323,-0.16985834367879526,-0.23024729892561657,0.37142857142857144,0.4857142857142857,0,0,0.0
V5_allz,S2_re300_sl8_tr15,S组合,2,,,,300,2,0.08,,0.15,,,,-0.16586447891736378,-0.17080970635716586,-0.629247895178743,-0.3231376283943598,-0.1513754805016584,-0.3609962177723902,-0.8778040708783035,0.42857142857142855,6.9714285714285715,-1.447799182888676,13.103046618061832,-10.501517719064257,30.54292,0.03148807840000001,70,244,1,1.9918367346938775,0.03369198234426331,-0.06016085737129495,-0.11246990761676323,-0.16985834367879526,-0.23024729892561657,0.37142857142857144,0.4857142857142857,0,0,0.0
V5_allz,T2_re150,T细化,2,,,,150,2,,,,,,,-0.08214308327322928,-0.08471890387615799,-0.23728928056705598,-0.3048075263329785,-0.05654131673256002,-0.25266168901134733,-0.4210988830402337,0.4594594594594595,4.396396396396397,-0.3200102647107128,16.26056505289233,-10.141364009007914,50.05522,0.051654144400000025,111,244,1,1.9918367346938775,0.038398509792021966,0.042506505381566306,-0.119567204627825,0.01608116676520477,-0.2644895551328068,0.43137254901960786,0.48333333333333334,0,0,0.0
V5_allz,T2_re250,T细化,2,,,,250,2,,,,,,,-0.02002355244779297,-0.020673229771043022,0.04220613236709917,-0.3173583755784043,0.010308453540421092,-0.1882442837544539,-0.2652284092328255,0.4675324675324675,6.337662337662338,-0.43411304422975583,16.273079344198106,-10.141364009007914,35.32456,0.0362040812,77,244,1,1.9918367346938775,0.0402068653602014,0.0346884334286206,-0.05287773991549838,0.006031151904057674,-0.19311075535863598,0.4857142857142857,0.4523809523809524,0,0,0.0
V8_allz,S2_re300_sl8_tp40,S组合,2,,,,300,2,0.08,0.4,,,,,0.3433660699792662,0.35643025839715037,1.452405615850995,-0.16224701891636828,0.3202842689419666,0.8401695457272997,1.7448421345342011,0.603448275862069,8.413793103448276,1.8464338260759772,14.695240245493713,-10.628415350106424,27.95084,0.0285277068,58,244,1,1.9918367346938775,0.1991530673972247,0.2742562484504658,0.05423541898487083,0.47217496819770477,0.24996660415990424,0.6060606060606061,0.6,0,0,0.0
V8_allz,S2_re300_sl8_tr15,S组合,2,,,,300,2,0.08,,0.15,,,,0.3433660699792662,0.35643025839715037,1.452405615850995,-0.16224701891636828,0.3202842689419666,0.8401695457272997,1.7448421345342011,0.603448275862069,8.413793103448276,1.8464338260759772,14.695240245493713,-10.628415350106424,27.95084,0.0285277068,58,244,1,1.9918367346938775,0.1991530673972247,0.2742562484504658,0.05423541898487083,0.47217496819770477,0.24996660415990424,0.6060606060606061,0.6,0,0,0.0
V8_allz,T2_re150,T细化,2,,,,150,2,,,,,,,0.4160162327200083,0.4322581057066168,1.753576196123506,-0.17126209524547742,0.37107845860570166,1.1171879423374484,1.932734415909228,0.6206896551724138,5.609195402298851,1.1635202695400304,14.695240245493713,-14.332290492288635,41.9646,0.04281341200000001,87,244,1,1.9918367346938775,0.21276343899253541,0.383687630447167,0.02336408995894068,1.126559371429122,-0.004406850435299758,0.7111111111111111,0.5238095238095238,0,0,0.0
V8_allz,T2_re250,T细化,2,,,,250,2,,,,,,,0.61954863097035,0.6453540712047252,2.3338830626632596,-0.09394749577719586,0.5067218134976845,2.2750330222551196,3.1597537037601096,0.6268656716417911,7.2835820895522385,2.0911033642472043,16.3868900935072,-12.816204600726167,31.97234,0.0326534068,67,244,1,1.9918367346938775,0.25585538596913704,0.293507472609837,0.2520597408708254,0.7783388918109249,0.8416248091611354,0.6666666666666666,0.5882352941176471,0,0,0.0
V8_allz,T2_re400,T细化,2,,,,400,2,,,,,,,0.5818283028562936,0.6057915061287855,2.257198734929687,-0.12154128170703915,0.48232727032954126,2.018033587123516,3.260421403282055,0.68,9.76,2.0175547752728673,15.763378619248524,-9.75770965225119,24.10822,0.0246062644,50,244,1,1.9918367346938775,0.23910880647522484,0.28510817258852694,0.23089117056200759,0.7252082807337352,0.7493734645418804,0.6666666666666666,0.6956521739130435,0,0,0.0
V8_allz,T2_re300_mh3,T细化,2,,,,300,3,,,,,,,0.7637714675591631,0.796893710602689,2.7855269232119877,-0.1354989383247509,0.591118517123719,3.5347563919473926,4.394611998024843,0.7049180327868853,8.0,2.1000971465480633,14.695240245493713,-11.403382946520868,29.3292,0.029942664,61,244,1,1.9918367346938775,0.3041492956038529,0.417873245879663,0.24395567282525432,1.1325675638174801,1.1264303503846729,0.6875,0.7241379310344828,0,0,0.0
V8_allz,T2_re300_mh5,T细化,2,,,,300,5,,,,,,,0.6326014660362305,0.6590514721979428,2.401272202909871,-0.12376938848714558,0.514088699190667,2.132687761248588,2.760392169922262,0.6923076923076923,9.384615384615385,2.101729934203689,25.923800487718008,-13.748335693511837,24.9913,0.025496236000000002,52,244,1,1.9918367346938775,0.30555410149462026,0.5644077761977973,0.04359073821799542,1.919862596663802,0.07288876018616697,0.7419354838709677,0.6190476190476191,0,0,0.0
V8_allz,T2_re300_mh8,T细化,2,,,,300,8,,,,,,,0.4909577571437269,0.5106112929626279,1.8725045801235876,-0.12197595252911198,0.42624043104547127,1.4857839087425693,2.6217810152563814,0.6842105263157895,12.842105263157896,1.7444949761172057,16.723548784532504,-13.748335693511837,18.24022,0.0186069944,38,244,1,1.9918367346938775,0.25182874087335977,0.41050404409268304,0.05703898077285974,1.149756574978515,0.15630948065243677,0.75,0.6111111111111112,0,0,0.0
V8_allz,P2_re300_sl8,P组合,2,,,,300,2,0.08,,,,,,0.3433660699792662,0.35643025839715037,1.452405615850995,-0.16224701891636828,0.3202842689419666,0.8401695457272997,1.7448421345342011,0.603448275862069,8.413793103448276,1.8464338260759772,14.695240245493713,-10.628415350106424,27.95084,0.0285277068,58,244,1,1.9918367346938775,0.1991530673972247,0.2742562484504658,0.05423541898487083,0.47217496819770477,0.24996660415990424,0.6060606060606061,0.6,0,0,0.0
V8_allz,P2_re300_sl10,P组合,2,,,,300,2,0.1,,,,,,0.45452280886762386,0.47250112578926307,1.8716942907267902,-0.13396875334607816,0.39814220927002686,1.1788784027908474,2.0031342319780943,0.6290322580645161,7.870967741935484,2.008849463597817,14.695240245493713,-11.658601791057254,29.67176,0.0302940452,62,244,1,1.9918367346938775,0.22154299235438135,0.28879885066337385,0.12858791588691143,0.5371633899967949,0.41746701552356824,0.6470588235294118,0.6071428571428571,0,0,0.0
V8_allz,Q1_re300_tp20,Q组合,1,,,,300,2,,0.2,,,,,0.8436225252864016,0.8809730070264179,2.5720289957136346,-0.13177097785832825,0.6443730578292025,1.188004597558459,3.3179384302303268,0.71875,7.625,2.0092522886513198,14.695240245493713,-5.056557664321604,31.3167,0.031943033999999995,32,244,1,0.9959183673469387,0.2873631723785146,0.42707192561752416,0.29189180460446984,0.46312617551234103,0.4954312445352076,0.6666666666666666,0.7857142857142857,0,0,0.0
V8_allz,Q1_re300_tp40,Q组合,1,,,,300,2,,0.4,,,,,0.8436225252864016,0.8809730070264179,2.5720289957136346,-0.13177097785832825,0.6443730578292025,1.188004597558459,3.3179384302303268,0.71875,7.625,2.0092522886513198,14.695240245493713,-5.056557664321604,31.3167,0.031943033999999995,32,244,1,0.9959183673469387,0.2873631723785146,0.42707192561752416,0.29189180460446984,0.46312617551234103,0.4954312445352076,0.6666666666666666,0.7857142857142857,0,0,0.0
V8_allz,Q1_re300_tp60,Q组合,1,,,,300,2,,0.6,,,,,0.8436225252864016,0.8809730070264179,2.5720289957136346,-0.13177097785832825,0.6443730578292025,1.188004597558459,3.3179384302303268,0.71875,7.625,2.0092522886513198,14.695240245493713,-5.056557664321604,31.3167,0.031943033999999995,32,244,1,0.9959183673469387,0.2873631723785146,0.42707192561752416,0.29189180460446984,0.46312617551234103,0.4954312445352076,0.6666666666666666,0.7857142857142857,0,0,0.0
V8_allz,Q2_re300_tp20,Q组合,2,,,,300,2,,0.2,,,,,0.46449075783395477,0.48292430729880453,1.8708896465445561,-0.14342164553042336,0.4058831089150442,1.3698767567624541,2.543859040376556,0.6206896551724138,8.413793103448276,1.9241936975238905,14.695240245493713,-10.346902652628053,27.86326,0.028442785200000004,58,244,1,1.9918367346938775,0.2310272763825018,0.2923077867071058,0.1332368131632029,0.7497135908117152,0.35443695997299574,0.65625,0.5769230769230769,0,0,0.0
V8_allz,Q2_re300_tp40,Q组合,2,,,,300,2,,0.4,,,,,0.46449075783395477,0.48292430729880453,1.8708896465445561,-0.14342164553042336,0.4058831089150442,1.3698767567624541,2.543859040376556,0.6206896551724138,8.413793103448276,1.9241936975238905,14.695240245493713,-10.346902652628053,27.86326,0.028442785200000004,58,244,1,1.9918367346938775,0.2310272763825018,0.2923077867071058,0.1332368131632029,0.7497135908117152,0.35443695997299574,0.65625,0.5769230769230769,0,0,0.0
V8_allz,Q2_re300_tp60,Q组合,2,,,,300,2,,0.6,,,,,0.46449075783395477,0.48292430729880453,1.8708896465445561,-0.14342164553042336,0.4058831089150442,1.3698767567624541,2.543859040376556,0.6206896551724138,8.413793103448276,1.9241936975238905,14.695240245493713,-10.346902652628053,27.86326,0.028442785200000004,58,244,1,1.9918367346938775,0.2310272763825018,0.2923077867071058,0.1332368131632029,0.7497135908117152,0.35443695997299574,0.65625,0.5769230769230769,0,0,0.0
V6_allz,R1_re300_tr10,R组合,1,,,,300,2,,,0.1,,,,0.6242315329273265,0.6502678061146681,2.116048488189926,-0.24383120031215566,0.5155857765657083,0.7256490427953259,1.9274003195700984,0.7741935483870968,7.870967741935484,2.380824694188788,14.663793760890997,-11.31739282165405,30.39834,0.0310063068,31,244,1,0.9959183673469387,0.19029613553153682,0.32429370977158545,0.22648889815196194,0.3370224876463941,0.29066568344190213,0.8125,0.7333333333333333,0,0,0.0
V6_allz,R1_re300_tr15,R组合,1,,,,300,2,,,0.15,,,,0.3076903853646107,0.31924289667777495,1.2659572626959514,-0.2700777595548399,0.29627121247411636,0.2822918871520175,1.0577477765236771,0.6551724137931034,8.413793103448276,2.1123565041601733,11.616591407845679,-15.055865933240941,28.3921,0.028959942000000002,29,244,1,0.9959183673469387,0.16739706593506518,0.32429370977158545,-0.012537493974684732,0.3370224876463941,-0.0409346895808167,0.8125,0.46153846153846156,0,0,0.0
V6_allz,R1_re300_tr20,R组合,1,,,,300,2,,,0.2,,,,0.7159319738248269,0.7465804454140692,2.29996381013783,-0.2417874099743278,0.5719141094203115,0.8993777851034281,2.3883647578435165,0.7741935483870968,7.870967741935484,2.380824694188788,14.663793760890997,-8.603984918082919,30.41398,0.031022259599999998,31,244,1,0.9959183673469387,0.20146231851559837,0.32429370977158545,0.29573368895695373,0.3370224876463941,0.42060272183377156,0.8125,0.7333333333333333,0,0,0.0
V6_allz,R2_re300_tr10,R组合,2,,,,300,2,,,0.1,,,,0.43502655939177304,0.4521212735110356,1.8142302037260942,-0.1758683802717277,0.38435893816808864,1.1893926679754712,1.9848132278771387,0.7368421052631579,8.56140350877193,2.329477130254043,15.818714038405425,-11.31739282165405,27.46732,0.028016666399999997,57,244,1,1.9918367346938775,0.15305308998268627,0.13901422794858176,0.25988466533585264,0.28300854594028046,0.706452131517898,0.7777777777777778,0.7,0,0,0.0
V6_allz,R2_re300_tr15,R组合,2,,,,300,2,,,0.15,,,,0.08857401320831682,0.09160727227573195,0.49387548787379654,-0.27835700923570117,0.11065982103180927,0.1357803851711572,0.5295955649932117,0.625,10.166666666666666,1.3593592013284805,14.663793760890997,-15.055865933240941,22.75074,0.0232057548,48,244,1,1.9918367346938775,0.10114480005322445,0.1232587402089369,-0.03087866202062184,0.24484027117161156,-0.08760954198389659,0.76,0.4782608695652174,0,0,0.0
V6_allz,R2_re300_tr20,R组合,2,,,,300,2,,,0.2,,,,0.29569059365584227,0.30674207024689615,1.3384409948280735,-0.2156496738442234,0.2818949696297207,0.702130115986852,1.5710374287626299,0.7,9.76,2.1062268253541183,14.663793760890997,-14.852236779093165,24.07878,0.024560355599999997,50,244,1,1.9918367346938775,0.11948630596287425,0.1232587402089369,0.15351035987917605,0.24484027117161156,0.3673482095697713,0.76,0.64,0,0,0.0
V6_allz,S1_re300_sl8_tp40,S组合,1,,,,300,2,0.08,0.4,,,,,0.5617666243605361,0.5847625788367783,2.017951239497741,-0.26806026273201444,0.47433485243197704,0.6325278959587897,1.8540911966559788,0.7666666666666667,8.133333333333333,2.3658347579588845,14.663793760890997,-10.137100203003824,29.36942,0.0299568084,30,244,1,0.9959183673469387,0.1788312293536622,0.32429370977158545,0.17932042781499535,0.3370224876463941,0.22101753040263672,0.8125,0.7142857142857143,0,0,0.0
V6_allz,S1_re300_sl8_tr15,S组合,1,,,,300,2,0.08,,0.15,,,,0.5617666243605361,0.5847625788367783,2.017951239497741,-0.26806026273201444,0.47433485243197704,0.6325278959587897,1.8540911966559788,0.7666666666666667,8.133333333333333,2.3658347579588845,14.663793760890997,-10.137100203003824,29.36942,0.0299568084,30,244,1,0.9959183673469387,0.1788312293536622,0.32429370977158545,0.17932042781499535,0.3370224876463941,0.22101753040263672,0.8125,0.7142857142857143,0,0,0.0
V7_allz,V2_re300_q0.4,V择时,2,,,,300,2,,,,,,0.4,0.1844397409186449,0.19103145681217915,0.9071720002449847,-0.14087446361249634,0.19240286202481138,0.4005485532600954,1.2164842952403363,0.6338028169014085,6.098591549295775,1.1529303636284682,9.784114367667684,-10.958525783296336,33.7855,0.03447344000000001,71,244,9,1.7673469387755103,0.18963247798482444,-0.0005502268691069956,0.1850918102750172,-0.008662540630557491,0.4127868769842904,0.65625,0.6153846153846154,0,0,0.0
V7_allz,W2_h10_tr15,W移动,2,10,,,,,,,0.15,,,,0.23523073800376504,0.243816244243255,0.9970142346919907,-0.18791077269705103,0.24136552427518576,0.28705109359374825,0.6816698493778928,0.54,9.76,0.29783781191730085,48.14802977480683,-12.642132574669917,23.6828,0.024156456000000003,50,244,1,1.9918367346938775,0.18294379236039454,0.282089995330157,-0.036549117064379355,0.36554650175058634,-0.057482779280097374,0.5384615384615384,0.5416666666666666,0,0,0.0
V7_allz,W2_h10_tr20,W移动,2,10,,,,,,,0.2,,,,0.23523073800376504,0.243816244243255,0.9970142346919907,-0.18791077269705103,0.24136552427518576,0.28705109359374825,0.6816698493778928,0.54,9.76,0.29783781191730085,48.14802977480683,-12.642132574669917,23.6828,0.024156456000000003,50,244,1,1.9918367346938775,0.18294379236039454,0.282089995330157,-0.036549117064379355,0.36554650175058634,-0.057482779280097374,0.5384615384615384,0.5416666666666666,0,0,0.0
V7_allz,W2_h10_tr25,W移动,2,10,,,,,,,0.25,,,,0.23523073800376504,0.243816244243255,0.9970142346919907,-0.18791077269705103,0.24136552427518576,0.28705109359374825,0.6816698493778928,0.54,9.76,0.29783781191730085,48.14802977480683,-12.642132574669917,23.6828,0.024156456000000003,50,244,1,1.9918367346938775,0.18294379236039454,0.282089995330157,-0.036549117064379355,0.36554650175058634,-0.057482779280097374,0.5384615384615384,0.5416666666666666,0,0,0.0
V7_allz,W2_h20_tr15,W移动,2,20,,,,,,,0.15,,,,0.07684806385848786,0.07946527249908342,0.42273890116145846,-0.18027980348148331,0.10658602890382651,0.05804913406675327,0.34180946987902744,0.5,18.76923076923077,-0.2095525906925022,30.149020264532677,-11.685109797916837,12.28732,0.012533066400000003,26,244,1,1.9918367346938775,0.09332677322043868,0.14811230841410516,-0.06207079571688956,0.1168038220273302,-0.052609676652001225,0.42857142857142855,0.5833333333333334,0,0,0.0
V7_allz,W2_h20_tr20,W移动,2,20,,,,,,,0.2,,,,0.1149369119259589,0.11892115183511853,0.5542083973899277,-0.19145915481656928,0.14274807256636712,0.14349059591267177,0.5205243309905895,0.5,18.76923076923077,-0.31538424045857716,30.149020264532677,-11.685109797916837,12.32326,0.0125697252,26,244,1,1.9918367346938775,0.09890572976581836,0.14811230841410516,-0.028895602150604383,0.1168038220273302,0.02389566847729574,0.42857142857142855,0.5833333333333334,0,0,0.0
V7_allz,W2_h20_tr25,W移动,2,20,,,,,,,0.25,,,,0.1149369119259589,0.11892115183511853,0.5542083973899277,-0.19145915481656928,0.14274807256636712,0.14349059591267177,0.5205243309905895,0.5,18.76923076923077,-0.31538424045857716,30.149020264532677,-11.685109797916837,12.32326,0.0125697252,26,244,1,1.9918367346938775,0.09890572976581836,0.14811230841410516,-0.028895602150604383,0.1168038220273302,0.02389566847729574,0.42857142857142855,0.5833333333333334,0,0,0.0
V7_allz,W2_h30_tr15,W移动,2,30,,,,,,,0.15,,,,0.2609845601039986,0.27060841893461385,0.9846925982389246,-0.19849103504508014,0.2706942874774967,0.2507286146190544,0.6015846925546889,0.5789473684210527,25.68421052631579,0.11536131040712494,71.90525993162468,-17.570030115832036,8.94302,0.009139880400000001,19,244,1,1.9918367346938775,0.2624552864954779,0.41337200263691143,-0.10781835373037285,1.0526418372211603,-0.390673720110726,0.7,0.4444444444444444,0,0,0.0
V9_allz,W2_h30_tr20,W移动,2,30,,,,,,,0.2,,,,0.6447808051781925,0.6718354821057928,1.9369643040530264,-0.18515018971374442,0.5375968999174433,1.947139702698876,1.8741953418151878,0.6666666666666666,27.11111111111111,4.934233206825411,62.789686550932956,-15.92024972819136,8.63562,0.0088083324,18,244,1,1.9918367346938775,0.1536511172662612,0.19446238955340833,0.37700510251574504,0.6936116382554471,0.7401508327698205,0.6,0.75,0,0,0.0
V9_allz,W2_h30_tr25,W移动,2,30,,,,,,,0.25,,,,0.3358955037689335,0.34864043409565637,1.265356679518657,-0.20047827300175913,0.32332188294256314,0.7476581577855992,1.472257195733727,0.6666666666666666,27.11111111111111,4.24546839128801,26.844145522164254,-22.360101320498437,8.64642,0.0088193484,18,244,1,1.9918367346938775,0.1524205688789461,0.19446238955340833,0.11840733994847996,0.6936116382554471,0.031911991101941206,0.6,0.75,0,0,0.0
V9_allz,X_re300_close_overlap,X口径,2,,close_overlap,,300,2,,,,,,,2.5243136880248342,2.672919647203369,2.4640976555906997,-0.23445487345973248,1.4182430381460267,2.5243136880248342,2.593054627137706,0.6774193548387096,7.870967741935484,1.9225710190928225,36.446387440749085,-9.573195179779582,30.12084,0.030723256799999998,62,244,1,1.9918367346938775,nan,0.6367791925041311,1.1532004464407564,0.7219928433894724,1.046648278216869,0.7741935483870968,0.5806451612903226,0,0,97586.0
V9_allz,X_re300_close_seq,X口径,2,,close_seq,,300,2,,,,,,,0.4851164916371431,0.5044993805728395,1.916819645947125,-0.12588998541329888,0.4205804035558698,1.4799130813840575,2.5983260151065615,0.6779661016949152,7.305084745762712,0.910516454019028,15.941346632487562,-9.026528696081272,28.49802,0.029067980400000002,59,244,5,1.7591836734693878,0.26850236159741864,0.23826741098904747,0.19935038139373096,0.5525697303384922,0.5972957819056455,0.7096774193548387,0.6428571428571429,2,0,0.0
V10_allz,P1_re300_sl5,P组合,1,,,,300,2,0.05,,,,,,0.3058135927270149,0.31728749214993757,1.0989685415807893,-0.26335763944084467,0.30610844684645,0.23908427906566754,0.7787353103693508,0.5526315789473685,6.421052631578948,0.654709231927697,22.941254961585145,-7.3158909248605575,37.3669,0.038114238,38,244,1,0.9959183673469387,0.21701500587706268,0.46729229856368915,-0.11005217296836023,0.4933933029829951,-0.17028938285001993,0.6842105263157895,0.42105263157894735,1,0,0.0
V10_allz,P1_re300_sl8,P组合,1,,,,300,2,0.08,,,,,,0.8057898822452447,0.8411218574635086,2.3909569836293167,-0.10035034397944809,0.626233174756576,1.02547660111654,2.135836452043499,0.7804878048780488,5.951219512195122,2.1123565041601733,22.941254961585145,-9.51533357340837,40.3912,0.041199024,41,244,1,0.9959183673469387,0.29006827087593606,0.5955667477527715,0.13175452220256867,0.6971570403756975,0.19345266992391208,0.85,0.7142857142857143,1,0,0.0
V10_allz,P1_re300_sl10,P组合,1,,,,300,2,0.1,,,,,,0.5725251852738158,0.5960387562725182,1.7240757093095231,-0.24346242085350667,0.49456254622009244,0.6135463240992758,1.5447578176581738,0.696969696969697,7.393939393939394,2.229026670682188,22.941254961585145,-12.269862467337433,32.4528,0.033101856,33,244,1,0.9959183673469387,0.2538881380949262,0.5470818681239351,0.016446005653686147,0.6257051353811063,-0.007479100002337757,0.7894736842105263,0.5714285714285714,1,0,0.0
V10_allz,P2_re300_sl5,P组合,2,,,,300,2,0.05,,,,,,0.27364980469624034,0.28379091127776057,1.1467523769798724,-0.17026790302109862,0.27061774865157473,0.5102730895105254,1.104012938446474,0.5975609756097561,5.951219512195122,0.9439869558200531,22.941254961585145,-8.808418519893557,39.55638,0.0403475076,82,244,1,1.9918367346938775,0.18095759547190732,0.3213770064464876,-0.036119291857966696,0.7457340452752905,-0.13487790789325793,0.717948717948718,0.4883720930232558,1,0,0.0
V8_allz,W2_h20_tr15,W移动,2,20,,,,,,,0.15,,,,0.3723276366735797,0.3866428700638802,1.4877178520924141,-0.12142877382787431,0.34421882953124816,0.9404682504064552,1.74712158198466,0.6153846153846154,18.76923076923077,1.6800761717763346,26.23059937968961,-13.321676859884201,12.476,0.012736520000000001,26,244,1,1.9918367346938775,0.2195589490953508,0.2953387911044354,0.059435296848866725,0.5775089348619455,0.23008384138012739,0.7142857142857143,0.5,0,0,0.0
V8_allz,W2_h20_tr20,W移动,2,20,,,,,,,0.2,,,,0.40133813071579527,0.41692748925088297,1.5746137635648016,-0.12142877382787431,0.3652692711306821,1.0274276171164538,1.7829711708319669,0.6538461538461539,18.76923076923077,2.3755131442056765,26.23059937968961,-18.113819332593362,12.49548,0.012756389600000003,26,244,1,1.9918367346938775,0.21744776370501345,0.2953387911044354,0.08183136360873022,0.5775089348619455,0.2852083258050657,0.7142857142857143,0.5833333333333334,0,0,0.0
V8_allz,W2_h20_tr25,W移动,2,20,,,,,,,0.25,,,,0.3213247086141875,0.3334510655587448,1.3659289641068175,-0.15079753610318136,0.3042455387092041,0.7174698409868419,1.3942490182931924,0.6153846153846154,18.76923076923077,1.6800761717763346,26.23059937968961,-20.989104816218862,12.49548,0.0127563896,26,244,1,1.9918367346938775,0.21618625541080827,0.2953387911044354,0.02006109728837524,0.5775089348619455,0.0887227343261574,0.7142857142857143,0.5,0,0,0.0
V8_allz,W2_h30_tr15,W移动,2,30,,,,,,,0.15,,,,0.30325570775806354,0.31462261525004087,1.0988482684571683,-0.20883651435245432,0.30421742689795395,0.5134308322130114,0.9546836488771239,0.6111111111111112,27.11111111111111,2.0786787195439915,39.75997813406589,-16.19167113784281,8.63862,0.008811392400000001,18,244,1,1.9918367346938775,0.18654261572299385,0.14546789781931624,0.13774965692110408,0.9515763552041354,-0.22450852195598248,0.6,0.625,0,0,0.0
V8_allz,W2_h30_tr20,W移动,2,30,,,,,,,0.2,,,,0.11550884445815401,0.11951395205541893,0.5493567489858004,-0.24262115904744297,0.14504933110564178,0.12655228051530698,0.48649600513917035,0.5,27.11111111111111,-0.057997772476342524,26.844145522164254,-15.046260367285402,8.59596,0.008780619199999999,18,244,1,1.9918367346938775,0.13169162809183052,0.12655051556834396,-0.009801310245390327,0.14906439681646422,-0.019591692479140388,0.6,0.375,0,0,0.0
V8_allz,W2_h30_tr25,W移动,2,30,,,,,,,0.25,,,,0.01737260257734552,0.01794727760544146,0.20745640661666342,-0.2843797489844113,0.05940917481321539,-0.09406420913718305,0.025565682700075434,0.3888888888888889,27.11111111111111,-1.1075277758667346,26.844145522164254,-16.153678127866723,8.67594,0.008849458800000001,18,244,1,1.9918367346938775,0.10900590822959899,0.12161045089974487,-0.09293587469587083,0.11096222294302183,-0.18454851825391017,0.5,0.25,0,0,0.0
V8_allz,X_re300_close_overlap,X口径,2,,close_overlap,,300,2,,,,,,,2.035246031528314,2.147773943159963,2.5281336793987235,-0.2177359422285149,1.2279473213040326,2.035246031528314,2.7050771650874132,0.6206896551724138,8.413793103448276,1.6653592130551509,17.559217096923476,-10.965723877403978,27.86326,0.028442785200000004,58,244,1,1.9918367346938775,nan,1.016345632428206,0.5053203095310028,0.9828196907604876,0.5307725889912758,0.6875,0.5384615384615384,0,0,97427.0
V8_allz,X_re300_close_seq,X口径,2,,close_seq,,300,2,,,,,,,0.5180759145596152,0.5389961690185043,2.112349749665815,-0.1929081825820459,0.4399825542122845,1.6757124322201795,2.6387303705170098,0.6981132075471698,8.245283018867925,1.9574161654299482,17.559217096923476,-10.965723877403978,25.56846,0.026079829200000005,53,244,4,1.7836734693877552,0.3345401475621846,0.4848046805988555,0.022407818614458952,1.4922562752015232,0.07361047049779135,0.8387096774193549,0.5,0,0,0.0
V8_allz,U2_re300_h10,U持有上限,2,10,,,300,2,,,,,,,0.5542098380265241,0.5768437414793615,2.0202800893708486,-0.10953204556744156,0.4688749253067971,1.9084068636829494,2.881928576295442,0.5972222222222222,6.777777777777778,1.781448375080874,14.695240245493713,-8.798771880439604,34.37266,0.0350939032,72,244,1,1.9918367346938775,0.229448111176173,0.3163882075618709,0.18066223101856238,0.6985710393521414,0.7122668385964339,0.5897435897435898,0.6060606060606061,0,0,0.0
V8_allz,U2_re300_h20,U持有上限,2,20,,,300,2,,,,,,,0.4907464493334184,0.5103901807944686,1.9433165435626911,-0.1271962342749713,0.42400096450950586,1.5631720982266155,2.630452665912782,0.6833333333333333,8.133333333333333,2.008849463597817,14.695240245493713,-12.391137108338546,28.94362,0.029538372400000002,60,244,1,1.9918367346938775,0.23238866966740934,0.28733267448018407,0.15801181690301624,0.5027745766489158,0.705626471231841,0.6363636363636364,0.7407407407407407,0,0,0.0
V8_allz,U2_re300_h30,U持有上限,2,30,,,300,2,,,,,,,0.46449075783395477,0.48292430729880453,1.8708896465445561,-0.14342164553042336,0.4058831089150442,1.3698767567624541,2.543859040376556,0.6206896551724138,8.413793103448276,1.9241936975238905,14.695240245493713,-10.346902652628053,27.86326,0.028442785200000004,58,244,1,1.9918367346938775,0.2310272763825018,0.2923077867071058,0.1332368131632029,0.7497135908117152,0.35443695997299574,0.65625,0.5769230769230769,0,0,0.0
V8_allz,V2_re300_q0.2,V择时,2,,,,300,2,,,,,,0.2,0.4473329699020532,0.4649843823540707,1.8234074233741575,-0.14751695218779315,0.3938966907958118,1.2341706217447976,2.1322022956384807,0.6551724137931034,8.258620689655173,2.1062268253541183,14.695240245493713,-13.748335693511837,27.97212,0.028546272400000003,58,244,1,1.9551020408163264,0.2261276108843865,0.24520659821468538,0.16232356299522466,0.5057628738851994,0.4837466512772668,0.625,0.6923076923076923,0,0,0.0
V8_allz,V2_re300_q0.4,V择时,2,,,,300,2,,,,,,0.4,0.5961329948953533,0.6207912289255799,2.164696419301658,-0.1885968683570033,0.4945171807259078,1.8560896417684836,2.273800138437512,0.6792452830188679,8.50943396226415,2.1123565041601733,33.2226954325209,-13.748335693511837,25.25954,0.025796820800000002,53,244,8,1.8408163265306123,0.3125839564117969,0.32244791991933486,0.20695338610590475,0.879583995569412,0.5195328586011092,0.7419354838709677,0.5909090909090909,0,0,0.0
V8_allz,W2_h10_tr15,W移动,2,10,,,,,,,0.15,,,,0.1716824157953074,0.17778488062509945,0.7499888023052278,-0.2870226260072145,0.19222650541867614,0.24308614861028333,0.6735501771562388,0.46,9.76,-0.632844231148888,23.34693521787694,-14.154883681277063,23.99744,0.024488388800000004,50,244,1,1.9918367346938775,0.1449308376006786,0.28621004258257376,-0.08904270919647517,0.5214496250121401,-0.18295937757363223,0.6153846153846154,0.2916666666666667,0,0,0.0
V8_allz,W2_h10_tr20,W移动,2,10,,,,,,,0.2,,,,0.333022821675367,0.34564536635691523,1.1880337757410342,-0.278153426689252,0.32615121496603683,0.6409718194058669,1.0952477521732626,0.5,9.76,-0.08007369570562917,33.3709698214838,-18.113819332593362,24.04254,0.024534390800000007,50,244,1,1.9918367346938775,0.15021510968749188,0.28621004258257376,0.0363959054454257,0.5214496250121401,0.07855810171353728,0.6153846153846154,0.375,0,0,0.0
V8_allz,W2_h10_tr25,W移动,2,10,,,,,,,0.25,,,,0.05848817849872234,0.06046268037036895,0.349767914252944,-0.34309244769832403,0.0937176495332609,-0.021656826175061372,0.25313755662103193,0.46,9.76,-0.632844231148888,23.34693521787694,-20.989104816218862,23.85128,0.024360225600000004,50,244,1,1.9918367346938775,0.14184460088644593,0.28621004258257376,-0.17704873741042315,0.5214496250121401,-0.35696643665272076,0.6153846153846154,0.2916666666666667,0,0,0.0
V9_allz,P1_re300_sl5,P组合,1,,,,300,2,0.05,,,,,,-0.049286555352461736,-0.05086071011336524,-0.009441361842576448,-0.35783657367153854,-0.002877007633780959,-0.08441921906897254,-0.2188799934476438,0.5151515151515151,7.393939393939394,0.5228640553456065,12.63056510967524,-8.829177188347614,30.95468,0.0315737736,33,244,1,0.9959183673469387,0.09469693600576803,0.21651645516725226,-0.2184952035713903,0.2038897722112809,-0.23948121990495286,0.7142857142857143,0.3684210526315789,0,0,0.0
V9_allz,P1_re300_sl8,P组合,1,,,,300,2,0.08,,,,,,0.4173432666044925,0.4336443904817662,1.3011409292782168,-0.14278995977921483,0.3960914077577984,0.42005808283102386,1.4811043387405443,0.6451612903225806,7.870967741935484,1.533115408685326,7.787867046459818,-11.02031230664453,30.55878,0.031169955600000004,31,244,1,0.9959183673469387,0.20570937471056439,0.3346696832720746,0.06194310425163474,0.3513685054523721,0.050829642026960054,0.6470588235294118,0.6428571428571429,0,0,0.0
V9_allz,P1_re300_sl10,P组合,1,,,,300,2,0.1,,,,,,0.8725819009393816,0.9114956209694534,2.174466311861528,-0.16474222706248343,0.6770253149771425,1.1520330195420416,2.2672326605073367,0.6363636363636364,7.393939393939394,1.533115408685326,28.377268794386424,-13.488806300675227,32.4896,0.033139392000000004,33,244,1,0.9959183673469387,0.19563486988964118,0.3346696832720746,0.40303022119192944,0.3513685054523721,0.5924842194110824,0.6470588235294118,0.625,0,0,0.0
V9_allz,P2_re300_sl5,P组合,2,,,,300,2,0.05,,,,,,0.06327729464750265,0.06541841024808126,0.38359796765095466,-0.18655534248108452,0.0891555885471016,0.018361345040703414,0.2418287676800642,0.5285714285714286,6.9714285714285715,0.5979414344518541,12.63056510967524,-8.829177188347614,34.03162,0.0347122524,70,244,1,1.9918367346938775,0.12240228787137024,0.23536960461445466,-0.1393043096771509,0.5801431322756743,-0.3555258860796424,0.696969696969697,0.3783783783783784,0,0,0.0
V9_allz,P2_re300_sl8,P组合,2,,,,300,2,0.08,,,,,,0.5192909146112012,0.5402683144315914,1.8450747183751393,-0.16422295028075085,0.4489101272005994,1.4596749714642083,2.1780014290264242,0.6557377049180327,8.0,1.9690511352171036,28.377268794386424,-11.02031230664452,29.68184,0.030275476800000006,61,244,1,1.9918367346938775,0.16455872627483734,0.24647165444034846,0.21887321640967983,0.6273776521916687,0.5114346495735913,0.7096774193548387,0.6,0,0,0.0
V9_allz,P2_re300_sl10,P组合,2,,,,300,2,0.1,,,,,,0.3496799934018773,0.36301511815178844,1.3305631439787182,-0.23155597245747594,0.3319484793046331,0.7337955842426349,1.3583203246346756,0.5909090909090909,7.393939393939394,1.412997830365459,28.377268794386424,-13.488806300675215,32.1305,0.03277311,66,244,1,1.9918367346938775,0.13794364973464332,0.24647165444034846,0.08280038987959881,0.6273776521916687,0.06539227812772697,0.7096774193548387,0.4857142857142857,0,0,0.0
V9_allz,Q1_re300_tp20,Q组合,1,,,,300,2,,0.2,,,,,0.9741359112235888,1.018652398752892,2.4338872249269157,-0.12456800759222098,0.7260243855566711,1.3954494591436384,2.6770813259421344,0.65625,7.625,2.218694858640058,28.377268794386424,-7.602397545678963,31.5146,0.032144892,32,244,1,0.9959183673469387,0.22279963681660792,0.3346696832720746,0.4791194675103434,0.3513685054523721,0.7726100981920978,0.6470588235294118,0.6666666666666666,0,0,0.0
V9_allz,Q1_re300_tp40,Q组合,1,,,,300,2,,0.4,,,,,0.9741359112235888,1.018652398752892,2.4338872249269157,-0.12456800759222098,0.7260243855566711,1.3954494591436384,2.6770813259421344,0.65625,7.625,2.218694858640058,28.377268794386424,-7.602397545678963,31.5146,0.032144892,32,244,1,0.9959183673469387,0.22279963681660792,0.3346696832720746,0.4791194675103434,0.3513685054523721,0.7726100981920978,0.6470588235294118,0.6666666666666666,0,0,0.0
V9_allz,V2_re300_q0.4,V择时,2,,,,300,2,,,,,,0.4,0.13121317481535777,0.13579515151456767,0.6253852702786314,-0.2414314781387914,0.15473628497735015,0.19215558632922458,0.6953765809197875,0.5106382978723404,9.808510638297872,0.14921748486096398,11.515023057533448,-13.328270055077585,22.91654,0.0233748708,47,244,5,1.8816326530612244,0.17235854475463883,0.1984320828080961,-0.05608904247225566,0.3500617606331795,-0.11696218566319272,0.68,0.3181818181818182,0,0,0.0
V9_allz,W2_h10_tr15,W移动,2,10,,,,,,,0.15,,,,0.1949981710999633,0.20199834985599208,0.8040954223766035,-0.24743181007844095,0.21512477868043856,0.24908737707689532,0.6854285136789765,0.48,9.76,-0.12607379696134569,26.518324170626894,-15.92024972819136,24.09284,0.024574696799999997,50,244,1,1.9918367346938775,0.17987005207981166,0.397439505908356,-0.1448659022107749,0.6872990413428683,-0.25971191444357966,0.5769230769230769,0.375,0,1,0.0
V9_allz,W2_h10_tr20,W移动,2,10,,,,,,,0.2,,,,0.5074573947339474,0.5278796496120963,1.601405465188073,-0.22945545403112821,0.4516519664570252,1.0671316105320279,1.2576906489805288,0.52,9.76,0.5371488271048275,61.899710229642956,-15.92024972819136,24.1137,0.024595973999999996,50,244,1,1.9918367346938775,0.18828497410400283,0.397439505908356,0.07872819421551869,0.6872990413428683,0.22511277484450098,0.5769230769230769,0.4583333333333333,0,1,0.0
V9_allz,W2_h10_tr25,W移动,2,10,,,,,,,0.25,,,,0.5074573947339474,0.5278796496120963,1.601405465188073,-0.22945545403112821,0.4516519664570252,1.0671316105320279,1.2576906489805288,0.52,9.76,0.5371488271048275,61.899710229642956,-15.92024972819136,24.1137,0.024595973999999996,50,244,1,1.9918367346938775,0.18828497410400283,0.397439505908356,0.07872819421551869,0.6872990413428683,0.22511277484450098,0.5769230769230769,0.4583333333333333,0,1,0.0
V9_allz,W2_h20_tr15,W移动,2,20,,,,,,,0.15,,,,0.35529002069167026,0.3688667245128223,1.2815810129239822,-0.236067429514089,0.34045073038658935,0.7002715386394216,1.2211925836741044,0.6538461538461539,18.76923076923077,1.5098029048350226,33.345551354804435,-15.92024972819136,12.66238,0.012915627599999998,26,244,1,1.9918367346938775,0.16763103284630743,0.33335032127601427,0.016454564914838654,0.42465794151782843,0.19345948882856434,0.5714285714285714,0.75,0,0,0.0
V9_allz,W2_h20_tr20,W移动,2,20,,,,,,,0.2,,,,0.4731306958357544,0.4919607107001598,1.5940393885778603,-0.16217672322109955,0.42392371490654557,1.0970225831142302,1.5497147417743844,0.6153846153846154,18.76923076923077,3.800760592358421,41.54400329287169,-15.92024972819136,12.52822,0.0127787844,26,244,1,1.9918367346938775,0.20566804565857066,0.33597257277054227,0.10266537342213056,0.4171717043901719,0.47972371775275247,0.42857142857142855,0.8333333333333334,0,0,0.0
V9_allz,W2_h20_tr25,W移动,2,20,,,,,,,0.25,,,,0.3469874238035575,0.3602068840930588,1.23346968559657,-0.17118748604599043,0.3360553859468165,0.6096978549252345,1.0779813625601395,0.5769230769230769,18.76923076923077,3.3201163290976443,41.54400329287169,-22.360101320498437,12.54006,0.0127908612,26,244,1,1.9918367346938775,0.20226025672204903,0.33597257277054227,0.008244818237676643,0.4171717043901719,0.135852381146651,0.42857142857142855,0.75,0,0,0.0
V9_allz,W2_h30_tr15,W移动,2,30,,,,,,,0.15,,,,0.43329760903878833,0.4503144006094031,1.5569634064672366,-0.142241386430199,0.3928289915502412,1.148875521879102,1.9852670223404794,0.6111111111111112,27.11111111111111,4.24546839128801,26.844145522164254,-10.643744294590585,8.6439,0.008816778,18,244,1,1.9918367346938775,0.16252839568977998,0.19446238955340833,0.19995206343388938,0.6936116382554471,0.2688124439748252,0.6,0.625,0,0,0.0
V10_allz,W2_h20_tr15,W移动,2,20,,,,,,,0.15,,,,0.4219038645272972,0.4384089392750572,1.4618213334059245,-0.19826676284040645,0.3882508489260482,0.9072722664578188,1.3509857227498459,0.6538461538461539,18.76923076923077,2.453273574128878,37.00421814678063,-14.06730037329984,12.48842,0.012738188400000001,26,244,1,1.9918367346938775,0.18998425462896082,0.292238041179536,0.10034205712548427,0.30609044033576316,0.46029111580321125,0.5,0.8333333333333334,0,0,0.0
V10_allz,W2_h20_tr20,W移动,2,20,,,,,,,0.2,,,,0.20238534615325676,0.20967319563970999,0.8106213693404397,-0.23430423972211012,0.2232655674496018,0.31247103620779937,0.8531256186035758,0.46153846153846156,18.76923076923077,-0.4915332697153385,26.23059937968961,-9.036658342846593,12.47048,0.012719889600000001,26,244,1,1.9918367346938775,0.15240438548223084,0.20815037446536633,-0.004771780428956096,0.11304895206745802,0.17916739759731204,0.42857142857142855,0.5,0,0,0.0
V10_allz,W2_h20_tr25,W移动,2,20,,,,,,,0.25,,,,0.20238534615325676,0.20967319563970999,0.8106213693404397,-0.23430423972211012,0.2232655674496018,0.31247103620779937,0.8531256186035758,0.46153846153846156,18.76923076923077,-0.4915332697153385,26.23059937968961,-9.036658342846593,12.47048,0.012719889600000001,26,244,1,1.9918367346938775,0.15240438548223084,0.20815037446536633,-0.004771780428956096,0.11304895206745802,0.17916739759731204,0.42857142857142855,0.5,0,0,0.0
V10_allz,W2_h30_tr15,W移动,2,30,,,,,,,0.15,,,,0.08149238018634986,0.08427385877412408,0.428067389517823,-0.2645907531110433,0.11584443462959748,0.017277734767819464,0.27440391563246364,0.47368421052631576,25.68421052631579,-0.5833298157293942,26.844145522164254,-15.398763378445302,9.1067,0.009288834000000001,19,244,1,1.9918367346938775,0.13656020500501717,0.2588624153643644,-0.1408970774035514,0.4915444775301494,-0.3179702314661571,0.7,0.2222222222222222,0,0,0.0
V10_allz,W2_h30_tr20,W移动,2,30,,,,,,,0.2,,,,0.3106118543658365,0.32228691824153577,1.1639381519062009,-0.20991194436759208,0.30584453465262507,0.6226400119540803,1.3252917326720162,0.6666666666666666,27.11111111111111,3.880443022969693,26.844145522164254,-15.311197383254004,8.64202,0.0088148604,18,244,1,1.9918367346938775,0.16519103807548718,0.25581165969941555,0.043637271754220164,0.6306250497201906,-0.004896918373405557,0.8,0.5,0,0,0.0
V10_allz,W2_h30_tr25,W移动,2,30,,,,,,,0.25,,,,0.3012619766617266,0.3125456087128693,1.1237998558445192,-0.18318181135300982,0.29982134506064617,0.5627267213678606,1.1624856044792753,0.6666666666666666,27.11111111111111,4.934233206825411,26.844145522164254,-24.722738553111213,8.6083,0.008780466,18,244,1,1.9918367346938775,0.18357483875363015,0.272479337036325,0.02261933753080725,0.7902001509551804,-0.1270659202357619,0.8,0.5,0,0,0.0
V10_allz,X_re300_close_overlap,X口径,2,,close_overlap,,300,2,,,,,,,1.3577893284549,1.425036481218176,2.006574524376172,-0.3018134248383145,0.9755712975548668,1.357789328454901,2.0807063563427897,0.65,8.133333333333333,1.4288262170529142,22.941254961585145,-16.325825460818777,28.97814,0.029557702800000002,60,244,1,1.9918367346938775,nan,0.6968676677121248,0.38949511109130297,0.7731516427436513,0.32971668729168657,0.6857142857142857,0.6,1,0,97053.0
V10_allz,X_re300_close_seq,X口径,2,,close_seq,,300,2,,,,,,,0.2530040165855547,0.2623041770425696,1.0427465432303051,-0.16230874911945004,0.25651723395293624,0.4203525830074726,0.9747281902852746,0.6458333333333334,9.208333333333334,1.6280533795493102,22.941254961585145,-16.325825460818777,23.22604,0.023690560800000003,48,244,3,1.8040816326530613,0.2610012811964323,0.2503958876233716,0.002085842562342677,0.5961179944237789,-0.1101205625338243,0.7419354838709677,0.47058823529411764,1,0,0.0
V10_allz,P2_re300_sl8,P组合,2,,,,300,2,0.08,,,,,,0.4724027060325928,0.49119924806174886,1.8999355236297255,-0.10328366335811923,0.4111425637869993,1.2334376293089142,1.938333837386227,0.7027027027027027,6.594594594594595,1.882740968618224,22.941254961585145,-11.02031230664452,35.77116,0.0364865832,74,244,1,1.9918367346938775,0.22221408850291077,0.39872985864927113,0.05267124808107426,1.01987898986898,0.10572843250069486,0.75,0.6578947368421053,1,0,0.0
V10_allz,P2_re300_sl10,P组合,2,,,,300,2,0.1,,,,,,0.22997685508075771,0.2383527698174901,0.9924473465977302,-0.28727761034009536,0.23603684726416418,0.3739283052994762,0.9045721635885511,0.6615384615384615,7.507692307692308,1.486115879160388,22.941254961585145,-13.488806300675215,31.2874,0.031913148,65,244,1,1.9918367346938775,0.17529985200298134,0.3854597331921841,-0.11222475427213152,0.9841911916723276,-0.3075625418226485,0.7428571428571429,0.5666666666666667,1,0,0.0
V10_allz,Q1_re300_tp20,Q组合,1,,,,300,2,,0.2,,,,,0.6619876978574191,0.689901935243556,1.9958502236326838,-0.1797630489090819,0.5463370308468007,0.7590347224384877,1.8105563229124875,0.71875,7.625,2.3072343914754434,22.941254961585145,-17.422031675273185,31.49516,0.0321250632,32,244,1,0.9959183673469387,0.2744614302343959,0.5470818681239351,0.07427262389987499,0.6257051353811063,0.0820133886248231,0.7894736842105263,0.6153846153846154,1,0,0.0
V10_allz,Q1_re300_tp40,Q组合,1,,,,300,2,,0.4,,,,,0.6619876978574191,0.689901935243556,1.9958502236326838,-0.1797630489090819,0.5463370308468007,0.7590347224384877,1.8105563229124875,0.71875,7.625,2.3072343914754434,22.941254961585145,-17.422031675273185,31.49516,0.0321250632,32,244,1,0.9959183673469387,0.2744614302343959,0.5470818681239351,0.07427262389987499,0.6257051353811063,0.0820133886248231,0.7894736842105263,0.6153846153846154,1,0,0.0
V10_allz,Q1_re300_tp60,Q组合,1,,,,300,2,,0.6,,,,,0.6619876978574191,0.689901935243556,1.9958502236326838,-0.1797630489090819,0.5463370308468007,0.7590347224384877,1.8105563229124875,0.71875,7.625,2.3072343914754434,22.941254961585145,-17.422031675273185,31.49516,0.0321250632,32,244,1,0.9959183673469387,0.2744614302343959,0.5470818681239351,0.07427262389987499,0.6257051353811063,0.0820133886248231,0.7894736842105263,0.6153846153846154,1,0,0.0
V10_allz,Q2_re300_tp20,Q组合,2,,,,300,2,,0.2,,,,,0.39281324425476294,0.4080260423410629,1.623503586851093,-0.15348531456830194,0.3561649456341004,0.9654930939875301,1.860053042920457,0.6666666666666666,8.133333333333333,1.4841288234285654,22.941254961585145,-17.422031675273185,28.97814,0.029557702800000002,60,244,1,1.9918367346938775,0.21379030039338606,0.3854597331921841,0.0053076324676979425,0.9841911916723276,-0.009423536281822686,0.7428571428571429,0.56,1,0,0.0
V10_allz,Q2_re300_tp40,Q组合,2,,,,300,2,,0.4,,,,,0.39281324425476294,0.4080260423410629,1.623503586851093,-0.15348531456830194,0.3561649456341004,0.9654930939875301,1.860053042920457,0.6666666666666666,8.133333333333333,1.4841288234285654,22.941254961585145,-17.422031675273185,28.97814,0.029557702800000002,60,244,1,1.9918367346938775,0.21379030039338606,0.3854597331921841,0.0053076324676979425,0.9841911916723276,-0.009423536281822686,0.7428571428571429,0.56,1,0,0.0
V10_allz,Q2_re300_tp60,Q组合,2,,,,300,2,,0.6,,,,,0.39281324425476294,0.4080260423410629,1.623503586851093,-0.15348531456830194,0.3561649456341004,0.9654930939875301,1.860053042920457,0.6666666666666666,8.133333333333333,1.4841288234285654,22.941254961585145,-17.422031675273185,28.97814,0.029557702800000002,60,244,1,1.9918367346938775,0.21379030039338606,0.3854597331921841,0.0053076324676979425,0.9841911916723276,-0.009423536281822686,0.7428571428571429,0.56,1,0,0.0
V7_allz,P1_re300_sl5,P组合,1,,,,300,2,0.05,,,,,,0.7605529819029788,0.7935073798959651,2.4375217716757116,-0.22294777033167557,0.5967436610908817,1.0182096516669166,2.190443083106273,0.673469387755102,4.979591836734694,1.8553106525382557,22.9277530699161,-6.491163289808366,47.83594,0.0487926588,49,244,1,0.9959183673469387,0.22679045306763637,0.3423253099316137,0.31156953450626057,0.3889000738377022,0.4530992471548756,0.75,0.6,0,0,0.0
V7_allz,P1_re300_sl8,P组合,1,,,,300,2,0.08,,,,,,0.5098558085985638,0.5303903232466027,1.7806665777161061,-0.25280045736127243,0.44386091258473703,0.5657510266767796,1.4869571579539176,0.627906976744186,5.674418604651163,1.2361107335801869,22.9277530699161,-9.181348469983085,41.8813,0.04271892600000001,43,244,1,0.9959183673469387,0.18557809855465457,0.3075331949903686,0.15473612018675054,0.3131247240689903,0.19238561118929698,0.6818181818181818,0.5714285714285714,0,0,0.0
V7_allz,P1_re300_sl10,P组合,1,,,,300,2,0.1,,,,,,0.3766597451111988,0.3911639199404784,1.4374474747259267,-0.27154687799071,0.35009574128803567,0.4053875709869188,1.410309877818774,0.5609756097560976,5.951219512195122,1.1146035459556503,9.505918071690989,-8.00439245365665,39.8987,0.040696674,41,244,1,0.9959183673469387,0.1936453261820682,0.32542751433891626,0.03865336294745325,0.4004637051219777,0.003515882523005276,0.7142857142857143,0.4,0,0,0.0
V7_allz,P2_re300_sl5,P组合,2,,,,300,2,0.05,,,,,,0.2468015085739197,0.25585128641735344,1.1110344172388298,-0.27105650489717936,0.2457364289145495,0.49492922903071457,1.111096107561454,0.5806451612903226,5.236559139784946,0.7271650461606161,22.9277530699161,-8.674776084069325,43.9067,0.044793434,93,244,1,1.9877551020408164,0.12983043841281805,0.14400795145923184,0.08985388343111533,0.28066633482115844,0.16730579104312682,0.6666666666666666,0.5,0,0,0.0
V7_allz,P2_re300_sl8,P组合,2,,,,300,2,0.08,,,,,,0.30794357663590155,0.3195067002402152,1.360053899888353,-0.21609772454554887,0.2921982244062229,0.7366190608012153,1.5207301714389305,0.5903614457831325,5.879518072289157,0.9533467814905716,22.9277530699161,-10.012702389048645,39.31854,0.04015231080000001,83,244,1,1.9918367346938775,0.15226161661324683,0.14450135667672193,0.1428064886124416,0.28339450323562576,0.35314516029400456,0.6153846153846154,0.5681818181818182,0,0,0.0
V7_allz,P2_re300_sl10,P组合,2,,,,300,2,0.1,,,,,,0.3877878309460572,0.4027794831036551,1.612091779163875,-0.23148072416955223,0.35239573735692686,1.012526768613272,1.871978557846603,0.5609756097560976,5.939024390243903,0.9250810673564036,22.9277530699161,-8.00439245365665,39.03228,0.039821525600000005,82,244,1,1.9877551020408164,0.16201832754425882,0.15249363684780248,0.20416094855136158,0.3687560581184466,0.4703326839552271,0.631578947368421,0.5,0,0,0.0
V7_allz,Q1_re300_tp20,Q组合,1,,,,300,2,,0.2,,,,,0.3766597451111988,0.3911639199404784,1.4374474747259267,-0.27154687799071,0.35009574128803567,0.4053875709869188,1.410309877818774,0.5609756097560976,5.951219512195122,1.1146035459556503,9.505918071690989,-8.00439245365665,39.8987,0.040696674,41,244,1,0.9959183673469387,0.1936453261820682,0.32542751433891626,0.03865336294745325,0.4004637051219777,0.003515882523005276,0.7142857142857143,0.4,0,0,0.0
V7_allz,Q1_re300_tp40,Q组合,1,,,,300,2,,0.4,,,,,0.3766597451111988,0.3911639199404784,1.4374474747259267,-0.27154687799071,0.35009574128803567,0.4053875709869188,1.410309877818774,0.5609756097560976,5.951219512195122,1.1146035459556503,9.505918071690989,-8.00439245365665,39.8987,0.040696674,41,244,1,0.9959183673469387,0.1936453261820682,0.32542751433891626,0.03865336294745325,0.4004637051219777,0.003515882523005276,0.7142857142857143,0.4,0,0,0.0
V6_allz,S2_re300_sl8_tp40,S组合,2,,,,300,2,0.08,0.4,,,,,0.12382171271016951,0.12813124843034251,0.6618829961868686,-0.2738325200593569,0.13963469300069764,0.21509345965035642,0.6863594023413258,0.5892857142857143,8.714285714285714,1.3593592013284805,14.663793760890997,-10.137100203003824,26.4901,0.027019902000000002,56,244,1,1.9918367346938775,0.08655927496238483,0.09934528810648491,0.022264546788426376,0.16614943493049483,0.04197062850935396,0.6896551724137931,0.48148148148148145,0,0,0.0
V6_allz,S2_re300_sl8_tr15,S组合,2,,,,300,2,0.08,,0.15,,,,0.12382171271016951,0.12813124843034251,0.6618829961868686,-0.2738325200593569,0.13963469300069764,0.21509345965035642,0.6863594023413258,0.5892857142857143,8.714285714285714,1.3593592013284805,14.663793760890997,-10.137100203003824,26.4901,0.027019902000000002,56,244,1,1.9918367346938775,0.08655927496238483,0.09934528810648491,0.022264546788426376,0.16614943493049483,0.04197062850935396,0.6896551724137931,0.48148148148148145,0,0,0.0
V6_allz,T2_re150,T细化,2,,,,150,2,,,,,,,0.41587324772593814,0.4321087391002074,1.7196713923380467,-0.1712503805760741,0.3719495322933294,1.1571920485373979,2.0512174541807098,0.6486486486486487,6.594594594594595,1.1003810304411665,20.48453591955115,-11.79328590513311,35.39446,0.0361150892,74,244,1,1.9918367346938775,0.0991429502877911,0.052763796966787346,0.344910654987697,0.02862197896282903,1.0971669793722656,0.6363636363636364,0.6585365853658537,0,0,0.0
V6_allz,T2_re250,T细化,2,,,,250,2,,,,,,,0.3132509044324694,0.32503686496460427,1.399775631982701,-0.2367700663687674,0.2954099984797438,0.7836434752981782,1.7091500127411383,0.7241379310344828,8.413793103448276,1.5349694730307561,14.663793760890997,-13.328270055077585,27.5494,0.028100388000000004,58,244,1,1.9918367346938775,0.09935218307578952,0.08379797036686121,0.21171190603719237,-0.04449247025178915,0.8666974563436376,0.7241379310344828,0.7241379310344828,0,0,0.0
V6_allz,T2_re400,T细化,2,,,,400,2,,,,,,,0.39173399342387083,0.4068992461051295,1.7639514253180555,-0.18328227711737333,0.35101301736123747,0.9882092056817413,2.1144520173785875,0.7272727272727273,11.090909090909092,1.9805570583022347,15.457820668396959,-10.628415350106424,21.0229,0.021453927999999997,44,244,1,1.9918367346938775,0.17833397623702618,0.19291292205983157,0.16666855366167832,0.384766668679021,0.43577199729855365,0.8260869565217391,0.6190476190476191,0,0,0.0
V6_allz,T2_re300_mh3,T细化,2,,,,300,3,,,,,,,0.3451044515328212,0.3582431344941157,1.5141054070646454,-0.2216416223739598,0.31955726693717057,0.7725289901935799,1.470071219920864,0.68,9.76,2.1062268253541183,23.02126617147571,-19.24290431818688,24.09578,0.0245776956,50,244,1,1.9918367346938775,0.19477614834723206,0.1977319413189058,0.12304298243197587,0.4435348186631569,0.22790871912261945,0.72,0.64,0,0,0.0
V6_allz,T2_re300_mh5,T细化,2,,,,300,5,,,,,,,0.43377340443537027,0.45081163263895463,1.9528115501725933,-0.14714926794917094,0.3799548950547841,1.0724192435174404,1.8024659927802498,0.6595744680851063,10.382978723404255,2.0976746265992663,27.78193315996347,-19.24290431818688,22.82194,0.023278378799999996,47,244,1,1.9918367346938775,0.23391131744079535,0.3478651268558832,0.06373655335967121,0.8885178155631936,0.09737870960957973,0.7857142857142857,0.47368421052631576,0,0,0.0
V6_allz,T2_re300_mh8,T细化,2,,,,300,8,,,,,,,0.1754907659735141,0.1817387905221346,0.8464862799898238,-0.21168088439612764,0.18663591628896836,0.2923614901016274,0.8804310783490739,0.5714285714285714,13.942857142857143,1.1054420536650733,18.396618239801874,-16.51280101135969,17.01094,0.0173626388,35,244,1,1.9918367346938775,0.13136947806246463,0.14437625581862812,0.027189056044009563,0.26607824770060406,0.020759571889618744,0.5789473684210527,0.5625,0,0,0.0
V9_allz,Q1_re300_tp60,Q组合,1,,,,300,2,,0.6,,,,,0.9741359112235888,1.018652398752892,2.4338872249269157,-0.12456800759222098,0.7260243855566711,1.3954494591436384,2.6770813259421344,0.65625,7.625,2.218694858640058,28.377268794386424,-7.602397545678963,31.5146,0.032144892,32,244,1,0.9959183673469387,0.22279963681660792,0.3346696832720746,0.4791194675103434,0.3513685054523721,0.7726100981920978,0.6470588235294118,0.6666666666666666,0,0,0.0
V9_allz,Q2_re300_tp20,Q组合,2,,,,300,2,,0.2,,,,,0.5683373685303021,0.5916491534173542,2.1222471291967295,-0.11115660677645767,0.4762474386873924,1.781177613428659,2.662787423250327,0.6129032258064516,7.870967741935484,1.7046593078192007,28.377268794386424,-7.602397545678952,30.12084,0.030723256799999998,62,244,1,1.9918367346938775,0.19370221143828234,0.24647165444034846,0.2582214468683359,0.6273776521916687,0.7089933671407569,0.7096774193548387,0.5161290322580645,0,0,0.0
V9_allz,Q2_re300_tp40,Q组合,2,,,,300,2,,0.4,,,,,0.5683373685303021,0.5916491534173542,2.1222471291967295,-0.11115660677645767,0.4762474386873924,1.781177613428659,2.662787423250327,0.6129032258064516,7.870967741935484,1.7046593078192007,28.377268794386424,-7.602397545678952,30.12084,0.030723256799999998,62,244,1,1.9918367346938775,0.19370221143828234,0.24647165444034846,0.2582214468683359,0.6273776521916687,0.7089933671407569,0.7096774193548387,0.5161290322580645,0,0,0.0
V9_allz,Q2_re300_tp60,Q组合,2,,,,300,2,,0.6,,,,,0.5683373685303021,0.5916491534173542,2.1222471291967295,-0.11115660677645767,0.4762474386873924,1.781177613428659,2.662787423250327,0.6129032258064516,7.870967741935484,1.7046593078192007,28.377268794386424,-7.602397545678952,30.12084,0.030723256799999998,62,244,1,1.9918367346938775,0.19370221143828234,0.24647165444034846,0.2582214468683359,0.6273776521916687,0.7089933671407569,0.7096774193548387,0.5161290322580645,0,0,0.0
V9_allz,R1_re300_tr10,R组合,1,,,,300,2,,,0.1,,,,0.8725819009393816,0.9114956209694534,2.174466311861528,-0.16474222706248343,0.6770253149771425,1.1520330195420416,2.2672326605073367,0.6363636363636364,7.393939393939394,1.533115408685326,28.377268794386424,-13.488806300675227,32.4896,0.033139392000000004,33,244,1,0.9959183673469387,0.19563486988964118,0.3346696832720746,0.40303022119192944,0.3513685054523721,0.5924842194110824,0.6470588235294118,0.625,0,0,0.0
V9_allz,R1_re300_tr15,R组合,1,,,,300,2,,,0.15,,,,0.9741359112235888,1.018652398752892,2.4338872249269157,-0.12456800759222098,0.7260243855566711,1.3954494591436384,2.6770813259421344,0.65625,7.625,2.218694858640058,28.377268794386424,-7.602397545678963,31.5146,0.032144892,32,244,1,0.9959183673469387,0.22279963681660792,0.3346696832720746,0.4791194675103434,0.3513685054523721,0.7726100981920978,0.6470588235294118,0.6666666666666666,0,0,0.0
V9_allz,R1_re300_tr20,R组合,1,,,,300,2,,,0.2,,,,0.9741359112235888,1.018652398752892,2.4338872249269157,-0.12456800759222098,0.7260243855566711,1.3954494591436384,2.6770813259421344,0.65625,7.625,2.218694858640058,28.377268794386424,-7.602397545678963,31.5146,0.032144892,32,244,1,0.9959183673469387,0.22279963681660792,0.3346696832720746,0.4791194675103434,0.3513685054523721,0.7726100981920978,0.6470588235294118,0.6666666666666666,0,0,0.0
V9_allz,R2_re300_tr10,R组合,2,,,,300,2,,,0.1,,,,0.4387774180381019,0.4560414259387926,1.6071198967991116,-0.20355142401142112,0.39496021693117334,1.092569477329639,1.8034134207753034,0.578125,7.625,1.0846228346042097,28.377268794386424,-13.488806300675215,31.0665,0.03168783,64,244,1,1.9918367346938775,0.14978741677790255,0.24647165444034846,0.15428009366494178,0.6273776521916687,0.2858536397568656,0.7096774193548387,0.45454545454545453,0,0,0.0
V12_allz,P1_re300_sl5,P组合,1,,,,300,2,0.05,,,,,,0.23481408903008272,0.24338294616467993,0.7786586826201392,-0.31191912925245535,0.274101312067733,0.1515952426707674,0.5343408214567883,0.5476190476190477,5.809523809523809,0.4361327315517416,22.718180229662053,-10.74282277942874,41.21236,0.0420366072,42,244,1,0.9959183673469387,0.15775207975150324,0.47200449091924024,-0.1611342922880873,0.4574104352534154,-0.20983463901812438,0.6363636363636364,0.45,1,0,0.0
V12_allz,P1_re300_sl8,P组合,1,,,,300,2,0.08,,,,,,0.3478481626193606,0.3611045775895214,1.0790386707090571,-0.2497020034780939,0.35348409557013605,0.3064919443394529,0.8473333908121484,0.5882352941176471,7.176470588235294,0.8660471469364106,22.718180229662053,-10.74282277942874,33.50778,0.0341779356,34,244,1,0.9959183673469387,0.17095983735926518,0.4235650626792131,-0.05318822584571625,0.45468792651986645,-0.10187475916910316,0.7058823529411765,0.47058823529411764,0,0,0.0
V12_allz,P1_re300_sl10,P组合,1,,,,300,2,0.1,,,,,,-0.12587096210949056,-0.12971801912542857,-0.19313629569535187,-0.423647224622422,-0.06903361864601443,-0.1570132601321107,-0.2619479960707763,0.5588235294117647,7.176470588235294,0.5803896427814204,15.464913378576917,-15.282363182115045,30.92882,0.0315473964,34,244,1,0.9959183673469387,0.0410667374754904,0.0004176123774792817,-0.12623585683067495,-0.0858843414732372,-0.0778117276467063,0.5789473684210527,0.5333333333333333,0,0,0.0
V12_allz,P2_re300_sl5,P组合,2,,,,300,2,0.05,,,,,,0.22719451769551036,0.23545974719957297,0.9058396541915764,-0.20222026612815536,0.2412226721834252,0.37518568811169617,0.8328988629762516,0.5517241379310345,5.609195402298851,0.7024991351553656,22.718180229662053,-10.74282277942874,41.88154,0.04277316080000001,87,244,1,1.9918367346938775,0.13623439782827704,0.28720962506508174,-0.04662419096387449,0.6113160432990794,-0.1465450283135762,0.5869565217391305,0.5121951219512195,2,0,0.0
V12_allz,P2_re300_sl8,P组合,2,,,,300,2,0.08,,,,,,0.39537414770470547,0.41069987855963075,1.304682967678299,-0.27694527104766087,0.37599770024744295,0.951164359732507,1.4223959770557792,0.5974025974025974,6.337662337662338,1.3931512402986401,22.718180229662053,-11.28273995699891,37.00392,0.037804368399999996,77,244,1,1.9918367346938775,0.11676127288287337,0.2834612557705751,0.08719615916020707,0.7074528579576171,0.14273395639538,0.6666666666666666,0.5365853658536586,0,0,0.0
V12_allz,P2_re300_sl10,P组合,2,,,,300,2,0.1,,,,,,0.34089914419848255,0.3538577499461062,1.1166005461631088,-0.23906326310550818,0.3415380284322993,0.6342101806350418,1.1558152949984284,0.5342465753424658,6.684931506849315,0.751047048586484,22.718180229662053,-14.845999221933992,35.2399,0.035944698000000004,73,244,1,1.9918367346938775,0.09567814633559785,0.17123402177932023,0.14486013833632505,0.27326387048045797,0.28348115306090005,0.5,0.5609756097560976,1,0,0.0
V12_allz,Q1_re300_tp20,Q组合,1,,,,300,2,,0.2,,,,,0.12902815170174753,0.1335294194808092,0.5102580771379717,-0.36892644427849497,0.1971790889926448,0.08488294063103696,0.4222762405077704,0.5862068965517241,8.413793103448276,0.619150496280807,12.163744989327995,-16.781660929791254,27.6832,0.028236864000000004,29,244,1,0.9959183673469387,0.05389417564811418,-0.03780210249167393,0.17338455490854665,-0.08119723941919477,0.18075716266377695,0.5625,0.6153846153846154,0,0,0.0
V12_allz,Q1_re300_tp40,Q组合,1,,,,300,2,,0.4,,,,,0.12902815170174753,0.1335294194808092,0.5102580771379717,-0.36892644427849497,0.1971790889926448,0.08488294063103696,0.4222762405077704,0.5862068965517241,8.413793103448276,0.619150496280807,12.163744989327995,-16.781660929791254,27.6832,0.028236864000000004,29,244,1,0.9959183673469387,0.05389417564811418,-0.03780210249167393,0.17338455490854665,-0.08119723941919477,0.18075716266377695,0.5625,0.6153846153846154,0,0,0.0
V7_allz,W2_h30_tr20,W移动,2,30,,,,,,,0.2,,,,0.08191164557510455,0.08470798698608295,0.4241263658878622,-0.33900055281644303,0.11903617644009101,-0.13849248437591566,0.15462743983740118,0.3333333333333333,27.11111111111111,-3.3373763591217687,73.56308412444344,-21.405267641373914,8.50478,0.0086928756,18,244,1,1.9918367346938775,0.2328060302423272,0.4130610411961113,-0.23434896721850074,0.6324824090977825,-0.4722714861594065,0.5,0.125,0,1,0.0
V7_allz,W2_h30_tr25,W移动,2,30,,,,,,,0.25,,,,0.22056943900685244,0.2285719802402324,0.851050363701796,-0.3037763187049356,0.240098615547358,0.1869327446049882,0.5310868173334296,0.4444444444444444,27.11111111111111,-1.3837933176101824,73.56308412444344,-16.90088445856537,8.65484,0.008827936800000002,18,244,1,1.9918367346938775,0.2241998562902893,0.4130610411961113,-0.13622313302638378,0.6324824090977825,-0.27292769711315557,0.5,0.375,0,1,0.0
V7_allz,X_re300_close_overlap,X口径,2,,close_overlap,,300,2,,,,,,,0.9099704837707112,0.9509253168329743,1.63033103128027,-0.43559357531705456,0.751912627453584,0.9099704837707108,1.6609717306154428,0.573170731707317,5.939024390243903,0.7066484737071055,23.150909335001458,-9.068918592563357,39.03228,0.039821525600000005,82,244,1,1.9877551020408164,nan,0.2911486407778734,0.47928009483092393,0.2741102581274102,0.49906216639197254,0.6842105263157895,0.4772727272727273,0,0,97737.0
V7_allz,X_re300_close_seq,X口径,2,,close_seq,,300,2,,,,,,,0.059659719381092824,0.06167491145843318,0.3734386196399706,-0.2270532318061974,0.08396986804604967,0.07259416563738119,0.3868973436144226,0.5625,6.65625,0.6871037634879951,23.150909335001458,-16.206832072483955,29.53552,0.030229900399999995,64,244,6,1.7387755102040816,0.17286368715383096,-0.030242213830755205,0.0927055544116635,-0.05718654447140259,0.137652585829952,0.5151515151515151,0.6129032258064516,0,0,0.0
V8_allz,P1_re300_sl5,P组合,1,,,,300,2,0.05,,,,,,0.37078908418662326,0.38503732736662233,1.3294225234799273,-0.17594975789747513,0.3512105986877275,0.34246075158710476,1.1412994604212956,0.6111111111111112,6.777777777777778,1.3604563118997381,11.166080032620783,-7.3158909248605575,35.14706,0.03585000120000001,36,244,1,0.9959183673469387,0.2005494704490132,0.4022404714179748,-0.022429382029992673,0.38007700561282665,-0.027256634139062652,0.6842105263157895,0.5294117647058824,0,0,0.0
V8_allz,P1_re300_sl8,P组合,1,,,,300,2,0.08,,,,,,0.7538077188335197,0.7864110080654569,2.322259081539873,-0.1330448416136667,0.5958368957948236,0.9892627768085005,2.651680401089673,0.6666666666666666,7.393939393939394,1.92659556294843,14.695240245493713,-9.09046216790973,32.29818,0.032944143599999996,33,244,1,0.9959183673469387,0.2682765156964191,0.42707192561752416,0.22895537873790728,0.3205669427113649,0.506370266034512,0.6111111111111112,0.7333333333333333,0,0,0.0
V8_allz,P1_re300_sl10,P组合,1,,,,300,2,0.1,,,,,,0.38674345376349284,0.4016892256600608,1.3618972414176922,-0.2546986609210129,0.3634682825323612,0.3645993248981503,1.1750415488199957,0.6666666666666666,8.133333333333333,1.9241936975238905,14.695240245493713,-11.658601791057254,29.3695,0.029956890000000003,30,244,1,0.9959183673469387,0.20613406300337891,0.42707192561752416,-0.02825959303808745,0.2832617229129786,0.06338348641813818,0.6111111111111112,0.75,0,0,0.0
V8_allz,P2_re300_sl5,P组合,2,,,,300,2,0.05,,,,,,0.3946887074414287,0.40998419542225184,1.6985568575590633,-0.10884163077637266,0.35536291233921724,0.9731408259055112,1.7599365145038666,0.6027397260273972,6.684931506849315,1.3028134933161128,14.695240245493713,-9.075704146709086,34.97958,0.0357080216,73,244,1,1.9918367346938775,0.2243395243754179,0.34398756793753593,0.037724411083429166,0.8837905549095553,0.04743110679851892,0.6842105263157895,0.5142857142857142,0,0,0.0
V13_allz,W2_h20_tr15,W移动,2,20,,,,,,,0.15,,,,1.0125115816013923,1.0591928614599762,2.524792290436211,-0.11627513539974466,0.7447302130744212,3.0187065852796193,1.4855426706749997,0.6666666666666666,18.074074074074073,3.115835831629421,131.85394996324155,-18.040294431217575,13.1882,0.013451964,27,244,1,1.9918367346938775,0.2877329745318463,0.8573469548043378,0.08354100260896136,1.7043483426153339,0.4860166206965735,0.6428571428571429,0.6923076923076923,0,0,0.0
V13_allz,W2_h20_tr20,W移动,2,20,,,,,,,0.2,,,,1.675902495012752,1.763666941742604,3.3803337033540384,-0.10756030646570802,1.0338723601168467,8.4759363681091,1.880120789868432,0.6153846153846154,18.76923076923077,3.59863138385349,131.85394996324155,-19.617219309788247,12.72324,0.012977704800000002,26,244,1,1.9918367346938775,0.324480600399259,0.8409757536312397,0.4535240291647835,2.02238606597345,2.135250150465834,0.6428571428571429,0.5833333333333334,0,0,0.0
V13_allz,W2_h20_tr25,W移动,2,20,,,,,,,0.25,,,,1.675902495012752,1.763666941742604,3.3803337033540384,-0.10756030646570802,1.0338723601168467,8.4759363681091,1.880120789868432,0.6153846153846154,18.76923076923077,3.59863138385349,131.85394996324155,-19.617219309788247,12.72324,0.012977704800000002,26,244,1,1.9918367346938775,0.324480600399259,0.8409757536312397,0.4535240291647835,2.02238606597345,2.135250150465834,0.6428571428571429,0.5833333333333334,0,0,0.0
V13_allz,W2_h30_tr15,W移动,2,30,,,,,,,0.15,,,,0.5282459918594389,0.549645605026787,1.3717256743852562,-0.30563179777794103,0.4898182110444319,1.1132625911690428,1.2278207050626508,0.6666666666666666,23.238095238095237,4.631644257341594,77.99476970593244,-15.203874768727133,10.24892,0.0104538984,21,244,1,1.9918367346938775,0.192869606826313,0.21066991123301948,0.262314341572246,0.22259024638383762,0.7285125555513181,0.6363636363636364,0.7,0,0,0.0
V13_allz,W2_h30_tr20,W移动,2,30,,,,,,,0.2,,,,-0.010474806346085996,-0.010816378625097434,0.13859793945127005,-0.3442578409568866,0.04591371532873689,-0.1405655006773453,-0.06566420592219799,0.5263157894736842,25.68421052631579,0.5607329972994846,20.30334914854508,-21.848287949070254,9.2369,0.009421638,19,244,1,1.9918367346938775,0.1311931207541474,0.3421542431418172,-0.2627336249091924,0.39930300297051136,-0.3858124384081193,0.6363636363636364,0.375,0,0,0.0
V13_allz,W2_h30_tr25,W移动,2,30,,,,,,,0.25,,,,0.4246049271763279,0.44123103035901345,1.2966641113269863,-0.20024964212110785,0.40395431630230283,0.9446806882455292,1.3898437802124517,0.6666666666666666,27.11111111111111,5.321425431924842,51.18555899949002,-22.309314332371954,8.77574,0.008951254799999999,18,244,1,1.9918367346938775,0.16176368942191793,0.16060262445828055,0.22747002044844766,0.9570835718858581,-0.0063374317880444675,0.7,0.625,0,0,0.0
V13_allz,X_re300_close_overlap,X口径,2,,close_overlap,,300,2,,,,,,,0.07164449064557599,0.07407845615760489,0.42089722407442914,-0.46153731877649995,0.24136695443826728,0.07164449064557687,0.4244994876968081,0.5081967213114754,7.983606557377049,0.014005639276271076,19.717434870442464,-21.51645345479867,29.53,0.0301206,61,244,1,1.9877551020408164,nan,0.17309866293588327,-0.08648392117027948,0.3218746210524719,-0.18929944370038831,0.5625,0.4482758620689655,0,0,97651.0
V13_allz,X_re300_close_seq,X口径,2,,close_seq,,300,2,,,,,,,0.302723570230818,0.31406824086211316,0.9894657571334922,-0.21829443813665428,0.31752576617226824,0.5317728657351108,1.0387118412094125,0.4827586206896552,7.448275862068965,-0.13137760652818242,16.955395042071242,-18.237327181270423,28.01782,0.0285781764,58,244,4,1.763265306122449,0.22671036461908908,0.13431911744690694,0.14846302966571656,0.031686605975900006,0.4847269091820432,0.5,0.4642857142857143,0,1,0.0
V9_allz,R2_re300_tr15,R组合,2,,,,300,2,,,0.15,,,,0.5683373685303021,0.5916491534173542,2.1222471291967295,-0.11115660677645767,0.4762474386873924,1.781177613428659,2.662787423250327,0.6129032258064516,7.870967741935484,1.7046593078192007,28.377268794386424,-7.602397545678952,30.12084,0.030723256799999998,62,244,1,1.9918367346938775,0.19370221143828234,0.24647165444034846,0.2582214468683359,0.6273776521916687,0.7089933671407569,0.7096774193548387,0.5161290322580645,0,0,0.0
V9_allz,R2_re300_tr20,R组合,2,,,,300,2,,,0.2,,,,0.5683373685303021,0.5916491534173542,2.1222471291967295,-0.11115660677645767,0.4762474386873924,1.781177613428659,2.662787423250327,0.6129032258064516,7.870967741935484,1.7046593078192007,28.377268794386424,-7.602397545678952,30.12084,0.030723256799999998,62,244,1,1.9918367346938775,0.19370221143828234,0.24647165444034846,0.2582214468683359,0.6273776521916687,0.7089933671407569,0.7096774193548387,0.5161290322580645,0,0,0.0
V9_allz,S1_re300_sl8_tp40,S组合,1,,,,300,2,0.08,0.4,,,,,0.4173432666044925,0.4336443904817662,1.3011409292782168,-0.14278995977921483,0.3960914077577984,0.42005808283102386,1.4811043387405443,0.6451612903225806,7.870967741935484,1.533115408685326,7.787867046459818,-11.02031230664453,30.55878,0.031169955600000004,31,244,1,0.9959183673469387,0.20570937471056439,0.3346696832720746,0.06194310425163474,0.3513685054523721,0.050829642026960054,0.6470588235294118,0.6428571428571429,0,0,0.0
V9_allz,S1_re300_sl8_tr15,S组合,1,,,,300,2,0.08,,0.15,,,,0.4173432666044925,0.4336443904817662,1.3011409292782168,-0.14278995977921483,0.3960914077577984,0.42005808283102386,1.4811043387405443,0.6451612903225806,7.870967741935484,1.533115408685326,7.787867046459818,-11.02031230664453,30.55878,0.031169955600000004,31,244,1,0.9959183673469387,0.20570937471056439,0.3346696832720746,0.06194310425163474,0.3513685054523721,0.050829642026960054,0.6470588235294118,0.6428571428571429,0,0,0.0
V9_allz,S2_re300_sl8_tp40,S组合,2,,,,300,2,0.08,0.4,,,,,0.5192909146112012,0.5402683144315914,1.8450747183751393,-0.16422295028075085,0.4489101272005994,1.4596749714642083,2.1780014290264242,0.6557377049180327,8.0,1.9690511352171036,28.377268794386424,-11.02031230664452,29.68184,0.030275476800000006,61,244,1,1.9918367346938775,0.16455872627483734,0.24647165444034846,0.21887321640967983,0.6273776521916687,0.5114346495735913,0.7096774193548387,0.6,0,0,0.0
V9_allz,S2_re300_sl8_tr15,S组合,2,,,,300,2,0.08,,0.15,,,,0.5192909146112012,0.5402683144315914,1.8450747183751393,-0.16422295028075085,0.4489101272005994,1.4596749714642083,2.1780014290264242,0.6557377049180327,8.0,1.9690511352171036,28.377268794386424,-11.02031230664452,29.68184,0.030275476800000006,61,244,1,1.9918367346938775,0.16455872627483734,0.24647165444034846,0.21887321640967983,0.6273776521916687,0.5114346495735913,0.7096774193548387,0.6,0,0,0.0
V9_allz,T2_re150,T细化,2,,,,150,2,,,,,,,0.2596211228294336,0.2691895570046081,1.0474711301140007,-0.22715577009032284,0.2633392781201943,0.4350421058827265,0.9874166950836457,0.5176470588235295,5.729411764705882,0.3598002163779146,28.377268794386424,-21.91017413125226,41.26216,0.0420874032,85,244,1,1.9877551020408164,0.13745316744385608,0.21921599277521575,0.033140255946156216,0.4448591372176931,-0.0067944556545980195,0.5777777777777777,0.45,0,0,0.0
V9_allz,T2_re250,T细化,2,,,,250,2,,,,,,,0.4280507783495655,0.44483153686434496,1.5548027550207872,-0.18463373048943776,0.38869990798228693,0.9755630871319207,1.600739303561904,0.5945945945945946,6.594594594594595,1.2802068535229694,28.377268794386424,-21.91017413125226,35.93702,0.0366557604,74,244,1,1.9918367346938775,0.20256969944635606,0.280788588668768,0.1149777496330282,0.7002466527950608,0.16192734970791522,0.717948717948718,0.45714285714285713,0,0,0.0
V12_allz,V2_re300_q0.4,V择时,2,,,,300,2,,,,,,0.4,0.37858874649845253,0.39317720336568973,1.4687794400284264,-0.20591689992196904,0.3503809776251997,0.822290519340459,1.5387903742498816,0.6229508196721312,7.311475409836065,0.9903998386992852,22.718180229662053,-9.750939286616568,29.51302,0.030103280400000005,61,244,9,1.8204081632653062,0.2523158964260058,0.273579832984171,0.08245177160840478,0.4831032311636869,0.22870106480088714,0.6285714285714286,0.6153846153846154,1,0,0.0
V12_allz,W2_h10_tr15,W移动,2,10,,,,,,,0.15,,,,0.01201454280503178,0.012410896797221849,0.1822307821196137,-0.31249320958610927,0.04873355781035904,-0.1161031389956988,-0.03204270006171436,0.52,9.76,0.27415826205254845,14.514657304377355,-14.154883681277063,23.8803,0.024364106,50,244,1,1.9918367346938775,0.09814964565266318,0.2907256739581847,-0.21593366954455007,0.3877162395203957,-0.36305648386028655,0.5769230769230769,0.4583333333333333,0,0,0.0
V12_allz,W2_h10_tr20,W移动,2,10,,,,,,,0.2,,,,-0.0024847819087331358,-0.0025661455502237196,0.12793647014817536,-0.3429424837632523,0.034106519136903435,-0.1696482478829826,-0.14255324893722116,0.48,9.76,-0.6438129907803569,14.514657304377355,-18.113819332593362,23.75518,0.024258683600000004,50,244,1,1.9918367346938775,0.0989452497078249,0.2907256739581847,-0.22716713689265133,0.3877162395203957,-0.4016415399130928,0.5769230769230769,0.375,0,0,0.0
V12_allz,W2_h10_tr25,W移动,2,10,,,,,,,0.25,,,,0.053312855122783054,0.05510813359389366,0.33026579036707404,-0.3366624887268612,0.09100521866503719,-0.052401069314660265,0.15361752174441765,0.52,9.76,0.34817738592252123,14.514657304377355,-20.989104816218862,23.73154,0.024239870800000004,50,244,1,1.9918367346938775,0.10059495820711797,0.2907256739581847,-0.1839374730242591,0.3877162395203957,-0.31715223638743584,0.5769230769230769,0.4583333333333333,0,0,0.0
V12_allz,W2_h20_tr15,W移动,2,20,,,,,,,0.15,,,,-0.016134396331166867,-0.016658962382778864,0.10188331028959625,-0.227406340585518,0.030810032981231528,-0.2061096975009017,-0.13914411432340437,0.4444444444444444,18.074074074074073,-1.6364939283092683,20.559321243143458,-16.764307946600542,12.7633,0.013019066000000001,27,244,1,1.9918367346938775,0.042255450122048746,0.051214097333445174,-0.06406734254748991,-0.1814308054780286,-0.030148815992623867,0.5,0.38461538461538464,0,0,0.0
V12_allz,W2_h20_tr20,W移动,2,20,,,,,,,0.2,,,,0.1781278186922688,0.1844768807551218,0.7354921033448631,-0.15225880536517744,0.20324920632523724,0.2177822344339282,0.6354127732317709,0.5384615384615384,18.76923076923077,0.8435371407200187,32.255205044537895,-18.113819332593362,12.55288,0.012803937599999999,26,244,1,1.9918367346938775,0.11731088928625243,0.26275830903493036,-0.06702033931365892,0.20817321749191842,0.007953343777937105,0.5,0.5833333333333334,0,0,0.0
V12_allz,W2_h20_tr25,W移动,2,20,,,,,,,0.25,,,,0.17967763480624477,0.18608617117382287,0.7356400238974795,-0.14683288848156884,0.2054072130256437,0.20824110189368428,0.6208448846749756,0.5384615384615384,18.76923076923077,0.8435371407200187,32.255205044537895,-20.989104816218862,12.571,0.012822420000000001,26,244,1,1.9918367346938775,0.1161099488074719,0.26275830903493036,-0.06579301330607157,0.20817321749191842,5.6187639970062264e-05,0.5,0.5833333333333334,0,0,0.0
V12_allz,W2_h30_tr15,W移动,2,30,,,,,,,0.15,,,,-0.12941132661249832,-0.13335812706721384,-0.2216150844747908,-0.35368003816996296,-0.0768807773096718,-0.29635868424343215,-0.40175028120839407,0.3684210526315789,25.68421052631579,-2.5623181910278348,24.507012792058667,-16.78095363537149,8.4406,0.008667642,19,244,1,1.9918367346938775,0.028525202190843698,0.02415034695392637,-0.14994055709023058,-0.15489955572699776,-0.16738735552094597,0.2,0.5555555555555556,0,0,0.0
V12_allz,Q1_re300_tp60,Q组合,1,,,,300,2,,0.6,,,,,0.12902815170174753,0.1335294194808092,0.5102580771379717,-0.36892644427849497,0.1971790889926448,0.08488294063103696,0.4222762405077704,0.5862068965517241,8.413793103448276,0.619150496280807,12.163744989327995,-16.781660929791254,27.6832,0.028236864000000004,29,244,1,0.9959183673469387,0.05389417564811418,-0.03780210249167393,0.17338455490854665,-0.08119723941919477,0.18075716266377695,0.5625,0.6153846153846154,0,0,0.0
V12_allz,Q2_re300_tp20,Q组合,2,,,,300,2,,0.2,,,,,0.011828151434294165,0.012218319422147239,0.18892414711577327,-0.3343550276163495,0.054425359860379774,-0.11432666769568456,0.002691927588426625,0.4827586206896552,8.413793103448276,-0.10197348689340857,22.718180229662053,-18.887841976735142,27.8697,0.028427094000000003,58,244,1,1.9918367346938775,0.09055393572724005,0.1481503731604359,-0.11873202753999612,0.2527680563435153,-0.2930268872840265,0.5,0.46153846153846156,1,0,0.0
V12_allz,Q2_re300_tp40,Q组合,2,,,,300,2,,0.4,,,,,0.011828151434294165,0.012218319422147239,0.18892414711577327,-0.3343550276163495,0.054425359860379774,-0.11432666769568456,0.002691927588426625,0.4827586206896552,8.413793103448276,-0.10197348689340857,22.718180229662053,-18.887841976735142,27.8697,0.028427094000000003,58,244,1,1.9918367346938775,0.09055393572724005,0.1481503731604359,-0.11873202753999612,0.2527680563435153,-0.2930268872840265,0.5,0.46153846153846156,1,0,0.0
V12_allz,Q2_re300_tp60,Q组合,2,,,,300,2,,0.6,,,,,0.011828151434294165,0.012218319422147239,0.18892414711577327,-0.3343550276163495,0.054425359860379774,-0.11432666769568456,0.002691927588426625,0.4827586206896552,8.413793103448276,-0.10197348689340857,22.718180229662053,-18.887841976735142,27.8697,0.028427094000000003,58,244,1,1.9918367346938775,0.09055393572724005,0.1481503731604359,-0.11873202753999612,0.2527680563435153,-0.2930268872840265,0.5,0.46153846153846156,1,0,0.0
V12_allz,R1_re300_tr10,R组合,1,,,,300,2,,,0.1,,,,-0.11372592199740694,-0.11722715225940106,-0.13873864532324223,-0.42130005353079125,-0.051037031730091886,-0.15275837134753867,-0.22674660926917004,0.575,6.1,0.6581397288018209,15.464913378576917,-15.282363182115045,35.3585,0.03606567,40,244,1,0.9959183673469387,0.04215028420411058,0.004067731414458597,-0.11731644163678723,-0.08509362460864811,-0.07395811042408262,0.631578947368421,0.5238095238095238,0,0,0.0
V12_allz,R1_re300_tr15,R组合,1,,,,300,2,,,0.15,,,,0.14750556765352574,0.1526938477400137,0.5781216761260654,-0.2645704119436959,0.196810118528851,0.07583294503162952,0.3958843736803694,0.6363636363636364,7.393939393939394,1.218211476300679,15.464913378576938,-16.98989672807961,32.45706,0.0331062012,33,244,1,0.9959183673469387,0.09299292466500729,0.11527382323894186,0.028900296719039487,0.07251189994552543,0.0030965111774261533,0.7058823529411765,0.5625,0,0,0.0
V12_allz,R1_re300_tr20,R组合,1,,,,300,2,,,0.2,,,,0.12902815170174753,0.1335294194808092,0.5102580771379717,-0.36892644427849497,0.1971790889926448,0.08488294063103696,0.4222762405077704,0.5862068965517241,8.413793103448276,0.619150496280807,12.163744989327995,-16.781660929791254,27.6832,0.028236864000000004,29,244,1,0.9959183673469387,0.05389417564811418,-0.03780210249167393,0.17338455490854665,-0.08119723941919477,0.18075716266377695,0.5625,0.6153846153846154,0,0,0.0
V12_allz,R2_re300_tr10,R组合,2,,,,300,2,,,0.1,,,,0.3476740437318353,0.3609229816213395,1.1782157159294053,-0.24792604478458902,0.3417558104849714,0.6567753513254426,1.2128027869843143,0.527027027027027,6.594594594594595,0.5311529574430596,22.718180229662053,-11.59898426409136,35.54116,0.0362535032,74,244,1,1.9918367346938775,0.09474638336689005,0.17123402177932023,0.1506445498265745,0.27326387048045797,0.3012034580862404,0.5,0.5476190476190477,1,0,0.0
V10_allz,U2_re300_h10,U持有上限,2,10,,,300,2,,,,,,,0.16929248067858316,0.17530381440492904,0.79763298809155,-0.2174409641176478,0.18353331177114374,0.22679641372318127,0.6746273034129328,0.5675675675675675,6.594594594594595,0.6287099497893744,22.941254961585145,-11.04853832944529,35.7366,0.036451332,74,244,1,1.9918367346938775,0.14482605596652462,0.25921881347923414,-0.07141438154992608,0.3767523284236478,-0.10892003710802722,0.6410256410256411,0.4857142857142857,1,0,0.0
V10_allz,U2_re300_h20,U持有上限,2,20,,,300,2,,,,,,,0.35191423969720836,0.3653454802212235,1.4952103070684688,-0.18750261051826977,0.3260263615390422,0.7886571380679297,1.584634676786076,0.625,7.625,1.082863861873118,22.941254961585145,-15.339239867809795,30.91974,0.0315381348,64,244,1,1.9918367346938775,0.20529320119905567,0.3854597331921841,-0.024212535876221186,0.9841911916723276,-0.09854597400948895,0.7428571428571429,0.4827586206896552,1,0,0.0
V10_allz,U2_re300_h30,U持有上限,2,30,,,300,2,,,,,,,0.45379809628015066,0.47174340697549466,1.6845275942422517,-0.20071384983985308,0.4039369167628145,1.1988198350065966,2.0521092280907287,0.65,8.133333333333333,1.6448413567897613,22.941254961585145,-12.215910316687307,28.96502,0.0295443204,60,244,1,1.9918367346938775,0.2136877560237924,0.3854597331921841,0.04932540545982622,0.9841911916723276,0.10816933581555488,0.7428571428571429,0.52,1,0,0.0
V10_allz,V2_re300_q0.2,V择时,2,,,,300,2,,,,,,0.2,0.23351401418109674,0.24203095173299483,1.0308733284455014,-0.21445579688224148,0.23699065888041548,0.36375850345136707,0.8958190436727086,0.6428571428571429,8.392857142857142,1.3141569563025146,22.941254961585145,-22.858356767963517,26.91974,0.0274581348,56,244,2,1.9183673469387754,0.22399855785393413,0.3445460576740862,-0.08257957610248123,0.7425943957485055,-0.2173976303501285,0.7272727272727273,0.5217391304347826,1,0,0.0
V10_allz,V2_re300_q0.4,V择时,2,,,,300,2,,,,,,0.4,0.32643688202072796,0.3387796435664121,1.3887613696379562,-0.1412981593606465,0.30775018581283375,0.7165344589874683,1.5309541346369124,0.6181818181818182,8.309090909090909,1.0951985039197254,22.941254961585145,-17.422031675273185,26.41948,0.026947869600000004,55,244,6,1.8653061224489795,0.2355477986917331,0.3069135313051585,0.014938517543751972,0.6914791510345302,0.014812661413895478,0.6666666666666666,0.5454545454545454,1,0,0.0
V10_allz,W2_h10_tr15,W移动,2,10,,,,,,,0.15,,,,0.27116456564075087,0.2812038349236117,1.1171957111690944,-0.19509956728519218,0.27013052389206016,0.5128583207055304,1.112681854610649,0.58,9.76,0.8695480438836611,15.240263358102046,-16.784455872186655,24.04812,0.024529082400000003,50,244,1,1.9918367346938775,0.19146020013714765,0.40496384346395065,-0.09523325347171607,0.8573792164701404,-0.18548764447755306,0.6923076923076923,0.4583333333333333,0,0,0.0
V10_allz,W2_h10_tr20,W移动,2,10,,,,,,,0.2,,,,0.3577398096927171,0.3714222556819371,1.399179143234074,-0.16363154459774432,0.3355546067088109,0.8148565206226059,1.5671034182347354,0.56,9.76,0.8103794271321796,15.135292894023,-14.06730037329984,24.05384,0.024534916800000004,50,244,1,1.9918367346938775,0.20271002628228388,0.40496384346395065,-0.03361227692151936,0.8573792164701404,-0.022893922506760367,0.6923076923076923,0.4166666666666667,0,0,0.0
V10_allz,W2_h10_tr25,W移动,2,10,,,,,,,0.25,,,,0.3577398096927171,0.3714222556819371,1.399179143234074,-0.16363154459774432,0.3355546067088109,0.8148565206226059,1.5671034182347354,0.56,9.76,0.8103794271321796,15.135292894023,-14.06730037329984,24.05384,0.024534916800000004,50,244,1,1.9918367346938775,0.20271002628228388,0.40496384346395065,-0.03361227692151936,0.8573792164701404,-0.022893922506760367,0.6923076923076923,0.4166666666666667,0,0,0.0
V14_allz,V2_re300_q0.4,V择时,2,,,,300,2,,,,,,0.4,0.17157816452851904,0.17767665066843086,0.6857473088115297,-0.2766118684424854,0.20355742185300996,0.18599207181747013,0.5909687044408272,0.5172413793103449,7.9655172413793105,0.24817512246062545,25.48755765472359,-19.516473305502235,27.88162,0.0284392524,58,244,5,1.8857142857142857,0.1839112135448006,0.22577391434248728,-0.04421349580035672,0.34994845370022754,-0.12145380916830628,0.5151515151515151,0.52,0,0,0.0
V14_allz,W2_h10_tr15,W移动,2,10,,,,,,,0.15,,,,-0.18371701366004356,-0.18913178441988,-0.4930061892667827,-0.3204124882169167,-0.15320568531279088,-0.396407652374534,-0.5629329631861698,0.43137254901960786,9.568627450980392,-2.5151391672647905,20.502695552541983,-17.80124704870836,23.11024,0.023758934800000003,51,244,1,1.9918367346938775,0.04337976247887889,0.04729862758634629,-0.2205823966167122,-0.061640934828716465,-0.35675758882844133,0.38461538461538464,0.48,0,0,0.0
V14_allz,W2_h10_tr20,W移动,2,10,,,,,,,0.2,,,,-0.24963546562519523,-0.256667936683295,-0.839193180729392,-0.3098353444169408,-0.24354175269140077,-0.5217525195540389,-0.9623221026194243,0.4,9.76,-2.4995824003722467,19.304745472059604,-24.68981599364508,22.74804,0.023445200799999996,50,244,1,1.9918367346938775,0.04263741255659431,0.04729862758634629,-0.2835238062861499,-0.061640934828716465,-0.49033637740936187,0.38461538461538464,0.4166666666666667,0,0,0.0
V14_allz,W2_h10_tr25,W移动,2,10,,,,,,,0.25,,,,-0.20225743737565982,-0.2081459365940277,-0.5584107619257463,-0.32780248475042084,-0.17502610951208064,-0.4563658136297577,-0.5127667347943338,0.38,9.76,-2.0469260569507766,31.99210203230418,-30.065342695563334,22.70792,0.0233065584,50,244,1,1.9918367346938775,0.0424314323074235,0.04729862758634629,-0.23828548838753383,-0.061640934828716465,-0.4206544098649382,0.38461538461538464,0.375,0,0,0.0
V14_allz,W2_h20_tr15,W移动,2,20,,,,,,,0.15,,,,-0.07869160270281161,-0.08116404475686056,-0.11104018247350696,-0.22498411294274712,-0.033929663264989696,-0.2853342811256553,-0.25904691807337843,0.42857142857142855,17.428571428571427,-1.6225362343049887,30.756145134548518,-17.79445457258566,12.6566,0.012986151999999999,28,244,1,1.9918367346938775,0.04530696549307768,0.0014203764306817135,-0.07999835136072675,-0.18693527322054804,-0.12102235488048463,0.42857142857142855,0.42857142857142855,0,0,0.0
V14_allz,W2_h20_tr20,W移动,2,20,,,,,,,0.2,,,,0.03130263669841882,0.03234537761967915,0.2547614673990309,-0.2660637436748484,0.07334047270012645,-0.14644286256061934,0.12864116278633897,0.46153846153846156,18.76923076923077,-1.5508746627711845,30.696212257637367,-24.68981599364508,11.56506,0.0119318912,26,244,1,1.9918367346938775,0.0714340397164625,0.0014203764306817135,0.02983987641058894,-0.19887801366604518,0.06545214336879757,0.42857142857142855,0.5,0,0,0.0
V14_allz,W2_h20_tr25,W移动,2,20,,,,,,,0.25,,,,-0.3279619107397683,-0.33666231377347733,-1.0954292469268994,-0.36632410776604996,-0.3454401064029864,-0.6171193029343209,-1.1895822799393796,0.4230769230769231,18.76923076923077,-1.81170505877285,30.67433839750684,-30.065342695563334,11.3104,0.011751048,26,244,1,1.9918367346938775,0.049992144533683454,0.0014203764306817135,-0.32891510390916257,-0.1772673404789552,-0.5346231942602429,0.42857142857142855,0.4166666666666667,0,0,0.0
V14_allz,W2_h30_tr15,W移动,2,30,,,,,,,0.15,,,,0.376498633205959,0.3909957729080873,1.2562853826693652,-0.18697380536021058,0.36243366751530315,0.7940439278542122,1.3224179619600922,0.7,24.4,2.6984970825257637,36.46597221299914,-17.79445457258566,9.70304,0.0098971008,20,244,1,1.9918367346938775,0.15844002385067488,0.33032869781488694,0.03470565993720798,0.35142054983812443,0.3275245282226218,0.7,0.7,0,0,0.0
V10_allz,R1_re300_tr10,R组合,1,,,,300,2,,,0.1,,,,0.5263144225861012,0.5476228135091221,1.6216082800746354,-0.26375289822005865,0.4646625430722765,0.5305221265446207,1.3504730329537116,0.6571428571428571,6.9714285714285715,2.229026670682188,22.941254961585145,-11.026968039856012,34.4179,0.035106258,35,244,1,0.9959183673469387,0.24919352429209427,0.5470818681239351,-0.013423624157018255,0.6257051353811063,-0.05854875325479758,0.7894736842105263,0.5,1,0,0.0
V10_allz,R1_re300_tr15,R组合,1,,,,300,2,,,0.15,,,,0.30926842159368584,0.32088710221299155,1.0953024991572375,-0.2748393600505419,0.30996228614354815,0.24594836259403818,0.8125754201574884,0.6129032258064516,7.870967741935484,0.7250173778347024,22.941254961585145,-15.339239867809795,30.48788,0.0310976376,31,244,1,0.9959183673469387,0.23556870217074924,0.5470818681239351,-0.15371742855381754,0.6257051353811063,-0.23359511175933134,0.7894736842105263,0.3333333333333333,1,0,0.0
V10_allz,R1_re300_tr20,R组合,1,,,,300,2,,,0.2,,,,0.29682877549054054,0.3079276129017443,1.0615183171158962,-0.2827914880340813,0.3003975459620024,0.2184043441013126,0.7297038916280164,0.6551724137931034,8.413793103448276,0.8763654171628055,22.941254961585145,-20.052926589963793,28.5055,0.029075610000000005,29,244,1,0.9959183673469387,0.23664826295790783,0.5470818681239351,-0.16175814466551897,0.6257051353811063,-0.2505379249997336,0.7894736842105263,0.4,1,0,0.0
V10_allz,R2_re300_tr10,R组合,2,,,,300,2,,,0.1,,,,0.3135673328644397,0.32536660234370673,1.321123942018084,-0.22689968656698545,0.29914926743327963,0.620818436427266,1.2496438840211668,0.6714285714285714,6.9714285714285715,1.6448413567897613,22.941254961585145,-13.488806300675215,33.7954,0.03447130799999999,70,244,1,1.9918367346938775,0.1908809756308295,0.4071536576706396,-0.06650753760688743,1.064581819318275,-0.2149410494361227,0.75,0.5882352941176471,1,0,0.0
V10_allz,R2_re300_tr15,R组合,2,,,,300,2,,,0.15,,,,0.34676308805365785,0.3599729198741939,1.4387500222847645,-0.19120727219265843,0.32378835318421184,0.7800765624014931,1.6004887285325307,0.6229508196721312,8.0,1.0915364252485515,22.941254961585145,-15.339239867809795,29.43018,0.030018783599999998,61,244,1,1.9918367346938775,0.20709380720351594,0.3854597331921841,-0.027930544794230183,0.9841911916723276,-0.10287044420291036,0.7428571428571429,0.46153846153846156,1,0,0.0
V10_allz,R2_re300_tr20,R组合,2,,,,300,2,,,0.2,,,,0.34045144930289717,0.35339091065419925,1.4160173969597518,-0.19574654569896222,0.3191672634677801,0.7407246412262254,1.504322174461469,0.6440677966101694,8.271186440677965,1.435142238171827,22.941254961585145,-20.052926589963793,28.45052,0.029019530400000004,59,244,1,1.9918367346938775,0.20764830777402227,0.3854597331921841,-0.032486172503609856,0.9841911916723276,-0.12270317067625947,0.7428571428571429,0.5,1,0,0.0
V10_allz,S1_re300_sl8_tp40,S组合,1,,,,300,2,0.08,0.4,,,,,0.8057898822452447,0.8411218574635086,2.3909569836293167,-0.10035034397944809,0.626233174756576,1.02547660111654,2.135836452043499,0.7804878048780488,5.951219512195122,2.1123565041601733,22.941254961585145,-9.51533357340837,40.3912,0.041199024,41,244,1,0.9959183673469387,0.29006827087593606,0.5955667477527715,0.13175452220256867,0.6971570403756975,0.19345266992391208,0.85,0.7142857142857143,1,0,0.0
V10_allz,S1_re300_sl8_tr15,S组合,1,,,,300,2,0.08,,0.15,,,,0.8057898822452447,0.8411218574635086,2.3909569836293167,-0.10035034397944809,0.626233174756576,1.02547660111654,2.135836452043499,0.7804878048780488,5.951219512195122,2.1123565041601733,22.941254961585145,-9.51533357340837,40.3912,0.041199024,41,244,1,0.9959183673469387,0.29006827087593606,0.5955667477527715,0.13175452220256867,0.6971570403756975,0.19345266992391208,0.85,0.7142857142857143,1,0,0.0
V12_allz,R2_re300_tr15,R组合,2,,,,300,2,,,0.15,,,,0.2331818675449695,0.24168554803228837,0.8796834745200077,-0.31686830738991034,0.25164969045967767,0.3404742615929528,0.8156891965313376,0.53125,7.625,0.6501316121019562,22.718180229662053,-15.332157089067898,30.63628,0.031275135600000004,64,244,1,1.9918367346938775,0.09568783233715904,0.1481503731604359,0.07405954513647361,0.2527680563435153,0.0700099310525426,0.5,0.5625,1,0,0.0
V12_allz,R2_re300_tr20,R组合,2,,,,300,2,,,0.2,,,,0.0486756955651102,0.0503111199793036,0.31311415172979407,-0.3343550276163495,0.08935741224022653,-0.056454051362179736,0.16523060232832348,0.5084745762711864,8.271186440677965,0.31676580842905366,22.718180229662053,-24.932506285769385,28.30096,0.028872359199999996,59,244,1,1.9918367346938775,0.08669922712102862,0.1481503731604359,-0.08663906742590577,0.2527680563435153,-0.24683109226797273,0.5,0.5185185185185185,1,0,0.0
V12_allz,S1_re300_sl8_tp40,S组合,1,,,,300,2,0.08,0.4,,,,,0.3478481626193606,0.3611045775895214,1.0790386707090571,-0.2497020034780939,0.35348409557013605,0.3064919443394529,0.8473333908121484,0.5882352941176471,7.176470588235294,0.8660471469364106,22.718180229662053,-10.74282277942874,33.50778,0.0341779356,34,244,1,0.9959183673469387,0.17095983735926518,0.4235650626792131,-0.05318822584571625,0.45468792651986645,-0.10187475916910316,0.7058823529411765,0.47058823529411764,0,0,0.0
V12_allz,S1_re300_sl8_tr15,S组合,1,,,,300,2,0.08,,0.15,,,,0.3478481626193606,0.3611045775895214,1.0790386707090571,-0.2497020034780939,0.35348409557013605,0.3064919443394529,0.8473333908121484,0.5882352941176471,7.176470588235294,0.8660471469364106,22.718180229662053,-10.74282277942874,33.50778,0.0341779356,34,244,1,0.9959183673469387,0.17095983735926518,0.4235650626792131,-0.05318822584571625,0.45468792651986645,-0.10187475916910316,0.7058823529411765,0.47058823529411764,0,0,0.0
V12_allz,S2_re300_sl8_tp40,S组合,2,,,,300,2,0.08,0.4,,,,,0.39537414770470547,0.41069987855963075,1.304682967678299,-0.27694527104766087,0.37599770024744295,0.951164359732507,1.4223959770557792,0.5974025974025974,6.337662337662338,1.3931512402986401,22.718180229662053,-11.28273995699891,37.00392,0.037804368399999996,77,244,1,1.9918367346938775,0.11676127288287337,0.2834612557705751,0.08719615916020707,0.7074528579576171,0.14273395639538,0.6666666666666666,0.5365853658536586,0,0,0.0
V12_allz,S2_re300_sl8_tr15,S组合,2,,,,300,2,0.08,,0.15,,,,0.39537414770470547,0.41069987855963075,1.304682967678299,-0.27694527104766087,0.37599770024744295,0.951164359732507,1.4223959770557792,0.5974025974025974,6.337662337662338,1.3931512402986401,22.718180229662053,-11.28273995699891,37.00392,0.037804368399999996,77,244,1,1.9918367346938775,0.11676127288287337,0.2834612557705751,0.08719615916020707,0.7074528579576171,0.14273395639538,0.6666666666666666,0.5365853658536586,0,0,0.0
V12_allz,T2_re150,T细化,2,,,,150,2,,,,,,,-0.010112260107844717,-0.010442072626832943,0.13584486257833037,-0.41485248181342194,0.0440487639216004,-0.2607757838689114,-0.23426217295424712,0.5402298850574713,5.609195402298851,0.358382645531341,17.12655680396884,-22.889060862603927,39.84498,0.0410468896,87,244,1,1.9918367346938775,0.03581809022566703,0.011448688313966837,-0.021316897901910714,-0.09372427074291045,-0.184327470915435,0.5319148936170213,0.55,1,0,0.0
V12_allz,T2_re250,T细化,2,,,,250,2,,,,,,,0.0594174098479483,0.061424182373378544,0.34700061074016164,-0.3451656922120988,0.10256286001141124,-0.001702697744340953,0.24218356368065666,0.4852941176470588,7.176470588235294,-0.14601489956224678,17.12655680396884,-16.781660929791254,31.00604,0.03178678079999999,68,244,1,1.9918367346938775,0.043477826214071556,-0.06656916529595225,0.13497151632434212,-0.17507960972249115,0.21017411379518136,0.42857142857142855,0.5454545454545454,1,0,0.0
V9_allz,T2_re400,T细化,2,,,,400,2,,,,,,,0.5998446920680924,0.6246839904257024,2.1195877783896426,-0.17594824795543762,0.4986839293043588,1.8649710740663599,2.347685746158353,0.6078431372549019,9.568627450980392,1.0951985039197254,28.377268794386424,-9.070834998538235,24.70918,0.025203363600000004,51,244,1,1.9918367346938775,0.23804336891937114,0.4260098533566119,0.12190297163957187,1.2490896824169413,0.2738358529961209,0.7142857142857143,0.4782608695652174,0,0,0.0
V9_allz,T2_re300_mh3,T细化,2,,,,300,3,,,,,,,0.2196389943310033,0.22760474089273686,0.9291266560962729,-0.19336893151258283,0.23015644361852627,0.36217534995441536,0.9522492913023965,0.5178571428571429,8.714285714285714,0.3170355727139529,17.565846672968497,-18.887841976735142,27.24756,0.027792511199999998,56,244,1,1.9918367346938775,0.21774456176393797,0.36613565554114325,-0.10723434427316125,0.9513420322118071,-0.30192896608165765,0.7096774193548387,0.28,0,0,0.0
V9_allz,T2_re300_mh5,T细化,2,,,,300,5,,,,,,,0.26940854765824884,0.2793759607969051,1.1541148176102045,-0.15460917261341312,0.26579284946759896,0.48774084905221726,1.102885597319591,0.5294117647058824,9.568627450980392,0.14796153000218304,21.818672754149084,-13.328270055077585,24.77112,0.0252665424,51,244,1,1.9918367346938775,0.18759564122173025,0.2684172342977027,0.0007815357074487661,0.6301696281084694,-0.08737052672335444,0.6551724137931034,0.36363636363636365,1,0,0.0
V9_allz,T2_re300_mh8,T细化,2,,,,300,8,,,,,,,-0.016505851147891826,-0.01704238913116618,0.07086320724245614,-0.33716667454344107,0.01849118184383136,-0.1460677368594051,-0.16687493294312272,0.5263157894736842,12.842105263157896,0.9680403791948344,14.226128191821829,-20.096774838541986,18.33696,0.0187036992,38,244,1,1.9918367346938775,0.13697997061008005,0.26816394250811326,-0.2244739691092299,0.47727582186512896,-0.4219547558407436,0.7142857142857143,0.29411764705882354,0,0,0.0
V9_allz,U2_re300_h10,U持有上限,2,10,,,300,2,,,,,,,0.17353375045187946,0.17970692297137125,0.7694602803216115,-0.20425192272391557,0.19226364990276779,0.23458904211977605,0.7094591502220555,0.527027027027027,6.594594594594595,0.42148829837096446,14.549389572504246,-24.22136930823594,36.04074,0.0367615548,74,244,1,1.9918367346938775,0.17444177668187522,0.2729632371793036,-0.07810868674239613,0.5809320092371573,-0.21907518166103845,0.6097560975609756,0.42424242424242425,1,0,0.0
V9_allz,U2_re300_h20,U持有上限,2,20,,,300,2,,,,,,,0.5216655428171757,0.5427547253215683,1.8640177435560359,-0.13433090239265266,0.44988874297540826,1.4615306008091027,2.2051248852510232,0.5714285714285714,7.746031746031746,1.4093493665947587,28.377268794386424,-13.916105458107985,30.63878,0.0312515556,63,244,1,1.9918367346938775,0.16831058146250819,0.220382970502631,0.2468754313987669,0.4742861360103152,0.6696423717789608,0.59375,0.5483870967741935,0,0,0.0
V9_allz,U2_re300_h30,U持有上限,2,30,,,300,2,,,,,,,0.5683373685303021,0.5916491534173542,2.1222471291967295,-0.11115660677645767,0.4762474386873924,1.781177613428659,2.662787423250327,0.6129032258064516,7.870967741935484,1.7046593078192007,28.377268794386424,-7.602397545678952,30.12084,0.030723256799999998,62,244,1,1.9918367346938775,0.19370221143828234,0.24647165444034846,0.2582214468683359,0.6273776521916687,0.7089933671407569,0.7096774193548387,0.5161290322580645,0,0,0.0
V9_allz,V2_re300_q0.2,V择时,2,,,,300,2,,,,,,0.2,0.2406113442700446,0.24941228707148722,1.0507953237082317,-0.1704231515744794,0.2430765312971248,0.46850811873001486,1.309309426104095,0.5384615384615384,9.134615384615385,0.7257752159696151,11.515023057533448,-13.328270055077585,25.26604,0.025771360800000007,52,244,4,1.9387755102040816,0.1739588604711236,0.21610973768989084,0.020147529306603795,0.5201454388445432,-0.03396867088834454,0.6551724137931034,0.391304347826087,0,0,0.0
V14_allz,W2_h30_tr20,W移动,2,30,,,,,,,0.2,,,,0.34305908342326075,0.35611012459087643,1.0307572465072607,-0.3111744976544789,0.35632006753971424,0.4428733694737039,0.8141174973414917,0.55,24.4,0.08657637252014183,62.789686550932956,-19.300892382505687,9.68802,0.0098817804,20,244,1,1.9918367346938775,0.11787148015454628,0.20501643157678018,0.11455665518672564,-0.017584941037906643,0.46870037904149986,0.5,0.6,0,0,0.0
V14_allz,W2_h30_tr25,W移动,2,30,,,,,,,0.25,,,,-0.013481683367761566,-0.013920615013273796,0.10607954558082937,-0.3768530038136265,0.031234714601404034,-0.12330962651158583,-0.050994634010490585,0.4444444444444444,27.11111111111111,-0.9562066883319675,24.450353575760243,-22.309314332371954,8.75512,0.008930222399999998,18,244,1,1.9918367346938775,0.12771200451118908,0.23039371932427244,-0.19820923893042053,0.5071230597586611,-0.41830206378183843,0.6,0.25,0,0,0.0
V14_allz,X_re300_close_overlap,X口径,2,,close_overlap,,300,2,,,,,,,0.22230215492979744,0.23037328127092782,0.6384815853796989,-0.3871226533142349,0.35565380628495613,0.22230215492979832,0.6421870510554005,0.4444444444444444,7.761904761904762,-0.9870255570512132,26.12332240358366,-15.873274018273953,30.31662,0.030926452400000002,63,244,1,1.9959183673469387,nan,0.4574172021398726,-0.1613230905089248,0.36843781833994504,-0.10679013795995795,0.5151515151515151,0.36666666666666664,0,1,98794.0
V14_allz,X_re300_close_seq,X口径,2,,close_seq,,300,2,,,,,,,-0.1410942595173812,-0.1453667521102353,-0.29669826343887695,-0.3700160551808517,-0.09707274705769386,-0.3713936088944866,-0.31058019025960787,0.4807692307692308,8.384615384615385,-0.15702525272944245,26.123322403583682,-32.06332568195565,23.71412,0.024287672400000005,52,244,4,1.779591836734694,0.14086883208445972,-0.03588457128997968,-0.10912561410636346,-0.15913229894776248,-0.25243127983285174,0.5357142857142857,0.4166666666666667,0,1,0.0
V15_allz,P1_re300_sl5,P组合,1,,,,300,2,0.05,,,,,,-0.4958219849675499,-0.5070163037723775,-1.112362913543128,-0.5007354469502368,-0.5551536110493139,-0.5110516590410927,-0.9750354792107997,0.3023255813953488,5.674418604651163,-5.422718944615013,22.2878352837782,-12.091696254439254,32.19338,0.032837247599999994,43,244,1,0.9959183673469387,0.03178799973101974,-0.19284885965793308,-0.3753610819173453,-0.1329819187309178,-0.4360575038490343,0.2777777777777778,0.32,0,0,0.0
V15_allz,P1_re300_sl8,P组合,1,,,,300,2,0.08,,,,,,-0.3249334982409966,-0.33357487351404536,-0.48809375639437064,-0.41769625080094464,-0.25321453838722074,-0.3632810026702613,-0.6747557423408534,0.45161290322580644,7.870967741935484,-0.5543445581976503,16.354335198968826,-14.549084290107695,23.4493,0.023918286000000004,31,244,1,0.9959183673469387,0.03653143118685823,-0.1263778946657741,-0.2272785937568056,-0.2853196044828502,-0.10908568176268152,0.35714285714285715,0.5294117647058824,0,0,0.0
V15_allz,P1_re300_sl10,P组合,1,,,,300,2,0.1,,,,,,-0.2694050641926873,-0.276885550641503,-0.33720930951312217,-0.39139765420989725,-0.174796529032762,-0.2983379217564942,-0.6188974805051013,0.5,9.384615384615385,0.7871310626691497,12.618377273598714,-12.281254910674722,19.94484,0.0203437368,26,244,1,0.9959183673469387,0.03541094611911923,-0.07719833435898293,-0.20828606729940125,-0.23644931578405093,-0.08105369722246236,0.46153846153846156,0.5384615384615384,0,0,0.0
V15_allz,P2_re300_sl5,P组合,2,,,,300,2,0.05,,,,,,0.031225846446240713,0.032265989563643904,0.27494419919389135,-0.24856316024754121,0.10272222922914787,-0.15982829582285152,0.13542724437270443,0.417910447761194,7.2835820895522385,-4.903592449475669,26.434088008436895,-12.091696254439254,31.28156,0.0319675012,67,244,1,1.9918367346938775,0.07277933002107681,0.12016872213072727,-0.07940132046831727,0.21251945739245293,-0.30708600257520413,0.41379310344827586,0.42105263157894735,0,0,0.0
V15_allz,W2_h20_tr15,W移动,2,20,,,,,,,0.15,,,,0.8214070068908177,0.8575689261816184,1.8195764284639007,-0.23299014422795383,0.6694994098988132,2.0322586040999857,1.4516857794923952,0.5,17.428571428571427,0.6392056147905945,81.97395121037528,-18.74012059337623,13.06428,0.013372865600000004,28,244,1,1.9918367346938775,0.1731551276427824,0.04520502769537482,0.7426313102482196,0.38659512222998793,1.1868377837817317,0.5,0.5,0,0,0.0
V15_allz,W2_h20_tr20,W移动,2,20,,,,,,,0.2,,,,0.6063569251306289,0.6315146189465559,1.4329146480648218,-0.20298221758007606,0.5496562886449974,0.9566489631190129,1.0455652860426163,0.5,18.76923076923077,0.6392056147905945,94.8626421597235,-21.795128447326594,12.16548,0.0124546896,26,244,1,1.9918367346938775,0.1779561398776663,0.045881347537995554,0.535888300247436,0.2632190538124284,0.5489387665692615,0.5,0.5,0,0,0.0
V15_allz,W2_h20_tr25,W移动,2,20,,,,,,,0.25,,,,0.5093397169401992,0.5298500644373791,1.2403181666516643,-0.24432557527071297,0.49281442607327464,0.6404875191659924,0.902598515390037,0.5,18.76923076923077,0.6392056147905945,94.8626421597235,-27.51549683462371,12.32962,0.0125929124,26,244,1,1.9918367346938775,0.17113277337656269,0.045881347537995554,0.44312710088308305,0.2632190538124284,0.2986564081779466,0.5,0.5,0,0,0.0
V15_allz,W2_h30_tr15,W移动,2,30,,,,,,,0.15,,,,0.052247583019653154,0.05400607762259346,0.32779446813664,-0.3791557836806376,0.11922227112455652,-0.33146678478302694,0.0050866289096822325,0.25925925925925924,18.074074074074073,-8.855916367217166,57.759525733185924,-18.564756660321358,12.81084,0.0130962568,27,244,1,1.9918367346938775,0.16829731554434998,0.35329520819131943,-0.22245525096776053,0.8818895765874679,-0.6447542812638027,0.45454545454545453,0.125,1,0,0.0
V15_allz,W2_h30_tr20,W移动,2,30,,,,,,,0.2,,,,0.5804003655207415,0.6042944321937631,1.5041859931021968,-0.24608186595591763,0.5192411452153306,1.0257243461250645,1.1556212907878542,0.47368421052631576,25.68421052631579,-3.5493530302810883,57.759525733185924,-22.293000158631525,8.793,0.00899397,19,244,1,1.9918367346938775,0.24917877193155,0.4199550466931603,0.11299323820231622,2.0785037147160517,-0.3419776183989731,0.5,0.4444444444444444,1,0,0.0
V15_allz,W2_h30_tr25,W移动,2,30,,,,,,,0.25,,,,0.29657575003785164,0.3076640558711299,0.9209886357275873,-0.30916851446430604,0.32311233194365896,0.09645998365521846,0.5609796848942029,0.3157894736842105,25.68421052631579,-3.1132387506958903,57.759525733185924,-26.367637987388047,9.02538,0.0092058876,19,244,1,1.9918367346938775,0.23479389264329614,0.444083820024062,-0.10214647373014218,2.1997127543992807,-0.6573254951877487,0.5,0.1111111111111111,0,0,0.0
V15_allz,X_re300_close_overlap,X口径,2,,close_overlap,,300,2,,,,,,,1.1898266171357563,1.2468325403550757,1.4335629451925052,-0.3849816014417229,1.1084361178977593,1.1898266171357554,1.4594843330892076,0.5681818181818182,11.090909090909092,3.4188144354040606,25.548235356797978,-38.49816014417229,20.88004,0.021320240799999998,44,244,1,1.9918367346938775,nan,0.5543969019479309,0.40879502165214077,1.0069017612050173,0.09114788748847569,0.65,0.5,0,0,74420.0
V15_allz,X_re300_close_seq,X口径,2,,close_seq,,300,2,,,,,,,0.33176691006198866,0.3443360152595021,1.1178929010461596,-0.21011217271588467,0.3318953154527582,0.5641074031117179,1.1017021372677258,0.5714285714285714,13.0,3.092084237012127,17.486493627654866,-26.945757910228885,16.68138,0.0170241176,35,244,3,1.8571428571428572,0.24971288101511502,0.2128578632075282,0.09804038087364453,0.4644257428064289,0.06806877084409813,0.6,0.55,0,0,0.0
V12_allz,W2_h30_tr20,W移动,2,30,,,,,,,0.2,,,,0.14032514295362808,0.14524523530415623,0.5568873319968107,-0.3313436204976494,0.19343043834721396,0.1576902141813623,0.552196147140673,0.5555555555555556,27.11111111111111,2.96035893577441,24.450353575760243,-19.97692587939124,8.5492,0.008736364000000002,18,244,1,1.9918367346938775,0.07164343805512494,0.10557107049143322,0.03143540328596406,0.19479451981928864,-0.031054968048847553,0.4,0.75,0,0,0.0
V12_allz,W2_h30_tr25,W移动,2,30,,,,,,,0.25,,,,0.14282294663036565,0.1478361576228029,0.5539380426153298,-0.3712207153609097,0.20178500858532766,0.1668400782064403,0.5555174167481923,0.5555555555555556,27.11111111111111,0.37592009210752897,32.11713769585784,-24.421324781231203,8.47842,0.008664168399999998,18,244,1,1.9918367346938775,0.07323644070875808,0.10557107049143322,0.0336946914886016,0.19479451981928864,-0.023396861258684343,0.4,0.75,0,0,0.0
V12_allz,X_re300_close_overlap,X口径,2,,close_overlap,,300,2,,,,,,,-0.22912068639314143,-0.23566978633099,-0.32006982241435616,-0.502946678586986,-0.1491530737971004,-0.2291206863931411,-0.30374511412202004,0.46551724137931033,8.413793103448276,-0.13785791142975623,18.548639538593914,-16.30274743525133,28.14434,0.028707226800000003,58,244,1,1.9918367346938775,nan,0.03935023589797315,-0.2583065005600952,0.039395822628750965,-0.2583390304020877,0.5,0.4230769230769231,1,0,97921.0
V12_allz,X_re300_close_seq,X口径,2,,close_seq,,300,2,,,,,,,0.23514722758858642,0.24372939640555824,0.87396168999268,-0.21267319499684378,0.2551918153868715,0.37226981694811956,0.8770983351127276,0.5517241379310345,7.448275862068965,0.17842100085869728,20.960926227556897,-15.526534529593727,27.82908,0.028385661599999997,58,244,2,1.763265306122449,0.22998180186836378,0.21458936518726168,0.016925771779794374,0.38855056177121416,-0.011724992428311154,0.6060606060606061,0.48,1,1,0.0
V13_allz,P1_re300_sl5,P组合,1,,,,300,2,0.05,,,,,,0.412056068418041,0.42812137694274655,1.148213219870319,-0.29028186897462804,0.40911266659043044,0.2946509712211174,0.7025967121168799,0.5,6.075,-0.4155855522988139,46.528149323422554,-8.433140716746978,39.00912,0.039789302400000004,40,244,2,0.9918367346938776,0.19232341708501402,0.5651278732860401,-0.09780146880051355,0.4065877995067202,-0.0795804060897286,0.55,0.45,0,0,0.0
V13_allz,P1_re300_sl8,P组合,1,,,,300,2,0.08,,,,,,-0.06411377233015059,-0.06614478159560322,0.054260135385214125,-0.443186397508206,0.022590591280569616,-0.11239720816270438,-0.06762670416700499,0.5294117647058824,7.147058823529412,0.16432770226961768,17.12655680396884,-11.519064626116782,31.28548,0.0319111896,34,244,2,0.9918367346938776,0.04126292567648205,0.07069038693724283,-0.1259039596432796,0.028132905602060276,-0.13668477392275658,0.5882352941176471,0.47058823529411764,0,0,0.0
V13_allz,P1_re300_sl10,P组合,1,,,,300,2,0.1,,,,,,0.09356882145803724,0.0967806073767512,0.4282270416098081,-0.317576770533439,0.17355409262552768,0.0006782759973196217,0.234520198362489,0.5714285714285714,6.942857142857143,1.3141973592225797,19.01586289319164,-11.88856122174986,33.83904,0.0345158208,35,244,2,0.9918367346938776,0.07268949026176737,0.07069038693724283,0.021367927460559377,0.028132905602060276,-0.026703385773518717,0.5882352941176471,0.5555555555555556,0,0,0.0
V13_allz,P2_re300_sl5,P组合,2,,,,300,2,0.05,,,,,,0.5156683135268272,0.5364754294015888,1.654422284427471,-0.16055979427531542,0.45485313007294925,1.1967925632650198,1.4306448942131225,0.5421686746987951,5.867469879518072,0.9699825675121287,46.528149323422554,-9.723127900724348,40.353,0.041160060000000005,83,244,1,1.9877551020408164,0.1846171353967689,0.45205190222838487,0.04381138938684881,0.9409596182144915,0.13180745372017189,0.631578947368421,0.4666666666666667,0,0,0.0
V14_allz,T2_re400,T细化,2,,,,400,2,,,,,,,-0.26690015787552257,-0.2743248608675939,-0.7228396751050818,-0.46558149646200697,-0.2489727018586294,-0.561418750367159,-1.3763275415610994,0.43103448275862066,8.413793103448276,-0.14925548455882454,13.268410395667951,-31.282099244405583,25.41626,0.0265738452,58,244,1,1.9918367346938775,0.056378104908932476,-0.05500499325625596,-0.22422887222379395,-0.08910353023580708,-0.5185169070351341,0.5,0.3888888888888889,0,0,0.0
V14_allz,T2_re300_mh3,T细化,2,,,,300,3,,,,,,,-0.27477983473286094,-0.2823790429428107,-0.848283963074986,-0.4649540137876049,-0.2689817984665539,-0.5275240610202658,-1.1883666615938038,0.48214285714285715,8.696428571428571,-0.5222288629253502,13.26770832891242,-31.288388911987695,25.3896,0.026273582,56,244,1,1.9877551020408164,0.06773352445015192,0.06727549562728141,-0.3204939415938738,-0.005712850778470946,-0.524809367847451,0.5161290322580645,0.44,0,0,0.0
V14_allz,T2_re300_mh5,T细化,2,,,,300,5,,,,,,,0.1915975846411373,0.19846586029402036,0.7355205823521331,-0.21011413395183387,0.2219546416735605,0.2368325683625836,0.6568857264728267,0.49019607843137253,9.568627450980392,-0.23817785577385786,29.402910634667776,-19.48196142799663,24.67536,0.025168867200000004,51,244,1,1.9918367346938775,0.1382865364020684,0.1356397730530221,0.0492742618882398,0.20913520687495968,0.02290675296703082,0.5416666666666666,0.4444444444444444,0,0,0.0
V14_allz,T2_re300_mh8,T细化,2,,,,300,8,,,,,,,-0.34649094784322243,-0.3555424984308112,-1.2385359509707004,-0.5256149026911865,-0.37704197287846564,-0.676512414782328,-1.2673570436381776,0.3783783783783784,13.18918918918919,-1.2812599128237179,23.275407040785943,-41.734168950946845,17.0628,0.017627256,37,244,1,1.9918367346938775,0.15021868165469782,0.2139255608722206,-0.46165640363712057,0.4162339256852896,-0.771586049909698,0.5789473684210527,0.16666666666666666,0,0,0.0
V14_allz,U2_re300_h10,U持有上限,2,10,,,300,2,,,,,,,-0.17709030382132074,-0.18233230215848317,-0.37283942693790373,-0.378782523939424,-0.13106846618911727,-0.4354237303805736,-0.7352844698757968,0.4583333333333333,6.777777777777778,-0.4285706345033169,25.487557654723638,-20.23095647981642,30.20924,0.031615354799999995,72,244,1,1.9918367346938775,0.040514018206959636,-0.0035205167304694918,-0.17418300126095376,-0.27594011749893055,-0.22026301516768165,0.4857142857142857,0.43243243243243246,0,0,0.0
V14_allz,U2_re300_h20,U持有上限,2,20,,,300,2,,,,,,,0.28098093847210204,0.2914234150012298,1.0695187446491696,-0.18103881667903832,0.2839279963459237,0.6019324309363214,1.1948256913872741,0.5616438356164384,6.684931506849315,0.5796674682764236,25.48755765472359,-14.254579200121443,34.91614,0.0356179628,73,244,1,1.9918367346938775,0.17258926385489332,0.24519843892966597,0.02873638323317662,0.43923318719624316,0.11304578381563823,0.6285714285714286,0.5,0,0,0.0
V14_allz,U2_re300_h30,U持有上限,2,30,,,300,2,,,,,,,0.053802757087934916,0.055614964153752444,0.3304331433887354,-0.26982131300911605,0.09437292831368727,-0.07604294692259017,0.18294048753454975,0.5161290322580645,7.870967741935484,0.33864904325605627,25.48755765472359,-31.282099244405583,29.87352,0.030474490400000005,62,244,1,1.9918367346938775,0.11883622040339256,0.2654024279699576,-0.16721927049048302,0.41626585633717283,-0.3476104440821587,0.6060606060606061,0.41379310344827586,0,0,0.0
V14_allz,V2_re300_q0.2,V择时,2,,,,300,2,,,,,,0.2,-0.12019679272055428,-0.12388298270567677,-0.2518732761832051,-0.36391183635773394,-0.07826505144983986,-0.3537484775302595,-0.47424557690637426,0.45161290322580644,7.661290322580645,-0.34346157080730744,25.487557654723638,-31.282099244405583,29.14876,0.0298170052,62,244,2,1.9387755102040816,0.1092535598859178,0.17012284864608018,-0.24811039430821835,0.061766678855535107,-0.3913431874069292,0.5428571428571428,0.3333333333333333,0,0,0.0
V13_allz,R1_re300_tr10,R组合,1,,,,300,2,,,0.1,,,,0.050791343350156115,0.05249961315468066,0.33268605833157544,-0.3451073285331112,0.13814520843714517,-0.04242529386779137,0.12693909554930688,0.5714285714285714,6.942857142857143,1.3141973592225797,19.01586289319164,-12.091696254439254,33.8169,0.034493238,35,244,2,0.9918367346938776,0.07186114093618583,0.07069038693724283,-0.018585245398540784,0.028132905602060276,-0.06862750825831587,0.5882352941176471,0.5555555555555556,0,0,0.0
V13_allz,R1_re300_tr15,R组合,1,,,,300,2,,,0.15,,,,0.18200865709777303,0.18850677712510167,0.6269152597013932,-0.22788639084025375,0.24616301471980373,0.1247193847354211,0.4963632482052464,0.5666666666666667,8.133333333333333,1.5260071946564424,19.01586289319166,-18.186008839067014,28.19646,0.028760389200000003,30,244,1,0.9959183673469387,0.08040623957390305,-0.07157338559629733,0.2731309494579037,-0.006163942456782756,0.13169508813732378,0.5384615384615384,0.5882352941176471,0,0,0.0
V13_allz,R1_re300_tr20,R组合,1,,,,300,2,,,0.2,,,,-0.05043032745510967,-0.05204000376656859,0.13584250006106205,-0.3437816653021818,0.06471374723449841,-0.07529938999537089,0.07490336297517346,0.5161290322580645,7.838709677419355,0.010863992517684551,17.126556803968818,-23.54456576373677,27.74796,0.028302919199999995,31,244,2,0.9918367346938776,0.028442673306942688,-0.03246115734274435,-0.018572040025818914,0.027755816418243873,-0.10027207315913322,0.5333333333333333,0.5,0,0,0.0
V13_allz,R2_re300_tr10,R组合,2,,,,300,2,,,0.1,,,,0.23446884343574648,0.24302390834385101,0.8636047200844521,-0.22172191393838925,0.2560873359762226,0.3177333454597453,0.7711003887804136,0.5909090909090909,7.378787878787879,1.4639232266019375,19.01586289319166,-13.533060843433054,31.84236,0.0324792072,66,244,1,1.9877551020408164,0.14514779876555686,0.25209885518540665,-0.014080367278229033,0.68536218544842,-0.21813046665151115,0.6470588235294118,0.53125,0,0,0.0
V13_allz,R2_re300_tr15,R组合,2,,,,300,2,,,0.15,,,,0.15897767702291743,0.16459760632066178,0.6462020580515992,-0.19899218351302705,0.1941517745544158,0.17873608223093895,0.5871739967590439,0.5396825396825397,7.73015873015873,0.9699825675121287,19.01586289319166,-18.186008839067014,30.37354,0.0309810108,63,244,1,1.9877551020408164,0.09782761342324776,0.1298612059191242,0.025769953823760128,0.280690698617003,-0.07960908632830954,0.5806451612903226,0.5,0,0,0.0
V13_allz,R2_re300_tr20,R组合,2,,,,300,2,,,0.2,,,,0.2808065576572256,0.2912418490383779,0.9460643800079742,-0.21790305023975265,0.2991350944503838,0.4309024598418614,0.9098019663752128,0.5538461538461539,7.492307692307692,0.9503844789828131,19.01586289319166,-23.54456576373677,31.35884,0.0319860168,65,244,1,1.9877551020408164,0.11420356059891029,0.14626170382945514,0.11737708184638662,0.3230517897702385,0.08151658983081322,0.5625,0.5454545454545454,0,0,0.0
V13_allz,S1_re300_sl8_tp40,S组合,1,,,,300,2,0.08,0.4,,,,,-0.06411377233015059,-0.06614478159560322,0.054260135385214125,-0.443186397508206,0.022590591280569616,-0.11239720816270438,-0.06762670416700499,0.5294117647058824,7.147058823529412,0.16432770226961768,17.12655680396884,-11.519064626116782,31.28548,0.0319111896,34,244,2,0.9918367346938776,0.04126292567648205,0.07069038693724283,-0.1259039596432796,0.028132905602060276,-0.13668477392275658,0.5882352941176471,0.47058823529411764,0,0,0.0
V13_allz,S1_re300_sl8_tr15,S组合,1,,,,300,2,0.08,,0.15,,,,-0.06411377233015059,-0.06614478159560322,0.054260135385214125,-0.443186397508206,0.022590591280569616,-0.11239720816270438,-0.06762670416700499,0.5294117647058824,7.147058823529412,0.16432770226961768,17.12655680396884,-11.519064626116782,31.28548,0.0319111896,34,244,2,0.9918367346938776,0.04126292567648205,0.07069038693724283,-0.1259039596432796,0.028132905602060276,-0.13668477392275658,0.5882352941176471,0.47058823529411764,0,0,0.0
V16_allz,V2_re300_q0.4,V择时,2,,,,300,2,,,,,,0.4,0.6916311687874672,0.7210405802341027,2.0228939312941248,-0.12576751059218938,0.5662784652663213,2.514740847779263,2.645791912931856,0.6666666666666666,7.222222222222222,1.6069838935893754,18.679907929820615,-13.329528474643382,30.53322,0.031143884400000002,63,244,6,1.8571428571428572,0.28498031909452587,0.46899342311175984,0.1515580275397661,1.203885146324116,0.5947931105400557,0.6857142857142857,0.6428571428571429,0,0,0.0
V16_allz,W2_h10_tr15,W移动,2,10,,,,,,,0.15,,,,0.6644430225628659,0.6924804157924582,1.8551852505724495,-0.3323202609522218,0.5556744461503694,1.2428158244599676,1.1283055528554817,0.5490196078431373,9.568627450980392,0.887868164178296,102.55753772639386,-22.981596924103222,24.52204,0.025027460799999995,51,244,1,1.9918367346938775,0.2679463531859801,0.9084809379672434,-0.12787023991149038,2.5918943105263517,-0.37558969430497924,0.5384615384615384,0.56,0,0,0.0
V16_allz,W2_h10_tr20,W移动,2,10,,,,,,,0.2,,,,0.7421705062721906,0.7741701532947287,2.0788483423758004,-0.3161231441503001,0.5978645547374941,1.4916315087503476,1.2204855262790337,0.54,9.76,0.875913554865837,102.55753772639386,-24.639540651437265,24.1552,0.024653283999999998,50,244,1,1.9918367346938775,0.2674888054206309,0.9084809379672434,-0.08714283092195474,2.5918943105263517,-0.3063182562336513,0.5384615384615384,0.5416666666666666,0,0,0.0
V16_allz,W2_h10_tr25,W移动,2,10,,,,,,,0.25,,,,0.8182555693999396,0.8542496375330044,2.196947760714879,-0.3192647695773332,0.6420275247272013,1.816996520017839,1.3234766087869732,0.54,9.76,0.875913554865837,102.55753772639386,-24.974029590013103,24.15472,0.024652794399999997,50,244,1,1.9918367346938775,0.2686999826891928,0.9084809379672434,-0.04727601244128987,2.5918943105263517,-0.21573513124748978,0.5384615384615384,0.5416666666666666,0,0,0.0
V16_allz,W2_h20_tr15,W移动,2,20,,,,,,,0.15,,,,1.4157663692056572,1.4866468344728418,2.8488322469781964,-0.13303262732983345,0.938805429742221,7.287496498874164,1.9762826636714423,0.5925925925925926,18.074074074074073,6.182106937910459,131.85394996324155,-15.948669196824671,13.13646,0.013399189200000003,27,244,1,1.9918367346938775,0.26005646205551075,0.7953639595106248,0.3455580170296726,1.7076180921760207,2.060807032875817,0.42857142857142855,0.7692307692307693,0,0,0.0
V16_allz,W2_h20_tr20,W移动,2,20,,,,,,,0.2,,,,0.8454091297179815,0.8828556006183834,2.15918194358047,-0.21072187940421272,0.6613019492692825,1.737536260715693,1.2013137844765298,0.5384615384615384,18.76923076923077,1.4395445117269645,131.85394996324155,-24.639540651437265,12.631,0.01288362,26,244,1,1.9918367346938775,0.24725634912208985,0.8397824307969142,0.0030583501760190757,1.8576119784887455,-0.04201960191829657,0.5,0.5833333333333334,0,0,0.0
V16_allz,W2_h20_tr25,W移动,2,20,,,,,,,0.25,,,,0.8317497246103476,0.8684638368352589,2.1544706269435117,-0.22820690426792511,0.6528361870916628,1.5754830374307591,1.162440930909159,0.46153846153846156,18.76923076923077,-0.7180535629884466,131.85394996324155,-24.974029590013103,12.63764,0.012890392799999999,26,244,1,1.9918367346938775,0.25626318316787394,0.8302334335076931,0.0008284686941537611,1.6948644092681011,-0.044299583840570644,0.42857142857142855,0.5,0,0,0.0
V16_allz,W2_h30_tr15,W移动,2,30,,,,,,,0.15,,,,0.6525238589884126,0.679964572735569,1.7158276148100995,-0.21783881283810302,0.5564958925960315,1.2566586218073055,1.083240231471341,0.5,24.4,0.4659500530974525,118.25805750275045,-16.376811796374813,9.74828,0.0099432456,20,244,1,1.9918367346938775,0.19691115172696963,0.6881356256408666,-0.021095323214291528,1.2068528572648902,0.02256868389682465,0.5,0.5,0,0,0.0
V16_allz,P1_re300_sl5,P组合,1,,,,300,2,0.05,,,,,,0.8138878712743745,0.8496496199757606,2.0267294189735137,-0.19086141137581047,0.6478737072747808,1.108832925628163,1.7581921664342768,0.5454545454545454,5.545454545454546,0.40568939538540016,28.751014619053137,-8.495781071858655,43.21684,0.0440811768,44,244,1,0.9959183673469387,0.34462518036709855,0.8058752115246299,0.0044369952578176,1.0691963303418701,0.019155550734880844,0.6666666666666666,0.43478260869565216,0,1,0.0
V16_allz,P1_re300_sl8,P组合,1,,,,300,2,0.08,,,,,,1.1960056419959835,1.253380586063245,2.779463077247075,-0.1127748420962631,0.8332054903996305,2.027470557175001,2.397384597052345,0.6,6.1,1.7936155800447606,28.751014619053137,-10.876114566102535,39.3051,0.040091202000000006,40,244,1,0.9959183673469387,0.3837552349312807,0.86329172923635,0.17856243739996192,1.1773673811485534,0.3904270741752456,0.65,0.55,0,0,0.0
V16_allz,P1_re300_sl10,P组合,1,,,,300,2,0.1,,,,,,0.39796965235619886,0.4134100060235626,1.2183418749014836,-0.23865160206067315,0.3862893526292911,0.4042534943897538,1.0231609380155307,0.5675675675675675,6.594594594594595,0.9788265861686796,15.268179933081338,-12.290386502412144,36.38342,0.0371110884,37,244,1,0.9959183673469387,0.25524242322451585,0.4804631210830701,-0.055721393901741245,0.5250433592654686,-0.07920421681249279,0.631578947368421,0.5,0,0,0.0
V16_allz,P2_re300_sl5,P组合,2,,,,300,2,0.05,,,,,,0.8458509928742335,0.8833212130412753,2.559325393468981,-0.13891797638990466,0.6463144499707014,3.4478739891782793,2.57816257423392,0.5730337078651685,5.48314606741573,1.1727406247781902,28.751014619053137,-10.031364634310725,43.23932,0.0441041064,89,244,1,1.9918367346938775,0.34528006597692396,0.8530888227981615,-0.003905819211083572,3.599628952455327,-0.032992870695806586,0.7111111111111111,0.4318181818181818,0,1,0.0
V16_allz,P2_re300_sl8,P组合,2,,,,300,2,0.08,,,,,,0.7709070410740559,0.8044021285635639,2.3381191732232063,-0.17193538409137976,0.6064516920391542,2.7641509792434547,2.22897500790447,0.5822784810126582,6.177215189873418,1.6852713266617858,28.751014619053137,-10.962307694736207,38.14662,0.038909552400000005,79,244,1,1.9918367346938775,0.295444145718667,0.7169955260249552,0.03139875103455503,2.461310159237449,0.08749311852270569,0.6666666666666666,0.4864864864864865,0,0,0.0
V16_allz,P2_re300_sl10,P组合,2,,,,300,2,0.1,,,,,,0.3825291923599978,0.39729010232827955,1.2561728764042357,-0.25100886643625797,0.3680616306161735,0.7076892386703668,1.1666500273413665,0.581081081081081,6.594594594594595,1.210825170470653,18.679907929820615,-12.290386502412144,35.84534,0.0365622468,74,244,1,1.9918367346938775,0.186897522435879,0.49331794152651254,-0.07418965920496601,1.2855476743996959,-0.25283149513873293,0.6341463414634146,0.5151515151515151,0,1,0.0
V16_allz,Q1_re300_tp20,Q组合,1,,,,300,2,,0.2,,,,,0.6476825257233696,0.674881723822901,1.6971350713217925,-0.19387657536814795,0.5540875562227913,0.8902393604079455,2.2352356963618445,0.6363636363636364,7.393939393939394,1.481957654663102,12.728024047081089,-10.478440676278245,32.41124,0.0330594648,33,244,1,0.9959183673469387,0.2463544456667626,0.277219419114499,0.29005439556009294,0.24564633243432854,0.517476759807022,0.6111111111111112,0.6666666666666666,0,1,0.0
V16_allz,Q1_re300_tp40,Q组合,1,,,,300,2,,0.4,,,,,0.6476825257233696,0.674881723822901,1.6971350713217925,-0.19387657536814795,0.5540875562227913,0.8902393604079455,2.2352356963618445,0.6363636363636364,7.393939393939394,1.481957654663102,12.728024047081089,-10.478440676278245,32.41124,0.0330594648,33,244,1,0.9959183673469387,0.2463544456667626,0.277219419114499,0.29005439556009294,0.24564633243432854,0.517476759807022,0.6111111111111112,0.6666666666666666,0,1,0.0
V12_allz,T2_re400,T细化,2,,,,400,2,,,,,,,0.20568287434846932,0.21309963557031608,0.8321248243953668,-0.22815508556804065,0.2242714745936769,0.3259197761110819,0.8777718965982771,0.5652173913043478,10.608695652173912,0.6208264251201467,12.219997625792134,-16.764307946600542,22.20786,0.0226520172,46,244,1,1.9918367346938775,0.14666513975987377,0.23723605689097838,-0.025502960705653832,0.47386103865422524,-0.10037666962024328,0.6538461538461539,0.45,0,0,0.0
V12_allz,T2_re300_mh3,T细化,2,,,,300,3,,,,,,,-0.03325289199981152,-0.03432422523441159,0.03747471300508695,-0.2729511683289171,0.011066338744833981,-0.16426783304919035,-0.24958455395264276,0.4716981132075472,9.20754716981132,-0.44533012143802564,15.464913378576938,-11.2286486576613,24.49352,0.0249849904,53,244,1,1.9918367346938775,0.040739872989919636,-0.028180040219336733,-0.005219950186679201,-0.14886674557929214,-0.018094801712783326,0.4444444444444444,0.5,0,0,0.0
V12_allz,T2_re300_mh5,T细化,2,,,,300,5,,,,,,,0.15253882224594917,0.15791600528656757,0.6596374347796188,-0.2437110743486246,0.18030655153413933,0.18833007445965166,0.6124750620351628,0.5098039215686274,9.549019607843137,0.31676580842905366,22.718180229662053,-16.781660929791254,24.37088,0.024885697600000003,51,244,1,1.9877551020408164,0.09615662072204877,0.18106726891338765,-0.024154802540321207,0.3096508422625641,-0.09263596363845916,0.5185185185185185,0.5,1,0,0.0
V12_allz,T2_re300_mh8,T细化,2,,,,300,8,,,,,,,0.1286271488983166,0.1331136203094181,0.5574084984229798,-0.24320734919556486,0.16743528667418994,0.09606346911903851,0.43325448433516905,0.4878048780487805,11.878048780487806,-0.44533012143802564,24.805045497859133,-18.887841976735142,19.78506,0.0201807612,41,244,1,1.9877551020408164,0.11544850969569877,0.1526800725741102,-0.020866955409473587,0.15587464600278622,-0.051745383541879075,0.5454545454545454,0.42105263157894735,0,0,0.0
V12_allz,U2_re300_h10,U持有上限,2,10,,,300,2,,,,,,,0.041519189779400056,0.04290927806149214,0.28929374205491715,-0.2260753422972458,0.08011843027611987,-0.06828898892205004,0.0690125360551555,0.527027027027027,6.594594594594595,0.3458079415903481,15.464913378576938,-14.154883681277063,35.29062,0.0360581924,74,244,1,1.9918367346938775,0.07916927982215599,0.12046481298675382,-0.07045792272308282,0.16442573441598451,-0.19985364155040097,0.5789473684210527,0.4722222222222222,2,0,0.0
V12_allz,U2_re300_h20,U持有上限,2,20,,,300,2,,,,,,,-0.09123968624840684,-0.09408586396904084,-0.19970519244290957,-0.3543835518936792,-0.05558548916846007,-0.3127489985538856,-0.5157507099791859,0.4482758620689655,8.413793103448276,-0.5920848905112297,22.718180229662053,-18.88784197673513,27.5489,0.028132988,58,244,1,1.9918367346938775,0.08859901941784527,0.1481503731604359,-0.20850061542887421,0.2527680563435153,-0.45141401238150136,0.5,0.38461538461538464,1,0,0.0
V12_allz,U2_re300_h30,U持有上限,2,30,,,300,2,,,,,,,0.011828151434294165,0.012218319422147239,0.18892414711577327,-0.3343550276163495,0.054425359860379774,-0.11432666769568456,0.002691927588426625,0.4827586206896552,8.413793103448276,-0.10197348689340857,22.718180229662053,-18.887841976735142,27.8697,0.028427094000000003,58,244,1,1.9918367346938775,0.09055393572724005,0.1481503731604359,-0.11873202753999612,0.2527680563435153,-0.2930268872840265,0.5,0.46153846153846156,1,0,0.0
V12_allz,V2_re300_q0.2,V择时,2,,,,300,2,,,,,,0.2,0.2012627631355648,0.20850679723741194,0.8265564544355513,-0.29211538896151534,0.21965933259822212,0.25838708142954503,0.7231417802030136,0.5483870967741935,7.580645161290323,0.4111498814649339,22.718180229662053,-18.887841976735142,30.07002,0.030671420400000007,62,244,2,1.9183673469387754,0.1855851017481518,0.18355087291438088,0.014965043435410719,0.34733163940147826,-0.06601534126478703,0.5882352941176471,0.5,1,0,0.0
V14_allz,R2_re300_tr15,R组合,2,,,,300,2,,,0.15,,,,0.1593531850660761,0.1649873087263023,0.6755841497165401,-0.25450484820748087,0.18759941258267854,0.21057393759523713,0.6322902193361342,0.5223880597014925,7.2835820895522385,0.31749787013419795,25.48755765472359,-20.765808852426026,32.2077,0.032855354,67,244,1,1.9918367346938775,0.12377510028963726,0.2654024279699576,-0.08380673259337312,0.4531109689070085,-0.16690881598271912,0.6060606060606061,0.4411764705882353,0,0,0.0
V14_allz,R2_re300_tr20,R组合,2,,,,300,2,,,0.2,,,,0.23504567565572043,0.24362378629571158,0.9076412398289282,-0.19586021088060313,0.2503697072877431,0.4094795439109209,0.9077122558276974,0.5428571428571428,6.9714285714285715,0.5565609952198236,25.48755765472359,-20.765808852426026,33.51634,0.034190166800000005,70,244,1,1.9918367346938775,0.148450885775976,0.2654024279699576,-0.023989800907002867,0.4085089905329973,0.0006890643825829823,0.6060606060606061,0.4864864864864865,0,0,0.0
V14_allz,S1_re300_sl8_tp40,S组合,1,,,,300,2,0.08,0.4,,,,,0.42333174121684825,0.439900773973279,1.2793214899292935,-0.15889032522471425,0.4046447410084919,0.41168269284372827,1.0436245011513958,0.6046511627906976,5.674418604651163,0.891682969730101,12.065790021645096,-13.774889117064859,41.99312,0.042832982400000004,43,244,1,0.9959183673469387,0.210153379349975,0.4345437246905566,-0.00781571400071912,0.39476374637483014,0.012130331400477923,0.6111111111111112,0.6,0,0,0.0
V14_allz,S1_re300_sl8_tr15,S组合,1,,,,300,2,0.08,,0.15,,,,0.42333174121684825,0.439900773973279,1.2793214899292935,-0.15889032522471425,0.4046447410084919,0.41168269284372827,1.0436245011513958,0.6046511627906976,5.674418604651163,0.891682969730101,12.065790021645096,-13.774889117064859,41.99312,0.042832982400000004,43,244,1,0.9959183673469387,0.210153379349975,0.4345437246905566,-0.00781571400071912,0.39476374637483014,0.012130331400477923,0.6111111111111112,0.6,0,0,0.0
V14_allz,S2_re300_sl8_tp40,S组合,2,,,,300,2,0.08,0.4,,,,,0.16881065759895342,0.17480363895875972,0.6961838906047577,-0.19369236790614341,0.19753569545814487,0.20470903902535675,0.6149650794891249,0.5555555555555556,6.0246913580246915,0.5796674682764236,25.48755765472359,-13.774889117064859,38.85324,0.039633804800000005,81,244,1,1.9918367346938775,0.16572416706327023,0.29951329233181667,-0.10057814375898666,0.657776950643614,-0.27329847446748456,0.6388888888888888,0.4888888888888889,0,0,0.0
V14_allz,S2_re300_sl8_tr15,S组合,2,,,,300,2,0.08,,0.15,,,,0.16881065759895342,0.17480363895875972,0.6961838906047577,-0.19369236790614341,0.19753569545814487,0.20470903902535675,0.6149650794891249,0.5555555555555556,6.0246913580246915,0.5796674682764236,25.48755765472359,-13.774889117064859,38.85324,0.039633804800000005,81,244,1,1.9918367346938775,0.16572416706327023,0.29951329233181667,-0.10057814375898666,0.657776950643614,-0.27329847446748456,0.6388888888888888,0.4888888888888889,0,0,0.0
V14_allz,T2_re150,T细化,2,,,,150,2,,,,,,,0.0760437982368194,0.0786326289061563,0.4027823951341437,-0.21058033874361792,0.1161481057760887,0.07054144339622814,0.3814338925988548,0.5106382978723404,5.191489361702128,0.11399742789280909,12.065790021645096,-11.05500805084796,44.89542,0.04579682840000001,94,244,1,1.9918367346938775,0.09825842221568616,0.20668217695152302,-0.10826245817663416,0.43247057928214105,-0.25266078139439874,0.52,0.5,0,0,0.0
V14_allz,T2_re250,T细化,2,,,,250,2,,,,,,,0.2484416204951161,0.2575575041721161,0.9757329546967358,-0.1856981119531722,0.25793194802008224,0.44395872764169186,0.9561080221825023,0.5352112676056338,6.873239436619718,0.31749787013419795,25.48755765472359,-16.405775268532107,34.13394,0.03482011880000001,71,244,1,1.9918367346938775,0.1563070944814408,0.21130601885618083,0.0306574895698124,0.21342031819443985,0.18999056303119377,0.5405405405405406,0.5294117647058824,0,0,0.0
V10_allz,S2_re300_sl8_tp40,S组合,2,,,,300,2,0.08,0.4,,,,,0.4724027060325928,0.49119924806174886,1.8999355236297255,-0.10328366335811923,0.4111425637869993,1.2334376293089142,1.938333837386227,0.7027027027027027,6.594594594594595,1.882740968618224,22.941254961585145,-11.02031230664452,35.77116,0.0364865832,74,244,1,1.9918367346938775,0.22221408850291077,0.39872985864927113,0.05267124808107426,1.01987898986898,0.10572843250069486,0.75,0.6578947368421053,1,0,0.0
V10_allz,S2_re300_sl8_tr15,S组合,2,,,,300,2,0.08,,0.15,,,,0.4724027060325928,0.49119924806174886,1.8999355236297255,-0.10328366335811923,0.4111425637869993,1.2334376293089142,1.938333837386227,0.7027027027027027,6.594594594594595,1.882740968618224,22.941254961585145,-11.02031230664452,35.77116,0.0364865832,74,244,1,1.9918367346938775,0.22221408850291077,0.39872985864927113,0.05267124808107426,1.01987898986898,0.10572843250069486,0.75,0.6578947368421053,1,0,0.0
V10_allz,T2_re150,T细化,2,,,,150,2,,,,,,,0.24375385768485547,0.2526809933583223,1.0576845748416503,-0.14926704047599426,0.24609523734959338,0.39908231942579797,0.9396586209435939,0.5813953488372093,5.674418604651163,0.7977715596027224,22.941254961585145,-15.502170581415864,41.47398,0.042318199599999995,86,244,1,1.9918367346938775,0.16413102658715892,0.27311306691463555,-0.023060959778640644,0.5654014025192855,-0.10624692352122711,0.6136363636363636,0.5476190476190477,1,0,0.0
V10_allz,T2_re250,T细化,2,,,,250,2,,,,,,,0.46367153505851233,0.4820675829747827,1.8536585296257595,-0.20012565195383025,0.4057235531580007,1.2453961562485034,2.057878517864616,0.6911764705882353,7.176470588235294,1.8081957026717443,22.941254961585145,-17.422031675273185,32.88662,0.0335443524,68,244,1,1.9918367346938775,0.23563403676052586,0.42763247988421793,0.025243930550822524,1.1607482835608889,0.03917525855816817,0.8095238095238095,0.5,1,0,0.0
V10_allz,T2_re400,T细化,2,,,,400,2,,,,,,,0.25983267467595916,0.2694097052790583,1.039790474566616,-0.13369638225899894,0.26414397018837543,0.5488992112757456,1.5456808107330893,0.58,9.76,0.9752783578302449,10.958431048994854,-14.79113676058259,24.19792,0.024681878400000006,50,244,1,1.9918367346938775,0.11111460753496699,0.10977350609723757,0.13521603079752476,0.20927714980195633,0.28084716686278965,0.6,0.56,0,0,0.0
V10_allz,T2_re300_mh3,T细化,2,,,,300,3,,,,,,,0.3141100786024682,0.32593218197545215,1.2924819017143283,-0.1864005936644667,0.3010210251881398,0.6686439933773847,1.3844613174367717,0.6181818181818182,8.872727272727273,1.435142238171827,22.941254961585145,-17.422031675273185,26.4099,0.026938098000000004,55,244,1,1.9918367346938775,0.2077990636769662,0.36357913088911276,-0.036278827657320156,0.915149383515125,-0.12871340077153504,0.71875,0.4782608695652174,1,0,0.0
V10_allz,T2_re300_mh5,T细化,2,,,,300,5,,,,,,,0.15250251805786408,0.15787833588571765,0.6715403557433381,-0.24620557197855086,0.1777733982780655,0.24391016624919648,0.786000838700045,0.6304347826086957,10.608695652173912,1.3836110634544707,11.479947694054427,-17.422031675273185,22.10422,0.022546304400000005,46,244,1,1.9918367346938775,0.09386648196191043,0.17092344093499245,-0.015731961828707397,0.32651490928122384,-0.06227200497639884,0.6428571428571429,0.6111111111111112,0,0,0.0
V10_allz,T2_re300_mh8,T细化,2,,,,300,8,,,,,,,0.3454238389993647,0.3585762169689275,1.317074382022388,-0.20572138439051235,0.3287106450624321,0.6952490653147867,1.3289131840186599,0.6341463414634146,11.902439024390244,1.8762032069530976,21.104634007279333,-17.96225356135075,19.81814,0.0202145028,41,244,1,1.9918367346938775,0.1621051742568111,0.21235378849083975,0.10976173108195764,0.17664209752952176,0.4407516685610118,0.6363636363636364,0.631578947368421,0,0,0.0
V15_allz,P2_re300_sl8,P组合,2,,,,300,2,0.08,,,,,,-0.011869745383852437,-0.012256522767774558,0.1547378944957191,-0.29146878808404364,0.05619872523358482,-0.27971719214119506,-0.10276961429137944,0.46296296296296297,9.037037037037036,-0.593342064344593,18.745585164250734,-14.549084290107695,25.15296,0.025706549200000005,54,244,1,1.9918367346938775,0.09395020811854536,0.2205681886096762,-0.19043420610387507,0.21508069840160782,-0.4072140156564832,0.48,0.4482758620689655,0,0,0.0
V15_allz,P2_re300_sl10,P组合,2,,,,300,2,0.1,,,,,,-0.11890405907769441,-0.1225534262077781,-0.12421554690590451,-0.38302015175279225,-0.048402356486145104,-0.4376911504332949,-0.5339034605500507,0.45098039215686275,9.568627450980392,-0.528362483587641,18.745585164250734,-15.760621721546485,23.45498,0.0240633196,51,244,1,1.9918367346938775,0.07987957691905802,0.20416043119880034,-0.26829023932871443,-0.036597527850088296,-0.41633028166113517,0.45454545454545453,0.4482758620689655,1,0,0.0
V15_allz,Q1_re300_tp20,Q组合,1,,,,300,2,,0.2,,,,,0.4699094880759245,0.488591485973193,1.0333767466810877,-0.22566887036876104,0.5107186589528979,0.48838435904598754,1.1532621012533149,0.5909090909090909,11.090909090909092,2.695259445292264,18.19908302663993,-11.191527177723703,20.86854,0.021285910800000002,22,244,1,0.9959183673469387,0.1078701052507061,0.18858414217036867,0.23668946599931107,0.12940444369596937,0.31784886039164073,0.6,0.5833333333333334,0,0,0.0
V15_allz,Q1_re300_tp40,Q组合,1,,,,300,2,,0.4,,,,,0.4699094880759245,0.488591485973193,1.0333767466810877,-0.22566887036876104,0.5107186589528979,0.48838435904598754,1.1532621012533149,0.5909090909090909,11.090909090909092,2.695259445292264,18.19908302663993,-11.191527177723703,20.86854,0.021285910800000002,22,244,1,0.9959183673469387,0.1078701052507061,0.18858414217036867,0.23668946599931107,0.12940444369596937,0.31784886039164073,0.6,0.5833333333333334,0,0,0.0
V15_allz,Q1_re300_tp60,Q组合,1,,,,300,2,,0.6,,,,,0.4699094880759245,0.488591485973193,1.0333767466810877,-0.22566887036876104,0.5107186589528979,0.48838435904598754,1.1532621012533149,0.5909090909090909,11.090909090909092,2.695259445292264,18.19908302663993,-11.191527177723703,20.86854,0.021285910800000002,22,244,1,0.9959183673469387,0.1078701052507061,0.18858414217036867,0.23668946599931107,0.12940444369596937,0.31784886039164073,0.6,0.5833333333333334,0,0,0.0
V15_allz,Q2_re300_tp20,Q组合,2,,,,300,2,,0.2,,,,,0.5822634574596111,0.6062477384713636,1.6444934963402955,-0.16997362546395556,0.508459788627389,1.3560492645958404,1.5994329048822629,0.6136363636363636,11.090909090909092,3.203303643728761,18.59189574140043,-36.21083711037186,20.79534,0.021233846799999997,44,244,1,1.9918367346938775,0.22511388751131167,0.3064124212264061,0.21115157185527034,0.6959523661042855,0.38921900855496294,0.65,0.5833333333333334,0,0,0.0
V15_allz,Q2_re300_tp40,Q组合,2,,,,300,2,,0.4,,,,,0.5822634574596111,0.6062477384713636,1.6444934963402955,-0.16997362546395556,0.508459788627389,1.3560492645958404,1.5994329048822629,0.6136363636363636,11.090909090909092,3.203303643728761,18.59189574140043,-36.21083711037186,20.79534,0.021233846799999997,44,244,1,1.9918367346938775,0.22511388751131167,0.3064124212264061,0.21115157185527034,0.6959523661042855,0.38921900855496294,0.65,0.5833333333333334,0,0,0.0
V15_allz,Q2_re300_tp60,Q组合,2,,,,300,2,,0.6,,,,,0.5822634574596111,0.6062477384713636,1.6444934963402955,-0.16997362546395556,0.508459788627389,1.3560492645958404,1.5994329048822629,0.6136363636363636,11.090909090909092,3.203303643728761,18.59189574140043,-36.21083711037186,20.79534,0.021233846799999997,44,244,1,1.9918367346938775,0.22511388751131167,0.3064124212264061,0.21115157185527034,0.6959523661042855,0.38921900855496294,0.65,0.5833333333333334,0,0,0.0
V16_allz,Q1_re300_tp60,Q组合,1,,,,300,2,,0.6,,,,,0.6476825257233696,0.674881723822901,1.6971350713217925,-0.19387657536814795,0.5540875562227913,0.8902393604079455,2.2352356963618445,0.6363636363636364,7.393939393939394,1.481957654663102,12.728024047081089,-10.478440676278245,32.41124,0.0330594648,33,244,1,0.9959183673469387,0.2463544456667626,0.277219419114499,0.29005439556009294,0.24564633243432854,0.517476759807022,0.6111111111111112,0.6666666666666666,0,1,0.0
V16_allz,Q2_re300_tp20,Q组合,2,,,,300,2,,0.2,,,,,0.8131637385781629,0.8488870054734166,2.4250832400594224,-0.1405215010619506,0.6303799353520901,3.375601085541976,2.9066033504830115,0.64,6.506666666666667,1.9019598334277132,18.679907929820615,-12.19365306578103,36.2525,0.03697755,75,244,1,1.9918367346938775,0.23686197396120834,0.4712759582283792,0.23237502008899957,1.2225268755582985,0.9687505845988145,0.65,0.6285714285714286,0,1,0.0
V16_allz,Q2_re300_tp40,Q组合,2,,,,300,2,,0.4,,,,,0.8131637385781629,0.8488870054734166,2.4250832400594224,-0.1405215010619506,0.6303799353520901,3.375601085541976,2.9066033504830115,0.64,6.506666666666667,1.9019598334277132,18.679907929820615,-12.19365306578103,36.2525,0.03697755,75,244,1,1.9918367346938775,0.23686197396120834,0.4712759582283792,0.23237502008899957,1.2225268755582985,0.9687505845988145,0.65,0.6285714285714286,0,1,0.0
V16_allz,Q2_re300_tp60,Q组合,2,,,,300,2,,0.6,,,,,0.8131637385781629,0.8488870054734166,2.4250832400594224,-0.1405215010619506,0.6303799353520901,3.375601085541976,2.9066033504830115,0.64,6.506666666666667,1.9019598334277132,18.679907929820615,-12.19365306578103,36.2525,0.03697755,75,244,1,1.9918367346938775,0.23686197396120834,0.4712759582283792,0.23237502008899957,1.2225268755582985,0.9687505845988145,0.65,0.6285714285714286,0,1,0.0
V16_allz,R1_re300_tr10,R组合,1,,,,300,2,,,0.1,,,,0.8742357029271597,0.9132391653076504,2.141143101228355,-0.141635131211577,0.6800907218565388,1.2671877589756142,2.082315992915864,0.5897435897435898,6.256410256410256,1.6852713266617858,15.268179933081338,-10.876114566102535,38.29572,0.039061634399999996,39,244,1,0.9959183673469387,0.2768667531025921,0.4804631210830701,0.26597932514253864,0.5250433592654686,0.4866382291370368,0.631578947368421,0.55,0,0,0.0
V16_allz,R1_re300_tr15,R组合,1,,,,300,2,,,0.15,,,,0.2570077787989278,0.26647011955375755,0.8332020890752654,-0.34056861646410097,0.29085425412236265,0.20752737205977811,0.6564718695525992,0.5675675675675675,6.594594594594595,1.2962643698652299,15.268179933081338,-16.684430983706466,36.35662,0.037083752399999996,37,244,1,0.9959183673469387,0.1983792500210909,0.277219419114499,-0.01582472049288519,0.24564633243432854,-0.03060175218439054,0.6111111111111112,0.5263157894736842,0,0,0.0
V16_allz,R1_re300_tr20,R组合,1,,,,300,2,,,0.2,,,,0.6476825257233696,0.674881723822901,1.6971350713217925,-0.19387657536814795,0.5540875562227913,0.8902393604079455,2.2352356963618445,0.6363636363636364,7.393939393939394,1.481957654663102,12.728024047081089,-10.478440676278245,32.41124,0.0330594648,33,244,1,0.9959183673469387,0.2463544456667626,0.277219419114499,0.29005439556009294,0.24564633243432854,0.517476759807022,0.6111111111111112,0.6666666666666666,0,1,0.0
V16_allz,R2_re300_tr10,R组合,2,,,,300,2,,,0.1,,,,0.5790776094468622,0.6029076716610968,1.743259875462614,-0.16118657295091932,0.49914248434556063,1.6205553087300077,1.8010133304418459,0.5714285714285714,6.337662337662338,1.6069838935893754,19.218721629060287,-11.933216890235753,37.21466,0.037958953200000006,77,244,1,1.9918367346938775,0.20445193050599378,0.49331794152651254,0.0574289409746751,1.2855476743996959,0.14657652434150248,0.6341463414634146,0.5,0,0,0.0
V13_allz,P2_re300_sl8,P组合,2,,,,300,2,0.08,,,,,,0.37156492016865705,0.38584693669108994,1.2788509116710052,-0.2483394218340187,0.3560570976680527,0.7395499108886583,1.2322553284569444,0.5616438356164384,6.671232876712328,1.613649093981273,19.01586289319166,-11.519064626116771,35.16682,0.035876656400000005,73,244,1,1.9877551020408164,0.16924716415453434,0.25209885518540665,0.09541264612494138,0.68536218544842,0.032151976535429005,0.6470588235294118,0.48717948717948717,0,0,0.0
V13_allz,P2_re300_sl10,P组合,2,,,,300,2,0.1,,,,,,0.29641930334674194,0.30750109830517913,1.0519390448834187,-0.2323753456359856,0.30218154597156566,0.467481359580592,0.9497078565870243,0.5846153846153846,7.492307692307692,1.613649093981273,19.01586289319166,-13.533060843433054,31.46718,0.0320965236,65,244,1,1.9877551020408164,0.1393772986394185,0.25209885518540665,0.03539692411488771,0.68536218544842,-0.12927834013901074,0.6470588235294118,0.5161290322580645,0,0,0.0
V13_allz,Q1_re300_tp20,Q组合,1,,,,300,2,,0.2,,,,,-0.25900565117108887,-0.2662526736088685,-0.39626493282552877,-0.3389427737541688,-0.1862209859495677,-0.27539725002654203,-0.5818012268997509,0.43333333333333335,8.133333333333333,-1.0053033347871054,13.370174188333483,-17.937431733143193,26.80652,0.027342650399999995,30,244,1,0.9959183673469387,0.0273232407220075,-0.03246115734274435,-0.23414511525569404,0.027755816418243873,-0.2949660431028087,0.5333333333333333,0.3333333333333333,0,0,0.0
V13_allz,Q1_re300_tp40,Q组合,1,,,,300,2,,0.4,,,,,-0.25900565117108887,-0.2662526736088685,-0.39626493282552877,-0.3389427737541688,-0.1862209859495677,-0.27539725002654203,-0.5818012268997509,0.43333333333333335,8.133333333333333,-1.0053033347871054,13.370174188333483,-17.937431733143193,26.80652,0.027342650399999995,30,244,1,0.9959183673469387,0.0273232407220075,-0.03246115734274435,-0.23414511525569404,0.027755816418243873,-0.2949660431028087,0.5333333333333333,0.3333333333333333,0,0,0.0
V13_allz,Q1_re300_tp60,Q组合,1,,,,300,2,,0.6,,,,,-0.25900565117108887,-0.2662526736088685,-0.39626493282552877,-0.3389427737541688,-0.1862209859495677,-0.27539725002654203,-0.5818012268997509,0.43333333333333335,8.133333333333333,-1.0053033347871054,13.370174188333483,-17.937431733143193,26.80652,0.027342650399999995,30,244,1,0.9959183673469387,0.0273232407220075,-0.03246115734274435,-0.23414511525569404,0.027755816418243873,-0.2949660431028087,0.5333333333333333,0.3333333333333333,0,0,0.0
V13_allz,Q2_re300_tp20,Q组合,2,,,,300,2,,0.2,,,,,0.15250958310439056,0.15788566660905778,0.6260127775160292,-0.21655375590869608,0.1889805284057039,0.14661535625732247,0.536155486947645,0.5245901639344263,7.983606557377049,0.3177914120215286,19.01586289319166,-18.356612946162997,29.3936,0.029981472,61,244,1,1.9877551020408164,0.12194314508479792,0.14626170382945514,0.005450656908505547,0.3230517897702385,-0.13335565159059692,0.5625,0.4827586206896552,0,0,0.0
V13_allz,Q2_re300_tp40,Q组合,2,,,,300,2,,0.4,,,,,0.15250958310439056,0.15788566660905778,0.6260127775160292,-0.21655375590869608,0.1889805284057039,0.14661535625732247,0.536155486947645,0.5245901639344263,7.983606557377049,0.3177914120215286,19.01586289319166,-18.356612946162997,29.3936,0.029981472,61,244,1,1.9877551020408164,0.12194314508479792,0.14626170382945514,0.005450656908505547,0.3230517897702385,-0.13335565159059692,0.5625,0.4827586206896552,0,0,0.0
V13_allz,Q2_re300_tp60,Q组合,2,,,,300,2,,0.6,,,,,0.15250958310439056,0.15788566660905778,0.6260127775160292,-0.21655375590869608,0.1889805284057039,0.14661535625732247,0.536155486947645,0.5245901639344263,7.983606557377049,0.3177914120215286,19.01586289319166,-18.356612946162997,29.3936,0.029981472,61,244,1,1.9877551020408164,0.12194314508479792,0.14626170382945514,0.005450656908505547,0.3230517897702385,-0.13335565159059692,0.5625,0.4827586206896552,0,0,0.0
V15_allz,R1_re300_tr10,R组合,1,,,,300,2,,,0.1,,,,0.3023424171138518,0.3136711647553527,0.8211749283723347,-0.2830262051631207,0.3669030708613692,0.22938787491715829,0.6667354145994769,0.5483870967741935,7.870967741935484,2.2911899596022467,18.59533358061598,-14.549084290107695,28.81498,0.029391279600000007,31,244,1,0.9959183673469387,0.11891169430908666,0.04111846069098957,0.2509070449576778,0.11447532398303628,0.1031091029664386,0.5333333333333333,0.5625,0,0,0.0
V15_allz,R1_re300_tr15,R组合,1,,,,300,2,,,0.15,,,,-0.4685921681398293,-0.4794941817359877,-0.9253737435761183,-0.49849391793286857,-0.4879175467726894,-0.5008228661660883,-1.468306655691233,0.35,12.15,-3.4538965048295065,19.681800937561,-18.117854910422516,16.12104,0.016443460800000004,20,244,2,0.9918367346938776,0.03479694598204379,-0.07993558431848247,-0.42242323167498885,-0.13348368552583534,-0.42392644489696474,0.45454545454545453,0.2222222222222222,0,0,0.0
V15_allz,R1_re300_tr20,R组合,1,,,,300,2,,,0.2,,,,0.23071137876030212,0.23911654968579277,0.6839950463944078,-0.23527523538601403,0.32083465540252776,0.1856064348216402,0.631460563353976,0.5454545454545454,11.090909090909092,1.3752370272547498,17.825696146069703,-11.191527177723703,20.88198,0.0212996196,22,244,1,0.9959183673469387,0.08545162001202009,0.18858414217036867,0.03544320935748502,0.12940444369596937,0.04976250221023615,0.6,0.5,0,0,0.0
V15_allz,R2_re300_tr10,R组合,2,,,,300,2,,,0.1,,,,0.36765745094443036,0.38176952207175896,1.1117867126026975,-0.2861914608726548,0.3704992850111041,0.43310482070913703,0.8549778699887677,0.5172413793103449,8.413793103448276,0.30470845925881784,28.53135854580724,-18.74012059337623,27.43122,0.028006604400000003,58,244,1,1.9918367346938775,0.2104857567984965,0.3240416710085985,0.03294139519234851,0.6699232154227539,-0.14181394241750434,0.5769230769230769,0.46875,1,0,0.0
V15_allz,R2_re300_tr15,R组合,2,,,,300,2,,,0.15,,,,-0.01138065636432184,-0.011751591663956007,0.1633677712337036,-0.2996041339902915,0.0611906754848216,-0.2575061242137412,-0.14650926006132284,0.5238095238095238,11.595238095238095,0.9072921966907677,19.681800937560958,-19.11406469112781,19.88552,0.020293990399999996,42,244,1,1.9877551020408164,0.11671110208147753,0.2094805964217048,-0.18260834728515118,0.2956160799572882,-0.4269182921759229,0.5714285714285714,0.47619047619047616,0,0,0.0
V15_allz,R2_re300_tr20,R组合,2,,,,300,2,,,0.2,,,,0.1711924343944773,0.17727620211052741,0.6590316435633329,-0.2638062108327869,0.210934858125172,0.05532213769769845,0.43659144695742613,0.5217391304347826,10.608695652173912,1.2601048963436834,17.825696146069703,-21.246475916261787,21.75504,0.022231500800000005,46,244,1,1.9918367346938775,0.1900262072246492,0.2986912525432974,-0.09817484941022991,0.6627812561736861,-0.36532713862426125,0.65,0.4230769230769231,1,0,0.0
V15_allz,S1_re300_sl8_tp40,S组合,1,,,,300,2,0.08,0.4,,,,,-0.3249334982409966,-0.33357487351404536,-0.48809375639437064,-0.41769625080094464,-0.25321453838722074,-0.3632810026702613,-0.6747557423408534,0.45161290322580644,7.870967741935484,-0.5543445581976503,16.354335198968826,-14.549084290107695,23.4493,0.023918286000000004,31,244,1,0.9959183673469387,0.03653143118685823,-0.1263778946657741,-0.2272785937568056,-0.2853196044828502,-0.10908568176268152,0.35714285714285715,0.5294117647058824,0,0,0.0
V15_allz,S1_re300_sl8_tr15,S组合,1,,,,300,2,0.08,,0.15,,,,-0.28658234242781233,-0.2944375558653911,-0.3867158205874396,-0.41821012147884296,-0.1995716974148436,-0.3291614493334949,-0.5836322329547677,0.4375,7.625,-0.5413535208926512,16.354335198968826,-15.759441006876674,24.97084,0.025470256799999997,32,244,1,0.9959183673469387,0.02805207521499348,-0.11895677946517413,-0.19025804756874753,-0.2509097123205948,-0.10446235694139727,0.3333333333333333,0.5294117647058824,0,0,0.0
V13_allz,U2_re300_h10,U持有上限,2,10,,,300,2,,,,,,,0.3940435217187608,0.4093105534652417,1.3155925520531273,-0.1582596094029255,0.3738719822560945,0.8663350938830539,1.3529427065247008,0.5454545454545454,6.337662337662338,0.9503844789828131,19.01586289319166,-18.186008839067014,37.30696,0.0380530992,77,244,1,1.9918367346938775,0.19704465925717615,0.32600807256969433,0.051308472818886175,0.9638130784844059,-0.049637099207314184,0.6097560975609756,0.4722222222222222,0,0,0.0
V13_allz,U2_re300_h20,U持有上限,2,20,,,300,2,,,,,,,0.4554425245964919,0.47346274676649314,1.4630128405799774,-0.18664272289702433,0.41736573774095476,0.9890943308435549,1.3925767886853493,0.5757575757575758,7.378787878787879,1.9262593782935045,19.71269451924482,-26.716214193865895,31.83932,0.0324761064,66,244,1,1.9877551020408164,0.21354578270141258,0.3624967501180658,0.06821724490012326,1.0041970711678396,-0.007535556528622145,0.6176470588235294,0.53125,0,0,0.0
V13_allz,U2_re300_h30,U持有上限,2,30,,,300,2,,,,,,,0.15321520291919666,0.15861782825208093,0.6265599240687157,-0.21655375590869608,0.19004719532262093,0.145443503108319,0.5353791087411861,0.532258064516129,7.854838709677419,0.41533210757709327,19.01586289319166,-19.380237588738847,29.88552,0.0304832304,62,244,1,1.9877551020408164,0.11711924588356158,0.14626170382945514,0.00606624042878634,0.3230517897702385,-0.1342413713772781,0.5625,0.5,0,0,0.0
V13_allz,V2_re300_q0.2,V择时,2,,,,300,2,,,,,,0.2,0.3145118200143229,0.32635083001103693,1.158637401373843,-0.1649324025040655,0.31053200722498076,0.591116077160394,1.1242231341450293,0.6,9.42,0.839929034201381,19.71269451924482,-18.356612946162997,24.28744,0.024773188800000002,50,244,2,1.9224489795918367,0.20417277374792156,0.27052592728502467,0.03462022441627188,0.42114112594169817,0.11960455447805285,0.6428571428571429,0.5454545454545454,0,0,0.0
V13_allz,V2_re300_q0.4,V择时,2,,,,300,2,,,,,,0.4,0.21083963270179762,0.21845860504270287,0.8334831245161034,-0.19643095929326926,0.23067462447925224,0.3405780968928618,0.8337915511994389,0.5098039215686274,8.843137254901961,0.3177914120215286,19.01586289319166,-11.52943996807727,24.51112,0.025001342399999998,51,244,8,1.8408163265306123,0.1742315403005167,0.10503623387443528,0.09574654258747683,0.2265701626106873,0.09294856320287037,0.5357142857142857,0.4782608695652174,0,0,0.0
V13_allz,W2_h10_tr15,W移动,2,10,,,,,,,0.15,,,,1.4388492836960731,1.5111898741661518,3.385162867594127,-0.19238410009541218,0.931627829283296,6.591867155481072,1.907313372262737,0.46,9.76,-0.5396165922993745,102.55753772639386,-14.991719174291285,24.40412,0.024892202400000004,50,244,1,1.9918367346938775,0.3382636886503833,0.9767730405502921,0.23375280503479035,2.904755975910042,0.9442616138673583,0.5,0.4166666666666667,0,0,0.0
V13_allz,W2_h10_tr20,W移动,2,10,,,,,,,0.2,,,,1.4388492836960731,1.5111898741661518,3.385162867594127,-0.19238410009541218,0.931627829283296,6.591867155481072,1.907313372262737,0.46,9.76,-0.5396165922993745,102.55753772639386,-14.991719174291285,24.40412,0.024892202400000004,50,244,1,1.9918367346938775,0.3382636886503833,0.9767730405502921,0.23375280503479035,2.904755975910042,0.9442616138673583,0.5,0.4166666666666667,0,0,0.0
V13_allz,W2_h10_tr25,W移动,2,10,,,,,,,0.25,,,,1.4388492836960731,1.5111898741661518,3.385162867594127,-0.19238410009541218,0.931627829283296,6.591867155481072,1.907313372262737,0.46,9.76,-0.5396165922993745,102.55753772639386,-14.991719174291285,24.40412,0.024892202400000004,50,244,1,1.9918367346938775,0.3382636886503833,0.9767730405502921,0.23375280503479035,2.904755975910042,0.9442616138673583,0.5,0.4166666666666667,0,0,0.0
V17_allz,W2_h20_tr15,W移动,2,20,,,,,,,0.15,,,,-0.08168341023193015,-0.08424548799644183,-0.06968263853980934,-0.4068015469854329,-0.023968451712800154,-0.3443350531079912,-0.3907513668801005,0.5,16.266666666666666,0.09436172050396596,24.235776659088117,-19.22305242653716,13.54416,0.014001023199999999,30,244,1,1.9918367346938775,0.04983604216594207,0.10811745668627615,-0.17128226414353886,0.08845236801540812,-0.39761723511384073,0.6428571428571429,0.375,0,0,0.0
V17_allz,W2_h20_tr20,W移动,2,20,,,,,,,0.2,,,,-0.3329149206950608,-0.3417108804686767,-0.9736203462191179,-0.4451577056172318,-0.3412287556496699,-0.6259601494589138,-1.2667590117201581,0.37037037037037035,18.074074074074073,-3.6453560049070632,25.629991200482127,-21.65756409643028,11.31396,0.012048229200000002,27,244,1,1.9918367346938775,0.0359050314225612,-0.029040698340583093,-0.31296288303242237,-0.35976746649800817,-0.41577500209941687,0.35714285714285715,0.38461538461538464,0,0,0.0
V17_allz,W2_h20_tr25,W移动,2,20,,,,,,,0.25,,,,-0.34062367432304763,-0.34956590853605995,-0.973253831991691,-0.4712921335814134,-0.34954505199944097,-0.6460942214597098,-1.244776538968043,0.4230769230769231,18.76923076923077,-3.2502431522099418,25.629991200482127,-29.017401312665857,11.13882,0.0117625664,26,244,1,1.9918367346938775,0.029796366751845556,-0.029040698340583093,-0.3209021999685827,-0.35976746649800817,-0.447223063463411,0.35714285714285715,0.5,0,0,0.0
V17_allz,W2_h30_tr15,W移动,2,30,,,,,,,0.15,,,,0.09904259584097819,0.10245091770880621,0.46069718922697583,-0.2518517809690588,0.14686716225932672,0.0024899315651658593,0.2797292578580913,0.6190476190476191,23.238095238095237,2.438996010029504,25.913060969270596,-15.795331196808714,10.10204,0.010304080799999999,21,244,1,1.9918367346938775,0.0850057089798474,0.22227794353723462,-0.10082432424462884,0.09507225300663324,-0.08454448661928315,0.7,0.5454545454545454,0,0,0.0
V17_allz,W2_h30_tr20,W移动,2,30,,,,,,,0.2,,,,-0.4149474332328147,-0.42514020644595674,-1.2886112896588378,-0.5557485977780827,-0.4675472966574875,-0.710763589853241,-1.8399268742839252,0.42857142857142855,23.238095238095237,-0.34459348261335343,18.243425059652818,-22.293000158631525,8.50518,0.009104693599999998,21,244,1,1.9918367346938775,0.0409531450250502,-0.028856934544597257,-0.3975629466160754,-0.38253794438990896,-0.5315721710851118,0.5,0.36363636363636365,1,0,0.0
V17_allz,W2_h30_tr25,W移动,2,30,,,,,,,0.25,,,,-0.13007196374663188,-0.13403732279919267,-0.24842165747929174,-0.35371201073762726,-0.08253750706794838,-0.3440895024938698,-0.8050265456968051,0.4444444444444444,27.11111111111111,-0.6272430274119556,14.180027478569857,-18.681729306776017,8.07194,0.0083547488,18,244,1,1.9918367346938775,0.04627262347713508,-0.007984428584041137,-0.12307018022744176,-0.24731434802673335,-0.12857313569539586,0.5,0.375,1,0,0.0
V17_allz,X_re300_close_overlap,X口径,2,,close_overlap,,300,2,,,,,,,0.14705087156134766,0.15222212339676489,0.6198736321138045,-0.5580399441989575,0.4303603481625321,0.14705087156134744,0.5623408972540715,0.5964912280701754,8.543859649122806,1.5201495945810661,19.832389109417605,-28.280693531309776,27.2242,0.027805964000000002,57,244,1,1.9877551020408164,nan,0.28821257024882696,-0.10957950725493404,0.0897990617105402,0.05253428073331712,0.5925925925925926,0.6,0,0,94922.0
V17_allz,X_re300_close_seq,X口径,2,,close_seq,,300,2,,,,,,,0.6610869576290561,0.6889560463783104,1.823196648738029,-0.1635034328951782,0.5555315652121622,1.821449110897917,1.8502334489096406,0.6271186440677966,7.288135593220339,2.364052013143225,37.74048124159186,-19.96435893555093,28.46706,0.0290364012,59,244,6,1.7551020408163265,0.25257222826368486,0.22143632610109298,0.3599456002191743,0.07502143652569893,1.6245514880302263,0.5714285714285714,0.6774193548387096,0,1,0.0
V11_allz,V2_re300_q0.4,V择时,2,,,,300,2,,,,,,0.4,0.549797784536272,0.5722208866175822,2.1771326686464394,-0.1105705790472522,0.46150147365875804,1.9445854660954116,2.8125452505088018,0.6265060240963856,5.313253012048193,1.3957644420690363,16.3868900935072,-8.844669284632168,40.16926,0.040972645200000005,83,244,11,1.8,0.3292513793506026,0.29696957725458883,0.1949376544489696,0.7901562250536751,0.6448762543096611,0.6086956521739131,0.6486486486486487,1,0,0.0
V11_allz,W2_h10_tr15,W移动,2,10,,,,,,,0.15,,,,0.05675725936674336,0.058671723112298624,0.3516314434066975,-0.2574909038568064,0.08585774330381679,0.011338508209121967,0.2744702599851358,0.56,9.76,0.8470571265583593,19.304745472059604,-18.193784361374334,24.21076,0.024694975200000004,50,244,1,1.9918367346938775,0.1361767888800133,0.25599606796156715,-0.1586301212854755,0.2867783361294094,-0.2140538274438175,0.5769230769230769,0.5416666666666666,0,0,0.0
V11_allz,W2_h10_tr20,W移动,2,10,,,,,,,0.2,,,,0.0781950420545694,0.08085982357698818,0.4246948775497908,-0.2782773060184772,0.10930094651728595,0.05069831025521232,0.35656997301458315,0.56,9.76,0.602022796268542,19.304745472059604,-18.99786484468461,24.25974,0.024744934799999996,50,244,1,1.9918367346938775,0.13768613334010935,0.25599606796156715,-0.14156176953289556,0.2867783361294094,-0.18346596243166324,0.5769230769230769,0.5416666666666666,0,0,0.0
V11_allz,W2_h10_tr25,W移动,2,10,,,,,,,0.25,,,,0.0781950420545694,0.08085982357698818,0.4246948775497908,-0.2782773060184772,0.10930094651728595,0.05069831025521232,0.35656997301458315,0.56,9.76,0.602022796268542,19.304745472059604,-18.99786484468461,24.25974,0.024744934799999996,50,244,1,1.9918367346938775,0.13768613334010935,0.25599606796156715,-0.14156176953289556,0.2867783361294094,-0.18346596243166324,0.5769230769230769,0.5416666666666666,0,0,0.0
V11_allz,W2_h20_tr15,W移动,2,20,,,,,,,0.15,,,,0.011247560411294044,0.011618467051311976,0.18558623527344062,-0.34998799453361007,0.052880152253309776,-0.10172319255386197,0.08504890791872143,0.5555555555555556,18.074074074074073,2.1701630303394115,29.465843404027424,-19.63417018002055,12.81928,0.013100525600000003,27,244,1,1.9918367346938775,0.12328291630370805,0.12092234746844666,-0.09784334062466316,-0.0773158084300285,-0.02645258729566391,0.42857142857142855,0.6923076923076923,0,0,0.0
V11_allz,W2_h20_tr20,W移动,2,20,,,,,,,0.2,,,,-0.0979174887081693,-0.1009601804415804,-0.2019260686788941,-0.3950472425917795,-0.059006697896350824,-0.2851765081778874,-0.34836974887993366,0.5,18.76923076923077,0.30317472141890844,29.465843404027424,-19.805205378139746,12.08838,0.012395367600000002,26,244,1,1.9918367346938775,0.11801954577006234,0.12092234746844666,-0.1952319325873514,-0.06349328451975755,-0.23671290338206485,0.42857142857142855,0.5833333333333334,0,0,0.0
V11_allz,W2_h20_tr25,W移动,2,20,,,,,,,0.25,,,,-0.09739492158102714,-0.10042229524916824,-0.1925291431384015,-0.3982564064432811,-0.05710379878037308,-0.2957640242222035,-0.432981962200372,0.5,18.76923076923077,0.1374748096265921,29.465843404027424,-15.516853717865542,12.19658,0.012470551600000003,26,244,1,1.9918367346938775,0.11466327867504902,0.12092234746844666,-0.19476573871734582,-0.06349328451975755,-0.2480182318642925,0.42857142857142855,0.5833333333333334,0,0,0.0
V11_allz,W2_h30_tr15,W移动,2,30,,,,,,,0.15,,,,0.07939639641406693,0.08210365583756074,0.43189041917327253,-0.22598397220502697,0.10913927485474262,0.05553928366024019,0.34505791140232006,0.47368421052631576,25.68421052631579,-0.4213792592839716,25.054175719085258,-16.23701888141994,9.19452,0.009378410399999999,19,244,1,1.9918367346938775,0.13275835063911695,0.19733852846934674,-0.09850358044191143,0.35310515199903203,-0.21991333629849685,0.5,0.4444444444444444,0,0,0.0
V16_allz,R2_re300_tr15,R组合,2,,,,300,2,,,0.15,,,,0.40067706678435666,0.41623716122693355,1.3305344149030411,-0.22868570078196115,0.3787318798865673,0.8495905316935712,1.3225654434061132,0.6111111111111112,6.777777777777778,1.6461276101255806,18.679907929820615,-16.684430983706466,34.81458,0.0355108716,72,244,1,1.9918367346938775,0.18876465848138993,0.4712759582283792,-0.04798480601085364,1.2225268755582985,-0.1677983505918439,0.65,0.5625,0,1,0.0
V16_allz,R2_re300_tr20,R组合,2,,,,300,2,,,0.2,,,,0.6900013126156825,0.7193280487437972,2.160595237822356,-0.1421962323051258,0.5596488056935416,2.3898260536568974,2.537243865623309,0.6027397260273972,6.684931506849315,1.481957654663102,18.679907929820615,-12.290386502412144,35.3187,0.03602507400000001,73,244,1,1.9918367346938775,0.23431544869873194,0.4712759582283792,0.14866371815840607,1.2225268755582985,0.5252126266438841,0.65,0.5454545454545454,0,1,0.0
V16_allz,S1_re300_sl8_tp40,S组合,1,,,,300,2,0.08,0.4,,,,,1.1960056419959835,1.253380586063245,2.779463077247075,-0.1127748420962631,0.8332054903996305,2.027470557175001,2.397384597052345,0.6,6.1,1.7936155800447606,28.751014619053137,-10.876114566102535,39.3051,0.040091202000000006,40,244,1,0.9959183673469387,0.3837552349312807,0.86329172923635,0.17856243739996192,1.1773673811485534,0.3904270741752456,0.65,0.55,0,0,0.0
V16_allz,S1_re300_sl8_tr15,S组合,1,,,,300,2,0.08,,0.15,,,,1.1960056419959835,1.253380586063245,2.779463077247075,-0.1127748420962631,0.8332054903996305,2.027470557175001,2.397384597052345,0.6,6.1,1.7936155800447606,28.751014619053137,-10.876114566102535,39.3051,0.040091202000000006,40,244,1,0.9959183673469387,0.3837552349312807,0.86329172923635,0.17856243739996192,1.1773673811485534,0.3904270741752456,0.65,0.55,0,0,0.0
V16_allz,S2_re300_sl8_tp40,S组合,2,,,,300,2,0.08,0.4,,,,,0.7709070410740559,0.8044021285635639,2.3381191732232063,-0.17193538409137976,0.6064516920391542,2.7641509792434547,2.22897500790447,0.5822784810126582,6.177215189873418,1.6852713266617858,28.751014619053137,-10.962307694736207,38.14662,0.038909552400000005,79,244,1,1.9918367346938775,0.295444145718667,0.7169955260249552,0.03139875103455503,2.461310159237449,0.08749311852270569,0.6666666666666666,0.4864864864864865,0,0,0.0
V16_allz,S2_re300_sl8_tr15,S组合,2,,,,300,2,0.08,,0.15,,,,0.7709070410740559,0.8044021285635639,2.3381191732232063,-0.17193538409137976,0.6064516920391542,2.7641509792434547,2.22897500790447,0.5822784810126582,6.177215189873418,1.6852713266617858,28.751014619053137,-10.962307694736207,38.14662,0.038909552400000005,79,244,1,1.9918367346938775,0.295444145718667,0.7169955260249552,0.03139875103455503,2.461310159237449,0.08749311852270569,0.6666666666666666,0.4864864864864865,0,0,0.0
V16_allz,T2_re150,T细化,2,,,,150,2,,,,,,,0.692212697800769,0.7216516207122952,2.1598646686430145,-0.1261892734540887,0.5612529594017759,2.3351927112752047,2.3467022906000286,0.638095238095238,4.6380952380952385,1.6007468228576682,17.411721127689272,-16.684430983706466,51.10338,0.052125447599999986,105,244,1,1.9877551020408164,0.296229595304342,0.5623289982429254,0.08313466606836117,1.8114415360871101,0.1862927499879785,0.6896551724137931,0.574468085106383,0,0,0.0
V16_allz,T2_re250,T细化,2,,,,250,2,,,,,,,0.593762214737956,0.6183049524518804,1.8628004087363779,-0.16953446745315714,0.5041078896197699,1.731368365803101,2.035124588193479,0.6351351351351351,6.594594594594595,1.2970290027681242,18.679907929820615,-13.808860319519233,35.99258,0.0367124316,74,244,1,1.9918367346938775,0.20931026478952852,0.4199261700658605,0.12242611505923096,0.8181500226344822,0.5022788723701543,0.6578947368421053,0.6111111111111112,1,0,0.0
V14_allz,Q1_re300_tp60,Q组合,1,,,,300,2,,0.6,,,,,0.17158481751263754,0.17768355755044518,0.6236480436369073,-0.3773441596955499,0.2257482822594995,0.1358042784657092,0.5688926402615823,0.5,7.625,0.10776219162038636,13.268410395667951,-11.351342876462734,31.41752,0.032045870399999996,32,244,1,0.9959183673469387,0.1674598559462425,0.4345437246905566,-0.1833049091861182,0.40524637110330564,-0.19174010919241724,0.6111111111111112,0.35714285714285715,0,0,0.0
V14_allz,Q2_re300_tp20,Q组合,2,,,,300,2,,0.2,,,,,0.14363120181433398,0.1486745845089683,0.6235703340488797,-0.2567309342608258,0.1745942012967603,0.2166645084427281,0.6491662610339226,0.49206349206349204,7.746031746031746,-0.10197348689340302,25.48755765472359,-12.571849598674245,30.2881,0.030897362,63,244,1,1.9918367346938775,0.12740915067201547,0.2654024279699576,-0.09623122531144335,0.5597678737144272,-0.21997078607256715,0.6060606060606061,0.36666666666666664,0,0,0.0
V14_allz,Q2_re300_tp40,Q组合,2,,,,300,2,,0.4,,,,,0.14363120181433398,0.1486745845089683,0.6235703340488797,-0.2567309342608258,0.1745942012967603,0.2166645084427281,0.6491662610339226,0.49206349206349204,7.746031746031746,-0.10197348689340302,25.48755765472359,-12.571849598674245,30.2881,0.030897362,63,244,1,1.9918367346938775,0.12740915067201547,0.2654024279699576,-0.09623122531144335,0.5597678737144272,-0.21997078607256715,0.6060606060606061,0.36666666666666664,0,0,0.0
V14_allz,Q2_re300_tp60,Q组合,2,,,,300,2,,0.6,,,,,0.14363120181433398,0.1486745845089683,0.6235703340488797,-0.2567309342608258,0.1745942012967603,0.2166645084427281,0.6491662610339226,0.49206349206349204,7.746031746031746,-0.10197348689340302,25.48755765472359,-12.571849598674245,30.2881,0.030897362,63,244,1,1.9918367346938775,0.12740915067201547,0.2654024279699576,-0.09623122531144335,0.5597678737144272,-0.21997078607256715,0.6060606060606061,0.36666666666666664,0,0,0.0
V14_allz,R1_re300_tr10,R组合,1,,,,300,2,,,0.1,,,,0.39717029165502615,0.412575326318682,1.2108523853164264,-0.16155788481501676,0.3872088901124655,0.378092466586361,0.9896765607704192,0.5681818181818182,5.545454545454546,0.8873800988271507,12.065790021645096,-13.774889117064859,42.96916,0.04382854319999999,44,244,1,0.9959183673469387,0.20907818638415931,0.4345437246905566,-0.02605248790418868,0.39476374637483014,-0.011952762488843915,0.6111111111111112,0.5384615384615384,0,0,0.0
V14_allz,R1_re300_tr15,R组合,1,,,,300,2,,,0.15,,,,0.19005055428318585,0.19685893252316733,0.6718292066984537,-0.36483424679836096,0.2392987910583334,0.13011849049468327,0.5210514356056783,0.5555555555555556,6.777777777777778,0.4254761961486997,13.268410395667951,-20.765808852426026,35.28102,0.035986640400000006,36,244,1,0.9959183673469387,0.16024714874627863,0.4345437246905566,-0.1704327070686601,0.30915564442561494,-0.1367577298339373,0.6111111111111112,0.5,0,0,0.0
V14_allz,R1_re300_tr20,R组合,1,,,,300,2,,,0.2,,,,0.6707090566704228,0.699061310730329,1.7160753848173778,-0.2111200774531693,0.5702003722276588,0.7888610104688782,1.577340135122945,0.5641025641025641,6.256410256410256,0.891682969730101,25.487557654723613,-17.764425417001995,38.39088,0.03915869760000001,39,244,1,0.9959183673469387,0.21811953646322035,0.4345437246905566,0.16462748950423833,0.2689722496331264,0.40969277380656366,0.6111111111111112,0.5238095238095238,0,0,0.0
V14_allz,R2_re300_tr10,R组合,2,,,,300,2,,,0.1,,,,0.16522874197670268,0.1710855023262805,0.6605911775440826,-0.19541184892017438,0.20033550915431841,0.23973576671695662,0.6706724808763094,0.5384615384615384,6.256410256410256,0.6091210897961163,20.52846851006691,-13.774889117064859,37.11896,0.03786483920000001,78,244,1,1.9918367346938775,0.1330500283273754,0.2118277175248937,-0.03845346568187713,0.3960884731936605,-0.11199340835400906,0.59375,0.5,0,0,0.0
V15_allz,S2_re300_sl8_tp40,S组合,2,,,,300,2,0.08,0.4,,,,,-0.011869745383852437,-0.012256522767774558,0.1547378944957191,-0.29146878808404364,0.05619872523358482,-0.27971719214119506,-0.10276961429137944,0.46296296296296297,9.037037037037036,-0.593342064344593,18.745585164250734,-14.549084290107695,25.15296,0.025706549200000005,54,244,1,1.9918367346938775,0.09395020811854536,0.2205681886096762,-0.19043420610387507,0.21508069840160782,-0.4072140156564832,0.48,0.4482758620689655,0,0,0.0
V15_allz,S2_re300_sl8_tr15,S组合,2,,,,300,2,0.08,,0.15,,,,0.07002467890093222,0.072401777789588,0.37351845541347906,-0.2368217202414442,0.13083890781611274,-0.19082169622886658,0.031388652585653175,0.44642857142857145,8.714285714285714,-0.5413535208926568,18.745585164250734,-15.760621721546485,26.15104,0.0267199908,56,244,1,1.9918367346938775,0.11778350662411316,0.2218102286506627,-0.124230053236138,0.27234942709232746,-0.3640282405594105,0.46153846153846156,0.43333333333333335,0,0,0.0
V15_allz,T2_re150,T细化,2,,,,150,2,,,,,,,0.43133896614317724,0.4482675694233216,1.188752186836587,-0.2416315552828776,0.4243021070812285,0.7334413788234475,1.1128814583300184,0.5396825396825397,7.746031746031746,0.4023390491499024,33.22269543252088,-29.370172691925976,29.69278,0.0302973956,63,244,1,1.9918367346938775,0.13378061663717508,0.18377229172573672,0.20913369585339003,0.3013915646585603,0.3319906367137413,0.4583333333333333,0.5897435897435898,1,1,0.0
V15_allz,T2_re250,T细化,2,,,,250,2,,,,,,,0.09074514887260943,0.09385591430656737,0.42454469620241536,-0.28096959111318776,0.15891729665366905,-0.11208485040587124,0.11386768701239455,0.5319148936170213,10.382978723404255,0.7033407217460486,16.85856830095167,-20.96810792496703,21.83604,0.022359830800000004,47,244,1,1.9918367346938775,0.16209054868575018,0.1935495968618064,-0.08613336911972569,0.27616246152665624,-0.3042303183468291,0.5,0.5555555555555556,1,0,0.0
V15_allz,T2_re400,T细化,2,,,,400,2,,,,,,,0.46277832238874783,0.48113349963803387,1.3027479280062482,-0.2389968973648896,0.4390839152435331,0.8528347175335251,1.2569472890901197,0.6129032258064516,15.741935483870968,3.463030858769933,33.34231018097533,-37.706875111553565,14.6533,0.014960626000000001,31,244,1,1.9918367346938775,0.23536306747702934,0.36739540595381226,0.06975518275081671,1.0965655561092067,-0.11625242905735611,0.6666666666666666,0.5625,0,0,0.0
V15_allz,T2_re300_mh3,T细化,2,,,,300,3,,,,,,,0.48086861446798634,0.5000551787436542,1.4114495907536204,-0.23530869960988765,0.4436091412963461,0.8141693878989698,1.216875720934228,0.6052631578947368,12.842105263157896,2.907919198373088,29.055809665791998,-36.21083711037186,18.00896,0.018381749200000002,38,244,1,1.9918367346938775,0.28545615696262566,0.4236607892972015,0.04018360665747078,1.2477602215211854,-0.19289905990452116,0.65,0.5555555555555556,0,0,0.0
V15_allz,T2_re300_mh5,T细化,2,,,,300,5,,,,,,,0.7010826551956149,0.7309725631975268,1.9977178551423953,-0.2368928569612172,0.5742320561831759,1.918394925620929,1.9276808016983769,0.6111111111111112,13.555555555555555,5.46995570277592,23.112964412024397,-36.21083711037186,16.98738,0.0173504976,36,244,1,1.9918367346938775,0.32847383946749814,0.6295564012971553,0.04389308270737202,2.1252565789958,-0.0661902945073839,0.7058823529411765,0.5263157894736842,0,0,0.0
V15_allz,T2_re300_mh8,T细化,2,,,,300,8,,,,,,,0.17620460688606876,0.18247996207440265,0.6550852224237091,-0.29372343741803075,0.2207531910736561,0.021807940214999322,0.447010319101411,0.5862068965517241,16.82758620689655,1.7725391398236479,22.239283953462994,-36.21083711037186,13.82048,0.014108729600000003,29,244,1,1.9918367346938775,0.16453627016557507,0.14227063570167475,0.029707470474849895,0.3274144194810156,-0.23022687924808005,0.5,0.6923076923076923,0,0,0.0
V16_allz,W2_h30_tr20,W移动,2,30,,,,,,,0.2,,,,0.6862067422262892,0.715341206634801,1.7919977168777907,-0.1836560714863783,0.5756782417643977,1.363453170227583,1.1302035691433128,0.5555555555555556,27.11111111111111,2.280741502549688,118.25805750275045,-20.99778697998732,8.70536,0.008879467200000001,18,244,1,1.9918367346938775,0.21160954562301595,0.652704165346629,0.020271369542190998,1.2514611900249761,0.049741910142081514,0.5,0.625,0,0,0.0
V16_allz,W2_h30_tr25,W移动,2,30,,,,,,,0.25,,,,0.5966247656213675,0.6213069722114211,1.6654588429707067,-0.19590001185839945,0.5177177871710195,1.0165905463673393,0.9988162437592687,0.5,27.11111111111111,0.14405796019214545,118.25805750275045,-26.327896364302273,8.7501,0.008925101999999999,18,244,1,1.9918367346938775,0.20330848343982666,0.6455128057231521,-0.029709911665074418,1.5836881802450224,-0.21949151535147804,0.5,0.5,0,0,0.0
V16_allz,X_re300_close_overlap,X口径,2,,close_overlap,,300,2,,,,,,,2.2086208907358227,2.3336423929972567,2.2510295033700705,-0.35194195821448004,1.3454661918130615,2.208620890735825,2.290557218507623,0.6027397260273972,6.698630136986301,1.546402551989412,22.341170887406015,-13.985156312189028,35.44144,0.0361502688,73,244,1,1.9959183673469387,nan,1.4762285892986853,0.29576926161108696,1.5775583459049258,0.24482958681943834,0.625,0.5757575757575758,0,1,97629.0
V16_allz,X_re300_close_seq,X口径,2,,close_seq,,300,2,,,,,,,0.7451826087790714,0.7773382423122845,2.373395683389568,-0.20981497815683892,0.5889989353103376,2.5873319521695493,2.193933490315671,0.5967741935483871,6.838709677419355,1.7919440324397629,29.087517537411077,-14.27957386050387,30.1149,0.030717198000000008,62,244,7,1.7306122448979593,0.4270738971484385,0.6482929061859841,0.05878184771011474,1.9842742402693498,0.2020785167001844,0.6842105263157895,0.4583333333333333,0,0,0.0
V17_allz,P1_re300_sl5,P组合,1,,,,300,2,0.05,,,,,,0.11854727792272213,0.12266341361812172,0.478295455859204,-0.39852683414222945,0.211289062094842,-0.00912059407828325,0.2351835954434121,0.5,5.083333333333333,-0.052439034956835995,13.983711314096148,-9.790465714869212,45.3238,0.046230276,48,244,1,0.9959183673469387,0.06816704461679501,0.15588550059663353,-0.03230270009844238,0.007261967099276179,-0.016264449281985893,0.52,0.4782608695652174,0,0,0.0
V17_allz,P1_re300_sl8,P组合,1,,,,300,2,0.08,,,,,,0.527727112795205,0.5491022126161995,1.3939176701378084,-0.25941851828487816,0.4861211121020026,0.4928734188167123,1.1521005661656967,0.6,6.9714285714285715,2.008964155805981,13.983711314096126,-11.503344662904135,34.3331,0.035019762,35,244,1,0.9959183673469387,0.17481025270746275,0.3362466210080717,0.14329726921418162,0.1613824636804866,0.28542789778804845,0.625,0.5789473684210527,0,0,0.0
V17_allz,P1_re300_sl10,P组合,1,,,,300,2,0.1,,,,,,0.6854128090892637,0.7145070819195067,1.6365187965218775,-0.22083541709893262,0.5882391210085386,0.6981935835939996,1.384227828480238,0.6052631578947368,6.421052631578948,2.6665962189784898,13.983711314096126,-12.763475099240573,37.22196,0.03796639920000001,38,244,1,0.9959183673469387,0.18800578805165377,0.31796645272762447,0.2787979584770013,0.0927445562337661,0.554062725736163,0.6666666666666666,0.55,0,0,0.0
V17_allz,P2_re300_sl5,P组合,2,,,,300,2,0.05,,,,,,0.15530626423378724,0.16078763088365378,0.5966054910756022,-0.2571658251829916,0.2049022375815217,0.07609470109276217,0.44341869532960704,0.5172413793103449,5.597701149425287,0.4102759072564188,20.52846851006691,-10.43123808556663,41.71904,0.04255342079999999,87,244,1,1.9877551020408164,0.10227008409597832,0.21409064772754705,-0.04841844684644259,0.21317083762410305,-0.11298996998624977,0.5952380952380952,0.4444444444444444,2,0,0.0
V14_allz,P1_re300_sl5,P组合,1,,,,300,2,0.05,,,,,,0.6161243073776015,0.6417612481792154,1.6397318370775422,-0.18095865072813944,0.5346026447681398,0.6776509770675974,1.3227367608114955,0.5625,5.083333333333333,0.692243846737961,25.487557654723613,-8.702678480065773,46.96664,0.0479059728,48,244,1,0.9959183673469387,0.19659543513548927,0.21093989380390288,0.33460324137220354,0.14199689591410936,0.46905038277247213,0.5238095238095238,0.5925925925925926,0,0,0.0
V14_allz,P1_re300_sl8,P组合,1,,,,300,2,0.08,,,,,,0.42333174121684825,0.439900773973279,1.2793214899292935,-0.15889032522471425,0.4046447410084919,0.41168269284372827,1.0436245011513958,0.6046511627906976,5.674418604651163,0.891682969730101,12.065790021645096,-13.774889117064859,41.99312,0.042832982400000004,43,244,1,0.9959183673469387,0.210153379349975,0.4345437246905566,-0.00781571400071912,0.39476374637483014,0.012130331400477923,0.6111111111111112,0.6,0,0,0.0
V14_allz,P1_re300_sl10,P组合,1,,,,300,2,0.1,,,,,,0.4190206796185292,0.43539675939456,1.2632692877006721,-0.15932382524354427,0.4023160459292915,0.4237799687639203,1.0997417485270766,0.5813953488372093,5.674418604651163,0.891682969730101,12.065790021645096,-13.774889117064859,41.99332,0.042833186399999994,43,244,1,0.9959183673469387,0.21519157116576146,0.4345437246905566,-0.010820893643639806,0.37729270516070446,0.03375263909336623,0.6111111111111112,0.56,0,0,0.0
V14_allz,P2_re300_sl5,P组合,2,,,,300,2,0.05,,,,,,0.16880653728836514,0.17479936173703758,0.7266291014193133,-0.20106676655601363,0.1919779378151999,0.2285404527049235,0.6571564819884952,0.5789473684210527,5.126315789473685,0.3598002163779146,12.065790021645096,-8.702678480065773,45.44278,0.04635793559999999,95,244,1,1.9877551020408164,0.18873909837492797,0.29225828041346835,-0.09553178725665001,0.5862356183916928,-0.22549939084676607,0.6304347826086957,0.5306122448979592,0,0,0.0
V14_allz,P2_re300_sl8,P组合,2,,,,300,2,0.08,,,,,,0.16881065759895342,0.17480363895875972,0.6961838906047577,-0.19369236790614341,0.19753569545814487,0.20470903902535675,0.6149650794891249,0.5555555555555556,6.0246913580246915,0.5796674682764236,25.48755765472359,-13.774889117064859,38.85324,0.039633804800000005,81,244,1,1.9918367346938775,0.16572416706327023,0.29951329233181667,-0.10057814375898666,0.657776950643614,-0.27329847446748456,0.6388888888888888,0.4888888888888889,0,0,0.0
V14_allz,P2_re300_sl10,P组合,2,,,,300,2,0.1,,,,,,0.2113433502186577,0.21898211492146746,0.8234284735706994,-0.1888056046339992,0.23304694951209626,0.3529800375275831,0.8278847875497282,0.5384615384615384,6.256410256410256,0.5565609952198236,20.52846851006691,-13.774889117064859,37.28366,0.038032833200000005,78,244,1,1.9918367346938775,0.17190038381434541,0.2654024279699576,-0.042720858247462634,0.5287404104977234,-0.11497071168081252,0.6060606060606061,0.4888888888888889,0,0,0.0
V14_allz,Q1_re300_tp20,Q组合,1,,,,300,2,,0.2,,,,,0.17158481751263754,0.17768355755044518,0.6236480436369073,-0.3773441596955499,0.2257482822594995,0.1358042784657092,0.5688926402615823,0.5,7.625,0.10776219162038636,13.268410395667951,-11.351342876462734,31.41752,0.032045870399999996,32,244,1,0.9959183673469387,0.1674598559462425,0.4345437246905566,-0.1833049091861182,0.40524637110330564,-0.19174010919241724,0.6111111111111112,0.35714285714285715,0,0,0.0
V14_allz,Q1_re300_tp40,Q组合,1,,,,300,2,,0.4,,,,,0.17158481751263754,0.17768355755044518,0.6236480436369073,-0.3773441596955499,0.2257482822594995,0.1358042784657092,0.5688926402615823,0.5,7.625,0.10776219162038636,13.268410395667951,-11.351342876462734,31.41752,0.032045870399999996,32,244,1,0.9959183673469387,0.1674598559462425,0.4345437246905566,-0.1833049091861182,0.40524637110330564,-0.19174010919241724,0.6111111111111112,0.35714285714285715,0,0,0.0
V17_allz,P2_re300_sl8,P组合,2,,,,300,2,0.08,,,,,,0.14932264017759977,0.1545790303185426,0.6125132567170762,-0.3488288791175177,0.18723489339011634,0.08177506021156788,0.4379769165986426,0.5652173913043478,7.057971014492754,1.4293570323794302,13.983711314096126,-14.410870876020432,33.10204,0.0337816608,69,244,1,1.9877551020408164,0.1657525348269087,0.29416509433070015,-0.11191961117449822,0.2677760024211535,-0.14671435794207177,0.625,0.5135135135135135,2,0,0.0
V17_allz,P2_re300_sl10,P组合,2,,,,300,2,0.1,,,,,,0.17494643609583171,0.1811736299454585,0.6756239125230623,-0.2611540307003808,0.21156658356169578,0.07983304391249302,0.4393486469569031,0.4925373134328358,7.268656716417911,-0.10197348689340302,13.983711314096126,-14.03058566342078,32.10414,0.0327576228,67,244,1,1.9877551020408164,0.1164437399425882,0.136310097069005,0.034001580313759217,-0.09219892134035812,0.18950403265311722,0.5625,0.42857142857142855,0,0,0.0
V17_allz,Q1_re300_tp20,Q组合,1,,,,300,2,,0.2,,,,,0.1577800830095728,0.16335477040956792,0.5938519738214348,-0.2777660357949414,0.21168239486770513,0.030155382698276778,0.2922370045857479,0.53125,7.59375,0.5249149036372525,13.983711314096126,-23.054403389787392,30.98458,0.031604271600000004,32,244,2,0.9918367346938776,0.15888226155912996,0.21836589891151093,-0.04972711067838165,0.16293567201884196,-0.11417681348621833,0.625,0.4375,0,0,0.0
V17_allz,Q1_re300_tp40,Q组合,1,,,,300,2,,0.4,,,,,0.1577800830095728,0.16335477040956792,0.5938519738214348,-0.2777660357949414,0.21168239486770513,0.030155382698276778,0.2922370045857479,0.53125,7.59375,0.5249149036372525,13.983711314096126,-23.054403389787392,30.98458,0.031604271600000004,32,244,2,0.9918367346938776,0.15888226155912996,0.21836589891151093,-0.04972711067838165,0.16293567201884196,-0.11417681348621833,0.625,0.4375,0,0,0.0
V17_allz,Q1_re300_tp60,Q组合,1,,,,300,2,,0.6,,,,,0.1577800830095728,0.16335477040956792,0.5938519738214348,-0.2777660357949414,0.21168239486770513,0.030155382698276778,0.2922370045857479,0.53125,7.59375,0.5249149036372525,13.983711314096126,-23.054403389787392,30.98458,0.031604271600000004,32,244,2,0.9918367346938776,0.15888226155912996,0.21836589891151093,-0.04972711067838165,0.16293567201884196,-0.11417681348621833,0.625,0.4375,0,0,0.0
V17_allz,Q2_re300_tp20,Q组合,2,,,,300,2,,0.2,,,,,0.1996175987604134,0.20679748524895025,0.7299269397443128,-0.27294979282926735,0.23506299700155264,0.2356248719146976,0.6740858789413714,0.5263157894736842,8.543859649122806,0.4102759072564188,18.904213703457696,-26.792708314442905,27.1592,0.027744664000000002,57,244,1,1.9877551020408164,0.1483567083003094,0.14088786045571622,0.05147722255650766,0.08421864008706303,0.13964547945373518,0.5555555555555556,0.5,0,0,0.0
V17_allz,Q2_re300_tp40,Q组合,2,,,,300,2,,0.4,,,,,0.1996175987604134,0.20679748524895025,0.7299269397443128,-0.27294979282926735,0.23506299700155264,0.2356248719146976,0.6740858789413714,0.5263157894736842,8.543859649122806,0.4102759072564188,18.904213703457696,-26.792708314442905,27.1592,0.027744664000000002,57,244,1,1.9877551020408164,0.1483567083003094,0.14088786045571622,0.05147722255650766,0.08421864008706303,0.13964547945373518,0.5555555555555556,0.5,0,0,0.0
V17_allz,Q2_re300_tp60,Q组合,2,,,,300,2,,0.6,,,,,0.1996175987604134,0.20679748524895025,0.7299269397443128,-0.27294979282926735,0.23506299700155264,0.2356248719146976,0.6740858789413714,0.5263157894736842,8.543859649122806,0.4102759072564188,18.904213703457696,-26.792708314442905,27.1592,0.027744664000000002,57,244,1,1.9877551020408164,0.1483567083003094,0.14088786045571622,0.05147722255650766,0.08421864008706303,0.13964547945373518,0.5555555555555556,0.5,0,0,0.0
V11_allz,W2_h30_tr20,W移动,2,30,,,,,,,0.2,,,,-0.0810077121008973,-0.08354957442424815,-0.10262982044629629,-0.38934597108289437,-0.03264108186431469,-0.1769232106015718,-0.3481994397131741,0.5,27.11111111111111,0.4125447530162307,11.091980634360077,-17.186139198745032,8.48198,0.0086528196,18,244,1,1.9918367346938775,0.058084267296710776,0.09872604189145817,-0.16358377533579183,0.029547226090055112,-0.20054489144295629,0.5,0.5,0,0,0.0
V11_allz,W2_h30_tr25,W移动,2,30,,,,,,,0.25,,,,-0.03442999258262147,-0.035538547818360744,0.04493558285490988,-0.3716499364224195,0.013871478659210568,-0.1651627137069589,-0.14090470501853142,0.5,27.11111111111111,-0.5840410264839668,24.450353575760243,-20.924145928955028,8.59662,0.0087746524,18,244,1,1.9918367346938775,0.08530311679476217,0.15438231257401402,-0.1635613289462361,0.12214215240770265,-0.2560325048820342,0.5,0.5,0,0,0.0
V11_allz,X_re300_close_overlap,X口径,2,,close_overlap,,300,2,,,,,,,3.1441627033792408,3.3419081026155784,2.7669144170873974,-0.24687120921272443,1.5882155671317388,3.1441627033792416,2.8836225747860715,0.5952380952380952,5.809523809523809,1.0972417793519873,22.035589016707192,-14.31739169727293,40.73506,0.0415497612,84,244,1,1.9918367346938775,nan,1.928124687093431,0.4152958450320965,1.5931284380204036,0.5981324498307148,0.6904761904761905,0.5,2,0,97255.0
V11_allz,X_re300_close_seq,X口径,2,,close_seq,,300,2,,,,,,,0.42112248517383066,0.4375925808639398,1.7531036401775635,-0.17771899181765016,0.37504872240417364,1.1105004367401885,1.8006334799325172,0.6197183098591549,5.887323943661972,1.2566766615764724,13.985714540264249,-15.168024020966598,34.335,0.0350217,71,244,6,1.7061224489795919,0.3855526073769094,0.4533923793614949,-0.022203153563968403,1.3283466025736579,-0.09356260171602993,0.7777777777777778,0.45714285714285713,0,0,0.0
V11_mixA,P1_re300_sl5,P组合,1,,,,300,2,0.05,,,,,,0.8942958490495534,0.934391864625765,2.2250699651579566,-0.18229386109639156,0.6881588307929024,1.350687335686621,2.228487447095945,0.6428571428571429,5.809523809523809,1.7058076967567004,21.55906131072587,-10.228814994011682,41.56182,0.042393056400000004,42,244,1,0.9959183673469387,0.24332916109746552,0.23245523851107364,0.5370098563076804,0.1521266201007223,1.0403029447241803,0.6,0.6818181818181818,1,0,0.0
V11_mixA,P1_re300_sl8,P组合,1,,,,300,2,0.08,,,,,,0.8997341780267494,0.9401276548523216,2.290092683183452,-0.18852913571775698,0.6883841573311889,1.397189279394138,2.4404586802650687,0.6428571428571429,5.809523809523809,1.7853568889341642,16.266162451053255,-12.459938590761189,41.55194,0.04238297880000001,42,244,1,0.9959183673469387,0.2752526437479018,0.2107342299270174,0.5690761284095063,0.30267867868905696,0.8401999807093916,0.6,0.6818181818181818,0,0,0.0
V11_mixA,P1_re300_sl10,P组合,1,,,,300,2,0.1,,,,,,0.5179354782097185,0.538849129646986,1.376691956036982,-0.20228078983598663,0.47922089879709917,0.6357882715598806,1.523941718832567,0.575,6.1,0.8343519544853684,19.01586289319164,-13.102708522121699,39.57952,0.0403711104,40,244,1,0.9959183673469387,0.1986274144773362,0.2107342299270174,0.25373136456315293,0.30267867868905696,0.2557112496890237,0.6,0.55,0,0,0.0
V11_mixA,P2_re300_sl5,P组合,2,,,,300,2,0.05,,,,,,0.7627213969770492,0.7957888562204591,2.5440756994173617,-0.1282123610261252,0.5955106141979097,2.964961859979802,2.583989701736556,0.6235294117647059,5.741176470588235,1.6674779601551393,21.55906131072587,-10.228814994011682,41.32606,0.0421525812,85,244,1,1.9918367346938775,0.28656052811319677,0.416920796813089,0.24405076200569997,0.9097506431606881,1.076167312302975,0.6363636363636364,0.6097560975609756,1,0,0.0
V13_allz,S2_re300_sl8_tp40,S组合,2,,,,300,2,0.08,0.4,,,,,0.37156492016865705,0.38584693669108994,1.2788509116710052,-0.2483394218340187,0.3560570976680527,0.7395499108886583,1.2322553284569444,0.5616438356164384,6.671232876712328,1.613649093981273,19.01586289319166,-11.519064626116771,35.16682,0.035876656400000005,73,244,1,1.9877551020408164,0.16924716415453434,0.25209885518540665,0.09541264612494138,0.68536218544842,0.032151976535429005,0.6470588235294118,0.48717948717948717,0,0,0.0
V13_allz,S2_re300_sl8_tr15,S组合,2,,,,300,2,0.08,,0.15,,,,0.37156492016865705,0.38584693669108994,1.2788509116710052,-0.2483394218340187,0.3560570976680527,0.7395499108886583,1.2322553284569444,0.5616438356164384,6.671232876712328,1.613649093981273,19.01586289319166,-11.519064626116771,35.16682,0.035876656400000005,73,244,1,1.9877551020408164,0.16924716415453434,0.25209885518540665,0.09541264612494138,0.68536218544842,0.032151976535429005,0.6470588235294118,0.48717948717948717,0,0,0.0
V13_allz,T2_re150,T细化,2,,,,150,2,,,,,,,0.24276336231113493,0.2516506937333143,0.8388018612999221,-0.28966250061766996,0.27094722129868,0.24870432226542816,0.6521013119753374,0.5555555555555556,4.91919191919192,0.30525260988152336,46.528149323422554,-17.663423583347093,47.30144,0.0482514188,99,244,1,1.9877551020408164,0.1457031239375211,0.3749895323464465,-0.09616521938873546,0.8158926478920658,-0.3123468373998012,0.5925925925925926,0.5111111111111111,0,0,0.0
V13_allz,T2_re250,T细化,2,,,,250,2,,,,,,,0.3537331919994975,0.3672427758874379,1.2594912594900805,-0.16497242043715454,0.34067716231720746,0.7659306129524424,1.3916634844022815,0.6461538461538462,7.492307692307692,2.1016299103300717,14.60331400553747,-18.356612946162997,31.47248,0.0321019296,65,244,1,1.9877551020408164,0.20096627375109952,0.32024999685713795,0.025361253718663823,0.7335682216372332,0.01866808061620162,0.6944444444444444,0.5862068965517241,0,0,0.0
V13_allz,T2_re400,T细化,2,,,,400,2,,,,,,,0.21433865412949094,0.22209525937104613,0.8216966479399718,-0.20596695419800526,0.23672927868623606,0.3531920600533076,0.8625120825078507,0.4782608695652174,10.608695652173912,-0.17111180415360638,19.01586289319166,-17.88453900874073,22.1754,0.022618908,46,244,1,1.9918367346938775,0.11709571867783507,0.04580856444087589,0.16114812540162826,-0.05097298356798441,0.4258730643315096,0.4782608695652174,0.4782608695652174,0,0,0.0
V13_allz,T2_re300_mh3,T细化,2,,,,300,3,,,,,,,0.23027157043826652,0.23865922193617273,0.8111945592285285,-0.27378396100198177,0.2604808814490218,0.2991844654764986,0.7302821836610434,0.5,9.384615384615385,-0.11469306444804594,33.2226954325209,-15.29166865472973,25.1496,0.025652592000000005,52,244,1,1.9918367346938775,0.10733846699513201,0.19795372662897348,0.026977539358082225,0.4519716280589914,-0.10522737471581312,0.5555555555555556,0.44,0,0,0.0
V13_allz,T2_re300_mh5,T细化,2,,,,300,5,,,,,,,0.7816725321987794,0.8157320088630171,2.5759334851839544,-0.20649145954395332,0.6065021255535133,2.140460161195342,1.5902157743963579,0.6,10.844444444444445,2.385858939348595,78.99833955259545,-22.851286217858902,21.82086,0.0222572772,45,244,1,1.9918367346938775,0.3416659815637315,0.8902201382447343,-0.05742590709394957,4.505225730366806,-0.42954924738642897,0.7083333333333334,0.47619047619047616,0,0,0.0
V13_allz,T2_re300_mh8,T细化,2,,,,300,8,,,,,,,0.07994358207385233,0.08267020412445003,0.4103123759341998,-0.21880591170419061,0.12355658555534621,0.01850331518548609,0.2813553479554586,0.4,13.942857142857143,-1.2484643900842696,21.43938708532469,-13.642605667156626,16.79284,0.0171286968,35,244,1,1.9918367346938775,0.0852021270189061,0.08752468440906758,-0.006970970354879036,-0.019789821940393804,0.03906625128264252,0.35,0.4666666666666667,0,0,0.0
V11_allz,Q1_re300_tp60,Q组合,1,,,,300,2,,0.6,,,,,0.6862369374261075,0.7153729306718881,2.368452966803184,-0.11150097676671389,0.5505032814283021,0.9797934593334081,2.350886620150272,0.5833333333333334,6.777777777777778,1.0558281115385593,16.3868900935072,-5.893571119784713,35.44352,0.036152390400000005,36,244,1,0.9959183673469387,0.30744330758900834,0.337176861718111,0.26104256340443754,0.44031368086200695,0.3745571437942119,0.5882352941176471,0.5789473684210527,2,0,0.0
V11_allz,Q2_re300_tp20,Q组合,2,,,,300,2,,0.2,,,,,0.5992080310463124,0.624016250692979,2.3155985434984627,-0.0933945168521031,0.4931615284069787,2.1092238686637357,2.6766680331497144,0.5952380952380952,5.809523809523809,0.865526952520046,16.3868900935072,-11.054836698169424,40.73506,0.0415497612,84,244,1,1.9918367346938775,0.2730842456268567,0.32653333652094885,0.20555434757523594,0.7477455580473655,0.7789911433890047,0.6428571428571429,0.5476190476190477,2,0,0.0
V11_allz,Q2_re300_tp40,Q组合,2,,,,300,2,,0.4,,,,,0.5992080310463124,0.624016250692979,2.3155985434984627,-0.0933945168521031,0.4931615284069787,2.1092238686637357,2.6766680331497144,0.5952380952380952,5.809523809523809,0.865526952520046,16.3868900935072,-11.054836698169424,40.73506,0.0415497612,84,244,1,1.9918367346938775,0.2730842456268567,0.32653333652094885,0.20555434757523594,0.7477455580473655,0.7789911433890047,0.6428571428571429,0.5476190476190477,2,0,0.0
V11_allz,Q2_re300_tp60,Q组合,2,,,,300,2,,0.6,,,,,0.5992080310463124,0.624016250692979,2.3155985434984627,-0.0933945168521031,0.4931615284069787,2.1092238686637357,2.6766680331497144,0.5952380952380952,5.809523809523809,0.865526952520046,16.3868900935072,-11.054836698169424,40.73506,0.0415497612,84,244,1,1.9918367346938775,0.2730842456268567,0.32653333652094885,0.20555434757523594,0.7477455580473655,0.7789911433890047,0.6428571428571429,0.5476190476190477,2,0,0.0
V11_allz,R1_re300_tr10,R组合,1,,,,300,2,,,0.1,,,,0.648051035533117,0.6752685999821177,2.2626718127426,-0.11150097676671389,0.5277506171353041,0.8986664109050366,2.155137774363089,0.6052631578947368,6.421052631578948,1.0558281115385593,16.3868900935072,-6.450687784679632,37.41508,0.0381633816,38,244,1,0.9959183673469387,0.3036830560071508,0.337176861718111,0.2324854570214221,0.44031368086200695,0.3182311854239368,0.5882352941176471,0.6190476190476191,2,0,0.0
V11_allz,R1_re300_tr15,R组合,1,,,,300,2,,,0.15,,,,0.7723695680230369,0.805941197369648,2.6175968928450346,-0.11150097676671389,0.5996186826700195,1.147460695957231,2.4323566692752987,0.6153846153846154,6.256410256410256,1.2577766050256844,16.3868900935072,-9.953426707596169,38.3658,0.039133116,39,244,1,0.9959183673469387,0.3103695745649623,0.337176861718111,0.32545635417722973,0.44031368086200695,0.49096736668640606,0.5882352941176471,0.6363636363636364,2,0,0.0
V11_allz,R1_re300_tr20,R组合,1,,,,300,2,,,0.2,,,,0.6862369374261075,0.7153729306718881,2.368452966803184,-0.11150097676671389,0.5505032814283021,0.9797934593334081,2.350886620150272,0.5833333333333334,6.777777777777778,1.0558281115385593,16.3868900935072,-5.893571119784713,35.44352,0.036152390400000005,36,244,1,0.9959183673469387,0.30744330758900834,0.337176861718111,0.26104256340443754,0.44031368086200695,0.3745571437942119,0.5882352941176471,0.5789473684210527,2,0,0.0
V11_allz,R2_re300_tr10,R组合,2,,,,300,2,,,0.1,,,,0.28588350507706606,0.29652831712471905,1.2101200389496154,-0.20548509158927086,0.27871936586967494,0.5663229562724708,1.1043064144209473,0.5697674418604651,5.674418604651163,0.7041760365743555,16.3868900935072,-13.71300796404633,41.72812,0.0425626824,86,244,1,1.9918367346938775,0.1998224342772918,0.20942869631113825,0.06321563974719657,0.37016624029731027,0.14316271281986714,0.5813953488372093,0.5581395348837209,2,0,0.0
V11_mixA,R1_re300_tr10,R组合,1,,,,300,2,,,0.1,,,,0.5453381386459928,0.5675486039481956,1.4995714190776055,-0.14897741699002454,0.4897017875088221,0.6748361744567299,1.5238039650903983,0.5263157894736842,6.421052631578948,0.43233444586400216,21.55906131072587,-13.102708522121699,37.59274,0.0383445948,38,244,1,0.9959183673469387,0.20907186911664002,0.2107342299270174,0.27636445757310746,0.30267867868905696,0.2856863337490043,0.6,0.4444444444444444,0,0,0.0
V11_mixA,R1_re300_tr15,R组合,1,,,,300,2,,,0.15,,,,0.8633187780630811,0.9017307760777633,2.2432516962182656,-0.14988482808574533,0.6682384865640636,1.331049858283143,2.5052262342023766,0.6666666666666666,6.256410256410256,1.903235817713167,13.78678089378862,-14.501521785405757,38.5888,0.039360576,39,244,1,0.9959183673469387,0.25010258334317653,0.2107342299270174,0.5389990073836437,0.30267867868905696,0.7894281194722412,0.6,0.7368421052631579,0,0,0.0
V11_mixA,R1_re300_tr20,R组合,1,,,,300,2,,,0.2,,,,0.6872261738455507,0.7164122642089163,1.9820394317188377,-0.14988482808574533,0.5650089791264661,0.9898602260686886,2.3824722535269354,0.6216216216216216,6.594594594594595,1.5642599590773187,13.78678089378862,-9.64681693047874,36.58744,0.03731918880000001,37,244,1,0.9959183673469387,0.2545565253535699,0.2107342299270174,0.3935561844544986,0.30267867868905696,0.5275142355681852,0.6,0.6470588235294118,0,0,0.0
V11_mixA,R2_re300_tr10,R组合,2,,,,300,2,,,0.1,,,,0.5919387859332756,0.61639277490727,2.026806153478219,-0.13967505463491914,0.49597581672298086,1.8617749328478777,2.173250473680506,0.6,6.0875,1.0269223082376877,21.55906131072587,-12.459938590761189,38.9561,0.039735222,80,244,1,1.9877551020408164,0.24060918857415273,0.3173300644278283,0.20845855486090636,0.7070194336947364,0.6764747233449737,0.675,0.525,1,0,0.0
V11_mixA,R2_re300_tr15,R组合,2,,,,300,2,,,0.15,,,,0.5609683008883959,0.5839259476624525,1.9697477658486686,-0.13517589125624985,0.4755162751627051,1.7386958365451215,2.2100084102771613,0.6125,6.0875,1.0269223082376877,19.01586289319166,-14.163358177280417,38.961,0.03974022,80,244,1,1.9877551020408164,0.2431240999909522,0.3173300644278283,0.18494851293505365,0.5910150798459952,0.7213512751935816,0.675,0.55,1,0,0.0
V11_mixA,R2_re300_tr20,R组合,2,,,,300,2,,,0.2,,,,0.5286781322551564,0.5500981656004005,1.840954238492571,-0.14555699574200565,0.45617635702692183,1.5751404882845685,2.1074873218126395,0.5949367088607594,6.1645569620253164,0.8486509830740285,19.01586289319166,-15.545112742231737,38.476,0.039245520000000006,79,244,1,1.9877551020408164,0.239329392727444,0.3173300644278283,0.16043668442284087,0.5654037289962732,0.6450328056492689,0.675,0.5128205128205128,1,0,0.0
V11_mixA,S1_re300_sl8_tp40,S组合,1,,,,300,2,0.08,0.4,,,,,0.8997341780267494,0.9401276548523216,2.290092683183452,-0.18852913571775698,0.6883841573311889,1.397189279394138,2.4404586802650687,0.6428571428571429,5.809523809523809,1.7853568889341642,16.266162451053255,-12.459938590761189,41.55194,0.04238297880000001,42,244,1,0.9959183673469387,0.2752526437479018,0.2107342299270174,0.5690761284095063,0.30267867868905696,0.8401999807093916,0.6,0.6818181818181818,0,0,0.0
V11_mixA,S1_re300_sl8_tr15,S组合,1,,,,300,2,0.08,,0.15,,,,0.8997341780267494,0.9401276548523216,2.290092683183452,-0.18852913571775698,0.6883841573311889,1.397189279394138,2.4404586802650687,0.6428571428571429,5.809523809523809,1.7853568889341642,16.266162451053255,-12.459938590761189,41.55194,0.04238297880000001,42,244,1,0.9959183673469387,0.2752526437479018,0.2107342299270174,0.5690761284095063,0.30267867868905696,0.8401999807093916,0.6,0.6818181818181818,0,0,0.0
V11_allz,P1_re300_sl5,P组合,1,,,,300,2,0.05,,,,,,0.39617684417744936,0.4115380061168834,1.4608158721745719,-0.1612518069335429,0.3658601322423157,0.4526184993099205,1.2502871433222804,0.5961538461538461,4.6923076923076925,0.8334739502055322,14.361271145644272,-9.723127900724348,51.01908,0.0520394616,52,244,1,0.9959183673469387,0.2690953111052889,0.37485130966294666,0.015511156999029163,0.417909945249312,0.024478673118062844,0.68,0.5185185185185185,1,0,0.0
V11_allz,P1_re300_sl8,P组合,1,,,,300,2,0.08,,,,,,0.6053580948834105,0.630466894948005,2.093476576595433,-0.11150097676671389,0.5031455162933897,0.8023023641648239,1.8547540995818845,0.5641025641025641,6.256410256410256,0.6007192123657967,16.3868900935072,-9.004768249306283,38.38294,0.039150598800000005,39,244,1,0.9959183673469387,0.2892428819378895,0.337176861718111,0.20055778771157984,0.44031368086200695,0.25132628267904233,0.5882352941176471,0.5454545454545454,2,0,0.0
V11_allz,P1_re300_sl10,P组合,1,,,,300,2,0.1,,,,,,0.7723695680230369,0.805941197369648,2.6175968928450346,-0.11150097676671389,0.5996186826700195,1.147460695957231,2.4323566692752987,0.6153846153846154,6.256410256410256,1.2577766050256844,16.3868900935072,-9.953426707596169,38.3658,0.039133116,39,244,1,0.9959183673469387,0.3103695745649623,0.337176861718111,0.32545635417722973,0.44031368086200695,0.49096736668640606,0.5882352941176471,0.6363636363636364,2,0,0.0
V11_allz,P2_re300_sl5,P组合,2,,,,300,2,0.05,,,,,,0.23452182577754654,0.24307900706497,1.035180534786671,-0.2179135689525975,0.23785251168094457,0.48149193890521813,1.0515490147385083,0.5339805825242718,4.737864077669903,0.30932128084546484,14.361271145644228,-9.723127900724348,49.92686,0.05092539720000001,103,244,1,1.9918367346938775,0.20993402232176184,0.2961493586734538,-0.04754662916238395,0.7459585656502337,-0.15147359848515152,0.6274509803921569,0.4423076923076923,2,0,0.0
V11_allz,P2_re300_sl8,P组合,2,,,,300,2,0.08,,,,,,0.4365981343627894,0.4537637401649368,1.7326922743091953,-0.10519829987587681,0.3882091709823722,1.1940138996347307,1.804299760907083,0.5568181818181818,5.545454545454546,0.4552925470991953,16.3868900935072,-10.404909506754967,42.74456,0.0435994512,88,244,1,1.9918367346938775,0.2048617306491834,0.20942869631113825,0.18783202246195696,0.37016624029731027,0.6012756956839447,0.5813953488372093,0.5333333333333333,2,0,0.0
V11_allz,P2_re300_sl10,P组合,2,,,,300,2,0.1,,,,,,0.4273876207004399,0.4441385934791513,1.7410555169212185,-0.12411552502062984,0.3804866344412815,1.1215338032254967,1.7134292041740664,0.5833333333333334,5.809523809523809,0.8171052601254503,16.3868900935072,-11.828006414043625,40.77412,0.0415896024,84,244,1,1.9918367346938775,0.21233876156124776,0.20942869631113825,0.18021643198486603,0.37016624029731027,0.548376934732496,0.5813953488372093,0.5853658536585366,2,0,0.0
V11_allz,Q1_re300_tp20,Q组合,1,,,,300,2,,0.2,,,,,0.6862369374261075,0.7153729306718881,2.368452966803184,-0.11150097676671389,0.5505032814283021,0.9797934593334081,2.350886620150272,0.5833333333333334,6.777777777777778,1.0558281115385593,16.3868900935072,-5.893571119784713,35.44352,0.036152390400000005,36,244,1,0.9959183673469387,0.30744330758900834,0.337176861718111,0.26104256340443754,0.44031368086200695,0.3745571437942119,0.5882352941176471,0.5789473684210527,2,0,0.0
V11_allz,Q1_re300_tp40,Q组合,1,,,,300,2,,0.4,,,,,0.6862369374261075,0.7153729306718881,2.368452966803184,-0.11150097676671389,0.5505032814283021,0.9797934593334081,2.350886620150272,0.5833333333333334,6.777777777777778,1.0558281115385593,16.3868900935072,-5.893571119784713,35.44352,0.036152390400000005,36,244,1,0.9959183673469387,0.30744330758900834,0.337176861718111,0.26104256340443754,0.44031368086200695,0.3745571437942119,0.5882352941176471,0.5789473684210527,2,0,0.0
V17_allz,S2_re300_sl8_tp40,S组合,2,,,,300,2,0.08,0.4,,,,,0.14932264017759977,0.1545790303185426,0.6125132567170762,-0.3488288791175177,0.18723489339011634,0.08177506021156788,0.4379769165986426,0.5652173913043478,7.057971014492754,1.4293570323794302,13.983711314096126,-14.410870876020432,33.10204,0.0337816608,69,244,1,1.9877551020408164,0.1657525348269087,0.29416509433070015,-0.11191961117449822,0.2677760024211535,-0.14671435794207177,0.625,0.5135135135135135,2,0,0.0
V17_allz,S2_re300_sl8_tr15,S组合,2,,,,300,2,0.08,,0.15,,,,0.14932264017759977,0.1545790303185426,0.6125132567170762,-0.3488288791175177,0.18723489339011634,0.08177506021156788,0.4379769165986426,0.5652173913043478,7.057971014492754,1.4293570323794302,13.983711314096126,-14.410870876020432,33.10204,0.0337816608,69,244,1,1.9877551020408164,0.1657525348269087,0.29416509433070015,-0.11191961117449822,0.2677760024211535,-0.14671435794207177,0.625,0.5135135135135135,2,0,0.0
V17_allz,T2_re150,T细化,2,,,,150,2,,,,,,,0.41491233879438916,0.43110495634449997,1.2296382641720922,-0.16685039010930136,0.4017452567185045,0.8408062545568211,1.295218564080952,0.5463917525773195,5.020618556701031,0.8547155729940803,25.48755765472359,-17.834366122912026,46.51558,0.047501131599999996,97,244,1,1.9877551020408164,0.13774765411203532,0.16725138571424036,0.21217447767569086,0.08382982989810972,0.6984273764912663,0.5777777777777777,0.5192307692307693,2,0,0.0
V17_allz,T2_re250,T细化,2,,,,250,2,,,,,,,0.17875172567368236,0.18512472187011086,0.6636726515726802,-0.2668227023989026,0.22152654590118404,0.1352691001367523,0.5320796920573069,0.5072463768115942,7.057971014492754,0.16344423016387832,14.327264601925172,-26.792708314442905,33.19454,0.0338584308,69,244,1,1.9877551020408164,0.11376040173673191,0.14754147434262288,0.027197493100576953,0.005068586038649681,0.1295439096462776,0.5483870967741935,0.47368421052631576,0,0,0.0
V17_allz,T2_re400,T细化,2,,,,400,2,,,,,,,0.3739450584429842,0.388330779728411,1.3012258686864042,-0.16590346131667244,0.3562686377586459,0.7697778891735512,1.3737408761064394,0.5882352941176471,9.549019607843137,2.0213682495648477,13.983711314096126,-18.527217053259005,24.4608,0.024961496000000003,51,244,1,1.9877551020408164,0.196565864659214,0.29437512483089545,0.06147362699239545,0.687382161574073,0.048830507679786805,0.6785714285714286,0.4782608695652174,2,0,0.0
V17_allz,T2_re300_mh3,T细化,2,,,,300,3,,,,,,,0.46034744347756984,0.4785914859108942,1.4589777464038236,-0.24529896769683213,0.42166911209306535,1.014320117144326,1.5124596846006635,0.5084745762711864,8.271186440677965,0.4102759072564188,25.408087061116102,-12.407786850955226,28.46154,0.029054030800000002,59,244,1,1.9918367346938775,0.15664259836428654,0.2780224228820001,0.14266183232092167,0.3271764761182918,0.5177485084996261,0.6071428571428571,0.41935483870967744,0,0,0.0
V17_allz,T2_re300_mh5,T细化,2,,,,300,5,,,,,,,0.5621247440991475,0.5851378875747253,1.8856220516887503,-0.12911024133254312,0.4795691985644568,1.5222976503118928,2.03898508120439,0.6346153846153846,9.384615384615385,1.6465822886246206,16.61693935807591,-14.63947813935349,25.07796,0.025579519199999994,52,244,1,1.9918367346938775,0.24454345410720105,0.42698765196100297,0.09470095410596935,0.678384944960978,0.5028123660692965,0.6428571428571429,0.625,0,0,0.0
V17_allz,T2_re300_mh8,T细化,2,,,,300,8,,,,,,,0.1234541072990516,0.1277501365463516,0.537284350073405,-0.2617161320159128,0.16414067119206988,0.021568614439297917,0.3362512381787935,0.4411764705882353,14.352941176470589,-0.5726637260096645,23.349872958264495,-26.792708314442905,16.17342,0.016524898399999998,34,244,1,1.9918367346938775,0.11150217291875089,0.17081846152397429,-0.040454054818430785,0.1342066423038899,-0.0993099702147684,0.42857142857142855,0.46153846153846156,0,0,0.0
V11_mixA,W2_h20_tr15,W移动,2,20,,,,,,,0.15,,,,0.08101341782632487,0.08377792410502183,0.415310600988471,-0.3297961203737768,0.12274552008925854,-0.03213660086289316,0.2784201283764784,0.5,17.392857142857142,-0.023094216557534297,29.465843404027424,-18.011368227264292,13.56864,0.013840012800000003,28,244,1,1.9877551020408164,0.18827578452316623,0.40279353613220814,-0.22938523026923585,0.824528706821785,-0.46952690000528163,0.6428571428571429,0.35714285714285715,0,0,0.0
V11_mixA,W2_h20_tr20,W移动,2,20,,,,,,,0.2,,,,0.5058173669469441,0.5261629343340166,1.5845072512942604,-0.2230596151327423,0.4511463045024653,1.0367868516422245,1.1949578689234304,0.5769230769230769,18.76923076923077,1.4841509481896553,66.32344365168612,-24.639540651437265,12.6049,0.012856998000000001,26,244,1,1.9918367346938775,0.22746654216403847,0.4753159141107519,0.020674523025514535,0.618190461871045,0.25868178044207113,0.5,0.6666666666666666,0,0,0.0
V11_mixA,W2_h20_tr25,W移动,2,20,,,,,,,0.25,,,,0.40237087339450284,0.41800597092908376,1.3501723859034,-0.2230596151327423,0.3786744306458246,0.7042096592695062,0.9930325271874375,0.5769230769230769,18.76923076923077,0.7638144801305979,66.32344365168612,-24.639540651437265,12.58036,0.012831967199999999,26,244,1,1.9918367346938775,0.23183598507277964,0.4753159141107519,-0.04944367509261116,0.618190461871045,0.05315764702938641,0.5,0.6666666666666666,0,0,0.0
V11_mixA,W2_h30_tr15,W移动,2,30,,,,,,,0.15,,,,-0.1025034574648126,-0.10568013932300946,-0.19988626206785262,-0.37594119443832763,-0.060689582118304664,-0.32310342915516876,-0.2961242265595939,0.47619047619047616,23.238095238095237,-2.868052725263759,50.801022100745975,-18.011368227264292,10.08126,0.010282885200000001,21,244,1,1.9918367346938775,0.12114548456395145,0.33824468970893284,-0.3293479515092326,0.383299227482953,-0.5106651132333022,0.6,0.36363636363636365,0,0,0.0
V11_mixA,W2_h30_tr20,W移动,2,30,,,,,,,0.2,,,,0.09700147372740342,0.10033640056618642,0.44387400296296414,-0.40694521837784947,0.15873103417959655,0.05525557604906739,0.3911188275311869,0.5789473684210527,25.68421052631579,1.9772086293958768,27.572492051720545,-21.97128746525904,9.16124,0.009344464799999999,19,244,1,1.9918367346938775,0.1348238383253285,0.4119345258095981,-0.22305074798111668,0.48238139613480646,-0.2881349032033429,0.7,0.4444444444444444,0,0,0.0
V11_mixA,W2_h30_tr25,W移动,2,30,,,,,,,0.25,,,,0.11900988645314814,0.12314295105739537,0.528403082826989,-0.30066991470046744,0.15911492959563756,0.14643530385556547,0.5300458594384302,0.6111111111111112,27.11111111111111,1.2011644316444858,29.644793172105842,-20.924145928955028,8.78994,0.0089657388,18,244,1,1.9918367346938775,0.1379132503202524,0.27380706516641995,-0.1215232533610161,0.509512426555637,-0.24052609061889663,0.7,0.5,0,0,0.0
V11_mixA,X_re300_close_overlap,X口径,2,,close_overlap,,300,2,,,,,,,2.002140687922438,2.1123219615170403,2.4075325982088227,-0.3185093018088022,1.2311183965888404,2.0021406879224393,2.4675848451134916,0.5897435897435898,6.243589743589744,0.9131222821837537,19.717434870442464,-11.23728968679526,37.99272,0.03875257440000001,78,244,1,1.9877551020408164,nan,1.2458030073416428,0.33677828291630685,1.0672203538335827,0.45225964051441414,0.675,0.5,1,0,97037.0
V11_mixA,X_re300_close_seq,X口径,2,,close_seq,,300,2,,,,,,,0.07439897899204961,0.07692983687269028,0.3941651787348794,-0.2611616150716414,0.11669991217648512,0.044172088588685154,0.3444203579239864,0.5362318840579711,6.086956521739131,0.28681431716643946,14.099941491847634,-16.322092760639386,32.77956,0.033437551200000006,69,244,8,1.7142857142857142,0.1886825184732573,0.10011723566266562,-0.02337774178687768,0.1904189051995242,-0.12285323760573741,0.6111111111111112,0.45454545454545453,0,0,0.0
V17_allz,R1_re300_tr10,R组合,1,,,,300,2,,,0.1,,,,0.5701204409570488,0.5935180946351732,1.4279942395805716,-0.2735748053893997,0.5187543290363328,0.531801686354247,1.182807457871995,0.6486486486486487,6.594594594594595,2.4947539613726644,13.983711314096126,-12.942671602631028,36.1554,0.036878508000000004,37,244,1,0.9959183673469387,0.18602928003716365,0.3506085027638366,0.16252817729490898,0.16790352260429975,0.3115823839100105,0.6842105263157895,0.6111111111111112,2,0,0.0
V17_allz,R1_re300_tr15,R组合,1,,,,300,2,,,0.15,,,,0.3735530908301419,0.38792172402446967,1.0753923309383466,-0.30916030904330316,0.3823083852031214,0.2475857202366225,0.7274206720481573,0.5757575757575758,7.393939393939394,1.4293570323794524,13.983711314096126,-17.94017068659223,31.92002,0.0325584204,33,244,1,0.9959183673469387,0.15088606741465949,0.21836589891151093,0.12737322347685098,0.16293567201884196,0.07278996616453326,0.625,0.5294117647058824,0,0,0.0
V17_allz,R1_re300_tr20,R组合,1,,,,300,2,,,0.2,,,,0.024068706385352634,0.024867577211870717,0.25177859842498973,-0.33812896312512275,0.09047760305163943,-0.09647189777442855,-0.017541798218393346,0.4838709677419355,7.838709677419355,-0.017321491331800942,13.983711314096126,-21.15967259914583,29.96262,0.0305618724,31,244,2,0.9918367346938776,0.13838515842889776,0.21836589891151093,-0.15947359713510068,0.16293567201884196,-0.2230626990252541,0.625,0.3333333333333333,0,0,0.0
V17_allz,R2_re300_tr10,R组合,2,,,,300,2,,,0.1,,,,0.3177877001983289,0.3297647266601722,1.0613599314900715,-0.23133554983137983,0.3237235193219842,0.5306875347739373,1.0438212070869035,0.6056338028169014,6.859154929577465,2.008964155805981,13.983711314096126,-12.942671602631028,34.18456,0.0348682512,71,244,1,1.9877551020408164,0.1750870086563399,0.2661251246387466,0.040803688793650705,0.1869221020778744,0.2896276277055174,0.6285714285714286,0.5833333333333334,2,0,0.0
V17_allz,R2_re300_tr15,R组合,2,,,,300,2,,,0.15,,,,0.03750565483495327,0.0387588819513518,0.277408172214699,-0.32830678865636453,0.08413960524720876,-0.14619687446285667,0.06347977276313295,0.5081967213114754,7.983606557377049,0.3827724729506876,13.983711314096126,-17.9414093354353,29.00558,0.029608701600000002,61,244,1,1.9877551020408164,0.10736290315814814,0.08061532683066974,-0.03989363367827814,-0.044097639134340394,-0.10680927206420532,0.5517241379310345,0.46875,0,0,0.0
V17_allz,R2_re300_tr20,R组合,2,,,,300,2,,,0.2,,,,-0.025902773191736173,-0.026740588477164096,0.07677580537602162,-0.3175666880017637,0.023968980243889382,-0.24465161127165513,-0.21908761106494934,0.48214285714285715,8.696428571428571,-0.059647489112613084,13.983711314096126,-21.160889344022838,26.64428,0.0271824656,56,244,1,1.9877551020408164,0.12133264963231956,0.14088786045571622,-0.146193714061284,0.08421864008706303,-0.3033246609118523,0.5555555555555556,0.41379310344827586,0,0,0.0
V17_allz,S1_re300_sl8_tp40,S组合,1,,,,300,2,0.08,0.4,,,,,0.527727112795205,0.5491022126161995,1.3939176701378084,-0.25941851828487816,0.4861211121020026,0.4928734188167123,1.1521005661656967,0.6,6.9714285714285715,2.008964155805981,13.983711314096126,-11.503344662904135,34.3331,0.035019762,35,244,1,0.9959183673469387,0.17481025270746275,0.3362466210080717,0.14329726921418162,0.1613824636804866,0.28542789778804845,0.625,0.5789473684210527,0,0,0.0
V17_allz,S1_re300_sl8_tr15,S组合,1,,,,300,2,0.08,,0.15,,,,0.527727112795205,0.5491022126161995,1.3939176701378084,-0.25941851828487816,0.4861211121020026,0.4928734188167123,1.1521005661656967,0.6,6.9714285714285715,2.008964155805981,13.983711314096126,-11.503344662904135,34.3331,0.035019762,35,244,1,0.9959183673469387,0.17481025270746275,0.3362466210080717,0.14329726921418162,0.1613824636804866,0.28542789778804845,0.625,0.5789473684210527,0,0,0.0
V11_mixB,R2_re300_tr15,R组合,2,,,,300,2,,,0.15,,,,0.4645191468065242,0.48295399611468137,1.887740229317906,-0.09343350629605773,0.4054327463412849,1.34180329834556,2.0066693893641423,0.5714285714285714,5.809523809523809,0.7041760365743555,16.3868900935072,-11.054836698169424,40.76302,0.041578280399999994,84,244,1,1.9918367346938775,0.21336744265095248,0.2026793744851081,0.21771369649830086,0.3590201431576745,0.7231556942963311,0.5952380952380952,0.5476190476190477,2,0,0.0
V11_mixB,R2_re300_tr20,R组合,2,,,,300,2,,,0.2,,,,0.47535406901046917,0.49428639051535783,1.8935571814626508,-0.10163990575800819,0.41364419721923673,1.4176847983647596,2.1227552788864745,0.5714285714285714,5.809523809523809,0.7041760365743555,16.3868900935072,-11.054836698169424,40.7615,0.04157673,84,244,1,1.9918367346938775,0.21396718845344267,0.2026793744851081,0.2267226829612008,0.3590201431576745,0.7789911433890047,0.5952380952380952,0.5476190476190477,2,0,0.0
V11_mixB,S1_re300_sl8_tp40,S组合,1,,,,300,2,0.08,0.4,,,,,0.6053580948834105,0.630466894948005,2.093476576595433,-0.11150097676671389,0.5031455162933897,0.8023023641648239,1.8547540995818845,0.5641025641025641,6.256410256410256,0.6007192123657967,16.3868900935072,-9.004768249306283,38.38294,0.039150598800000005,39,244,1,0.9959183673469387,0.2892428819378895,0.337176861718111,0.20055778771157984,0.44031368086200695,0.25132628267904233,0.5882352941176471,0.5454545454545454,2,0,0.0
V11_mixB,S1_re300_sl8_tr15,S组合,1,,,,300,2,0.08,,0.15,,,,0.6053580948834105,0.630466894948005,2.093476576595433,-0.11150097676671389,0.5031455162933897,0.8023023641648239,1.8547540995818845,0.5641025641025641,6.256410256410256,0.6007192123657967,16.3868900935072,-9.004768249306283,38.38294,0.039150598800000005,39,244,1,0.9959183673469387,0.2892428819378895,0.337176861718111,0.20055778771157984,0.44031368086200695,0.25132628267904233,0.5882352941176471,0.5454545454545454,2,0,0.0
V11_mixB,S2_re300_sl8_tp40,S组合,2,,,,300,2,0.08,0.4,,,,,0.4298488125367579,0.44671038285412257,1.7416362541295567,-0.10572165482435947,0.3825240339600493,1.1761659251832985,1.8045177614587589,0.5632183908045977,5.609195402298851,0.6007192123657967,16.3868900935072,-9.156223155564458,42.19394,0.0430378188,87,244,1,1.9918367346938775,0.1998451535803127,0.2026793744851081,0.18888611783910125,0.3590201431576745,0.6012756956839447,0.5952380952380952,0.5333333333333333,2,0,0.0
V11_mixB,S2_re300_sl8_tr15,S组合,2,,,,300,2,0.08,,0.15,,,,0.4298488125367579,0.44671038285412257,1.7416362541295567,-0.10572165482435947,0.3825240339600493,1.1761659251832985,1.8045177614587589,0.5632183908045977,5.609195402298851,0.6007192123657967,16.3868900935072,-9.156223155564458,42.19394,0.0430378188,87,244,1,1.9918367346938775,0.1998451535803127,0.2026793744851081,0.18888611783910125,0.3590201431576745,0.6012756956839447,0.5952380952380952,0.5333333333333333,2,0,0.0
V11_mixB,T2_re150,T细化,2,,,,150,2,,,,,,,0.231711137203932,0.2401561526728162,0.9818195860954098,-0.13828506311525435,0.23875063075402947,0.4494606745188199,1.0212546537220266,0.5470085470085471,4.170940170940171,0.33811751864543105,16.3868900935072,-10.228814994011682,56.65508,0.05778818160000001,117,244,1,1.9918367346938775,0.18074792744804596,0.19636600931525106,0.029543741307821447,0.41258410195518347,0.026105753641567198,0.5714285714285714,0.5185185185185185,1,0,0.0
V11_mixB,T2_re250,T细化,2,,,,250,2,,,,,,,0.370517569534333,0.38475399680923306,1.522946511651014,-0.09109272607403018,0.34101429841700526,0.9471820087256038,1.6996737850386285,0.5666666666666667,5.4222222222222225,0.5353172339948475,16.3868900935072,-9.156223155564458,43.53372,0.0444043944,90,244,1,1.9918367346938775,0.20598287100867865,0.16681575074849708,0.17457925011310937,0.26346204116906136,0.5411480086286622,0.5777777777777777,0.5555555555555556,3,0,0.0
V11_mixC,R1_re300_tr10,R组合,1,,,,300,2,,,0.1,,,,0.648051035533117,0.6752685999821177,2.2626718127426,-0.11150097676671389,0.5277506171353041,0.8986664109050366,2.155137774363089,0.6052631578947368,6.421052631578948,1.0558281115385593,16.3868900935072,-6.450687784679632,37.41508,0.0381633816,38,244,1,0.9959183673469387,0.3036830560071508,0.337176861718111,0.2324854570214221,0.44031368086200695,0.3182311854239368,0.5882352941176471,0.6190476190476191,2,0,0.0
V11_mixC,R1_re300_tr15,R组合,1,,,,300,2,,,0.15,,,,0.7723695680230369,0.805941197369648,2.6175968928450346,-0.11150097676671389,0.5996186826700195,1.147460695957231,2.4323566692752987,0.6153846153846154,6.256410256410256,1.2577766050256844,16.3868900935072,-9.953426707596169,38.3658,0.039133116,39,244,1,0.9959183673469387,0.3103695745649623,0.337176861718111,0.32545635417722973,0.44031368086200695,0.49096736668640606,0.5882352941176471,0.6363636363636364,2,0,0.0
V11_mixC,R1_re300_tr20,R组合,1,,,,300,2,,,0.2,,,,0.6862369374261075,0.7153729306718881,2.368452966803184,-0.11150097676671389,0.5505032814283021,0.9797934593334081,2.350886620150272,0.5833333333333334,6.777777777777778,1.0558281115385593,16.3868900935072,-5.893571119784713,35.44352,0.036152390400000005,36,244,1,0.9959183673469387,0.30744330758900834,0.337176861718111,0.26104256340443754,0.44031368086200695,0.3745571437942119,0.5882352941176471,0.5789473684210527,2,0,0.0
V11_mixC,R2_re300_tr10,R组合,2,,,,300,2,,,0.1,,,,0.28588350507706606,0.29652831712471905,1.2101200389496154,-0.20548509158927086,0.27871936586967494,0.5663229562724708,1.1043064144209473,0.5697674418604651,5.674418604651163,0.7041760365743555,16.3868900935072,-13.71300796404633,41.72812,0.0425626824,86,244,1,1.9918367346938775,0.1998224342772918,0.20942869631113825,0.06321563974719657,0.37016624029731027,0.14316271281986714,0.5813953488372093,0.5581395348837209,2,0,0.0
V11_mixC,R2_re300_tr15,R组合,2,,,,300,2,,,0.15,,,,0.5883731088423667,0.6126537590826884,2.3143058026944208,-0.0858538495607637,0.48566401118637126,2.011637710530435,2.541671107330173,0.5952380952380952,5.809523809523809,0.865526952520046,16.3868900935072,-11.054836698169424,40.73658,0.0415513116,84,244,1,1.9918367346938775,0.2725542230825023,0.32653333652094885,0.19738649991875556,0.7477455580473655,0.7231556942963311,0.6428571428571429,0.5476190476190477,2,0,0.0
V11_mixC,R2_re300_tr20,R组合,2,,,,300,2,,,0.2,,,,0.5992080310463124,0.624016250692979,2.3155985434984627,-0.0933945168521031,0.4931615284069787,2.1092238686637357,2.6766680331497144,0.5952380952380952,5.809523809523809,0.865526952520046,16.3868900935072,-11.054836698169424,40.73506,0.0415497612,84,244,1,1.9918367346938775,0.2730842456268567,0.32653333652094885,0.20555434757523594,0.7477455580473655,0.7789911433890047,0.6428571428571429,0.5476190476190477,2,0,0.0
V11_mixC,S1_re300_sl8_tp40,S组合,1,,,,300,2,0.08,0.4,,,,,0.6053580948834105,0.630466894948005,2.093476576595433,-0.11150097676671389,0.5031455162933897,0.8023023641648239,1.8547540995818845,0.5641025641025641,6.256410256410256,0.6007192123657967,16.3868900935072,-9.004768249306283,38.38294,0.039150598800000005,39,244,1,0.9959183673469387,0.2892428819378895,0.337176861718111,0.20055778771157984,0.44031368086200695,0.25132628267904233,0.5882352941176471,0.5454545454545454,2,0,0.0
V11_mixC,S1_re300_sl8_tr15,S组合,1,,,,300,2,0.08,,0.15,,,,0.6053580948834105,0.630466894948005,2.093476576595433,-0.11150097676671389,0.5031455162933897,0.8023023641648239,1.8547540995818845,0.5641025641025641,6.256410256410256,0.6007192123657967,16.3868900935072,-9.004768249306283,38.38294,0.039150598800000005,39,244,1,0.9959183673469387,0.2892428819378895,0.337176861718111,0.20055778771157984,0.44031368086200695,0.25132628267904233,0.5882352941176471,0.5454545454545454,2,0,0.0
V16_allz,T2_re400,T细化,2,,,,400,2,,,,,,,0.5991744838533175,0.6239810661300209,1.9083947511273194,-0.17487572826301867,0.5058639331013562,1.8284410930652073,2.2425950664085077,0.6415094339622641,9.20754716981132,1.9178481140397219,16.151110652750745,-21.67312847207443,25.79308,0.0263089416,53,244,1,1.9918367346938775,0.26382232084157053,0.6098113324661989,-0.006607512568933993,2.0102890912200215,-0.060408815447394404,0.7666666666666667,0.4782608695652174,0,0,0.0
V16_allz,T2_re300_mh3,T细化,2,,,,300,3,,,,,,,0.6919204618699883,0.7213445535164436,2.120631771476495,-0.155917676152022,0.5625341684772384,2.2859613650522226,2.29157750605062,0.6101694915254238,8.254237288135593,1.125385971076076,23.02126617147571,-13.329528474643382,28.68248,0.029256129599999996,59,244,1,1.9877551020408164,0.2286895344230052,0.4992608900683797,0.12850303311308453,1.3326426395998494,0.4086861438903948,0.6666666666666666,0.5517241379310345,0,0,0.0
V16_allz,T2_re300_mh5,T细化,2,,,,300,5,,,,,,,0.8190283328804149,0.8550635423259811,2.4405462692854525,-0.11577907253872965,0.6333349552349999,2.994563252476517,2.199699524761517,0.5869565217391305,10.608695652173912,1.1316207413357704,46.42058411347703,-16.260261528199738,22.357,0.022804139999999997,46,244,1,1.9918367346938775,0.2668788860562925,0.7003404280668917,0.06980243653234841,2.3453567859637765,0.19406195154927497,0.5833333333333334,0.5909090909090909,1,0,0.0
V16_allz,T2_re300_mh8,T细化,2,,,,300,8,,,,,,,0.2840396491996371,0.2946082878350744,0.9815705562493615,-0.23355279644992155,0.2971446878729649,0.5748826494569705,1.210440110862963,0.47368421052631576,12.842105263157896,-0.5692173243615262,19.62078975112731,-12.08123773281502,18.59616,0.018968083199999996,38,244,1,1.9918367346938775,0.12760835311432778,0.24437252786747132,0.03187720754342349,0.5048632690048143,0.04652873247312406,0.6111111111111112,0.35,0,0,0.0
V16_allz,U2_re300_h10,U持有上限,2,10,,,300,2,,,,,,,0.6212873991240178,0.6471784936623506,1.9599366540687502,-0.1577419803510497,0.5197019873966462,1.922087756261981,2.1574312481117945,0.5949367088607594,6.177215189873418,1.435325228139095,18.679907929820615,-11.573284442810284,38.30746,0.0390736092,79,244,1,1.9918367346938775,0.23894602429487188,0.536724142582873,0.0550282605692729,1.5326546731564394,0.15376477781718023,0.6590909090909091,0.5142857142857142,0,0,0.0
V16_allz,U2_re300_h20,U持有上限,2,20,,,300,2,,,,,,,0.8024742174854609,0.8376305864231943,2.350733935600065,-0.14141201126576441,0.6262025212117651,3.3959724008923393,3.0322336432628845,0.6493506493506493,6.337662337662338,1.9178481140397219,18.679907929820615,-12.19365306578103,37.28454,0.038030230799999995,77,244,1,1.9918367346938775,0.23252012803433542,0.4605864371356776,0.2340756915559543,1.2328742072669074,0.9687505845988145,0.6666666666666666,0.6285714285714286,0,1,0.0
V16_allz,U2_re300_h30,U持有上限,2,30,,,300,2,,,,,,,0.8131637385781629,0.8488870054734166,2.4250832400594224,-0.1405215010619506,0.6303799353520901,3.375601085541976,2.9066033504830115,0.64,6.506666666666667,1.9019598334277132,18.679907929820615,-12.19365306578103,36.2525,0.03697755,75,244,1,1.9918367346938775,0.23686197396120834,0.4712759582283792,0.23237502008899957,1.2225268755582985,0.9687505845988145,0.65,0.6285714285714286,0,1,0.0
V16_allz,V2_re300_q0.2,V择时,2,,,,300,2,,,,,,0.2,0.7835925246666233,0.817752894671254,2.206016316457445,-0.11985823332878476,0.6195735396048543,3.1062877046570803,2.9379107696978193,0.6323529411764706,6.867647058823529,1.531681570156307,18.679907929820615,-13.329528474643382,33.07012,0.0337315224,68,244,3,1.9061224489795918,0.28823346796439825,0.5304034647089517,0.1654394189481414,1.4877029968833848,0.6506342235393336,0.7027027027027027,0.5483870967741935,0,1,0.0
V11_mixC,W2_h20_tr15,W移动,2,20,,,,,,,0.15,,,,0.011247560411294044,0.011618467051311976,0.18558623527344062,-0.34998799453361007,0.052880152253309776,-0.10172319255386197,0.08504890791872143,0.5555555555555556,18.074074074074073,2.1701630303394115,29.465843404027424,-19.63417018002055,12.81928,0.013100525600000003,27,244,1,1.9918367346938775,0.12328291630370805,0.12092234746844666,-0.09784334062466316,-0.0773158084300285,-0.02645258729566391,0.42857142857142855,0.6923076923076923,0,0,0.0
V11_mixC,W2_h20_tr20,W移动,2,20,,,,,,,0.2,,,,-0.0979174887081693,-0.1009601804415804,-0.2019260686788941,-0.3950472425917795,-0.059006697896350824,-0.2851765081778874,-0.34836974887993366,0.5,18.76923076923077,0.30317472141890844,29.465843404027424,-19.805205378139746,12.08838,0.012395367600000002,26,244,1,1.9918367346938775,0.11801954577006234,0.12092234746844666,-0.1952319325873514,-0.06349328451975755,-0.23671290338206485,0.42857142857142855,0.5833333333333334,0,0,0.0
V11_mixC,W2_h20_tr25,W移动,2,20,,,,,,,0.25,,,,-0.09739492158102714,-0.10042229524916824,-0.1925291431384015,-0.3982564064432811,-0.05710379878037308,-0.2957640242222035,-0.432981962200372,0.5,18.76923076923077,0.1374748096265921,29.465843404027424,-15.516853717865542,12.19658,0.012470551600000003,26,244,1,1.9918367346938775,0.11466327867504902,0.12092234746844666,-0.19476573871734582,-0.06349328451975755,-0.2480182318642925,0.42857142857142855,0.5833333333333334,0,0,0.0
V11_mixC,W2_h30_tr15,W移动,2,30,,,,,,,0.15,,,,0.07939639641406693,0.08210365583756074,0.43189041917327253,-0.22598397220502697,0.10913927485474262,0.05553928366024019,0.34505791140232006,0.47368421052631576,25.68421052631579,-0.4213792592839716,25.054175719085258,-16.23701888141994,9.19452,0.009378410399999999,19,244,1,1.9918367346938775,0.13275835063911695,0.19733852846934674,-0.09850358044191143,0.35310515199903203,-0.21991333629849685,0.5,0.4444444444444444,0,0,0.0
V11_mixC,W2_h30_tr20,W移动,2,30,,,,,,,0.2,,,,-0.0810077121008973,-0.08354957442424815,-0.10262982044629629,-0.38934597108289437,-0.03264108186431469,-0.1769232106015718,-0.3481994397131741,0.5,27.11111111111111,0.4125447530162307,11.091980634360077,-17.186139198745032,8.48198,0.0086528196,18,244,1,1.9918367346938775,0.058084267296710776,0.09872604189145817,-0.16358377533579183,0.029547226090055112,-0.20054489144295629,0.5,0.5,0,0,0.0
V11_mixC,W2_h30_tr25,W移动,2,30,,,,,,,0.25,,,,-0.03442999258262147,-0.035538547818360744,0.04493558285490988,-0.3716499364224195,0.013871478659210568,-0.1651627137069589,-0.14090470501853142,0.5,27.11111111111111,-0.5840410264839668,24.450353575760243,-20.924145928955028,8.59662,0.0087746524,18,244,1,1.9918367346938775,0.08530311679476217,0.15438231257401402,-0.1635613289462361,0.12214215240770265,-0.2560325048820342,0.5,0.5,0,0,0.0
V11_mixC,X_re300_close_overlap,X口径,2,,close_overlap,,300,2,,,,,,,3.1441627033792408,3.3419081026155784,2.7669144170873974,-0.24687120921272443,1.5882155671317388,3.1441627033792416,2.8836225747860715,0.5952380952380952,5.809523809523809,1.0972417793519873,22.035589016707192,-14.31739169727293,40.73506,0.0415497612,84,244,1,1.9918367346938775,nan,1.928124687093431,0.4152958450320965,1.5931284380204036,0.5981324498307148,0.6904761904761905,0.5,2,0,97255.0
V11_mixC,X_re300_close_seq,X口径,2,,close_seq,,300,2,,,,,,,0.42112248517383066,0.4375925808639398,1.7531036401775635,-0.17771899181765016,0.37504872240417364,1.1105004367401885,1.8006334799325172,0.6197183098591549,5.887323943661972,1.2566766615764724,13.985714540264249,-15.168024020966598,34.335,0.0350217,71,244,6,1.7061224489795919,0.3855526073769094,0.4533923793614949,-0.022203153563968403,1.3283466025736579,-0.09356260171602993,0.7777777777777778,0.45714285714285713,0,0,0.0
V11_mixB,V2_re300_q0.4,V择时,2,,,,300,2,,,,,,0.4,0.4604871812107867,0.47873760841161017,1.8847556816143642,-0.11068404360152295,0.4024256860932295,1.4540634419411202,2.4087026901633766,0.5925925925925926,5.493827160493828,0.8076328607829142,16.3868900935072,-9.156223155564458,39.08588,0.0398675976,81,244,7,1.816326530612245,0.2819428725791215,0.2069282685271101,0.21008614952163662,0.3371968759449986,0.8352297153003978,0.5476190476190477,0.6410256410256411,2,0,0.0
V11_mixB,W2_h10_tr15,W移动,2,10,,,,,,,0.15,,,,0.048961132476776026,0.050606376533282926,0.3202169100165823,-0.2643825446890856,0.07941073017977829,-0.005325099768390684,0.24046324784752135,0.56,9.76,0.8470571265583593,19.304745472059604,-18.193784361374334,24.20064,0.024684652799999998,50,244,1,1.9918367346938775,0.13583630400340618,0.2573703983171385,-0.16575009728183243,0.29038483085678557,-0.22916414045942513,0.5769230769230769,0.5416666666666666,0,0,0.0
V11_mixB,W2_h10_tr20,W移动,2,10,,,,,,,0.2,,,,0.051569669810274554,0.05330477509963849,0.326906845299832,-0.28514661663273955,0.08494359498217341,-0.00213209801553349,0.25101396552903255,0.56,9.76,0.602022796268542,19.304745472059604,-18.99786484468461,24.22048,0.024704889600000002,50,244,1,1.9918367346938775,0.13758449938098283,0.2573703983171385,-0.16367549990226127,0.29038483085678557,-0.22668968347845064,0.5769230769230769,0.5416666666666666,0,0,0.0
V11_mixB,W2_h10_tr25,W移动,2,10,,,,,,,0.25,,,,0.051569669810274554,0.05330477509963849,0.326906845299832,-0.28514661663273955,0.08494359498217341,-0.00213209801553349,0.25101396552903255,0.56,9.76,0.602022796268542,19.304745472059604,-18.99786484468461,24.22048,0.024704889600000002,50,244,1,1.9918367346938775,0.13758449938098283,0.2573703983171385,-0.16367549990226127,0.29038483085678557,-0.22668968347845064,0.5769230769230769,0.5416666666666666,0,0,0.0
V11_mixB,W2_h20_tr15,W移动,2,20,,,,,,,0.15,,,,0.011247560411294044,0.011618467051311976,0.18558623527344062,-0.34998799453361007,0.052880152253309776,-0.10172319255386197,0.08504890791872156,0.5555555555555556,18.074074074074073,2.1701630303394115,29.465843404027424,-19.63417018002055,12.81928,0.013100525600000003,27,244,1,1.9918367346938775,0.12328291630370805,0.12092234746844688,-0.09784334062466316,-0.0773158084300285,-0.02645258729566391,0.42857142857142855,0.6923076923076923,0,0,0.0
V11_mixB,W2_h20_tr20,W移动,2,20,,,,,,,0.2,,,,-0.09791748870816874,-0.10096018044157984,-0.2019260686788941,-0.3950472425917795,-0.059006697896350824,-0.28517650817788753,-0.3483697488799335,0.5,18.76923076923077,0.30317472141890844,29.465843404027424,-19.805205378139746,12.08838,0.012395367600000002,26,244,1,1.9918367346938775,0.11801954577006234,0.12092234746844688,-0.1952319325873514,-0.06349328451975766,-0.23671290338206485,0.42857142857142855,0.5833333333333334,0,0,0.0
V11_mixB,W2_h20_tr25,W移动,2,20,,,,,,,0.25,,,,-0.12638462171659592,-0.13024618019857714,-0.31422192046915925,-0.3982564064432811,-0.09143013994101334,-0.3453944903008582,-0.6007805289388016,0.5,18.76923076923077,0.13446550702318483,29.465843404027424,-15.516853717865542,12.14746,0.012445009200000003,26,244,1,1.9918367346938775,0.11555463479099501,0.12092234746844688,-0.22062810126283483,-0.06349328451975766,-0.3010135443999895,0.42857142857142855,0.5833333333333334,0,0,0.0
V11_mixB,W2_h30_tr15,W移动,2,30,,,,,,,0.15,,,,0.17277240980667097,0.1789164925363742,0.7572822635879076,-0.22844579501430085,0.19256838861902237,0.2522971070102593,0.7103632643096902,0.47368421052631576,25.68421052631579,-0.4213792592839716,25.054175719085258,-16.23701888141994,9.19662,0.009380552399999999,19,244,1,1.9918367346938775,0.13488778496782627,0.19733852846934674,-0.020517270662024245,0.35310515199903203,-0.07450126462074447,0.5,0.4444444444444444,0,0,0.0
V11_ensw2,V2_re300_q0.4,V择时,2,,,,300,2,,,,,,0.4,0.17440374872815156,0.1806101832808491,0.7604594848739429,-0.2475163616187278,0.1942807270651652,0.2162473248439305,0.6398177475302831,0.5147058823529411,6.3088235294117645,0.002684807076214213,17.411721127689272,-23.304132051946347,33.1039,0.033765978,68,244,21,1.7510204081632652,0.3166353775104562,0.28535109720813767,-0.08631676490646822,0.48933434620319494,-0.18336179653376894,0.5238095238095238,0.5,0,0,0.0
V11_ensw2,W2_h10_tr15,W移动,2,10,,,,,,,0.15,,,,0.4443482856482621,0.4618643510145184,1.4487301081837924,-0.22035085247283925,0.40829004419708426,0.560921486328801,0.8070908814465364,0.46,9.76,-0.5517785331700942,102.55753772639386,-18.193784361374334,24.12414,0.0246066228,50,244,1,1.9918367346938775,0.24530189633947225,0.7634417870912253,-0.18094926851501292,1.632658393344061,-0.4070930393874296,0.46153846153846156,0.4583333333333333,0,0,0.0
V11_ensw2,W2_h10_tr20,W移动,2,10,,,,,,,0.2,,,,0.6748656501265169,0.703427214773251,1.9482168974320222,-0.24009526365912415,0.5579209880770354,1.3798278226158902,1.1765755429162807,0.5,9.76,0.0515790230893598,102.55753772639386,-22.178461716664543,24.21146,0.024695689200000003,50,244,1,1.9918367346938775,0.2457603640998915,0.7634417870912253,-0.05022912443898375,1.632658393344061,-0.09603622382888088,0.46153846153846156,0.5416666666666666,0,0,0.0
V11_ensw2,W2_h10_tr25,W移动,2,10,,,,,,,0.25,,,,0.6748656501265169,0.703427214773251,1.9482168974320222,-0.24009526365912415,0.5579209880770354,1.3798278226158902,1.1765755429162807,0.5,9.76,0.0515790230893598,102.55753772639386,-22.178461716664543,24.21146,0.024695689200000003,50,244,1,1.9918367346938775,0.2457603640998915,0.7634417870912253,-0.05022912443898375,1.632658393344061,-0.09603622382888088,0.46153846153846156,0.5416666666666666,0,0,0.0
V11_ensw2,W2_h20_tr15,W移动,2,20,,,,,,,0.15,,,,0.7956950847826314,0.8304930688722212,2.1146481551724823,-0.16423486953572042,0.6313533279485353,1.5362141326927663,1.134403486418809,0.5,17.428571428571427,0.6242913665084615,131.85394996324155,-17.12140609717252,13.53746,0.0138082092,28,244,1,1.9918367346938775,0.2716316898088198,0.8158554172464512,-0.01110238858906043,1.3342419907521568,0.08652579412965156,0.42857142857142855,0.5714285714285714,0,0,0.0
V11_ensw2,W2_h20_tr20,W移动,2,20,,,,,,,0.2,,,,0.7898571059310426,0.8243471679412531,2.0579001515462005,-0.14880689695117222,0.6306113427484699,1.515501158009784,1.1308210442573827,0.5,18.76923076923077,0.6242913665084615,131.85394996324155,-22.178461716664543,12.62642,0.012878948399999998,26,244,1,1.9918367346938775,0.2769423484126714,0.8158554172464512,-0.014317390618483472,1.2740527432658317,0.10617538025841933,0.42857142857142855,0.5833333333333334,0,0,0.0
V11_ensw2,W2_h20_tr25,W移动,2,20,,,,,,,0.25,,,,1.0175211600196281,1.0644869138776198,2.3892345394570964,-0.14955345094045525,0.7534856854532612,2.7160020112966348,1.4193656018588143,0.5384615384615384,18.76923076923077,1.8283249757781284,131.85394996324155,-25.891024301851285,12.62484,0.0128773368,26,244,1,1.9918367346938775,0.27685260664320754,0.8158554172464512,0.111058259847022,1.2740527432658317,0.6340878734237174,0.42857142857142855,0.6666666666666666,0,0,0.0
V11_ensw2,W2_h30_tr15,W移动,2,30,,,,,,,0.15,,,,0.16816671998128796,0.17413518467939748,0.6930572817211822,-0.25925148761946437,0.1972739076338238,0.290988154505621,0.7756547507443279,0.65,24.4,1.5103649464532465,24.450353575760243,-18.186008839067014,9.68432,0.0098780064,20,244,1,1.9918367346938775,0.18771648771164057,0.31949584246975915,-0.11468707791092525,0.6264227835805676,-0.20624073424284428,0.8,0.5,0,0,0.0
V15_allz,U2_re300_h10,U持有上限,2,10,,,300,2,,,,,,,0.43101376458844776,0.4479277344891124,1.202492209352376,-0.22077340330139905,0.4220354337277774,0.5692400033563099,0.9973024130502103,0.5757575757575758,7.393939393939394,2.1777015160819424,33.22269543252088,-32.048590132013544,30.9323,0.031571606,66,244,1,1.9918367346938775,0.20085809639985608,0.2853847376565444,0.11329606044444529,0.6983350455291026,-0.07601270580421549,0.625,0.5294117647058824,0,0,0.0
V15_allz,U2_re300_h20,U持有上限,2,20,,,300,2,,,,,,,0.30001278527648245,0.31124429345548243,0.9736188604520183,-0.23114786364703732,0.31719303294353296,0.3919270327141251,0.8607219071311503,0.6,10.844444444444445,3.0993289309822813,17.694188465634042,-29.729606717250956,21.22736,0.0216650172,45,244,1,1.9918367346938775,0.18670500287028155,0.20236492512547044,0.081213164248634,0.4795970792592825,-0.059252649098933685,0.65,0.56,1,0,0.0
V15_allz,U2_re300_h30,U持有上限,2,30,,,300,2,,,,,,,0.31828569547888286,0.33028372741638345,0.9960035122993036,-0.1896856011655581,0.3343365813041973,0.4234142046972036,0.9011731827511712,0.5581395348837209,11.348837209302326,2.2883152284445263,18.59189574140043,-38.575260920592534,20.41872,0.020849694399999997,43,244,1,1.9918367346938775,0.16890198360933764,0.18566716335382227,0.1118513999746189,0.36119732093714196,0.04570746856688457,0.6,0.5217391304347826,0,0,0.0
V15_allz,V2_re300_q0.2,V择时,2,,,,300,2,,,,,,0.2,0.1489531714940262,0.15419570477307487,0.6087279152634002,-0.2962059433353317,0.18823838711177254,0.007077694194441708,0.41218383583710244,0.6176470588235294,13.852941176470589,3.148940879395623,17.694188465634042,-36.21083711037186,16.14408,0.016479121599999997,34,244,1,1.9224489795918367,0.2167732330560528,0.24935840198491688,-0.08036543423518194,0.6037421329059771,-0.37204512275946844,0.6111111111111112,0.625,0,0,0.0
V15_allz,V2_re300_q0.4,V择时,2,,,,300,2,,,,,,0.4,0.19175592642942885,0.1986303365679627,0.7375594669849835,-0.13853373660182122,0.22226136589206402,0.33772193512496607,0.9030926186755028,0.5757575757575758,13.818181818181818,2.4614625838307758,12.732527380718839,-11.510567659255521,15.55966,0.015883013199999997,33,244,6,1.8612244897959183,0.1967484282815386,0.1727622679947063,0.016195659557839415,0.4046374227275358,-0.04763897538243933,0.6111111111111112,0.5333333333333333,0,0,0.0
V15_allz,W2_h10_tr15,W移动,2,10,,,,,,,0.15,,,,-0.1797548056220023,-0.18506648980594753,-0.24877557907735126,-0.43369762490628827,-0.10534594862180124,-0.4577746214358003,-0.7174310973930714,0.38461538461538464,9.384615384615385,-1.3817552184453408,23.711812974729774,-19.186424585011075,23.6987,0.024297434000000003,52,244,1,1.9918367346938775,0.07819659484141137,0.15978147091082784,-0.29275883866826824,0.008577880383671799,-0.46238620823417964,0.38461538461538464,0.38461538461538464,1,0,0.0
V15_allz,W2_h10_tr20,W移动,2,10,,,,,,,0.2,,,,-0.17499096297689876,-0.18017785186303592,-0.2605397436874891,-0.39588673407722497,-0.10630451681287367,-0.4918352381516303,-0.7440200758397273,0.38,9.76,-2.3020612162309497,23.711812974729774,-21.795128447326594,22.87948,0.0234745996,50,244,1,1.9918367346938775,0.09368030508760022,0.16483635082698322,-0.2917382459455523,-0.04004227064937971,-0.47063839759681236,0.38461538461538464,0.375,0,0,0.0
V15_allz,W2_h10_tr25,W移动,2,10,,,,,,,0.25,,,,-0.19911828402352916,-0.20492758407949963,-0.3056255521280332,-0.4566660877886308,-0.12937553636994825,-0.555909414805249,-0.8289969737891172,0.4,9.76,-1.9379726940109199,23.711812974729774,-27.51568735634551,22.6853,0.023386466,50,244,1,1.9918367346938775,0.0932766628422624,0.16483635082698322,-0.31245130235858454,-0.04004227064937971,-0.5373852706044009,0.38461538461538464,0.4166666666666667,1,0,0.0
V11_allz,T2_re400,T细化,2,,,,400,2,,,,,,,0.18215204684488184,0.1886556826054957,0.8054701459454767,-0.14643745747422487,0.1984702151284462,0.3974453668753184,1.038885962963208,0.5172413793103449,8.413793103448276,0.5414731080620627,16.26616245105328,-9.896487794908815,27.9025,0.028460549999999998,58,244,1,1.9918367346938775,0.09780803237763802,0.01630110323919909,0.16319075427260277,-0.062314609020304945,0.49031368123936003,0.5714285714285714,0.4666666666666667,1,0,0.0
V11_allz,T2_re300_mh3,T细化,2,,,,300,3,,,,,,,0.4459377520247856,0.4635258689629096,1.7791450625062746,-0.09652462811566953,0.394191768757979,1.3143799652722703,2.0673059388285884,0.6164383561643836,6.684931506849315,1.0511292438821762,16.3868900935072,-11.054836698169424,35.43102,0.0361396404,73,244,1,1.9918367346938775,0.17119463246068314,0.13643207320862727,0.27234859532104916,0.1939408830385434,0.9384376547876003,0.6,0.631578947368421,2,0,0.0
V11_allz,T2_re300_mh5,T细化,2,,,,300,5,,,,,,,0.5220414748923845,0.5431483656035163,2.1069783700818308,-0.10604395107516218,0.44301185872550763,1.6843637757875123,2.338761108772055,0.5737704918032787,8.0,1.1330358615716074,16.935119360315774,-11.054836698169424,29.45922,0.030048404400000003,61,244,1,1.9918367346938775,0.2774428685557163,0.4051797684148286,0.08316495092253451,0.9690570822538278,0.3632737212041244,0.6363636363636364,0.5,1,0,0.0
V11_allz,T2_re300_mh8,T细化,2,,,,300,8,,,,,,,0.42996019639521355,0.4468267753568207,1.6144568894637348,-0.14076933783096668,0.3873400367507319,1.1733769004033991,1.9752311697078249,0.5869565217391305,10.608695652173912,0.5344409945799877,15.954457901551656,-13.952723979154424,22.35878,0.022805955599999997,46,244,1,1.9918367346938775,0.2035560740045721,0.2334191965534409,0.15934647392465462,0.42935605787480835,0.5205286943232428,0.5217391304347826,0.6521739130434783,0,0,0.0
V11_allz,U2_re300_h10,U持有上限,2,10,,,300,2,,,,,,,0.5079368654202958,0.5283815518581785,1.940592708742112,-0.09874358716902987,0.437026051971809,1.5140209204374702,2.0668882758214453,0.6129032258064516,5.247311827956989,0.9044762455721056,16.3868900935072,-13.637328289282857,45.05266,0.04595371320000001,93,244,1,1.9918367346938775,0.2566312941670761,0.26731628170850597,0.18986624506031147,0.5381971836472403,0.634394437309032,0.66,0.5581395348837209,2,0,0.0
V11_allz,U2_re300_h20,U持有上限,2,20,,,300,2,,,,,,,0.4646895602306538,0.48313221263935624,1.774395025890433,-0.13731615798380403,0.40905411556244886,1.3585062729615776,2.0113567809439186,0.5632183908045977,5.609195402298851,0.6007192123657967,16.3868900935072,-11.054836698169424,42.22268,0.04306713360000001,87,244,1,1.9918367346938775,0.24005056737559885,0.24705019143067708,0.1745233434031146,0.48086467250034604,0.5926548298160077,0.6136363636363636,0.5116279069767442,1,0,0.0
V11_allz,U2_re300_h30,U持有上限,2,30,,,300,2,,,,,,,0.5992080310463124,0.624016250692979,2.3155985434984627,-0.0933945168521031,0.4931615284069787,2.1092238686637357,2.6766680331497144,0.5952380952380952,5.809523809523809,0.865526952520046,16.3868900935072,-11.054836698169424,40.73506,0.0415497612,84,244,1,1.9918367346938775,0.2730842456268567,0.32653333652094885,0.20555434757523594,0.7477455580473655,0.7789911433890047,0.6428571428571429,0.5476190476190477,2,0,0.0
V11_allz,V2_re300_q0.2,V择时,2,,,,300,2,,,,,,0.2,0.21440343308169862,0.22216258962511648,0.9718534668033568,-0.1886052084066815,0.22083343776034225,0.4084289344764829,0.939604569465081,0.575,5.8875,0.6280622822749882,16.3868900935072,-25.692589551290034,38.79448,0.0395703696,80,244,4,1.9224489795918367,0.23783954585884395,0.23324003119335912,-0.015274072877308198,0.5769514468965296,-0.10686601210944169,0.5952380952380952,0.5526315789473685,1,0,0.0
V11_mixC,P2_re300_sl8,P组合,2,,,,300,2,0.08,,,,,,0.4365981343627894,0.4537637401649368,1.7326922743091953,-0.10519829987587681,0.3882091709823722,1.1940138996347307,1.804299760907083,0.5568181818181818,5.545454545454546,0.4552925470991953,16.3868900935072,-10.404909506754967,42.74456,0.0435994512,88,244,1,1.9918367346938775,0.2048617306491834,0.20942869631113825,0.18783202246195696,0.37016624029731027,0.6012756956839447,0.5813953488372093,0.5333333333333333,2,0,0.0
V11_mixC,P2_re300_sl10,P组合,2,,,,300,2,0.1,,,,,,0.4273876207004399,0.4441385934791513,1.7410555169212185,-0.12411552502062984,0.3804866344412815,1.1215338032254967,1.7134292041740664,0.5833333333333334,5.809523809523809,0.8171052601254503,16.3868900935072,-11.828006414043625,40.77412,0.0415896024,84,244,1,1.9918367346938775,0.21233876156124776,0.20942869631113825,0.18021643198486603,0.37016624029731027,0.548376934732496,0.5813953488372093,0.5853658536585366,2,0,0.0
V11_mixC,Q1_re300_tp20,Q组合,1,,,,300,2,,0.2,,,,,0.6862369374261075,0.7153729306718881,2.368452966803184,-0.11150097676671389,0.5505032814283021,0.9797934593334081,2.350886620150272,0.5833333333333334,6.777777777777778,1.0558281115385593,16.3868900935072,-5.893571119784713,35.44352,0.036152390400000005,36,244,1,0.9959183673469387,0.30744330758900834,0.337176861718111,0.26104256340443754,0.44031368086200695,0.3745571437942119,0.5882352941176471,0.5789473684210527,2,0,0.0
V11_mixC,Q1_re300_tp40,Q组合,1,,,,300,2,,0.4,,,,,0.6862369374261075,0.7153729306718881,2.368452966803184,-0.11150097676671389,0.5505032814283021,0.9797934593334081,2.350886620150272,0.5833333333333334,6.777777777777778,1.0558281115385593,16.3868900935072,-5.893571119784713,35.44352,0.036152390400000005,36,244,1,0.9959183673469387,0.30744330758900834,0.337176861718111,0.26104256340443754,0.44031368086200695,0.3745571437942119,0.5882352941176471,0.5789473684210527,2,0,0.0
V11_mixC,Q1_re300_tp60,Q组合,1,,,,300,2,,0.6,,,,,0.6862369374261075,0.7153729306718881,2.368452966803184,-0.11150097676671389,0.5505032814283021,0.9797934593334081,2.350886620150272,0.5833333333333334,6.777777777777778,1.0558281115385593,16.3868900935072,-5.893571119784713,35.44352,0.036152390400000005,36,244,1,0.9959183673469387,0.30744330758900834,0.337176861718111,0.26104256340443754,0.44031368086200695,0.3745571437942119,0.5882352941176471,0.5789473684210527,2,0,0.0
V11_mixC,Q2_re300_tp20,Q组合,2,,,,300,2,,0.2,,,,,0.5992080310463124,0.624016250692979,2.3155985434984627,-0.0933945168521031,0.4931615284069787,2.1092238686637357,2.6766680331497144,0.5952380952380952,5.809523809523809,0.865526952520046,16.3868900935072,-11.054836698169424,40.73506,0.0415497612,84,244,1,1.9918367346938775,0.2730842456268567,0.32653333652094885,0.20555434757523594,0.7477455580473655,0.7789911433890047,0.6428571428571429,0.5476190476190477,2,0,0.0
V11_mixC,Q2_re300_tp40,Q组合,2,,,,300,2,,0.4,,,,,0.5992080310463124,0.624016250692979,2.3155985434984627,-0.0933945168521031,0.4931615284069787,2.1092238686637357,2.6766680331497144,0.5952380952380952,5.809523809523809,0.865526952520046,16.3868900935072,-11.054836698169424,40.73506,0.0415497612,84,244,1,1.9918367346938775,0.2730842456268567,0.32653333652094885,0.20555434757523594,0.7477455580473655,0.7789911433890047,0.6428571428571429,0.5476190476190477,2,0,0.0
V11_mixC,Q2_re300_tp60,Q组合,2,,,,300,2,,0.6,,,,,0.5992080310463124,0.624016250692979,2.3155985434984627,-0.0933945168521031,0.4931615284069787,2.1092238686637357,2.6766680331497144,0.5952380952380952,5.809523809523809,0.865526952520046,16.3868900935072,-11.054836698169424,40.73506,0.0415497612,84,244,1,1.9918367346938775,0.2730842456268567,0.32653333652094885,0.20555434757523594,0.7477455580473655,0.7789911433890047,0.6428571428571429,0.5476190476190477,2,0,0.0
V11_mixB,P1_re300_sl5,P组合,1,,,,300,2,0.05,,,,,,0.5007330718466005,0.5208412881260105,1.7234814139272228,-0.15010486174698978,0.43931844418141475,0.620443399800717,1.5807144582582906,0.6153846153846154,4.6923076923076925,1.0076463155748616,14.361271145644272,-9.723127900724348,51.01006,0.052030261200000004,52,244,1,0.9959183673469387,0.27566612778100175,0.37485130966294666,0.09156027368116959,0.417909945249312,0.14283943435899427,0.68,0.5555555555555556,1,0,0.0
V11_mixB,P1_re300_sl8,P组合,1,,,,300,2,0.08,,,,,,0.6053580948834105,0.630466894948005,2.093476576595433,-0.11150097676671389,0.5031455162933897,0.8023023641648239,1.8547540995818845,0.5641025641025641,6.256410256410256,0.6007192123657967,16.3868900935072,-9.004768249306283,38.38294,0.039150598800000005,39,244,1,0.9959183673469387,0.2892428819378895,0.337176861718111,0.20055778771157984,0.44031368086200695,0.25132628267904233,0.5882352941176471,0.5454545454545454,2,0,0.0
V11_mixB,P1_re300_sl10,P组合,1,,,,300,2,0.1,,,,,,0.7723695680230369,0.805941197369648,2.6175968928450346,-0.11150097676671389,0.5996186826700195,1.147460695957231,2.4323566692752987,0.6153846153846154,6.256410256410256,1.2577766050256844,16.3868900935072,-9.953426707596169,38.3658,0.039133116,39,244,1,0.9959183673469387,0.3103695745649623,0.337176861718111,0.32545635417722973,0.44031368086200695,0.49096736668640606,0.5882352941176471,0.6363636363636364,2,0,0.0
V11_mixB,P2_re300_sl5,P组合,2,,,,300,2,0.05,,,,,,0.4060567248241511,0.42185527671657885,1.6573856574620394,-0.1651156363006353,0.36604452855665504,1.1078344508980362,1.7429496848035921,0.5728155339805825,4.737864077669903,0.6932742941380576,18.004429959321698,-9.723127900724348,49.8748,0.050872296,103,244,1,1.9918367346938775,0.23330162245902722,0.275763304262473,0.10212977605356133,0.6685472953698142,0.2632752195560988,0.6274509803921569,0.5192307692307693,3,0,0.0
V11_mixB,P2_re300_sl8,P组合,2,,,,300,2,0.08,,,,,,0.4298488125367579,0.44671038285412257,1.7416362541295567,-0.10572165482435947,0.3825240339600493,1.1761659251832985,1.8045177614587589,0.5632183908045977,5.609195402298851,0.6007192123657967,16.3868900935072,-9.156223155564458,42.19394,0.0430378188,87,244,1,1.9918367346938775,0.1998451535803127,0.2026793744851081,0.18888611783910125,0.3590201431576745,0.6012756956839447,0.5952380952380952,0.5333333333333333,2,0,0.0
V11_mixB,P2_re300_sl10,P组合,2,,,,300,2,0.1,,,,,,0.42063829887440884,0.4370867269707892,1.7516792658372293,-0.12471265119237496,0.37475566559178475,1.1042754435021975,1.7119767992002528,0.5903614457831325,5.879518072289157,0.8593150396281501,16.3868900935072,-11.828006414043625,40.2235,0.04102797,83,244,1,1.9918367346938775,0.207386201264011,0.2026793744851081,0.1812277893953358,0.3590201431576745,0.548376934732496,0.5952380952380952,0.5853658536585366,2,0,0.0
V11_mixB,Q1_re300_tp20,Q组合,1,,,,300,2,,0.2,,,,,0.7958713458022664,0.8306786369145973,2.636657932220291,-0.11150097676671389,0.6137017121569929,1.217044908669132,2.679545583146856,0.6153846153846154,6.256410256410256,1.2577766050256844,16.3868900935072,-5.893571119784713,38.33528,0.0391019856,39,244,1,0.9959183673469387,0.3118253329485917,0.337176861718111,0.3430320230749353,0.44031368086200695,0.539279212665857,0.5882352941176471,0.6363636363636364,2,0,0.0
V11_mixB,Q1_re300_tp40,Q组合,1,,,,300,2,,0.4,,,,,0.7958713458022664,0.8306786369145973,2.636657932220291,-0.11150097676671389,0.6137017121569929,1.217044908669132,2.679545583146856,0.6153846153846154,6.256410256410256,1.2577766050256844,16.3868900935072,-5.893571119784713,38.33528,0.0391019856,39,244,1,0.9959183673469387,0.3118253329485917,0.337176861718111,0.3430320230749353,0.44031368086200695,0.539279212665857,0.5882352941176471,0.6363636363636364,2,0,0.0
V11_mixA,S2_re300_sl8_tp40,S组合,2,,,,300,2,0.08,0.4,,,,,0.6513442813616888,0.6787261054395455,2.3109424625447272,-0.13445692711363222,0.528866809693814,2.3429026400481368,2.678645697912563,0.6329113924050633,6.1645569620253164,1.1635202695400526,16.266162451053255,-12.459938590761189,38.47244,0.039241888800000006,79,244,1,1.9877551020408164,0.2660949048794425,0.3278419864780848,0.24363011425903802,0.7747809914113972,0.8835578340230519,0.675,0.5897435897435898,0,0,0.0
V11_mixA,S2_re300_sl8_tr15,S组合,2,,,,300,2,0.08,,0.15,,,,0.6712687798221622,0.6996491987285895,2.3810606829020067,-0.13445692711363222,0.540455713319755,2.452223158889988,2.693959039681055,0.6375,6.0875,1.5116820006325637,16.266162451053255,-12.459938590761189,38.96868,0.0397480536,80,244,1,1.9877551020408164,0.2668662259846971,0.3278419864780848,0.2586352870607511,0.7747809914113972,0.9451544588296525,0.675,0.6,0,0,0.0
V11_mixA,T2_re150,T细化,2,,,,150,2,,,,,,,0.9961936976561179,1.0419513510904959,3.3611541781925807,-0.09942547511391164,0.715246490082436,5.386790117436555,3.3762017836937512,0.5871559633027523,4.477064220183486,1.2830568334349035,19.18782017752758,-13.637328289282857,53.1087,0.054170874,109,244,1,1.9918367346938775,0.3723036491454366,0.7413551193429468,0.14634497896634047,2.7063271008869685,0.723212750409459,0.631578947368421,0.5384615384615384,3,0,0.0
V11_mixA,T2_re250,T细化,2,,,,250,2,,,,,,,0.3716499250152361,0.38593564284320525,1.241661105987527,-0.2034552353283604,0.35905767731352245,0.8459947216821302,1.3942539572029253,0.5822784810126582,6.1645569620253164,1.0741912984976842,19.01586289319166,-20.096774838541986,38.53658,0.039307311600000006,79,244,1,1.9877551020408164,0.16980911866477902,0.19912112464626341,0.14387937700611175,0.2717857677061173,0.4514981756807188,0.5945945945945946,0.5714285714285714,1,0,0.0
V11_mixA,T2_re400,T细化,2,,,,400,2,,,,,,,0.06401245258064714,0.06617920926193399,0.36856536825145203,-0.2590315113766387,0.09958479983582869,-0.013271094384009197,0.27711617501984326,0.5,8.413793103448276,-0.03861860301618836,13.78678089378862,-25.35138133709808,28.18524,0.0287489448,58,244,1,1.9918367346938775,0.13168424573131526,0.18382905380241477,-0.10121106661212642,0.029086782213799012,-0.04116064585601442,0.4666666666666667,0.5357142857142857,2,0,0.0
V11_mixA,T2_re300_mh3,T细化,2,,,,300,3,,,,,,,0.9069201433792948,0.9477074976805384,3.0113355780053372,-0.11399393678793168,0.6717621681198678,4.562641041671257,3.4339783057940956,0.6233766233766234,6.337662337662338,1.9032358177131892,19.01586289319166,-14.810302839385436,37.45712,0.0382062624,77,244,1,1.9918367346938775,0.35953137061688245,0.687551365304911,0.12999235613474003,2.6307397225842193,0.5320957894806024,0.7073170731707317,0.5277777777777778,0,0,0.0
V11_mixA,T2_re300_mh5,T细化,2,,,,300,5,,,,,,,0.5907026883760129,0.6150965556490611,2.043919135189917,-0.14822628001709215,0.49451826698279955,1.779807388394821,1.9906960963739453,0.576271186440678,8.271186440677965,0.4413635063579058,23.006611816676916,-25.35138133709808,28.69794,0.029271898800000005,59,244,1,1.9918367346938775,0.30839137923096194,0.4823607440611706,0.07308743485612168,1.5685977847891723,0.08222758925371654,0.6333333333333333,0.5172413793103449,3,0,0.0
V11_mixA,T2_re300_mh8,T细化,2,,,,300,8,,,,,,,0.4592017792910146,0.4773934923845906,1.7567927729930108,-0.14979288208889296,0.40549186514849633,1.2855502535114982,1.95398598620739,0.5116279069767442,11.348837209302326,0.41963002662788185,25.34790793276671,-9.858334651589907,20.8965,0.021314430000000002,43,244,1,1.9918367346938775,0.27048003530477416,0.5157931970131202,-0.03733452415119798,1.8052004668151875,-0.18524530401695705,0.6521739130434783,0.35,0,0,0.0
V11_mixB,T2_re400,T细化,2,,,,400,2,,,,,,,0.3682131960287567,0.38234941459644944,1.4846973271932813,-0.11470149797342155,0.34062567436723157,0.9739631575717129,1.7527692013923881,0.5454545454545454,7.393939393939394,0.7963138740852527,16.266162451053255,-9.684146658609983,31.82224,0.0324586848,66,244,1,1.9918367346938775,0.20490757696653963,0.21134652252683894,0.12949777011345787,0.3717296748379837,0.43903218963667845,0.6388888888888888,0.43333333333333335,1,0,0.0
V11_mixB,T2_re300_mh3,T细化,2,,,,300,3,,,,,,,0.43737760789066704,0.4545783965796275,1.6699360663723757,-0.15133589327749897,0.39125008497678604,1.2450839226466122,1.9823124913401324,0.64,6.506666666666667,1.3034717814980112,16.3868900935072,-14.676592281436296,36.17316,0.036896623200000006,75,244,1,1.9918367346938775,0.1692648031011492,0.21709713271837527,0.18098841025144452,0.1867381443939602,0.891810702514434,0.625,0.6571428571428571,1,0,0.0
V11_mixB,T2_re300_mh5,T细化,2,,,,300,5,,,,,,,0.4059188633125441,0.42171129557764764,1.662224150283158,-0.10926299552837093,0.3656812547720836,1.1134277126830132,1.841553121810015,0.5833333333333334,8.133333333333333,0.8095713743423327,16.935119360315774,-12.050086489707802,29.01054,0.0295907508,60,244,1,1.9918367346938775,0.23037170277309832,0.2602247175258794,0.11560965577051796,0.3693908027904804,0.5433342391203224,0.6129032258064516,0.5517241379310345,0,0,0.0
V11_mixB,T2_re300_mh8,T细化,2,,,,300,8,,,,,,,0.10360277402595175,0.10717553642409894,0.5403277924346536,-0.3144315406476811,0.1268565749592947,0.06507166205416048,0.3943402569827962,0.5555555555555556,10.844444444444445,0.4603803011216989,17.03023157579897,-19.142876269547237,21.79202,0.022227860400000004,45,244,1,1.9918367346938775,0.16503061936274974,0.25273502708359596,-0.11904532868760576,0.3822184082536835,-0.2294476359927884,0.5652173913043478,0.5454545454545454,0,0,0.0
V11_mixB,U2_re300_h10,U持有上限,2,10,,,300,2,,,,,,,0.46584961153824733,0.48434539987195957,1.8365536378254317,-0.1016428093578633,0.4080068376595314,1.310615613792954,1.8970668486996811,0.5957446808510638,5.191489361702128,0.9106730698272059,16.3868900935072,-13.637328289282857,45.6295,0.04654209000000001,94,244,1,1.9918367346938775,0.22182485863698193,0.22522902782645748,0.1963882492554454,0.41374417401792773,0.634394437309032,0.6274509803921569,0.5581395348837209,2,0,0.0
V11_mixB,U2_re300_h20,U持有上限,2,20,,,300,2,,,,,,,0.5034820248711482,0.5237184977700895,1.9938881656210248,-0.0996420655271576,0.43218173560020823,1.5602353983871535,2.2433602799541004,0.5862068965517241,5.609195402298851,0.8593150396281501,16.3868900935072,-11.054836698169424,42.22326,0.043067725200000004,87,244,1,1.9918367346938775,0.22518299411018267,0.23080733034578427,0.22154133128924136,0.4391501654751728,0.7789911433890047,0.6222222222222222,0.5476190476190477,2,0,0.0
V11_mixB,U2_re300_h30,U持有上限,2,30,,,300,2,,,,,,,0.47535406901046917,0.49428639051535783,1.8935571814626508,-0.10163990575800819,0.41364419721923673,1.4176847983647596,2.1227552788864745,0.5714285714285714,5.809523809523809,0.7041760365743555,16.3868900935072,-11.054836698169424,40.7615,0.04157673,84,244,1,1.9918367346938775,0.21396718845344267,0.2026793744851081,0.2267226829612008,0.3590201431576745,0.7789911433890047,0.5952380952380952,0.5476190476190477,2,0,0.0
V11_mixB,V2_re300_q0.2,V择时,2,,,,300,2,,,,,,0.2,0.33328218916610175,0.3459157750664741,1.4066171069289823,-0.17803127082151493,0.31324210276502895,0.7541048730229742,1.338442583211399,0.5925925925925926,5.839506172839506,0.8076328607829142,16.3868900935072,-25.692589551290034,39.15688,0.0399400176,81,244,1,1.9306122448979592,0.23711996749288394,0.21024243916064678,0.10166537383269136,0.3429663448839726,0.3061420933631236,0.5714285714285714,0.6153846153846154,1,0,0.0
V11_ensw2,P1_re300_sl5,P组合,1,,,,300,2,0.05,,,,,,-0.07687087765321976,-0.07928860942162741,-0.01826938728404308,-0.3886932138178082,-0.00690001505750959,-0.09204746553960574,-0.0320052139112243,0.5,4.518518518518518,-0.13336450435832425,17.411721127689272,-9.723127900724348,51.88942,0.0529272084,54,244,1,0.9959183673469387,0.09649113351716958,0.051811394742548256,-0.12234348576083398,0.06764267838460403,-0.14957264931168635,0.5714285714285714,0.4230769230769231,0,0,0.0
V11_ensw2,P1_re300_sl8,P组合,1,,,,300,2,0.08,,,,,,0.15439975582637389,0.15984697103587098,0.5761993193400354,-0.21164173964858024,0.2138580059712457,0.14275377519003585,0.5483776769371449,0.5952380952380952,5.785714285714286,0.6498890102460075,16.266162451053255,-10.404909506754967,40.97434,0.0417938268,42,244,2,0.9918367346938776,0.08774884092568651,0.030960229389949134,0.11973257834540241,-0.05196480601711562,0.20539172220927715,0.6086956521739131,0.5789473684210527,0,0,0.0
V11_ensw2,P1_re300_sl10,P组合,1,,,,300,2,0.1,,,,,,0.48999219330843036,0.5096009368297194,1.295939786554705,-0.21164173964858024,0.46423300307828486,0.5616130640935837,1.245331216254972,0.6190476190476191,5.785714285714286,1.7230887845828824,25.487557654723613,-16.04403412269391,41.14838,0.04197134760000001,42,244,2,0.9918367346938776,0.13443110450042678,0.057577665033677894,0.40887259874288495,-0.025522163336327064,0.6025126537921999,0.6086956521739131,0.631578947368421,0,0,0.0
V11_ensw2,P2_re300_sl5,P组合,2,,,,300,2,0.05,,,,,,0.10004585917706343,0.10349030377753632,0.4674663445093203,-0.22831487444107745,0.14423489197204786,0.08639274752712289,0.43212392176632736,0.5051546391752577,5.030927835051546,0.07189435094698826,25.48755765472359,-9.723127900724348,46.92268,0.0478611336,97,244,1,1.9918367346938775,0.10750356668099215,0.03462111168816451,0.06323546537934899,0.0361895605605691,0.04844980964621537,0.5416666666666666,0.46938775510204084,0,0,0.0
V11_ensw2,P2_re300_sl8,P组合,2,,,,300,2,0.08,,,,,,0.884270275855292,0.923819336982254,2.7579162302995104,-0.10918682169108462,0.6638977444053918,3.7727632658736026,2.47712177155882,0.5955056179775281,5.47191011235955,1.2490266044342002,46.528149323422554,-10.404909506754967,43.17252,0.0440359704,89,244,1,1.9877551020408164,0.32901923405587263,0.6262612266620649,0.15865166368308237,1.8229197197302072,0.6907187379490003,0.625,0.5609756097560976,0,0,0.0
V11_ensw2,P2_re300_sl10,P组合,2,,,,300,2,0.1,,,,,,0.6384176712693477,0.6651560474164238,2.06186226828905,-0.15339918301199307,0.5276997154370039,1.7340883413985986,1.6503841557730667,0.5595238095238095,5.7976190476190474,0.6126998877525103,46.528149323422554,-16.04403412269391,40.81196,0.0416281992,84,244,1,1.9877551020408164,0.2985176675668597,0.6095975169820014,0.017905193058065816,1.7369729491433072,-0.001053940904169659,0.625,0.4722222222222222,0,0,0.0
V11_ensw2,Q1_re300_tp20,Q组合,1,,,,300,2,,0.2,,,,,0.23886269350118217,0.2475935338215809,0.7764254489644893,-0.19979897803640478,0.28077566490315053,0.2357454199857063,0.7950345620424163,0.6,6.075,1.7230887845828713,16.266162451053255,-11.626354669399774,39.39676,0.0401846952,40,244,2,0.9918367346938776,0.1274702953126165,0.10732465433527172,0.1187890458782146,0.024262780132902506,0.20647303011963647,0.6086956521739131,0.5882352941176471,0,0,0.0
V11_ensw2,Q1_re300_tp40,Q组合,1,,,,300,2,,0.4,,,,,0.23886269350118217,0.2475935338215809,0.7764254489644893,-0.19979897803640478,0.28077566490315053,0.2357454199857063,0.7950345620424163,0.6,6.075,1.7230887845828713,16.266162451053255,-11.626354669399774,39.39676,0.0401846952,40,244,2,0.9918367346938776,0.1274702953126165,0.10732465433527172,0.1187890458782146,0.024262780132902506,0.20647303011963647,0.6086956521739131,0.5882352941176471,0,0,0.0
V11_mixC,S2_re300_sl8_tp40,S组合,2,,,,300,2,0.08,0.4,,,,,0.4365981343627894,0.4537637401649368,1.7326922743091953,-0.10519829987587681,0.3882091709823722,1.1940138996347307,1.804299760907083,0.5568181818181818,5.545454545454546,0.4552925470991953,16.3868900935072,-10.404909506754967,42.74456,0.0435994512,88,244,1,1.9918367346938775,0.2048617306491834,0.20942869631113825,0.18783202246195696,0.37016624029731027,0.6012756956839447,0.5813953488372093,0.5333333333333333,2,0,0.0
V11_mixC,S2_re300_sl8_tr15,S组合,2,,,,300,2,0.08,,0.15,,,,0.4365981343627894,0.4537637401649368,1.7326922743091953,-0.10519829987587681,0.3882091709823722,1.1940138996347307,1.804299760907083,0.5568181818181818,5.545454545454546,0.4552925470991953,16.3868900935072,-10.404909506754967,42.74456,0.0435994512,88,244,1,1.9918367346938775,0.2048617306491834,0.20942869631113825,0.18783202246195696,0.37016624029731027,0.6012756956839447,0.5813953488372093,0.5333333333333333,2,0,0.0
V11_mixC,T2_re150,T细化,2,,,,150,2,,,,,,,0.09037298854008724,0.0934704579648864,0.4696478546268531,-0.22356602824198457,0.11979327808801943,0.08483814316781868,0.4149844288654603,0.5087719298245614,4.280701754385965,0.03467612334615566,16.3868900935072,-10.228814994011682,55.32802,0.0564345804,114,244,1,1.9918367346938775,0.13651829790734582,0.1229742594447365,-0.029031182710072434,0.17651085636780062,-0.07791913921049576,0.559322033898305,0.45454545454545453,1,0,0.0
V11_mixC,T2_re250,T细化,2,,,,250,2,,,,,,,0.3791063723355903,0.3937174610635912,1.4821618406013943,-0.10712355858757816,0.3502066034512654,0.9372287737647331,1.5844055714285326,0.5824175824175825,5.362637362637362,0.5025971971861276,16.3868900935072,-17.12522493850758,44.05748,0.044938629599999995,91,244,1,1.9918367346938775,0.20946358027173373,0.19204006565704468,0.15692954630298872,0.32748360143396504,0.4593240712518887,0.5777777777777777,0.5869565217391305,2,0,0.0
V11_mixC,T2_re400,T细化,2,,,,400,2,,,,,,,0.18215204684488184,0.1886556826054957,0.8054701459454767,-0.14643745747422487,0.1984702151284462,0.3974453668753184,1.038885962963208,0.5172413793103449,8.413793103448276,0.5414731080620627,16.26616245105328,-9.896487794908815,27.9025,0.028460549999999998,58,244,1,1.9918367346938775,0.09780803237763802,0.01630110323919909,0.16319075427260277,-0.062314609020304945,0.49031368123936003,0.5714285714285714,0.4666666666666667,1,0,0.0
V11_mixC,T2_re300_mh3,T细化,2,,,,300,3,,,,,,,0.4459377520247856,0.4635258689629096,1.7791450625062746,-0.09652462811566953,0.394191768757979,1.3143799652722703,2.0673059388285884,0.6164383561643836,6.684931506849315,1.0511292438821762,16.3868900935072,-11.054836698169424,35.43102,0.0361396404,73,244,1,1.9918367346938775,0.17119463246068314,0.13643207320862727,0.27234859532104916,0.1939408830385434,0.9384376547876003,0.6,0.631578947368421,2,0,0.0
V11_mixC,T2_re300_mh5,T细化,2,,,,300,5,,,,,,,0.5220414748923845,0.5431483656035163,2.1069783700818308,-0.10604395107516218,0.44301185872550763,1.6843637757875123,2.338761108772055,0.5737704918032787,8.0,1.1330358615716074,16.935119360315774,-11.054836698169424,29.45922,0.030048404400000003,61,244,1,1.9918367346938775,0.2774428685557163,0.4051797684148286,0.08316495092253451,0.9690570822538278,0.3632737212041244,0.6363636363636364,0.5,1,0,0.0
V11_mixC,T2_re300_mh8,T细化,2,,,,300,8,,,,,,,0.42996019639521355,0.4468267753568207,1.6144568894637348,-0.14076933783096668,0.3873400367507319,1.1733769004033991,1.9752311697078249,0.5869565217391305,10.608695652173912,0.5344409945799877,15.954457901551656,-13.952723979154424,22.35878,0.022805955599999997,46,244,1,1.9918367346938775,0.2035560740045721,0.2334191965534409,0.15934647392465462,0.42935605787480835,0.5205286943232428,0.5217391304347826,0.6521739130434783,0,0,0.0
V11_allz,R2_re300_tr15,R组合,2,,,,300,2,,,0.15,,,,0.5883731088423667,0.6126537590826884,2.3143058026944208,-0.0858538495607637,0.48566401118637126,2.011637710530435,2.541671107330173,0.5952380952380952,5.809523809523809,0.865526952520046,16.3868900935072,-11.054836698169424,40.73658,0.0415513116,84,244,1,1.9918367346938775,0.2725542230825023,0.32653333652094885,0.19738649991875556,0.7477455580473655,0.7231556942963311,0.6428571428571429,0.5476190476190477,2,0,0.0
V11_allz,R2_re300_tr20,R组合,2,,,,300,2,,,0.2,,,,0.5992080310463124,0.624016250692979,2.3155985434984627,-0.0933945168521031,0.4931615284069787,2.1092238686637357,2.6766680331497144,0.5952380952380952,5.809523809523809,0.865526952520046,16.3868900935072,-11.054836698169424,40.73506,0.0415497612,84,244,1,1.9918367346938775,0.2730842456268567,0.32653333652094885,0.20555434757523594,0.7477455580473655,0.7789911433890047,0.6428571428571429,0.5476190476190477,2,0,0.0
V11_allz,S1_re300_sl8_tp40,S组合,1,,,,300,2,0.08,0.4,,,,,0.6053580948834105,0.630466894948005,2.093476576595433,-0.11150097676671389,0.5031455162933897,0.8023023641648239,1.8547540995818845,0.5641025641025641,6.256410256410256,0.6007192123657967,16.3868900935072,-9.004768249306283,38.38294,0.039150598800000005,39,244,1,0.9959183673469387,0.2892428819378895,0.337176861718111,0.20055778771157984,0.44031368086200695,0.25132628267904233,0.5882352941176471,0.5454545454545454,2,0,0.0
V11_allz,S1_re300_sl8_tr15,S组合,1,,,,300,2,0.08,,0.15,,,,0.6053580948834105,0.630466894948005,2.093476576595433,-0.11150097676671389,0.5031455162933897,0.8023023641648239,1.8547540995818845,0.5641025641025641,6.256410256410256,0.6007192123657967,16.3868900935072,-9.004768249306283,38.38294,0.039150598800000005,39,244,1,0.9959183673469387,0.2892428819378895,0.337176861718111,0.20055778771157984,0.44031368086200695,0.25132628267904233,0.5882352941176471,0.5454545454545454,2,0,0.0
V11_allz,S2_re300_sl8_tp40,S组合,2,,,,300,2,0.08,0.4,,,,,0.4365981343627894,0.4537637401649368,1.7326922743091953,-0.10519829987587681,0.3882091709823722,1.1940138996347307,1.804299760907083,0.5568181818181818,5.545454545454546,0.4552925470991953,16.3868900935072,-10.404909506754967,42.74456,0.0435994512,88,244,1,1.9918367346938775,0.2048617306491834,0.20942869631113825,0.18783202246195696,0.37016624029731027,0.6012756956839447,0.5813953488372093,0.5333333333333333,2,0,0.0
V11_allz,S2_re300_sl8_tr15,S组合,2,,,,300,2,0.08,,0.15,,,,0.4365981343627894,0.4537637401649368,1.7326922743091953,-0.10519829987587681,0.3882091709823722,1.1940138996347307,1.804299760907083,0.5568181818181818,5.545454545454546,0.4552925470991953,16.3868900935072,-10.404909506754967,42.74456,0.0435994512,88,244,1,1.9918367346938775,0.2048617306491834,0.20942869631113825,0.18783202246195696,0.37016624029731027,0.6012756956839447,0.5813953488372093,0.5333333333333333,2,0,0.0
V11_allz,T2_re150,T细化,2,,,,150,2,,,,,,,0.09037298854008724,0.0934704579648864,0.4696478546268531,-0.22356602824198457,0.11979327808801943,0.08483814316781868,0.4149844288654603,0.5087719298245614,4.280701754385965,0.03467612334615566,16.3868900935072,-10.228814994011682,55.32802,0.0564345804,114,244,1,1.9918367346938775,0.13651829790734582,0.1229742594447365,-0.029031182710072434,0.17651085636780062,-0.07791913921049576,0.559322033898305,0.45454545454545453,1,0,0.0
V11_allz,T2_re250,T细化,2,,,,250,2,,,,,,,0.3791063723355903,0.3937174610635912,1.4821618406013943,-0.10712355858757816,0.3502066034512654,0.9372287737647331,1.5844055714285326,0.5824175824175825,5.362637362637362,0.5025971971861276,16.3868900935072,-17.12522493850758,44.05748,0.044938629599999995,91,244,1,1.9918367346938775,0.20946358027173373,0.19204006565704468,0.15692954630298872,0.32748360143396504,0.4593240712518887,0.5777777777777777,0.5869565217391305,2,0,0.0
V11_mixB,Q1_re300_tp60,Q组合,1,,,,300,2,,0.6,,,,,0.7958713458022664,0.8306786369145973,2.636657932220291,-0.11150097676671389,0.6137017121569929,1.217044908669132,2.679545583146856,0.6153846153846154,6.256410256410256,1.2577766050256844,16.3868900935072,-5.893571119784713,38.33528,0.0391019856,39,244,1,0.9959183673469387,0.3118253329485917,0.337176861718111,0.3430320230749353,0.44031368086200695,0.539279212665857,0.5882352941176471,0.6363636363636364,2,0,0.0
V11_mixB,Q2_re300_tp20,Q组合,2,,,,300,2,,0.2,,,,,0.47535406901046917,0.49428639051535783,1.8935571814626508,-0.10163990575800819,0.41364419721923673,1.4176847983647596,2.1227552788864745,0.5714285714285714,5.809523809523809,0.7041760365743555,16.3868900935072,-11.054836698169424,40.7615,0.04157673,84,244,1,1.9918367346938775,0.21396718845344267,0.2026793744851081,0.2267226829612008,0.3590201431576745,0.7789911433890047,0.5952380952380952,0.5476190476190477,2,0,0.0
V11_mixB,Q2_re300_tp40,Q组合,2,,,,300,2,,0.4,,,,,0.47535406901046917,0.49428639051535783,1.8935571814626508,-0.10163990575800819,0.41364419721923673,1.4176847983647596,2.1227552788864745,0.5714285714285714,5.809523809523809,0.7041760365743555,16.3868900935072,-11.054836698169424,40.7615,0.04157673,84,244,1,1.9918367346938775,0.21396718845344267,0.2026793744851081,0.2267226829612008,0.3590201431576745,0.7789911433890047,0.5952380952380952,0.5476190476190477,2,0,0.0
V11_mixB,Q2_re300_tp60,Q组合,2,,,,300,2,,0.6,,,,,0.47535406901046917,0.49428639051535783,1.8935571814626508,-0.10163990575800819,0.41364419721923673,1.4176847983647596,2.1227552788864745,0.5714285714285714,5.809523809523809,0.7041760365743555,16.3868900935072,-11.054836698169424,40.7615,0.04157673,84,244,1,1.9918367346938775,0.21396718845344267,0.2026793744851081,0.2267226829612008,0.3590201431576745,0.7789911433890047,0.5952380952380952,0.5476190476190477,2,0,0.0
V11_mixB,R1_re300_tr10,R组合,1,,,,300,2,,,0.1,,,,0.648051035533117,0.6752685999821177,2.2626718127426,-0.11150097676671389,0.5277506171353041,0.8986664109050366,2.155137774363089,0.6052631578947368,6.421052631578948,1.0558281115385593,16.3868900935072,-6.450687784679632,37.41508,0.0381633816,38,244,1,0.9959183673469387,0.3036830560071508,0.337176861718111,0.2324854570214221,0.44031368086200695,0.3182311854239368,0.5882352941176471,0.6190476190476191,2,0,0.0
V11_mixB,R1_re300_tr15,R组合,1,,,,300,2,,,0.15,,,,0.7723695680230369,0.805941197369648,2.6175968928450346,-0.11150097676671389,0.5996186826700195,1.147460695957231,2.4323566692752987,0.6153846153846154,6.256410256410256,1.2577766050256844,16.3868900935072,-9.953426707596169,38.3658,0.039133116,39,244,1,0.9959183673469387,0.3103695745649623,0.337176861718111,0.32545635417722973,0.44031368086200695,0.49096736668640606,0.5882352941176471,0.6363636363636364,2,0,0.0
V11_mixB,R1_re300_tr20,R组合,1,,,,300,2,,,0.2,,,,0.7958713458022664,0.8306786369145973,2.636657932220291,-0.11150097676671389,0.6137017121569929,1.217044908669132,2.679545583146856,0.6153846153846154,6.256410256410256,1.2577766050256844,16.3868900935072,-5.893571119784713,38.33528,0.0391019856,39,244,1,0.9959183673469387,0.3118253329485917,0.337176861718111,0.3430320230749353,0.44031368086200695,0.539279212665857,0.5882352941176471,0.6363636363636364,2,0,0.0
V11_mixB,R2_re300_tr10,R组合,2,,,,300,2,,,0.1,,,,0.2791341832510357,0.28950060766681296,1.2052159022728826,-0.20647369092904722,0.27249908544444645,0.5535811536289705,1.0950324648178005,0.5764705882352941,5.741176470588235,0.8076328607829142,16.3868900935072,-13.71300796404633,41.1775,0.042001050000000005,85,244,1,1.9918367346938775,0.19473224431438693,0.2026793744851081,0.06357039988206314,0.3590201431576745,0.14316271281986714,0.5952380952380952,0.5581395348837209,2,0,0.0
V11_mixA,U2_re300_h10,U持有上限,2,10,,,300,2,,,,,,,0.5609943390867393,0.583953235087368,1.9364456660301579,-0.14171034679554417,0.4767146843089861,1.6616694278992288,1.998207106676942,0.5903614457831325,5.879518072289157,0.8977665806889856,19.01586289319166,-13.637328289282857,40.48448,0.04129416960000001,83,244,1,1.9918367346938775,0.23096973048980426,0.297462876711196,0.20311291144108812,0.6509675094081453,0.6121876492005633,0.627906976744186,0.55,1,0,0.0
V11_mixA,U2_re300_h20,U持有上限,2,20,,,300,2,,,,,,,0.5538792684515292,0.5764973628538654,1.9287167332071227,-0.1431107339183223,0.47175346899274184,1.7304721936506988,2.267096314825707,0.6025641025641025,6.243589743589744,0.8694876650046757,19.01586289319166,-12.363391988387207,37.99272,0.03875257440000001,78,244,1,1.9877551020408164,0.24613040523867893,0.3173300644278283,0.17956714904737558,0.6542901819453086,0.6505400463901014,0.675,0.5263157894736842,1,0,0.0
V11_mixA,U2_re300_h30,U持有上限,2,30,,,300,2,,,,,,,0.5538792684515292,0.5764973628538654,1.9287167332071227,-0.1431107339183223,0.47175346899274184,1.7304721936506988,2.267096314825707,0.6025641025641025,6.243589743589744,0.8694876650046757,19.01586289319166,-12.363391988387207,37.99272,0.03875257440000001,78,244,1,1.9877551020408164,0.24613040523867893,0.3173300644278283,0.17956714904737558,0.6542901819453086,0.6505400463901014,0.675,0.5263157894736842,1,0,0.0
V11_mixA,V2_re300_q0.2,V择时,2,,,,300,2,,,,,,0.2,0.4520416093895878,0.4699069742428774,1.7450855807043266,-0.1540805774799665,0.4001517513146057,1.2288476471568894,1.9144388467044042,0.6231884057971014,6.681159420289855,1.407701111804882,13.78678089378862,-12.51059491809986,33.40976,0.0340779552,69,244,6,1.8816326530612244,0.28748085792888556,0.3159824979055865,0.10338975761497027,0.8744521790736954,0.18906615598928034,0.7105263157894737,0.5161290322580645,0,0,0.0
V11_mixA,V2_re300_q0.4,V择时,2,,,,300,2,,,,,,0.4,0.3185776965799161,0.3305880481339869,1.3738819943197316,-0.17730982856746003,0.30127188163933194,0.7529497276438544,1.5680225725012737,0.578125,6.671875,0.7277006050052437,13.671817590200263,-12.51059491809986,30.9455,0.03156441,64,244,18,1.7428571428571429,0.28485653690997526,0.27503049625926956,0.0341538500046914,0.732675939837115,0.011700853772255382,0.6666666666666666,0.4838709677419355,0,0,0.0
V11_mixA,W2_h10_tr15,W移动,2,10,,,,,,,0.15,,,,0.36805747725780935,0.38218692897731454,1.3466437690768516,-0.21196433313376228,0.34779276959980776,0.859028915814269,1.3772037884545403,0.54,9.76,0.913665569216382,24.913804050875466,-18.193784361374334,24.31514,0.0248014428,50,244,1,1.9918367346938775,0.23616465674678874,0.4940029552511509,-0.08430068866374352,1.2726361250591243,-0.1819944709512593,0.5769230769230769,0.5,0,0,0.0
V11_mixA,W2_h10_tr20,W移动,2,10,,,,,,,0.2,,,,0.4759873618663055,0.49494884484230894,1.596583941492131,-0.17038050560791718,0.4260095197468534,1.0635555590108083,1.297196118973786,0.54,9.76,0.8903068631759048,47.75288282866359,-24.639540651437265,24.29508,0.0247809816,50,244,1,1.9918367346938775,0.1945338475246506,0.3364424446517802,0.10441520902973389,0.4496349474884045,0.4235001457339753,0.46153846153846156,0.625,0,0,0.0
V11_mixA,W2_h10_tr25,W移动,2,10,,,,,,,0.25,,,,0.4759873618663055,0.49494884484230894,1.596583941492131,-0.17038050560791718,0.4260095197468534,1.0635555590108083,1.297196118973786,0.54,9.76,0.8903068631759048,47.75288282866359,-24.639540651437265,24.29508,0.0247809816,50,244,1,1.9918367346938775,0.1945338475246506,0.3364424446517802,0.10441520902973389,0.4496349474884045,0.4235001457339753,0.46153846153846156,0.625,0,0,0.0
V11_ensw2,W2_h30_tr20,W移动,2,30,,,,,,,0.2,,,,0.27481018489469644,0.2849988969171102,0.9317104758847622,-0.20444024830391572,0.29415897602809216,0.5672185618318186,1.1717826410150953,0.6111111111111112,27.11111111111111,1.9202606451111714,32.92673922542131,-17.884179712731584,8.8001,0.008976102000000001,18,244,1,1.9918367346938775,0.17258287142622528,0.25512434019967833,0.015684378084714012,0.47006548914346213,0.06608758140765736,0.7,0.5,0,0,0.0
V11_ensw2,W2_h30_tr25,W移动,2,30,,,,,,,0.25,,,,0.311834180581126,0.3235605858032171,0.9847873121428027,-0.19451980308292982,0.32874003138364805,0.7452809369690594,1.589993197296351,0.7222222222222222,27.11111111111111,4.38676106798429,24.450353575760243,-20.924145928955028,8.71014,0.0088843428,18,244,1,1.9918367346938775,0.15037312615770634,0.22818270523060935,0.06810996034568828,0.6795686826555027,0.03912448177448846,0.7,0.75,0,0,0.0
V11_ensw2,X_re300_close_overlap,X口径,2,,close_overlap,,300,2,,,,,,,4.762718659670916,5.103318321197703,2.484698037758538,-0.32266508917759473,2.0740211213430406,4.762718659670918,2.637198170676649,0.6375,6.0875,1.9517150224478863,46.650217707742755,-12.970865807358866,38.85398,0.0396310596,80,244,1,1.9877551020408164,nan,2.151746483770357,0.8284207468289504,1.7911664665511378,1.0646273623341203,0.6595744680851063,0.6060606060606061,0,0,97485.0
V11_ensw2,X_re300_close_seq,X口径,2,,close_seq,,300,2,,,,,,,0.3228610312075981,0.33505235165645897,1.2150356566431055,-0.2488080362129339,0.3142486314768489,0.6648825756474241,1.1652938046326742,0.5735294117647058,6.205882352941177,1.0249640929390513,29.087517537411077,-12.970865807358866,32.9957,0.03365561400000001,68,244,4,1.7224489795918367,0.3165539786106354,0.18844134786597655,0.11310586221439789,0.4895650095662647,0.11769715652236523,0.6486486486486487,0.4838709677419355,0,0,0.0
V18_f1,P1_re300_sl5,P组合,1,,,,300,2,0.05,,,,,,-0.025510758495698505,-0.026336066396127622,0.09572741772027035,-0.3664867086657031,0.03206649152878682,-0.0574749254570428,-0.009695166673369972,0.5217391304347826,5.304347826086956,0.2552688675454329,16.453593911798414,-14.017205038759762,44.01176,0.0448919952,46,244,1,0.9959183673469387,0.05763498628187109,0.11682464648234436,-0.1274465113447818,0.099519289470692,-0.1427844117253385,0.631578947368421,0.4444444444444444,4,0,0.0
V18_f1,P1_re300_sl8,P组合,1,,,,300,2,0.08,,,,,,-0.1016930920301592,-0.10484615451306334,-0.1269440570084504,-0.3946654531851852,-0.044281552667257085,-0.12030710215598328,-0.1948325524292971,0.5111111111111111,5.4222222222222225,0.20611282052798163,16.710833589849017,-14.017205038759773,42.55792,0.04340907840000001,45,244,1,0.9959183673469387,0.0467194395592615,0.07061136323400286,-0.16094024515458238,0.06804289256110807,-0.17635059043877743,0.631578947368421,0.4230769230769231,1,0,0.0
V18_f1,P1_re300_sl10,P组合,1,,,,300,2,0.1,,,,,,0.024279624596742266,0.02508558144133599,0.25080538755411147,-0.30996932946436395,0.08946859047962019,0.006092171608998331,0.18659397302594094,0.5227272727272727,5.545454545454546,0.2552688675454329,16.710833589849017,-13.103439632351499,42.47308,0.04332254160000001,44,244,1,0.9959183673469387,0.04773344060923665,0.07061136323400286,-0.043275963835566644,0.06804289256110807,-0.05800396349584347,0.631578947368421,0.44,1,0,0.0
V18_f1,P2_re300_sl5,P组合,2,,,,300,2,0.05,,,,,,0.058959302807370495,0.06095016258272912,0.354005818845817,-0.28379098511657475,0.0927406576439439,0.003336481097984345,0.2417260478846625,0.5113636363636364,5.545454545454546,0.1593379144119722,17.122925456525806,-14.017205038759773,42.12574,0.043000464800000006,88,244,1,1.9918367346938775,0.09798934727687783,0.15037473787857536,-0.07946578802641835,0.2581308157585771,-0.20251815746756574,0.5641025641025641,0.46938775510204084,6,0,0.0
V17_allz,U2_re300_h10,U持有上限,2,10,,,300,2,,,,,,,0.17603662812157705,0.1823055506237854,0.6510670442514167,-0.2282927199245396,0.22207252147520873,0.22901354551350717,0.665296938921715,0.5352112676056338,6.859154929577465,0.6670573343238395,13.816309287598806,-14.509756686640173,34.01186,0.0346920972,71,244,1,1.9877551020408164,0.07215700609329705,0.08667843241707374,0.08223057809820111,-0.05571065222981075,0.30152219594095264,0.5588235294117647,0.5135135135135135,0,0,0.0
V17_allz,U2_re300_h20,U持有上限,2,20,,,300,2,,,,,,,0.0805789399497483,0.08332805648446628,0.41229327413375266,-0.25234244595059985,0.12392751258419543,-0.08495708991568562,0.16466830943547364,0.5166666666666667,8.116666666666667,0.3965241901035532,13.983711314096126,-28.187694455255585,28.82812,0.029409982400000003,60,244,1,1.9877551020408164,0.1451437807680998,0.1437982502435473,-0.0552713822392521,0.2543461207953741,-0.27050206086331996,0.5666666666666667,0.4666666666666667,0,0,0.0
V17_allz,U2_re300_h30,U持有上限,2,30,,,300,2,,,,,,,0.22272535987294084,0.23081325042042677,0.8240858490503596,-0.24064600669973346,0.24732908802000197,0.23850011581443997,0.6806912326744212,0.5166666666666667,8.116666666666667,0.3965241901035532,13.983711314096126,-23.05560724381359,28.83768,0.029419733600000005,60,244,1,1.9877551020408164,0.13358489730786097,0.14088786045571622,0.07173141397484573,0.060105480543059864,0.16828008018597718,0.5555555555555556,0.48484848484848486,2,0,0.0
V17_allz,V2_re300_q0.2,V择时,2,,,,300,2,,,,,,0.2,0.61407491185135,0.6396111281526404,1.8386793350578987,-0.14544376876434528,0.520191081760868,1.5750127455470961,1.803184278079981,0.609375,7.28125,1.8890098657898369,28.403266868367805,-23.05560724381359,30.76418,0.031384763600000004,64,244,2,1.9020408163265305,0.23827603783237844,0.19584094591035983,0.34974046286949867,0.39744021155184517,0.8426639825166933,0.6333333333333333,0.5882352941176471,0,0,0.0
V17_allz,V2_re300_q0.4,V择时,2,,,,300,2,,,,,,0.4,0.4285097641088069,0.4453111441544959,1.4489495949708502,-0.17750219196983796,0.39487138427098634,0.8131092917175688,1.3089977294788668,0.5964912280701754,7.543859649122807,2.1556254613544823,25.48755765472359,-23.05560724381359,27.45692,0.028011358400000005,57,244,11,1.7551020408163265,0.2823980460799745,0.23346757508190796,0.15812510435383498,0.3864988377208882,0.3076890094606486,0.64,0.5625,1,0,0.0
V17_allz,W2_h10_tr15,W移动,2,10,,,,,,,0.15,,,,0.22055425292294473,0.22855619342465627,0.7589874313670901,-0.28386187990961465,0.25879085640325805,0.21681726672242863,0.6249947177591119,0.46153846153846156,9.384615384615385,-0.6755124750933428,48.021984400501495,-17.69396609242112,24.64488,0.0251817176,52,244,1,1.9918367346938775,0.07956172897537783,0.25094236553877614,-0.024292176404739685,0.19389157658707723,0.019202489225099484,0.5384615384615384,0.38461538461538464,0,0,0.0
V17_allz,W2_h10_tr20,W移动,2,10,,,,,,,0.2,,,,-0.2700088668676398,-0.2775027567899463,-0.6970948988052238,-0.4317884113148597,-0.24876451755802276,-0.5781246419931084,-0.9711993724101791,0.4117647058823529,9.568627450980392,-0.9214325586822891,19.304745472059604,-21.65756409643028,21.68314,0.022845472800000002,51,244,1,1.9918367346938775,0.03826063280532146,0.049070341896640945,-0.30415425545956154,-0.25398457288609955,-0.4344951288219404,0.4230769230769231,0.4,1,0,0.0
V17_allz,W2_h10_tr25,W移动,2,10,,,,,,,0.25,,,,-0.20574088559340187,-0.21171678427828555,-0.42484194056679553,-0.44807060387281594,-0.1586280363196534,-0.5343897728091949,-0.4998294079186145,0.42,9.76,-1.455195462276998,47.5596783868115,-29.017401312665857,21.65868,0.022671603600000003,50,244,1,1.9918367346938775,0.03389662327129621,0.049070341896640945,-0.24289241370541736,-0.25398457288609955,-0.3758705111607348,0.4230769230769231,0.4166666666666667,1,0,0.0
V20_ensw2,W2_h20_tr15,W移动,2,20,,,,,,,0.15,,,,1.2206137228671734,1.2794642768727025,2.877946195813598,-0.11094679414147335,0.8424448167297942,4.332135075325467,1.6414667541807086,0.5357142857142857,17.428571428571427,1.9950296836940384,131.85394996324155,-17.12140609717252,13.54562,0.013816532400000001,28,244,1,1.9918367346938775,0.3990977780939183,1.0901728635728944,0.06240673274807773,2.5736781902639874,0.49205798380283916,0.42857142857142855,0.6428571428571429,0,0,0.0
V20_ensw2,W2_h20_tr20,W移动,2,20,,,,,,,0.2,,,,1.9803634970206274,2.0890080963494433,3.7209531396127082,-0.09274309579416606,1.1421935967970154,14.919361621072802,2.1675127453450056,0.5769230769230769,18.76923076923077,3.054449715351004,131.85394996324155,-19.801945327994876,12.63174,0.0128843748,26,244,1,1.9918367346938775,0.43027670303810656,1.0901728635728944,0.42589330718133156,2.4815296461616807,3.5725193346044293,0.42857142857142855,0.75,0,0,0.0
V20_ensw2,W2_h20_tr25,W移动,2,20,,,,,,,0.25,,,,1.908626270577304,2.0122485571581996,3.637485517334547,-0.09274309579416606,1.117829831368341,13.282188088654761,2.0998644091785215,0.6153846153846154,18.76923076923077,3.054449715351004,131.85394996324155,-15.513516083673473,12.59172,0.012843554400000002,26,244,1,1.9918367346938775,0.43322752154614574,1.0901728635728944,0.3915721140907764,2.4815296461616807,3.102273868154649,0.42857142857142855,0.8333333333333334,0,0,0.0
V20_ensw2,W2_h30_tr15,W移动,2,30,,,,,,,0.15,,,,0.25763567276362154,0.267123487104058,0.890186755878609,-0.24350345092166503,0.27991552956144206,0.4848558882660654,0.9524173625121265,0.6,24.4,2.9261760782624213,40.599912216208025,-18.186008839067014,9.6754,0.009868908000000001,20,244,1,1.9918367346938775,0.2532500820734729,0.37908066753891845,-0.08806228499455704,0.8690186845431618,-0.2055425124714555,0.7,0.5,0,0,0.0
V20_ensw2,W2_h30_tr20,W移动,2,30,,,,,,,0.2,,,,0.6039136973519312,0.6289518304998276,1.5761216406884466,-0.18097756233451046,0.5310136370112865,1.870000179944944,2.0416346089029314,0.6666666666666666,27.11111111111111,4.656782972676865,40.72710560903021,-17.884179712731584,8.82262,0.0089990724,18,244,1,1.9918367346938775,0.2920581464783188,0.6585593397396527,-0.032947655883267424,1.6920866821799088,0.06608758140765736,0.8,0.5,0,0,0.0
V20_ensw2,W2_h30_tr25,W移动,2,30,,,,,,,0.25,,,,0.41319189909813026,0.4293078099308003,1.1793069999833323,-0.19841273490597933,0.4070693604740704,1.0324562911001265,1.550161241835535,0.6666666666666666,27.11111111111111,4.38676106798429,40.72710560903021,-20.924145928955028,8.73914,0.0089139228,18,244,1,1.9918367346938775,0.24660443736531518,0.4133779278592422,-0.0001316199704586296,1.3297625598040588,-0.12761226136664205,0.7,0.625,0,0,0.0
V20_ensw2,X_re300_close_overlap,X口径,2,,close_overlap,,300,2,,,,,,,1.537292048701023,1.6159443829524576,1.458647281505083,-0.41674808957364395,1.2863356767281016,1.5372920487010209,1.5713903987206945,0.5694444444444444,6.777777777777778,1.1896262365990617,46.650217707742755,-23.901246426782265,35.03716,0.035737903200000004,72,244,1,1.9918367346938775,nan,1.243517138614564,0.13094391169566566,0.5997211826741904,0.5860839227367927,0.5853658536585366,0.5483870967741935,1,0,98698.0
V20_ensw2,X_re300_close_seq,X口径,2,,close_seq,,300,2,,,,,,,0.08785942929452051,0.09086721090957073,0.4303854622935905,-0.2945144630593196,0.1341687702824883,0.03862613587550934,0.36203579405287983,0.546875,6.640625,0.0632161937604847,29.087517537411077,-16.183583153098702,30.54948,0.031219089599999996,64,244,7,1.7346938775510203,0.1791329015327119,0.09768860137020852,-0.008954426659272152,-0.0564089353296916,0.10071637467063765,0.5555555555555556,0.5357142857142857,0,0,0.0
V18_f1,R1_re300_tr10,R组合,1,,,,300,2,,,0.1,,,,0.024279624596742266,0.02508558144133599,0.25080538755411147,-0.30996932946436395,0.08946859047962019,0.006092171608998331,0.18659397302594094,0.5227272727272727,5.545454545454546,0.2552688675454329,16.710833589849017,-13.103439632351499,42.47308,0.04332254160000001,44,244,1,0.9959183673469387,0.04773344060923665,0.07061136323400286,-0.043275963835566644,0.06804289256110807,-0.05800396349584347,0.631578947368421,0.44,1,0,0.0
V18_f1,R1_re300_tr15,R组合,1,,,,300,2,,,0.15,,,,-0.07971662912243838,-0.08221981836517234,-0.04429874454784841,-0.3293591530859692,-0.015983290039162656,-0.08632385895143346,-0.11808659568155574,0.4888888888888889,5.4222222222222225,-0.10197348689339192,16.710833589849017,-13.103439632351488,41.70202,0.042536060400000006,45,244,1,0.9959183673469387,0.027137946273596354,-0.02260017041762452,-0.058437148213150714,-0.03006370978023265,-0.05800396349584269,0.55,0.44,1,0,0.0
V18_f1,R1_re300_tr20,R组合,1,,,,300,2,,,0.2,,,,-0.08009051190490879,-0.08260490672251852,-0.048909281395211786,-0.32379319484756197,-0.017508815556051438,-0.09007356851774151,-0.12873830418186497,0.5,5.545454545454546,0.05206966681729486,16.453593911798414,-15.203055283170809,40.8691,0.041686482000000004,44,244,1,0.9959183673469387,0.027419412605853937,-0.02260017041762452,-0.05881967619315909,-0.03006370978023265,-0.06186989737636439,0.55,0.4583333333333333,1,0,0.0
V18_f1,R2_re300_tr10,R组合,2,,,,300,2,,,0.1,,,,-0.06156842536735496,-0.0635215686647872,-0.07905982449860913,-0.3275775984580992,-0.02231619047138722,-0.15675157731492495,-0.20917764892850943,0.5125,6.1,0.2552688675454218,16.453528914622083,-13.103439632351499,37.84962,0.0386610624,80,244,1,1.9918367346938775,0.0766015657046952,0.10077847950187824,-0.14748371983316577,0.22539581726588565,-0.3118562910011079,0.6111111111111112,0.4318181818181818,4,0,0.0
V18_f1,R2_re300_tr15,R组合,2,,,,300,2,,,0.15,,,,-0.07087098476645759,-0.07310757089787534,-0.13207020884424847,-0.3051242832989203,-0.03566288514064819,-0.17227186273321693,-0.21123937519746738,0.5128205128205128,6.256410256410256,0.25322460999283036,16.435475654703225,-14.017205038759773,36.8068,0.037649246,78,244,1,1.9918367346938775,0.06744380148809291,0.09614998142886666,-0.1523705414633192,0.25687041530279675,-0.3414371703009874,0.6111111111111112,0.42857142857142855,4,0,0.0
V18_f1,R2_re300_tr20,R组合,2,,,,300,2,,,0.2,,,,0.01933502150894939,0.019975247066658763,0.21234264354797422,-0.2896332016525398,0.05920839875325101,0.0003362255533909675,0.24004015748865545,0.5263157894736842,6.421052631578948,0.25322460999283036,19.957673574932766,-15.203055283170796,36.28162,0.0371087024,76,244,1,1.9918367346938775,0.06765921969623849,0.09614998142886666,-0.07007705261262365,0.25687041530279675,-0.20410552004886162,0.6111111111111112,0.45,4,0,0.0
V18_f1,S1_re300_sl8_tp40,S组合,1,,,,300,2,0.08,0.4,,,,,-0.1016930920301592,-0.10484615451306334,-0.1269440570084504,-0.3946654531851852,-0.044281552667257085,-0.12030710215598328,-0.1948325524292971,0.5111111111111111,5.4222222222222225,0.20611282052798163,16.710833589849017,-14.017205038759773,42.55792,0.04340907840000001,45,244,1,0.9959183673469387,0.0467194395592615,0.07061136323400286,-0.16094024515458238,0.06804289256110807,-0.17635059043877743,0.631578947368421,0.4230769230769231,1,0,0.0
V18_f1,S1_re300_sl8_tr15,S组合,1,,,,300,2,0.08,,0.15,,,,-0.1016930920301592,-0.10484615451306334,-0.1269440570084504,-0.3946654531851852,-0.044281552667257085,-0.12030710215598328,-0.1948325524292971,0.5111111111111111,5.4222222222222225,0.20611282052798163,16.710833589849017,-14.017205038759773,42.55792,0.04340907840000001,45,244,1,0.9959183673469387,0.0467194395592615,0.07061136323400286,-0.16094024515458238,0.06804289256110807,-0.17635059043877743,0.631578947368421,0.4230769230769231,1,0,0.0
V18_f1,S2_re300_sl8_tp40,S组合,2,,,,300,2,0.08,0.4,,,,,0.00886787100578923,0.009159948518632888,0.16739629878606885,-0.305753000924585,0.04347933676777038,-0.07064060270195571,0.08239240863678012,0.5180722891566265,5.879518072289157,0.3044249145628619,17.12431690837306,-14.017205038759773,39.54506,0.0403621812,83,244,1,1.9918367346938775,0.08016446649753216,0.10077847950187824,-0.08349600778685162,0.22539581726588565,-0.24158432385411643,0.6111111111111112,0.44680851063829785,3,0,0.0
V18_f1,S2_re300_sl8_tr15,S组合,2,,,,300,2,0.08,,0.15,,,,0.00886787100578923,0.009159948518632888,0.16739629878606885,-0.305753000924585,0.04347933676777038,-0.07064060270195571,0.08239240863678012,0.5180722891566265,5.879518072289157,0.3044249145628619,17.12431690837306,-14.017205038759773,39.54506,0.0403621812,83,244,1,1.9918367346938775,0.08016446649753216,0.10077847950187824,-0.08349600778685162,0.22539581726588565,-0.24158432385411643,0.6111111111111112,0.44680851063829785,3,0,0.0
V18_f1,T2_re150,T细化,2,,,,150,2,,,,,,,0.05756186727788104,0.059504227451230074,0.3430931415056813,-0.2972785103072799,0.09925057454050523,0.023399431797069603,0.31696337586481566,0.5446428571428571,4.357142857142857,0.20904300217030602,18.06450945322309,-15.387255511914011,54.31226,0.055398745199999995,112,244,1,1.9918367346938775,0.10164020522268566,0.18737977313752374,-0.1093314108902258,0.37753176823760604,-0.2570774370551241,0.5892857142857143,0.5,2,0,0.0
V18_f1,T2_re250,T细化,2,,,,250,2,,,,,,,0.031706140098897384,0.03276253467019963,0.2539312624813098,-0.25727301308321027,0.06717886415225593,-0.05926552728059731,0.1581958121934666,0.5257731958762887,5.030927835051546,0.3003363994576791,18.06450945322309,-15.387255511914011,46.86722,0.047830104400000004,97,244,1,1.9918367346938775,0.12442241309927753,0.25167447263661535,-0.17573924957849596,0.46726312497567934,-0.35885087227623436,0.6,0.44680851063829785,6,0,0.0
V18_f1,T2_re400,T细化,2,,,,400,2,,,,,,,0.2503196845230875,0.25951135511168033,1.0056958425034783,-0.14758576963213565,0.2571729163281131,0.5076943603737494,1.1136090427742276,0.6031746031746031,7.746031746031746,1.1852454842427695,18.06450945322309,-14.017205038759773,30.39646,0.0310043892,63,244,1,1.9918367346938775,0.12113545674220032,0.17587714147219558,0.06330809608024923,0.3642472808922428,0.10514741828012952,0.7142857142857143,0.5142857142857142,7,0,0.0
V18_f1,T2_re300_mh3,T细化,2,,,,300,3,,,,,,,0.2323192829210865,0.24078854906782476,0.898887092110402,-0.22144807949144651,0.24763372664726302,0.5015730598238335,1.049154516892153,0.56,6.493333333333333,0.3707168523890303,21.409943142409425,-12.488523706940246,35.87268,0.0366156736,75,244,1,1.9877551020408164,0.0686946217477505,0.116612355755638,0.10362318361339229,0.31646463914850465,0.1406102489733856,0.6470588235294118,0.4878048780487805,0,0,0.0
V18_f1,T2_re300_mh5,T细化,2,,,,300,5,,,,,,,0.3247588632080256,0.33703051778717574,1.233656585196469,-0.18477919570092127,0.31477809543022883,0.6879692203509429,1.291406003358332,0.6101694915254238,8.271186440677965,1.1852454842427695,21.12327717870277,-24.338096337376523,28.26928,0.0288602056,59,244,1,1.9918367346938775,0.1464173431461407,0.17150484570275415,0.1308180824581544,0.4875776880041698,0.13470996100757016,0.6428571428571429,0.5806451612903226,1,0,0.0
V18_f1,T2_re300_mh8,T细化,2,,,,300,8,,,,,,,0.6149719203405823,0.6405522121610598,2.142159912093171,-0.16867465879582533,0.5087731903216609,1.9590608402120209,2.16195145622112,0.6511627906976745,11.325581395348838,1.9100819950334635,21.287814005567853,-24.754592720240797,20.63348,0.0210716896,43,244,1,1.9877551020408164,0.21636701472285913,0.3491155167065718,0.19705977756672288,1.073559599626241,0.4270440264872981,0.8181818181818182,0.47619047619047616,0,0,0.0
V11_mixB,W2_h30_tr20,W移动,2,30,,,,,,,0.2,,,,0.034946350431452,0.03611258022983832,0.2715452040770835,-0.36881043220652665,0.08786957826873942,0.03844760980398232,0.3019285133640407,0.5,27.11111111111111,0.49616159627556833,21.804095641015685,-17.186139198745032,8.56838,0.0087397476,18,244,1,1.9918367346938775,0.06467703630522882,0.09570180751434254,-0.05544889737903924,0.09485419738874068,-0.05151972538379057,0.5,0.5,0,0,0.0
V11_mixB,W2_h30_tr25,W移动,2,30,,,,,,,0.25,,,,-0.034429992582620805,-0.03553854781836008,0.04493558285491133,-0.3716499364224195,0.013871478659211012,-0.16516271370695867,-0.14090470501853142,0.5,27.11111111111111,-0.5840410264839668,24.450353575760243,-20.924145928955028,8.59662,0.0087746524,18,244,1,1.9918367346938775,0.08530311679476223,0.15438231257401425,-0.16356132894623565,0.12214215240770288,-0.2560325048820342,0.5,0.5,0,0,0.0
V11_mixB,X_re300_close_overlap,X口径,2,,close_overlap,,300,2,,,,,,,2.2837670080017274,2.414307056910986,2.400451980845927,-0.24687120921272454,1.3480536201974682,2.28376700800173,2.48316461389354,0.5833333333333334,5.809523809523809,1.151471356512157,22.035589016707192,-14.31739169727293,40.7615,0.04157673,84,244,1,1.9918367346938775,nan,1.3201982960158114,0.41529584503209627,1.0547527261270302,0.5981324498307148,0.6666666666666666,0.5,2,0,95967.0
V11_mixB,X_re300_close_seq,X口径,2,,close_seq,,300,2,,,,,,,0.2999169380578972,0.3111444486002395,1.3611908492861038,-0.17723278590829628,0.2847700304970936,0.7251410177397619,1.497461023532383,0.6212121212121212,6.424242424242424,1.1270370917045747,13.217195952808257,-10.69061828870731,31.85182,0.0324888564,66,244,5,1.7306122448979593,0.3456569670234595,0.3746369350038412,-0.054356168558597595,1.0057671803012642,-0.13990963922310906,0.7714285714285715,0.45161290322580644,0,0,0.0
V11_mixC,P1_re300_sl5,P组合,1,,,,300,2,0.05,,,,,,0.39617684417744936,0.4115380061168834,1.4608158721745719,-0.1612518069335429,0.3658601322423157,0.4526184993099205,1.2502871433222804,0.5961538461538461,4.6923076923076925,0.8334739502055322,14.361271145644272,-9.723127900724348,51.01908,0.0520394616,52,244,1,0.9959183673469387,0.2690953111052889,0.37485130966294666,0.015511156999029163,0.417909945249312,0.024478673118062844,0.68,0.5185185185185185,1,0,0.0
V11_mixC,P1_re300_sl8,P组合,1,,,,300,2,0.08,,,,,,0.6053580948834105,0.630466894948005,2.093476576595433,-0.11150097676671389,0.5031455162933897,0.8023023641648239,1.8547540995818845,0.5641025641025641,6.256410256410256,0.6007192123657967,16.3868900935072,-9.004768249306283,38.38294,0.039150598800000005,39,244,1,0.9959183673469387,0.2892428819378895,0.337176861718111,0.20055778771157984,0.44031368086200695,0.25132628267904233,0.5882352941176471,0.5454545454545454,2,0,0.0
V11_mixC,P1_re300_sl10,P组合,1,,,,300,2,0.1,,,,,,0.7723695680230369,0.805941197369648,2.6175968928450346,-0.11150097676671389,0.5996186826700195,1.147460695957231,2.4323566692752987,0.6153846153846154,6.256410256410256,1.2577766050256844,16.3868900935072,-9.953426707596169,38.3658,0.039133116,39,244,1,0.9959183673469387,0.3103695745649623,0.337176861718111,0.32545635417722973,0.44031368086200695,0.49096736668640606,0.5882352941176471,0.6363636363636364,2,0,0.0
V11_mixC,P2_re300_sl5,P组合,2,,,,300,2,0.05,,,,,,0.23452182577754654,0.24307900706497,1.035180534786671,-0.2179135689525975,0.23785251168094457,0.48149193890521813,1.0515490147385083,0.5339805825242718,4.737864077669903,0.30932128084546484,14.361271145644228,-9.723127900724348,49.92686,0.05092539720000001,103,244,1,1.9918367346938775,0.20993402232176184,0.2961493586734538,-0.04754662916238395,0.7459585656502337,-0.15147359848515152,0.6274509803921569,0.4423076923076923,2,0,0.0
V18_f1,P2_re300_sl8,P组合,2,,,,300,2,0.08,,,,,,0.00886787100578923,0.009159948518632888,0.16739629878606885,-0.305753000924585,0.04347933676777038,-0.07064060270195571,0.08239240863678012,0.5180722891566265,5.879518072289157,0.3044249145628619,17.12431690837306,-14.017205038759773,39.54506,0.0403621812,83,244,1,1.9918367346938775,0.08016446649753216,0.10077847950187824,-0.08349600778685162,0.22539581726588565,-0.24158432385411643,0.6111111111111112,0.44680851063829785,3,0,0.0
V18_f1,P2_re300_sl10,P组合,2,,,,300,2,0.1,,,,,,-0.037019264256295314,-0.0382095259542059,-0.0013758363784768916,-0.3347101456697815,-0.0003701395670301366,-0.12288242481243616,-0.055365021658792236,0.5189873417721519,6.177215189873418,0.3044249145628619,17.122925456525806,-14.017205038759773,37.38496,0.0381970592,79,244,1,1.9918367346938775,0.0792782649186204,0.10077847950187824,-0.1251820837018257,0.22539581726588565,-0.28421693396620507,0.6111111111111112,0.4418604651162791,3,0,0.0
V18_f1,Q1_re300_tp20,Q组合,1,,,,300,2,,0.2,,,,,-0.08009051190490879,-0.08260490672251852,-0.048909281395211786,-0.32379319484756197,-0.017508815556051438,-0.09007356851774151,-0.12873830418186497,0.5,5.545454545454546,0.05206966681729486,16.453593911798414,-15.203055283170809,40.8691,0.041686482000000004,44,244,1,0.9959183673469387,0.027419412605853937,-0.02260017041762452,-0.05881967619315909,-0.03006370978023265,-0.06186989737636439,0.55,0.4583333333333333,1,0,0.0
V18_f1,Q1_re300_tp40,Q组合,1,,,,300,2,,0.4,,,,,-0.08009051190490879,-0.08260490672251852,-0.048909281395211786,-0.32379319484756197,-0.017508815556051438,-0.09007356851774151,-0.12873830418186497,0.5,5.545454545454546,0.05206966681729486,16.453593911798414,-15.203055283170809,40.8691,0.041686482000000004,44,244,1,0.9959183673469387,0.027419412605853937,-0.02260017041762452,-0.05881967619315909,-0.03006370978023265,-0.06186989737636439,0.55,0.4583333333333333,1,0,0.0
V18_f1,Q1_re300_tp60,Q组合,1,,,,300,2,,0.6,,,,,-0.08009051190490879,-0.08260490672251852,-0.048909281395211786,-0.32379319484756197,-0.017508815556051438,-0.09007356851774151,-0.12873830418186497,0.5,5.545454545454546,0.05206966681729486,16.453593911798414,-15.203055283170809,40.8691,0.041686482000000004,44,244,1,0.9959183673469387,0.027419412605853937,-0.02260017041762452,-0.05881967619315909,-0.03006370978023265,-0.06186989737636439,0.55,0.4583333333333333,1,0,0.0
V18_f1,Q2_re300_tp20,Q组合,2,,,,300,2,,0.2,,,,,0.01933502150894939,0.019975247066658763,0.21234264354797422,-0.2896332016525398,0.05920839875325101,0.0003362255533909675,0.24004015748865545,0.5263157894736842,6.421052631578948,0.25322460999283036,19.957673574932766,-15.203055283170796,36.28162,0.0371087024,76,244,1,1.9918367346938775,0.06765921969623849,0.09614998142886666,-0.07007705261262365,0.25687041530279675,-0.20410552004886162,0.6111111111111112,0.45,4,0,0.0
V18_f1,Q2_re300_tp40,Q组合,2,,,,300,2,,0.4,,,,,0.01933502150894939,0.019975247066658763,0.21234264354797422,-0.2896332016525398,0.05920839875325101,0.0003362255533909675,0.24004015748865545,0.5263157894736842,6.421052631578948,0.25322460999283036,19.957673574932766,-15.203055283170796,36.28162,0.0371087024,76,244,1,1.9918367346938775,0.06765921969623849,0.09614998142886666,-0.07007705261262365,0.25687041530279675,-0.20410552004886162,0.6111111111111112,0.45,4,0,0.0
V18_f1,Q2_re300_tp60,Q组合,2,,,,300,2,,0.6,,,,,0.01933502150894939,0.019975247066658763,0.21234264354797422,-0.2896332016525398,0.05920839875325101,0.0003362255533909675,0.24004015748865545,0.5263157894736842,6.421052631578948,0.25322460999283036,19.957673574932766,-15.203055283170796,36.28162,0.0371087024,76,244,1,1.9918367346938775,0.06765921969623849,0.09614998142886666,-0.07007705261262365,0.25687041530279675,-0.20410552004886162,0.6111111111111112,0.45,4,0,0.0
V18_f1,W2_h20_tr15,W移动,2,20,,,,,,,0.15,,,,0.5835889472592988,0.6076374568406127,2.047565257631435,-0.11803902804327582,0.48936855871280194,1.8604570694457916,2.2004113622562875,0.6538461538461539,18.76923076923077,3.032925725025759,44.88632955431591,-11.377237406995977,12.64082,0.012893636400000002,26,244,1,1.9918367346938775,0.17103028324816708,0.27067306034886784,0.2462599520481834,0.797533253552104,0.5913235895877005,0.6428571428571429,0.6666666666666666,0,0,0.0
V18_f1,W2_h20_tr20,W移动,2,20,,,,,,,0.2,,,,0.4933222564729207,0.5130855714702267,1.8243702933828714,-0.1306635183214031,0.4298005196899891,1.3633235015042109,1.8277945853414928,0.6153846153846154,18.76923076923077,1.9123963939588373,44.88632955431591,-11.377237406995977,12.64206,0.012894901200000001,26,244,1,1.9918367346938775,0.16563653046260013,0.27067306034886784,0.17522146575053998,0.797533253552104,0.3147592662522649,0.6428571428571429,0.5833333333333334,3,0,0.0
V18_f1,W2_h20_tr25,W移动,2,20,,,,,,,0.25,,,,0.5781673938567531,0.601953435409279,2.019755591512179,-0.1323584436852865,0.4863982158055189,1.7533849275213225,2.0661731873061036,0.6538461538461539,18.76923076923077,2.129799193386195,44.88632955431591,-11.377237406995977,12.70438,0.0129584676,26,244,1,1.9918367346938775,0.1625686904103572,0.27067306034886784,0.2419932735675221,0.797533253552104,0.5317574359641808,0.6428571428571429,0.6666666666666666,3,0,0.0
V18_f1,W2_h30_tr15,W移动,2,30,,,,,,,0.15,,,,0.1560283617744549,0.16153694975943744,0.833921136847582,-0.15544635201097334,0.1652280856656423,0.3510977736617291,1.1651647861575016,0.5555555555555556,27.11111111111111,0.3595704354833251,20.895160171060787,-6.8472076778110065,8.73796,0.0089127192,18,244,1,1.9918367346938775,0.07011822711975711,0.051315570503963626,0.09960167451938018,0.21099712765602519,0.11569032065078377,0.7,0.375,0,0,0.0
V18_f1,W2_h30_tr20,W移动,2,30,,,,,,,0.2,,,,0.1560283617744549,0.16153694975943744,0.833921136847582,-0.15544635201097334,0.1652280856656423,0.3510977736617291,1.1651647861575016,0.5555555555555556,27.11111111111111,0.3595704354833251,20.895160171060787,-6.8472076778110065,8.73796,0.0089127192,18,244,1,1.9918367346938775,0.07011822711975711,0.051315570503963626,0.09960167451938018,0.21099712765602519,0.11569032065078377,0.7,0.375,0,0,0.0
V18_f1,W2_h30_tr25,W移动,2,30,,,,,,,0.25,,,,0.1560283617744549,0.16153694975943744,0.833921136847582,-0.15544635201097334,0.1652280856656423,0.3510977736617291,1.1651647861575016,0.5555555555555556,27.11111111111111,0.3595704354833251,20.895160171060787,-6.8472076778110065,8.73796,0.0089127192,18,244,1,1.9918367346938775,0.07011822711975711,0.051315570503963626,0.09960167451938018,0.21099712765602519,0.11569032065078377,0.7,0.375,0,0,0.0
V18_f1,X_re300_close_overlap,X口径,2,,close_overlap,,300,2,,,,,,,0.14989059569274343,0.15516829478994487,0.5553565614049608,-0.4979198520587659,0.3325396111926715,0.14989059569274366,0.5339388841207672,0.631578947368421,6.421052631578948,0.522403099674762,27.511479294917418,-19.151976829116357,36.78692,0.0375481984,76,244,1,1.9918367346938775,nan,0.4224661870619515,-0.1916218422964434,0.45715190667364203,-0.21086429601036472,0.7222222222222222,0.55,4,0,98635.0
V18_f1,X_re300_close_seq,X口径,2,,close_seq,,300,2,,,,,,,0.06776272997502963,0.07006055803941447,0.3853713762485768,-0.277225530131615,0.10042887670759448,0.06269281780190061,0.39482041514126465,0.5522388059701493,6.313432835820896,0.7737112438357174,21.409943142409425,-20.33305018686279,32.36376,0.03301171520000001,67,244,9,1.726530612244898,0.21062421379887253,0.12163637350283452,-0.04803129142429596,0.323896671088457,-0.19729927492891453,0.6551724137931034,0.47368421052631576,5,0,0.0
V11_mixA,P2_re300_sl8,P组合,2,,,,300,2,0.08,,,,,,0.6513442813616888,0.6787261054395455,2.3109424625447272,-0.13445692711363222,0.528866809693814,2.3429026400481368,2.678645697912563,0.6329113924050633,6.1645569620253164,1.1635202695400526,16.266162451053255,-12.459938590761189,38.47244,0.039241888800000006,79,244,1,1.9877551020408164,0.2660949048794425,0.3278419864780848,0.24363011425903802,0.7747809914113972,0.8835578340230519,0.675,0.5897435897435898,0,0,0.0
V11_mixA,P2_re300_sl10,P组合,2,,,,300,2,0.1,,,,,,0.5526939083183982,0.5752553343156823,1.9374946945798965,-0.14348598653368994,0.47053641326043927,1.7120415000972748,2.224547172489568,0.6075949367088608,6.1645569620253164,1.0741912984976842,19.01586289319166,-14.163358177280417,38.4495,0.03921849,79,244,1,1.9877551020408164,0.2416076302078258,0.3173300644278283,0.17866732889968362,0.5910150798459952,0.7045982369694399,0.675,0.5384615384615384,1,0,0.0
V11_mixA,Q1_re300_tp20,Q组合,1,,,,300,2,,0.2,,,,,0.6872261738455507,0.7164122642089163,1.9820394317188377,-0.14988482808574533,0.5650089791264661,0.9898602260686886,2.3824722535269354,0.6216216216216216,6.594594594594595,1.5642599590773187,13.78678089378862,-9.64681693047874,36.58744,0.03731918880000001,37,244,1,0.9959183673469387,0.2545565253535699,0.2107342299270174,0.3935561844544986,0.30267867868905696,0.5275142355681852,0.6,0.6470588235294118,0,0,0.0
V11_mixA,Q1_re300_tp40,Q组合,1,,,,300,2,,0.4,,,,,0.6872261738455507,0.7164122642089163,1.9820394317188377,-0.14988482808574533,0.5650089791264661,0.9898602260686886,2.3824722535269354,0.6216216216216216,6.594594594594595,1.5642599590773187,13.78678089378862,-9.64681693047874,36.58744,0.03731918880000001,37,244,1,0.9959183673469387,0.2545565253535699,0.2107342299270174,0.3935561844544986,0.30267867868905696,0.5275142355681852,0.6,0.6470588235294118,0,0,0.0
V11_mixA,Q1_re300_tp60,Q组合,1,,,,300,2,,0.6,,,,,0.6872261738455507,0.7164122642089163,1.9820394317188377,-0.14988482808574533,0.5650089791264661,0.9898602260686886,2.3824722535269354,0.6216216216216216,6.594594594594595,1.5642599590773187,13.78678089378862,-9.64681693047874,36.58744,0.03731918880000001,37,244,1,0.9959183673469387,0.2545565253535699,0.2107342299270174,0.3935561844544986,0.30267867868905696,0.5275142355681852,0.6,0.6470588235294118,0,0,0.0
V11_mixA,Q2_re300_tp20,Q组合,2,,,,300,2,,0.2,,,,,0.5538792684515292,0.5764973628538654,1.9287167332071227,-0.1431107339183223,0.47175346899274184,1.7304721936506988,2.267096314825707,0.6025641025641025,6.243589743589744,0.8694876650046757,19.01586289319166,-12.363391988387207,37.99272,0.03875257440000001,78,244,1,1.9877551020408164,0.24613040523867893,0.3173300644278283,0.17956714904737558,0.6542901819453086,0.6505400463901014,0.675,0.5263157894736842,1,0,0.0
V11_mixA,Q2_re300_tp40,Q组合,2,,,,300,2,,0.4,,,,,0.5538792684515292,0.5764973628538654,1.9287167332071227,-0.1431107339183223,0.47175346899274184,1.7304721936506988,2.267096314825707,0.6025641025641025,6.243589743589744,0.8694876650046757,19.01586289319166,-12.363391988387207,37.99272,0.03875257440000001,78,244,1,1.9877551020408164,0.24613040523867893,0.3173300644278283,0.17956714904737558,0.6542901819453086,0.6505400463901014,0.675,0.5263157894736842,1,0,0.0
V11_mixA,Q2_re300_tp60,Q组合,2,,,,300,2,,0.6,,,,,0.5538792684515292,0.5764973628538654,1.9287167332071227,-0.1431107339183223,0.47175346899274184,1.7304721936506988,2.267096314825707,0.6025641025641025,6.243589743589744,0.8694876650046757,19.01586289319166,-12.363391988387207,37.99272,0.03875257440000001,78,244,1,1.9877551020408164,0.24613040523867893,0.3173300644278283,0.17956714904737558,0.6542901819453086,0.6505400463901014,0.675,0.5263157894736842,1,0,0.0
V11_ensw2,R2_re300_tr15,R组合,2,,,,300,2,,,0.15,,,,0.7599943721730622,0.7929196591514831,2.4313426471214306,-0.1145465251758494,0.5967091468929964,2.6387721714022465,2.051377519920764,0.5882352941176471,5.729411764705882,1.556363118101145,46.528149323422554,-18.186008839067014,41.26398,0.0420892596,85,244,1,1.9877551020408164,0.3176086904124917,0.6033048810797392,0.09772906759181188,1.7252620363525062,0.3352008441259413,0.6170212765957447,0.5526315789473685,0,0,0.0
V11_ensw2,R2_re300_tr20,R组合,2,,,,300,2,,,0.2,,,,0.8184644619551675,0.8544696502432523,2.539180477371085,-0.1195368066849497,0.6301307577596051,3.2785997632619077,2.440090753289105,0.6,6.0875,1.5191603863821235,46.528149323422554,-11.626354669399774,38.85398,0.0396310596,80,244,1,1.9877551020408164,0.32202079255350047,0.6033048810797392,0.1341975462149969,1.7252620363525062,0.5699773842622451,0.6170212765957447,0.5757575757575758,0,0,0.0
V11_ensw2,S1_re300_sl8_tp40,S组合,1,,,,300,2,0.08,0.4,,,,,0.15439975582637389,0.15984697103587098,0.5761993193400354,-0.21164173964858024,0.2138580059712457,0.14275377519003585,0.5483776769371449,0.5952380952380952,5.785714285714286,0.6498890102460075,16.266162451053255,-10.404909506754967,40.97434,0.0417938268,42,244,2,0.9918367346938776,0.08774884092568651,0.030960229389949134,0.11973257834540241,-0.05196480601711562,0.20539172220927715,0.6086956521739131,0.5789473684210527,0,0,0.0
V11_ensw2,S1_re300_sl8_tr15,S组合,1,,,,300,2,0.08,,0.15,,,,0.15439975582637389,0.15984697103587098,0.5761993193400354,-0.21164173964858024,0.2138580059712457,0.14275377519003585,0.5483776769371449,0.5952380952380952,5.785714285714286,0.6498890102460075,16.266162451053255,-10.404909506754967,40.97434,0.0417938268,42,244,2,0.9918367346938776,0.08774884092568651,0.030960229389949134,0.11973257834540241,-0.05196480601711562,0.20539172220927715,0.6086956521739131,0.5789473684210527,0,0,0.0
V11_ensw2,S2_re300_sl8_tp40,S组合,2,,,,300,2,0.08,0.4,,,,,0.884270275855292,0.923819336982254,2.7579162302995104,-0.10918682169108462,0.6638977444053918,3.7727632658736026,2.47712177155882,0.5955056179775281,5.47191011235955,1.2490266044342002,46.528149323422554,-10.404909506754967,43.17252,0.0440359704,89,244,1,1.9877551020408164,0.32901923405587263,0.6262612266620649,0.15865166368308237,1.8229197197302072,0.6907187379490003,0.625,0.5609756097560976,0,0,0.0
V11_ensw2,S2_re300_sl8_tr15,S组合,2,,,,300,2,0.08,,0.15,,,,0.884270275855292,0.923819336982254,2.7579162302995104,-0.10918682169108462,0.6638977444053918,3.7727632658736026,2.47712177155882,0.5955056179775281,5.47191011235955,1.2490266044342002,46.528149323422554,-10.404909506754967,43.17252,0.0440359704,89,244,1,1.9877551020408164,0.32901923405587263,0.6262612266620649,0.15865166368308237,1.8229197197302072,0.6907187379490003,0.625,0.5609756097560976,0,0,0.0
V11_ensw2,T2_re150,T细化,2,,,,150,2,,,,,,,0.864382684877858,0.9028522269256711,2.8410681016323664,-0.12282536234131214,0.6504400757638718,3.5218092924042805,2.388227089880846,0.6551724137931034,4.198275862068965,1.2704056694417099,46.528149323422554,-16.49272627276066,56.15212,0.057275162399999996,116,244,1,1.9877551020408164,0.32366377356890347,0.5910336605479776,0.17180593415964207,1.8966379445019848,0.5610543599302713,0.6875,0.6153846153846154,1,0,0.0
V11_ensw2,T2_re250,T细化,2,,,,250,2,,,,,,,0.6589883498387383,0.686752313374609,2.184582324579696,-0.1272497019903801,0.5375794490924679,1.902390796158604,1.711638012929951,0.5333333333333333,5.4222222222222225,0.1254086538260868,46.528149323422554,-23.304132051946347,43.68832,0.044562086400000006,90,244,1,1.9918367346938775,0.31342964991548616,0.4938507178551108,0.11054493598981097,1.2333817222249737,0.2995498115150419,0.5961538461538461,0.4473684210526316,0,0,0.0
V11_ensw2,T2_re400,T细化,2,,,,400,2,,,,,,,0.15007812775898954,0.15536286491259754,0.6510418794831059,-0.22145290349985247,0.1785548955553552,0.22539426665141038,0.6723807122102807,0.5454545454545454,8.872727272727273,0.8076328607829142,17.411721127689272,-13.808860319519233,26.69422,0.027228104399999998,55,244,1,1.9918367346938775,0.15639899364470122,0.19638706932851813,-0.03870732370546448,0.31397191304845484,-0.06741213074451624,0.6129032258064516,0.4583333333333333,0,0,0.0
V11_ensw2,T2_re300_mh3,T细化,2,,,,300,3,,,,,,,0.20430941516550472,0.21167244575264044,0.8349600299754136,-0.22317758370764662,0.22211636452626715,0.2989265377087238,0.7476200804429222,0.5223880597014925,7.2835820895522385,0.5370649085783219,25.453179926028202,-13.808860319519233,32.54166,0.0331924932,67,244,1,1.9918367346938775,0.21569942281646995,0.2222652650832988,-0.014690632574403284,0.22179879623773058,0.06312638521865588,0.5641025641025641,0.4642857142857143,0,0,0.0
V11_ensw2,T2_re300_mh5,T细化,2,,,,300,5,,,,,,,0.5114040525237735,0.5320111034895987,1.6798860970391725,-0.2042378778372499,0.45015393364038314,1.3520971711374248,1.6712686902594989,0.5833333333333334,8.133333333333333,1.1673209560295605,27.78193315996347,-21.8354532169462,29.11232,0.029694566400000007,60,244,1,1.9918367346938775,0.25232070668788886,0.33638059932353626,0.13096826853729615,0.5272524360442048,0.540084085398274,0.6176470588235294,0.5384615384615384,0,0,0.0
V11_ensw2,T2_re300_mh8,T细化,2,,,,300,8,,,,,,,0.4229685571360873,0.4395213173546604,1.4296304627466412,-0.11853140004621376,0.3913905680010552,1.1468580018840955,1.816394451052642,0.5909090909090909,11.090909090909092,1.6130475440106706,16.06032963859214,-10.7913720710612,21.20228,0.021626325600000006,44,244,1,1.9918367346938775,0.219563189824513,0.3070789851918254,0.08866302133015558,0.6856227900765561,0.2736289604785125,0.6521739130434783,0.5238095238095238,0,0,0.0
V11_ensw2,U2_re300_h10,U持有上限,2,10,,,300,2,,,,,,,0.24249679441940875,0.2513734180862943,0.9179320204622327,-0.1571589657542215,0.25737591481197575,0.42449340505833355,0.9015137668784396,0.5,5.7976190476190474,0.1757854741013365,25.48755765472359,-18.186008839067014,40.7361,0.041550822,84,244,1,1.9877551020408164,0.18036505458691424,0.18270057075798096,0.0505590553855102,0.21701542861453937,0.17048097465780576,0.5,0.5,0,0,0.0
V11_ensw2,U2_re300_h20,U持有上限,2,20,,,300,2,,,,,,,0.8184644619551675,0.8544696502432523,2.539180477371085,-0.1195368066849497,0.6301307577596051,3.2785997632619077,2.440090753289105,0.6,6.0875,1.5191603863821235,46.528149323422554,-11.626354669399774,38.85398,0.0396310596,80,244,1,1.9877551020408164,0.32202079255350047,0.6033048810797392,0.1341975462149969,1.7252620363525062,0.5699773842622451,0.6170212765957447,0.5757575757575758,0,0,0.0
V11_ensw2,U2_re300_h30,U持有上限,2,30,,,300,2,,,,,,,0.8184644619551675,0.8544696502432523,2.539180477371085,-0.1195368066849497,0.6301307577596051,3.2785997632619077,2.440090753289105,0.6,6.0875,1.5191603863821235,46.528149323422554,-11.626354669399774,38.85398,0.0396310596,80,244,1,1.9877551020408164,0.32202079255350047,0.6033048810797392,0.1341975462149969,1.7252620363525062,0.5699773842622451,0.6170212765957447,0.5757575757575758,0,0,0.0
V11_ensw2,V2_re300_q0.2,V择时,2,,,,300,2,,,,,,0.2,0.31972620775404814,0.3317850367815831,1.1941301322188873,-0.23388266026857563,0.31271587036356596,0.6782555379376662,1.2295634044668227,0.5972222222222222,6.5,0.9022586754995676,17.411721127689272,-23.304132051946347,34.92944,0.0356280288,72,244,2,1.910204081632653,0.2915946323782558,0.38506998600915643,-0.04717723935624729,1.060412980980718,-0.1854761383133745,0.6363636363636364,0.5357142857142857,0,0,0.0
V18_f2,V2_re300_q0.4,V择时,2,,,,300,2,,,,,,0.4,0.23352607732423492,0.24204349641323875,0.9148815931517451,-0.15885983910436696,0.2475806499145875,0.41306916950362926,0.9179038056002488,0.56,5.773333333333333,0.5617543588045004,21.6490191196542,-21.98977378307675,36.17908,0.0369026616,75,244,13,1.7673469387755103,0.18725230854799818,0.061395972841078006,0.1621733159797174,0.14487644393341292,0.23425473289396637,0.5833333333333334,0.5384615384615384,3,2,0.0
V18_f2,W2_h10_tr15,W移动,2,10,,,,,,,0.15,,,,0.3091908796542502,0.3208063073110403,1.3303648469357368,-0.19938717504921977,0.29449072686148703,0.706941653970002,1.3973471108527535,0.52,9.76,0.1410005723343266,27.12171758419735,-12.906526076619107,24.40818,0.0248963436,50,244,1,1.9918367346938775,0.154497356868281,0.2704172773421907,0.030520367601720055,0.5426243165906199,0.10651805213504129,0.6153846153846154,0.4166666666666667,0,0,0.0
V18_f2,W2_h10_tr20,W移动,2,10,,,,,,,0.2,,,,0.3091908796542502,0.3208063073110403,1.3303648469357368,-0.19938717504921977,0.29449072686148703,0.706941653970002,1.3973471108527535,0.52,9.76,0.1410005723343266,27.12171758419735,-12.906526076619107,24.40818,0.0248963436,50,244,1,1.9918367346938775,0.154497356868281,0.2704172773421907,0.030520367601720055,0.5426243165906199,0.10651805213504129,0.6153846153846154,0.4166666666666667,0,0,0.0
V18_f2,W2_h10_tr25,W移动,2,10,,,,,,,0.25,,,,0.3091908796542502,0.3208063073110403,1.3303648469357368,-0.19938717504921977,0.29449072686148703,0.706941653970002,1.3973471108527535,0.52,9.76,0.1410005723343266,27.12171758419735,-12.906526076619107,24.40818,0.0248963436,50,244,1,1.9918367346938775,0.154497356868281,0.2704172773421907,0.030520367601720055,0.5426243165906199,0.10651805213504129,0.6153846153846154,0.4166666666666667,0,0,0.0
V18_f2,W2_h20_tr15,W移动,2,20,,,,,,,0.15,,,,0.3272869333920916,0.33966574402135574,1.1167485022327244,-0.12860103999838135,0.32705427729568914,0.7066842772947652,1.193613553704708,0.48148148148148145,18.074074074074073,-0.10197348689340302,42.51381208050085,-12.616105069983607,13.0856,0.013347312000000002,27,244,1,1.9918367346938775,0.117542243681257,0.25184613606681716,0.06026363396567458,0.49690815869991556,0.1401396053429511,0.5,0.46153846153846156,0,1,0.0
V18_f2,W2_h20_tr20,W移动,2,20,,,,,,,0.2,,,,0.8427748279558744,0.8800797862557641,2.2716867678139736,-0.12473994262984334,0.6542946793683133,3.204290948864597,2.2582562757834372,0.5769230769230769,18.76923076923077,3.298417590841851,44.88632955431591,-12.616105069983607,12.71596,0.0129702792,26,244,1,1.9918367346938775,0.2145531707991704,0.5698941081680793,0.17382109937734613,1.46116259993891,0.708254037733612,0.6428571428571429,0.5,0,1,0.0
V18_f2,W2_h20_tr25,W移动,2,20,,,,,,,0.25,,,,0.8427748279558744,0.8800797862557641,2.2716867678139736,-0.12473994262984334,0.6542946793683133,3.204290948864597,2.2582562757834372,0.5769230769230769,18.76923076923077,3.298417590841851,44.88632955431591,-12.616105069983607,12.71596,0.0129702792,26,244,1,1.9918367346938775,0.2145531707991704,0.5698941081680793,0.17382109937734613,1.46116259993891,0.708254037733612,0.6428571428571429,0.5,0,1,0.0
V18_f2,W2_h30_tr15,W移动,2,30,,,,,,,0.15,,,,-0.18005472522686294,-0.18537423511938322,-0.7415690739911767,-0.3032817251257647,-0.1710947795537323,-0.32867038010115324,-0.9639583703666786,0.3333333333333333,27.11111111111111,-1.7483094082992312,16.991024876685824,-17.377934994691756,8.261,0.00845426,18,244,1,1.9918367346938775,0.024237548469032782,0.012141028422319788,-0.18989029023827697,-0.0708606716071396,-0.2774715272680892,0.4,0.25,0,0,0.0
V18_f2,P1_re300_sl5,P组合,1,,,,300,2,0.05,,,,,,0.7164825124528178,0.7471591931718176,1.8300745793719169,-0.19439390807458268,0.5944883632989374,0.9353815457111567,1.7771147820469264,0.5208333333333334,5.083333333333333,0.4514855929403372,21.6490191196542,-8.84969907823966,46.98274,0.047922394800000004,48,244,1,0.9959183673469387,0.20876025498029835,0.2786214531726168,0.34244776528169885,0.3574931065857274,0.4257026693703765,0.6190476190476191,0.4444444444444444,2,0,0.0
V18_f2,P1_re300_sl8,P组合,1,,,,300,2,0.08,,,,,,0.6839152332847522,0.712933728840422,1.683157840053303,-0.2193255656155979,0.5826319609496943,0.8788269204128301,1.7005529087216331,0.5208333333333334,5.083333333333333,0.4514855929403372,21.6490191196542,-9.84239288498091,46.85496,0.0477920592,48,244,1,0.9959183673469387,0.1928991733159749,0.2621881746910426,0.3341237598719702,0.3362439353787017,0.4060508494508943,0.6190476190476191,0.4444444444444444,2,0,0.0
V18_f2,P1_re300_sl10,P组合,1,,,,300,2,0.1,,,,,,0.6172310227897826,0.6429223940575164,1.5705228024142175,-0.2193255656155979,0.5416662592603744,0.7432677484454122,1.4925466368203069,0.5106382978723404,5.191489361702128,0.306639619747906,21.6490191196542,-9.84239288498091,45.89468,0.046812573600000004,47,244,1,0.9959183673469387,0.19006340769706492,0.2621881746910426,0.281291534192712,0.3362439353787017,0.3046029263746344,0.6190476190476191,0.4230769230769231,2,0,0.0
V18_f2,P2_re300_sl5,P组合,2,,,,300,2,0.05,,,,,,0.36754791287066646,0.3816552254176726,1.3402340218605582,-0.1380220911528065,0.34769532848297935,0.9281309209820738,1.5027317090588723,0.5054945054945055,5.362637362637362,0.306639619747906,21.6490191196542,-8.84969907823966,43.96424,0.044848464799999994,91,244,1,1.9918367346938775,0.12400603326503147,0.16127117818890535,0.1776301165103107,0.36842755857620735,0.4090120510202344,0.6190476190476191,0.40816326530612246,4,0,0.0
V18_f2,P2_re300_sl8,P组合,2,,,,300,2,0.08,,,,,,0.2393358279447948,0.24808562767293307,0.8987173316130225,-0.16319743043667712,0.2563656339914616,0.5279562713025272,1.058281703676954,0.4444444444444444,5.4222222222222225,-0.7120825002589759,21.6490191196542,-9.84239288498091,43.09312,0.0439959024,90,244,1,1.9918367346938775,0.09159745417379818,0.06913684552413701,0.15919288829412648,0.15675083456321692,0.3209035391614614,0.525,0.38,3,0,0.0
V18_f2,P2_re300_sl10,P组合,2,,,,300,2,0.1,,,,,,0.1991452184516227,0.20630670026745035,0.7728698986519282,-0.20000876292352399,0.2249580362649849,0.34784563111245603,0.8079384316738667,0.4431818181818182,5.545454545454546,-0.735756087776579,21.6490191196542,-11.933216890235753,42.09018,0.042984173599999995,88,244,1,1.9918367346938775,0.0907527158747724,0.06913684552413701,0.12160124634349323,0.15675083456321692,0.1651996184825708,0.525,0.375,3,0,0.0
V18_f2,Q1_re300_tp20,Q组合,1,,,,300,2,,0.2,,,,,0.6172310227897826,0.6429223940575164,1.5705228024142175,-0.2193255656155979,0.5416662592603744,0.7432677484454122,1.4925466368203069,0.5106382978723404,5.191489361702128,0.306639619747906,21.6490191196542,-9.84239288498091,45.89468,0.046812573600000004,47,244,1,0.9959183673469387,0.19006340769706492,0.2621881746910426,0.281291534192712,0.3362439353787017,0.3046029263746344,0.6190476190476191,0.4230769230769231,2,0,0.0
V18_f2,Q1_re300_tp40,Q组合,1,,,,300,2,,0.4,,,,,0.6172310227897826,0.6429223940575164,1.5705228024142175,-0.2193255656155979,0.5416662592603744,0.7432677484454122,1.4925466368203069,0.5106382978723404,5.191489361702128,0.306639619747906,21.6490191196542,-9.84239288498091,45.89468,0.046812573600000004,47,244,1,0.9959183673469387,0.19006340769706492,0.2621881746910426,0.281291534192712,0.3362439353787017,0.3046029263746344,0.6190476190476191,0.4230769230769231,2,0,0.0
V20_ensw2,P2_re300_sl8,P组合,2,,,,300,2,0.08,,,,,,0.48530199534194884,0.5046934672316663,1.6197975544807899,-0.14064291441486731,0.4322874394696402,1.1633347387852249,1.3930676035486111,0.5517241379310345,5.597701149425287,0.46227180522597777,46.528149323422554,-12.14898279298171,42.19444,0.0430383288,87,244,1,1.9877551020408164,0.2166781612288199,0.33779669476563745,0.11025987816643124,0.6245722652612067,0.33163343056173256,0.5217391304347826,0.5853658536585366,1,0,0.0
V20_ensw2,P2_re300_sl10,P组合,2,,,,300,2,0.1,,,,,,0.4476361342367321,0.4653013061530462,1.537077732640141,-0.1681695650810925,0.405994357634913,1.0065134337571746,1.2955611412315415,0.5454545454545454,6.337662337662338,0.42236570939109264,46.528149323422554,-16.04403412269391,37.43358,0.038182251599999995,77,244,1,1.9918367346938775,0.19719642049693897,0.28780212920441617,0.12411379155822488,0.4637624670675702,0.3707916953062236,0.5365853658536586,0.5555555555555556,1,0,0.0
V20_ensw2,Q1_re300_tp20,Q组合,1,,,,300,2,,0.2,,,,,-0.050892746654541576,-0.05251677086721529,0.050704682239562385,-0.38232520526617997,0.018963489728434757,-0.04204926819906474,0.016881225416271132,0.5483870967741935,7.870967741935484,0.46227180522597777,11.061201826041135,-11.626354669399797,28.25464,0.028819732800000004,31,244,1,0.9959183673469387,0.03213395230251746,-0.20478965561804052,0.19352981264737923,-0.22923020571519015,0.2428493421823945,0.4,0.6875,1,0,0.0
V20_ensw2,Q1_re300_tp40,Q组合,1,,,,300,2,,0.4,,,,,-0.050892746654541576,-0.05251677086721529,0.050704682239562385,-0.38232520526617997,0.018963489728434757,-0.04204926819906474,0.016881225416271132,0.5483870967741935,7.870967741935484,0.46227180522597777,11.061201826041135,-11.626354669399797,28.25464,0.028819732800000004,31,244,1,0.9959183673469387,0.03213395230251746,-0.20478965561804052,0.19352981264737923,-0.22923020571519015,0.2428493421823945,0.4,0.6875,1,0,0.0
V20_ensw2,Q1_re300_tp60,Q组合,1,,,,300,2,,0.6,,,,,-0.050892746654541576,-0.05251677086721529,0.050704682239562385,-0.38232520526617997,0.018963489728434757,-0.04204926819906474,0.016881225416271132,0.5483870967741935,7.870967741935484,0.46227180522597777,11.061201826041135,-11.626354669399797,28.25464,0.028819732800000004,31,244,1,0.9959183673469387,0.03213395230251746,-0.20478965561804052,0.19352981264737923,-0.22923020571519015,0.2428493421823945,0.4,0.6875,1,0,0.0
V20_ensw2,Q2_re300_tp20,Q组合,2,,,,300,2,,0.2,,,,,0.2572362438412048,0.26670785215828197,0.968656900883294,-0.2393447197950267,0.2684312620526931,0.420112650941711,0.8691940002310673,0.52,6.506666666666667,0.07189435094698826,33.34476381684108,-25.692589551290034,36.5217,0.037252134,75,244,1,1.9918367346938775,0.17314389696415286,0.27936404269926607,-0.017295936199187678,0.5953409854406695,-0.10983754325759798,0.5348837209302325,0.5,1,0,0.0
V20_ensw2,Q2_re300_tp40,Q组合,2,,,,300,2,,0.4,,,,,0.3184485739487237,0.3304534775065986,1.1569516669929636,-0.22884487294046352,0.3145093824098383,0.5333161245627784,0.942029952428731,0.5416666666666666,6.777777777777778,0.4423187573085352,46.528149323422554,-25.692589551290034,35.03716,0.035737903200000004,72,244,1,1.9918367346938775,0.19362321623248566,0.31003837513575183,0.0064198110319491075,0.39231703561613807,0.10126938429956422,0.5365853658536586,0.5483870967741935,1,0,0.0
V20_ensw2,Q2_re300_tp60,Q组合,2,,,,300,2,,0.6,,,,,0.3184485739487237,0.3304534775065986,1.1569516669929636,-0.22884487294046352,0.3145093824098383,0.5333161245627784,0.942029952428731,0.5416666666666666,6.777777777777778,0.4423187573085352,46.528149323422554,-25.692589551290034,35.03716,0.035737903200000004,72,244,1,1.9918367346938775,0.19362321623248566,0.31003837513575183,0.0064198110319491075,0.39231703561613807,0.10126938429956422,0.5365853658536586,0.5483870967741935,1,0,0.0
V11_ensw2,Q1_re300_tp60,Q组合,1,,,,300,2,,0.6,,,,,0.23886269350118217,0.2475935338215809,0.7764254489644893,-0.19979897803640478,0.28077566490315053,0.2357454199857063,0.7950345620424163,0.6,6.075,1.7230887845828713,16.266162451053255,-11.626354669399774,39.39676,0.0401846952,40,244,2,0.9918367346938776,0.1274702953126165,0.10732465433527172,0.1187890458782146,0.024262780132902506,0.20647303011963647,0.6086956521739131,0.5882352941176471,0,0,0.0
V11_ensw2,Q2_re300_tp20,Q组合,2,,,,300,2,,0.2,,,,,0.7540260638769911,0.7866407045495236,2.382557328526017,-0.12411607431435501,0.5943009638999797,2.8936469035697554,2.520519525260367,0.6,6.0875,1.5191603863821235,33.34476381684108,-11.626354669399774,38.85398,0.0396310596,80,244,1,1.9877551020408164,0.30908265569991994,0.5388664830015619,0.13981692580356864,1.4800656000528556,0.5699773842622451,0.6170212765957447,0.5757575757575758,0,0,0.0
V11_ensw2,Q2_re300_tp40,Q组合,2,,,,300,2,,0.4,,,,,0.8184644619551675,0.8544696502432523,2.539180477371085,-0.1195368066849497,0.6301307577596051,3.2785997632619077,2.440090753289105,0.6,6.0875,1.5191603863821235,46.528149323422554,-11.626354669399774,38.85398,0.0396310596,80,244,1,1.9877551020408164,0.32202079255350047,0.6033048810797392,0.1341975462149969,1.7252620363525062,0.5699773842622451,0.6170212765957447,0.5757575757575758,0,0,0.0
V11_ensw2,Q2_re300_tp60,Q组合,2,,,,300,2,,0.6,,,,,0.8184644619551675,0.8544696502432523,2.539180477371085,-0.1195368066849497,0.6301307577596051,3.2785997632619077,2.440090753289105,0.6,6.0875,1.5191603863821235,46.528149323422554,-11.626354669399774,38.85398,0.0396310596,80,244,1,1.9877551020408164,0.32202079255350047,0.6033048810797392,0.1341975462149969,1.7252620363525062,0.5699773842622451,0.6170212765957447,0.5757575757575758,0,0,0.0
V11_ensw2,R1_re300_tr10,R组合,1,,,,300,2,,,0.1,,,,0.48999219330843036,0.5096009368297194,1.295939786554705,-0.21164173964858024,0.46423300307828486,0.5616130640935837,1.245331216254972,0.6190476190476191,5.785714285714286,1.7230887845828824,25.487557654723613,-16.04403412269391,41.14838,0.04197134760000001,42,244,2,0.9918367346938776,0.13443110450042678,0.057577665033677894,0.40887259874288495,-0.025522163336327064,0.6025126537921999,0.6086956521739131,0.631578947368421,0,0,0.0
V11_ensw2,R1_re300_tr15,R组合,1,,,,300,2,,,0.15,,,,0.5436978614991088,0.5658302292020791,1.4137181669729064,-0.17171566695586216,0.4974022987812199,0.6413940659713535,1.3760359027610003,0.6190476190476191,5.785714285714286,1.7971591866217218,25.487557654723613,-16.04403412269391,41.35746,0.04218460920000001,42,244,2,0.9918367346938776,0.1653348342684508,0.10732465433527172,0.39407883266700483,0.024262780132902506,0.6025126537921999,0.6086956521739131,0.631578947368421,0,0,0.0
V11_ensw2,R1_re300_tr20,R组合,1,,,,300,2,,,0.2,,,,0.23886269350118217,0.2475935338215809,0.7764254489644893,-0.19979897803640478,0.28077566490315053,0.2357454199857063,0.7950345620424163,0.6,6.075,1.7230887845828713,16.266162451053255,-11.626354669399774,39.39676,0.0401846952,40,244,2,0.9918367346938776,0.1274702953126165,0.10732465433527172,0.1187890458782146,0.024262780132902506,0.20647303011963647,0.6086956521739131,0.5882352941176471,0,0,0.0
V11_ensw2,R2_re300_tr10,R组合,2,,,,300,2,,,0.1,,,,0.6334639558929789,0.6599566797100169,2.049074954166849,-0.15373659087659552,0.5247031543253781,1.6869217060204886,1.620197257041578,0.5647058823529412,5.729411764705882,0.6883348669266987,46.528149323422554,-16.04403412269391,41.30364,0.0421297128,85,244,1,1.9877551020408164,0.2975452779760728,0.6095975169820014,0.0148275818390462,1.7369729491433072,-0.018287079943001716,0.625,0.4864864864864865,0,0,0.0
V18_f2,Q1_re300_tp60,Q组合,1,,,,300,2,,0.6,,,,,0.6172310227897826,0.6429223940575164,1.5705228024142175,-0.2193255656155979,0.5416662592603744,0.7432677484454122,1.4925466368203069,0.5106382978723404,5.191489361702128,0.306639619747906,21.6490191196542,-9.84239288498091,45.89468,0.046812573600000004,47,244,1,0.9959183673469387,0.19006340769706492,0.2621881746910426,0.281291534192712,0.3362439353787017,0.3046029263746344,0.6190476190476191,0.4230769230769231,2,0,0.0
V18_f2,Q2_re300_tp20,Q组合,2,,,,300,2,,0.2,,,,,0.04960666233220956,0.0512741237152059,0.3165613382098774,-0.24365938109077667,0.09041595713149708,0.015978287637270494,0.3229304814092605,0.4444444444444444,6.0246913580246915,-0.794314253917261,21.6490191196542,-21.98977378307675,38.56988,0.039400517600000004,81,244,1,1.9918367346938775,0.07867977773630057,0.06913684552413701,-0.018267243593455107,0.15675083456321692,-0.12169651641453194,0.525,0.36585365853658536,2,0,0.0
V18_f2,Q2_re300_tp40,Q组合,2,,,,300,2,,0.4,,,,,0.04960666233220956,0.0512741237152059,0.3165613382098774,-0.24365938109077667,0.09041595713149708,0.015978287637270494,0.3229304814092605,0.4444444444444444,6.0246913580246915,-0.794314253917261,21.6490191196542,-21.98977378307675,38.56988,0.039400517600000004,81,244,1,1.9918367346938775,0.07867977773630057,0.06913684552413701,-0.018267243593455107,0.15675083456321692,-0.12169651641453194,0.525,0.36585365853658536,2,0,0.0
V18_f2,Q2_re300_tp60,Q组合,2,,,,300,2,,0.6,,,,,0.04960666233220956,0.0512741237152059,0.3165613382098774,-0.24365938109077667,0.09041595713149708,0.015978287637270494,0.3229304814092605,0.4444444444444444,6.0246913580246915,-0.794314253917261,21.6490191196542,-21.98977378307675,38.56988,0.039400517600000004,81,244,1,1.9918367346938775,0.07867977773630057,0.06913684552413701,-0.018267243593455107,0.15675083456321692,-0.12169651641453194,0.525,0.36585365853658536,2,0,0.0
V18_f2,R1_re300_tr10,R组合,1,,,,300,2,,,0.1,,,,0.6172310227897826,0.6429223940575164,1.5705228024142175,-0.2193255656155979,0.5416662592603744,0.7432677484454122,1.4925466368203069,0.5106382978723404,5.191489361702128,0.306639619747906,21.6490191196542,-9.84239288498091,45.89468,0.046812573600000004,47,244,1,0.9959183673469387,0.19006340769706492,0.2621881746910426,0.281291534192712,0.3362439353787017,0.3046029263746344,0.6190476190476191,0.4230769230769231,2,0,0.0
V18_f2,R1_re300_tr15,R组合,1,,,,300,2,,,0.15,,,,0.6172310227897826,0.6429223940575164,1.5705228024142175,-0.2193255656155979,0.5416662592603744,0.7432677484454122,1.4925466368203069,0.5106382978723404,5.191489361702128,0.306639619747906,21.6490191196542,-9.84239288498091,45.89468,0.046812573600000004,47,244,1,0.9959183673469387,0.19006340769706492,0.2621881746910426,0.281291534192712,0.3362439353787017,0.3046029263746344,0.6190476190476191,0.4230769230769231,2,0,0.0
V18_f2,R1_re300_tr20,R组合,1,,,,300,2,,,0.2,,,,0.6172310227897826,0.6429223940575164,1.5705228024142175,-0.2193255656155979,0.5416662592603744,0.7432677484454122,1.4925466368203069,0.5106382978723404,5.191489361702128,0.306639619747906,21.6490191196542,-9.84239288498091,45.89468,0.046812573600000004,47,244,1,0.9959183673469387,0.19006340769706492,0.2621881746910426,0.281291534192712,0.3362439353787017,0.3046029263746344,0.6190476190476191,0.4230769230769231,2,0,0.0
V18_f2,R2_re300_tr10,R组合,2,,,,300,2,,,0.1,,,,0.1991452184516227,0.20630670026745035,0.7728698986519282,-0.20000876292352399,0.2249580362649849,0.34784563111245603,0.8079384316738667,0.4431818181818182,5.545454545454546,-0.735756087776579,21.6490191196542,-11.933216890235753,42.09018,0.042984173599999995,88,244,1,1.9918367346938775,0.0907527158747724,0.06913684552413701,0.12160124634349323,0.15675083456321692,0.1651996184825708,0.525,0.375,3,0,0.0
V20_ensw2,S2_re300_sl8_tp40,S组合,2,,,,300,2,0.08,0.4,,,,,0.48530199534194884,0.5046934672316663,1.6197975544807899,-0.14064291441486731,0.4322874394696402,1.1633347387852249,1.3930676035486111,0.5517241379310345,5.597701149425287,0.46227180522597777,46.528149323422554,-12.14898279298171,42.19444,0.0430383288,87,244,1,1.9877551020408164,0.2166781612288199,0.33779669476563745,0.11025987816643124,0.6245722652612067,0.33163343056173256,0.5217391304347826,0.5853658536585366,1,0,0.0
V20_ensw2,S2_re300_sl8_tr15,S组合,2,,,,300,2,0.08,,0.15,,,,0.48530199534194884,0.5046934672316663,1.6197975544807899,-0.14064291441486731,0.4322874394696402,1.1633347387852249,1.3930676035486111,0.5517241379310345,5.597701149425287,0.46227180522597777,46.528149323422554,-12.14898279298171,42.19444,0.0430383288,87,244,1,1.9877551020408164,0.2166781612288199,0.33779669476563745,0.11025987816643124,0.6245722652612067,0.33163343056173256,0.5217391304347826,0.5853658536585366,1,0,0.0
V20_ensw2,T2_re150,T细化,2,,,,150,2,,,,,,,0.2559938404582447,0.2654150684452212,0.950860799403832,-0.2514445016408604,0.26895237105086267,0.41513446368036866,0.8669991529309267,0.5523809523809524,4.647619047619048,0.4450118771158751,25.48755765472359,-25.692589551290034,50.9474,0.05196634800000001,105,244,1,1.9918367346938775,0.21440658472205965,0.29628305883145467,-0.031080571560913706,0.7887646177764136,-0.2088760870955162,0.6379310344827587,0.44680851063829785,1,0,0.0
V20_ensw2,T2_re250,T细化,2,,,,250,2,,,,,,,0.6671269858170423,0.6952991457658142,2.1789394736354106,-0.13813142438588444,0.5434086383785514,2.0545913056124716,1.8204238824172851,0.6190476190476191,5.809523809523809,1.7339742478656217,46.528149323422554,-25.692589551290034,40.78908,0.0416048616,84,244,1,1.9918367346938775,0.3048924575096738,0.49054440440689606,0.11846851451595053,0.9973413040584809,0.5293286627607006,0.6086956521739131,0.631578947368421,1,0,0.0
V20_ensw2,T2_re400,T细化,2,,,,400,2,,,,,,,0.08486172586074914,0.08776280250320645,0.43189124229811515,-0.20694296984028326,0.12382117369745915,0.09807229430797704,0.44108275144958936,0.5283018867924528,9.18867924528302,0.46227180522597777,18.104155539368083,-18.356612946162997,25.7895,0.02630528999999999,53,244,1,1.9877551020408164,0.1260375412689831,0.1640598593372189,-0.06803613477537351,0.2247460783580204,-0.10342860964280143,0.5757575757575758,0.45,0,0,0.0
V20_ensw2,T2_re300_mh3,T细化,2,,,,300,3,,,,,,,0.5546447677027102,0.5772994747687978,1.760301595365519,-0.20303807265290652,0.47950590534311655,1.4196092501444255,1.4899296258306416,0.5522388059701493,7.2835820895522385,0.2851475460523556,43.720576484057986,-16.49272627276066,32.60428,0.033256365600000004,67,244,1,1.9918367346938775,0.24845951388658344,0.4009023420960127,0.10974528415497575,0.6685557502972626,0.45012190915008876,0.5405405405405406,0.5666666666666667,1,0,0.0
V20_ensw2,T2_re300_mh5,T细化,2,,,,300,5,,,,,,,0.018494126712037096,0.019106248236934853,0.22335803877064148,-0.3493137423773369,0.07245326662055629,-0.11217535468903872,0.1466645780646283,0.5283018867924528,9.18867924528302,0.11013543833624517,23.354710946674917,-25.692589551290034,25.35186,0.0258837972,53,244,1,1.9877551020408164,0.13126589809501585,0.14906454082376164,-0.11363192359771057,0.2298833429073659,-0.2781228801650405,0.6296296296296297,0.4230769230769231,1,0,0.0
V20_ensw2,T2_re300_mh8,T细化,2,,,,300,8,,,,,,,0.1532215967444015,0.15862446264763075,0.6620013470167811,-0.20584152778105314,0.18101315541074114,0.1796698251558797,0.5880150218474751,0.4523809523809524,11.619047619047619,-0.7001322001487065,17.927526877199963,-25.692589551290034,20.3486,0.020755571999999996,42,244,1,1.9918367346938775,0.2092430586519247,0.302507279335698,-0.11461408696881514,0.5092011874580336,-0.21834819972358177,0.4583333333333333,0.4444444444444444,1,0,0.0
V11_mixC,U2_re300_h10,U持有上限,2,10,,,300,2,,,,,,,0.5079368654202958,0.5283815518581785,1.940592708742112,-0.09874358716902987,0.437026051971809,1.5140209204374702,2.0668882758214453,0.6129032258064516,5.247311827956989,0.9044762455721056,16.3868900935072,-13.637328289282857,45.05266,0.04595371320000001,93,244,1,1.9918367346938775,0.2566312941670761,0.26731628170850597,0.18986624506031147,0.5381971836472403,0.634394437309032,0.66,0.5581395348837209,2,0,0.0
V11_mixC,U2_re300_h20,U持有上限,2,20,,,300,2,,,,,,,0.4646895602306538,0.48313221263935624,1.774395025890433,-0.13731615798380403,0.40905411556244886,1.3585062729615776,2.0113567809439186,0.5632183908045977,5.609195402298851,0.6007192123657967,16.3868900935072,-11.054836698169424,42.22268,0.04306713360000001,87,244,1,1.9918367346938775,0.24005056737559885,0.24705019143067708,0.1745233434031146,0.48086467250034604,0.5926548298160077,0.6136363636363636,0.5116279069767442,1,0,0.0
V11_mixC,U2_re300_h30,U持有上限,2,30,,,300,2,,,,,,,0.5992080310463124,0.624016250692979,2.3155985434984627,-0.0933945168521031,0.4931615284069787,2.1092238686637357,2.6766680331497144,0.5952380952380952,5.809523809523809,0.865526952520046,16.3868900935072,-11.054836698169424,40.73506,0.0415497612,84,244,1,1.9918367346938775,0.2730842456268567,0.32653333652094885,0.20555434757523594,0.7477455580473655,0.7789911433890047,0.6428571428571429,0.5476190476190477,2,0,0.0
V11_mixC,V2_re300_q0.2,V择时,2,,,,300,2,,,,,,0.2,0.21440343308169862,0.22216258962511648,0.9718534668033568,-0.1886052084066815,0.22083343776034225,0.4084289344764829,0.939604569465081,0.575,5.8875,0.6280622822749882,16.3868900935072,-25.692589551290034,38.79448,0.0395703696,80,244,4,1.9224489795918367,0.23783954585884395,0.23324003119335912,-0.015274072877308198,0.5769514468965296,-0.10686601210944169,0.5952380952380952,0.5526315789473685,1,0,0.0
V11_mixC,V2_re300_q0.4,V择时,2,,,,300,2,,,,,,0.4,0.549797784536272,0.5722208866175822,2.1771326686464394,-0.1105705790472522,0.46150147365875804,1.9445854660954116,2.8125452505088018,0.6265060240963856,5.313253012048193,1.3957644420690363,16.3868900935072,-8.844669284632168,40.16926,0.040972645200000005,83,244,11,1.8,0.3292513793506026,0.29696957725458883,0.1949376544489696,0.7901562250536751,0.6448762543096611,0.6086956521739131,0.6486486486486487,1,0,0.0
V11_mixC,W2_h10_tr15,W移动,2,10,,,,,,,0.15,,,,0.05675725936674336,0.058671723112298624,0.3516314434066975,-0.2574909038568064,0.08585774330381679,0.011338508209121967,0.2744702599851358,0.56,9.76,0.8470571265583593,19.304745472059604,-18.193784361374334,24.21076,0.024694975200000004,50,244,1,1.9918367346938775,0.1361767888800133,0.25599606796156715,-0.1586301212854755,0.2867783361294094,-0.2140538274438175,0.5769230769230769,0.5416666666666666,0,0,0.0
V11_mixC,W2_h10_tr20,W移动,2,10,,,,,,,0.2,,,,0.0781950420545694,0.08085982357698818,0.4246948775497908,-0.2782773060184772,0.10930094651728595,0.05069831025521232,0.35656997301458315,0.56,9.76,0.602022796268542,19.304745472059604,-18.99786484468461,24.25974,0.024744934799999996,50,244,1,1.9918367346938775,0.13768613334010935,0.25599606796156715,-0.14156176953289556,0.2867783361294094,-0.18346596243166324,0.5769230769230769,0.5416666666666666,0,0,0.0
V11_mixC,W2_h10_tr25,W移动,2,10,,,,,,,0.25,,,,0.0781950420545694,0.08085982357698818,0.4246948775497908,-0.2782773060184772,0.10930094651728595,0.05069831025521232,0.35656997301458315,0.56,9.76,0.602022796268542,19.304745472059604,-18.99786484468461,24.25974,0.024744934799999996,50,244,1,1.9918367346938775,0.13768613334010935,0.25599606796156715,-0.14156176953289556,0.2867783361294094,-0.18346596243166324,0.5769230769230769,0.5416666666666666,0,0,0.0
V18_f2,W2_h30_tr20,W移动,2,30,,,,,,,0.2,,,,-0.10542652056181556,-0.10868819439414168,-0.3886864958607999,-0.2851063272519876,-0.08614419037088561,-0.22357860998212853,-0.8250146975254691,0.3888888888888889,27.11111111111111,-0.9901073519627046,12.068369686568058,-16.157756156846748,8.38072,0.0085875744,18,244,1,1.9918367346938775,0.026181579462938184,0.012141028422319788,-0.11615728014444193,-0.0708606716071396,-0.1643649490536,0.4,0.375,0,0,0.0
V18_f2,W2_h30_tr25,W移动,2,30,,,,,,,0.25,,,,-0.10542652056181556,-0.10868819439414168,-0.3886864958607999,-0.2851063272519876,-0.08614419037088561,-0.22357860998212853,-0.8250146975254691,0.3888888888888889,27.11111111111111,-0.9901073519627046,12.068369686568058,-16.157756156846748,8.38072,0.0085875744,18,244,1,1.9918367346938775,0.026181579462938184,0.012141028422319788,-0.11615728014444193,-0.0708606716071396,-0.1643649490536,0.4,0.375,0,0,0.0
V18_f2,X_re300_close_overlap,X口径,2,,close_overlap,,300,2,,,,,,,0.02694284881341824,0.0278384059906438,0.3477353783622132,-0.5428485897472429,0.20488910031387975,0.026942848813418907,0.34582399378245904,0.48148148148148145,6.037037037037037,-0.10197348689341412,22.37405220653912,-18.44040076207405,39.04552,0.0398623504,81,244,1,1.9959183673469387,nan,0.21091573791550933,-0.1519287290945487,0.2284663972977936,-0.16404481956336603,0.55,0.4146341463414634,2,1,99161.0
V18_f2,X_re300_close_seq,X口径,2,,close_seq,,300,2,,,,,,,0.20468506364515382,0.21206278455083138,0.8998812729581498,-0.219782786035017,0.21591962596978842,0.36761981906878094,0.8892434092403729,0.5384615384615384,6.538461538461538,0.5384294033729198,18.643152780277127,-18.44040076207405,31.448,0.03208811,65,244,8,1.7346938775510203,0.25505141249873264,0.30919403681138413,-0.07982695477346313,0.8487696832374849,-0.26025408601796995,0.5714285714285714,0.5135135135135135,4,2,0.0
V20_ensw2,P1_re300_sl5,P组合,1,,,,300,2,0.05,,,,,,0.6206298506685,0.646488545845876,1.7445618959269749,-0.14331521942402947,0.5303883543262262,0.7827015899131406,1.5623357876382258,0.6607142857142857,4.357142857142857,1.397782393771163,18.104155539368083,-9.723127900724348,55.06752,0.056168870399999994,56,244,1,0.9959183673469387,0.29867578027813924,0.4761778675141579,0.09785540505196422,0.6338452862235309,0.09110795553578765,0.7586206896551724,0.5555555555555556,0,0,0.0
V20_ensw2,P1_re300_sl8,P组合,1,,,,300,2,0.08,,,,,,0.13533548448942412,0.1400701188183766,0.5363473767037377,-0.34096300505801225,0.19231918930266656,0.15575633318075033,0.5707860938021523,0.5294117647058824,7.176470588235294,0.07183398478514125,18.104155539368083,-10.404909506754967,31.6274,0.032259948,34,244,1,0.9959183673469387,0.048715032782168974,-0.1264832048701806,0.2997294280079561,-0.10885981094369213,0.29694109565932947,0.4444444444444444,0.625,1,0,0.0
V20_ensw2,P1_re300_sl10,P组合,1,,,,300,2,0.1,,,,,,-0.2179576142630525,-0.22423595741780067,-0.4438020576710177,-0.4499821554700587,-0.17027871679814455,-0.2055450283785245,-0.31893411434831453,0.5142857142857142,6.9714285714285715,0.002986100254354085,17.12655680396884,-16.044034122693894,30.28618,0.0308919036,35,244,1,0.9959183673469387,0.027078038198587888,-0.2438982414273142,0.034308380942308814,-0.2666939614823186,0.08338801249666772,0.4,0.6,1,0,0.0
V20_ensw2,P2_re300_sl5,P组合,2,,,,300,2,0.05,,,,,,0.6424771350552441,0.6694172023672647,2.1456132196821462,-0.11903620801328718,0.5276895069176205,2.0034030247932315,1.7966999116056248,0.5961538461538461,4.6923076923076925,1.0649509466483686,46.528149323422554,-11.178753855578648,50.40102,0.0514090404,104,244,1,1.9918367346938775,0.3046860510804829,0.6114830847419401,0.019233245826012935,2.127843592559533,-0.0397847795402303,0.7037037037037037,0.48,1,0,0.0
V20_ensw2,R1_re300_tr10,R组合,1,,,,300,2,,,0.1,,,,-0.24472541243347257,-0.2516438865373821,-0.5228787973445999,-0.4695648047947434,-0.20327711441570284,-0.24055696061361653,-0.34359131374357466,0.4857142857142857,6.9714285714285715,-0.060507702257051044,18.104155539368083,-16.04403412269391,30.06684,0.030668176800000002,35,244,1,0.9959183673469387,0.02531312100224134,-0.11962245731776378,-0.1421014837958714,-0.10038448633211294,-0.15581375837995093,0.47058823529411764,0.5,1,0,0.0
V20_ensw2,R1_re300_tr15,R组合,1,,,,300,2,,,0.15,,,,-0.13911430150127346,-0.14333197251286323,-0.20365103920664754,-0.38232520526617997,-0.07678390904722876,-0.13055242720620608,-0.12662302146194296,0.5294117647058824,7.176470588235294,0.34813019719618365,11.061201826041135,-18.186008839067036,30.78288,0.031398537600000005,34,244,1,0.9959183673469387,0.03361031101259771,-0.20478965561804052,0.08258865667524962,-0.22923020571519015,0.1280249683377208,0.4,0.631578947368421,1,0,0.0
V20_ensw2,R1_re300_tr20,R组合,1,,,,300,2,,,0.2,,,,-0.050892746654541576,-0.05251677086721529,0.050704682239562385,-0.38232520526617997,0.018963489728434757,-0.04204926819906474,0.016881225416271132,0.5483870967741935,7.870967741935484,0.46227180522597777,11.061201826041135,-11.626354669399797,28.25464,0.028819732800000004,31,244,1,0.9959183673469387,0.03213395230251746,-0.20478965561804052,0.19352981264737923,-0.22923020571519015,0.2428493421823945,0.4,0.6875,1,0,0.0
V20_ensw2,R2_re300_tr10,R组合,2,,,,300,2,,,0.1,,,,0.3775147955347109,0.39205631787046324,1.300119841991517,-0.21749887843996307,0.359798093273639,0.6722135536901357,1.0307672101634167,0.524390243902439,5.951219512195122,0.19484288148425843,46.528149323422554,-16.04403412269391,39.85312,0.0406501824,82,244,1,1.9918367346938775,0.1999257603933582,0.36969921531918537,0.005706055846505187,0.8189557486273455,-0.08067386743627303,0.5581395348837209,0.48717948717948717,1,0,0.0
V20_ensw2,R2_re300_tr15,R组合,2,,,,300,2,,,0.15,,,,0.35088504740395643,0.36427199706838587,1.274885427417681,-0.22435791727440624,0.336691321379445,0.6766234788168879,1.0658302874434455,0.5526315789473685,6.407894736842105,0.8628874821454469,46.528149323422554,-18.186008839067014,36.954,0.03769308,76,244,1,1.9877551020408164,0.20909718469361083,0.31003837513575183,0.03117975247402449,0.44603320857248785,0.1594640212115439,0.5365853658536586,0.5714285714285714,1,0,0.0
V20_ensw2,R2_re300_tr20,R组合,2,,,,300,2,,,0.2,,,,0.301925710682019,0.3132370544242149,1.1123135549796874,-0.22078125234252366,0.30178738639392855,0.5453560298448119,0.9609391270370738,0.5616438356164384,6.671232876712328,0.6932742941380576,46.528149323422554,-19.81031636645533,35.44886,0.0361578372,73,244,1,1.9877551020408164,0.19156932144761704,0.31003837513575183,-0.006192692220097218,0.39231703561613807,0.10991677205253092,0.5365853658536586,0.59375,1,0,0.0
V20_ensw2,S1_re300_sl8_tp40,S组合,1,,,,300,2,0.08,0.4,,,,,0.13533548448942412,0.1400701188183766,0.5363473767037377,-0.34096300505801225,0.19231918930266656,0.15575633318075033,0.5707860938021523,0.5294117647058824,7.176470588235294,0.07183398478514125,18.104155539368083,-10.404909506754967,31.6274,0.032259948,34,244,1,0.9959183673469387,0.048715032782168974,-0.1264832048701806,0.2997294280079561,-0.10885981094369213,0.29694109565932947,0.4444444444444444,0.625,1,0,0.0
V20_ensw2,S1_re300_sl8_tr15,S组合,1,,,,300,2,0.08,,0.15,,,,0.13533548448942412,0.1400701188183766,0.5363473767037377,-0.34096300505801225,0.19231918930266656,0.15575633318075033,0.5707860938021523,0.5294117647058824,7.176470588235294,0.07183398478514125,18.104155539368083,-10.404909506754967,31.6274,0.032259948,34,244,1,0.9959183673469387,0.048715032782168974,-0.1264832048701806,0.2997294280079561,-0.10885981094369213,0.29694109565932947,0.4444444444444444,0.625,1,0,0.0
V18_f2,T2_re400,T细化,2,,,,400,2,,,,,,,-0.04010494109528984,-0.04139226615587932,-0.016762807184674988,-0.17825790461851831,-0.00445839156705552,-0.1370228680460116,-0.05957260991313882,0.48214285714285715,8.714285714285714,-0.10197348689340857,21.6490191196542,-13.211147883007367,27.088,0.02763476,56,244,1,1.9918367346938775,0.05873188660947624,0.068954825205366,-0.10202467281973682,0.15903897141973666,-0.25543734660025696,0.6296296296296297,0.3448275862068966,4,0,0.0
V18_f2,T2_re300_mh3,T细化,2,,,,300,3,,,,,,,0.26128614277869056,0.2709222679462209,1.1057367601902122,-0.2179695931047262,0.2607711320213768,0.45905200017533354,0.9563233510910416,0.5735294117647058,7.176470588235294,0.42417485095460616,20.50805252172896,-21.98977378307675,33.0013,0.033661326000000005,68,244,1,1.9918367346938775,0.17210445006768038,0.22443002684883728,0.03010063059683854,0.5402898599902612,-0.05274192989587134,0.5757575757575758,0.5714285714285714,2,2,0.0
V18_f2,T2_re300_mh5,T细化,2,,,,300,5,,,,,,,0.11069022777468795,0.11451983418128586,0.5050836564044022,-0.34803260168611694,0.15083953207563272,0.15539112545963385,0.5433605982252128,0.5740740740740741,9.037037037037036,0.3081628262989855,27.55041136113121,-21.98977378307675,25.79622,0.02633812440000001,54,244,1,1.9918367346938775,0.072489501764846,0.10539917541724186,0.004786553559214424,0.24017522193253082,-0.0683646108819852,0.6923076923076923,0.4642857142857143,5,0,0.0
V18_f2,T2_re300_mh8,T细化,2,,,,300,8,,,,,,,0.25026261796175664,0.2594519842828096,1.1285707598365338,-0.11714306801116547,0.24818093021213816,0.38192546121348925,0.8420081410614016,0.5263157894736842,12.842105263157896,0.255595458161173,28.044554569658064,-21.98977378307675,18.44816,0.0188171232,38,244,1,1.9918367346938775,0.12450719750878592,0.15413026427136178,0.08329419708189167,0.26530431749311645,0.09216845474093383,0.7058823529411765,0.38095238095238093,0,0,0.0
V18_f2,U2_re300_h10,U持有上限,2,10,,,300,2,,,,,,,0.30337916279005017,0.3147512302579103,1.101070391542514,-0.1788181407899374,0.3040133403122861,0.545975464149298,1.0338528487124037,0.46875,5.083333333333333,-0.2530193530869973,21.6490191196542,-11.933216890235753,46.38124,0.047325074800000005,96,244,1,1.9918367346938775,0.14018633525159055,0.20112039115182756,0.08513615486967185,0.5334474142901637,0.008169859456793827,0.574468085106383,0.3673469387755102,3,0,0.0
V18_f2,U2_re300_h20,U持有上限,2,20,,,300,2,,,,,,,0.2079020013640216,0.2154056889240219,0.8434655715776764,-0.19803406824949865,0.22567205387728817,0.28128396115842835,0.7191312639313956,0.46987951807228917,5.879518072289157,-0.29240016643292677,21.6490191196542,-19.62352510240828,39.96622,0.0407817544,83,244,1,1.9918367346938775,0.11891083441575157,0.16915798483685474,0.033138392783224724,0.44759577797266026,-0.11488829916812049,0.5897435897435898,0.36363636363636365,3,0,0.0
V18_f2,U2_re300_h30,U持有上限,2,30,,,300,2,,,,,,,0.10973293792878258,0.11352776289582467,0.5120511751457405,-0.19950492688109778,0.14589352341878759,0.12259915959214385,0.48892509528913164,0.4578313253012048,5.879518072289157,-0.6238795546568476,21.6490191196542,-20.412274662631102,39.60684,0.0404582168,83,244,1,1.9918367346938775,0.08232323665299744,0.06913684552413701,0.03797090388812152,0.15675083456321692,-0.02952379540229022,0.525,0.3953488372093023,2,0,0.0
V18_f2,V2_re300_q0.2,V择时,2,,,,300,2,,,,,,0.2,-0.013304479512214917,-0.013737682084951408,0.08229926356330841,-0.27386988466738393,0.021428857424037884,-0.06681712609140222,0.10915536217394568,0.49206349206349204,7.4603174603174605,-0.10197348689340302,16.560360972813747,-21.98977378307675,29.97038,0.030635837600000004,63,244,6,1.9183673469387754,0.1077918523753221,0.09621510423057655,-0.09990701945277602,0.2472326838563652,-0.2517972901229185,0.5428571428571428,0.42857142857142855,3,2,0.0
V18_f1,U2_re300_h10,U持有上限,2,10,,,300,2,,,,,,,-0.10908751597143496,-0.11245518348700012,-0.24412615273705185,-0.37919903094434426,-0.07138288917871527,-0.20606602869457358,-0.2294689504213499,0.524390243902439,5.951219512195122,0.22123042275339344,19.923801962774057,-15.203055283170796,37.82112,0.0389888824,82,244,1,1.9918367346938775,0.052770548929214615,0.04084316677683275,-0.14404733348306076,0.03470853206533264,-0.23269795628272982,0.5609756097560976,0.4878048780487805,4,0,0.0
V18_f1,U2_re300_h20,U持有上限,2,20,,,300,2,,,,,,,0.08320795839997808,0.08605028856698738,0.43031214937198514,-0.2547490214208463,0.11988553510169964,0.1205105392648087,0.4838965775319579,0.5263157894736842,6.421052631578948,0.2552688675454218,19.969993111768638,-15.203055283170796,36.49994,0.03725714880000001,76,244,1,1.9918367346938775,0.07589281094741693,0.10103191347914375,-0.01618840912870856,0.27171375949759957,-0.11889721181637991,0.6176470588235294,0.4523809523809524,4,0,0.0
V18_f1,U2_re300_h30,U持有上限,2,30,,,300,2,,,,,,,0.014997769352615542,0.015493289542271249,0.19594204359635403,-0.29130861634561733,0.053936985298050244,0.004197719928777266,0.23753099624743645,0.527027027027027,6.594594594594595,0.2552688675454218,19.957673574932766,-15.203055283170796,35.31534,0.0361285768,74,244,1,1.9918367346938775,0.0631452862633259,0.06529219362770555,-0.047211858470320944,0.13508071717635572,-0.11530721583674297,0.5882352941176471,0.475,4,0,0.0
V18_f1,V2_re300_q0.2,V择时,2,,,,300,2,,,,,,0.2,0.08797822436205038,0.09099024033851588,0.4442587397998778,-0.2961880163124395,0.12486792245699274,0.09493518879411122,0.43751252809799307,0.5625,5.9,0.3520754501669887,19.969993111768638,-15.387255511914011,38.46744,0.0392639988,80,244,4,1.926530612244898,0.15319758900653974,0.19807022663472962,-0.09189110940676304,0.555205453508868,-0.29595463652489806,0.6756756756756757,0.46511627906976744,5,0,0.0
V18_f1,V2_re300_q0.4,V择时,2,,,,300,2,,,,,,0.4,0.19071047464069268,0.19754439508868082,0.771558718467715,-0.260963210223782,0.2140419501166536,0.28530061659432104,0.739431388267299,0.5833333333333334,6.111111111111111,0.5987750900753763,19.970456045266282,-21.373038754604657,34.7099,0.035429638,72,244,13,1.7959183673469388,0.22339030282396757,0.21971450279972293,-0.02377935827806732,0.5521216620828189,-0.1719073008300429,0.6875,0.5,5,0,0.0
V18_f1,W2_h10_tr15,W移动,2,10,,,,,,,0.15,,,,0.3621296501384892,0.3760019562688215,1.428844716502277,-0.1309247702695333,0.3379900900805245,0.9217338396742225,1.7391936427224313,0.58,9.76,0.4475298052626808,27.12171758419735,-7.177759353344381,24.37924,0.0248668248,50,244,1,1.9918367346938775,0.08186629002340998,0.01113603250619577,0.3471279890622849,0.08681379238698872,0.7682273202049488,0.5384615384615384,0.625,0,0,0.0
V18_f1,W2_h10_tr20,W移动,2,10,,,,,,,0.2,,,,0.3621296501384892,0.3760019562688215,1.428844716502277,-0.1309247702695333,0.3379900900805245,0.9217338396742225,1.7391936427224313,0.58,9.76,0.4475298052626808,27.12171758419735,-7.177759353344381,24.37924,0.0248668248,50,244,1,1.9918367346938775,0.08186629002340998,0.01113603250619577,0.3471279890622849,0.08681379238698872,0.7682273202049488,0.5384615384615384,0.625,0,0,0.0
V18_f1,W2_h10_tr25,W移动,2,10,,,,,,,0.25,,,,0.3621296501384892,0.3760019562688215,1.428844716502277,-0.1309247702695333,0.3379900900805245,0.9217338396742225,1.7391936427224313,0.58,9.76,0.4475298052626808,27.12171758419735,-7.177759353344381,24.37924,0.0248668248,50,244,1,1.9918367346938775,0.08186629002340998,0.01113603250619577,0.3471279890622849,0.08681379238698872,0.7682273202049488,0.5384615384615384,0.625,0,0,0.0
V20_ensw2,U2_re300_h10,U持有上限,2,10,,,300,2,,,,,,,0.19206256932733123,0.19894886147793645,0.7724940277458461,-0.2892231424745666,0.21585764207449154,0.26541727464913767,0.7023654297759123,0.5632183908045977,5.597701149425287,1.1228229205582752,18.104155539368083,-18.186008839067014,42.20134,0.0430453668,87,244,1,1.9877551020408164,0.1401034582745733,0.1696620094084691,0.019151310155137047,0.2628442094116832,0.0020375159645802388,0.6170212765957447,0.5,1,0,0.0
V20_ensw2,U2_re300_h20,U持有上限,2,20,,,300,2,,,,,,,0.3110148960680146,0.32270688459520724,1.176361001734044,-0.21790105734397702,0.30561566784655014,0.5356104267166923,0.9512682755967503,0.581081081081081,6.581081081081081,0.8628874821454469,46.528149323422554,-26.716214193865895,35.94338,0.0366622476,74,244,1,1.9877551020408164,0.21796074706419252,0.3801175898793274,-0.05007014932499687,0.6087855913044558,-0.04548472150874372,0.5681818181818182,0.6,1,0,0.0
V20_ensw2,U2_re300_h30,U持有上限,2,30,,,300,2,,,,,,,0.3184485739487237,0.3304534775065986,1.1569516669929636,-0.22884487294046352,0.3145093824098383,0.5333161245627784,0.942029952428731,0.5416666666666666,6.777777777777778,0.4423187573085352,46.528149323422554,-25.692589551290034,35.03716,0.035737903200000004,72,244,1,1.9918367346938775,0.19362321623248566,0.31003837513575183,0.0064198110319491075,0.39231703561613807,0.10126938429956422,0.5365853658536586,0.5483870967741935,1,0,0.0
V20_ensw2,V2_re300_q0.2,V择时,2,,,,300,2,,,,,,0.2,0.04812001909852537,0.049736334608163624,0.3124708578883331,-0.34684011381140534,0.08677727394119306,0.012961740482202666,0.31975768037306046,0.547945205479452,6.47945205479452,0.6932742941380576,17.125942124952488,-25.692589551290034,35.38366,0.0361162732,73,244,1,1.9306122448979592,0.1677598585895636,0.26685588853987374,-0.17266041972102641,0.5762500822519057,-0.35735975408481024,0.6222222222222222,0.42857142857142855,0,0,0.0
V20_ensw2,V2_re300_q0.4,V择时,2,,,,300,2,,,,,,0.4,-0.027634551007332364,-0.0285275554535096,0.05141998128905114,-0.31621655961892514,0.014825927062706135,-0.15186274768126584,-0.030189262118568122,0.47692307692307695,6.907692307692308,-0.2697151089710026,18.004429959321698,-16.49272627276066,31.38332,0.032010986400000004,65,244,8,1.8326530612244898,0.1667202298928738,0.10337955524884301,-0.11873892862427349,-0.043479039991225266,-0.11331033215314623,0.4594594594594595,0.5,1,0,0.0
V20_ensw2,W2_h10_tr15,W移动,2,10,,,,,,,0.15,,,,1.2214315317583173,1.2803312885266838,3.0333889039882482,-0.14197781911330332,0.8381259347214852,4.598920330175167,1.7107979997421787,0.52,9.76,0.3592420005920638,102.55753772639386,-18.193784361374334,24.32446,0.0248109492,50,244,1,1.9918367346938775,0.33997230332564554,0.7898505057917082,0.24112685644419507,1.7554866144131522,1.0319170853122035,0.5,0.5416666666666666,0,0,0.0
V20_ensw2,W2_h10_tr20,W移动,2,10,,,,,,,0.2,,,,1.2850129847534757,1.3477698117096604,3.133095697431347,-0.13724948445335905,0.8665206321688341,5.423279818665279,1.8102509722217972,0.56,9.76,0.8470571265583593,102.55753772639386,-18.99786484468461,24.3187,0.024805074000000003,50,244,1,1.9918367346938775,0.3408229450195704,0.7898505057917082,0.27665018802379904,1.7554866144131522,1.3310872878376392,0.5,0.625,0,0,0.0
V20_ensw2,W2_h10_tr25,W移动,2,10,,,,,,,0.25,,,,1.2850129847534757,1.3477698117096604,3.133095697431347,-0.13724948445335905,0.8665206321688341,5.423279818665279,1.8102509722217972,0.56,9.76,0.8470571265583593,102.55753772639386,-18.99786484468461,24.3187,0.024805074000000003,50,244,1,1.9918367346938775,0.3408229450195704,0.7898505057917082,0.27665018802379904,1.7554866144131522,1.3310872878376392,0.5,0.625,0,0,0.0
V18_f2,R2_re300_tr15,R组合,2,,,,300,2,,,0.15,,,,0.10850845232304551,0.1122588286652737,0.5049983097444877,-0.2101373070726813,0.1454595643143215,0.11533350297370171,0.476300297330783,0.4418604651162791,5.674418604651163,-0.8039232538866292,21.649019119654177,-16.862901641628405,40.99586,0.0418862872,86,244,1,1.9918367346938775,0.0805710111803962,0.06913684552413701,0.03682560091697873,0.15675083456321692,-0.03580488585093933,0.525,0.3695652173913043,2,0,0.0
V18_f2,R2_re300_tr20,R组合,2,,,,300,2,,,0.2,,,,0.15831175816329468,0.1639065256281853,0.6670943542123055,-0.18382028074221757,0.18760379917590952,0.16673031876657807,0.5577310550450331,0.4457831325301205,5.879518072289157,-0.794314253917261,21.6490191196542,-21.201024222853924,39.73038,0.0405771776,83,244,1,1.9918367346938775,0.08481511677005034,0.06913684552413701,0.08340832421264133,0.15675083456321692,0.008627168362605797,0.525,0.37209302325581395,2,0,0.0
V18_f2,S1_re300_sl8_tp40,S组合,1,,,,300,2,0.08,0.4,,,,,0.6839152332847522,0.712933728840422,1.683157840053303,-0.2193255656155979,0.5826319609496943,0.8788269204128301,1.7005529087216331,0.5208333333333334,5.083333333333333,0.4514855929403372,21.6490191196542,-9.84239288498091,46.85496,0.0477920592,48,244,1,0.9959183673469387,0.1928991733159749,0.2621881746910426,0.3341237598719702,0.3362439353787017,0.4060508494508943,0.6190476190476191,0.4444444444444444,2,0,0.0
V18_f2,S1_re300_sl8_tr15,S组合,1,,,,300,2,0.08,,0.15,,,,0.6839152332847522,0.712933728840422,1.683157840053303,-0.2193255656155979,0.5826319609496943,0.8788269204128301,1.7005529087216331,0.5208333333333334,5.083333333333333,0.4514855929403372,21.6490191196542,-9.84239288498091,46.85496,0.0477920592,48,244,1,0.9959183673469387,0.1928991733159749,0.2621881746910426,0.3341237598719702,0.3362439353787017,0.4060508494508943,0.6190476190476191,0.4444444444444444,2,0,0.0
V18_f2,S2_re300_sl8_tp40,S组合,2,,,,300,2,0.08,0.4,,,,,0.2393358279447948,0.24808562767293307,0.8987173316130225,-0.16319743043667712,0.2563656339914616,0.5279562713025272,1.058281703676954,0.4444444444444444,5.4222222222222225,-0.7120825002589759,21.6490191196542,-9.84239288498091,43.09312,0.0439959024,90,244,1,1.9918367346938775,0.09159745417379818,0.06913684552413701,0.15919288829412648,0.15675083456321692,0.3209035391614614,0.525,0.38,3,0,0.0
V18_f2,S2_re300_sl8_tr15,S组合,2,,,,300,2,0.08,,0.15,,,,0.2393358279447948,0.24808562767293307,0.8987173316130225,-0.16319743043667712,0.2563656339914616,0.5279562713025272,1.058281703676954,0.4444444444444444,5.4222222222222225,-0.7120825002589759,21.6490191196542,-9.84239288498091,43.09312,0.0439959024,90,244,1,1.9918367346938775,0.09159745417379818,0.06913684552413701,0.15919288829412648,0.15675083456321692,0.3209035391614614,0.525,0.38,3,0,0.0
V18_f2,T2_re150,T细化,2,,,,150,2,,,,,,,0.20133632697982518,0.20858323124817946,0.786674893454746,-0.18607716006531638,0.22570378309630323,0.2872110947582187,0.725845688449597,0.49557522123893805,4.31858407079646,-0.22631926644346434,21.6490191196542,-13.211147883007367,54.60952,0.0557066504,113,244,1,1.9918367346938775,0.1045033476052429,0.14184638565612517,0.052099776354343375,0.35688235075816843,-0.05134657102807827,0.5714285714285714,0.42105263157894735,3,1,0.0
V18_f2,T2_re250,T细化,2,,,,250,2,,,,,,,0.2273602822565477,0.23563210008466262,0.9240682545508285,-0.2245379002252278,0.23918518537467792,0.3856947312564536,0.8807345269008638,0.5212765957446809,5.191489361702128,0.2386796795262769,21.6490191196542,-13.211147883007367,45.35988,0.0462865076,94,244,1,1.9918367346938775,0.10243915508459159,0.1378140734211648,0.07870021203564082,0.3608806475800579,0.018233842710982495,0.625,0.41304347826086957,3,0,0.0
