score,proto,cum_net,cum_trade,sharpe,maxdd,h1_cum,h2_cum,h1_cum_t,h2_cum_t,win_rate,n_trades,avg_hold,cost_drag
A_w30.0_w50.0_wt0.5,D01_t1h5sl8,0.13115994192323588,0.11649299970833948,0.5693163935623888,-0.2275934833610177,0.13180806105350928,-0.0005726404967194565,0.06544211468538985,0.04791521221030792,0.4897959183673469,49,4.979591836734694,0.049638157200000005
A_w30.0_w50.0_wt0.5,hold20_t1,-0.041653339884816676,-0.06255330216077049,0.022651357823450756,-0.30121200493511324,-0.026952366369127456,-0.015108174571920374,-0.20385471235992092,0.177481940033827,0.6153846153846154,13,18.76923076923077,0.011778715200000001
A_w30.0_w50.0_wt0.5,hold30sl5_t1,0.6294790128963672,0.6129746109118324,1.4452182804675955,-0.2698495009588422,-0.049023363369809614,0.7134795431678189,-0.14266398352650722,0.8813797390042373,0.42857142857142855,14,17.428571428571427,0.0163623708
A_w30.0_w50.0_wt0.5,h20tr20_t2,-0.0736484267444939,-0.1699293479301056,-0.17135863898297954,-0.27306413913723104,0.02610510859834303,-0.09721570870951046,-0.2705714855200976,0.13797395576419413,0.5384615384615384,26,18.76923076923077,0.011815695199999999
A_w30.0_w50.0_wt0.5,hold20_t2,-0.0736484267444939,-0.1699293479301056,-0.17135863898297954,-0.27306413913723104,0.02610510859834303,-0.09721570870951046,-0.2705714855200976,0.13797395576419413,0.5384615384615384,26,18.76923076923077,0.011815695199999999
A_w30.0_w50.0_wt0.5,h25sl8_t3,-0.08628968050248964,-0.2992466845655891,-0.2384152986531028,-0.30176020540870696,-0.007750807661839776,-0.07915236761803623,-0.13062312459628989,-0.19395910420437124,0.3235294117647059,34,21.529411764705884,0.011862043999999999
A_w30.0_w50.0_wt0.5,S2_re300,0.24229319236441715,0.5037838139605946,0.9796075082811049,-0.23143362279469049,0.08398957111423933,0.14603795596248803,-0.012627523939116148,0.5230157315706538,0.6144578313253012,83,5.879518072289157,0.0431859636
A_w30.0_w50.0_wt0.5,UU4_re300h20tr12,0.1502775810542849,0.2836470636922219,0.6958102888587039,-0.23535090360525057,0.060257466266871784,0.08490401402630088,-0.003259627629178863,0.28784495870170534,0.575,80,6.1,0.0407542836
A_w30.0_w50.0_wt0.5,N2_re300,0.16289632576108937,0.31880368040109475,0.7413946238305834,-0.2363725521576131,0.060257466266871784,0.0968055993565462,-0.003259627629178863,0.32311654765646014,0.5769230769230769,78,6.256410256410256,0.040026248400000006
C_w30.0_w50.0_wt0.5,D01_t1h5sl8,0.0015634776787036841,-0.007896817256163424,0.16489369175049512,-0.2583960594216007,0.1613308381510079,-0.1375726496048908,0.12013498616472451,-0.11430033433672238,0.5102040816326531,49,4.979591836734694,0.0516352764
C_w30.0_w50.0_wt0.5,hold20_t1,0.011857592579631815,0.0015795129639231131,0.20165828323135326,-0.2090755519675208,0.02224924050902133,-0.010165473856663998,-0.1468818698451979,0.17402206981837565,0.46153846153846156,13,18.76923076923077,0.012572030400000003
C_w30.0_w50.0_wt0.5,hold30sl5_t1,-0.20093345374878946,-0.2164483421731913,-0.2636637436477123,-0.5330772496231528,-0.010602539116890464,-0.19237053070867394,-0.12143181230083566,-0.10814929473054269,0.4,15,16.266666666666666,0.0135244452
C_w30.0_w50.0_wt0.5,h20tr20_t2,-0.04246923565307292,-0.11476879718955957,-0.02990039107717021,-0.25698472387026405,0.004912536332166484,-0.04715014518395633,-0.2813630865190091,0.2318198330816139,0.5,26,18.76923076923077,0.012321592000000001
C_w30.0_w50.0_wt0.5,hold20_t2,-0.04246923565307292,-0.11476879718955957,-0.02990039107717021,-0.25698472387026405,0.004912536332166484,-0.04715014518395633,-0.2813630865190091,0.2318198330816139,0.5,26,18.76923076923077,0.012321592000000001
C_w30.0_w50.0_wt0.5,h25sl8_t3,0.11280413081558782,0.03273773043270678,0.5213100532010398,-0.2837886362881229,0.2962485239563599,-0.1415194615465184,0.5270892398116276,-0.32372142798930414,0.3333333333333333,36,20.333333333333332,0.014057528
C_w30.0_w50.0_wt0.5,S2_re300,0.307577598998807,0.6448051093357066,1.0841037178348623,-0.18097273316146756,0.04613680130812492,0.24991071661351238,0.027505472305841883,0.600775035917398,0.5942028985507246,69,7.072463768115942,0.0353237832
C_w30.0_w50.0_wt0.5,UU4_re300h20tr12,0.35184794393966734,0.7714085036031222,1.2217273322169038,-0.16703828912817997,0.01325701408157598,0.3341609533934422,-0.11732320516603278,1.006859718042465,0.5652173913043478,69,7.072463768115942,0.0345958704
C_w30.0_w50.0_wt0.5,N2_re300,0.3441096973711735,0.7470065209022374,1.2295596119053578,-0.1577346845323958,0.050547569212238574,0.279437254211216,0.036807152878666205,0.6849869486834872,0.5873015873015873,63,7.746031746031746,0.03315930240000001
A_w30.0_w50.0_wt1.0,D01_t1h5sl8,0.3653244035046781,0.39883873056800634,1.0298871012038127,-0.3135874822854955,0.4288107968502506,-0.04443303024132084,0.4340756306857445,-0.024571158845289598,0.5,50,4.88,0.0658793316
A_w30.0_w50.0_wt1.0,hold20_t1,0.09620765019281996,0.12939132241376705,0.43779099605956023,-0.3483369652004783,0.10959898142724134,-0.012068622501074322,-0.018051013515946734,0.15015274516209143,0.6153846153846154,13,18.76923076923077,0.0146956908
A_w30.0_w50.0_wt1.0,hold30sl5_t1,-0.2521681370454919,-0.2348074430032151,-0.6742095701841246,-0.500068218263984,-0.09974447177113177,-0.16931155710227397,-0.09693378896070048,-0.1526728077710292,0.42857142857142855,14,17.428571428571427,0.012331208399999998
A_w30.0_w50.0_wt1.0,h20tr20_t2,-0.1468395967270918,-0.3055429066460754,-0.3515191467127885,-0.44431836544209924,0.057489635976676334,-0.19322102624207205,-0.13437792519896097,-0.19773638684810158,0.5,26,18.76923076923077,0.0130680124
A_w30.0_w50.0_wt1.0,hold20_t2,-0.1730329653034891,-0.34909797967368694,-0.4550850847447728,-0.4457661453175221,0.057489635976676334,-0.21799041185614965,-0.13437792519896097,-0.24805288673360004,0.5,26,18.76923076923077,0.013034104400000001
A_w30.0_w50.0_wt1.0,h25sl8_t3,0.4584195199747805,1.1654437276502585,1.3584284359391519,-0.2156722645025302,0.6960189126255156,-0.140092419301457,2.11836084859264,-0.3055826978370533,0.4864864864864865,37,19.783783783783782,0.016854912000000003
A_w30.0_w50.0_wt1.0,S2_re300,0.3769602541765458,0.9002896470268209,1.2717670327997488,-0.1656383358950516,0.19535573504069448,0.1519250828956522,0.3229811923572481,0.4363693588424653,0.5714285714285714,98,4.979591836734694,0.0593539836
A_w30.0_w50.0_wt1.0,UU4_re300h20tr12,0.27629592333098585,0.6574460980551635,0.9975568282360615,-0.21919311937791175,0.18654613444495438,0.07563952743229518,0.2638935213782665,0.3113811171749099,0.5652173913043478,92,5.304347826086956,0.055911524399999996
A_w30.0_w50.0_wt1.0,N2_re300,0.5255435305607958,1.3475539382096886,1.6268214863482104,-0.12474885833464155,0.18654613444495438,0.2857009822668384,0.2638935213782665,0.8573985058881359,0.5909090909090909,88,5.545454545454546,0.0551512776
C_w30.0_w50.0_wt1.0,D01_t1h5sl8,0.8421269869608454,0.827848407700027,1.6265366940559105,-0.32492080454210215,0.36992011934827396,0.3446966439453558,0.4855828636269117,0.2303914190538694,0.46938775510204084,49,4.979591836734694,0.06513010080000001
C_w30.0_w50.0_wt1.0,hold20_t1,0.8651910096156896,0.8408929185941136,1.597909635266968,-0.21168753625503378,-0.10436517833632553,1.0825351633280946,-0.006839752593346682,0.8535708848607921,0.6923076923076923,13,18.76923076923077,0.013958516400000003
C_w30.0_w50.0_wt1.0,hold30sl5_t1,0.24206754138588482,0.230775546645001,0.7267006162509546,-0.2637812728873701,0.29777001441309836,-0.042921682893408475,0.17168484485055524,0.050432248956828296,0.38461538461538464,13,18.76923076923077,0.015141145200000003
C_w30.0_w50.0_wt1.0,h20tr20_t2,1.1794108926494062,3.039356745246926,2.2113180547916618,-0.1555984873481575,-0.013232447833982253,1.2086365607234053,-0.09569457973021978,3.466805854201195,0.5769230769230769,26,18.76923076923077,0.0164111064
C_w30.0_w50.0_wt1.0,hold20_t2,1.1794108926494062,3.039356745246926,2.2113180547916618,-0.1555984873481575,-0.013232447833982253,1.2086365607234053,-0.09569457973021978,3.466805854201195,0.5769230769230769,26,18.76923076923077,0.0164111064
C_w30.0_w50.0_wt1.0,h25sl8_t3,0.16985168856078303,0.3157488589966604,0.6589293088498794,-0.19936860494024222,0.3013898637151273,-0.10107514959340302,0.9308927737946069,-0.3185800491598819,0.39473684210526316,38,19.263157894736842,0.015093596399999997
C_w30.0_w50.0_wt1.0,S2_re300,0.04651803212830452,0.04933621401983834,0.3114574746791397,-0.35293053912347194,0.2803746659281465,-0.18264703295290408,0.4762410437629985,-0.28918368822408647,0.5625,80,6.1,0.0449415264
C_w30.0_w50.0_wt1.0,UU4_re300h20tr12,0.11330178425702031,0.19171231366695363,0.4996543369750594,-0.3275095026492604,0.35049507858869644,-0.17563432706437632,0.6402252023486874,-0.27344591952342534,0.6233766233766234,77,6.337662337662338,0.04485093
C_w30.0_w50.0_wt1.0,N2_re300,0.3107415583970501,0.7006668813597181,1.032179342182962,-0.21752392803915754,0.22734546724004945,0.0679483433010375,0.36802757948535914,0.2431524823494382,0.6086956521739131,69,7.072463768115942,0.0394891776
A_w30.0_w50.0_wt2.0,D01_t1h5sl8,-0.1023347380197489,-0.13594762135806138,-0.04315488347151777,-0.3202744465815257,0.12687024468411257,-0.2033996227916307,-0.024128835925877112,-0.11458355318683322,0.4117647058823529,51,4.784313725490196,0.050911280399999995
A_w30.0_w50.0_wt2.0,hold20_t1,0.04138412152873672,0.024356596485056503,0.3306746009660289,-0.4921704459571572,0.02664051341252116,0.014361023088021563,-0.12025855989365752,0.16438370387694046,0.46153846153846156,13,18.76923076923077,0.013638909599999999
A_w30.0_w50.0_wt2.0,hold30sl5_t1,-0.172411068425941,-0.19607064824579723,-0.2307761409348933,-0.3216701059022016,0.033827902941980126,-0.19949062197008272,-0.16965195454245185,-0.03181640981498035,0.35714285714285715,14,17.428571428571427,0.012927622800000002
A_w30.0_w50.0_wt2.0,h20tr20_t2,0.5647505441065257,1.171228067184113,1.3866354293938097,-0.3253078193273522,0.42678109581781243,0.09669980117702037,0.37401160708358683,0.5802108628417344,0.5769230769230769,26,18.76923076923077,0.0176962044
A_w30.0_w50.0_wt2.0,hold20_t2,0.3225200739582197,0.5243637025886374,0.9263003661715439,-0.38297200745192905,0.42678109581781243,-0.07307429441362923,0.37401160708358683,0.10942563711247,0.5384615384615384,26,18.76923076923077,0.0175401852
A_w30.0_w50.0_wt2.0,h25sl8_t3,0.5585590016151079,2.259235983070487,1.5109497100135467,-0.16888112873310468,0.2987259483316915,0.20006765370106883,0.5886623767274983,1.0515598725162865,0.6216216216216216,37,19.783783783783782,0.0154367888
A_w30.0_w50.0_wt2.0,S2_re300,1.7406626426416878,6.489367542489104,3.164864481774897,-0.1287344088082356,0.5953431250395498,0.7179142214774272,1.7284665045676357,1.7448999391971287,0.6666666666666666,72,6.777777777777778,0.061493066400000004
A_w30.0_w50.0_wt2.0,UU4_re300h20tr12,1.0601693418853775,3.2051588502444597,2.374302760727134,-0.18594566436130333,0.49361911991869256,0.3793137182105222,1.1770706019880541,0.9315675138897186,0.6233766233766234,77,6.337662337662338,0.056545250400000004
A_w30.0_w50.0_wt2.0,N2_re300,1.0612337143140702,3.0881317033208298,2.2927391553972254,-0.15142619612672914,0.5489034517490923,0.3307696564214069,1.2295500048491244,0.8336129238767527,0.6438356164383562,73,6.684931506849315,0.05454037920000001
C_w30.0_w50.0_wt2.0,D01_t1h5sl8,0.7902156323092515,0.7058882777877993,1.4320481042612478,-0.40104077964559104,0.6681045502090035,0.07320349440024376,0.7396357492390855,-0.019399159545926192,0.48,50,4.88,0.067742178
C_w30.0_w50.0_wt2.0,hold20_t1,1.722430038797095,1.5630471584645513,2.119195491950732,-0.3183590284453799,-0.1546609779437743,2.2205185940369625,-0.10324710908808499,1.858142063928189,0.6153846153846154,13,18.76923076923077,0.0164574552
C_w30.0_w50.0_wt2.0,hold30sl5_t1,0.7150759683578405,0.6240909208363763,1.3123128654440477,-0.39281188269432477,0.229912829139874,0.39446953289954556,0.028154111916378843,0.5796181739809703,0.23529411764705882,17,14.352941176470589,0.023909330400000005
C_w30.0_w50.0_wt2.0,h20tr20_t2,1.0935399691946595,2.3835093639322857,1.9438234204087068,-0.425425986233003,0.44421999424264524,0.4495990759998594,0.894510369605914,0.7859545232450249,0.6538461538461539,26,18.76923076923077,0.0183377028
C_w30.0_w50.0_wt2.0,hold20_t2,1.1386823397587795,2.7020439868157187,1.91977329663993,-0.42771840584876575,0.44421999424264524,0.48085634341346517,0.894510369605914,0.9540901154242811,0.6153846153846154,26,18.76923076923077,0.0186327072
C_w30.0_w50.0_wt2.0,h25sl8_t3,0.34423464431206807,0.8740975687437795,1.087273448568596,-0.19720436871529878,0.5173236567856387,-0.11407520847612018,1.1488328587831513,-0.127853261791124,0.42105263157894735,38,19.263157894736842,0.015643462
C_w30.0_w50.0_wt2.0,S2_re300,0.023449848271100304,-0.06641150149369823,0.2414844459816176,-0.3401304387078349,0.1507742562928469,-0.11064238474704546,0.29249738059728947,-0.27768635161576016,0.5,76,6.421052631578948,0.039297448400000004
C_w30.0_w50.0_wt2.0,UU4_re300h20tr12,-0.09095143103713665,-0.28824640985410366,-0.12106038206692105,-0.36100241627058427,0.22091943719545393,-0.2554393506495255,0.41270754601455484,-0.4961776822429721,0.5,74,6.594594594594595,0.038348138799999994
C_w30.0_w50.0_wt2.0,N2_re300,0.33496986499269843,0.5252085624671043,1.0158744487093236,-0.2753950889668919,0.22886554814019933,0.08634330827573367,0.4318473538204566,0.06520332519911509,0.47540983606557374,61,8.0,0.035142467999999996
A_w30.0_w50.0_wt3.0,D01_t1h5sl8,0.6280875188476007,0.5904396344867011,1.270280491430676,-0.20366767096090665,0.14256191717942857,0.4249446742166567,0.15431529517300602,0.3778208095634137,0.5,50,4.88,0.060448402799999995
A_w30.0_w50.0_wt3.0,hold20_t1,0.6242134031256308,0.5946615334043899,1.2117308106001972,-0.4912288342517195,0.7239640178661777,-0.057861192987086585,0.40045045725878947,0.13867757701742978,0.6153846153846154,13,18.76923076923077,0.020488535999999998
A_w30.0_w50.0_wt3.0,hold30sl5_t1,-0.2786112391249427,-0.31036122225840657,-0.496356163398042,-0.3724672198696847,-0.05871859569770388,-0.23360988799117988,-0.1840368635469667,-0.1548162570928977,0.3125,16,15.25,0.013911474
A_w30.0_w50.0_wt3.0,h20tr20_t2,0.596372579031234,1.2683112564685888,1.4123564194606992,-0.3092472283184079,0.5235418107662262,0.04780359012817614,0.5378444617832616,0.4749939365378264,0.5769230769230769,26,18.76923076923077,0.017839351200000002
A_w30.0_w50.0_wt3.0,hold20_t2,0.4953584016808248,0.936079169126623,1.2248006824777928,-0.34986263125679506,0.5235418107662262,-0.018498612172137885,0.5378444617832616,0.2589564271549114,0.5384615384615384,26,18.76923076923077,0.0177808644
A_w30.0_w50.0_wt3.0,h25sl8_t3,0.261790841524306,0.8317739792717054,0.8512333114732552,-0.20958756117479782,0.0998442234888175,0.1472450503233782,0.06714488628640547,0.7165185372776877,0.5384615384615384,39,18.76923076923077,0.014910584
A_w30.0_w50.0_wt3.0,S2_re300,0.6588397589359238,1.491516688678077,1.5845929783271198,-0.207417733633249,0.5387912603826368,0.07801480398545735,1.1915861540172812,0.13685546156194128,0.5555555555555556,63,7.746031746031746,0.0405428988
A_w30.0_w50.0_wt3.0,UU4_re300h20tr12,0.8996062519127188,2.213280342318525,1.8950837668299283,-0.2193995081132869,0.7158726865638423,0.10707878666500448,1.7480220473762307,0.169306609234273,0.5882352941176471,68,7.176470588235294,0.0503635812
A_w30.0_w50.0_wt3.0,N2_re300,0.5126242116186892,1.0352790301429717,1.3003946877936792,-0.3120763314978585,0.7295472557786589,-0.1254218660029085,1.8116200107155307,-0.2761187420824297,0.5555555555555556,63,7.746031746031746,0.0447669636
C_w30.0_w50.0_wt3.0,D01_t1h5sl8,0.5314057955133249,0.4514820281988361,1.1621375443878221,-0.3278928089684281,0.5379040313873877,-0.004225384511282071,0.3389862356237867,0.08401564525616045,0.47058823529411764,51,4.784313725490196,0.0684980592
C_w30.0_w50.0_wt3.0,hold20_t1,1.1684596107347773,1.07962647294746,1.6798887605146962,-0.29089333638056447,-0.04406739631698198,1.2684231109809763,-0.2112459382167291,1.6365968477495936,0.46153846153846156,13,18.76923076923077,0.0152807628
C_w30.0_w50.0_wt3.0,hold30sl5_t1,0.6969010522855228,0.6141037841174457,1.3411834314726632,-0.3923946585406939,0.1402151788711805,0.48822878675011583,0.015591726647569137,0.5893234867573633,0.375,16,15.25,0.022404667200000002
C_w30.0_w50.0_wt3.0,h20tr20_t2,1.0184004525198342,2.1922051701344407,1.8667287622684068,-0.3903552731519191,0.44421999424264524,0.3975713260903111,0.894510369605914,0.6849763513294815,0.5769230769230769,26,18.76923076923077,0.0183445776
C_w30.0_w50.0_wt3.0,hold20_t2,1.2298341028885829,2.9542138068160617,2.0701407778547574,-0.3252817053172108,0.44421999424264524,0.5439712175276443,0.894510369605914,1.0871956523724893,0.5769230769230769,26,18.76923076923077,0.019162148400000002
C_w30.0_w50.0_wt3.0,h25sl8_t3,0.5266877160852876,2.0404180849294664,1.3698177341551323,-0.2427700207272917,0.6627582471700146,-0.08183422413710284,2.3104390790948406,-0.08156651964101524,0.4146341463414634,41,17.853658536585368,0.018714728
C_w30.0_w50.0_wt3.0,S2_re300,0.5198376968302083,1.026783433943197,1.2834370443128884,-0.27809129876730243,0.13312655847358434,0.3412779759372673,0.1252681644662048,0.8011559359316325,0.48717948717948717,78,6.256410256410256,0.04313528640000001
C_w30.0_w50.0_wt3.0,UU4_re300h20tr12,0.34052129429093814,0.570465806534757,0.9730487657780881,-0.26725062500469565,0.27429339015192,0.051972257449379056,0.3434004594718645,0.1690228296871059,0.46153846153846156,65,7.507692307692308,0.0360204228
C_w30.0_w50.0_wt3.0,N2_re300,0.13307683780655544,0.1609814631788189,0.5419049754729548,-0.25841154273575495,0.26755325159499677,-0.10609133274615912,0.2752056903042006,-0.08957317865961978,0.5161290322580645,62,7.870967741935484,0.03445537559999999
A_w30.0_w50.25_wt0.5,D01_t1h5sl8,-0.0906057956440307,-0.10699993921583173,-0.2056216110637661,-0.31575266655688816,0.05444379190312665,-0.1375602840672644,-0.00931779336055416,-0.098600888560047,0.46938775510204084,49,4.979591836734694,0.0451937316
A_w30.0_w50.25_wt0.5,hold20_t1,-0.0716041862977086,-0.08638663650486866,-0.07877391154730004,-0.3228118667619796,-0.05183811146756978,-0.02084672994052994,-0.22409564645307023,0.177481940033827,0.5384615384615384,13,18.76923076923077,0.0115906068
A_w30.0_w50.25_wt0.5,hold30sl5_t1,0.35950471274930207,0.339649657811119,1.0510979546198413,-0.1722200963701661,0.06796392602560397,0.2729874854562351,0.04657475460001992,0.28003246010181737,0.4,15,16.266666666666666,0.016239970800000003
A_w30.0_w50.25_wt0.5,h20tr20_t2,-0.008701009987199027,-0.06769153703553743,0.09573265853277318,-0.19820090864686501,-0.004684026113394912,-0.0040358880789562734,-0.26742362763458394,0.27264336952901114,0.5384615384615384,26,18.76923076923077,0.0118180892
A_w30.0_w50.25_wt0.5,hold20_t2,-0.008701009987199027,-0.06769153703553743,0.09573265853277318,-0.19820090864686501,-0.004684026113394912,-0.0040358880789562734,-0.26742362763458394,0.27264336952901114,0.5384615384615384,26,18.76923076923077,0.0118180892
A_w30.0_w50.25_wt0.5,h25sl8_t3,-0.12395418056731089,-0.36315383475034735,-0.47183957922277897,-0.2738401929681422,0.013649683891680198,-0.13575090748382856,-0.04680539630257152,-0.33188232205749424,0.3888888888888889,36,20.333333333333332,0.012595592800000001
A_w30.0_w50.25_wt0.5,S2_re300,0.16825810690182652,0.348882649651465,0.7839387530840576,-0.1807583497206321,0.07321404210701643,0.08856021358816091,0.13172213352476558,0.19188501284352388,0.6052631578947368,76,6.421052631578948,0.0396315084
A_w30.0_w50.25_wt0.5,UU4_re300h20tr12,-0.06575412393560631,-0.13666735823247955,-0.17005054287369986,-0.24941760323146,0.07220029044112009,-0.12866477989851044,0.056341197345081584,-0.1827142177760862,0.5277777777777778,72,6.777777777777778,0.0358706524
A_w30.0_w50.25_wt0.5,N2_re300,0.11822925331730527,0.27038260774752,0.5760058052090821,-0.22866413885453418,0.07220029044112009,0.04292944451381242,0.056341197345081584,0.20262526060745478,0.5657894736842105,76,6.421052631578948,0.038701438000000005
C_w30.0_w50.25_wt0.5,D01_t1h5sl8,0.011247448404222204,-0.004645208920138977,0.19042992699455039,-0.21279177164230767,0.10791517798207728,-0.08725192279965244,0.0659504494839196,-0.06622789871540224,0.5102040816326531,49,4.979591836734694,0.0501132324
C_w30.0_w50.25_wt0.5,hold20_t1,0.0558915479846136,0.03527098609862023,0.33301144449218784,-0.18401425631398394,-0.007239662535778901,0.06359159218794708,-0.17357505131246553,0.2527102282460847,0.46153846153846156,13,18.76923076923077,0.0125434296
C_w30.0_w50.25_wt0.5,hold30sl5_t1,-0.14023658210954415,-0.15602483732810613,-0.28615007914029844,-0.22370638047867109,-0.09195172375101934,-0.053174329627036054,-0.12644920272813143,-0.03385679996210911,0.3333333333333333,12,20.333333333333332,0.0108771372
C_w30.0_w50.25_wt0.5,h20tr20_t2,-0.04783865849008695,-0.1187032972275186,-0.06843713871807074,-0.21870682921488904,-0.03696150589678848,-0.011294618709325133,-0.2891524772886078,0.2397830401250376,0.46153846153846156,26,18.76923076923077,0.0119123668
C_w30.0_w50.25_wt0.5,hold20_t2,-0.04783865849008695,-0.1187032972275186,-0.06843713871807074,-0.21870682921488904,-0.03696150589678848,-0.011294618709325133,-0.2891524772886078,0.2397830401250376,0.46153846153846156,26,18.76923076923077,0.0119123668
C_w30.0_w50.25_wt0.5,h25sl8_t3,-0.1836332474949276,-0.5116772267236853,-0.6252529672009449,-0.31957651288693756,-0.1047498095641115,-0.08811328807694419,-0.34509766153062604,-0.25435787201857596,0.2571428571428571,35,20.914285714285715,0.011983357599999998
C_w30.0_w50.25_wt0.5,S2_re300,0.22309904006618075,0.4330037701724059,0.8507404090664186,-0.21487589928300233,-0.008349299484365136,0.23339704134752037,-0.09192091975902428,0.5780605470969908,0.5882352941176471,68,7.176470588235294,0.03243171760000001
C_w30.0_w50.25_wt0.5,UU4_re300h20tr12,0.36371578376773095,0.8037141827005885,1.2659545393388245,-0.18557122821272332,0.06951823686723646,0.2750748297310388,-0.020624170879634307,0.8416976701585623,0.5606060606060606,66,7.393939393939394,0.034348663200000004
C_w30.0_w50.25_wt0.5,N2_re300,0.2599929279217079,0.5450923578017965,0.9894321035003775,-0.19619116908539846,0.014549163475258586,0.24192397301447666,-0.03335372779451595,0.598405127323917,0.5344827586206896,58,8.413793103448276,0.029261515200000004
A_w30.0_w50.25_wt1.0,D01_t1h5sl8,0.15110165384188767,0.18198955999534827,0.6030013590135294,-0.21918435956997695,0.04523848641480632,0.10128135234495272,0.04490512248925338,0.13119319118612616,0.40816326530612246,49,4.979591836734694,0.0500518284
A_w30.0_w50.25_wt1.0,hold20_t1,0.09252994680846394,0.1278723576934322,0.4305244182127198,-0.31429077596436406,0.16450382604370173,-0.061806477252858594,0.03062422842425705,0.09435847381335094,0.6923076923076923,13,18.76923076923077,0.014942490000000001
A_w30.0_w50.25_wt1.0,hold30sl5_t1,-0.23859687285576237,-0.22084020996320675,-0.6223103407307626,-0.500068218263984,-0.09974447177113177,-0.15423665473935366,-0.09693378896070048,-0.1372063526326689,0.42857142857142855,14,17.428571428571427,0.012331167599999998
A_w30.0_w50.25_wt1.0,h20tr20_t2,-0.05193815682273084,-0.10705753035845256,-0.027729143345797676,-0.3800850420631414,0.08589249678117783,-0.1269284519530881,-0.08710097494085767,-0.021860638328868975,0.5384615384615384,26,18.76923076923077,0.013338163200000003
A_w30.0_w50.25_wt1.0,hold20_t2,-0.05193815682273084,-0.10705753035845256,-0.027729143345797676,-0.3800850420631414,0.08589249678117783,-0.1269284519530881,-0.08710097494085767,-0.021860638328868975,0.5384615384615384,26,18.76923076923077,0.013338163200000003
A_w30.0_w50.25_wt1.0,h25sl8_t3,0.3941159910730434,0.9571348943607649,1.2654474280482482,-0.2260706353863281,0.44555424487906325,-0.0355837589549054,1.3462524582221729,-0.16584641712267145,0.42857142857142855,35,20.914285714285715,0.015256011600000004
A_w30.0_w50.25_wt1.0,S2_re300,0.11287266933877449,0.22914325785339051,0.5429270566741236,-0.2040623076689615,0.12136575924144766,-0.007573880183766923,0.13986172901916238,0.07832663081955915,0.5280898876404494,89,5.48314606741573,0.046638071999999996
A_w30.0_w50.25_wt1.0,UU4_re300h20tr12,0.07390978808786541,0.14458784191667284,0.4092045029117335,-0.22299779164543532,0.03444526047708529,0.038150426241577495,-0.08057603773447575,0.2448966841111353,0.5057471264367817,87,5.609195402298851,0.044528630400000005
A_w30.0_w50.25_wt1.0,N2_re300,-0.029954394961738573,-0.06781691720909833,0.0006215583635097057,-0.2922391144010136,0.09345676428035232,-0.11286331867297206,0.018526043916338164,-0.08477246275749462,0.5,82,5.951219512195122,0.040999794
C_w30.0_w50.25_wt1.0,D01_t1h5sl8,0.5545508132580526,0.5463890870394834,1.3025798994217006,-0.2706655394774239,0.18550206153930504,0.31130165327554016,0.2900502359220496,0.19870454962106043,0.5102040816326531,49,4.979591836734694,0.0583999776
C_w30.0_w50.25_wt1.0,hold20_t1,0.7522838430883747,0.7293971726026052,1.4561663831598304,-0.21168753625503378,-0.10436517833632553,0.9564713214627396,-0.006839752593346682,0.7413072836115007,0.6923076923076923,13,18.76923076923077,0.013554086399999998
C_w30.0_w50.25_wt1.0,hold30sl5_t1,0.1194846386083801,0.10695246755914356,0.48246770940496086,-0.35634547496415114,0.3975892168461861,-0.19898878360365369,0.26662469844429637,-0.12606120114448005,0.3333333333333333,15,16.266666666666666,0.017509768800000002
C_w30.0_w50.25_wt1.0,h20tr20_t2,0.3624436622303253,0.7542645632562406,1.1065058838490602,-0.14889887095529497,-0.012408129789749034,0.37956143962613775,-0.0920988910905276,0.932219870689859,0.5769230769230769,26,18.76923076923077,0.013292741999999998
C_w30.0_w50.25_wt1.0,hold20_t2,0.3624436622303253,0.7542645632562406,1.1065058838490602,-0.14889887095529497,-0.012408129789749034,0.37956143962613775,-0.0920988910905276,0.932219870689859,0.5769230769230769,26,18.76923076923077,0.013292741999999998
C_w30.0_w50.25_wt1.0,h25sl8_t3,0.3382643234596374,1.1260843269081051,1.1960733520680544,-0.18535571832116227,0.10020733755262246,0.21637465755915164,0.20151902506425867,0.7694970138274748,0.42857142857142855,35,20.914285714285715,0.013287167200000002
C_w30.0_w50.25_wt1.0,S2_re300,0.22167117896019084,0.48459300956037366,0.8060277820759122,-0.3050039346878223,0.2396716667543619,-0.014520367188272987,0.32242508975343687,0.12262919167479858,0.5616438356164384,73,6.684931506849315,0.0403153368
C_w30.0_w50.25_wt1.0,UU4_re300h20tr12,0.08734904285521128,0.12466870960598109,0.4345325533344319,-0.3186070603133254,0.1515896399990322,-0.055784278455192404,0.19538493431967163,-0.05915770115836061,0.5833333333333334,72,6.777777777777778,0.038170786799999995
C_w30.0_w50.25_wt1.0,N2_re300,-0.002003295364030211,-0.055257085481101864,0.15148718032853423,-0.3533244775083825,0.2037703282322345,-0.17094093347395178,0.31406307103169695,-0.2810520778297483,0.5625,64,7.625,0.0342987648
A_w30.0_w50.25_wt2.0,D01_t1h5sl8,0.639490331814075,0.6892336297835313,1.3738012567482392,-0.2673433884358186,0.43139156414084323,0.14538213923185772,0.5024801063599051,0.12429683603337627,0.5,50,4.88,0.0682714764
A_w30.0_w50.25_wt2.0,hold20_t1,-0.21863570253826703,-0.19846068439896858,-0.37367224239438857,-0.479345601330298,0.13975564866440382,-0.314445777586313,0.021177222949674057,-0.21508304573638826,0.38461538461538464,13,18.76923076923077,0.013946419199999997
A_w30.0_w50.25_wt2.0,hold30sl5_t1,0.07165509722849528,0.0955778119704207,0.3962547461655043,-0.4115998298804522,0.1511841727440466,-0.0690845803812431,0.053223654796266784,0.04021383015969815,0.45454545454545453,11,22.181818181818183,0.0118030524
A_w30.0_w50.25_wt2.0,h20tr20_t2,0.4985393110875844,1.036786851642224,1.3022668322454807,-0.3259093351563713,0.5383115755658199,-0.025854492100279125,0.618190461871045,0.2586817804420709,0.5769230769230769,26,18.76923076923077,0.0166384644
A_w30.0_w50.25_wt2.0,hold20_t2,0.28908073823157765,0.48994458214015957,0.8795470771009364,-0.3568780438364162,0.5383115755658199,-0.16201583690389187,0.618190461871045,-0.07925264840740731,0.5769230769230769,26,18.76923076923077,0.016455190800000002
A_w30.0_w50.25_wt2.0,h25sl8_t3,0.8749048949557439,4.723082064975582,2.0445028995356753,-0.218401351725104,0.43367645730234305,0.3077601193812114,1.5867784851222173,1.21243608522791,0.6111111111111112,36,20.333333333333332,0.0158571892
A_w30.0_w50.25_wt2.0,S2_re300,0.4246439976748264,0.9604200715446694,1.2914061809666677,-0.22800935366509878,0.21999281124869063,0.167747862560492,0.5197016224191557,0.290003276053592,0.6575342465753424,73,6.684931506849315,0.0439684056
A_w30.0_w50.25_wt2.0,UU4_re300h20tr12,0.6960988902834198,1.7188534877818222,1.8704642472945323,-0.15665532524095294,0.25208618849955045,0.35461832089686474,0.711556878362793,0.5885265176711916,0.6351351351351351,74,6.594594594594595,0.04742630760000001
A_w30.0_w50.25_wt2.0,N2_re300,0.7225725021900382,1.8577832822932048,1.830467402195438,-0.16951538023102308,0.21999281124869063,0.4119529937450579,0.5197016224191557,0.8804897225443549,0.6388888888888888,72,6.777777777777778,0.04594029
C_w30.0_w50.25_wt2.0,D01_t1h5sl8,1.131768326553634,1.119859014095066,1.915816901914033,-0.3402540795823161,0.5995469684663555,0.3327325602683431,0.7394462148925938,0.21869764982986983,0.5102040816326531,49,4.979591836734694,0.0727812432
C_w30.0_w50.25_wt2.0,hold20_t1,2.0771446423346114,2.0612925074661996,2.3833757926943955,-0.2961638375574538,-0.0672645850132989,2.299054150719136,0.034366503048016694,1.9595820228568357,0.6153846153846154,13,18.76923076923077,0.0190517436
C_w30.0_w50.25_wt2.0,hold30sl5_t1,1.1084703178937358,1.0809980608645446,1.6761355323630647,-0.39278245700207015,0.542328214285076,0.3670697964058751,0.34506081625458274,0.5471404978246497,0.25,16,15.25,0.0295038468
C_w30.0_w50.25_wt2.0,h20tr20_t2,1.733841365694241,4.407199254432681,2.479530171457791,-0.35776648286031665,0.7651185625596935,0.5488145803247071,1.4970081878527473,1.16547117495938,0.6296296296296297,27,18.074074074074073,0.024165513600000004
C_w30.0_w50.25_wt2.0,hold20_t2,1.9942039906637645,5.923322531962152,2.59813160465933,-0.3386256023899893,0.7651185625596935,0.6963189069416993,1.4620793404921106,1.8119818959929805,0.6153846153846154,26,18.76923076923077,0.0243482772
C_w30.0_w50.25_wt2.0,h25sl8_t3,0.15807183893577093,0.2367467569390178,0.6144706272196231,-0.3075656504973555,0.48765194563697456,-0.22154382795505634,0.9829943574681812,-0.3763236126813524,0.40540540540540543,37,19.783783783783782,0.014740206
C_w30.0_w50.25_wt2.0,S2_re300,0.16288618696390067,0.32974880752695146,0.6232994429410288,-0.3704771102913683,0.35744008582011855,-0.14332411491935193,0.7100622202223892,-0.22239741232689103,0.5657894736842105,76,6.421052631578948,0.045770623200000006
C_w30.0_w50.25_wt2.0,UU4_re300h20tr12,-0.03047641996266126,-0.09584037818347846,0.06994779959654164,-0.4061315134641861,0.4569911803332005,-0.3345714146220038,1.0721638992342464,-0.56366404117423,0.6216216216216216,74,6.594594594594595,0.043061095199999996
C_w30.0_w50.25_wt2.0,N2_re300,0.37035412798875766,0.7791020394283119,1.1548289344633762,-0.2378793801102923,0.3533492005554526,0.01256506999547824,0.7447335110035174,0.019698440024245256,0.6065573770491803,61,8.0,0.0370797132
A_w30.0_w50.25_wt3.0,D01_t1h5sl8,0.8957787759457574,0.8563231161487344,1.5528422553027967,-0.2011114466007674,0.17378964667987584,0.6150924327097851,0.18399641485165685,0.5678452171506898,0.54,50,4.88,0.064591092
A_w30.0_w50.25_wt3.0,hold20_t1,0.12128178124662226,0.0996426311905172,0.4841718664821977,-0.4931320069503099,0.2775605360238509,-0.12232590970883839,0.035183577213350414,0.062268234732516525,0.5384615384615384,13,18.76923076923077,0.0163594944
A_w30.0_w50.25_wt3.0,hold30sl5_t1,-0.2458241350155137,-0.27094477332594236,-0.43319613889034836,-0.3815101386753199,-0.05871859569770388,-0.19877747341295737,-0.1840368635469667,-0.10650960306462076,0.3333333333333333,15,16.266666666666666,0.013259755199999999
A_w30.0_w50.25_wt3.0,h20tr20_t2,0.4203283927931676,0.6119651093418956,1.1195737564311996,-0.3044732223133355,0.4710368037275532,-0.03447120480323329,0.4341868677535661,0.1239575159872941,0.5769230769230769,26,18.76923076923077,0.017666032800000002
A_w30.0_w50.25_wt3.0,hold20_t2,0.2720426751701597,0.34962732793171836,0.8241122508748829,-0.3840670603842248,0.4710368037275532,-0.13527474503231374,0.4341868677535661,-0.058959917792509864,0.5384615384615384,26,18.76923076923077,0.017561238
A_w30.0_w50.25_wt3.0,h25sl8_t3,0.53041674841799,2.1781210842520267,1.3804899228038519,-0.2364967398112594,0.15915968884550158,0.32028120296544715,0.17271771443182038,1.7100478189602688,0.6176470588235294,34,21.529411764705884,0.013382833600000001
A_w30.0_w50.25_wt3.0,S2_re300,0.4616591313610925,1.13960556291,1.2868471277147742,-0.19996034297428378,0.2975715545840951,0.12645743982079738,0.5578274734730504,0.37345476270226663,0.5161290322580645,62,7.870967741935484,0.038535926399999997
A_w30.0_w50.25_wt3.0,UU4_re300h20tr12,0.9180158550622273,2.385964320828653,1.8596214498905757,-0.25005083496457803,0.6696320372095768,0.14876560362831226,1.2912930211605493,0.4777526442749118,0.5909090909090909,66,7.393939393939394,0.049765351200000016
A_w30.0_w50.25_wt3.0,N2_re300,0.27873432542270327,0.4378753806009008,0.8657709844531206,-0.3010006477004925,0.4795882900497548,-0.13574990149475819,0.9934778770752399,-0.27871013913106435,0.5,62,7.870967741935484,0.041506452
C_w30.0_w50.25_wt3.0,D01_t1h5sl8,0.6031706933628496,0.528240174246893,1.2262025124853033,-0.3810370999775543,0.7613528446771074,-0.08980719098520895,0.8382489517120228,-0.16864352196497034,0.47058823529411764,51,4.784313725490196,0.0743400684
C_w30.0_w50.25_wt3.0,hold20_t1,2.0124478902041023,1.898146272715763,2.2432298613711907,-0.2940106597802222,-0.018835491845625163,2.070278088096242,0.048405791453403735,1.7643363822876887,0.6153846153846154,13,18.76923076923077,0.018229929600000003
C_w30.0_w50.25_wt3.0,hold30sl5_t1,0.7257010023961195,0.6340694780748601,1.3243725164718392,-0.39281188269432477,0.229912829139874,0.403108384195787,0.028154111916378843,0.589323486757364,0.23529411764705882,17,14.352941176470589,0.023928649200000006
C_w30.0_w50.25_wt3.0,h20tr20_t2,1.0658442456273969,2.3468631729046106,1.917763029892832,-0.3903552731519191,0.44421999424264524,0.4304221336519676,0.894510369605914,0.7666111659239994,0.6153846153846154,26,18.76923076923077,0.01832838
C_w30.0_w50.25_wt3.0,hold20_t2,1.4412171979231014,3.802225033688143,2.2777115460474096,-0.3073609633171229,0.44421999424264524,0.6903361036787821,0.894510369605914,1.5348106353659476,0.6153846153846154,26,18.76923076923077,0.019488732
C_w30.0_w50.25_wt3.0,h25sl8_t3,0.24607384756090234,0.4812577973660028,0.8364805673881714,-0.2854683248190609,0.5173236567856387,-0.17876858902955695,1.1488328587831513,-0.3106686770394901,0.41025641025641024,39,18.76923076923077,0.015634462800000002
C_w30.0_w50.25_wt3.0,S2_re300,-0.015490111992910172,-0.10731094333942859,0.12754716300902222,-0.37497065359095094,0.042751519804881344,-0.055853797085511636,0.07414324767286229,-0.1689292293233815,0.4868421052631579,76,6.421052631578948,0.03704928040000001
C_w30.0_w50.25_wt3.0,UU4_re300h20tr12,-0.2205769661887257,-0.46622299598451933,-0.5409394134016342,-0.40606767620476203,0.1141382625949916,-0.30042521652933507,0.21004514732714963,-0.5588784392098655,0.44776119402985076,67,7.2835820895522385,0.0322785656
C_w30.0_w50.25_wt3.0,N2_re300,0.26439792283623675,0.3224491352838599,0.8402099990325552,-0.3269921443095719,0.13559831295085512,0.1134200433520327,0.2788613101631643,0.03408330893608369,0.4444444444444444,63,7.746031746031746,0.034041133200000004
A_w30.0_w50.5_wt0.5,D01_t1h5sl8,-0.2558899197210448,-0.2665064226680951,-0.8562787198510499,-0.44509263673647514,0.10419870921039509,-0.3261085400008631,0.03975613209528461,-0.29455229482148704,0.4897959183673469,49,4.979591836734694,0.044195477999999996
A_w30.0_w50.5_wt0.5,hold20_t1,-0.07957923737022021,-0.08764904505949789,-0.06322383050303704,-0.3350283186293814,-0.045412822662896035,-0.035791822390317196,-0.21825475320311505,0.16706939847573077,0.6153846153846154,13,18.76923076923077,0.011828776800000001
A_w30.0_w50.5_wt0.5,hold30sl5_t1,-0.17372763400759117,-0.19139395208369425,-0.4309197989135893,-0.377071019750003,0.2177014544846969,-0.3214491426044427,0.17213454897260783,-0.3101422966970303,0.26666666666666666,15,16.266666666666666,0.0144773496
A_w30.0_w50.5_wt0.5,h20tr20_t2,-0.08764465186106818,-0.20628298697255032,-0.21735264554706704,-0.2770487021819493,-0.09412182520247803,0.007150159394068156,-0.3935783666717262,0.3088533940836302,0.5,26,18.76923076923077,0.011429125599999998
A_w30.0_w50.5_wt0.5,hold20_t2,-0.08764465186106818,-0.20628298697255032,-0.21735264554706704,-0.2770487021819493,-0.09412182520247803,0.007150159394068156,-0.3935783666717262,0.3088533940836302,0.5,26,18.76923076923077,0.011429125599999998
A_w30.0_w50.5_wt0.5,h25sl8_t3,-0.12775194354668296,-0.38329212147999747,-0.4958968285377415,-0.27751298994562223,-0.02145176996111342,-0.10863048986491475,-0.11968638686408772,-0.2994452552845064,0.3888888888888889,36,20.333333333333332,0.012531268800000002
A_w30.0_w50.5_wt0.5,S2_re300,0.14959422771057995,0.3025713681073019,0.7032103954350852,-0.14720708723448772,0.10648851613648191,0.03895721550243536,0.08425032889178952,0.20135667326811624,0.5555555555555556,72,6.777777777777778,0.037411641600000003
A_w30.0_w50.5_wt0.5,UU4_re300h20tr12,0.010463357799100015,-0.02933769177674339,0.16151549997449124,-0.2014956046975951,0.1354409870310278,-0.11006968275711271,0.14349635013887463,-0.15114525017471914,0.5396825396825397,63,7.746031746031746,0.032381858400000005
A_w30.0_w50.5_wt0.5,N2_re300,-0.02550051222233729,-0.09374431399314709,-0.0011742969137763118,-0.20021379936822903,0.09108112951182434,-0.10684965451315576,0.05554868674330016,-0.14143639475035796,0.515625,64,7.625,0.031930202399999996
C_w30.0_w50.5_wt0.5,D01_t1h5sl8,-0.13466029453099893,-0.1364278309444058,-0.3415157202632607,-0.23740945945246994,-0.005602835054099309,-0.1297846213026167,-0.040948164091915595,-0.09955631518298957,0.46938775510204084,49,4.979591836734694,0.044922574800000004
C_w30.0_w50.5_wt0.5,hold20_t1,-0.015169432779712833,-0.022985647918198016,0.11839105366306618,-0.23485141059315862,-0.05990941073827516,0.047591134800847534,-0.22007952832817834,0.2527102282460849,0.46153846153846156,13,18.76923076923077,0.012002951999999997
C_w30.0_w50.5_wt0.5,hold30sl5_t1,-0.14023658210954415,-0.15602483732810613,-0.28615007914029844,-0.22370638047867109,-0.09195172375101934,-0.053174329627036054,-0.12644920272813143,-0.03385679996210911,0.3333333333333333,12,20.333333333333332,0.0108771372
C_w30.0_w50.5_wt0.5,h20tr20_t2,-0.06468248076339522,-0.15734081780472764,-0.14582286217927865,-0.23836028416440724,-0.006771741712505275,-0.058305569306634664,-0.2520578174598671,0.12663679341291512,0.46153846153846156,26,18.76923076923077,0.0120284112
C_w30.0_w50.5_wt0.5,hold20_t2,-0.06468248076339522,-0.15734081780472764,-0.14582286217927865,-0.23836028416440724,-0.006771741712505275,-0.058305569306634664,-0.2520578174598671,0.12663679341291512,0.46153846153846156,26,18.76923076923077,0.0120284112
C_w30.0_w50.5_wt0.5,h25sl8_t3,-0.019356383602446736,-0.22818543380209289,0.0501283305570342,-0.22875635938481376,-0.1207576703271751,0.1153280310815572,-0.3791556286992218,0.24316914491923303,0.2727272727272727,33,22.181818181818183,0.0114143056
C_w30.0_w50.5_wt0.5,S2_re300,0.22929354100478272,0.4456420266969183,0.9480966308501078,-0.23051381333020782,0.029185002592049702,0.19443398213999585,-0.0003869976692001398,0.44620170338532184,0.5915492957746479,71,6.873239436619718,0.035311563600000005
C_w30.0_w50.5_wt0.5,UU4_re300h20tr12,0.14909158905213094,0.29978707671107174,0.655487158363862,-0.25049399028350217,0.02802594893119026,0.11776515976742519,-0.15239752674211682,0.5334866493665964,0.5555555555555556,63,7.746031746031746,0.030569870400000004
C_w30.0_w50.5_wt0.5,N2_re300,0.1489009791520315,0.27640090428321185,0.6474667865126217,-0.2678993622469331,-0.006549941365615486,0.15647582801628968,-0.06957183761088559,0.3718425085132018,0.5,56,8.714285714285714,0.027098808
A_w30.0_w50.5_wt1.0,D01_t1h5sl8,-0.019910953663074382,0.0005344461879286388,0.08482115789644647,-0.28663199406374984,-0.009226182667041227,-0.010784268628327487,-0.012496970175720268,0.013196330512492471,0.3673469387755102,49,4.979591836734694,0.0459273768
A_w30.0_w50.5_wt1.0,hold20_t1,0.1043439944187996,0.13565434806569043,0.47443549647659666,-0.30461481444614624,0.2195966971421881,-0.0945006681253352,0.0783653346868558,0.05312579284224772,0.6923076923076923,13,18.76923076923077,0.015322236
A_w30.0_w50.5_wt1.0,hold30sl5_t1,0.15094833884164105,0.16934302894572895,0.561062470218226,-0.38413946811902855,-0.05431247336588663,0.21704929633373848,-0.07821449900023347,0.2685630525512306,0.4,15,16.266666666666666,0.0158088576
A_w30.0_w50.5_wt1.0,h20tr20_t2,0.016585967722047457,0.014669190282835087,0.2087692338594576,-0.3525383316901557,0.17550464321288528,-0.13519187389722376,0.08271457388178893,-0.06284701918714852,0.5769230769230769,26,18.76923076923077,0.0139191444
A_w30.0_w50.5_wt1.0,hold20_t2,0.016585967722047457,0.014669190282835087,0.2087692338594576,-0.3525383316901557,0.17550464321288528,-0.13519187389722376,0.08271457388178893,-0.06284701918714852,0.5769230769230769,26,18.76923076923077,0.0139191444
A_w30.0_w50.5_wt1.0,h25sl8_t3,0.249472715088511,0.7447589317651107,0.9645628273217992,-0.3009502608357135,0.5123270694629614,-0.17380787508339146,1.9439195009541876,-0.4073347008301017,0.3783783783783784,37,19.783783783783782,0.015673177599999998
A_w30.0_w50.5_wt1.0,S2_re300,0.006331812581237495,0.018444615062313208,0.15038466346328117,-0.18729562349241913,-0.002056784009447865,0.008405885681941117,-0.06897188215208516,0.09389243518924273,0.5185185185185185,81,6.0246913580246915,0.0395374284
A_w30.0_w50.5_wt1.0,UU4_re300h20tr12,0.006457005810920791,-0.0042654282326258786,0.1486593340733061,-0.17616802750843352,-0.02779720823638321,0.0352336100425783,-0.06919068552853791,0.0697514048113912,0.5512820512820513,78,6.256410256410256,0.0379516964
A_w30.0_w50.5_wt1.0,N2_re300,-0.06839559447522037,-0.19404618918361094,-0.1864308874377567,-0.2192147271960676,-0.002056784009447865,-0.06647553628582414,-0.06897188215208516,-0.13433998891530474,0.5492957746478874,71,6.873239436619718,0.033946425599999996
C_w30.0_w50.5_wt1.0,D01_t1h5sl8,0.4462342930687615,0.455560042256413,1.1628626423956234,-0.25876696986049974,0.038962736936774434,0.39199823213368146,0.14063555040028874,0.27609563084861444,0.46938775510204084,49,4.979591836734694,0.053491248000000005
C_w30.0_w50.5_wt1.0,hold20_t1,0.8193530530407629,0.8283025804821107,1.6161878501416727,-0.2045005622170184,0.003472831162991019,0.8130566135330188,0.13241891677332118,0.614510808148294,0.5384615384615384,13,18.76923076923077,0.0152255604
C_w30.0_w50.5_wt1.0,hold30sl5_t1,0.07660323999668761,0.06875324864381027,0.3918304035095834,-0.273911230207986,-0.1444046056169318,0.25830883039404173,-0.16542102002134895,0.28058970365051583,0.38461538461538464,13,18.76923076923077,0.012228229200000001
C_w30.0_w50.5_wt1.0,h20tr20_t2,0.4294116374886032,0.9228867854091021,1.2624601735661156,-0.14621121908847035,0.05636278987609189,0.35314463098067717,0.03827556988703429,0.852000414127353,0.5769230769230769,26,18.76923076923077,0.013901845200000002
C_w30.0_w50.5_wt1.0,hold20_t2,0.4294116374886032,0.9228867854091021,1.2624601735661156,-0.14621121908847035,0.05636278987609189,0.35314463098067717,0.03827556988703429,0.852000414127353,0.5769230769230769,26,18.76923076923077,0.013901845200000002
C_w30.0_w50.5_wt1.0,h25sl8_t3,0.6797275884665066,2.362187808552519,1.872458086220705,-0.21696802699257112,0.35684135282600704,0.23796904108796246,0.8894044015347291,0.779496123657526,0.37142857142857144,35,20.914285714285715,0.014980103199999999
C_w30.0_w50.5_wt1.0,S2_re300,0.20896595869250745,0.35523393703413464,0.7652175815699627,-0.25110755435771825,0.2216830549719957,-0.010409488965024694,0.27860963474460676,0.059927831143578025,0.5633802816901409,71,6.873239436619718,0.038600635200000004
C_w30.0_w50.5_wt1.0,UU4_re300h20tr12,0.11448374788590998,0.1964625527922379,0.5256219201784977,-0.2925550394177333,0.21388947863324614,-0.08189026472101779,0.31629958896437316,-0.09104085208020118,0.5081967213114754,61,8.0,0.0327855744
C_w30.0_w50.5_wt1.0,N2_re300,-0.11822431456629767,-0.2852648818335406,-0.30255358317641795,-0.3776475501405945,0.22120521101980017,-0.27794634556353415,0.32816218639176875,-0.46186156668999356,0.5084745762711864,59,8.271186440677965,0.030271826800000002
A_w30.0_w50.5_wt2.0,D01_t1h5sl8,0.06143943014985931,0.07202094554408744,0.3510790645138727,-0.3691210276669947,0.1283462715319974,-0.05929637299310331,0.10037788986015683,-0.02577018729417868,0.46,50,4.88,0.0538062036
A_w30.0_w50.5_wt2.0,hold20_t1,-0.17916519267873998,-0.15655338752950443,-0.3397817497764749,-0.4581153204206829,0.23232072053526887,-0.333911380663368,0.0498372049396274,-0.1965929493620877,0.5384615384615384,13,18.76923076923077,0.014419699200000002
A_w30.0_w50.5_wt2.0,hold30sl5_t1,-0.21922999055341974,-0.1998977492210191,-0.34166492378416347,-0.5018360519378473,0.20170424537649212,-0.35028105921189756,0.015182940546163426,-0.2118639716812717,0.46153846153846156,13,18.76923076923077,0.0127951044
A_w30.0_w50.5_wt2.0,h20tr20_t2,0.13182586121048345,0.14063986922738114,0.5332191025436159,-0.41771913037960373,0.44441674604630377,-0.21641322401685859,0.42269028926550933,-0.19825145512432107,0.5,26,18.76923076923077,0.014883758400000002
A_w30.0_w50.5_wt2.0,hold20_t2,-0.07537904092914494,-0.2430941691152092,-0.04583830204951011,-0.4434461215322164,0.44441674604630377,-0.359865522466593,0.42269028926550933,-0.4679756819908023,0.5,26,18.76923076923077,0.014705758000000001
A_w30.0_w50.5_wt2.0,h25sl8_t3,0.8367193223717417,3.8681676647028507,1.9991480726715014,-0.1646344173925013,0.6876002372249583,0.08836161660654374,3.0204959343810174,0.2108376041555029,0.5526315789473685,38,19.263157894736842,0.0178148524
A_w30.0_w50.5_wt2.0,S2_re300,0.616763427757173,1.3828706065435754,1.6885934948788104,-0.23837894812218463,0.5537736615395608,0.04053985968277862,1.0319955463541626,0.17267511280669745,0.5454545454545454,88,5.545454545454546,0.0621989472
A_w30.0_w50.5_wt2.0,UU4_re300h20tr12,0.4668872402378992,0.9745162588979335,1.4075442152508382,-0.26273390733326907,0.48806376798993756,-0.014230927603755883,0.7513739777807313,0.12740984161473,0.5411764705882353,85,5.741176470588235,0.058445367600000006
A_w30.0_w50.5_wt2.0,N2_re300,0.33097986045151306,0.6374801366654295,1.06786436328434,-0.3700797490740483,0.48806376798993756,-0.10556261829465285,0.7572518818611216,-0.06815855281306693,0.5476190476190477,84,5.809523809523809,0.056136434400000004
C_w30.0_w50.5_wt2.0,D01_t1h5sl8,1.1011910786169894,1.0975909332130311,1.8947885440781183,-0.36629053885206975,0.5976032249405943,0.3152145950976777,0.736167430335958,0.2081731845454189,0.5102040816326531,49,4.979591836734694,0.0737107896
C_w30.0_w50.5_wt2.0,hold20_t1,2.0771446423346114,2.0612925074661996,2.3833757926943955,-0.2961638375574538,-0.0672645850132989,2.299054150719136,0.034366503048016694,1.9595820228568357,0.6153846153846154,13,18.76923076923077,0.0190517436
C_w30.0_w50.5_wt2.0,hold30sl5_t1,0.01870161346972732,0.004356663129019056,0.25640729641259175,-0.3731766700090524,0.3071630331716173,-0.22067746132782462,0.1800673001045454,-0.14889882717702607,0.3333333333333333,15,16.266666666666666,0.016814924400000004
C_w30.0_w50.5_wt2.0,h20tr20_t2,2.520189071127894,8.854336346644903,2.9527663908490887,-0.29278742096427857,0.7661672397024952,0.9931232965915844,1.641853192696329,2.730084765454877,0.6538461538461539,26,18.76923076923077,0.025560547199999995
C_w30.0_w50.5_wt2.0,hold20_t2,2.520189071127894,8.854336346644903,2.9527663908490887,-0.29278742096427857,0.7661672397024952,0.9931232965915844,1.641853192696329,2.730084765454877,0.6538461538461539,26,18.76923076923077,0.025560547199999995
C_w30.0_w50.5_wt2.0,h25sl8_t3,0.3312896287653677,1.1028765558677804,1.0356906646498267,-0.29281992992109906,0.543582163029066,-0.13753238366469855,1.979433506745886,-0.2942025552486569,0.47368421052631576,38,19.263157894736842,0.015792422
C_w30.0_w50.5_wt2.0,S2_re300,0.3069572383529289,0.612955714059944,0.9495873671731058,-0.3413273619286249,0.4290214571917397,-0.08541804479177395,0.8450225601342756,-0.12577995038577927,0.5802469135802469,81,6.0246913580246915,0.05077525320000001
C_w30.0_w50.5_wt2.0,UU4_re300h20tr12,0.08298241101460935,0.0993436989631491,0.40785239044913774,-0.3795695294801469,0.4507813447603075,-0.2535178268414149,0.923773023410771,-0.42854812621602434,0.5897435897435898,78,6.256410256410256,0.04714688880000001
C_w30.0_w50.5_wt2.0,N2_re300,0.3397046771188057,0.7400218903687941,1.1005848970520233,-0.2955938117286826,0.4250057447470328,-0.059860157015274806,0.8205369622998075,-0.04422600232697427,0.609375,64,7.625,0.0383977776
A_w30.0_w50.5_wt3.0,D01_t1h5sl8,-0.12901811977935895,-0.15966452387059082,-0.11180946765391636,-0.3247954787585875,0.09417026124281302,-0.2039795714870397,-0.050914991297050016,-0.11458355318683344,0.4117647058823529,51,4.784313725490196,0.04992734760000001
A_w30.0_w50.5_wt3.0,hold20_t1,0.6907797333208039,0.6675998044059901,1.350098303749232,-0.36706303344162794,0.47137602706439763,0.1491146397798444,0.2570274448044534,0.3266216352701883,0.5384615384615384,13,18.76923076923077,0.018657044400000003
A_w30.0_w50.5_wt3.0,hold30sl5_t1,-0.172411068425941,-0.19607064824579723,-0.2307761409348933,-0.3216701059022016,0.033827902941980126,-0.19949062197008272,-0.16965195454245185,-0.03181640981498035,0.35714285714285715,14,17.428571428571427,0.012927622800000002
A_w30.0_w50.5_wt3.0,h20tr20_t2,0.8143974364748843,2.0289615380272346,1.8154223371870581,-0.3263531489069842,0.5862931994889597,0.14379702129430294,0.7552777829765134,0.7256308758667647,0.6538461538461539,26,18.76923076923077,0.019432326000000003
A_w30.0_w50.5_wt3.0,hold20_t2,0.38783663422618164,0.7461450396493066,1.0754943324466348,-0.3827408195581493,0.5862931994889597,-0.12510711470408697,0.7552777829765134,-0.005203018813193294,0.5769230769230769,26,18.76923076923077,0.0191330172
A_w30.0_w50.5_wt3.0,h25sl8_t3,0.4243595626536145,1.3853278474967552,1.2567288072038845,-0.16804001829507065,0.23557057532366543,0.15279498484373932,0.360030345673243,0.7538784006440451,0.5945945945945946,37,19.783783783783782,0.014662075200000001
A_w30.0_w50.5_wt3.0,S2_re300,0.5901362170278863,1.5178865361117797,1.621194480839827,-0.2102466030539507,0.437365169257496,0.1062854805708886,1.1967448027409837,0.1461898227641607,0.5757575757575758,66,7.393939393939394,0.046198635599999996
A_w30.0_w50.5_wt3.0,UU4_re300h20tr12,0.23839007218183728,0.5085445989775141,0.8435739878478276,-0.21691474397852173,0.1984501462707582,0.03332631401928543,0.13837900653513713,0.32516902570879447,0.5072463768115942,69,7.072463768115942,0.0400896108
A_w30.0_w50.5_wt3.0,N2_re300,0.10330956691708781,0.17754860486574264,0.47225936005754887,-0.3168920198288676,0.3937420697036855,-0.2083832504592079,0.7950568120973014,-0.344004826515812,0.5294117647058824,68,7.176470588235294,0.0403734156
C_w30.0_w50.5_wt3.0,D01_t1h5sl8,0.5434390771860418,0.4696783461989902,1.153012952320871,-0.3712978720643172,0.7613528446771074,-0.12371954214035674,0.8382489517120228,-0.20050091973112305,0.46,50,4.88,0.0708665808
C_w30.0_w50.5_wt3.0,hold20_t1,2.1193644165054977,1.9964926926188982,2.308096864113136,-0.32059248185646494,-0.018835491845625163,2.179247099319966,0.048405791453403735,1.858142063928189,0.6923076923076923,13,18.76923076923077,0.018413570400000003
C_w30.0_w50.5_wt3.0,hold30sl5_t1,0.709811126356859,0.6190484815499631,1.306304135198824,-0.39281188269432477,0.229912829139874,0.3901888701759415,0.028154111916378843,0.5747138126328308,0.23529411764705882,17,14.352941176470589,0.023904618000000006
C_w30.0_w50.5_wt3.0,h20tr20_t2,1.0935399691946595,2.3835093639322857,1.9438234204087068,-0.425425986233003,0.44421999424264524,0.4495990759998594,0.894510369605914,0.7859545232450249,0.6538461538461539,26,18.76923076923077,0.0183377028
C_w30.0_w50.5_wt3.0,hold20_t2,1.1622726390430476,2.698527612518056,2.035892856700236,-0.3891032709679525,0.44421999424264524,0.4971906272333195,0.894510369605914,0.9522340293589435,0.5769230769230769,26,18.76923076923077,0.0188021904
C_w30.0_w50.5_wt3.0,h25sl8_t3,0.1421959133138242,0.18199883909029357,0.5696705282557288,-0.31335302719781744,0.5173236567856387,-0.24722987860513657,1.1488328587831513,-0.44993449152688414,0.38461538461538464,39,18.76923076923077,0.015540886
C_w30.0_w50.5_wt3.0,S2_re300,-0.20628171804204332,-0.4563922445670029,-0.4989565636303182,-0.35589078427697496,-0.005881535842981456,-0.20158581640367734,-0.2473324071818137,-0.27775852099917575,0.48148148148148145,81,6.0246913580246915,0.036479491200000005
C_w30.0_w50.5_wt3.0,UU4_re300h20tr12,-0.061334648503679756,-0.2697753471868245,0.0022205330595645393,-0.3268746458854065,0.04236852886198372,-0.0994880164684977,0.01004791896880608,-0.2770395947563675,0.5211267605633803,71,6.873239436619718,0.034655017600000004
C_w30.0_w50.5_wt3.0,N2_re300,0.19531677262484703,0.22104182771615277,0.7212649801840729,-0.2582091691773407,0.18576603111383339,0.008054490734604958,0.0904321194181803,0.1197779357120008,0.5076923076923077,65,7.507692307692308,0.034314493200000004
A_w30.0_w51.0_wt0.5,D01_t1h5sl8,-0.25844522953279536,-0.27553935888826886,-0.850105509243469,-0.39286076650981616,-0.03609503181101614,-0.2306764723285306,-0.06669938805898401,-0.22376495649665717,0.42857142857142855,49,4.979591836734694,0.04133333759999999
A_w30.0_w51.0_wt0.5,hold20_t1,0.2554904609167232,0.238612872866937,0.8488652530803303,-0.1867484779561106,-0.07501927732539693,0.3573152717025745,-0.12477997454296608,0.4152017056741155,0.6923076923076923,13,18.76923076923077,0.0130298064
A_w30.0_w51.0_wt0.5,hold30sl5_t1,0.16953839600571619,0.15292555596746782,0.5928926606024725,-0.35728188859469734,0.3087450963326348,-0.10636654969482162,0.263733143710531,-0.08768274243224639,0.35714285714285715,14,17.428571428571427,0.0149221716
A_w30.0_w51.0_wt0.5,h20tr20_t2,0.12548619774676695,0.252445206477395,0.5896444525761265,-0.18636984495137887,-0.04745776937235324,0.18156041964162073,-0.22541314657254763,0.6169202987831226,0.5769230769230769,26,18.76923076923077,0.0124016536
A_w30.0_w51.0_wt0.5,hold20_t2,0.12548619774676695,0.252445206477395,0.5896444525761265,-0.18636984495137887,-0.04745776937235324,0.18156041964162073,-0.22541314657254763,0.6169202987831226,0.5769230769230769,26,18.76923076923077,0.0124016536
A_w30.0_w51.0_wt0.5,h25sl8_t3,-0.1747679482414719,-0.4899084519964635,-0.7722476155872918,-0.28329690303686317,-0.03532046862356497,-0.1445531651520997,-0.15222534238682184,-0.3983170605268548,0.34285714285714286,35,20.914285714285715,0.012000413599999999
A_w30.0_w51.0_wt0.5,S2_re300,-0.08755861924399977,-0.19867308541007767,-0.2713965228073896,-0.29613808189228186,0.025268809791265,-0.11004668040007426,0.053925274615625796,-0.239673880216819,0.5081967213114754,61,8.0,0.0276994912
A_w30.0_w51.0_wt0.5,UU4_re300h20tr12,-0.131934993492126,-0.2889597476116226,-0.4437339977189379,-0.2603286965404936,-0.062297058789157145,-0.07426438762476961,-0.2048579193995752,-0.10576956026341966,0.4827586206896552,58,8.413793103448276,0.0250244924
A_w30.0_w51.0_wt0.5,N2_re300,-0.03569773531522169,-0.09459782452262422,-0.038598330970606935,-0.1974395552197068,0.025268809791265,-0.059463961572086554,0.053925274615625796,-0.14092374736189694,0.5178571428571429,56,8.714285714285714,0.0261461088
C_w30.0_w51.0_wt0.5,D01_t1h5sl8,-0.0701461061077383,-0.08217729885814562,-0.1020335223843242,-0.18931214687674058,0.008514306311005804,-0.07799632779278198,-0.030925796570622777,-0.05288707728072173,0.4897959183673469,49,4.979591836734694,0.045853896000000005
C_w30.0_w51.0_wt0.5,hold20_t1,0.08898379059758987,0.08022358781555572,0.42503825004381995,-0.23485141059315862,-0.05990941073827516,0.1583817592013077,-0.22007952832817834,0.3850432538333177,0.5384615384615384,13,18.76923076923077,0.012296181599999999
C_w30.0_w51.0_wt0.5,hold30sl5_t1,-0.4285940388584629,-0.44371198454834404,-1.5555055363670147,-0.5124338005076368,-0.09195172375101934,-0.37073173741165666,-0.12644920272813143,-0.3631875591105129,0.23529411764705882,17,14.352941176470589,0.0131484732
C_w30.0_w51.0_wt0.5,h20tr20_t2,-0.059398811329215095,-0.16103446078810968,-0.10962438043899377,-0.21560323013654814,-0.09239535576652447,0.03635563639625983,-0.35405498741430674,0.298818820279366,0.4230769230769231,26,18.76923076923077,0.0116110976
C_w30.0_w51.0_wt0.5,hold20_t2,-0.059398811329215095,-0.16103446078810968,-0.10962438043899377,-0.21560323013654814,-0.09239535576652447,0.03635563639625983,-0.35405498741430674,0.298818820279366,0.4230769230769231,26,18.76923076923077,0.0116110976
C_w30.0_w51.0_wt0.5,h25sl8_t3,0.010876089103301068,-0.1362130176523555,0.1731317136390187,-0.23644220095075263,-0.12707872140857102,0.15803808876612657,-0.39606698347708946,0.4302695145246731,0.3333333333333333,33,22.181818181818183,0.0114164272
C_w30.0_w51.0_wt0.5,S2_re300,0.36397829246595625,0.800703986729784,1.3038650880919884,-0.16140744377132332,0.09255251337573278,0.2484327075973498,0.05163836055585236,0.712284426157684,0.5606060606060606,66,7.393939393939394,0.035168457599999994
C_w30.0_w51.0_wt0.5,UU4_re300h20tr12,0.3705187744403906,0.8837530571996872,1.2880275418530382,-0.16629982562492074,0.004022077764631149,0.3650285235676618,-0.10127866500538174,1.0960368735554349,0.5483870967741935,62,7.870967741935484,0.032065357999999995
C_w30.0_w51.0_wt0.5,N2_re300,0.3623457482753272,0.8408840620755946,1.2825923713207492,-0.15991360486012207,-0.0005080093780115424,0.3630381844556192,-0.08057227040029424,1.0022063755647945,0.5254237288135594,59,8.271186440677965,0.0305866788
A_w30.0_w51.0_wt1.0,D01_t1h5sl8,-0.2720114783041895,-0.29349608637825575,-0.9965031823533119,-0.43268138929817346,-0.009028374004875994,-0.2653790455758296,-0.04950698349063709,-0.256697417708187,0.3877551020408163,49,4.979591836734694,0.042160761600000006
A_w30.0_w51.0_wt1.0,hold20_t1,-0.09431468777366125,-0.10980804847820103,-0.16257405009306009,-0.2928141158369203,-0.04271013733922169,-0.053906922497857446,-0.19093927600342464,0.10027829199822436,0.6153846153846154,13,18.76923076923077,0.0118282668
A_w30.0_w51.0_wt1.0,hold30sl5_t1,-0.3510290463384885,-0.36486018864439995,-1.2778780686259394,-0.4639177553260364,-0.14214245264314518,-0.24349799607049416,-0.22366214322734723,-0.18187705801702536,0.29411764705882354,17,14.352941176470589,0.013220260800000001
A_w30.0_w51.0_wt1.0,h20tr20_t2,-0.040175422258328375,-0.09434447201223584,-0.028401437459752946,-0.2409772944863645,-0.04632992298817862,0.006453490445181398,-0.2863247798052674,0.26900234498915077,0.6153846153846154,26,18.76923076923077,0.011983160399999996
A_w30.0_w51.0_wt1.0,hold20_t2,-0.040175422258328375,-0.09434447201223584,-0.028401437459752946,-0.2409772944863645,-0.04632992298817862,0.006453490445181398,-0.2863247798052674,0.26900234498915077,0.6153846153846154,26,18.76923076923077,0.011983160399999996
A_w30.0_w51.0_wt1.0,h25sl8_t3,-0.12373425491187418,-0.36478057375341755,-0.4411477130401616,-0.2617929514055741,-0.05767288369903767,-0.07010449988126821,-0.17632520060536627,-0.22879827486109583,0.38235294117647056,34,21.529411764705884,0.011735787999999997
A_w30.0_w51.0_wt1.0,S2_re300,0.06639885481821839,0.15225941427038148,0.38885759538491554,-0.18364231295345856,0.0661270835446437,0.0002549145198273983,0.16066351633463838,-0.007240773872859263,0.5540540540540541,74,6.594594594594595,0.037960914400000004
A_w30.0_w51.0_wt1.0,UU4_re300h20tr12,-0.058311386805183996,-0.11530330438433323,-0.11503427067437423,-0.2639387758696137,0.03789358334202064,-0.0926925184732561,-0.025163715307550794,-0.09246638691256803,0.5070422535211268,71,6.873239436619718,0.034734094800000004
A_w30.0_w51.0_wt1.0,N2_re300,0.07923661982401353,0.1577005647918397,0.4220955296354887,-0.2885986020043786,0.04780472844894712,0.02999785219674922,0.001064313932940042,0.15646971795799391,0.5352112676056338,71,6.873239436619718,0.0356725528
C_w30.0_w51.0_wt1.0,D01_t1h5sl8,-0.06439186990670398,-0.06220049155731644,-0.02927622130958769,-0.23884249032616478,0.03158127710077152,-0.09303498341614513,0.00692674400551363,-0.06865170279204669,0.46938775510204084,49,4.979591836734694,0.0474037452
C_w30.0_w51.0_wt1.0,hold20_t1,0.057521515998989026,0.06063684641066125,0.33750944283358164,-0.23221570426231752,0.06824871062100879,-0.01004185122375012,-0.09657844287821182,0.17402206981837498,0.46153846153846156,13,18.76923076923077,0.013175421599999999
C_w30.0_w51.0_wt1.0,hold30sl5_t1,-0.4094044169010119,-0.42090191378929853,-1.2853886173235487,-0.4988068234860804,-0.3142997062187902,-0.13869719984773254,-0.37765502609038937,-0.06949021766373309,0.16666666666666666,18,13.555555555555555,0.013255165200000002
C_w30.0_w51.0_wt1.0,h20tr20_t2,0.17743037580132803,0.3216236326160131,0.6903584904373358,-0.2993655449395419,0.0580981118219166,0.11277996118331268,-0.1870019826670709,0.6256172886517601,0.5,26,18.76923076923077,0.0127752756
C_w30.0_w51.0_wt1.0,hold20_t2,0.17743037580132803,0.3216236326160131,0.6903584904373358,-0.2993655449395419,0.0580981118219166,0.11277996118331268,-0.1870019826670709,0.6256172886517601,0.5,26,18.76923076923077,0.0127752756
C_w30.0_w51.0_wt1.0,h25sl8_t3,0.023735230610883118,-0.14526941892271206,0.23006674170114075,-0.3027849592930467,0.17348727372991046,-0.1276128395010565,0.31184045730258525,-0.3484492902172034,0.2571428571428571,35,20.914285714285715,0.013058237599999998
C_w30.0_w51.0_wt1.0,S2_re300,0.013090612693648973,-0.06281794527883955,0.19220011811168353,-0.29273987883304176,-0.08879656902590916,0.11181606461977434,-0.28945492680003715,0.31896214620211283,0.6111111111111112,72,6.777777777777778,0.031533446
C_w30.0_w51.0_wt1.0,UU4_re300h20tr12,-0.03239582275708319,-0.1043955754968724,0.012981431960680143,-0.25490633064362056,-0.033867325571082296,0.001523085651635503,-0.25045041393436374,0.1948568062109528,0.4918032786885246,61,8.0,0.027112836800000005
C_w30.0_w51.0_wt1.0,N2_re300,-0.17901746567915078,-0.3683864907380454,-0.6319250289182979,-0.2780225075114531,-0.031326500395601586,-0.1524672300252511,-0.11935184970135182,-0.2827856289168833,0.47368421052631576,57,8.56140350877193,0.0251002792
A_w30.0_w51.0_wt2.0,D01_t1h5sl8,0.09406290857123034,0.10602307450820003,0.43548068799443357,-0.3127993342949932,-0.032802505326591014,0.131168054711162,-0.03445757434957275,0.14549401986467836,0.48,50,4.88,0.0489523908
A_w30.0_w51.0_wt2.0,hold20_t1,0.16737689524618338,0.19934917386075623,0.6146717977580399,-0.29409577004979204,0.24132680762422676,-0.05957328233293946,0.09593812499259036,0.09435847381335094,0.6923076923076923,13,18.76923076923077,0.015662304000000002
A_w30.0_w51.0_wt2.0,hold30sl5_t1,-0.22095725592883486,-0.20984958364694672,-0.4887287570032927,-0.49065716260944525,-0.0076346896781530615,-0.21496374775685823,-0.08419537074239702,-0.13720635263266945,0.42857142857142855,14,17.428571428571427,0.012724214400000003
A_w30.0_w51.0_wt2.0,h20tr20_t2,-0.18630805462384714,-0.3792719156951967,-0.5754702113451985,-0.4221879083239356,0.09804015680478728,-0.25895975631352675,-0.06349328451975877,-0.3371877915616508,0.46153846153846156,26,18.76923076923077,0.0132063232
A_w30.0_w51.0_wt2.0,hold20_t2,-0.16660033260264284,-0.3469364792787012,-0.46295602383834533,-0.42276390676899633,0.09804015680478728,-0.24101166771305826,-0.06349328451975877,-0.30266007715021304,0.5,26,18.76923076923077,0.0132537888
A_w30.0_w51.0_wt2.0,h25sl8_t3,0.05542545326350723,0.01945807108219344,0.33629442665127013,-0.2111174074625598,0.05534155956774511,7.949435422194284e-05,-0.0963431325655747,0.1281473176611161,0.43243243243243246,37,19.783783783783782,0.0136236512
A_w30.0_w51.0_wt2.0,S2_re300,0.3088373449974282,0.6823754382530496,1.161335161426702,-0.13660506401405204,0.056399203862185665,0.2389609346659205,0.03267845754910215,0.6291377300983885,0.5595238095238095,84,5.809523809523809,0.045290060399999985
A_w30.0_w51.0_wt2.0,UU4_re300h20tr12,0.29025818459999053,0.6677638452831993,1.0752417000795937,-0.14700157928108315,0.117000452184022,0.15510981403562352,0.15599723687954437,0.4427057367239893,0.5903614457831325,83,5.879518072289157,0.046989176399999985
A_w30.0_w51.0_wt2.0,N2_re300,0.39293297939384786,0.9422875555153329,1.3844968283989014,-0.13662371148257713,0.08581270377119399,0.28284829838145886,0.09163280388825834,0.7792498984980574,0.5662650602409639,83,5.879518072289157,0.0466925196
C_w30.0_w51.0_wt2.0,D01_t1h5sl8,0.7567903760786534,0.7531480701244235,1.5314881081277458,-0.3279401817677361,0.3160700416047928,0.33487604803803195,0.4328374398253203,0.22354987481214406,0.4897959183673469,49,4.979591836734694,0.0665046936
C_w30.0_w51.0_wt2.0,hold20_t1,1.102836918499602,1.0853602718025215,1.7395164808069856,-0.21168753625503378,-0.10436517833632553,1.3478731148410539,-0.006839752593346682,1.0997218497697911,0.6923076923076923,13,18.76923076923077,0.014785818
C_w30.0_w51.0_wt2.0,hold30sl5_t1,0.04184976401681095,0.028072372134205326,0.30461621170872993,-0.28273433585458685,0.19822223830633723,-0.13050373235482216,0.08233046521560361,-0.0501308009200222,0.38461538461538464,13,18.76923076923077,0.0139402788
C_w30.0_w51.0_wt2.0,h20tr20_t2,1.3370333653326822,3.672872238515671,2.3240528811569696,-0.14797737262111443,0.0035200055560371535,1.3288358502008766,-0.07650560900919734,4.059989843037617,0.5769230769230769,26,18.76923076923077,0.0169068876
C_w30.0_w51.0_wt2.0,hold20_t2,1.3370333653326822,3.672872238515671,2.3240528811569696,-0.14797737262111443,0.0035200055560371535,1.3288358502008766,-0.07650560900919734,4.059989843037617,0.5769230769230769,26,18.76923076923077,0.0169068876
C_w30.0_w51.0_wt2.0,h25sl8_t3,0.18209552091690062,0.28546197922218486,0.6841695417490432,-0.19407284090578103,0.26268299722772226,-0.06382241345433082,0.8090963514882348,-0.2894452646677924,0.425,40,18.3,0.015636821999999998
C_w30.0_w51.0_wt2.0,S2_re300,0.23811587515984822,0.46238618036538703,0.8405983018200551,-0.239112025085493,0.21108794516561025,0.02231706632216679,0.29229150820867633,0.13162252562696852,0.6111111111111112,72,6.777777777777778,0.0413388048
C_w30.0_w51.0_wt2.0,UU4_re300h20tr12,0.31988761948711897,0.6680170244256194,1.0372943560587997,-0.23886464734518986,0.21953458221682398,0.08228797996681503,0.294450067424989,0.2885912453492747,0.6521739130434783,69,7.072463768115942,0.0406876572
C_w30.0_w51.0_wt2.0,N2_re300,0.29308049111294454,0.6373989281200956,0.9998552987284443,-0.2601167135167469,0.20199182687033623,0.07578143395515036,0.29236398429832877,0.2669796961334381,0.6031746031746031,63,7.746031746031746,0.0367014768
A_w30.0_w51.0_wt3.0,D01_t1h5sl8,0.2698355853316283,0.30033404370923744,0.8027019265569153,-0.265611067871237,0.1416926701023693,0.11223941309684493,0.1151989599429466,0.16601081099982617,0.48,50,4.88,0.056541456
A_w30.0_w51.0_wt3.0,hold20_t1,-0.16499485832588023,-0.1498732057410952,-0.27539842412645926,-0.49697968311598384,0.24352188149973508,-0.32851592392803575,0.05815202092625005,-0.19659294936208782,0.46153846153846156,13,18.76923076923077,0.014806075200000001
A_w30.0_w51.0_wt3.0,hold30sl5_t1,-0.24602326747713044,-0.2255488806631376,-0.4344372207249554,-0.5182935035649248,0.20170424537649212,-0.37257712500911644,0.015182940546163426,-0.23713146822560716,0.46153846153846156,13,18.76923076923077,0.012637473599999999
A_w30.0_w51.0_wt3.0,h20tr20_t2,0.7562344555966998,1.6909704264003058,1.7171876046029262,-0.31324189407421354,0.7296401654406324,0.015375620136163226,1.0632835690416131,0.3042174458115081,0.6153846153846154,26,18.76923076923077,0.0183825624
A_w30.0_w51.0_wt3.0,hold20_t2,0.4362779939143826,0.7857767128423627,1.1722635819148857,-0.342886414024829,0.7296401654406324,-0.16960878764717846,1.0632835690416131,-0.13449768144480068,0.6153846153846154,26,18.76923076923077,0.0181089576
A_w30.0_w51.0_wt3.0,h25sl8_t3,0.668609828977311,2.8489041841019067,1.7132696794619093,-0.21968986140737523,0.3718218412482419,0.21634586854151405,1.1781401587853733,0.7670599243017606,0.5555555555555556,36,20.333333333333332,0.0153022672
A_w30.0_w51.0_wt3.0,S2_re300,0.28388398746017285,0.5414727576073739,0.9533499753619533,-0.20565239859456097,0.3489783730405245,-0.0482545805635356,0.5183645703920945,0.015219129625313021,0.45977011494252873,87,5.609195402298851,0.0539343768
A_w30.0_w51.0_wt3.0,UU4_re300h20tr12,0.6034981247577509,1.2956497951748505,1.6442917593063733,-0.18886757620305417,0.3358537673095172,0.2003545328073495,0.6371440151146295,0.4022283769666497,0.5287356321839081,87,5.609195402298851,0.05779046640000001
A_w30.0_w51.0_wt3.0,N2_re300,0.6712787243620908,1.5840991356595269,1.805132713574478,-0.14868994291049165,0.3358537673095172,0.25109406827375924,0.6371440151146295,0.5784189489759666,0.5697674418604651,86,5.674418604651163,0.058338104400000014
C_w30.0_w51.0_wt3.0,D01_t1h5sl8,0.785087813355756,0.7702243414629815,1.5209126875288212,-0.40121257086046913,0.5711890880052006,0.13613811792832853,0.7082737440323728,0.03626502932976883,0.46938775510204084,49,4.979591836734694,0.0699460512
C_w30.0_w51.0_wt3.0,hold20_t1,2.0771446423346114,2.0612925074661996,2.3833757926943955,-0.2961638375574538,-0.0672645850132989,2.299054150719136,0.034366503048016694,1.9595820228568357,0.6153846153846154,13,18.76923076923077,0.0190517436
C_w30.0_w51.0_wt3.0,hold30sl5_t1,0.864941690394462,0.8582682773109596,1.4668924079192969,-0.39269039266288275,0.3071630331716173,0.42670932628004965,0.1800673001045454,0.5747138126328308,0.375,16,15.25,0.0253446744
C_w30.0_w51.0_wt3.0,h20tr20_t2,2.7987203800472504,10.533769856679957,3.085851764521236,-0.2813893633298278,0.8581466666610915,1.0443598173405673,1.9581638452980044,2.8989624847903075,0.6538461538461539,26,18.76923076923077,0.026795502000000002
C_w30.0_w51.0_wt3.0,hold20_t2,2.7987203800472504,10.533769856679957,3.085851764521236,-0.2813893633298278,0.8581466666610915,1.0443598173405673,1.9581638452980044,2.8989624847903075,0.6538461538461539,26,18.76923076923077,0.026795502000000002
C_w30.0_w51.0_wt3.0,h25sl8_t3,0.26646720153890957,0.777861095272363,0.910212075868831,-0.3028107545777722,0.6580438884706414,-0.23616786603454587,2.604570318767148,-0.506775860075207,0.46153846153846156,39,18.76923076923077,0.0167994952
C_w30.0_w51.0_wt3.0,S2_re300,-0.03253637711423385,-0.08378088626921121,0.07896556548594352,-0.3566956119411403,0.1629444419847097,-0.16809127937817103,0.2764721560917345,-0.28222553907008674,0.527027027027027,74,6.594594594594595,0.0386428124
C_w30.0_w51.0_wt3.0,UU4_re300h20tr12,0.03913707599788019,0.03945796714405825,0.2879528209895924,-0.3270361440382752,0.3031983011320438,-0.20262551363425196,0.6440737034862016,-0.36775464205775965,0.5949367088607594,79,6.177215189873418,0.04382399399999999
C_w30.0_w51.0_wt3.0,N2_re300,0.16416122845654102,0.27517680640229125,0.6426715717811208,-0.2541848635001559,0.16512089908855798,-0.0008236661386542554,0.24177962197541247,0.026894614660973426,0.5614035087719298,57,8.56140350877193,0.0312268716
A_w30.25_w50.0_wt0.5,D01_t1h5sl8,0.16328020495904605,0.14984159578764444,0.6721685846453079,-0.2098867502938765,0.1574170641047894,0.005065711432889586,0.08944745482983318,0.055435570288467684,0.4897959183673469,49,4.979591836734694,0.050768643599999996
A_w30.25_w50.0_wt0.5,hold20_t1,-0.017389684432695063,-0.030851660804348424,0.10987546323590812,-0.337201996408225,0.003044717289440335,-0.020372373603996796,-0.17693146175319685,0.17748194003382634,0.6153846153846154,13,18.76923076923077,0.012110664
A_w30.25_w50.0_wt0.5,hold30sl5_t1,0.6621296863422819,0.6408886913156768,1.565746672877006,-0.17624118583527693,0.21059647788443758,0.37298407578957593,0.12067774671446108,0.46419316001084177,0.46153846153846156,13,18.76923076923077,0.0163302204
A_w30.25_w50.0_wt0.5,h20tr20_t2,-0.047070961968526004,-0.12270958865283277,-0.05251911977525746,-0.24813277810244105,0.011481214681774654,-0.05788755717892502,-0.23780995704719932,0.15101268962850378,0.5384615384615384,26,18.76923076923077,0.0119314056
A_w30.25_w50.0_wt0.5,hold20_t2,-0.047070961968526004,-0.12270958865283277,-0.05251911977525746,-0.24813277810244105,0.011481214681774654,-0.05788755717892502,-0.23780995704719932,0.15101268962850378,0.5384615384615384,26,18.76923076923077,0.0119314056
A_w30.25_w50.0_wt0.5,h25sl8_t3,-0.05989619086991327,-0.21299416135010452,-0.14278878969972172,-0.29232289448957816,-0.0024791321540215128,-0.05755975696014981,-0.07023489288972273,-0.1535433706520557,0.4166666666666667,36,20.333333333333332,0.012612804799999999
A_w30.25_w50.0_wt0.5,S2_re300,0.08807171183622753,0.1522955818425613,0.4752239924265413,-0.17019919446879506,0.1415181194466575,-0.046820463643921006,0.22407751359868278,-0.05864165541697475,0.6216216216216216,74,6.594594594594595,0.0393543948
A_w30.25_w50.0_wt0.5,UU4_re300h20tr12,0.13724055660495793,0.26446215615206614,0.6701842930595309,-0.199129557811633,0.14490974438587867,-0.00669850861041843,0.12671378436719727,0.12225675561627458,0.6,70,6.9714285714285715,0.037356928799999994
A_w30.25_w50.0_wt0.5,N2_re300,0.22389812678704057,0.4601051141654533,0.9403052863331499,-0.1999309244656342,0.1510865044766283,0.06325469200381106,0.17267093506652453,0.2451106874944613,0.6052631578947368,76,6.421052631578948,0.040879641599999995
C_w30.25_w50.0_wt0.5,D01_t1h5sl8,0.0034026076736477506,-0.011432025069639473,0.16445696629699832,-0.2335235125397106,0.16341009135325946,-0.13753317499033613,0.12169734723967318,-0.11868564424880212,0.5510204081632653,49,4.979591836734694,0.050443100399999996
C_w30.25_w50.0_wt0.5,hold20_t1,0.0558915479846136,0.03527098609862023,0.33301144449218784,-0.18401425631398394,-0.007239662535778901,0.06359159218794708,-0.17357505131246553,0.2527102282460847,0.46153846153846156,13,18.76923076923077,0.0125434296
C_w30.25_w50.0_wt0.5,hold30sl5_t1,-0.14023658210954415,-0.15602483732810613,-0.28615007914029844,-0.22370638047867109,-0.09195172375101934,-0.053174329627036054,-0.12644920272813143,-0.03385679996210911,0.3333333333333333,12,20.333333333333332,0.0108771372
C_w30.25_w50.0_wt0.5,h20tr20_t2,-0.017110915190797216,-0.05819500974472669,0.058772200093985386,-0.20560914143772469,-0.00028658714850282596,-0.016829151060708147,-0.24035137300944343,0.2397902882894054,0.46153846153846156,26,18.76923076923077,0.012274210800000001
C_w30.25_w50.0_wt0.5,hold20_t2,-0.017110915190797216,-0.05819500974472669,0.058772200093985386,-0.20560914143772469,-0.00028658714850282596,-0.016829151060708147,-0.24035137300944343,0.2397902882894054,0.46153846153846156,26,18.76923076923077,0.012274210800000001
C_w30.25_w50.0_wt0.5,h25sl8_t3,0.018040206601170894,-0.12969243711577982,0.20159556063458536,-0.2047802653709232,-0.06903329993991891,0.09353020525381961,-0.2698767841469174,0.1920009444807822,0.3235294117647059,34,21.529411764705884,0.0119944048
C_w30.25_w50.0_wt0.5,S2_re300,0.26401190649584994,0.5626068627216747,1.0049270802500243,-0.20847889628650318,-0.002111037007547889,0.26668592736545893,-0.05349328374384121,0.6509199944216524,0.5967741935483871,62,7.870967741935484,0.030597796800000007
C_w30.25_w50.0_wt0.5,UU4_re300h20tr12,0.47507925229340087,1.1855975103337077,1.6205368181849487,-0.18744037041043016,0.0601130754661936,0.3914357689105217,0.00045683501592952425,1.184599508782315,0.640625,64,7.625,0.0343022328
C_w30.25_w50.0_wt0.5,N2_re300,0.3135455752171745,0.6924169600698065,1.1647712257868272,-0.19110941860328634,0.0019212458909763086,0.3110267704215419,-0.04492485917390654,0.7720249305263542,0.5932203389830508,59,8.271186440677965,0.0296987076
A_w30.25_w50.0_wt1.0,D01_t1h5sl8,0.08594037965637247,0.11565657578056054,0.4206727256911155,-0.23458041396250773,-0.008023120379900273,0.09472347790228541,-0.009884788985161652,0.12679470365579548,0.3877551020408163,49,4.979591836734694,0.04773169559999999
A_w30.25_w50.0_wt1.0,hold20_t1,0.17094786827359387,0.20701220909803397,0.6189427164175099,-0.31429077596436406,0.16450382604370173,0.005533723535959156,0.03062422842425705,0.17114674370062133,0.6923076923076923,13,18.76923076923077,0.0150848208
A_w30.25_w50.0_wt1.0,hold30sl5_t1,-0.23859687285576237,-0.22084020996320675,-0.6223103407307626,-0.500068218263984,-0.09974447177113177,-0.15423665473935366,-0.09693378896070048,-0.1372063526326689,0.42857142857142855,14,17.428571428571427,0.012331167599999998
A_w30.25_w50.0_wt1.0,h20tr20_t2,-0.1659968688150849,-0.3427347217913018,-0.482102605387268,-0.43822446373489443,0.08589249678117783,-0.2319652878557661,-0.08710097494085767,-0.28002412077708494,0.5,26,18.76923076923077,0.013187728
A_w30.25_w50.0_wt1.0,hold20_t2,-0.1519676891301509,-0.31651699865390226,-0.3841329192888722,-0.44258643401848896,0.08589249678117783,-0.2190457956164149,-0.08710097494085767,-0.25130492794444803,0.5,26,18.76923076923077,0.013258173600000003
A_w30.25_w50.0_wt1.0,h25sl8_t3,0.015183573927026073,-0.12480533370727986,0.19494635536312865,-0.2393368463745721,0.017032417457972127,-0.001817880629181312,-0.1509415889229917,0.03078263506342127,0.4,35,20.914285714285715,0.012697837600000003
A_w30.25_w50.0_wt1.0,S2_re300,0.09208514943854107,0.17333734290486258,0.4748384535434138,-0.25504361309126244,0.1502341131915399,-0.05055402468603076,0.19461316414528973,-0.017809799756935196,0.5393258426966292,89,5.48314606741573,0.0474550512
A_w30.25_w50.0_wt1.0,UU4_re300h20tr12,0.048112414941175796,0.07278253404179802,0.31607498868542483,-0.2583144817331303,0.07259299930157548,-0.02282374057665848,-0.07288307671546446,0.15711676391496243,0.5287356321839081,87,5.609195402298851,0.045697022800000014
A_w30.25_w50.0_wt1.0,N2_re300,0.04539672195310751,0.0753656834648575,0.30812430099307225,-0.2926341745607167,0.12106394689390343,-0.06749590435982311,0.06744931346565597,0.0074161554083531644,0.5061728395061729,81,6.0246913580246915,0.0418844028
C_w30.25_w50.0_wt1.0,D01_t1h5sl8,0.9677437257968917,0.9575659423741065,1.8500298659863716,-0.2724346413641726,0.4200039318616957,0.3857311811926334,0.5398154943553488,0.27129902871489886,0.5306122448979592,49,4.979591836734694,0.0684261084
C_w30.25_w50.0_wt1.0,hold20_t1,0.9001899204395778,0.88371630585553,1.6702678735324592,-0.2132018529386116,-0.08527488989635945,1.0773343810626166,0.016263430355403452,0.8535708848607928,0.6923076923076923,13,18.76923076923077,0.014423371200000002
C_w30.25_w50.0_wt1.0,hold30sl5_t1,-0.17826468100683968,-0.19159679200019397,-0.2252266396336721,-0.43663590925345397,0.12646261930333091,-0.2705170105854303,0.023797353778840513,-0.2103874804755197,0.26666666666666666,15,16.266666666666666,0.014723801999999998
C_w30.25_w50.0_wt1.0,h20tr20_t2,0.3540626269480234,0.711622928592488,1.0908532822957824,-0.16123510957688147,-0.02034917543303294,0.3821890340842189,-0.10609665672489199,0.9147740541179719,0.5769230769230769,26,18.76923076923077,0.0132496164
C_w30.25_w50.0_wt1.0,hold20_t2,0.3540626269480234,0.711622928592488,1.0908532822957824,-0.16123510957688147,-0.02034917543303294,0.3821890340842189,-0.10609665672489199,0.9147740541179719,0.5769230769230769,26,18.76923076923077,0.0132496164
C_w30.25_w50.0_wt1.0,h25sl8_t3,0.3470500085203885,1.1181696569170851,1.2429449255906273,-0.16679289365265138,0.08475417196163382,0.2418020998107142,0.1431119598319388,0.8529852992076992,0.42857142857142855,35,20.914285714285715,0.0132542512
C_w30.25_w50.0_wt1.0,S2_re300,0.08137657053771519,0.15821627072934308,0.42070291240262825,-0.2734357077527976,0.15531410666265066,-0.0639977783518264,0.11990808415974219,0.03420654526156319,0.5396825396825397,63,7.746031746031746,0.034200294000000006
C_w30.25_w50.0_wt1.0,UU4_re300h20tr12,-0.06931734556665092,-0.15571873460494245,-0.11047289603822029,-0.24126889987441824,0.0406779839546243,-0.10569583600038146,-0.06280320486796964,-0.09914196273353981,0.4918032786885246,61,8.0,0.03057939599999999
C_w30.25_w50.0_wt1.0,N2_re300,-0.008250306380105932,-0.03332347531638258,0.12013704359516394,-0.2984527412984106,0.15168305197471654,-0.1388692471254097,0.15282939371399706,-0.16147477679300215,0.4909090909090909,55,8.872727272727273,0.029322674400000005
A_w30.25_w50.0_wt2.0,D01_t1h5sl8,0.6534191171192856,0.701393005131574,1.4248042155215346,-0.28395697407183695,0.47771231722986607,0.11890460534212766,0.5503393500676284,0.09743263954266346,0.5,50,4.88,0.06964525319999999
A_w30.25_w50.0_wt2.0,hold20_t1,-0.13193146720252924,-0.10953515185724294,-0.14684112807877997,-0.46463467849517537,0.2675751743098016,-0.31517392388965315,0.13447014146632563,-0.21508304573638848,0.46153846153846156,13,18.76923076923077,0.0152016924
A_w30.25_w50.0_wt2.0,hold30sl5_t1,0.07165509722849528,0.0955778119704207,0.3962547461655043,-0.4115998298804522,0.1511841727440466,-0.0690845803812431,0.053223654796266784,0.04021383015969815,0.45454545454545453,11,22.181818181818183,0.0118030524
A_w30.25_w50.0_wt2.0,h20tr20_t2,0.4985393110875844,1.036786851642224,1.3022668322454807,-0.3259093351563713,0.5383115755658199,-0.025854492100279125,0.618190461871045,0.2586817804420709,0.5769230769230769,26,18.76923076923077,0.0166384644
A_w30.25_w50.0_wt2.0,hold20_t2,0.33591840941783313,0.5944900938971864,0.9733912178170564,-0.3568780438364162,0.5383115755658199,-0.13156838274037008,0.618190461871045,-0.014646216580991966,0.5769230769230769,26,18.76923076923077,0.0165755712
A_w30.25_w50.0_wt2.0,h25sl8_t3,0.9630562992004732,5.440759824002011,2.1557804360034774,-0.2163697365922006,0.5076729455552138,0.3020438583764349,1.9111619842968377,1.212436085227909,0.6388888888888888,36,20.333333333333332,0.0164497904
A_w30.25_w50.0_wt2.0,S2_re300,0.8751139039739146,2.39550981711919,2.2579846988850587,-0.19139194068064647,0.376926310069545,0.3618113694691525,0.7747809914114001,0.9131993375807455,0.6375,80,6.1,0.0557474064
A_w30.25_w50.0_wt2.0,UU4_re300h20tr12,0.7204081420222004,1.8709017959477348,1.9524957099928533,-0.17740060687353276,0.3619315614986942,0.26321189012539703,0.7070194336947395,0.6818213895396859,0.5875,80,6.1,0.052705664400000005
A_w30.25_w50.0_wt2.0,N2_re300,0.6649976261224166,1.6856158226726516,1.784756464241932,-0.19115754111470307,0.3619315614986942,0.22252664758736085,0.6542901819453115,0.6234248694594706,0.6025641025641025,78,6.256410256410256,0.051502146000000006
C_w30.25_w50.0_wt2.0,D01_t1h5sl8,1.334251238903267,1.3231059022702412,2.1394337292639696,-0.3030797740254686,0.5995469684663555,0.45932022311376564,0.7394462148925938,0.33554339443239756,0.5306122448979592,49,4.979591836734694,0.0754256952
C_w30.25_w50.0_wt2.0,hold20_t1,2.0771446423346114,2.0612925074661996,2.3833757926943955,-0.2961638375574538,-0.0672645850132989,2.299054150719136,0.034366503048016694,1.9595820228568357,0.6153846153846154,13,18.76923076923077,0.0190517436
C_w30.25_w50.0_wt2.0,hold30sl5_t1,1.1084703178937358,1.0809980608645446,1.6761355323630647,-0.39278245700207015,0.542328214285076,0.3670697964058751,0.34506081625458274,0.5471404978246497,0.25,16,15.25,0.0295038468
C_w30.25_w50.0_wt2.0,h20tr20_t2,1.1109889257638006,2.748815930247074,2.026120826413757,-0.3799381822936708,0.34723942927873264,0.5668996021694164,0.7232382778504842,1.1754483860022162,0.6153846153846154,26,18.76923076923077,0.0185443344
C_w30.25_w50.0_wt2.0,hold20_t2,1.2357204806045732,3.275994830743275,2.0458332870026545,-0.3738493972397484,0.34723942927873264,0.6594826665676661,0.7232382778504842,1.48137177876354,0.6153846153846154,26,18.76923076923077,0.0188770176
C_w30.25_w50.0_wt2.0,h25sl8_t3,0.7130572762985612,3.0409041048524923,1.7110830536527828,-0.32947708850875645,1.2782232881707611,-0.24807314314040985,6.828666909224913,-0.4838324133971148,0.4473684210526316,38,19.263157894736842,0.019905937600000003
C_w30.25_w50.0_wt2.0,S2_re300,0.21565315866210688,0.40497041951347645,0.7513723758993368,-0.20287081551120656,0.21139992613160574,0.003511006100260561,0.3735348672093548,0.022886606706963297,0.5526315789473685,76,6.421052631578948,0.04241814840000001
C_w30.25_w50.0_wt2.0,UU4_re300h20tr12,-0.02720537762235442,-0.11935007173804224,0.0888986002827799,-0.36580173468180854,0.28828197086891505,-0.24488998187134514,0.5477570491938248,-0.43101539823665524,0.5833333333333334,72,6.777777777777778,0.0395172684
C_w30.25_w50.0_wt2.0,N2_re300,0.2668630772059748,0.38281783754939225,0.8667728312815685,-0.3215791664447193,0.25160023665050324,0.012194660969637283,0.4101984898325657,-0.01941616905746668,0.5409836065573771,61,8.0,0.0350236992
A_w30.25_w50.0_wt3.0,D01_t1h5sl8,0.691634093726786,0.6589488592143082,1.3307076570202254,-0.22834858784869816,0.17378964667987584,0.4411731254502542,0.18399641485165685,0.40114348185940973,0.5,50,4.88,0.06262340999999999
A_w30.25_w50.0_wt3.0,hold20_t1,0.2092793710986236,0.17874032746953272,0.6389145902865029,-0.4893768134237626,0.2775605360238509,-0.05344652014513396,0.035183577213350414,0.1386775770174289,0.5384615384615384,13,18.76923076923077,0.016796646000000002
A_w30.25_w50.0_wt3.0,hold30sl5_t1,-0.2458241350155137,-0.27094477332594236,-0.43319613889034836,-0.3815101386753199,-0.05871859569770388,-0.19877747341295737,-0.1840368635469667,-0.10650960306462076,0.3333333333333333,15,16.266666666666666,0.013259755199999999
A_w30.25_w50.0_wt3.0,h20tr20_t2,0.40727715708052914,0.5763777170966429,1.0975381904467152,-0.30413779230369076,0.4710368037275532,-0.043343338851523416,0.4341868677535661,0.09914387904401623,0.5769230769230769,26,18.76923076923077,0.0176033844
A_w30.25_w50.0_wt3.0,hold20_t2,0.26753936344905327,0.3477644062032119,0.81538706190619,-0.38553925947955214,0.4710368037275532,-0.1383360632193884,0.4341868677535661,-0.060258857122099774,0.5769230769230769,26,18.76923076923077,0.01752666
A_w30.25_w50.0_wt3.0,h25sl8_t3,0.6498910529727489,3.0998189459641114,1.5673959977376595,-0.23461208111341714,0.15915968884550158,0.42335095746471874,0.17271771443182038,2.4959981379239795,0.6470588235294118,34,21.529411764705884,0.0138218768
A_w30.25_w50.0_wt3.0,S2_re300,0.7936164005929838,2.0711088357537393,1.7676155614220577,-0.14011949777917287,0.4078549411274597,0.2740065387394186,0.871443793858504,0.6410371745238423,0.5862068965517241,58,8.413793103448276,0.0386631
A_w30.25_w50.0_wt3.0,UU4_re300h20tr12,1.1506850168969733,3.330703091829858,2.1692843559362287,-0.2043868415569181,0.7161855779410655,0.2531774212187381,1.7139817092360872,0.5957009131976911,0.6984126984126984,63,7.746031746031746,0.05034715920000001
A_w30.25_w50.0_wt3.0,N2_re300,0.551791871818117,1.1468428616953088,1.3362277939080827,-0.2248274755064067,0.6100218265119679,-0.036167183410180215,1.593498159134291,-0.17222117388665337,0.6,55,8.872727272727273,0.039600949200000006
C_w30.25_w50.0_wt3.0,D01_t1h5sl8,0.7239453845878752,0.6362151411388788,1.4235487981836126,-0.3101047449214124,0.7040789419824702,0.011658170355824948,0.7735988345477185,-0.07746041028712869,0.48,50,4.88,0.071507712
C_w30.25_w50.0_wt3.0,hold20_t1,2.0124478902041023,1.898146272715763,2.2432298613711907,-0.2940106597802222,-0.018835491845625163,2.070278088096242,0.048405791453403735,1.7643363822876887,0.6153846153846154,13,18.76923076923077,0.018229929600000003
C_w30.25_w50.0_wt3.0,hold30sl5_t1,0.7257010023961195,0.6340694780748601,1.3243725164718392,-0.39281188269432477,0.229912829139874,0.403108384195787,0.028154111916378843,0.589323486757364,0.23529411764705882,17,14.352941176470589,0.023928649200000006
C_w30.25_w50.0_wt3.0,h20tr20_t2,1.0658442456273969,2.3468631729046106,1.917763029892832,-0.3903552731519191,0.44421999424264524,0.4304221336519676,0.894510369605914,0.7666111659239994,0.6153846153846154,26,18.76923076923077,0.01832838
C_w30.25_w50.0_wt3.0,hold20_t2,1.2298341028885829,2.954213806816062,2.0701407778547574,-0.3252817053172108,0.44421999424264524,0.5439712175276443,0.894510369605914,1.0871956523724897,0.5769230769230769,26,18.76923076923077,0.019162148400000002
C_w30.25_w50.0_wt3.0,h25sl8_t3,0.24607384756090234,0.4812577973660028,0.8364805673881714,-0.2854683248190609,0.5173236567856387,-0.17876858902955695,1.1488328587831513,-0.3106686770394901,0.41025641025641024,39,18.76923076923077,0.015634462800000002
C_w30.25_w50.0_wt3.0,S2_re300,0.038781864477037464,-0.029720021694947585,0.2860456027901689,-0.2755430786132925,-0.048058521166917,0.09122450021865403,-0.10855037336932072,0.08842939558157714,0.5194805194805194,77,6.337662337662338,0.035853239599999996
C_w30.25_w50.0_wt3.0,UU4_re300h20tr12,0.09839086516023854,0.07694611719598021,0.4489518362040395,-0.2787909843633539,0.11453113834102124,-0.014481670924697543,0.2154005994519086,-0.11391674672397356,0.46875,64,7.625,0.0323430168
C_w30.25_w50.0_wt3.0,N2_re300,-0.06103897043366213,-0.20385505668011716,-0.021448199761220307,-0.2916090948090284,0.11721386062575534,-0.15955121695283792,0.033889950227291354,-0.22995194687320708,0.43333333333333335,60,8.133333333333333,0.0291883612
A_w30.25_w50.25_wt0.5,D01_t1h5sl8,-0.1875154597760036,-0.19896322982921433,-0.5027940430897438,-0.42404913672793054,0.1277694140897938,-0.2795650156200231,0.06336918968518912,-0.24669928568465205,0.46938775510204084,49,4.979591836734694,0.045183103200000005
A_w30.25_w50.25_wt0.5,hold20_t1,-0.014952921626896654,-0.02363176641061071,0.13567206848603292,-0.3350283186293814,-0.045412822662896035,0.03190897778552748,-0.21825475320311505,0.24895960364319536,0.6153846153846154,13,18.76923076923077,0.011929614
A_w30.25_w50.25_wt0.5,hold30sl5_t1,-0.09209598522408391,-0.11005104909261176,-0.10446770538305362,-0.3388491443650924,0.2177014544846969,-0.25441165284628775,0.17213454897260783,-0.24074505636964572,0.35714285714285715,14,17.428571428571427,0.013822081200000001
A_w30.25_w50.25_wt0.5,h20tr20_t2,-0.11801939211752865,-0.2595288886626079,-0.34656515708368757,-0.3003748404873715,-0.09412182520247803,-0.026380552683469727,-0.3935783666717262,0.2210499603607532,0.46153846153846156,26,18.76923076923077,0.0113973756
A_w30.25_w50.25_wt0.5,hold20_t2,-0.11801939211752865,-0.2595288886626079,-0.34656515708368757,-0.3003748404873715,-0.09412182520247803,-0.026380552683469727,-0.3935783666717262,0.2210499603607532,0.46153846153846156,26,18.76923076923077,0.0113973756
A_w30.25_w50.25_wt0.5,h25sl8_t3,-0.0991596424594966,-0.3086165147615312,-0.3573179197607097,-0.2988475818350216,-0.01833014213734574,-0.0823387818977529,-0.08271450489393617,-0.24627230134220568,0.3888888888888889,36,20.333333333333332,0.012534680000000003
A_w30.25_w50.25_wt0.5,S2_re300,0.19666311184944174,0.3784435360738567,0.8517182007467295,-0.19584372509962045,0.0774658082232933,0.11062745816751174,0.13250478389079423,0.21716354374956715,0.5942028985507246,69,7.072463768115942,0.0367757124
A_w30.25_w50.25_wt0.5,UU4_re300h20tr12,0.025838683136720553,0.008073954019238272,0.2290605974338616,-0.2137020964511508,0.145885084652561,-0.10476303699531941,0.10264602621808061,-0.08576829730499347,0.578125,64,7.625,0.0335614272
A_w30.25_w50.25_wt0.5,N2_re300,-0.0773470418362755,-0.19044271831833193,-0.24223193524441874,-0.29354140849314936,0.08526090465326974,-0.14983304548457554,0.012439322218794402,-0.20038933305405793,0.5245901639344263,61,8.0,0.0303818608
C_w30.25_w50.25_wt0.5,D01_t1h5sl8,-0.01918480178539783,-0.02305878305669351,0.08911418323503836,-0.1959070435485898,0.03797343498742656,-0.0550671480080005,-0.0018927540173988566,-0.021206167097261308,0.5102040816326531,49,4.979591836734694,0.047779472399999995
C_w30.25_w50.25_wt0.5,hold20_t1,0.02382826158933149,0.007296322451957993,0.23832612225997685,-0.20900095856044165,-0.03312709338024633,0.05890676487016089,-0.1959063638665507,0.2527102282460856,0.46153846153846156,13,18.76923076923077,0.012276801600000001
C_w30.25_w50.25_wt0.5,hold30sl5_t1,-0.14023658210954415,-0.15602483732810613,-0.28615007914029844,-0.22370638047867109,-0.09195172375101934,-0.053174329627036054,-0.12644920272813143,-0.03385679996210911,0.3333333333333333,12,20.333333333333332,0.0108771372
C_w30.25_w50.25_wt0.5,h20tr20_t2,-0.06265371878900572,-0.1543566657936596,-0.1388226774798369,-0.23882938924940056,-0.0051568390987833945,-0.05779491878713461,-0.2494090915985111,0.12663679341291512,0.46153846153846156,26,18.76923076923077,0.012037448400000001
C_w30.25_w50.25_wt0.5,hold20_t2,-0.06265371878900572,-0.1543566657936596,-0.1388226774798369,-0.23882938924940056,-0.0051568390987833945,-0.05779491878713461,-0.2494090915985111,0.12663679341291512,0.46153846153846156,26,18.76923076923077,0.012037448400000001
C_w30.25_w50.25_wt0.5,h25sl8_t3,-0.1698538072280955,-0.49243285902801714,-0.5378390893934776,-0.2805266180189072,-0.1047498095641114,-0.07272156807058106,-0.34509766153062604,-0.22497277661542692,0.21212121212121213,33,22.181818181818183,0.011343419200000001
C_w30.25_w50.25_wt0.5,S2_re300,0.2766587008942907,0.6039786302662802,1.1094032750671998,-0.2101927912222662,0.023571180995339835,0.2472593255828508,-0.10691667316596343,0.7960010920283926,0.6056338028169014,71,6.873239436619718,0.036161958
C_w30.25_w50.25_wt0.5,UU4_re300h20tr12,0.4437297028294631,1.0719981228942062,1.4633075941784175,-0.15246492974332748,0.08648643837138015,0.3288060042365395,0.13080461866851145,0.832321949068374,0.5774647887323944,71,6.873239436619718,0.03869673960000001
C_w30.25_w50.25_wt0.5,N2_re300,0.43038054389419633,1.0414706662849311,1.4800232142723295,-0.14501846416246567,0.06329913368287854,0.3452287306394035,0.009456854432870365,1.0223456379736633,0.5522388059701493,67,7.2835820895522385,0.035788780799999996
A_w30.25_w50.25_wt1.0,D01_t1h5sl8,-0.0006726277612885134,0.01716132934331993,0.1505711727572615,-0.2759860378170339,-0.009226182667041227,0.008633206445419539,-0.012496970175720268,0.03003362888346528,0.3673469387755102,49,4.979591836734694,0.046142984399999996
A_w30.25_w50.25_wt1.0,hold20_t1,0.1043439944187996,0.13565434806569043,0.47443549647659666,-0.30461481444614624,0.2195966971421881,-0.0945006681253352,0.0783653346868558,0.05312579284224772,0.6923076923076923,13,18.76923076923077,0.015322236
A_w30.25_w50.25_wt1.0,hold30sl5_t1,0.15499751416957674,0.17448515173373425,0.5706277537993529,-0.38413946811902855,-0.05431247336588663,0.2213310228172709,-0.07821449900023347,0.27414149003199806,0.4,15,16.266666666666666,0.0158215872
A_w30.25_w50.25_wt1.0,h20tr20_t2,0.025481849804546597,0.032909190247504494,0.23800019424851365,-0.3525383316901557,0.17550464321288528,-0.1276241606313836,0.08271457388178893,-0.046000474026797855,0.5769230769230769,26,18.76923076923077,0.013924978800000001
A_w30.25_w50.25_wt1.0,hold20_t2,0.025481849804546597,0.032909190247504494,0.23800019424851365,-0.3525383316901557,0.17550464321288528,-0.1276241606313836,0.08271457388178893,-0.046000474026797855,0.5769230769230769,26,18.76923076923077,0.013924978800000001
A_w30.25_w50.25_wt1.0,h25sl8_t3,0.2845205085451441,0.8897620844422578,1.028720904780596,-0.29819146725022105,0.5123270694629614,-0.1506331305692441,1.9439195009541876,-0.3580795657524788,0.3888888888888889,36,20.333333333333332,0.0153551136
A_w30.25_w50.25_wt1.0,S2_re300,0.052339339927230055,0.11414417271027388,0.33710203250359155,-0.20172163761705675,0.031292564137308965,0.02040815237286986,-0.015385320115841816,0.1315534853099638,0.5,82,5.951219512195122,0.041031907199999995
A_w30.25_w50.25_wt1.0,UU4_re300h20tr12,0.03224644589761594,0.08232732159129452,0.2553115182818216,-0.21570594682832567,0.010509181631755515,0.02151119916670008,-0.008576969521846833,0.0916907196207648,0.5308641975308642,81,6.0246913580246915,0.04007127120000001
A_w30.25_w50.25_wt1.0,N2_re300,0.14261263788672762,0.33468948445358815,0.6647916509199027,-0.17026997833441815,0.031292564137308965,0.10794228293747121,-0.015385320115841816,0.35554497786953254,0.5128205128205128,78,6.256410256410256,0.0401501172
C_w30.25_w50.25_wt1.0,D01_t1h5sl8,0.5294224797129294,0.5609300506407044,1.3137423303896196,-0.24719449117271297,0.10186797392994973,0.388026983176625,0.22698671776855028,0.2721654016593418,0.4897959183673469,49,4.979591836734694,0.057184994399999994
C_w30.25_w50.25_wt1.0,hold20_t1,0.8623875359035513,0.8941078471653399,1.689254127981409,-0.2031617287168732,0.02683592296339854,0.813714824593194,0.1731775579364001,0.614510808148294,0.5384615384615384,13,18.76923076923077,0.015569932799999998
C_w30.25_w50.25_wt1.0,hold30sl5_t1,-0.08459614304738505,-0.07688043859968852,-0.06260578558989281,-0.35494121427436653,0.08766027952869004,-0.15837336879739528,0.008304007273900904,-0.08448289926358477,0.3333333333333333,15,16.266666666666666,0.0159265044
C_w30.25_w50.25_wt1.0,h20tr20_t2,0.4426928545163342,1.003489841226933,1.2814453728197632,-0.14547081387468042,0.04267949495538992,0.3836398063798667,0.08002920400537628,0.855033024844909,0.5769230769230769,26,18.76923076923077,0.014030630400000002
C_w30.25_w50.25_wt1.0,hold20_t2,0.4426928545163342,1.003489841226933,1.2814453728197632,-0.14547081387468042,0.04267949495538992,0.3836398063798667,0.08002920400537628,0.855033024844909,0.5769230769230769,26,18.76923076923077,0.014030630400000002
C_w30.25_w50.25_wt1.0,h25sl8_t3,0.3642234963343076,0.8844002683096546,1.2202724131360578,-0.25312983604939376,0.27998313422706667,0.0658136500822808,0.6906434003727087,0.11460540282725029,0.34285714285714286,35,20.914285714285715,0.0140512672
C_w30.25_w50.25_wt1.0,S2_re300,0.3791294803182117,0.8253887825225137,1.203879111616376,-0.16791650814760628,0.2299589732089018,0.12128088038589757,0.3423166901527779,0.3598793756447696,0.6133333333333333,75,6.506666666666667,0.043288351200000005
C_w30.25_w50.25_wt1.0,UU4_re300h20tr12,0.22484430525000532,0.499920573240481,0.8757533331400642,-0.2437461553882153,0.24375478810370854,-0.015204349791920091,0.4075308065814234,0.06563960534793023,0.5507246376811594,69,7.072463768115942,0.0390621648
C_w30.25_w50.25_wt1.0,N2_re300,0.07718560300120614,0.13834095213338804,0.41793310357389285,-0.26837527848545106,0.2268740847793007,-0.12200802318277137,0.36468670401559744,-0.16585913178181177,0.5245901639344263,61,8.0,0.03297048
A_w30.25_w50.25_wt2.0,D01_t1h5sl8,0.3450408472881159,0.37637239279648016,0.9298411061810944,-0.30273733269213066,0.31651678935843863,0.021666307760176196,0.3671155341097765,0.006771087341006288,0.5,50,4.88,0.06071427600000001
A_w30.25_w50.25_wt2.0,hold20_t1,-0.11628433057070853,-0.09176480781102214,-0.14124041761192102,-0.40744366455602776,0.23454701525649235,-0.2841781977451152,0.1511143872965146,-0.21099483925134344,0.5384615384615384,13,18.76923076923077,0.014995489200000002
A_w30.25_w50.25_wt2.0,hold30sl5_t1,-0.21922999055341974,-0.1998977492210191,-0.34166492378416347,-0.5018360519378473,0.20170424537649212,-0.35028105921189756,0.015182940546163426,-0.2118639716812717,0.46153846153846156,13,18.76923076923077,0.0127951044
A_w30.25_w50.25_wt2.0,h20tr20_t2,0.13182586121048345,0.14063986922738114,0.5332191025436159,-0.41771913037960373,0.44441674604630377,-0.21641322401685859,0.42269028926550933,-0.19825145512432107,0.5,26,18.76923076923077,0.014883758400000002
A_w30.25_w50.25_wt2.0,hold20_t2,-0.07537904092914494,-0.2430941691152092,-0.04583830204951011,-0.4434461215322164,0.44441674604630377,-0.359865522466593,0.42269028926550933,-0.4679756819908022,0.5,26,18.76923076923077,0.014705758000000001
A_w30.25_w50.25_wt2.0,h25sl8_t3,0.8242397148761764,3.6260989090051376,1.9805288654045197,-0.1629013649380855,0.6637583561801121,0.096457131590022,2.8205775019942534,0.2108376041555029,0.5263157894736842,38,19.263157894736842,0.0176258356
A_w30.25_w50.25_wt2.0,S2_re300,0.5288170291672305,1.1855448758612592,1.519447704005652,-0.287471176181474,0.4719247140474494,0.03865164744964411,0.917413195053576,0.1398403231496439,0.5647058823529412,85,5.741176470588235,0.058326557999999994
A_w30.25_w50.25_wt2.0,UU4_re300h20tr12,0.5607798372036059,1.2050462450732828,1.6591383875054786,-0.21910165480139632,0.48310033428475196,0.05237643140058634,0.7414945021477566,0.26618042282294474,0.5609756097560976,82,5.951219512195122,0.057128772
A_w30.25_w50.25_wt2.0,N2_re300,0.433913313617758,0.8663755958351529,1.317936281528029,-0.3326652005629819,0.48310033428475196,-0.03316499870571121,0.7473392490550519,0.06812434783026511,0.5802469135802469,81,6.0246913580246915,0.054694745999999995
C_w30.25_w50.25_wt2.0,D01_t1h5sl8,1.1858559287678352,1.1763884448769182,1.9888161430954971,-0.37161459970615796,0.5976032249405943,0.3682095120014022,0.736167430335958,0.25355907895114393,0.5306122448979592,49,4.979591836734694,0.07483944
C_w30.25_w50.25_wt2.0,hold20_t1,2.0771446423346114,2.0612925074661996,2.3833757926943955,-0.2961638375574538,-0.0672645850132989,2.299054150719136,0.034366503048016694,1.9595820228568357,0.6153846153846154,13,18.76923076923077,0.0190517436
C_w30.25_w50.25_wt2.0,hold30sl5_t1,0.01870161346972732,0.004356663129019056,0.25640729641259175,-0.3731766700090524,0.3071630331716173,-0.22067746132782462,0.1800673001045454,-0.14889882717702607,0.3333333333333333,15,16.266666666666666,0.016814924400000004
C_w30.25_w50.25_wt2.0,h20tr20_t2,1.5645058236192164,4.7625281749416235,2.3886070817130727,-0.2915165690261393,0.2947053257848582,0.9807640955401162,0.5448786119580025,2.730084765454878,0.6153846153846154,26,18.76923076923077,0.0189873612
C_w30.25_w50.25_wt2.0,hold20_t2,1.5645058236192164,4.7625281749416235,2.3886070817130727,-0.2915165690261393,0.2947053257848582,0.9807640955401162,0.5448786119580025,2.730084765454878,0.6153846153846154,26,18.76923076923077,0.0189873612
C_w30.25_w50.25_wt2.0,h25sl8_t3,0.21835506340083,0.652212870620849,0.80127331347736,-0.2954489528087696,0.543582163029066,-0.2106963318298677,1.979433506745886,-0.4454607337670098,0.43243243243243246,37,19.783783783783782,0.015397410399999997
C_w30.25_w50.25_wt2.0,S2_re300,-0.042364065433383336,-0.1252433870643067,0.04382059231452684,-0.3419820442811743,0.07241296723136226,-0.10702689744703842,0.01241121034788617,-0.1359670813649838,0.5074626865671642,67,7.2835820895522385,0.034359497200000005
C_w30.25_w50.25_wt2.0,UU4_re300h20tr12,-0.04770359751883935,-0.12746853378549994,0.0316839107828602,-0.3771064410913211,0.27374913419015634,-0.25236737994987823,0.5268678015470829,-0.4285481262160242,0.5833333333333334,72,6.777777777777778,0.039956378400000006
C_w30.25_w50.25_wt2.0,N2_re300,0.07546271532149884,0.13494270276775078,0.3965117177515813,-0.2534963330798371,0.100275584017542,-0.022551503511004323,0.002725106488329354,0.13185826845651039,0.52,50,9.76,0.026191213199999997
A_w30.25_w50.25_wt3.0,D01_t1h5sl8,-0.1942217009226379,-0.2227128519309135,-0.3408933122806897,-0.36682771578038054,0.08134355379236724,-0.2548359896802217,-0.06163037798292825,-0.17166207235239683,0.39215686274509803,51,4.784313725490196,0.04868914920000001
A_w30.25_w50.25_wt3.0,hold20_t1,0.30954091860307353,0.2965643499153685,0.8424589542133312,-0.36571536501766777,0.14155115746863567,0.14715920529304283,-0.022657014295337063,0.3266216352701885,0.5384615384615384,13,18.76923076923077,0.014827352400000002
A_w30.25_w50.25_wt3.0,hold30sl5_t1,-0.172411068425941,-0.19607064824579723,-0.2307761409348933,-0.3216701059022016,0.033827902941980126,-0.19949062197008272,-0.16965195454245185,-0.03181640981498035,0.35714285714285715,14,17.428571428571427,0.012927622800000002
A_w30.25_w50.25_wt3.0,h20tr20_t2,0.734700813190734,1.7737090199642411,1.7000312175228267,-0.3263531489069842,0.5862931994889597,0.09355623143917136,0.7552777829765134,0.5802108628417335,0.6538461538461539,26,18.76923076923077,0.0194062956
A_w30.25_w50.25_wt3.0,hold20_t2,0.38783663422618164,0.7461450396493066,1.0754943324466348,-0.3827408195581493,0.5862931994889597,-0.12510711470408697,0.7552777829765134,-0.005203018813193294,0.5769230769230769,26,18.76923076923077,0.0191330172
A_w30.25_w50.25_wt3.0,h25sl8_t3,0.4243595626536145,1.3853278474967552,1.2567288072038845,-0.16804001829507065,0.23557057532366543,0.15279498484373932,0.360030345673243,0.7538784006440451,0.5945945945945946,37,19.783783783783782,0.014662075200000001
A_w30.25_w50.25_wt3.0,S2_re300,0.7963378601007309,2.2478545179326463,1.966774885479155,-0.21044211934753054,0.6207767918706697,0.10831909064259837,1.8336096285518408,0.14618982276415848,0.6029411764705882,68,7.176470588235294,0.052280365200000005
A_w30.25_w50.25_wt3.0,UU4_re300h20tr12,0.47032673087195653,1.130764903343822,1.4468337784965177,-0.19700455781144655,0.45487440712357685,0.010621070569885038,1.0486078923254825,0.04010382432193005,0.5833333333333334,72,6.777777777777778,0.04814426520000001
A_w30.25_w50.25_wt3.0,N2_re300,0.1559743758716221,0.31300549886073803,0.6076478729677681,-0.3670869436829888,0.5752502946604214,-0.26616463441397664,1.315467076653524,-0.4329414086256901,0.5652173913043478,69,7.072463768115942,0.044703927600000005
C_w30.25_w50.25_wt3.0,D01_t1h5sl8,0.4803545797226907,0.4089420218626705,1.0776175544027509,-0.38517041849622524,0.6681045502090035,-0.11255287953191506,0.7396357492390855,-0.1900936604234883,0.46,50,4.88,0.06818157359999999
C_w30.25_w50.25_wt3.0,hold20_t1,1.722430038797095,1.5630471584645513,2.119195491950732,-0.3183590284453799,-0.1546609779437743,2.2205185940369625,-0.10324710908808499,1.858142063928189,0.6153846153846154,13,18.76923076923077,0.0164574552
C_w30.25_w50.25_wt3.0,hold30sl5_t1,0.709811126356859,0.6190484815499631,1.306304135198824,-0.39281188269432477,0.229912829139874,0.3901888701759415,0.028154111916378843,0.5747138126328308,0.23529411764705882,17,14.352941176470589,0.023904618000000006
C_w30.25_w50.25_wt3.0,h20tr20_t2,1.0935399691946595,2.3835093639322857,1.9438234204087068,-0.425425986233003,0.44421999424264524,0.4495990759998594,0.894510369605914,0.7859545232450249,0.6538461538461539,26,18.76923076923077,0.0183377028
C_w30.25_w50.25_wt3.0,hold20_t2,1.1622726390430476,2.698527612518056,2.035892856700236,-0.3891032709679525,0.44421999424264524,0.4971906272333195,0.894510369605914,0.9522340293589435,0.5769230769230769,26,18.76923076923077,0.0188021904
C_w30.25_w50.25_wt3.0,h25sl8_t3,-0.012301434633571362,-0.17575420561319932,0.12046939715844583,-0.3074848123971289,0.3051417320594414,-0.2432250528010509,0.5010576043144079,-0.4508899645038832,0.38461538461538464,39,18.76923076923077,0.014438822799999997
C_w30.25_w50.25_wt3.0,S2_re300,0.044440919221323316,-0.04236930421876295,0.3020244150468422,-0.3248987869914043,0.14049138044568688,-0.08421848939080112,0.27357840857798443,-0.2480787289331634,0.5205479452054794,73,6.684931506849315,0.0385668528
C_w30.25_w50.25_wt3.0,UU4_re300h20tr12,0.07285052584534846,0.01689675442831695,0.381925679104486,-0.29456682232609266,0.2916232245873136,-0.16937810855163582,0.42298646080241675,-0.28537847517193327,0.5205479452054794,73,6.684931506849315,0.0401040744
C_w30.25_w50.25_wt3.0,N2_re300,0.5117340433801107,0.9805983208227516,1.356825891987434,-0.22197123443441058,0.26026651659699795,0.19953519630286753,0.502089931432431,0.31856174479114063,0.5245901639344263,61,8.0,0.0369516828
A_w30.25_w50.5_wt0.5,D01_t1h5sl8,-0.19269533804310646,-0.2162136765973679,-0.5554199320633071,-0.3545988782679961,0.02057534049828802,-0.20897102847621796,-0.00041033521267908046,-0.21589192944547386,0.4489795918367347,49,4.979591836734694,0.043287066000000006
A_w30.25_w50.5_wt0.5,hold20_t1,0.14307603588983486,0.13107599840763995,0.5615889461208294,-0.26432156228009174,-0.05248104134498599,0.20638856399497318,-0.14328132812442373,0.3202420298969617,0.6153846153846154,13,18.76923076923077,0.012776703600000001
A_w30.25_w50.5_wt0.5,hold30sl5_t1,-0.08612521456462219,-0.10471235470698326,-0.08740351865835826,-0.33414954806826047,0.2177014544846969,-0.24950834043135073,0.17213454897260783,-0.23619037927194553,0.35714285714285715,14,17.428571428571427,0.013818817199999998
A_w30.25_w50.5_wt0.5,h20tr20_t2,0.04087592876009971,0.051027906900313,0.28728834478863774,-0.20422582707290438,-0.08833153537644112,0.14172637219594186,-0.29026877530809014,0.48088159338988934,0.5384615384615384,26,18.76923076923077,0.0119761096
A_w30.25_w50.5_wt0.5,hold20_t2,0.04087592876009971,0.051027906900313,0.28728834478863774,-0.20422582707290438,-0.08833153537644112,0.14172637219594186,-0.29026877530809014,0.48088159338988934,0.5384615384615384,26,18.76923076923077,0.0119761096
A_w30.25_w50.5_wt0.5,h25sl8_t3,-0.17639163232319044,-0.4945692391469789,-0.7720142098949199,-0.28489997425541247,-0.03927759233544825,-0.14271972725301207,-0.16774091561908666,-0.39270021759030427,0.34285714285714286,35,20.914285714285715,0.0119916776
A_w30.25_w50.5_wt0.5,S2_re300,0.0702053742095392,0.12381689194177481,0.40384478277218067,-0.16919866618403168,0.039675078399370456,0.029365228083732653,0.06439607399313929,0.05582585223723591,0.55,60,8.133333333333333,0.0303639836
A_w30.25_w50.5_wt0.5,UU4_re300h20tr12,-0.1583498782824002,-0.29720127785354533,-0.6613704426378744,-0.32525168114763303,0.035479323694554754,-0.1871879018166963,-0.07400277220444962,-0.24103582489166475,0.48333333333333334,60,8.133333333333333,0.0272940256
A_w30.25_w50.5_wt0.5,N2_re300,-0.08129926554213529,-0.19854278183768215,-0.2678132056849457,-0.2932017534007194,0.07284915843044004,-0.1436813579628392,0.12042663063863857,-0.2846856757541628,0.47368421052631576,57,8.56140350877193,0.02717941
C_w30.25_w50.5_wt0.5,D01_t1h5sl8,0.06565561417647192,0.0570295734189632,0.36816426784763506,-0.1736830460866572,0.11753006665204291,-0.04641884278870356,0.07898057625282173,-0.020344205741026578,0.5102040816326531,49,4.979591836734694,0.048922464
C_w30.25_w50.5_wt0.5,hold20_t1,-0.015169432779712833,-0.022985647918198016,0.11839105366306618,-0.23485141059315862,-0.05990941073827516,0.047591134800847534,-0.22007952832817834,0.2527102282460849,0.46153846153846156,13,18.76923076923077,0.012002951999999997
C_w30.25_w50.5_wt0.5,hold30sl5_t1,-0.41061271018239887,-0.42745548489852203,-1.4586183751580715,-0.49722358294767555,-0.09195172375101934,-0.35092956483296645,-0.12644920272813143,-0.3445778804282983,0.25,16,15.25,0.012590675999999999
C_w30.25_w50.5_wt0.5,h20tr20_t2,-0.12325970879994841,-0.2723243160248743,-0.41881039080154947,-0.27914137848619636,-0.09239535576652447,-0.03400638508134857,-0.35405498741430674,0.12652883728023223,0.4230769230769231,26,18.76923076923077,0.011371716799999999
C_w30.25_w50.5_wt0.5,hold20_t2,-0.12325970879994841,-0.2723243160248743,-0.41881039080154947,-0.27914137848619636,-0.09239535576652447,-0.03400638508134857,-0.35405498741430674,0.12652883728023223,0.4230769230769231,26,18.76923076923077,0.011371716799999999
C_w30.25_w50.5_wt0.5,h25sl8_t3,-0.20547819692828473,-0.5496989559482711,-0.8197384202537693,-0.3175470684143161,-0.1207576703271751,-0.09635628738738611,-0.3791556286992218,-0.2746957774485915,0.24242424242424243,33,22.181818181818183,0.0112022704
C_w30.25_w50.5_wt0.5,S2_re300,0.10607286909171587,0.18651701972773793,0.533274600478903,-0.21329788694869345,0.07818650196991683,0.025864140453295548,-9.058764347225079e-05,0.1866245132460791,0.5806451612903226,62,7.870967741935484,0.031911169200000006
C_w30.25_w50.5_wt0.5,UU4_re300h20tr12,0.19498713258480604,0.38922464194823947,0.7859728218291788,-0.1951502352620217,-0.014427958089892612,0.21248075408961276,-0.08149998854720142,0.5124927867457416,0.5517241379310345,58,8.413793103448276,0.028896987600000004
C_w30.25_w50.5_wt0.5,N2_re300,0.11782127233005979,0.20851853136513454,0.5822361433397512,-0.19233720314945402,0.062968655459684,0.05160323080895757,0.071312324237367,0.12807302223974681,0.5660377358490566,53,9.20754716981132,0.027685839599999998
A_w30.25_w50.5_wt1.0,D01_t1h5sl8,-0.1224913220168683,-0.125215392760734,-0.2740389510978764,-0.3169794860855927,-0.05681567788456898,-0.06963182337997098,-0.09443693000238507,-0.03398820444215955,0.3673469387755102,49,4.979591836734694,0.0421519488
A_w30.25_w50.5_wt1.0,hold20_t1,-0.09431468777366125,-0.10980804847820103,-0.16257405009306009,-0.2928141158369203,-0.04271013733922169,-0.053906922497857446,-0.19093927600342464,0.10027829199822436,0.6153846153846154,13,18.76923076923077,0.0118282668
A_w30.25_w50.5_wt1.0,hold30sl5_t1,0.04779500311850593,0.030450689656491337,0.3131839679161878,-0.296046469493062,-0.13973474648695305,0.2179906125926241,-0.18914120432443393,0.2708139754443588,0.3333333333333333,15,16.266666666666666,0.0141613128
A_w30.25_w50.5_wt1.0,h20tr20_t2,-0.1021728573122952,-0.206287774152632,-0.26588782500456465,-0.29565388321398356,-0.04632992298817862,-0.058555821001631925,-0.2863247798052674,0.1121476595905857,0.5769230769230769,26,18.76923076923077,0.0118117696
A_w30.25_w50.5_wt1.0,hold20_t2,-0.1021728573122952,-0.206287774152632,-0.26588782500456465,-0.29565388321398356,-0.04632992298817862,-0.058555821001631925,-0.2863247798052674,0.1121476595905857,0.5769230769230769,26,18.76923076923077,0.0118117696
A_w30.25_w50.5_wt1.0,h25sl8_t3,-0.07470247335807934,-0.23221743519809934,-0.19145255536121045,-0.3036028617353518,0.002839718506545408,-0.07732261739702728,-0.014599078025657852,-0.2208424533807246,0.4117647058823529,34,21.529411764705884,0.011935166400000002
A_w30.25_w50.5_wt1.0,S2_re300,0.03594172645076199,0.06037968714647679,0.26963558104403357,-0.2559736512091013,-0.04378278025990057,0.08337489125361253,-0.19514387211882922,0.3174773110543201,0.5189873417721519,79,6.177215189873418,0.038243182800000004
A_w30.25_w50.5_wt1.0,UU4_re300h20tr12,0.08351364946280992,0.16454610334051023,0.4409841355123913,-0.2827702144455999,0.13663204828283004,-0.04673315247468912,0.10986585648040892,0.04926743762845631,0.49382716049382713,81,6.0246913580246915,0.0415319928
A_w30.25_w50.5_wt1.0,N2_re300,0.0846939715970636,0.15583469000203776,0.4467801657972884,-0.2816332986279433,0.13663204828283004,-0.04569471427823224,0.10986585648040892,0.04141836894361606,0.5,80,6.1,0.041150696400000006
C_w30.25_w50.5_wt1.0,D01_t1h5sl8,-0.005859471204461064,0.0037999584404238007,0.15620828606340117,-0.2376213098668103,0.06541248502086727,-0.0668961150984938,0.04088354772507019,-0.03562702990713573,0.4897959183673469,49,4.979591836734694,0.0482945724
C_w30.25_w50.5_wt1.0,hold20_t1,0.0022000863036684137,0.003977990794175712,0.17496782132349883,-0.23309165723226433,0.01243650237202365,-0.010110674639222217,-0.1448389118021487,0.17402206981837565,0.46153846153846156,13,18.76923076923077,0.012772705200000003
C_w30.25_w50.5_wt1.0,hold30sl5_t1,-0.21214438568623828,-0.2143405150807296,-0.5791766390610112,-0.3109427522605226,-0.18751412377743537,-0.03031469546684873,-0.2042804636719514,-0.012642710087528597,0.35714285714285715,14,17.428571428571427,0.011598603600000002
C_w30.25_w50.5_wt1.0,h20tr20_t2,0.5154566154048381,1.181267570817358,1.4147077399225996,-0.1905459975016931,0.1455885012584166,0.32286297718607004,0.2456868931509728,0.7510560501281571,0.6538461538461539,26,18.76923076923077,0.014617599600000001
C_w30.25_w50.5_wt1.0,hold20_t2,0.5154566154048381,1.181267570817358,1.4147077399225996,-0.1905459975016931,0.1455885012584166,0.32286297718607004,0.2456868931509728,0.7510560501281571,0.6538461538461539,26,18.76923076923077,0.014617599600000001
C_w30.25_w50.5_wt1.0,h25sl8_t3,0.06923127127378126,-0.1271513956010213,0.3799317437733807,-0.3297104972275742,0.23657994141050254,-0.13533186535909325,0.42911842986881266,-0.3892398375415935,0.2777777777777778,36,20.333333333333332,0.013721289199999999
C_w30.25_w50.5_wt1.0,S2_re300,0.24007604473229538,0.4692436860346825,0.8723453951580495,-0.23282951508587713,0.11616288659649388,0.11101709223968936,0.07818846510922528,0.3626965355132432,0.6142857142857143,70,6.9714285714285715,0.0356599736
C_w30.25_w50.5_wt1.0,UU4_re300h20tr12,0.10851113384870614,0.18784463882736313,0.523998115209078,-0.1875879164015366,0.11212140355271094,-0.003246291000668977,0.029460269200036526,0.15385185263186707,0.6129032258064516,62,7.870967741935484,0.032015107200000004
C_w30.25_w50.5_wt1.0,N2_re300,0.04386499936854671,0.04483259424415742,0.29898647169969905,-0.28965147351695564,0.07453495647126562,-0.02854254011748225,0.010369929632302766,0.034108957126620654,0.543859649122807,57,8.56140350877193,0.0275917924
A_w30.25_w50.5_wt2.0,D01_t1h5sl8,0.26164939780634766,0.2859562761464307,0.7892060303173946,-0.3151347809222572,0.33127083788761924,-0.052296976768260284,0.377844795034489,-0.06669003593090395,0.5,50,4.88,0.06384596160000001
A_w30.25_w50.5_wt2.0,hold20_t1,-0.10076496106047061,-0.07518658515523957,-0.09510070205467686,-0.40744366455602776,0.23454701525649235,-0.2716072957718003,0.1511143872965146,-0.1965929493620876,0.5384615384615384,13,18.76923076923077,0.0149801484
A_w30.25_w50.5_wt2.0,hold30sl5_t1,-0.05623189321876598,-0.031010014117327733,0.14548638609984388,-0.4840498097911302,0.09461298407593777,-0.13780658505713383,0.016249485310358303,-0.04650383602728547,0.42857142857142855,14,17.428571428571427,0.013768225200000001
A_w30.25_w50.5_wt2.0,h20tr20_t2,-0.1191784933620339,-0.2580252165180804,-0.24772306822078174,-0.4488774308677238,0.07216950501347785,-0.17846804771145397,-0.11183195904291354,-0.16460089840389824,0.5,26,18.76923076923077,0.0132678692
A_w30.25_w50.5_wt2.0,hold20_t2,-0.19358482616475392,-0.3791855004604163,-0.5371787301210199,-0.45029685174515965,0.07216950501347785,-0.24786596702812436,-0.11183195904291354,-0.30101684488602376,0.5,26,18.76923076923077,0.013234410399999999
A_w30.25_w50.5_wt2.0,h25sl8_t3,0.20080565052477728,0.5002904994070339,0.7594089328843926,-0.16763237709078527,0.0946587025740866,0.09696807571262744,-0.061890575754866894,0.5992702563608399,0.4864864864864865,37,19.783783783783782,0.013781627199999999
A_w30.25_w50.5_wt2.0,S2_re300,0.33642119044271435,0.7123314779918621,1.156333071397949,-0.13580977865263477,0.1882629967110232,0.12468468187747805,0.1894048645195563,0.43965400602555427,0.5,88,5.545454545454546,0.050547507600000006
A_w30.25_w50.5_wt2.0,UU4_re300h20tr12,0.20925846410712867,0.3717115187653961,0.8120085609426035,-0.17276941718620464,0.1882629967110232,0.01766904082195464,0.1161500230201693,0.22896697618991024,0.4883720930232558,86,5.674418604651163,0.04913748000000001
A_w30.25_w50.5_wt2.0,N2_re300,0.38890106597357166,0.8326580614422421,1.295478148149525,-0.12485899646264254,0.1882629967110232,0.16884988408954116,0.1198960092332062,0.6364537835053681,0.5172413793103449,87,5.609195402298851,0.0511817844
C_w30.25_w50.5_wt2.0,D01_t1h5sl8,1.4026872464661686,1.3870248235771774,2.2515561135461875,-0.33795489684563196,0.6508430000047134,0.4554304960915774,0.7909921245438425,0.3327947068361017,0.5306122448979592,49,4.979591836734694,0.07887741599999999
C_w30.25_w50.5_wt2.0,hold20_t1,0.8109115762957855,0.7979884798237258,1.4590461997097455,-0.28518963246590623,-0.0672645850132989,0.9415061840678645,0.034366503048016694,0.7382508758022499,0.6153846153846154,13,18.76923076923077,0.0142697184
C_w30.25_w50.5_wt2.0,hold30sl5_t1,-0.04406450482892832,-0.05647234364244991,0.0956453695407747,-0.3602059090332883,0.19822223830633723,-0.20220517979847674,0.08233046521560361,-0.1282443886769863,0.3333333333333333,15,16.266666666666666,0.0157052052
C_w30.25_w50.5_wt2.0,h20tr20_t2,1.521447733227427,4.725751811222847,2.48692324965676,-0.1992057469813543,0.16675457724443588,1.1610780728046635,0.2980625510859125,3.410998380958521,0.6153846153846154,26,18.76923076923077,0.018224074800000004
C_w30.25_w50.5_wt2.0,hold20_t2,1.521447733227427,4.725751811222847,2.48692324965676,-0.1992057469813543,0.16675457724443588,1.1610780728046635,0.2980625510859125,3.410998380958521,0.6153846153846154,26,18.76923076923077,0.018224074800000004
C_w30.25_w50.5_wt2.0,h25sl8_t3,0.5940561844510466,2.3600639355682635,1.6500528313141887,-0.18769773624569486,0.5146066084149459,0.05245558522898963,1.8413792208259872,0.18254681069691747,0.47368421052631576,38,19.263157894736842,0.0166665608
C_w30.25_w50.5_wt2.0,S2_re300,0.12249673842074271,0.20049959669621087,0.5103817703861878,-0.3480759163889193,0.1465195480809176,-0.020952812972430235,0.08254804251108583,0.10895733912328187,0.5789473684210527,76,6.421052631578948,0.042100540799999996
C_w30.25_w50.5_wt2.0,UU4_re300h20tr12,0.22742614289260632,0.4285110533086687,0.7641550610967593,-0.2584499817519076,0.20151352100869446,0.02156665025471849,0.21359628968766708,0.17708917326725881,0.6282051282051282,78,6.256410256410256,0.044203229999999996
C_w30.25_w50.5_wt2.0,N2_re300,-0.05417342035296324,-0.1320653228182438,-0.03192185231314927,-0.3749533025363022,0.12558030049830604,-0.1596987089874352,0.11964543646716463,-0.22481291941816428,0.5689655172413793,58,8.413793103448276,0.030422989199999997
A_w30.25_w50.5_wt3.0,D01_t1h5sl8,0.6400766825180368,0.6851097751953084,1.4201710674934116,-0.2667501799214038,0.42302667620080037,0.1525270115783901,0.4909588939080145,0.13021880219540938,0.52,50,4.88,0.0686909208
A_w30.25_w50.5_wt3.0,hold20_t1,-0.13193146720252924,-0.10953515185724294,-0.14684112807877997,-0.46463467849517537,0.2675751743098016,-0.31517392388965315,0.13447014146632563,-0.21508304573638848,0.46153846153846156,13,18.76923076923077,0.0152016924
A_w30.25_w50.5_wt3.0,hold30sl5_t1,-0.09265359843185261,-0.0714000997529377,0.03132286111176262,-0.4136595766307867,0.1511841727440466,-0.2118147355993174,0.053223654796266784,-0.11832601174658519,0.5454545454545454,11,22.181818181818183,0.0116922804
A_w30.25_w50.5_wt3.0,h20tr20_t2,0.2404840937107826,0.47330977754497505,0.7954577295709114,-0.315304279846192,0.15799959244298423,0.07123016433346385,-0.036140977057626755,0.5285531830655075,0.5769230769230769,26,18.76923076923077,0.014494608
A_w30.25_w50.5_wt3.0,hold20_t2,0.0186181318317149,-0.02388931174514597,0.23247667277138753,-0.3452720900999753,0.15799959244298423,-0.12036399798485464,-0.036140977057626755,0.012711055269348126,0.5769230769230769,26,18.76923076923077,0.0143645376
A_w30.25_w50.5_wt3.0,h25sl8_t3,0.528741476281579,1.866841909094144,1.465045395009121,-0.16173439805966572,0.3057514332139497,0.17077526196449622,0.6117866857174405,0.7786732788514457,0.5555555555555556,36,20.333333333333332,0.014771188
A_w30.25_w50.5_wt3.0,S2_re300,0.49357437488648337,1.1925993482568322,1.474771587678817,-0.2397218246482481,0.22692439786561636,0.2173320356859305,0.563763945985287,0.4021293647842312,0.6081081081081081,74,6.594594594594595,0.045765727199999995
A_w30.25_w50.5_wt3.0,UU4_re300h20tr12,0.38943347673620177,0.8241005069879579,1.2618197174610086,-0.20856332233532537,0.21944404600337952,0.13939912314135938,0.366505356133384,0.3348652449847458,0.5694444444444444,72,6.777777777777778,0.04233542640000001
A_w30.25_w50.5_wt3.0,N2_re300,0.615790018302683,1.5403649742289187,1.7615483870274866,-0.18256187629633713,0.21944404600337952,0.3250218602471293,0.3242944688299274,0.918278022012311,0.6376811594202898,69,7.072463768115942,0.0440728128
C_w30.25_w50.5_wt3.0,D01_t1h5sl8,0.8819157188430091,0.7968539646504895,1.6195258277094242,-0.36962650198926217,0.6681045502090035,0.12817611978051247,0.7396357492390855,0.03289091721438275,0.4897959183673469,49,4.979591836734694,0.0667053888
C_w30.25_w50.5_wt3.0,hold20_t1,1.722430038797095,1.5630471584645513,2.119195491950732,-0.3183590284453799,-0.1546609779437743,2.2205185940369625,-0.10324710908808499,1.858142063928189,0.6153846153846154,13,18.76923076923077,0.0164574552
C_w30.25_w50.5_wt3.0,hold30sl5_t1,-0.2683719239605382,-0.31310717040487457,-0.5870887414949588,-0.5090677216617033,0.1525551925080999,-0.3652121123611012,0.05348973708482485,-0.347983368593729,0.21052631578947367,19,12.842105263157896,0.017449813199999997
C_w30.25_w50.5_wt3.0,h20tr20_t2,0.9898512180613681,1.9202221611395331,1.830600925312718,-0.370181754060839,0.31669145150006806,0.5112509584492138,0.39640068884937807,1.0912494418387682,0.5925925925925926,27,18.074074074074073,0.017440612800000005
C_w30.25_w50.5_wt3.0,hold20_t2,1.2419090680257,3.0130392529931083,2.0414251756963586,-0.33418359059288427,0.31669145150006806,0.702683696678942,0.37686744632643254,1.9146155381188987,0.5769230769230769,26,18.76923076923077,0.017567521200000002
C_w30.25_w50.5_wt3.0,h25sl8_t3,0.02151274626228661,-0.06497224360048437,0.22751570845750074,-0.3005022811477621,0.3051417320594414,-0.21731661690842152,0.5010576043144079,-0.377087359131311,0.40540540540540543,37,19.783783783783782,0.013827713200000001
C_w30.25_w50.5_wt3.0,S2_re300,0.06831619600869532,0.007765279581877671,0.36871712991574207,-0.2320191847455666,-0.0032185319302537874,0.07176570816216699,-0.15345692376204922,0.19044772542514998,0.4861111111111111,72,6.777777777777778,0.0352186632
C_w30.25_w50.5_wt3.0,UU4_re300h20tr12,-0.1284754188294449,-0.34069574300630845,-0.2650276058344878,-0.37861749720608495,0.16967459956848763,-0.2548999683398492,0.1697925884931646,-0.4363921745794652,0.5142857142857142,70,6.9714285714285715,0.035844495999999997
C_w30.25_w50.5_wt3.0,N2_re300,0.31764754043948007,0.5122051981572053,1.0126528404035506,-0.21732072746980635,0.16067577975318903,0.1352416957642284,0.1666246238430067,0.2962225957273319,0.5357142857142857,56,8.714285714285714,0.0312633264
A_w30.25_w51.0_wt0.5,D01_t1h5sl8,-0.16800264752165406,-0.19012981593112677,-0.4623591070275268,-0.3341670355874383,0.024735135386604545,-0.18808546350422894,-0.0069546787734121596,-0.1844579831779084,0.4489795918367347,49,4.979591836734694,0.0439562676
A_w30.25_w51.0_wt0.5,hold20_t1,0.27022341351269663,0.25637992956550426,0.8705840418411247,-0.21563599624596974,-0.06184000481618557,0.3539517993024428,-0.11222554033946586,0.4152017056741155,0.6923076923076923,13,18.76923076923077,0.0131527776
A_w30.25_w51.0_wt0.5,hold30sl5_t1,0.35258720770212726,0.33059167816514745,0.9750315258341071,-0.34838773156650293,0.3087450963326348,0.033499351013689616,0.263733143710531,0.05290557962127074,0.35714285714285715,14,17.428571428571427,0.015116094
A_w30.25_w51.0_wt0.5,h20tr20_t2,0.12548619774676695,0.252445206477395,0.5896444525761265,-0.18636984495137887,-0.04745776937235324,0.18156041964162073,-0.22541314657254763,0.6169202987831226,0.5769230769230769,26,18.76923076923077,0.0124016536
A_w30.25_w51.0_wt0.5,hold20_t2,0.12548619774676695,0.252445206477395,0.5896444525761265,-0.18636984495137887,-0.04745776937235324,0.18156041964162073,-0.22541314657254763,0.6169202987831226,0.5769230769230769,26,18.76923076923077,0.0124016536
A_w30.25_w51.0_wt0.5,h25sl8_t3,-0.16695844443532115,-0.4600706844606074,-0.792329568524842,-0.277238053269498,-0.03532046862356464,-0.13645772666486666,-0.15222534238682184,-0.3631216612920376,0.37142857142857144,35,20.914285714285715,0.0120106472
A_w30.25_w51.0_wt0.5,S2_re300,0.054064782824688074,0.08462258749072005,0.33558094329863614,-0.26947295896858825,0.05339963044589102,0.0006314340346933456,-0.07052924096101176,0.1669249160803603,0.5409836065573771,61,8.0,0.028556607600000002
A_w30.25_w51.0_wt0.5,UU4_re300h20tr12,0.0733508885086398,0.11433609568201608,0.415513082014613,-0.1983352134056312,0.03616119053703315,0.035891807482512306,-0.10421486599717267,0.2439769911145897,0.5409836065573771,61,8.0,0.028566669999999995
A_w30.25_w51.0_wt0.5,N2_re300,0.31361708499878627,0.7362680914440178,1.2208998131649729,-0.14337707415685408,0.03819796432458422,0.26528574524164084,-0.02159974600652881,0.7745989786462206,0.5932203389830508,59,8.271186440677965,0.029764334400000002
C_w30.25_w51.0_wt0.5,D01_t1h5sl8,0.017704710199937912,0.01649914287945564,0.21043558556851716,-0.19107474230042443,0.11217305920806608,-0.08494033210568441,0.08552294788876069,-0.06358576310482378,0.5102040816326531,49,4.979591836734694,0.04785060719999999
C_w30.25_w51.0_wt0.5,hold20_t1,-0.0364199184983236,-0.04910435625342291,0.0788813873232803,-0.32312265208722757,-0.17101063936888805,0.1623551848338569,-0.3134541891635306,0.38504325383331794,0.46153846153846156,13,18.76923076923077,0.011081994
C_w30.25_w51.0_wt0.5,hold30sl5_t1,-0.45374984959569864,-0.4684048017178455,-1.6968034285950204,-0.5325130895920025,-0.09195172375101934,-0.3984349018746193,-0.12644920272813143,-0.39145473858836133,0.23529411764705882,17,14.352941176470589,0.0130756044
C_w30.25_w51.0_wt0.5,h20tr20_t2,-0.08326098679588678,-0.19308419586127734,-0.22608684949802665,-0.24201522835929357,-0.13369160239034994,0.05821323645668519,-0.41743276500345816,0.38510330767831924,0.46153846153846156,26,18.76923076923077,0.011185571999999998
C_w30.25_w51.0_wt0.5,hold20_t2,-0.08326098679588678,-0.19308419586127734,-0.22608684949802665,-0.24201522835929357,-0.13369160239034994,0.05821323645668519,-0.41743276500345816,0.38510330767831924,0.46153846153846156,26,18.76923076923077,0.011185571999999998
C_w30.25_w51.0_wt0.5,h25sl8_t3,-0.23262226652799445,-0.5980000705073414,-0.9908600300483292,-0.33821440235929345,-0.12707872140857124,-0.12090843436619025,-0.39606698347708946,-0.3343633838614478,0.24242424242424243,33,22.181818181818183,0.0111121856
C_w30.25_w51.0_wt0.5,S2_re300,0.308007807590692,0.6681727452356723,1.141985648791631,-0.19657725946352067,0.104798370086987,0.18393350588280133,0.0841552427759149,0.5386843870850224,0.5652173913043478,69,7.072463768115942,0.0362965572
C_w30.25_w51.0_wt0.5,UU4_re300h20tr12,0.5436249220733722,1.3690473408754604,1.771110872518586,-0.126020343434726,0.0867432323591315,0.42041365072265324,0.018460256174427814,1.326106813214441,0.6,65,7.507692307692308,0.035916015600000004
C_w30.25_w51.0_wt0.5,N2_re300,0.5383855293368573,1.3258132552154285,1.723183207884366,-0.12663264672898344,0.08188411599306988,0.42195037952356174,0.07767783293867159,1.158171193772512,0.582089552238806,67,7.2835820895522385,0.03704211599999999
A_w30.25_w51.0_wt1.0,D01_t1h5sl8,-0.15095824549262205,-0.17262215689503724,-0.44670587836583003,-0.3484157657115703,0.0034946185706312693,-0.1539149898813157,-0.017148545503921864,-0.15818627594220624,0.42857142857142855,49,4.979591836734694,0.0439816656
A_w30.25_w51.0_wt1.0,hold20_t1,-0.05023146795734723,-0.06441399608946086,-0.01607401731503457,-0.25668959560692217,-0.05901695342670821,0.009336497082869988,-0.14968239334122158,0.10027829199822502,0.5384615384615384,13,18.76923076923077,0.011931123600000001
A_w30.25_w51.0_wt1.0,hold30sl5_t1,-0.34372108482380526,-0.36190669866632397,-1.2831135037978525,-0.39267905065841535,-0.2170572880850078,-0.1617791376191382,-0.3107591300919562,-0.07420855437837248,0.23529411764705882,17,14.352941176470589,0.0136794036
A_w30.25_w51.0_wt1.0,h20tr20_t2,0.008287050872636259,-0.022063699369669232,0.16157675030871615,-0.19095908017216456,-0.008057069105014025,0.016476875300580174,-0.20426534541172803,0.22897286801758443,0.6153846153846154,26,18.76923076923077,0.0119606852
A_w30.25_w51.0_wt1.0,hold20_t2,0.008287050872636259,-0.022063699369669232,0.16157675030871615,-0.19095908017216456,-0.008057069105014025,0.016476875300580174,-0.20426534541172803,0.22897286801758443,0.6153846153846154,26,18.76923076923077,0.0119606852
A_w30.25_w51.0_wt1.0,h25sl8_t3,-0.14334721679535978,-0.40784396897340536,-0.542965287122295,-0.2589922024154079,-0.03349931523180005,-0.11365527546408882,-0.16635231736479228,-0.28968070881603625,0.35294117647058826,34,21.529411764705884,0.011737972000000003
A_w30.25_w51.0_wt1.0,S2_re300,0.05738936866071853,0.09968715463370592,0.36402251795320795,-0.16766655381598494,0.09872726658419784,-0.03762343866462381,0.2178179417243582,-0.09700200912082657,0.5151515151515151,66,7.393939393939394,0.033977837200000006
A_w30.25_w51.0_wt1.0,UU4_re300h20tr12,-0.11220940690739667,-0.24149944032975923,-0.35772633695390404,-0.28564343175726326,0.05741811173550637,-0.16041669492921673,0.0074211631362119945,-0.2470869310418835,0.4411764705882353,68,7.176470588235294,0.0333366036
A_w30.25_w51.0_wt1.0,N2_re300,0.06656301851363144,0.11408716570882871,0.3910444276078235,-0.195461565418791,0.09872726658419784,-0.029274096537679428,0.2178179417243582,-0.0851775724938435,0.484375,64,7.625,0.0326966152
C_w30.25_w51.0_wt1.0,D01_t1h5sl8,-0.03296982000684934,-0.043789488226415374,0.06505855758248016,-0.2388917621900647,0.045474557843829144,-0.07503231643672026,0.005751912233869838,-0.049258072351310855,0.4897959183673469,49,4.979591836734694,0.04888245960000001
C_w30.25_w51.0_wt1.0,hold20_t1,0.045770379762539726,0.026293659254718715,0.3031339765265653,-0.23119877826302504,0.05117036508340367,-0.005137117160295301,-0.1258310336419065,0.1740220698183752,0.46153846153846156,13,18.76923076923077,0.012856263599999999
C_w30.25_w51.0_wt1.0,hold30sl5_t1,-0.2483167327038298,-0.2668358362649459,-0.6444065922283212,-0.3904770357823719,-0.1349077418797504,-0.1310946777751828,-0.22244188909052565,-0.057094057089179584,0.23529411764705882,17,14.352941176470589,0.015053282399999998
C_w30.25_w51.0_wt1.0,h20tr20_t2,-0.02653041161462466,-0.08992609516084715,0.05275045383782448,-0.2813616981705419,0.030198918753504334,-0.05506638507907735,-0.19968315107236745,0.13714200326856418,0.4230769230769231,26,18.76923076923077,0.012429597600000002
C_w30.25_w51.0_wt1.0,hold20_t2,-0.02653041161462466,-0.08992609516084715,0.05275045383782448,-0.2813616981705419,0.030198918753504334,-0.05506638507907735,-0.19968315107236745,0.13714200326856418,0.4230769230769231,26,18.76923076923077,0.012429597600000002
C_w30.25_w51.0_wt1.0,h25sl8_t3,-0.02131277248417096,-0.25354717546051453,0.07995707094226706,-0.3303798997495234,0.17348727372991046,-0.16600098746270375,0.31184045730258547,-0.430988105006041,0.22857142857142856,35,20.914285714285715,0.0130272352
C_w30.25_w51.0_wt1.0,S2_re300,0.13304670113224404,0.2430379446022921,0.6131025372360313,-0.24445397712664396,-0.06973964049127468,0.21798880232907125,-0.18284306947764506,0.5211740831809375,0.6056338028169014,71,6.873239436619718,0.0324598344
C_w30.25_w51.0_wt1.0,UU4_re300h20tr12,0.2775225918288471,0.5891630545379485,1.0588774293382748,-0.15403629437060495,0.0036736722758949902,0.27284657067070617,-0.18442034668099438,0.9485074793992747,0.6,70,6.9714285714285715,0.0340627164
C_w30.25_w51.0_wt1.0,N2_re300,0.1054813737373268,0.1907908109785834,0.5212979225559531,-0.21189617202581135,-0.0031852711017350543,0.10901388361222097,-0.050192625307184824,0.25371821982715836,0.5573770491803278,61,8.0,0.0287269688
A_w30.25_w51.0_wt2.0,D01_t1h5sl8,0.1885339864577673,0.22464778433974653,0.7140664441595531,-0.18553444854017875,0.04687627621987556,0.13531466273110904,0.04781247472434136,0.1687661808587715,0.40816326530612246,49,4.979591836734694,0.0517926624
A_w30.25_w51.0_wt2.0,hold20_t1,0.16737689524618338,0.19934917386075623,0.6146717977580399,-0.29409577004979204,0.24132680762422676,-0.05957328233293946,0.09593812499259036,0.09435847381335094,0.6923076923076923,13,18.76923076923077,0.015662304000000002
A_w30.25_w51.0_wt2.0,hold30sl5_t1,-0.22105953258096067,-0.2080230909309978,-0.383739717913274,-0.4438113998461344,0.010272348322321267,-0.2289797214458421,-0.00900578940677288,-0.2008258972623962,0.3333333333333333,12,20.333333333333332,0.0113489688
A_w30.25_w51.0_wt2.0,h20tr20_t2,-0.18630805462384714,-0.3792719156951967,-0.5754702113451985,-0.4221879083239356,0.09804015680478728,-0.25895975631352675,-0.06349328451975877,-0.3371877915616508,0.46153846153846156,26,18.76923076923077,0.0132063232
A_w30.25_w51.0_wt2.0,hold20_t2,-0.16660033260264284,-0.3469364792787012,-0.46295602383834533,-0.42276390676899633,0.09804015680478728,-0.24101166771305826,-0.06349328451975877,-0.30266007715021304,0.5,26,18.76923076923077,0.0132537888
A_w30.25_w51.0_wt2.0,h25sl8_t3,0.4279075557904597,1.1990907813454426,1.3222013926946075,-0.2182935757995068,0.42216478743531183,0.004038047071536877,1.1933899265848944,0.002599106839805909,0.4166666666666667,36,20.333333333333332,0.0154189328
A_w30.25_w51.0_wt2.0,S2_re300,0.24123093027923237,0.49028206050229417,0.9713244241020538,-0.20489598799774222,0.20708988859353816,0.028283760810452918,0.34436687110126174,0.10853822162510118,0.575,80,6.1,0.045207420000000005
A_w30.25_w51.0_wt2.0,UU4_re300h20tr12,0.21249107533239409,0.4728027160097641,0.8941830708865781,-0.23473482988947725,0.14819595602130287,0.05599664323317022,0.11546919877931727,0.32034368821791315,0.5844155844155844,77,6.337662337662338,0.0431509572
A_w30.25_w51.0_wt2.0,N2_re300,0.1758057346628188,0.37647942528418676,0.7511160593997145,-0.27380625408918,0.17759168082564925,-0.001516609018142434,0.2012620793692197,0.14586104807951084,0.5416666666666666,72,6.777777777777778,0.039754173600000005
C_w30.25_w51.0_wt2.0,D01_t1h5sl8,0.2983766570857227,0.29325824714544835,0.8581808537481684,-0.2741809250948688,0.05208137280414071,0.23410288467052975,0.043539121641851475,0.2393002047788122,0.52,50,4.88,0.052845996000000006
C_w30.25_w51.0_wt2.0,hold20_t1,0.7522838430883747,0.7293971726026052,1.4561663831598304,-0.21168753625503378,-0.10436517833632553,0.9564713214627396,-0.006839752593346682,0.7413072836115007,0.6923076923076923,13,18.76923076923077,0.013554086399999998
C_w30.25_w51.0_wt2.0,hold30sl5_t1,0.1194846386083801,0.10695246755914356,0.48246770940496086,-0.35634547496415114,0.3975892168461861,-0.19898878360365369,0.26662469844429637,-0.12606120114448005,0.3333333333333333,15,16.266666666666666,0.017509768800000002
C_w30.25_w51.0_wt2.0,h20tr20_t2,0.4332214608593419,0.9190368161425884,1.2214584614641668,-0.1417876166288209,0.0035200055560371535,0.42819420930747865,-0.07650560900919734,1.0780167533921716,0.5769230769230769,26,18.76923076923077,0.013310081999999999
C_w30.25_w51.0_wt2.0,hold20_t2,0.4332214608593419,0.9190368161425884,1.2214584614641668,-0.1417876166288209,0.0035200055560371535,0.42819420930747865,-0.07650560900919734,1.0780167533921716,0.5769230769230769,26,18.76923076923077,0.013310081999999999
C_w30.25_w51.0_wt2.0,h25sl8_t3,0.5445855436253293,2.065782422519719,1.5485515872028561,-0.2039851310834665,0.23476991640141254,0.25090960113997385,0.6153976844210081,0.8978499548973657,0.45714285714285713,35,20.914285714285715,0.0142878752
C_w30.25_w51.0_wt2.0,S2_re300,0.07512148751417613,0.14706519359315617,0.38911023046540794,-0.30465152230141046,0.1703051647833278,-0.08133235683598239,0.2317350359858923,-0.06874030527593555,0.5757575757575758,66,7.393939393939394,0.035072271599999996
C_w30.25_w51.0_wt2.0,UU4_re300h20tr12,0.03341581574954988,0.0565332613656826,0.2643585054886622,-0.34322392864248474,0.0975865842259509,-0.05846533603693427,-0.06534787751625926,0.13040267704956987,0.5806451612903226,62,7.870967741935484,0.031777238
C_w30.25_w51.0_wt2.0,N2_re300,0.09730869346319104,0.18377926833170477,0.4628446854210016,-0.3434485859531682,0.14850458918236198,-0.04457613509025582,0.05985872412225057,0.11692175701255136,0.5666666666666667,60,8.133333333333333,0.03131608080000001
A_w30.25_w51.0_wt3.0,D01_t1h5sl8,0.16656651506649678,0.1853296780434761,0.5884597573373657,-0.3341613589387735,0.20886144236317628,-0.034987407005055315,0.2531699380092316,-0.05413492448879287,0.48,50,4.88,0.05699231640000001
A_w30.25_w51.0_wt3.0,hold20_t1,-0.10076496106047061,-0.07518658515523957,-0.09510070205467686,-0.40744366455602776,0.23454701525649235,-0.2716072957718003,0.1511143872965146,-0.1965929493620876,0.5384615384615384,13,18.76923076923077,0.0149801484
A_w30.25_w51.0_wt3.0,hold30sl5_t1,-0.012202652882940423,0.011758921543509215,0.23423391663167784,-0.46876879701326624,0.1027784136813088,-0.10426488688730928,0.056179098895922985,-0.04205742889520181,0.42857142857142855,14,17.428571428571427,0.0139523352
A_w30.25_w51.0_wt3.0,h20tr20_t2,0.13182586121048345,0.14063986922738114,0.5332191025436159,-0.41771913037960373,0.44441674604630377,-0.21641322401685859,0.42269028926550933,-0.19825145512432107,0.5,26,18.76923076923077,0.014883758400000002
A_w30.25_w51.0_wt3.0,hold20_t2,-0.07537904092914494,-0.2430941691152092,-0.04583830204951011,-0.4434461215322164,0.44441674604630377,-0.359865522466593,0.42269028926550933,-0.4679756819908023,0.5,26,18.76923076923077,0.014705758000000001
A_w30.25_w51.0_wt3.0,h25sl8_t3,0.3016040402935203,0.6645030240654473,1.006772505094826,-0.1753571269921611,0.34032827928431364,-0.028891607816758813,1.0463913593529082,-0.186615494412671,0.46153846153846156,39,18.76923076923077,0.0154572472
A_w30.25_w51.0_wt3.0,S2_re300,0.8931773029567707,2.237382381872009,2.17583439575066,-0.22373309839084254,0.6184638937086258,0.16973712562635535,1.3108325963948957,0.4009592849445749,0.6136363636363636,88,5.545454545454546,0.0675955428
A_w30.25_w51.0_wt3.0,UU4_re300h20tr12,0.8501818101026961,2.045856647702318,2.1820897848492575,-0.18621309864750257,0.5980276062755343,0.157790893497044,0.9373637038906641,0.5721656401353801,0.6172839506172839,81,6.0246913580246915,0.062271183600000016
A_w30.25_w51.0_wt3.0,N2_re300,0.5164475383848279,1.051680806420615,1.4739042676954464,-0.34009943689556243,0.5980276062755343,-0.05105047470415258,0.9438658206086075,0.05546421191677342,0.6,80,6.1,0.056741845199999995
C_w30.25_w51.0_wt3.0,D01_t1h5sl8,1.0270420002735938,1.0178633665099541,1.8118483239192187,-0.35128100545722296,0.5976032249405943,0.2688018956327327,0.736167430335958,0.1622515958149764,0.4897959183673469,49,4.979591836734694,0.0743397012
C_w30.25_w51.0_wt3.0,hold20_t1,2.224614176170553,2.2051516731799365,2.472011906222188,-0.2627577384987291,-0.0672645850132989,2.4571585085750463,0.034366503048016694,2.098661512853679,0.6153846153846154,13,18.76923076923077,0.0194920368
C_w30.25_w51.0_wt3.0,hold30sl5_t1,-0.04406450482892832,-0.05647234364244991,0.0956453695407747,-0.3602059090332883,0.19822223830633723,-0.20220517979847674,0.08233046521560361,-0.1282443886769863,0.3333333333333333,15,16.266666666666666,0.0157052052
C_w30.25_w51.0_wt3.0,h20tr20_t2,2.419335724182104,8.21409128747736,2.9853402744737165,-0.29278742096427857,0.7661672397024952,0.9360203537452538,1.641853192696329,2.487737817131797,0.6538461538461539,26,18.76923076923077,0.025480885199999997
C_w30.25_w51.0_wt3.0,hold20_t2,2.419335724182104,8.21409128747736,2.9853402744737165,-0.29278742096427857,0.7661672397024952,0.9360203537452538,1.641853192696329,2.487737817131797,0.6538461538461539,26,18.76923076923077,0.025480885199999997
C_w30.25_w51.0_wt3.0,h25sl8_t3,0.26973747148957705,0.7916049285245752,0.9259605712035502,-0.28575504337112245,0.543582163029066,-0.1774085617846911,1.979433506745886,-0.3986759817031955,0.4473684210526316,38,19.263157894736842,0.0162085536
C_w30.25_w51.0_wt3.0,S2_re300,0.0830352831726977,0.10571375494227819,0.4116793325156076,-0.34036894919656635,0.22786293389289725,-0.11795099169662904,0.3208122927234536,-0.16285322219227083,0.5285714285714286,70,6.9714285714285715,0.038874484800000005
C_w30.25_w51.0_wt3.0,UU4_re300h20tr12,-0.011316957535481342,-0.08056614114694649,0.13478154640145357,-0.35428882941381823,0.3296393606764325,-0.25642766624963387,0.6142794888412122,-0.4304370059777838,0.5416666666666666,72,6.777777777777778,0.0412712808
C_w30.25_w51.0_wt3.0,N2_re300,0.2862903435209019,0.6199574980505151,0.9717720600082081,-0.27429120810889907,0.22786293389289725,0.04758463507222399,0.3050305082481628,0.24131772231524384,0.6,60,8.133333333333333,0.034299152400000005
A_w30.5_w50.0_wt0.5,D01_t1h5sl8,-0.22076105063635532,-0.23651333389765739,-0.6431747488845544,-0.41972520601579255,0.07567950024689951,-0.2755844569085988,0.01352176042505393,-0.24669928568465127,0.4489795918367347,49,4.979591836734694,0.043801452
A_w30.5_w50.0_wt0.5,hold20_t1,-0.014952921626896654,-0.02363176641061071,0.13567206848603292,-0.3350283186293814,-0.045412822662896035,0.03190897778552748,-0.21825475320311505,0.24895960364319536,0.6153846153846154,13,18.76923076923077,0.011929614
A_w30.5_w50.0_wt0.5,hold30sl5_t1,-0.09209598522408391,-0.11005104909261176,-0.10446770538305362,-0.3388491443650924,0.2177014544846969,-0.25441165284628775,0.17213454897260783,-0.24074505636964572,0.35714285714285715,14,17.428571428571427,0.013822081200000001
A_w30.5_w50.0_wt0.5,h20tr20_t2,-0.08686269583493,-0.19975224016765558,-0.21324362601352953,-0.27628517146350207,-0.02937871127909808,-0.059223906608915966,-0.3047273756646749,0.15098413460097726,0.5,26,18.76923076923077,0.011674029999999998
A_w30.5_w50.0_wt0.5,hold20_t2,-0.08686269583493,-0.19975224016765558,-0.21324362601352953,-0.27628517146350207,-0.02937871127909808,-0.059223906608915966,-0.3047273756646749,0.15098413460097726,0.5,26,18.76923076923077,0.011674029999999998
A_w30.5_w50.0_wt0.5,h25sl8_t3,-0.10139714870543293,-0.3059312689273983,-0.36696357608469854,-0.30011078533933055,-0.020264850063078654,-0.0828104397883227,-0.0791518842831842,-0.24627230134220568,0.3888888888888889,36,20.333333333333332,0.0125526616
A_w30.5_w50.0_wt0.5,S2_re300,0.07886473115726567,0.15322715103636053,0.43351875720464567,-0.260941326341418,0.1500758576507908,-0.0619186343403334,0.23404441949617594,-0.06548975643260146,0.59375,64,7.625,0.033700598799999995
A_w30.5_w50.0_wt0.5,UU4_re300h20tr12,0.07382436149337734,0.11922840051057548,0.42705417061455014,-0.25483811199495154,0.2059627167593927,-0.10957084612125645,0.32215764651493983,-0.1534833962797577,0.5692307692307692,65,7.507692307692308,0.0350567472
A_w30.5_w50.0_wt0.5,N2_re300,0.12928348106473897,0.23941231666238605,0.6092680943260036,-0.22898301305123447,0.20831212186965775,-0.06540416120516668,0.2904258808753215,-0.0395323473970719,0.5806451612903226,62,7.870967741935484,0.03358419359999999
C_w30.5_w50.0_wt0.5,D01_t1h5sl8,0.258210958087981,0.24993195036991445,0.8611753963663765,-0.17704003182273387,0.3544268605600698,-0.07103809387854376,0.30369767592169206,-0.0412409460757579,0.5306122448979592,49,4.979591836734694,0.058709180400000005
C_w30.5_w50.0_wt0.5,hold20_t1,-0.025663432764445937,-0.04392540721228788,0.08773933103662433,-0.24644199087173335,-0.08174179060441178,0.06107035827850371,-0.23679509336623783,0.2527102282460847,0.46153846153846156,13,18.76923076923077,0.0117031536
C_w30.5_w50.0_wt0.5,hold30sl5_t1,-0.4086547656607612,-0.42539569742283756,-1.444792463971255,-0.49534062923982325,-0.09195172375101934,-0.3487733529080611,-0.12644920272813143,-0.34221993229051717,0.25,16,15.25,0.0126014268
C_w30.5_w50.0_wt0.5,h20tr20_t2,-0.043148467893109,-0.1232175276160411,-0.04820651089087597,-0.23910724850969522,0.014592590478458733,-0.05691058550342687,-0.22177007043421137,0.12663679341291556,0.5,26,18.76923076923077,0.012243325199999999
C_w30.5_w50.0_wt0.5,hold20_t2,-0.043148467893109,-0.1232175276160411,-0.04820651089087597,-0.23910724850969522,0.014592590478458733,-0.05691058550342687,-0.22177007043421137,0.12663679341291556,0.5,26,18.76923076923077,0.012243325199999999
C_w30.5_w50.0_wt0.5,h25sl8_t3,-0.22694821113513441,-0.5810769296497781,-0.9347947320162048,-0.3184600682405968,-0.07521917499719621,-0.16407026620332232,-0.34226901388757847,-0.36307840257564195,0.2571428571428571,35,20.914285714285715,0.012008411200000001
C_w30.5_w50.0_wt0.5,S2_re300,0.29177104175952606,0.6187024949547821,1.1600101955231334,-0.20867852916565321,0.041875328510660115,0.23985183870903892,-0.07863333427165131,0.7568494228898357,0.5846153846153846,65,7.507692307692308,0.033762204000000004
C_w30.5_w50.0_wt0.5,UU4_re300h20tr12,0.5194940716154088,1.2679289019058504,1.639019879883823,-0.15536822688044916,0.06311999563007609,0.4292780475028628,0.06962082423856986,1.1203110957757576,0.6363636363636364,66,7.393939393939394,0.0362570832
C_w30.5_w50.0_wt0.5,N2_re300,0.5597916066866035,1.437145514394552,1.8169056257755154,-0.14443254022051188,0.08223615526617878,0.44126732330705454,0.041425663451310824,1.3402011299757968,0.6290322580645161,62,7.870967741935484,0.0344930952
A_w30.5_w50.0_wt1.0,D01_t1h5sl8,0.03196367361203856,0.05797130373157855,0.25792489624979165,-0.23781550359678416,0.05064574412266465,-0.01778151257465621,0.05193676830267502,0.005736595212505691,0.3877551020408163,49,4.979591836734694,0.047896038
A_w30.5_w50.0_wt1.0,hold20_t1,0.1827619158839282,0.2153402413672243,0.6777813076957389,-0.30461481444614624,0.2195966971421881,-0.030202427855513636,0.0783653346868558,0.1270208734224052,0.6923076923076923,13,18.76923076923077,0.0154645668
A_w30.5_w50.0_wt1.0,hold30sl5_t1,0.4785460735017848,0.5286024252982204,1.216826842985902,-0.36312481705223687,-0.03579996427085175,0.5334432884392895,-0.004965590670007125,0.53623071821959,0.42857142857142855,14,17.428571428571427,0.016714760400000004
A_w30.5_w50.0_wt1.0,h20tr20_t2,0.04298587465854631,0.06994478863681297,0.2944303424127037,-0.350346083958727,0.20035886163536287,-0.13110494870043454,0.12884722900415468,-0.052179284188263675,0.5769230769230769,26,18.76923076923077,0.014145625200000001
A_w30.5_w50.0_wt1.0,hold20_t2,0.04298587465854631,0.06994478863681297,0.2944303424127037,-0.350346083958727,0.20035886163536287,-0.13110494870043454,0.12884722900415468,-0.052179284188263675,0.5769230769230769,26,18.76923076923077,0.014145625200000001
A_w30.5_w50.0_wt1.0,h25sl8_t3,0.0237584661370831,-0.027984854780854773,0.22362752365159258,-0.2640790554209843,0.14905282415307286,-0.10904142558314611,0.33839190996696433,-0.2737440072817402,0.4166666666666667,36,20.333333333333332,0.013458356000000001
A_w30.5_w50.0_wt1.0,S2_re300,-0.0003589365131276834,-0.0060300386995983946,0.12557008789381055,-0.2625954543440677,0.03143950577251253,-0.030829187856078355,-0.021015303954174613,0.015306945364010227,0.5131578947368421,76,6.421052631578948,0.03783697119999999
A_w30.5_w50.0_wt1.0,UU4_re300h20tr12,0.004909188060091552,0.01667590088180937,0.14510733455830793,-0.24844884830799063,0.0213348799308688,-0.01608257212550035,0.01757361806545532,-0.0008822135005354115,0.5487804878048781,82,5.951219512195122,0.0407261752
A_w30.5_w50.0_wt1.0,N2_re300,0.0965233253043205,0.22705018085287243,0.504754854491748,-0.18960764954283305,0.03143950577251253,0.06309998712242804,-0.021015303954174613,0.25339056453997455,0.5194805194805194,77,6.337662337662338,0.039677775600000006
C_w30.5_w50.0_wt1.0,D01_t1h5sl8,0.49875451605901633,0.5297562748861269,1.2723358347510145,-0.25755263144368057,0.20280642431345086,0.24604798059212984,0.3410775168250957,0.14069191056734343,0.46938775510204084,49,4.979591836734694,0.059545723200000004
C_w30.5_w50.0_wt1.0,hold20_t1,0.8328187479342324,0.8649050215815302,1.6835997599266468,-0.20539424996788314,0.010786965702101137,0.8132591833147942,0.15508983412778532,0.6145108081482948,0.5384615384615384,13,18.76923076923077,0.015438842400000001
C_w30.5_w50.0_wt1.0,hold30sl5_t1,0.15330547214359846,0.16266240711401836,0.5589091328091769,-0.3528519537767211,0.3672530832514065,-0.15647988929674128,0.269951600225496,-0.08448289926358388,0.3333333333333333,15,16.266666666666666,0.0189083724
C_w30.5_w50.0_wt1.0,h20tr20_t2,0.464541388355143,1.0536918221196987,1.334761193623716,-0.16965549465944996,0.032093018317756794,0.41900135197334043,0.0464130807074139,0.9626014429515031,0.6153846153846154,26,18.76923076923077,0.014088076800000002
C_w30.5_w50.0_wt1.0,hold20_t2,0.464541388355143,1.0536918221196987,1.334761193623716,-0.16965549465944996,0.032093018317756794,0.41900135197334043,0.0464130807074139,0.9626014429515031,0.6153846153846154,26,18.76923076923077,0.014088076800000002
C_w30.5_w50.0_wt1.0,h25sl8_t3,-0.16668989982225357,-0.4725486398766702,-0.5552407518605843,-0.3050322190133222,-0.034953130431750856,-0.13650815680013517,-0.17260662765850776,-0.3625144003381825,0.3142857142857143,35,20.914285714285715,0.012277999999999999
C_w30.5_w50.0_wt1.0,S2_re300,0.16399084253561558,0.309347793020353,0.675469965241909,-0.2694838686782033,0.1405413146336758,0.020559998661223267,0.15068745542643258,0.13788308618965783,0.6060606060606061,66,7.393939393939394,0.0347670464
C_w30.5_w50.0_wt1.0,UU4_re300h20tr12,0.01653834122898279,0.010328333299881809,0.19887469812544317,-0.29455817973217213,0.12137406316305532,-0.09348862737056962,-0.0040234202620722526,0.014409729961451623,0.5737704918032787,61,8.0,0.03142142640000001
C_w30.5_w50.0_wt1.0,N2_re300,0.11477724264684985,0.22609968744421494,0.541459944099284,-0.2691742518917495,0.1785949633184889,-0.054147287794232946,0.24933922428611588,-0.01860146258929818,0.5535714285714286,56,8.714285714285714,0.030401324400000002
A_w30.5_w50.0_wt2.0,D01_t1h5sl8,0.4907184576726813,0.5305567397768394,1.1865340035933185,-0.24146987705726253,0.33903789054831157,0.11327578419925022,0.3878844406188968,0.1027983994793693,0.52,50,4.88,0.0629874888
A_w30.5_w50.0_wt2.0,hold20_t1,-0.007971714144198505,0.01750123628640865,0.17665305678764123,-0.4066814946185482,0.2938493731863099,-0.23327374390360955,0.2050453510192083,-0.15563241215293522,0.5384615384615384,13,18.76923076923077,0.015758898
A_w30.5_w50.0_wt2.0,hold30sl5_t1,-0.15887219987241674,-0.14191818896989994,-0.18951248404298157,-0.4236856384024871,0.2896226319589188,-0.3477721472288978,0.08874836347804282,-0.21186397168127158,0.46153846153846156,13,18.76923076923077,0.0134950896
A_w30.5_w50.0_wt2.0,h20tr20_t2,0.3789599534920369,0.6454833693512234,1.0771370878089075,-0.31413190487917764,0.44441674604630377,-0.045317109991585,0.42269028926550933,0.15659984591638354,0.5384615384615384,26,18.76923076923077,0.015553857600000002
A_w30.5_w50.0_wt2.0,hold20_t2,0.1686109814824126,0.17467999231572273,0.6142915035822895,-0.3445477102537732,0.44441674604630377,-0.19094611393756955,0.42269028926550933,-0.1743248680482855,0.5384615384615384,26,18.76923076923077,0.015421400400000002
A_w30.5_w50.0_wt2.0,h25sl8_t3,0.5546535710414522,2.026936198714575,1.5574738895010802,-0.15892592085753288,0.3477392535380299,0.15352696521989717,1.048177289034184,0.4778682562884611,0.5263157894736842,38,19.263157894736842,0.0154413776
A_w30.5_w50.0_wt2.0,S2_re300,0.4999845990169913,1.1311442076261895,1.4826560995379627,-0.2726343494829503,0.37706205405909543,0.08926434694468766,0.6483020459875863,0.29293305969859773,0.5232558139534884,86,5.674418604651163,0.05791249920000001
A_w30.5_w50.0_wt2.0,UU4_re300h20tr12,0.6625572824820822,1.579452786802034,1.8255309098942178,-0.2295254191747863,0.32095315902396226,0.25860426702073913,0.44307766680394045,0.7874663617481403,0.5555555555555556,81,6.0246913580246915,0.05482363319999999
A_w30.5_w50.0_wt2.0,N2_re300,0.6802383966059198,1.6431142292918506,1.827972869054838,-0.2295254191747863,0.32095315902396226,0.2719893851856403,0.44792087688564797,0.8254548791208531,0.6,80,6.1,0.05439423360000001
C_w30.5_w50.0_wt2.0,D01_t1h5sl8,1.3172619486862236,1.3022448786070364,2.154569688933555,-0.2999971204505544,0.5976032249405943,0.4504614866262491,0.736167430335958,0.3260500331823062,0.5510204081632653,49,4.979591836734694,0.0749195712
C_w30.5_w50.0_wt2.0,hold20_t1,0.7313964573101344,0.717288048441729,1.3649062958427525,-0.3203050856216636,-0.0672645850132989,0.856256800686418,0.034366503048016694,0.6602316909734751,0.6153846153846154,13,18.76923076923077,0.014076632399999999
C_w30.5_w50.0_wt2.0,hold30sl5_t1,-0.06655620922454042,-0.0788272716729641,0.0331232695008984,-0.3736168348355261,0.19822223830633723,-0.22097607527726726,0.08233046521560361,-0.14889882717702563,0.3333333333333333,15,16.266666666666666,0.015571728
C_w30.5_w50.0_wt2.0,h20tr20_t2,1.5258894031566443,4.603351105766804,2.3867579381793673,-0.293628119125366,0.2775420192210283,0.9771478081768186,0.5022047642618344,2.730084765454877,0.6153846153846154,26,18.76923076923077,0.018824610000000002
C_w30.5_w50.0_wt2.0,hold20_t2,1.5258894031566443,4.603351105766804,2.3867579381793673,-0.293628119125366,0.2775420192210283,0.9771478081768186,0.5022047642618344,2.730084765454877,0.6153846153846154,26,18.76923076923077,0.018824610000000002
C_w30.5_w50.0_wt2.0,h25sl8_t3,0.20013549391143837,0.5745075429605355,0.7463977343145066,-0.3076293088474493,0.543582163029066,-0.22249976537929295,1.9794335067458855,-0.4715413049508864,0.42105263157894735,38,19.263157894736842,0.015756716
C_w30.5_w50.0_wt2.0,S2_re300,0.10373906110923348,0.18159596774850972,0.4788640055564267,-0.2553844379962952,0.06704400373426878,0.03438945090038126,-0.03333334376680919,0.22234066948459152,0.5161290322580645,62,7.870967741935484,0.033028905600000005
C_w30.5_w50.0_wt2.0,UU4_re300h20tr12,-0.14209548249162107,-0.2814854739078805,-0.2676822066323998,-0.40582058324240766,0.14067533984191982,-0.24789772554627854,0.10910605253528205,-0.35216787930272164,0.589041095890411,73,6.684931506849315,0.0381014012
C_w30.5_w50.0_wt2.0,N2_re300,0.03471324787789265,0.035795613188326136,0.2729999231062197,-0.3322801832002097,0.06746223537121998,-0.0306792937568785,0.005769997612094402,0.029853361750220353,0.5087719298245614,57,8.56140350877193,0.029220450000000002
A_w30.5_w50.0_wt3.0,D01_t1h5sl8,-0.17366785041328348,-0.2007887435936465,-0.2773721200922682,-0.3689996766338308,0.10976869710218318,-0.2554014618141366,-0.03516278836098674,-0.1716620723523956,0.39215686274509803,51,4.784313725490196,0.0499339164
A_w30.5_w50.0_wt3.0,hold20_t1,0.20646100243967447,0.17686612676249536,0.6500082462117608,-0.3664433917559483,0.03752986025767835,0.16282051115140006,-0.12110724494235614,0.33903268628640437,0.5384615384615384,13,18.76923076923077,0.013946643600000003
A_w30.5_w50.0_wt3.0,hold30sl5_t1,-0.172411068425941,-0.19607064824579723,-0.2307761409348933,-0.3216701059022016,0.033827902941980126,-0.19949062197008272,-0.16965195454245185,-0.03181640981498035,0.35714285714285715,14,17.428571428571427,0.012927622800000002
A_w30.5_w50.0_wt3.0,h20tr20_t2,0.43861775988601015,0.941204050671218,1.2040276865696358,-0.3252528767282462,0.3250334781619322,0.0857218203132799,0.2284462132985854,0.5802108628417344,0.6153846153846154,26,18.76923076923077,0.0163880952
A_w30.5_w50.0_wt3.0,hold20_t2,0.21545506206518472,0.3628697228471842,0.7225000804458955,-0.3824246163000681,0.3250334781619322,-0.0826986018864615,0.2284462132985854,0.10942563711247066,0.5769230769230769,26,18.76923076923077,0.0162153684
A_w30.5_w50.0_wt3.0,h25sl8_t3,0.4936684488930514,1.724436275806013,1.3938826841336962,-0.16719054971389014,0.29153182147257484,0.1565092118210485,0.5530059515411616,0.7542986703317878,0.5945945945945946,37,19.783783783783782,0.0150393876
A_w30.5_w50.0_wt3.0,S2_re300,0.5677458185029738,1.20516758464596,1.5138021149178524,-0.1823871624788551,0.3880193250161821,0.1294841435184615,0.6378737434489599,0.34635993370430307,0.5441176470588235,68,7.176470588235294,0.044839526399999996
A_w30.5_w50.0_wt3.0,UU4_re300h20tr12,0.6793914035119655,1.6551952298729535,1.7625511514441858,-0.19793541417269434,0.4468316444104403,0.16073726338511918,0.7837075867473966,0.4885821250077882,0.56,75,6.506666666666667,0.051481623600000005
A_w30.5_w50.0_wt3.0,N2_re300,0.0035472481382392562,-0.09953672087186416,0.1867713379479237,-0.4174310630618189,0.4468316444104403,-0.3063828455679317,0.7286094639419667,-0.4790822924949769,0.5072463768115942,69,7.072463768115942,0.04066248359999999
C_w30.5_w50.0_wt3.0,D01_t1h5sl8,1.0954186295905393,1.0062996358716711,1.8188802961562722,-0.3223190546602044,0.6681045502090035,0.2561674442576136,0.7396357492390855,0.15328719632786547,0.5102040816326531,49,4.979591836734694,0.0688446552
C_w30.5_w50.0_wt3.0,hold20_t1,1.722430038797095,1.5630471584645513,2.119195491950732,-0.3183590284453799,-0.1546609779437743,2.2205185940369625,-0.10324710908808499,1.858142063928189,0.6153846153846154,13,18.76923076923077,0.0164574552
C_w30.5_w50.0_wt3.0,hold30sl5_t1,0.709811126356859,0.6190484815499631,1.306304135198824,-0.39281188269432477,0.229912829139874,0.3901888701759415,0.028154111916378843,0.5747138126328308,0.23529411764705882,17,14.352941176470589,0.023904618000000006
C_w30.5_w50.0_wt3.0,h20tr20_t2,1.0935399691946595,2.3835093639322857,1.9438234204087068,-0.425425986233003,0.44421999424264524,0.4495990759998594,0.894510369605914,0.7859545232450249,0.6538461538461539,26,18.76923076923077,0.0183377028
C_w30.5_w50.0_wt3.0,hold20_t2,1.1622726390430476,2.698527612518056,2.035892856700236,-0.3891032709679525,0.44421999424264524,0.4971906272333195,0.894510369605914,0.9522340293589435,0.5769230769230769,26,18.76923076923077,0.0188021904
C_w30.5_w50.0_wt3.0,h25sl8_t3,0.0007474192649259415,-0.19210750089436712,0.1589516890552294,-0.2754815729565131,0.3004377514769123,-0.2304534237579825,0.4773712940352679,-0.45315541031058737,0.41025641025641024,39,18.76923076923077,0.0144398732
C_w30.5_w50.0_wt3.0,S2_re300,0.15566031431608263,0.1982608606643681,0.592796600496163,-0.28329991753548656,0.05234832850885596,0.0981728036320606,-0.024667067912898633,0.22856598115704663,0.5066666666666667,75,6.506666666666667,0.039620961600000004
C_w30.5_w50.0_wt3.0,UU4_re300h20tr12,0.1581163871171949,0.1970777519730018,0.6153097710393814,-0.2982336069074587,0.338386061289498,-0.13469183473012114,0.5457787821511797,-0.2255827510408116,0.5138888888888888,72,6.777777777777778,0.041739828
C_w30.5_w50.0_wt3.0,N2_re300,0.44550941024531987,0.8641481235556225,1.2599270306960204,-0.24701527991618388,0.2434754843871334,0.1624751982607533,0.32576247538896697,0.40609510237397384,0.5,62,7.870967741935484,0.0377156832
A_w30.5_w50.25_wt0.5,D01_t1h5sl8,-0.11897613885487446,-0.13589757524828927,-0.25848937755583945,-0.3578836528422281,0.1270108178243019,-0.21826494722921508,0.10583501797863559,-0.2185973398353671,0.46938775510204084,49,4.979591836734694,0.046568283599999996
A_w30.5_w50.25_wt0.5,hold20_t1,0.22427392841096228,0.21044064089639813,0.752680252575107,-0.26432156228009174,-0.05248104134498599,0.2920838334979563,-0.14328132812442373,0.412879957718715,0.6153846153846154,13,18.76923076923077,0.012908834400000001
A_w30.5_w50.25_wt0.5,hold30sl5_t1,-0.0778137997996533,-0.0960446892158956,-0.06364845291553498,-0.3285563397111215,0.2177014544846969,-0.2426828457796375,0.17213454897260783,-0.2287956091931308,0.35714285714285715,14,17.428571428571427,0.0138492132
A_w30.5_w50.25_wt0.5,h20tr20_t2,0.10924263113527832,0.20502121118206773,0.5377845881336643,-0.14714296932838844,-0.023465472369506246,0.13589699058239457,-0.1862811877999978,0.48088159338988956,0.5769230769230769,26,18.76923076923077,0.012269216800000001
A_w30.5_w50.25_wt0.5,hold20_t2,0.10924263113527832,0.20502121118206773,0.5377845881336643,-0.14714296932838844,-0.023465472369506246,0.13589699058239457,-0.1862811877999978,0.48088159338988956,0.5769230769230769,26,18.76923076923077,0.012269216800000001
A_w30.5_w50.25_wt0.5,h25sl8_t3,-0.14222829315496366,-0.4189428003451221,-0.5674889653276881,-0.2810395643688348,-0.030001579530336553,-0.11569783131222777,-0.15323975335934226,-0.313787814248367,0.37142857142857144,35,20.914285714285715,0.012129664800000002
A_w30.5_w50.25_wt0.5,S2_re300,0.12511511626295313,0.22608457851197317,0.6135658307871558,-0.17466444574483975,0.07256774467022686,0.04899212367129602,0.0772934851197109,0.13811565320635832,0.576271186440678,59,8.271186440677965,0.030375987599999998
A_w30.5_w50.25_wt0.5,UU4_re300h20tr12,0.24290378696534454,0.5149170588249574,1.0319995078296875,-0.1893037614256472,0.19267934015997223,0.04211060350775897,0.3075603992160594,0.15858285378879433,0.5967741935483871,62,7.870967741935484,0.034140725999999996
A_w30.5_w50.25_wt0.5,N2_re300,0.3032934373384739,0.6433533789190053,1.2752610619567093,-0.131079311662201,0.13351943969534852,0.14977599121613294,0.16444161514710887,0.41128018574928205,0.576271186440678,59,8.271186440677965,0.032840899199999996
C_w30.5_w50.25_wt0.5,D01_t1h5sl8,0.17568129535572474,0.17098749957364112,0.6633669477644379,-0.17692497992342704,0.26373328969646415,-0.06967608993024776,0.2197686864667756,-0.03999216198477418,0.4897959183673469,49,4.979591836734694,0.054989301600000005
C_w30.5_w50.25_wt0.5,hold20_t1,-0.025663432764445937,-0.04392540721228788,0.08773933103662433,-0.24644199087173335,-0.08174179060441178,0.06107035827850371,-0.23679509336623783,0.2527102282460847,0.46153846153846156,13,18.76923076923077,0.0117031536
C_w30.5_w50.25_wt0.5,hold30sl5_t1,-0.4086547656607612,-0.42539569742283756,-1.444792463971255,-0.49534062923982325,-0.09195172375101934,-0.3487733529080611,-0.12644920272813143,-0.34221993229051717,0.25,16,15.25,0.0126014268
C_w30.5_w50.25_wt0.5,h20tr20_t2,-0.10131235108304015,-0.22621231194047153,-0.29067440532265615,-0.2719170934796953,-0.047602392429460294,-0.0563944703626329,-0.31314129010755176,0.12656020359804687,0.5,26,18.76923076923077,0.011756912399999996
C_w30.5_w50.25_wt0.5,hold20_t2,-0.10131235108304015,-0.22621231194047153,-0.29067440532265615,-0.2719170934796953,-0.047602392429460294,-0.0563944703626329,-0.31314129010755176,0.12656020359804687,0.5,26,18.76923076923077,0.011756912399999996
C_w30.5_w50.25_wt0.5,h25sl8_t3,-0.2345925422726527,-0.6020302990383999,-0.9990930949960294,-0.3580318300745866,-0.12075767032717499,-0.12946928065649077,-0.3791556286992218,-0.35898637507531295,0.22857142857142856,35,20.914285714285715,0.0118086376
C_w30.5_w50.25_wt0.5,S2_re300,0.19782406981758083,0.38757277258277245,0.8437301004808072,-0.21190408897405455,0.12579462386637785,0.06398098234278993,0.07969733974129944,0.2851497558706968,0.6119402985074627,67,7.2835820895522385,0.03610494000000001
C_w30.5_w50.25_wt0.5,UU4_re300h20tr12,0.43984065135996486,1.0540857200314089,1.4695692741481967,-0.19267277861573473,0.17684393111623375,0.22347629391628887,0.23357061262333856,0.6651545513581463,0.59375,64,7.625,0.0364716708
C_w30.5_w50.25_wt0.5,N2_re300,0.11567973008736909,0.19320670217037073,0.5772706410260405,-0.2203295175170069,0.1409216640952562,-0.022124160494318534,0.20098306773467378,-0.006475000167130651,0.5964912280701754,57,8.56140350877193,0.0301885932
A_w30.5_w50.25_wt1.0,D01_t1h5sl8,-0.21289277240959203,-0.2291584863031394,-0.6668640765831015,-0.36856611245907556,-0.04810960304468603,-0.173111494655241,-0.08778857505816573,-0.15497494043553306,0.3673469387755102,49,4.979591836734694,0.04176848999999999
A_w30.5_w50.25_wt1.0,hold20_t1,-0.03007732404888963,-0.04734560910334007,0.0629461043813297,-0.2928141158369203,-0.04271013733922169,0.013196434834502169,-0.19093927600342464,0.17748194003382634,0.6153846153846154,13,18.76923076923077,0.0119123556
A_w30.5_w50.25_wt1.0,hold30sl5_t1,0.5708561796316927,0.5549357456482533,1.3773885351411534,-0.288444450043187,-0.14451621248762447,0.8362196952902146,-0.22839154521910066,1.015187542352399,0.46153846153846156,13,18.76923076923077,0.013626037200000002
A_w30.5_w50.25_wt1.0,h20tr20_t2,-0.09229596792988515,-0.18530075531787904,-0.22940161439799292,-0.3002280905472875,-0.029813599551328895,-0.0644024368406535,-0.26747894048352805,0.11218542333771842,0.5769230769230769,26,18.76923076923077,0.011966727600000001
A_w30.5_w50.25_wt1.0,hold20_t2,-0.09229596792988515,-0.18530075531787904,-0.22940161439799292,-0.3002280905472875,-0.029813599551328895,-0.0644024368406535,-0.26747894048352805,0.11218542333771842,0.5769230769230769,26,18.76923076923077,0.011966727600000001
A_w30.5_w50.25_wt1.0,h25sl8_t3,-0.07049849121050955,-0.2252333210793689,-0.1719538999314574,-0.2877647191595424,0.002839718506545408,-0.07313053957044335,-0.014599078025657852,-0.2137548670359326,0.4117647058823529,34,21.529411764705884,0.011950142399999997
A_w30.5_w50.25_wt1.0,S2_re300,0.010949453262868225,-0.038967023247820975,0.17037495539541783,-0.2621909612581187,-0.04144231133818377,0.054656871694591214,-0.14726587990546824,0.12700190376531562,0.5068493150684932,73,6.684931506849315,0.0345760852
A_w30.5_w50.25_wt1.0,UU4_re300h20tr12,0.2426852830400057,0.4911726529380238,0.9787544406169049,-0.17104892688810291,0.09717323212091866,0.13262449963147604,0.09842070772436795,0.35756057988685663,0.5064935064935064,77,6.337662337662338,0.041728975200000004
A_w30.5_w50.25_wt1.0,N2_re300,0.047056921706280175,0.07838646589070075,0.31211248671956654,-0.2793625129475552,0.10689091731422273,-0.05405590982092867,0.14630855737722737,-0.05925288706029863,0.4714285714285714,70,6.9714285714285715,0.03519881279999999
C_w30.5_w50.25_wt1.0,D01_t1h5sl8,0.06824118117877953,0.07504739872878852,0.36849815261077035,-0.24734686447463705,0.15698396105040957,-0.07670182375826706,0.1328676504767341,-0.05103884087749644,0.4897959183673469,49,4.979591836734694,0.051992684399999996
C_w30.5_w50.25_wt1.0,hold20_t1,0.0022000863036684137,0.003977990794175712,0.17496782132349883,-0.23309165723226433,0.01243650237202365,-0.010110674639222217,-0.1448389118021487,0.17402206981837565,0.46153846153846156,13,18.76923076923077,0.012772705200000003
C_w30.5_w50.25_wt1.0,hold30sl5_t1,-0.18622560383890296,-0.18869180674285957,-0.47455313042546055,-0.3109427522605226,-0.18751412377743537,0.001585898261423635,-0.2042804636719514,0.019590642453027884,0.35714285714285715,14,17.428571428571427,0.011612394
C_w30.5_w50.25_wt1.0,h20tr20_t2,0.5565789553619467,1.3107903254115048,1.5202659746588947,-0.14345334578006264,0.1455885012584166,0.3587592347968398,0.2456868931509728,0.8550330248449083,0.6538461538461539,26,18.76923076923077,0.014732104799999998
C_w30.5_w50.25_wt1.0,hold20_t2,0.5565789553619467,1.3107903254115048,1.5202659746588947,-0.14345334578006264,0.1455885012584166,0.3587592347968398,0.2456868931509728,0.8550330248449083,0.6538461538461539,26,18.76923076923077,0.014732104799999998
C_w30.5_w50.25_wt1.0,h25sl8_t3,0.10490699017628935,0.04657629834010191,0.4974376273186046,-0.33006921938760214,0.27998313422706667,-0.1367800398061475,0.6906434003727087,-0.38095975880580146,0.3333333333333333,36,20.333333333333332,0.0140608356
C_w30.5_w50.25_wt1.0,S2_re300,0.3895217883076654,0.810343527400224,1.2524321708180148,-0.24456799480762426,0.1873400929289546,0.17028119961818522,0.21439897699972854,0.490732091913338,0.6351351351351351,74,6.594594594594595,0.0407295996
C_w30.5_w50.25_wt1.0,UU4_re300h20tr12,0.3551674563731819,0.7743630709492539,1.2536767730251932,-0.21446197328355776,0.262182413898131,0.07367005074003163,0.33357054790792584,0.33053558638711134,0.6119402985074627,67,7.2835820895522385,0.037959483599999996
C_w30.5_w50.25_wt1.0,N2_re300,0.374847914745567,0.8263854526858481,1.3030873495029909,-0.2135134154370424,0.2674763546289125,0.08471287036205899,0.4055487899869117,0.2994109245420471,0.5692307692307692,65,7.507692307692308,0.037313231999999995
A_w30.5_w50.25_wt2.0,D01_t1h5sl8,0.4931664253583201,0.5221028004442683,1.2087061368214564,-0.311296518955853,0.5369338125327054,-0.028477080026146906,0.5954293269471012,-0.04596037271243192,0.54,50,4.88,0.06994021680000001
A_w30.5_w50.25_wt2.0,hold20_t1,-0.13240145217552557,-0.10937936331838183,-0.2106467435633335,-0.4215368342093936,0.18943376878649887,-0.2705785134134635,0.10855466848897777,-0.1965929493620877,0.46153846153846156,13,18.76923076923077,0.0146830632
A_w30.5_w50.25_wt2.0,hold30sl5_t1,-0.05623189321876598,-0.031010014117327733,0.14548638609984388,-0.4840498097911302,0.09461298407593777,-0.13780658505713383,0.016249485310358303,-0.04650383602728547,0.42857142857142855,14,17.428571428571427,0.013768225200000001
A_w30.5_w50.25_wt2.0,h20tr20_t2,-0.1837699263099104,-0.37668095525648604,-0.5409265733966829,-0.45754858382564456,0.00596052406266212,-0.18860625823201183,-0.253698103156632,-0.164789681789681,0.5,26,18.76923076923077,0.012527435999999998
A_w30.5_w50.25_wt2.0,hold20_t2,-0.2269380710582729,-0.439029596741626,-0.718616595274865,-0.4589968741491366,0.00596052406266212,-0.231518622798788,-0.253698103156632,-0.2483331402062493,0.5,26,18.76923076923077,0.0124958096
A_w30.5_w50.25_wt2.0,h25sl8_t3,0.22245068419806557,0.533837353140072,0.8165014163278925,-0.1635436540074714,0.0946587025740866,0.11674139284096308,-0.061890575754866894,0.6350303210889305,0.4864864864864865,37,19.783783783783782,0.0138419932
A_w30.5_w50.25_wt2.0,S2_re300,0.7299298884746848,1.8007363862653238,2.028322393560256,-0.13579563479367618,0.39518415513380045,0.23992942588197685,0.6148759299908819,0.7343353345300883,0.5568181818181818,88,5.545454545454546,0.059499456000000006
A_w30.5_w50.25_wt2.0,UU4_re300h20tr12,0.34596184020591103,0.7195580622741795,1.1727113971399628,-0.21609729486582896,0.27500434531376183,0.055652747500783306,0.47357425290101895,0.16693004026698643,0.5348837209302325,86,5.674418604651163,0.054607433999999996
A_w30.5_w50.25_wt2.0,N2_re300,0.5820184306712759,1.3783429329687737,1.7477057076364115,-0.1479308410090131,0.37131169271292563,0.15365342473052124,0.7060914533857232,0.39403015486008885,0.5411764705882353,85,5.741176470588235,0.057320225999999995
C_w30.5_w50.25_wt2.0,D01_t1h5sl8,1.2432409693631312,1.2202896925147417,2.0955686381674865,-0.3455466991989484,0.6508430000047134,0.3588457347892706,0.7909921245438425,0.23969818855582048,0.5306122448979592,49,4.979591836734694,0.07658200800000001
C_w30.5_w50.25_wt2.0,hold20_t1,0.8109115762957855,0.7979884798237258,1.4590461997097455,-0.28518963246590623,-0.0672645850132989,0.9415061840678645,0.034366503048016694,0.7382508758022499,0.6153846153846154,13,18.76923076923077,0.0142697184
C_w30.5_w50.25_wt2.0,hold30sl5_t1,-0.04406450482892832,-0.05647234364244991,0.0956453695407747,-0.3602059090332883,0.19822223830633723,-0.20220517979847674,0.08233046521560361,-0.1282443886769863,0.3333333333333333,15,16.266666666666666,0.0157052052
C_w30.5_w50.25_wt2.0,h20tr20_t2,0.7569594399113764,1.967151057938576,1.7138032932008398,-0.2195720841865234,0.1869607548842127,0.48021695972818246,0.3583666424717469,1.1843521220010311,0.6153846153846154,26,18.76923076923077,0.015272827199999998
C_w30.5_w50.25_wt2.0,hold20_t2,0.7569594399113764,1.967151057938576,1.7138032932008398,-0.2195720841865234,0.1869607548842127,0.48021695972818246,0.3583666424717469,1.1843521220010311,0.6153846153846154,26,18.76923076923077,0.015272827199999998
C_w30.5_w50.25_wt2.0,h25sl8_t3,0.5113364215459215,1.9977486250833159,1.4182578026881354,-0.2820889451502614,0.543582163029066,-0.0208902008946944,1.9794335067458855,0.006147181434310811,0.4473684210526316,38,19.263157894736842,0.0159635192
C_w30.5_w50.25_wt2.0,S2_re300,0.16768352003108822,0.3374573390527609,0.6339096147777061,-0.33531956256621853,0.1655859934846693,0.0017995468014746496,0.12492395585312899,0.18893133361930126,0.5915492957746479,71,6.873239436619718,0.0402161928
C_w30.5_w50.25_wt2.0,UU4_re300h20tr12,0.24943697687928834,0.4958129736382071,0.8575714115511758,-0.24160280330868722,0.21281809252148598,0.030193220717603886,0.2428905878803136,0.2034952941346504,0.6533333333333333,75,6.506666666666667,0.042643323600000005
C_w30.5_w50.25_wt2.0,N2_re300,0.004327130264398349,-0.010389239517213378,0.16364306097219217,-0.3504821272222107,0.14772430259816494,-0.12494043387349196,0.13312671270151366,-0.12665481327906147,0.5454545454545454,55,8.872727272727273,0.029191482000000005
A_w30.5_w50.25_wt3.0,D01_t1h5sl8,0.7034915986658032,0.7522226832298433,1.4965974544767238,-0.26659514158426656,0.47771231722986607,0.1527897404680132,0.5503393500676284,0.13021880219540938,0.52,50,4.88,0.0704197188
A_w30.5_w50.25_wt3.0,hold20_t1,-0.13193146720252924,-0.10953515185724294,-0.14684112807877997,-0.46463467849517537,0.2675751743098016,-0.31517392388965315,0.13447014146632563,-0.21508304573638848,0.46153846153846156,13,18.76923076923077,0.0152016924
A_w30.5_w50.25_wt3.0,hold30sl5_t1,-0.09265359843185261,-0.0714000997529377,0.03132286111176262,-0.4136595766307867,0.1511841727440466,-0.2118147355993174,0.053223654796266784,-0.11832601174658519,0.5454545454545454,11,22.181818181818183,0.0116922804
A_w30.5_w50.25_wt3.0,h20tr20_t2,0.2404840937107826,0.47330977754497505,0.7954577295709114,-0.315304279846192,0.15799959244298423,0.07123016433346385,-0.036140977057626755,0.5285531830655075,0.5769230769230769,26,18.76923076923077,0.014494608
A_w30.5_w50.25_wt3.0,hold20_t2,0.0186181318317149,-0.02388931174514597,0.23247667277138753,-0.3452720900999753,0.15799959244298423,-0.12036399798485464,-0.036140977057626755,0.012711055269348126,0.5769230769230769,26,18.76923076923077,0.0143645376
A_w30.5_w50.25_wt3.0,h25sl8_t3,0.3803311283151041,1.214841299800371,1.2201667725552023,-0.17122852088229434,0.16756880940361474,0.182226792286587,0.3515271302779117,0.6387693966194647,0.5135135135135135,37,19.783783783783782,0.014448702
A_w30.5_w50.25_wt3.0,S2_re300,0.5678107152919494,1.4118996577934495,1.6206047540993012,-0.23956148502706598,0.16050212054330038,0.3509761744838211,0.23090865147773543,0.9594465071781775,0.6486486486486487,74,6.594594594594595,0.046034599200000005
A_w30.5_w50.25_wt3.0,UU4_re300h20tr12,0.32605882687737653,0.7039524810325106,1.08574576763328,-0.24843467333914193,0.17886987330415183,0.12485598021152233,0.27649774944285244,0.33486524498474557,0.6027397260273972,73,6.684931506849315,0.041619774
A_w30.5_w50.25_wt3.0,N2_re300,0.5849092935955678,1.4054784677936865,1.6688916933209894,-0.21748598397379115,0.18710429300567255,0.3351053508387858,0.25397801579892465,0.9182780220123137,0.6714285714285714,70,6.9714285714285715,0.04378800839999999
C_w30.5_w50.25_wt3.0,D01_t1h5sl8,0.9648934244506562,0.9542398465843045,1.7171154751786852,-0.37289100723815805,0.6839322603830598,0.16684825790063718,0.8330522477363425,0.06611246296859119,0.5102040816326531,49,4.979591836734694,0.0714402696
C_w30.5_w50.25_wt3.0,hold20_t1,1.9852545215983053,1.9563664118798418,2.3138526050982873,-0.3189708391350792,-0.0672645850132989,2.2005373374193904,0.034366503048016694,1.8581420639281894,0.6153846153846154,13,18.76923076923077,0.018776751600000002
C_w30.5_w50.25_wt3.0,hold30sl5_t1,1.1459007360012259,1.1180858461872818,1.7104046552160663,-0.39278245700207015,0.542328214285076,0.3913385725073617,0.34506081625458274,0.5747138126328313,0.3125,16,15.25,0.0294680244
C_w30.5_w50.25_wt3.0,h20tr20_t2,1.4095602368784856,4.022577060504275,2.21998605537088,-0.33276358659738436,0.34723942927873264,0.7885167138913707,0.7232382778504842,1.9146155381189,0.6153846153846154,26,18.76923076923077,0.0191949924
C_w30.5_w50.25_wt3.0,hold20_t2,1.4095602368784856,4.022577060504275,2.21998605537088,-0.33276358659738436,0.34723942927873264,0.7885167138913707,0.7232382778504842,1.9146155381189,0.6153846153846154,26,18.76923076923077,0.0191949924
C_w30.5_w50.25_wt3.0,h25sl8_t3,0.02151274626228661,-0.06497224360048481,0.22751570845750074,-0.3005022811477621,0.3051417320594414,-0.21731661690842152,0.5010576043144079,-0.377087359131311,0.40540540540540543,37,19.783783783783782,0.013827713200000001
C_w30.5_w50.25_wt3.0,S2_re300,-0.08598998463574592,-0.2031541764471534,-0.09888220672228412,-0.2747334263302258,-0.01975213584314539,-0.067572550999205,-0.09830341388219355,-0.11628164526649443,0.4931506849315068,73,6.684931506849315,0.0343072024
C_w30.5_w50.25_wt3.0,UU4_re300h20tr12,-0.036125571985890725,-0.10911237657650275,0.05005685581036299,-0.2664025272801013,0.12597464423094928,-0.14396435749897096,0.20867380779356481,-0.26292137905278734,0.5070422535211268,71,6.873239436619718,0.03604419
C_w30.5_w50.25_wt3.0,N2_re300,0.16232875186788331,0.2865272377449133,0.6332499281192848,-0.24614535743957355,0.09257839987734329,0.06384013449137438,0.1388970642341374,0.1296255633164276,0.48214285714285715,56,8.714285714285714,0.029744975999999996
A_w30.5_w50.5_wt0.5,D01_t1h5sl8,-0.19460233386880887,-0.22062257495099913,-0.5679490949454327,-0.35842155258534336,0.018853779170922902,-0.20950613071625257,-0.015563905021676705,-0.20830064132688852,0.46938775510204084,49,4.979591836734694,0.04352611320000001
A_w30.5_w50.5_wt0.5,hold20_t1,0.1865525215067998,0.17207715471290186,0.679308248694944,-0.21563599624596974,-0.06184000481618557,0.2647656344313838,-0.11222554033946586,0.32024202989696127,0.6153846153846154,13,18.76923076923077,0.012917402400000002
A_w30.5_w50.5_wt0.5,hold30sl5_t1,-0.010362323759041558,-0.02540345076227024,0.14536429156597463,-0.32841808168647957,0.3087450963326348,-0.24382702253164457,0.263733143710531,-0.22879560919313102,0.35714285714285715,14,17.428571428571427,0.014766295199999998
A_w30.5_w50.5_wt0.5,h20tr20_t2,0.12548619774676695,0.25244520647739477,0.5896444525761265,-0.18636984495137887,-0.04745776937235324,0.18156041964162073,-0.22541314657254763,0.6169202987831226,0.5769230769230769,26,18.76923076923077,0.0124016536
A_w30.5_w50.5_wt0.5,hold20_t2,0.12548619774676695,0.25244520647739477,0.5896444525761265,-0.18636984495137887,-0.04745776937235324,0.18156041964162073,-0.22541314657254763,0.6169202987831226,0.5769230769230769,26,18.76923076923077,0.0124016536
A_w30.5_w50.5_wt0.5,h25sl8_t3,-0.17831069746966743,-0.5048238401847247,-0.7773182136352327,-0.286794676640857,-0.030001579530336553,-0.1528962468490631,-0.15323975335934226,-0.415210903228178,0.34285714285714286,35,20.914285714285715,0.0120760632
A_w30.5_w50.5_wt0.5,S2_re300,-0.028890420099105363,-0.09439743135260092,-0.01481271781127366,-0.2564959428820095,-0.024629967424013355,-0.004368037291282545,-0.0444903307849529,-0.05223086921626541,0.5081967213114754,61,8.0,0.027628034000000006
A_w30.5_w50.5_wt0.5,UU4_re300h20tr12,0.13142708774301992,0.2680856331721415,0.6282465017404828,-0.19218064848065342,-0.05834500579276081,0.20153038501701515,-0.28833689551437713,0.7818622676648257,0.5714285714285714,56,8.714285714285714,0.025681191199999998
A_w30.5_w50.5_wt0.5,N2_re300,0.010216831818774086,0.03524065273955812,0.1634622703436137,-0.2375124791628942,0.011829391524670552,-0.0015937071203939723,-0.021729551818541415,0.058235638891068975,0.5084745762711864,59,8.271186440677965,0.0272985604
C_w30.5_w50.5_wt0.5,D01_t1h5sl8,0.10658274810295865,0.09877777788930842,0.4961735033769703,-0.17523774584022034,0.15831779466780493,-0.04466394870475299,0.1190831184542136,-0.018144622352049833,0.5306122448979592,49,4.979591836734694,0.0503151516
C_w30.5_w50.5_wt0.5,hold20_t1,-0.059021112785606844,-0.07266751799452698,-0.016469853160839872,-0.2712402707917573,-0.10743400681443094,0.05424012834730285,-0.2597390353363461,0.2527102282460849,0.46153846153846156,13,18.76923076923077,0.0115519488
C_w30.5_w50.5_wt0.5,hold30sl5_t1,-0.41061271018239887,-0.42745548489852203,-1.4586183751580715,-0.49722358294767555,-0.09195172375101934,-0.35092956483296645,-0.12644920272813143,-0.3445778804282983,0.25,16,15.25,0.012590675999999999
C_w30.5_w50.5_wt0.5,h20tr20_t2,-0.10720868366638481,-0.2395683637623408,-0.3426462558422767,-0.2660148501399202,-0.09305495268521169,-0.015605941091003994,-0.35610623199808655,0.18098927808756105,0.46153846153846156,26,18.76923076923077,0.011341514
C_w30.5_w50.5_wt0.5,hold20_t2,-0.10720868366638481,-0.2395683637623408,-0.3426462558422767,-0.2660148501399202,-0.09305495268521169,-0.015605941091003994,-0.35610623199808655,0.18098927808756105,0.46153846153846156,26,18.76923076923077,0.011341514
C_w30.5_w50.5_wt0.5,h25sl8_t3,-0.20780317813908766,-0.5490068913561116,-0.8679029314216595,-0.3346118335299937,-0.11710270827583358,-0.10273048826113207,-0.3746456139404869,-0.2788199480206912,0.24242424242424243,33,22.181818181818183,0.0112029464
C_w30.5_w50.5_wt0.5,S2_re300,0.32551677352956276,0.7065434388037046,1.2264571113907947,-0.2156449325452442,0.10704926824847805,0.1973421703504994,0.05209230139156529,0.622047263863182,0.5714285714285714,63,7.746031746031746,0.0341525376
C_w30.5_w50.5_wt0.5,UU4_re300h20tr12,0.20309918621238254,0.4203674167782876,0.8440027979329265,-0.20093815739526422,0.05000950018911876,0.14579838182006077,-0.056149681945166785,0.5048651143175973,0.5263157894736842,57,8.56140350877193,0.0286561044
C_w30.5_w50.5_wt0.5,N2_re300,0.2791621628091101,0.610880972277301,1.0734838013555223,-0.1883695827544568,0.09857163201229868,0.164386668592577,0.105021927771064,0.45778190621665216,0.5614035087719298,57,8.56140350877193,0.02996046
A_w30.5_w50.5_wt1.0,D01_t1h5sl8,-0.2447329363579943,-0.2569444023160842,-0.8778395278290245,-0.40649759952032327,-0.008272352271312955,-0.23843298573780503,-0.028456333537163037,-0.23518044187431364,0.40816326530612246,49,4.979591836734694,0.043122009600000004
A_w30.5_w50.5_wt1.0,hold20_t1,-0.02466720419797286,-0.04000746381901066,0.07537196784998097,-0.23965224795432194,-0.0340205850512173,0.009682795211262585,-0.12750024865296694,0.10027829199822458,0.6153846153846154,13,18.76923076923077,0.0122015256
A_w30.5_w50.5_wt1.0,hold30sl5_t1,-0.25332070289024666,-0.2708889218491456,-0.6731194089929894,-0.38788063399149986,-0.14451621248762447,-0.12718474854913397,-0.22839154521910066,-0.05507634910780301,0.2777777777777778,18,13.555555555555555,0.015103915199999998
A_w30.5_w50.5_wt1.0,h20tr20_t2,-0.05399467232318955,-0.12296285834171383,-0.09560214577615361,-0.24979165326355768,-0.04632992298817862,-0.008037107926283205,-0.2863247798052675,0.22890233097763835,0.6153846153846154,26,18.76923076923077,0.011973817199999999
A_w30.5_w50.5_wt1.0,hold20_t2,-0.05399467232318955,-0.12296285834171383,-0.09560214577615361,-0.24979165326355768,-0.04632992298817862,-0.008037107926283205,-0.2863247798052675,0.22890233097763835,0.6153846153846154,26,18.76923076923077,0.011973817199999999
A_w30.5_w50.5_wt1.0,h25sl8_t3,-0.13511437341246157,-0.3961920272593257,-0.4949624360952014,-0.2719649099959852,-0.05767288369903767,-0.08218111139305251,-0.17632520060536627,-0.266934021552623,0.38235294117647056,34,21.529411764705884,0.0117096528
A_w30.5_w50.5_wt1.0,S2_re300,0.08291364232286536,0.1811219226411025,0.44147284739945114,-0.2549673389727406,0.031046243697760767,0.05030559874704155,-0.08222586350240002,0.2869418255220042,0.56,75,6.506666666666667,0.03663249520000001
A_w30.5_w50.5_wt1.0,UU4_re300h20tr12,0.17295337180521342,0.3323937240462971,0.7651242067965355,-0.22582943555394397,0.009151277119896273,0.16231668967689927,-0.07805415522819192,0.4451973850764297,0.5205479452054794,73,6.684931506849315,0.0366184448
A_w30.5_w50.5_wt1.0,N2_re300,0.10327401279257509,0.19086304010308774,0.5174333860540039,-0.23526187751141658,0.009154869354779605,0.09326531169390462,-0.07351829553276046,0.28536055743041033,0.5142857142857142,70,6.9714285714285715,0.034575318800000004
C_w30.5_w50.5_wt1.0,D01_t1h5sl8,0.023027588399769705,0.030256728798928822,0.23761423198533074,-0.24700550377553165,0.13454219756610475,-0.09829040242448739,0.11146198450352918,-0.07306165828143296,0.4897959183673469,49,4.979591836734694,0.051179234399999995
C_w30.5_w50.5_wt1.0,hold20_t1,0.057521515998989026,0.06063684641066125,0.33750944283358164,-0.23221570426231752,0.06824871062100879,-0.01004185122375012,-0.09657844287821182,0.17402206981837498,0.46153846153846156,13,18.76923076923077,0.013175421599999999
C_w30.5_w50.5_wt1.0,hold30sl5_t1,-0.4266718596318093,-0.4378015529467467,-1.4142840327168718,-0.5132548904460115,-0.3142997062187902,-0.16387940100383602,-0.37765502609038937,-0.09664499494309875,0.15789473684210525,19,12.842105263157896,0.0138075564
C_w30.5_w50.5_wt1.0,h20tr20_t2,0.1596724171798336,0.25402740312715033,0.6406866639833474,-0.30034772264885445,0.026031283313081577,0.13025054502745914,-0.24400538787730175,0.6587782280697274,0.46153846153846156,26,18.76923076923077,0.0125855556
C_w30.5_w50.5_wt1.0,hold20_t2,0.1596724171798336,0.25402740312715033,0.6406866639833474,-0.30034772264885445,0.026031283313081577,0.13025054502745914,-0.24400538787730175,0.6587782280697274,0.46153846153846156,26,18.76923076923077,0.0125855556
C_w30.5_w50.5_wt1.0,h25sl8_t3,-0.047152868016137606,-0.3062007431289576,-0.013603688155188986,-0.3480842455794305,0.17348727372991046,-0.18802090715883657,0.31184045730258525,-0.47112527822351435,0.2222222222222222,36,20.333333333333332,0.0133361232
C_w30.5_w50.5_wt1.0,S2_re300,0.32116414267364846,0.6855131369635599,1.098765104642644,-0.19131611248539504,-0.06722242627714126,0.41637640086122474,-0.24537172363718174,1.2335674261869047,0.609375,64,7.625,0.0306749456
C_w30.5_w50.5_wt1.0,UU4_re300h20tr12,0.13614866727650177,0.2280347716509119,0.6125756374707347,-0.14949719769766456,-0.003355379369633593,0.13997371155016225,-0.11287141428819769,0.38428046557149,0.5625,64,7.625,0.0305801712
C_w30.5_w50.5_wt1.0,N2_re300,0.2972809536251455,0.6294744699743593,1.0411628570363463,-0.15463957594214073,0.05201290556622018,0.23314167227531857,-0.014236791556250461,0.6530080003156682,0.5573770491803278,61,8.0,0.030886416000000003
A_w30.5_w50.5_wt2.0,D01_t1h5sl8,0.24047828429805884,0.2741428791688496,0.8063825936058528,-0.3142980435388639,0.02247296337364557,0.21321377555559562,0.0641761816809181,0.19730445118239603,0.5,50,4.88,0.052769965200000005
A_w30.5_w50.5_wt2.0,hold20_t1,0.2391046740942402,0.2732923856437304,0.7928640114514951,-0.25134105942321094,0.24913804116171945,-0.008032232416961604,0.1635057580418562,0.09435847381335005,0.6923076923076923,13,18.76923076923077,0.0160768524
A_w30.5_w50.5_wt2.0,hold30sl5_t1,-0.22095725592883486,-0.20984958364694672,-0.4887287570032927,-0.49065716260944525,-0.0076346896781530615,-0.21496374775685823,-0.08419537074239702,-0.13720635263266945,0.42857142857142855,14,17.428571428571427,0.012724214400000003
A_w30.5_w50.5_wt2.0,h20tr20_t2,-0.13930215299158122,-0.2851428934827147,-0.3405242121434538,-0.42356163161225135,0.09804015680478728,-0.21615084687523267,-0.06349328451975866,-0.23667700967770822,0.5,26,18.76923076923077,0.0132781312
A_w30.5_w50.5_wt2.0,hold20_t2,-0.1722864575072549,-0.3453529934496501,-0.4769053408211985,-0.42504054653875867,0.09804015680478728,-0.24619009845566286,-0.06349328451975866,-0.3009692341451643,0.5,26,18.76923076923077,0.013284384
A_w30.5_w50.5_wt2.0,h25sl8_t3,0.025367217257521668,-0.07100366374975775,0.23307473661735822,-0.2114807741441479,0.0388684789057514,-0.012996122148637768,-0.13869776390672095,0.07859505910957831,0.3783783783783784,37,19.783783783783782,0.013577953599999998
A_w30.5_w50.5_wt2.0,S2_re300,0.37850723194226377,0.8731443257975251,1.336791276221458,-0.1360313360015708,0.09219853189600125,0.26213979572857227,0.10388044224585147,0.6968724638209935,0.5813953488372093,86,5.674418604651163,0.048140348400000005
A_w30.5_w50.5_wt2.0,UU4_re300h20tr12,0.3081240634118647,0.6605796145369194,1.0875725018636768,-0.2022851759907638,0.13152423932083956,0.15607250640695325,0.19010761193366976,0.3953188752728276,0.5955056179775281,89,5.48314606741573,0.0512464116
A_w30.5_w50.5_wt2.0,N2_re300,0.4882389878334654,1.208024962683551,1.5662847119854586,-0.14581781697937746,0.13240343449561265,0.31423037276140464,0.19302715338492704,0.8507751113784894,0.5679012345679012,81,6.0246913580246915,0.0479563608
C_w30.5_w50.5_wt2.0,D01_t1h5sl8,0.8266909555528059,0.8163011040412191,1.6175030023663102,-0.3396884872090966,0.31736984758080244,0.38661967928544394,0.4345700536032868,0.2660943949576515,0.5102040816326531,49,4.979591836734694,0.06583041240000001
C_w30.5_w50.5_wt2.0,hold20_t1,0.7509072725832426,0.7263616698665949,1.369858231530146,-0.28739797575568815,-0.10436517833632553,0.9549343440341767,-0.006839752593346682,0.7382508758022506,0.6153846153846154,13,18.76923076923077,0.013773202799999999
C_w30.5_w50.5_wt2.0,hold30sl5_t1,0.055400555692816544,0.04174927527681027,0.3381510064138704,-0.2759529916003616,0.19822223830633723,-0.11919465191648926,0.08233046521560361,-0.03749426930406985,0.38461538461538464,13,18.76923076923077,0.013981303200000001
C_w30.5_w50.5_wt2.0,h20tr20_t2,0.5867832747717274,1.324619570431889,1.4552487553253828,-0.16793964061716293,0.0033651422719926938,0.5814614320551894,-0.07228090817544741,1.5057364787654008,0.5769230769230769,26,18.76923076923077,0.013984506
C_w30.5_w50.5_wt2.0,hold20_t2,0.5867832747717274,1.324619570431889,1.4552487553253828,-0.16793964061716293,0.0033651422719926938,0.5814614320551894,-0.07228090817544741,1.5057364787654008,0.5769230769230769,26,18.76923076923077,0.013984506
C_w30.5_w50.5_wt2.0,h25sl8_t3,0.33316048962830513,0.8738259191138971,1.0481928952901645,-0.20653353920498896,0.4824030140738371,-0.10067608000566153,1.5631846766618804,-0.2689461917530488,0.4473684210526316,38,19.263157894736842,0.015765695600000004
C_w30.5_w50.5_wt2.0,S2_re300,0.018105131746127157,0.0010784882489660585,0.21967815272609909,-0.33632043937702705,0.281206177143529,-0.2053541811545041,0.4061858922083432,-0.2880895095051599,0.5675675675675675,74,6.594594594594595,0.042140320800000006
C_w30.5_w50.5_wt2.0,UU4_re300h20tr12,0.2575872800113841,0.5367466273709935,0.9111905239429254,-0.30426328911324496,0.26293804247231756,-0.004236757688017234,0.3507214496859945,0.13772282784747736,0.625,72,6.777777777777778,0.0418570668
C_w30.5_w50.5_wt2.0,N2_re300,0.2923137400486375,0.6497679450532776,1.0154474750150726,-0.26854479485335037,0.2639739671716381,0.022421168167265026,0.38249667366744666,0.19332507374272523,0.6290322580645161,62,7.870967741935484,0.0353678472
A_w30.5_w50.5_wt3.0,D01_t1h5sl8,0.5718467162772252,0.6155421578968676,1.319917393571084,-0.2655125337801274,0.3344896331518259,0.1778635646384179,0.38552931298431115,0.16601081099982573,0.52,50,4.88,0.063633822
A_w30.5_w50.5_wt3.0,hold20_t1,-0.11124075394730293,-0.08931475921367271,-0.12058279664021332,-0.45193750785609976,0.24574460200958304,-0.2865638393142641,0.1602313287279007,-0.21508304573638826,0.46153846153846156,13,18.76923076923077,0.015369727199999997
A_w30.5_w50.5_wt3.0,hold30sl5_t1,-0.24602326747713044,-0.2255488806631376,-0.4344372207249554,-0.5182935035649248,0.20170424537649212,-0.37257712500911644,0.015182940546163426,-0.23713146822560716,0.46153846153846156,13,18.76923076923077,0.012637473599999999
A_w30.5_w50.5_wt3.0,h20tr20_t2,0.5620918423901022,1.1798725168424267,1.4153408854266838,-0.3136428374990887,0.5377195270033281,0.015849649405357935,0.6714026666665753,0.304217445811509,0.5769230769230769,26,18.76923076923077,0.016756152
A_w30.5_w50.5_wt3.0,hold20_t2,0.2740848809802623,0.44660288323926545,0.8559345000035903,-0.3429998145100759,0.5377195270033281,-0.17144520921629403,0.6714026666665753,-0.1344976814447999,0.5769230769230769,26,18.76923076923077,0.0164380752
A_w30.5_w50.5_wt3.0,h25sl8_t3,0.6360786648222798,2.640818278781165,1.6703541838772014,-0.2222857349404963,0.3477392535380299,0.21394302386556752,1.048177289034184,0.7775894197606257,0.5555555555555556,36,20.333333333333332,0.0150860056
A_w30.5_w50.5_wt3.0,S2_re300,0.5827731494055501,1.3780945263412847,1.6556852860180984,-0.20264978243254717,0.4262520549295481,0.10974294055179024,0.8467886968624843,0.2876917269319641,0.5802469135802469,81,6.0246913580246915,0.0536251536
A_w30.5_w50.5_wt3.0,UU4_re300h20tr12,0.7099998018328619,1.76232996923664,1.9041280812693384,-0.1884734112965487,0.41444428172291947,0.20895522285963075,1.095963103602934,0.3179287194933105,0.5952380952380952,84,5.809523809523809,0.05761888200000001
A_w30.5_w50.5_wt3.0,N2_re300,0.8634939539522106,2.2884923461125104,2.1454103657154935,-0.18922466834402285,0.4043238650109138,0.32696879999097006,1.0458018257299142,0.6074344566288687,0.6172839506172839,81,6.0246913580246915,0.056952801600000005
C_w30.5_w50.5_wt3.0,D01_t1h5sl8,1.4053061927663615,1.3972645634736276,2.1863479494068723,-0.3368340636954732,0.6806189463074892,0.4312025923848437,0.8295970196586204,0.3102691673169251,0.5510204081632653,49,4.979591836734694,0.0779716764
C_w30.5_w50.5_wt3.0,hold20_t1,2.0771446423346114,2.0612925074661996,2.3833757926943955,-0.2961638375574538,-0.0672645850132989,2.299054150719136,0.034366503048016694,1.9595820228568357,0.6153846153846154,13,18.76923076923077,0.0190517436
C_w30.5_w50.5_wt3.0,hold30sl5_t1,-0.08949168477766767,-0.1047099996036076,-0.00990672870306151,-0.44084009206258423,0.3071630331716173,-0.30344701302244426,0.1800673001045454,-0.24132293105903713,0.29411764705882354,17,14.352941176470589,0.0185963952
C_w30.5_w50.5_wt3.0,h20tr20_t2,2.520189071127894,8.854336346644903,2.9527663908490887,-0.29278742096427857,0.7661672397024952,0.9931232965915844,1.641853192696329,2.730084765454877,0.6538461538461539,26,18.76923076923077,0.025560547199999995
C_w30.5_w50.5_wt3.0,hold20_t2,2.520189071127894,8.854336346644903,2.9527663908490887,-0.29278742096427857,0.7661672397024952,0.9931232965915844,1.641853192696329,2.730084765454877,0.6538461538461539,26,18.76923076923077,0.025560547199999995
C_w30.5_w50.5_wt3.0,h25sl8_t3,0.248487974887299,0.7179454899099698,0.8673967319795061,-0.28634140382622875,0.543582163029066,-0.19117491456540658,1.979433506745886,-0.4233986138572037,0.4358974358974359,39,18.76923076923077,0.016571090400000002
C_w30.5_w50.5_wt3.0,S2_re300,0.07155983709573577,0.08579148585461494,0.3778277266513734,-0.3564562563365252,0.21386671879200003,-0.11723435488690381,0.381044793107737,-0.21378981241348405,0.5,76,6.421052631578948,0.0420883212
C_w30.5_w50.5_wt3.0,UU4_re300h20tr12,-0.03604152676557526,-0.13169886512554863,0.06583941732134897,-0.35229348498578594,0.269513108597667,-0.2406864752273129,0.5124122198978516,-0.42588328535649067,0.5753424657534246,73,6.684931506849315,0.0389969256
C_w30.5_w50.5_wt3.0,N2_re300,0.21894868238909804,0.4061041849452205,0.7816445996099439,-0.21553394604435017,0.16315152238423813,0.0479706718609505,0.22966929195348396,0.14348158008520095,0.5254237288135594,59,8.271186440677965,0.032884534800000004
A_w30.5_w51.0_wt0.5,D01_t1h5sl8,-0.03858153398909825,-0.052525358075829476,0.0039243509132069416,-0.23582983229213073,0.04380662123171253,-0.07893047768138406,0.010929526950746338,-0.06276885117598052,0.4897959183673469,49,4.979591836734694,0.0463319292
A_w30.5_w51.0_wt0.5,hold20_t1,0.1865525215067998,0.17207715471290186,0.679308248694944,-0.21563599624596974,-0.06184000481618557,0.2647656344313838,-0.11222554033946586,0.32024202989696127,0.6153846153846154,13,18.76923076923077,0.012917402400000002
A_w30.5_w51.0_wt0.5,hold30sl5_t1,0.0028741523164841354,-0.012069880785973819,0.18055958438621672,-0.3263234939846046,0.3087450963326348,-0.2337131538244248,0.263733143710531,-0.2182446712497399,0.2857142857142857,14,17.428571428571427,0.014803810799999999
A_w30.5_w51.0_wt0.5,h20tr20_t2,0.12548619774676695,0.25244520647739477,0.5896444525761265,-0.18636984495137887,-0.04745776937235324,0.18156041964162073,-0.22541314657254763,0.6169202987831226,0.5769230769230769,26,18.76923076923077,0.0124016536
A_w30.5_w51.0_wt0.5,hold20_t2,0.12548619774676695,0.25244520647739477,0.5896444525761265,-0.18636984495137887,-0.04745776937235324,0.18156041964162073,-0.22541314657254763,0.6169202987831226,0.5769230769230769,26,18.76923076923077,0.0124016536
A_w30.5_w51.0_wt0.5,h25sl8_t3,-0.22165879379923947,-0.5743808367323853,-1.0633425043052718,-0.33175845085121713,-0.10272473856153364,-0.132550244444538,-0.342270087580796,-0.35289675103548224,0.3142857142857143,35,20.914285714285715,0.011892576000000002
A_w30.5_w51.0_wt0.5,S2_re300,0.02599122542162169,0.008342825270687637,0.2310413454073958,-0.2744731252963709,0.0735711569630575,-0.044319308722889694,0.1695108934167986,-0.13780809486540901,0.546875,64,7.625,0.0303046156
A_w30.5_w51.0_wt0.5,UU4_re300h20tr12,0.167429540078885,0.30557572124525145,0.7785374130900657,-0.21114004116515794,0.1261956644676543,0.03661342066231543,0.10743345112540026,0.17892025016807422,0.6129032258064516,62,7.870967741935484,0.0316249368
A_w30.5_w51.0_wt0.5,N2_re300,0.13679780787243678,0.2540212442997174,0.6448198912996692,-0.21411995936985528,0.10828537405016103,0.025726617430742005,0.24950018593403,0.003618293471727707,0.6031746031746031,63,7.746031746031746,0.0311650992
C_w30.5_w51.0_wt0.5,D01_t1h5sl8,-0.04072890633461379,-0.03483943880338025,0.009208740327474712,-0.1949482170216793,0.0785550786640905,-0.1105960996877885,0.05083089576339739,-0.08152628069099599,0.5102040816326531,49,4.979591836734694,0.04698783
C_w30.5_w51.0_wt0.5,hold20_t1,-0.04364037759152095,-0.05639893032543086,0.05119121734051295,-0.28111424893200276,-0.1176639252624182,0.08389495770408395,-0.2697192091909494,0.29210720253121947,0.46153846153846156,13,18.76923076923077,0.0113766312
C_w30.5_w51.0_wt0.5,hold30sl5_t1,-0.3356139162584566,-0.35830536983138683,-1.1766789994912374,-0.43334926536498175,-0.09195172375101934,-0.26833616546685357,-0.12644920272813143,-0.2654180705087221,0.26666666666666666,15,16.266666666666666,0.0122110524
C_w30.5_w51.0_wt0.5,h20tr20_t2,-0.012519768474486326,-0.07771660097666022,0.07581739451729895,-0.20547021056467452,-0.11400274573617963,0.11454096135548042,-0.3881708019352468,0.5074197209622702,0.5,26,18.76923076923077,0.011623896
C_w30.5_w51.0_wt0.5,hold20_t2,-0.012519768474486326,-0.07771660097666022,0.07581739451729895,-0.20547021056467452,-0.11400274573617963,0.11454096135548042,-0.3881708019352468,0.5074197209622702,0.5,26,18.76923076923077,0.011623896
C_w30.5_w51.0_wt0.5,h25sl8_t3,-0.2269772854523201,-0.5836639204047724,-0.9608801700472185,-0.33264108499197875,-0.11710270827583358,-0.12444774517534019,-0.3746456139404868,-0.334239770478549,0.24242424242424243,33,22.181818181818183,0.0111503848
C_w30.5_w51.0_wt0.5,S2_re300,0.3181142966612893,0.6945528448345755,1.2013880789927731,-0.1963579233066064,0.11034638799579999,0.1871199032227382,0.09537742241214375,0.5470036264787899,0.5735294117647058,68,7.176470588235294,0.035932866
C_w30.5_w51.0_wt0.5,UU4_re300h20tr12,0.42659395365496744,1.0173833472527631,1.4956847943811789,-0.1466386007268755,0.09361136416953153,0.30447981832951787,0.029002421628413044,0.9605234204018891,0.5806451612903226,62,7.870967741935484,0.03331660680000001
C_w30.5_w51.0_wt0.5,N2_re300,0.45440333762536245,1.0938991026970588,1.5602867029826188,-0.14593365855536833,0.08743213390188287,0.3374658447941288,0.0888329643756176,0.9230673309912032,0.5692307692307692,65,7.507692307692308,0.0351300852
A_w30.5_w51.0_wt1.0,D01_t1h5sl8,-0.3712677759210551,-0.3844130056590127,-1.4645531457932512,-0.5085068661828619,-0.08288244383566512,-0.31444751018779415,-0.10206404896556576,-0.3144422008810064,0.40816326530612246,49,4.979591836734694,0.039302374800000005
A_w30.5_w51.0_wt1.0,hold20_t1,0.007791644698032396,-0.007620342283416126,0.1801300784476528,-0.21285629696315367,-0.05901695342670821,0.07099872666997697,-0.14968239334122158,0.1670693984757312,0.5384615384615384,13,18.76923076923077,0.0122383884
A_w30.5_w51.0_wt1.0,hold30sl5_t1,-0.2513279932566904,-0.27307317895027217,-0.9303106858440617,-0.3735920136709505,0.07269117178306672,-0.3020619294378649,-0.01570069700059029,-0.2614778667072126,0.35714285714285715,14,17.428571428571427,0.012540410399999999
A_w30.5_w51.0_wt1.0,h20tr20_t2,-0.014116202553270174,-0.06139290257094576,0.07254375488116749,-0.20917416806553246,-0.09966551772956,0.0950194809384104,-0.28618505799729,0.3149165731886443,0.5384615384615384,26,18.76923076923077,0.0117224308
A_w30.5_w51.0_wt1.0,hold20_t2,-0.014116202553270174,-0.06139290257094576,0.07254375488116749,-0.20917416806553246,-0.09966551772956,0.0950194809384104,-0.28618505799729,0.3149165731886443,0.5384615384615384,26,18.76923076923077,0.0117224308
A_w30.5_w51.0_wt1.0,h25sl8_t3,-0.14645975362336494,-0.42483418786516247,-0.5927844989380617,-0.26301583239000026,-0.059880247508580675,-0.09209412512112314,-0.19562953635828018,-0.28494911470167283,0.35294117647058826,34,21.529411764705884,0.011748798400000001
A_w30.5_w51.0_wt1.0,S2_re300,0.06876873146610718,0.11724565486506511,0.41145173047159955,-0.21258896266803817,0.11706327121324778,-0.043233486402867505,0.26057751710804755,-0.11370333065419713,0.5538461538461539,65,7.507692307692308,0.03360908160000001
A_w30.5_w51.0_wt1.0,UU4_re300h20tr12,0.011304879086007968,0.0010444972750607295,0.1691101579699356,-0.2807353864959721,0.11650646681274024,-0.09422389466945802,0.06417058989438829,-0.059319523785742345,0.5161290322580645,62,7.870967741935484,0.031980365999999996
A_w30.5_w51.0_wt1.0,N2_re300,0.06873488020773322,0.14490491620741763,0.3994886692536549,-0.24016684407839917,0.12243235504474281,-0.04784027705159044,0.10337507449751993,0.03763891596772817,0.5245901639344263,61,8.0,0.031462960799999995
C_w30.5_w51.0_wt1.0,D01_t1h5sl8,-0.027578646226510406,-0.033335821906279484,0.06633135528168119,-0.24373931755514733,0.056692583431966925,-0.07974999633741886,0.018538353711301303,-0.050930016948860124,0.46938775510204084,49,4.979591836734694,0.04847029800000001
C_w30.5_w51.0_wt1.0,hold20_t1,0.052948991142342194,0.0381438354568453,0.3249005779412809,-0.2154284420229181,0.0589817511071451,-0.005696755358150396,-0.11573737654058813,0.1740220698183752,0.46153846153846156,13,18.76923076923077,0.012842860799999998
C_w30.5_w51.0_wt1.0,hold30sl5_t1,-0.22827329610397296,-0.24422318053352354,-0.5583472726201507,-0.3914768410674927,-0.11048851438871887,-0.1324151330483514,-0.19846001062063845,-0.05709405708917892,0.23529411764705882,17,14.352941176470589,0.015383599199999999
C_w30.5_w51.0_wt1.0,h20tr20_t2,-0.006289342784683072,-0.04866586869684475,0.11676156966988156,-0.2803693958549892,0.0327061536167228,-0.03776049582433183,-0.147229454788516,0.11558042974763838,0.4230769230769231,26,18.76923076923077,0.012394060800000002
C_w30.5_w51.0_wt1.0,hold20_t2,-0.006289342784683072,-0.04866586869684475,0.11676156966988156,-0.2803693958549892,0.0327061536167228,-0.03776049582433183,-0.147229454788516,0.11558042974763838,0.4230769230769231,26,18.76923076923077,0.012394060800000002
C_w30.5_w51.0_wt1.0,h25sl8_t3,-0.32483509304453684,-0.720176336700431,-1.4597402457231454,-0.39680931969799393,-0.14812829057558852,-0.20743358479218033,-0.4265423810508707,-0.5120412493387907,0.17647058823529413,34,21.529411764705884,0.011358215999999999
C_w30.5_w51.0_wt1.0,S2_re300,0.12983697379167092,0.22063793912470886,0.6083605330872207,-0.24201354976789702,-0.0041573506937324645,0.13455371145104777,-0.0696470867825949,0.31201603368276887,0.5909090909090909,66,7.393939393939394,0.032246484
C_w30.5_w51.0_wt1.0,UU4_re300h20tr12,0.2986697139256027,0.6091673561382909,1.0517359001554583,-0.16495221057779708,0.009473233561969607,0.28648256412227124,-0.1832785333801369,0.9702767980350695,0.5555555555555556,63,7.746031746031746,0.0320076408
C_w30.5_w51.0_wt1.0,N2_re300,0.34250812578891887,0.7480936161495795,1.1726292984900397,-0.19912281669270193,0.006147339791968909,0.33430569529359033,-0.047363964686955584,0.8350068140925844,0.559322033898305,59,8.271186440677965,0.030304424400000002
A_w30.5_w51.0_wt2.0,D01_t1h5sl8,-0.003298262886483605,0.023233270079831225,0.14763777098063083,-0.28470704231442523,0.008852383502573336,-0.012044028033984966,0.008377694712084605,0.01473215388008775,0.40816326530612246,49,4.979591836734694,0.047472228
A_w30.5_w51.0_wt2.0,hold20_t1,-0.07858116591513986,-0.05316206196369255,-0.0838509588370192,-0.42812960593711913,0.24132680762422676,-0.2577145450935987,0.09593812499259036,-0.13604799719627503,0.6153846153846154,13,18.76923076923077,0.014658929999999999
A_w30.5_w51.0_wt2.0,hold30sl5_t1,-0.2804490537007087,-0.26710835823881485,-0.5914414643109873,-0.4854943048480329,-0.006055992694042112,-0.2760649080730381,-0.06368403896933328,-0.2172603349039982,0.38461538461538464,13,18.76923076923077,0.0120572568
A_w30.5_w51.0_wt2.0,h20tr20_t2,-0.1583191563275541,-0.3422516186951331,-0.45744255423987307,-0.41485733273228165,0.11204065432371002,-0.2431204377286772,-0.04196859404524078,-0.3134375582923975,0.5,26,18.76923076923077,0.013356974399999997
A_w30.5_w51.0_wt2.0,hold20_t2,-0.1517583611751,-0.3278462936681995,-0.4066485168752937,-0.4154318273785318,0.11204065432371002,-0.2372206577818331,-0.04196859404524078,-0.29840117750425665,0.5,26,18.76923076923077,0.0134079448
A_w30.5_w51.0_wt2.0,h25sl8_t3,0.09964801334938511,0.09925871540420528,0.4715548676695763,-0.40239650260629645,0.45462694798810377,-0.24403434511487054,1.376291204757361,-0.5374057214858696,0.40540540540540543,37,19.783783783783782,0.015189179999999998
A_w30.5_w51.0_wt2.0,S2_re300,0.026114984303895916,0.046294777818031596,0.23176784132167294,-0.24962181727856092,0.06523841542682618,-0.03672739412730697,-0.009879139506473789,0.05673440442059352,0.5232558139534884,86,5.674418604651163,0.0429491196
A_w30.5_w51.0_wt2.0,UU4_re300h20tr12,-0.01758719771874573,-0.01884862696566658,0.06005692402294159,-0.2751074238877841,0.004317748526040388,-0.02181077281262256,-0.14457676310948298,0.14697769562683582,0.5189873417721519,79,6.177215189873418,0.0387193744
A_w30.5_w51.0_wt2.0,N2_re300,-0.01571125525589545,-0.029833654204258542,0.060050113849435975,-0.2743224711617528,0.03818505463552513,-0.05191397203299375,-0.11527525017856066,0.09657421247856646,0.5316455696202531,79,6.177215189873418,0.0389153588
C_w30.5_w51.0_wt2.0,D01_t1h5sl8,0.2523028699210492,0.2729033811254704,0.7704457073879685,-0.2747207391736006,0.02352762816798859,0.22351643029172097,0.03733775873754985,0.22708671346795084,0.5,50,4.88,0.0529122348
C_w30.5_w51.0_wt2.0,hold20_t1,1.008179419587461,1.0550710906348542,1.8275014562078946,-0.20307962054998785,0.10945269062116458,0.810063138846518,0.27140551275865965,0.6163773634863505,0.6923076923076923,13,18.76923076923077,0.0159010452
C_w30.5_w51.0_wt2.0,hold30sl5_t1,-0.3571454347504889,-0.3544811299719428,-1.0794849587228166,-0.5191689748538433,-0.04055772168889826,-0.3299705675039436,-0.10979484779468829,-0.27486504832182945,0.25,16,15.25,0.0141308556
C_w30.5_w51.0_wt2.0,h20tr20_t2,0.40788007777493074,0.8746017075878336,1.1959458702446035,-0.14392239957635922,0.014557949097639966,0.38767832732188023,-0.04747802945996493,0.968040387063223,0.5769230769230769,26,18.76923076923077,0.013498884000000001
C_w30.5_w51.0_wt2.0,hold20_t2,0.40788007777493074,0.8746017075878336,1.1959458702446035,-0.14392239957635922,0.014557949097639966,0.38767832732188023,-0.04747802945996493,0.968040387063223,0.5769230769230769,26,18.76923076923077,0.013498884000000001
C_w30.5_w51.0_wt2.0,h25sl8_t3,0.3174315900061784,1.029475549033156,1.107148915200172,-0.20317575174956903,0.06371738100398816,0.2385165585643818,0.0705826411636461,0.8956738798111492,0.42857142857142855,35,20.914285714285715,0.013149344
C_w30.5_w51.0_wt2.0,S2_re300,0.1593144086685816,0.3345760979038801,0.6341955469552691,-0.2843139595744524,0.17319795975188845,-0.011833937289016494,0.3995515188815051,-0.04642588722246643,0.5671641791044776,67,7.2835820895522385,0.036041149200000004
C_w30.5_w51.0_wt2.0,UU4_re300h20tr12,0.15078852707530532,0.2911164213721462,0.6254176323388523,-0.23153265046643334,0.15209666291765833,-0.0011354393120448503,0.1811323300586436,0.09311750132861185,0.5671641791044776,67,7.2835820895522385,0.037122798000000005
C_w30.5_w51.0_wt2.0,N2_re300,0.09424465707943064,0.1347483856410887,0.46320142243587986,-0.3264326157252798,0.17336315736655905,-0.06742882609736678,0.2288525479171244,-0.07657888852127925,0.5789473684210527,57,8.56140350877193,0.030538596
A_w30.5_w51.0_wt3.0,D01_t1h5sl8,0.06465732209774999,0.07901349072130337,0.35712340195026915,-0.31082738738715476,0.1149068333339125,-0.04507059220894738,0.15611483029385065,-0.06669003593090295,0.5,50,4.88,0.054090355199999995
A_w30.5_w51.0_wt3.0,hold20_t1,-0.10076496106047061,-0.07518658515523957,-0.09510070205467686,-0.40744366455602776,0.23454701525649235,-0.2716072957718003,0.1511143872965146,-0.1965929493620876,0.5384615384615384,13,18.76923076923077,0.0149801484
A_w30.5_w51.0_wt3.0,hold30sl5_t1,-0.08459606494183447,-0.06207565537727189,0.07957617042532938,-0.49948219490925216,0.09461298407593777,-0.16371909672628238,0.016249485310358303,-0.0770727481979584,0.42857142857142855,14,17.428571428571427,0.013579545600000001
A_w30.5_w51.0_wt3.0,h20tr20_t2,-0.1837699263099104,-0.3766809552564855,-0.5409265733966829,-0.45754858382564456,0.00596052406266212,-0.18860625823201183,-0.25369810315663177,-0.164789681789681,0.5,26,18.76923076923077,0.012527435999999998
A_w30.5_w51.0_wt3.0,hold20_t2,-0.2550494027195882,-0.4785846449442236,-0.8700018356952203,-0.4589968741491366,0.00596052406266212,-0.2594633890086837,-0.25369810315663177,-0.30133454402138593,0.5,26,18.76923076923077,0.0124603144
A_w30.5_w51.0_wt3.0,h25sl8_t3,0.1647680475794555,0.3479520235813365,0.6582714473037306,-0.20309314122643962,0.041031555006109555,0.11885950236409482,-0.17551725931013262,0.634906295859472,0.4594594594594595,37,19.783783783783782,0.0135837464
A_w30.5_w51.0_wt3.0,S2_re300,0.6561920812535744,1.6128683723506705,1.936225839706028,-0.15088155276476634,0.3306717976116105,0.24462852840665272,0.4811530391637189,0.7640772447295083,0.6067415730337079,89,5.48314606741573,0.0598718172
A_w30.5_w51.0_wt3.0,UU4_re300h20tr12,0.5965141610850311,1.349170600513769,1.780691546818653,-0.17045809762955133,0.3306717976116105,0.19978056493763163,0.3899295757687704,0.6901364223539475,0.611764705882353,85,5.741176470588235,0.0570977028
A_w30.5_w51.0_wt3.0,N2_re300,0.6277736455030778,1.4617317325676336,1.858973041140881,-0.12624583633941333,0.3306717976116105,0.2232720708627991,0.39459441196510325,0.7651954657546931,0.6219512195121951,82,5.951219512195122,0.05406357000000001
C_w30.5_w51.0_wt3.0,D01_t1h5sl8,1.1091991867221989,1.0918302806970157,1.9392881805584874,-0.33769861295541403,0.5976032249405943,0.3202271714246354,0.736167430335958,0.20485515633260865,0.5102040816326531,49,4.979591836734694,0.0730442196
C_w30.5_w51.0_wt3.0,hold20_t1,0.8109115762957855,0.7979884798237258,1.4590461997097455,-0.28518963246590623,-0.0672645850132989,0.9415061840678645,0.034366503048016694,0.7382508758022499,0.6153846153846154,13,18.76923076923077,0.0142697184
C_w30.5_w51.0_wt3.0,hold30sl5_t1,-0.04406450482892832,-0.05647234364244991,0.0956453695407747,-0.3602059090332883,0.19822223830633723,-0.20220517979847674,0.08233046521560361,-0.1282443886769863,0.3333333333333333,15,16.266666666666666,0.0157052052
C_w30.5_w51.0_wt3.0,h20tr20_t2,1.4606126832151576,4.226156634921759,2.3709587842774584,-0.2932783146388087,0.2765593965842641,0.9275348172588811,0.49843735651539967,2.487737817131798,0.6153846153846154,26,18.76923076923077,0.0188089224
C_w30.5_w51.0_wt3.0,hold20_t2,1.4606126832151576,4.226156634921759,2.3709587842774584,-0.2932783146388087,0.2765593965842641,0.9275348172588811,0.49843735651539967,2.487737817131798,0.6153846153846154,26,18.76923076923077,0.0188089224
C_w30.5_w51.0_wt3.0,h25sl8_t3,0.4601179441317347,1.7569044682700192,1.381018634882124,-0.23815735539358496,0.5146066084149459,-0.03597545658422441,1.8413792208259872,-0.029730192976990644,0.46153846153846156,39,18.76923076923077,0.016648807600000003
C_w30.5_w51.0_wt3.0,S2_re300,0.1788654202419966,0.34122679363642616,0.6679077543834067,-0.36168195319352703,0.25008697317905426,-0.056973278231943314,0.3243611160232278,0.012734953789524273,0.5675675675675675,74,6.594594594594595,0.042719844
C_w30.5_w51.0_wt3.0,UU4_re300h20tr12,0.35953714524927793,0.8038946868118964,1.060871746618835,-0.2459995388644569,0.2646770898467319,0.0750073328315306,0.5907527950375571,0.13398806680663888,0.625,80,6.1,0.049317816
C_w30.5_w51.0_wt3.0,N2_re300,0.28894791023530875,0.6535197870429421,0.9921378097913379,-0.2752722532604257,0.23774660423012373,0.041366549364950655,0.2822995275626039,0.28949574689928603,0.5932203389830508,59,8.271186440677965,0.034512006
A_w31.0_w50.0_wt0.5,D01_t1h5sl8,-0.09268897965559597,-0.10638458920566618,-0.16410592433895488,-0.3659197382011502,0.17645784839278877,-0.22877728123967866,0.14360425981408587,-0.21859733983536622,0.4897959183673469,49,4.979591836734694,0.04738638480000001
A_w31.0_w50.0_wt0.5,hold20_t1,0.4083801071089732,0.3948645926699841,1.1856386940755133,-0.17964090725404147,0.04212185029847859,0.3514543493216211,-0.012750810817515945,0.41287995771871544,0.6923076923076923,13,18.76923076923077,0.0139008864
A_w31.0_w50.0_wt0.5,hold30sl5_t1,-0.0778137997996533,-0.0960446892158956,-0.06364845291553498,-0.3285563397111215,0.2177014544846969,-0.2426828457796375,0.17213454897260783,-0.2287956091931308,0.35714285714285715,14,17.428571428571427,0.0138492132
A_w31.0_w50.0_wt0.5,h20tr20_t2,0.024983416324503738,0.023348083840240008,0.2265814365300176,-0.2006877810199148,-0.04953459726784981,0.07840160554834363,-0.2802267038483358,0.42176444904481314,0.5,26,18.76923076923077,0.0120091904
A_w31.0_w50.0_wt0.5,hold20_t2,0.024983416324503738,0.023348083840240008,0.2265814365300176,-0.2006877810199148,-0.04953459726784981,0.07840160554834363,-0.2802267038483358,0.42176444904481314,0.5,26,18.76923076923077,0.0120091904
A_w31.0_w50.0_wt0.5,h25sl8_t3,-0.14242012849639096,-0.39289335401895586,-0.5882245915808068,-0.28787971375664745,-0.009805541422877706,-0.13392782187861962,-0.06301658353647321,-0.3520625495460129,0.37142857142857144,35,20.914285714285715,0.0123589328
A_w31.0_w50.0_wt0.5,S2_re300,-0.042812143579725404,-0.12736663834868955,-0.06326535603734865,-0.2622658525544709,0.009492153014729166,-0.051812484562909766,-0.06449312163817744,-0.06720796839100862,0.576271186440678,59,8.271186440677965,0.0277099516
A_w31.0_w50.0_wt0.5,UU4_re300h20tr12,0.5292266209270464,1.2938723137712755,1.8741717686673265,-0.125197264167083,0.18587552303651567,0.2895338433256123,0.2865959203091224,0.7829003477798555,0.6615384615384615,65,7.507692307692308,0.0376299216
A_w31.0_w50.0_wt0.5,N2_re300,0.23176847543610468,0.5099594565036893,1.0318937913293553,-0.1873984767183401,0.13784477970606712,0.08254526224069036,0.22258096091636181,0.23505886708061396,0.5490196078431373,51,9.568627450980392,0.0269383428
C_w31.0_w50.0_wt0.5,D01_t1h5sl8,0.2605232027761757,0.2519355392463327,0.8821920826735665,-0.17383994444814888,0.3444911625598921,-0.06245333708541689,0.3002095172584618,-0.03712784545210501,0.4897959183673469,49,4.979591836734694,0.0590908236
C_w31.0_w50.0_wt0.5,hold20_t1,0.03210189341356795,0.016979345985345784,0.2641519629587938,-0.20070162361268507,-0.024528581363896018,0.05805446853239804,-0.1881767043530771,0.25271022824608536,0.5384615384615384,13,18.76923076923077,0.012244426800000001
C_w31.0_w50.0_wt0.5,hold30sl5_t1,-0.4086547656607612,-0.42539569742283756,-1.444792463971255,-0.49534062923982325,-0.09195172375101934,-0.3487733529080611,-0.12644920272813143,-0.34221993229051717,0.25,16,15.25,0.0126014268
C_w31.0_w50.0_wt0.5,h20tr20_t2,-0.09564239781982486,-0.21996092366219433,-0.29602902343388077,-0.26691409731426996,-0.08211792155252984,-0.014734437663464162,-0.33950623413220227,0.18099385133929635,0.5,26,18.76923076923077,0.011556704
C_w31.0_w50.0_wt0.5,hold20_t2,-0.09564239781982486,-0.21996092366219433,-0.29602902343388077,-0.26691409731426996,-0.08211792155252984,-0.014734437663464162,-0.33950623413220227,0.18099385133929635,0.5,26,18.76923076923077,0.011556704
C_w31.0_w50.0_wt0.5,h25sl8_t3,-0.1811813044657663,-0.5327543490634297,-0.7873014508912299,-0.2588277643354905,-0.10030954960447558,-0.0898884219852919,-0.3361748431985132,-0.2961314494498777,0.3055555555555556,36,20.333333333333332,0.012384711999999999
C_w31.0_w50.0_wt0.5,S2_re300,0.22834337318648523,0.4680511135133161,0.9092345217922052,-0.23057048883538667,0.046630393881068155,0.17361714351863644,-0.06392920865861185,0.5683120626054368,0.5151515151515151,66,7.393939393939394,0.0332333952
C_w31.0_w50.0_wt0.5,UU4_re300h20tr12,0.32664130753510157,0.7136713871857807,1.1861107762132108,-0.2052676674193784,0.09480059876586355,0.21176523746021547,0.09349507602675677,0.5671505293032062,0.5344827586206896,58,8.413793103448276,0.030517869600000008
C_w31.0_w50.0_wt0.5,N2_re300,0.22398909932705302,0.4965957956404692,0.9966050731371359,-0.1904510767315477,0.1529224733971999,0.06164042038355477,0.12357246431055957,0.3319975730793676,0.5344827586206896,58,8.413793103448276,0.0308094672
A_w31.0_w50.0_wt1.0,D01_t1h5sl8,-0.23065049028148754,-0.23879662737510898,-0.7976952687941734,-0.4209774398708649,0.007927044292828311,-0.23670119372747334,-0.013082801141372724,-0.22870594057411808,0.40816326530612246,49,4.979591836734694,0.0434659536
A_w31.0_w50.0_wt1.0,hold20_t1,0.04249410601875314,0.027352699895135668,0.2925991646679766,-0.23965224795432194,-0.0340205850512173,0.07920944265052277,-0.12750024865296694,0.17748194003382634,0.6153846153846154,13,18.76923076923077,0.0122645208
A_w31.0_w50.0_wt1.0,hold30sl5_t1,-0.26579460277107625,-0.27350257068613204,-0.738788649860489,-0.3906011792989188,-0.14451621248762447,-0.14176585465881453,-0.22839154521910066,-0.05846362256339044,0.2777777777777778,18,13.555555555555555,0.0149949996
A_w31.0_w50.0_wt1.0,h20tr20_t2,0.01229240156164968,-0.006530047077539347,0.17511390809234573,-0.21282608190211094,0.006471977477051638,0.00578299666046167,-0.2141209738115748,0.2641512495133862,0.6153846153846154,26,18.76923076923077,0.012072028399999999
A_w31.0_w50.0_wt1.0,hold20_t2,0.01229240156164968,-0.006530047077539347,0.17511390809234573,-0.21282608190211094,0.006471977477051638,0.00578299666046167,-0.2141209738115748,0.2641512495133862,0.6153846153846154,26,18.76923076923077,0.012072028399999999
A_w31.0_w50.0_wt1.0,h25sl8_t3,-0.04334763056273638,-0.17419536687385995,-0.05479425853026158,-0.2682158141412099,-0.028098431691829906,-0.015690065093167282,-0.12605394806880532,-0.05508511503504654,0.4117647058823529,34,21.529411764705884,0.0118733384
A_w31.0_w50.0_wt1.0,S2_re300,0.329530604462156,0.7227631680639008,1.298539179524624,-0.19543863323386956,0.12679792240241827,0.17991928990026396,0.15259882928538482,0.4946771802050325,0.5571428571428572,70,6.9714285714285715,0.0386319696
A_w31.0_w50.0_wt1.0,UU4_re300h20tr12,0.11672161922086688,0.20360981437779624,0.5601486866241151,-0.2882205935836488,0.11219382257107657,0.004071049989581521,0.036683432920199266,0.1610196287090142,0.5,66,7.393939393939394,0.03401661239999999
A_w31.0_w50.0_wt1.0,N2_re300,0.21528764209942253,0.45074829754981516,0.8954862086134989,-0.20647453056164744,0.13247987078812695,0.07312074452472728,0.1651591396387182,0.24510742626938398,0.5147058823529411,68,7.176470588235294,0.0364492308
C_w31.0_w50.0_wt1.0,D01_t1h5sl8,0.15891066284901112,0.1524794001823948,0.619457990658379,-0.2482641764186314,0.3305702239103976,-0.12901202655572586,0.2856269020874713,-0.10356620703011499,0.5306122448979592,49,4.979591836734694,0.0567541464
C_w31.0_w50.0_wt1.0,hold20_t1,0.08215788643837763,0.07032047728229873,0.4124594468930309,-0.20457992398945002,0.09304775541573096,-0.009962848305023031,-0.08833019003818143,0.17402206981837498,0.46153846153846156,13,18.76923076923077,0.0130420464
C_w31.0_w50.0_wt1.0,hold30sl5_t1,-0.37916346386018096,-0.3956527843272579,-1.2699420537363009,-0.4719438777799232,-0.057187723322986495,-0.34150567244628294,-0.16135585654308482,-0.2793758587741334,0.29411764705882354,17,14.352941176470589,0.0136223448
C_w31.0_w50.0_wt1.0,h20tr20_t2,0.23329654529629562,0.4516696016508459,0.8617999828400936,-0.2583489576461645,0.052211675509792776,0.1720992781217412,-0.15732824188179395,0.7226987705065733,0.5,26,18.76923076923077,0.0128907804
C_w31.0_w50.0_wt1.0,hold20_t2,0.23329654529629562,0.4516696016508459,0.8617999828400936,-0.2583489576461645,0.052211675509792776,0.1720992781217412,-0.15732824188179395,0.7226987705065733,0.5,26,18.76923076923077,0.0128907804
C_w31.0_w50.0_wt1.0,h25sl8_t3,0.14240907579334183,0.1483001710924159,0.608135937030668,-0.29435552284308275,0.2824584928002152,-0.10920385945675237,0.6387465677330577,-0.299281418065208,0.29411764705882354,34,21.529411764705884,0.013278400399999998
C_w31.0_w50.0_wt1.0,S2_re300,0.3091732662153448,0.6831600104530835,1.1094235446876468,-0.24963069179248099,0.009528206816258766,0.29681692633836887,-0.03673755950394897,0.7473535141537411,0.5972222222222222,72,6.777777777777778,0.0351996084
C_w31.0_w50.0_wt1.0,UU4_re300h20tr12,0.13878992656704137,0.255458049450322,0.6336445748528501,-0.17015953403665285,0.025907149196479073,0.11003215784096598,-0.09046864126676668,0.3803350894892561,0.5384615384615384,65,7.507692307692308,0.0315579024
C_w31.0_w50.0_wt1.0,N2_re300,0.302735169902014,0.6722572846709198,1.0827217895689711,-0.16713667492613382,0.040878219463492016,0.2515730904365492,-0.06506743632323442,0.7886394694549006,0.5538461538461539,65,7.507692307692308,0.0325714152
A_w31.0_w50.0_wt2.0,D01_t1h5sl8,0.5721073751709242,0.6025975492525404,1.4727215428577582,-0.30876629344107287,0.28611764202905254,0.22236669787895824,0.33850462818366633,0.19730445118239515,0.56,50,4.88,0.060966848399999996
A_w31.0_w50.0_wt2.0,hold20_t1,0.26117626704307306,0.2982801902149872,0.8327130997271445,-0.27115565002366093,0.18943376878649887,0.060316513738942756,0.10855466848897777,0.17114674370062066,0.6153846153846154,13,18.76923076923077,0.0157505544
A_w31.0_w50.0_wt2.0,hold30sl5_t1,-0.0808532329588958,-0.05964793731298579,-0.012477220441704524,-0.42185994580967745,0.17931295460736107,-0.2206082673389076,0.08989219560939077,-0.13720635263266945,0.42857142857142855,14,17.428571428571427,0.014486039999999999
A_w31.0_w50.0_wt2.0,h20tr20_t2,-0.11239407497440845,-0.23990058929321212,-0.24573137326195368,-0.42577937289452683,0.09804015680478728,-0.19164529682734277,-0.06349328451975866,-0.18836736764134343,0.5,26,18.76923076923077,0.013314254000000003
A_w31.0_w50.0_wt2.0,hold20_t2,-0.1442653175632147,-0.3003133893540625,-0.36764350029291043,-0.4274295306019982,0.09804015680478728,-0.220670867878906,-0.06349328451975866,-0.25287603486416266,0.5,26,18.76923076923077,0.013342654800000003
A_w31.0_w50.0_wt2.0,h25sl8_t3,0.4218076337281087,1.0530172255586292,1.2729497230920068,-0.20647442312414155,0.39871320950231204,0.016511193337492402,0.9789792231565226,0.03741221814548035,0.43243243243243246,37,19.783783783783782,0.015575804800000002
A_w31.0_w50.0_wt2.0,S2_re300,0.4522176034215004,1.0365061795106905,1.4889947706401774,-0.1386473420515918,0.12386145578640861,0.2921678165440136,0.15060326348126796,0.7699464656036472,0.5568181818181818,88,5.545454545454546,0.0510127636
A_w31.0_w50.0_wt2.0,UU4_re300h20tr12,0.18540349102234677,0.3226701509386827,0.7399449526609155,-0.20626542585829588,0.0757906302647482,0.10189051444947439,0.056216153928972945,0.2522722228954186,0.5568181818181818,88,5.545454545454546,0.0485751132
A_w31.0_w50.0_wt2.0,N2_re300,0.44033589686448305,1.0287271151302293,1.4855095264937181,-0.1265301844230038,0.12386145578640861,0.2815956001059101,0.15060326348126796,0.7631856083843407,0.5764705882352941,85,5.741176470588235,0.049985603200000006
C_w31.0_w50.0_wt2.0,D01_t1h5sl8,0.7292843401344884,0.7653773800115005,1.5300968456685302,-0.34527643730579427,0.4216569485607009,0.2163865142608643,0.5835127364785595,0.11484886691683571,0.4897959183673469,49,4.979591836734694,0.065804178
C_w31.0_w50.0_wt2.0,hold20_t1,0.5262465119955559,0.5469870952757045,1.161445038254544,-0.24577325110969728,-0.11568286543482664,0.7259040363907754,0.008153825576578067,0.5344752517215907,0.6153846153846154,13,18.76923076923077,0.0131974944
C_w31.0_w50.0_wt2.0,hold30sl5_t1,-0.10745991378470021,-0.1008194021701816,-0.10438139414552342,-0.3594602690025417,0.1491481637183243,-0.22330286520470322,0.07329446613011048,-0.16222376411580708,0.35714285714285715,14,17.428571428571427,0.015133270800000001
C_w31.0_w50.0_wt2.0,h20tr20_t2,0.8706836458855716,2.403708847579535,1.8946655810234085,-0.16733294149178135,0.1869607548842127,0.5760282201310503,0.3583666424717469,1.5057364787654004,0.6153846153846154,26,18.76923076923077,0.0155050812
C_w31.0_w50.0_wt2.0,hold20_t2,0.8706836458855716,2.403708847579535,1.8946655810234085,-0.16733294149178135,0.1869607548842127,0.5760282201310503,0.3583666424717469,1.5057364787654004,0.6153846153846154,26,18.76923076923077,0.0155050812
C_w31.0_w50.0_wt2.0,h25sl8_t3,0.3565863662681106,1.1105228643771956,1.133314904168722,-0.28433890971246145,0.4653387040216208,-0.07421651898979975,1.4487224443688436,-0.13811266391966226,0.40540540540540543,37,19.783783783783782,0.015031588399999999
C_w31.0_w50.0_wt2.0,S2_re300,0.07885547490449119,0.1264457901004732,0.4025678170912985,-0.3436949159935969,0.16700755443850634,-0.07553685423778467,0.27027723753943533,-0.11322839077048141,0.5285714285714286,70,6.9714285714285715,0.038160138
C_w31.0_w50.0_wt2.0,UU4_re300h20tr12,-0.04693916960789968,-0.14455168643213234,-0.005402398244564918,-0.37921741320691693,0.13131609211235573,-0.15756450647442266,0.12306175000286479,-0.2382891559028829,0.5797101449275363,69,7.072463768115942,0.03625233
C_w31.0_w50.0_wt2.0,N2_re300,0.14851391781369294,0.2939965437777783,0.6441153989809209,-0.1960539555783679,0.16664035733836569,-0.015537298543338296,0.3014649298504788,-0.005738445886173338,0.5294117647058824,51,9.568627450980392,0.026896278
A_w31.0_w50.0_wt3.0,D01_t1h5sl8,0.43644546817307983,0.480946691250818,1.099700745766608,-0.2836891314184167,0.25466659398166236,0.14488221417814806,0.30118774529493275,0.13814989159396118,0.48,50,4.88,0.0607752924
A_w31.0_w50.0_wt3.0,hold20_t1,-0.11124075394730293,-0.08931475921367271,-0.12058279664021332,-0.45193750785609976,0.24574460200958304,-0.2865638393142641,0.1602313287279007,-0.21508304573638826,0.46153846153846156,13,18.76923076923077,0.015369727199999997
A_w31.0_w50.0_wt3.0,hold30sl5_t1,-0.186526677403271,-0.16942813448173277,-0.2802450402197113,-0.44180555096036755,0.2896226319589188,-0.36921599975252106,0.08874836347804282,-0.23713146822560727,0.46153846153846156,13,18.76923076923077,0.0132795228
A_w31.0_w50.0_wt3.0,h20tr20_t2,0.6092045055134891,1.232744438827067,1.4222114145779547,-0.31516480182545004,0.5022949127900964,0.07116418475040809,0.574976396956111,0.41763676150461326,0.5384615384615384,26,18.76923076923077,0.0168214116
A_w31.0_w50.0_wt3.0,hold20_t2,0.3609628622369776,0.5856559329177411,0.9893389677331726,-0.3445296991796024,0.5022949127900964,-0.09407743403100155,0.574976396956111,0.006780759370279776,0.5384615384615384,26,18.76923076923077,0.0166393824
A_w31.0_w50.0_wt3.0,h25sl8_t3,0.5582655405319361,2.063374718086711,1.5778666808033153,-0.1589294960562101,0.3477392535380299,0.15620698621134754,1.048177289034184,0.4956589619891958,0.5526315789473685,38,19.263157894736842,0.015452424400000003
A_w31.0_w50.0_wt3.0,S2_re300,0.6488968270534599,1.575344820278441,1.7515583540549962,-0.2728993930102953,0.31382470945820007,0.2550356338886628,0.701410181330969,0.5136531146556418,0.6022727272727273,88,5.545454545454546,0.05819049
A_w31.0_w50.0_wt3.0,UU4_re300h20tr12,0.9450308884554837,2.568138760489632,2.2657365529528435,-0.1661625936789105,0.3194419651784668,0.4741314432820869,0.6699140286669212,1.1367200342271788,0.5977011494252874,87,5.609195402298851,0.0622576584
A_w31.0_w50.0_wt3.0,N2_re300,0.6713110404185945,1.6252156500243715,1.7898056539789118,-0.19231791266856557,0.31382470945820007,0.2720959108067129,0.701410181330969,0.5429645824563796,0.5952380952380952,84,5.809523809523809,0.05508577319999999
C_w31.0_w50.0_wt3.0,D01_t1h5sl8,1.434905020915016,1.4337882539987263,2.2606880529717954,-0.2968274341492615,0.6806189463074892,0.44881445390389096,0.8295970196586204,0.3302318640925861,0.5510204081632653,49,4.979591836734694,0.07756814399999999
C_w31.0_w50.0_wt3.0,hold20_t1,0.7313964573101344,0.717288048441729,1.3649062958427525,-0.3203050856216636,-0.0672645850132989,0.856256800686418,0.034366503048016694,0.6602316909734751,0.6153846153846154,13,18.76923076923077,0.014076632399999999
C_w31.0_w50.0_wt3.0,hold30sl5_t1,-0.06655620922454042,-0.0788272716729641,0.0331232695008984,-0.3736168348355261,0.19822223830633723,-0.22097607527726726,0.08233046521560361,-0.14889882717702563,0.3333333333333333,15,16.266666666666666,0.015571728
C_w31.0_w50.0_wt3.0,h20tr20_t2,1.6167393464829094,4.9679633199335616,2.3824395860951095,-0.2931755209771352,0.28938180404796277,1.0294526712473817,0.5999538067349464,2.730084765454877,0.6153846153846154,26,18.76923076923077,0.019239770399999998
C_w31.0_w50.0_wt3.0,hold20_t2,1.6167393464829094,4.9679633199335616,2.3824395860951095,-0.2931755209771352,0.28938180404796277,1.0294526712473817,0.5999538067349464,2.730084765454877,0.6153846153846154,26,18.76923076923077,0.019239770399999998
C_w31.0_w50.0_wt3.0,h25sl8_t3,0.04004751934792061,0.13215977124520006,0.2851817004277,-0.3176296335535228,0.36229063097474645,-0.23654505455730412,1.2556260225826672,-0.49807292524986524,0.42105263157894735,38,19.263157894736842,0.014629247200000002
C_w31.0_w50.0_wt3.0,S2_re300,0.38805275942515305,0.8649151352584312,1.169620290581906,-0.2506199158284279,0.37297741185779953,0.010980040485121245,0.7466941133203262,0.06768272763762573,0.6,75,6.506666666666667,0.0482163588
C_w31.0_w50.0_wt3.0,UU4_re300h20tr12,0.028538898535723334,0.025824786590984417,0.26133678332309024,-0.38388607658776,0.385265201903197,-0.2575148086282494,0.84662774300836,-0.4444875040598042,0.5921052631578947,76,6.421052631578948,0.045391734
C_w31.0_w50.0_wt3.0,N2_re300,0.10810369759412097,0.16184445131566427,0.4797070926266967,-0.35316423173315314,0.40992264023365954,-0.21406773253142442,0.9064436975079184,-0.3905697541267996,0.5846153846153846,65,7.507692307692308,0.039506436
A_w31.0_w50.25_wt0.5,D01_t1h5sl8,0.018613875988262363,0.007239470636467571,0.21145530750460143,-0.22407045918114088,0.07804709777749075,-0.0551304501554295,0.04372588742860595,-0.034957853620004364,0.5102040816326531,49,4.979591836734694,0.04801476599999999
A_w31.0_w50.25_wt0.5,hold20_t1,0.4083801071089732,0.3948645926699841,1.1856386940755133,-0.17964090725404147,0.04212185029847859,0.3514543493216211,-0.012750810817515945,0.41287995771871544,0.6923076923076923,13,18.76923076923077,0.0139008864
A_w31.0_w50.25_wt0.5,hold30sl5_t1,-0.010362323759041558,-0.02540345076227024,0.14536429156597463,-0.32841808168647957,0.3087450963326348,-0.24382702253164457,0.263733143710531,-0.22879560919313102,0.35714285714285715,14,17.428571428571427,0.014766295199999998
A_w31.0_w50.25_wt0.5,h20tr20_t2,0.04887217273656974,0.06539361174236613,0.3209741496914759,-0.19725172082930553,-0.03005508727871342,0.08137293054493622,-0.25065830428801905,0.42177276113014295,0.5384615384615384,26,18.76923076923077,0.012216401200000001
A_w31.0_w50.25_wt0.5,hold20_t2,0.04887217273656974,0.06539361174236613,0.3209741496914759,-0.19725172082930553,-0.03005508727871342,0.08137293054493622,-0.25065830428801905,0.42177276113014295,0.5384615384615384,26,18.76923076923077,0.012216401200000001
A_w31.0_w50.25_wt0.5,h25sl8_t3,-0.15673622257283004,-0.45168813670087615,-0.6749685622554338,-0.28337835197752104,-0.030001579530336553,-0.13065448393321,-0.15323975335934226,-0.3524591341239328,0.34285714285714286,35,20.914285714285715,0.012106618400000001
A_w31.0_w50.25_wt0.5,S2_re300,0.008781215083346172,0.0031150633621719326,0.1614913182078035,-0.20744237048153513,0.06522905753227537,-0.05299127173614482,0.03991355949392106,-0.035386110504855406,0.5396825396825397,63,7.746031746031746,0.030879574800000004
A_w31.0_w50.25_wt0.5,UU4_re300h20tr12,0.12064362121516803,0.22493306788178113,0.6153608285265902,-0.19955740825932977,0.1487480142621227,-0.024465237543854434,0.0967082877227492,0.11691785463323434,0.6166666666666667,60,8.133333333333333,0.031174974
A_w31.0_w50.25_wt0.5,N2_re300,0.2555530195832054,0.53746439182405,1.0899833442347449,-0.14135594806638896,0.10124797817506392,0.14011834252249855,0.1681360836496697,0.3161689064689004,0.5714285714285714,56,8.714285714285714,0.029817802800000005
C_w31.0_w50.25_wt0.5,D01_t1h5sl8,0.10490718857053882,0.10006678337704722,0.47046935077115,-0.20279505819490617,0.2946868164317329,-0.146583425004854,0.25021914093724096,-0.12010083084124767,0.4897959183673469,49,4.979591836734694,0.0553061544
C_w31.0_w50.25_wt0.5,hold20_t1,-0.049930436488302865,-0.06988532724200569,0.03875792638560107,-0.24359595697825243,-0.07879316197499975,0.03133142774816777,-0.2362845388548509,0.21788116134684343,0.46153846153846156,13,18.76923076923077,0.011694504000000001
C_w31.0_w50.25_wt0.5,hold30sl5_t1,-0.41296036219466703,-0.42767601030598035,-1.4723745945463471,-0.49948131804302354,-0.09195172375101934,-0.353514947211496,-0.12644920272813143,-0.3448303275763601,0.23529411764705882,17,14.352941176470589,0.013303921199999999
C_w31.0_w50.25_wt0.5,h20tr20_t2,-0.09564239781982486,-0.21996092366219422,-0.29602902343388077,-0.26691409731426996,-0.08211792155252984,-0.014734437663464162,-0.33950623413220227,0.18099385133929635,0.5,26,18.76923076923077,0.011556704
C_w31.0_w50.25_wt0.5,hold20_t2,-0.09564239781982486,-0.21996092366219422,-0.29602902343388077,-0.26691409731426996,-0.08211792155252984,-0.014734437663464162,-0.33950623413220227,0.18099385133929635,0.5,26,18.76923076923077,0.011556704
C_w31.0_w50.25_wt0.5,h25sl8_t3,-0.1921534330056045,-0.552180333640524,-0.8067383791660743,-0.27076812837490594,-0.11710270827583358,-0.08500504581139656,-0.3746456139404869,-0.2838945782706025,0.2777777777777778,36,20.333333333333332,0.0122929112
C_w31.0_w50.25_wt0.5,S2_re300,0.2909073163363911,0.6277021825477014,1.0994833130578237,-0.22782208687372962,0.0655253080383702,0.2115219662993726,-0.03033943294278585,0.6786308919290716,0.5294117647058824,68,7.176470588235294,0.0351783516
C_w31.0_w50.25_wt0.5,UU4_re300h20tr12,0.046228311040723113,0.05945768112206884,0.3079117632787349,-0.19161409403813723,-0.02482265590634891,0.07285953409131762,-0.14125234013610732,0.2337240968901011,0.5,52,9.384615384615385,0.024550686000000002
C_w31.0_w50.25_wt0.5,N2_re300,0.31369506555824556,0.7074410000942299,1.1656797399472323,-0.17510347791210745,0.09830069335452829,0.1961160304341074,0.10210264412847403,0.5492576931837856,0.5094339622641509,53,9.20754716981132,0.027850528800000003
A_w31.0_w50.25_wt1.0,D01_t1h5sl8,-0.2443143325678212,-0.25501889729602656,-0.8072331162801308,-0.4506688539273086,0.0418251089040802,-0.27465208798134855,0.020591318027767924,-0.2700495393752662,0.4489795918367347,49,4.979591836734694,0.04306954080000001
A_w31.0_w50.25_wt1.0,hold20_t1,0.01727024474372585,0.0012336251334987836,0.21281570525831317,-0.25668959560692217,-0.05901695342670821,0.08107180936813219,-0.14968239334122158,0.177481940033827,0.5384615384615384,13,18.76923076923077,0.012058705199999999
A_w31.0_w50.25_wt1.0,hold30sl5_t1,-0.1415673191791159,-0.1594331509347604,-0.4128332277679537,-0.33456366693740414,0.08698452650290389,-0.21026228074959563,-0.015378871196747856,-0.14630427432844328,0.42857142857142855,14,17.428571428571427,0.013148371200000002
A_w31.0_w50.25_wt1.0,h20tr20_t2,0.09407285324681047,0.1496220613863284,0.5020918360517033,-0.15889554025293984,0.01059241397152677,0.08260544817194271,-0.09064772669378585,0.2642208032389297,0.6153846153846154,26,18.76923076923077,0.012504073200000002
A_w31.0_w50.25_wt1.0,hold20_t2,0.09407285324681047,0.1496220613863284,0.5020918360517033,-0.15889554025293984,0.01059241397152677,0.08260544817194271,-0.09064772669378585,0.2642208032389297,0.6153846153846154,26,18.76923076923077,0.012504073200000002
A_w31.0_w50.25_wt1.0,h25sl8_t3,-0.15038433429268572,-0.45482795082797023,-0.6145363294353084,-0.27375310007820186,-0.06679977218528899,-0.08956766149010476,-0.22722686447750384,-0.29452510172546065,0.35294117647058826,34,21.529411764705884,0.0117312224
A_w31.0_w50.25_wt1.0,S2_re300,0.14073057286391544,0.29171950651008416,0.6818812537137731,-0.13597657834379828,0.12306221434401143,0.0157323060951029,0.19622130576075825,0.07983322173700302,0.6,70,6.9714285714285715,0.0371678412
A_w31.0_w50.25_wt1.0,UU4_re300h20tr12,0.172485735403336,0.3539916350224137,0.769912769772919,-0.22545379596292703,0.04725098831911834,0.11958427204277378,-0.15188376832128436,0.5964694277132239,0.5633802816901409,71,6.873239436619718,0.035666467199999996
A_w31.0_w50.25_wt1.0,N2_re300,0.18386992022851212,0.4041910203729311,0.8541577563127218,-0.14467016615113693,0.12729502328361852,0.05018641595711104,0.04704451288906042,0.34109964102520696,0.5645161290322581,62,7.870967741935484,0.032772885599999996
C_w31.0_w50.25_wt1.0,D01_t1h5sl8,0.11701478760477202,0.10158595432496131,0.5120222553928717,-0.24793198122004245,0.27678130857344363,-0.12513225240364922,0.2323873697975165,-0.10613660824359594,0.5306122448979592,49,4.979591836734694,0.0551760024
C_w31.0_w50.25_wt1.0,hold20_t1,0.052948991142342194,0.0381438354568453,0.3249005779412809,-0.2154284420229181,0.0589817511071451,-0.005696755358150396,-0.11573737654058813,0.1740220698183752,0.46153846153846156,13,18.76923076923077,0.012842860799999998
C_w31.0_w50.25_wt1.0,hold30sl5_t1,-0.1813273145090748,-0.1987420356046018,-0.41068997758122244,-0.3200602399287221,-0.1349077418797504,-0.0536585227686448,-0.22244188909052565,0.030479848584182623,0.2,15,16.266666666666666,0.013725650400000003
C_w31.0_w50.25_wt1.0,h20tr20_t2,0.18541381261706014,0.33530556016901625,0.7312097935650186,-0.25859167989303233,0.0011087023008038432,0.1841009971171732,-0.23912754383358525,0.7549663538838429,0.46153846153846156,26,18.76923076923077,0.012509239200000001
C_w31.0_w50.25_wt1.0,hold20_t2,0.18541381261706014,0.33530556016901625,0.7312097935650186,-0.25859167989303233,0.0011087023008038432,0.1841009971171732,-0.23912754383358525,0.7549663538838429,0.46153846153846156,26,18.76923076923077,0.012509239200000001
C_w31.0_w50.25_wt1.0,h25sl8_t3,0.14097238012897506,0.11869516702327321,0.5968319331567201,-0.3142888705274697,0.2499954183155091,-0.08721875023626469,0.49827853392258725,-0.2533463293407404,0.2647058823529412,34,21.529411764705884,0.0131105748
C_w31.0_w50.25_wt1.0,S2_re300,0.22196879064265684,0.4812216776072149,0.8632812126584946,-0.21251832877044108,-0.003538365428049639,0.22630791617740265,-0.05478791319226817,0.5670786464546294,0.53125,64,7.625,0.0313970892
C_w31.0_w50.25_wt1.0,UU4_re300h20tr12,0.33594595700219676,0.7308615617059886,1.2495805352963563,-0.1121875293507083,0.002774538358777834,0.3322495794405731,-0.03535319126338399,0.7942956386004874,0.532258064516129,62,7.870967741935484,0.030999411600000002
C_w31.0_w50.25_wt1.0,N2_re300,0.3356666564485329,0.7491767367883486,1.231310811240853,-0.1325301522699791,0.0004874861955208587,0.33501585464858974,-0.0462312084913894,0.8339630656415302,0.5245901639344263,61,8.0,0.030676704000000003
A_w31.0_w50.25_wt2.0,D01_t1h5sl8,0.23977255368443084,0.2830109600071551,0.8562052528333547,-0.1867734701545407,0.053436282706819105,0.17688423499029038,0.09246712373582788,0.17441608276479714,0.42857142857142855,49,4.979591836734694,0.052792792799999995
A_w31.0_w50.25_wt2.0,hold20_t1,0.2391046740942402,0.2732923856437304,0.7928640114514951,-0.25134105942321094,0.24913804116171945,-0.008032232416961604,0.1635057580418562,0.09435847381335005,0.6923076923076923,13,18.76923076923077,0.0160768524
A_w31.0_w50.25_wt2.0,hold30sl5_t1,-0.20951129858634288,-0.19215253689410372,-0.45751931664201806,-0.48188454912432,-0.006055992694042112,-0.20469493693488594,-0.06368403896933328,-0.13720635263266956,0.42857142857142855,14,17.428571428571427,0.012880968000000003
A_w31.0_w50.25_wt2.0,h20tr20_t2,-0.1817122359753598,-0.36995114442056753,-0.5559891459149572,-0.43014303903889617,0.09804015680478728,-0.2547742822031258,-0.06349328451975866,-0.32723509061401335,0.5,26,18.76923076923077,0.013230726399999998
A_w31.0_w50.25_wt2.0,hold20_t2,-0.13563380376914336,-0.2945554817820213,-0.3253820352134327,-0.43450194619070726,0.09804015680478728,-0.2128100316967494,-0.06349328451975866,-0.24672775266088043,0.5,26,18.76923076923077,0.0133139952
A_w31.0_w50.25_wt2.0,h25sl8_t3,0.39220337600177246,1.1226730414977686,1.2427898914614677,-0.2182935757995068,0.42216478743531183,-0.021067468199356676,1.1933899265848944,-0.03224090902853394,0.4166666666666667,36,20.333333333333332,0.015373466799999999
A_w31.0_w50.25_wt2.0,S2_re300,0.3444637870478009,0.8269828533078252,1.257389081698495,-0.21373580339868958,0.1973888913322619,0.12282968113383697,0.25451810296162236,0.45632243089577407,0.5802469135802469,81,6.0246913580246915,0.0466302996
A_w31.0_w50.25_wt2.0,UU4_re300h20tr12,0.3387356051359407,0.8205419104910345,1.240730534617146,-0.21844231258046198,0.21943331294341673,0.09783420784573904,0.45161589475148767,0.2541485093084528,0.5813953488372093,86,5.674418604651163,0.05194313279999999
A_w31.0_w50.25_wt2.0,N2_re300,0.387438469870526,0.9388849407713935,1.4028860892009958,-0.18601253590013178,0.17131382006222307,0.18451472705822103,0.32738425252771686,0.4606809874979336,0.5662650602409639,83,5.879518072289157,0.04967067480000001
C_w31.0_w50.25_wt2.0,D01_t1h5sl8,0.5163410616647328,0.5377631199813206,1.2202942994219101,-0.34242243882855494,0.29616542304345694,0.16986692802242165,0.4375291485866968,0.0697265662356612,0.5102040816326531,49,4.979591836734694,0.0618968844
C_w31.0_w50.25_wt2.0,hold20_t1,0.5262465119955559,0.5469870952757045,1.161445038254544,-0.24577325110969728,-0.11568286543482664,0.7259040363907754,0.008153825576578067,0.5344752517215907,0.6153846153846154,13,18.76923076923077,0.0131974944
C_w31.0_w50.25_wt2.0,hold30sl5_t1,-0.23003236738290145,-0.2224049049034671,-0.5014235559865109,-0.46087187541326413,0.1491481637183243,-0.3299666162057834,0.07329446613011048,-0.2755062849618116,0.3125,16,15.25,0.016195641599999998
C_w31.0_w50.25_wt2.0,h20tr20_t2,0.48600744920225813,1.0790356415182165,1.3372486645949087,-0.14047817064801527,0.017099480476473916,0.46102468610653524,-0.05109688666092704,1.1909883235627152,0.6153846153846154,26,18.76923076923077,0.0135303
C_w31.0_w50.25_wt2.0,hold20_t2,0.48600744920225813,1.0790356415182165,1.3372486645949087,-0.14047817064801527,0.017099480476473916,0.46102468610653524,-0.05109688666092704,1.1909883235627152,0.6153846153846154,26,18.76923076923077,0.0135303
C_w31.0_w50.25_wt2.0,h25sl8_t3,0.022807766760410964,-0.06379425953299322,0.22239749519409477,-0.24567382367460722,0.09300490353994206,-0.06422399071786478,0.17803558900652794,-0.2052822943519591,0.42105263157894735,38,19.263157894736842,0.0137871264
C_w31.0_w50.25_wt2.0,S2_re300,0.2934903850105044,0.6447032871759271,0.9579532883041453,-0.20405639605582926,0.25847900672159363,0.027820391203915218,0.3507204861443787,0.21764888002159588,0.5571428571428572,70,6.9714285714285715,0.0402117864
C_w31.0_w50.25_wt2.0,UU4_re300h20tr12,0.19926037920490058,0.39970292427902554,0.7561937414349693,-0.2573814857716893,0.24315743331197148,-0.035310937239961926,0.23170254724224737,0.13639687391483224,0.6153846153846154,65,7.507692307692308,0.0372550104
C_w31.0_w50.25_wt2.0,N2_re300,0.15214731086253885,0.2940588917678031,0.6347615735830443,-0.28171844191404927,0.25847900672159363,-0.08449222854821703,0.3798186858435211,-0.062152944408989885,0.5517241379310345,58,8.413793103448276,0.0322446888
A_w31.0_w50.25_wt3.0,D01_t1h5sl8,0.7044443302491525,0.7437719421230478,1.5106323008919558,-0.2906882462155872,0.655197833642365,0.029752634764158348,0.7177326033641684,0.015159134028126298,0.54,50,4.88,0.07316390639999999
A_w31.0_w50.25_wt3.0,hold20_t1,-0.11874595657086462,-0.09647080111419626,-0.15531913287187105,-0.40744366455602776,0.23454701525649235,-0.28617214853818795,0.1511143872965146,-0.21508304573638837,0.5384615384615384,13,18.76923076923077,0.0150567504
A_w31.0_w50.25_wt3.0,hold30sl5_t1,-0.245496841051294,-0.22473524722480465,-0.4600627363893882,-0.5179230047938951,0.09461298407593777,-0.3107123979662548,0.016249485310358303,-0.23713146822560716,0.46153846153846156,13,18.76923076923077,0.012678293999999998
A_w31.0_w50.25_wt3.0,h20tr20_t2,0.13182586121048345,0.14063986922738114,0.5332191025436159,-0.41771913037960373,0.44441674604630377,-0.21641322401685859,0.42269028926550933,-0.19825145512432107,0.5,26,18.76923076923077,0.014883758400000002
A_w31.0_w50.25_wt3.0,hold20_t2,-0.07537904092914494,-0.2430941691152091,-0.04583830204951011,-0.4434461215322164,0.44441674604630377,-0.359865522466593,0.42269028926550933,-0.4679756819908022,0.5,26,18.76923076923077,0.014705758000000001
A_w31.0_w50.25_wt3.0,h25sl8_t3,0.28777645725495615,0.7027358801686439,0.999169370067,-0.15993666326496114,0.06678447823519917,0.20715710017204847,0.018001784438373747,0.6726256340582295,0.5,38,19.263157894736842,0.014260152400000002
A_w31.0_w50.25_wt3.0,S2_re300,0.9099105024790755,2.4831015517093507,2.228388680248914,-0.23898337478910303,0.6098954893143345,0.18635682574184975,1.3787040620572677,0.46428536751096416,0.6404494382022472,89,5.48314606741573,0.069074502
A_w31.0_w50.25_wt3.0,UU4_re300h20tr12,1.066017956389528,3.0987058790674915,2.518575439970219,-0.1615390272589068,0.5553415816028116,0.32833711952872435,0.9045465207630823,1.1520639345818076,0.6428571428571429,84,5.809523809523809,0.06615389519999999
A_w31.0_w50.25_wt3.0,N2_re300,0.9461894551441818,2.5487578368773502,2.3261343574260787,-0.1670239463640215,0.5553415816028116,0.25129391393149425,0.9109384975240205,0.8570759035287798,0.6385542168674698,83,5.879518072289157,0.0633985488
C_w31.0_w50.25_wt3.0,D01_t1h5sl8,1.3940962484595159,1.382096142365893,2.2372649069036896,-0.2757957636049332,0.5976032249405943,0.49855496726888293,0.736167430335958,0.3720428691056279,0.5510204081632653,49,4.979591836734694,0.0758994852
C_w31.0_w50.25_wt3.0,hold20_t1,0.8109115762957855,0.7979884798237258,1.4590461997097455,-0.28518963246590623,-0.0672645850132989,0.9415061840678645,0.034366503048016694,0.7382508758022499,0.6153846153846154,13,18.76923076923077,0.0142697184
C_w31.0_w50.25_wt3.0,hold30sl5_t1,-0.04406450482892832,-0.05647234364244991,0.0956453695407747,-0.3602059090332883,0.19822223830633723,-0.20220517979847674,0.08233046521560361,-0.1282443886769863,0.3333333333333333,15,16.266666666666666,0.0157052052
C_w31.0_w50.25_wt3.0,h20tr20_t2,1.5645058236192164,4.7625281749416235,2.3886070817130727,-0.2915165690261393,0.2947053257848582,0.9807640955401162,0.5448786119580025,2.730084765454879,0.6153846153846154,26,18.76923076923077,0.0189873612
C_w31.0_w50.25_wt3.0,hold20_t2,1.5645058236192164,4.7625281749416235,2.3886070817130727,-0.2915165690261393,0.2947053257848582,0.9807640955401162,0.5448786119580025,2.730084765454879,0.6153846153846154,26,18.76923076923077,0.0189873612
C_w31.0_w50.25_wt3.0,h25sl8_t3,0.23158666024277363,0.6629094015526209,0.829709505122485,-0.2811802961764155,0.543582163029066,-0.20212432500129784,1.9794335067458855,-0.4418706113804708,0.4358974358974359,39,18.76923076923077,0.0165150544
C_w31.0_w50.25_wt3.0,S2_re300,0.060879797827946724,0.08294428690981492,0.34885619781652666,-0.322119609203415,0.15056486603564911,-0.07794872836393718,0.2315050860760517,-0.1206335246568867,0.5540540540540541,74,6.594594594594595,0.040766890800000004
C_w31.0_w50.25_wt3.0,UU4_re300h20tr12,-0.14474284961409134,-0.2932495268899372,-0.2918248731553299,-0.3493616254185907,0.02751174899295239,-0.16764246129143312,0.008989999701630058,-0.2995466027224678,0.47692307692307695,65,7.507692307692308,0.032487454000000006
C_w31.0_w50.25_wt3.0,N2_re300,0.12424764488276563,0.23783370318309882,0.5295878943375851,-0.33910787694747435,0.18178627834288874,-0.04868785034533085,0.3417081198836611,-0.07741953347466413,0.5757575757575758,66,7.393939393939394,0.035410503600000004
A_w31.0_w50.5_wt0.5,D01_t1h5sl8,0.096497853907207,0.08743793758562735,0.47481221379068966,-0.1543476128073401,0.053725993971486474,0.04059106464149553,0.022504487428394615,0.06350431803046708,0.5102040816326531,49,4.979591836734694,0.048352243200000006
A_w31.0_w50.5_wt0.5,hold20_t1,0.4083801071089732,0.3948645926699841,1.1856386940755133,-0.17964090725404147,0.04212185029847859,0.3514543493216211,-0.012750810817515945,0.41287995771871544,0.6923076923076923,13,18.76923076923077,0.0139008864
A_w31.0_w50.5_wt0.5,hold30sl5_t1,0.11842136741338982,0.1024747844612015,0.5038571208857437,-0.32333533088783517,0.3087450963326348,-0.14542459754200376,0.263733143710531,-0.12760475583939213,0.35714285714285715,14,17.428571428571427,0.0148500372
A_w31.0_w50.5_wt0.5,h20tr20_t2,0.11270309921801047,0.21162579852126773,0.5577322670147508,-0.17644855426727823,-0.03005508727871342,0.14718174674085271,-0.25065830428801905,0.6169202987831224,0.5769230769230769,26,18.76923076923077,0.0123147292
A_w31.0_w50.5_wt0.5,hold20_t2,0.11270309921801047,0.21162579852126773,0.5577322670147508,-0.17644855426727823,-0.03005508727871342,0.14718174674085271,-0.25065830428801905,0.6169202987831224,0.5769230769230769,26,18.76923076923077,0.0123147292
A_w31.0_w50.5_wt0.5,h25sl8_t3,-0.17209484078284998,-0.4730074458777205,-0.7342883293626258,-0.2921830221399029,-0.06090483809357461,-0.11840120916345853,-0.22491991550293122,-0.3200798670188608,0.3142857142857143,35,20.914285714285715,0.012067753600000002
A_w31.0_w50.5_wt0.5,S2_re300,0.1165190353050709,0.21079860484725899,0.565111273335514,-0.1943312100435436,0.07504411996498739,0.038579733212655176,0.029835381154518226,0.17572053456725079,0.5757575757575758,66,7.393939393939394,0.03285760680000001
A_w31.0_w50.5_wt0.5,UU4_re300h20tr12,0.3402413166252978,0.774219242889874,1.2610231383647477,-0.16909982964154568,0.13851748997074664,0.17718113988721562,0.10161317013467297,0.6105646618885059,0.6229508196721312,61,8.0,0.0327109104
A_w31.0_w50.5_wt0.5,N2_re300,0.1935423550451545,0.3981468368093757,0.9032239135379788,-0.17146638466473862,0.11946771936239853,0.06616951467340848,0.08685233094365974,0.28641840018453646,0.5454545454545454,55,8.872727272727273,0.0285777276
C_w31.0_w50.5_wt0.5,D01_t1h5sl8,-0.06230899830978931,-0.06676982297274614,-0.07090339990251243,-0.1896451436912323,0.08240607911046949,-0.13369758375635443,0.044657326246249074,-0.10666382785959583,0.4897959183673469,49,4.979591836734694,0.047851647600000005
C_w31.0_w50.5_wt0.5,hold20_t1,0.008581224249606612,-0.013197751969901028,0.20777228905548462,-0.24359595697825243,-0.07879316197499975,0.09484773952821524,-0.2362845388548509,0.29210720253121947,0.46153846153846156,13,18.76923076923077,0.0119003808
C_w31.0_w50.5_wt0.5,hold30sl5_t1,-0.35870427567155805,-0.37435099574738073,-1.3242352380582267,-0.40758893905897986,-0.09195172375101934,-0.293764724737386,-0.12644920272813143,-0.2837863508263696,0.26666666666666666,15,16.266666666666666,0.012283003200000003
C_w31.0_w50.5_wt0.5,h20tr20_t2,-0.09735882213328251,-0.22720128065593892,-0.2970214918006908,-0.25300751284564105,-0.09890596848912003,0.0017169643807799506,-0.36558881206066773,0.21813538921694198,0.5,26,18.76923076923077,0.011400011599999997
C_w31.0_w50.5_wt0.5,hold20_t2,-0.09735882213328251,-0.22720128065593892,-0.2970214918006908,-0.25300751284564105,-0.09890596848912003,0.0017169643807799506,-0.36558881206066773,0.21813538921694198,0.5,26,18.76923076923077,0.011400011599999997
C_w31.0_w50.5_wt0.5,h25sl8_t3,-0.23185474027283182,-0.598661420593434,-1.016904134942109,-0.3564110511394206,-0.11710270827583358,-0.12997211914978735,-0.3746456139404869,-0.3582221723341812,0.22857142857142856,35,20.914285714285715,0.011810530399999998
C_w31.0_w50.5_wt0.5,S2_re300,0.22326904605036768,0.4365212275421655,0.9291211624454246,-0.19581444794280733,0.010298093974515199,0.21080011270537402,-0.13441664782055518,0.6595989559239572,0.532258064516129,62,7.870967741935484,0.030873400800000003
C_w31.0_w50.5_wt0.5,UU4_re300h20tr12,0.2683376141286564,0.5702139560974051,1.013357456013823,-0.18365818766117636,0.05677891070037977,0.20019201867689307,0.013424139782754363,0.5494144006023074,0.5483870967741935,62,7.870967741935484,0.031463246400000006
C_w31.0_w50.5_wt0.5,N2_re300,0.3525458009430107,0.7743223272311723,1.283802542493547,-0.16456346678146605,0.09977832402907061,0.22983493254160536,0.15293416406181537,0.5389623991886845,0.5714285714285714,56,8.714285714285714,0.0298115808
A_w31.0_w50.5_wt1.0,D01_t1h5sl8,-0.27910437019284695,-0.29142267223959895,-1.028875437093468,-0.4295321810234647,-0.02542688475466337,-0.26029600188008795,-0.04791903649673801,-0.2557593787474427,0.4489795918367347,49,4.979591836734694,0.0422097012
A_w31.0_w50.5_wt1.0,hold20_t1,0.007791644698032396,-0.007620342283416126,0.1801300784476528,-0.21285629696315367,-0.05901695342670821,0.07099872666997697,-0.14968239334122158,0.1670693984757312,0.5384615384615384,13,18.76923076923077,0.0122383884
A_w31.0_w50.5_wt1.0,hold30sl5_t1,-0.22191614674003768,-0.2443499386500717,-0.7951199792382355,-0.3735920136709505,0.07269117178306672,-0.27464318367922946,-0.01570069700059029,-0.23229645795006582,0.42857142857142855,14,17.428571428571427,0.0125796192
A_w31.0_w50.5_wt1.0,h20tr20_t2,0.06092159108097195,0.10693220013894478,0.3671241629112009,-0.16529205764814214,-0.035904689821671054,0.10043227042016478,-0.1815991370688249,0.3525550256317782,0.5769230769230769,26,18.76923076923077,0.0121226992
A_w31.0_w50.5_wt1.0,hold20_t2,0.06092159108097195,0.10693220013894478,0.3671241629112009,-0.16529205764814214,-0.035904689821671054,0.10043227042016478,-0.1815991370688249,0.3525550256317782,0.5769230769230769,26,18.76923076923077,0.0121226992
A_w31.0_w50.5_wt1.0,h25sl8_t3,-0.07908709682159376,-0.2822240598124943,-0.24678719757286235,-0.27586914362284565,-0.018330142137346073,-0.061891433456591205,-0.08271450489393628,-0.21749995610198658,0.37142857142857144,35,20.914285714285715,0.012253164799999999
A_w31.0_w50.5_wt1.0,S2_re300,0.2514293962426075,0.5598276913046909,1.0059175353394598,-0.17997623855099665,0.22090538588112563,0.02500112679857769,0.5103484712024375,0.03276013519109422,0.6119402985074627,67,7.2835820895522385,0.0375576444
A_w31.0_w50.5_wt1.0,UU4_re300h20tr12,0.25890520153648877,0.5999927884296787,1.013968416501873,-0.17576989922610897,0.1860087571820157,0.061463664507567684,0.13602158286839527,0.408417597480657,0.609375,64,7.625,0.0363756684
A_w31.0_w50.5_wt1.0,N2_re300,0.19236082163810186,0.43686681024517626,0.8329387057034104,-0.19355740093618323,0.22615657422633784,-0.027562346684442685,0.32199792104285696,0.08689037053228166,0.5806451612903226,62,7.870967741935484,0.0344349756
C_w31.0_w50.5_wt1.0,D01_t1h5sl8,0.06805936679017832,0.062415754524079325,0.3714797052332632,-0.2225488305976946,0.15425534282356823,-0.07467669659863518,0.11308478548809742,-0.045521268123163816,0.4897959183673469,49,4.979591836734694,0.05089394040000001
C_w31.0_w50.5_wt1.0,hold20_t1,0.12468664024963427,0.10772483286332157,0.5232648644452098,-0.17828664733441946,0.0589817511071451,0.06204534598806388,-0.11573737654058813,0.25271022824608447,0.46153846153846156,13,18.76923076923077,0.0130165872
C_w31.0_w50.5_wt1.0,hold30sl5_t1,-0.22827329610397296,-0.24422318053352354,-0.5583472726201507,-0.3914768410674927,-0.11048851438871887,-0.1324151330483514,-0.19846001062063845,-0.05709405708917892,0.23529411764705882,17,14.352941176470589,0.015383599199999999
C_w31.0_w50.5_wt1.0,h20tr20_t2,-0.06605713268848701,-0.16097680578195628,-0.1407343187378502,-0.24833929991099646,0.0011087023008038432,-0.0670914505437098,-0.23912754383358525,0.10271200832447525,0.4230769230769231,26,18.76923076923077,0.012032124000000002
C_w31.0_w50.5_wt1.0,hold20_t2,-0.06605713268848701,-0.16097680578195628,-0.1407343187378502,-0.24833929991099646,0.0011087023008038432,-0.0670914505437098,-0.23912754383358525,0.10271200832447525,0.4230769230769231,26,18.76923076923077,0.012032124000000002
C_w31.0_w50.5_wt1.0,h25sl8_t3,-0.15319782405760318,-0.4526640646975163,-0.5324689440311283,-0.279560387661837,-0.1047498095641115,-0.05411673184889487,-0.34509766153062604,-0.1642480059214515,0.30303030303030304,33,22.181818181818183,0.011323534399999998
C_w31.0_w50.5_wt1.0,S2_re300,0.1137211455860534,0.1887395246305963,0.5336557603981902,-0.2247435069014887,-0.020540512612168826,0.13707729612818653,-0.08882781541941276,0.30462666085200363,0.5357142857142857,56,8.714285714285714,0.0268464404
C_w31.0_w50.5_wt1.0,UU4_re300h20tr12,0.13917252099727317,0.2598631540075691,0.6236947391915458,-0.2089392963576876,-0.046168541752753756,0.19431217239428156,-0.13354488291181255,0.454043180264744,0.509090909090909,55,8.872727272727273,0.025658058800000005
C_w31.0_w50.5_wt1.0,N2_re300,0.2579561531478489,0.5355013507200714,0.9854715969524046,-0.18212122728989466,0.03797826698496953,0.2119291830664769,0.024216644417055067,0.49919585772209385,0.509090909090909,55,8.872727272727273,0.027988473599999997
A_w31.0_w50.5_wt2.0,D01_t1h5sl8,0.30992641691527845,0.356565003015368,1.0427514953540873,-0.18717232977790244,0.10993605783495242,0.18018187414365827,0.15509743345966243,0.1744160827647978,0.4489795918367347,49,4.979591836734694,0.0548793864
A_w31.0_w50.5_wt2.0,hold20_t1,0.2391046740942402,0.2732923856437304,0.7928640114514951,-0.25134105942321094,0.24913804116171945,-0.008032232416961604,0.1635057580418562,0.09435847381335005,0.6923076923076923,13,18.76923076923077,0.0160768524
A_w31.0_w50.5_wt2.0,hold30sl5_t1,-0.2772901862294801,-0.26538507428579605,-0.5835196370176887,-0.4830732296555764,-0.006055992694042112,-0.272886793965996,-0.06368403896933328,-0.2154198408563246,0.38461538461538464,13,18.76923076923077,0.012021862800000001
A_w31.0_w50.5_wt2.0,h20tr20_t2,-0.1583191563275541,-0.3422516186951331,-0.45744255423987307,-0.41485733273228165,0.11204065432371002,-0.2431204377286772,-0.04196859404524067,-0.3134375582923975,0.5,26,18.76923076923077,0.013356974399999997
A_w31.0_w50.5_wt2.0,hold20_t2,-0.12114225071263662,-0.27693955259323233,-0.2754719923261956,-0.4154318273785318,0.11204065432371002,-0.2096891908849845,-0.04196859404524067,-0.24526435885869868,0.5,26,18.76923076923077,0.0134200776
A_w31.0_w50.5_wt2.0,h25sl8_t3,0.33777458894088896,0.8341403589968892,1.0924337488046416,-0.2866494196104734,0.42595575707864053,-0.061840044966338215,1.2095042052637894,-0.1698860067216238,0.4,35,20.914285714285715,0.014859993200000001
A_w31.0_w50.5_wt2.0,S2_re300,0.0589105677824433,0.08337933331443215,0.355351638276372,-0.2805859600386085,0.07960858366411516,-0.019171777804346868,0.00880635276094699,0.07392199736787064,0.5357142857142857,84,5.809523809523809,0.04347240000000001
A_w31.0_w50.5_wt2.0,UU4_re300h20tr12,0.162830169138807,0.3216467634282245,0.7186513660587681,-0.2225280176936112,0.044054988118082505,0.11376333849505049,0.07101564675381367,0.23401256315354435,0.5555555555555556,81,6.0246913580246915,0.0431255796
A_w31.0_w50.5_wt2.0,N2_re300,0.20797114649136206,0.39609380581317977,0.8965558450497825,-0.19888843297453418,0.055741697049331185,0.14419194568850902,0.06740083171662858,0.30793771592620645,0.5714285714285714,77,6.337662337662338,0.041690337599999995
C_w31.0_w50.5_wt2.0,D01_t1h5sl8,-0.07880609596554466,-0.07255811024057657,-0.04226349025982013,-0.31594473596213635,-0.010358324246797834,-0.06916419689647013,-0.0019333843093314318,-0.0707615351730535,0.48,50,4.88,0.049829856
C_w31.0_w50.5_wt2.0,hold20_t1,0.9721685601928902,1.0071351096167298,1.8068141031310443,-0.20513287818126835,0.08537884662354767,0.8170324272745995,0.24174908344890267,0.6163773634863507,0.6923076923076923,13,18.76923076923077,0.0157461276
C_w31.0_w50.5_wt2.0,hold30sl5_t1,-0.16114509274527844,-0.15251325240732128,-0.1784662065871614,-0.4361017872047993,0.1491481637183243,-0.2700202343443515,0.07329446613011048,-0.21038748047551936,0.3333333333333333,15,16.266666666666666,0.0156159756
C_w31.0_w50.5_wt2.0,h20tr20_t2,0.37979111701711665,0.7819608843175496,1.1645179143514113,-0.15441026814353698,-0.040696168982839565,0.4383254526921967,-0.14724716927610637,1.0896569558201992,0.5769230769230769,26,18.76923076923077,0.0131538996
C_w31.0_w50.5_wt2.0,hold20_t2,0.37979111701711665,0.7819608843175496,1.1645179143514113,-0.15441026814353698,-0.040696168982839565,0.4383254526921967,-0.14724716927610637,1.0896569558201992,0.5769230769230769,26,18.76923076923077,0.0131538996
C_w31.0_w50.5_wt2.0,h25sl8_t3,0.08846513117853383,0.11020455078860802,0.4564778993764461,-0.20493842452633115,0.06268080653435981,0.024263470729523506,0.07800176389493174,0.029872666235094103,0.37142857142857144,35,20.914285714285715,0.012735693600000002
C_w31.0_w50.5_wt2.0,S2_re300,0.0318558800976565,0.031090315529485046,0.26249979245614125,-0.24639229757027048,0.08718111428472208,-0.05088870056712236,0.13935352082445585,-0.09502160946203009,0.5507246376811594,69,7.072463768115942,0.03495639920000001
C_w31.0_w50.5_wt2.0,UU4_re300h20tr12,0.11838556897311459,0.23072250243002212,0.5170702530482857,-0.2055884429281839,0.04882716693060307,0.06632017575028626,-0.019673838869747273,0.2554214619867725,0.5846153846153846,65,7.507692307692308,0.034129669200000004
C_w31.0_w50.5_wt2.0,N2_re300,-0.11727000833742007,-0.2697223665553289,-0.29538476525893864,-0.34469307401315263,0.05434037323906016,-0.1627656361572043,-0.007028209463076807,-0.26455349446554466,0.5535714285714286,56,8.714285714285714,0.027288252000000002
A_w31.0_w50.5_wt3.0,D01_t1h5sl8,0.2562781844892983,0.2875513031205734,0.7912104447962306,-0.3157478682107039,0.2990362103877753,-0.03291519170640611,0.3495784308050296,-0.04596037271243092,0.52,50,4.88,0.0594872976
A_w31.0_w50.5_wt3.0,hold20_t1,-0.10076496106047061,-0.07518658515523957,-0.09510070205467686,-0.40744366455602776,0.23454701525649235,-0.2716072957718003,0.1511143872965146,-0.1965929493620876,0.5384615384615384,13,18.76923076923077,0.0149801484
A_w31.0_w50.5_wt3.0,hold30sl5_t1,-0.08459606494183447,-0.06207565537727189,0.07957617042532938,-0.49948219490925216,0.09461298407593777,-0.16371909672628238,0.016249485310358303,-0.0770727481979584,0.42857142857142855,14,17.428571428571427,0.013579545600000001
A_w31.0_w50.5_wt3.0,h20tr20_t2,-0.1837699263099104,-0.3766809552564855,-0.5409265733966829,-0.45754858382564456,0.00596052406266212,-0.18860625823201183,-0.25369810315663177,-0.164789681789681,0.5,26,18.76923076923077,0.012527435999999998
A_w31.0_w50.5_wt3.0,hold20_t2,-0.2550494027195882,-0.4785846449442236,-0.8700018356952203,-0.4589968741491366,0.00596052406266212,-0.2594633890086837,-0.25369810315663177,-0.30133454402138593,0.5,26,18.76923076923077,0.0124603144
A_w31.0_w50.5_wt3.0,h25sl8_t3,0.46251544456255167,1.3588576361834739,1.383459780807624,-0.1431247200421204,0.3022748196548677,0.12304670449679067,0.691163125849771,0.39481378237726283,0.47368421052631576,38,19.263157894736842,0.015442196800000002
A_w31.0_w50.5_wt3.0,S2_re300,0.5860159206235038,1.3721457598085625,1.7678328586328995,-0.15112242307353219,0.24499583947964698,0.27391262711880593,0.2977933501270844,0.8278301083730115,0.5444444444444444,90,5.4222222222222225,0.0573608628
A_w31.0_w50.5_wt3.0,UU4_re300h20tr12,0.4488961649637222,0.9365052514375183,1.4397902699844087,-0.18943829559181335,0.24499583947964698,0.16377590913821605,0.21786291685033787,0.5900847498056245,0.5529411764705883,85,5.741176470588235,0.053304873600000004
A_w31.0_w50.5_wt3.0,N2_re300,0.5226151078247856,1.1658070008802381,1.6574081448856801,-0.12113423101477272,0.24499583947964698,0.22298810931060586,0.22195026855198985,0.7724182862586695,0.5375,80,6.1,0.049271385599999995
C_w31.0_w50.5_wt3.0,D01_t1h5sl8,1.2991044166493602,1.290859926078733,2.1710524659522394,-0.33892609681223607,0.6834001641150427,0.3657503816735044,0.8294839794743811,0.25218911549961076,0.5306122448979592,49,4.979591836734694,0.07772687639999999
C_w31.0_w50.5_wt3.0,hold20_t1,0.8109115762957855,0.7979884798237258,1.4590461997097455,-0.28518963246590623,-0.0672645850132989,0.9415061840678645,0.034366503048016694,0.7382508758022499,0.6153846153846154,13,18.76923076923077,0.0142697184
C_w31.0_w50.5_wt3.0,hold30sl5_t1,-0.04406450482892832,-0.05647234364244991,0.0956453695407747,-0.3602059090332883,0.19822223830633723,-0.20220517979847674,0.08233046521560361,-0.1282443886769863,0.3333333333333333,15,16.266666666666666,0.0157052052
C_w31.0_w50.5_wt3.0,h20tr20_t2,1.3119192782925788,3.872210731515545,2.239431700744657,-0.29166682326883686,0.20426091499089982,0.919782706150559,0.3969544119925543,2.487737817131796,0.5769230769230769,26,18.76923076923077,0.0178085064
C_w31.0_w50.5_wt3.0,hold20_t2,1.3119192782925788,3.872210731515545,2.239431700744657,-0.29166682326883686,0.20426091499089982,0.919782706150559,0.3969544119925543,2.487737817131796,0.5769230769230769,26,18.76923076923077,0.0178085064
C_w31.0_w50.5_wt3.0,h25sl8_t3,0.13124213031734056,0.27357956863755084,0.5540082107518847,-0.3361668649956383,0.543582163029066,-0.2671318978593048,1.9794335067458855,-0.5725430469403074,0.41025641025641024,39,18.76923076923077,0.0160378304
C_w31.0_w50.5_wt3.0,S2_re300,0.2568084541523805,0.5890422175545909,0.8336216978021319,-0.29215965233914576,0.16973791676510874,0.074435936579764,0.24261075051758318,0.2787932318247759,0.5974025974025974,77,6.337662337662338,0.044635506
C_w31.0_w50.5_wt3.0,UU4_re300h20tr12,-0.035183987183011856,-0.09688276239116267,0.06152237386126374,-0.355363525988886,0.15990187552473167,-0.1681916951979131,0.17560444941935827,-0.23178477416030896,0.5555555555555556,72,6.777777777777778,0.039922983599999996
C_w31.0_w50.5_wt3.0,N2_re300,-0.014249060545594161,-0.057187331001472774,0.10026103790085593,-0.35280324445676614,0.1711845997911512,-0.15833000226421412,0.3112699683873159,-0.280992708040085,0.5689655172413793,58,8.413793103448276,0.0317184504
A_w31.0_w51.0_wt0.5,D01_t1h5sl8,0.10374669658568658,0.09109713589372537,0.4992813337251552,-0.15372797373049285,0.07343752014524507,0.02823562235493715,0.04067508506207185,0.04845129047040242,0.5102040816326531,49,4.979591836734694,0.0491496384
A_w31.0_w51.0_wt0.5,hold20_t1,0.3159724797069903,0.303407873540412,0.9925128075702486,-0.17964090725404147,0.04212185029847859,0.2627817748280372,-0.012750810817515945,0.3202420298969615,0.6923076923076923,13,18.76923076923077,0.0137742024
A_w31.0_w51.0_wt0.5,hold30sl5_t1,0.11842136741338982,0.1024747844612015,0.5038571208857437,-0.32333533088783517,0.3087450963326348,-0.14542459754200376,0.263733143710531,-0.12760475583939213,0.35714285714285715,14,17.428571428571427,0.0148500372
A_w31.0_w51.0_wt0.5,h20tr20_t2,0.15549155439173212,0.3187472881297069,0.7071353474135933,-0.13824803421748066,0.01351362910000864,0.14008487031180739,-0.18471089676557828,0.6175210522230241,0.6153846153846154,26,18.76923076923077,0.012541495599999999
A_w31.0_w51.0_wt0.5,hold20_t2,0.15549155439173212,0.3187472881297069,0.7071353474135933,-0.13824803421748066,0.01351362910000864,0.14008487031180739,-0.18471089676557828,0.6175210522230241,0.6153846153846154,26,18.76923076923077,0.012541495599999999
A_w31.0_w51.0_wt0.5,h25sl8_t3,-0.12565612329811704,-0.3911895427219778,-0.5643305830319224,-0.2810444720870654,-0.07122392369797992,-0.05860637562593429,-0.26478261658437174,-0.17193136205560378,0.36363636363636365,33,22.181818181818183,0.011364260800000001
A_w31.0_w51.0_wt0.5,S2_re300,0.24111667066439457,0.4743206716756987,1.0154641165865568,-0.17500218058145478,0.0293164458076709,0.20576784303735662,-0.039299442136146334,0.5346308062461158,0.5932203389830508,59,8.271186440677965,0.029847312800000005
A_w31.0_w51.0_wt0.5,UU4_re300h20tr12,0.29913293709392796,0.67084312555671,1.1615085445650999,-0.16109927530668133,0.06733127982748943,0.21717873508204977,-0.03394448090320501,0.729551865837742,0.603448275862069,58,8.413793103448276,0.029901157200000004
A_w31.0_w51.0_wt0.5,N2_re300,0.346455368277683,0.7802186781029983,1.340767213732281,-0.1536619821740085,0.1276432982339728,0.19404369306002778,0.10076519558856512,0.6172556011376591,0.5964912280701754,57,8.56140350877193,0.0305400648
C_w31.0_w51.0_wt0.5,D01_t1h5sl8,-0.012329506474166196,-0.02084801520780899,0.10583519544597438,-0.19604007660078182,0.11509763410989193,-0.11427442466576077,0.07338343223205146,-0.08778917636534656,0.4897959183673469,49,4.979591836734694,0.04948464719999999
C_w31.0_w51.0_wt0.5,hold20_t1,-0.04364037759152095,-0.05639893032543086,0.05119121734051295,-0.28111424893200276,-0.1176639252624182,0.08389495770408395,-0.2697192091909494,0.29210720253121947,0.46153846153846156,13,18.76923076923077,0.0113766312
C_w31.0_w51.0_wt0.5,hold30sl5_t1,-0.3356139162584566,-0.35830536983138683,-1.1766789994912374,-0.43334926536498175,-0.09195172375101934,-0.26833616546685357,-0.12644920272813143,-0.2654180705087221,0.26666666666666666,15,16.266666666666666,0.0122110524
C_w31.0_w51.0_wt0.5,h20tr20_t2,0.0012734217739194253,-0.043676064101149326,0.13303969534159066,-0.1969608605835783,-0.09890596848912003,0.11117528999172976,-0.36558881206066773,0.5074197209622704,0.5384615384615384,26,18.76923076923077,0.011731002800000001
C_w31.0_w51.0_wt0.5,hold20_t2,0.0012734217739194253,-0.043676064101149326,0.13303969534159066,-0.1969608605835783,-0.09890596848912003,0.11117528999172976,-0.36558881206066773,0.5074197209622704,0.5384615384615384,26,18.76923076923077,0.011731002800000001
C_w31.0_w51.0_wt0.5,h25sl8_t3,-0.24890509108962178,-0.6155445891734148,-1.1193731709859327,-0.3442249201359199,-0.11710270827583358,-0.14928393602431134,-0.3746456139404869,-0.38521993385363784,0.2571428571428571,35,20.914285714285715,0.0118104576
C_w31.0_w51.0_wt0.5,S2_re300,0.5812443526582203,1.4479107035183834,1.8154352558320839,-0.20553283696148172,0.1641227180310152,0.35831414348885904,0.20751882490768003,1.027223636621596,0.6417910447761194,67,7.2835820895522385,0.03889923
C_w31.0_w51.0_wt0.5,UU4_re300h20tr12,0.5182328388094302,1.305726576459659,1.730807807819953,-0.14642181949160615,0.1362919618740266,0.3361291725636142,0.11242195955384804,1.0727086126422765,0.6,65,7.507692307692308,0.036649824
C_w31.0_w51.0_wt0.5,N2_re300,0.5138915398081965,1.273598255107662,1.698568210386103,-0.15792414049896375,0.12266275235098001,0.34848291407008913,0.16184118107486856,0.9568924670102137,0.6229508196721312,61,8.0,0.034306965599999996
A_w31.0_w51.0_wt1.0,D01_t1h5sl8,-0.3508395450377455,-0.36269216110103786,-1.399378547516549,-0.4658894455987649,-0.08813665065006215,-0.28809458629405715,-0.10680689113502295,-0.2864837037213379,0.3877551020408163,49,4.979591836734694,0.039713536800000004
A_w31.0_w51.0_wt1.0,hold20_t1,0.13826855136584904,0.12630990210649862,0.5578832153438325,-0.24996524630661954,-0.11129163357501348,0.28081223759012186,-0.20413471974301145,0.4152017056741162,0.5384615384615384,13,18.76923076923077,0.0118937304
A_w31.0_w51.0_wt1.0,hold30sl5_t1,-0.16296499448476776,-0.18234374836140554,-0.3958049864336269,-0.37640100545407806,0.2177014544846969,-0.31261065474423244,0.17213454897260783,-0.30242116627712967,0.3333333333333333,15,16.266666666666666,0.014492445599999999
A_w31.0_w51.0_wt1.0,h20tr20_t2,0.10941275532960937,0.2228893512850918,0.5444315383362885,-0.1387500903179293,-0.03179664869576637,0.14584684491657418,-0.17452200702013876,0.4814318027675464,0.5384615384615384,26,18.76923076923077,0.0122915092
A_w31.0_w51.0_wt1.0,hold20_t2,0.10941275532960937,0.2228893512850918,0.5444315383362885,-0.1387500903179293,-0.03179664869576637,0.14584684491657418,-0.17452200702013876,0.4814318027675464,0.5384615384615384,26,18.76923076923077,0.0122915092
A_w31.0_w51.0_wt1.0,h25sl8_t3,-0.16579390069013444,-0.4666172116473566,-0.6797438950313086,-0.28095962047382295,-0.018330142137346073,-0.15021726232264587,-0.08271450489393628,-0.41852041572839926,0.35294117647058826,34,21.529411764705884,0.0118323208
A_w31.0_w51.0_wt1.0,S2_re300,0.1247829260279818,0.27752107629729905,0.6041360768508969,-0.26023148036661314,0.12550440570163124,-0.0006410278538192538,0.2613613291720698,0.012811354487802573,0.5806451612903226,62,7.870967741935484,0.0325486516
A_w31.0_w51.0_wt1.0,UU4_re300h20tr12,0.13451397019447264,0.25886849079977514,0.641373298514852,-0.21380097182834312,0.1551637709615845,-0.0178760806789513,0.13888552021277523,0.10535121261756264,0.5573770491803278,61,8.0,0.0320695752
A_w31.0_w51.0_wt1.0,N2_re300,0.08828075058504181,0.16569941388939036,0.4724760011344049,-0.2653669356098689,0.13311380752178703,-0.039566243601602546,0.12763480326553034,0.0337561509396731,0.5357142857142857,56,8.714285714285714,0.0288209568
C_w31.0_w51.0_wt1.0,D01_t1h5sl8,-0.11955834801923337,-0.1286388525796004,-0.2840137734422393,-0.22330596619240617,0.006315394207036196,-0.1250837887911439,-0.03229800806756811,-0.09955631518298969,0.46938775510204084,49,4.979591836734694,0.04508195999999999
C_w31.0_w51.0_wt1.0,hold20_t1,-0.015169432779712833,-0.022985647918198016,0.11839105366306618,-0.23485141059315862,-0.05990941073827516,0.047591134800847534,-0.22007952832817834,0.2527102282460849,0.46153846153846156,13,18.76923076923077,0.012002951999999997
C_w31.0_w51.0_wt1.0,hold30sl5_t1,-0.24425301389110476,-0.2585426210945674,-0.640072702922303,-0.35582193304764254,-0.09195172375101934,-0.1677237809086769,-0.12644920272813143,-0.15121435270732808,0.3333333333333333,15,16.266666666666666,0.013009120800000001
C_w31.0_w51.0_wt1.0,h20tr20_t2,-0.002717667863443074,-0.04003328264473072,0.1339407205915356,-0.2304676065689082,-0.008736902587918594,0.0060722877106909046,-0.2180411103626253,0.2276434606433646,0.4230769230769231,26,18.76923076923077,0.012228066000000001
C_w31.0_w51.0_wt1.0,hold20_t2,-0.002717667863443074,-0.04003328264473072,0.1339407205915356,-0.2304676065689082,-0.008736902587918594,0.0060722877106909046,-0.2180411103626253,0.2276434606433646,0.4230769230769231,26,18.76923076923077,0.012228066000000001
C_w31.0_w51.0_wt1.0,h25sl8_t3,-0.24263152720494108,-0.6167016351862933,-0.9843849546979824,-0.37365536962714774,-0.1207576703271751,-0.13861236290013124,-0.3791556286992218,-0.382617637314438,0.20588235294117646,34,21.529411764705884,0.0114012408
C_w31.0_w51.0_wt1.0,S2_re300,0.17744439943035317,0.34885878358396116,0.7190928534355597,-0.21760004837825153,-0.0006862525130205688,0.17825297849782062,-0.05829744721625163,0.43236182125303335,0.5666666666666667,60,8.133333333333333,0.029361352800000004
C_w31.0_w51.0_wt1.0,UU4_re300h20tr12,0.19425537731909182,0.3979507289430053,0.7934263738852554,-0.1756705439542181,-0.0675609510492654,0.2807865336216617,-0.1712088936060413,0.6867347129549206,0.5263157894736842,57,8.56140350877193,0.0271312448
C_w31.0_w51.0_wt1.0,N2_re300,0.28880115278283824,0.6193583516112322,1.0870729952809657,-0.1764632244924823,-0.009738808227348184,0.30147597774257284,-0.015785432328106697,0.6453306065584228,0.5283018867924528,53,9.20754716981132,0.027125247600000003
A_w31.0_w51.0_wt2.0,D01_t1h5sl8,0.038186536909129876,0.06653366619999179,0.2778949475352149,-0.2159694229034973,0.02902531725220836,0.008902812694040474,0.02665895973154231,0.0388392913639759,0.3877551020408163,49,4.979591836734694,0.048522420000000004
A_w31.0_w51.0_wt2.0,hold20_t1,0.1043439944187996,0.13565434806569043,0.47443549647659666,-0.30461481444614624,0.2195966971421881,-0.0945006681253352,0.0783653346868558,0.05312579284224772,0.6923076923076923,13,18.76923076923077,0.015322236
A_w31.0_w51.0_wt2.0,hold30sl5_t1,0.24966812888908985,0.28070441584669514,0.7733994412452813,-0.39529691528263655,-0.06997986802791656,0.34370008339410973,-0.09226331494892337,0.41087656468861633,0.5,14,17.428571428571427,0.014437487999999998
A_w31.0_w51.0_wt2.0,h20tr20_t2,0.016585967722047457,0.014669190282835087,0.2087692338594576,-0.3525383316901557,0.17550464321288528,-0.13519187389722376,0.08271457388178893,-0.06284701918714852,0.5769230769230769,26,18.76923076923077,0.0139191444
A_w31.0_w51.0_wt2.0,hold20_t2,0.016585967722047457,0.014669190282835087,0.2087692338594576,-0.3525383316901557,0.17550464321288528,-0.13519187389722376,0.08271457388178893,-0.06284701918714852,0.5769230769230769,26,18.76923076923077,0.0139191444
A_w31.0_w51.0_wt2.0,h25sl8_t3,0.02713782355367722,0.021618392009483678,0.23576368667775183,-0.2753193164049854,0.14018374421500868,-0.09914710785423608,0.4907700178874801,-0.31470422684165267,0.4411764705882353,34,21.529411764705884,0.0128088104
A_w31.0_w51.0_wt2.0,S2_re300,0.015785066010573612,-0.003094726782627566,0.1938331477870366,-0.2395721500124267,-0.04183528343936427,0.06013616286849777,-0.18930702608155003,0.22969521790582736,0.5287356321839081,87,5.609195402298851,0.042303492799999995
A_w31.0_w51.0_wt2.0,UU4_re300h20tr12,0.1246464340247122,0.2608721999065473,0.6097350424284758,-0.20438924408538384,-0.01310045764949952,0.13957539320176493,-0.08037678984000174,0.3710747901710505,0.5061728395061729,81,6.0246913580246915,0.0410536388
A_w31.0_w51.0_wt2.0,N2_re300,0.12661243571677017,0.24463015051838655,0.6087101471145555,-0.1808094566384626,0.05982799243627235,0.06301441720460343,0.07245605979104375,0.16054186011209604,0.55,80,6.1,0.041379176399999995
C_w31.0_w51.0_wt2.0,D01_t1h5sl8,-0.21542186437815425,-0.20785191754634225,-0.55383877406848,-0.3381417117733667,-0.10158148928399191,-0.12671196523259065,-0.09462916219842854,-0.12505677300457607,0.42,50,4.88,0.045297078000000005
C_w31.0_w51.0_wt2.0,hold20_t1,0.9001253276703012,0.9408452832046026,1.7441430703600627,-0.20346025217166475,0.049375186814128336,0.8107206569644756,0.20212591542238512,0.6145108081482937,0.5384615384615384,13,18.76923076923077,0.015778053599999998
C_w31.0_w51.0_wt2.0,hold30sl5_t1,0.7108441406741322,0.7342668281353091,1.682288745167407,-0.171315753004601,0.36522053351170447,0.2531632060011533,0.35427203825824716,0.28058970365051583,0.5833333333333334,12,20.333333333333332,0.016676490000000002
C_w31.0_w51.0_wt2.0,h20tr20_t2,0.44986261572332076,1.0312205735822628,1.3213311513560737,-0.14735060902360952,0.06912807734480664,0.35611686424331346,0.09497811973028569,0.855033024844909,0.6153846153846154,26,18.76923076923077,0.014098643999999999
C_w31.0_w51.0_wt2.0,hold20_t2,0.44986261572332076,1.0312205735822628,1.3213311513560737,-0.14735060902360952,0.06912807734480664,0.35611686424331346,0.09497811973028569,0.855033024844909,0.6153846153846154,26,18.76923076923077,0.014098643999999999
C_w31.0_w51.0_wt2.0,h25sl8_t3,0.345587739088157,0.781719961103496,1.188948310367272,-0.25726341481513015,0.2627440907158025,0.06560604716462515,0.5989254688549008,0.11432333514551263,0.37142857142857144,35,20.914285714285715,0.013783046
C_w31.0_w51.0_wt2.0,S2_re300,0.01351701563963581,0.00353340095767396,0.20289738606025703,-0.28674878680058513,0.15670775446381113,-0.12379163040240115,0.29390240555130975,-0.22441337410599727,0.589041095890411,73,6.684931506849315,0.037834033600000004
C_w31.0_w51.0_wt2.0,UU4_re300h20tr12,0.2802290072653455,0.6333663955475515,1.0313788670784505,-0.2932646620783639,0.1491611044846064,0.11405528978421375,0.20533326528539497,0.35511600201360705,0.6376811594202898,69,7.072463768115942,0.037491283199999996
C_w31.0_w51.0_wt2.0,N2_re300,-0.13231965040786042,-0.28460135713492096,-0.33311259386377684,-0.4019403779092491,0.1559096018593844,-0.24935276236446324,0.2161958253072962,-0.41177347596607694,0.5967741935483871,62,7.870967741935484,0.031809582
A_w31.0_w51.0_wt3.0,D01_t1h5sl8,0.2343820895368227,0.25783131814765814,0.804696973685912,-0.3094358212057996,0.11784699203044746,0.10424959617657659,0.1613487242048448,0.08307805565367365,0.54,50,4.88,0.055413845999999996
A_w31.0_w51.0_wt3.0,hold20_t1,0.2391046740942402,0.2732923856437304,0.7928640114514951,-0.25134105942321094,0.24913804116171945,-0.008032232416961604,0.1635057580418562,0.09435847381335005,0.6923076923076923,13,18.76923076923077,0.0160768524
A_w31.0_w51.0_wt3.0,hold30sl5_t1,-0.2509206572150209,-0.23518166110227634,-0.6166792218003075,-0.5088241369701909,-0.0076346896781530615,-0.2451576702716104,-0.08419537074239702,-0.1648673587534455,0.42857142857142855,14,17.428571428571427,0.012553507200000001
A_w31.0_w51.0_wt3.0,h20tr20_t2,-0.1958155008340079,-0.3917041849391968,-0.610285527757335,-0.43014303903889617,0.09804015680478728,-0.2676183159766148,-0.06349328451975866,-0.3504629438253747,0.46153846153846156,26,18.76923076923077,0.0132146848
A_w31.0_w51.0_wt3.0,hold20_t2,-0.16734447258877105,-0.34424220675906925,-0.46466043563096476,-0.43450194619070726,0.09804015680478728,-0.24168936604814772,-0.06349328451975866,-0.29978313833589776,0.5,26,18.76923076923077,0.0132611312
A_w31.0_w51.0_wt3.0,h25sl8_t3,0.029743942168652282,-0.049750468459127006,0.2483319634199705,-0.20799969883111702,0.0388684789057514,-0.008783149091893927,-0.13869776390672095,0.10327071232398533,0.3783783783783784,37,19.783783783783782,0.013590152799999998
A_w31.0_w51.0_wt3.0,S2_re300,0.20567550341429963,0.44372513762257415,0.8730022459441656,-0.20486015465996754,0.12140473471012769,0.0751475057093971,0.16665854852435924,0.23748730033192844,0.5569620253164557,79,6.177215189873418,0.04349586000000001
A_w31.0_w51.0_wt3.0,UU4_re300h20tr12,0.30958719441297133,0.670703269563518,1.1281152739296232,-0.22518199618929025,0.09630500166229794,0.19454640125446976,0.23140071274308927,0.35675028629943806,0.5882352941176471,85,5.741176470588235,0.04833698399999999
A_w31.0_w51.0_wt3.0,N2_re300,0.23375041475260705,0.47831353883922434,0.9384623776274638,-0.25356795546453204,0.09718419683706991,0.12446972742519202,0.23442155336952708,0.19757592923095046,0.569620253164557,79,6.177215189873418,0.044560128
C_w31.0_w51.0_wt3.0,D01_t1h5sl8,0.8410243578614243,0.8780147587025955,1.645535482844537,-0.3404566939950472,0.3342502655806996,0.3798193677407018,0.48331338183154116,0.26609439495765286,0.5102040816326531,49,4.979591836734694,0.06785884560000001
C_w31.0_w51.0_wt3.0,hold20_t1,0.7210004383766766,0.7524242702518757,1.3403764650931547,-0.2871984308222191,-0.11568286543482664,0.9461349001485835,0.008153825576578067,0.7382508758022504,0.6153846153846154,13,18.76923076923077,0.013923367199999998
C_w31.0_w51.0_wt3.0,hold30sl5_t1,-0.12567123595750307,-0.11707545567272792,-0.15484019639960006,-0.3724255423683205,0.1491481637183243,-0.2391505363299613,0.07329446613011048,-0.17736970403773689,0.35714285714285715,14,17.428571428571427,0.014914072800000004
C_w31.0_w51.0_wt3.0,h20tr20_t2,0.5867832747717274,1.324619570431889,1.4552487553253828,-0.16793964061716293,0.0033651422719926938,0.5814614320551894,-0.07228090817544741,1.5057364787654008,0.5769230769230769,26,18.76923076923077,0.013984505999999997
C_w31.0_w51.0_wt3.0,hold20_t2,0.5867832747717274,1.324619570431889,1.4552487553253828,-0.16793964061716293,0.0033651422719926938,0.5814614320551894,-0.07228090817544741,1.5057364787654008,0.5769230769230769,26,18.76923076923077,0.013984505999999997
C_w31.0_w51.0_wt3.0,h25sl8_t3,0.3331604896283047,0.8738259191138986,1.0481928952901634,-0.20653353920498896,0.4824030140738358,-0.10067608000566153,1.5631846766618813,-0.2689461917530488,0.4473684210526316,38,19.263157894736842,0.0157656956
C_w31.0_w51.0_wt3.0,S2_re300,0.4407288360008377,1.0443090791439746,1.2440343065419934,-0.2148886088912887,0.281735784074304,0.124045106567233,0.4899882884748814,0.37203030047738395,0.620253164556962,79,6.177215189873418,0.04894643400000001
C_w31.0_w51.0_wt3.0,UU4_re300h20tr12,0.04575036861100301,0.03530953684423821,0.3033644458145439,-0.3593575750827769,0.25039794396485315,-0.1636659563794054,0.3188355762113093,-0.2149820982093703,0.5714285714285714,70,6.9714285714285715,0.0403088088
C_w31.0_w51.0_wt3.0,N2_re300,0.3286396765683881,0.7252342578709707,1.078958831974743,-0.2563140075062069,0.2320925099758726,0.07836032263064929,0.37395090325191616,0.25567387727438073,0.6363636363636364,66,7.393939393939394,0.0385399452
V11_ensw2,D01_t1h5sl8,2.6111209186693696,2.729193500803848,2.9617112108758166,-0.1557566866625203,1.1335236303560494,0.6925619511731067,1.2444413316659881,0.6615241611308982,0.62,50,4.88,0.09857628839999999
V11_ensw2,hold20_t1,3.3823062940699335,3.5254336360886445,2.819290909741342,-0.25079348529930623,1.9107164337754905,0.5055765114108508,1.6174644516296048,0.7289379549247206,0.6153846153846154,13,18.76923076923077,0.0309082236
V11_ensw2,hold30sl5_t1,3.418597109022407,3.551518878601555,2.9933108708551734,-0.24846919420568025,2.0654372777403953,0.441424732813146,1.911801716823796,0.56312802904944,0.5714285714285714,14,17.428571428571427,0.043898229600000005
V11_ensw2,h20tr20_t2,0.7440739049206282,1.5155011580097861,1.585257637974681,-0.24608836102598108,0.8790619261824055,-0.07183798435851674,1.2740527432658335,0.10617538025841933,0.5,26,18.76923076923077,0.018399066
V11_ensw2,hold20_t2,0.9655628611316531,2.1841376675350155,1.8110247696622603,-0.2508829190951519,0.8790619261824055,0.046034105499113354,1.2740527432658335,0.4002039649098825,0.5384615384615384,26,18.76923076923077,0.0187672044
V11_ensw2,h25sl8_t3,0.3027495196535097,0.4982595610930196,0.9616896898596091,-0.27529594352129805,0.5819278644670358,-0.17647982002490503,1.2313100377227664,-0.32852918878897,0.38461538461538464,39,18.76923076923077,0.015775958800000003
V11_ensw2,S2_re300,1.2416060039708938,3.6984763867538923,2.5311859184975365,-0.15592855302522624,0.7926175943993494,0.2504652475655216,1.822919719730208,0.6644031191942403,0.5934065934065934,91,5.362637362637362,0.0736950204
V11_ensw2,UU4_re300h20tr12,1.3697991341807811,4.283628463588953,2.64131016958488,-0.14107888589824713,0.8069785863888232,0.3114705132819169,1.87680172556415,0.8366328192301176,0.6091954022988506,87,5.609195402298851,0.07004252280000002
V11_ensw2,N2_re300,1.1617049742541612,3.369615190175452,2.3645950015024093,-0.19656090926680703,0.753959676018485,0.2324713069580182,1.7252620363525062,0.6033743294731935,0.6097560975609756,82,5.951219512195122,0.063664422
V20_ensw2,D01_t1h5sl8,1.9659580888427173,2.051531670577977,2.606739818732596,-0.1895624336886097,0.9770573898599888,0.5001881604725487,1.0810795221637002,0.4663215115419026,0.56,50,4.88,0.0888487932
V20_ensw2,hold20_t1,3.132567172251176,3.2616586314455667,2.6658188198495463,-0.3017438229838967,2.0236745447375393,0.36673676717078596,1.7185642128389857,0.5676137467413849,0.6153846153846154,13,18.76923076923077,0.030957510000000008
V20_ensw2,hold30sl5_t1,2.663086648890126,2.7731997111625213,2.432669998305788,-0.3837838817921232,2.0654372777403953,0.1949638231026778,1.911801716823796,0.2958298943783648,0.5833333333333334,12,20.333333333333332,0.028491639600000004
V20_ensw2,h20tr20_t2,3.521133971049574,14.919361621072799,3.474254902350948,-0.20555479975493562,1.3333808426306524,0.9375893932310044,2.4815296461616807,3.5725193346044284,0.5769230769230769,26,18.76923076923077,0.0309869268
V20_ensw2,hold20_t2,3.3159523750791697,13.282188088654761,3.3566037880108603,-0.20555479975493562,1.3333808426306524,0.8496562139480708,2.4815296461616807,3.102273868154648,0.6153846153846154,26,18.76923076923077,0.031179033600000003
V20_ensw2,h25sl8_t3,2.087092158001322,19.605750008846012,3.1788321932412407,-0.15315509095573698,1.420553682075921,0.27536612009933337,7.862032358049207,1.3251720571895915,0.6470588235294118,34,21.529411764705884,0.0219109668
V20_ensw2,S2_re300,0.5308893961833039,1.1742591592499552,1.4547802355539894,-0.20301926839433737,0.360727607410414,0.12505205880016224,0.6245722652612065,0.3383579208773253,0.5568181818181818,88,5.545454545454546,0.054797562
V20_ensw2,UU4_re300h20tr12,0.5943737482457592,1.3036855202100774,1.5522440502937953,-0.22138867993285094,0.4150476466680997,0.1267279600089113,0.7777474465036858,0.2958452139761245,0.5647058823529412,85,5.741176470588235,0.0546297108
V20_ensw2,N2_re300,0.29431576405886584,0.5333161245627809,0.9676714980074271,-0.2784786976467406,0.3228204869805149,-0.021548443800348815,0.3923170356161392,0.10126938429956511,0.5416666666666666,72,6.777777777777778,0.041760126
ENS_v11_0.5v20,D01_t1h5sl8,2.0906419668935805,2.1812345385500533,2.7610324451052923,-0.17639131048022816,1.0144639461319866,0.534225505910884,1.1260067224061459,0.4963426526467585,0.6,50,4.88,0.09056433120000001
ENS_v11_0.5v20,hold20_t1,3.3823062940699335,3.5254336360886445,2.819290909741342,-0.25079348529930623,1.9107164337754905,0.5055765114108508,1.6174644516296048,0.7289379549247206,0.6153846153846154,13,18.76923076923077,0.0309082236
ENS_v11_0.5v20,hold30sl5_t1,3.418597109022407,3.551518878601555,2.9933108708551734,-0.24846919420568025,2.0654372777403953,0.441424732813146,1.911801716823796,0.56312802904944,0.5714285714285714,14,17.428571428571427,0.043898229600000005
ENS_v11_0.5v20,h20tr20_t2,0.5537673772542384,0.7424293293087951,1.3141187721112806,-0.25302388986343793,0.6719437792119194,-0.07068204291736624,0.575183610488363,0.10617538025841955,0.4230769230769231,26,18.76923076923077,0.0167647812
ENS_v11_0.5v20,hold20_t2,0.7589168571662221,1.2055783368668682,1.5634760041379667,-0.25748565691570124,0.6719437792119194,0.05201914025799348,0.575183610488363,0.40020396490988097,0.46153846153846156,26,18.76923076923077,0.0171036048
ENS_v11_0.5v20,h25sl8_t3,1.0022163247728573,4.261941031521472,2.2450185352937693,-0.1575760095156472,0.9655173676447881,0.018671398041139042,3.5335825292401415,0.1606584853333215,0.5135135135135135,37,19.783783783783782,0.018570534399999998
ENS_v11_0.5v20,S2_re300,0.25998865879464916,0.43994960691259477,0.8945423873650972,-0.24923511040956725,0.26148719023142286,-0.0011879085640972287,0.3425677685831825,0.07253402070882453,0.550561797752809,89,5.48314606741573,0.051992215200000004
ENS_v11_0.5v20,UU4_re300h20tr12,1.2391388321904677,3.60412494710602,2.425916620430057,-0.14698918545185746,0.7696163615517142,0.2653244402798378,1.6862316983309267,0.7139716391429545,0.6,85,5.741176470588235,0.0659455092
ENS_v11_0.5v20,N2_re300,0.9970265057100953,2.5866098510184936,2.134198299565834,-0.2088680853137651,0.7404883022274527,0.14739438533101734,1.574243711494105,0.3932674031616088,0.5802469135802469,81,6.0246913580246915,0.05990137680000001
ENS_v11_1.0v20,D01_t1h5sl8,2.076381832432607,2.1731679727892232,2.720449598470643,-0.1768099628228902,1.011723036050773,0.5292273226993867,1.1206158677469134,0.49634265264675737,0.6,50,4.88,0.0902899308
ENS_v11_1.0v20,hold20_t1,2.968520114174839,3.101090028960277,2.6575198738334076,-0.30182134318517606,2.0236745447375393,0.3124825623451206,1.7185642128389857,0.5085499947332588,0.6153846153846154,13,18.76923076923077,0.030378761999999997
ENS_v11_1.0v20,hold30sl5_t1,3.418597109022407,3.551518878601555,2.9933108708551734,-0.24846919420568025,2.0654372777403953,0.441424732813146,1.911801716823796,0.56312802904944,0.5714285714285714,14,17.428571428571427,0.043898229600000005
ENS_v11_1.0v20,h20tr20_t2,1.157319987996019,2.382844024792897,2.079925975897733,-0.20873861497405488,0.6719437792119194,0.2903065371090907,0.575183610488363,1.1475871144596876,0.5,26,18.76923076923077,0.01743078
ENS_v11_1.0v20,hold20_t2,0.9497140757374745,1.6902627650975894,1.8328538008858315,-0.20873861497405488,0.6719437792119194,0.16613614642980723,0.575183610488363,0.7079042387087253,0.5,26,18.76923076923077,0.017450568
ENS_v11_1.0v20,h25sl8_t3,0.9755873919988847,4.066512882134588,2.177498077053429,-0.15604721271077693,0.9306018089730694,0.023301326465525296,3.3652055674926347,0.1606584853333224,0.5,38,19.263157894736842,0.0187242228
ENS_v11_1.0v20,S2_re300,0.030131847936812894,-0.02052368605797128,0.2560986279130232,-0.3275239240151897,0.09690005466223917,-0.060869909196955674,0.05404773319372258,-0.07074766815895994,0.5227272727272727,88,5.545454545454546,0.0452814776
ENS_v11_1.0v20,UU4_re300h20tr12,0.3366675721933501,0.6934193246862952,1.06446726760727,-0.19710702602553465,0.1449488930772176,0.1674473684155997,0.23364684393784652,0.37269375997496823,0.55,80,6.1,0.0446895864
ENS_v11_1.0v20,N2_re300,0.3085848819364949,0.6209808638254766,1.01270471616575,-0.22517353602933732,0.12215907677702242,0.16613135251279187,0.18221657207930053,0.37113698294253283,0.5466666666666666,75,6.506666666666667,0.0414285444
ENS_v11_1.5v20,D01_t1h5sl8,2.076381832432607,2.1731679727892232,2.720449598470643,-0.1768099628228902,1.011723036050773,0.5292273226993867,1.1206158677469134,0.49634265264675737,0.6,50,4.88,0.0902899308
ENS_v11_1.5v20,hold20_t1,2.968520114174839,3.101090028960277,2.6575198738334076,-0.30182134318517606,2.0236745447375393,0.3124825623451206,1.7185642128389857,0.5085499947332588,0.6153846153846154,13,18.76923076923077,0.030378761999999997
ENS_v11_1.5v20,hold30sl5_t1,3.418597109022407,3.551518878601555,2.9933108708551734,-0.24846919420568025,2.0654372777403953,0.441424732813146,1.911801716823796,0.56312802904944,0.5714285714285714,14,17.428571428571427,0.043898229600000005
ENS_v11_1.5v20,h20tr20_t2,1.157319987996019,2.382844024792897,2.079925975897733,-0.20873861497405488,0.6719437792119194,0.2903065371090907,0.575183610488363,1.1475871144596876,0.5,26,18.76923076923077,0.01743078
ENS_v11_1.5v20,hold20_t2,0.9497140757374745,1.6902627650975894,1.8328538008858315,-0.20873861497405488,0.6719437792119194,0.16613614642980723,0.575183610488363,0.7079042387087253,0.5,26,18.76923076923077,0.017450568
ENS_v11_1.5v20,h25sl8_t3,0.9755873919988847,4.066512882134588,2.177498077053429,-0.15604721271077693,0.9306018089730694,0.023301326465525296,3.3652055674926347,0.1606584853333224,0.5,38,19.263157894736842,0.0187242228
ENS_v11_1.5v20,S2_re300,-0.00375795010282598,-0.09471600022842819,0.1501644615995743,-0.3201643012752473,0.0564283954150715,-0.05697153330893745,-0.025620516358141776,-0.07091229344447358,0.5172413793103449,87,5.609195402298851,0.0431254144
ENS_v11_1.5v20,UU4_re300h20tr12,0.2777182936589464,0.5733878534684231,0.926867508272669,-0.19626310755396326,0.10083105580314067,0.16068518136668297,0.14040392758156406,0.3796759336010722,0.5875,80,6.1,0.04289120400000001
ENS_v11_1.5v20,N2_re300,-0.013146838728517962,-0.11536724612846982,0.11824694703130778,-0.3274468140652431,0.08087165298058663,-0.08698395544914272,0.09286091775481609,-0.1905349166580791,0.5277777777777778,72,6.777777777777778,0.0368261892
ENS_v11_2.0v20,D01_t1h5sl8,2.0021145279755195,2.096591620888484,2.657614604814133,-0.19773753121761195,1.011723036050773,0.4923100616618643,1.1206158677469134,0.46023222215087634,0.6,50,4.88,0.08929643039999999
ENS_v11_2.0v20,hold20_t1,3.132567172251176,3.2616586314455667,2.6658188198495463,-0.3017438229838967,2.0236745447375393,0.36673676717078596,1.7185642128389857,0.5676137467413849,0.6153846153846154,13,18.76923076923077,0.030957510000000008
ENS_v11_2.0v20,hold30sl5_t1,2.580246930797708,2.691020496981751,2.464212660438855,-0.23101802544454075,2.0654372777403953,0.16794003804794544,1.911801716823796,0.26760708864748173,0.5833333333333334,12,20.333333333333332,0.028858227600000005
ENS_v11_2.0v20,UU4_re300h20tr12,0.060953179086245424,0.0396964762352503,0.3490934466118599,-0.2962565419193127,0.10083105580314067,-0.03622524683208861,0.14040392758156406,-0.08830857989053265,0.525,80,6.1,0.041483746800000006
ENS_v11_2.0v20,N2_re300,-0.013146838728517962,-0.11536724612846982,0.11824694703130778,-0.3274468140652431,0.08087165298058663,-0.08698395544914272,0.09286091775481609,-0.1905349166580791,0.5277777777777778,72,6.777777777777778,0.0368261892
ENS_v11_2.0v20,h20tr20_t2,1.157319987996019,2.382844024792896,2.079925975897733,-0.20873861497405488,0.6719437792119194,0.2903065371090907,0.575183610488363,1.1475871144596876,0.5,26,18.76923076923077,0.01743078
ENS_v11_2.0v20,hold20_t2,0.9497140757374745,1.690262765097589,1.8328538008858315,-0.20873861497405488,0.6719437792119194,0.16613614642980723,0.575183610488363,0.7079042387087258,0.5,26,18.76923076923077,0.017450568
ENS_v11_2.0v20,h25sl8_t3,0.9755873919988847,4.066512882134588,2.177498077053429,-0.15604721271077693,0.9306018089730694,0.023301326465525296,3.3652055674926347,0.1606584853333224,0.5,38,19.263157894736842,0.0187242228
ENS_v11_2.0v20,S2_re300,0.11873988708858718,0.12706040750143632,0.517837745533895,-0.2399368919496363,0.14509839890118648,-0.02301855616765458,0.14325298022035504,-0.014163595458809075,0.5227272727272727,88,5.545454545454546,0.046256265600000006
