set,cfg,top_n,hold,exit_rank,min_hold,stop_loss,trail_pct,no_repeat,cum_net,cum_trade,sharpe,sharpe_trade,maxdd,h1_cum,h2_cum,h1_cum_t,h2_cum_t,win_rate,n_trades,avg_hold,cost_drag,turnover,avg_cash,empty_days,t1,t2,t3,blocked_sell
V11_ensw2,H_hold40_t1,1,40.0,,,,,False,1.8953577319400559,1.9986752021624916,2.228197574606608,1.3634595912015675,-0.2791258766772632,1.614539462438592,0.10740639930503892,1.8532219042847808,0.05097861391687708,0.7142857142857143,7,34.857142857142854,0.01473951,14.4505,0.01549002169115887,1,0.15062128533890062,1.4797228598499301,0.05097861391687708,0
V11_ensw2,H_hold40_sl8_t1,1,40.0,,,0.08,,False,2.039520396899178,2.1467388849178652,2.3153423233890944,1.4122875743835863,-0.2791258766772632,1.614539462438592,0.16254523619398964,1.4422398225695572,0.2884643251812522,0.5714285714285714,7,34.857142857142854,0.013204369200000001,12.94546,0.018697275100295785,1,0.15062128533890062,1.1225401039319616,0.2884643251812522,0
V11_ensw2,H_hold40_sl5_t1,1,40.0,,,0.05,,False,1.0214372750941059,1.0914620275284648,1.6772080519647354,0.9847201258704462,-0.32378972065466094,1.614539462438592,-0.2268476708289181,1.4422398225695572,-0.14362954522297,0.5,10,24.4,0.01943151,19.0505,0.019311680847451645,1,1.6612599609445162,-0.10946947701691623,-0.1175017061112632,0
V11_ensw2,H_hold40_sl10_t1,1,40.0,,,0.1,,False,2.039520396899178,2.1467388849178652,2.3153423233890944,1.4122875743835863,-0.2791258766772632,1.614539462438592,0.16254523619398964,1.4422398225695572,0.2884643251812522,0.5714285714285714,7,34.857142857142854,0.013204369200000001,12.94546,0.018697275100295785,1,0.15062128533890062,1.1225401039319616,0.2884643251812522,0
V11_ensw2,H_hold20_t1,1,20.0,,,,,False,3.3823062940699335,3.5254336360886445,2.819290909741342,1.640538289593898,-0.25079348529930623,1.9107164337754905,0.5055765114108508,1.6174644516296048,0.7289379549247206,0.6153846153846154,13,18.76923076923077,0.0309082236,30.30218,0.01500501086992393,1,0.2778193427955158,1.572307315809875,0.37679059206528076,0
V11_ensw2,H_hold20_sl8_t1,1,20.0,,,0.08,,False,2.5868514188763534,2.698484166927243,2.682021537009584,1.4581637382590882,-0.23220645725385536,1.9107164337754905,0.23229160259484627,1.7094541884098282,0.3650292308864882,0.6,15,16.266666666666666,0.0339537396,33.28798,0.01556421554065847,1,0.2734042785811093,1.2068011811286699,0.31611625003217325,0
V11_ensw2,H_hold20_sl5_t1,1,20.0,,,0.05,,False,0.011936366324698744,0.038935659028403125,0.244718049116485,0.30651574636743295,-0.4183741595113589,0.1807483789067077,-0.14297035303856798,0.09653626240783564,-0.052529592822539106,0.42105263157894735,19,12.842105263157896,0.0222485256,21.81228,0.018346328194238926,1,0.3505246330262042,-0.2708203956147778,0.05499798475454165,0
V11_ensw2,H_hold20_sl10_t1,1,20.0,,,0.1,,False,2.5868514188763534,2.698484166927243,2.682021537009584,1.4581637382590882,-0.23220645725385536,1.9107164337754905,0.23229160259484627,1.7094541884098282,0.3650292308864882,0.6,15,16.266666666666666,0.0339537396,33.28798,0.01556421554065847,1,0.2734042785811093,1.2068011811286699,0.31611625003217325,0
V11_ensw2,H_hold25_tr12_t1,1,25.0,,,,0.12,False,0.008170163717072132,0.04132831942634563,0.21953834976520967,0.29824809241845396,-0.3533378029496046,0.21435906060236531,-0.16979236502177097,0.15724355346573593,-0.10016494254147723,0.4166666666666667,12,20.333333333333332,0.013645968000000003,13.3784,0.018947443010004592,1,0.31636807580430304,-0.22238873585195562,0.017297073319240797,0
V11_ensw2,H_hold25_tr15_t1,1,25.0,,,,0.15,False,-0.01818775653065452,0.002440354785010923,0.1784297510071664,0.25607379474764574,-0.5166903990169067,0.4518152187425597,-0.323734707561676,0.4884467191748685,-0.3265191545850421,0.5833333333333334,12,20.333333333333332,0.013502433599999999,13.23768,0.02098493423156651,1,0.195688702462399,-0.07744246837437985,-0.09124469945627667,0
V11_ensw2,H_hold25_tr20_t1,1,25.0,,,,0.2,False,1.777395004117773,1.8587019127209388,2.065874265662098,1.2409439019174202,-0.42018855401041266,1.5808086420163212,0.07617238988624231,1.4306813992048748,0.17609075120090933,0.5454545454545454,11,22.181818181818183,0.024439995600000004,23.96078,0.014089528849641809,1,0.04449073034126827,3.0810236045271235,-0.32935116350497906,0
V11_ensw2,H_hold25_sl8tr15_t1,1,25.0,,,0.08,0.15,False,0.056901132665162946,0.08437551186769698,0.36309836751683494,0.3987059937994914,-0.41745232246567854,0.33306831550557003,-0.20716656425493907,0.38396879149398666,-0.21647401405842437,0.4,15,16.266666666666666,0.018674445600000002,18.30828,0.018430360384755498,1,0.40321886593647926,-0.043568956928708547,-0.19201997767902845,0
V11_ensw2,H_hold10_t1,1,10.0,,,,,False,2.3641724322884037,2.475864077033407,2.6563280968159915,1.556279799204469,-0.3503842932504996,1.7069751683219048,0.24277919932819492,1.5429959898756382,0.3668382061441591,0.56,25,9.76,0.053787333599999994,52.73268,0.014634410329336963,1,0.09878467806768265,1.9583130953762518,0.06931597334112238,0
V11_ensw2,H_hold10_sl8_t1,1,10.0,,,0.08,,False,1.7842335921064194,1.8752522021148654,2.3867830647277866,1.3833131801656078,-0.27237524390782986,1.7069751683219048,0.028540499628006977,1.5429959898756382,0.13065542122835838,0.5384615384615384,26,9.384615384615385,0.0560957364,54.99582,0.015435845412411216,1,0.09878467806768265,1.9583130953762518,-0.11545646234540208,0
V11_ensw2,H_hold10_sl5_t1,1,10.0,,,0.05,,False,-0.14296244813789816,-0.124799892078855,-0.18523137586941985,-0.09279587870911195,-0.344796712782125,0.03332843498703686,-0.17060488916783434,0.033367517696672344,-0.153060171784841,0.41379310344827586,29,8.379310344827585,0.028939909200000006,28.37246,0.02381656350455998,2,0.16622315447915637,-0.16204611662345758,-0.10441752869895327,0
V11_ensw2,H_hold10_sl10_t1,1,10.0,,,0.1,,False,2.1446860053471184,2.242358327810269,2.5145304718427672,1.4835159577144403,-0.39373487627045844,1.7069751683219048,0.161697396469491,1.5429959898756382,0.27501511631122666,0.5384615384615384,26,9.384615384615385,0.05573102519999999,54.63826,0.014567931293338778,1,0.09878467806768265,1.9583130953762518,-0.002519812517453146,0
V11_ensw2,H_hold60_tr12_t1,1,60.0,,,,0.12,False,0.7624988834201933,0.8176942659388278,1.458705917019369,1.8775059317007525,-0.3313300351227294,0.5316895825258077,0.15068934562692138,0.4258615611593042,0.2748041713537335,0.75,8,30.5,0.010942927199999999,10.72836,0.018620267595689854,1,0.1561708857373838,0.35855951405029596,0.15723121590358113,0
V11_ensw2,H_hold60_tr15_t1,1,60.0,,,,0.15,False,0.289494801179504,0.3233673912038608,0.7842401432072548,1.1858829739390548,-0.3652176472460402,0.3450936817243162,-0.04133457862469325,0.18686249080246742,0.11501323991551793,0.5714285714285714,7,34.857142857142854,0.0081659772,8.00586,0.01899264557600748,1,0.14276813271876998,0.03858556851667916,0.11501323991551793,0
V11_ensw2,H_hold60_tr20_t1,1,60.0,,,,0.2,False,1.1926192944382867,1.257143150850228,1.8896006413039645,1.163631034036861,-0.2536123622231927,0.23536812080407699,0.7748711962966581,0.08250177514294066,1.0851172743362754,0.6666666666666666,6,40.666666666666664,0.0088824456,8.70828,0.011189972915150698,1,0.2605303005663211,0.8601397315765,-0.037368110535013876,0
V11_ensw2,H_hold60_sl8tr15_t1,1,60.0,,,0.08,0.15,False,0.06807796501319308,0.09818190625597212,0.36996081716326296,0.48324347189122435,-0.379993767797872,0.3450936817243162,-0.20594529620866875,0.18686249080246742,-0.07471849960186705,0.42857142857142855,7,34.857142857142854,0.007886844,7.7322,0.025464024737405253,1,0.14276813271876998,0.03858556851667916,-0.07471849960186705,0
V11_ensw2,H_hold60_t1,1,60.0,,,,,False,0.9074368456747921,0.9562169558689881,1.4614357196922159,1.327680621670059,-0.3902963295750156,-0.08585109154466708,1.0865712664885736,0.6145765553220939,0.21159752346257754,0.6,5,48.8,0.0063937068,6.26834,0.01525847301734943,1,-0.07546106210019343,-0.0063905564138896365,1.1294924358087841,0
V11_ensw2,H_hold60_sl8_t1,1,60.0,,,0.08,,False,0.5089558235698723,0.5368938560019478,1.1000928306390414,0.7574736141864326,-0.4655899695740041,-0.15440052011086702,0.7844805483651813,-0.1799799184826002,0.8742149011253653,0.3333333333333333,9,27.11111111111111,0.010048305600000002,9.85128,0.0134510275063803,1,-0.1799799184826002,0.7577171362115316,0.06627787970761068,0
V11_ensw2,H_hold60_sl5_t1,1,60.0,,,0.05,,False,-0.24860888486946076,-0.23310509931249868,-0.5590971657839446,-1.2716609197162216,-0.4790144602575165,-0.06525671328380023,-0.19615243478215905,-0.0643906851795758,-0.18032571016600552,0.2727272727272727,11,22.181818181818183,0.00990573,9.7115,0.015401743669052864,1,-0.012795774412690863,-0.0786068207757793,-0.1568907552227341,0
V11_ensw2,H_hold60_sl10_t1,1,60.0,,,0.1,,False,-0.24263974254374454,-0.22913227780652778,-0.5555691407699986,-0.8549202950229721,-0.5619850971367311,-0.1617712137410171,-0.09647548512816462,-0.19923337516905582,-0.03733784814493746,0.42857142857142855,7,34.857142857142854,0.005711979600000001,5.59998,0.01936387425779104,1,-0.1061428105096579,-0.20526781370369773,0.08515286541333089,0
V11_ensw2,H_hold40_tr12_t1,1,40.0,,,,0.12,False,0.2668838897275094,0.30401295332292166,0.7788029270657173,0.8545563737706731,-0.412429195382778,0.5316895825258077,-0.17288469923626737,0.4258615611593042,-0.0854561278286462,0.6,10,24.4,0.013244659200000002,12.98496,0.02473271061884523,1,0.5753916562788046,-0.07277226156187633,-0.10729709263186338,0
V11_ensw2,H_hold40_tr15_t1,1,40.0,,,,0.15,False,0.2952169530800455,0.327472474939249,0.7655032968739377,0.9330132162108649,-0.3347107884269107,0.3450936817243162,-0.037080486899866205,0.2673956925989982,0.04740175676079006,0.4444444444444444,9,27.11111111111111,0.0105652008,10.35804,0.01814807279753462,1,0.3190740495248361,-0.13142214013165465,0.1586375341101598,0
V11_ensw2,H_hold40_tr20_t1,1,40.0,,,,0.2,False,-0.14441054307905588,-0.12704590227163803,-0.18232096448539217,-0.24121756629224242,-0.38849377925418793,0.18076510724696693,-0.27539402064834984,0.1430789064121627,-0.23631335262029685,0.42857142857142855,7,34.857142857142854,0.007283085599999999,7.14028,0.014384036786475731,1,0.03225316232871189,0.10736294944685221,-0.23631335262029685,0
V11_ensw2,H_hold40_sl8tr15_t1,1,40.0,,,0.08,0.15,False,0.29119805505601204,0.3261279005520039,0.7597186280926257,0.943416989459733,-0.33549611218306064,0.3450936817243162,-0.04006830706335174,0.2673956925989982,0.04634086126059467,0.4,10,24.4,0.011701460399999999,11.47202,0.01917448853695958,1,0.3190740495248361,-0.13142214013165465,0.15746396977502242,0
V11_ensw2,H_hold20_tr12_t1,1,20.0,,,,0.12,False,2.1289044140067848,2.230836131216949,2.385291751025986,1.3444324958550473,-0.3343366724977139,1.9107164337754905,0.0749602323673575,1.7374510648212005,0.18023520958464134,0.42857142857142855,14,17.428571428571427,0.0330949404,32.44602,0.014779689814549416,1,0.2778193427955158,1.4342414510026775,0.038680120596125134,0
V11_ensw2,H_hold20_tr15_t1,1,20.0,,,,0.15,False,2.2232930397733037,2.317592110636022,2.4854201009420844,1.3694595008112107,-0.3139943775850961,1.9107164337754905,0.10738820256440085,1.7094541884098282,0.22445034310881185,0.5,14,17.428571428571427,0.0301196616,29.52908,0.016124141777053055,1,0.2778193427955158,1.2999804494547962,0.12883219501703236,0
V11_ensw2,H_hold20_tr20_t1,1,20.0,,,,0.2,False,2.851400131266197,2.978410681893629,2.7270993533550074,1.5379394997323808,-0.25079348529930623,1.9107164337754905,0.32317943671020877,1.6174644516296048,0.519948314643476,0.6153846153846154,13,18.76923076923077,0.029976086400000004,29.38832,0.015165930276742016,1,0.2778193427955158,1.572307315809875,0.21036763295403094,0
V11_ensw2,H_hold20_sl8tr15_t1,1,20.0,,,0.08,0.15,False,2.5868514188763534,2.698484166927243,2.682021537009584,1.4581637382590882,-0.23220645725385536,1.9107164337754905,0.23229160259484627,1.7094541884098282,0.3650292308864882,0.6,15,16.266666666666666,0.0339537396,33.28798,0.01556421554065847,1,0.2734042785811093,1.2068011811286699,0.31611625003217325,0
V11_ensw2,H_hold30_tr12_t1,1,30.0,,,,0.12,False,0.14232966549131554,0.17355888542151798,0.5345926105040811,0.6557593331203282,-0.27288795705680724,0.14273940086733483,-0.0003585553939127184,0.13397137595319109,0.034910501541584704,0.5,10,24.4,0.0120363264,11.80032,0.017622938209861373,1,0.262959878028844,0.1153822645507534,-0.16691062164237203,0
V11_ensw2,H_hold30_tr15_t1,1,30.0,,,,0.15,False,-0.014236416647266492,0.013210243371358343,0.1722884910856024,0.22289191987225698,-0.3724824128388343,0.14273940086733483,-0.1373679925584571,0.13397137595319109,-0.10649398665845844,0.5,10,24.4,0.011675368799999999,11.44644,0.017536695703485372,1,0.262959878028844,0.1153822645507534,-0.280739379777569,0
V11_ensw2,H_hold30_tr20_t1,1,30.0,,,,0.2,False,-0.10897135037836814,-0.08965485085422142,-0.05302637361213221,-0.263117054001078,-0.3898729985997216,0.16656737542353994,-0.23619615258130278,0.20821189792417427,-0.24653518914203687,0.5555555555555556,9,27.11111111111111,0.0097453452,9.55426,0.01984592796204413,1,0.23048656626421193,-0.19370667019880516,-0.08243648030051598,0
V11_ensw2,H_hold30_sl8tr15_t1,1,30.0,,,0.08,0.15,False,0.14232966549131554,0.17355888542151798,0.5345926105040811,0.6557593331203282,-0.27288795705680724,0.14273940086733483,-0.0003585553939127184,0.13397137595319109,0.034910501541584704,0.5,10,24.4,0.0120363264,11.80032,0.017622938209861373,1,0.262959878028844,0.1153822645507534,-0.16691062164237203,0
V11_ensw2,H_hold30_t1,1,30.0,,,,,False,0.33616844867048346,0.37017705078309904,0.8419539500955278,1.1288752860825557,-0.39770664285118507,0.4124423389041554,-0.054001418771436716,0.476325522648686,-0.07190045165320003,0.7777777777777778,9,27.11111111111111,0.011361616800000002,11.13884,0.012009407873305736,1,0.4488614606488037,-0.1998725065581599,0.18192694923740915,0
V11_ensw2,H_hold30_sl8_t1,1,30.0,,,0.08,,False,0.16099784961274843,0.19085595439676117,0.5546131283234621,0.6071108796583173,-0.4712167912542742,0.4124423389041554,-0.17802106490696834,0.31002019243743484,-0.09096366508592146,0.4166666666666667,12,20.333333333333332,0.014355888000000002,14.0744,0.011654591265387917,1,0.4275028414263289,-0.2237159823179592,0.07463654692035537,0
V11_ensw2,H_hold30_sl5_t1,1,30.0,,,0.05,,False,3.396420980544854,3.5286500748660554,2.983935845616197,1.6227234755610371,-0.24846919420568025,2.0654372777403953,0.43419048645012825,1.911801716823796,0.5552741962821302,0.5384615384615384,13,18.692307692307693,0.0393115956,38.54078,0.013458757732937227,2,0.25521669764205623,3.2992919185464817,-0.1608238697729356,0
V11_ensw2,H_hold30_sl10_t1,1,30.0,,,0.1,,False,-0.0031936644810139914,0.022210096625540965,0.23052507642599693,0.2309516692442799,-0.46085138238941037,0.4124423389041554,-0.29426759021372817,0.31002019243743484,-0.21969897675881744,0.45454545454545453,11,22.181818181818183,0.0132250956,12.96578,0.011336626926214602,1,0.4488614606488037,-0.0579947323842227,-0.25103767065187954,0
V11_ensw2,H_hold25_t1,1,25.0,,,,,False,1.8531126198238828,1.936995692196664,2.1600155866336626,1.2651277222854524,-0.42018855401041266,1.5808086420163212,0.10551110740036007,1.4306813992048748,0.20830138131530296,0.5,10,24.4,0.0219080496,21.47848,0.014143001673423857,1,0.04449073034126827,3.0810236045271235,-0.3109835149311494,0
V11_ensw2,H_hold25_sl8_t1,1,25.0,,,0.08,,False,1.377717735409381,1.4400083823387613,1.8808504698484416,1.1194218604917239,-0.37419198433586287,1.5808086420163212,-0.07869274122093362,1.4306813992048748,0.0038371886734875904,0.5833333333333334,12,20.333333333333332,0.0209998212,20.58806,0.014346210694517074,1,0.05559231485235605,1.1960530511595917,0.05257311066890491,0
V11_ensw2,H_hold25_sl5_t1,1,25.0,,,0.05,,False,-0.004415788577923019,0.01755833267422169,0.195566654696424,0.21345272655298655,-0.3423672787961288,0.1193817100463308,-0.1105945340299781,0.03204048444241958,-0.01403254231448281,0.42857142857142855,14,17.357142857142858,0.014916826800000001,14.62434,0.01998827803062409,2,0.10449428100950597,0.07377226035825957,-0.1420071607414628,0
V11_ensw2,H_hold25_sl10_t1,1,25.0,,,0.1,,False,0.8766299879132187,0.9271842588404071,1.5025727236302364,0.91671989319163,-0.38529283481514176,1.5808086420163212,-0.2728519436268412,1.4306813992048748,-0.20714238424220133,0.5,12,20.333333333333332,0.0197068896,19.32048,0.01563504510698215,1,0.05559231485235605,0.7946477753074328,0.01729707331924124,0
V11_ensw2,H_hold15_tr12_t1,1,15.0,,,,0.12,False,0.9609672302749397,1.0196463394119797,1.6875562550895966,1.6636089304352875,-0.3294418878752805,0.5190624104194259,0.29090629642629384,0.40363292359305447,0.4388707371169658,0.631578947368421,19,12.842105263157896,0.029966498399999996,29.37892,0.010721319673253854,1,0.5332550410624777,0.25907447601519196,0.04618744889267812,0
V11_ensw2,H_hold15_tr15_t1,1,15.0,,,,0.15,False,1.2174166523724925,1.2903655264169287,1.9321349256270495,2.0691252190836984,-0.2249481852186298,0.6749616912455287,0.3238611151300932,0.5564488480037539,0.4715327968243035,0.7058823529411765,17,14.352941176470589,0.029984348399999996,29.39642,0.01057664979356635,1,0.35728881624026965,0.26113781742381503,0.3380427175219929,0
V11_ensw2,H_hold15_tr20_t1,1,15.0,,,,0.2,False,0.10746122537371061,0.1382347546659608,0.4580266685171159,0.5481884827071825,-0.48533500118322226,0.6749616912455287,-0.33881399726212047,0.6506483131426348,-0.31043169789517444,0.5882352941176471,17,14.352941176470589,0.023109487199999997,22.65636,0.011133668604804723,1,0.35728881624026965,0.22626464561116233,-0.3161271471836007,0
V11_ensw2,H_hold15_sl8tr15_t1,1,15.0,,,0.08,0.15,False,1.3130346455596102,1.3863505583377975,1.9738043669290113,1.8691296308353471,-0.3161925706484511,0.6749616912455287,0.38094778982055444,0.5564488480037539,0.5332020460540321,0.6,20,12.2,0.036869919599999995,36.14698,0.010239563791091814,1,0.5332550410624777,0.5910982339276494,-0.0218108359727629,0
V11_ensw2,H_hold5_tr12_t2,2,5.0,,,,0.12,False,0.3047658165477063,0.5234022151137996,0.9886109580333474,0.8841262898621599,-0.37559291031935027,0.6192324337715853,-0.1942072124206473,1.437519646280478,-0.3750195132012868,0.45918367346938777,98,4.969387755102041,0.05953237160000001,58.35458,0.03150656286319924,1,-0.039395001190600465,1.6043454661894359,-0.39106470454384124,0
V11_ensw2,H_hold5_tr15_t2,2,5.0,,,,0.15,False,0.37191594271747364,0.7345233674453144,1.124300113425159,1.0423299238929309,-0.35511926104026836,0.6192324337715853,-0.1527368683432634,1.437519646280478,-0.28840640521929617,0.47959183673469385,98,4.979591836734694,0.05990542639999999,58.72032,0.028611852604895002,1,-0.039395001190600465,1.6043454661894359,-0.30667522421055204,0
V11_ensw2,H_hold5_tr20_t2,2,5.0,,,,0.2,False,0.37191594271747364,0.7345233674453144,1.124300113425159,1.0423299238929309,-0.35511926104026836,0.6192324337715853,-0.1527368683432634,1.437519646280478,-0.28840640521929617,0.47959183673469385,98,4.979591836734694,0.05990542639999999,58.72032,0.028611852604895002,1,-0.039395001190600465,1.6043454661894359,-0.30667522421055204,0
V11_ensw2,H_hold5_sl8tr15_t2,2,5.0,,,0.08,0.15,False,0.7315392777193106,1.670847792008082,1.7596672144789935,1.5875276628992032,-0.21141060195254935,0.6192324337715853,0.06935807460707522,1.437519646280478,0.09572359594461011,0.5247524752475248,101,4.8316831683168315,0.06670403240000002,65.38562,0.030452708565400593,1,-0.01347057816115671,1.4386725268180443,0.11016009175547858,0
V11_ensw2,H_hold15_t1,1,15.0,,,,,False,0.10746122537371061,0.1382347546659608,0.4580266685171159,0.5481884827071825,-0.48533500118322226,0.6749616912455287,-0.33881399726212047,0.6506483131426348,-0.31043169789517444,0.5882352941176471,17,14.352941176470589,0.023109487199999997,22.65636,0.011133668604804723,1,0.35728881624026965,0.22626464561116233,-0.3161271471836007,0
V11_ensw2,H_hold15_sl8_t1,1,15.0,,,0.08,,False,1.3130346455596102,1.3863505583377975,1.9738043669290113,1.8691296308353471,-0.3161925706484511,0.6749616912455287,0.38094778982055444,0.5564488480037539,0.5332020460540321,0.6,20,12.2,0.036869919599999995,36.14698,0.010239563791091814,1,0.5332550410624777,0.5910982339276494,-0.0218108359727629,0
V11_ensw2,H_hold15_sl5_t1,1,15.0,,,0.05,,False,0.21886456219824035,0.25162397101782985,0.7049144006099167,0.8024991593945484,-0.2607468460595912,0.2647931635315428,-0.0363131321844441,0.17165638467134525,0.06825173949691377,0.47619047619047616,21,11.571428571428571,0.0271473,26.615,0.019884714217965466,2,0.35867237923362505,0.033711618553241784,-0.10883170368616846,0
V11_ensw2,H_hold15_sl10_t1,1,15.0,,,0.1,,False,1.0595074755626817,1.1248573975955902,1.7575252425090466,1.8436665738478637,-0.26113241904484663,0.6749616912455287,0.2295848235377833,0.5564488480037539,0.3651957790459075,0.6666666666666666,18,13.555555555555555,0.0319190232,31.29316,0.010061465415706034,1,0.5332550410624777,0.5910982339276494,-0.12899952013802174,0
V11_ensw2,H_hold10_tr12_t1,1,10.0,,,,0.12,False,2.1446860053471184,2.242358327810269,2.5145304718427672,1.4835159577144403,-0.39373487627045844,1.7069751683219048,0.161697396469491,1.5429959898756382,0.27501511631122666,0.5384615384615384,26,9.384615384615385,0.05573102519999999,54.63826,0.014567931293338778,1,0.09878467806768265,1.9583130953762518,-0.002519812517453146,0
V11_ensw2,H_hold10_tr15_t1,1,10.0,,,,0.15,False,1.537358730886834,1.6146945406321085,2.1709901295152716,1.287733898677959,-0.3391005364555998,1.7069751683219048,-0.06265902968744963,1.5429959898756382,0.028194519787652972,0.52,25,9.76,0.05277137279999999,51.73664,0.014525438530152894,1,0.09878467806768265,1.9583130953762518,-0.19561450743147957,0
V11_ensw2,H_hold10_tr20_t1,1,10.0,,,,0.2,False,2.3641724322884037,2.475864077033407,2.6563280968159915,1.556279799204469,-0.3503842932504996,1.7069751683219048,0.24277919932819492,1.5429959898756382,0.3668382061441591,0.56,25,9.76,0.053787333599999994,52.73268,0.014634410329336963,1,0.09878467806768265,1.9583130953762518,0.06931597334112238,0
V11_ensw2,H_hold10_sl8tr15_t1,1,10.0,,,0.08,0.15,False,1.7842335921064194,1.8752522021148654,2.3867830647277866,1.3833131801656078,-0.27237524390782986,1.7069751683219048,0.028540499628006977,1.5429959898756382,0.13065542122835838,0.5384615384615384,26,9.384615384615385,0.0560957364,54.99582,0.015435845412411216,1,0.09878467806768265,1.9583130953762518,-0.11545646234540208,0
V11_ensw2,H_hold5_t2,2,5.0,,,,,False,0.37191594271747364,0.7345233674453144,1.124300113425159,1.0423299238929309,-0.35511926104026836,0.6192324337715853,-0.1527368683432634,1.437519646280478,-0.28840640521929617,0.47959183673469385,98,4.979591836734694,0.05990542639999999,58.72032,0.028611852604895002,1,-0.039395001190600465,1.6043454661894359,-0.30667522421055204,0
V11_ensw2,H_hold5_sl8_t2,2,5.0,,,0.08,,False,0.7315392777193106,1.670847792008082,1.7596672144789935,1.5875276628992032,-0.21141060195254935,0.6192324337715853,0.06935807460707522,1.437519646280478,0.09572359594461011,0.5247524752475248,101,4.8316831683168315,0.06670403240000002,65.38562,0.030452708565400593,1,-0.01347057816115671,1.4386725268180443,0.11016009175547858,0
V11_ensw2,H_hold5_sl5_t2,2,5.0,,,0.05,,False,0.8662863188629033,2.2003181199252015,1.8186405390610267,1.822642624450769,-0.2973689257487191,0.7408617693112607,0.07204739156358486,1.761294119095424,0.15899211814987568,0.5288461538461539,104,4.6826923076923075,0.086880846,85.1773,0.024111812054896653,1,2.02941053312384,0.3042385311885536,-0.19001310397812665,0
V11_ensw2,H_hold5_sl10_t2,2,5.0,,,0.1,,False,0.3120367725180766,0.5724679424743035,1.0004149159446307,0.9467626294944771,-0.34194952124276456,0.6192324337715853,-0.18971684042789105,1.437519646280478,-0.35489014627069615,0.47959183673469385,98,4.959183673469388,0.05964061400000001,58.4607,0.03455916052916243,2,-0.039395001190600465,1.6043454661894359,-0.37145212101821723,0
V11_ensw2,H_hold7_tr12_t1,1,7.0,,,,0.12,False,0.22285922142977,0.2417817222465537,0.6668470984910319,0.6792726361730353,-0.4665815741359576,0.5308706046337721,-0.20120014210978188,0.4716420944489219,-0.1561931213230503,0.5,36,6.777777777777778,0.0453158664,44.42732,0.01391645225769957,1,0.5648287662007792,-0.1957510686813293,-0.013293589961403618,0
V11_ensw2,H_hold7_tr15_t1,1,7.0,,,,0.15,False,0.22285922142977,0.2417817222465537,0.6668470984910319,0.6792726361730353,-0.4665815741359576,0.5308706046337721,-0.20120014210978188,0.4716420944489219,-0.1561931213230503,0.5,36,6.777777777777778,0.0453158664,44.42732,0.01391645225769957,1,0.5648287662007792,-0.1957510686813293,-0.013293589961403618,0
V11_ensw2,H_hold7_tr20_t1,1,7.0,,,,0.2,False,0.4259084555908199,0.4598645435132038,1.026479427638434,0.996292552780269,-0.3648096536194555,0.5308706046337721,-0.06856369749686486,0.4716420944489219,-0.008002999492977003,0.5142857142857142,35,6.9714285714285715,0.049667574000000006,48.6937,0.012649937966145443,1,0.5321618118776299,-0.07533308112835269,0.030439757292736402,0
V11_ensw2,H_hold7_sl8tr15_t1,1,7.0,,,0.08,0.15,False,0.05186030973105282,0.07284329813229751,0.3371247339735713,0.38844527107963556,-0.39578802175545946,0.5308706046337721,-0.31290057660837456,0.4716420944489219,-0.27098898422442896,0.4864864864864865,37,6.594594594594595,0.04671738720000001,45.80136,0.014951186970840273,1,0.5648287662007792,-0.12025405390220922,-0.22068650427555814,0
V11_ensw2,H_hold5_tr12_t1,1,5.0,,,,0.12,False,0.6660591410775021,0.7142098652575342,1.395357164056062,1.1237588883958975,-0.4270020430933291,1.1335236303560494,-0.21910443485481113,1.2444413316659881,-0.23624207009896636,0.5102040816326531,49,4.959183673469388,0.0805990128,79.01864,0.017972287281169695,2,0.11258308769795122,1.3718459430442658,-0.3504014317937669,0
V11_ensw2,H_hold5_tr15_t1,1,5.0,,,,0.15,False,1.0732812333548742,1.1346440127375543,1.8427679132142516,1.3726060622869443,-0.419530601419666,1.1335236303560494,-0.028236104884914237,1.2444413316659881,-0.04891966538815018,0.5102040816326531,49,4.979591836734694,0.08213158320000001,80.52116,0.013748704299819595,1,0.11258308769795122,1.3718459430442658,-0.19107822069615854,0
V11_ensw2,H_hold5_tr20_t1,1,5.0,,,,0.2,False,1.0732812333548742,1.1346440127375543,1.8427679132142516,1.3726060622869443,-0.419530601419666,1.1335236303560494,-0.028236104884914237,1.2444413316659881,-0.04891966538815018,0.5102040816326531,49,4.979591836734694,0.08213158320000001,80.52116,0.013748704299819595,1,0.11258308769795122,1.3718459430442658,-0.19107822069615854,0
V11_ensw2,H_hold5_sl8tr15_t1,1,5.0,,,0.08,0.15,False,2.6111209186693696,2.729193500803848,2.9617112108758166,2.250121651352049,-0.1557566866625203,1.1335236303560494,0.6925619511731067,1.2444413316659881,0.6615241611308982,0.62,50,4.88,0.09857628839999999,96.64342,0.012977041800732517,1,0.11258308769795122,1.3718459430442658,0.413175135543995,0
V11_ensw2,H_hold3_tr12_t2,2,3.0,,,,0.12,False,0.4731286058680937,1.0486214126257756,1.4075894506277729,1.5101453378691043,-0.23541268432349616,0.41579789515687793,0.04049356967356088,0.9482379127616314,0.05152527789681072,0.5061728395061729,162,3.0,0.10622479920000001,104.14196,0.029006471834079894,2,0.6617544153012369,0.31261908042369235,-0.060804174799987454,0
V11_ensw2,H_hold3_tr15_t2,2,3.0,,,,0.15,False,0.4731286058680937,1.0486214126257756,1.4075894506277729,1.5101453378691043,-0.23541268432349616,0.41579789515687793,0.04049356967356088,0.9482379127616314,0.05152527789681072,0.5061728395061729,162,3.0,0.10622479920000001,104.14196,0.029006471834079894,2,0.6617544153012369,0.31261908042369235,-0.060804174799987454,0
V11_ensw2,H_hold3_tr20_t2,2,3.0,,,,0.2,False,0.4731286058680937,1.0486214126257756,1.4075894506277729,1.5101453378691043,-0.23541268432349616,0.41579789515687793,0.04049356967356088,0.9482379127616314,0.05152527789681072,0.5061728395061729,162,3.0,0.10622479920000001,104.14196,0.029006471834079894,2,0.6617544153012369,0.31261908042369235,-0.060804174799987454,0
V11_ensw2,H_hold3_sl8tr15_t2,2,3.0,,,0.08,0.15,False,0.24372427987332745,0.3909299814231697,0.8308861359850879,0.8355735457989715,-0.31213038472462495,0.41579789515687793,-0.12153826183255068,0.9482379127616314,-0.2860574305057417,0.4634146341463415,164,2.9695121951219514,0.10531644840000001,103.25142,0.02966825023527573,1,0.6617544153012369,0.2601349863681284,-0.3357656090705512,0
V11_ensw2,H_hold7_t1,1,7.0,,,,,False,0.4259084555908199,0.4598645435132038,1.026479427638434,0.996292552780269,-0.3648096536194555,0.5308706046337721,-0.06856369749686486,0.4716420944489219,-0.008002999492977003,0.5142857142857142,35,6.9714285714285715,0.049667574000000006,48.6937,0.012649937966145443,1,0.5321618118776299,-0.07533308112835269,0.030439757292736402,0
V11_ensw2,H_hold7_sl8_t1,1,7.0,,,0.08,,False,0.05186030973105282,0.07284329813229751,0.3371247339735713,0.38844527107963556,-0.39578802175545946,0.5308706046337721,-0.31290057660837456,0.4716420944489219,-0.27098898422442896,0.4864864864864865,37,6.594594594594595,0.04671738720000001,45.80136,0.014951186970840273,1,0.5648287662007792,-0.12025405390220922,-0.22068650427555814,0
V11_ensw2,H_hold7_sl5_t1,1,7.0,,,0.05,,False,0.03449507210800751,0.06130602479312297,0.30642000372628225,0.35141094872576284,-0.43848755572263365,0.12836896496234895,-0.08319432363816748,0.124615519705912,-0.056294345759468456,0.46511627906976744,43,5.674418604651163,0.047563314,46.6307,0.017383835076993676,1,0.2187845914850679,-0.0028401657780885436,-0.1267292819961623,0
V11_ensw2,H_hold7_sl10_t1,1,7.0,,,0.1,,False,-0.10249946624472073,-0.08717274916821482,-0.050759691375827615,0.058598686937071195,-0.5432209793028535,0.5308706046337721,-0.413731943745836,0.4716420944489219,-0.37972197569300514,0.5555555555555556,36,6.777777777777778,0.044216673600000006,43.34968,0.014893041735366822,1,0.5648287662007792,-0.12025405390220922,-0.33692217952362424,0
V11_ensw2,H_hold3_t2,2,3.0,,,,,False,0.4731286058680937,1.0486214126257756,1.4075894506277729,1.5101453378691043,-0.23541268432349616,0.41579789515687793,0.04049356967356088,0.9482379127616314,0.05152527789681072,0.5061728395061729,162,3.0,0.10622479920000001,104.14196,0.029006471834079894,2,0.6617544153012369,0.31261908042369235,-0.060804174799987454,0
V11_ensw2,H_hold3_sl8_t2,2,3.0,,,0.08,,False,0.24372427987332745,0.3909299814231697,0.8308861359850879,0.8355735457989715,-0.31213038472462495,0.41579789515687793,-0.12153826183255068,0.9482379127616314,-0.2860574305057417,0.4634146341463415,164,2.9695121951219514,0.10531644840000001,103.25142,0.02966825023527573,1,0.6617544153012369,0.2601349863681284,-0.3357656090705512,0
V11_ensw2,H_hold3_sl5_t2,2,3.0,,,0.05,,False,0.6559988771362542,1.440093300192821,1.7297785338629095,1.6680471910469417,-0.18567670540870063,0.41579789515687793,0.16965767698980727,0.9482379127616314,0.2524616650817466,0.4634146341463415,164,2.9695121951219514,0.1131483348,110.92974,0.02801529874525546,1,0.6617544153012369,0.41527561888608244,0.03752499003217502,0
V11_ensw2,H_hold3_sl10_t2,2,3.0,,,0.1,,False,0.4731286058680937,1.0486214126257756,1.4075894506277729,1.5101453378691043,-0.23541268432349616,0.41579789515687793,0.04049356967356088,0.9482379127616314,0.05152527789681072,0.5061728395061729,162,3.0,0.10622479920000001,104.14196,0.029006471834079894,2,0.6617544153012369,0.31261908042369235,-0.060804174799987454,0
V11_ensw2,H_hold3_tr12_t1,1,3.0,,,,0.12,False,0.3939977378725592,0.4317910194572059,1.0495569177697066,1.0763779945252059,-0.390316288424001,0.2812428703475207,0.0880042887531951,0.32662563185919846,0.07927284463109796,0.5185185185185185,81,3.0,0.1106913588,108.52094,0.01979506433766422,2,0.5021952134786005,0.06681679859618894,-0.10656406853541545,0
V11_ensw2,H_hold3_tr15_t1,1,3.0,,,,0.15,False,0.3939977378725592,0.4317910194572059,1.0495569177697066,1.0763779945252059,-0.390316288424001,0.2812428703475207,0.0880042887531951,0.32662563185919846,0.07927284463109796,0.5185185185185185,81,3.0,0.1106913588,108.52094,0.01979506433766422,2,0.5021952134786005,0.06681679859618894,-0.10656406853541545,0
V11_ensw2,H_hold3_tr20_t1,1,3.0,,,,0.2,False,0.3939977378725592,0.4317910194572059,1.0495569177697066,1.0763779945252059,-0.390316288424001,0.2812428703475207,0.0880042887531951,0.32662563185919846,0.07927284463109796,0.5185185185185185,81,3.0,0.1106913588,108.52094,0.01979506433766422,2,0.5021952134786005,0.06681679859618894,-0.10656406853541545,0
V11_ensw2,H_hold3_sl8tr15_t1,1,3.0,,,0.08,0.15,False,0.23327143186124744,0.2645202623422065,0.7148123040423344,0.7546947186125317,-0.3705150823881549,0.2812428703475207,-0.03744133106728076,0.32662563185919846,-0.046814540610040534,0.4634146341463415,82,2.975609756097561,0.11255141040000001,110.34452,0.015659664588176456,1,0.5021952134786005,0.06681679859618894,-0.21094082649725876,0
V11_ensw2,H_hold5_t1,1,5.0,,,,,False,1.0732812333548742,1.1346440127375543,1.8427679132142516,1.3726060622869443,-0.419530601419666,1.1335236303560494,-0.028236104884914237,1.2444413316659881,-0.04891966538815018,0.5102040816326531,49,4.979591836734694,0.08213158320000001,80.52116,0.013748704299819595,1,0.11258308769795122,1.3718459430442658,-0.19107822069615854,0
V11_ensw2,H_hold5_sl8_t1,1,5.0,,,0.08,,False,2.6111209186693696,2.729193500803848,2.9617112108758166,2.250121651352049,-0.1557566866625203,1.1335236303560494,0.6925619511731067,1.2444413316659881,0.6615241611308982,0.62,50,4.88,0.09857628839999999,96.64342,0.012977041800732517,1,0.11258308769795122,1.3718459430442658,0.413175135543995,0
V11_ensw2,H_hold5_sl5_t1,1,5.0,,,0.05,,False,0.27887284640164234,0.31336932575167453,0.7714978769518737,0.7872181640472452,-0.370207448842623,0.362192313328356,-0.06116571508404123,0.3420568170411791,-0.02137576511309769,0.46153846153846156,52,4.673076923076923,0.0713652588,69.96594,0.01887998450467762,2,0.4854314811532827,0.09779118883802473,-0.1945946605231349,0
V11_ensw2,H_hold5_sl10_t1,1,5.0,,,0.1,,False,0.6660591410775021,0.7142098652575342,1.395357164056062,1.1237588883958975,-0.4270020430933291,1.1335236303560494,-0.21910443485481113,1.2444413316659881,-0.23624207009896636,0.5102040816326531,49,4.959183673469388,0.0805990128,79.01864,0.017972287281169695,2,0.11258308769795122,1.3718459430442658,-0.3504014317937669,0
V11_ensw2,H_hold3_t1,1,3.0,,,,,False,0.3939977378725592,0.4317910194572059,1.0495569177697066,1.0763779945252059,-0.390316288424001,0.2812428703475207,0.0880042887531951,0.32662563185919846,0.07927284463109796,0.5185185185185185,81,3.0,0.1106913588,108.52094,0.01979506433766422,2,0.5021952134786005,0.06681679859618894,-0.10656406853541545,0
V11_ensw2,H_hold3_sl8_t1,1,3.0,,,0.08,,False,0.23327143186124744,0.2645202623422065,0.7148123040423344,0.7546947186125317,-0.3705150823881549,0.2812428703475207,-0.03744133106728076,0.32662563185919846,-0.046814540610040534,0.4634146341463415,82,2.975609756097561,0.11255141040000001,110.34452,0.015659664588176456,1,0.5021952134786005,0.06681679859618894,-0.21094082649725876,0
V11_ensw2,H_hold3_sl5_t1,1,3.0,,,0.05,,False,0.7399135768655298,0.7855646287158031,1.5395767318347915,1.4388265994668201,-0.2166150326071723,0.2812428703475207,0.35798888495949277,0.32662563185919846,0.3459446175583274,0.45121951219512196,82,2.975609756097561,0.12169538399999999,119.3092,0.015058058337043498,1,0.5021952134786005,0.06681679859618894,0.11419025232585622,0
V11_ensw2,H_hold3_sl10_t1,1,3.0,,,0.1,,False,0.3939977378725592,0.4317910194572059,1.0495569177697066,1.0763779945252059,-0.390316288424001,0.2812428703475207,0.0880042887531951,0.32662563185919846,0.07927284463109796,0.5185185185185185,81,3.0,0.1106913588,108.52094,0.01979506433766422,2,0.5021952134786005,0.06681679859618894,-0.10656406853541545,0
V11_ensw2,H_hold25_t2,2,25.0,,,,,False,1.2759365402493494,3.7977493824972015,2.2294208972207032,1.5810092238396711,-0.36451447512028434,1.047181868262133,0.11174125539779656,2.519150934095388,0.36332583408517016,0.45,20,24.4,0.017751835200000003,17.40376,0.025543062219289682,1,0.049902646522151706,7.302323733530972,-0.4495867704896983,0
V11_ensw2,H_hold25_sl8_t2,2,25.0,,,0.08,,False,0.43157964125566384,0.6180359358604226,1.112902293572472,0.7846449080401448,-0.35645633296461043,0.8490247727960067,-0.22576502904777307,1.3794788909145024,-0.3200040807092156,0.4230769230769231,26,18.76923076923077,0.0168269196,16.49698,0.02853069441433759,1,0.08257233843357348,0.9328273838921495,-0.22671752652727672,0
V11_ensw2,H_hold25_sl5_t2,2,25.0,,,0.05,,False,0.1584451355351264,0.24065290859607535,0.6239039126305347,0.6119266690769368,-0.21088947423240711,0.11300656738611758,0.04082506741691683,-0.0053945590471672356,0.24738198436510506,0.41379310344827586,29,16.79310344827586,0.015194144400000002,14.89622,0.03236495741344623,1,0.21840240710739356,-0.17147652486657805,0.22900806157861497,0
V11_ensw2,H_hold25_sl10_t2,2,25.0,,,0.1,,False,0.627986252522817,1.4230543294054852,1.5247450743641893,1.0979193182380895,-0.3180357860040772,1.047181868262133,-0.20476715930235123,2.519150934095388,-0.31146621023564014,0.4782608695652174,23,21.217391304347824,0.0156781548,15.37074,0.032758917656137414,1,0.06106175269724634,1.501045641972019,-0.08693672614830394,0
V11_ensw2,H_hold7_t2,2,7.0,,,,,False,0.49645119504125823,1.1665807347590555,1.283272531003209,1.4773120514409097,-0.32571313082314934,0.6995513568418197,-0.1195022209731702,2.04387210224874,-0.28821558134507796,0.5285714285714286,70,6.9714285714285715,0.05139133320000001,50.38366,0.020418526715779598,1,1.4254490688165324,0.45587945805892494,-0.38643963195352415,0
V11_ensw2,H_hold7_sl8_t2,2,7.0,,,0.08,,False,0.5002992199003604,1.1432896211463905,1.28655441005943,1.4466863287844123,-0.2928306718900865,0.6995513568418197,-0.11723807941392062,2.04387210224874,-0.2958673856358883,0.5405405405405406,74,6.581081081081081,0.0567617148,55.64874,0.021750450103929064,1,1.5430342899530989,0.6145640758894475,-0.4779965665907667,0
V11_ensw2,H_hold7_sl5_t2,2,7.0,,,0.05,,False,0.3289131551644793,0.7362823456046168,0.9726262646315031,1.2219309329247388,-0.32139410515443145,0.44687936188414223,-0.08153147375469216,0.9647085714828552,-0.11626468637322374,0.524390243902439,82,5.951219512195122,0.051669528,50.6564,0.02670108691108712,1,0.9006484562609998,-0.1263043623718706,0.045582690366240186,0
V11_ensw2,H_hold7_sl10_t2,2,7.0,,,0.1,,False,0.26338843070542817,0.46984069435057574,0.8436533640840835,0.9048054747147605,-0.40249000369192656,0.6995513568418197,-0.25663415487890184,2.04387210224874,-0.5171148310519709,0.5616438356164384,73,6.684931506849315,0.050001950399999995,49.02152,0.023384121981710238,1,1.5430342899530989,0.013004092370384246,-0.4294327352870876,0
V11_ensw2,H_hold30_tr12_t2,2,30.0,,,,0.12,False,0.46240334643525305,1.051719088819095,1.252813948459946,1.3191796555017772,-0.220969795895258,0.2829872302621421,0.13984248006618993,0.5130967158742756,0.35597352587841735,0.5909090909090909,22,22.181818181818183,0.0142302444,13.95122,0.035210494254452045,1,0.7150515013010386,0.70991339710275,-0.3003729087632343,0
V11_ensw2,H_hold30_tr15_t2,2,30.0,,,,0.15,False,0.15848754514972208,0.290988154505621,0.6079767122420131,0.7756547507443275,-0.3184329287309835,0.36887337913925666,-0.15369269151966758,0.6264227835805667,-0.20624073424284384,0.65,20,24.4,0.012171496799999997,11.93284,0.029417156920395583,1,0.7826039798583868,0.18084250142764247,-0.38669654745937576,0
V11_ensw2,H_hold30_tr20_t2,2,30.0,,,,0.2,False,0.2894483666088623,0.5672185618318164,0.8828450290457401,1.1717826410150933,-0.2549132739036186,0.2670911402148102,0.01764452901964253,0.47006548914346213,0.06608758140765625,0.6111111111111112,18,27.11111111111111,0.010655776799999999,10.44684,0.044377570000217414,1,0.7367695429947538,-0.07608147542250543,-0.02331684500606024,0
V11_ensw2,H_hold30_sl8tr15_t2,2,30.0,,,0.08,0.15,False,0.4260186055126771,0.920647179703965,1.213818532283349,1.221252816754869,-0.15770284092466968,0.21667590230007194,0.1720611896864659,0.2955146969764426,0.48253600224412585,0.5,22,22.181818181818183,0.013519161599999998,13.25408,0.031720903757090295,1,0.527218685298718,0.044773084867499424,0.20371698321121512,0
V11_ensw2,H_hold60_t2,2,60.0,,,,,False,0.7263165411796273,1.974935734628914,1.5610018900871059,1.699422611918556,-0.2089887967311136,0.06353950151784593,0.6231804636460536,1.8118989012319564,0.057981043815454436,0.6,10,48.8,0.006336076800000001,6.21184,0.03139984199825454,1,-0.08620129860990244,2.0771535316852754,0.057981043815454436,0
V11_ensw2,H_hold60_sl8_t2,2,60.0,,,0.08,,False,0.42138808927499327,0.7716931663602875,1.2343182782774054,0.8884003422597258,-0.19004811609411,0.21056671058410048,0.1741509797416878,0.1598630020427667,0.5275020957129912,0.375,16,30.5,0.0085956624,8.42712,0.04260100706855532,1,0.28004474680441893,0.4247607610944264,-0.02854785273872862,0
V11_ensw2,H_hold60_sl5_t2,2,60.0,,,0.05,,False,0.02217990743549003,-0.03097940421971357,0.2531359354388408,0.20452429471615924,-0.2995901677668348,-0.04533994518075102,0.07072659244030577,-0.10220026199821763,0.07932822294760156,0.3157894736842105,19,25.68421052631579,0.008564037200000001,8.33386,0.0196953102332445,1,-0.05269039005169318,0.2999328043047471,-0.21309888397901888,0
V11_ensw2,H_hold60_sl10_t2,2,60.0,,,0.1,,False,-0.18978627508476908,-0.35499143285051304,-0.5161095679107305,-1.1598923704365007,-0.3889844433547689,-0.07490349026315213,-0.12418464842581223,-0.27367280997643617,-0.11195866544860955,0.35714285714285715,14,34.857142857142854,0.0060596871999999994,5.85186,0.033715484265381034,1,-0.11652662153965943,-0.22579368327925187,-0.05699215618597486,0
V11_ensw2,H_hold7_tr12_t2,2,7.0,,,,0.12,False,0.35599644800752706,0.7272195218426163,1.0232160890578852,1.150729189662856,-0.36441075769612474,0.6995513568418197,-0.2021444703340416,2.04387210224874,-0.4325584440402118,0.5211267605633803,71,6.859154929577465,0.049394254799999995,48.42574,0.02200756091355548,1,1.4254490688165324,0.04288312231086011,-0.3171587644931153,0
V11_ensw2,H_hold7_tr15_t2,2,7.0,,,,0.15,False,0.35599644800752706,0.7272195218426163,1.0232160890578852,1.150729189662856,-0.36441075769612474,0.6995513568418197,-0.2021444703340416,2.04387210224874,-0.4325584440402118,0.5211267605633803,71,6.859154929577465,0.049394254799999995,48.42574,0.02200756091355548,1,1.4254490688165324,0.04288312231086011,-0.3171587644931153,0
V11_ensw2,H_hold7_tr20_t2,2,7.0,,,,0.2,False,0.49645119504125823,1.1665807347590555,1.283272531003209,1.4773120514409097,-0.32571313082314934,0.6995513568418197,-0.1195022209731702,2.04387210224874,-0.28821558134507796,0.5285714285714286,70,6.9714285714285715,0.05139133320000001,50.38366,0.020418526715779598,1,1.4254490688165324,0.45587945805892494,-0.38643963195352415,0
V11_ensw2,H_hold7_sl8tr15_t2,2,7.0,,,0.08,0.15,False,0.5002992199003604,1.1432896211463905,1.28655441005943,1.4466863287844123,-0.2928306718900865,0.6995513568418197,-0.11723807941392062,2.04387210224874,-0.2958673856358883,0.5405405405405406,74,6.581081081081081,0.0567617148,55.64874,0.021750450103929064,1,1.5430342899530989,0.6145640758894475,-0.4779965665907667,0
V11_ensw2,H_hold10_t2,2,10.0,,,,,False,0.6668169545127696,1.3798278226158893,1.5665487991776457,1.1765755429162807,-0.3777508442872055,0.9418236725439277,-0.14162290939160294,1.6326583933440606,-0.09603622382888077,0.5,50,9.76,0.0346295508,33.95054,0.027988744350393852,1,0.05412785975924095,1.8296437784429807,-0.20215141336494613,0
V11_ensw2,H_hold10_sl8_t2,2,10.0,,,0.08,,False,1.0884453628157194,2.617473350205358,2.2724750224910326,1.5382714813361322,-0.178584945111267,0.8986660721373203,0.09995401164185003,1.6029448568034401,0.3897618079577041,0.5185185185185185,54,9.037037037037036,0.0433151364,42.46582,0.03460938112020986,1,0.3711045712035761,1.667074650942992,-0.01076473521643928,0
V11_ensw2,H_hold10_sl5_t2,2,10.0,,,0.05,,False,0.223880459274435,0.4450362480744552,0.7322941446977497,0.8651922352388801,-0.3476243445938195,0.11419231943085162,0.09844632558552657,0.08176406876202824,0.3358146104151487,0.47619047619047616,63,7.746031746031746,0.03373162439999999,33.07022,0.030486687791884348,1,0.5022801622272028,-0.3290261776110941,0.43358098589335836,0
V11_ensw2,H_hold10_sl10_t2,2,10.0,,,0.1,,False,0.5336376498734372,0.8705129715422648,1.4265707147741655,0.9650873465317052,-0.3777889302106644,0.8573399255612475,-0.17428273157375584,1.6642647293531851,-0.29792525835209416,0.4807692307692308,52,9.365384615384615,0.035396203200000004,34.70216,0.034136127221197986,1,0.2951467226309863,0.9518174362906271,-0.2600496840216301,0
V11_ensw2,H_hold15_t2,2,15.0,,,,,False,-0.0563372368798265,-0.15413184804320734,-0.01036947367752449,-0.030725156518141,-0.4687570497807735,0.36381912753108336,-0.3080733771284744,0.49931001281904863,-0.43582838457380424,0.5,34,14.352941176470589,0.0189417876,18.57038,0.026810110296524185,1,0.6029897651779428,-0.15575506433312303,-0.37496626252015886,0
V11_ensw2,H_hold15_sl8_t2,2,15.0,,,0.08,,False,0.5295219300091654,1.2699088826272988,1.356521654386003,1.4163527425877003,-0.22504821837634148,0.4973783394860236,0.02146657907057281,0.9755778056487954,0.14898480643835854,0.475,40,12.2,0.0286150188,28.05394,0.03405524506221505,1,1.0641812338737697,0.45124210770925766,-0.2422591025671923,0
V11_ensw2,H_hold15_sl5_t2,2,15.0,,,0.05,,False,0.8172910438971435,2.0625162660379206,1.8109099557824742,1.7043247778094743,-0.24552976686243655,0.3589498340137862,0.33727603360427416,0.4489365067006239,1.1136304122887912,0.4772727272727273,44,11.068181818181818,0.0313110624,30.69712,0.033724391685294376,1,1.3238719888944437,0.0346309046746518,0.2737399083039411,0
V11_ensw2,H_hold15_sl10_t2,2,15.0,,,0.1,,False,0.3257969679320858,0.6867959173645348,0.975645293898585,1.1018799174886516,-0.2545875090323685,0.36381912753108336,-0.027879180480353427,0.41017107983182965,0.19616402682552136,0.5,36,13.527777777777779,0.023363202,22.9051,0.025997948878251395,1,0.7034376939447531,0.5524944655262487,-0.36216811246978486,0
V11_ensw2,H_hold10_tr12_t2,2,10.0,,,,0.12,False,0.5138018192381391,0.8954018511142217,1.3314582236231858,0.9741935409640259,-0.37366972859956105,0.9418236725439277,-0.2204226157903666,1.6326583933440606,-0.28004261551509546,0.43137254901960786,51,9.568627450980392,0.0350433444,34.35622,0.02955935006932496,1,0.11595041850770937,1.2752242087871948,-0.2534958937013043,0
V11_ensw2,H_hold10_tr15_t2,2,10.0,,,,0.15,False,0.35306359318864655,0.560921486328801,1.0163487124526345,0.8070908814465367,-0.35060067541360784,0.9418236725439277,-0.30319955806490073,1.6326583933440606,-0.40709303938742925,0.46,50,9.76,0.0343835676,33.70938,0.02673491691820864,1,0.05412785975924095,1.8296437784429807,-0.4766936541035939,0
V11_ensw2,H_hold10_tr20_t2,2,10.0,,,,0.2,False,0.6668169545127696,1.3798278226158893,1.5665487991776457,1.1765755429162807,-0.3777508442872055,0.9418236725439277,-0.14162290939160294,1.6326583933440606,-0.09603622382888077,0.5,50,9.76,0.0346295508,33.95054,0.027988744350393852,1,0.05412785975924095,1.8296437784429807,-0.20215141336494613,0
V11_ensw2,H_hold10_sl8tr15_t2,2,10.0,,,0.08,0.15,False,1.0884453628157194,2.617473350205358,2.2724750224910326,1.5382714813361322,-0.178584945111267,0.8986660721373203,0.09995401164185003,1.6029448568034401,0.3897618079577041,0.5185185185185185,54,9.037037037037036,0.0433151364,42.46582,0.03460938112020986,1,0.3711045712035761,1.667074650942992,-0.01076473521643928,0
V11_ensw2,H_hold20_t2,2,20.0,,,,,False,0.9655628611316531,2.1841376675350155,1.8110247696622603,1.2975914780870947,-0.2508829190951519,0.8790619261824055,0.046034105499113354,1.2740527432658335,0.4002039649098825,0.5384615384615384,26,18.76923076923077,0.0187672044,18.39922,0.03367914166237443,1,0.03855723170235503,1.5626758922911765,0.19637607316989358,0
V11_ensw2,H_hold20_sl8_t2,2,20.0,,,0.08,,False,1.034718557661241,2.3682409916138902,2.2126515050895255,1.3370055353397328,-0.23371747515813335,1.0045356657000855,0.015057298544304487,1.915050312854997,0.15546581709426466,0.5517241379310345,29,16.82758620689655,0.0223234344,21.88572,0.04047788710947892,1,0.4984512395571714,0.7518596884173772,0.283102119297832,0
V11_ensw2,H_hold20_sl5_t2,2,20.0,,,0.05,,False,0.04446368360216457,0.005457816433120488,0.3013455418051901,0.2897821926673631,-0.3792583502803222,0.13236672609760491,-0.0776277158888049,0.11954110962696651,-0.10190183479002302,0.42105263157894735,38,12.842105263157896,0.0198152136,19.42668,0.02992453895995449,1,0.43938486856448455,-0.3463956419914056,0.06873979914978223,0
V11_ensw2,H_hold20_sl10_t2,2,20.0,,,0.1,,False,1.157826253249271,2.7535084018724914,2.187942146165566,1.4210721915851345,-0.24118461553577641,0.9597790328094558,0.10105589310030716,1.5595440100842626,0.4664754296406579,0.5333333333333333,30,16.266666666666666,0.023024908799999997,22.57344,0.0309751313923296,1,0.461088457250056,0.6146378533980137,0.591057051597381,0
V11_ensw2,H_hold15_tr12_t2,2,15.0,,,,0.12,False,0.8255083203044569,2.172782536098757,1.7854123319267505,2.0240622496108025,-0.2550344426458129,0.37451217532247383,0.3281136050149396,0.5372194089504132,1.0639750692876557,0.5675675675675675,37,13.18918918918919,0.025447674000000003,24.9487,0.02598379199454649,1,0.7034376939447531,0.6382874596931016,0.13690439739780347,0
V11_ensw2,H_hold15_tr15_t2,2,15.0,,,,0.15,False,0.37079695362636467,0.7434460180644527,1.0912895091895058,1.211054227768236,-0.21543426121529818,0.36381912753108336,0.005116386736643497,0.41017107983182965,0.23633652894964197,0.5294117647058824,34,14.352941176470589,0.021570694799999998,21.14774,0.026730508962349294,1,0.6029897651779428,0.25257080100646934,-0.1316886618341041,0
V11_ensw2,H_hold15_tr20_t2,2,15.0,,,,0.2,False,-0.0563372368798265,-0.15413184804320734,-0.01036947367752449,-0.030725156518141,-0.4687570497807735,0.36381912753108336,-0.3080733771284744,0.49931001281904863,-0.43582838457380424,0.5,34,14.352941176470589,0.0189417876,18.57038,0.026810110296524185,1,0.6029897651779428,-0.15575506433312303,-0.37496626252015886,0
V11_ensw2,H_hold15_sl8tr15_t2,2,15.0,,,0.08,0.15,False,0.5295219300091654,1.2699088826272988,1.356521654386003,1.4163527425877003,-0.22504821837634148,0.4973783394860236,0.02146657907057281,0.9755778056487954,0.14898480643835854,0.475,40,12.2,0.0286150188,28.05394,0.03405524506221505,1,1.0641812338737697,0.45124210770925766,-0.2422591025671923,0
V11_ensw2,H_hold20_tr12_t2,2,20.0,,,,0.12,False,0.7921841292285157,1.357814489508519,1.7452664276041971,1.074077275919511,-0.26828637050610515,0.792168894320584,8.500821533807823e-06,1.1157166747426808,0.11442827749858475,0.4642857142857143,28,17.392857142857142,0.0200188668,19.62634,0.03989752009902794,1,0.20738443344915436,0.751217615184868,0.11512600270077122,0
V11_ensw2,H_hold20_tr15_t2,2,20.0,,,,0.15,False,0.7443719611510278,1.536214132692768,1.6552008112811079,1.134403486418809,-0.2700404329206485,0.8790619261824055,-0.07167936466310032,1.334241990752159,0.08652579412965156,0.5,28,17.428571428571427,0.0196593372,19.27386,0.030866220710557567,1,0.03496885522789128,0.8724363749272488,0.3087345504770176,0
V11_ensw2,H_hold20_tr20_t2,2,20.0,,,,0.2,False,0.7440739049206282,1.5155011580097861,1.585257637974681,1.1308210442573825,-0.24608836102598108,0.8790619261824055,-0.07183798435851674,1.2740527432658335,0.10617538025841933,0.5,26,18.76923076923077,0.018399066,18.0383,0.033179921734485925,1,0.03855723170235503,1.5626758922911765,-0.05485072829660487,0
V11_ensw2,H_hold20_sl8tr15_t2,2,20.0,,,0.08,0.15,False,1.034718557661241,2.3682409916138902,2.2126515050895255,1.3370055353397328,-0.23371747515813335,1.0045356657000855,0.015057298544304487,1.915050312854997,0.15546581709426466,0.5517241379310345,29,16.82758620689655,0.0223234344,21.88572,0.04047788710947892,1,0.4984512395571714,0.7518596884173772,0.283102119297832,0
V11_ensw2,H_hold25_tr12_t2,2,25.0,,,,0.12,False,0.4871085819628551,0.671026863486399,1.260766281719699,0.8157049650039624,-0.3525113456811365,0.9874906227065328,-0.2517657366666036,1.6874152265745406,-0.37820294870609195,0.44,25,19.52,0.016866373200000003,16.53566,0.029246303648318584,1,0.3275641829231921,0.43387612692962096,-0.12215817159613684,0
V11_ensw2,H_hold25_tr15_t2,2,25.0,,,,0.15,False,0.3939639928820109,0.6684814759497968,1.0449253170407977,0.8228073906837734,-0.4659982821043168,1.0484803715927868,-0.31951313167909967,2.4565536053978945,-0.5172991174376038,0.5416666666666666,24,20.333333333333332,0.0158136516,15.50358,0.031744991276330355,1,0.2058583951491768,0.648726413972823,-0.16077873035013812,0
V11_ensw2,H_hold25_tr20_t2,2,25.0,,,,0.2,False,1.0425805418232441,2.8372435196682213,1.9385879455890718,1.421305375060812,-0.3602158584991161,1.047181868262133,-0.002247639308565308,2.519150934095388,0.09038901471686933,0.5,22,22.181818181818183,0.019417332000000002,19.0366,0.027952070068992578,1,0.06106175269724634,5.219545264344196,-0.4185396995724845,0
V11_ensw2,H_hold25_sl8tr15_t2,2,25.0,,,0.08,0.15,False,0.08362287583926897,0.1481761546048419,0.4071173898772148,0.5176171119731174,-0.3524839790427683,0.3032982368046897,-0.16855340915982586,0.6258320255562506,-0.2937916484871719,0.41379310344827586,29,16.82758620689655,0.016956276000000003,16.6238,0.02210422606697153,1,1.111847652318191,-0.3262430744406075,-0.19305730272795396,0
V11_ensw2,H_hold30_t2,2,30.0,,,,,False,0.23828043649474395,0.5183873894111832,0.7593532876101458,1.1769888102472048,-0.2773787039423866,0.23403561668652872,0.0034397871105313893,0.6795686826555027,-0.09596588392531946,0.6666666666666666,18,27.11111111111111,0.0101908404,9.99102,0.02357513103361017,1,0.46146221432667556,-0.15390968834944108,0.227943189669914,0
V11_ensw2,H_hold30_sl8_t2,2,30.0,,,0.08,,False,0.06052367907929623,0.11232909832746052,0.35323755700686527,0.46101059552104706,-0.39646738719899544,0.30840574833994894,-0.18945351591060722,0.5375833994011125,-0.27657316100010465,0.4,25,19.52,0.013785095999999998,13.5148,0.017694643653064748,1,0.660580861948248,-0.33942001197468097,0.014023120201693606,0
V11_ensw2,H_hold30_sl5_t2,2,30.0,,,0.05,,False,1.4014065554662847,3.57063272594546,2.2881479195533125,1.5454065490061533,-0.15853948155515518,0.927634044927717,0.24577928149029638,1.6409593391153021,0.7306713731823606,0.4444444444444444,27,18.037037037037038,0.021677733600000002,21.25268,0.04402414749114672,1,0.29839158070705474,2.519840055449034,0.00010985080048198093,0
V11_ensw2,H_hold30_sl10_t2,2,30.0,,,0.1,,False,-0.13749263360221065,-0.2695103119755349,-0.20957015585684732,-0.48343082052278247,-0.4433614223057045,0.23403561668652872,-0.30106768821334284,0.17462235293984896,-0.3781067709156112,0.45454545454545453,22,22.181818181818183,0.011212595200000001,10.98126,0.028702569709259985,1,0.43991783911093885,-0.2843840390028779,-0.29108141994252335,0
V11_ensw2,H_hold3_t3,3,3.0,,,,,False,0.34810020726591184,1.1554206363129067,1.1623680899680502,1.4181792780390725,-0.18808730659475348,0.11300268172596506,0.21122817527750537,0.2972895853193398,0.6614799507407809,0.5061728395061729,243,3.0,0.093923382,86.7941,0.04651937321247304,2,0.2929514975055181,0.1908298604134775,0.39990990658563086,0
V11_ensw2,H_hold3_sl8_t3,3,3.0,,,0.08,,False,0.4400412188309517,1.539309071082763,1.3063191451793377,1.5632957728572692,-0.2018509251143802,0.34915824783457805,0.06736272126879306,1.253936187885213,0.12661089729665376,0.483739837398374,246,2.9715447154471546,0.10412455400000001,100.2747,0.037866592080864125,1,1.1162586967910726,0.19144093909134452,0.0071039270088915085,0
V11_ensw2,H_hold3_sl5_t3,3,3.0,,,0.05,,False,0.501718664390582,1.9302883250107823,1.5145443436911923,1.729805246471084,-0.2095040325233387,0.27106032880979547,0.18146922718984637,0.955799280614418,0.49825616261103645,0.47560975609756095,246,2.967479674796748,0.1067837416,102.82558,0.039248993630134274,1,1.1162586967910726,0.34510686355638875,0.029401531799580605,0
V11_ensw2,H_hold3_sl10_t3,3,3.0,,,0.1,,False,0.34810020726591184,1.1554206363129067,1.1623680899680502,1.4181792780390725,-0.18808730659475348,0.11300268172596506,0.21122817527750537,0.2972895853193398,0.6614799507407809,0.5061728395061729,243,3.0,0.093923382,86.7941,0.04651937321247304,2,0.2929514975055181,0.1908298604134775,0.39990990658563086,0
V11_ensw2,H_hold40_t2,2,40.0,,,,,False,1.2324498561259016,3.5481188476285546,2.0584741335750962,1.6634969086369986,-0.2930024188825865,0.8890247962324893,0.18180018630689632,3.0409582395488712,0.12550503569081695,0.7142857142857143,14,34.857142857142854,0.011582548800000002,11.35544,0.028008213661639816,1,0.17344865591830527,2.443660035032841,0.12550503569081695,0
V11_ensw2,H_hold40_sl8_t2,2,40.0,,,0.08,,False,1.1252929687293727,2.8011276746947984,2.096200386685521,1.4652272724717585,-0.25119252823379734,0.8033007135064529,0.17855716066169425,1.278648995722231,0.6681497158319503,0.5,16,30.5,0.010960756799999999,10.74584,0.03557801869536174,1,0.21864421893579222,0.8201316937383947,0.7136917759927819,0
V11_ensw2,H_hold40_sl5_t2,2,40.0,,,0.05,,False,0.28292509016693135,0.35361252408782406,0.862547315397654,0.6279704394444269,-0.35151771271283816,0.66699975312178,-0.23039875215073968,0.9751631973179835,-0.3146831988739689,0.36,25,19.52,0.015335659199999997,15.03496,0.031613110081890654,1,1.4974508901986185,-0.3118793351576967,-0.2123508536508678,0
V11_ensw2,H_hold40_sl10_t2,2,40.0,,,0.1,,False,1.2044814207406005,3.390273578060791,2.100926360545793,1.5962474132613789,-0.23595692886830466,0.8890247962324893,0.16699443286147586,1.493526839743561,0.7606682663629534,0.5333333333333333,15,32.53333333333333,0.010727931599999999,10.51758,0.029698365217934515,1,1.7140571480908662,-0.10567087897335992,0.8087361701901461,0
V11_ensw2,H_hold40_tr12_t2,2,40.0,,,,0.12,False,1.5709635235441453,4.9160534744714095,2.877228203423335,1.830980454879486,-0.16427110013591362,1.1349704431032102,0.20421504281212188,2.5368711461081586,0.6726799564019226,0.6666666666666666,18,27.11111111111111,0.016229281199999997,15.91106,0.036645370445541364,1,3.2146824343412357,0.4714202317711518,-0.04603924098999934,0
V11_ensw2,H_hold40_tr15_t2,2,40.0,,,,0.15,False,1.1110881976918394,2.729447557558598,2.059799760524441,1.4631839236209216,-0.206752903547342,1.0627761722095692,0.023420876260423773,2.111641474403843,0.19854667969841255,0.5,16,30.5,0.012305239200000002,12.06396,0.03448445313139573,1,0.5257753575901329,0.9950867971251234,0.22515803765791365,0
V11_ensw2,H_hold40_tr20_t2,2,40.0,,,,0.2,False,0.8522896886243814,1.8462978092319569,1.8173013500881037,1.248709400647544,-0.20540789265387882,0.8989839980670986,-0.024589101061538665,2.2786931726328907,-0.1318803988766375,0.5714285714285714,14,34.857142857142854,0.0098960196,9.70198,0.04875705982486347,1,0.19400911453226288,1.7459532198942007,-0.1318803988766375,0
V11_ensw2,H_hold40_sl8tr15_t2,2,40.0,,,0.08,0.15,False,0.3625263954147311,0.8570046090068266,1.019015684118385,1.6514121277317257,-0.21092651253674932,0.35896516677262014,0.002620544462202945,0.5509512279357729,0.19733269206562576,0.5555555555555556,18,27.11111111111111,0.010427664,10.2232,0.02346164650823411,1,0.5885067004527207,-0.062303304606468046,0.24669881048414077,0
V11_ensw2,H_hold60_tr12_t2,2,60.0,,,,0.12,False,0.3730859674176308,0.8875344623963444,1.0877325157921198,1.6451814607903468,-0.2743078649400621,0.39491474166886675,-0.015648823257198963,0.5314412443120713,0.23252163242098867,0.6,15,32.53333333333333,0.009028836,8.8518,0.032579653521582146,1,0.8805301059121047,-0.21148132697390476,0.2729244158949804,0
V11_ensw2,H_hold60_tr15_t2,2,60.0,,,,0.15,False,0.2546760748812178,0.5663780823478601,0.829768724088989,1.4854180310014335,-0.23687602933885255,0.4224375401859184,-0.11793942480087649,0.4508341839535117,0.07963963054653966,0.6153846153846154,13,37.53846153846154,0.007363196400000001,7.21882,0.029373524548543382,1,0.3170133152293395,0.1693984496562564,0.01705377964553967,0
V11_ensw2,H_hold60_tr20_t2,2,60.0,,,,0.2,False,0.40091228192713046,0.430907374966204,1.1307032803259551,0.6985048139946967,-0.2592839304402287,0.17212377023449066,0.1951914273070927,-0.062141258725210924,0.5257173729822429,0.4166666666666667,12,40.666666666666664,0.0066663716,6.52708,0.07342495217454559,1,0.3218902413265745,0.30385378630321913,-0.16979139000229615,0
V11_ensw2,H_hold60_sl8tr15_t2,2,60.0,,,0.08,0.15,False,0.5213417223869978,1.2075689903550044,1.302553173175074,1.668597343755633,-0.2171466600699795,0.3913470333878346,0.09343081623758165,0.5186645931419058,0.4536251126971038,0.5625,16,30.5,0.0097211304,9.53052,0.048823633188813165,1,0.5971952095724513,-0.031074579690828052,0.42648081767997414,0
V11_ensw2,H_hold5_tr12_t3,3,5.0,,,,0.12,False,0.04407287687519479,-0.05052945653462637,0.2979391464650504,0.36354631819469974,-0.32973411528945507,0.23340749445917197,-0.15350532442402376,0.6218132474435871,-0.41456234559558924,0.42857142857142855,147,4.9727891156462585,0.0541685152,47.53376,0.04835714281402519,1,-0.2047476680431034,1.1446063482539133,-0.4432900837125181,0
V11_ensw2,H_hold5_tr15_t3,3,5.0,,,,0.15,False,0.04807323872267344,-0.04062880658944423,0.31086847936917705,0.38618924259998016,-0.3423229826360169,0.23340749445917197,-0.1502619828151478,0.6218132474435871,-0.4084576661814905,0.4421768707482993,147,4.979591836734694,0.0541473928,47.49314,0.04771604187931121,1,-0.2047476680431034,1.1446063482539133,-0.43748496417499483,0
V11_ensw2,H_hold5_tr20_t3,3,5.0,,,,0.2,False,0.04807323872267344,-0.04062880658944423,0.31086847936917705,0.38618924259998016,-0.3423229826360169,0.23340749445917197,-0.1502619828151478,0.6218132474435871,-0.4084576661814905,0.4421768707482993,147,4.979591836734694,0.0541473928,47.49314,0.04771604187931121,1,-0.2047476680431034,1.1446063482539133,-0.43748496417499483,0
V11_ensw2,H_hold5_sl8tr15_t3,3,5.0,,,0.08,0.15,False,0.29121129540860347,0.8426646433075247,0.9819694887361428,1.0783628585735876,-0.26081224138145254,0.2629336324585678,0.022390458392485435,0.7686333235090435,0.04185792431616031,0.46710526315789475,152,4.815789473684211,0.05757869079999999,51.93304,0.04149260480317527,1,-0.13313542701272585,0.7415630196303717,0.2205507836157048,0
V11_ensw2,H_hold10_t3,3,10.0,,,,,False,0.5070184903154171,1.3853437147642311,1.3917153116630023,1.1305166348081543,-0.3538972433580193,0.47494946870342725,0.021742454431459057,0.7629001053791891,0.35307934209417824,0.4533333333333333,75,9.76,0.031669404799999995,29.40124,0.040926032857520916,1,-0.045671060840924205,1.9812355265759418,-0.16158973728538661,0
V11_ensw2,H_hold10_sl8_t3,3,10.0,,,0.08,,False,1.0151662626299491,4.716710196416303,2.3302076010858355,1.8219706894766063,-0.22043778456402097,0.6730753783631198,0.20446830351512246,2.188048432716586,0.7931691807909615,0.5060240963855421,83,8.819277108433734,0.040725532,38.7101,0.03848060518454657,1,0.44497991097718104,2.310383145978909,0.19510511475885295,0
V11_ensw2,H_hold10_sl5_t3,3,10.0,,,0.05,,False,0.6093518812684036,2.0458519648230067,1.573229339925583,1.363932214706802,-0.3389640618616324,0.6258302021464528,-0.010135327081693069,1.9563302443558594,0.03028136678507498,0.4673913043478261,92,7.945652173913044,0.0403081788,38.59144,0.034765412432437574,1,0.7672253532757476,0.33805504877284065,0.28808011957938473,0
V11_ensw2,H_hold10_sl10_t3,3,10.0,,,0.1,,False,0.5638731032143978,1.5784155456050506,1.5854664950655486,1.1728743293011876,-0.3286798628955908,0.628793968966024,-0.03985824296294349,1.7836177328683158,-0.07371780429485242,0.42857142857142855,77,9.493506493506494,0.03486823,32.8565,0.03616586104024676,1,0.25450112233382605,2.3952459719619537,-0.39464433062884496,0
V11_ensw2,H_hold7_tr12_t3,3,7.0,,,,0.12,False,0.060016896872270964,0.0359406569927887,0.3478762423574911,0.44876656070831944,-0.366208237385251,0.39047015442529265,-0.23765577168364693,1.7428646131220522,-0.6223143307778379,0.48598130841121495,107,6.831775700934579,0.043301176799999994,40.60334,0.03748854188991657,1,1.3749246240935267,-0.09270639804043279,-0.5192301779690893,0
V11_ensw2,H_hold7_tr15_t3,3,7.0,,,,0.15,False,0.24462040151487208,0.6190806733757099,0.8648474714844194,1.0066503799809021,-0.2347803620079959,0.39047015442529265,-0.10489240092370289,1.7428646131220522,-0.40971177883519383,0.5142857142857142,105,6.9523809523809526,0.0436855092,41.62546,0.03998696914275111,1,1.3749246240935267,0.08186573825615673,-0.36984804057904275,0
V11_ensw2,H_hold7_tr20_t3,3,7.0,,,,0.2,False,0.4737784342991809,1.76800501252329,1.2629651409043152,1.5198740018979215,-0.32723391142518676,0.39047015442529265,0.05991374903571334,1.7428646131220522,0.009165745651813939,0.5142857142857142,105,6.9714285714285715,0.04676959519999999,44.80826,0.03263069455729041,1,1.3749246240935267,1.0751349233678216,-0.43834361237814823,0
V11_ensw2,H_hold7_sl8tr15_t3,3,7.0,,,0.08,0.15,False,0.6208726270519302,2.42158271952481,1.607669155484931,1.605707672275272,-0.3300714005165156,1.0407226457840024,-0.20573595319258864,6.107927256749789,-0.5186244040024992,0.5178571428571429,112,6.526785714285714,0.060122841200000006,58.02656,0.036366664755533455,1,2.2177011228254657,1.7489101002993657,-0.6131694147524867,1
V11_ensw2,H_hold10_tr12_t3,3,10.0,,,,0.12,False,0.5091738358921982,1.2591624243956074,1.4262327183634431,1.0890886919086606,-0.2910490113692533,0.47494946870342725,0.023203755731953768,0.7629001053791891,0.2815033690803912,0.4025974025974026,77,9.506493506493506,0.0329444252,30.71076,0.042384155287721416,1,-0.045671060840924205,2.173131342394616,-0.2539613739550223,0
V11_ensw2,H_hold10_tr15_t3,3,10.0,,,,0.15,False,0.3494883546591858,0.6849487314497893,1.0756845682672898,0.8988085783273579,-0.3362811905882822,0.47494946870342725,-0.08506129647582528,0.7629001053791891,-0.04421769202437742,0.41333333333333333,75,9.76,0.0315219108,29.25704,0.04115283918641471,1,-0.045671060840924205,1.9812355265759418,-0.40776740062590855,0
V11_ensw2,H_hold10_tr20_t3,3,10.0,,,,0.2,False,0.5070184903154171,1.3853437147642311,1.3917153116630023,1.1305166348081543,-0.3538972433580193,0.47494946870342725,0.021742454431459057,0.7629001053791891,0.35307934209417824,0.4533333333333333,75,9.76,0.031669404799999995,29.40124,0.040926032857520916,1,-0.045671060840924205,1.9812355265759418,-0.16158973728538661,0
V11_ensw2,H_hold10_sl8tr15_t3,3,10.0,,,0.08,0.15,False,1.0151662626299491,4.716710196416303,2.3302076010858355,1.8219706894766063,-0.22043778456402097,0.6730753783631198,0.20446830351512246,2.188048432716586,0.7931691807909615,0.5060240963855421,83,8.819277108433734,0.040725532,38.7101,0.03848060518454657,1,0.44497991097718104,2.310383145978909,0.19510511475885295,0
V11_ensw2,H_hold5_t3,3,5.0,,,,,False,0.04807323872267344,-0.04062880658944423,0.31086847936917705,0.38618924259998016,-0.3423229826360169,0.23340749445917197,-0.1502619828151478,0.6218132474435871,-0.4084576661814905,0.4421768707482993,147,4.979591836734694,0.0541473928,47.49314,0.04771604187931121,1,-0.2047476680431034,1.1446063482539133,-0.43748496417499483,0
V11_ensw2,H_hold5_sl8_t3,3,5.0,,,0.08,,False,0.29121129540860347,0.8426646433075247,0.9819694887361428,1.0783628585735876,-0.26081224138145254,0.2629336324585678,0.022390458392485435,0.7686333235090435,0.04185792431616031,0.46710526315789475,152,4.815789473684211,0.05757869079999999,51.93304,0.04149260480317527,1,-0.13313542701272585,0.7415630196303717,0.2205507836157048,0
V11_ensw2,H_hold5_sl5_t3,3,5.0,,,0.05,,False,0.7992666520567477,3.49504218865612,2.020187527046447,1.9348672792322341,-0.30678484307179377,0.8632943228526151,-0.03436261787018391,4.322587643530378,-0.15547803254684622,0.4968152866242038,157,4.656050955414012,0.0828667892,80.54896,0.037370792031914686,1,1.894626147602977,1.3812092309423893,-0.3478556531816478,0
V11_ensw2,H_hold5_sl10_t3,3,5.0,,,0.1,,False,0.10945192381570923,0.1133906544690444,0.5027272175890319,0.536489862841996,-0.311806218641121,0.23340749445917197,-0.10049847370014142,0.6218132474435871,-0.31349022076120836,0.42857142857142855,147,4.965986394557823,0.054263904,47.7172,0.0511801091162838,1,-0.2047476680431034,1.1446063482539133,-0.34717762198029556,0
V11_ensw2,H_hold7_t3,3,7.0,,,,,False,0.4737784342991809,1.76800501252329,1.2629651409043152,1.5198740018979215,-0.32723391142518676,0.39047015442529265,0.05991374903571334,1.7428646131220522,0.009165745651813939,0.5142857142857142,105,6.9714285714285715,0.04676959519999999,44.80826,0.03263069455729041,1,1.3749246240935267,1.0751349233678216,-0.43834361237814823,0
V11_ensw2,H_hold7_sl8_t3,3,7.0,,,0.08,,False,0.6208726270519302,2.42158271952481,1.607669155484931,1.605707672275272,-0.3300714005165156,1.0407226457840024,-0.20573595319258864,6.107927256749789,-0.5186244040024992,0.5178571428571429,112,6.526785714285714,0.060122841200000006,58.02656,0.036366664755533455,1,2.2177011228254657,1.7489101002993657,-0.6131694147524867,1
V11_ensw2,H_hold7_sl5_t3,3,7.0,,,0.05,,False,0.28836858922128084,0.8556587349745843,0.9902601466864794,1.2217543021938118,-0.2668256512673519,0.38696363969939673,-0.07108697564666189,1.2251782844336367,-0.16606289574370114,0.5081967213114754,122,6.0,0.050167725200000006,47.89576,0.036609644044245764,1,1.0109018707048576,-0.04891146499639887,-0.029744114792343623,0
V11_ensw2,H_hold7_sl10_t3,3,7.0,,,0.1,,False,-0.07469429152747964,-0.3595969589197411,-0.09783410983714146,-0.13712985286809481,-0.44684873028726035,0.37389629365512467,-0.3265097862584452,1.5406213677085758,-0.747934482005145,0.4954128440366973,109,6.715596330275229,0.04302448160000001,39.61308,0.03912252396386613,1,1.56034359838015,-0.303869667197867,-0.6406939117841959,0
V11_ensw2,H_hold15_t3,3,15.0,,,,,False,0.13272304577332017,0.26023537635851546,0.5682480718239129,0.6786998364058341,-0.37859047309509086,0.35773079929330653,-0.1657233920281569,0.6826153134176531,-0.2510258486838669,0.5294117647058824,51,14.352941176470589,0.019844702800000003,18.36464,0.03923896191902974,1,0.7440676438195528,-0.28844750636741134,0.015503434563872043,0
V11_ensw2,H_hold15_sl8_t3,3,15.0,,,0.08,,False,0.40705842891720057,1.3927610894196398,1.1971660040270578,1.3687451649169815,-0.23219257223625822,0.32017505689934356,0.06581200846342083,0.9184966025112351,0.2472063209742521,0.45901639344262296,61,12.0,0.0261887156,25.26478,0.029190764304545785,1,1.1543978950705607,0.19654251160902558,-0.07179204003115491,0
V11_ensw2,H_hold15_sl5_t3,3,15.0,,,0.05,,False,0.6260673342157816,2.550919797429787,1.667305826188904,1.8116493001153915,-0.1821164538465576,0.27010334265493396,0.2802638018547101,0.5149704990141564,1.3438870920196089,0.49230769230769234,65,11.246153846153845,0.028433117600000002,27.48938,0.03759861439043434,1,1.4067424922723815,0.24743135396530058,0.18275442561399724,0
V11_ensw2,H_hold15_sl10_t3,3,15.0,,,0.1,,False,0.8213937430813307,3.4718440154317696,1.9767819708254217,1.546952520982507,-0.1997830881093965,0.7668514925197447,0.030869742472696915,1.8415445267140704,0.5737370903010122,0.4716981132075472,53,13.79245283018868,0.026466116799999998,25.26934,0.03676166404543767,1,0.4288239781353651,3.6957356752752295,-0.3334936764884111,0
V11_ensw2,H_hold15_tr12_t3,3,15.0,,,,0.12,False,0.5393569441419241,2.2274377442887117,1.4630748839804129,1.8824150571559473,-0.21128909701711085,0.3154624905564771,0.17020208116366176,0.5214570744583276,1.1212808422069687,0.5636363636363636,55,13.309090909090909,0.023106480400000004,22.10502,0.03805918172589475,1,1.0814069039253011,0.22645752708328226,0.2642948532265401,0
V11_ensw2,H_hold15_tr15_t3,3,15.0,,,,0.15,False,0.26674109336308116,0.7676590875923828,0.9160298472419287,1.117603408437181,-0.2041306139997764,0.35773079929330653,-0.06701601376177413,0.5606596277965492,0.13263587787433795,0.5192307692307693,52,14.076923076923077,0.0211912052,20.18526,0.034213010584464625,1,0.7440676438195528,0.1491794173771217,-0.11804313232686481,0
V11_ensw2,H_hold15_tr20_t3,3,15.0,,,,0.2,False,0.13272304577332017,0.26023537635851546,0.5682480718239129,0.6786998364058341,-0.37859047309509086,0.35773079929330653,-0.1657233920281569,0.6826153134176531,-0.2510258486838669,0.5294117647058824,51,14.352941176470589,0.019844702800000003,18.36464,0.03923896191902974,1,0.7440676438195528,-0.28844750636741134,0.015503434563872043,0
V11_ensw2,H_hold15_sl8tr15_t3,3,15.0,,,0.08,0.15,False,0.4763924542367246,1.7366329145388062,1.3578568731939018,1.5328072111774302,-0.18477860773778298,0.32017505689934356,0.11833082023552488,0.9184966025112351,0.4264465785118745,0.5166666666666667,60,12.2,0.026028147199999997,25.10736,0.029319761081968505,1,1.1543978950705607,0.19654251160902558,0.06160387930905897,0
V11_ensw2,H_hold3_tr12_t3,3,3.0,,,,0.12,False,0.34810020726591184,1.1554206363129067,1.1623680899680502,1.4181792780390725,-0.18808730659475348,0.11300268172596506,0.21122817527750537,0.2972895853193398,0.6614799507407809,0.5061728395061729,243,3.0,0.093923382,86.7941,0.04651937321247304,2,0.2929514975055181,0.1908298604134775,0.39990990658563086,0
V11_ensw2,H_hold3_tr15_t3,3,3.0,,,,0.15,False,0.34810020726591184,1.1554206363129067,1.1623680899680502,1.4181792780390725,-0.18808730659475348,0.11300268172596506,0.21122817527750537,0.2972895853193398,0.6614799507407809,0.5061728395061729,243,3.0,0.093923382,86.7941,0.04651937321247304,2,0.2929514975055181,0.1908298604134775,0.39990990658563086,0
V11_ensw2,H_hold3_tr20_t3,3,3.0,,,,0.2,False,0.34810020726591184,1.1554206363129067,1.1623680899680502,1.4181792780390725,-0.18808730659475348,0.11300268172596506,0.21122817527750537,0.2972895853193398,0.6614799507407809,0.5061728395061729,243,3.0,0.093923382,86.7941,0.04651937321247304,2,0.2929514975055181,0.1908298604134775,0.39990990658563086,0
V11_ensw2,H_hold3_sl8tr15_t3,3,3.0,,,0.08,0.15,False,0.4400412188309517,1.539309071082763,1.3063191451793377,1.5632957728572692,-0.2018509251143802,0.34915824783457805,0.06736272126879306,1.253936187885213,0.12661089729665376,0.483739837398374,246,2.9715447154471546,0.10412455400000001,100.2747,0.037866592080864125,1,1.1162586967910726,0.19144093909134452,0.0071039270088915085,0
V11_ensw2,H_hold25_t3,3,25.0,,,,,False,0.6673605179603388,2.4456503881144727,1.7017679762385296,1.3294153336914407,-0.35654936321957686,0.6756826456241591,-0.004966410367471807,2.271261740768177,0.05330929199977241,0.43333333333333335,30,24.4,0.0146385304,13.76102,0.03980837546265076,1,0.03207414920358942,5.067666970091134,-0.44977721158676276,0
V11_ensw2,H_hold25_sl8_t3,3,25.0,,,0.08,,False,0.3027495196535097,0.4982595610930196,0.9616896898596091,0.740537199857658,-0.27529594352129805,0.5819278644670358,-0.17647982002490503,1.2313100377227664,-0.32852918878897,0.38461538461538464,39,18.76923076923077,0.015775958800000003,14.79144,0.03046029043197618,1,0.0103296748408932,0.4331338917937779,0.034754162580197034,0
V11_ensw2,H_hold25_sl5_t3,3,25.0,,,0.05,,False,0.006668226748431927,-0.12222364843089029,0.18055979973267336,0.14106057069540306,-0.23201578323194127,0.03960507289901671,-0.03168207525068889,-0.17717699296290423,0.06678634902285396,0.3409090909090909,44,16.613636363636363,0.015833270400000002,13.52552,0.04913944416166761,1,0.045685512605133205,-0.3707287130232447,0.33396633425403865,0
V11_ensw2,H_hold25_sl10_t3,3,25.0,,,0.1,,False,0.7181267878191346,2.299294504489318,1.8656312077294046,1.3150814844307828,-0.2161296366368013,0.8409254656714025,-0.0667048613005532,3.017741958731138,-0.17881871499500623,0.4594594594594595,37,19.783783783783782,0.0170164172,16.28286,0.038670614786083135,1,0.5497773652129538,0.3916651371493931,0.5297378842597549,0
V11_ensw2,H_hold20_t3,3,20.0,,,,,False,0.9614925371762983,3.1926774706946652,2.0345041927122005,1.3799473442832182,-0.26395777207861093,0.5022841428176845,0.3056734616777106,0.5875144594782105,1.6410326190494846,0.5128205128205128,39,18.76923076923077,0.018581117600000002,17.52538,0.04000453444934414,1,-0.026431645563470663,3.91963299991954,-0.12462870752849664,0
V11_ensw2,H_hold20_sl8_t3,3,20.0,,,0.08,,False,0.6518452974429751,2.136257118879026,1.8104215680478695,1.2770409505156377,-0.21948280057338831,0.6661448760194104,-0.008582434086163215,1.6667366699155375,0.17606554642620909,0.5,44,16.636363636363637,0.019759131600000004,18.90858,0.03404029224209504,1,0.5526413883077939,0.631016075232621,0.23846078589168607,0
V11_ensw2,H_hold20_sl5_t3,3,20.0,,,0.05,,False,0.025082624647191576,-0.1187255330714252,0.23853100107572914,0.22574677316567412,-0.3094205774200577,0.09379251081515272,-0.06281802580340845,0.07587894104837334,-0.18087952714286715,0.3770491803278688,61,12.0,0.022367435199999994,19.55276,0.04379780080559417,1,0.45552629643974707,-0.5325784904193801,0.29533600647728586,0
V11_ensw2,H_hold20_sl10_t3,3,20.0,,,0.1,,False,1.112493910427649,5.468690324169397,2.4782462458428327,1.8005191717760913,-0.1462095184840596,0.7597910466220223,0.2004231493748383,2.230360615060114,1.0024669363575134,0.5581395348837209,43,17.023255813953487,0.0212459744,20.35272,0.04309245896602096,1,0.8081513987528979,0.7806752737000282,1.0090781978671277,0
V11_ensw2,H_hold20_tr12_t3,3,20.0,,,,0.12,False,0.6417093718507925,1.565815028218327,1.6855115135370953,1.148329694438872,-0.2450077705482726,0.8049085700483394,-0.09041964834439065,1.837478141544565,-0.09574104178943899,0.40476190476190477,42,17.404761904761905,0.0196063092,18.71346,0.05005800648476803,1,0.9862558173358544,0.16581596519947395,0.10805205593286038,0
V11_ensw2,H_hold20_tr15_t3,3,20.0,,,,0.15,False,0.3734347398458666,0.7443636078073548,1.1904548368877672,0.8812468145874183,-0.26073680666036225,0.5022841428176845,-0.08576899622340906,0.605481174926823,0.08650517679652148,0.4634146341463415,41,17.853658536585368,0.016550693999999998,15.4762,0.04589643392606421,1,-0.026431645563470663,0.39857960957287597,0.28110101857276515,0
V11_ensw2,H_hold20_tr20_t3,3,20.0,,,,0.2,False,0.5795879707193372,1.1801635677966913,1.4805258961241081,1.0312004146527096,-0.29302579438223786,0.5022841428176845,0.051457527706218364,0.5875144594782105,0.37331887264401664,0.4358974358974359,39,18.76923076923077,0.017948942000000002,16.9056,0.041628350016127,1,-0.026431645563470663,3.91963299991954,-0.5448129236076746,0
V11_ensw2,H_hold20_sl8tr15_t3,3,20.0,,,0.08,0.15,False,0.6664246075678162,2.190481184463681,1.801414778084396,1.2884044949704345,-0.21758235636007262,0.6661448760194104,0.000167891491569927,1.6667366699155375,0.19639903724154784,0.4888888888888889,45,16.266666666666666,0.0202899396,19.42898,0.03775470967994853,1,0.712297171029209,0.5441002894979814,0.20670620022469754,0
V11_ensw2,H_hold25_tr12_t3,3,25.0,,,,0.12,False,0.6689053915166223,1.8142721053882043,1.7777103947939619,1.2088257282602133,-0.17490031144652485,0.7639350354328687,-0.053873664283177636,2.0430298649914946,-0.0751743393106431,0.47368421052631576,38,19.263157894736842,0.0172210868,16.46484,0.047582407093347046,1,0.8257308984380716,0.0035215739622564968,0.5360402889006461,0
V11_ensw2,H_hold25_tr15_t3,3,25.0,,,,0.15,False,0.37879895866360913,0.8833846848389191,1.1257423326412586,0.9273630921431781,-0.37206098851397995,0.628490171675191,-0.15332681606222498,1.9157889230814131,-0.3540737225764087,0.5294117647058824,34,21.529411764705884,0.013672274,12.6757,0.04783173666398555,1,0.04231513933521658,0.6043934190766072,0.12623525159128945,0
V11_ensw2,H_hold25_tr20_t3,3,25.0,,,,0.2,False,0.5639533656306126,1.7837365459529435,1.5060782599504554,1.1991340080699142,-0.35354030470374387,0.6756826456241591,-0.06667687362240982,2.271261740768177,-0.14903276883639116,0.46875,32,22.875,0.015488353600000001,14.59418,0.03912745048141697,1,0.03207414920358942,5.067666970091134,-0.55547571227613,0
V11_ensw2,H_hold25_sl8tr15_t3,3,25.0,,,0.08,0.15,False,-0.10825180231922238,-0.36912596890973304,-0.1852663462649443,-0.3234772180423097,-0.37377444002707605,0.20636452186201293,-0.2607970629769749,0.4789881962298326,-0.5734421459897643,0.36363636363636365,44,16.636363636363637,0.0164206,14.655,0.03985697584630139,1,0.9712961521461583,-0.5150596329051191,-0.34006305852421626,0
V11_ensw2,H_hold40_t3,3,40.0,,,,,False,0.791666246462394,3.479989882014972,1.83893809966605,1.5992411916702163,-0.2287973767934266,0.5790754292888443,0.13462993168685622,2.6271625382564467,0.2351224503350966,0.7142857142857143,21,34.857142857142854,0.0100906412,9.56806,0.03165211321941347,1,1.7731770644293627,0.6517127408619043,-0.021941313374833515,0
V11_ensw2,H_hold40_sl8_t3,3,40.0,,,0.08,,False,0.6603053498457314,2.324417089015688,1.652340003428954,1.3282011158712832,-0.2313483639787396,0.5867055110083528,0.04638531745604513,1.3372401478419458,0.4223686393908803,0.5,26,28.153846153846153,0.011099767200000001,10.42986,0.044810006424347064,1,0.44731792375314794,0.5880157019141461,0.4464278435019249,0
V11_ensw2,H_hold40_sl5_t3,3,40.0,,,0.05,,False,0.30748395035138976,0.6215297026492581,0.9913331644216664,0.7828075684768457,-0.23973997088861998,0.43840070288961686,-0.09101549538680465,0.6511448500502022,-0.01793612922575738,0.38235294117647056,34,21.529411764705884,0.013604298,12.5899,0.033930993062835826,1,-0.09479323497257441,1.2238577114217826,-0.19449151236985696,0
V11_ensw2,H_hold40_sl10_t3,3,40.0,,,0.1,,False,1.188933424274123,7.025498039441329,2.344718429588631,2.0291601879254735,-0.20696593297075183,0.7907313991828324,0.22236837153411337,2.601910206495631,1.228122740252732,0.5909090909090909,22,33.27272727272727,0.0107140908,10.19804,0.04296050807890791,1,0.6546871043043994,1.835378332826262,0.7105867134717025,0
V11_ensw2,H_hold30_tr12_t3,3,30.0,,,,0.12,False,0.8950881425009065,3.3423581380743412,2.1563696030588133,1.5418363799610018,-0.1464271030173363,0.8499961615191067,0.024374094346645725,2.4944080373675854,0.24265915475215594,0.5757575757575758,33,22.181818181818183,0.016346145200000002,15.62076,0.04979851986930785,1,0.7670591032616794,2.386004416001124,-0.27425000191044213,0
V11_ensw2,H_hold30_tr15_t3,3,30.0,,,,0.15,False,0.12266656747708882,0.2754850097352439,0.537949434782168,0.7157694033612595,-0.20515292079202618,0.26602048886851404,-0.11323191263637922,0.40801211272002647,-0.0941235531907213,0.6,30,24.4,0.0114528152,10.48426,0.046741078965480576,1,0.4552406969783609,-0.01604623180154796,-0.10922948336954397,0
V11_ensw2,H_hold30_tr20_t3,3,30.0,,,,0.2,False,-0.013464828909013349,-0.13137991071497146,0.11155815777090462,-0.007599873750432958,-0.26619631877211913,0.08296931645413208,-0.08904605504326824,0.08296170598442809,-0.1979216952131838,0.5185185185185185,27,27.11111111111111,0.010029497600000001,8.90288,0.04329572917930765,1,0.4637597527622175,-0.2554404618502,-0.20299575195518405,0
V11_ensw2,H_hold30_sl8tr15_t3,3,30.0,,,0.08,0.15,False,0.3098639246636299,1.0235381803773564,1.0640730707972959,1.2321148533356001,-0.20481138872858085,0.29571534812042266,0.010919509878255518,0.6849556875398966,0.20094444936519684,0.5142857142857142,35,20.914285714285715,0.014235770000000002,13.5205,0.03713678470544273,1,0.9317567371018289,0.0028169528698600566,0.04456940258558806,0
V11_ensw2,H_hold30_t3,3,30.0,,,,,False,0.05114751060827305,0.10323390380280273,0.3208080300904195,0.473946954774498,-0.3148041064669046,0.12442719669443192,-0.06517068094900724,0.4416980173919831,-0.23476769025559086,0.5555555555555556,27,27.11111111111111,0.0100279064,8.89982,0.03604388031320291,1,0.45528092416143706,-0.3668762076155908,0.19738035574802604,0
V11_ensw2,H_hold30_sl8_t3,3,30.0,,,0.08,,False,0.05540967678450759,0.07139305050699063,0.33320644922925674,0.42843517239417783,-0.35695298401101894,0.32412025504101827,-0.20293517694749452,0.837526018357349,-0.41693720807025136,0.4473684210526316,38,19.263157894736842,0.014666238800000004,13.42344,0.02790200312048388,1,1.1005173201845935,-0.3906372770212194,-0.16295910856096607,0
V11_ensw2,H_hold30_sl5_t3,3,30.0,,,0.05,,False,0.9618254619536419,3.774304031938372,2.0772711814189124,1.5547666548901307,-0.13364570943339393,0.7244907373686529,0.13762597817552225,2.174004554698862,0.5041894079422145,0.45,40,18.275,0.019109794000000003,18.1497,0.03260069533547862,1,0.5726715507432454,0.9542642515364852,0.5534195034328919,0
V11_ensw2,H_hold30_sl10_t3,3,30.0,,,0.1,,False,0.7137976467319715,2.1569062452766294,1.7891589135457264,1.290680456592602,-0.23174244970350344,0.9467886390546068,-0.11967965481644705,2.640854434070153,-0.13292159781639856,0.5625,32,22.875,0.015684737600000002,14.88988,0.03710092589829137,1,0.9540005208894566,1.3168503410395775,-0.3026689104543824,0
V11_ensw2,H_hold40_tr12_t3,3,40.0,,,,0.12,False,0.8677519752053056,3.9175199843485258,2.122720703718471,1.6291711063826926,-0.18554383272692887,0.7425339350069322,0.07185974269010376,2.397574006563708,0.44736213982343287,0.5925925925925926,27,27.11111111111111,0.013110841200000002,12.49406,0.05127617913989882,1,3.2057549562891277,0.19178227778572499,-0.018918141507006103,0
V11_ensw2,H_hold40_tr15_t3,3,40.0,,,,0.15,False,0.6346146792460396,2.354107621965185,1.6631984256152725,1.3487325199397233,-0.2117488221248509,0.7651706888173742,-0.07396225781360755,2.232491932445112,0.037622890346420856,0.5,24,30.5,0.0108668804,10.31702,0.05101983968197887,1,2.6621142104353246,-0.2982182034791132,0.3050976573761328,0
V11_ensw2,H_hold40_tr20_t3,3,40.0,,,,0.2,False,0.6954386062707549,2.688209768992368,1.6974291633205234,1.4383709937403406,-0.2273701223645812,0.669601258638612,0.015475160610030736,3.724981212611053,-0.21942340021406292,0.6666666666666666,21,34.857142857142854,0.0097354816,9.21358,0.049401119971520815,1,0.5010156376889212,1.8599463640984597,-0.14084304786883362,0
V11_ensw2,H_hold40_sl8tr15_t3,3,40.0,,,0.08,0.15,False,0.48792051962334626,2.0240107964934766,1.347382190080188,2.009834394220555,-0.1981437649460407,0.2943084063369019,0.14958731036476602,0.5910531394026999,0.9006346938410406,0.5862068965517241,29,25.24137931034483,0.0117155252,11.05976,0.03803573179578134,1,0.886578651748013,-0.034642747812378305,0.6604291844004051,0
V11_ensw2,H_hold60_tr12_t3,3,60.0,,,,0.12,False,0.1607861705175584,0.478876947979183,0.6554927606082268,0.9794547685603703,-0.22983423057601604,0.25581561246243667,-0.07567149269512763,0.3375827053474214,0.10563402327713467,0.5652173913043478,23,31.82608695652174,0.008796545599999999,8.05228,0.04785100038761491,1,0.3991284845933798,-0.07439495305751898,0.14195430753523075,0
V11_ensw2,H_hold60_tr15_t3,3,60.0,,,,0.15,False,0.5587793053665193,2.2693231551842925,1.4701146709959774,1.5826637135045898,-0.2517289805005496,0.738402476258508,-0.10332657330228023,1.956904441580329,0.10565735882793348,0.5714285714285714,21,34.857142857142854,0.0095975296,9.22048,0.041964418039972515,1,2.3761343650044378,-0.24374499178761344,0.2804713451278409,0
V11_ensw2,H_hold60_tr20_t3,3,60.0,,,,0.2,False,1.2024555744656449,5.76741220172712,2.4163898253320513,1.8353018561393744,-0.2016646260427838,0.5174682372081787,0.45140143329635607,2.6612405538810124,0.8483932159424714,0.5882352941176471,17,43.05882352941177,0.008496974400000001,8.13222,0.07766548235788273,1,1.558526418418769,2.0996210395782247,-0.14665602945362,0
V11_ensw2,H_hold60_sl8tr15_t3,3,60.0,,,0.08,0.15,False,0.25152021245050205,0.7294400912755443,0.8542743161049519,1.110060767251328,-0.21476807692820588,0.19520813945748583,0.04711486738918613,0.20910321925712894,0.43034942239100915,0.46153846153846156,26,28.153846153846153,0.0098788824,8.99512,0.04898084915617888,1,0.388674790806502,-0.13971539845184888,0.4476474889108599,0
V11_ensw2,H_hold60_t3,3,60.0,,,,,False,0.8607635565171761,3.918803163083501,1.8766885327264187,1.8353762564721237,-0.255264928243905,0.3610784230446926,0.36712442502372666,4.171734943099606,-0.04890656284571959,0.5333333333333333,15,48.8,0.0073456496,7.07548,0.03388921815476222,1,1.0298570917276844,1.9502996121800171,-0.17865076277623604,0
V11_ensw2,H_hold60_sl8_t3,3,60.0,,,0.08,,False,0.43153441437762785,1.1087440268162,1.309419329700073,1.0364137956338784,-0.17490164596438962,0.2129243631384501,0.1802338693845036,0.28555801435635564,0.6403336164272537,0.36363636363636365,22,33.27272727272727,0.008410445599999998,7.61128,0.04270477934974472,1,0.1699005667183544,0.748782353203113,0.030716318346087457,0
V11_ensw2,H_hold60_sl5_t3,3,60.0,,,0.05,,False,-0.035166018391300846,-0.17430813550751867,0.05196087848266834,0.002674395464782785,-0.2629705714789832,-0.048073631009349915,0.013559465352068756,-0.215363327241188,0.05232382471917596,0.3333333333333333,27,27.11111111111111,0.0094663168,7.81984,0.020865709036986965,1,-0.17906775632902272,-0.3252382356382717,0.49059694445250246,0
V11_ensw2,H_hold60_sl10_t3,3,60.0,,,0.1,,False,0.38142461818085804,0.884701054905203,1.2327554762446629,0.9406230568554409,-0.20425923098581855,0.12557519852520205,0.22730548788822458,-0.09513236647215706,1.0828472420405233,0.4,20,36.6,0.007699242400000002,7.00912,0.06108559642557341,1,0.2141503622643719,0.5197284175520092,0.021419195800601365,0
V11_ensw2,R_re100_mh5_t1,1,,100.0,5.0,,,False,0.680883582668695,0.7355836351966019,1.4308571476460048,1.4309933488837,-0.34284860196689915,0.867073056739138,-0.09972265059387864,0.8210501965644033,-0.046932567553076066,0.631578947368421,38,6.421052631578948,0.0617954352,60.58376,0.013199301946464622,1,0.6888084073746235,0.10034638831643972,-0.06602394540551759,0
V11_ensw2,R_re100_mh5_sl8_t1,1,,100.0,5.0,0.08,,False,0.7345812854293956,0.7877881398301914,1.4935363040347789,1.675254807132167,-0.3412969790481237,0.867073056739138,-0.0709622855043186,0.8210501965644033,-0.01826531569363854,0.6410256410256411,39,6.256410256410256,0.06079685519999999,59.60476,0.013408339218571218,1,0.7081402778517414,-0.047250375223192864,0.098534579167604,0
V11_ensw2,R_re100_mh5_tr12_t1,1,,100.0,5.0,,0.12,False,0.3954399950392806,0.4411668152028019,0.985658723106569,1.0462508588108426,-0.39830934322081835,0.867073056739138,-0.25260557426904817,0.8210501965644033,-0.20860676003236478,0.5789473684210527,38,6.394736842105263,0.0606941616,59.50408,0.01723658210676546,2,0.6888084073746235,0.10034638831643972,-0.2244595600124244,0
V11_ensw2,R_re100_mh5_sl8tr15_t1,1,,100.0,5.0,0.08,0.15,False,0.7345812854293956,0.7877881398301914,1.4935363040347789,1.675254807132167,-0.3412969790481237,0.867073056739138,-0.0709622855043186,0.8210501965644033,-0.01826531569363854,0.6410256410256411,39,6.256410256410256,0.06079685519999999,59.60476,0.013408339218571218,1,0.7081402778517414,-0.047250375223192864,0.098534579167604,0
V11_ensw2,R_re100_mh2_t1,1,,100.0,2.0,,,False,0.06302524509469132,0.09558108413958499,0.3582545342341102,0.43775231213081695,-0.3412676537416822,0.19375545586163145,-0.10951171793605108,0.2383973443896814,-0.1153234548645451,0.5666666666666667,60,4.05,0.07448197079999999,73.02154,0.020240388665839302,2,0.41027097064652884,-0.18218188576704109,-0.050083933542198755,0
V11_ensw2,R_re100_mh2_sl8_t1,1,,100.0,2.0,0.08,,False,0.1267326978681791,0.1592673354897658,0.4987686438026469,0.5711604865478815,-0.33655371809595647,0.19375545586163145,-0.05614446213783164,0.2383973443896814,-0.06389710803111714,0.5573770491803278,61,3.9836065573770494,0.0758311452,74.34426,0.02041207986278152,2,0.41027097064652884,-0.18218188576704109,0.005134793985866359,0
V11_ensw2,R_re100_mh2_tr12_t1,1,,100.0,2.0,,0.12,False,0.02749377041162382,0.05481450556125855,0.27582101655030933,0.3430373978932477,-0.3635466810665071,0.19375545586163145,-0.139276168023881,0.2383973443896814,-0.14824227430728054,0.55,60,4.05,0.0741942288,72.73944,0.020629701522544657,2,0.41027097064652884,-0.18218188576704109,-0.0854303159566776,0
V11_ensw2,R_re100_mh2_sl8tr15_t1,1,,100.0,2.0,0.08,0.15,False,0.1267326978681791,0.1592673354897658,0.4987686438026469,0.5711604865478815,-0.33655371809595647,0.19375545586163145,-0.05614446213783164,0.2383973443896814,-0.06389710803111714,0.5573770491803278,61,3.9836065573770494,0.0758311452,74.34426,0.02041207986278152,2,0.41027097064652884,-0.18218188576704109,0.005134793985866359,0
V11_ensw2,R_re100_mh3_tr12_t1,1,,100.0,3.0,,0.12,False,0.8340633240889248,0.882958074180993,1.5435766045835755,1.274744989620514,-0.36484045716243385,0.9115067195607363,-0.04051432028949831,0.7635200851977677,0.06772703638917243,0.56,50,4.88,0.0746247708,73.16154,0.012950515400580625,1,0.29464420228375054,0.24220375049899578,0.17083954753568364,0
V11_ensw2,R_re100_mh3_sl8tr15_t1,1,,100.0,3.0,0.08,0.15,False,0.6019320051229053,0.6447495492779798,1.3052723419336818,1.1335774899312083,-0.36171649322995936,0.9097700539156748,-0.1611911591982491,0.7605255794034391,-0.06576219708474218,0.5882352941176471,51,4.784313725490196,0.07533968880000001,73.86244,0.012822936155181791,1,0.33082960978361053,0.1748339100056533,0.051963927209034644,0
V11_ensw2,R_re100_mh3_h20_t1,1,20.0,100.0,3.0,,,False,0.49322647734264846,0.5351586977790748,1.1193393129939035,0.990236013049579,-0.3853933320364329,0.9115067195607363,-0.21882227142482047,0.7635200851977677,-0.12949179844077785,0.5918367346938775,49,4.979591836734694,0.07283871,71.4105,0.012589653026231554,1,0.29464420228375054,0.2822986945344552,-0.07527276929061899,0
V11_ensw2,R_re100_mh3_h20_sl8tr15_t1,1,20.0,100.0,3.0,0.08,0.15,False,0.6019320051229053,0.6447495492779798,1.3052723419336818,1.1335774899312083,-0.36171649322995936,0.9097700539156748,-0.1611911591982491,0.7605255794034391,-0.06576219708474218,0.5882352941176471,51,4.784313725490196,0.07533968880000001,73.86244,0.012822936155181791,1,0.33082960978361053,0.1748339100056533,0.051963927209034644,0
V11_ensw2,R_re200_mh5_tr12_t1,1,,200.0,5.0,,0.12,False,0.46502593904626344,0.515040269174998,1.0648888152227107,1.0473330841594146,-0.4154344848572028,0.358145735083643,0.07869568132615723,0.259525061829905,0.20286631452483106,0.6764705882352942,34,7.176470588235294,0.0440024328,43.13964,0.01279230685192486,1,0.1566823512515234,0.4879140275977929,-0.11969690442961178,0
V11_ensw2,R_re200_mh5_sl8tr15_t1,1,,200.0,5.0,0.08,0.15,False,0.6609147921575396,0.7066072950567475,1.4081757756489117,1.3179125351624366,-0.23601316101599112,0.2990131369631386,0.27859737896143333,0.2028685551903926,0.4187812023954871,0.6,35,6.9714285714285715,0.0463879884,45.47842,0.011302307560428547,1,0.09215006639456891,0.49458467913266735,0.0455161728314919,0
V11_ensw2,R_re200_mh5_h20_t1,1,20.0,200.0,5.0,,,False,0.021809155931840962,0.04838723398090261,0.26297400233704216,0.3555545942020737,-0.4393105182673135,0.358145735083643,-0.24764395341644874,0.28089081235246516,-0.18151709429826435,0.6,30,8.133333333333333,0.036956558400000006,36.23192,0.012211905883800198,1,0.14359160356089196,0.24346239200026343,-0.2627443470792695,0
V11_ensw2,R_re200_mh5_h20_sl8tr15_t1,1,20.0,200.0,5.0,0.08,0.15,False,0.6609147921575396,0.7066072950567475,1.4081757756489117,1.3179125351624366,-0.23601316101599112,0.2990131369631386,0.27859737896143333,0.2028685551903926,0.4187812023954871,0.6,35,6.9714285714285715,0.0463879884,45.47842,0.011302307560428547,1,0.09215006639456891,0.49458467913266735,0.0455161728314919,0
V11_ensw2,R_re100_mh5_h20_t1,1,20.0,100.0,5.0,,,False,0.680883582668695,0.7355836351966019,1.4308571476460048,1.4309933488837,-0.34284860196689915,0.867073056739138,-0.09972265059387864,0.8210501965644033,-0.046932567553076066,0.631578947368421,38,6.421052631578948,0.0617954352,60.58376,0.013199301946464622,1,0.6888084073746235,0.10034638831643972,-0.06602394540551759,0
V11_ensw2,R_re100_mh5_h20_sl8tr15_t1,1,20.0,100.0,5.0,0.08,0.15,False,0.7345812854293956,0.7877881398301914,1.4935363040347789,1.675254807132167,-0.3412969790481237,0.867073056739138,-0.0709622855043186,0.8210501965644033,-0.01826531569363854,0.6410256410256411,39,6.256410256410256,0.06079685519999999,59.60476,0.013408339218571218,1,0.7081402778517414,-0.047250375223192864,0.098534579167604,0
V11_ensw2,R_re200_mh2_t1,1,,200.0,2.0,,,False,1.2147559933344496,1.2801853550141566,1.9221464349583204,1.5535708159566035,-0.3282560519820289,0.9902473479478524,0.11280439369412543,0.8610634337947336,0.22520560750840635,0.7058823529411765,51,4.784313725490196,0.09216946440000001,90.36222,0.01235361699078379,1,0.5152328970733397,0.566175199300794,-0.0391614508828565,0
V11_ensw2,R_re200_mh2_sl8_t1,1,,200.0,2.0,0.08,,False,0.1224643158285399,0.15526314350919734,0.4877836616591892,0.5091788100712067,-0.3955193574751311,0.38412020360916865,-0.18904130370927918,0.2959151977096459,-0.1085349214586202,0.5192307692307693,52,4.6923076923076925,0.06468293280000001,63.41464,0.014726174383795095,1,0.03732081829938805,0.4954067871482837,-0.2552534898307941,0
V11_ensw2,R_re100_mh2_h20_t1,1,20.0,100.0,2.0,,,False,0.06302524509469132,0.09558108413958499,0.3582545342341102,0.43775231213081695,-0.3412676537416822,0.19375545586163145,-0.10951171793605108,0.2383973443896814,-0.1153234548645451,0.5666666666666667,60,4.05,0.07448197079999999,73.02154,0.020240388665839302,2,0.41027097064652884,-0.18218188576704109,-0.050083933542198755,0
V11_ensw2,R_re100_mh2_h20_sl8tr15_t1,1,20.0,100.0,2.0,0.08,0.15,False,0.1267326978681791,0.1592673354897658,0.4987686438026469,0.5711604865478815,-0.33655371809595647,0.19375545586163145,-0.05614446213783164,0.2383973443896814,-0.06389710803111714,0.5573770491803278,61,3.9836065573770494,0.0758311452,74.34426,0.02041207986278152,2,0.41027097064652884,-0.18218188576704109,0.005134793985866359,0
V11_ensw2,R_re100_mh3_t1,1,,100.0,3.0,,,False,0.49322647734264846,0.5351586977790748,1.1193393129939035,0.990236013049579,-0.3853933320364329,0.9115067195607363,-0.21882227142482047,0.7635200851977677,-0.12949179844077785,0.5918367346938775,49,4.979591836734694,0.07283871,71.4105,0.012589653026231554,1,0.29464420228375054,0.2822986945344552,-0.07527276929061899,0
V11_ensw2,R_re100_mh3_sl8_t1,1,,100.0,3.0,0.08,,False,0.6019320051229053,0.6447495492779798,1.3052723419336818,1.1335774899312083,-0.36171649322995936,0.9097700539156748,-0.1611911591982491,0.7605255794034391,-0.06576219708474218,0.5882352941176471,51,4.784313725490196,0.07533968880000001,73.86244,0.012822936155181791,1,0.33082960978361053,0.1748339100056533,0.051963927209034644,0
V11_ensw2,R_re200_mh3_h20_t1,1,20.0,200.0,3.0,,,False,0.2063930366089255,0.24391922433218594,0.6711052886116663,0.6707630406258648,-0.4462196184373265,0.29352520603963805,-0.06736024085489878,0.22006450189862536,0.01955201745189572,0.5581395348837209,43,5.674418604651163,0.05268096,51.648,0.014517730461246147,1,0.14372881509751,0.35215807170546554,-0.19565632353321727,0
V11_ensw2,R_re200_mh3_h20_sl8tr15_t1,1,20.0,200.0,3.0,0.08,0.15,False,0.2871116473181494,0.3295575119006915,0.858319779716387,0.8513771473782614,-0.2603881546498451,0.10532347908364703,0.16446603340518084,0.025249493868057415,0.2968136242472468,0.55,40,6.1,0.0436868652,42.83026,0.018384037198821472,1,0.08320736439938448,0.06515427465335843,0.15234629414931877,0
V11_ensw2,R_re200_mh5_t1,1,,200.0,5.0,,,False,-0.000278921270480903,0.026856803638705795,0.21246458427792264,0.3080483567972709,-0.4393105182673135,0.358145735083643,-0.2639073606721968,0.28089081235246516,-0.19832604486186,0.5666666666666667,30,8.1,0.03685974000000001,36.137,0.01626016127595366,2,0.14359160356089196,0.24346239200026343,-0.27788515666288727,0
V11_ensw2,R_re200_mh5_sl8_t1,1,,200.0,5.0,0.08,,False,0.6609147921575396,0.7066072950567475,1.4081757756489117,1.3179125351624366,-0.23601316101599112,0.2990131369631386,0.27859737896143333,0.2028685551903926,0.4187812023954871,0.6,35,6.9714285714285715,0.0463879884,45.47842,0.011302307560428547,1,0.09215006639456891,0.49458467913266735,0.0455161728314919,0
V11_ensw2,R_re200_mh3_t1,1,,200.0,3.0,,,False,0.2063930366089255,0.24391922433218594,0.6711052886116663,0.6707630406258648,-0.4462196184373265,0.29352520603963805,-0.06736024085489878,0.22006450189862536,0.01955201745189572,0.5581395348837209,43,5.674418604651163,0.05268096,51.648,0.014517730461246147,1,0.14372881509751,0.35215807170546554,-0.19565632353321727,0
V11_ensw2,R_re200_mh3_sl8_t1,1,,200.0,3.0,0.08,,False,0.2871116473181494,0.3295575119006915,0.858319779716387,0.8513771473782614,-0.2603881546498451,0.10532347908364703,0.16446603340518084,0.025249493868057415,0.2968136242472468,0.55,40,6.1,0.0436868652,42.83026,0.018384037198821472,1,0.08320736439938448,0.06515427465335843,0.15234629414931877,0
V11_ensw2,R_re200_mh3_tr12_t1,1,,200.0,3.0,,0.12,False,0.18114330661243594,0.21987885085755643,0.6299324661858308,0.6978944890698713,-0.2673083571960527,0.29352520603963805,-0.08688033205883927,0.19971335758748565,0.016808592771377917,0.6136363636363636,44,5.5227272727272725,0.05324238839999999,52.19842,0.018889342300570076,2,0.14372881509751,0.1613051935404124,-0.08156744205033595,0
V11_ensw2,R_re200_mh3_sl8tr15_t1,1,,200.0,3.0,0.08,0.15,False,0.2871116473181494,0.3295575119006915,0.858319779716387,0.8513771473782614,-0.2603881546498451,0.10532347908364703,0.16446603340518084,0.025249493868057415,0.2968136242472468,0.55,40,6.1,0.0436868652,42.83026,0.018384037198821472,1,0.08320736439938448,0.06515427465335843,0.15234629414931877,0
V11_ensw2,R_re200_mh2_tr12_t1,1,,200.0,2.0,,0.12,False,1.7383690481236882,1.814126360535946,2.4017133759996927,1.8771745893732787,-0.21648306542445106,0.9902473479478524,0.3758938309588624,0.8610634337947336,0.5121066318507503,0.66,50,4.88,0.091891392,90.0896,0.012899476502250012,1,0.4749064682930335,0.4622130882858291,0.3048736074335585,0
V11_ensw2,R_re200_mh2_sl8tr15_t1,1,,200.0,2.0,0.08,0.15,False,0.1224643158285399,0.15526314350919734,0.4877836616591892,0.5091788100712067,-0.3955193574751311,0.38412020360916865,-0.18904130370927918,0.2959151977096459,-0.1085349214586202,0.5192307692307693,52,4.6923076923076925,0.06468293280000001,63.41464,0.014726174383795095,1,0.03732081829938805,0.4954067871482837,-0.2552534898307941,0
V11_ensw2,R_re200_mh2_h20_t1,1,20.0,200.0,2.0,,,False,1.2147559933344496,1.2801853550141566,1.9221464349583204,1.5535708159566035,-0.3282560519820289,0.9902473479478524,0.11280439369412543,0.8610634337947336,0.22520560750840635,0.7058823529411765,51,4.784313725490196,0.09216946440000001,90.36222,0.01235361699078379,1,0.5152328970733397,0.566175199300794,-0.0391614508828565,0
V11_ensw2,R_re200_mh2_h20_sl8tr15_t1,1,20.0,200.0,2.0,0.08,0.15,False,0.1224643158285399,0.15526314350919734,0.4877836616591892,0.5091788100712067,-0.3955193574751311,0.38412020360916865,-0.18904130370927918,0.2959151977096459,-0.1085349214586202,0.5192307692307693,52,4.6923076923076925,0.06468293280000001,63.41464,0.014726174383795095,1,0.03732081829938805,0.4954067871482837,-0.2552534898307941,0
V11_ensw2,R_re300_mh5_t1,1,,300.0,5.0,,,False,0.5780204130788131,0.6220401049257025,1.3239102985649969,1.5164956450786529,-0.23290415727534963,0.21670337342435086,0.2969639499211336,0.08566917978917843,0.49404637722209244,0.5862068965517241,29,8.413793103448276,0.0370505616,36.32408,0.011264351041193173,1,0.08701398327639498,0.14850335364546785,0.2992543794695197,0
V11_ensw2,R_re300_mh5_sl8_t1,1,,300.0,5.0,0.08,,False,0.5127865201504846,0.5585206004455756,1.1584628910532102,1.1420197750087477,-0.235993560493159,0.1633663235100118,0.30035268305363294,0.054773452210312934,0.47758800449484595,0.5757575757575758,33,7.393939393939394,0.0413848068,40.57334,0.012293437164669208,1,0.09215006639456891,0.39511851647669327,0.02286690639489941,0
V11_ensw2,R_re300_mh5_tr12_t1,1,,300.0,5.0,,0.12,False,0.024236221588741724,0.053259734588690044,0.2824777174290367,0.3561362559283338,-0.4163223353763579,0.21670337342435086,-0.15818740708667478,0.1202737306848809,-0.05981930510431721,0.5,32,7.625,0.0368706948,36.14774,0.011744671986136938,1,0.14359160356089196,0.18597911738560624,-0.22341771109209696,0
V11_ensw2,R_re300_mh5_sl8tr15_t1,1,,300.0,5.0,0.08,0.15,False,0.5127865201504846,0.5585206004455756,1.1584628910532102,1.1420197750087477,-0.235993560493159,0.1633663235100118,0.30035268305363294,0.054773452210312934,0.47758800449484595,0.5757575757575758,33,7.393939393939394,0.0413848068,40.57334,0.012293437164669208,1,0.09215006639456891,0.39511851647669327,0.02286690639489941,0
V11_ensw2,R_re300_mh2_t1,1,,300.0,2.0,,,False,0.20828642040960088,0.23574541998570786,0.6756106277765981,0.795034562042417,-0.231596992104248,0.09711038499510805,0.10133532316804295,0.024262780132902728,0.20647303011963714,0.6,40,6.075,0.0440817072,43.21736,0.019366071217479165,2,0.0022417626664950063,0.23320108036611842,-0.00017816395398950746,0
V11_ensw2,R_re300_mh2_sl8_t1,1,,300.0,2.0,0.08,,False,0.11824221654568401,0.1427537751900363,0.48467141985828655,0.5483776769371467,-0.23586202696171654,0.01696387696170043,0.09958892530830532,-0.051964806017115395,0.20539172220927804,0.5952380952380952,42,5.785714285714286,0.04398731640000001,43.12482,0.0223519316905862,2,-0.0025351325566321803,0.1678185332368458,-0.018975861479555767,0
V11_ensw2,R_re300_mh2_tr12_t1,1,,300.0,2.0,,0.12,False,0.5962905959539198,0.6413940659713546,1.3554538689074245,1.3760359027610007,-0.1844682688703836,0.09711038499510805,0.4549954296176302,0.024262780132902728,0.6025126537921994,0.6190476190476191,42,5.785714285714286,0.0492377664,48.27232,0.018607907792386528,2,0.048424191678209105,0.2003913832601143,0.3042263080861416,0
V11_ensw2,R_re300_mh2_sl8tr15_t1,1,,300.0,2.0,0.08,0.15,False,0.11824221654568401,0.1427537751900363,0.48467141985828655,0.5483776769371467,-0.23586202696171654,0.01696387696170043,0.09958892530830532,-0.051964806017115395,0.20539172220927804,0.5952380952380952,42,5.785714285714286,0.04398731640000001,43.12482,0.0223519316905862,2,-0.0025351325566321803,0.1678185332368458,-0.018975861479555767,0
V11_ensw2,R_re400_mh5_tr12_t1,1,,400.0,5.0,,0.12,False,-0.06463055027039188,-0.033068392201539676,0.029714886076620955,0.07772425545825708,-0.3274388358557152,0.09535605840306105,-0.14605899830115576,0.007702732510323607,-0.04045947618926948,0.46153846153846156,26,9.384615384615385,0.027130347600000004,26.59838,0.017169961997279957,1,0.02867750284535564,-0.1021977757808088,0.04697385854522862,0
V11_ensw2,R_re400_mh5_sl8tr15_t1,1,,400.0,5.0,0.08,0.15,False,0.3888834971531909,0.4280673792206966,0.9582461651142314,0.9979010382007985,-0.3041873694573547,0.1986069471329448,0.15874807873872654,0.08703293641115795,0.31372963172161583,0.5483870967741935,31,7.870967741935484,0.037569496800000005,36.83284,0.012797707641439652,1,0.06986751760652754,0.24121643673307713,0.07540283920287227,0
V11_ensw2,R_re400_mh5_h20_t1,1,20.0,400.0,5.0,,,False,0.09213200023757473,0.11934406158387234,0.42462872531995755,0.4744907314904752,-0.3570893879936812,-0.06258947093269529,0.1650519877605967,-0.03156428985746618,0.1558269174307172,0.5,22,11.090909090909092,0.0239300772,23.46086,0.01515900923336707,1,-0.03136100448410284,0.03877668324693673,0.1124473297524653,0
V11_ensw2,R_re400_mh5_h20_sl8tr15_t1,1,20.0,400.0,5.0,0.08,0.15,False,0.3888834971531909,0.4280673792206966,0.9582461651142314,0.9979010382007985,-0.3041873694573547,0.1986069471329448,0.15874807873872654,0.08703293641115795,0.31372963172161583,0.5483870967741935,31,7.870967741935484,0.037569496800000005,36.83284,0.012797707641439652,1,0.06986751760652754,0.24121643673307713,0.07540283920287227,0
V11_ensw2,R_re300_mh3_tr12_t1,1,,300.0,3.0,,0.12,False,-0.18997883094423962,-0.17616963130293362,-0.33279005738530315,-0.30071897989743857,-0.46085954638642357,-0.05082598638472302,-0.14660414482851492,-0.11655949359160567,-0.06747498816153641,0.5,36,6.777777777777778,0.036715308,35.9954,0.018143622024599165,1,0.06986282837567881,-0.08757045548585707,-0.1560623554457189,0
V11_ensw2,R_re300_mh3_sl8tr15_t1,1,,300.0,3.0,0.08,0.15,False,0.12172521132862846,0.15487538614729734,0.4894147032815615,0.5721920505904227,-0.2565815934510087,0.039465349669963734,0.07913670396495887,0.10402092933229068,0.046062946329979315,0.5714285714285714,42,5.809523809523809,0.045379942799999996,44.49014,0.014114067930068253,1,0.09603308433296398,-0.07856499072129497,0.1435278672554885,0
V11_ensw2,R_re300_mh3_h20_t1,1,20.0,300.0,3.0,,,False,-0.1892610049524983,-0.17532879514089428,-0.3308144683297567,-0.29745040004062373,-0.4601893245709259,-0.05082598638472302,-0.14584788098074342,-0.11655949359160567,-0.06652321364368252,0.5142857142857142,35,6.9714285714285715,0.035980092000000005,35.2746,0.018277599360025553,1,0.06414766469315625,-0.06008667551295166,-0.17549911168493004,0
V11_ensw2,R_re300_mh3_h20_sl8tr15_t1,1,20.0,300.0,3.0,0.08,0.15,False,0.12172521132862846,0.15487538614729734,0.4894147032815615,0.5721920505904227,-0.2565815934510087,0.039465349669963734,0.07913670396495887,0.10402092933229068,0.046062946329979315,0.5714285714285714,42,5.809523809523809,0.045379942799999996,44.49014,0.014114067930068253,1,0.09603308433296398,-0.07856499072129497,0.1435278672554885,0
V11_ensw2,R_re300_mh5_h20_t1,1,20.0,300.0,5.0,,,False,0.5780204130788131,0.6220401049257025,1.3239102985649969,1.5164956450786529,-0.23290415727534963,0.21670337342435086,0.2969639499211336,0.08566917978917843,0.49404637722209244,0.5862068965517241,29,8.413793103448276,0.0370505616,36.32408,0.011264351041193173,1,0.08701398327639498,0.14850335364546785,0.2992543794695197,0
V11_ensw2,R_re300_mh5_h20_sl8tr15_t1,1,20.0,300.0,5.0,0.08,0.15,False,0.5127865201504846,0.5585206004455756,1.1584628910532102,1.1420197750087477,-0.235993560493159,0.1633663235100118,0.30035268305363294,0.054773452210312934,0.47758800449484595,0.5757575757575758,33,7.393939393939394,0.0413848068,40.57334,0.012293437164669208,1,0.09215006639456891,0.39511851647669327,0.02286690639489941,0
V11_ensw2,R_re400_mh2_t1,1,,400.0,2.0,,,False,0.1392050127364759,0.1700946779771697,0.5256796109364273,0.6414033419921495,-0.3339980279383884,-0.09544712229482755,0.2594122917685151,-0.06716129422341988,0.254337615636431,0.5555555555555556,27,9.037037037037036,0.027276676799999997,26.74184,0.017740908063545387,1,0.014935033149125365,-0.031067947212268354,0.1898423908644764,0
V11_ensw2,R_re400_mh2_sl8_t1,1,,400.0,2.0,0.08,,False,-0.14496652431195567,-0.12130660607582622,-0.18241310441578318,-0.06045819367657343,-0.36330462627653015,-0.03494821509394319,-0.11400249285972042,-0.12457651692037752,0.0037352331845705855,0.5263157894736842,38,6.421052631578948,0.037012536,36.2868,0.018386543665857256,1,-0.08189743944381245,0.04316910262064266,-0.08253089763855481,0
V11_ensw2,R_re300_mh2_h20_t1,1,20.0,300.0,2.0,,,False,0.20828642040960088,0.23574541998570786,0.6756106277765981,0.795034562042417,-0.231596992104248,0.09711038499510805,0.10133532316804295,0.024262780132902728,0.20647303011963714,0.6,40,6.075,0.0440817072,43.21736,0.019366071217479165,2,0.0022417626664950063,0.23320108036611842,-0.00017816395398950746,0
V11_ensw2,R_re300_mh2_h20_sl8tr15_t1,1,20.0,300.0,2.0,0.08,0.15,False,0.11824221654568401,0.1427537751900363,0.48467141985828655,0.5483776769371467,-0.23586202696171654,0.01696387696170043,0.09958892530830532,-0.051964806017115395,0.20539172220927804,0.5952380952380952,42,5.785714285714286,0.04398731640000001,43.12482,0.0223519316905862,2,-0.0025351325566321803,0.1678185332368458,-0.018975861479555767,0
V11_ensw2,R_re300_mh3_t1,1,,300.0,3.0,,,False,-0.1892610049524983,-0.17532879514089428,-0.3308144683297567,-0.29745040004062373,-0.4601893245709259,-0.05082598638472302,-0.14584788098074342,-0.11655949359160567,-0.06652321364368252,0.5142857142857142,35,6.9714285714285715,0.035980092000000005,35.2746,0.018277599360025553,1,0.06414766469315625,-0.06008667551295166,-0.17549911168493004,0
V11_ensw2,R_re300_mh3_sl8_t1,1,,300.0,3.0,0.08,,False,0.12172521132862846,0.15487538614729734,0.4894147032815615,0.5721920505904227,-0.2565815934510087,0.039465349669963734,0.07913670396495887,0.10402092933229068,0.046062946329979315,0.5714285714285714,42,5.809523809523809,0.045379942799999996,44.49014,0.014114067930068253,1,0.09603308433296398,-0.07856499072129497,0.1435278672554885,0
V11_ensw2,R_re400_mh3_h20_t1,1,20.0,400.0,3.0,,,False,0.08940192956160065,0.1141675886824125,0.41825774539696414,0.48087066940245576,-0.3582432739120194,-0.15488709322067995,0.2890608116650981,-0.12899916976145787,0.2791808572412888,0.5357142857142857,28,8.714285714285714,0.0269262864,26.39832,0.017183710203879692,1,-0.09847341936594767,0.044348286330725406,0.18338654252071218,0
V11_ensw2,R_re400_mh3_h20_sl8tr15_t1,1,20.0,400.0,3.0,0.08,0.15,False,-0.24412106179481663,-0.23219190718740212,-0.5309141092242936,-0.3632817752700191,-0.4264973365074144,-0.12741295207174697,-0.13374953249668886,-0.21277952922430454,-0.02465939172538234,0.46153846153846156,39,6.256410256410256,0.035849185199999994,35.14626,0.018361806121464777,1,-0.02362002313781686,-0.038635944793026566,-0.18201386814105203,0
V11_ensw2,R_re400_mh5_t1,1,,400.0,5.0,,,False,0.32868404263017936,0.3620568047261761,0.9380639267602361,1.0528852507132216,-0.35523741842691503,-0.060390616641308736,0.41408128331021854,-0.029697162209691763,0.4037440185458159,0.55,20,12.2,0.022407339600000006,21.96798,0.01305366891350318,1,0.11611480043560007,-0.1397620689383936,0.41862550871522397,0
V11_ensw2,R_re400_mh5_sl8_t1,1,,400.0,5.0,0.08,,False,0.3888834971531909,0.4280673792206966,0.9582461651142314,0.9979010382007985,-0.3041873694573547,0.1986069471329448,0.15874807873872654,0.08703293641115795,0.31372963172161583,0.5483870967741935,31,7.870967741935484,0.037569496800000005,36.83284,0.012797707641439652,1,0.06986751760652754,0.24121643673307713,0.07540283920287227,0
V11_ensw2,R_re400_mh3_t1,1,,400.0,3.0,,,False,0.11514382987041927,0.13809385258622942,0.4762964498741128,0.5475398076790285,-0.3452391288959592,-0.13666666694525076,0.2916723902280989,-0.11029480613033127,0.2791808572412884,0.52,25,9.76,0.024660764399999997,24.17722,0.016602668672442922,1,-0.13133086464409705,0.08713980748934325,0.20514218308909915,0
V11_ensw2,R_re400_mh3_sl8_t1,1,,400.0,3.0,0.08,,False,-0.24412106179481663,-0.23219190718740212,-0.5309141092242936,-0.3632817752700191,-0.4264973365074144,-0.12741295207174697,-0.13374953249668886,-0.21277952922430454,-0.02465939172538234,0.46153846153846156,39,6.256410256410256,0.035849185199999994,35.14626,0.018361806121464777,1,-0.02362002313781686,-0.038635944793026566,-0.18201386814105203,0
V11_ensw2,R_re400_mh3_tr12_t1,1,,400.0,3.0,,0.12,False,-0.012863173940490302,0.009112203385211792,0.1764292283171774,0.25688255330817733,-0.34514661319011297,0.10064506017200792,-0.1031288271032258,0.13434101152327682,-0.11039784938208175,0.5,32,7.625,0.034728858,34.0479,0.01777438958435307,1,0.10277806227641095,0.10253984580362063,-0.17004022105976968,0
V11_ensw2,R_re400_mh3_sl8tr15_t1,1,,400.0,3.0,0.08,0.15,False,-0.24412106179481663,-0.23219190718740212,-0.5309141092242936,-0.3632817752700191,-0.4264973365074144,-0.12741295207174697,-0.13374953249668886,-0.21277952922430454,-0.02465939172538234,0.46153846153846156,39,6.256410256410256,0.035849185199999994,35.14626,0.018361806121464777,1,-0.02362002313781686,-0.038635944793026566,-0.18201386814105203,0
V11_ensw2,R_re400_mh2_tr12_t1,1,,400.0,2.0,,0.12,False,-0.3000653946336327,-0.2902745213187693,-0.6583231620765952,-0.5319966075974641,-0.5018891049753962,0.007285797127593474,-0.30512809039666666,0.03997348677490442,-0.317554257193437,0.5151515151515151,33,7.393939393939394,0.031248821999999996,30.6361,0.01565180737346238,1,-0.08740746586101578,-0.021605886718877865,-0.20512350672063517,0
V11_ensw2,R_re400_mh2_sl8tr15_t1,1,,400.0,2.0,0.08,0.15,False,-0.14496652431195567,-0.12130660607582622,-0.18241310441578318,-0.06045819367657343,-0.36330462627653015,-0.03494821509394319,-0.11400249285972042,-0.12457651692037752,0.0037352331845705855,0.5263157894736842,38,6.421052631578948,0.037012536,36.2868,0.018386543665857256,1,-0.08189743944381245,0.04316910262064266,-0.08253089763855481,0
V11_ensw2,R_re400_mh2_h20_t1,1,20.0,400.0,2.0,,,False,0.2095929469774529,0.24189644478740724,0.6665044174724024,0.7837587998785982,-0.2914221854497657,-0.0414403775658152,0.2618859783659462,-0.009918518502462281,0.2543376156364314,0.5517241379310345,29,8.413793103448276,0.030043528800000004,29.45444,0.018203722780627627,1,0.014935033149125365,-0.11859369881120374,0.3882605714856724,0
V11_ensw2,R_re400_mh2_h20_sl8tr15_t1,1,20.0,400.0,2.0,0.08,0.15,False,-0.14496652431195567,-0.12130660607582622,-0.18241310441578318,-0.06045819367657343,-0.36330462627653015,-0.03494821509394319,-0.11400249285972042,-0.12457651692037752,0.0037352331845705855,0.5263157894736842,38,6.421052631578948,0.037012536,36.2868,0.018386543665857256,1,-0.08189743944381245,0.04316910262064266,-0.08253089763855481,0
V11_ensw2,R_re500_mh2_t1,1,,500.0,2.0,,,False,0.11539962850837404,0.15412025254254846,0.4895185994933986,0.6288585297414464,-0.3464993232730771,0.11069469240069418,0.0042360300628701,0.04021924386608866,0.10949711740876289,0.625,24,10.125,0.026638768800000004,26.11644,0.017128241009977545,2,0.14779529420335358,-0.10027581435875887,0.11757641313785694,0
V11_ensw2,R_re500_mh2_sl8_t1,1,,500.0,2.0,0.08,,False,-0.12642638381359705,-0.10618625412728411,-0.23701104650344276,-0.12638881805886065,-0.4248181639289642,-0.21935808455600425,0.11904523559890023,-0.2905769622789701,0.25991643680479815,0.56,25,9.72,0.021883243200000003,21.45416,0.01880207938632144,2,-0.07895783726567751,-0.16966543464878625,0.16873056153171206,0
V11_ensw2,R_re500_mh2_tr12_t1,1,,500.0,2.0,,0.12,False,0.0014668564265689632,0.030902670174758562,0.19756038137542062,0.2756957250461579,-0.37088823103682245,0.10536879564736501,-0.0939975324343636,0.027872058694583535,0.002948432593862016,0.6153846153846154,26,9.346153846153847,0.0291316692,28.56046,0.018711766328709193,2,0.14779529420335358,-0.1044813793142485,0.002948432593862016,0
V11_ensw2,R_re500_mh2_sl8tr15_t1,1,,500.0,2.0,0.08,0.15,False,-0.12642638381359705,-0.10618625412728411,-0.23701104650344276,-0.12638881805886065,-0.4248181639289642,-0.21935808455600425,0.11904523559890023,-0.2905769622789701,0.25991643680479815,0.56,25,9.72,0.021883243200000003,21.45416,0.01880207938632144,2,-0.07895783726567751,-0.16966543464878625,0.16873056153171206,0
V11_ensw2,R_re500_mh2_h20_t1,1,20.0,500.0,2.0,,,False,0.17046275734115945,0.20726048274717823,0.637215867450689,0.7500073438748937,-0.3004494663260824,0.11069469240069418,0.053811425722473105,0.007591383009993846,0.1981647551815202,0.6666666666666666,24,10.125,0.026901684,26.3742,0.01960873510141798,2,0.14779529420335358,-0.10880860539458681,0.18022704132415424,0
V11_ensw2,R_re500_mh2_h20_sl8tr15_t1,1,20.0,500.0,2.0,0.08,0.15,False,-0.0532565938382803,-0.03239254796747437,0.041203795727261815,0.09681976784069322,-0.3505943667788558,-0.11604717899028738,0.07103386477151963,-0.19896913877627798,0.20795277544528967,0.56,25,9.72,0.0231808464,22.72632,0.023252137172020747,2,-0.12950413133304817,-0.008004104632797215,0.12052774637203423,0
V11_ensw2,R_re500_mh3_t1,1,,500.0,3.0,,,False,-0.2153029695229991,-0.1961690310456229,-0.5080169812229521,-0.5182328767891854,-0.4557867274727597,-0.21352897344276012,-0.0022556407297095182,-0.2709109483461464,0.10251411282473688,0.5555555555555556,18,13.555555555555555,0.015532947600000003,15.22838,0.019338381306584617,1,-0.07911352853474451,-0.2986722625597156,0.24462243660881877,0
V11_ensw2,R_re500_mh3_sl8_t1,1,,500.0,3.0,0.08,,False,-0.2206555213325776,-0.20740854877350656,-0.5430547410802448,-0.42434331302487693,-0.45121198782091587,-0.2506711025118873,0.04005661770142255,-0.322793640964547,0.1703839467121715,0.52,25,9.76,0.020995169999999997,20.5835,0.01892403218756706,1,-0.12078467095295442,-0.16966543464878625,0.0856779444179474,0
V11_ensw2,R_re500_mh5_t1,1,,500.0,5.0,,,False,0.7600118165490115,0.8080020893788094,1.6248625447774423,2.1182814052913237,-0.23151247629346794,0.42600292693387964,0.23422735206673173,0.2753292976502366,0.41767470778724247,0.7142857142857143,21,11.619047619047619,0.031210245600000002,30.59828,0.011122974639795582,1,0.4384360027271057,0.21340709843383565,0.03586188252907618,0
V11_ensw2,R_re500_mh5_sl8_t1,1,,500.0,5.0,0.08,,False,0.7136695162611,0.767379282029951,1.6676200644393144,1.9660021330822641,-0.22439290527121014,0.42600292693387964,0.20172931197676247,0.29739631321753524,0.3622508897430583,0.65,20,12.2,0.028695231599999996,28.13258,0.014722372152085427,1,0.3587480588815122,0.045042701228299675,0.24467735024298753,0
V11_ensw2,R_re500_mh5_tr12_t1,1,,500.0,5.0,,0.12,False,0.2372955193652584,0.26974669254398775,0.7460989603756456,0.9601971402030043,-0.31164585318144333,0.42600292693387964,-0.13233311377163126,0.31597906316894453,-0.035131539641388154,0.6086956521739131,23,10.608695652173912,0.029429835600000002,28.85278,0.01081515010074659,1,0.4384360027271057,-0.1096468907438023,-0.008564955250467965,0
V11_ensw2,R_re500_mh5_sl8tr15_t1,1,,500.0,5.0,0.08,0.15,False,0.7136695162611,0.767379282029951,1.6676200644393144,1.9660021330822641,-0.22439290527121014,0.42600292693387964,0.20172931197676247,0.29739631321753524,0.3622508897430583,0.65,20,12.2,0.028695231599999996,28.13258,0.014722372152085427,1,0.3587480588815122,0.045042701228299675,0.24467735024298753,0
V11_ensw2,R_re500_mh3_tr12_t1,1,,500.0,3.0,,0.12,False,-0.04484410390128335,-0.025281229948783457,0.08055790376488212,0.13972390549775104,-0.32219408598718646,-0.002549111775160262,-0.04240308232257517,-0.08170966124379386,0.06144944459661894,0.5925925925925926,27,9.037037037037036,0.027884555999999998,27.3378,0.016876852308302707,1,-0.022159240627051546,0.012369890823393126,-0.01537247298160882,0
V11_ensw2,R_re500_mh3_sl8tr15_t1,1,,500.0,3.0,0.08,0.15,False,-0.17576839098727515,-0.16290104666862026,-0.3872765008592865,-0.2799736495735592,-0.45121198782091587,-0.2506711025118873,0.09995972633072059,-0.322793640964547,0.23610616197352652,0.5416666666666666,24,10.166666666666666,0.0202606068,19.86334,0.01792985327837214,1,-0.12078467095295442,-0.16966543464878625,0.1466435444400478,0
V11_ensw2,R_re500_mh3_h20_t1,1,20.0,500.0,3.0,,,False,-0.46929899856947366,-0.46169530286125227,-1.5976250612320668,-1.4639963981456983,-0.5450904782263299,-0.22156843709163299,-0.31824321273956613,-0.30278645042020735,-0.2279199142598688,0.42105263157894735,19,12.842105263157896,0.0153422688,15.04144,0.0242053592370043,1,-0.1524617142803122,-0.11318335905787702,-0.28379885697584495,0
V11_ensw2,R_re500_mh3_h20_sl8tr15_t1,1,20.0,500.0,3.0,0.08,0.15,False,-0.3148638126698712,-0.3054429888932364,-0.8576986536965334,-0.6651402923195991,-0.48322128472597115,-0.2187773763570604,-0.12299494843703729,-0.2931956131976403,-0.017327815056445983,0.4642857142857143,28,8.714285714285714,0.0235857456,23.12328,0.018850412481100375,1,-0.06709061986796427,-0.18325380939541192,-0.08844826453469712,0
V11_ensw2,R_re100_mh5_tr12_t2,2,,100.0,5.0,,0.12,False,0.07190371497456538,0.10901906019419516,0.37939331106672597,0.4779739303923432,-0.34536196592065227,0.31870945773907944,-0.18715702789275634,0.49912583487687257,-0.2602228349394822,0.4864864864864865,74,6.581081081081081,0.0408612,40.06,0.03502197070498207,1,0.36401325479935465,-0.031880116898132305,-0.16017020168128926,0
V11_ensw2,R_re100_mh5_sl8tr15_t2,2,,100.0,5.0,0.08,0.15,False,0.14529425887361236,0.23824726289477893,0.594220916672192,0.6638026230918556,-0.3396884746151114,0.2972391527052798,-0.11712943871205272,0.5095152553446685,-0.179705366666169,0.5066666666666667,75,6.506666666666667,0.0420188184,41.19492,0.0342110296347486,1,0.2869744071103373,0.08130515842782726,-0.1102065770457068,0
V11_ensw2,R_re100_mh5_h20_t2,2,20.0,100.0,5.0,,,False,0.2941081148087348,0.5364945811438562,0.8879628699209132,0.955918136931291,-0.34030115059959154,0.31870945773907944,-0.018655620300565556,0.49912583487687257,0.02492702440155914,0.5138888888888888,72,6.777777777777778,0.04262988,41.794,0.0357574931056951,1,0.36401325479935465,0.45255812005399143,-0.22450513962798535,0
V11_ensw2,R_re100_mh5_h20_sl8tr15_t2,2,20.0,100.0,5.0,0.08,0.15,False,0.14529425887361236,0.23824726289477893,0.594220916672192,0.6638026230918556,-0.3396884746151114,0.2972391527052798,-0.11712943871205272,0.5095152553446685,-0.179705366666169,0.5066666666666667,75,6.506666666666667,0.0420188184,41.19492,0.0342110296347486,1,0.2869744071103373,0.08130515842782726,-0.1102065770457068,0
V11_ensw2,R_re500_mh5_h20_t1,1,20.0,500.0,5.0,,,False,0.0819272690272641,0.10855734013564855,0.40200821368701933,0.4658445206060407,-0.34757942844731704,-0.0015293797406138454,0.08358448118002482,-0.10847173757360751,0.24343488238789845,0.5238095238095238,21,11.619047619047619,0.023442027600000002,22.98238,0.014933614854743111,1,0.08001671678067113,0.12974226557514767,-0.09145109876224966,0
V11_ensw2,R_re500_mh5_h20_sl8tr15_t1,1,20.0,500.0,5.0,0.08,0.15,False,0.3202130179522107,0.3586081214381176,0.9388544802499393,1.0561823878204908,-0.2518446833613599,0.09749210311543988,0.20293623453374554,-0.0050178330043130215,0.36545977054079937,0.6086956521739131,23,10.608695652173912,0.027103582799999998,26.57214,0.015089847228068233,1,0.18913657656690552,-0.0842353546746949,0.24760927803885147,0
V11_ensw2,R_re100_mh2_t2,2,,100.0,2.0,,,False,0.830564721848075,2.10570386535224,1.8954355918244785,1.7644138337936475,-0.25719121061564665,0.5164358839448646,0.20714943587725787,1.2620803639044502,0.37294143696630555,0.592,125,3.896,0.08940289800000002,87.6499,0.03189790001793946,1,0.48962758616884483,0.6828552651955608,0.2388980528382436,0
V11_ensw2,R_re100_mh2_sl8_t2,2,,100.0,2.0,0.08,,False,0.6455486439685552,1.4268497426123297,1.613239492702272,1.4819802443806753,-0.19408004071337392,0.39529725118200365,0.17935346219205606,0.8915379277139277,0.28300347936737835,0.5609756097560976,123,3.959349593495935,0.0807172104,79.13452,0.03362237468318796,1,0.3156561077994682,0.41859848376956377,0.3002923588718682,0
V11_ensw2,R_re100_mh3_h20_t2,2,20.0,100.0,3.0,,,False,0.8123232733924022,2.035249496245078,1.7814266264335752,1.7257475381371057,-0.20521107031640207,0.611046441411004,0.12493546232293173,1.3342519626692124,0.30030928313937344,0.5670103092783505,97,5.030927835051546,0.06814671000000001,66.8105,0.027641108460466253,1,0.4864900767190512,0.541856917094216,0.32430588165991914,0
V11_ensw2,R_re100_mh3_h20_sl8tr15_t2,2,20.0,100.0,3.0,0.08,0.15,False,0.6225656865211224,1.461796587210662,1.5529699206877803,1.5350873065303037,-0.2575329699885881,0.6099344852539459,0.007845785889346146,1.3227301822220543,0.05987195846207549,0.6060606060606061,99,4.929292929292929,0.0667691388,65.45994,0.029272210379955647,1,0.5197999100299147,0.2746255457220983,0.27081734155827264,0
V11_ensw2,R_re100_mh5_t2,2,,100.0,5.0,,,False,0.2941081148087348,0.5364945811438562,0.8879628699209132,0.955918136931291,-0.34030115059959154,0.31870945773907944,-0.018655620300565556,0.49912583487687257,0.02492702440155914,0.5138888888888888,72,6.777777777777778,0.04262988,41.794,0.0357574931056951,1,0.36401325479935465,0.45255812005399143,-0.22450513962798535,0
V11_ensw2,R_re100_mh5_sl8_t2,2,,100.0,5.0,0.08,,False,0.14529425887361236,0.23824726289477893,0.594220916672192,0.6638026230918556,-0.3396884746151114,0.2972391527052798,-0.11712943871205272,0.5095152553446685,-0.179705366666169,0.5066666666666667,75,6.506666666666667,0.0420188184,41.19492,0.0342110296347486,1,0.2869744071103373,0.08130515842782726,-0.1102065770457068,0
V11_ensw2,R_re100_mh3_t2,2,,100.0,3.0,,,False,0.8123232733924022,2.035249496245078,1.7814266264335752,1.7257475381371057,-0.20521107031640207,0.611046441411004,0.12493546232293173,1.3342519626692124,0.30030928313937344,0.5670103092783505,97,5.030927835051546,0.06814671000000001,66.8105,0.027641108460466253,1,0.4864900767190512,0.541856917094216,0.32430588165991914,0
V11_ensw2,R_re100_mh3_sl8_t2,2,,100.0,3.0,0.08,,False,0.6225656865211224,1.461796587210662,1.5529699206877803,1.5350873065303037,-0.2575329699885881,0.6099344852539459,0.007845785889346146,1.3227301822220543,0.05987195846207549,0.6060606060606061,99,4.929292929292929,0.0667691388,65.45994,0.029272210379955647,1,0.5197999100299147,0.2746255457220983,0.27081734155827264,0
V11_ensw2,R_re100_mh3_tr12_t2,2,,100.0,3.0,,0.12,False,0.7758586972722863,1.986344237619662,1.7503582774591548,1.7349243423814398,-0.20180326455016628,0.611046441411004,0.1023013686166212,1.3342519626692124,0.2793581350167462,0.56,100,4.87,0.06917591040000001,67.81952,0.028190437193766366,1,0.5273387972502221,0.374408516853064,0.42261913585207456,0
V11_ensw2,R_re100_mh3_sl8tr15_t2,2,,100.0,3.0,0.08,0.15,False,0.6225656865211224,1.461796587210662,1.5529699206877803,1.5350873065303037,-0.2575329699885881,0.6099344852539459,0.007845785889346146,1.3227301822220543,0.05987195846207549,0.6060606060606061,99,4.929292929292929,0.0667691388,65.45994,0.029272210379955647,1,0.5197999100299147,0.2746255457220983,0.27081734155827264,0
V11_ensw2,R_re200_mh5_t2,2,,200.0,5.0,,,False,0.04454435490780839,0.03699437147787621,0.3044833703316289,0.3771007766542716,-0.337704706773138,0.24123553608507242,-0.15846402673713245,0.22785433032124436,-0.1554418583134639,0.5645161290322581,62,7.854838709677419,0.03435408959999999,33.68048,0.03725011569000546,1,0.2754369822921494,0.16153455312920761,-0.3000205986843878,0
V11_ensw2,R_re200_mh5_sl8_t2,2,,200.0,5.0,0.08,,False,0.45987931665753323,1.0643412414752964,1.2559324481269043,1.4927485007488412,-0.25083177164210047,0.27962659079565566,0.1408635356270609,0.48078245342989345,0.39408813002458487,0.6,70,6.9714285714285715,0.043428438,42.5769,0.03172299644900914,1,0.32416891449077845,0.7034617505526599,-0.08482169934972594,0
V11_ensw2,R_re200_mh5_tr12_t2,2,,200.0,5.0,,0.12,False,0.16647846298869307,0.3173401437662422,0.6085802857795679,0.7478410755705457,-0.32602358395862474,0.24123553608507242,-0.06022795103995204,0.24585698738536466,0.057376695001643885,0.5882352941176471,68,7.176470588235294,0.0388557372,38.09386,0.032217231176611544,1,0.26647040447935844,0.47538582039289023,-0.2949867555519079,0
V11_ensw2,R_re200_mh5_sl8tr15_t2,2,,200.0,5.0,0.08,0.15,False,0.45987931665753323,1.0643412414752964,1.2559324481269043,1.4927485007488412,-0.25083177164210047,0.27962659079565566,0.1408635356270609,0.48078245342989345,0.39408813002458487,0.6,70,6.9714285714285715,0.043428438,42.5769,0.03172299644900914,1,0.32416891449077845,0.7034617505526599,-0.08482169934972594,0
V11_ensw2,R_re100_mh2_tr12_t2,2,,100.0,2.0,,0.12,False,0.8457193470924751,2.1243300090361377,1.9734783093916284,1.8010444477705359,-0.20732640416405812,0.5164358839448646,0.21714301714557727,1.2620803639044502,0.3811755138722852,0.584,125,3.896,0.08974323120000002,87.98356,0.03134470153079048,1,0.48962758616884483,0.6828552651955608,0.2463282181541655,0
V11_ensw2,R_re100_mh2_sl8tr15_t2,2,,100.0,2.0,0.08,0.15,False,0.6455486439685552,1.4268497426123297,1.613239492702272,1.4819802443806753,-0.19408004071337392,0.39529725118200365,0.17935346219205606,0.8915379277139277,0.28300347936737835,0.5609756097560976,123,3.959349593495935,0.0807172104,79.13452,0.03362237468318796,1,0.3156561077994682,0.41859848376956377,0.3002923588718682,0
V11_ensw2,R_re100_mh2_h20_t2,2,20.0,100.0,2.0,,,False,0.830564721848075,2.10570386535224,1.8954355918244785,1.7644138337936475,-0.25719121061564665,0.5164358839448646,0.20714943587725787,1.2620803639044502,0.37294143696630555,0.592,125,3.896,0.08940289800000002,87.6499,0.03189790001793946,1,0.48962758616884483,0.6828552651955608,0.2388980528382436,0
V11_ensw2,R_re100_mh2_h20_sl8tr15_t2,2,20.0,100.0,2.0,0.08,0.15,False,0.6455486439685552,1.4268497426123297,1.613239492702272,1.4819802443806753,-0.19408004071337392,0.39529725118200365,0.17935346219205606,0.8915379277139277,0.28300347936737835,0.5609756097560976,123,3.959349593495935,0.0807172104,79.13452,0.03362237468318796,1,0.3156561077994682,0.41859848376956377,0.3002923588718682,0
V11_ensw2,R_re200_mh2_t2,2,,200.0,2.0,,,False,0.7696432211807411,1.8638935939585348,1.801389183322192,1.7216931917834994,-0.2011213241274733,0.5004277462630062,0.17942581746321884,0.9547209696137224,0.46511632016945925,0.6176470588235294,102,4.784313725490196,0.06966626520000001,68.30026,0.03400588411878961,1,0.46980775950129905,0.6486863022678118,0.1818389867989798,0
V11_ensw2,R_re200_mh2_sl8_t2,2,,200.0,2.0,0.08,,False,0.291272766821415,0.5497925237817245,0.9535044804084283,0.9414347576016416,-0.27168015719343597,0.37773433070497253,-0.06275633985204976,0.6564845703766227,-0.06440871741451937,0.5384615384615384,104,4.6923076923076925,0.06228113880000001,61.05994,0.034132789279141595,1,0.2455557150516816,0.6219149287522425,-0.2328463927103307,0
V11_ensw2,R_re200_mh2_tr12_t2,2,,200.0,2.0,,0.12,False,0.6292562199850917,1.434924935787159,1.5723319112381215,1.5200421272333633,-0.19399058572075412,0.5004277462630062,0.0858611646198566,0.9547209696137224,0.24566368992722865,0.594059405940594,101,4.8316831683168315,0.0683410608,67.00104,0.03149880001172187,1,0.4691522830206969,0.6988715771130245,-0.02443050382105738,0
V11_ensw2,R_re200_mh2_sl8tr15_t2,2,,200.0,2.0,0.08,0.15,False,0.291272766821415,0.5497925237817245,0.9535044804084283,0.9414347576016416,-0.27168015719343597,0.37773433070497253,-0.06275633985204976,0.6564845703766227,-0.06440871741451937,0.5384615384615384,104,4.6923076923076925,0.06228113880000001,61.05994,0.034132789279141595,1,0.2455557150516816,0.6219149287522425,-0.2328463927103307,0
V11_ensw2,R_re200_mh2_h20_t2,2,20.0,200.0,2.0,,,False,0.7696432211807411,1.8638935939585348,1.801389183322192,1.7216931917834994,-0.2011213241274733,0.5004277462630062,0.17942581746321884,0.9547209696137224,0.46511632016945925,0.6176470588235294,102,4.784313725490196,0.06966626520000001,68.30026,0.03400588411878961,1,0.46980775950129905,0.6486863022678118,0.1818389867989798,0
V11_ensw2,R_re200_mh2_h20_sl8tr15_t2,2,20.0,200.0,2.0,0.08,0.15,False,0.291272766821415,0.5497925237817245,0.9535044804084283,0.9414347576016416,-0.27168015719343597,0.37773433070497253,-0.06275633985204976,0.6564845703766227,-0.06440871741451937,0.5384615384615384,104,4.6923076923076925,0.06228113880000001,61.05994,0.034132789279141595,1,0.2455557150516816,0.6219149287522425,-0.2328463927103307,0
V11_ensw2,R_re200_mh3_t2,2,,200.0,3.0,,,False,-0.04250002684038323,-0.15677601058376212,0.010940473318403676,0.07690025267050773,-0.35930995984058234,0.06661892743967313,-0.1023035982888355,-0.06823734041840734,-0.09502277136230519,0.4819277108433735,83,5.879518072289157,0.04156692880000001,40.67394,0.03968906663732833,1,0.040127303792848235,0.10215663445581002,-0.26444841208036984,0
V11_ensw2,R_re200_mh3_sl8_t2,2,,200.0,3.0,0.08,,False,0.0651554021447538,0.08179154782428788,0.3604662962704313,0.43379844700399856,-0.23455226292388243,-0.056314362044045385,0.12871846227511252,-0.20647068319654838,0.36326601288284244,0.5185185185185185,81,6.012345679012346,0.0380273816,37.25708,0.03957162126307677,1,-0.11565576403651967,0.08072375388971698,0.13189863772009858,0
V11_ensw2,R_re300_mh5_tr12_t2,2,,300.0,5.0,,0.12,False,0.3687671317560941,0.7561716875892579,1.0868103136494027,1.1809242488560125,-0.27767269940924066,0.3814201641161108,-0.009159438010747256,0.5759319837715688,0.11437023023438697,0.5714285714285714,63,7.746031746031746,0.0389919072,38.22736,0.028166629982217056,1,0.3444098012753225,0.4063278334344298,-0.07114327639561469,0
V11_ensw2,R_re300_mh5_sl8tr15_t2,2,,300.0,5.0,0.08,0.15,False,0.5097502732562997,1.1403981573939124,1.3640710507794755,1.4563366745823279,-0.17985938056794304,0.19751425522252575,0.2607367859481171,0.3880257005728367,0.5420450475164631,0.5692307692307692,65,7.507692307692308,0.03933762600000001,38.5663,0.03145211173284104,1,0.1321881684677948,0.6682393813161063,0.13322875810712143,0
V11_ensw2,R_re300_mh5_h20_t2,2,20.0,300.0,5.0,,,False,0.5655006000354443,1.3520971711374221,1.462104586853104,1.6712686902594964,-0.2929467835963252,0.3814201641161108,0.13325448744778967,0.5272524360442032,0.5400840853982736,0.5833333333333334,60,8.133333333333333,0.039774451200000005,38.99456,0.03329791392936137,1,0.32919444895126815,0.8955094882836843,-0.06644313268260404,0
V11_ensw2,R_re300_mh5_h20_sl8tr15_t2,2,20.0,300.0,5.0,0.08,0.15,False,0.7758503206783052,2.093038892372354,1.782840743782802,2.0262243344477335,-0.17428654058779525,0.3050771490769508,0.3607244000359069,0.6231657658793313,0.9055594674255194,0.6129032258064516,62,7.870967741935484,0.040424334000000006,39.6317,0.03303885621971708,1,0.12133656452446773,1.2060499438388605,0.2503570773110353,0
V11_ensw2,R_re200_mh5_h20_t2,2,20.0,200.0,5.0,,,False,0.05875661989237391,0.058737359401059175,0.342970904127716,0.4135529323032329,-0.3345156341534674,0.24123553608507242,-0.14701393159290854,0.22785433032124436,-0.1377337414902785,0.5806451612903226,62,7.870967741935484,0.03450207120000001,33.82556,0.03298639307677861,1,0.2754369822921494,0.16153455312920761,-0.2853439098923436,0
V11_ensw2,R_re200_mh5_h20_sl8tr15_t2,2,20.0,200.0,5.0,0.08,0.15,False,0.45987931665753323,1.0643412414752964,1.2559324481269043,1.4927485007488412,-0.25083177164210047,0.27962659079565566,0.1408635356270609,0.48078245342989345,0.39408813002458487,0.6,70,6.9714285714285715,0.043428438,42.5769,0.03172299644900914,1,0.32416891449077845,0.7034617505526599,-0.08482169934972594,0
V11_ensw2,R_re300_mh2_t2,2,,300.0,2.0,,,False,1.1392620662701294,3.278599763261905,2.335226255427495,2.440090753289105,-0.19656090926680703,0.753959676018485,0.21967574028058023,1.7252620363525062,0.5699773842622433,0.6,80,6.0875,0.0614932704,60.28752,0.032931137164491614,1,0.29860502092733765,1.3923267951446832,0.3772224088325635,0
V11_ensw2,R_re300_mh2_sl8_t2,2,,300.0,2.0,0.08,,False,1.257504419767078,3.772763265873614,2.547115364485857,2.477121771558822,-0.15592855302522624,0.7926175943993494,0.2593340748301065,1.822919719730208,0.6907187379490027,0.5955056179775281,89,5.47191011235955,0.0714473892,70.04646,0.03125970708636926,1,0.5358373150739537,1.5681399902888016,0.21005743575343638,0
V11_ensw2,R_re200_mh3_tr12_t2,2,,200.0,3.0,,0.12,False,0.10827624601400787,0.1467517293225058,0.4812679737230045,0.5360204184137681,-0.24977960693681078,-0.004730712377944313,0.1135441028849129,-0.21167017018107237,0.45465982123993065,0.5348837209302325,86,5.662790697674419,0.04230456120000001,41.47506,0.040890992072963775,1,-0.10505890255318506,0.3375000908412584,-0.04196553858672292,0
V11_ensw2,R_re200_mh3_sl8tr15_t2,2,,200.0,3.0,0.08,0.15,False,0.0651554021447538,0.08179154782428788,0.3604662962704313,0.43379844700399856,-0.23455226292388243,-0.056314362044045385,0.12871846227511252,-0.20647068319654838,0.36326601288284244,0.5185185185185185,81,6.012345679012346,0.0380273816,37.25708,0.03957162126307677,1,-0.11565576403651967,0.08072375388971698,0.13189863772009858,0
V11_ensw2,R_re200_mh3_h20_t2,2,20.0,200.0,3.0,,,False,-0.04250002684038323,-0.15677601058376212,0.010940473318403676,0.07690025267050773,-0.35930995984058234,0.06661892743967313,-0.1023035982888355,-0.06823734041840734,-0.09502277136230519,0.4819277108433735,83,5.879518072289157,0.04156692880000001,40.67394,0.03968906663732833,1,0.040127303792848235,0.10215663445581002,-0.26444841208036984,0
V11_ensw2,R_re200_mh3_h20_sl8tr15_t2,2,20.0,200.0,3.0,0.08,0.15,False,0.0651554021447538,0.08179154782428788,0.3604662962704313,0.43379844700399856,-0.23455226292388243,-0.056314362044045385,0.12871846227511252,-0.20647068319654838,0.36326601288284244,0.5185185185185185,81,6.012345679012346,0.0380273816,37.25708,0.03957162126307677,1,-0.11565576403651967,0.08072375388971698,0.13189863772009858,0
V11_ensw2,R_re300_mh3_h20_t2,2,20.0,300.0,3.0,,,False,0.15707986407986407,0.2989265377087249,0.620311872379895,0.7476200804429227,-0.2824821703536018,0.21460056703236563,-0.047357711262263624,0.22179879623773058,0.06312638521865632,0.5223880597014925,67,7.2835820895522385,0.0406070772,39.81086,0.031027954686734627,1,0.5060700176418353,0.1469586771131599,-0.24804533908980264,0
V11_ensw2,R_re300_mh3_h20_sl8tr15_t2,2,20.0,300.0,3.0,0.08,0.15,False,0.5004444533098953,1.2475990814267175,1.4013826893052668,1.782616836290592,-0.15594955055348703,0.27424081874454975,0.17752031738256058,0.5228873181985962,0.4758800960305938,0.5866666666666667,75,6.506666666666667,0.0478556664,46.91732,0.03070784499027982,1,0.5605722467161383,0.26277171149018885,0.14053895327212595,0
V11_ensw2,R_re300_mh5_t2,2,,300.0,5.0,,,False,0.5655006000354443,1.3520971711374221,1.462104586853104,1.6712686902594964,-0.2929467835963252,0.3814201641161108,0.13325448744778967,0.5272524360442032,0.5400840853982736,0.5833333333333334,60,8.133333333333333,0.039774451200000005,38.99456,0.03329791392936137,1,0.32919444895126815,0.8955094882836843,-0.06644313268260404,0
V11_ensw2,R_re300_mh5_sl8_t2,2,,300.0,5.0,0.08,,False,0.5097502732562997,1.1403981573939124,1.3640710507794755,1.4563366745823279,-0.17985938056794304,0.19751425522252575,0.2607367859481171,0.3880257005728367,0.5420450475164631,0.5692307692307692,65,7.507692307692308,0.03933762600000001,38.5663,0.03145211173284104,1,0.1321881684677948,0.6682393813161063,0.13322875810712143,0
V11_ensw2,R_re300_mh3_t2,2,,300.0,3.0,,,False,0.15707986407986407,0.2989265377087249,0.620311872379895,0.7476200804429227,-0.2824821703536018,0.21460056703236563,-0.047357711262263624,0.22179879623773058,0.06312638521865632,0.5223880597014925,67,7.2835820895522385,0.0406070772,39.81086,0.031027954686734627,1,0.5060700176418353,0.1469586771131599,-0.24804533908980264,0
V11_ensw2,R_re300_mh3_sl8_t2,2,,300.0,3.0,0.08,,False,0.5004444533098953,1.2475990814267175,1.4013826893052668,1.782616836290592,-0.15594955055348703,0.27424081874454975,0.17752031738256058,0.5228873181985962,0.4758800960305938,0.5866666666666667,75,6.506666666666667,0.0478556664,46.91732,0.03070784499027982,1,0.5605722467161383,0.26277171149018885,0.14053895327212595,0
V11_ensw2,R_re300_mh3_tr12_t2,2,,300.0,3.0,,0.12,False,0.28568180540903954,0.6111097132787002,0.9343627454562564,1.1075109575558622,-0.20310642700288206,0.21460056703236563,0.05852231614739467,0.21861851333377547,0.3220788094472542,0.5352112676056338,71,6.873239436619718,0.04364347440000001,42.78772,0.030502093856706908,1,0.5754684145828732,0.08586258157675397,-0.0582393341214924,0
V11_ensw2,R_re300_mh3_sl8tr15_t2,2,,300.0,3.0,0.08,0.15,False,0.5004444533098953,1.2475990814267175,1.4013826893052668,1.782616836290592,-0.15594955055348703,0.27424081874454975,0.17752031738256058,0.5228873181985962,0.4758800960305938,0.5866666666666667,75,6.506666666666667,0.0478556664,46.91732,0.03070784499027982,1,0.5605722467161383,0.26277171149018885,0.14053895327212595,0
V11_ensw2,R_re300_mh2_tr12_t2,2,,300.0,2.0,,0.12,False,1.345373271328048,4.173574905246486,2.6119079521995827,2.5509401422322644,-0.14107888589824713,0.8069785863888232,0.2979529967840886,1.87680172556415,0.7983772949218215,0.6,85,5.729411764705882,0.06766545360000001,66.33868,0.030036780034835373,1,0.433980612748879,1.5363588492262417,0.4224491928628018,0
V11_ensw2,R_re300_mh2_sl8tr15_t2,2,,300.0,2.0,0.08,0.15,False,1.257504419767078,3.772763265873614,2.547115364485857,2.477121771558822,-0.15592855302522624,0.7926175943993494,0.2593340748301065,1.822919719730208,0.6907187379490027,0.5955056179775281,89,5.47191011235955,0.0714473892,70.04646,0.03125970708636926,1,0.5358373150739537,1.5681399902888016,0.21005743575343638,0
V11_ensw2,R_re300_mh2_h20_t2,2,20.0,300.0,2.0,,,False,1.1392620662701294,3.278599763261905,2.335226255427495,2.440090753289105,-0.19656090926680703,0.753959676018485,0.21967574028058023,1.7252620363525062,0.5699773842622433,0.6,80,6.0875,0.0614932704,60.28752,0.032931137164491614,1,0.29860502092733765,1.3923267951446832,0.3772224088325635,0
V11_ensw2,R_re300_mh2_h20_sl8tr15_t2,2,20.0,300.0,2.0,0.08,0.15,False,1.257504419767078,3.772763265873614,2.547115364485857,2.477121771558822,-0.15592855302522624,0.7926175943993494,0.2593340748301065,1.822919719730208,0.6907187379490027,0.5955056179775281,89,5.47191011235955,0.0714473892,70.04646,0.03125970708636926,1,0.5358373150739537,1.5681399902888016,0.21005743575343638,0
V11_ensw2,R_re400_mh5_t2,2,,400.0,5.0,,,False,0.7545669450730434,2.0054743201833687,1.8085632822104338,1.9384991315106896,-0.2723314462342916,0.22883121088225988,0.42783396900647186,0.2902904516193465,1.329300597715362,0.5121951219512195,41,11.902439024390244,0.026927143200000003,26.39916,0.039459606231607824,1,0.5317859759183057,-0.062348547503592644,1.0925387147564143,0
V11_ensw2,R_re400_mh5_sl8_t2,2,,400.0,5.0,0.08,,False,0.3967328304983151,0.8558965046458074,1.1496669364247445,1.179856644685473,-0.27552659203610463,0.38386075969242883,0.009301564999030232,0.4566586710605143,0.27407782036860473,0.48148148148148145,54,9.037037037037036,0.0350092764,34.32282,0.03257816990621745,1,0.6443479751979966,0.270428897015335,-0.11159772430479653,0
V11_ensw2,R_re400_mh5_tr12_t2,2,,400.0,5.0,,0.12,False,0.19404528208029603,0.3514481435325816,0.6942145893663061,0.7464170595469215,-0.2805602336847215,0.35021685670888836,-0.11566406822179387,0.6174930760710597,-0.16447979683765301,0.42,50,9.76,0.0313142244,30.70022,0.03135686181110312,1,0.8123882639445386,-0.15923005156692538,-0.1131075365261398,0
V11_ensw2,R_re400_mh5_sl8tr15_t2,2,,400.0,5.0,0.08,0.15,False,0.3967328304983151,0.8558965046458074,1.1496669364247445,1.179856644685473,-0.27552659203610463,0.38386075969242883,0.009301564999030232,0.4566586710605143,0.27407782036860473,0.48148148148148145,54,9.037037037037036,0.0350092764,34.32282,0.03257816990621745,1,0.6443479751979966,0.270428897015335,-0.11159772430479653,0
V11_ensw2,R_re400_mh2_t2,2,,400.0,2.0,,,False,0.11915738471617598,0.22539426665140905,0.524816106948897,0.6723807122102788,-0.253676731850205,0.20333785476490962,-0.06995580643906452,0.3139719130484524,-0.06741213074451557,0.5454545454545454,55,8.872727272727273,0.030562362000000003,29.9631,0.03816573009609191,1,0.1421615113594783,0.06662415905898533,0.005858537835115252,0
V11_ensw2,R_re400_mh2_sl8_t2,2,,400.0,2.0,0.08,,False,0.0805677602975381,0.12125328583251771,0.40920399549903425,0.49123076157089923,-0.2820750267906673,0.16744787424938434,-0.07441883776413227,0.17920997543124684,-0.049148744334132854,0.5373134328358209,67,7.2835820895522385,0.036248535600000006,35.53778,0.031823843309711934,1,0.18879791196113627,-0.07950356618408239,0.02464537676403422,0
V11_ensw2,R_re400_mh2_tr12_t2,2,,400.0,2.0,,0.12,False,-0.06717272734124058,-0.15453691338182218,-0.03352259828939814,0.0009150737430636738,-0.38192299929624907,0.19133471745978214,-0.21698976871271336,0.27487105738344164,-0.3368246288739072,0.5238095238095238,63,7.746031746031746,0.033178082399999996,32.52312,0.03128449001707817,1,0.35114199663453305,-0.2328696046845964,-0.18431126043272872,0
V11_ensw2,R_re400_mh2_sl8tr15_t2,2,,400.0,2.0,0.08,0.15,False,0.0805677602975381,0.12125328583251771,0.40920399549903425,0.49123076157089923,-0.2820750267906673,0.16744787424938434,-0.07441883776413227,0.17920997543124684,-0.049148744334132854,0.5373134328358209,67,7.2835820895522385,0.036248535600000006,35.53778,0.031823843309711934,1,0.18879791196113627,-0.07950356618408239,0.02464537676403422,0
V11_ensw2,R_re400_mh3_tr12_t2,2,,400.0,3.0,,0.12,False,0.1129893396610584,0.16692892676456372,0.4906757512204766,0.5677253368803306,-0.23852217807413822,0.15119288857743252,-0.033186053610515076,0.16920599734292718,-0.0019475358350351524,0.5081967213114754,61,8.0,0.0322850196,31.65198,0.04145536776959023,1,0.2466411820469654,-0.0351344268828051,-0.029856171420720834,0
V11_ensw2,R_re400_mh3_sl8tr15_t2,2,,400.0,3.0,0.08,0.15,False,0.29928149352432887,0.5869404601820714,0.965717526623047,1.0914957434116814,-0.21775378351155827,0.26748096706603675,0.0250895494958836,0.35977016743284773,0.1670652130706063,0.5394736842105263,76,6.421052631578948,0.045387470400000005,44.49752,0.02939394922401906,1,0.5040130133969123,0.07365787433122217,-0.017249835174542816,0
V11_ensw2,R_re400_mh3_h20_t2,2,20.0,400.0,3.0,,,False,0.26791188692014645,0.5941682544272073,0.9086372688324985,1.2150479132236527,-0.21106593507974047,0.1750558788408092,0.07902263181810532,0.2172964098650252,0.30959743371293635,0.5535714285714286,56,8.714285714285714,0.0312931104,30.67952,0.040856596128666045,1,0.1904830755338165,0.2086169272847933,0.10795534872120238,0
V11_ensw2,R_re400_mh3_h20_sl8tr15_t2,2,20.0,400.0,3.0,0.08,0.15,False,0.29928149352432887,0.5869404601820714,0.965717526623047,1.0914957434116814,-0.21775378351155827,0.26748096706603675,0.0250895494958836,0.35977016743284773,0.1670652130706063,0.5394736842105263,76,6.421052631578948,0.045387470400000005,44.49752,0.02939394922401906,1,0.5040130133969123,0.07365787433122217,-0.017249835174542816,0
V11_ensw2,R_re400_mh2_h20_t2,2,20.0,400.0,2.0,,,False,0.1423343283922689,0.268462357966859,0.5884580663992742,0.7327007199050412,-0.20359445895543116,0.15098869363588818,-0.007519070596845645,0.16607236381360813,0.0878075815281203,0.5087719298245614,57,8.56140350877193,0.0313353588,30.72094,0.03574696960712346,1,0.08656686700277683,0.11036274356267106,0.05137160786998729,0
V11_ensw2,R_re400_mh2_h20_sl8tr15_t2,2,20.0,400.0,2.0,0.08,0.15,False,0.0805677602975381,0.12125328583251771,0.40920399549903425,0.49123076157089923,-0.2820750267906673,0.16744787424938434,-0.07441883776413227,0.17920997543124684,-0.049148744334132854,0.5373134328358209,67,7.2835820895522385,0.036248535600000006,35.53778,0.031823843309711934,1,0.18879791196113627,-0.07950356618408239,0.02464537676403422,0
V11_ensw2,R_re400_mh3_t2,2,,400.0,3.0,,,False,0.31768514575876283,0.6963240061010874,1.0308175508005029,1.2791766467141923,-0.22188733783385262,0.2394209010742019,0.0631458164185632,0.375458066002023,0.2332793329219467,0.5283018867924528,53,9.20754716981132,0.0308205444,30.21622,0.046941901287019513,1,0.3916354196588614,0.11455681129592277,0.09365696748849661,0
V11_ensw2,R_re400_mh3_sl8_t2,2,,400.0,3.0,0.08,,False,0.29928149352432887,0.5869404601820714,0.965717526623047,1.0914957434116814,-0.21775378351155827,0.26748096706603675,0.0250895494958836,0.35977016743284773,0.1670652130706063,0.5394736842105263,76,6.421052631578948,0.045387470400000005,44.49752,0.02939394922401906,1,0.5040130133969123,0.07365787433122217,-0.017249835174542816,0
V11_ensw2,R_re400_mh5_h20_t2,2,20.0,400.0,5.0,,,False,0.7330891671739086,1.87565744120429,1.749959766364187,1.810957609850162,-0.18681450552578005,0.3746268526005152,0.26077063305962267,0.6173461795947546,0.7780098518703149,0.5333333333333333,45,10.844444444444445,0.030965445600000002,30.35828,0.0382005726330651,1,0.46696307977817253,0.22725790913966448,0.5972839460506594,0
V11_ensw2,R_re400_mh5_h20_sl8tr15_t2,2,20.0,400.0,5.0,0.08,0.15,False,0.3821339410918003,0.7991833855567081,1.1154002577793338,1.1269401581594871,-0.2747568048421263,0.3668199497447546,0.011204102888537015,0.412145598010792,0.27407782036860406,0.49122807017543857,57,8.56140350877193,0.037110088799999996,36.38244,0.028379902203327933,1,0.8341534910882038,0.1565786695470175,-0.1518657985086599,0
V11_ensw2,R_re500_mh2_t2,2,,500.0,2.0,,,False,0.16609974738568845,0.3463926477823067,0.7020507512292178,0.9620794198637129,-0.26604972838727237,0.1310732366311944,0.030967500264453385,0.05502946044593138,0.2761659254645119,0.6136363636363636,44,11.068181818181818,0.023596577999999997,23.1339,0.04434038100824367,1,0.1912642115002885,-0.1340183089840462,0.30513346825101983,0
V11_ensw2,R_re500_mh2_sl8_t2,2,,500.0,2.0,0.08,,False,0.03202148254315751,0.01770796845957312,0.2592021404657736,0.29790836236562124,-0.2397733736000146,0.02735032994013098,0.004546796226073457,-0.22015803813267354,0.30501821936162377,0.5686274509803921,51,9.549019607843137,0.0251672352,24.67376,0.03179638289559036,1,0.146006151060732,-0.3130442689175401,0.29272895151072964,0
V11_ensw2,R_re500_mh5_tr12_t2,2,,500.0,5.0,,0.12,False,0.4180184825292097,0.9120979116062025,1.2302327169739293,1.2379567748817761,-0.23632135248942532,0.39119037528897893,0.01928428180410302,0.5109468435708142,0.2654964797354149,0.5434782608695652,46,10.608695652173912,0.031124178000000002,30.5139,0.03133841994320341,1,0.8753765503513755,-0.0700046197962263,0.0963288800746318,0
V11_ensw2,R_re500_mh5_sl8tr15_t2,2,,500.0,5.0,0.08,0.15,False,0.4932224116524173,1.0902335502635632,1.4630841809423147,1.4310373349087442,-0.19320199926284098,0.40562823512753887,0.06231674516479124,0.5110031262286938,0.38334164501735235,0.5813953488372093,43,11.348837209302326,0.029298235200000005,28.72376,0.02766415583210376,1,1.0077887105223349,-0.008918172486473086,0.05043042761554206,0
V11_ensw2,R_re500_mh5_h20_t2,2,20.0,500.0,5.0,,,False,0.26245830141042115,0.47609352001877947,0.9022610843861769,0.8831894342620646,-0.27387922167485257,0.2554267965384711,0.005600887993896908,0.17458413821909646,0.2566945797998188,0.5128205128205128,39,12.512820512820513,0.024497299200000003,24.01696,0.03078589001913535,1,0.8079816276358611,-0.29630955856045027,0.16021428649598657,0
V11_ensw2,R_re500_mh5_h20_sl8tr15_t2,2,20.0,500.0,5.0,0.08,0.15,False,0.5248261941572652,1.2096633381463482,1.4711534628270344,1.5247756570749054,-0.16850568611874783,0.440060028393221,0.058862939108604406,0.5935835921544546,0.38660020661920913,0.574468085106383,47,10.382978723404255,0.0323771052,31.74226,0.02866936448690385,1,1.0565949978767621,-0.06646503841476503,0.1509242683870058,0
V11_ensw2,R_re500_mh2_tr12_t2,2,,500.0,2.0,,0.12,False,0.12595664763493386,0.23987240501489548,0.5277902320250406,0.6689837878421608,-0.3239000322803184,0.07405599207618097,0.04832211350399618,-0.0020745681927755166,0.24244995216677645,0.5740740740740741,54,9.018518518518519,0.029004944400000003,28.43622,0.044448607977389136,1,0.477148633955385,-0.26788596259025765,0.1465000107195249,0
V11_ensw2,R_re500_mh2_sl8tr15_t2,2,,500.0,2.0,0.08,0.15,False,0.03202148254315751,0.01770796845957312,0.2592021404657736,0.29790836236562124,-0.2397733736000146,0.02735032994013098,0.004546796226073457,-0.22015803813267354,0.30501821936162377,0.5686274509803921,51,9.549019607843137,0.0251672352,24.67376,0.03179638289559036,1,0.146006151060732,-0.3130442689175401,0.29272895151072964,0
V11_ensw2,R_re500_mh2_h20_t2,2,20.0,500.0,2.0,,,False,0.3149954380975284,0.6645118358884261,1.0549564863547507,1.0896095597511182,-0.21373243038187795,0.26729082566179097,0.03764298728417481,0.3238623392790587,0.25731489332559754,0.5849056603773585,53,9.18867924528302,0.0307053456,30.10328,0.04280145645287687,1,0.06837781589251701,0.5984663963755523,-0.025327943350080595,0
V11_ensw2,R_re500_mh2_h20_sl8tr15_t2,2,20.0,500.0,2.0,0.08,0.15,False,0.07193833191843746,0.128858368089936,0.3819270599154701,0.5009674474439632,-0.2640341520187255,-0.02879866686596355,0.10372411501879597,-0.2584745324761437,0.5223460521989669,0.543859649122807,57,8.543859649122806,0.0285063888,27.94744,0.032238223304801014,1,0.14568997373489734,-0.13897873034185415,0.14434892069949434,0
V11_ensw2,R_re500_mh3_h20_t2,2,20.0,500.0,3.0,,,False,-0.03548167933467716,-0.11513700012009365,0.031708498517275266,0.019766769436060785,-0.282790332962358,-0.11509221836626393,0.0899647858046948,-0.3568561041155952,0.3758398478821088,0.5116279069767442,43,11.348837209302326,0.020689197200000002,20.26786,0.04758641423141059,1,-0.11124156685762143,-0.006050083688938335,0.001677225360640744,0
V11_ensw2,R_re500_mh3_h20_sl8tr15_t2,2,20.0,500.0,3.0,0.08,0.15,False,0.046803865459185134,0.04661166973596864,0.30678141031338024,0.36578218829072945,-0.19550338635028408,0.017879294316504035,0.028416504102388274,-0.20627797487605914,0.3186123562245089,0.5178571428571429,56,8.714285714285714,0.027841899599999997,27.29598,0.037771898461004524,1,-0.04624486735847233,0.21397961367883234,-0.09606481567541048,0
V11_ensw2,R_re500_mh5_t2,2,,500.0,5.0,,,False,0.2998998412101437,0.5738531846631265,0.9956938785495018,0.9925900200394181,-0.2537768077652145,0.3506963722638119,-0.03760766083093314,0.4057603733191071,0.1195742991013038,0.5675675675675675,37,13.18918918918919,0.024225652799999997,23.75064,0.03923934374235837,1,0.8917050058322311,-0.2545238408905267,0.11603302237414925,0
V11_ensw2,R_re500_mh5_sl8_t2,2,,500.0,5.0,0.08,,False,0.4932224116524173,1.0902335502635632,1.4630841809423147,1.4310373349087442,-0.19320199926284098,0.40562823512753887,0.06231674516479124,0.5110031262286938,0.38334164501735235,0.5813953488372093,43,11.348837209302326,0.029298235200000005,28.72376,0.02766415583210376,1,1.0077887105223349,-0.008918172486473086,0.05043042761554206,0
V11_ensw2,R_re500_mh3_t2,2,,500.0,3.0,,,False,0.026471480085888066,0.03736628396697217,0.24006639687168063,0.3369035538660888,-0.2786729350767079,-0.05047539076157703,0.08103725811717521,-0.303604556439382,0.4896224459238214,0.55,40,12.2,0.019388382000000003,18.9961,0.05495455780085857,1,0.1386685298028072,-0.3616976296683917,0.4272772832153662,0
V11_ensw2,R_re500_mh3_sl8_t2,2,,500.0,3.0,0.08,,False,0.11427766172481957,0.18797776252371046,0.5216559959269884,0.5999885975886546,-0.22697842074055807,-0.025975811176976116,0.14399382942560535,-0.27476343624363253,0.6380555282135421,0.56,50,9.76,0.024789468000000002,24.3034,0.036691008617048715,1,0.03956622672762333,0.013870386319573713,0.12712922694576467,0
V11_ensw2,R_re500_mh3_tr12_t2,2,,500.0,3.0,,0.12,False,-0.008803484845432474,-0.04272432259194847,0.14134820440648377,0.20368961240208316,-0.3207862744604102,0.07042148106473389,-0.07401286998777634,-0.033086669881898345,-0.009967442178993702,0.5686274509803921,51,9.568627450980392,0.026801295600000004,26.27578,0.04061668905049832,1,0.3632236023059867,-0.09174530357953758,-0.226852643067753,0
V11_ensw2,R_re500_mh3_sl8tr15_t2,2,,500.0,3.0,0.08,0.15,False,0.12098266320022777,0.21278137100909622,0.5436043087201607,0.6385980198736557,-0.22697842074055807,-0.025975811176976116,0.1508776435570689,-0.27476343624363253,0.6722562424700254,0.56,50,9.76,0.0248268408,24.34004,0.03552659186195673,1,0.03956622672762333,0.013870386319573713,0.1506623880364295,0
V11_ensw2,R_re100_mh5_t3,3,,100.0,5.0,,,False,0.4150547860113116,1.4873677566861891,1.1941145873419179,1.4470937117049683,-0.3221266749125744,0.3360096007790425,0.059165132635405904,0.8894165495900692,0.3164739968144399,0.514018691588785,107,6.841121495327103,0.044330816399999994,42.00532,0.04645159124885966,1,0.549172851134218,1.2692660197737333,-0.2924539466208087,0
V11_ensw2,R_re100_mh5_sl8_t3,3,,100.0,5.0,0.08,,False,0.6973133623729946,2.607392628946434,1.819518436452332,1.5953699241619759,-0.3403370579409809,1.0190783559564363,-0.15936231134082035,5.089476476480152,-0.4076021735399519,0.5258620689655172,116,6.301724137931035,0.05956974200000001,58.1006,0.038025486345695865,1,1.687301980326473,0.9130069422052576,-0.29828558956762097,0
V11_ensw2,R_re100_mh5_tr12_t3,3,,100.0,5.0,,0.12,False,0.2401757360215313,0.7121167022996484,0.8531589985775989,1.0914987125601978,-0.2874488751411304,0.3360096007790425,-0.07173141922156134,0.8894165495900692,-0.09383841129627524,0.5178571428571429,112,6.526785714285714,0.044268798399999996,41.50442,0.044252985809501905,1,0.5629078425348011,0.3118560960956629,-0.16494747073960847,0
V11_ensw2,R_re100_mh5_sl8tr15_t3,3,,100.0,5.0,0.08,0.15,False,0.6973133623729946,2.607392628946434,1.819518436452332,1.5953699241619759,-0.3403370579409809,1.0190783559564363,-0.15936231134082035,5.089476476480152,-0.4076021735399519,0.5258620689655172,116,6.301724137931035,0.05956974200000001,58.1006,0.038025486345695865,1,1.687301980326473,0.9130069422052576,-0.29828558956762097,0
V11_ensw2,R_re100_mh2_t3,3,,100.0,2.0,,,False,0.7032975649572797,3.056354840629263,1.8947306519030107,1.9682674973982093,-0.20723060805102678,0.4719239070863017,0.15719131726651892,1.962881406148643,0.3690574426001063,0.5797872340425532,188,3.882978723404255,0.08277432000000001,79.1015,0.04664079527283495,1,0.4982295837033266,0.827319354919503,0.48164144071674886,0
V11_ensw2,R_re100_mh2_sl8_t3,3,,100.0,2.0,0.08,,False,0.36032304289917905,1.1313084116240697,1.141616894947966,1.2743553802524026,-0.2012705124766524,0.2790974431227671,0.0635022767132647,0.9297205632122143,0.1044647874178688,0.5608465608465608,189,3.8624338624338623,0.0752593312,70.33056,0.0470831947347533,1,-0.005640886625659314,0.8560598428978585,0.15481140925793357,0
V11_ensw2,R_re100_mh2_tr12_t3,3,,100.0,2.0,,0.12,False,0.7644734482900946,3.5906043455803793,1.97891548012958,2.136980506263084,-0.20190815636099302,0.4719239070863017,0.1987531690975115,1.962881406148643,0.5493716137452711,0.5729166666666666,192,3.8020833333333335,0.08581265760000001,82.07538,0.04496290444329466,1,0.524703874107249,0.8826000892287529,0.5992865495858082,0
V11_ensw2,R_re100_mh2_sl8tr15_t3,3,,100.0,2.0,0.08,0.15,False,0.36032304289917905,1.1313084116240697,1.141616894947966,1.2743553802524026,-0.2012705124766524,0.2790974431227671,0.0635022767132647,0.9297205632122143,0.1044647874178688,0.5608465608465608,189,3.8624338624338623,0.0752593312,70.33056,0.0470831947347533,1,-0.005640886625659314,0.8560598428978585,0.15481140925793357,0
V11_ensw2,R_re100_mh3_tr12_t3,3,,100.0,3.0,,0.12,False,0.6288822563778644,2.7994828365235342,1.746977661855785,1.905480014257589,-0.19118286451599265,0.512980834975616,0.07660468574548607,1.9875246234507995,0.27178293584568647,0.5894039735099338,151,4.841059602649007,0.06513173359999999,62.55468,0.04200633185067218,1,0.7391844514176436,0.4428812653243015,0.5140779977511412,0
V11_ensw2,R_re100_mh3_sl8tr15_t3,3,,100.0,3.0,0.08,0.15,False,0.6703439774905617,2.9260651011435432,1.8069101853716167,1.9125404249070004,-0.1783503896900992,0.43806956390088914,0.16151820427908103,1.5810884380219838,0.5210889496495841,0.5909090909090909,154,4.753246753246753,0.06618941960000001,63.01198,0.04095474276109467,1,0.3814918416836912,0.9743945519448203,0.4393792185848211,0
V11_ensw2,R_re100_mh3_h20_t3,3,20.0,100.0,3.0,,,False,0.5263020447589575,2.0491121261890655,1.4910024571505902,1.6559915891749006,-0.2210788632280828,0.512980834975616,0.008804612375381327,1.9875246234507995,0.020614893766842668,0.564625850340136,147,4.9727891156462585,0.0635385932,60.96016,0.042494052711204114,1,0.6421916997943735,0.736617283785008,0.0691666987644195,0
V11_ensw2,R_re100_mh3_h20_sl8tr15_t3,3,20.0,100.0,3.0,0.08,0.15,False,0.6703439774905617,2.9260651011435432,1.8069101853716167,1.9125404249070004,-0.1783503896900992,0.43806956390088914,0.16151820427908103,1.5810884380219838,0.5210889496495841,0.5909090909090909,154,4.753246753246753,0.06618941960000001,63.01198,0.04095474276109467,1,0.3814918416836912,0.9743945519448203,0.4393792185848211,0
V11_ensw2,R_re100_mh2_h20_t3,3,20.0,100.0,2.0,,,False,0.7032975649572797,3.056354840629263,1.8947306519030107,1.9682674973982093,-0.20723060805102678,0.4719239070863017,0.15719131726651892,1.962881406148643,0.3690574426001063,0.5797872340425532,188,3.882978723404255,0.08277432000000001,79.1015,0.04664079527283495,1,0.4982295837033266,0.827319354919503,0.48164144071674886,0
V11_ensw2,R_re100_mh2_h20_sl8tr15_t3,3,20.0,100.0,2.0,0.08,0.15,False,0.36032304289917905,1.1313084116240697,1.141616894947966,1.2743553802524026,-0.2012705124766524,0.2790974431227671,0.0635022767132647,0.9297205632122143,0.1044647874178688,0.5608465608465608,189,3.8624338624338623,0.0752593312,70.33056,0.0470831947347533,1,-0.005640886625659314,0.8560598428978585,0.15481140925793357,0
V11_ensw2,R_re100_mh3_t3,3,,100.0,3.0,,,False,0.5263020447589575,2.0491121261890655,1.4910024571505902,1.6559915891749006,-0.2210788632280828,0.512980834975616,0.008804612375381327,1.9875246234507995,0.020614893766842668,0.564625850340136,147,4.9727891156462585,0.0635385932,60.96016,0.042494052711204114,1,0.6421916997943735,0.736617283785008,0.0691666987644195,0
V11_ensw2,R_re100_mh3_sl8_t3,3,,100.0,3.0,0.08,,False,0.6703439774905617,2.9260651011435432,1.8069101853716167,1.9125404249070004,-0.1783503896900992,0.43806956390088914,0.16151820427908103,1.5810884380219838,0.5210889496495841,0.5909090909090909,154,4.753246753246753,0.06618941960000001,63.01198,0.04095474276109467,1,0.3814918416836912,0.9743945519448203,0.4393792185848211,0
V11_ensw2,R_re200_mh5_tr12_t3,3,,200.0,5.0,,0.12,False,0.2544050050493383,0.8399531194382264,0.864227891954559,1.1825917027931319,-0.3359552054677397,0.3379189906498621,-0.06242080887121371,0.7395203920625242,0.05773587238987177,0.61,100,7.31,0.040427964000000004,38.3277,0.04603781638816521,1,0.5700313671489148,0.7320863376216757,-0.32340483109615203,0
V11_ensw2,R_re200_mh5_sl8tr15_t3,3,,200.0,5.0,0.08,0.15,False,0.5401219694752648,2.0000114983959403,1.47247470550268,1.6487590127262908,-0.26758236747810404,0.4946784755175371,0.030403524705867824,1.443333783185233,0.22783531216312092,0.5619047619047619,105,6.9714285714285715,0.0485051344,47.28872,0.03430104190713424,1,1.5014873311644217,0.40734956602431627,-0.14783708959122832,0
V11_ensw2,R_re200_mh5_h20_t3,3,20.0,200.0,5.0,,,False,0.1064409656327332,0.20329875696242583,0.4915531997934294,0.6361531043732429,-0.3152519004550307,0.3379189906498621,-0.1730134833534981,0.714384289450885,-0.29811608496025077,0.5473684210526316,95,7.705263157894737,0.0375603812,35.25306,0.04690929674658933,1,0.5202159922615188,0.2716951341926681,-0.37757767485475646,0
V11_ensw2,R_re200_mh5_h20_sl8tr15_t3,3,20.0,200.0,5.0,0.08,0.15,False,0.5401219694752648,2.0000114983959403,1.47247470550268,1.6487590127262908,-0.26758236747810404,0.4946784755175371,0.030403524705867824,1.443333783185233,0.22783531216312092,0.5619047619047619,105,6.9714285714285715,0.0485051344,47.28872,0.03430104190713424,1,1.5014873311644217,0.40734956602431627,-0.14783708959122832,0
V11_ensw2,R_re100_mh5_h20_t3,3,20.0,100.0,5.0,,,False,0.4150547860113116,1.4873677566861891,1.1941145873419179,1.4470937117049683,-0.3221266749125744,0.3360096007790425,0.059165132635405904,0.8894165495900692,0.3164739968144399,0.514018691588785,107,6.841121495327103,0.044330816399999994,42.00532,0.04645159124885966,1,0.549172851134218,1.2692660197737333,-0.2924539466208087,0
V11_ensw2,R_re100_mh5_h20_sl8tr15_t3,3,20.0,100.0,5.0,0.08,0.15,False,0.6973133623729946,2.607392628946434,1.819518436452332,1.5953699241619759,-0.3403370579409809,1.0190783559564363,-0.15936231134082035,5.089476476480152,-0.4076021735399519,0.5258620689655172,116,6.301724137931035,0.05956974200000001,58.1006,0.038025486345695865,1,1.687301980326473,0.9130069422052576,-0.29828558956762097,0
V11_ensw2,R_re200_mh2_t3,3,,200.0,2.0,,,False,0.5292726319807544,2.1001197040437387,1.5455547442210487,1.711208666221528,-0.2456966388730235,0.4821888134018344,0.03176641069827979,1.97544569658956,0.0419009520479845,0.5657894736842105,152,4.815789473684211,0.0670222928,64.23764,0.043554198156888387,1,0.6582304251001316,1.6478260818737307,-0.29393590304000805,0
V11_ensw2,R_re200_mh2_sl8_t3,3,,200.0,2.0,0.08,,False,0.5516979979367846,2.072041409237826,1.5779028989626598,1.6896162202555687,-0.1840439011286732,0.4523376797596874,0.0684140606980177,1.7370715363427092,0.12238257876982828,0.5609756097560976,164,4.463414634146342,0.07184478,68.6025,0.039975774178764786,1,0.5217543576620571,1.153120759681895,-0.06240750347936219,0
V11_ensw2,R_re200_mh3_h20_t3,3,20.0,200.0,3.0,,,False,0.25038054771638585,0.5616206495985283,0.8854683741773975,0.9253945209235841,-0.3252470756272753,0.3789289297500362,-0.09322335564962947,0.6824759804472709,-0.07183183133266147,0.5083333333333333,120,6.091666666666667,0.047933065999999996,44.8923,0.05238484104876492,1,0.4108167564967302,0.585841649708891,-0.3020165676120532,0
V11_ensw2,R_re200_mh3_h20_sl8tr15_t3,3,20.0,200.0,3.0,0.08,0.15,False,0.28571041733818503,0.7352813503065323,0.9824250518770933,1.0345069003526226,-0.22774081905925758,0.1791834135110555,0.09033963894551533,0.158017138179686,0.4984936691302009,0.5419847328244275,131,5.580152671755725,0.0498731128,45.46064,0.04984609854783426,1,-0.020680406000972762,0.3224066262613936,0.33992484129350387,0
V11_ensw2,R_re200_mh5_t3,3,,200.0,5.0,,,False,0.09810186734996318,0.17850903754860248,0.4648340456267792,0.6061079587638348,-0.3152519004550307,0.3379189906498621,-0.1792463706516445,0.714384289450885,-0.3125759231461005,0.5368421052631579,95,7.6947368421052635,0.0375393732,35.21266,0.04861012275923847,1,0.5202159922615188,0.2716951341926681,-0.390400487733081,0
V11_ensw2,R_re200_mh5_sl8_t3,3,,200.0,5.0,0.08,,False,0.5401219694752648,2.0000114983959403,1.47247470550268,1.6487590127262908,-0.26758236747810404,0.4946784755175371,0.030403524705867824,1.443333783185233,0.22783531216312092,0.5619047619047619,105,6.9714285714285715,0.0485051344,47.28872,0.03430104190713424,1,1.5014873311644217,0.40734956602431627,-0.14783708959122832,0
V11_ensw2,R_re200_mh3_t3,3,,200.0,3.0,,,False,0.25038054771638585,0.5616206495985283,0.8854683741773975,0.9253945209235841,-0.3252470756272753,0.3789289297500362,-0.09322335564962947,0.6824759804472709,-0.07183183133266147,0.5083333333333333,120,6.091666666666667,0.047933065999999996,44.8923,0.05238484104876492,1,0.4108167564967302,0.585841649708891,-0.3020165676120532,0
V11_ensw2,R_re200_mh3_sl8_t3,3,,200.0,3.0,0.08,,False,0.28571041733818503,0.7352813503065323,0.9824250518770933,1.0345069003526226,-0.22774081905925758,0.1791834135110555,0.09033963894551533,0.158017138179686,0.4984936691302009,0.5419847328244275,131,5.580152671755725,0.0498731128,45.46064,0.04984609854783426,1,-0.020680406000972762,0.3224066262613936,0.33992484129350387,0
V11_ensw2,R_re200_mh3_tr12_t3,3,,200.0,3.0,,0.12,False,0.15459643744945706,0.30640272197814444,0.6217727150660709,0.7242703714158808,-0.2862717192825722,0.16361860892273317,-0.007753546913134124,0.05048318221605852,0.2436207871716778,0.5348837209302325,129,5.666666666666667,0.04779650960000001,42.30098,0.053300273045193275,1,-0.06472188032690729,0.3037811137180726,0.07135059853215986,0
V11_ensw2,R_re200_mh3_sl8tr15_t3,3,,200.0,3.0,0.08,0.15,False,0.28571041733818503,0.7352813503065323,0.9824250518770933,1.0345069003526226,-0.22774081905925758,0.1791834135110555,0.09033963894551533,0.158017138179686,0.4984936691302009,0.5419847328244275,131,5.580152671755725,0.0498731128,45.46064,0.04984609854783426,1,-0.020680406000972762,0.3224066262613936,0.33992484129350387,0
V11_ensw2,R_re200_mh2_tr12_t3,3,,200.0,2.0,,0.12,False,0.5032138481675081,1.9039788468154941,1.4476202081486775,1.6222399131137162,-0.1994368052406691,0.4821888134018344,0.014185125792050002,1.97544569658956,-0.024018872149466852,0.5859872611464968,157,4.662420382165605,0.0690957488,66.27044,0.04350159886442874,1,0.7521069567222898,0.545463835753244,0.07244242904137743,0
V11_ensw2,R_re200_mh2_sl8tr15_t3,3,,200.0,2.0,0.08,0.15,False,0.5516979979367846,2.072041409237826,1.5779028989626598,1.6896162202555687,-0.1840439011286732,0.4523376797596874,0.0684140606980177,1.7370715363427092,0.12238257876982828,0.5609756097560976,164,4.463414634146342,0.07184478,68.6025,0.039975774178764786,1,0.5217543576620571,1.153120759681895,-0.06240750347936219,0
V11_ensw2,R_re200_mh2_h20_t3,3,20.0,200.0,2.0,,,False,0.5292726319807544,2.1001197040437387,1.5455547442210487,1.711208666221528,-0.2456966388730235,0.4821888134018344,0.03176641069827979,1.97544569658956,0.0419009520479845,0.5657894736842105,152,4.815789473684211,0.0670222928,64.23764,0.043554198156888387,1,0.6582304251001316,1.6478260818737307,-0.29393590304000805,0
V11_ensw2,R_re200_mh2_h20_sl8tr15_t3,3,20.0,200.0,2.0,0.08,0.15,False,0.5516979979367846,2.072041409237826,1.5779028989626598,1.6896162202555687,-0.1840439011286732,0.4523376797596874,0.0684140606980177,1.7370715363427092,0.12238257876982828,0.5609756097560976,164,4.463414634146342,0.07184478,68.6025,0.039975774178764786,1,0.5217543576620571,1.153120759681895,-0.06240750347936219,0
V11_ensw2,R_re300_mh5_t3,3,,300.0,5.0,,,False,0.5118593476644884,2.1292654977161396,1.4721574016261998,1.8896775976046045,-0.2586464801672723,0.4193367566355881,0.06518720141386125,1.3690814426684823,0.32087713041701105,0.5517241379310345,87,8.402298850574713,0.038491829199999994,37.16396,0.04335504259375499,1,0.7838360981527508,1.3241697067957934,-0.24522131477631337,0
V11_ensw2,R_re300_mh5_sl8_t3,3,,300.0,5.0,0.08,,False,0.6385376979171722,2.672006867161815,1.721081413319893,1.8733805558284427,-0.1764037822011738,0.39078575267195936,0.17813810989164658,1.1506702964356603,0.7073778687730474,0.5612244897959183,98,7.469387755102041,0.043862729200000006,42.73246,0.03561002053343966,1,1.0364480275819914,0.5639150949865934,0.15296727917180974,0
V11_ensw2,R_re300_mh5_tr12_t3,3,,300.0,5.0,,0.12,False,0.34901113510667847,1.1865672181983986,1.1247769564515941,1.3858217944213853,-0.2494464658974327,0.4193367566355881,-0.04954822821302107,1.444593395006307,-0.10554973163839465,0.532608695652174,92,7.956521739130435,0.0384568352,37.00226,0.03902430833622823,1,0.7197086491613971,0.6985838463927931,-0.2514497364820807,0
V11_ensw2,R_re300_mh5_sl8tr15_t3,3,,300.0,5.0,0.08,0.15,False,0.6385376979171722,2.672006867161815,1.721081413319893,1.8733805558284427,-0.1764037822011738,0.39078575267195936,0.17813810989164658,1.1506702964356603,0.7073778687730474,0.5612244897959183,98,7.469387755102041,0.043862729200000006,42.73246,0.03561002053343966,1,1.0364480275819914,0.5639150949865934,0.15296727917180974,0
V11_ensw2,NR_hold5_t1,1,5.0,,,,,True,1.3841122713749865,1.463016418386732,2.123296412454381,1.7227384781385742,-0.28134031141620053,1.1335236303560494,0.1174529484714999,1.2444413316659881,0.09738507468961166,0.5918367346938775,49,4.979591836734694,0.0852103716,83.53958,0.014339773753151139,1,0.11258308769795122,1.1371115098952083,0.03587575779100338,0
V11_ensw2,NR_hold5_sl8_t1,1,5.0,,,0.08,,True,1.6431159876979762,1.7263906675454233,2.32833911523008,1.8206297588629459,-0.28134031141620053,1.1335236303560494,0.23885011166100023,1.2444413316659881,0.21473019992984033,0.5714285714285714,49,4.979591836734694,0.0870920472,85.38436,0.013693155411754625,1,0.11258308769795122,1.1371115098952083,0.1466435942914972,0
V11_ensw2,NR_hold10_t1,1,10.0,,,,,True,2.3641724322884037,2.475864077033407,2.6563280968159915,1.556279799204469,-0.3503842932504996,1.7069751683219048,0.24277919932819492,1.5429959898756382,0.3668382061441591,0.56,25,9.76,0.053787333599999994,52.73268,0.014634410329336963,1,0.09878467806768265,1.9583130953762518,0.06931597334112238,0
V11_ensw2,NR_hold10_sl8_t1,1,10.0,,,0.08,,True,1.7842335921064194,1.8752522021148654,2.3867830647277866,1.3833131801656078,-0.27237524390782986,1.7069751683219048,0.028540499628006977,1.5429959898756382,0.13065542122835838,0.5384615384615384,26,9.384615384615385,0.0560957364,54.99582,0.015435845412411216,1,0.09878467806768265,1.9583130953762518,-0.11545646234540208,0
V11_ensw2,NR_hold10_t2,2,10.0,,,,,True,0.9532226537259951,2.2344861734574764,1.9761263940361677,1.4361871920244882,-0.3424693539452133,0.9418236725439277,0.005870245245869876,1.6326583933440606,0.2286007868073454,0.5,50,9.76,0.03537666,34.683,0.02915395493830408,1,0.05412785975924095,1.816017185527568,0.08962411578236362,0
V11_ensw2,NR_hold10_sl8_t2,2,10.0,,,0.08,,True,1.0884453628157194,2.617473350205358,2.2724750224910326,1.5382714813361322,-0.178584945111267,0.8986660721373203,0.09995401164185003,1.6029448568034401,0.3897618079577041,0.5185185185185185,54,9.037037037037036,0.0433151364,42.46582,0.03460938112020986,1,0.3711045712035761,1.667074650942992,-0.01076473521643928,0
V20_ensw2,H_hold3_t1,1,3.0,,,,,False,-0.0006362740637279041,0.033533913825705586,0.19806795337312924,0.2862365608577272,-0.41988492577296443,0.09446260319392108,-0.08689093348655841,0.13685496389202467,-0.09088322903794133,0.48148148148148145,81,3.0,0.09094575,89.1625,0.02221761054316972,2,0.2817198771263285,-0.045698190270415884,-0.15502109863488278,0
V20_ensw2,H_hold3_sl8_t1,1,3.0,,,0.08,,False,-0.10889266500536832,-0.08487575884033438,-0.06705034461395748,0.009822493038691866,-0.39965820800364316,0.09446260319392108,-0.1858037612302571,0.13685496389202467,-0.19503870746472707,0.43902439024390244,82,2.975609756097561,0.0923647536,90.55368,0.017167209552533653,1,0.2817198771263285,-0.045698190270415884,-0.2518284445593114,0
V11_ensw2,R_re300_mh3_tr12_t3,3,,300.0,3.0,,0.12,False,0.47276005568176216,1.778191980433212,1.39742071326788,1.6040190102918561,-0.20364817054800144,0.5257987244769031,-0.03476124861313101,1.757576561820641,0.007475918854982,0.5172413793103449,116,6.310344827586207,0.051163075999999995,49.4293,0.04260831805863731,1,1.0317281937240406,0.47488131257668553,-0.07287226501938737,0
V11_ensw2,R_re300_mh3_sl8tr15_t3,3,,300.0,3.0,0.08,0.15,False,0.8987989280523823,4.889574284163156,2.2044670002276057,2.5156501324137137,-0.18666069450032063,0.7961634429999438,0.057141506499552186,3.451982639871754,0.32291043352604243,0.5853658536585366,123,5.951219512195122,0.0631132064,61.40532,0.04006449126703458,1,2.153794624003026,0.7280796032765777,0.0806542134214756,0
V11_ensw2,R_re300_mh3_h20_t3,3,20.0,300.0,3.0,,,False,0.44244417567599914,1.5432355894204886,1.3456704033202214,1.4982857504973033,-0.2719602882353579,0.633907494894667,-0.11718124790841344,2.387189932445465,-0.2491606198225983,0.5135135135135135,111,6.594594594594595,0.051093153999999995,49.4907,0.04351867564824084,1,1.344437895085402,0.5474330916658647,-0.29897100702060575,0
V11_ensw2,R_re300_mh3_h20_sl8tr15_t3,3,20.0,300.0,3.0,0.08,0.15,False,0.8987989280523823,4.889574284163156,2.2044670002276057,2.5156501324137137,-0.18666069450032063,0.7961634429999438,0.057141506499552186,3.451982639871754,0.32291043352604243,0.5853658536585366,123,5.951219512195122,0.0631132064,61.40532,0.04006449126703458,1,2.153794624003026,0.7280796032765777,0.0806542134214756,0
V20_ensw2,H_hold3_sl5_t1,1,3.0,,,0.05,,False,0.19250112207468706,0.23382918891975013,0.6387151419565686,0.6821132087560703,-0.2466250994040997,0.09446260319392108,0.08957685588768927,0.13685496389202467,0.08530043682593846,0.4268292682926829,82,2.975609756097561,0.09722941920000001,95.32296,0.017217761477828133,1,0.2817198771263285,-0.045698190270415884,0.008732871344791393,0
V20_ensw2,H_hold3_sl10_t1,1,3.0,,,0.1,,False,-0.0006362740637279041,0.033533913825705586,0.19806795337312924,0.2862365608577272,-0.41988492577296443,0.09446260319392108,-0.08689093348655841,0.13685496389202467,-0.09088322903794133,0.48148148148148145,81,3.0,0.09094575,89.1625,0.02221761054316972,2,0.2817198771263285,-0.045698190270415884,-0.15502109863488278,0
V20_ensw2,H_hold3_tr12_t1,1,3.0,,,,0.12,False,-0.0006362740637279041,0.033533913825705586,0.19806795337312924,0.2862365608577272,-0.41988492577296443,0.09446260319392108,-0.08689093348655841,0.13685496389202467,-0.09088322903794133,0.48148148148148145,81,3.0,0.09094575,89.1625,0.02221761054316972,2,0.2817198771263285,-0.045698190270415884,-0.15502109863488278,0
V20_ensw2,H_hold3_tr15_t1,1,3.0,,,,0.15,False,-0.0006362740637279041,0.033533913825705586,0.19806795337312924,0.2862365608577272,-0.41988492577296443,0.09446260319392108,-0.08689093348655841,0.13685496389202467,-0.09088322903794133,0.48148148148148145,81,3.0,0.09094575,89.1625,0.02221761054316972,2,0.2817198771263285,-0.045698190270415884,-0.15502109863488278,0
V11_ensw2,R_re300_mh2_h20_t3,3,20.0,300.0,2.0,,,False,0.8810396858771241,4.765226788603601,2.184787290549447,2.541104032350642,-0.1868221149485989,0.6810624467840378,0.11895884027131376,3.0694912938657346,0.41669471004741543,0.5966386554621849,119,6.142857142857143,0.057247036800000005,55.26084,0.04661012807233392,1,0.6077297067026508,2.2309923199942077,0.10985804324219095,0
V11_ensw2,R_re300_mh2_h20_sl8tr15_t3,3,20.0,300.0,2.0,0.08,0.15,False,0.8158157525441472,4.148358563509651,2.0874231835118424,2.342991828369858,-0.1611950977094263,0.6810255107428485,0.08018334102599911,3.028693393000352,0.27792265662476545,0.5882352941176471,136,5.375,0.0666372804,64.45452,0.04122258747775957,1,1.142826395934338,1.1609987128230288,0.11180158936090989,0
V11_ensw2,R_re300_mh3_t3,3,,300.0,3.0,,,False,0.44244417567599914,1.5432355894204886,1.3456704033202214,1.4982857504973033,-0.2719602882353579,0.633907494894667,-0.11718124790841344,2.387189932445465,-0.2491606198225983,0.5135135135135135,111,6.594594594594595,0.051093153999999995,49.4907,0.04351867564824084,1,1.344437895085402,0.5474330916658647,-0.29897100702060575,0
V11_ensw2,R_re300_mh3_sl8_t3,3,,300.0,3.0,0.08,,False,0.8987989280523823,4.889574284163156,2.2044670002276057,2.5156501324137137,-0.18666069450032063,0.7961634429999438,0.057141506499552186,3.451982639871754,0.32291043352604243,0.5853658536585366,123,5.951219512195122,0.0631132064,61.40532,0.04006449126703458,1,2.153794624003026,0.7280796032765777,0.0806542134214756,0
V11_ensw2,R_re300_mh2_t3,3,,300.0,2.0,,,False,0.8810396858771241,4.765226788603601,2.184787290549447,2.541104032350642,-0.1868221149485989,0.6810624467840378,0.11895884027131376,3.0694912938657346,0.41669471004741543,0.5966386554621849,119,6.142857142857143,0.057247036800000005,55.26084,0.04661012807233392,1,0.6077297067026508,2.2309923199942077,0.10985804324219095,0
V11_ensw2,R_re300_mh2_sl8_t3,3,,300.0,2.0,0.08,,False,0.745958221060047,3.553831562476576,1.9685902638608486,2.2011803515503368,-0.15984787085152175,0.6159411482656927,0.08045903957201395,2.563464141487331,0.2779226566247648,0.5777777777777777,135,5.4148148148148145,0.0640788372,61.94636,0.044489330652614914,1,1.0787859189740687,0.9479274619811533,0.1245905146160089,0
V11_ensw2,R_re300_mh2_tr12_t3,3,,300.0,2.0,,0.12,False,0.7583439870951554,3.776302734545042,1.9491800365628928,2.2533941060554037,-0.17429406896127675,0.6980039115185632,0.03553588726578827,3.1953566170605683,0.1384735960518919,0.5891472868217055,129,5.666666666666667,0.061772639600000005,59.73898,0.04298233095893018,1,0.9770719194456092,1.2279665964646522,0.08432807535782394,0
V11_ensw2,R_re300_mh2_sl8tr15_t3,3,,300.0,2.0,0.08,0.15,False,0.745958221060047,3.553831562476576,1.9685902638608486,2.2011803515503368,-0.15984787085152175,0.6159411482656927,0.08045903957201395,2.563464141487331,0.2779226566247648,0.5777777777777777,135,5.4148148148148145,0.0640788372,61.94636,0.044489330652614914,1,1.0787859189740687,0.9479274619811533,0.1245905146160089,0
V20_ensw2,H_hold3_tr20_t1,1,3.0,,,,0.2,False,-0.0006362740637279041,0.033533913825705586,0.19806795337312924,0.2862365608577272,-0.41988492577296443,0.09446260319392108,-0.08689093348655841,0.13685496389202467,-0.09088322903794133,0.48148148148148145,81,3.0,0.09094575,89.1625,0.02221761054316972,2,0.2817198771263285,-0.045698190270415884,-0.15502109863488278,0
V20_ensw2,H_hold3_sl8tr15_t1,1,3.0,,,0.08,0.15,False,-0.10889266500536832,-0.08487575884033438,-0.06705034461395748,0.009822493038691866,-0.39965820800364316,0.09446260319392108,-0.1858037612302571,0.13685496389202467,-0.19503870746472707,0.43902439024390244,82,2.975609756097561,0.0923647536,90.55368,0.017167209552533653,1,0.2817198771263285,-0.045698190270415884,-0.2518284445593114,0
V20_ensw2,H_hold5_t1,1,5.0,,,,,False,0.8201957951897956,0.8671575675620895,1.5416105386376275,1.1829857996764217,-0.4598831062426727,0.9770573898599888,-0.079340941479348,1.0810795221637002,-0.10279374349866033,0.4897959183673469,49,4.979591836734694,0.0759682536,74.47868,0.014308887773698152,1,0.08721222784702687,1.2505311111916853,-0.2368997076279581,0
V20_ensw2,H_hold5_sl8_t1,1,5.0,,,0.08,,False,1.9659580888427173,2.051531670577977,2.606739818732596,1.9421602490121954,-0.1895624336886097,0.9770573898599888,0.5001881604725487,1.0810795221637002,0.4663215115419026,0.56,50,4.88,0.0888487932,87.10666,0.013626771794654213,1,0.08721222784702687,1.2505311111916853,0.24714954455667004,0
V11_ensw2,R_re300_mh5_h20_t3,3,20.0,300.0,5.0,,,False,0.38209371495280453,1.3509128015470924,1.2097235085450084,1.5344956941320214,-0.2586464801672723,0.4193367566355881,-0.026239750016102126,1.3690814426684823,-0.0076690656531099854,0.5517241379310345,87,8.402298850574713,0.038113363600000005,36.75468,0.04519823950055324,1,0.7838360981527508,1.3241697067957934,-0.4329599470795016,0
V11_ensw2,R_re300_mh5_h20_sl8tr15_t3,3,20.0,300.0,5.0,0.08,0.15,False,0.8632324175234674,4.417884122533345,2.0939488192040137,2.2885469907558917,-0.15521747682141174,0.4716812584856187,0.2660570397157602,1.5149086203908961,1.154306553568229,0.5979381443298969,97,7.546391752577319,0.046168662400000005,44.98312,0.03449892166941338,1,1.356106649322578,0.9812081610797401,0.1606590415687783,0
V11_ensw2,R_re400_mh2_t3,3,,400.0,2.0,,,False,0.41762414756763944,1.6628996934554778,1.3726347543718078,1.9498797946486979,-0.16529084403681027,0.35629497459954496,0.045218167225165695,1.1899361891428972,0.21597136330154476,0.5730337078651685,89,8.224719101123595,0.036713812000000005,35.1276,0.05130627958055939,1,0.4899514306284205,0.26595093905492795,0.411776085178706,0
V11_ensw2,R_re400_mh2_sl8_t3,3,,400.0,2.0,0.08,,False,0.026965017879650777,-0.07551953191463612,0.24038659274988872,0.25818190861346435,-0.22192600577860144,0.12719634551296943,-0.08892091252097334,0.06869688050126643,-0.13494604040414093,0.4854368932038835,103,7.106796116504855,0.0384740952,34.37326,0.049589012958541415,1,0.14661906181950002,-0.13717182894485314,-0.06555387707359239,0
V20_ensw2,H_hold5_sl5_t1,1,5.0,,,0.05,,False,-0.27493045024800744,-0.25975606188362654,-0.5789851598131405,-0.5537093565604809,-0.44329295093640975,0.05768858548173794,-0.31447728593785473,0.03854013001967771,-0.28722644728004143,0.4230769230769231,52,4.673076923076923,0.05288496,51.848,0.022584552521969052,2,0.14002738658315317,-0.14925634259626774,-0.23676047030055247,0
V20_ensw2,H_hold5_sl10_t1,1,5.0,,,0.1,,False,0.3668464512692937,0.3990106423348869,0.9346346056389716,0.8027923545869691,-0.4664722145237227,0.9770573898599888,-0.3086460422041213,1.0810795221637002,-0.3277476293263728,0.46938775510204084,49,4.959183673469388,0.0743004108,72.84354,0.020017782163497425,2,0.08721222784702687,1.2505311111916853,-0.42822959950226624,0
V20_ensw2,H_hold5_tr12_t1,1,5.0,,,,0.12,False,0.3668464512692937,0.3990106423348869,0.9346346056389716,0.8027923545869691,-0.4664722145237227,0.9770573898599888,-0.3086460422041213,1.0810795221637002,-0.3277476293263728,0.46938775510204084,49,4.959183673469388,0.0743004108,72.84354,0.020017782163497425,2,0.08721222784702687,1.2505311111916853,-0.42822959950226624,0
V20_ensw2,H_hold5_tr15_t1,1,5.0,,,,0.15,False,0.8201957951897956,0.8671575675620895,1.5416105386376275,1.1829857996764217,-0.4598831062426727,0.9770573898599888,-0.079340941479348,1.0810795221637002,-0.10279374349866033,0.4897959183673469,49,4.979591836734694,0.0759682536,74.47868,0.014308887773698152,1,0.08721222784702687,1.2505311111916853,-0.2368997076279581,0
V11_ensw2,NR_hold3_t2,2,3.0,,,,,True,1.0526298118321176,2.89793185334628,2.399308617272056,2.1441126787049662,-0.25272886146512064,0.5386843244010873,0.33401619765709833,1.2748991259759923,0.7134526137170853,0.5279503105590062,161,3.0248447204968945,0.12149166960000002,119.10948,0.02758404534658819,1,0.7564080124213906,0.8769428160080646,0.18238194986564893,0
V11_ensw2,NR_hold3_sl8_t2,2,3.0,,,0.08,,True,0.6064509653422328,1.350989187366653,1.6219628416964795,1.487554116503407,-0.2710697876097421,0.5386843244010873,0.04404193886067098,1.2748991259759923,0.03344766390818088,0.484472049689441,161,3.0248447204968945,0.11897428920000003,116.64146,0.027800541184913017,1,0.7564080124213906,0.8769428160080646,-0.28686101141422515,0
V11_ensw2,NR_hold5_t2,2,5.0,,,,,True,0.42629196672143266,0.906500103309984,1.1315110521933598,1.1711637688362961,-0.28602504412954954,0.40717735848117775,0.013583652497711318,0.9407674453054999,-0.0176565935699331,0.5104166666666666,96,5.0625,0.058724266399999996,57.56232,0.036043168094903745,2,-0.04324235844312585,1.6636826618930547,-0.25191247996214317,0
V11_ensw2,NR_hold5_sl8_t2,2,5.0,,,0.08,,True,0.602302327002967,1.3415665453281957,1.5231302402751117,1.437495659381967,-0.15464276966864543,0.40717735848117775,0.13866409045438122,0.9407674453054999,0.2065157785865508,0.5151515151515151,99,4.929292929292929,0.059686208,58.5054,0.029950099196073818,1,-0.017421766350522394,0.834923894939736,0.298737286011848,0
V20_ensw2,H_hold5_tr20_t1,1,5.0,,,,0.2,False,0.8201957951897956,0.8671575675620895,1.5416105386376275,1.1829857996764217,-0.4598831062426727,0.9770573898599888,-0.079340941479348,1.0810795221637002,-0.10279374349866033,0.4897959183673469,49,4.979591836734694,0.0759682536,74.47868,0.014308887773698152,1,0.08721222784702687,1.2505311111916853,-0.2368997076279581,0
V20_ensw2,H_hold5_sl8tr15_t1,1,5.0,,,0.08,0.15,False,1.9659580888427173,2.051531670577977,2.606739818732596,1.9421602490121954,-0.1895624336886097,0.9770573898599888,0.5001881604725487,1.0810795221637002,0.4663215115419026,0.56,50,4.88,0.0888487932,87.10666,0.013626771794654213,1,0.08721222784702687,1.2505311111916853,0.24714954455667004,0
V20_ensw2,H_hold7_t1,1,7.0,,,,,False,0.21799823186356537,0.25350246359875994,0.6786362272611399,0.7281465522668402,-0.40093962542433204,0.5661460322961909,-0.22229587359883196,0.5159537729448991,-0.17312619555430098,0.5428571428571428,35,6.9714285714285715,0.048894617999999994,47.9359,0.011747170452081398,1,0.6386163521309145,-0.11471459971729803,-0.13589880591206904,0
V20_ensw2,H_hold7_sl8_t1,1,7.0,,,0.08,,False,0.30710049082662527,0.34756902655378097,0.8287144711156987,0.8493405612596355,-0.34225980098198705,0.7727617986676081,-0.26267562184099946,0.7894765917480782,-0.24694794401451925,0.5405405405405406,37,6.594594594594595,0.053453773200000006,52.40566,0.010591914821750259,1,0.6735530051092498,0.00608371798965579,-0.19965464693416812,0
V11_ensw2,R_re400_mh5_tr12_t3,3,,400.0,5.0,,0.12,False,0.27076536741455426,0.8640653231005404,0.9225433773910681,1.1234845376589777,-0.2641243968076261,0.33330491278009644,-0.046905658837737674,0.8018978211640346,0.034501124984070985,0.47368421052631576,76,9.631578947368421,0.0317462856,30.59728,0.04146202660253775,1,1.2870940150777104,0.13619326590501246,-0.28266024674505963,0
V11_ensw2,R_re400_mh5_sl8tr15_t3,3,,400.0,5.0,0.08,0.15,False,0.24896034857256355,0.660180619392845,0.8954173427669473,0.993450606049539,-0.26735123302730435,0.26272126629906967,-0.010897826855199688,0.38828931099569464,0.19584628812142046,0.47674418604651164,86,8.511627906976743,0.0347464348,33.14724,0.03990813316543113,1,0.9270092278163689,0.1631941434059816,-0.25933923660013225,0
V11_ensw2,R_re400_mh5_h20_t3,3,20.0,400.0,5.0,,,False,0.6840105016380595,3.476241382459759,1.8370866018130154,2.21349752207564,-0.1762875843468732,0.47730864659681393,0.13991785367087162,1.3323364183061401,0.91920914466989,0.5285714285714286,70,10.457142857142857,0.032088623600000005,31.17918,0.0490110212878345,1,0.9891035992662409,0.4024891640761856,0.6045622858663895,0
V11_ensw2,R_re400_mh5_h20_sl8tr15_t3,3,20.0,400.0,5.0,0.08,0.15,False,0.4052874575600931,1.3440628693207524,1.2759234516396318,1.3799352768409934,-0.2689106251117451,0.42001817667538943,-0.010373613068661358,0.9577073452066487,0.1973510111509138,0.4943820224719101,89,8.224719101123595,0.038351169600000005,37.11848,0.037293126021743166,1,1.1493580027131078,0.5408157899302857,-0.2922012742074157,0
V20_ensw2,H_hold7_sl5_t1,1,7.0,,,0.05,,False,0.2560519664339731,0.29215657988345733,0.7279699481619657,0.7906173889990256,-0.37500398472979535,0.38896840537191424,-0.09569435735462284,0.4194325577190483,-0.08966680180995468,0.5,42,5.809523809523809,0.05299899600000001,51.9598,0.014805930253169041,1,0.3034656952356771,0.033501021748255644,-0.040810033411152524,0
V20_ensw2,H_hold7_sl10_t1,1,7.0,,,0.1,,False,-0.10114185055870162,-0.07656036088388218,-0.04020629586541912,0.07977690019884706,-0.5564369530020954,0.5661460322961909,-0.4260700273757704,0.5159537729448991,-0.39085237584636956,0.5833333333333334,36,6.777777777777778,0.0463461684,45.43742,0.013311538293691912,1,0.6735530051092498,-0.1526391789406606,-0.3488205882782599,0
V20_ensw2,H_hold7_tr12_t1,1,7.0,,,,0.12,False,0.27401303548162725,0.3086562045737802,0.7455785710159417,0.7862245294292396,-0.47319069770408806,0.5661460322961909,-0.18652985787427245,0.5159537729448991,-0.13674399052975195,0.5,36,6.777777777777778,0.0474628032,46.53216,0.011772765842855243,1,0.6735530051092498,-0.25359449913567367,0.04763805400421073,0
V20_ensw2,H_hold7_tr15_t1,1,7.0,,,,0.15,False,0.27401303548162725,0.3086562045737802,0.7455785710159417,0.7862245294292396,-0.47319069770408806,0.5661460322961909,-0.18652985787427245,0.5159537729448991,-0.13674399052975195,0.5,36,6.777777777777778,0.0474628032,46.53216,0.011772765842855243,1,0.6735530051092498,-0.25359449913567367,0.04763805400421073,0
V11_ensw2,R_re500_mh5_h20_t3,3,20.0,500.0,5.0,,,False,0.4087994333505789,1.2579830781823613,1.3888553287080179,1.424637801255238,-0.1378429544459735,0.30009200372518063,0.08361518209012675,0.5843463564816642,0.42518273794414085,0.5483870967741935,62,11.806451612903226,0.025476084399999994,24.51222,0.057475863628709024,1,0.6736967563057603,0.0458132585971216,0.29000016257568273,0
V11_ensw2,R_re500_mh5_h20_sl8tr15_t3,3,20.0,500.0,5.0,0.08,0.15,False,0.36739102745351215,1.0909273830539035,1.2523673347115154,1.2909591549609476,-0.205412260466173,0.3900569571834023,-0.016305756115070458,0.9765912676989004,0.057845097883141294,0.5394736842105263,76,9.631578947368421,0.0322053396,31.14748,0.04350773379386695,1,1.0282915008216098,0.3961965231086402,-0.2616504283930199,0
V11_ensw2,NR_hold3_t1,1,3.0,,,,,True,1.310037181147801,1.3827197266027453,2.1997265894617866,1.7008222092255565,-0.2548322533573498,0.6833623873003798,0.3722756303545687,0.7500294462781631,0.36153121975755487,0.5679012345679012,81,3.0123456790123457,0.1311200004,128.54902,0.014254762335127975,1,0.26350320378121594,0.6300402326900427,0.15690657449493495,0
V11_ensw2,NR_hold3_sl8_t1,1,3.0,,,0.08,,True,0.7354487526226026,0.7827578796169143,1.522661057550474,1.239831931321585,-0.2548322533573498,0.6833623873003798,0.03094186119113429,0.7500294462781631,0.018701647225625617,0.5185185185185185,81,3.0123456790123457,0.1286083728,126.08664,0.013544299422783065,1,0.26350320378121594,0.6300402326900427,-0.13439911180736153,0
V11_ensw2,R_re400_mh3_t3,3,,400.0,3.0,,,False,0.25672468779369906,0.8737085144489101,0.9548657296924987,1.320267117797838,-0.25095424083156537,0.3101956826292842,-0.04081145705523803,0.750133556890239,0.07060887271840466,0.5301204819277109,83,8.819277108433734,0.0327994376,30.76538,0.06159733381305374,1,0.5348501527624352,0.10213714811280661,0.10764453168044175,0
V11_ensw2,R_re400_mh3_sl8_t3,3,,400.0,3.0,0.08,,False,0.192885136143089,0.4881480075867488,0.7537964995819608,0.9193480877209141,-0.16740463760566304,0.1753439575285578,0.014924293864933436,0.19410401109581144,0.2462465528619202,0.5196078431372549,102,7.176470588235294,0.0394919576,36.71038,0.04646938127387477,1,0.4811912962123377,-0.07416911922959368,0.08518382893871745,0
V11_ensw2,R_re400_mh3_tr12_t3,3,,400.0,3.0,,0.12,False,0.08916518663824458,0.09153753450553981,0.442047532625431,0.5016298061223009,-0.2526549619655466,0.16242325274469316,-0.06302185192310361,0.20026171575769447,-0.09058372838587081,0.4838709677419355,93,7.870967741935484,0.035233073600000005,31.98668,0.05381056828120336,1,0.4104242310090729,0.03966718306055372,-0.2556202021524894,0
V11_ensw2,R_re400_mh3_sl8tr15_t3,3,,400.0,3.0,0.08,0.15,False,0.192885136143089,0.4881480075867488,0.7537964995819608,0.9193480877209141,-0.16740463760566304,0.1753439575285578,0.014924293864933436,0.19410401109581144,0.2462465528619202,0.5196078431372549,102,7.176470588235294,0.0394919576,36.71038,0.04646938127387477,1,0.4811912962123377,-0.07416911922959368,0.08518382893871745,0
V11_ensw2,R_re400_mh2_tr12_t3,3,,400.0,2.0,,0.12,False,0.035247424709027975,-0.001584670201521976,0.26939769025582977,0.36895228332627716,-0.3597986413664864,0.3617061428169903,-0.2397424141985658,1.1684896600234906,-0.5395803133376884,0.5353535353535354,99,7.393939393939394,0.038991522,36.3696,0.04477022460788989,1,0.5902272126752501,0.047869963186482734,-0.4008374396552634,0
V11_ensw2,R_re400_mh2_sl8tr15_t3,3,,400.0,2.0,0.08,0.15,False,0.026965017879650777,-0.07551953191463612,0.24038659274988872,0.25818190861346435,-0.22192600577860144,0.12719634551296943,-0.08892091252097334,0.06869688050126643,-0.13494604040414093,0.4854368932038835,103,7.106796116504855,0.0384740952,34.37326,0.049589012958541415,1,0.14661906181950002,-0.13717182894485314,-0.06555387707359239,0
V11_ensw2,R_re400_mh2_h20_t3,3,20.0,400.0,2.0,,,False,0.3151083360764295,1.138912427646634,1.1036146604485908,1.5639969255022812,-0.22707605343724413,0.3671823815864894,-0.038088587310226685,1.184981714583345,-0.021084518295611976,0.5434782608695652,92,7.956521739130435,0.0372565812,35.52106,0.049959013678794975,1,0.43428546004562385,0.5943207247134972,-0.06463370502653887,0
V11_ensw2,R_re400_mh2_h20_sl8tr15_t3,3,20.0,400.0,2.0,0.08,0.15,False,0.07006216887263994,0.08824791726541603,0.381772165516059,0.48694298285176857,-0.22803785504131702,0.18036242668862745,-0.09344609360823408,0.25650873837262944,-0.13391138156757776,0.5046728971962616,107,6.841121495327103,0.0405242168,36.77734,0.04532839712759892,1,0.22973265183954084,0.009182186827367156,-0.12310506019620604,0
V11_ensw2,R_re400_mh3_h20_t3,3,20.0,400.0,3.0,,,False,0.09495318680134712,0.19157209296350342,0.4651453134409969,0.607340852030798,-0.2878568043834593,0.11988212148792377,-0.02226032026786484,0.041913210264594936,0.14363853075718525,0.5180722891566265,83,8.819277108433734,0.030812910400000004,27.33252,0.05800706596155545,1,-0.04388555804201999,0.18191242943470964,0.05444794622052762,0
V11_ensw2,R_re400_mh3_h20_sl8tr15_t3,3,20.0,400.0,3.0,0.08,0.15,False,0.2184585684940079,0.6404433683454089,0.8220201903929364,1.0562963571674264,-0.1739660760681887,0.20807677200373487,0.008593656240119207,0.31533040871156093,0.24717208503703292,0.5288461538461539,104,7.038461538461538,0.040621518800000006,38.04644,0.04384421760197555,1,0.48085915076369123,0.11423312288749177,-0.005805344372012078,0
V11_ensw2,R_re400_mh5_t3,3,,400.0,5.0,,,False,0.6293608706381197,3.0267888132877347,1.7342044778272157,2.161226168089953,-0.20069546051771414,0.32235184801688255,0.23216893679368056,0.7007878912386953,1.3676020002441334,0.5076923076923077,65,11.261538461538462,0.028255421200000002,27.41256,0.04639209137916726,1,0.8910356464100369,0.20564125792555754,0.7662047017109221,0
V11_ensw2,R_re400_mh5_sl8_t3,3,,400.0,5.0,0.08,,False,0.24896034857256355,0.660180619392845,0.8954173427669473,0.993450606049539,-0.26735123302730435,0.26272126629906967,-0.010897826855199688,0.38828931099569464,0.19584628812142046,0.47674418604651164,86,8.511627906976743,0.0347464348,33.14724,0.03990813316543113,1,0.9270092278163689,0.1631941434059816,-0.25933923660013225,0
V20_ensw2,H_hold10_tr20_t1,1,10.0,,,,0.2,False,2.152900136316257,2.244614180965976,2.4907435035210934,1.487572647416876,-0.3422915556829875,1.541159707462454,0.24073277529835924,1.379982622424194,0.3632932234022319,0.56,25,9.76,0.0505378992,49.54696,0.014815957736913197,1,0.09878467806768265,1.7686767052392094,0.06654263363337853,0
V20_ensw2,H_hold10_sl8tr15_t1,1,10.0,,,0.08,0.15,False,2.457003018622246,2.5522791685466104,2.594016587095512,1.5297391289099227,-0.334595642855826,1.541159707462454,0.3604036804417663,1.379982622424194,0.4925651704668095,0.48148148148148145,27,9.037037037037036,0.05476783920000001,53.69396,0.014497533022171456,1,0.08866011829415488,1.3579213857044032,0.38383864415219193,0
V20_ensw2,H_hold15_t1,1,15.0,,,,,False,-0.12056981860165616,-0.11023337721835591,-0.07307535556695438,-0.098918387849122,-0.5888012428118534,0.4203932279557683,-0.3808544253171211,0.3981164787359237,-0.36359621225113714,0.5294117647058824,17,14.352941176470589,0.020804797200000003,20.39686,0.017758781515640105,1,0.35728881624026965,0.038659049701572856,-0.36885255232509684,0
V20_ensw2,H_hold15_sl8_t1,1,15.0,,,0.08,,False,0.7878738326629389,0.8431270878975092,1.6179305924434524,1.809019452365014,-0.23634974581127055,0.6549482297313418,0.08032009735626411,0.6174739775410711,0.1395095769636321,0.6111111111111112,18,13.555555555555555,0.027333246,26.7973,0.013302663058238733,1,0.5332550410624777,0.09898378378650086,0.09382941073722839,0
V20_ensw2,H_hold7_tr20_t1,1,7.0,,,,0.2,False,0.21799823186356537,0.25350246359875994,0.6786362272611399,0.7281465522668402,-0.40093962542433204,0.5661460322961909,-0.22229587359883196,0.5159537729448991,-0.17312619555430098,0.5428571428571428,35,6.9714285714285715,0.048894617999999994,47.9359,0.011747170452081398,1,0.6386163521309145,-0.11471459971729803,-0.13589880591206904,0
V20_ensw2,H_hold7_sl8tr15_t1,1,7.0,,,0.08,0.15,False,0.30710049082662527,0.34756902655378097,0.8287144711156987,0.8493405612596355,-0.34225980098198705,0.7727617986676081,-0.26267562184099946,0.7894765917480782,-0.24694794401451925,0.5405405405405406,37,6.594594594594595,0.053453773200000006,52.40566,0.010591914821750259,1,0.6735530051092498,0.00608371798965579,-0.19965464693416812,0
V20_ensw2,H_hold10_t1,1,10.0,,,,,False,2.152900136316257,2.244614180965976,2.4907435035210934,1.487572647416876,-0.3422915556829875,1.541159707462454,0.24073277529835924,1.379982622424194,0.3632932234022319,0.56,25,9.76,0.0505378992,49.54696,0.014815957736913197,1,0.09878467806768265,1.7686767052392094,0.06654263363337853,0
V20_ensw2,H_hold10_sl8_t1,1,10.0,,,0.08,,False,1.425665642759515,1.492029628297212,1.9984439074843583,1.2395733962471023,-0.25436317411193055,1.541159707462454,-0.045449353050803776,1.379982622424194,0.047078917643058604,0.48,25,9.76,0.0484903308,47.53954,0.01434124529262267,1,0.09878467806768265,1.7686767052392094,-0.1808407118330383,0
V20_ensw2,H_hold10_sl5_t1,1,10.0,,,0.05,,False,-0.14556291733140458,-0.12355268234056183,-0.19434541748986686,-0.09393342015711975,-0.3470719537695248,0.03437203480220008,-0.17395573940474296,0.03537318048358973,-0.1534962135584027,0.41379310344827586,29,8.379310344827585,0.028943377200000005,28.37586,0.023285806005418727,2,0.16622315447915637,-0.16085198486532737,-0.10441752869895327,0
V20_ensw2,H_hold10_sl10_t1,1,10.0,,,0.1,,False,1.944666132466311,2.0266436135112476,2.352086155563313,1.4159294681841548,-0.3857250399447337,1.541159707462454,0.15878829804317607,1.379982622424194,0.27170828265476143,0.5384615384615384,26,9.384615384615385,0.052336567199999996,51.31036,0.015111476752379397,1,0.09878467806768265,1.7686767052392094,-0.005106841497287351,0
V20_ensw2,H_hold10_tr12_t1,1,10.0,,,,0.12,False,1.944666132466311,2.0266436135112476,2.352086155563313,1.4159294681841548,-0.3857250399447337,1.541159707462454,0.15878829804317607,1.379982622424194,0.27170828265476143,0.5384615384615384,26,9.384615384615385,0.052336567199999996,51.31036,0.015111476752379397,1,0.09878467806768265,1.7686767052392094,-0.005106841497287351,0
V20_ensw2,H_hold10_tr15_t1,1,10.0,,,,0.15,False,1.37407686100835,1.4407384170988453,2.003493871164877,1.2197085955371625,-0.330481811609563,1.541159707462454,-0.06575062793709585,1.379982622424194,0.025527831212803997,0.52,25,9.76,0.0495688992,48.59696,0.014840284296038586,1,0.09878467806768265,1.7686767052392094,-0.19770073290878476,0
V20_ensw2,H_hold15_sl5_t1,1,15.0,,,0.05,,False,0.16314501101293177,0.1910645495529424,0.5843142615002571,0.6597763376837636,-0.2607468460595912,0.2647931635315428,-0.08036741140724568,0.17165638467134525,0.01656472421053823,0.45454545454545453,22,11.090909090909092,0.028316709600000003,27.76148,0.016552529308318905,1,0.35867237923362505,0.033711618553241784,-0.15195059378598585,0
V20_ensw2,H_hold15_sl10_t1,1,15.0,,,0.1,,False,0.2836218969945228,0.31740921148975465,0.7789160968331554,1.009134185790148,-0.32661388903837374,0.4203932279557683,-0.09629117364779871,0.31832854120243725,-0.0006973449212013261,0.6111111111111112,18,13.555555555555555,0.024901158000000007,24.4129,0.011578411415859677,1,0.5332550410624777,-0.013520873385072463,-0.12899952013802163,0
V20_ensw2,H_hold15_tr12_t1,1,15.0,,,,0.12,False,0.729266286271588,0.7835341444925839,1.4091814356486598,1.9354623751632816,-0.3294418878752805,0.5190624104194259,0.1383773796325618,0.40363292359305447,0.2706556782146776,0.7368421052631579,19,12.842105263157896,0.026920615199999998,26.39276,0.013731137753500034,1,0.5332550410624777,-0.07837653314219695,0.2621573547291751,0
V20_ensw2,H_hold15_tr15_t1,1,15.0,,,,0.15,False,0.38160009988671373,0.42002406636537737,0.9454513331703455,1.2820883273048018,-0.3078315264259488,0.4203932279557683,-0.027311541132088557,0.31832854120243725,0.07713974323136807,0.6470588235294118,17,14.352941176470589,0.0237293412,23.26406,0.01108405784920874,1,0.35728881624026965,0.03583128776553712,0.010030315863010841,0
V20_ensw2,H_hold15_tr20_t1,1,15.0,,,,0.2,False,-0.12056981860165616,-0.11023337721835591,-0.07307535556695438,-0.098918387849122,-0.5888012428118534,0.4203932279557683,-0.3808544253171211,0.3981164787359237,-0.36359621225113714,0.5294117647058824,17,14.352941176470589,0.020804797200000003,20.39686,0.017758781515640105,1,0.35728881624026965,0.038659049701572856,-0.36885255232509684,0
V20_ensw2,H_hold15_sl8tr15_t1,1,15.0,,,0.08,0.15,False,0.7878738326629389,0.8431270878975092,1.6179305924434524,1.809019452365014,-0.23634974581127055,0.6549482297313418,0.08032009735626411,0.6174739775410711,0.1395095769636321,0.6111111111111112,18,13.555555555555555,0.027333246,26.7973,0.013302663058238733,1,0.5332550410624777,0.09898378378650086,0.09382941073722839,0
V20_ensw2,H_hold20_t1,1,20.0,,,,,False,3.132567172251176,3.2616586314455667,2.6658188198495463,1.5860284078032316,-0.3017438229838967,2.0236745447375393,0.36673676717078596,1.7185642128389857,0.5676137467413849,0.6153846153846154,13,18.76923076923077,0.030957510000000008,30.3505,0.014587503320179683,1,0.2778193427955158,1.671662879253578,0.248324644824931,0
V20_ensw2,H_hold20_sl8_t1,1,20.0,,,0.08,,False,2.6517816409168975,2.7715814130379104,2.6719352969192607,1.4756100146187046,-0.24790684994496326,2.0236745447375393,0.20772972979930193,1.8141070601175784,0.34024091211381524,0.6666666666666666,15,16.266666666666666,0.034650522,33.9711,0.014586903748485333,1,0.3225896145681566,1.1667266611784974,0.31611625003217325,0
V20_ensw2,H_hold20_sl5_t1,1,20.0,,,0.05,,False,0.14130981707620016,0.1719606825049007,0.5227853410122625,0.5859675357740539,-0.3449142490078667,0.47881067449443715,-0.2282245207173791,0.37324320791380305,-0.1465745646866775,0.5,18,13.555555555555555,0.0224808816,22.04008,0.016192994285454655,1,0.3505246330262042,-0.1867475525478538,0.0670509409369846,0
V20_ensw2,H_hold20_sl10_t1,1,20.0,,,0.1,,False,2.6517816409168975,2.7715814130379104,2.6719352969192607,1.4756100146187046,-0.24790684994496326,2.0236745447375393,0.20772972979930193,1.8141070601175784,0.34024091211381524,0.6666666666666666,15,16.266666666666666,0.034650522,33.9711,0.014586903748485333,1,0.3225896145681566,1.1667266611784974,0.31611625003217325,0
V20_ensw2,H_hold20_tr12_t1,1,20.0,,,,0.12,False,2.2508140776060612,2.3556274196599736,2.455532677152917,1.3769371870034777,-0.3334368234179884,2.0236745447375393,0.07512036414892731,1.8431853179849762,0.18023520958464134,0.5,14,17.428571428571427,0.034111900800000004,33.44304,0.01483336005810247,1,0.2778193427955158,1.528264210039243,0.038680120596125134,0
V20_ensw2,H_hold20_tr15_t1,1,20.0,,,,0.15,False,1.9077645921098485,1.9989300736320774,2.253429163421508,1.2843028888896675,-0.3141945821863541,2.0236745447375393,-0.038334136466315116,1.8141070601175784,0.06567732128385217,0.5,14,17.428571428571427,0.030752082,30.1491,0.014377242587578831,1,0.2778193427955158,1.3454375149377076,0.0006288358899722013,0
V20_ensw2,H_hold20_tr20_t1,1,20.0,,,,0.2,False,2.2221758534601026,2.321021578310933,2.350316627185269,1.3776276093475066,-0.3017438229838967,2.0236745447375393,0.06564903258786403,1.7185642128389857,0.2216086574768832,0.5384615384615384,13,18.76923076923077,0.030103912800000007,29.51364,0.014519760153441688,1,0.2778193427955158,1.671662879253578,-0.02720667216025008,0
V20_ensw2,H_hold20_sl8tr15_t1,1,20.0,,,0.08,0.15,False,2.6517816409168975,2.7715814130379104,2.6719352969192607,1.4756100146187046,-0.24790684994496326,2.0236745447375393,0.20772972979930193,1.8141070601175784,0.34024091211381524,0.6666666666666666,15,16.266666666666666,0.034650522,33.9711,0.014586903748485333,1,0.3225896145681566,1.1667266611784974,0.31611625003217325,0
V20_ensw2,H_hold25_t1,1,25.0,,,,,False,1.896988781044913,1.9822771432427242,2.184516569232474,1.277750170888549,-0.42018855401041266,1.5808086420163212,0.12251204288496464,1.4306813992048748,0.22693049949626776,0.5,10,24.4,0.021908947199999997,21.47936,0.01411812747276831,1,0.04449073034126827,3.0810236045271235,-0.30036052820989945,0
V20_ensw2,H_hold25_sl8_t1,1,25.0,,,0.08,,False,1.1080680887391945,1.1628925521074192,1.6577098448479233,1.0142920680480503,-0.37419198433586287,1.5808086420163212,-0.18317536045903227,1.4306813992048748,-0.110170278665503,0.5,12,20.333333333333332,0.0210019836,20.59018,0.014299154332403087,1,0.05559231485235605,1.1960530511595917,-0.06696937678870707,0
V20_ensw2,H_hold25_sl5_t1,1,25.0,,,0.05,,False,-0.21600825023589365,-0.2042162977851062,-0.36637842964297496,-0.5107064345229708,-0.45907544905197417,0.12164878717545213,-0.30103633264886576,0.03404357159078675,-0.23041569612908186,0.35294117647058826,17,14.352941176470589,0.017115314399999998,16.77972,0.0164266534936762,1,0.2260576771387166,-0.1302843808879769,-0.25371129302592854,0
V20_ensw2,H_hold25_sl10_t1,1,25.0,,,0.1,,False,0.8513606048311702,0.9069739872426574,1.4580261487820299,0.9079159410600014,-0.39257335692231843,1.5808086420163212,-0.282643209306386,1.4306813992048748,-0.21545703691711005,0.4166666666666667,12,20.333333333333332,0.0195884472,19.20436,0.016178190656360048,1,0.05559231485235605,0.7758274062664969,0.01729707331924124,0
V20_ensw2,H_hold25_tr12_t1,1,25.0,,,,0.12,False,1.0567187443922275,1.124998998575593,1.8261036376684199,1.580759492267789,-0.20734166912142715,0.5013045316955032,0.369954396973321,0.38550116799748513,0.5337403155328486,0.5833333333333334,12,20.333333333333332,0.017575314,17.2307,0.015736754113210277,1,0.31636807580430304,0.01360710925837405,0.5926184420162997,0
V20_ensw2,H_hold25_tr15_t1,1,25.0,,,,0.15,False,-0.14450849295148005,-0.12072708055869918,-0.1275740335774728,-0.023865056268864947,-0.5242606427819507,0.4518152187425597,-0.41074353264496355,0.4884467191748685,-0.4092681262190344,0.4166666666666667,12,20.333333333333332,0.013463408400000001,13.19942,0.019837240491066374,1,0.195688702462399,-0.08711727668249747,-0.19445355783975726,0
V20_ensw2,H_hold25_tr20_t1,1,25.0,,,,0.2,False,1.777395004117773,1.8587019127209388,2.065874265662098,1.2409439019174202,-0.42018855401041266,1.5808086420163212,0.07617238988624231,1.4306813992048748,0.17609075120090933,0.5454545454545454,11,22.181818181818183,0.024439995600000004,23.96078,0.014089528849641809,1,0.04449073034126827,3.0810236045271235,-0.32935116350497906,0
V20_ensw2,H_hold25_sl8tr15_t1,1,25.0,,,0.08,0.15,False,0.3604973154427198,0.4016417882595533,0.8556966731882037,0.9401803272614889,-0.37332826515971085,0.974832434296413,-0.31108214964707437,0.6858911167056765,-0.16860479637710024,0.5,14,17.428571428571427,0.019703360399999998,19.31702,0.01836597877820962,1,0.5801098505979201,-0.05030458295458595,-0.06596013107304055,0
V20_ensw2,H_hold30_t1,1,30.0,,,,,False,0.12664146565417544,0.1503199855504913,0.4949836120873727,0.5781778625360667,-0.4559639510279797,0.4124423389041554,-0.20234516155308602,0.476325522648686,-0.2208222591134955,0.6666666666666666,9,27.11111111111111,0.0109245876,10.71038,0.017150386848742295,1,0.4488614606488037,-0.1998725065581599,-0.007723716879171061,0
V20_ensw2,H_hold30_sl8_t1,1,30.0,,,0.08,,False,0.1614775902457266,0.1919034779846025,0.5544540301390478,0.609139512692668,-0.47097861402686503,0.4124423389041554,-0.17768141165545903,0.31002019243743484,-0.09016404108478926,0.4166666666666667,12,20.333333333333332,0.014344525200000001,14.06326,0.012629766910007103,1,0.4275028414263289,-0.22303313245993595,0.07463654692035582,0
V20_ensw2,H_hold30_sl5_t1,1,30.0,,,0.05,,False,2.663086648890126,2.7731997111625213,2.432669998305788,1.5000902426567695,-0.3837838817921232,2.0654372777403953,0.1949638231026778,1.911801716823796,0.2958298943783648,0.5833333333333334,12,20.333333333333332,0.028491639600000004,27.93298,0.009382507973409655,1,0.25521669764205623,1.3513216402920993,0.2784361535340256,0
V20_ensw2,H_hold30_sl10_t1,1,30.0,,,0.1,,False,-0.0036001849413824782,0.02310927270472285,0.23531536307813933,0.23357824955622905,-0.46108926914926107,0.4124423389041554,-0.29455540405870617,0.31002019243743484,-0.21901259338520807,0.45454545454545453,11,22.181818181818183,0.0132214644,12.96222,0.012167408811817822,1,0.4488614606488037,-0.05716610761726015,-0.25103767065187943,0
V20_ensw2,H_hold30_tr12_t1,1,30.0,,,,0.12,False,0.14232966549131554,0.17355888542151798,0.5345926105040811,0.6557593331203282,-0.27288795705680724,0.14273940086733483,-0.0003585553939127184,0.13397137595319109,0.034910501541584704,0.5,10,24.4,0.0120363264,11.80032,0.017622938209861373,1,0.262959878028844,0.1153822645507534,-0.16691062164237203,0
V20_ensw2,H_hold30_tr15_t1,1,30.0,,,,0.15,False,-0.014236416647266492,0.013210243371358343,0.1722884910856024,0.22289191987225698,-0.3724824128388343,0.14273940086733483,-0.1373679925584571,0.13397137595319109,-0.10649398665845844,0.5,10,24.4,0.011675368799999999,11.44644,0.017536695703485372,1,0.262959878028844,0.1153822645507534,-0.280739379777569,0
V20_ensw2,H_hold30_tr20_t1,1,30.0,,,,0.2,False,0.17296968428348047,0.20183416602446314,0.574609359494904,0.7336500995855596,-0.3759414810436046,0.7684086876665646,-0.336708933594288,0.5950767025947057,-0.2465351891420371,0.6666666666666666,9,27.11111111111111,0.0114140244,11.19022,0.013826666807139227,1,0.241598905982904,0.05493836393956242,-0.08243648030051598,0
V20_ensw2,H_hold30_sl8tr15_t1,1,30.0,,,0.08,0.15,False,0.14232966549131554,0.17355888542151798,0.5345926105040811,0.6557593331203282,-0.27288795705680724,0.14273940086733483,-0.0003585553939127184,0.13397137595319109,0.034910501541584704,0.5,10,24.4,0.0120363264,11.80032,0.017622938209861373,1,0.262959878028844,0.1153822645507534,-0.16691062164237203,0
V20_ensw2,H_hold40_t1,1,40.0,,,,,False,0.4322514380875795,0.47859733684887074,0.9952094663020775,1.9489897696878136,-0.30561743260337404,0.25426116898271345,0.1419084585463395,0.3637768272436184,0.08419303460179806,0.7142857142857143,7,34.857142857142854,0.0087509268,8.57934,0.01923426413592001,1,0.15062128533890062,0.18525256278562185,0.08419303460179806,0
V20_ensw2,H_hold40_sl8_t1,1,40.0,,,0.08,,False,0.3527411139034313,0.39500443261291807,0.9036043675522433,1.2108900844738986,-0.2791258766772632,0.25426116898271345,0.07851629896235202,0.1673365017947417,0.19503196419211122,0.42857142857142855,7,34.857142857142854,0.0077674632,7.61516,0.020921164037273687,1,0.15062128533890062,0.014527122580491714,0.19503196419211122,0
V20_ensw2,H_hold40_sl5_t1,1,40.0,,,0.05,,False,-0.22868527345235568,-0.21256426946388907,-0.41237192233050457,-0.7182517175189395,-0.48063659433948736,0.25426116898271345,-0.38504456199243553,0.1673365017947417,-0.32544238158795313,0.25,12,20.333333333333332,0.0118794504,11.64652,0.023559554137766718,1,0.1673365017947417,-0.24059493593218595,-0.11172883836364633,0
V20_ensw2,H_hold40_sl10_t1,1,40.0,,,0.1,,False,0.3527411139034313,0.39500443261291807,0.9036043675522433,1.2108900844738986,-0.2791258766772632,0.25426116898271345,0.07851629896235202,0.1673365017947417,0.19503196419211122,0.42857142857142855,7,34.857142857142854,0.0077674632,7.61516,0.020921164037273687,1,0.15062128533890062,0.014527122580491714,0.19503196419211122,0
V20_ensw2,H_hold40_tr12_t1,1,40.0,,,,0.12,False,0.6840328983412103,0.7254145134166528,1.282253759622126,1.321987215517404,-0.45125794816154585,0.5316895825258077,0.09946095968360824,0.4258615611593042,0.2100855794259544,0.6,10,24.4,0.013749824400000003,13.48022,0.024956905325548933,1,0.5753916562788046,-0.11337742891984004,0.23528202731492565,0
V20_ensw2,H_hold40_tr15_t1,1,40.0,,,,0.15,False,0.2952169530800455,0.327472474939249,0.7655032968739377,0.9330132162108649,-0.3347107884269107,0.3450936817243162,-0.037080486899866205,0.2673956925989982,0.04740175676079006,0.4444444444444444,9,27.11111111111111,0.0105652008,10.35804,0.01814807279753462,1,0.3190740495248361,-0.13142214013165465,0.1586375341101598,0
V11_ensw2,R_re500_mh5_t3,3,,500.0,5.0,,,False,0.3583901584328242,1.183785067648163,1.2124262453507675,1.4039094281491444,-0.22668501066937563,0.21181857995517572,0.12095175045349693,0.4152347475141944,0.543055010120334,0.6071428571428571,56,13.071428571428571,0.0230629196,22.18748,0.05381587209685158,1,0.9945164123738768,-0.2744950700585772,0.5091482685068793,0
V11_ensw2,R_re500_mh5_sl8_t3,3,,500.0,5.0,0.08,,False,0.20984120833109055,0.42019333958506433,0.8405833399910481,0.815572221665879,-0.22107444491416728,0.24473993500243107,-0.028036962332434023,0.10680116991539901,0.28315128153832747,0.5362318840579711,69,10.608695652173912,0.027317434400000003,25.89122,0.04090773903625973,1,0.8046763476775205,-0.20075673030398133,-0.015378856914403105,0
V11_ensw2,R_re500_mh5_tr12_t3,3,,500.0,5.0,,0.12,False,0.36260903601573635,1.2319987769713365,1.2128001266446664,1.362522930552906,-0.26094633029866,0.2619006548282672,0.0798069014404108,0.40106157268310105,0.5930768643500453,0.5606060606060606,66,11.090909090909092,0.027324332399999998,26.28612,0.04830304747727469,1,1.0421446587515155,-0.02230994597629543,0.11790848454905611,0
V11_ensw2,R_re500_mh5_sl8tr15_t3,3,,500.0,5.0,0.08,0.15,False,0.20984120833109055,0.42019333958506433,0.8405833399910481,0.815572221665879,-0.22107444491416728,0.24473993500243107,-0.028036962332434023,0.10680116991539901,0.28315128153832747,0.5362318840579711,69,10.608695652173912,0.027317434400000003,25.89122,0.04090773903625973,1,0.8046763476775205,-0.20075673030398133,-0.015378856914403105,0
V20_ensw2,H_hold40_tr20_t1,1,40.0,,,,0.2,False,-0.01383905002654362,0.008485296573734535,0.16570810210822812,0.20667837405569442,-0.3668976023374202,0.36076394176974413,-0.27528874060926123,0.3205485522549907,-0.23631335262029685,0.5714285714285714,7,34.857142857142854,0.0080883756,7.92978,0.013656834028356674,1,0.19251646708482406,0.10736294944685221,-0.23631335262029685,0
V20_ensw2,H_hold40_sl8tr15_t1,1,40.0,,,0.08,0.15,False,0.29119805505601204,0.3261279005520039,0.7597186280926257,0.943416989459733,-0.33549611218306064,0.3450936817243162,-0.04006830706335174,0.2673956925989982,0.04634086126059467,0.4,10,24.4,0.011701460399999999,11.47202,0.01917448853695958,1,0.3190740495248361,-0.13142214013165465,0.15746396977502242,0
V20_ensw2,H_hold60_t1,1,60.0,,,,,False,0.43852358035536243,0.4663961682051778,0.9587304781467275,0.8223346239327483,-0.3902963295750156,-0.08585109154466708,0.5736206290352432,0.6145765553220939,-0.09177662504046169,0.4,5,48.8,0.005866835999999999,5.7518,0.02424556730708562,1,-0.07546106210019343,-0.0063905564138896365,0.5962848797130271,0
V20_ensw2,H_hold60_sl8_t1,1,60.0,,,0.08,,False,-0.13615504155054758,-0.1174134100501878,-0.10714385623953142,-0.7039716209329135,-0.4418109732176815,-0.02498279748702048,-0.11402080268634762,-0.2015887823910617,0.10542859429375273,0.5,6,40.666666666666664,0.0053675868,5.26234,0.014379610650741783,1,-0.09501174210074881,-0.11776621338459137,0.10542859429375273,0
V11_ensw2,R_re500_mh3_tr12_t3,3,,500.0,3.0,,0.12,False,0.22140703894681812,0.5706228314430717,0.829057911722597,0.968267560653844,-0.22933166248844605,0.09193656136211525,0.11856959659194777,-0.0724981352812667,0.6933904838233018,0.5454545454545454,77,9.506493506493506,0.029047228799999998,26.24344,0.06236112283081768,1,0.4331249637074719,-0.11140908086378609,0.23334896735751443,0
V11_ensw2,R_re500_mh3_sl8tr15_t3,3,,500.0,3.0,0.08,0.15,False,0.36139030260661653,1.2524867803912683,1.2595738384183013,1.5645290916526637,-0.1568904679759111,0.21804875593047868,0.11768128819000889,0.389728724858287,0.6208104071684624,0.5769230769230769,78,9.384615384615385,0.0311372044,29.55372,0.04605485470435214,1,0.75496888323427,0.01887461977353677,0.2597143777772617,0
V11_ensw2,R_re500_mh3_h20_t3,3,20.0,500.0,3.0,,,False,0.08695936349329658,0.12253554190713545,0.442394282182106,0.5167027837220671,-0.23167878659577212,-0.08961763807028822,0.193959163696118,-0.49135309166980545,1.2069052687103476,0.5074626865671642,67,10.925373134328359,0.024348288000000003,21.0544,0.06488753153061505,1,-0.05135987588677293,-0.006586372199459123,0.1911556014275253,0
V11_ensw2,R_re500_mh3_h20_sl8tr15_t3,3,20.0,500.0,3.0,0.08,0.15,False,0.20417607428357964,0.6119082686145725,0.8134326306883346,1.0546076287949444,-0.1627509056360914,0.13415244074379884,0.06174093624826771,0.009757614559958494,0.596331877444692,0.5316455696202531,79,9.265822784810126,0.0303353224,27.95062,0.04732424524897117,1,0.3660291765107875,0.08457195285516605,0.08798267161162854,0
V11_ensw2,R_re500_mh2_h20_t3,3,20.0,500.0,2.0,,,False,0.17812233151486678,0.4764508845284736,0.7409599506079245,0.8847691465354921,-0.18831972888342574,0.18229487606243766,-0.00352919109441463,0.13331685533228232,0.3027697219729302,0.5540540540540541,74,9.878378378378379,0.028143761600000008,25.66108,0.05482023380082398,1,0.11675302729770842,0.4494624042573403,-0.08787384188258851,0
V11_ensw2,R_re500_mh2_h20_sl8tr15_t3,3,20.0,500.0,2.0,0.08,0.15,False,0.08972918796132112,0.19891796308126652,0.44495631025012417,0.6107766193336074,-0.1901678158630894,0.04221487856834316,0.045589743890671386,-0.21782854205987978,0.5328070986362314,0.5172413793103449,87,8.402298850574713,0.03245178480000001,28.94574,0.05064304968161474,1,0.2213531725255553,-0.10545485988577108,0.09735195499872251,0
V11_ensw2,R_re500_mh3_t3,3,,500.0,3.0,,,False,0.0715593028288144,0.1497019680362912,0.39422337469326446,0.5393301304813279,-0.24703115965470823,-0.00814767122836313,0.08036173505373623,-0.3428235900181671,0.7494571481469843,0.5166666666666667,60,12.2,0.0217942832,18.83516,0.06576382213369435,1,0.15940835012551635,-0.41034021777626983,0.6816954269715485,0
V11_ensw2,R_re500_mh3_sl8_t3,3,,500.0,3.0,0.08,,False,0.2948038559656254,0.9420634713023135,1.0756857051447397,1.3462595918823796,-0.1509280768321235,0.21804875593047868,0.06301480105901969,0.389728724858287,0.3974406922475817,0.5641025641025641,78,9.384615384615385,0.0310034084,29.39742,0.04830157412922864,1,0.75496888323427,0.01887461977353677,0.08610860612046878,0
V20_ensw2,H_hold60_sl5_t1,1,60.0,,,0.05,,False,0.31924101562081764,0.349773056981608,0.8260011786906277,0.7473668289844934,-0.39003168821993084,-0.06525671328380023,0.41134045504127337,-0.0643906851795758,0.44266739930937526,0.375,8,30.5,0.007879132799999999,7.72464,0.017133250293380076,1,-0.08477020366743615,0.022267105561383005,0.44266739930937526,0
V20_ensw2,H_hold60_sl10_t1,1,60.0,,,0.1,,False,-0.3114231979891834,-0.3076107850048835,-0.7218794794659575,-1.6112127813682682,-0.5540380507209539,-0.1617712137410171,-0.17853357782672186,-0.19923337516905582,-0.13534206655866565,0.42857142857142855,7,34.857142857142854,0.005601778799999999,5.49194,0.02272376004844744,1,-0.1061428105096579,-0.20526781370369773,-0.025321570741984822,0
V20_ensw2,H_hold60_tr12_t1,1,60.0,,,,0.12,False,0.6981594591492699,0.739892568023264,1.2897387370807896,1.3525722513311407,-0.45125794816154585,0.5316895825258077,0.10868382113623043,0.4258615611593042,0.22023947865502125,0.5555555555555556,9,27.11111111111111,0.0120010344,11.76572,0.024847351762202183,1,0.5753916562788046,-0.11337742891984004,0.24564735141934424,0
V20_ensw2,H_hold60_tr15_t1,1,60.0,,,,0.15,False,0.04706586641937949,0.06543567642763759,0.3484521119908681,0.35841044159089475,-0.4617818590047299,0.3450936817243162,-0.22156658629374015,0.18686249080246742,-0.1023090840900448,0.4444444444444444,9,27.11111111111111,0.0096879804,9.49802,0.02151652746014585,1,0.3190740495248361,-0.27644640371674345,0.11631652134181225,0
V11_ensw2,R_re500_mh2_t3,3,,500.0,2.0,,,False,0.20568823169395278,0.6856023248719496,0.8420638888945677,1.2504280088109931,-0.22685759165245023,0.17693836792866469,0.024427671447134758,0.20973890898578929,0.3933604287268151,0.5694444444444444,72,10.152777777777779,0.027630437600000005,25.42188,0.05612329402870975,1,0.5452483803734016,-0.2655018814592671,0.48513569659739963,0
V11_ensw2,R_re500_mh2_sl8_t3,3,,500.0,2.0,0.08,,False,0.035449244546762015,0.026479758105074414,0.26990095643542034,0.3744841566148052,-0.28336825641829544,0.09571772398697753,-0.05500365479251035,-0.053523006311573806,0.08452689811812242,0.5487804878048781,82,8.914634146341463,0.030390672799999997,26.90514,0.05093887740960488,1,0.4851446807030544,-0.4777154479312854,0.32334915658329555,0
V11_ensw2,R_re500_mh2_tr12_t3,3,,500.0,2.0,,0.12,False,0.14061854540082708,0.4088970231217681,0.6043371241030437,0.8536936904541459,-0.2702125560452242,0.0707346965452551,0.06526719371386203,-0.024271906462809745,0.44394430421108666,0.6265060240963856,83,8.80722891566265,0.030647175999999998,27.0138,0.058490134857730754,1,0.48397067077450573,-0.4079187110060837,0.6035134135393658,0
V11_ensw2,R_re500_mh2_sl8tr15_t3,3,,500.0,2.0,0.08,0.15,False,0.035449244546762015,0.026479758105074414,0.26990095643542034,0.3744841566148052,-0.28336825641829544,0.09571772398697753,-0.05500365479251035,-0.053523006311573806,0.08452689811812242,0.5487804878048781,82,8.914634146341463,0.030390672799999997,26.90514,0.05093887740960488,1,0.4851446807030544,-0.4777154479312854,0.32334915658329555,0
V20_ensw2,H_hold10_sl5_t2,2,10.0,,,0.05,,False,0.16992657755330987,0.33733333165184454,0.6259936931910297,0.7530603857289886,-0.28797610361189385,0.09731313188302759,0.06617386009559034,0.1639407301830782,0.1489703014701549,0.5081967213114754,61,7.983606557377049,0.0329117892,32.26646,0.031437046901867646,1,0.5953174867579696,-0.27148139594435017,0.15067293105625112,0
V20_ensw2,H_hold10_sl10_t2,2,10.0,,,0.1,,False,1.4919776919938412,3.8815840495803062,2.5630564534530023,1.610158621338743,-0.30211221364243346,0.8943996141575228,0.31544457324125386,1.8362377576774365,0.7211476845924869,0.5,52,9.384615384615385,0.04593290520000001,45.03226,0.02574972083003221,1,0.47318103405177414,2.4703864936612554,-0.04516834661897928,0
V20_ensw2,H_hold10_tr12_t2,2,10.0,,,,0.12,False,1.6440124123013624,4.9917690537773,2.6046843259972525,1.7582607186691812,-0.31240123794130636,0.9571980368470554,0.3509171593901299,1.7554866144131505,1.174486721305811,0.5490196078431373,51,9.568627450980392,0.046092902399999996,45.18912,0.020063758044487966,1,0.2700682464930242,3.337109008407417,0.08774643756765976,0
V20_ensw2,H_hold10_tr15_t2,2,10.0,,,,0.15,False,1.577785472408351,4.598920330175156,2.5667889089342073,1.7107979997421774,-0.2961263213850376,0.9571980368470554,0.3170795309814587,1.7554866144131505,1.0319170853122022,0.52,50,9.76,0.0449694132,44.08766,0.020756151221619393,1,0.2818799053036982,4.048193745907903,-0.13479118863362471,0
V20_ensw2,H_hold5_sl5_t2,2,5.0,,,0.05,,False,0.0707596745120167,0.12210750211427857,0.3753871508493456,0.4944716849820541,-0.30012690659388386,0.23656460632608067,-0.13408513470774652,0.42237368291149435,-0.21110217687843713,0.49038461538461536,104,4.6826923076923075,0.05760139919999999,56.47196,0.031722137690902784,1,0.2809690114622123,0.12389149890278528,-0.22058016073499997,0
V20_ensw2,H_hold5_sl10_t2,2,5.0,,,0.1,,False,0.5720058740081158,1.2443019983844117,1.5471890570447309,1.3514595018441535,-0.29766821593798143,0.5313109052064078,0.02657524913023579,1.1903760764418951,0.024619480883900646,0.5102040816326531,98,4.969387755102041,0.06473022,63.461,0.030839796339027226,1,0.02838288450980264,2.118491411209761,-0.30018716431658,0
V20_ensw2,H_hold5_tr12_t2,2,5.0,,,,0.12,False,0.5720058740081158,1.2443019983844117,1.5471890570447309,1.3514595018441535,-0.29766821593798143,0.5313109052064078,0.02657524913023579,1.1903760764418951,0.024619480883900646,0.5102040816326531,98,4.969387755102041,0.06473022,63.461,0.030839796339027226,1,0.02838288450980264,2.118491411209761,-0.30018716431658,0
V20_ensw2,H_hold5_tr15_t2,2,5.0,,,,0.15,False,0.6979375983387903,1.654945957941262,1.7539336188501236,1.555180291382009,-0.27455276756617364,0.5313109052064078,0.10881310422714052,1.1903760764418951,0.21209594393216036,0.5408163265306123,98,4.979591836734694,0.06536135520000001,64.07976,0.02733499002486,1,0.02838288450980264,2.118491411209761,-0.17214115535672625,0
V20_ensw2,H_hold60_tr20_t1,1,60.0,,,,0.2,False,2.1767302143145915,2.2848139582105005,2.1411719087173346,2.4010977312081847,-0.23780814259198857,1.045835911628381,0.5527785959070759,0.8486334619986038,0.7768876447033506,1.0,6,40.666666666666664,0.010850515199999999,10.63776,0.01299986496068161,1,0.6693238313635048,0.20558577665553734,0.6321950952226254,0
V20_ensw2,H_hold60_sl8tr15_t1,1,60.0,,,0.08,0.15,False,0.04453402505237536,0.0643565146756413,0.34383091999106175,0.349759919590905,-0.46343406322718617,0.3450936817243162,-0.22344886512784978,0.18686249080246742,-0.10321834001510721,0.4,10,24.4,0.010621158,10.4129,0.02097324868274514,1,0.3190740495248361,-0.27644640371674345,0.11518582324374105,0
V20_ensw2,H_hold3_t2,2,3.0,,,,,False,0.5883540475220788,1.4909321906632216,1.6748424604988372,1.8641029777367766,-0.19253501720101385,0.2585525974338039,0.26204820582051425,0.5993385819948784,0.5574764585221512,0.5246913580246914,162,3.0,0.10484663639999998,102.79082,0.030129435831279885,2,0.4055109522245972,0.6693747064719058,0.061631612106621825,0
V20_ensw2,H_hold3_sl8_t2,2,3.0,,,0.08,,False,0.11714690872458622,0.1935322694406607,0.5052820601351147,0.5968107599217792,-0.3242954373441259,0.2585525974338039,-0.11235580379997201,0.5993385819948784,-0.2537338354259222,0.4695121951219512,164,2.9695121951219514,0.0965131956,94.62078,0.03202742880945587,1,0.4055109522245972,0.2836374336144767,-0.3384577929984829,0
V20_ensw2,H_hold7_tr20_t2,2,7.0,,,,0.2,False,0.5662787915771108,1.3502302063172285,1.3869394430494901,1.4418539348489698,-0.35002422416411716,0.5172239931396334,0.03233194219132196,1.4590918165138622,-0.044269030324765035,0.5428571428571428,70,6.9714285714285715,0.051431745599999995,50.42328,0.02030299371575032,1,1.2169886333594757,0.7338691508247266,-0.38859270301436644,0
V20_ensw2,H_hold7_sl8tr15_t2,2,7.0,,,0.08,0.15,False,0.2090877153604509,0.3820495811742761,0.7098391673896166,0.8243893681134443,-0.2929633831354358,0.5823918430239845,-0.23591130686704098,1.3983726794361542,-0.42375528497965154,0.49333333333333335,75,6.493333333333333,0.05087837519999999,49.88076,0.025803019950716266,1,1.315825484751595,-0.0594330236664109,-0.365505198250091,0
V20_ensw2,H_hold10_t2,2,10.0,,,,,False,1.7447918081570415,5.423279818665263,2.7107726863143107,1.810250972221796,-0.288589047599097,0.9571980368470554,0.4024088296035484,1.7554866144131505,1.331087287837637,0.56,50,9.76,0.0453354708,44.44654,0.019326480583814684,1,0.2818799053036982,4.048193745907903,-0.007401790122071761,0
V20_ensw2,H_hold10_sl8_t2,2,10.0,,,0.08,,False,1.1438444773358145,2.9522845700942613,2.1462846219464904,1.6150863161933746,-0.1757674044336217,1.076986028732585,0.03219012919601916,2.2570820361016093,0.21344336012633502,0.5094339622641509,53,9.20754716981132,0.04407556680000001,43.21134,0.0243008304013127,1,0.47318103405177414,1.6980952369736095,-0.005660224118473001,0
V20_ensw2,H_hold5_tr20_t2,2,5.0,,,,0.2,False,0.6979375983387903,1.654945957941262,1.7539336188501236,1.555180291382009,-0.27455276756617364,0.5313109052064078,0.10881310422714052,1.1903760764418951,0.21209594393216036,0.5408163265306123,98,4.979591836734694,0.06536135520000001,64.07976,0.02733499002486,1,0.02838288450980264,2.118491411209761,-0.17214115535672625,0
V20_ensw2,H_hold5_sl8tr15_t2,2,5.0,,,0.08,0.15,False,0.6835724037001658,1.5371936234815684,1.7201551177174508,1.5396645538491334,-0.24966332916671896,0.5313109052064078,0.09943212575321758,1.1903760764418951,0.1583369864060291,0.5544554455445545,101,4.8316831683168315,0.06480310920000001,63.53246,0.02798162014508182,1,0.053458454827356006,1.0045663402673939,0.20147783858897883,0
V20_ensw2,H_hold7_t2,2,7.0,,,,,False,0.5662787915771108,1.3502302063172285,1.3869394430494901,1.4418539348489698,-0.35002422416411716,0.5172239931396334,0.03233194219132196,1.4590918165138622,-0.044269030324765035,0.5428571428571428,70,6.9714285714285715,0.051431745599999995,50.42328,0.02030299371575032,1,1.2169886333594757,0.7338691508247266,-0.38859270301436644,0
V20_ensw2,H_hold7_sl8_t2,2,7.0,,,0.08,,False,0.2090877153604509,0.3820495811742761,0.7098391673896166,0.8243893681134443,-0.2929633831354358,0.5823918430239845,-0.23591130686704098,1.3983726794361542,-0.42375528497965154,0.49333333333333335,75,6.493333333333333,0.05087837519999999,49.88076,0.025803019950716266,1,1.315825484751595,-0.0594330236664109,-0.365505198250091,0
V20_ensw2,H_hold7_sl5_t2,2,7.0,,,0.05,,False,0.27332403977371644,0.5859497695147116,0.8678679170121123,1.080636536638223,-0.32017999614061676,0.4560840829887425,-0.12551475931245293,1.0339525389378235,-0.22026215501423152,0.5125,80,6.1,0.0494314032,48.46216,0.02579515909551796,1,0.6691405492259799,0.09990501493185677,-0.13614403154559052,0
V20_ensw2,H_hold7_sl10_t2,2,7.0,,,0.1,,False,0.209315306221189,0.4044992719135423,0.7330558244161133,0.8494757413596667,-0.3718919282788862,0.5172239931396334,-0.20294214190567827,1.4590918165138622,-0.4288544809584893,0.5753424657534246,73,6.684931506849315,0.04842862080000001,47.47904,0.02388538039747486,1,1.3900769723460304,0.04873707111801595,-0.4396711150487438,0
V20_ensw2,H_hold7_tr12_t2,2,7.0,,,,0.12,False,0.2723258686538963,0.5290226434946919,0.8698939439106734,0.9796853194419634,-0.350072583235031,0.5172239931396334,-0.1614119771326341,1.4590918165138622,-0.37821652968520947,0.5211267605633803,71,6.859154929577465,0.0471190632,46.19516,0.025892716490615624,1,1.2169886333594757,0.019403243122086078,-0.3234429255821314,0
V20_ensw2,H_hold7_tr15_t2,2,7.0,,,,0.15,False,0.2723258686538963,0.5290226434946919,0.8698939439106734,0.9796853194419634,-0.350072583235031,0.5172239931396334,-0.1614119771326341,1.4590918165138622,-0.37821652968520947,0.5211267605633803,71,6.859154929577465,0.0471190632,46.19516,0.025892716490615624,1,1.2169886333594757,0.019403243122086078,-0.3234429255821314,0
V20_ensw2,H_hold3_tr20_t2,2,3.0,,,,0.2,False,0.5883540475220788,1.4909321906632216,1.6748424604988372,1.8641029777367766,-0.19253501720101385,0.2585525974338039,0.26204820582051425,0.5993385819948784,0.5574764585221512,0.5246913580246914,162,3.0,0.10484663639999998,102.79082,0.030129435831279885,2,0.4055109522245972,0.6693747064719058,0.061631612106621825,0
V20_ensw2,H_hold3_sl8tr15_t2,2,3.0,,,0.08,0.15,False,0.11714690872458622,0.1935322694406607,0.5052820601351147,0.5968107599217792,-0.3242954373441259,0.2585525974338039,-0.11235580379997201,0.5993385819948784,-0.2537338354259222,0.4695121951219512,164,2.9695121951219514,0.0965131956,94.62078,0.03202742880945587,1,0.4055109522245972,0.2836374336144767,-0.3384577929984829,0
V20_ensw2,H_hold5_t2,2,5.0,,,,,False,0.6979375983387903,1.654945957941262,1.7539336188501236,1.555180291382009,-0.27455276756617364,0.5313109052064078,0.10881310422714052,1.1903760764418951,0.21209594393216036,0.5408163265306123,98,4.979591836734694,0.06536135520000001,64.07976,0.02733499002486,1,0.02838288450980264,2.118491411209761,-0.17214115535672625,0
V20_ensw2,H_hold5_sl8_t2,2,5.0,,,0.08,,False,0.6835724037001658,1.5371936234815684,1.7201551177174508,1.5396645538491334,-0.24966332916671896,0.5313109052064078,0.09943212575321758,1.1903760764418951,0.1583369864060291,0.5544554455445545,101,4.8316831683168315,0.06480310920000001,63.53246,0.02798162014508182,1,0.053458454827356006,1.0045663402673939,0.20147783858897883,0
V20_ensw2,H_hold3_sl5_t2,2,3.0,,,0.05,,False,0.21545450139880673,0.40455277428284275,0.7580257386125959,0.8517778108055881,-0.21323180521389928,0.16035940087963807,0.04748106532976237,0.3151224748227748,0.06800149885060658,0.4329268292682927,164,2.9695121951219514,0.09485106479999998,92.99124,0.032639489740904776,1,0.689402999357055,-0.122883230255602,-0.05213303707278372,0
V20_ensw2,H_hold3_sl10_t2,2,3.0,,,0.1,,False,0.5883540475220788,1.4909321906632216,1.6748424604988372,1.8641029777367766,-0.19253501720101385,0.2585525974338039,0.26204820582051425,0.5993385819948784,0.5574764585221512,0.5246913580246914,162,3.0,0.10484663639999998,102.79082,0.030129435831279885,2,0.4055109522245972,0.6693747064719058,0.061631612106621825,0
V20_ensw2,H_hold3_tr12_t2,2,3.0,,,,0.12,False,0.5883540475220788,1.4909321906632216,1.6748424604988372,1.8641029777367766,-0.19253501720101385,0.2585525974338039,0.26204820582051425,0.5993385819948784,0.5574764585221512,0.5246913580246914,162,3.0,0.10484663639999998,102.79082,0.030129435831279885,2,0.4055109522245972,0.6693747064719058,0.061631612106621825,0
V20_ensw2,H_hold3_tr15_t2,2,3.0,,,,0.15,False,0.5883540475220788,1.4909321906632216,1.6748424604988372,1.8641029777367766,-0.19253501720101385,0.2585525974338039,0.26204820582051425,0.5993385819948784,0.5574764585221512,0.5246913580246914,162,3.0,0.10484663639999998,102.79082,0.030129435831279885,2,0.4055109522245972,0.6693747064719058,0.061631612106621825,0
V20_ensw2,H_hold10_tr20_t2,2,10.0,,,,0.2,False,1.7447918081570415,5.423279818665263,2.7107726863143107,1.810250972221796,-0.288589047599097,0.9571980368470554,0.4024088296035484,1.7554866144131505,1.331087287837637,0.56,50,9.76,0.0453354708,44.44654,0.019326480583814684,1,0.2818799053036982,4.048193745907903,-0.007401790122071761,0
V20_ensw2,H_hold10_sl8tr15_t2,2,10.0,,,0.08,0.15,False,1.4472552537875978,3.8245035927577398,2.481745983595042,1.727573853489253,-0.21006120050641308,1.076986028732585,0.17827237156764086,2.2570820361016093,0.4812349026775422,0.4909090909090909,55,8.872727272727273,0.04606048680000001,45.15734,0.02554989266257621,1,0.45960666435568864,1.7737921770303022,0.1916339764977475,0
V20_ensw2,H_hold15_t2,2,15.0,,,,,False,0.26394044551676155,0.5735460327212796,0.8399217679998309,1.056129926459255,-0.4326663091638999,0.7280104414923965,-0.2685574026826141,1.492833355546336,-0.3687720724611304,0.5588235294117647,34,14.352941176470589,0.023724200399999996,23.25902,0.024798257154565184,1,1.4177660530502627,-0.02569763526422464,-0.3320077556289307,0
V20_ensw2,H_hold15_sl8_t2,2,15.0,,,0.08,,False,1.0795882231799858,3.450526455903865,2.1560355073569535,3.0761553642747548,-0.15181888716888303,0.8131841582843631,0.1469260933471288,1.9151228982092032,0.5267028565546514,0.6666666666666666,36,13.555555555555555,0.029822658000000002,29.2379,0.021072953649707602,1,1.7785056316091588,0.2539857970216892,0.27734286973779154,0
V20_ensw2,H_hold15_sl5_t2,2,15.0,,,0.05,,False,0.468732535039065,1.0353960007582002,1.24814652519613,1.4136349440885585,-0.3329487877564572,0.4890508422064621,-0.013645139972043974,0.8186741403454443,0.11916475612920485,0.4634146341463415,41,11.902439024390244,0.027905302800000004,27.35814,0.028173892313268167,1,1.4202306218270513,-0.11611922388296603,-0.048522600369640734,0
V20_ensw2,H_hold15_sl10_t2,2,15.0,,,0.1,,False,0.931810032370816,2.7037983062459396,1.8503414195382741,2.3880727692757024,-0.20627819258161506,0.7280104414923965,0.11793886540547027,1.344626177892299,0.5796967299816931,0.6388888888888888,36,13.555555555555555,0.0296456676,29.06438,0.02092964004864156,1,1.7785056316091588,0.3182267299492263,0.01122065933209715,0
V20_ensw2,H_hold15_tr12_t2,2,15.0,,,,0.12,False,1.0708769112286025,3.307585608769581,1.9657846062608837,2.6561832970356853,-0.28572008839840346,0.5855778785230452,0.30607076402807176,1.123780796551456,1.0282628111922545,0.6486486486486487,37,13.18918918918919,0.028696782000000004,28.1341,0.02619002982561658,1,1.7785056316091588,0.1303025122469197,0.37160147382611397,0
V20_ensw2,H_hold15_tr15_t2,2,15.0,,,,0.15,False,0.9157352792498654,2.6433658799397266,1.914743480448799,2.33376625277339,-0.20627819258161506,0.7280104414923965,0.10863640244866901,1.344626177892299,0.5539218636614087,0.6176470588235294,34,14.352941176470589,0.027573231599999998,27.03258,0.024386244350419445,1,1.4177660530502627,0.6475286724554454,-0.08534875506522699,0
V20_ensw2,H_hold15_tr20_t2,2,15.0,,,,0.2,False,0.26394044551676155,0.5735460327212796,0.8399217679998309,1.056129926459255,-0.4326663091638999,0.7280104414923965,-0.2685574026826141,1.492833355546336,-0.3687720724611304,0.5588235294117647,34,14.352941176470589,0.023724200399999996,23.25902,0.024798257154565184,1,1.4177660530502627,-0.02569763526422464,-0.3320077556289307,0
V20_ensw2,H_hold15_sl8tr15_t2,2,15.0,,,0.08,0.15,False,1.0795882231799858,3.450526455903865,2.1560355073569535,3.0761553642747548,-0.15181888716888303,0.8131841582843631,0.1469260933471288,1.9151228982092032,0.5267028565546514,0.6666666666666666,36,13.555555555555555,0.029822658000000002,29.2379,0.021072953649707602,1,1.7785056316091588,0.2539857970216892,0.27734286973779154,0
V20_ensw2,H_hold20_t2,2,20.0,,,,,False,3.3159523750791697,13.282188088654761,3.3566037880108603,2.0998644091785215,-0.20555479975493562,1.3333808426306524,0.8496562139480708,2.4815296461616807,3.102273868154648,0.6153846153846154,26,18.76923076923077,0.031179033600000003,30.56768,0.01778887933629657,1,0.7288422220478823,4.661082131341767,0.4592843740362278,0
V20_ensw2,H_hold20_sl8_t2,2,20.0,,,0.08,,False,1.7596684361739316,5.153008491730367,2.586693541028076,1.7315149312876037,-0.25959821470131006,1.5341722279116623,0.08898219536092555,3.3026699030467066,0.43004428189423516,0.53125,32,15.25,0.0326574216,32.01708,0.02314155497894672,1,1.5257358130228513,1.1447190123157713,0.1358714677030648,0
V20_ensw2,H_hold20_sl5_t2,2,20.0,,,0.05,,False,0.40812933398870044,0.8992425913928843,1.0292228165584871,1.0904941949415148,-0.322117368513142,0.6692323163846514,-0.1564209965461656,1.4570392657846782,-0.22701984545357135,0.4594594594594595,37,13.18918918918919,0.026464613999999997,25.9457,0.02088037848723145,1,1.522461364214828,-0.320540767820401,0.10813459647194712,0
V20_ensw2,H_hold20_sl10_t2,2,20.0,,,0.1,,False,1.7927915236932281,5.468959241357655,2.6555885944930533,1.7755375351475922,-0.24951933515328162,1.5443504121845657,0.0976442200409613,3.4245999885902503,0.4620438588887599,0.5666666666666667,30,16.266666666666666,0.029559457200000007,28.97986,0.027366780560093482,1,1.5257358130228513,0.5853167539615856,0.615587347023014,0
V20_ensw2,H_hold20_tr12_t2,2,20.0,,,,0.12,False,1.3375625652629703,3.5191675420502992,2.265861676943893,1.5635979796188368,-0.26757625789467154,1.060436571079196,0.13449867764608037,2.14130904196248,0.4386255798719585,0.5357142857142857,28,17.392857142857142,0.024315943200000006,23.83916,0.030290533768391754,1,0.5543117226055305,1.5739877079351392,0.12957182563741965,0
V20_ensw2,H_hold20_tr15_t2,2,20.0,,,,0.15,False,1.5021797061336937,4.332135075325467,2.429202779341611,1.6414667541807093,-0.2317036591919237,1.3333808426306524,0.07234089713050684,2.5736781902639874,0.49205798380284027,0.5357142857142857,28,17.428571428571427,0.025933907999999995,25.4254,0.02454393174950383,1,0.7894147408233207,1.1793711148257335,0.3672846602363822,0
V20_ensw2,H_hold20_tr20_t2,2,20.0,,,,0.2,False,3.521133971049574,14.919361621072799,3.474254902350948,2.1675127453450056,-0.20555479975493562,1.3333808426306524,0.9375893932310044,2.4815296461616807,3.5725193346044284,0.5769230769230769,26,18.76923076923077,0.0309869268,30.37934,0.019344393864343,1,0.7288422220478823,4.661082131341767,0.6265627867425514,0
V20_ensw2,H_hold20_sl8tr15_t2,2,20.0,,,0.08,0.15,False,1.7596684361739316,5.153008491730367,2.586693541028076,1.7315149312876037,-0.25959821470131006,1.5341722279116623,0.08898219536092555,3.3026699030467066,0.43004428189423516,0.53125,32,15.25,0.0326574216,32.01708,0.02314155497894672,1,1.5257358130228513,1.1447190123157713,0.1358714677030648,0
V20_ensw2,H_hold25_t2,2,25.0,,,,,False,1.6064623852468527,4.880134087891805,2.3633948904028874,1.7264721667789469,-0.3645478550469694,1.370026012300157,0.09976108773474168,3.2799793741735206,0.37386972548840336,0.55,20,24.4,0.02041989,20.0195,0.01888705790230994,1,0.6616961581540335,5.379708871675986,-0.44532990307490783,0
V20_ensw2,H_hold25_sl8_t2,2,25.0,,,0.08,,False,1.6472212617251847,4.7092391884709786,2.3842983081390883,1.764389474344485,-0.21467766209958417,1.370026012300157,0.11695873715580318,3.2799793741735206,0.3339408182483241,0.6086956521739131,23,21.217391304347824,0.020813548800000005,20.40544,0.019758494878613222,1,0.6793578374735518,1.5414678473872199,0.3376742682384519,0
V20_ensw2,H_hold25_sl5_t2,2,25.0,,,0.05,,False,0.19889217408780513,0.3169373171648262,0.6638860965620761,0.7049311849514552,-0.2606058927943018,0.17723410465686107,0.01839741929431815,0.24603144077061656,0.05690536697080284,0.3548387096774194,31,15.741935483870968,0.018050838,17.6969,0.026451660479261032,1,0.5840868924915956,-0.209162578754704,0.051232774314163176,0
V20_ensw2,H_hold25_sl10_t2,2,25.0,,,0.1,,False,0.7398212432690368,1.599274866546219,1.5418158144367706,1.150708099673824,-0.32815001425400214,1.370026012300157,-0.2659062667499993,3.2799793741735206,-0.3926898614907113,0.4782608695652174,23,21.217391304347824,0.018099553199999997,17.74466,0.030664043098476708,1,0.6793578374735518,0.9218647191645235,-0.19464724672351763,0
V20_ensw2,H_hold25_tr12_t2,2,25.0,,,,0.12,False,1.0501827720205563,2.859903066153723,2.1124103773296645,2.126847765333686,-0.21251026397578054,0.6052000719329869,0.2772132320874616,1.2313007818483852,0.7298891738639657,0.5769230769230769,26,18.76923076923077,0.019807645199999998,19.41926,0.027772903325610655,1,1.2424836432679558,0.2568832691115668,0.36946888458135874,0
V20_ensw2,H_hold25_tr15_t2,2,25.0,,,,0.15,False,0.5052046185119976,1.0337452405135061,1.1690689265363279,0.9794986221971207,-0.46883943578731124,1.3751347576083321,-0.3662655924299295,3.7767573822469025,-0.5742414617765517,0.5,24,20.333333333333332,0.018166506,17.8103,0.038944240010599235,1,0.666426634315185,0.6405529124145588,-0.2560904926252786,0
V20_ensw2,H_hold25_tr20_t2,2,25.0,,,,0.2,False,1.578161178843049,4.723382778113491,2.3183741612054907,1.7032005805198613,-0.3645478550469694,1.370026012300157,0.08781978149720415,3.2799793741735206,0.33724541119282736,0.5714285714285714,21,23.238095238095237,0.0214901352,21.06876,0.018740650620997053,1,0.6793578374735518,3.7792508909853897,-0.28690118109874985,0
V20_ensw2,H_hold25_sl8tr15_t2,2,25.0,,,0.08,0.15,False,1.1255596026186567,2.9487047337187646,1.9024894603621887,1.462139616806654,-0.28942411735656715,1.7826230744762896,-0.23613096501807063,4.41040047563987,-0.27016405689418643,0.5384615384615384,26,18.76923076923077,0.024334262399999997,23.85712,0.031082769441720056,1,1.2021928740795853,1.132039515305956,-0.15898438816753568,0
V20_ensw2,H_hold30_t2,2,30.0,,,,,False,0.47671265628380244,1.1061848364163462,1.1473443050199266,1.5990031887701461,-0.27000259052514386,0.46236029603802575,0.009814517177921589,1.3297625598040579,-0.09596588392531946,0.6666666666666666,18,27.11111111111111,0.0119493204,11.71502,0.02325826507702791,1,1.027222813016094,-0.1539096883494414,0.227943189669914,0
V20_ensw2,H_hold30_sl8_t2,2,30.0,,,0.08,,False,0.7223851161316099,1.7750306787220835,1.530938437904422,1.5358744236004696,-0.2073162002984298,0.6248993497579747,0.05999495684957812,1.1317935234275356,0.3017352047586388,0.43478260869565216,23,21.217391304347824,0.016921432799999997,16.58964,0.022666534416055997,1,1.6025930673834492,-0.24217602248386227,0.40699702098074475,0
V20_ensw2,H_hold30_sl5_t2,2,30.0,,,0.05,,False,1.5470582630340992,4.4039421127425,2.2076147671682755,1.6936993207897237,-0.23569473212393155,1.2790914876797799,0.11757613803696954,2.7476157022130607,0.44196805172721887,0.48,25,19.52,0.022008723600000002,21.57718,0.04611759213759641,1,0.8424640634978571,1.1430544925444437,0.3686060267334599,0
V20_ensw2,H_hold30_sl10_t2,2,30.0,,,0.1,,False,0.01609965479897557,0.013306919910008208,0.25121775366302185,0.29954219852291153,-0.44502064052869683,0.46236029603802575,-0.3051646317587434,0.6293416327943715,-0.37808811883597715,0.45454545454545453,22,22.181818181818183,0.013181031599999999,12.92258,0.021250868575794456,1,0.997338188903768,-0.284384039002878,-0.2910601577624722,0
V20_ensw2,H_hold30_tr12_t2,2,30.0,,,,0.12,False,0.5271050281920686,1.3299140957570814,1.3444184135842343,1.739983103531771,-0.2332410897205106,0.2885001991656795,0.18518028105924245,0.5282928187292251,0.5245207379135659,0.5909090909090909,22,22.181818181818183,0.0150779052,14.78226,0.02586970285274955,1,1.0221777217326062,0.489984804459054,-0.22671649186348897,0
V20_ensw2,H_hold30_tr15_t2,2,30.0,,,,0.15,False,0.23674565562330097,0.48485588826606496,0.7560129623867425,0.9524173625121264,-0.31962834747475266,0.4185001288540797,-0.12813144640149365,0.8690186845431611,-0.2055425124714555,0.6,20,24.4,0.0132575112,12.99756,0.027485032127342688,1,1.1002107071744454,0.152778923983373,-0.3866965474593761,0
V20_ensw2,H_hold30_tr20_t2,2,30.0,,,,0.2,False,0.7400671274288095,1.8700001799449435,1.512394677704919,2.0416346089029314,-0.20161265601222467,0.8461043648440332,-0.05743837641821625,1.6920866821799088,0.06608758140765736,0.6666666666666666,18,27.11111111111111,0.013451331600000001,13.18758,0.044422740226286686,1,1.4308632757055317,0.20883685962224185,-0.02331684500605935,0
V20_ensw2,H_hold30_sl8tr15_t2,2,30.0,,,0.08,0.15,False,0.41086260954421916,0.9457391635010204,1.0732635030946625,1.423030210677084,-0.26964916323570076,0.5438745962177125,-0.08615465724959481,1.035658401303098,-0.04417206626834658,0.5416666666666666,24,20.333333333333332,0.016605355199999998,16.27976,0.02485222215622324,1,1.2785982440001695,-0.11381483244226942,-0.036409776041255504,0
V20_ensw2,H_hold40_t2,2,40.0,,,,,False,2.0405751193227375,6.838511728412194,2.608872777828589,2.1339515600030685,-0.2471992846930644,1.4394488067496565,0.24641890861158466,5.302976997859363,0.24362055122116666,0.8571428571428571,14,34.857142857142854,0.0150003648,14.70624,0.01437179515010065,1,0.8303133682588544,2.443660035032841,0.24362055122116666,0
V20_ensw2,H_hold40_sl8_t2,2,40.0,,,0.08,,False,1.8934914605076876,6.116077002366871,2.544150561938887,1.9808772210356207,-0.21995934686996177,1.4394488067496565,0.18612510026927143,2.8893354948907377,0.8296382535564168,0.6,15,32.53333333333333,0.01378224,13.512,0.017479320532985315,1,1.0234296300948666,0.8710681885615705,0.8795891030666294,0
V20_ensw2,H_hold40_sl5_t2,2,40.0,,,0.05,,False,0.30024667603202415,0.5400277389540664,0.8576243263037483,0.9175225123215294,-0.32248805874173614,0.4631564602888778,-0.11134132861272406,0.592984934865896,-0.03324400297375574,0.35,20,24.4,0.012452833200000001,12.20866,0.028808090970465213,1,0.7501573103014143,0.0811691326010231,-0.18612479271328453,0
V20_ensw2,H_hold40_sl10_t2,2,40.0,,,0.1,,False,1.122551389889046,2.7503835663104,1.9261032361387438,1.4467391314220652,-0.26767680217947154,1.4394488067496565,-0.1299053359856508,2.8893354948907377,-0.035726393046543015,0.5333333333333333,15,32.53333333333333,0.013131072000000002,12.8736,0.022588644734670968,1,1.0234296300948666,0.8710681885615705,-0.009400814351422593,0
V20_ensw2,H_hold40_tr12_t2,2,40.0,,,,0.12,False,0.277476684825253,0.4816465763082274,0.8264092101747212,0.9031584692926552,-0.3557407196057376,0.39849960990732436,-0.08653768955294328,0.5806419280285362,-0.06262984042425179,0.5714285714285714,21,23.238095238095237,0.012759282,12.5091,0.03528833493824691,1,0.9286440528908155,-0.3334821580453282,0.15260569184223516,0
V20_ensw2,H_hold40_tr15_t2,2,40.0,,,,0.15,False,0.5103945547971482,1.2869835853985645,1.236878721971282,1.6906383443255069,-0.24242581900370186,0.5906415701237475,-0.05044946443865306,1.2416024530300445,0.020244951243329146,0.5,16,30.5,0.010587232799999999,10.37964,0.031829404509038144,1,1.106810888428977,-0.11397621661638735,0.22515803765791342,0
V20_ensw2,H_hold40_tr20_t2,2,40.0,,,,0.2,False,0.6563135068247326,1.5688540170491851,1.4770150602335523,1.6850964449927968,-0.2052132740185364,0.678910643235175,-0.013459403870893394,1.86844897311873,-0.10444493134692567,0.7142857142857143,14,34.857142857142854,0.009961136399999997,9.76582,0.04024963678192529,1,1.1854769829818013,0.31250477376572583,-0.10444493134692556,0
V20_ensw2,H_hold40_sl8tr15_t2,2,40.0,,,0.08,0.15,False,0.9969798024017431,2.9223106943521233,1.9084212324150862,2.5956738599715483,-0.2652099101027864,0.5906415701237475,0.25545555951136234,1.1931823361157639,0.7884106714532151,0.5882352941176471,17,28.647058823529413,0.0126763764,12.42782,0.028632977795892935,1,1.106810888428977,0.2638945802290349,0.4730096306942002,0
V20_ensw2,H_hold60_t2,2,60.0,,,,,False,1.3083049499367854,3.897189577047639,2.048064197049315,2.2043515372399938,-0.21163998270268547,0.40756880136096174,0.6399233541585412,3.6288065421159494,0.0579810438154551,0.7,10,48.8,0.0081716892,8.01146,0.019514214022333727,1,0.504249461215825,2.077153531685276,0.0579810438154551,0
V20_ensw2,H_hold60_sl8_t2,2,60.0,,,0.08,,False,0.12810542019954285,0.1793888647302897,0.50202332677575,0.5149983487620814,-0.33719416725512275,0.3228053124337922,-0.14718711091054437,0.19212637503889662,-0.010684698011308669,0.38461538461538464,13,37.53846153846154,0.0070905096,6.95148,0.04582750413147207,1,0.4724399844575564,-0.25860205524042723,0.08035887252739915,0
V20_ensw2,H_hold60_sl5_t2,2,60.0,,,0.05,,False,0.9152347759672057,2.3058625562049038,1.7869191672407834,1.366609499443567,-0.21261360768710602,0.2897797082123317,0.4849317009505234,0.30983325218770763,1.5238804639318722,0.35294117647058826,17,28.705882352941178,0.011518492799999999,11.29264,0.06789191766483717,1,0.5243473957196119,0.6451157092145658,0.31827006673052627,0
V20_ensw2,H_hold60_sl10_t2,2,60.0,,,0.1,,False,-0.10175682970946465,-0.2742655615813683,-0.07026680965662016,-0.16295014788749337,-0.4244848102991896,0.22614936280147924,-0.26742760911423624,0.19564328839304457,-0.3930175952444602,0.3333333333333333,15,32.53333333333333,0.007577891199999998,7.41656,0.0565224980518065,1,0.30286861329803894,-0.413951424788487,-0.04951887711595426,0
V20_ensw2,H_hold60_tr12_t2,2,60.0,,,,0.12,False,0.7145155130716134,2.0106980067342617,1.6084161234294703,2.213488389211761,-0.31826872681897533,0.5385272067246383,0.11438751656633661,0.9354352539356883,0.555566377439926,0.6875,16,30.5,0.0106858464,10.47632,0.035928348358084096,1,1.3257425079490086,-0.18479472801885632,0.5879564396251102,0
V20_ensw2,H_hold60_tr15_t2,2,60.0,,,,0.15,False,0.5982204722640108,1.444933304388984,1.3029899702465457,1.4884262244369175,-0.34285524644653864,0.8170963610442818,-0.12045364982982032,1.6300937418111818,-0.0704006988339092,0.5294117647058824,17,28.705882352941178,0.0123664188,12.12394,0.025437892685142027,1,1.949183278641005,-0.23372474395313647,0.08188338630256231,0
V20_ensw2,H_hold60_tr20_t2,2,60.0,,,,0.2,False,1.0226586880838653,2.9043434900816636,1.717911664458287,2.064661011376272,-0.19729166575155999,0.7072445000554368,0.18475044905295457,1.2390937482338389,0.7437159534572177,0.8333333333333334,12,40.666666666666664,0.0084333804,8.26802,0.05352729282596584,1,1.4276974709769044,-0.10864503149744642,0.8042751297251045,0
V20_ensw2,H_hold60_sl8tr15_t2,2,60.0,,,0.08,0.15,False,0.6737178322774275,1.6785027881799799,1.4384170385971813,1.6251053104527466,-0.2625614703246567,0.9761032924584159,-0.1530210800897961,1.8645901006823218,-0.06496123562600364,0.5,18,27.11111111111111,0.013531360800000003,13.26604,0.03401933629675619,1,2.3257098656700146,-0.33232530432042184,0.20626527777798676,0
V20_ensw2,H_hold3_t3,3,3.0,,,,,False,0.533543243192498,2.159120976742259,1.6561386183131053,1.9220859076006624,-0.13255187115248124,0.23521678486189068,0.24151749068400274,0.7706537758871839,0.7841551068668877,0.49382716049382713,243,3.0,0.0980592076,92.34138,0.04408208858275923,2,0.18319705460559854,0.7106421412239496,0.5608098992261521,0
V20_ensw2,H_hold3_sl8_t3,3,3.0,,,0.08,,False,0.2573327965009311,0.6189671837683075,0.8991635167002016,0.9982465020784469,-0.19737855685790118,0.23521678486189068,0.017904558867788856,0.7706537758871839,-0.08566699723263205,0.45121951219512196,246,2.9715447154471546,0.0967373928,90.64164,0.04230538581308949,1,0.20955013300337333,0.6779433073355587,-0.2023049649334866,0
V20_ensw2,H_hold7_sl5_t3,3,7.0,,,0.05,,False,0.36637722209833234,1.1778528740765641,1.1875416081449504,1.4100897876285736,-0.2231218932092668,0.4242159608574487,-0.040610932856204984,1.451063924053717,-0.11146630950583292,0.49166666666666664,120,6.1,0.05009736360000001,48.03018,0.03715028340395189,1,1.255432458782284,-0.09906720674831926,0.07178164704489487,0
V20_ensw2,H_hold7_sl10_t3,3,7.0,,,0.1,,False,0.09988164890598417,0.12005632890081608,0.4662808274833288,0.5491944589616738,-0.3611996663417407,0.29679873104915333,-0.15184860798240962,1.112838525464594,-0.46988077157740893,0.5137614678899083,109,6.715596330275229,0.042958085199999996,40.06626,0.03913279695938984,1,1.2785704394850623,-0.19607830200895116,-0.38854619061721285,0
V20_ensw2,H_hold7_tr12_t3,3,7.0,,,,0.12,False,0.013656938473051161,-0.10340676358999012,0.20238648064555453,0.24664943648086082,-0.3813409083383956,0.29679873104915333,-0.21833904197841925,1.112838525464594,-0.5756451685237718,0.4716981132075472,106,6.886792452830188,0.041453252,38.3966,0.040861612018524715,1,1.1732138050036438,-0.24971819324459177,-0.45011915971891037,0
V20_ensw2,H_hold7_tr15_t3,3,7.0,,,,0.15,False,0.07754861698886573,0.06379462844599582,0.4040152352419862,0.46638483208114895,-0.29782602363706734,0.29679873104915333,-0.1690702719017213,1.112838525464594,-0.4965092620071011,0.49523809523809526,105,6.9523809523809526,0.041799140400000004,39.33752,0.0402015037861484,1,1.1732138050036438,-0.145321027959601,-0.4272668527205973,0
V20_ensw2,H_hold10_sl5_t3,3,10.0,,,0.05,,False,0.9909336887697755,4.687514257380101,2.2316505110514466,1.8574185901351754,-0.19509913670755485,0.7056410634800179,0.16726416325113447,2.4848328925256373,0.6320766110704574,0.5333333333333333,90,8.122222222222222,0.042811704,41.3182,0.03636384462103361,1,0.8259410945652814,0.971175651336595,0.5801940036327193,0
V20_ensw2,H_hold10_sl10_t3,3,10.0,,,0.1,,False,0.7050561316340507,2.3130836451802694,1.790348623603401,1.3388747873981084,-0.3057928327205377,0.6575360198462417,0.028669127680383877,1.8613671361743123,0.15786737161240616,0.45454545454545453,77,9.506493506493506,0.036639872,34.9681,0.035061910064947514,1,0.49789644231866204,2.2797864654682907,-0.3256194409889456,0
V20_ensw2,H_hold10_tr12_t3,3,10.0,,,,0.12,False,0.5686811231671396,1.6286220930152844,1.5367869176971904,1.185937576325381,-0.34589293878901906,0.6089427591007637,-0.025023659608701898,1.2971591267067524,0.14429255790552142,0.4473684210526316,76,9.631578947368421,0.034968974400000005,33.10872,0.03113761975056514,1,0.0709084264141977,2.884422792614921,-0.3680985904112105,0
V20_ensw2,H_hold10_tr15_t3,3,10.0,,,,0.15,False,0.6038450349765181,1.8294136290544656,1.5951832452841066,1.2376871643396343,-0.33530617352883474,0.6089427591007637,-0.003168368853030956,1.2971591267067524,0.2317011895953247,0.4533333333333333,75,9.76,0.0345328632,32.68116,0.03198917862330354,1,0.0709084264141977,2.884422792614921,-0.31982978258455463,0
V20_ensw2,H_hold7_tr20_t3,3,7.0,,,,0.2,False,0.3080810678492387,0.9378112114489878,0.9786976287213369,1.1539165455449794,-0.3205772213744844,0.29679873104915333,0.008700144848966751,1.112838525464594,-0.08283989140964754,0.5047619047619047,105,6.9714285714285715,0.04338901760000001,41.32688,0.0375694000102628,1,1.1732138050036438,0.44748929845674645,-0.38398165236231707,0
V20_ensw2,H_hold7_sl8tr15_t3,3,7.0,,,0.08,0.15,False,0.2131414447707518,0.5199667546656077,0.7666254266192707,0.9239749095952599,-0.22228475941710835,0.37080478833459396,-0.11501516839271375,1.2706093623073063,-0.33059081852764094,0.48672566371681414,113,6.469026548672566,0.045727596400000015,43.48682,0.038351275820169076,1,0.98594144488595,0.022071326570747285,-0.2511644650384053,0
V20_ensw2,H_hold10_t3,3,10.0,,,,,False,0.6707497035116563,2.156702214487078,1.7168644348823168,1.3137882230286269,-0.3411944170070026,0.6089427591007637,0.03841463225543129,1.2971591267067524,0.37417655476596456,0.48,75,9.76,0.0347635668,32.90734,0.03054967282665658,1,0.0709084264141977,2.884422792614921,-0.2411520148572227,0
V20_ensw2,H_hold10_sl8_t3,3,10.0,,,0.08,,False,1.5851171856317339,10.154894053191684,2.8625623492685195,2.11456148053731,-0.17409233434646454,0.8051349149025913,0.43209084500547257,3.04557174703855,1.7573096587292798,0.5555555555555556,81,9.037037037037036,0.045039525600000005,43.16478,0.03577553533718299,1,0.6146297517071404,3.659806697392651,0.48260205546104107,0
V20_ensw2,H_hold5_tr20_t3,3,5.0,,,,0.2,False,0.23262330654065022,0.5505680911438244,0.847631713674029,0.9024755142025964,-0.33133651376398576,0.40646103599529804,-0.1235993923796328,1.4205387039248407,-0.3594119818742749,0.4897959183673469,147,4.979591836734694,0.05846086240000001,54.02612,0.03862473961436628,1,-0.049907742543114586,1.8712145492389682,-0.4315930002209072,0
V20_ensw2,H_hold5_sl8tr15_t3,3,5.0,,,0.08,0.15,False,0.4905017046661957,1.6832468327014056,1.5094097833015279,1.504810688031276,-0.18592275396866842,0.40646103599529804,0.05975328609898245,1.4205387039248407,0.10853291804447962,0.5099337748344371,151,4.841059602649007,0.06216639279999999,58.02964,0.042584725069609114,1,-0.024402823222606673,1.8430859575388951,-0.03261332677223583,0
V20_ensw2,H_hold7_t3,3,7.0,,,,,False,0.3080810678492387,0.9378112114489878,0.9786976287213369,1.1539165455449794,-0.3205772213744844,0.29679873104915333,0.008700144848966751,1.112838525464594,-0.08283989140964754,0.5047619047619047,105,6.9714285714285715,0.04338901760000001,41.32688,0.0375694000102628,1,1.1732138050036438,0.44748929845674645,-0.38398165236231707,0
V20_ensw2,H_hold7_sl8_t3,3,7.0,,,0.08,,False,0.2131414447707518,0.5199667546656077,0.7666254266192707,0.9239749095952599,-0.22228475941710835,0.37080478833459396,-0.11501516839271375,1.2706093623073063,-0.33059081852764094,0.48672566371681414,113,6.469026548672566,0.045727596400000015,43.48682,0.038351275820169076,1,0.98594144488595,0.022071326570747285,-0.2511644650384053,0
V20_ensw2,H_hold10_tr20_t3,3,10.0,,,,0.2,False,0.6707497035116563,2.156702214487078,1.7168644348823168,1.3137882230286269,-0.3411944170070026,0.6089427591007637,0.03841463225543129,1.2971591267067524,0.37417655476596456,0.48,75,9.76,0.0347635668,32.90734,0.03054967282665658,1,0.0709084264141977,2.884422792614921,-0.2411520148572227,0
V20_ensw2,H_hold10_sl8tr15_t3,3,10.0,,,0.08,0.15,False,1.617816081667371,10.569900213153948,2.960405371490816,2.1391111658932824,-0.17574518532288896,0.8051349149025913,0.4502052229202129,3.04557174703855,1.8598924791343459,0.5555555555555556,81,9.037037037037036,0.04511386320000001,43.23766,0.0352590519121387,1,0.6146297517071404,3.659806697392651,0.5377607134326063,0
V20_ensw2,H_hold15_t3,3,15.0,,,,,False,0.38949943808688414,1.3235624164282451,1.2061429708522988,1.4250329351513427,-0.32007984159669955,0.5306816257068911,-0.09223484835052409,1.4066890405314942,-0.034539827415714375,0.5490196078431373,51,14.352941176470589,0.021971787999999996,21.2274,0.035981249078504744,1,1.525652838827435,-0.14581614742308946,0.07703379581094283,0
V20_ensw2,H_hold15_sl8_t3,3,15.0,,,0.08,,False,1.1316867038008125,7.370696017240686,2.5158122473236837,2.630214248150809,-0.16340393907522466,0.6143248472700711,0.3204818766220645,2.7461604850757997,1.2344734163387843,0.5614035087719298,57,12.842105263157896,0.0300304668,29.23434,0.0380215249007551,1,2.282590142229133,0.5457500938232356,0.6497024837873111,0
V20_ensw2,H_hold5_sl5_t3,3,5.0,,,0.05,,False,0.40374011032587065,1.301701260454283,1.260901395087466,1.3465334464148457,-0.26092166312543796,0.5684421425145598,-0.10500995078124797,2.2858599912287523,-0.2995132882720427,0.5095541401273885,157,4.656050955414012,0.06939527079999999,66.51504,0.03785228860547124,1,0.5463258805618956,1.4540053495351328,-0.3934418733453181,0
V20_ensw2,H_hold5_sl10_t3,3,5.0,,,0.1,,False,0.27387144378899775,0.699415865858696,0.986435536733523,0.9967901086167659,-0.31354654632474976,0.40646103599529804,-0.0942717848649618,1.4205387039248407,-0.29791832574164656,0.47619047619047616,147,4.965986394557823,0.0586364804,54.30702,0.041213720071802594,1,-0.049907742543114586,1.8712145492389682,-0.37702840706778584,0
V20_ensw2,H_hold5_tr12_t3,3,5.0,,,,0.12,False,0.19837351551432691,0.4341366063079324,0.7666524434893568,0.8160989094524985,-0.3315959856543915,0.40646103599529804,-0.14795114486318894,1.4205387039248407,-0.4075134580651335,0.46938775510204084,147,4.9727891156462585,0.0583882548,53.93724,0.04002315251394719,1,-0.049907742543114586,1.8712145492389682,-0.47427443507913003,0
V20_ensw2,H_hold5_tr15_t3,3,5.0,,,,0.15,False,0.23262330654065022,0.5505680911438244,0.847631713674029,0.9024755142025964,-0.33133651376398576,0.40646103599529804,-0.1235993923796328,1.4205387039248407,-0.3594119818742749,0.4897959183673469,147,4.979591836734694,0.05846086240000001,54.02612,0.03862473961436628,1,-0.049907742543114586,1.8712145492389682,-0.4315930002209072,0
V20_ensw2,H_hold3_tr20_t3,3,3.0,,,,0.2,False,0.533543243192498,2.159120976742259,1.6561386183131053,1.9220859076006624,-0.13255187115248124,0.23521678486189068,0.24151749068400274,0.7706537758871839,0.7841551068668877,0.49382716049382713,243,3.0,0.0980592076,92.34138,0.04408208858275923,2,0.18319705460559854,0.7106421412239496,0.5608098992261521,0
V20_ensw2,H_hold3_sl8tr15_t3,3,3.0,,,0.08,0.15,False,0.2573327965009311,0.6189671837683075,0.8991635167002016,0.9982465020784469,-0.19737855685790118,0.23521678486189068,0.017904558867788856,0.7706537758871839,-0.08566699723263205,0.45121951219512196,246,2.9715447154471546,0.0967373928,90.64164,0.04230538581308949,1,0.20955013300337333,0.6779433073355587,-0.2023049649334866,0
V20_ensw2,H_hold5_t3,3,5.0,,,,,False,0.23262330654065022,0.5505680911438244,0.847631713674029,0.9024755142025964,-0.33133651376398576,0.40646103599529804,-0.1235993923796328,1.4205387039248407,-0.3594119818742749,0.4897959183673469,147,4.979591836734694,0.05846086240000001,54.02612,0.03862473961436628,1,-0.049907742543114586,1.8712145492389682,-0.4315930002209072,0
V20_ensw2,H_hold5_sl8_t3,3,5.0,,,0.08,,False,0.4905017046661957,1.6832468327014056,1.5094097833015279,1.504810688031276,-0.18592275396866842,0.40646103599529804,0.05975328609898245,1.4205387039248407,0.10853291804447962,0.5099337748344371,151,4.841059602649007,0.06216639279999999,58.02964,0.042584725069609114,1,-0.024402823222606673,1.8430859575388951,-0.03261332677223583,0
V20_ensw2,H_hold3_sl5_t3,3,3.0,,,0.05,,False,0.40588578375078677,1.306210496312021,1.2980061172197992,1.4607324993482822,-0.20472706651038508,0.18362310578931562,0.1877816315635823,0.4324168355816824,0.6100135372784192,0.4796747967479675,246,2.967479674796748,0.09980227719999998,94.33786,0.0404643039015554,1,0.5172937854772437,0.3294084567777431,0.14332797049746393,0
V20_ensw2,H_hold3_sl10_t3,3,3.0,,,0.1,,False,0.533543243192498,2.159120976742259,1.6561386183131053,1.9220859076006624,-0.13255187115248124,0.23521678486189068,0.24151749068400274,0.7706537758871839,0.7841551068668877,0.49382716049382713,243,3.0,0.0980592076,92.34138,0.04408208858275923,2,0.18319705460559854,0.7106421412239496,0.5608098992261521,0
V20_ensw2,H_hold3_tr12_t3,3,3.0,,,,0.12,False,0.533543243192498,2.159120976742259,1.6561386183131053,1.9220859076006624,-0.13255187115248124,0.23521678486189068,0.24151749068400274,0.7706537758871839,0.7841551068668877,0.49382716049382713,243,3.0,0.0980592076,92.34138,0.04408208858275923,2,0.18319705460559854,0.7106421412239496,0.5608098992261521,0
V20_ensw2,H_hold3_tr15_t3,3,3.0,,,,0.15,False,0.533543243192498,2.159120976742259,1.6561386183131053,1.9220859076006624,-0.13255187115248124,0.23521678486189068,0.24151749068400274,0.7706537758871839,0.7841551068668877,0.49382716049382713,243,3.0,0.0980592076,92.34138,0.04408208858275923,2,0.18319705460559854,0.7106421412239496,0.5608098992261521,0
V20_ensw2,H_hold15_sl5_t3,3,15.0,,,0.05,,False,0.6446651399747065,3.1942840287814223,1.7005419233594175,1.9997163102974587,-0.19215684553058698,0.36852850225615663,0.20177631467909585,1.0652848117733726,1.0308501785668818,0.48333333333333334,60,12.2,0.026873984,26.0427,0.03545373507178372,1,1.8365994391207416,-0.3252563074697311,1.1913966355133478,0
V20_ensw2,H_hold15_sl10_t3,3,15.0,,,0.1,,False,0.6164462798440455,2.7295999517985114,1.5460096647476083,2.1026186465155883,-0.1898831462226257,0.5306816257068911,0.05603036758055158,1.382736537738626,0.5652590593747076,0.5740740740740741,54,13.537037037037036,0.025926085199999997,25.21226,0.031577306099141667,1,1.6839174777885386,0.5917822595395206,-0.12700967240278338,0
V20_ensw2,H_hold15_tr12_t3,3,15.0,,,,0.12,False,1.5047172643026414,9.4404285692498,2.7013745805092726,2.1818314320624608,-0.1637614036777254,1.1197726981632052,0.18159709598722062,3.987535983700244,1.0933039086575302,0.6363636363636364,55,13.309090909090909,0.031804324800000006,30.97524,0.03651418082143156,1,1.6839174777885386,1.5503244704685955,0.5252945901207944,0
V20_ensw2,H_hold15_tr15_t3,3,15.0,,,,0.15,False,0.6707968275906937,3.0057121476808826,1.6460025772379538,2.1186563001077094,-0.18528150887181027,0.5306816257068911,0.0915377826000201,1.2322526083450716,0.7944708106537297,0.5490196078431373,51,14.352941176470589,0.0233167212,22.65406,0.03446253242245042,1,1.525652838827435,0.22796838828565158,0.29157281619810016,0
V20_ensw2,H_hold15_tr20_t3,3,15.0,,,,0.2,False,0.38949943808688414,1.3235624164282451,1.2061429708522988,1.4250329351513427,-0.32007984159669955,0.5306816257068911,-0.09223484835052409,1.4066890405314942,-0.034539827415714375,0.5490196078431373,51,14.352941176470589,0.021971787999999996,21.2274,0.035981249078504744,1,1.525652838827435,-0.14581614742308946,0.07703379581094283,0
V20_ensw2,H_hold15_sl8tr15_t3,3,15.0,,,0.08,0.15,False,1.1592674743506661,7.674937732874932,2.5575613747806054,2.665393952034017,-0.16201972130785314,0.6143248472700711,0.33756689553662467,2.7461604850757997,1.3156876934222952,0.5689655172413793,58,12.620689655172415,0.0308126844,30.00122,0.039350660484114834,1,2.282590142229133,0.5457500938232356,0.7096626487389204,0
V20_ensw2,H_hold20_t3,3,20.0,,,,,False,1.348646534666916,5.446490710125766,2.455824804464101,1.6100131725025097,-0.24909184426441822,0.7953001420600039,0.30821943342129954,1.4421880768349031,1.6396372872643266,0.5128205128205128,39,18.76923076923077,0.021572756800000002,20.99684,0.030770795662280245,1,0.6904708103334722,3.3586590240703558,-0.1250911907933343,0
V20_ensw2,H_hold20_sl8_t3,3,20.0,,,0.08,,False,1.189622751606278,5.966236551681809,2.4593131903560423,1.7848644658966948,-0.1872771286512187,1.045501503653317,0.07045765925644965,3.6272595459368047,0.5054778065775152,0.5111111111111111,45,16.266666666666666,0.024996791200000004,24.32106,0.038207709115485995,1,1.9606199985753223,1.059722082734087,0.14237035397808562,0
V20_ensw2,H_hold20_sl5_t3,3,20.0,,,0.05,,False,0.1755817780838611,0.3137762666548447,0.6432701651882551,0.691905030521416,-0.2809557290433776,0.47834080601805384,-0.20479650341904665,1.4590603725406708,-0.46574054003502674,0.41379310344827586,58,12.620689655172415,0.024585304800000003,23.81474,0.03262888375978236,1,1.4703005078600477,-0.2390759737674869,-0.30107539895634805,0
V20_ensw2,H_hold20_sl10_t3,3,20.0,,,0.1,,False,1.1592020883530911,5.668785885270057,2.367081873701881,1.7657546804856394,-0.14012315907209594,0.9896652960218626,0.08520869950850529,2.7583420570586736,0.7743956734180637,0.5227272727272727,44,16.636363636363637,0.023577684000000005,22.9787,0.02816174516807127,1,1.2857280382441574,0.906496651908264,0.5303338023758863,0
V20_ensw2,H_hold20_tr12_t3,3,20.0,,,,0.12,False,0.6649261569506106,1.810177348526699,1.6709306587632229,1.2032537400508276,-0.20083793637687497,0.60991563388974,0.03416981728909496,1.1765219090756087,0.29113212084330065,0.4883720930232558,43,17.0,0.0193526992,18.46096,0.05051713667076997,1,0.3171251811190181,0.7342333440439195,0.2302663456844518,0
V20_ensw2,H_hold20_tr15_t3,3,20.0,,,,0.15,False,0.6791644261890997,1.982401922128731,1.7011801831963234,1.237473293469845,-0.24730684444109652,0.7953001420600039,-0.06468874655000367,1.4698275720133647,0.2075344675569899,0.4878048780487805,41,17.853658536585368,0.0195385708,19.00254,0.036309631826633965,1,0.6904708103334722,0.6483343769510015,0.07031886026135359,0
V20_ensw2,H_hold20_tr20_t3,3,20.0,,,,0.2,False,1.433854210951805,6.191082094138853,2.5774137557642973,1.675922335069593,-0.2457815478721055,0.7953001420600039,0.35568095491771023,1.4421880768349031,1.944524282281551,0.48717948717948717,39,18.76923076923077,0.021368614,20.7967,0.031006065955783008,1,0.6904708103334722,3.3586590240703558,-0.024036277286800134,0
V20_ensw2,H_hold20_sl8tr15_t3,3,20.0,,,0.08,0.15,False,1.174090123372721,5.728729011530255,2.3721350698443606,1.7609941786240417,-0.22292139024889146,1.045501503653317,0.06286410422565747,3.6272595459368047,0.45414990119556964,0.5,46,15.91304347826087,0.02575762960000001,25.06698,0.0367234340534954,1,1.9606199985753223,1.059722082734087,0.10342226906846719,0
V20_ensw2,H_hold25_t3,3,25.0,,,,,False,0.7297463501097816,2.295304671869259,1.7136756451189306,1.2996556741439413,-0.3585014433028473,0.8163270595132892,-0.04766801713933111,2.6071907798631084,-0.08646232678763,0.4,30,24.4,0.015435560000000001,14.821,0.030522731217315975,1,0.4498748674388662,3.1307268619973527,-0.4497772115867631,0
V20_ensw2,H_hold25_sl8_t3,3,25.0,,,0.08,,False,2.087092158001322,19.605750008846012,3.1788321932412407,2.6711919822613597,-0.15315509095573698,1.420553682075921,0.27536612009933337,7.862032358049207,1.3251720571895915,0.6470588235294118,34,21.529411764705884,0.0219109668,21.31484,0.02898528731777963,1,1.8488901081089932,2.159531927397047,1.2892329117712955,0
V20_ensw2,H_hold25_tr20_t3,3,25.0,,,,0.2,False,0.6684959638710586,1.9004631097276685,1.6045761530239564,1.2281048350178356,-0.3553573193366305,0.8163270595132892,-0.08139013008034257,2.6071907798631084,-0.1959218996901132,0.4375,32,22.875,0.016303988,15.6724,0.031329590527901144,1,0.4498748674388662,3.1307268619973527,-0.5157045982583417,0
V20_ensw2,H_hold25_sl8tr15_t3,3,25.0,,,0.08,0.15,False,1.453206785500813,9.642471313136232,2.601639306499611,2.1141909905934817,-0.2243797087369691,1.638720761559624,-0.07030451223234568,8.90601757532633,0.07434407744684801,0.5641025641025641,39,18.76923076923077,0.024690403200000006,23.97966,0.04289448590256127,1,2.7570973695875223,2.47261254755791,-0.18429390460553097,0
V20_ensw2,H_hold30_t3,3,30.0,,,,,False,0.23777326293069057,0.6815162684915306,0.7986177905600582,1.1219384638610843,-0.30825770437231603,0.282073716999504,-0.03455374950864132,1.022451773660896,-0.16857534484109282,0.5555555555555556,27,27.11111111111111,0.0107213396,10.13798,0.03136720458983658,1,0.9314206207753248,-0.3307101977441179,0.3007984229927758,0
V20_ensw2,H_hold30_sl8_t3,3,30.0,,,0.08,,False,0.7641494450834758,3.745879882351141,1.812786230661194,1.99107660901618,-0.17783196925959954,0.5833319214397681,0.11420064308391242,1.4545807141859788,0.9334788442371642,0.47058823529411764,34,21.529411764705884,0.0162957696,15.76598,0.02190411456853817,1,2.4153014854625545,-0.020218625693237846,0.418268691294595,0
V20_ensw2,H_hold25_sl5_t3,3,25.0,,,0.05,,False,0.6805202648976059,2.6514728498052818,1.7075293301044578,1.7211313379614301,-0.15878561779049805,0.30068804831117335,0.29202406916832313,0.9235289378523963,0.8983196862544331,0.4,45,16.266666666666666,0.019070744400000006,18.28272,0.03485275930652121,1,1.232515018250563,-0.2727987448878205,1.2491533488893616,0
V20_ensw2,H_hold25_sl10_t3,3,25.0,,,0.1,,False,0.36443938165932654,0.62566545402406,1.0905662999145185,0.8170322237885185,-0.3490760258459532,0.8231641592516368,-0.2516091462551595,2.3032491399166,-0.5078586612255642,0.4166666666666667,36,20.333333333333332,0.015543752400000003,14.87512,0.037104644950396275,1,0.672514329613443,0.07704098784180191,-0.09753763773925594,0
V20_ensw2,H_hold25_tr12_t3,3,25.0,,,,0.12,False,1.0931724415457267,5.146067089506543,2.3814470484699033,1.752142927797296,-0.12093943057596279,0.9621250871707587,0.06678848113803548,3.5285825057454536,0.3571723782682483,0.5,38,19.263157894736842,0.019617129599999998,18.85648,0.04826645844753097,1,0.9765219105104164,1.2320077557661508,0.39315668828638173,0
V20_ensw2,H_hold25_tr15_t3,3,25.0,,,,0.15,False,0.43062317418852025,1.2417480386650608,1.1614288280023446,1.0605347377381615,-0.436878393675992,0.9677618720665511,-0.2729693595058459,4.320062038101694,-0.5786237035188857,0.4857142857142857,35,20.914285714285715,0.015551071999999999,14.8646,0.04751878368834844,1,0.6769912975277252,0.717775639723258,-0.22180300408612685,0
V20_ensw2,H_hold30_sl5_t3,3,30.0,,,0.05,,False,1.4579035594158132,8.514582176966808,2.4692503964482184,2.014994781081675,-0.20799740421211332,1.009415240019667,0.22319344974797506,3.8298774673406797,0.9699427658990938,0.5,40,18.3,0.022181384800000002,21.48524,0.03539666905026488,1,1.4885679866442083,0.6190073954552631,1.3615186453386645,0
V20_ensw2,H_hold30_sl10_t3,3,30.0,,,0.1,,False,0.06846129278278146,0.08410189508815114,0.3704585524395921,0.4403217520317965,-0.38068446161009284,0.5343982357582415,-0.30366102626884994,1.2423596702285487,-0.5165352331824375,0.46875,32,22.875,0.0130527632,12.31366,0.029550964802863244,1,1.6895924417894332,-0.36219875330933193,-0.36802737839149746,0
V20_ensw2,H_hold30_tr12_t3,3,30.0,,,,0.12,False,0.3880228337154983,1.3840326471928655,1.1994218733818687,1.5976722638497343,-0.21174361334736158,0.3050256024221303,0.06359816323858003,0.8162331867200825,0.3126247580015684,0.5625,32,22.875,0.013819666400000001,13.31582,0.04106032054417989,1,1.5420557873804412,0.07284809011815607,-0.12584410886836128,0
V20_ensw2,H_hold30_tr15_t3,3,30.0,,,,0.15,False,0.16636178426870996,0.3396355014172521,0.6227249911746326,0.753576898586678,-0.34048994329346105,0.46520674166175047,-0.20396094891981487,1.2576951795834552,-0.40663579674895955,0.5625,32,22.875,0.013510813200000003,12.96466,0.038154573333620205,1,1.5402931028251103,-0.09601976058532347,-0.4166302815603734,0
V20_ensw2,H_hold30_tr20_t3,3,30.0,,,,0.2,False,0.26977958822995185,0.7336359685924843,0.8729833294502887,1.1450690812915945,-0.21355602195627055,0.4645588968324492,-0.13299520355498662,1.158521531058017,-0.1968410119389783,0.5925925925925926,27,27.11111111111111,0.011284155200000003,10.82326,0.03489992244303592,1,1.1057560794565942,0.03190922542870833,-0.20217369623084258,0
V20_ensw2,H_hold30_sl8tr15_t3,3,30.0,,,0.08,0.15,False,1.2949352200589104,6.642058030726226,2.5322515109497523,1.926437301857209,-0.202261706023119,1.2134587661768421,0.03680956479835262,4.85580379993338,0.3050399726188173,0.5428571428571428,35,20.914285714285715,0.020706665200000002,20.07776,0.0414542790594385,1,1.5056689298497226,3.099078512094094,-0.255952936979458,0
V20_ensw2,H_hold40_t3,3,40.0,,,,,False,0.9787977673240373,4.213910550910202,1.9823700376411102,1.6829961877256525,-0.2549690284426587,0.8649891083610244,0.061023766011711,4.368070312922451,-0.028717910352467513,0.6666666666666666,21,34.857142857142854,0.011235908400000001,10.85792,0.026757890868760067,1,0.9613980370034529,2.4561896124894504,-0.23086906509918925,0
V20_ensw2,H_hold40_sl8_t3,3,40.0,,,0.08,,False,0.9248139467460825,3.648084473997552,2.0019369637456697,1.562299826081315,-0.2208446770741782,0.9298087184746928,-0.002588221143781766,2.6272887533615945,0.28142113574220806,0.52,25,29.28,0.0120207124,11.58912,0.03975421975261477,1,1.1421517521694682,0.5063958905375154,0.4404051205898494,0
V20_ensw2,H_hold40_sl5_t3,3,40.0,,,0.05,,False,0.3894664129251846,1.2018824675611421,1.097287839720846,1.2638451535641084,-0.22507582051970454,0.44664111899307346,-0.03952238417478671,0.761627555606216,0.24991372924081245,0.375,32,22.875,0.012804618,12.0429,0.03653936768125741,1,0.4795311308491159,0.25276727017677136,0.187954008592345,0
V20_ensw2,H_hold40_sl10_t3,3,40.0,,,0.1,,False,0.7591051535181395,2.972216576151816,1.769659798065419,1.4600327952153893,-0.19893940625439543,0.9835589985485389,-0.11315713079098844,3.2524471891294757,-0.0658986697575018,0.5217391304347826,23,31.82608695652174,0.011510252,11.1001,0.0313397139241021,1,1.2813385668750974,0.8144771342373032,-0.04039682266639644,0
V20_ensw2,H_hold40_tr12_t3,3,40.0,,,,0.12,False,0.5426039110734313,2.0518486438253434,1.5013497065499923,1.79984715261591,-0.21998919829984986,0.3534499843809493,0.1397568649564822,0.7805414290446124,0.7140003563202004,0.6206896551724138,29,25.24137931034483,0.012172083600000003,11.57218,0.06276420528032044,1,1.7004713044867512,-0.28034173557276354,0.570352344027031,0
V20_ensw2,H_hold40_tr15_t3,3,40.0,,,,0.15,False,0.4603993733910656,1.9128645696650288,1.3249281846470167,1.9212150868040647,-0.2160294453593462,0.4918270443411308,-0.021066564699492862,1.499700719288608,0.16528532683464725,0.4782608695652174,23,31.82608695652174,0.0095708348,9.14274,0.05064102716908688,1,1.3157480879895478,-0.02058519638500156,0.28428767553491396,0
V20_ensw2,H_hold40_tr20_t3,3,40.0,,,,0.2,False,1.303803302257641,7.497576974651452,2.450605243285256,2.0741102076997167,-0.1911439457242241,1.0473514418352536,0.12526030225299412,6.9533183760610004,0.06843163731866131,0.7619047619047619,21,34.857142857142854,0.0116709888,11.29494,0.039517517426566034,1,1.5262322557032388,1.9507393275878435,0.13996360543017605,0
V20_ensw2,H_hold40_sl8tr15_t3,3,40.0,,,0.08,0.15,False,0.7617782368640718,4.0413281273843555,1.7525470496404465,2.50355328502521,-0.3168966851246321,0.5333754930756978,0.14895421559805655,1.5588052852334298,0.9701882579644798,0.6,30,24.4,0.0141129652,13.59026,0.04128351056631081,1,2.110114095071415,0.5747070015803364,0.02936378655591243,0
V20_ensw2,H_hold60_t3,3,60.0,,,,,False,0.7492549056259741,3.234650048223971,1.6892020080063772,1.8679649204087458,-0.23263825655643156,0.2428896974235797,0.407409611047586,3.121282156378128,0.027507918056615788,0.5333333333333333,15,48.8,0.006882289999999999,6.578,0.031117469245993897,1,0.5857862916583974,1.255886859265733,0.18373789882352587,0
V20_ensw2,H_hold60_sl8_t3,3,60.0,,,0.08,,False,0.6886848011018405,2.2714991918896263,1.6738960286986302,1.5689193547239375,-0.1644687554184534,0.46696352052006085,0.151143008998053,0.6850722341293081,0.9414593188523099,0.5,18,40.666666666666664,0.0075144564,7.06632,0.059117950603843346,1,0.5587293606203274,0.7836849835005377,0.17667884438428771,0
V20_ensw2,H_hold60_sl5_t3,3,60.0,,,0.05,,False,0.5153025259475505,1.544668805459163,1.3550877447045147,1.1514669588296922,-0.21707760999703096,0.1754190053810154,0.28915945633902806,0.09808774062609626,1.3173638237762946,0.36,25,29.28,0.0101321316,9.38008,0.04272809476203534,1,0.26689500930088084,0.5896248831509885,0.2635603463765457,0
V20_ensw2,H_hold60_sl10_t3,3,60.0,,,0.1,,False,0.11310250696839397,0.0452763134455223,0.48507796571615364,0.4271853684752805,-0.34320705779228466,0.4542699528724523,-0.23459705347703086,1.0318558373345126,-0.4855558675773145,0.3333333333333333,21,34.857142857142854,0.0082753556,7.58678,0.06723493716858617,1,1.4716294261581222,-0.5094695287528521,-0.13785212604718444,0
V20_ensw2,H_hold60_tr12_t3,3,60.0,,,,0.12,False,0.3223660068821812,1.0487767313408183,1.0510200028378156,1.3814166021519632,-0.303469891567691,0.30790503719874995,0.011056589945095618,0.46792852461528023,0.3956924311950196,0.6086956521739131,23,31.82608695652174,0.0091284952,8.55526,0.057507584084988315,1,1.0729222142411405,-0.2925874336093679,0.3971365593101408,0
V20_ensw2,H_hold60_tr15_t3,3,60.0,,,,0.15,False,0.3170869085296526,0.8980967333007308,0.9309723096926458,1.124154986967855,-0.3184097534418865,0.7175432577183387,-0.2331564852233592,1.9684109059504942,-0.3605680637084999,0.48,25,29.28,0.0110563968,10.57584,0.04672561727201403,1,2.538765781092341,-0.367091793661687,-0.15252714615891205,0
V20_ensw2,H_hold60_tr20_t3,3,60.0,,,,0.2,False,0.621828108479638,2.5281905998494762,1.4082508469142878,1.8242175269859668,-0.19931992204468518,0.5005904551860638,0.08079329898079357,1.1477479971886688,0.6427395599799239,0.6470588235294118,17,43.05882352941177,0.0072960604,6.97452,0.04965884653803668,1,1.2301391089592086,-0.14505840324970887,0.8504767667280022,0
V20_ensw2,H_hold60_sl8tr15_t3,3,60.0,,,0.08,0.15,False,0.8049247831320434,4.066055714569007,1.7936466396524746,2.2473216998029164,-0.19150129593556076,0.8077437759276862,-0.0015593984242578962,2.6630106703476786,0.38303056433306937,0.5555555555555556,27,27.11111111111111,0.013401392799999998,12.89264,0.03774946731577754,1,3.6451363943174897,0.07934614560563436,0.010440502321039657,0
V20_ensw2,R_re100_mh2_t1,1,,100.0,2.0,,,False,0.014791911659323809,0.04203979844986616,0.2389386923574551,0.33254044348700856,-0.2975085834413076,-0.03649211233449756,0.05322636654078483,-0.004752533478349585,0.04701577597755957,0.46551724137931033,58,4.206896551724138,0.060623802,59.4351,0.017146080174138573,1,-0.020077109379448177,0.1772484038633031,-0.09671605073182732,0
V20_ensw2,R_re100_mh2_sl8_t1,1,,100.0,2.0,0.08,,False,0.23285552636224893,0.2732193076169358,0.7250512750998422,0.745992535454917,-0.25977856675454314,0.0823350282768025,0.1390701530976879,0.11948230722925723,0.1373286557499791,0.5,60,4.066666666666666,0.07021739160000001,68.84058,0.015624988696263052,1,0.1651635068260766,-0.036224175690125926,0.1338100800657942,0
V20_ensw2,R_re100_mh5_tr12_t1,1,,100.0,5.0,,0.12,False,0.07842521204401387,0.09863616973277178,0.3955000984432741,0.43622032006776884,-0.4906605094290194,0.44074396427138907,-0.2514803193436287,0.4000142621914591,-0.2152678730479045,0.5135135135135135,37,6.594594594594595,0.0461889252,45.28326,0.018535072089058427,1,0.3355607987781004,0.04962979649775345,-0.21629236287495912,0
V20_ensw2,R_re100_mh5_sl8tr15_t1,1,,100.0,5.0,0.08,0.15,False,-0.09309755633503647,-0.0802730695378564,-0.05138618617096467,-0.006684985619188053,-0.4551272859747336,0.44074396427138907,-0.370531845938636,0.4000142621914591,-0.343058884969869,0.5128205128205128,39,6.230769230769231,0.0469869936,46.06568,0.024362513658513225,2,0.3323340573379394,-0.04259577412761406,-0.2789748167305621,0
V20_ensw2,R_re100_mh5_h20_t1,1,20.0,100.0,5.0,,,False,0.12261776829845417,0.15034557072945187,0.48759768710116425,0.5432688797381601,-0.4682780465312345,0.44074396427138907,-0.2208068913436786,0.4000142621914591,-0.17833296288796174,0.5,36,6.777777777777778,0.04562576279999999,44.73114,0.01795142457146903,1,0.3355607987781004,0.04962979649775345,-0.17940567227736426,0
V20_ensw2,R_re100_mh5_h20_sl8tr15_t1,1,20.0,100.0,5.0,0.08,0.15,False,-0.09309755633503647,-0.0802730695378564,-0.05138618617096467,-0.006684985619188053,-0.4551272859747336,0.44074396427138907,-0.370531845938636,0.4000142621914591,-0.343058884969869,0.5128205128205128,39,6.230769230769231,0.0469869936,46.06568,0.024362513658513225,2,0.3323340573379394,-0.04259577412761406,-0.2789748167305621,0
V20_ensw2,R_re100_mh3_h20_t1,1,20.0,100.0,3.0,,,False,0.7641422544156877,0.8088081874848336,1.5277992170432497,1.2448018733338932,-0.3719673127709615,0.9305424085323084,-0.08619347256045351,0.9884906493682335,-0.09036123048428024,0.5869565217391305,46,5.282608695652174,0.06795974399999999,66.6272,0.019687245092808045,2,0.19237307052007568,0.46877617282150985,0.032820233834252255,0
V20_ensw2,R_re100_mh3_h20_sl8tr15_t1,1,20.0,100.0,3.0,0.08,0.15,False,0.6030559973562977,0.6370606557984491,1.3409845059499397,1.0799433350738183,-0.41430242036964715,0.9305424085323084,-0.16963440415949382,0.9884906493682335,-0.17673203224839795,0.6041666666666666,48,5.0625,0.07150846679999999,70.10634,0.02095291616772851,2,0.2659998396219918,0.5773731206093269,-0.1802211972344786,0
V20_ensw2,R_re100_mh5_t1,1,,100.0,5.0,,,False,0.12261776829845417,0.15034557072945187,0.48759768710116425,0.5432688797381601,-0.4682780465312345,0.44074396427138907,-0.2208068913436786,0.4000142621914591,-0.17833296288796174,0.5,36,6.777777777777778,0.04562576279999999,44.73114,0.01795142457146903,1,0.3355607987781004,0.04962979649775345,-0.17940567227736426,0
V20_ensw2,R_re100_mh5_sl8_t1,1,,100.0,5.0,0.08,,False,-0.09309755633503647,-0.0802730695378564,-0.05138618617096467,-0.006684985619188053,-0.4551272859747336,0.44074396427138907,-0.370531845938636,0.4000142621914591,-0.343058884969869,0.5128205128205128,39,6.230769230769231,0.0469869936,46.06568,0.024362513658513225,2,0.3323340573379394,-0.04259577412761406,-0.2789748167305621,0
V20_ensw2,R_re100_mh3_t1,1,,100.0,3.0,,,False,0.7641422544156877,0.8088081874848336,1.5277992170432497,1.2448018733338932,-0.3719673127709615,0.9305424085323084,-0.08619347256045351,0.9884906493682335,-0.09036123048428024,0.5869565217391305,46,5.282608695652174,0.06795974399999999,66.6272,0.019687245092808045,2,0.19237307052007568,0.46877617282150985,0.032820233834252255,0
V20_ensw2,R_re100_mh3_sl8_t1,1,,100.0,3.0,0.08,,False,0.6030559973562977,0.6370606557984491,1.3409845059499397,1.0799433350738183,-0.41430242036964715,0.9305424085323084,-0.16963440415949382,0.9884906493682335,-0.17673203224839795,0.6041666666666666,48,5.0625,0.07150846679999999,70.10634,0.02095291616772851,2,0.2659998396219918,0.5773731206093269,-0.1802211972344786,0
V20_ensw2,R_re100_mh3_tr12_t1,1,,100.0,3.0,,0.12,False,0.7207640352803601,0.7762692064487551,1.4264459934704383,1.1855594481948193,-0.39488578944149244,0.9305424085323084,-0.10866291894174496,0.9884906493682335,-0.1067248885414186,0.6326530612244898,49,4.959183673469388,0.0754688412,73.98906,0.017496000755575503,2,0.2659998396219918,0.6169999411455187,-0.13230892144209572,0
V20_ensw2,R_re100_mh3_sl8tr15_t1,1,,100.0,3.0,0.08,0.15,False,0.6030559973562977,0.6370606557984491,1.3409845059499397,1.0799433350738183,-0.41430242036964715,0.9305424085323084,-0.16963440415949382,0.9884906493682335,-0.17673203224839795,0.6041666666666666,48,5.0625,0.07150846679999999,70.10634,0.02095291616772851,2,0.2659998396219918,0.5773731206093269,-0.1802211972344786,0
V20_ensw2,R_re200_mh5_t1,1,,200.0,5.0,,,False,-0.3670062585870556,-0.3502144168365168,-0.9064720465397025,-0.7456557070880232,-0.5423633945855693,0.0361174985060313,-0.38907146889647937,-0.07854825612271754,-0.29482407789547693,0.41379310344827586,29,8.379310344827585,0.028551391199999998,27.99156,0.021820839511663002,2,0.045664283400893124,-0.11286478916621423,-0.29953251543474757,0
V20_ensw2,R_re200_mh5_sl8_t1,1,,200.0,5.0,0.08,,False,-0.2510805715404253,-0.23648731525329425,-0.4430424722763263,-0.43350205390503205,-0.5425356983086337,-0.029682292607715266,-0.22817091479007934,-0.12080389169264028,-0.13157863469547093,0.4117647058823529,34,7.176470588235294,0.031697295599999994,31.07578,0.018251976807427524,1,-0.037651608283938875,-0.057583048647507185,-0.1581381243534098,0
V20_ensw2,R_re200_mh5_tr12_t1,1,,200.0,5.0,,0.12,False,0.06811999050618889,0.09220988498919191,0.37285866160309816,0.4179808583653943,-0.3508628004053417,0.0361174985060313,0.03088693323518199,-0.049177961411830506,0.14870064077496825,0.46875,32,7.625,0.0328838004,32.23902,0.018729283739102112,1,0.014439930884566854,-0.0681717174891624,0.15543063745102148,0
V20_ensw2,R_re200_mh5_sl8tr15_t1,1,,200.0,5.0,0.08,0.15,False,-0.2510805715404253,-0.23648731525329425,-0.4430424722763263,-0.43350205390503205,-0.5425356983086337,-0.029682292607715266,-0.22817091479007934,-0.12080389169264028,-0.13157863469547093,0.4117647058823529,34,7.176470588235294,0.031697295599999994,31.07578,0.018251976807427524,1,-0.037651608283938875,-0.057583048647507185,-0.1581381243534098,0
V20_ensw2,R_re100_mh2_tr12_t1,1,,100.0,2.0,,0.12,False,0.012400947021359299,0.040607083100456576,0.22979705817854035,0.3187318303456568,-0.2843799609179488,-0.03649211233449756,0.050744845975595254,-0.004752533478349585,0.04557621908582776,0.4666666666666667,60,4.066666666666666,0.06289269,61.6595,0.016746099788572867,1,0.020748543036208877,0.027305699435896225,-0.007642145647371423,0
V20_ensw2,R_re100_mh2_sl8tr15_t1,1,,100.0,2.0,0.08,0.15,False,0.23285552636224893,0.2732193076169358,0.7250512750998422,0.745992535454917,-0.25977856675454314,0.0823350282768025,0.1390701530976879,0.11948230722925723,0.1373286557499791,0.5,60,4.066666666666666,0.07021739160000001,68.84058,0.015624988696263052,1,0.1651635068260766,-0.036224175690125926,0.1338100800657942,0
V20_ensw2,R_re100_mh2_h20_t1,1,20.0,100.0,2.0,,,False,0.014791911659323809,0.04203979844986616,0.2389386923574551,0.33254044348700856,-0.2975085834413076,-0.03649211233449756,0.05322636654078483,-0.004752533478349585,0.04701577597755957,0.46551724137931033,58,4.206896551724138,0.060623802,59.4351,0.017146080174138573,1,-0.020077109379448177,0.1772484038633031,-0.09671605073182732,0
V20_ensw2,R_re100_mh2_h20_sl8tr15_t1,1,20.0,100.0,2.0,0.08,0.15,False,0.23285552636224893,0.2732193076169358,0.7250512750998422,0.745992535454917,-0.25977856675454314,0.0823350282768025,0.1390701530976879,0.11948230722925723,0.1373286557499791,0.5,60,4.066666666666666,0.07021739160000001,68.84058,0.015624988696263052,1,0.1651635068260766,-0.036224175690125926,0.1338100800657942,0
V20_ensw2,R_re200_mh3_tr12_t1,1,,200.0,3.0,,0.12,False,0.8013662997855544,0.8556251490778044,1.5064069329756018,1.3280928646430536,-0.25481491244919674,0.7364799172908709,0.0373666184380157,0.6021692731023975,0.15819544178663603,0.6590909090909091,44,5.545454545454546,0.0661139112,64.81756,0.012832383985184029,1,0.19655818955215998,0.4138644782453216,0.0968535440429299,0
V20_ensw2,R_re200_mh3_sl8tr15_t1,1,,200.0,3.0,0.08,0.15,False,1.1270982750186507,1.1906582398017975,1.9950718445659283,1.6497206904142432,-0.26124163703458303,0.7364799172908709,0.22494838773442027,0.5795452726033326,0.3868917072514526,0.6829268292682927,41,5.926829268292683,0.06605077320000001,64.75566,0.01658682041487279,2,0.13926829081344372,0.7752780364131049,0.0831341267066179,0
V20_ensw2,R_re200_mh3_h20_t1,1,20.0,200.0,3.0,,,False,0.4502835426336238,0.49666664817697526,1.076676792935118,0.91862462774482,-0.44748501194077084,0.7364799172908709,-0.16481409995443608,0.552679272010693,-0.036074819084293,0.6052631578947368,38,6.421052631578948,0.05034197760000001,49.35488,0.013156452539094424,1,0.12264916598437181,0.3803547223808692,-0.0341930695528091,0
V20_ensw2,R_re200_mh3_h20_sl8tr15_t1,1,20.0,200.0,3.0,0.08,0.15,False,1.1270982750186507,1.1906582398017975,1.9950718445659283,1.6497206904142432,-0.26124163703458303,0.7364799172908709,0.22494838773442027,0.5795452726033326,0.3868917072514526,0.6829268292682927,41,5.926829268292683,0.06605077320000001,64.75566,0.01658682041487279,2,0.13926829081344372,0.7752780364131049,0.0831341267066179,0
V20_ensw2,R_re200_mh2_h20_t1,1,20.0,200.0,2.0,,,False,0.4092750506346652,0.4505228729040527,1.0416762003022688,0.8879222081208938,-0.3920961500721668,0.6877483262144257,-0.16499692001139055,0.748580248434151,-0.1704567896137501,0.6585365853658537,41,5.951219512195122,0.05630393880000001,55.19994,0.01522953221379301,1,0.10770559290603265,0.42350069993757344,-0.08009591393207072,0
V20_ensw2,R_re200_mh2_h20_sl8tr15_t1,1,20.0,200.0,2.0,0.08,0.15,False,0.8651979564043428,0.9090459498858003,1.6273424938739804,1.3087753975634333,-0.3345689482665801,0.9320066440527861,-0.03457994715188917,1.0013564390281746,-0.04612396239982064,0.54,50,4.88,0.08691587280000002,85.21164,0.011861446915190015,1,0.1857578100654811,1.2306569234167886,-0.27824864593296206,0
V20_ensw2,R_re200_mh3_t1,1,,200.0,3.0,,,False,0.4502835426336238,0.49666664817697526,1.076676792935118,0.91862462774482,-0.44748501194077084,0.7364799172908709,-0.16481409995443608,0.552679272010693,-0.036074819084293,0.6052631578947368,38,6.421052631578948,0.05034197760000001,49.35488,0.013156452539094424,1,0.12264916598437181,0.3803547223808692,-0.0341930695528091,0
V20_ensw2,R_re200_mh3_sl8_t1,1,,200.0,3.0,0.08,,False,1.1270982750186507,1.1906582398017975,1.9950718445659283,1.6497206904142432,-0.26124163703458303,0.7364799172908709,0.22494838773442027,0.5795452726033326,0.3868917072514526,0.6829268292682927,41,5.926829268292683,0.06605077320000001,64.75566,0.01658682041487279,2,0.13926829081344372,0.7752780364131049,0.0831341267066179,0
V20_ensw2,R_re300_mh5_tr12_t1,1,,300.0,5.0,,0.12,False,0.14669730063145536,0.17399480184033478,0.5451102856298102,0.6177718318029927,-0.36392522265274996,0.048726725743699184,0.09341859273995445,-0.03583326077046445,0.2176263234079956,0.5555555555555556,27,9.037037037037036,0.0281428812,27.59106,0.016151585621907872,1,0.04045282333813205,-0.024039794098647205,0.1561433112749251,0
V20_ensw2,R_re300_mh5_sl8tr15_t1,1,,300.0,5.0,0.08,0.15,False,0.7619042232215352,0.8151246017392342,1.591267306413446,1.71723130496062,-0.25623130991025156,0.14678571081187108,0.5363848769742598,0.0400696236317053,0.7451952835630358,0.6666666666666666,30,8.133333333333333,0.03755199360000001,36.81568,0.016125443239086736,1,0.06986751760652754,0.1875919017325618,0.4285952890075708,0
V20_ensw2,R_re300_mh5_h20_t1,1,20.0,300.0,5.0,,,False,-0.27542752846181817,-0.2571716752772595,-0.5706404092638334,-0.4493831202949714,-0.47747752201866667,0.06902538448737339,-0.32221209893380265,-0.04754670356252999,-0.22008950202472377,0.4230769230769231,26,9.346153846153847,0.026574080400000002,26.05302,0.01961198097695708,2,-0.015605616009089496,0.03277855134915386,-0.26934540797436146,0
V20_ensw2,R_re300_mh5_h20_sl8tr15_t1,1,20.0,300.0,5.0,0.08,0.15,False,0.7619042232215352,0.8151246017392342,1.591267306413446,1.71723130496062,-0.25623130991025156,0.14678571081187108,0.5363848769742598,0.0400696236317053,0.7451952835630358,0.6666666666666666,30,8.133333333333333,0.03755199360000001,36.81568,0.016125443239086736,1,0.06986751760652754,0.1875919017325618,0.4285952890075708,0
V20_ensw2,R_re200_mh2_t1,1,,200.0,2.0,,,False,0.4092750506346652,0.4505228729040527,1.0416762003022688,0.8879222081208938,-0.3920961500721668,0.6877483262144257,-0.16499692001139055,0.748580248434151,-0.1704567896137501,0.6585365853658537,41,5.951219512195122,0.05630393880000001,55.19994,0.01522953221379301,1,0.10770559290603265,0.42350069993757344,-0.08009591393207072,0
V20_ensw2,R_re200_mh2_sl8_t1,1,,200.0,2.0,0.08,,False,0.8651979564043428,0.9090459498858003,1.6273424938739804,1.3087753975634333,-0.3345689482665801,0.9320066440527861,-0.03457994715188917,1.0013564390281746,-0.04612396239982064,0.54,50,4.88,0.08691587280000002,85.21164,0.011861446915190015,1,0.1857578100654811,1.2306569234167886,-0.27824864593296206,0
V20_ensw2,R_re200_mh2_tr12_t1,1,,200.0,2.0,,0.12,False,0.5986933618942607,0.6498804156857347,1.262327717938649,1.0848429314578036,-0.29344426575431337,0.6877483262144257,-0.052765547408311186,0.748580248434151,-0.0564456980666469,0.6326530612244898,49,4.979591836734694,0.07421679119999999,72.76156,0.013790737000477463,1,0.1857578100654811,0.37892909372160344,0.009054303164068411,0
V20_ensw2,R_re200_mh2_sl8tr15_t1,1,,200.0,2.0,0.08,0.15,False,0.8651979564043428,0.9090459498858003,1.6273424938739804,1.3087753975634333,-0.3345689482665801,0.9320066440527861,-0.03457994715188917,1.0013564390281746,-0.04612396239982064,0.54,50,4.88,0.08691587280000002,85.21164,0.011861446915190015,1,0.1857578100654811,1.2306569234167886,-0.27824864593296206,0
V20_ensw2,R_re200_mh5_h20_t1,1,20.0,200.0,5.0,,,False,-0.3862574273582762,-0.3804946436479507,-0.9983826227273307,-0.8323350357662387,-0.5423633945855693,0.0361174985060313,-0.4076515708626931,-0.07854825612271754,-0.32768551313897765,0.42857142857142855,28,8.714285714285714,0.0278489376,27.30288,0.028777264746061196,1,0.045664283400893124,-0.11286478916621423,-0.33217453590465096,0
V20_ensw2,R_re200_mh5_h20_sl8tr15_t1,1,20.0,200.0,5.0,0.08,0.15,False,-0.2510805715404253,-0.23648731525329425,-0.4430424722763263,-0.43350205390503205,-0.5425356983086337,-0.029682292607715266,-0.22817091479007934,-0.12080389169264028,-0.13157863469547093,0.4117647058823529,34,7.176470588235294,0.031697295599999994,31.07578,0.018251976807427524,1,-0.037651608283938875,-0.057583048647507185,-0.1581381243534098,0
V20_ensw2,R_re300_mh2_t1,1,,300.0,2.0,,,False,-0.06475455220711057,-0.04204926819906463,0.01934007162058024,0.016881225416272315,-0.39527865794422856,-0.21511095915436096,0.1915639015487549,-0.22923020571519015,0.24284934218239473,0.5483870967741935,31,7.870967741935484,0.029257353600000004,28.68368,0.01415349832494562,1,-0.08493210035793264,0.047958584268032345,-0.001045440751138882,0
V20_ensw2,R_re300_mh2_sl8_t1,1,,300.0,2.0,0.08,,False,0.12611684898527997,0.15575633318074988,0.5102940881058037,0.570786093802152,-0.35231803544568907,-0.1363806706733185,0.303950491547303,-0.1088598109436919,0.29694109565932925,0.5294117647058824,34,7.176470588235294,0.033161913599999995,32.51168,0.01409706816552182,1,-0.12993633152754047,0.17126787688971157,0.1341200159822462,0
V20_ensw2,R_re300_mh3_h20_t1,1,20.0,300.0,3.0,,,False,0.2899192344844057,0.3289728013929307,0.8121872556103873,0.783095200650958,-0.33904000489772024,0.4862889537615718,-0.13212082265711855,0.3329607187981911,-0.0029917741378422402,0.5625,32,7.625,0.0378512616,37.10908,0.013335430834777598,1,-0.08332825838517943,0.4502550784937005,-0.00032724885451029806,0
V20_ensw2,R_re300_mh3_h20_sl8tr15_t1,1,20.0,300.0,3.0,0.08,0.15,False,0.4586630109503569,0.5107565970748504,1.1018520926150677,0.9878156811951165,-0.2605004259943151,0.41734089557206944,0.029154676554796755,0.2901144768541146,0.17102522619447047,0.5757575757575758,33,7.393939393939394,0.039579508799999996,38.80344,0.014407563046005881,1,-0.0740321465721393,0.40286584423059724,0.16300731997681295,0
V20_ensw2,R_re300_mh5_t1,1,,300.0,5.0,,,False,-0.39364657629139477,-0.38384147694766013,-1.1076978266452149,-0.7864696974632515,-0.56104869296698,-0.0778639854840848,-0.34244686883104103,0.006432852186079696,-0.3877797990059868,0.4230769230769231,26,9.346153846153847,0.0240370956,23.56578,0.02208798900197321,2,-0.015175392869424154,-0.20409025430565264,-0.21391457092900945,0
V20_ensw2,R_re300_mh5_sl8_t1,1,,300.0,5.0,0.08,,False,0.7619042232215352,0.8151246017392342,1.591267306413446,1.71723130496062,-0.25623130991025156,0.14678571081187108,0.5363848769742598,0.0400696236317053,0.7451952835630358,0.6666666666666666,30,8.133333333333333,0.03755199360000001,36.81568,0.016125443239086736,1,0.06986751760652754,0.1875919017325618,0.4285952890075708,0
V20_ensw2,R_re400_mh5_t1,1,,400.0,5.0,,,False,0.9195380400844568,0.9790057673459445,1.8160555970003356,2.465598099867895,-0.21807911967495153,0.20724849512364218,0.5900107126560243,0.1223663528349026,0.7632440266471987,0.72,25,9.76,0.033959349599999994,33.29348,0.014212423932977471,1,0.2513514635469998,-0.05491043937645257,0.6733808241751218,0
V20_ensw2,R_re400_mh5_sl8_t1,1,,400.0,5.0,0.08,,False,0.20395897054348544,0.2332175657905209,0.6486895209542309,0.6765109161583753,-0.40723790851705255,0.15993386406117938,0.037954841949491946,0.1982220742655778,0.029206181622378313,0.5625,32,7.625,0.0376539936,36.91568,0.013758173983021236,1,0.06986751760652754,0.2575808218658546,-0.08341278681693298,0
V20_ensw2,R_re400_mh5_tr12_t1,1,,400.0,5.0,,0.12,False,-0.05444115551994866,-0.033778766791366155,0.04974391727208581,0.08702492450926981,-0.41849877517555,0.20724849512364218,-0.21676535667728414,0.11944488775007311,-0.13687467441956658,0.5714285714285714,28,8.714285714285714,0.0327341052,32.09226,0.014609158983651716,1,0.29799076558710325,0.006136649165889407,-0.26014262780424313,0
V20_ensw2,R_re400_mh5_sl8tr15_t1,1,,400.0,5.0,0.08,0.15,False,0.20395897054348544,0.2332175657905209,0.6486895209542309,0.6765109161583753,-0.40723790851705255,0.15993386406117938,0.037954841949491946,0.1982220742655778,0.029206181622378313,0.5625,32,7.625,0.0376539936,36.91568,0.013758173983021236,1,0.06986751760652754,0.2575808218658546,-0.08341278681693298,0
V20_ensw2,R_re300_mh3_t1,1,,300.0,3.0,,,False,0.08015996092449673,0.10934572745171112,0.39555130375869935,0.47528142656732736,-0.39527865794422856,-0.21511095915436096,0.3761944742670036,-0.22923020571519015,0.43926985161771004,0.5517241379310345,29,8.413793103448276,0.028592150399999995,28.03152,0.013044098143648418,1,-0.044663782372808325,-0.08311153884609901,0.2664678377716263,0
V20_ensw2,R_re300_mh3_sl8_t1,1,,300.0,3.0,0.08,,False,-0.1719991730293412,-0.15443311999585507,-0.31298879144406805,-0.2564725170556815,-0.46029093011501143,-0.20037111335082447,0.035481384921416836,-0.27792599075596336,0.17102522619446847,0.4838709677419355,31,7.870967741935484,0.026840076000000004,26.3138,0.016083147424140146,1,-0.1294095572545657,-0.1648747392466242,0.16300731997681184,0
V20_ensw2,R_re300_mh3_tr12_t1,1,,300.0,3.0,,0.12,False,0.34974033576965,0.3855873144645261,0.9378417058027798,1.0371153519890912,-0.39527865794422856,-0.21511095915436096,0.7196575127554854,-0.22923020571519015,0.797666858170279,0.6129032258064516,31,7.870967741935484,0.032080938,31.4519,0.013791529275216222,1,-0.08493210035793264,0.21742827086598493,0.24376174614210377,0
V20_ensw2,R_re300_mh3_sl8tr15_t1,1,,300.0,3.0,0.08,0.15,False,-0.1719991730293412,-0.15443311999585507,-0.31298879144406805,-0.2564725170556815,-0.46029093011501143,-0.20037111335082447,0.035481384921416836,-0.27792599075596336,0.17102522619446847,0.4838709677419355,31,7.870967741935484,0.026840076000000004,26.3138,0.016083147424140146,1,-0.1294095572545657,-0.1648747392466242,0.16300731997681184,0
V20_ensw2,R_re300_mh2_tr12_t1,1,,300.0,2.0,,0.12,False,-0.18593027501089032,-0.1649572444773154,-0.31444453470838346,-0.21131378409773693,-0.43089247576129563,-0.21511095915436096,0.03717810113902398,-0.22923020571519015,0.08338801249666661,0.5142857142857142,35,6.9714285714285715,0.03238867200000001,31.7536,0.015748784064331098,1,-0.08548578691809794,0.05191949105036242,-0.13196796978587932,0
V20_ensw2,R_re300_mh2_sl8tr15_t1,1,,300.0,2.0,0.08,0.15,False,0.12611684898527997,0.15575633318074988,0.5102940881058037,0.570786093802152,-0.35231803544568907,-0.1363806706733185,0.303950491547303,-0.1088598109436919,0.29694109565932925,0.5294117647058824,34,7.176470588235294,0.033161913599999995,32.51168,0.01409706816552182,1,-0.12993633152754047,0.17126787688971157,0.1341200159822462,0
V20_ensw2,R_re300_mh2_h20_t1,1,20.0,300.0,2.0,,,False,0.03693992056001316,0.07040555576594065,0.290381606976136,0.37806533597105463,-0.32828758114460865,-0.13018996200028243,0.192145267654809,-0.1387487449714947,0.2428493421823965,0.5882352941176471,34,7.176470588235294,0.0341392368,33.46984,0.013180074974175062,1,-0.0183925048969098,0.08322482406876719,0.006681029669261429,0
V20_ensw2,R_re300_mh2_h20_sl8tr15_t1,1,20.0,300.0,2.0,0.08,0.15,False,0.2545176850404962,0.29143176061107035,0.8006370811304806,0.8591620972071881,-0.2800308877510409,-0.03910782543017155,0.305575920214064,-0.00424794546699081,0.29694109565933036,0.5675675675675675,37,6.594594594594595,0.0385104468,37.75534,0.013534115815203897,1,-0.04998547439524792,0.0792444728534012,0.25956731989957316,0
V20_ensw2,R_re400_mh3_tr12_t1,1,,400.0,3.0,,0.12,False,0.20473812831530314,0.2318548670350502,0.6549200423423055,0.7689456697317895,-0.3577946562074681,-0.022121005483803025,0.23199100816287066,-0.10418383157178435,0.37512015349805816,0.6129032258064516,31,7.870967741935484,0.03049596,29.898,0.018018741828204645,1,0.09550945013316015,-0.18353816226669117,0.37723333295581907,0
V20_ensw2,R_re400_mh3_sl8tr15_t1,1,,400.0,3.0,0.08,0.15,False,-0.2711513825102322,-0.25602227506934105,-0.6718068411748034,-0.5769390560226871,-0.4556505700328667,-0.05207732239560747,-0.23110963087018088,-0.021479911023745357,-0.23969090332215737,0.4838709677419355,31,7.870967741935484,0.0290343408,28.46504,0.01843415624969308,1,-0.028992462519357942,0.05604559841143053,-0.2744711927899147,0
V20_ensw2,R_re400_mh3_h20_t1,1,20.0,400.0,3.0,,,False,0.17870805877649554,0.20681436290222632,0.6076706607926822,0.7753652577054472,-0.37961093541752244,-0.056732587041071536,0.2496011656747632,-0.16239471572368847,0.4407912480458036,0.6428571428571429,28,8.714285714285714,0.027336632399999995,26.80062,0.017076965247149675,1,-0.06579790979046307,-0.07820450974579529,0.4014094979332177,0
V20_ensw2,R_re400_mh3_h20_sl8tr15_t1,1,20.0,400.0,3.0,0.08,0.15,False,-0.25242558805323956,-0.2356801760422017,-0.5689304857517049,-0.4906723031266803,-0.44280991724667806,-0.026456618002010934,-0.23210981064600866,0.00527512731003843,-0.2396909033221577,0.4838709677419355,31,7.870967741935484,0.029634896400000003,29.05382,0.011744691554610998,1,-0.028992462519357942,0.08492036632476174,-0.2744711927899153,0
V20_ensw2,R_re400_mh2_h20_t1,1,20.0,400.0,2.0,,,False,-0.2964521840506448,-0.2815413901766829,-0.6725347922977074,-0.5298456345570486,-0.4530816353470417,0.020299866289735347,-0.3104499577092287,0.051608404723959556,-0.3168002399030768,0.5172413793103449,29,8.413793103448276,0.028008078,27.4589,0.017620154395915393,1,-0.06579790979046307,0.026926037127923852,-0.25110358142471,0
V20_ensw2,R_re400_mh2_h20_sl8tr15_t1,1,20.0,400.0,2.0,0.08,0.15,False,-0.10970976752994166,-0.08614546739712259,-0.10126194950344825,-0.02095699293195721,-0.3352187664084221,-0.007480850574795528,-0.10299944037790065,0.025315576694540987,-0.10870901274220057,0.5384615384615384,39,6.256410256410256,0.0391216512,38.35456,0.014613788079334515,1,-0.024822018938594037,0.07052710620260716,-0.12462222656131217,0
V20_ensw2,R_re400_mh3_t1,1,,400.0,3.0,,,False,0.12901733010826644,0.1588929397351646,0.505116583150349,0.678979867630097,-0.40454156340328595,-0.09525946409091746,0.24789073253342186,-0.19565520591063312,0.4407912480458047,0.6153846153846154,26,9.384615384615385,0.024831165600000003,24.34428,0.016155346573649417,1,-0.04382206311004988,-0.13515248468984187,0.40140949793321945,0
V20_ensw2,R_re400_mh3_sl8_t1,1,,400.0,3.0,0.08,,False,-0.2711513825102322,-0.25602227506934105,-0.6718068411748034,-0.5769390560226871,-0.4556505700328667,-0.05207732239560747,-0.23110963087018088,-0.021479911023745357,-0.23969090332215737,0.4838709677419355,31,7.870967741935484,0.0290343408,28.46504,0.01843415624969308,1,-0.028992462519357942,0.05604559841143053,-0.2744711927899147,0
V20_ensw2,R_re400_mh2_t1,1,,400.0,2.0,,,False,-0.1895886053260306,-0.17437379049328816,-0.3065614318021149,-0.3188485445797862,-0.4121436341535252,0.08951011194191771,-0.2561690012867244,0.12400032552592477,-0.265457321713499,0.5,26,9.346153846153847,0.026835628800000004,26.30944,0.02371192211695098,2,-0.04382206311004988,0.0621141030796859,-0.18703176431392,0
V20_ensw2,R_re400_mh2_sl8_t1,1,,400.0,2.0,0.08,,False,-0.10970976752994166,-0.08614546739712259,-0.10126194950344825,-0.02095699293195721,-0.3352187664084221,-0.007480850574795528,-0.10299944037790065,0.025315576694540987,-0.10870901274220057,0.5384615384615384,39,6.256410256410256,0.0391216512,38.35456,0.014613788079334515,1,-0.024822018938594037,0.07052710620260716,-0.12462222656131217,0
V20_ensw2,R_re400_mh2_tr12_t1,1,,400.0,2.0,,0.12,False,-0.22426714007929405,-0.2088071498387175,-0.4082379382896223,-0.36665548670700865,-0.43865429907074294,0.0424461302629322,-0.2558532883372632,0.0788795574307608,-0.2666532193404183,0.5454545454545454,33,7.363636363636363,0.032594283599999996,31.95518,0.019372979546347455,2,0.003601445180661411,0.020355784924890097,-0.22737377550128202,0
V20_ensw2,R_re400_mh2_sl8tr15_t1,1,,400.0,2.0,0.08,0.15,False,-0.10970976752994166,-0.08614546739712259,-0.10126194950344825,-0.02095699293195721,-0.3352187664084221,-0.007480850574795528,-0.10299944037790065,0.025315576694540987,-0.10870901274220057,0.5384615384615384,39,6.256410256410256,0.0391216512,38.35456,0.014613788079334515,1,-0.024822018938594037,0.07052710620260716,-0.12462222656131217,0
V20_ensw2,R_re400_mh5_h20_t1,1,20.0,400.0,5.0,,,False,0.9195380400844568,0.9790057673459445,1.8160555970003356,2.465598099867895,-0.21807911967495153,0.20724849512364218,0.5900107126560243,0.1223663528349026,0.7632440266471987,0.72,25,9.76,0.033959349599999994,33.29348,0.014212423932977471,1,0.2513514635469998,-0.05491043937645257,0.6733808241751218,0
V20_ensw2,R_re400_mh5_h20_sl8tr15_t1,1,20.0,400.0,5.0,0.08,0.15,False,0.20395897054348544,0.2332175657905209,0.6486895209542309,0.6765109161583753,-0.40723790851705255,0.15993386406117938,0.037954841949491946,0.1982220742655778,0.029206181622378313,0.5625,32,7.625,0.0376539936,36.91568,0.013758173983021236,1,0.06986751760652754,0.2575808218658546,-0.08341278681693298,0
V20_ensw2,R_re500_mh2_t1,1,,500.0,2.0,,,False,0.41397739864151695,0.4577384940350686,1.0902340420331031,1.549480915090187,-0.310577946810322,0.15656487693574972,0.22256643517289465,0.054092887082028085,0.38293172442366474,0.7391304347826086,23,10.565217391304348,0.026727671999999997,26.2036,0.019113706929551767,2,0.1750437274497989,-0.1029330547810936,0.38293172442366474,0
V20_ensw2,R_re500_mh2_sl8_t1,1,,500.0,2.0,0.08,,False,-0.07125862767546809,-0.048573852740055434,-0.01202036626033563,0.04842542108189582,-0.31269858444551224,0.03643735566617101,-0.10390978552911878,0.07159418350069324,-0.11213950028002462,0.5555555555555556,27,9.037037037037036,0.0280589964,27.50882,0.017167809103330635,1,0.10886340077921086,-0.016042596233745487,-0.12799146577230025,0
V20_ensw2,R_re500_mh2_tr12_t1,1,,500.0,2.0,,0.12,False,-0.07213747673235127,-0.0500071441662554,-0.002651009625477939,0.018561922940541865,-0.291485616369934,0.15656487693574972,-0.19774277969951326,0.06895266678310263,-0.11128632225349555,0.5384615384615384,26,9.384615384615385,0.029239136399999997,28.66582,0.014580906742201031,1,0.17115114049965086,0.018277826173766165,-0.20339852378908563,0
V20_ensw2,R_re500_mh2_sl8tr15_t1,1,,500.0,2.0,0.08,0.15,False,-0.07125862767546809,-0.048573852740055434,-0.01202036626033563,0.04842542108189582,-0.31269858444551224,0.03643735566617101,-0.10390978552911878,0.07159418350069324,-0.11213950028002462,0.5555555555555556,27,9.037037037037036,0.0280589964,27.50882,0.017167809103330635,1,0.10886340077921086,-0.016042596233745487,-0.12799146577230025,0
V20_ensw2,R_re500_mh2_h20_t1,1,20.0,500.0,2.0,,,False,-0.20556622724172247,-0.18469793966821169,-0.4071238594388521,-0.5349460913151403,-0.44236356198178683,0.15656487693574972,-0.3131092007020979,0.044805524768856575,-0.21966141927498073,0.5185185185185185,27,9.037037037037036,0.0287203236,28.15718,0.014421628985325388,1,0.18637061591525184,-0.16094203249340577,-0.180957962508967,0
V20_ensw2,R_re500_mh2_h20_sl8tr15_t1,1,20.0,500.0,2.0,0.08,0.15,False,-0.0791649332047425,-0.057094867459487886,-0.006771069397925126,0.037233716193960355,-0.3191816752852672,0.02485803790496921,-0.10149988316660674,0.06199693852570065,-0.11213950028002484,0.5625,32,7.625,0.0328368396,32.19298,0.013986129008754154,1,-0.04670922002285938,0.16684574460302115,-0.15232541875386296,0
V20_ensw2,R_re500_mh5_tr12_t1,1,,500.0,5.0,,0.12,False,0.29634238444902783,0.3321459585073825,0.8712129345778943,0.9818536842601475,-0.2708323463550907,0.2337263150882134,0.05075361414848145,0.2469730613830441,0.06830371863035345,0.5714285714285714,21,11.619047619047619,0.025972504800000008,25.46324,0.016476502429374713,1,0.41565781659098855,-0.16283506097965117,0.12404186992474431,0
V20_ensw2,R_re500_mh5_sl8tr15_t1,1,,500.0,5.0,0.08,0.15,False,0.20593116078420004,0.2363711872171823,0.7019554174303512,0.7604858457085056,-0.28386667634045115,0.0008654195981250279,0.20488842672615837,0.03494951684908032,0.19461980230816844,0.6521739130434783,23,10.608695652173912,0.0257940252,25.28826,0.013652739748202386,1,0.060144657113632816,0.09618190521977343,0.06390075668307849,0
V20_ensw2,R_re500_mh5_h20_t1,1,20.0,500.0,5.0,,,False,-0.2493887850555928,-0.23290570039003067,-0.5121828801943535,-0.4561065403472017,-0.527167076369615,0.3623506701849002,-0.4490323002942166,0.22008229867416862,-0.37127659302692073,0.42857142857142855,21,11.619047619047619,0.023884523999999997,23.4162,0.01598052562372003,1,0.32740381818926023,-0.17321937039698,-0.30103504764743105,0
V20_ensw2,R_re500_mh5_h20_sl8tr15_t1,1,20.0,500.0,5.0,0.08,0.15,False,0.4712962016506579,0.5150579760807863,1.242347694915437,1.3335839184793459,-0.28454317408882734,0.22204310657789939,0.2039642413030296,0.268234440073309,0.194619802308168,0.6923076923076923,26,9.384615384615385,0.0334002672,32.74536,0.01615488015227733,1,0.18364555403350358,0.10064893586549117,0.16294389437610657,0
V20_ensw2,R_re500_mh3_h20_t1,1,20.0,500.0,3.0,,,False,0.5984047298757622,0.648957012316991,1.410513359978895,2.125612978481665,-0.21461406166062635,0.25466174700423716,0.2739726334147683,0.1299890984399572,0.459268071341141,0.72,25,9.76,0.0306324156,30.03178,0.014656855012303951,1,0.17115114049965086,0.024560644273445176,0.3742277643867076,0
V20_ensw2,R_re500_mh3_h20_sl8tr15_t1,1,20.0,500.0,3.0,0.08,0.15,False,0.014799225279996664,0.04210234938362367,0.2330315165684691,0.298831924590113,-0.3115746876997961,-0.0018549895377278913,0.016685165625394793,0.03236806522238256,0.009429082988095194,0.5925925925925926,27,9.037037037037036,0.027476311199999996,26.93756,0.015171171130081965,1,-0.0028230625106493434,0.08602782676834941,-0.037729446302524505,0
V20_ensw2,R_re500_mh5_t1,1,,500.0,5.0,,,False,0.6703481146675059,0.7208174863492949,1.597945039698671,2.032642179602276,-0.19261047109172413,0.2337263150882134,0.35390490924891593,0.2697616096633364,0.3552287872410562,0.6,20,12.2,0.026846134800000004,26.31974,0.01825902438670323,1,0.38339264249478155,-0.043498104646015556,0.3004795102288733,0
V20_ensw2,R_re500_mh5_sl8_t1,1,,500.0,5.0,0.08,,False,0.20593116078420004,0.2363711872171823,0.7019554174303512,0.7604858457085056,-0.28386667634045115,0.0008654195981250279,0.20488842672615837,0.03494951684908032,0.19461980230816844,0.6521739130434783,23,10.608695652173912,0.0257940252,25.28826,0.013652739748202386,1,0.060144657113632816,0.09618190521977343,0.06390075668307849,0
V20_ensw2,R_re500_mh3_t1,1,,500.0,3.0,,,False,0.5510259637454982,0.593687730310513,1.327428128301785,2.087835379810135,-0.2425228470775126,0.25466174700423716,0.23621045070425684,0.1596969378811426,0.37422776438670735,0.7083333333333334,24,10.166666666666666,0.0291789768,28.60684,0.01105837894870017,1,0.17115114049965086,-0.02470761880429495,0.39526098931319664,0
V20_ensw2,R_re500_mh3_sl8_t1,1,,500.0,3.0,0.08,,False,0.05196935090625532,0.08169833398648119,0.32567969425293997,0.41020623459006134,-0.2848943694159506,0.03643735566617101,0.014985946960683671,0.07159418350069324,0.009429082988094972,0.64,25,9.76,0.0260857044,25.57422,0.017160088466647298,1,0.018127133759237468,0.1040962956086735,-0.037729446302524505,0
V20_ensw2,R_re500_mh3_tr12_t1,1,,500.0,3.0,,0.12,False,-0.174074638920511,-0.15079781499919565,-0.26247050247663184,-0.3208277450258292,-0.46479036249932426,0.25466174700423716,-0.3417147186868841,0.1412575892624759,-0.2559066480779406,0.6153846153846154,26,9.384615384615385,0.028545822000000002,27.9861,0.0149142041824942,1,0.17115114049965086,0.048313904484339476,-0.30831746304943564,0
V20_ensw2,R_re500_mh3_sl8tr15_t1,1,,500.0,3.0,0.08,0.15,False,0.05196935090625532,0.08169833398648119,0.32567969425293997,0.41020623459006134,-0.2848943694159506,0.03643735566617101,0.014985946960683671,0.07159418350069324,0.009429082988094972,0.64,25,9.76,0.0260857044,25.57422,0.017160088466647298,1,0.018127133759237468,0.1040962956086735,-0.037729446302524505,0
V20_ensw2,R_re100_mh5_t2,2,,100.0,5.0,,,False,0.5291868435019713,1.1642252664669206,1.3790003101414063,1.2040266694653003,-0.37583156447096777,1.0833467722131012,-0.26599504993710466,2.3927019713030186,-0.3620939048661215,0.5285714285714286,70,6.957142857142857,0.053056299599999995,52.01598,0.03144075472419774,1,0.4958021811620581,1.4511855445756936,-0.4097280932828665,0
V20_ensw2,R_re100_mh5_sl8_t2,2,,100.0,5.0,0.08,,False,0.5009736472502495,1.0177355110768338,1.2531895266679336,1.1155715493115186,-0.38726187027335734,0.852075347098441,-0.18957203895524388,2.0308837351336604,-0.3342748559809562,0.5256410256410257,78,6.243589743589744,0.054457698,53.3899,0.031056324883912526,1,0.2125073856506079,1.2015288801960549,-0.24411546893178537,0
V20_ensw2,R_re100_mh5_tr12_t2,2,,100.0,5.0,,0.12,False,0.4459845050629925,0.8838163007940325,1.1353058614407345,1.048271049513028,-0.4441969585594573,1.0833467722131012,-0.30593191476858683,2.33611039986132,-0.4353255513149862,0.5540540540540541,74,6.581081081081081,0.05428958160000001,53.22508,0.031111847843922683,1,0.5129247001519819,0.9841224251374512,-0.37244358752611073,0
V20_ensw2,R_re100_mh5_sl8tr15_t2,2,,100.0,5.0,0.08,0.15,False,0.5009736472502495,1.0177355110768338,1.2531895266679336,1.1155715493115186,-0.38726187027335734,0.852075347098441,-0.18957203895524388,2.0308837351336604,-0.3342748559809562,0.5256410256410257,78,6.243589743589744,0.054457698,53.3899,0.031056324883912526,1,0.2125073856506079,1.2015288801960549,-0.24411546893178537,0
V20_ensw2,R_re200_mh5_tr12_t2,2,,200.0,5.0,,0.12,False,0.1874660672982893,0.3846188952415883,0.6544914832692627,0.8608618144494643,-0.334911181519149,0.32468646727548056,-0.1035870776723613,0.4356553662035241,-0.035549249606398936,0.6119402985074627,67,7.2835820895522385,0.0391855644,38.41722,0.030120345464479975,1,0.5410533099331385,0.02478182278527452,-0.12323909174532977,0
V20_ensw2,R_re200_mh5_sl8tr15_t2,2,,200.0,5.0,0.08,0.15,False,0.2617538677070479,0.5306727143400687,0.8444190329012934,1.0454044662689026,-0.2170861229973099,0.2891309966371238,-0.02123688671011148,0.3275066832810585,0.1530433206986701,0.5606060606060606,66,7.393939393939394,0.039491564400000005,38.71722,0.0323496903241476,1,0.44537487327166625,0.21477706973396726,-0.12822330597153964,0
V20_ensw2,R_re200_mh5_h20_t2,2,20.0,200.0,5.0,,,False,0.09693892954994454,0.15254153980540175,0.44417645978734444,0.5498927291437796,-0.3182971491501908,0.32468646727548056,-0.17192561662832584,0.422172040204873,-0.1895906351531348,0.5573770491803278,61,8.0,0.0363332772,35.62086,0.031325262762611134,1,0.5180685386265327,0.009695714021687563,-0.24807470545370958,0
V20_ensw2,R_re200_mh5_h20_sl8tr15_t2,2,20.0,200.0,5.0,0.08,0.15,False,0.2617538677070479,0.5306727143400687,0.8444190329012934,1.0454044662689026,-0.2170861229973099,0.2891309966371238,-0.02123688671011148,0.3275066832810585,0.1530433206986701,0.5606060606060606,66,7.393939393939394,0.039491564400000005,38.71722,0.0323496903241476,1,0.44537487327166625,0.21477706973396726,-0.12822330597153964,0
V20_ensw2,R_re100_mh3_tr12_t2,2,,100.0,3.0,,0.12,False,0.8357881891542425,2.1800649236313214,1.9150932167720522,1.8417279014842087,-0.22465034714683774,0.8248507683854245,0.005993597371524384,1.978192028259396,0.06778370684509216,0.6326530612244898,98,4.969387755102041,0.07264032,71.216,0.029637697816673976,1,0.6121196778434534,0.8135239739751348,0.08771572298539887,0
V20_ensw2,R_re100_mh3_sl8tr15_t2,2,,100.0,3.0,0.08,0.15,False,0.790390939485262,2.086926281978037,1.9238202246735405,1.8768760307034955,-0.30843023305842565,0.8248507683854245,-0.018883642157024205,1.978192028259396,0.036510155385175214,0.6464646464646465,99,4.91919191919192,0.074089128,72.6364,0.030048603458367646,1,0.7116650015511286,0.7084692943677013,0.05560225623494475,0
V20_ensw2,R_re100_mh3_h20_t2,2,20.0,100.0,3.0,,,False,0.7770098940624142,2.017728270702719,1.8236700766558152,1.8105471756117064,-0.27626214534510485,0.8248507683854245,-0.026216321439445633,1.978192028259396,0.013275249570267045,0.6170212765957447,94,5.180851063829787,0.0684173772,67.07586,0.02991955595336269,1,0.5798848657627562,0.6586230150793588,0.15161418383858027,0
V20_ensw2,R_re100_mh3_h20_sl8tr15_t2,2,20.0,100.0,3.0,0.08,0.15,False,0.790390939485262,2.086926281978037,1.9238202246735405,1.8768760307034955,-0.30843023305842565,0.8248507683854245,-0.018883642157024205,1.978192028259396,0.036510155385175214,0.6464646464646465,99,4.91919191919192,0.074089128,72.6364,0.030048603458367646,1,0.7116650015511286,0.7084692943677013,0.05560225623494475,0
V20_ensw2,R_re100_mh2_h20_t2,2,20.0,100.0,2.0,,,False,0.7810175783495346,2.017813658315059,1.8326997983797608,1.8130382085199777,-0.20951675166870942,0.5746138078948795,0.13108215450656902,1.4898156455006322,0.21206309542177415,0.5483870967741935,124,3.935483870967742,0.08817159480000002,86.44274,0.0280953393598316,1,0.4210654327671701,1.0588801328508364,0.03144786547117584,0
V20_ensw2,R_re100_mh2_h20_sl8tr15_t2,2,20.0,100.0,2.0,0.08,0.15,False,0.8709026933370205,2.3011031189591273,1.9827563367674763,1.9234764347885815,-0.19969809353442303,0.5529484620355991,0.20474229446394565,1.408249682238639,0.37074786858915676,0.5396825396825397,126,3.873015873015873,0.08933200800000002,87.5804,0.028745643259745293,1,0.41893386051031545,0.9229717453839619,0.20982912474023885,0
V20_ensw2,R_re100_mh3_t2,2,,100.0,3.0,,,False,0.7770098940624142,2.017728270702719,1.8236700766558152,1.8105471756117064,-0.27626214534510485,0.8248507683854245,-0.026216321439445633,1.978192028259396,0.013275249570267045,0.6170212765957447,94,5.180851063829787,0.0684173772,67.07586,0.02991955595336269,1,0.5798848657627562,0.6586230150793588,0.15161418383858027,0
V20_ensw2,R_re100_mh3_sl8_t2,2,,100.0,3.0,0.08,,False,0.790390939485262,2.086926281978037,1.9238202246735405,1.8768760307034955,-0.30843023305842565,0.8248507683854245,-0.018883642157024205,1.978192028259396,0.036510155385175214,0.6464646464646465,99,4.91919191919192,0.074089128,72.6364,0.030048603458367646,1,0.7116650015511286,0.7084692943677013,0.05560225623494475,0
V20_ensw2,R_re100_mh2_t2,2,,100.0,2.0,,,False,0.7810175783495346,2.017813658315059,1.8326997983797608,1.8130382085199777,-0.20951675166870942,0.5746138078948795,0.13108215450656902,1.4898156455006322,0.21206309542177415,0.5483870967741935,124,3.935483870967742,0.08817159480000002,86.44274,0.0280953393598316,1,0.4210654327671701,1.0588801328508364,0.03144786547117584,0
V20_ensw2,R_re100_mh2_sl8_t2,2,,100.0,2.0,0.08,,False,0.8709026933370205,2.3011031189591273,1.9827563367674763,1.9234764347885815,-0.19969809353442303,0.5529484620355991,0.20474229446394565,1.408249682238639,0.37074786858915676,0.5396825396825397,126,3.873015873015873,0.08933200800000002,87.5804,0.028745643259745293,1,0.41893386051031545,0.9229717453839619,0.20982912474023885,0
V20_ensw2,R_re100_mh2_tr12_t2,2,,100.0,2.0,,0.12,False,0.8560811437301177,2.2464855171263496,1.9544598533551674,1.8953191198931365,-0.2057762203764013,0.5746138078948795,0.17875325011377674,1.4898156455006322,0.3039059831570674,0.5476190476190477,126,3.873015873015873,0.09025445519999997,88.48476,0.026891679886721094,1,0.44210215958532006,0.8246907699946799,0.23375284555644327,0
V20_ensw2,R_re100_mh2_sl8tr15_t2,2,,100.0,2.0,0.08,0.15,False,0.8709026933370205,2.3011031189591273,1.9827563367674763,1.9234764347885815,-0.19969809353442303,0.5529484620355991,0.20474229446394565,1.408249682238639,0.37074786858915676,0.5396825396825397,126,3.873015873015873,0.08933200800000002,87.5804,0.028745643259745293,1,0.41893386051031545,0.9229717453839619,0.20982912474023885,0
V20_ensw2,R_re100_mh5_h20_t2,2,20.0,100.0,5.0,,,False,0.5223149562897329,1.1136630967818704,1.3625537200704032,1.1794952737374635,-0.37583156447096777,1.0833467722131012,-0.2692935345215689,2.3927019713030186,-0.37699712068428837,0.5428571428571428,70,6.9714285714285715,0.05303351280000001,51.99364,0.031312950366697755,1,0.4958021811620581,1.4511855445756936,-0.42351844531792604,0
V20_ensw2,R_re100_mh5_h20_sl8tr15_t2,2,20.0,100.0,5.0,0.08,0.15,False,0.5009736472502495,1.0177355110768338,1.2531895266679336,1.1155715493115186,-0.38726187027335734,0.852075347098441,-0.18957203895524388,2.0308837351336604,-0.3342748559809562,0.5256410256410257,78,6.243589743589744,0.054457698,53.3899,0.031056324883912526,1,0.2125073856506079,1.2015288801960549,-0.24411546893178537,0
V20_ensw2,R_re200_mh2_t2,2,,200.0,2.0,,,False,0.43304111398155376,0.9761347594070384,1.2161716235386966,1.2847045973008504,-0.2636851779285446,0.5844942545408609,-0.09558453123150812,1.487004078906014,-0.20541555352964924,0.5869565217391305,92,5.304347826086956,0.06197601600000001,60.7608,0.027868743858872003,1,0.337329953210981,0.8709797257645644,-0.2102149585910218,0
V20_ensw2,R_re200_mh2_sl8_t2,2,,200.0,2.0,0.08,,False,0.8348549361059638,2.147084096263408,1.9667272176400639,1.8916260820289943,-0.2134526024465052,0.7229966174375371,0.06492079992285937,1.9079705371567695,0.08222695383304357,0.5841584158415841,101,4.8316831683168315,0.07712244480000001,75.61024,0.028205263875121355,1,0.45892883947461605,1.6618698967912255,-0.18962242585211442,0
V20_ensw2,R_re200_mh3_h20_t2,2,20.0,200.0,3.0,,,False,0.7183456254049627,1.755064237040659,1.747566652966876,1.6749757685661217,-0.19326526561747293,0.5600574073108326,0.10146307267434573,1.2980836219160903,0.19885290977512327,0.5875,80,6.1,0.054219324000000006,53.1562,0.03441008392459774,1,0.38782987625724297,0.7754593656173323,0.11811058698290311,0
V20_ensw2,R_re200_mh3_h20_sl8tr15_t2,2,20.0,200.0,3.0,0.08,0.15,False,0.6595220654133107,1.7153493619825464,1.6663752338249997,1.7775426408848412,-0.20700744920387149,0.5600574073108326,0.06375704998826337,1.3378473497260068,0.1614741921882894,0.6091954022988506,87,5.597701149425287,0.061162076399999994,59.96282,0.033234075070402345,1,0.5231269163254841,1.0432265583912619,-0.12748460873027434,0
V20_ensw2,R_re200_mh5_t2,2,,200.0,5.0,,,False,0.11830069769968254,0.20887554705339495,0.49914787245209974,0.6289698562149179,-0.3182971491501908,0.32468646727548056,-0.15579971161045925,0.422172040204873,-0.14997938865451976,0.5483870967741935,62,7.854838709677419,0.0368484384,36.12592,0.03305109593993373,1,0.5180685386265327,0.009695714021687563,-0.21132204749738814,0
V20_ensw2,R_re200_mh5_sl8_t2,2,,200.0,5.0,0.08,,False,0.2617538677070479,0.5306727143400687,0.8444190329012934,1.0454044662689026,-0.2170861229973099,0.2891309966371238,-0.02123688671011148,0.3275066832810585,0.1530433206986701,0.5606060606060606,66,7.393939393939394,0.039491564400000005,38.71722,0.0323496903241476,1,0.44537487327166625,0.21477706973396726,-0.12822330597153964,0
V20_ensw2,R_re200_mh3_t2,2,,200.0,3.0,,,False,0.7183456254049627,1.755064237040659,1.747566652966876,1.6749757685661217,-0.19326526561747293,0.5600574073108326,0.10146307267434573,1.2980836219160903,0.19885290977512327,0.5875,80,6.1,0.054219324000000006,53.1562,0.03441008392459774,1,0.38782987625724297,0.7754593656173323,0.11811058698290311,0
V20_ensw2,R_re200_mh3_sl8_t2,2,,200.0,3.0,0.08,,False,0.6595220654133107,1.7153493619825464,1.6663752338249997,1.7775426408848412,-0.20700744920387149,0.5600574073108326,0.06375704998826337,1.3378473497260068,0.1614741921882894,0.6091954022988506,87,5.597701149425287,0.061162076399999994,59.96282,0.033234075070402345,1,0.5231269163254841,1.0432265583912619,-0.12748460873027434,0
V20_ensw2,R_re200_mh3_tr12_t2,2,,200.0,3.0,,0.12,False,0.7564538698960381,1.966957338647061,1.801811849306753,1.8168277600311327,-0.19921200404174744,0.5600574073108326,0.12589053560775487,1.3713325941975159,0.251177226639147,0.6162790697674418,86,5.674418604651163,0.059628812400000016,58.45962,0.029566731664915188,1,0.45020126376264513,0.8084258839297505,0.13131177660239213,0
V20_ensw2,R_re200_mh3_sl8tr15_t2,2,,200.0,3.0,0.08,0.15,False,0.6595220654133107,1.7153493619825464,1.6663752338249997,1.7775426408848412,-0.20700744920387149,0.5600574073108326,0.06375704998826337,1.3378473497260068,0.1614741921882894,0.6091954022988506,87,5.597701149425287,0.061162076399999994,59.96282,0.033234075070402345,1,0.5231269163254841,1.0432265583912619,-0.12748460873027434,0
V20_ensw2,R_re300_mh5_t2,2,,300.0,5.0,,,False,-0.033811226685341644,-0.1121596619255546,0.07991382588125688,0.14669201321216457,-0.38338396942451825,0.1445789254764276,-0.15585657589101265,0.22988334290736634,-0.2781101206105885,0.5283018867924528,53,9.18867924528302,0.028126379199999996,27.55596,0.039361440086489924,1,0.2638879901139217,0.07679831206943843,-0.3476330968033794,0
V20_ensw2,R_re300_mh5_sl8_t2,2,,300.0,5.0,0.08,,False,0.6968015186148437,1.8074688869695246,1.6973571860087568,1.9745577744973686,-0.20794729628504482,0.425428387385562,0.19038005250268641,0.8145439044715708,0.5472036141154228,0.6190476190476191,63,7.746031746031746,0.0425082348,41.67474,0.03011525927598262,1,0.4610284602576882,0.7484634635492093,0.0990051170123003,0
V20_ensw2,R_re300_mh5_tr12_t2,2,,300.0,5.0,,0.12,False,0.24216122022565134,0.4776937818067446,0.811833999132877,0.9630613853474559,-0.22650995551307496,0.25979041203890896,-0.013993749789479537,0.37943480148381314,0.07123133345427957,0.5714285714285714,56,8.696428571428571,0.0331104648,32.46124,0.03488705708728242,1,0.33527921436556074,0.4473726944633676,-0.23540406975930084,0
V20_ensw2,R_re300_mh5_sl8tr15_t2,2,,300.0,5.0,0.08,0.15,False,0.6968015186148437,1.8074688869695246,1.6973571860087568,1.9745577744973686,-0.20794729628504482,0.425428387385562,0.19038005250268641,0.8145439044715708,0.5472036141154228,0.6190476190476191,63,7.746031746031746,0.0425082348,41.67474,0.03011525927598262,1,0.4610284602576882,0.7484634635492093,0.0990051170123003,0
V20_ensw2,R_re200_mh2_tr12_t2,2,,200.0,2.0,,0.12,False,0.8106656701029307,2.0931968909664476,1.8484516939374587,1.8403220072846276,-0.19884603387849398,0.5844942545408609,0.14274044535908348,1.487004078906014,0.24374419696452043,0.6161616161616161,99,4.929292929292929,0.07240166040000001,70.98202,0.024506054565953356,1,0.3853455483228625,1.319403596055666,-0.03733955944477485,0
V20_ensw2,R_re200_mh2_sl8tr15_t2,2,,200.0,2.0,0.08,0.15,False,0.8348549361059638,2.147084096263408,1.9667272176400639,1.8916260820289943,-0.2134526024465052,0.7229966174375371,0.06492079992285937,1.9079705371567695,0.08222695383304357,0.5841584158415841,101,4.8316831683168315,0.07712244480000001,75.61024,0.028205263875121355,1,0.45892883947461605,1.6618698967912255,-0.18962242585211442,0
V20_ensw2,R_re200_mh2_h20_t2,2,20.0,200.0,2.0,,,False,0.43304111398155376,0.9761347594070384,1.2161716235386966,1.2847045973008504,-0.2636851779285446,0.5844942545408609,-0.09558453123150812,1.487004078906014,-0.20541555352964924,0.5869565217391305,92,5.304347826086956,0.06197601600000001,60.7608,0.027868743858872003,1,0.337329953210981,0.8709797257645644,-0.2102149585910218,0
V20_ensw2,R_re200_mh2_h20_sl8tr15_t2,2,20.0,200.0,2.0,0.08,0.15,False,0.8348549361059638,2.147084096263408,1.9667272176400639,1.8916260820289943,-0.2134526024465052,0.7229966174375371,0.06492079992285937,1.9079705371567695,0.08222695383304357,0.5841584158415841,101,4.8316831683168315,0.07712244480000001,75.61024,0.028205263875121355,1,0.45892883947461605,1.6618698967912255,-0.18962242585211442,0
V20_ensw2,R_re300_mh3_tr12_t2,2,,300.0,3.0,,0.12,False,0.6307192347828385,1.5292111790323206,1.5745278666971372,1.6275880965181044,-0.18837870491807662,0.44659878198319203,0.12727817491124127,0.721739190942315,0.4689862392271349,0.5753424657534246,73,6.684931506849315,0.04839871440000001,47.44972,0.030506539070508567,1,0.5133654328154171,0.2227412500076471,0.3668055044320053,0
V20_ensw2,R_re300_mh3_sl8tr15_t2,2,,300.0,3.0,0.08,0.15,False,0.6461786134173431,1.44143679704566,1.6281694154509752,1.5498735977036104,-0.1697580836851742,0.4596777534018781,0.12776851574315673,0.9639216428750961,0.2431436895168093,0.5526315789473685,76,6.421052631578948,0.051032374799999995,50.03174,0.029963409818035188,1,0.43893614968881844,0.6116867521883775,0.05274533720946151,0
V20_ensw2,R_re300_mh3_h20_t2,2,20.0,300.0,3.0,,,False,0.9414354953592734,2.356992758847581,2.100730171020222,1.8732243219845142,-0.23771961113950457,0.6818886190053624,0.15431870661411673,1.59382417956729,0.2942252544687145,0.5774647887323944,71,6.873239436619718,0.0504687024,49.47912,0.04122278985317225,1,0.5102055392750873,0.7686448639414349,0.2568218093833021,0
V20_ensw2,R_re300_mh3_h20_sl8tr15_t2,2,20.0,300.0,3.0,0.08,0.15,False,0.8401705785945084,2.1208490382451206,1.9289072162657097,1.8862260726048048,-0.16876855991779127,0.6306654774146774,0.12847828330307753,1.5104491657421684,0.2431436895168122,0.5844155844155844,77,6.337662337662338,0.056036270400000004,54.93752,0.02933410651482882,1,0.5013732723000428,0.6732562020804449,0.2422861340973661,0
V20_ensw2,R_re300_mh2_h20_t2,2,20.0,300.0,2.0,,,False,0.2935328062639284,0.5356104267166941,0.9686272372266853,0.9512682755967509,-0.27732253447860056,0.4150476466680997,-0.08587332072548426,0.6087855913044564,-0.045484721508743275,0.581081081081081,74,6.581081081081081,0.04443052679999999,43.55934,0.04073612338450179,1,0.07009231846962471,0.8631584525207412,-0.22978847181146722,0
V20_ensw2,R_re300_mh2_h20_sl8tr15_t2,2,20.0,300.0,2.0,0.08,0.15,False,0.640791765823473,1.4996762001018729,1.6629811368632397,1.5864872911497574,-0.1985732467712683,0.4539199470407247,0.12852964784141196,0.8771503799265687,0.33163343056173233,0.5666666666666667,90,5.411111111111111,0.058490431200000005,57.34356,0.03954155670612934,1,0.2630264712115029,1.0291818569037359,-0.02467280950025552,0
V20_ensw2,R_re300_mh3_t2,2,,300.0,3.0,,,False,0.6303929045646939,1.41960925014443,1.5866191442256332,1.4899296258306436,-0.26130649314080145,0.44659878198319203,0.12705259044220507,0.6685557502972643,0.45012190915008987,0.5522388059701493,67,7.2835820895522385,0.0427281468,41.89034,0.03517815617722731,1,0.4198878548611895,0.3241716691209924,0.2869062197574028,0
V20_ensw2,R_re300_mh3_sl8_t2,2,,300.0,3.0,0.08,,False,0.6461786134173431,1.44143679704566,1.6281694154509752,1.5498735977036104,-0.1697580836851742,0.4596777534018781,0.12776851574315673,0.9639216428750961,0.2431436895168093,0.5526315789473685,76,6.421052631578948,0.051032374799999995,50.03174,0.029963409818035188,1,0.43893614968881844,0.6116867521883775,0.05274533720946151,0
V20_ensw2,R_re300_mh5_h20_t2,2,20.0,300.0,5.0,,,False,0.24223519460551768,0.5195614527602546,0.7944074183347445,1.0036907817915526,-0.30154293760094497,0.29769461460678026,-0.042736880755312456,0.4231256709733955,0.06776336324598731,0.6140350877192983,57,8.543859649122806,0.0343957872,33.72136,0.03575548838783673,1,0.46518594590773144,0.3820525616989012,-0.2495859381528861,0
V20_ensw2,R_re300_mh5_h20_sl8tr15_t2,2,20.0,300.0,5.0,0.08,0.15,False,0.7230248415317917,1.9320102388155966,1.7376115762782294,2.0651336760569152,-0.20872431536201197,0.44880675163635053,0.18927168139279216,0.8950383854240813,0.5472036141154231,0.6307692307692307,65,7.507692307692308,0.044335626,43.4663,0.02924005177580847,1,0.6112297557206918,0.8147448124625214,0.0027494795173124142,0
V20_ensw2,R_re400_mh2_t2,2,,400.0,2.0,,,False,0.0656505967641019,0.09807229430797859,0.3653102534658667,0.4410827514495929,-0.22140273979652425,0.1588240015936666,-0.08040341303030318,0.22474607835802218,-0.10342860964280132,0.5283018867924528,53,9.18867924528302,0.0280390452,27.48926,0.058530138725479144,1,0.0321391848945527,0.07213938053195768,-0.00770359172920132,0
V20_ensw2,R_re400_mh2_sl8_t2,2,,400.0,2.0,0.08,,False,0.08521645689319657,0.14686531307675987,0.4194866129331235,0.534396402803952,-0.308468291789039,0.1973834436803792,-0.09367674772787538,0.2875402417129653,-0.10925866553813446,0.5540540540540541,74,6.581081081081081,0.041047186799999996,40.24234,0.032612632807763775,1,0.28768023606429804,0.20779219094785417,-0.2625846554635848,0
V20_ensw2,R_re300_mh2_t2,2,,300.0,2.0,,,False,0.29431576405886584,0.5333161245627809,0.9676714980074271,0.9420299524287326,-0.2784786976467406,0.3228204869805149,-0.021548443800348815,0.3923170356161392,0.10126938429956511,0.5416666666666666,72,6.777777777777778,0.041760126,40.9413,0.04069472417682932,1,0.06822004631682654,0.7902193930523782,-0.19820245595723773,0
V20_ensw2,R_re300_mh2_sl8_t2,2,,300.0,2.0,0.08,,False,0.5270817918826092,1.1633347387852253,1.4472952953626785,1.3930676035486111,-0.20301926839433737,0.360727607410414,0.12225384681419316,0.6245722652612065,0.33163343056173233,0.5517241379310345,87,5.597701149425287,0.054021362399999995,52.96212,0.04202658162905175,1,0.09130581543363658,1.0248925441165602,-0.021016722523478304,0
V20_ensw2,R_re300_mh2_tr12_t2,2,,300.0,2.0,,0.12,False,0.4884180025485876,0.9937153911790069,1.3517861829449498,1.2782062491245396,-0.2216938036440993,0.3228204869805149,0.12518517606728863,0.5385443953306475,0.2958452139761236,0.5487804878048781,82,5.951219512195122,0.050372700000000006,49.385,0.03403094604037256,1,0.14892544377590133,0.5942373348688774,0.08847469951431086,0
V20_ensw2,R_re300_mh2_sl8tr15_t2,2,,300.0,2.0,0.08,0.15,False,0.5270817918826092,1.1633347387852253,1.4472952953626785,1.3930676035486111,-0.20301926839433737,0.360727607410414,0.12225384681419316,0.6245722652612065,0.33163343056173233,0.5517241379310345,87,5.597701149425287,0.054021362399999995,52.96212,0.04202658162905175,1,0.09130581543363658,1.0248925441165602,-0.021016722523478304,0
V20_ensw2,R_re400_mh3_t2,2,,400.0,3.0,,,False,0.1025604110514764,0.21394854913962424,0.4707031381848373,0.6774968861532261,-0.30727559856201014,-0.016009928164229636,0.12049952800285468,-0.2504449954285042,0.6195589939841863,0.48936170212765956,47,10.382978723404255,0.022678356400000002,22.21832,0.0467355236608561,1,-0.12625245326578738,-0.11803054623857956,0.5752909102627015,0
V20_ensw2,R_re400_mh3_sl8_t2,2,,400.0,3.0,0.08,,False,0.4122758703114391,0.8503519127391856,1.2343605761480396,1.3182766080754262,-0.18982515359092111,0.37984105350763686,0.023506197848913057,0.6291954694309276,0.13574580058555274,0.5714285714285714,63,7.746031746031746,0.0389986596,38.23398,0.035901167818738436,1,0.4184323109739496,0.24634548848238147,0.04666396360209957,0
V20_ensw2,R_re400_mh3_tr12_t2,2,,400.0,3.0,,0.12,False,-0.003072939420463938,-0.05717106001345973,0.16505911581409322,0.17570510871780642,-0.26633412025926895,0.017092803661707734,-0.01982684668456214,-0.19235503625303063,0.1673804484737973,0.5645161290322581,62,7.870967741935484,0.029615885600000003,29.02678,0.04276225594904616,1,0.09906209977201308,-0.17904049009198375,0.04493417878561923,0
V20_ensw2,R_re400_mh3_sl8tr15_t2,2,,400.0,3.0,0.08,0.15,False,0.4122758703114391,0.8503519127391856,1.2343605761480396,1.3182766080754262,-0.18982515359092111,0.37984105350763686,0.023506197848913057,0.6291954694309276,0.13574580058555274,0.5714285714285714,63,7.746031746031746,0.0389986596,38.23398,0.035901167818738436,1,0.4184323109739496,0.24634548848238147,0.04666396360209957,0
V20_ensw2,R_re400_mh3_h20_t2,2,20.0,400.0,3.0,,,False,0.05377975217045461,0.07306394040549646,0.3283119959817229,0.39639000042993094,-0.2949322917335181,0.0921025185593054,-0.035090814037684104,-0.09631099017452327,0.18742612639798462,0.5344827586206896,58,8.413793103448276,0.028402737199999997,27.84186,0.0484608934887118,1,0.016090755857472994,-0.2737861220646276,0.4542147878194387,0
V20_ensw2,R_re400_mh3_h20_sl8tr15_t2,2,20.0,400.0,3.0,0.08,0.15,False,0.4245724374731139,0.9009448815643044,1.2538613565154213,1.3587212144100815,-0.19298620356611906,0.3991784613647966,0.018149204557899257,0.6737415014735166,0.13574580058555252,0.5714285714285714,63,7.746031746031746,0.03928519799999999,38.5149,0.03515905410774085,1,0.41072947830887263,0.2874148414848572,0.04666396360209979,0
V20_ensw2,R_re400_mh5_t2,2,,400.0,5.0,,,False,0.16422514013400002,0.34400758013440647,0.6271821285381883,0.8956723972208804,-0.21314102534261836,0.0817514454140098,0.07624089162961578,0.06329769048949507,0.26399934106476386,0.5625,48,10.166666666666666,0.026067425999999994,25.5563,0.04372185373045402,1,0.1866805572863537,-0.061133683270039096,0.2063244572324492,0
V20_ensw2,R_re400_mh5_sl8_t2,2,,400.0,5.0,0.08,,False,0.18350794506113388,0.37904418717061716,0.6678593969774712,0.8283772141081726,-0.27572369983752365,0.08300283933056862,0.09280225506397732,0.04683045430792876,0.3173519947719887,0.5333333333333333,60,8.133333333333333,0.0326213136,31.98168,0.02824826642494867,1,0.2269320055977011,0.09589702871367467,0.025623438079902083,0
V20_ensw2,R_re400_mh2_tr12_t2,2,,400.0,2.0,,0.12,False,0.03423192263771435,0.04509845966327708,0.27724457823470733,0.3917844077850312,-0.3868025324819855,0.3247934344173746,-0.2193258995938825,0.5878508646715772,-0.34181573161819556,0.5857142857142857,70,6.957142857142857,0.0408363936,40.03568,0.03576605450733506,1,0.3956189920787092,0.3855072789237821,-0.45951763896993314,0
V20_ensw2,R_re400_mh2_sl8tr15_t2,2,,400.0,2.0,0.08,0.15,False,0.08521645689319657,0.14686531307675987,0.4194866129331235,0.534396402803952,-0.308468291789039,0.1973834436803792,-0.09367674772787538,0.2875402417129653,-0.10925866553813446,0.5540540540540541,74,6.581081081081081,0.041047186799999996,40.24234,0.032612632807763775,1,0.28768023606429804,0.20779219094785417,-0.2625846554635848,0
V20_ensw2,R_re400_mh2_h20_t2,2,20.0,400.0,2.0,,,False,0.06786260403459465,0.0764482343806101,0.37006917893696406,0.42636869343745465,-0.22204274161307624,0.12422014862461483,-0.050130345607991234,0.11651204381635671,-0.035883006956919816,0.576271186440678,59,8.254237288135593,0.030626010000000002,30.0255,0.0433756087029402,1,0.035009897498826215,0.08290272569240176,-0.03958441240609456,0
V20_ensw2,R_re400_mh2_h20_sl8tr15_t2,2,20.0,400.0,2.0,0.08,0.15,False,0.08521645689319657,0.14686531307675987,0.4194866129331235,0.534396402803952,-0.308468291789039,0.1973834436803792,-0.09367674772787538,0.2875402417129653,-0.10925866553813446,0.5540540540540541,74,6.581081081081081,0.041047186799999996,40.24234,0.032612632807763775,1,0.28768023606429804,0.20779219094785417,-0.2625846554635848,0
V20_ensw2,R_re400_mh5_tr12_t2,2,,400.0,5.0,,0.12,False,0.11910722662121631,0.19007670318155756,0.49930896567055416,0.590872960415584,-0.32419399016068406,0.1133077186863154,0.005209258713973597,0.12352517263925766,0.059234570050588076,0.5454545454545454,55,8.872727272727273,0.029994242400000003,29.40612,0.038981463747178244,1,0.23812262308688426,0.19551216147697037,-0.19599769088648178,0
V20_ensw2,R_re400_mh5_sl8tr15_t2,2,,400.0,5.0,0.08,0.15,False,0.18350794506113388,0.37904418717061716,0.6678593969774712,0.8283772141081726,-0.27572369983752365,0.08300283933056862,0.09280225506397732,0.04683045430792876,0.3173519947719887,0.5333333333333333,60,8.133333333333333,0.0326213136,31.98168,0.02824826642494867,1,0.2269320055977011,0.09589702871367467,0.025623438079902083,0
V20_ensw2,R_re400_mh5_h20_t2,2,20.0,400.0,5.0,,,False,0.11690937597409601,0.18259679396950323,0.510253507307624,0.6012414307547794,-0.2448234568088291,0.03541133998270807,0.07871078173892743,-0.18313523196300896,0.4477265273802946,0.5714285714285714,49,9.959183673469388,0.025992986400000005,25.48332,0.04057154575573661,1,0.14453349587642905,-0.16173637204213898,0.2326153375699409,0
V20_ensw2,R_re400_mh5_h20_sl8tr15_t2,2,20.0,400.0,5.0,0.08,0.15,False,0.18350794506113388,0.37904418717061716,0.6678593969774712,0.8283772141081726,-0.27572369983752365,0.08300283933056862,0.09280225506397732,0.04683045430792876,0.3173519947719887,0.5333333333333333,60,8.133333333333333,0.0326213136,31.98168,0.02824826642494867,1,0.2269320055977011,0.09589702871367467,0.025623438079902083,0
V20_ensw2,R_re500_mh2_h20_t2,2,20.0,500.0,2.0,,,False,-0.28899071895409056,-0.512288602792623,-0.939032297596559,-1.3510519409259096,-0.42481233369977633,0.10916254421743221,-0.3589674617550669,0.10079793845769158,-0.5569473922791857,0.4807692307692308,52,9.384615384615385,0.0256916756,25.00528,0.03872349818188649,1,0.08521723405019799,-0.18788141361350785,-0.44661577784053197,0
V20_ensw2,R_re500_mh2_h20_sl8tr15_t2,2,20.0,500.0,2.0,0.08,0.15,False,0.011025719378745746,-0.02010333871205716,0.19908379406522192,0.24934239854106163,-0.308489695345474,0.14823444671912567,-0.1194953937607689,0.2225163069019065,-0.1984592305593118,0.5757575757575758,66,7.378787878787879,0.0344832012,33.80706,0.03749006084538616,1,0.11506785701962552,0.060430033118053395,-0.17130071952988313,0
V20_ensw2,R_re500_mh3_t2,2,,500.0,3.0,,,False,-0.025669901488259095,-0.09496949796646958,0.07023590411404572,-0.022121711147198776,-0.3184129382242943,0.05949040399517447,-0.08037855289892792,0.016872219308985414,-0.10998600920719115,0.5813953488372093,43,11.348837209302326,0.0208476604,20.42252,0.054929661103665164,1,0.02968861889427754,-0.20948261862833506,0.11184918099198438,0
V20_ensw2,R_re500_mh3_sl8_t2,2,,500.0,3.0,0.08,,False,-0.08359969902356179,-0.21075430878375112,-0.12393964908390477,-0.17083426518660608,-0.361634538382402,0.11358558442073163,-0.17707241024215115,0.07268333100888036,-0.26423235226938147,0.5471698113207547,53,9.20754716981132,0.026688154000000006,26.1457,0.042466788818065274,1,0.03781423342632251,0.04919296244911675,-0.27516821751182297,0
V20_ensw2,R_re500_mh2_t2,2,,500.0,2.0,,,False,-0.013871091316238093,-0.047468988873320184,0.113435821716193,0.11547679286433178,-0.35456368393942794,0.08610250944197739,-0.09204803403831496,0.06350679530674652,-0.10434891875614039,0.6086956521739131,46,10.58695652173913,0.0231766876,22.70588,0.04620462687428537,1,0.12438910744760756,-0.2526337903805448,0.13351960415652808,0
V20_ensw2,R_re500_mh2_sl8_t2,2,,500.0,2.0,0.08,,False,0.04879300828430999,0.05862133720271023,0.3124802814763932,0.3876036013125328,-0.30702827604743366,0.16467527106959068,-0.09949748712262063,0.2377979343439245,-0.14475431907727654,0.5789473684210527,57,8.543859649122806,0.0300168864,29.42832,0.04219043112257204,1,0.22945941073718612,-0.1206227986993259,-0.0208454513797679,0
V20_ensw2,R_re500_mh2_tr12_t2,2,,500.0,2.0,,0.12,False,0.1531903331445008,0.2841677973207781,0.6186757698151591,0.7457071685243578,-0.282262159997132,0.12805884852229532,0.022278522663180977,0.13702349524591595,0.12941183950032475,0.6037735849056604,53,9.18867924528302,0.028687132800000004,28.12464,0.04524920333351261,1,0.386606981578107,-0.20381641762677194,0.16320209174174893,0
V20_ensw2,R_re500_mh2_sl8tr15_t2,2,,500.0,2.0,0.08,0.15,False,0.04879300828430999,0.05862133720271023,0.3124802814763932,0.3876036013125328,-0.30702827604743366,0.16467527106959068,-0.09949748712262063,0.2377979343439245,-0.14475431907727654,0.5789473684210527,57,8.543859649122806,0.0300168864,29.42832,0.04219043112257204,1,0.22945941073718612,-0.1206227986993259,-0.0208454513797679,0
V20_ensw2,R_re100_mh5_tr12_t3,3,,100.0,5.0,,0.12,False,0.39841517429627604,1.1872275686525997,1.1926772259646192,1.1894057808820793,-0.37280833058196405,0.8997160796771118,-0.2638820141302588,3.5647738798532718,-0.5208464589437881,0.5454545454545454,110,6.6454545454545455,0.05128873919999999,49.38396,0.04530724658863681,1,0.9748594631627192,1.2170203823034864,-0.500439501801494,0
V20_ensw2,R_re100_mh5_sl8tr15_t3,3,,100.0,5.0,0.08,0.15,False,0.2736926781762927,0.5355674853152024,0.89419415862021,0.8561024999085551,-0.4067939180410013,0.7628881478664957,-0.2774966014050545,2.8968204165325457,-0.6059434818190632,0.5213675213675214,117,6.247863247863248,0.0508341896,48.52798,0.04029696710384356,1,0.7307604893235693,0.5189257636019393,-0.4158889976291402,0
V20_ensw2,R_re100_mh5_h20_t3,3,20.0,100.0,5.0,,,False,0.538085477457755,1.845241772275378,1.5128779716209722,1.4447478596201344,-0.33408798321622957,0.8997160796771118,-0.19036034178371597,3.6422076863447046,-0.3870929599628199,0.5327102803738317,107,6.841121495327103,0.05114381560000001,49.27778,0.04598866115668559,1,0.9525728714967177,1.6368465930248397,-0.4473794114674119,0
V20_ensw2,R_re100_mh5_h20_sl8tr15_t3,3,20.0,100.0,5.0,0.08,0.15,False,0.2736926781762927,0.5355674853152024,0.89419415862021,0.8561024999085551,-0.4067939180410013,0.7628881478664957,-0.2774966014050545,2.8968204165325457,-0.6059434818190632,0.5213675213675214,117,6.247863247863248,0.0508341896,48.52798,0.04029696710384356,1,0.7307604893235693,0.5189257636019393,-0.4158889976291402,0
V20_ensw2,R_re500_mh3_tr12_t2,2,,500.0,3.0,,0.12,False,-0.04146165923847833,-0.12926508327120934,0.009940252560886173,-0.0660373199889072,-0.2997299872155724,0.10376596354875911,-0.13157465222093856,0.03708061530607165,-0.1603980405401635,0.5918367346938775,49,9.959183673469388,0.024829538800000002,24.34094,0.05056724929388895,1,0.20821160709517317,-0.20383796047420033,-0.09480636880254989,0
V20_ensw2,R_re500_mh3_sl8tr15_t2,2,,500.0,3.0,0.08,0.15,False,-0.08359969902356179,-0.21075430878375112,-0.12393964908390477,-0.17083426518660608,-0.361634538382402,0.11358558442073163,-0.17707241024215115,0.07268333100888036,-0.26423235226938147,0.5471698113207547,53,9.20754716981132,0.026688154000000006,26.1457,0.042466788818065274,1,0.03781423342632251,0.04919296244911675,-0.27516821751182297,0
V20_ensw2,R_re500_mh3_h20_t2,2,20.0,500.0,3.0,,,False,-0.04292587877805176,-0.14292794975018763,0.007913675516064318,-0.10184489303411244,-0.30836943313821574,0.08821610226637344,-0.1205109727482454,0.0339356905068573,-0.17105864695544326,0.5555555555555556,45,10.844444444444445,0.022067677600000002,21.62238,0.04961687793212248,1,-0.040010282906892236,-0.08450861733364357,-0.02479371667647856,0
V20_ensw2,R_re500_mh3_h20_sl8tr15_t2,2,20.0,500.0,3.0,0.08,0.15,False,-0.14063450300565083,-0.3034158194451212,-0.3093601855498658,-0.4120282424016363,-0.37396295495088494,0.06577792435416141,-0.19367301821802485,0.010363127513302928,-0.31056056818967104,0.5263157894736842,57,8.56140350877193,0.027925146,27.2928,0.03798093119805964,1,0.0496666673106978,-0.0842766898867241,-0.27530054996215125,0
V20_ensw2,R_re500_mh5_t2,2,,500.0,5.0,,,False,0.04246129523281206,0.07633105171243759,0.29455448223100067,0.39250926324271784,-0.3294504594394795,0.09618392680684962,-0.049008775133684734,0.2262552156762303,-0.12226179513627267,0.5384615384615384,39,12.512820512820513,0.0205687904,20.16152,0.034093020438104894,1,0.37084408071726505,-0.37142726403049986,0.24911455467226395,0
V20_ensw2,R_re500_mh5_sl8_t2,2,,500.0,5.0,0.08,,False,0.23884658324646746,0.5086686795500506,0.8272502192319628,1.0323382597569362,-0.2552481749330162,0.1789902621565307,0.05076913950116291,0.40983864523406455,0.07010024491106126,0.6086956521739131,46,10.608695652173912,0.0267766116,26.25158,0.026981095732215396,1,0.306499874679,0.17897506233526395,-0.02055538474775953,0
V20_ensw2,R_re500_mh5_tr12_t2,2,,500.0,5.0,,0.12,False,0.1610508113478144,0.35749074719611373,0.6130018804010852,0.8610573347238636,-0.27798263586976857,0.1439218165288747,0.014973920919626904,0.15198745132755165,0.17839022085851686,0.5777777777777777,45,10.844444444444445,0.025111930800000005,24.61954,0.037643693843685176,1,0.5550421889405122,-0.17051803337392657,0.052416754113232766,0
V20_ensw2,R_re500_mh5_sl8tr15_t2,2,,500.0,5.0,0.08,0.15,False,0.23884658324646746,0.5086686795500506,0.8272502192319628,1.0323382597569362,-0.2552481749330162,0.1789902621565307,0.05076913950116291,0.40983864523406455,0.07010024491106126,0.6086956521739131,46,10.608695652173912,0.0267766116,26.25158,0.026981095732215396,1,0.306499874679,0.17897506233526395,-0.02055538474775953,0
V20_ensw2,R_re100_mh3_h20_t3,3,20.0,100.0,3.0,,,False,0.3462725655319212,0.9797204339486887,1.14609485468092,1.197009999171967,-0.26474896454864605,0.35250303962511964,-0.004606624836070883,1.049095957663254,-0.03385664954103862,0.5486111111111112,144,5.076388888888889,0.056683212000000004,52.7961,0.04818774528449514,1,0.11072645757189403,0.45772703580052765,0.22270176832305344,0
V20_ensw2,R_re100_mh3_h20_sl8tr15_t3,3,20.0,100.0,3.0,0.08,0.15,False,0.48558715661822816,1.6582537100793333,1.4971848345360095,1.5257371529475814,-0.21352167237968822,0.3229372973144209,0.12294600782213028,0.8702670113903284,0.42132310193677935,0.5657894736842105,152,4.809210526315789,0.0616318984,58.05292,0.04617785829316995,1,0.21397627873241465,0.9389330791371426,0.12933661274078112,0
V20_ensw2,R_re100_mh5_t3,3,,100.0,5.0,,,False,0.5399503233365046,1.9132831140203157,1.5139144835183767,1.4674652652850526,-0.33408798321622957,0.8997160796771118,-0.1893786972639383,3.6422076863447046,-0.372435851461387,0.5233644859813084,107,6.831775700934579,0.05116999,49.3005,0.04577707797770162,1,0.9525728714967177,1.6368465930248397,-0.43416399804067696,0
V20_ensw2,R_re100_mh5_sl8_t3,3,,100.0,5.0,0.08,,False,0.2736926781762927,0.5355674853152024,0.89419415862021,0.8561024999085551,-0.4067939180410013,0.7628881478664957,-0.2774966014050545,2.8968204165325457,-0.6059434818190632,0.5213675213675214,117,6.247863247863248,0.0508341896,48.52798,0.04029696710384356,1,0.7307604893235693,0.5189257636019393,-0.4158889976291402,0
V20_ensw2,R_re500_mh5_h20_t2,2,20.0,500.0,5.0,,,False,0.09372194862632188,0.12318205990934561,0.44047922882119933,0.4918760078351437,-0.2909357612380753,0.16583076067801295,-0.06185186948554511,0.19632453209476153,-0.06113932317123327,0.5476190476190477,42,11.619047619047619,0.022840839600000003,22.39298,0.03902448414557549,1,0.30507069978301216,-0.10022641341854899,-0.04350461572627928,0
V20_ensw2,R_re500_mh5_h20_sl8tr15_t2,2,20.0,500.0,5.0,0.08,0.15,False,0.25913977833595503,0.5581088294732068,0.8825086549795976,1.1134330650339301,-0.2540417285398858,0.2202233312338846,0.031892888872006475,0.33834197722613446,0.16420829353538147,0.6,50,9.76,0.029850504,29.2652,0.02646573738830313,1,0.4915331613587053,0.31659083558791346,-0.20656007963210454,0
V20_ensw2,R_re100_mh2_t3,3,,100.0,2.0,,,False,0.41173789229846935,1.3861026436622654,1.3029271993832008,1.4375791317254936,-0.17748843115459112,0.37490500611003186,0.02678940437684929,1.4239596691658045,-0.015617844630462452,0.5307262569832403,179,4.083798882681564,0.0726247516,68.52358,0.04589299596285522,1,0.18999719661523606,0.6943232039369835,0.18344185512491085,0
V20_ensw2,R_re100_mh2_sl8_t3,3,,100.0,2.0,0.08,,False,0.4224310871731838,1.3710018128916408,1.2842663089279995,1.3984200453592464,-0.24970765457182953,0.39559527252908233,0.019228937767516996,1.5575392778963209,-0.0729363050713776,0.5210526315789473,190,3.8473684210526318,0.07743474800000001,73.0654,0.04578601978346501,1,0.28873508476550747,0.7259228808428915,0.06597457862553813,0
V20_ensw2,R_re100_mh3_t3,3,,100.0,3.0,,,False,0.3462725655319212,0.9797204339486887,1.14609485468092,1.197009999171967,-0.26474896454864605,0.35250303962511964,-0.004606624836070883,1.049095957663254,-0.03385664954103862,0.5486111111111112,144,5.076388888888889,0.056683212000000004,52.7961,0.04818774528449514,1,0.11072645757189403,0.45772703580052765,0.22270176832305344,0
V20_ensw2,R_re100_mh3_sl8_t3,3,,100.0,3.0,0.08,,False,0.48558715661822816,1.6582537100793333,1.4971848345360095,1.5257371529475814,-0.21352167237968822,0.3229372973144209,0.12294600782213028,0.8702670113903284,0.42132310193677935,0.5657894736842105,152,4.809210526315789,0.0616318984,58.05292,0.04617785829316995,1,0.21397627873241465,0.9389330791371426,0.12933661274078112,0
V20_ensw2,R_re100_mh3_tr12_t3,3,,100.0,3.0,,0.12,False,0.20354220017882563,0.4658163809840974,0.7521946358870385,0.8546350019321022,-0.31889236790718456,0.35250303962511964,-0.11013715687292103,1.049095957663254,-0.2846521533058496,0.5342465753424658,146,5.006849315068493,0.0571701144,53.06572,0.04648897795396724,1,0.11072645757189403,0.5533091926345273,-0.15039992630886745,0
V20_ensw2,R_re100_mh3_sl8tr15_t3,3,,100.0,3.0,0.08,0.15,False,0.48558715661822816,1.6582537100793333,1.4971848345360095,1.5257371529475814,-0.21352167237968822,0.3229372973144209,0.12294600782213028,0.8702670113903284,0.42132310193677935,0.5657894736842105,152,4.809210526315789,0.0616318984,58.05292,0.04617785829316995,1,0.21397627873241465,0.9389330791371426,0.12933661274078112,0
V20_ensw2,R_re200_mh5_t3,3,,200.0,5.0,,,False,0.21878323363742935,0.5686076666916631,0.7931441892260458,0.9841497901704622,-0.3353762610944616,0.4858502050992799,-0.1797401720209103,1.5893680194113213,-0.39421215720109304,0.5652173913043478,92,7.945652173913044,0.0390191476,37.46688,0.04217379891335276,1,1.2849942375561922,0.055507361754821405,-0.3496188322507632,0
V20_ensw2,R_re200_mh5_sl8_t3,3,,200.0,5.0,0.08,,False,0.5440237528068574,2.1239622254709696,1.5255873112571439,1.8572350002870397,-0.1425830645973717,0.3349440711643845,0.15662055524176655,0.832723054541632,0.7045468041281768,0.5656565656565656,99,7.383838383838384,0.041980632399999995,40.24312,0.04494991045311019,1,0.5553025150014539,0.9588119799224857,0.02541141576147976,0
V20_ensw2,R_re200_mh5_tr12_t3,3,,200.0,5.0,,0.12,False,0.27108316087293005,0.83049223309746,0.9133147177277281,1.1688072149772901,-0.29512900618160165,0.44653440778478704,-0.12129075255150124,1.4224800541656282,-0.24437262963226625,0.5656565656565656,99,7.383838383838384,0.041588285999999995,39.9313,0.04139453980213387,1,1.212526399662846,0.21045197520884207,-0.31651047089041506,0
V20_ensw2,R_re200_mh5_sl8tr15_t3,3,,200.0,5.0,0.08,0.15,False,0.5440237528068574,2.1239622254709696,1.5255873112571439,1.8572350002870397,-0.1425830645973717,0.3349440711643845,0.15662055524176655,0.832723054541632,0.7045468041281768,0.5656565656565656,99,7.383838383838384,0.041980632399999995,40.24312,0.04494991045311019,1,0.5553025150014539,0.9588119799224857,0.02541141576147976,0
V20_ensw2,R_re100_mh2_tr12_t3,3,,100.0,2.0,,0.12,False,0.5435987999543488,2.206401975785921,1.5709359861829233,1.7845315904565942,-0.17687315187704022,0.37490500611003186,0.1226948720781782,1.4239596691658045,0.32279510116164234,0.5380434782608695,184,3.972826086956522,0.075903074,71.7292,0.04621382697525786,1,0.22114770455014,0.954722460327315,0.34327417972470187,0
V20_ensw2,R_re100_mh2_sl8tr15_t3,3,,100.0,2.0,0.08,0.15,False,0.4224310871731838,1.3710018128916408,1.2842663089279995,1.3984200453592464,-0.24970765457182953,0.39559527252908233,0.019228937767516996,1.5575392778963209,-0.0729363050713776,0.5210526315789473,190,3.8473684210526318,0.07743474800000001,73.0654,0.04578601978346501,1,0.28873508476550747,0.7259228808428915,0.06597457862553813,0
V20_ensw2,R_re100_mh2_h20_t3,3,20.0,100.0,2.0,,,False,0.41173789229846935,1.3861026436622654,1.3029271993832008,1.4375791317254936,-0.17748843115459112,0.37490500611003186,0.02678940437684929,1.4239596691658045,-0.015617844630462452,0.5307262569832403,179,4.083798882681564,0.0726247516,68.52358,0.04589299596285522,1,0.18999719661523606,0.6943232039369835,0.18344185512491085,0
V20_ensw2,R_re100_mh2_h20_sl8tr15_t3,3,20.0,100.0,2.0,0.08,0.15,False,0.4224310871731838,1.3710018128916408,1.2842663089279995,1.3984200453592464,-0.24970765457182953,0.39559527252908233,0.019228937767516996,1.5575392778963209,-0.0729363050713776,0.5210526315789473,190,3.8473684210526318,0.07743474800000001,73.0654,0.04578601978346501,1,0.28873508476550747,0.7259228808428915,0.06597457862553813,0
V20_ensw2,R_re200_mh3_tr12_t3,3,,200.0,3.0,,0.12,False,0.546016914968755,2.27911837842798,1.5910707091958434,1.802130294355785,-0.20708043455947323,0.5148078132502849,0.02060268071334126,1.9481747228327602,0.11225374569293844,0.6062992125984252,127,5.755905511811024,0.056279248799999994,54.17194,0.04494882993610999,1,0.7171294773101744,0.9540628952654007,-0.022727870561345398,0
V20_ensw2,R_re200_mh3_sl8tr15_t3,3,,200.0,3.0,0.08,0.15,False,0.6899098042395042,3.3867994871806752,1.912512717358516,2.1787573449992395,-0.18182748032663365,0.5148078132502849,0.11559353566675057,1.9065439741219552,0.5092837150368235,0.5954198473282443,131,5.580152671755725,0.059556692400000014,57.38512,0.044348370590245254,1,0.826406708646314,1.4408733166235002,-0.015977450755301215,0
V20_ensw2,R_re200_mh3_h20_t3,3,20.0,200.0,3.0,,,False,0.7265783528776553,3.389591213258157,1.9359117493217968,2.13813437599575,-0.17398342744129403,0.4902180137992751,0.1586078928651422,1.993881192477593,0.4661875108095175,0.628099173553719,121,6.049586776859504,0.053944836,51.8833,0.04645949956481598,1,0.5937902647675513,0.9131338340618689,0.4396189535114825,0
V20_ensw2,R_re200_mh3_h20_sl8tr15_t3,3,20.0,200.0,3.0,0.08,0.15,False,0.6212988472181509,2.7327073374883954,1.7602238752387471,1.9680122545924912,-0.18107734654496466,0.4902180137992751,0.08796084345047572,2.04568430168458,0.22557263581908904,0.5909090909090909,132,5.537878787878788,0.05862219400000001,56.4687,0.04380964487433283,1,0.9343117326614174,0.9316990506965894,-0.0010172064678676263,0
V20_ensw2,R_re300_mh5_tr12_t3,3,,300.0,5.0,,0.12,False,0.5394010707365036,2.1652791317092586,1.5488685198943912,1.8616749186515884,-0.17080835823009377,0.32098465701586565,0.1653436416241547,0.6679371033449499,0.897720918469574,0.5795454545454546,88,8.306818181818182,0.0371759968,35.77284,0.04491400572711849,1,0.8687594480293359,0.43901417374185603,0.17704628665102629,0
V20_ensw2,R_re300_mh5_sl8tr15_t3,3,,300.0,5.0,0.08,0.15,False,0.5308720695318181,2.3747509919614536,1.5849879803035942,2.074468426887526,-0.16499257134366696,0.285230049297875,0.1911268884260353,0.6442049963937386,1.0525123079928291,0.5957446808510638,94,7.787234042553192,0.038874596000000004,37.1198,0.04516245495470686,1,0.5132967410509734,0.6244086670086346,0.3728476317577951,0
V20_ensw2,R_re300_mh5_h20_t3,3,20.0,300.0,5.0,,,False,0.3929392073517557,1.3924571864205166,1.2393953120979873,1.5522172940137207,-0.280932139699997,0.45419334013060086,-0.04212241322281329,1.217344586192307,0.07897401302380258,0.611764705882353,85,8.6,0.036252346,34.8978,0.044480865076123116,1,1.1083603798060655,0.4129144027237728,-0.19687438764016463,0
V20_ensw2,R_re300_mh5_h20_sl8tr15_t3,3,20.0,300.0,5.0,0.08,0.15,False,0.561169652644758,2.5252227215565197,1.6505666029681887,2.1521067815899784,-0.1627757296454082,0.3059460650824135,0.19543195112444267,0.7173253322753756,1.0527401857432364,0.6041666666666666,96,7.625,0.040136055999999996,38.4343,0.04167456236150971,1,0.687909179577942,0.5212679301559582,0.372877462515558,0
V20_ensw2,R_re200_mh2_h20_t3,3,20.0,200.0,2.0,,,False,0.6671972342478267,3.0453614416142916,1.8300782359673993,2.0134637664548594,-0.207933232322148,0.4942164859102369,0.11576685839616796,2.1331648708662945,0.2911422182822383,0.5625,144,5.083333333333333,0.0661150428,63.69514,0.04531720255049284,1,0.6966729551450452,1.6341033735444497,-0.09483786349974566,0
V20_ensw2,R_re200_mh2_h20_sl8tr15_t3,3,20.0,200.0,2.0,0.08,0.15,False,0.43772505746119106,1.509846217014899,1.3468891822713647,1.492655842347278,-0.21494356211056964,0.5055928998578161,-0.0450771535937996,1.912556295896381,-0.13826688241146645,0.5512820512820513,156,4.6923076923076925,0.0688911572,66.39736,0.04562951690238183,1,0.943046902256929,0.46125978621982067,-0.1160323013400526,0
V20_ensw2,R_re200_mh3_t3,3,,200.0,3.0,,,False,0.7533101834293188,3.7537090577029577,2.0432732301760095,2.264914880887983,-0.16105604464084988,0.5148078132502849,0.1574472801716582,1.9204861829333435,0.6277115384015699,0.6134453781512605,119,6.151260504201681,0.053490976800000006,51.43834,0.047646947754846715,1,0.5752603741046485,1.0961998896931258,0.4396189535114827,0
V20_ensw2,R_re200_mh3_sl8_t3,3,,200.0,3.0,0.08,,False,0.6899098042395042,3.3867994871806752,1.912512717358516,2.1787573449992395,-0.18182748032663365,0.5148078132502849,0.11559353566675057,1.9065439741219552,0.5092837150368235,0.5954198473282443,131,5.580152671755725,0.059556692400000014,57.38512,0.044348370590245254,1,0.826406708646314,1.4408733166235002,-0.015977450755301215,0
V20_ensw2,R_re200_mh2_t3,3,,200.0,2.0,,,False,0.6671972342478267,3.0453614416142916,1.8300782359673993,2.0134637664548594,-0.207933232322148,0.4942164859102369,0.11576685839616796,2.1331648708662945,0.2911422182822383,0.5625,144,5.083333333333333,0.0661150428,63.69514,0.04531720255049284,1,0.6966729551450452,1.6341033735444497,-0.09483786349974566,0
V20_ensw2,R_re200_mh2_sl8_t3,3,,200.0,2.0,0.08,,False,0.43772505746119106,1.509846217014899,1.3468891822713647,1.492655842347278,-0.21494356211056964,0.5055928998578161,-0.0450771535937996,1.912556295896381,-0.13826688241146645,0.5512820512820513,156,4.6923076923076925,0.0688911572,66.39736,0.04562951690238183,1,0.943046902256929,0.46125978621982067,-0.1160323013400526,0
V20_ensw2,R_re200_mh2_tr12_t3,3,,200.0,2.0,,0.12,False,0.576056273708635,2.3969595501713408,1.6267810149514303,1.8068632226423156,-0.1872720604079272,0.4942164859102369,0.054771037911915954,2.1331648708662945,0.08419431794283816,0.5838926174496645,149,4.912751677852349,0.0673974072,64.95236,0.04412270009914084,1,0.7100405956793028,1.400128238522051,-0.17234468495665944,0
V20_ensw2,R_re200_mh2_sl8tr15_t3,3,,200.0,2.0,0.08,0.15,False,0.43772505746119106,1.509846217014899,1.3468891822713647,1.492655842347278,-0.21494356211056964,0.5055928998578161,-0.0450771535937996,1.912556295896381,-0.13826688241146645,0.5512820512820513,156,4.6923076923076925,0.0688911572,66.39736,0.04562951690238183,1,0.943046902256929,0.46125978621982067,-0.1160323013400526,0
V20_ensw2,R_re200_mh5_h20_t3,3,20.0,200.0,5.0,,,False,0.203218648957733,0.49572240131268486,0.754139455002864,0.9204125210435053,-0.3353762610944616,0.4858502050992799,-0.19021537647037656,1.5893680194113213,-0.42236005461567083,0.5714285714285714,91,8.043956043956044,0.0386717536,37.17568,0.03911962803457769,1,1.2849942375561922,0.055507361754821405,-0.3798387559547387,0
V20_ensw2,R_re200_mh5_h20_sl8tr15_t3,3,20.0,200.0,5.0,0.08,0.15,False,0.5440237528068574,2.1239622254709696,1.5255873112571439,1.8572350002870397,-0.1425830645973717,0.3349440711643845,0.15662055524176655,0.832723054541632,0.7045468041281768,0.5656565656565656,99,7.383838383838384,0.041980632399999995,40.24312,0.04494991045311019,1,0.5553025150014539,0.9588119799224857,0.02541141576147976,0
V20_ensw2,R_re300_mh2_t3,3,,300.0,2.0,,,False,0.3349120370593237,0.9960150211242484,1.154445617130609,1.2599433557044772,-0.21902467642779588,0.2948931713728309,0.030905148448705733,0.6410698519859905,0.2162888853930922,0.5614035087719298,114,6.412280701754386,0.044936605600000006,42.12228,0.05712624922380472,1,0.13197957030796048,0.8931178036368077,-0.06857567315045554,0
V20_ensw2,R_re300_mh2_sl8_t3,3,,300.0,2.0,0.08,,False,0.31801674216758813,0.9122512624656038,1.0934887619151339,1.1844884221329885,-0.21198786845561557,0.32371703113976413,-0.00430627455723509,0.9012872719498615,0.0057666143762158395,0.5298507462686567,134,5.455223880597015,0.053792058,50.8229,0.04999446200242791,1,0.25250169287863833,0.8068993996805482,-0.15504678807032113,0
V20_ensw2,R_re300_mh3_h20_t3,3,20.0,300.0,3.0,,,False,0.7699119034447268,3.5512903894524506,2.0492838177136163,2.1217949003262557,-0.18464014322076017,0.5619779194855299,0.1331222300681969,1.979652294943274,0.527456877158581,0.6,110,6.654545454545454,0.050367364399999996,48.68422,0.0435058186181894,1,0.818251224555558,0.9680494713156722,0.2718756301807399,0
V20_ensw2,R_re300_mh3_h20_sl8tr15_t3,3,20.0,300.0,3.0,0.08,0.15,False,0.5196000734399893,1.786881282280559,1.542441475583513,1.6421290563092419,-0.15893309426157554,0.46895373405710306,0.0344778315400085,1.4771962914431742,0.12501431231231575,0.5726495726495726,117,6.256410256410256,0.051539980400000004,49.72052,0.045285475221273366,1,0.8287754261736697,0.7528278084317332,-0.13060159977718078,0
V20_ensw2,R_re300_mh5_t3,3,,300.0,5.0,,,False,0.2695871123968996,0.7967150351741457,0.931985808891738,1.155607116798541,-0.26922742992764936,0.3342654701820569,-0.048474879422855555,0.9797479372162747,-0.09245262924708075,0.5975609756097561,82,8.914634146341463,0.0333554936,31.88068,0.043348337914062694,1,0.8910479180547597,0.3086159933061796,-0.27395348600727576,0
V20_ensw2,R_re300_mh5_sl8_t3,3,,300.0,5.0,0.08,,False,0.5308720695318181,2.3747509919614536,1.5849879803035942,2.074468426887526,-0.16499257134366696,0.285230049297875,0.1911268884260353,0.6442049963937386,1.0525123079928291,0.5957446808510638,94,7.787234042553192,0.038874596000000004,37.1198,0.04516245495470686,1,0.5132967410509734,0.6244086670086346,0.3728476317577951,0
V20_ensw2,R_re300_mh3_t3,3,,300.0,3.0,,,False,0.507058496378473,1.848854605260105,1.5305101322280248,1.6422769042671346,-0.20173064305624522,0.39341924452422683,0.08155424313308246,0.8544929756954538,0.5361905612997819,0.580952380952381,105,6.9714285714285715,0.0439474432,42.28166,0.04148752783273436,1,0.7095792996627068,0.20412108535906315,0.3839196413301451,0
V20_ensw2,R_re300_mh3_sl8_t3,3,,300.0,3.0,0.08,,False,0.46288706355879383,1.5474014976129444,1.4159666881939503,1.5266904030422463,-0.16132126491265442,0.48560205304845816,-0.015290090265460243,1.1378633427273375,0.19156423457972194,0.5517241379310345,116,6.310344827586207,0.0499778456,48.15728,0.04353046844365894,1,0.7538135731339086,0.6961044937146477,-0.14363015125586243,0
V20_ensw2,R_re300_mh3_tr12_t3,3,,300.0,3.0,,0.12,False,0.610786504285276,2.6463895250380336,1.6935016743069164,1.8891752439616039,-0.16124547644695086,0.39341924452422683,0.15599559186170686,0.9086219521740369,0.9104828595755032,0.5765765765765766,111,6.594594594594595,0.047312414399999995,45.62472,0.04082458546002172,1,0.7555204111899654,0.41098675982132993,0.4720895793346611,0
V20_ensw2,R_re300_mh3_sl8tr15_t3,3,,300.0,3.0,0.08,0.15,False,0.46288706355879383,1.5474014976129444,1.4159666881939503,1.5266904030422463,-0.16132126491265442,0.48560205304845816,-0.015290090265460243,1.1378633427273375,0.19156423457972194,0.5517241379310345,116,6.310344827586207,0.0499778456,48.15728,0.04353046844365894,1,0.7538135731339086,0.6961044937146477,-0.14363015125586243,0
V20_ensw2,NR_hold3_t1,1,3.0,,,,,True,1.8689010994881068,1.9784493904495828,2.6188898026498197,2.0305030577265826,-0.2530226936602069,1.245645984315758,0.2775393448145185,1.3505872349931227,0.2671086382625987,0.5802469135802469,81,3.0123456790123457,0.1499970792,147.05596,0.014604989954412204,1,0.1946416228207668,1.1053194532481165,0.18422596639941458,0
V20_ensw2,NR_hold3_sl8_t1,1,3.0,,,0.08,,True,1.1498800804047273,1.2284845592959939,1.9646028118700005,1.5862036990164543,-0.2530226936602069,1.245645984315758,-0.04264514735621183,1.3505872349931227,-0.05194560485966604,0.5308641975308642,81,3.0123456790123457,0.1467370572,143.85986,0.014446717565486758,1,0.1946416228207668,1.1053194532481165,-0.11395866275232425,0
V20_ensw2,NR_hold5_t1,1,5.0,,,,,True,1.2147076653258089,1.2837456068646316,1.9505810743940095,1.6035432147890685,-0.28144873221855193,0.9770573898599888,0.12020403488775422,1.0810795221637002,0.09738507468961077,0.5714285714285714,49,4.979591836734694,0.0805189632,78.94016,0.014581535850754456,1,0.08721222784702687,1.0278028407409252,0.03587575779100227,0
V20_ensw2,NR_hold5_sl8_t1,1,5.0,,,0.08,,True,1.401315335405493,1.4766969254356743,2.1070090541708018,1.6739986645355112,-0.28144873221855193,0.9770573898599888,0.21459060709186106,1.0810795221637002,0.19010201150826278,0.5306122448979592,49,4.979591836734694,0.0821705472,80.55936,0.013594384375007802,1,0.08721222784702687,1.0278028407409252,0.12339583565815126,0
V20_ensw2,R_re300_mh2_tr12_t3,3,,300.0,2.0,,0.12,False,0.42167266891184396,1.3836719715749006,1.3421204706594325,1.4534866339485422,-0.18885538128526724,0.2948931713728309,0.0979073025804913,0.8134223445752928,0.3144604612959929,0.552,125,5.848,0.050328684400000004,47.58272,0.04618379376000706,1,0.20063840805177513,0.7356297553728197,0.14387131866292147,0
V20_ensw2,R_re300_mh2_sl8tr15_t3,3,,300.0,2.0,0.08,0.15,False,0.31801674216758813,0.9122512624656038,1.0934887619151339,1.1844884221329885,-0.21198786845561557,0.32371703113976413,-0.00430627455723509,0.9012872719498615,0.0057666143762158395,0.5298507462686567,134,5.455223880597015,0.053792058,50.8229,0.04999446200242791,1,0.25250169287863833,0.8068993996805482,-0.15504678807032113,0
V20_ensw2,R_re300_mh2_h20_t3,3,20.0,300.0,2.0,,,False,0.24819183049945837,0.7057476939074512,0.919336692796139,1.0676232950248181,-0.22476156538627934,0.3480317856166244,-0.07406350219813052,0.8962966991483641,-0.10048480563536788,0.5701754385964912,114,6.412280701754386,0.04554434040000001,42.89552,0.050997963354139406,1,0.13396369722205836,1.0880705192787845,-0.2796053484976587,0
V20_ensw2,R_re300_mh2_h20_sl8tr15_t3,3,20.0,300.0,2.0,0.08,0.15,False,0.37940603607911916,1.2105031864869584,1.250554313110883,1.3615303091665478,-0.21180391574733215,0.3813999977657965,-0.0014434354205180577,1.197182891135538,0.006062442687480685,0.5401459854014599,137,5.335766423357664,0.056245543200000005,53.38166,0.0508193667255854,1,0.30114025388755405,1.0177316815885695,-0.15801642591357334,0
V20_ensw2,NR_hold10_t1,1,10.0,,,,,True,2.152900136316257,2.244614180965976,2.4907435035210934,1.487572647416876,-0.3422915556829875,1.541159707462454,0.24073277529835924,1.379982622424194,0.3632932234022319,0.56,25,9.76,0.0505378992,49.54696,0.014815957736913197,1,0.09878467806768265,1.7686767052392094,0.06654263363337853,0
V20_ensw2,NR_hold10_sl8_t1,1,10.0,,,0.08,,True,1.425665642759515,1.492029628297212,1.9984439074843583,1.2395733962471023,-0.25436317411193055,1.541159707462454,-0.045449353050803776,1.379982622424194,0.047078917643058604,0.48,25,9.76,0.0484903308,47.53954,0.01434124529262267,1,0.09878467806768265,1.7686767052392094,-0.1808407118330383,0
V20_ensw2,NR_hold3_t2,2,3.0,,,,,True,1.546733203139921,5.131426337620223,2.954337037739697,2.682820184050719,-0.2154313080661302,0.654163259250141,0.5395899944570148,1.7068365560677252,1.2651631196112807,0.5590062111801242,161,3.0248447204968945,0.12939687360000002,126.85968,0.028569243794995355,1,0.5146857101137887,1.7152333370717696,0.49084272250838623,0
V20_ensw2,NR_hold3_sl8_t2,2,3.0,,,0.08,,True,1.391544240697165,4.361677006993902,2.7562360557500867,2.5040244519118113,-0.2202416009467878,0.654163259250141,0.4457727961998681,1.7068365560677252,0.9807908220298742,0.5403726708074534,161,3.0248447204968945,0.12826110359999998,125.74618,0.028944912070094253,1,0.5146857101137887,1.7152333370717696,0.3036798790638118,0
V20_ensw2,NR_hold5_t2,2,5.0,,,,,True,0.5765418240603566,1.2669078707891268,1.4786296241743273,1.359254815051187,-0.35750803812530785,0.5313109052064078,0.029537384407153366,1.1903760764418951,0.0349400247612055,0.5306122448979592,98,4.979591836734694,0.06317115,61.9325,0.02967442117296607,1,0.02838288450980264,1.8098637299569953,-0.2154985115549639,0
V20_ensw2,NR_hold5_sl8_t2,2,5.0,,,0.08,,True,0.5619834755934046,1.2660989118901846,1.4332340513564468,1.4080167472039626,-0.30245324346733715,0.5313109052064078,0.020030269674635948,1.1903760764418951,0.034570700558095524,0.57,100,4.88,0.06314789400000001,61.9097,0.02855071643801296,1,0.053458454827356006,1.1460622132026241,0.002349415449731218,0
V20_ensw2,NR_hold10_t2,2,10.0,,,,,True,1.9902841510445883,6.636242684860057,2.8530250772027936,1.9286966988629515,-0.2989946617520338,0.9571980368470554,0.5278393370257926,1.7554866144131505,1.7712864380894056,0.56,50,9.76,0.0458894124,44.98962,0.020047348138920815,1,0.2818799053036982,4.023883378059597,0.18574918044037392,0
V20_ensw2,NR_hold10_sl8_t2,2,10.0,,,0.08,,True,1.1438444773358145,2.9522845700942613,2.1462846219464904,1.6150863161933746,-0.1757674044336217,1.076986028732585,0.03219012919601916,2.2570820361016093,0.21344336012633502,0.5094339622641509,53,9.20754716981132,0.04407556680000001,43.21134,0.0243008304013127,1,0.47318103405177414,1.6980952369736095,-0.005660224118473001,0
V20_ensw2,R_re400_mh2_t3,3,,400.0,2.0,,,False,-0.057752655451097756,-0.24228111704936361,-0.07475561037521694,-0.18268388451464224,-0.2642525190560222,0.0733016343084214,-0.12210387608695261,0.07195494370794231,-0.2931429745268478,0.5287356321839081,87,8.402298850574713,0.03172085200000001,27.5401,0.06769259675749101,1,-0.07600761560410751,-0.026457511176949056,-0.15766507433499155,0
V20_ensw2,R_re400_mh2_sl8_t3,3,,400.0,2.0,0.08,,False,0.08615068236517698,0.08238317248194349,0.42691312256727143,0.48406888529001346,-0.2789490720812914,0.24488053685936162,-0.12750609379325362,0.6748124479159694,-0.35372872716058856,0.559322033898305,118,6.194915254237288,0.045567908799999994,42.18344,0.04695320535078243,1,0.3165476613758127,0.10575875650365618,-0.25649471729814466,0
V20_ensw2,R_re400_mh2_tr12_t3,3,,400.0,2.0,,0.12,False,-0.07622688141230283,-0.31650608212553055,-0.10454231101494382,-0.19694708561799784,-0.3517953890399046,0.18584203773435948,-0.22099816907095338,0.39226567772177523,-0.509077951994838,0.5384615384615384,104,7.028846153846154,0.0393259048,35.62674,0.052652441545499626,1,0.21092796012906123,0.42382091768888075,-0.6035750516800897,0
V20_ensw2,R_re400_mh2_sl8tr15_t3,3,,400.0,2.0,0.08,0.15,False,0.08615068236517698,0.08238317248194349,0.42691312256727143,0.48406888529001346,-0.2789490720812914,0.24488053685936162,-0.12750609379325362,0.6748124479159694,-0.35372872716058856,0.559322033898305,118,6.194915254237288,0.045567908799999994,42.18344,0.04695320535078243,1,0.3165476613758127,0.10575875650365618,-0.25649471729814466,0
V20_ensw2,R_re400_mh5_t3,3,,400.0,5.0,,,False,0.14923460707197367,0.4181800141605445,0.6241159008511334,0.9010130363267542,-0.18746754108112307,0.10621077960893799,0.0388929743373545,0.16040126430398693,0.22214621595674822,0.5416666666666666,72,10.166666666666666,0.0268367776,23.91688,0.06417549053245172,1,0.05265349071309289,0.02830669262496932,0.3101567641893881,0
V20_ensw2,R_re400_mh5_sl8_t3,3,,400.0,5.0,0.08,,False,0.2129075047054434,0.5718076035020214,0.7874590982515449,0.9799808611507835,-0.20701095498218258,0.0861176465404665,0.11673676288092105,0.0780646048330984,0.45799017652134344,0.5280898876404494,89,8.224719101123595,0.033520154,30.2292,0.04146781368668029,1,0.20062110974117964,0.23793172807380825,0.05753978899354362,0
V20_ensw2,R_re400_mh5_tr12_t3,3,,400.0,5.0,,0.12,False,0.141067820368449,0.3162976879241106,0.5779389547380479,0.7421614845224235,-0.29435754599244546,0.14214096892373984,-0.0009395937843835744,0.2590003546350723,0.04551018042059751,0.5185185185185185,81,9.037037037037036,0.0308353028,28.13064,0.04852618449047203,1,0.37018275803261314,0.31969594005842716,-0.2720496827418023,0
V20_ensw2,R_re400_mh5_sl8tr15_t3,3,,400.0,5.0,0.08,0.15,False,0.20592518197399756,0.5577899172837175,0.775298438899542,0.980041714275566,-0.2056449916828822,0.05743710008137515,0.14042261415000135,0.02569494916526427,0.5187653196025626,0.5340909090909091,88,8.318181818181818,0.033061214799999995,29.73124,0.042386477178159986,1,0.20062110974117964,0.10803055384248905,0.17098458330574973,0
V20_ensw2,R_re400_mh2_h20_t3,3,20.0,400.0,2.0,,,False,-0.030709150262840046,-0.28503074250092353,0.02822945073318489,-0.1744265790966019,-0.25673704096866734,0.06938979414766977,-0.09360379625680915,0.029409790184078632,-0.30545710336480714,0.5376344086021505,93,7.860215053763441,0.033697160000000004,29.033,0.0735707934534082,1,-0.10982721343164925,0.045186176173387826,-0.23154330636171283,0
V20_ensw2,R_re400_mh2_h20_sl8tr15_t3,3,20.0,400.0,2.0,0.08,0.15,False,0.08615068236517698,0.08238317248194349,0.42691312256727143,0.48406888529001346,-0.2789490720812914,0.24488053685936162,-0.12750609379325362,0.6748124479159694,-0.35372872716058856,0.559322033898305,118,6.194915254237288,0.045567908799999994,42.18344,0.04695320535078243,1,0.3165476613758127,0.10575875650365618,-0.25649471729814466,0
V20_ensw2,R_re400_mh3_t3,3,,400.0,3.0,,,False,0.2430564305303733,0.7619254840937397,0.916186580972161,1.2530902568151394,-0.18209324923474868,0.12814506111649204,0.10185868234015794,-0.046647163404257896,0.8481357756119652,0.5365853658536586,82,8.926829268292684,0.0307293928,27.54664,0.06150753450866483,1,-0.04903803993149902,0.2515555154511846,0.480383629372914,0
V20_ensw2,R_re400_mh3_sl8_t3,3,,400.0,3.0,0.08,,False,0.3389792864083383,0.9956283047059826,1.1425594934190597,1.302496030891649,-0.15428059016667717,0.1973003546865133,0.1183319884331957,0.2284823829131455,0.6244663598461027,0.57,100,7.32,0.038973391600000004,36.28658,0.045785323509048174,1,0.29595570434522434,0.02281073626586605,0.5055466585855151,0
V20_ensw2,R_re400_mh3_tr12_t3,3,,400.0,3.0,,0.12,False,0.17727326349150263,0.42855535121230726,0.7013379366995952,0.8810376327449947,-0.20552705072722832,0.1621767211006937,0.01298988537346668,0.0660999533874147,0.3399825660560538,0.5714285714285714,98,7.469387755102041,0.036843815200000005,33.15926,0.05598002652217187,1,0.11664140724252192,0.3719455414680113,-0.06750508682337042,0
V20_ensw2,R_re400_mh3_sl8tr15_t3,3,,400.0,3.0,0.08,0.15,False,0.3389792864083383,0.9956283047059826,1.1425594934190597,1.302496030891649,-0.15428059016667717,0.1973003546865133,0.1183319884331957,0.2284823829131455,0.6244663598461027,0.57,100,7.32,0.038973391600000004,36.28658,0.045785323509048174,1,0.29595570434522434,0.02281073626586605,0.5055466585855151,0
V20_ensw2,R_re400_mh3_h20_t3,3,20.0,400.0,3.0,,,False,0.14709133745230418,0.39008181494888694,0.6279574846675652,0.8458623909309348,-0.23131608198757692,0.11422714097619235,0.029495060089201885,-0.1050147691539225,0.5531896695488119,0.5411764705882353,85,8.611764705882353,0.0313673816,27.62958,0.053913794140388244,1,-0.07106665383756261,0.013206101641803025,0.4769235390829849,0
V20_ensw2,R_re400_mh3_h20_sl8tr15_t3,3,20.0,400.0,3.0,0.08,0.15,False,0.34820670530188136,1.0506591251703115,1.1643101011004988,1.337007835943996,-0.1548926328257494,0.20830737732167082,0.11578124126851796,0.26213262445596297,0.6247572445520448,0.57,100,7.32,0.03910050200000001,36.4901,0.04588283845415731,1,0.28891781259841354,0.056688114682016844,0.5056409798910382,0
V20_ensw2,R_re400_mh5_h20_t3,3,20.0,400.0,5.0,,,False,0.03891542310913265,0.011563802912948118,0.28107067942624503,0.35362389828540597,-0.20520861315608707,0.07492002013518917,-0.033495140430568116,-0.09577479972381187,0.11870782035711303,0.5405405405405406,74,9.891891891891891,0.027364032000000003,24.1616,0.057615406575189584,1,0.012847466526191065,-0.03352317630036861,0.03337461854320489,0
V20_ensw2,R_re400_mh5_h20_sl8tr15_t3,3,20.0,400.0,5.0,0.08,0.15,False,0.17716969183636255,0.4691805190482099,0.693165308731465,0.8973719256488574,-0.20952837755235865,0.05227096206626691,0.11869445634500941,-0.10443324412726962,0.6405036357300815,0.5227272727272727,88,8.318181818181818,0.032906774800000003,29.43424,0.041193823088336516,1,0.20062110974117964,0.045420504459099176,0.1705182036793118,0
V20_ensw2,R_re500_mh2_t3,3,,500.0,2.0,,,False,-0.057335376748866684,-0.24619029585249463,-0.0780869482096002,-0.276284574394142,-0.3130373464765037,0.08020967829071335,-0.1273318114101949,-0.01413856868218144,-0.2353796586403888,0.532258064516129,62,11.790322580645162,0.022626039199999996,19.66546,0.07439930479788615,1,0.11295144535259971,-0.2921825711396978,-0.04310506900751798,0
V20_ensw2,R_re500_mh2_sl8_t3,3,,500.0,2.0,0.08,,False,-0.09225542746477222,-0.33759040747137803,-0.17132306762700045,-0.24875905546728633,-0.3296749795286267,0.10066277194084194,-0.17527457485041886,-0.02734644538571407,-0.3189665638025595,0.5393258426966292,89,8.213483146067416,0.032339730399999995,27.96102,0.0538071936313006,1,0.10650770136590992,-0.1260847449049851,-0.31498063084331374,0
V20_ensw2,R_re500_mh5_tr12_t3,3,,500.0,5.0,,0.12,False,0.5608295351253774,2.4608593627891193,1.6239536814267406,2.282483794709329,-0.20370361243121482,0.14472708312683102,0.36349489597289986,0.25997068463631745,1.7467776869650526,0.6323529411764706,68,10.764705882352942,0.027114163599999994,25.44418,0.05128314268854346,1,0.6431127541260948,-0.010406449400897966,1.1284317488654017,0
V20_ensw2,R_re500_mh5_sl8tr15_t3,3,,500.0,5.0,0.08,0.15,False,0.2514414005851353,0.7186381786417426,0.929538852377518,1.1211263469221984,-0.20444639604952342,0.2244156925690004,0.02207233064730696,0.4920987432266468,0.15182603459956456,0.5774647887323944,71,10.309859154929578,0.027853973599999998,26.10668,0.04179917926134569,1,0.3480561565184037,0.5611355886526701,-0.18335022502409604,0
V20_ensw2,R_re500_mh5_h20_t3,3,20.0,500.0,5.0,,,False,0.15158980507926767,0.3789969552572523,0.6360030808095872,0.8574441723895463,-0.21766108981935994,0.05699126381866715,0.08949794052113402,0.08904397270807007,0.26624543160380454,0.5555555555555556,63,11.619047619047619,0.023495497599999998,20.95288,0.05948321636596496,1,0.2414352086874474,-0.08362464358278021,0.21217646434484605,0
V20_ensw2,R_re500_mh5_h20_sl8tr15_t3,3,20.0,500.0,5.0,0.08,0.15,False,0.5129194668958279,2.0520749132711287,1.5774569071365716,1.9950157683404408,-0.1839148177540747,0.1404964844675125,0.32654461236870613,0.11593921939840124,1.7349831068008275,0.6266666666666667,75,9.76,0.029821108000000002,27.9374,0.045085751390993634,1,0.4271618155451735,0.31637209905976915,0.6245882321778089,0
V20_ensw2,R_re500_mh3_h20_t3,3,20.0,500.0,3.0,,,False,-0.09111048786136033,-0.3491635480639934,-0.21075003358842323,-0.4504223410583038,-0.31212873819017894,0.022141793194756954,-0.1107989926741394,-0.222155364171419,-0.1632822006380258,0.5,66,11.090909090909092,0.023421556800000003,19.65684,0.06739627284534128,1,-0.05255724040197307,-0.451188982897608,0.2516879363843645,0
V20_ensw2,R_re500_mh3_h20_sl8tr15_t3,3,20.0,500.0,3.0,0.08,0.15,False,0.06291748533582919,-0.06523140569588515,0.3632667126124486,0.22294215475898202,-0.20916834416895236,0.004522745496670977,0.058131824392175346,-0.2621121080580582,0.26681655101295987,0.5421686746987951,83,8.819277108433734,0.0300438096,25.85348,0.05417394388075859,1,-0.04413595287402394,-0.11461520920350199,0.10452596251142232,0
V20_ensw2,R_re500_mh5_t3,3,,500.0,5.0,,,False,0.06586090985889603,0.14002626177489486,0.3744558777234072,0.5198165939607113,-0.23530820313005263,0.08667938110243223,-0.019157878216494506,0.146556284340164,-0.005695335374684252,0.509090909090909,55,13.309090909090909,0.020497779200000003,18.26496,0.06481501062261279,1,0.35560236803695844,-0.35050680531387113,0.29481562679095763,0
V20_ensw2,R_re500_mh5_sl8_t3,3,,500.0,5.0,0.08,,False,0.38032692686942915,1.2830411873327372,1.2338160117632029,1.4866209704558762,-0.17130115439337446,0.1745733674966201,0.17517301606398106,0.46738866982343086,0.5558530839736224,0.5945945945945946,74,9.891891891891891,0.029130094399999997,27.27772,0.048480610689128366,1,0.36744712117974854,0.5223855196245699,0.09667655910795347,0
V20_ensw2,R_re500_mh2_tr12_t3,3,,500.0,2.0,,0.12,False,0.16035063949885897,0.41563179000680117,0.6717229967870522,0.8814720894431765,-0.2431770886632154,0.13213933763365548,0.024918577534960296,0.23369722876314758,0.14747099774719685,0.6,75,9.746666666666666,0.0283264352,25.62776,0.05930359703722402,1,0.47556794913138134,-0.3769983203441596,0.5399331776296878,0
V20_ensw2,R_re500_mh2_sl8tr15_t3,3,,500.0,2.0,0.08,0.15,False,-0.09225542746477222,-0.33759040747137803,-0.17132306762700045,-0.24875905546728633,-0.3296749795286267,0.10066277194084194,-0.17527457485041886,-0.02734644538571407,-0.3189665638025595,0.5393258426966292,89,8.213483146067416,0.032339730399999995,27.96102,0.0538071936313006,1,0.10650770136590992,-0.1260847449049851,-0.31498063084331374,0
V20_ensw2,R_re500_mh2_h20_t3,3,20.0,500.0,2.0,,,False,-0.175181848707207,-0.5027307565329253,-0.5799197523404046,-1.006250850252935,-0.3391149982143966,0.03432246428787211,-0.20255222160269126,-0.1980420020288144,-0.37993106281740496,0.5142857142857142,70,10.442857142857143,0.0249360992,21.03096,0.05864293987965734,1,-0.06980211715968265,-0.3305536719219294,-0.2014529896667171,0
V20_ensw2,R_re500_mh2_h20_sl8tr15_t3,3,20.0,500.0,2.0,0.08,0.15,False,0.06148006773809844,-0.009855473494991718,0.3559767614866004,0.32676438221263004,-0.2533915291297454,0.049328346523857425,0.011580475505589938,-0.10495510817132303,0.10625124565766919,0.5483870967741935,93,7.860215053763441,0.033872732800000006,29.37064,0.05813489803692397,1,0.10724991228544023,-0.27577603740657397,0.23475287530708178,0
V20_ensw2,R_re500_mh3_t3,3,,500.0,3.0,,,False,0.021355849472120214,-0.051528256801925076,0.22028134622700005,0.1853310076645829,-0.2899439237151974,0.08873346508089508,-0.061886235492696895,0.01494485387771527,-0.06549430781945609,0.5333333333333333,60,12.2,0.022039837599999997,19.30738,0.07426673333842615,1,0.12126056636360838,-0.40111399351022914,0.4124519505706714,0
V20_ensw2,R_re500_mh3_sl8_t3,3,,500.0,3.0,0.08,,False,0.04988613355796878,-0.06837307596415587,0.31827280127316976,0.22406686392507477,-0.22853350541353057,0.047051780189250936,0.00270698490976673,-0.21454530903879043,0.1860988733745479,0.5432098765432098,81,9.037037037037036,0.0293581528,25.30414,0.0603200377522152,1,-0.06361675367626807,-0.25430687400875074,0.3342224893960801,0
V20_ensw2,R_re500_mh3_tr12_t3,3,,500.0,3.0,,0.12,False,0.0675342802159209,0.06430601850046469,0.3772598211537283,0.4203622094611208,-0.2766385059588151,0.2087580350769156,-0.11683376719146965,0.2585556848354096,-0.15434332280684782,0.5416666666666666,72,10.166666666666666,0.0272742976,24.72888,0.06822112444533014,1,0.08547420699770147,0.14043341995065028,-0.14024032013413013,0
V20_ensw2,R_re500_mh3_sl8tr15_t3,3,,500.0,3.0,0.08,0.15,False,0.04988613355796878,-0.06837307596415587,0.31827280127316976,0.22406686392507477,-0.22853350541353057,0.047051780189250936,0.00270698490976673,-0.21454530903879043,0.1860988733745479,0.5432098765432098,81,9.037037037037036,0.0293581528,25.30414,0.0603200377522152,1,-0.06361675367626807,-0.25430687400875074,0.3342224893960801,0
