name,cum_net,sharpe,maxdd,h1,h2,win,n,proto
A_w30.0_w50.0_wt2.0,0.5647505441065257,1.3866354293938097,-0.3253078193273522,0.42678109581781243,0.09669980117702037,0.5769230769230769,26,h20tr20_t2
A_w30.0_w50.0_wt3.0,0.596372579031234,1.4123564194606992,-0.3092472283184079,0.5235418107662262,0.04780359012817614,0.5769230769230769,26,h20tr20_t2
A_w30.0_w50.0_wt0.5,-0.0736484267444939,-0.17135863898297954,-0.27306413913723104,0.02610510859834303,-0.09721570870951046,0.5384615384615384,26,h20tr20_t2
A_w30.0_w50.0_wt1.0,-0.1468395967270918,-0.3515191467127885,-0.44431836544209924,0.057489635976676334,-0.19322102624207205,0.5,26,h20tr20_t2
A_w30.0_w50.25_wt2.0,0.4985393110875844,1.3022668322454807,-0.3259093351563713,0.5383115755658199,-0.025854492100279125,0.5769230769230769,26,h20tr20_t2
A_w30.0_w50.25_wt3.0,0.4203283927931676,1.1195737564311996,-0.3044732223133355,0.4710368037275532,-0.03447120480323329,0.5769230769230769,26,h20tr20_t2
A_w30.0_w50.5_wt0.5,-0.08764465186106818,-0.21735264554706704,-0.2770487021819493,-0.09412182520247803,0.007150159394068156,0.5,26,h20tr20_t2
A_w30.0_w50.5_wt1.0,0.016585967722047457,0.2087692338594576,-0.3525383316901557,0.17550464321288528,-0.13519187389722376,0.5769230769230769,26,h20tr20_t2
A_w30.0_w50.25_wt0.5,-0.008701009987199027,0.09573265853277318,-0.19820090864686501,-0.004684026113394912,-0.0040358880789562734,0.5384615384615384,26,h20tr20_t2
A_w30.0_w50.25_wt1.0,-0.05193815682273084,-0.027729143345797676,-0.3800850420631414,0.08589249678117783,-0.1269284519530881,0.5384615384615384,26,h20tr20_t2
A_w30.25_w50.0_wt0.5,-0.047070961968526004,-0.05251911977525746,-0.24813277810244105,0.011481214681774654,-0.05788755717892502,0.5384615384615384,26,h20tr20_t2
A_w30.25_w50.0_wt1.0,-0.1659968688150849,-0.482102605387268,-0.43822446373489443,0.08589249678117783,-0.2319652878557661,0.5,26,h20tr20_t2
A_w30.0_w50.5_wt2.0,0.13182586121048345,0.5332191025436159,-0.41771913037960373,0.44441674604630377,-0.21641322401685859,0.5,26,h20tr20_t2
A_w30.0_w50.5_wt3.0,0.8143974364748843,1.8154223371870581,-0.3263531489069842,0.5862931994889597,0.14379702129430294,0.6538461538461539,26,h20tr20_t2
A_w30.25_w50.0_wt2.0,0.4985393110875844,1.3022668322454807,-0.3259093351563713,0.5383115755658199,-0.025854492100279125,0.5769230769230769,26,h20tr20_t2
A_w30.25_w50.0_wt3.0,0.40727715708052914,1.0975381904467152,-0.30413779230369076,0.4710368037275532,-0.043343338851523416,0.5769230769230769,26,h20tr20_t2
A_w30.25_w50.25_wt0.5,-0.11801939211752865,-0.34656515708368757,-0.3003748404873715,-0.09412182520247803,-0.026380552683469727,0.46153846153846156,26,h20tr20_t2
A_w30.25_w50.25_wt1.0,0.025481849804546597,0.23800019424851365,-0.3525383316901557,0.17550464321288528,-0.1276241606313836,0.5769230769230769,26,h20tr20_t2
A_w30.25_w50.25_wt2.0,0.13182586121048345,0.5332191025436159,-0.41771913037960373,0.44441674604630377,-0.21641322401685859,0.5,26,h20tr20_t2
A_w30.25_w50.25_wt3.0,0.734700813190734,1.7000312175228267,-0.3263531489069842,0.5862931994889597,0.09355623143917136,0.6538461538461539,26,h20tr20_t2
A_w30.25_w50.5_wt0.5,0.04087592876009971,0.28728834478863774,-0.20422582707290438,-0.08833153537644112,0.14172637219594186,0.5384615384615384,26,h20tr20_t2
A_w30.25_w50.5_wt1.0,-0.1021728573122952,-0.26588782500456465,-0.29565388321398356,-0.04632992298817862,-0.058555821001631925,0.5769230769230769,26,h20tr20_t2
A_w30.5_w50.0_wt0.5,-0.08686269583493,-0.21324362601352953,-0.27628517146350207,-0.02937871127909808,-0.059223906608915966,0.5,26,h20tr20_t2
A_w30.5_w50.0_wt1.0,0.04298587465854631,0.2944303424127037,-0.350346083958727,0.20035886163536287,-0.13110494870043454,0.5769230769230769,26,h20tr20_t2
A_w30.5_w50.0_wt2.0,0.3789599534920369,1.0771370878089075,-0.31413190487917764,0.44441674604630377,-0.045317109991585,0.5384615384615384,26,h20tr20_t2
A_w30.5_w50.0_wt3.0,0.43861775988601015,1.2040276865696358,-0.3252528767282462,0.3250334781619322,0.0857218203132799,0.6153846153846154,26,h20tr20_t2
A_w30.25_w50.5_wt2.0,-0.1191784933620339,-0.24772306822078174,-0.4488774308677238,0.07216950501347785,-0.17846804771145397,0.5,26,h20tr20_t2
A_w30.25_w50.5_wt3.0,0.2404840937107826,0.7954577295709114,-0.315304279846192,0.15799959244298423,0.07123016433346385,0.5769230769230769,26,h20tr20_t2
A_w30.5_w50.25_wt0.5,0.10924263113527832,0.5377845881336643,-0.14714296932838844,-0.023465472369506246,0.13589699058239457,0.5769230769230769,26,h20tr20_t2
A_w30.5_w50.25_wt1.0,-0.09229596792988515,-0.22940161439799292,-0.3002280905472875,-0.029813599551328895,-0.0644024368406535,0.5769230769230769,26,h20tr20_t2
A_w30.5_w50.25_wt2.0,-0.1837699263099104,-0.5409265733966829,-0.45754858382564456,0.00596052406266212,-0.18860625823201183,0.5,26,h20tr20_t2
A_w30.5_w50.25_wt3.0,0.2404840937107826,0.7954577295709114,-0.315304279846192,0.15799959244298423,0.07123016433346385,0.5769230769230769,26,h20tr20_t2
A_w30.5_w50.5_wt0.5,0.12548619774676695,0.5896444525761265,-0.18636984495137887,-0.04745776937235324,0.18156041964162073,0.5769230769230769,26,h20tr20_t2
A_w30.5_w50.5_wt1.0,-0.05399467232318955,-0.09560214577615361,-0.24979165326355768,-0.04632992298817862,-0.008037107926283205,0.6153846153846154,26,h20tr20_t2
A_w30.5_w50.5_wt2.0,-0.13930215299158122,-0.3405242121434538,-0.42356163161225135,0.09804015680478728,-0.21615084687523267,0.5,26,h20tr20_t2
A_w30.5_w50.5_wt3.0,0.5620918423901022,1.4153408854266838,-0.3136428374990887,0.5377195270033281,0.015849649405357935,0.5769230769230769,26,h20tr20_t2
A_w31.0_w50.0_wt0.5,0.024983416324503738,0.2265814365300176,-0.2006877810199148,-0.04953459726784981,0.07840160554834363,0.5,26,h20tr20_t2
A_w31.0_w50.0_wt1.0,0.01229240156164968,0.17511390809234573,-0.21282608190211094,0.006471977477051638,0.00578299666046167,0.6153846153846154,26,h20tr20_t2
A_w31.0_w50.0_wt2.0,-0.11239407497440845,-0.24573137326195368,-0.42577937289452683,0.09804015680478728,-0.19164529682734277,0.5,26,h20tr20_t2
A_w31.0_w50.0_wt3.0,0.6092045055134891,1.4222114145779547,-0.31516480182545004,0.5022949127900964,0.07116418475040809,0.5384615384615384,26,h20tr20_t2
A_w31.0_w50.25_wt0.5,0.04887217273656974,0.3209741496914759,-0.19725172082930553,-0.03005508727871342,0.08137293054493622,0.5384615384615384,26,h20tr20_t2
A_w31.0_w50.25_wt1.0,0.09407285324681047,0.5020918360517033,-0.15889554025293984,0.01059241397152677,0.08260544817194271,0.6153846153846154,26,h20tr20_t2
A_w31.0_w50.25_wt2.0,-0.1817122359753598,-0.5559891459149572,-0.43014303903889617,0.09804015680478728,-0.2547742822031258,0.5,26,h20tr20_t2
A_w31.0_w50.25_wt3.0,0.13182586121048345,0.5332191025436159,-0.41771913037960373,0.44441674604630377,-0.21641322401685859,0.5,26,h20tr20_t2
A_w31.0_w50.5_wt0.5,0.11270309921801047,0.5577322670147508,-0.17644855426727823,-0.03005508727871342,0.14718174674085271,0.5769230769230769,26,h20tr20_t2
A_w31.0_w50.5_wt1.0,0.06092159108097195,0.3671241629112009,-0.16529205764814214,-0.035904689821671054,0.10043227042016478,0.5769230769230769,26,h20tr20_t2
A_w31.0_w50.5_wt2.0,-0.1583191563275541,-0.45744255423987307,-0.41485733273228165,0.11204065432371002,-0.2431204377286772,0.5,26,h20tr20_t2
A_w31.0_w50.5_wt3.0,-0.1837699263099104,-0.5409265733966829,-0.45754858382564456,0.00596052406266212,-0.18860625823201183,0.5,26,h20tr20_t2
C_w10.25_w30.0_w50.0_wt0.5,3.183426876909512,3.2767966419197956,-0.21352097735630926,1.164942674633918,0.9323499536157054,0.5769230769230769,26,h20tr20_t2
C_w10.25_w30.0_w50.0_wt1.0,0.6429115928825477,1.4101025203145874,-0.3337547570609878,1.1177710391450777,-0.22422605535970752,0.5769230769230769,26,h20tr20_t2
C_w10.25_w30.0_w50.0_wt2.0,0.693468322586166,1.4707028209600068,-0.34069431440378606,1.2371467060102734,-0.2430231249311775,0.5769230769230769,26,h20tr20_t2
C_w10.25_w30.0_w50.25_wt0.5,0.5484350074375317,1.3922117394501485,-0.21695010085114608,0.04008598324758661,0.4887567300952045,0.5769230769230769,26,h20tr20_t2
C_w10.25_w30.0_w50.25_wt1.0,1.0665737385698675,1.876341235314722,-0.3202981966279135,1.0585700978893535,0.0038879612060427338,0.5925925925925926,27,h20tr20_t2
C_w10.25_w30.0_w50.25_wt2.0,0.9796712909018725,1.7789712904991561,-0.29050806016363906,1.0307389709206412,-0.02514733835812244,0.5384615384615384,26,h20tr20_t2
C_w10.25_w30.25_w50.25_wt1.0,0.7469776645727315,1.6356699371096737,-0.22555403025848142,0.2820643136062204,0.36262872777325117,0.6153846153846154,26,h20tr20_t2
C_w10.25_w30.25_w50.25_wt2.0,1.0964627212186953,1.8610637044060028,-0.374485359855408,1.0998906432899789,-0.0016324288515877639,0.5769230769230769,26,h20tr20_t2
C_w10.25_w30.25_w50.0_wt0.5,0.45623881894901075,1.1947138600258107,-0.21802444340174,0.04839153825664777,0.3890219119572098,0.5769230769230769,26,h20tr20_t2
C_w10.25_w30.25_w50.0_wt1.0,1.6150996005458982,2.372429524716136,-0.22650222578061607,1.0512451980122122,0.2748839597918846,0.6153846153846154,26,h20tr20_t2
C_w10.25_w30.25_w50.0_wt2.0,1.1122978659823621,1.8910204329639486,-0.3049606088650392,1.1716584440443296,-0.027334214652751543,0.5384615384615384,26,h20tr20_t2
C_w10.25_w30.25_w50.25_wt0.5,0.27733853006482034,0.9493440522772011,-0.26461034539648565,0.07970748231445701,0.18304128755940763,0.5769230769230769,26,h20tr20_t2
C_w10.25_w30.5_w50.0_wt0.5,0.271163358845786,0.9256349614697259,-0.264383847072045,0.07464224038523071,0.1828712022245711,0.5384615384615384,26,h20tr20_t2
C_w10.25_w30.5_w50.0_wt1.0,1.5739034324954053,2.446592218274443,-0.26849145534216257,1.0070055497501835,0.28245954916058147,0.6153846153846154,26,h20tr20_t2
C_w10.25_w30.5_w50.0_wt2.0,0.7068873285071895,1.4151267343353917,-0.39166853097416376,1.0805743954055038,-0.17960764475594793,0.5185185185185185,27,h20tr20_t2
C_w10.25_w30.5_w50.25_wt0.5,0.15959831478823028,0.6311346028812578,-0.29669555667707204,0.006189766436915267,0.1524648266842945,0.5,26,h20tr20_t2
C_w10.5_w30.0_w50.0_wt2.0,0.6429115928825477,1.4101025203145874,-0.3337547570609878,1.1177710391450777,-0.22422605535970752,0.5769230769230769,26,h20tr20_t2
C_w10.5_w30.0_w50.25_wt0.5,0.25377256984327423,0.8909966992245022,-0.2668107431773352,0.06622214390893233,0.17590182965695544,0.5769230769230769,26,h20tr20_t2
C_w10.25_w30.5_w50.25_wt1.0,0.6310001524596869,1.4715339983175368,-0.21567912029655578,0.1699298564562539,0.3941008031028692,0.5769230769230769,26,h20tr20_t2
C_w10.25_w30.5_w50.25_wt2.0,1.2032105549285843,1.9843600063006954,-0.32244785861914205,1.201222197360949,0.0009032970728799494,0.5925925925925926,27,h20tr20_t2
C_w10.5_w30.0_w50.0_wt0.5,0.411508388250567,1.1144960101416879,-0.217568243267665,0.010967248296396281,0.39619596048153904,0.5769230769230769,26,h20tr20_t2
C_w10.5_w30.0_w50.0_wt1.0,3.183426876909512,3.2767966419197956,-0.21352097735630926,1.164942674633918,0.9323499536157054,0.5769230769230769,26,h20tr20_t2
C_w10.5_w30.0_w50.25_wt1.0,2.5473828574149513,3.0445771821014014,-0.22505275635252986,0.7886881952977833,0.983231547421477,0.6153846153846154,26,h20tr20_t2
C_w10.5_w30.0_w50.25_wt2.0,0.9557748787635469,1.7397385461579138,-0.37494300232536704,0.9568493091687549,-0.0005490613917853437,0.5769230769230769,26,h20tr20_t2
C_w10.5_w30.25_w50.0_wt2.0,0.6956442503598743,1.4179372647700994,-0.37617432728122513,0.9378726367426138,-0.12499706213402362,0.5185185185185185,27,h20tr20_t2
C_w10.5_w30.25_w50.25_wt0.5,0.18237390909924178,0.696700895404327,-0.2895421351012857,0.023925769197128854,0.15474572929867092,0.5,26,h20tr20_t2
C_w10.5_w30.25_w50.0_wt0.5,0.23196709686778338,0.8363989410496105,-0.2653217734245563,0.047232624385600275,0.17640251858135558,0.5384615384615384,26,h20tr20_t2
C_w10.5_w30.25_w50.0_wt1.0,2.4717561299267206,3.11047241042635,-0.24453293888073835,0.8647113722038562,0.8618195725505435,0.6153846153846154,26,h20tr20_t2
C_w10.5_w30.25_w50.25_wt1.0,0.45623881894901075,1.1947138600258107,-0.21802444340174,0.04839153825664777,0.3890219119572098,0.5769230769230769,26,h20tr20_t2
C_w10.5_w30.25_w50.25_wt2.0,1.0665737385698675,1.876341235314722,-0.3202981966279135,1.0585700978893535,0.0038879612060427338,0.5925925925925926,27,h20tr20_t2
C_w10.5_w30.5_w50.0_wt0.5,0.13227923590484147,0.5756386714063282,-0.2574571557051777,0.02933401333718444,0.10001148435180873,0.5,26,h20tr20_t2
C_w10.5_w30.5_w50.0_wt1.0,0.45623881894901075,1.1947138600258107,-0.21802444340174,0.04839153825664777,0.3890219119572098,0.5769230769230769,26,h20tr20_t2
V11_ensw2,0.7440739049206282,1.585257637974681,-0.24608836102598108,0.8790619261824055,-0.07183798435851674,0.5,26,h20tr20_t2
C_w10.5_w30.5_w50.0_wt2.0,1.6150996005458982,2.372429524716136,-0.22650222578061607,1.0512451980122122,0.2748839597918846,0.6153846153846154,26,h20tr20_t2
C_w10.5_w30.5_w50.25_wt0.5,0.09070576804851216,0.4583808766630507,-0.2749237420550795,0.01847602346318733,0.07091943543228107,0.46153846153846156,26,h20tr20_t2
C_w10.5_w30.5_w50.25_wt1.0,0.36135781834792824,1.1142971724152881,-0.20490186103438435,-0.014338669032981421,0.381161840865077,0.5769230769230769,26,h20tr20_t2
C_w10.5_w30.5_w50.25_wt2.0,1.6756924305026097,2.5372070763545285,-0.26817074364094795,1.0766794931853618,0.28844746591032067,0.6153846153846154,26,h20tr20_t2
C_w11.0_w30.0_w50.0_wt0.5,0.09027950169688359,0.44751248039523994,-0.2738063384670296,-0.007992691211350378,0.0990639807162661,0.5,26,h20tr20_t2
C_w11.0_w30.0_w50.0_wt1.0,0.411508388250567,1.1144960101416879,-0.217568243267665,0.010967248296396281,0.39619596048153904,0.5769230769230769,26,h20tr20_t2
C_w11.0_w30.0_w50.0_wt2.0,3.183426876909512,3.2767966419197956,-0.21352097735630926,1.164942674633918,0.9323499536157054,0.5769230769230769,26,h20tr20_t2
C_w11.0_w30.0_w50.25_wt0.5,0.032517539931127715,0.25730914524813486,-0.24197140859929833,0.029907443265188016,0.0025343021676440536,0.46153846153846156,26,h20tr20_t2
C_w11.0_w30.0_w50.25_wt1.0,0.17457968631880916,0.6751443487401363,-0.31422974227646805,-0.028527147230755556,0.20907103370989222,0.5384615384615384,26,h20tr20_t2
C_w11.0_w30.0_w50.25_wt2.0,2.8708206914451972,3.2835164571292297,-0.24455195987684164,1.0766794931853618,0.8639470867542718,0.6153846153846154,26,h20tr20_t2
C_w11.0_w30.25_w50.0_wt0.5,-0.06919609982469621,-0.16066743131302466,-0.25324017519507636,-0.0029803595364267244,-0.06641367692363798,0.46153846153846156,26,h20tr20_t2
C_w11.0_w30.25_w50.0_wt1.0,0.12295839641731887,0.5332890537383073,-0.3143833963030993,-0.07254544220041648,0.21079613763673133,0.5,26,h20tr20_t2
C_w11.0_w30.25_w50.0_wt2.0,2.6463559476770464,3.1909900408801786,-0.2449271866770285,0.9606871862669915,0.8597336552290369,0.6153846153846154,26,h20tr20_t2
C_w11.0_w30.25_w50.25_wt0.5,-0.07081100243841887,-0.16452534898852933,-0.25362760733111234,-0.004595262150149271,-0.06652142366862768,0.46153846153846156,26,h20tr20_t2
C_w11.0_w30.25_w50.25_wt1.0,0.25377256984327423,0.8909966992245022,-0.2668107431773352,0.06622214390893233,0.17590182965695544,0.5769230769230769,26,h20tr20_t2
C_w11.0_w30.25_w50.25_wt2.0,2.3488167972056244,2.9367304730788155,-0.24556494212710644,0.7886881952977833,0.8722194321006902,0.6153846153846154,26,h20tr20_t2
C_w11.0_w30.5_w50.0_wt0.5,-0.020397499363593363,0.049935106015455796,-0.23885646934976779,0.04960934586847898,-0.06669800103022838,0.5,26,h20tr20_t2
C_w11.0_w30.5_w50.0_wt1.0,0.23196709686778338,0.8363989410496105,-0.2653217734245563,0.047232624385600275,0.17640251858135558,0.5384615384615384,26,h20tr20_t2
C_w11.0_w30.5_w50.0_wt2.0,2.4717561299267206,3.11047241042635,-0.24453293888073835,0.8647113722038562,0.8618195725505435,0.6153846153846154,26,h20tr20_t2
C_w11.0_w30.5_w50.25_wt0.5,0.0230766498676378,0.21978373872352805,-0.22524708230102664,0.054428894981638054,-0.02973386376569942,0.5384615384615384,26,h20tr20_t2
C_w11.0_w30.5_w50.25_wt1.0,0.2264629695100735,0.8221568873610939,-0.2632518235409359,0.03665502898579587,0.18309653184239583,0.5384615384615384,26,h20tr20_t2
C_w11.0_w30.5_w50.25_wt2.0,0.5861028305937053,1.4264675221080012,-0.2186591517190699,0.11205399248485826,0.4262822140942961,0.6538461538461539,26,h20tr20_t2
A_w30.0_w50.5_wt3.0+2.0xC_w10.5_w30.0_w50.0_wt1.0,0.4784757659301535,1.1499968230540296,-0.4299251219143423,0.9842933731025965,-0.2549106971927032,0.46153846153846156,26,h20tr20_t2
A_w30.0_w50.5_wt3.0+3.0xC_w10.5_w30.0_w50.0_wt1.0,0.5448345044138414,1.266012117226067,-0.41535255829720463,0.8248420951075663,-0.1534420931237992,0.46153846153846156,26,h20tr20_t2
A_w30.0_w50.5_wt3.0+0.5xC_w10.25_w30.0_w50.0_wt0.5,0.7653767500707691,1.6070268643327845,-0.23917467626581712,0.7903480672569825,-0.013947744376026416,0.48148148148148145,27,h20tr20_t2
A_w30.0_w50.5_wt3.0+1.0xC_w10.25_w30.0_w50.0_wt0.5,0.2601402768159089,0.7693861637400269,-0.33953812307027265,0.5062548322409406,-0.16339503127692656,0.38461538461538464,26,h20tr20_t2
A_w30.0_w50.5_wt3.0+1.5xC_w11.0_w30.0_w50.0_wt2.0,-0.039694987572929885,0.11709254055748503,-0.5174850658669408,0.6541177285722262,-0.4194457892329284,0.34615384615384615,26,h20tr20_t2
A_w30.0_w50.5_wt3.0+2.0xC_w11.0_w30.0_w50.0_wt2.0,0.4784757659301535,1.1499968230540296,-0.4299251219143423,0.9842933731025965,-0.2549106971927032,0.46153846153846156,26,h20tr20_t2
A_w30.0_w50.5_wt3.0+1.5xC_w10.25_w30.0_w50.0_wt0.5,-0.039694987572929885,0.11709254055748503,-0.5174850658669408,0.6541177285722262,-0.4194457892329284,0.34615384615384615,26,h20tr20_t2
A_w30.0_w50.5_wt3.0+2.0xC_w10.25_w30.0_w50.0_wt0.5,0.4784757659301535,1.1499968230540296,-0.4299251219143423,0.9842933731025965,-0.2549106971927032,0.46153846153846156,26,h20tr20_t2
A_w30.0_w50.5_wt3.0+3.0xC_w10.25_w30.0_w50.0_wt0.5,0.5448345044138414,1.266012117226067,-0.41535255829720463,0.8248420951075663,-0.1534420931237992,0.46153846153846156,26,h20tr20_t2
A_w30.0_w50.5_wt3.0+0.5xC_w10.5_w30.0_w50.0_wt1.0,0.7653767500707691,1.6070268643327845,-0.23917467626581712,0.7903480672569825,-0.013947744376026416,0.48148148148148145,27,h20tr20_t2
A_w30.0_w50.5_wt3.0+1.0xC_w10.5_w30.0_w50.0_wt1.0,0.2601402768159089,0.7693861637400269,-0.33953812307027265,0.5062548322409406,-0.16339503127692656,0.38461538461538464,26,h20tr20_t2
A_w30.0_w50.5_wt3.0+1.5xC_w10.5_w30.0_w50.0_wt1.0,-0.039694987572929885,0.11709254055748503,-0.5174850658669408,0.6541177285722262,-0.4194457892329284,0.34615384615384615,26,h20tr20_t2
A_w30.0_w50.5_wt3.0+0.5xC_w11.0_w30.0_w50.0_wt2.0,0.7653767500707691,1.6070268643327845,-0.23917467626581712,0.7903480672569825,-0.013947744376026416,0.48148148148148145,27,h20tr20_t2
A_w30.0_w50.5_wt3.0+1.0xC_w11.0_w30.0_w50.0_wt2.0,0.2601402768159089,0.7693861637400269,-0.33953812307027265,0.5062548322409406,-0.16339503127692656,0.38461538461538464,26,h20tr20_t2
A_w30.0_w50.5_wt3.0+3.0xC_w11.0_w30.0_w50.0_wt2.0,0.5448345044138414,1.266012117226067,-0.41535255829720463,0.8248420951075663,-0.1534420931237992,0.46153846153846156,26,h20tr20_t2
A_w30.0_w50.5_wt3.0+0.5xC_w11.0_w30.0_w50.25_wt2.0,0.7372463897419916,1.53453550083512,-0.310416171785845,0.9031227419301138,-0.08716009142946446,0.46153846153846156,26,h20tr20_t2
A_w30.0_w50.5_wt3.0+2.0xC_w11.0_w30.0_w50.25_wt2.0,0.7001428225781345,1.5004697533167701,-0.4116678506106697,0.9918022921817731,-0.14642992969154667,0.5,26,h20tr20_t2
A_w30.0_w50.5_wt3.0+3.0xC_w11.0_w30.0_w50.25_wt2.0,0.6995588568674844,1.4973853013194913,-0.41306013978886325,0.9996035897989075,-0.15005210755877774,0.5,26,h20tr20_t2
A_w30.0_w50.5_wt3.0+1.0xC_w11.0_w30.0_w50.25_wt2.0,-0.00925300472382029,0.1872465694932479,-0.5006441541280056,0.6652747662422815,-0.4050549402656147,0.34615384615384615,26,h20tr20_t2
A_w30.0_w50.5_wt3.0+1.5xC_w11.0_w30.0_w50.25_wt2.0,0.11212162333004039,0.4714374945058246,-0.471360875524903,0.8282920105737519,-0.3917155372893433,0.38461538461538464,26,h20tr20_t2
A_w30.0_w50.5_wt3.0+0.5xC_w11.0_w30.25_w50.0_wt2.0,0.6772109265946631,1.4508730202368443,-0.31124447803290645,0.8252182548331868,-0.08109020816913337,0.46153846153846156,26,h20tr20_t2
A_w30.0_w50.5_wt3.0+1.0xC_w11.0_w30.25_w50.0_wt2.0,-0.00925300472382029,0.1872465694932479,-0.5006441541280056,0.6652747662422815,-0.4050549402656147,0.34615384615384615,26,h20tr20_t2
A_w30.0_w50.5_wt3.0+1.5xC_w11.0_w30.25_w50.0_wt2.0,0.08876419406521419,0.41818021096359625,-0.48353119002139167,0.8282920105737519,-0.40449108360784203,0.38461538461538464,26,h20tr20_t2
A_w30.0_w50.5_wt3.0+2.0xC_w11.0_w30.25_w50.0_wt2.0,0.700142822578137,1.5004697533167717,-0.4116678506106696,0.9918022921817753,-0.1464299296915469,0.5,26,h20tr20_t2
A_w30.25_w50.25_wt3.0+0.5xC_w10.5_w30.0_w50.0_wt1.0,0.5919637604081607,1.3522348729007438,-0.23733582966450117,0.6200216947618746,-0.017319480624510053,0.4444444444444444,27,h20tr20_t2
A_w30.25_w50.25_wt3.0+1.0xC_w10.5_w30.0_w50.0_wt1.0,0.2601402768159089,0.7693861637400269,-0.33953812307027265,0.5062548322409406,-0.16339503127692656,0.38461538461538464,26,h20tr20_t2
A_w30.25_w50.25_wt3.0+1.0xC_w10.25_w30.0_w50.0_wt0.5,0.2601402768159089,0.7693861637400269,-0.33953812307027265,0.5062548322409406,-0.16339503127692656,0.38461538461538464,26,h20tr20_t2
A_w30.25_w50.25_wt3.0+1.5xC_w10.25_w30.0_w50.0_wt0.5,-0.039694987572929885,0.11709254055748503,-0.5174850658669408,0.6541177285722262,-0.4194457892329284,0.34615384615384615,26,h20tr20_t2
A_w30.25_w50.25_wt3.0+2.0xC_w10.25_w30.0_w50.0_wt0.5,0.4784757659301535,1.1499968230540296,-0.4299251219143423,0.9842933731025965,-0.2549106971927032,0.46153846153846156,26,h20tr20_t2
A_w30.25_w50.25_wt3.0+3.0xC_w10.25_w30.0_w50.0_wt0.5,0.5448345044138414,1.266012117226067,-0.41535255829720463,0.8248420951075663,-0.1534420931237992,0.46153846153846156,26,h20tr20_t2
A_w30.0_w50.5_wt3.0+3.0xC_w11.0_w30.25_w50.0_wt2.0,0.6470113905310826,1.4197608997913311,-0.4317166528804772,0.9734121781257508,-0.16539919597773445,0.5,26,h20tr20_t2
A_w30.25_w50.25_wt3.0+0.5xC_w10.25_w30.0_w50.0_wt0.5,0.5919637604081607,1.3522348729007438,-0.23733582966450117,0.6200216947618746,-0.017319480624510053,0.4444444444444444,27,h20tr20_t2
A_w30.25_w50.25_wt3.0+1.5xC_w10.5_w30.0_w50.0_wt1.0,-0.039694987572929885,0.11709254055748503,-0.5174850658669408,0.6541177285722262,-0.4194457892329284,0.34615384615384615,26,h20tr20_t2
A_w30.25_w50.25_wt3.0+2.0xC_w10.5_w30.0_w50.0_wt1.0,0.4784757659301535,1.1499968230540296,-0.4299251219143423,0.9842933731025965,-0.2549106971927032,0.46153846153846156,26,h20tr20_t2
A_w30.25_w50.25_wt3.0+3.0xC_w10.5_w30.0_w50.0_wt1.0,0.5448345044138414,1.266012117226067,-0.41535255829720463,0.8248420951075663,-0.1534420931237992,0.46153846153846156,26,h20tr20_t2
A_w30.25_w50.25_wt3.0+0.5xC_w11.0_w30.0_w50.0_wt2.0,0.5919637604081607,1.3522348729007438,-0.23733582966450117,0.6200216947618746,-0.017319480624510053,0.4444444444444444,27,h20tr20_t2
A_w30.25_w50.25_wt3.0+1.0xC_w11.0_w30.0_w50.0_wt2.0,0.2601402768159089,0.7693861637400269,-0.33953812307027265,0.5062548322409406,-0.16339503127692656,0.38461538461538464,26,h20tr20_t2
A_w30.25_w50.25_wt3.0+1.5xC_w11.0_w30.0_w50.0_wt2.0,-0.039694987572929885,0.11709254055748503,-0.5174850658669408,0.6541177285722262,-0.4194457892329284,0.34615384615384615,26,h20tr20_t2
A_w30.25_w50.25_wt3.0+2.0xC_w11.0_w30.0_w50.0_wt2.0,0.4784757659301535,1.1499968230540296,-0.4299251219143423,0.9842933731025965,-0.2549106971927032,0.46153846153846156,26,h20tr20_t2
A_w30.25_w50.25_wt3.0+3.0xC_w11.0_w30.0_w50.0_wt2.0,0.5448345044138414,1.266012117226067,-0.41535255829720463,0.8248420951075663,-0.1534420931237992,0.46153846153846156,26,h20tr20_t2
A_w30.25_w50.25_wt3.0+3.0xC_w11.0_w30.0_w50.25_wt2.0,0.6995588568674844,1.4973853013194913,-0.41306013978886325,0.9996035897989075,-0.15005210755877774,0.5,26,h20tr20_t2
A_w30.25_w50.25_wt3.0+0.5xC_w11.0_w30.25_w50.0_wt2.0,0.6772109265946631,1.4508730202368443,-0.31124447803290645,0.8252182548331868,-0.08109020816913337,0.46153846153846156,26,h20tr20_t2
A_w30.25_w50.25_wt3.0+2.0xC_w11.0_w30.25_w50.0_wt2.0,0.700142822578137,1.5004697533167717,-0.4116678506106696,0.9918022921817753,-0.1464299296915469,0.5,26,h20tr20_t2
A_w30.25_w50.25_wt3.0+3.0xC_w11.0_w30.25_w50.0_wt2.0,0.6470113905310826,1.4197608997913311,-0.4317166528804772,0.9734121781257508,-0.16539919597773445,0.5,26,h20tr20_t2
A_w30.25_w50.25_wt3.0+1.0xC_w11.0_w30.25_w50.0_wt2.0,-0.00925300472382029,0.1872465694932479,-0.5006441541280056,0.6652747662422815,-0.4050549402656147,0.34615384615384615,26,h20tr20_t2
A_w30.25_w50.25_wt3.0+1.5xC_w11.0_w30.25_w50.0_wt2.0,0.08876419406521419,0.41818021096359625,-0.48353119002139167,0.8282920105737519,-0.40449108360784203,0.38461538461538464,26,h20tr20_t2
A_w31.0_w50.0_wt3.0+0.5xC_w10.25_w30.0_w50.0_wt0.5,0.7802839517549451,1.6157362526265937,-0.3099429817949242,0.7955376900176441,-0.008495359550236503,0.5,26,h20tr20_t2
A_w31.0_w50.0_wt3.0+1.0xC_w10.25_w30.0_w50.0_wt0.5,0.13103912763691317,0.51329337466529,-0.4692807781782664,0.8774760586222168,-0.3975746734864224,0.38461538461538464,26,h20tr20_t2
A_w31.0_w50.0_wt3.0+3.0xC_w10.25_w30.0_w50.0_wt0.5,0.4519216430063113,1.1155240382840002,-0.41535255829720463,0.8248420951075663,-0.20435765543827622,0.46153846153846156,26,h20tr20_t2
A_w31.0_w50.0_wt3.0+0.5xC_w10.5_w30.0_w50.0_wt1.0,0.7802839517549451,1.6157362526265937,-0.3099429817949242,0.7955376900176441,-0.008495359550236503,0.5,26,h20tr20_t2
A_w31.0_w50.0_wt3.0+1.5xC_w10.25_w30.0_w50.0_wt0.5,0.700142822578137,1.5004697533167717,-0.4116678506106696,0.9918022921817753,-0.1464299296915469,0.5,26,h20tr20_t2
A_w31.0_w50.0_wt3.0+2.0xC_w10.25_w30.0_w50.0_wt0.5,0.6629345998982068,1.442324979343767,-0.4124918248291074,0.9556866312921579,-0.14969270981850713,0.5,26,h20tr20_t2
A_w31.0_w50.0_wt3.0+1.0xC_w10.5_w30.0_w50.0_wt1.0,0.13103912763691317,0.51329337466529,-0.4692807781782664,0.8774760586222168,-0.3975746734864224,0.38461538461538464,26,h20tr20_t2
A_w31.0_w50.0_wt3.0+1.5xC_w10.5_w30.0_w50.0_wt1.0,0.700142822578137,1.5004697533167717,-0.4116678506106696,0.9918022921817753,-0.1464299296915469,0.5,26,h20tr20_t2
A_w31.0_w50.0_wt3.0+1.5xC_w11.0_w30.0_w50.0_wt2.0,0.700142822578137,1.5004697533167717,-0.4116678506106696,0.9918022921817753,-0.1464299296915469,0.5,26,h20tr20_t2
A_w31.0_w50.0_wt3.0+2.0xC_w11.0_w30.0_w50.0_wt2.0,0.6629345998982068,1.442324979343767,-0.4124918248291074,0.9556866312921579,-0.14969270981850713,0.5,26,h20tr20_t2
A_w30.25_w50.25_wt3.0+1.5xC_w11.0_w30.0_w50.25_wt2.0,0.11212162333004039,0.4714374945058246,-0.471360875524903,0.8282920105737519,-0.3917155372893433,0.38461538461538464,26,h20tr20_t2
A_w30.25_w50.25_wt3.0+2.0xC_w11.0_w30.0_w50.25_wt2.0,0.7001428225781345,1.5004697533167701,-0.4116678506106697,0.9918022921817731,-0.14642992969154667,0.5,26,h20tr20_t2
A_w31.0_w50.0_wt3.0+3.0xC_w11.0_w30.0_w50.0_wt2.0,0.4519216430063113,1.1155240382840002,-0.41535255829720463,0.8248420951075663,-0.20435765543827622,0.46153846153846156,26,h20tr20_t2
A_w31.0_w50.0_wt3.0+0.5xC_w11.0_w30.0_w50.25_wt2.0,0.35369376571827904,0.9655289964996732,-0.39704343854672786,0.7955376900176441,-0.24607889144060457,0.46153846153846156,26,h20tr20_t2
A_w31.0_w50.0_wt3.0+1.0xC_w11.0_w30.0_w50.25_wt2.0,0.2124719424027557,0.6830555570146841,-0.4253982587900049,0.8301889298390546,-0.33751542114868993,0.4230769230769231,26,h20tr20_t2
A_w31.0_w50.0_wt3.0+1.5xC_w11.0_w30.0_w50.25_wt2.0,0.9084125783328239,1.7824210674616892,-0.35763199124596734,1.045575850576204,-0.06705362316667152,0.5384615384615384,26,h20tr20_t2
A_w31.0_w50.0_wt3.0+2.0xC_w11.0_w30.0_w50.25_wt2.0,0.7493637803045867,1.5648068133734576,-0.3545753465029251,0.9918022921817731,-0.12171816089819998,0.5384615384615384,26,h20tr20_t2
A_w31.0_w50.0_wt3.0+3.0xC_w11.0_w30.0_w50.25_wt2.0,2.539159532199599,3.080927170663461,-0.21371623307987098,0.9752818438732538,0.7917238206674357,0.5769230769230769,26,h20tr20_t2
A_w31.0_w50.0_wt3.0+2.0xC_w10.5_w30.0_w50.0_wt1.0,0.6629345998982068,1.442324979343767,-0.4124918248291074,0.9556866312921579,-0.14969270981850713,0.5,26,h20tr20_t2
A_w31.0_w50.0_wt3.0+3.0xC_w10.5_w30.0_w50.0_wt1.0,0.4519216430063113,1.1155240382840002,-0.41535255829720463,0.8248420951075663,-0.20435765543827622,0.46153846153846156,26,h20tr20_t2
A_w31.0_w50.0_wt3.0+0.5xC_w11.0_w30.25_w50.0_wt2.0,0.35369376571827904,0.9655289964996732,-0.39704343854672786,0.7955376900176441,-0.24607889144060457,0.46153846153846156,26,h20tr20_t2
A_w31.0_w50.0_wt3.0+1.0xC_w11.0_w30.25_w50.0_wt2.0,0.21642776951969722,0.6907306972845674,-0.42314295212000685,0.8235337806132206,-0.33292830522139516,0.4230769230769231,26,h20tr20_t2
A_w31.0_w50.0_wt3.0+1.5xC_w11.0_w30.25_w50.0_wt2.0,0.5833643086127402,1.3523004671449013,-0.35763199124596734,1.045575850576204,-0.22595668688270198,0.5384615384615384,26,h20tr20_t2
A_w31.0_w50.0_wt3.0+2.0xC_w11.0_w30.25_w50.0_wt2.0,0.5920600452967646,1.34136524096216,-0.4116678506106697,0.9918022921817731,-0.200693737754032,0.5,26,h20tr20_t2
A_w31.0_w50.0_wt3.0+3.0xC_w11.0_w30.25_w50.0_wt2.0,2.539159532199599,3.080927170663461,-0.21371623307987098,0.9752818438732538,0.7917238206674357,0.5769230769230769,26,h20tr20_t2
A_w30.0_w50.0_wt3.0+0.5xC_w10.25_w30.0_w50.0_wt0.5,1.1454385571308405,2.0504562109242426,-0.2948179750989669,1.0325439816917439,0.055543484645842245,0.5,26,h20tr20_t2
A_w30.0_w50.0_wt3.0+2.0xC_w10.25_w30.0_w50.0_wt0.5,0.03534623920809854,0.301465925087595,-0.5159907770558843,0.7164396387843857,-0.396805913931614,0.38461538461538464,26,h20tr20_t2
A_w30.0_w50.0_wt3.0+3.0xC_w10.25_w30.0_w50.0_wt0.5,0.35571976209479605,0.94715263560788,-0.43137343811854845,0.8248420951075663,-0.2570755761665596,0.46153846153846156,26,h20tr20_t2
A_w30.25_w50.25_wt3.0+0.5xC_w11.0_w30.0_w50.25_wt2.0,0.6772109265946631,1.4508730202368443,-0.31124447803290645,0.8252182548331868,-0.08109020816913337,0.46153846153846156,26,h20tr20_t2
A_w30.25_w50.25_wt3.0+1.0xC_w11.0_w30.0_w50.25_wt2.0,-0.00925300472382029,0.1872465694932479,-0.5006441541280056,0.6652747662422815,-0.4050549402656147,0.34615384615384615,26,h20tr20_t2
A_w30.0_w50.0_wt3.0+1.0xC_w10.25_w30.0_w50.0_wt0.5,0.22271855086231973,0.6913414945501176,-0.33454109861007664,0.28077674900696126,-0.04533045918397205,0.34615384615384615,26,h20tr20_t2
A_w30.0_w50.0_wt3.0+1.5xC_w10.25_w30.0_w50.0_wt0.5,0.2005381523773735,0.6463523870818085,-0.35350400475232124,0.3535465045609869,-0.11304255278117836,0.38461538461538464,26,h20tr20_t2
A_w31.0_w50.0_wt3.0+0.5xC_w11.0_w30.0_w50.0_wt2.0,0.7802839517549451,1.6157362526265937,-0.3099429817949242,0.7955376900176441,-0.008495359550236503,0.5,26,h20tr20_t2
A_w31.0_w50.0_wt3.0+1.0xC_w11.0_w30.0_w50.0_wt2.0,0.13103912763691317,0.51329337466529,-0.4692807781782664,0.8774760586222168,-0.3975746734864224,0.38461538461538464,26,h20tr20_t2
A_w30.0_w50.0_wt3.0+0.5xC_w10.5_w30.0_w50.0_wt1.0,1.1454385571308405,2.0504562109242426,-0.2948179750989669,1.0325439816917439,0.055543484645842245,0.5,26,h20tr20_t2
A_w30.0_w50.0_wt3.0+1.0xC_w10.5_w30.0_w50.0_wt1.0,0.22271855086231973,0.6913414945501176,-0.33454109861007664,0.28077674900696126,-0.04533045918397205,0.34615384615384615,26,h20tr20_t2
A_w30.0_w50.0_wt3.0+1.5xC_w10.5_w30.0_w50.0_wt1.0,0.2005381523773735,0.6463523870818085,-0.35350400475232124,0.3535465045609869,-0.11304255278117836,0.38461538461538464,26,h20tr20_t2
A_w30.0_w50.0_wt3.0+2.0xC_w10.5_w30.0_w50.0_wt1.0,0.03534623920809854,0.301465925087595,-0.5159907770558843,0.7164396387843857,-0.396805913931614,0.38461538461538464,26,h20tr20_t2
A_w30.0_w50.0_wt3.0+3.0xC_w10.5_w30.0_w50.0_wt1.0,0.35571976209479605,0.94715263560788,-0.43137343811854845,0.8248420951075663,-0.2570755761665596,0.46153846153846156,26,h20tr20_t2
A_w30.0_w50.0_wt3.0+0.5xC_w11.0_w30.0_w50.0_wt2.0,1.1454385571308405,2.0504562109242426,-0.2948179750989669,1.0325439816917439,0.055543484645842245,0.5,26,h20tr20_t2
A_w30.0_w50.0_wt3.0+1.0xC_w11.0_w30.0_w50.0_wt2.0,0.22271855086231973,0.6913414945501176,-0.33454109861007664,0.28077674900696126,-0.04533045918397205,0.34615384615384615,26,h20tr20_t2
A_w30.0_w50.0_wt3.0+1.5xC_w11.0_w30.0_w50.0_wt2.0,0.2005381523773735,0.6463523870818085,-0.35350400475232124,0.3535465045609869,-0.11304255278117836,0.38461538461538464,26,h20tr20_t2
A_w30.0_w50.0_wt3.0+2.0xC_w11.0_w30.0_w50.0_wt2.0,0.03534623920809854,0.301465925087595,-0.5159907770558843,0.7164396387843857,-0.396805913931614,0.38461538461538464,26,h20tr20_t2
A_w30.0_w50.0_wt3.0+3.0xC_w11.0_w30.0_w50.0_wt2.0,0.35571976209479605,0.94715263560788,-0.43137343811854845,0.8248420951075663,-0.2570755761665596,0.46153846153846156,26,h20tr20_t2
A_w30.0_w50.0_wt3.0+1.5xC_w11.0_w30.0_w50.25_wt2.0,0.30637379721816926,0.8492975244668289,-0.3708709296326024,0.5958746210585142,-0.18140574454923342,0.4230769230769231,26,h20tr20_t2
A_w30.0_w50.0_wt3.0+2.0xC_w11.0_w30.0_w50.25_wt2.0,0.0933069885614124,0.42821638507152926,-0.5182536001371356,0.8282920105737519,-0.40200636318576166,0.38461538461538464,26,h20tr20_t2
A_w30.0_w50.0_wt3.0+0.5xC_w11.0_w30.0_w50.25_wt2.0,0.6142183964970258,1.4076653381741135,-0.36070370267753515,1.0325439816917439,-0.20581379245064824,0.5185185185185185,27,h20tr20_t2
A_w30.0_w50.0_wt3.0+1.0xC_w11.0_w30.0_w50.25_wt2.0,0.357457379458044,0.9476748670319395,-0.3401779433794536,0.514925149965765,-0.10394425791352102,0.38461538461538464,26,h20tr20_t2
A_w30.0_w50.0_wt3.0+2.0xC_w11.0_w30.25_w50.0_wt2.0,0.0933069885614124,0.42821638507152926,-0.5182536001371356,0.8282920105737519,-0.40200636318576166,0.38461538461538464,26,h20tr20_t2
A_w30.0_w50.0_wt3.0+3.0xC_w11.0_w30.25_w50.0_wt2.0,0.8244682934700229,1.6592049074325144,-0.41582889182523075,1.1542012739605414,-0.15306507543016012,0.5,26,h20tr20_t2
A_w30.0_w50.0_wt3.0+1.0xC_w11.0_w30.25_w50.0_wt2.0,0.357457379458044,0.9476748670319395,-0.3401779433794536,0.514925149965765,-0.10394425791352102,0.38461538461538464,26,h20tr20_t2
A_w30.0_w50.0_wt3.0+1.5xC_w11.0_w30.25_w50.0_wt2.0,-0.059828409447963526,0.061442672601117757,-0.5023561446539256,0.597466017194598,-0.4114606630549016,0.34615384615384615,26,h20tr20_t2
A_w30.0_w50.0_wt2.0+1.5xC_w10.25_w30.0_w50.0_wt0.5,-0.07936941475217618,0.015042521996968239,-0.511883017957687,0.5657686031995217,-0.4120264109482149,0.3076923076923077,26,h20tr20_t2
A_w30.0_w50.0_wt2.0+2.0xC_w10.25_w30.0_w50.0_wt0.5,0.4784757659301535,1.1499968230540296,-0.4299251219143423,0.9842933731025965,-0.2549106971927032,0.46153846153846156,26,h20tr20_t2
A_w30.0_w50.0_wt2.0+0.5xC_w10.25_w30.0_w50.0_wt0.5,0.8197613750097996,1.6780611833610282,-0.24130245967811836,0.8433175573536769,-0.012779231798614066,0.5185185185185185,27,h20tr20_t2
A_w30.0_w50.0_wt2.0+1.0xC_w10.25_w30.0_w50.0_wt0.5,0.2601402768159089,0.7693861637400269,-0.33953812307027265,0.5062548322409406,-0.16339503127692656,0.38461538461538464,26,h20tr20_t2
A_w30.0_w50.0_wt3.0+3.0xC_w11.0_w30.0_w50.25_wt2.0,0.6866887073667398,1.4690799342461927,-0.4144994378012944,0.9842933731025965,-0.14998017418690834,0.46153846153846156,26,h20tr20_t2
A_w30.0_w50.0_wt3.0+0.5xC_w11.0_w30.25_w50.0_wt2.0,0.8313300658507088,1.7166115274564675,-0.32670480179407535,1.0325439816917439,-0.09899609437900536,0.5185185185185185,27,h20tr20_t2
A_w30.0_w50.0_wt2.0+3.0xC_w10.25_w30.0_w50.0_wt0.5,0.5448345044138414,1.266012117226067,-0.41535255829720463,0.8248420951075663,-0.1534420931237992,0.46153846153846156,26,h20tr20_t2
A_w30.0_w50.0_wt2.0+0.5xC_w10.5_w30.0_w50.0_wt1.0,0.8197613750097996,1.6780611833610282,-0.24130245967811836,0.8433175573536769,-0.012779231798614066,0.5185185185185185,27,h20tr20_t2
A_w30.0_w50.0_wt2.0+1.0xC_w10.5_w30.0_w50.0_wt1.0,0.2601402768159089,0.7693861637400269,-0.33953812307027265,0.5062548322409406,-0.16339503127692656,0.38461538461538464,26,h20tr20_t2
A_w30.0_w50.0_wt2.0+1.5xC_w10.5_w30.0_w50.0_wt1.0,-0.07936941475217618,0.015042521996968239,-0.511883017957687,0.5657686031995217,-0.4120264109482149,0.3076923076923077,26,h20tr20_t2
A_w30.0_w50.0_wt2.0+2.0xC_w10.5_w30.0_w50.0_wt1.0,0.4784757659301535,1.1499968230540296,-0.4299251219143423,0.9842933731025965,-0.2549106971927032,0.46153846153846156,26,h20tr20_t2
A_w30.0_w50.0_wt2.0+3.0xC_w10.5_w30.0_w50.0_wt1.0,0.5448345044138414,1.266012117226067,-0.41535255829720463,0.8248420951075663,-0.1534420931237992,0.46153846153846156,26,h20tr20_t2
A_w30.0_w50.0_wt2.0+1.5xC_w11.0_w30.0_w50.0_wt2.0,-0.07936941475217618,0.015042521996968239,-0.511883017957687,0.5657686031995217,-0.4120264109482149,0.3076923076923077,26,h20tr20_t2
A_w30.0_w50.0_wt2.0+2.0xC_w11.0_w30.0_w50.0_wt2.0,0.4784757659301535,1.1499968230540296,-0.4299251219143423,0.9842933731025965,-0.2549106971927032,0.46153846153846156,26,h20tr20_t2
A_w30.0_w50.0_wt2.0+0.5xC_w11.0_w30.0_w50.0_wt2.0,0.8197613750097996,1.6780611833610282,-0.24130245967811836,0.8433175573536769,-0.012779231798614066,0.5185185185185185,27,h20tr20_t2
A_w30.0_w50.0_wt2.0+1.0xC_w11.0_w30.0_w50.0_wt2.0,0.2601402768159089,0.7693861637400269,-0.33953812307027265,0.5062548322409406,-0.16339503127692656,0.38461538461538464,26,h20tr20_t2
A_w30.0_w50.0_wt2.0+3.0xC_w11.0_w30.0_w50.0_wt2.0,0.5448345044138414,1.266012117226067,-0.41535255829720463,0.8248420951075663,-0.1534420931237992,0.46153846153846156,26,h20tr20_t2
A_w30.0_w50.0_wt2.0+0.5xC_w11.0_w30.0_w50.25_wt2.0,0.8709721379635489,1.7489646006067432,-0.238503162444757,0.8947295292054225,-0.012538671549515268,0.5185185185185185,27,h20tr20_t2
A_w30.0_w50.0_wt2.0+1.0xC_w11.0_w30.0_w50.25_wt2.0,0.32577635162237706,0.9002408098617183,-0.3027111371191593,0.5062548322409406,-0.11981935377432418,0.38461538461538464,26,h20tr20_t2
A_w30.0_w50.0_wt2.0+1.5xC_w11.0_w30.0_w50.25_wt2.0,0.1215259596429068,0.4905896556023586,-0.5049526093779272,0.8774760586222168,-0.4026416717846525,0.38461538461538464,26,h20tr20_t2
A_w30.0_w50.0_wt2.0+2.0xC_w11.0_w30.0_w50.25_wt2.0,0.1405351418906884,0.5285459281549879,-0.5188870032923265,0.9556866312921579,-0.41681089207164235,0.4230769230769231,26,h20tr20_t2
A_w30.0_w50.0_wt2.0+3.0xC_w11.0_w30.0_w50.25_wt2.0,0.6995588568674844,1.4973853013194913,-0.41306013978886325,0.9996035897989075,-0.15005210755877774,0.5,26,h20tr20_t2
A_w30.0_w50.0_wt2.0+3.0xC_w11.0_w30.25_w50.0_wt2.0,0.6470113905310826,1.4197608997913311,-0.4317166528804772,0.9734121781257508,-0.16539919597773445,0.5,26,h20tr20_t2
A_w30.0_w50.0_wt2.0+0.5xC_w11.0_w30.25_w50.0_wt2.0,0.8709721379635489,1.7489646006067432,-0.238503162444757,0.8947295292054225,-0.012538671549515268,0.5185185185185185,27,h20tr20_t2
A_w30.0_w50.0_wt2.0+1.0xC_w11.0_w30.25_w50.0_wt2.0,0.3633637310298976,0.9691469679844207,-0.30391793467256956,0.5639770646923603,-0.12827127596140642,0.38461538461538464,26,h20tr20_t2
A_w30.0_w50.0_wt2.0+1.5xC_w11.0_w30.25_w50.0_wt2.0,0.11821610877160715,0.48477186915170944,-0.48217889571632544,0.8774760586222168,-0.40440459752535607,0.38461538461538464,26,h20tr20_t2
A_w30.0_w50.0_wt2.0+2.0xC_w11.0_w30.25_w50.0_wt2.0,0.5470052825886729,1.2833467842577568,-0.41411593031841654,0.8282920105737519,-0.15385218901481934,0.46153846153846156,26,h20tr20_t2
A_w30.0_w50.25_wt0.5,-0.008701009987199027,0.09573265853277318,-0.19820090864686501,-0.004684026113394912,-0.0040358880789562734,0.5384615384615384,26,hold20_t2
A_w30.0_w50.25_wt1.0,-0.05193815682273084,-0.027729143345797676,-0.3800850420631414,0.08589249678117783,-0.1269284519530881,0.5384615384615384,26,hold20_t2
A_w30.0_w50.0_wt0.5,-0.0736484267444939,-0.17135863898297954,-0.27306413913723104,0.02610510859834303,-0.09721570870951046,0.5384615384615384,26,hold20_t2
A_w30.0_w50.0_wt1.0,-0.1730329653034891,-0.4550850847447728,-0.4457661453175221,0.057489635976676334,-0.21799041185614965,0.5,26,hold20_t2
A_w30.0_w50.5_wt2.0,-0.07537904092914494,-0.04583830204951011,-0.4434461215322164,0.44441674604630377,-0.359865522466593,0.5,26,hold20_t2
A_w30.0_w50.5_wt3.0,0.38783663422618164,1.0754943324466348,-0.3827408195581493,0.5862931994889597,-0.12510711470408697,0.5769230769230769,26,hold20_t2
A_w30.0_w50.0_wt2.0,0.3225200739582197,0.9263003661715439,-0.38297200745192905,0.42678109581781243,-0.07307429441362923,0.5384615384615384,26,hold20_t2
A_w30.0_w50.0_wt3.0,0.4953584016808248,1.2248006824777928,-0.34986263125679506,0.5235418107662262,-0.018498612172137885,0.5384615384615384,26,hold20_t2
A_w30.0_w50.25_wt2.0,0.28908073823157765,0.8795470771009364,-0.3568780438364162,0.5383115755658199,-0.16201583690389187,0.5769230769230769,26,hold20_t2
A_w30.0_w50.25_wt3.0,0.2720426751701597,0.8241122508748829,-0.3840670603842248,0.4710368037275532,-0.13527474503231374,0.5384615384615384,26,hold20_t2
A_w30.0_w50.5_wt0.5,-0.08764465186106818,-0.21735264554706704,-0.2770487021819493,-0.09412182520247803,0.007150159394068156,0.5,26,hold20_t2
A_w30.0_w50.5_wt1.0,0.016585967722047457,0.2087692338594576,-0.3525383316901557,0.17550464321288528,-0.13519187389722376,0.5769230769230769,26,hold20_t2
A_w30.25_w50.0_wt0.5,-0.047070961968526004,-0.05251911977525746,-0.24813277810244105,0.011481214681774654,-0.05788755717892502,0.5384615384615384,26,hold20_t2
A_w30.25_w50.0_wt1.0,-0.1519676891301509,-0.3841329192888722,-0.44258643401848896,0.08589249678117783,-0.2190457956164149,0.5,26,hold20_t2
A_w30.25_w50.0_wt2.0,0.33591840941783313,0.9733912178170564,-0.3568780438364162,0.5383115755658199,-0.13156838274037008,0.5769230769230769,26,hold20_t2
A_w30.25_w50.0_wt3.0,0.26753936344905327,0.81538706190619,-0.38553925947955214,0.4710368037275532,-0.1383360632193884,0.5769230769230769,26,hold20_t2
A_w30.25_w50.25_wt0.5,-0.11801939211752865,-0.34656515708368757,-0.3003748404873715,-0.09412182520247803,-0.026380552683469727,0.46153846153846156,26,hold20_t2
A_w30.25_w50.25_wt1.0,0.025481849804546597,0.23800019424851365,-0.3525383316901557,0.17550464321288528,-0.1276241606313836,0.5769230769230769,26,hold20_t2
A_w30.25_w50.25_wt2.0,-0.07537904092914494,-0.04583830204951011,-0.4434461215322164,0.44441674604630377,-0.359865522466593,0.5,26,hold20_t2
A_w30.25_w50.25_wt3.0,0.38783663422618164,1.0754943324466348,-0.3827408195581493,0.5862931994889597,-0.12510711470408697,0.5769230769230769,26,hold20_t2
A_w30.25_w50.5_wt2.0,-0.19358482616475392,-0.5371787301210199,-0.45029685174515965,0.07216950501347785,-0.24786596702812436,0.5,26,hold20_t2
A_w30.25_w50.5_wt3.0,0.0186181318317149,0.23247667277138753,-0.3452720900999753,0.15799959244298423,-0.12036399798485464,0.5769230769230769,26,hold20_t2
A_w30.25_w50.5_wt0.5,0.04087592876009971,0.28728834478863774,-0.20422582707290438,-0.08833153537644112,0.14172637219594186,0.5384615384615384,26,hold20_t2
A_w30.25_w50.5_wt1.0,-0.1021728573122952,-0.26588782500456465,-0.29565388321398356,-0.04632992298817862,-0.058555821001631925,0.5769230769230769,26,hold20_t2
A_w30.5_w50.0_wt2.0,0.1686109814824126,0.6142915035822895,-0.3445477102537732,0.44441674604630377,-0.19094611393756955,0.5384615384615384,26,hold20_t2
A_w30.5_w50.0_wt3.0,0.21545506206518472,0.7225000804458955,-0.3824246163000681,0.3250334781619322,-0.0826986018864615,0.5769230769230769,26,hold20_t2
A_w30.5_w50.0_wt0.5,-0.08686269583493,-0.21324362601352953,-0.27628517146350207,-0.02937871127909808,-0.059223906608915966,0.5,26,hold20_t2
A_w30.5_w50.0_wt1.0,0.04298587465854631,0.2944303424127037,-0.350346083958727,0.20035886163536287,-0.13110494870043454,0.5769230769230769,26,hold20_t2
A_w31.0_w50.0_wt0.5,0.024983416324503738,0.2265814365300176,-0.2006877810199148,-0.04953459726784981,0.07840160554834363,0.5,26,hold20_t2
A_w31.0_w50.0_wt1.0,0.01229240156164968,0.17511390809234573,-0.21282608190211094,0.006471977477051638,0.00578299666046167,0.6153846153846154,26,hold20_t2
A_w30.5_w50.25_wt0.5,0.10924263113527832,0.5377845881336643,-0.14714296932838844,-0.023465472369506246,0.13589699058239457,0.5769230769230769,26,hold20_t2
A_w30.5_w50.25_wt1.0,-0.09229596792988515,-0.22940161439799292,-0.3002280905472875,-0.029813599551328895,-0.0644024368406535,0.5769230769230769,26,hold20_t2
A_w30.5_w50.5_wt0.5,0.12548619774676695,0.5896444525761265,-0.18636984495137887,-0.04745776937235324,0.18156041964162073,0.5769230769230769,26,hold20_t2
A_w30.5_w50.5_wt1.0,-0.05399467232318955,-0.09560214577615361,-0.24979165326355768,-0.04632992298817862,-0.008037107926283205,0.6153846153846154,26,hold20_t2
A_w30.5_w50.25_wt2.0,-0.2269380710582729,-0.718616595274865,-0.4589968741491366,0.00596052406266212,-0.231518622798788,0.5,26,hold20_t2
A_w30.5_w50.25_wt3.0,0.0186181318317149,0.23247667277138753,-0.3452720900999753,0.15799959244298423,-0.12036399798485464,0.5769230769230769,26,hold20_t2
A_w30.5_w50.5_wt2.0,-0.1722864575072549,-0.4769053408211985,-0.42504054653875867,0.09804015680478728,-0.24619009845566286,0.5,26,hold20_t2
A_w30.5_w50.5_wt3.0,0.2740848809802623,0.8559345000035903,-0.3429998145100759,0.5377195270033281,-0.17144520921629403,0.5769230769230769,26,hold20_t2
A_w31.0_w50.0_wt2.0,-0.1442653175632147,-0.36764350029291043,-0.4274295306019982,0.09804015680478728,-0.220670867878906,0.5,26,hold20_t2
A_w31.0_w50.0_wt3.0,0.3609628622369776,0.9893389677331726,-0.3445296991796024,0.5022949127900964,-0.09407743403100155,0.5384615384615384,26,hold20_t2
A_w31.0_w50.25_wt0.5,0.04887217273656974,0.3209741496914759,-0.19725172082930553,-0.03005508727871342,0.08137293054493622,0.5384615384615384,26,hold20_t2
A_w31.0_w50.25_wt1.0,0.09407285324681047,0.5020918360517033,-0.15889554025293984,0.01059241397152677,0.08260544817194271,0.6153846153846154,26,hold20_t2
A_w31.0_w50.25_wt2.0,-0.13563380376914336,-0.3253820352134327,-0.43450194619070726,0.09804015680478728,-0.2128100316967494,0.5,26,hold20_t2
A_w31.0_w50.25_wt3.0,-0.07537904092914494,-0.04583830204951011,-0.4434461215322164,0.44441674604630377,-0.359865522466593,0.5,26,hold20_t2
A_w31.0_w50.5_wt2.0,-0.12114225071263662,-0.2754719923261956,-0.4154318273785318,0.11204065432371002,-0.2096891908849845,0.5,26,hold20_t2
A_w31.0_w50.5_wt3.0,-0.2550494027195882,-0.8700018356952203,-0.4589968741491366,0.00596052406266212,-0.2594633890086837,0.5,26,hold20_t2
C_w10.25_w30.0_w50.0_wt0.5,3.0558703393993296,3.2403272843083926,-0.21352097735630926,1.164942674633918,0.8734308242527304,0.5769230769230769,26,hold20_t2
C_w10.25_w30.0_w50.0_wt1.0,0.7433556894273259,1.496466372658605,-0.38224807566983543,1.1177710391450777,-0.17679689768016615,0.5384615384615384,26,hold20_t2
C_w10.25_w30.0_w50.0_wt2.0,0.5797349118369415,1.269450532873422,-0.44564439670962985,1.2371467060102734,-0.2938617268179786,0.5384615384615384,26,hold20_t2
C_w10.25_w30.0_w50.25_wt0.5,0.5484350074375317,1.3922117394501485,-0.21695010085114608,0.04008598324758661,0.4887567300952045,0.5769230769230769,26,hold20_t2
C_w10.25_w30.0_w50.25_wt1.0,1.1063663029188544,1.9021885263858898,-0.40063949653743014,1.0585700978893535,0.02321815763209112,0.6153846153846154,26,hold20_t2
C_w10.25_w30.0_w50.25_wt2.0,0.6766566822879747,1.4073962383875172,-0.38195346582334067,1.0307389709206412,-0.1743613008382574,0.5384615384615384,26,hold20_t2
C_w10.25_w30.25_w50.0_wt0.5,0.45623881894901075,1.1947138600258107,-0.21802444340174,0.04839153825664777,0.3890219119572098,0.5769230769230769,26,hold20_t2
C_w10.25_w30.25_w50.0_wt1.0,1.6566233096363137,2.399741339252854,-0.22650222578061607,1.0512451980122122,0.2951271316616615,0.6153846153846154,26,hold20_t2
A_w31.0_w50.5_wt0.5,0.11270309921801047,0.5577322670147508,-0.17644855426727823,-0.03005508727871342,0.14718174674085271,0.5769230769230769,26,hold20_t2
A_w31.0_w50.5_wt1.0,0.06092159108097195,0.3671241629112009,-0.16529205764814214,-0.035904689821671054,0.10043227042016478,0.5769230769230769,26,hold20_t2
C_w10.25_w30.25_w50.0_wt2.0,0.7965488583371958,1.5380680077936602,-0.39151555871666,1.1716584440443296,-0.1727295499602408,0.5384615384615384,26,hold20_t2
C_w10.25_w30.25_w50.25_wt0.5,0.27733853006482034,0.9493440522772011,-0.26461034539648565,0.07970748231445701,0.18304128755940763,0.5769230769230769,26,hold20_t2
C_w10.25_w30.25_w50.25_wt1.0,0.7469776645727315,1.6356699371096737,-0.22555403025848142,0.2820643136062204,0.36262872777325117,0.6153846153846154,26,hold20_t2
C_w10.25_w30.25_w50.25_wt2.0,1.125175248084434,1.8877049202368357,-0.36473264715566367,1.0998906432899789,0.012040915023479037,0.5384615384615384,26,hold20_t2
C_w10.25_w30.5_w50.0_wt0.5,0.271163358845786,0.9256349614697259,-0.264383847072045,0.07464224038523071,0.1828712022245711,0.5384615384615384,26,hold20_t2
C_w10.25_w30.5_w50.0_wt1.0,1.5739034324954053,2.446592218274443,-0.26849145534216257,1.0070055497501835,0.28245954916058147,0.6153846153846154,26,hold20_t2
C_w10.25_w30.5_w50.0_wt2.0,0.7387985678469122,1.4686718838905264,-0.40192618605881547,1.0805743954055038,-0.16426993829844794,0.5,26,hold20_t2
C_w10.25_w30.5_w50.25_wt0.5,0.15959831478823028,0.6311346028812578,-0.29669555667707204,0.006189766436915267,0.1524648266842945,0.5,26,hold20_t2
C_w10.25_w30.5_w50.25_wt1.0,0.6310001524596869,1.4715339983175368,-0.21567912029655578,0.1699298564562539,0.3941008031028692,0.5769230769230769,26,hold20_t2
C_w10.25_w30.5_w50.25_wt2.0,1.2502656934864125,2.016752076076778,-0.39969241662218247,1.201222197360949,0.022280120645821633,0.6153846153846154,26,hold20_t2
C_w10.5_w30.0_w50.0_wt0.5,0.411508388250567,1.1144960101416879,-0.217568243267665,0.010967248296396281,0.39619596048153904,0.5769230769230769,26,hold20_t2
C_w10.5_w30.0_w50.0_wt1.0,3.0558703393993296,3.2403272843083926,-0.21352097735630926,1.164942674633918,0.8734308242527304,0.5769230769230769,26,hold20_t2
C_w10.5_w30.0_w50.0_wt2.0,0.7433556894273259,1.496466372658605,-0.38224807566983543,1.1177710391450777,-0.17679689768016615,0.5384615384615384,26,hold20_t2
C_w10.5_w30.0_w50.25_wt0.5,0.25377256984327423,0.8909966992245022,-0.2668107431773352,0.06622214390893233,0.17590182965695544,0.5769230769230769,26,hold20_t2
C_w10.5_w30.0_w50.25_wt1.0,2.5473828574149513,3.0445771821014014,-0.22505275635252986,0.7886881952977833,0.983231547421477,0.6153846153846154,26,hold20_t2
C_w10.5_w30.0_w50.25_wt2.0,0.9874065982495062,1.7745680643911343,-0.3630934079838225,0.9568493091687549,0.015615555545118953,0.5384615384615384,26,hold20_t2
C_w10.5_w30.25_w50.0_wt0.5,0.23196709686778338,0.8363989410496105,-0.2653217734245563,0.047232624385600275,0.17640251858135558,0.5384615384615384,26,hold20_t2
C_w10.5_w30.25_w50.0_wt1.0,2.4717561299267206,3.11047241042635,-0.24453293888073835,0.8647113722038562,0.8618195725505435,0.6153846153846154,26,hold20_t2
C_w10.5_w30.5_w50.0_wt0.5,0.13227923590484147,0.5756386714063282,-0.2574571557051777,0.02933401333718444,0.10001148435180873,0.5,26,hold20_t2
C_w10.5_w30.5_w50.0_wt1.0,0.45623881894901075,1.1947138600258107,-0.21802444340174,0.04839153825664777,0.3890219119572098,0.5769230769230769,26,hold20_t2
C_w10.5_w30.25_w50.25_wt1.0,0.45623881894901075,1.1947138600258107,-0.21802444340174,0.04839153825664777,0.3890219119572098,0.5769230769230769,26,hold20_t2
C_w10.5_w30.25_w50.25_wt2.0,1.1063663029188544,1.9021885263858898,-0.40063949653743014,1.0585700978893535,0.02321815763209112,0.6153846153846154,26,hold20_t2
C_w10.5_w30.25_w50.0_wt2.0,0.6218042523377585,1.338744193607706,-0.3877168227532931,0.9378726367426138,-0.16310070043413039,0.5,26,hold20_t2
C_w10.5_w30.25_w50.25_wt0.5,0.18237390909924178,0.696700895404327,-0.2895421351012857,0.023925769197128854,0.15474572929867092,0.5,26,hold20_t2
V11_ensw2,0.9655628611316531,1.8110247696622603,-0.2508829190951519,0.8790619261824055,0.046034105499113354,0.5384615384615384,26,hold20_t2
C_w10.5_w30.5_w50.0_wt2.0,1.6566233096363137,2.399741339252854,-0.22650222578061607,1.0512451980122122,0.2951271316616615,0.6153846153846154,26,hold20_t2
C_w10.5_w30.5_w50.25_wt0.5,0.09070576804851216,0.4583808766630507,-0.2749237420550795,0.01847602346318733,0.07091943543228107,0.46153846153846156,26,hold20_t2
C_w10.5_w30.5_w50.25_wt1.0,0.36135781834792824,1.1142971724152881,-0.20490186103438435,-0.014338669032981421,0.381161840865077,0.5769230769230769,26,hold20_t2
C_w10.5_w30.5_w50.25_wt2.0,1.6756924305026097,2.5372070763545285,-0.26817074364094795,1.0766794931853618,0.28844746591032067,0.6153846153846154,26,hold20_t2
C_w11.0_w30.0_w50.0_wt0.5,0.09027950169688359,0.44751248039523994,-0.2738063384670296,-0.007992691211350378,0.0990639807162661,0.5,26,hold20_t2
C_w11.0_w30.0_w50.0_wt1.0,0.411508388250567,1.1144960101416879,-0.217568243267665,0.010967248296396281,0.39619596048153904,0.5769230769230769,26,hold20_t2
C_w11.0_w30.0_w50.25_wt1.0,0.17457968631880916,0.6751443487401363,-0.31422974227646805,-0.028527147230755556,0.20907103370989222,0.5384615384615384,26,hold20_t2
C_w11.0_w30.0_w50.25_wt2.0,2.8708206914451972,3.2835164571292297,-0.24455195987684164,1.0766794931853618,0.8639470867542718,0.6153846153846154,26,hold20_t2
C_w11.0_w30.0_w50.0_wt2.0,3.0558703393993296,3.2403272843083926,-0.21352097735630926,1.164942674633918,0.8734308242527304,0.5769230769230769,26,hold20_t2
C_w11.0_w30.0_w50.25_wt0.5,0.032517539931127715,0.25730914524813486,-0.24197140859929833,0.029907443265188016,0.0025343021676440536,0.46153846153846156,26,hold20_t2
C_w11.0_w30.25_w50.0_wt2.0,2.6463559476770464,3.1909900408801786,-0.2449271866770285,0.9606871862669915,0.8597336552290369,0.6153846153846154,26,hold20_t2
C_w11.0_w30.25_w50.25_wt0.5,-0.07081100243841887,-0.16452534898852933,-0.25362760733111234,-0.004595262150149271,-0.06652142366862768,0.46153846153846156,26,hold20_t2
C_w11.0_w30.25_w50.0_wt0.5,-0.06919609982469621,-0.16066743131302466,-0.25324017519507636,-0.0029803595364267244,-0.06641367692363798,0.46153846153846156,26,hold20_t2
C_w11.0_w30.25_w50.0_wt1.0,0.12295839641731887,0.5332890537383073,-0.3143833963030993,-0.07254544220041648,0.21079613763673133,0.5,26,hold20_t2
C_w11.0_w30.5_w50.0_wt0.5,-0.020397499363593363,0.049935106015455796,-0.23885646934976779,0.04960934586847898,-0.06669800103022838,0.5,26,hold20_t2
C_w11.0_w30.5_w50.0_wt1.0,0.23196709686778338,0.8363989410496105,-0.2653217734245563,0.047232624385600275,0.17640251858135558,0.5384615384615384,26,hold20_t2
C_w11.0_w30.5_w50.0_wt2.0,2.4717561299267206,3.11047241042635,-0.24453293888073835,0.8647113722038562,0.8618195725505435,0.6153846153846154,26,hold20_t2
C_w11.0_w30.5_w50.25_wt0.5,0.0230766498676378,0.21978373872352805,-0.22524708230102664,0.054428894981638054,-0.02973386376569942,0.5384615384615384,26,hold20_t2
C_w11.0_w30.5_w50.25_wt1.0,0.2264629695100735,0.8221568873610939,-0.2632518235409359,0.03665502898579587,0.18309653184239583,0.5384615384615384,26,hold20_t2
C_w11.0_w30.5_w50.25_wt2.0,0.5861028305937053,1.4264675221080012,-0.2186591517190699,0.11205399248485826,0.4262822140942961,0.6538461538461539,26,hold20_t2
C_w11.0_w30.25_w50.25_wt1.0,0.25377256984327423,0.8909966992245022,-0.2668107431773352,0.06622214390893233,0.17590182965695544,0.5769230769230769,26,hold20_t2
C_w11.0_w30.25_w50.25_wt2.0,2.3488167972056244,2.9367304730788155,-0.24556494212710644,0.7886881952977833,0.8722194321006902,0.6153846153846154,26,hold20_t2
A_w30.0_w50.0_wt3.0+0.5xC_w10.25_w30.0_w50.0_wt0.5,0.974495299542443,1.8498312014259324,-0.34815161070786504,1.0325439816917439,-0.028559619212266685,0.5769230769230769,26,hold20_t2
A_w30.0_w50.0_wt3.0+1.0xC_w10.25_w30.0_w50.0_wt0.5,0.3108607818050202,0.8474193258537885,-0.35819383018394824,0.28077674900696126,0.02348889673503396,0.4230769230769231,26,hold20_t2
A_w30.0_w50.0_wt3.0+1.5xC_w10.25_w30.0_w50.0_wt0.5,1.0563009519066813,1.787829957392489,-0.3624838398718887,0.3535465045609869,0.5191949038896349,0.46153846153846156,26,hold20_t2
A_w30.0_w50.0_wt3.0+2.0xC_w10.25_w30.0_w50.0_wt0.5,1.9562940072496735,2.5676130900815455,-0.21257286722546875,0.7164396387843857,0.722340792212987,0.5384615384615384,26,hold20_t2
A_w30.0_w50.0_wt3.0+3.0xC_w11.0_w30.0_w50.0_wt2.0,2.10626371930829,2.7128178047360647,-0.212278694083887,0.8248420951075663,0.7022095926196776,0.5,26,hold20_t2
A_w30.0_w50.0_wt3.0+0.5xC_w11.0_w30.0_w50.25_wt2.0,0.6704808573890986,1.4674913168585395,-0.36519347035853633,1.0325439816917439,-0.17813298386846754,0.5,26,hold20_t2
A_w30.0_w50.0_wt3.0+3.0xC_w10.25_w30.0_w50.0_wt0.5,2.10626371930829,2.7128178047360647,-0.212278694083887,0.8248420951075663,0.7022095926196776,0.5,26,hold20_t2
A_w30.0_w50.0_wt3.0+0.5xC_w10.5_w30.0_w50.0_wt1.0,0.974495299542443,1.8498312014259324,-0.34815161070786504,1.0325439816917439,-0.028559619212266685,0.5769230769230769,26,hold20_t2
A_w30.0_w50.0_wt3.0+1.5xC_w11.0_w30.0_w50.0_wt2.0,1.0563009519066813,1.787829957392489,-0.3624838398718887,0.3535465045609869,0.5191949038896349,0.46153846153846156,26,hold20_t2
A_w30.0_w50.0_wt3.0+2.0xC_w11.0_w30.0_w50.0_wt2.0,1.9562940072496735,2.5676130900815455,-0.21257286722546875,0.7164396387843857,0.722340792212987,0.5384615384615384,26,hold20_t2
A_w30.0_w50.0_wt3.0+1.0xC_w10.5_w30.0_w50.0_wt1.0,0.3108607818050202,0.8474193258537885,-0.35819383018394824,0.28077674900696126,0.02348889673503396,0.4230769230769231,26,hold20_t2
A_w30.0_w50.0_wt3.0+1.5xC_w10.5_w30.0_w50.0_wt1.0,1.0563009519066813,1.787829957392489,-0.3624838398718887,0.3535465045609869,0.5191949038896349,0.46153846153846156,26,hold20_t2
A_w30.0_w50.0_wt3.0+2.0xC_w11.0_w30.0_w50.25_wt2.0,2.135364999812408,2.7592818563040487,-0.21297085595563725,0.8282920105737519,0.7149147847714321,0.5384615384615384,26,hold20_t2
A_w30.0_w50.0_wt3.0+3.0xC_w11.0_w30.0_w50.25_wt2.0,2.3859773771396924,2.878306375810384,-0.21283067857989124,0.9842933731025965,0.706389500180336,0.5,26,hold20_t2
A_w30.0_w50.0_wt3.0+1.0xC_w11.0_w30.0_w50.25_wt2.0,0.5371182430090182,1.2198262736019538,-0.36115062374390994,0.514925149965765,0.0146496300782617,0.46153846153846156,26,hold20_t2
A_w30.0_w50.0_wt3.0+1.5xC_w11.0_w30.0_w50.25_wt2.0,1.59730795020188,2.271388846255086,-0.3646977510451822,0.5958746210585142,0.6275137883194954,0.5,26,hold20_t2
A_w30.0_w50.0_wt3.0+0.5xC_w11.0_w30.0_w50.0_wt2.0,0.974495299542443,1.8498312014259324,-0.34815161070786504,1.0325439816917439,-0.028559619212266685,0.5769230769230769,26,hold20_t2
A_w30.0_w50.0_wt3.0+1.0xC_w11.0_w30.0_w50.0_wt2.0,0.3108607818050202,0.8474193258537885,-0.35819383018394824,0.28077674900696126,0.02348889673503396,0.4230769230769231,26,hold20_t2
A_w30.0_w50.0_wt3.0+2.0xC_w10.5_w30.0_w50.0_wt1.0,1.9562940072496735,2.5676130900815455,-0.21257286722546875,0.7164396387843857,0.722340792212987,0.5384615384615384,26,hold20_t2
A_w30.0_w50.0_wt3.0+3.0xC_w10.5_w30.0_w50.0_wt1.0,2.10626371930829,2.7128178047360647,-0.212278694083887,0.8248420951075663,0.7022095926196776,0.5,26,hold20_t2
A_w30.0_w50.5_wt3.0+2.0xC_w10.25_w30.0_w50.0_wt0.5,2.3859773771396933,2.8783063758103844,-0.21283067857989124,0.9842933731025965,0.7063895001803362,0.5,26,hold20_t2
A_w30.0_w50.5_wt3.0+3.0xC_w10.25_w30.0_w50.0_wt0.5,2.10626371930829,2.7128178047360647,-0.212278694083887,0.8248420951075663,0.7022095926196776,0.5,26,hold20_t2
A_w30.0_w50.0_wt3.0+3.0xC_w11.0_w30.25_w50.0_wt2.0,2.6723596440932305,3.0589498950238516,-0.21372805188137312,1.1542012739605414,0.7047430472183902,0.5384615384615384,26,hold20_t2
A_w30.0_w50.5_wt3.0+0.5xC_w10.25_w30.0_w50.0_wt0.5,0.5806852173764738,1.3046769614181213,-0.36372100141899366,0.7903480672569825,-0.11710731210034209,0.5,26,hold20_t2
A_w30.0_w50.0_wt3.0+1.5xC_w11.0_w30.25_w50.0_wt2.0,2.1400734781586404,2.702681388748582,-0.26529061089139194,0.597466017194598,0.9656590151902598,0.5,26,hold20_t2
A_w30.0_w50.0_wt3.0+2.0xC_w11.0_w30.25_w50.0_wt2.0,2.135364999812408,2.7592818563040487,-0.21297085595563725,0.8282920105737519,0.7149147847714321,0.5384615384615384,26,hold20_t2
A_w30.0_w50.5_wt3.0+1.0xC_w10.25_w30.0_w50.0_wt0.5,1.3099062254762521,2.0439591028243114,-0.36441927027951804,0.5062548322409406,0.5335427817613534,0.46153846153846156,26,hold20_t2
A_w30.0_w50.5_wt3.0+1.5xC_w10.25_w30.0_w50.0_wt0.5,2.245511212339533,2.7903433164602602,-0.2647933113687615,0.6541177285722262,0.9620799392198878,0.5,26,hold20_t2
A_w30.0_w50.5_wt3.0+1.5xC_w10.5_w30.0_w50.0_wt1.0,2.245511212339533,2.7903433164602602,-0.2647933113687615,0.6541177285722262,0.9620799392198878,0.5,26,hold20_t2
A_w30.0_w50.5_wt3.0+2.0xC_w10.5_w30.0_w50.0_wt1.0,2.3859773771396933,2.8783063758103844,-0.21283067857989124,0.9842933731025965,0.7063895001803362,0.5,26,hold20_t2
A_w30.0_w50.5_wt3.0+1.0xC_w11.0_w30.0_w50.0_wt2.0,1.3099062254762521,2.0439591028243114,-0.36441927027951804,0.5062548322409406,0.5335427817613534,0.46153846153846156,26,hold20_t2
A_w30.0_w50.5_wt3.0+1.5xC_w11.0_w30.0_w50.0_wt2.0,2.245511212339533,2.7903433164602602,-0.2647933113687615,0.6541177285722262,0.9620799392198878,0.5,26,hold20_t2
A_w30.0_w50.5_wt3.0+2.0xC_w11.0_w30.0_w50.0_wt2.0,2.3859773771396933,2.8783063758103844,-0.21283067857989124,0.9842933731025965,0.7063895001803362,0.5,26,hold20_t2
A_w30.0_w50.5_wt3.0+3.0xC_w11.0_w30.0_w50.0_wt2.0,2.10626371930829,2.7128178047360647,-0.212278694083887,0.8248420951075663,0.7022095926196776,0.5,26,hold20_t2
A_w30.0_w50.0_wt3.0+0.5xC_w11.0_w30.25_w50.0_wt2.0,0.6704808573890986,1.4674913168585395,-0.36519347035853633,1.0325439816917439,-0.17813298386846754,0.5,26,hold20_t2
A_w30.0_w50.0_wt3.0+1.0xC_w11.0_w30.25_w50.0_wt2.0,0.5371182430090182,1.2198262736019538,-0.36115062374390994,0.514925149965765,0.0146496300782617,0.46153846153846156,26,hold20_t2
A_w30.0_w50.5_wt3.0+0.5xC_w10.5_w30.0_w50.0_wt1.0,0.5806852173764738,1.3046769614181213,-0.36372100141899366,0.7903480672569825,-0.11710731210034209,0.5,26,hold20_t2
A_w30.0_w50.5_wt3.0+1.0xC_w10.5_w30.0_w50.0_wt1.0,1.3099062254762521,2.0439591028243114,-0.36441927027951804,0.5062548322409406,0.5335427817613534,0.46153846153846156,26,hold20_t2
A_w30.0_w50.5_wt3.0+3.0xC_w10.5_w30.0_w50.0_wt1.0,2.10626371930829,2.7128178047360647,-0.212278694083887,0.8248420951075663,0.7022095926196776,0.5,26,hold20_t2
A_w30.0_w50.5_wt3.0+0.5xC_w11.0_w30.0_w50.0_wt2.0,0.5806852173764738,1.3046769614181213,-0.36372100141899366,0.7903480672569825,-0.11710731210034209,0.5,26,hold20_t2
A_w30.0_w50.5_wt3.0+0.5xC_w11.0_w30.0_w50.25_wt2.0,0.5259945589720221,1.2185423487037907,-0.3638726020850269,0.9031227419301138,-0.19816282715197597,0.5,26,hold20_t2
A_w30.0_w50.5_wt3.0+1.0xC_w11.0_w30.0_w50.25_wt2.0,1.4151787145451022,2.171472575530014,-0.3651458376150247,0.6652747662422815,0.45031844804505816,0.5,26,hold20_t2
A_w30.0_w50.5_wt3.0+1.5xC_w11.0_w30.0_w50.25_wt2.0,1.9988464806784085,2.6782221983919765,-0.21297085595563725,0.8282920105737519,0.6402448095462177,0.5384615384615384,26,hold20_t2
A_w30.0_w50.5_wt3.0+2.0xC_w11.0_w30.0_w50.25_wt2.0,2.247134882566629,2.831406502805188,-0.2130291015801119,0.9918022921817731,0.6302495962135841,0.5384615384615384,26,hold20_t2
A_w30.0_w50.5_wt3.0+1.0xC_w11.0_w30.25_w50.0_wt2.0,1.4151787145451022,2.171472575530014,-0.3651458376150247,0.6652747662422815,0.45031844804505816,0.5,26,hold20_t2
A_w30.0_w50.5_wt3.0+1.5xC_w11.0_w30.25_w50.0_wt2.0,1.9988464806784085,2.6782221983919765,-0.21297085595563725,0.8282920105737519,0.6402448095462177,0.5384615384615384,26,hold20_t2
A_w30.0_w50.5_wt3.0+3.0xC_w11.0_w30.0_w50.25_wt2.0,2.245387462207934,2.8637123821780555,-0.21334251888058475,0.9996035897989075,0.6230154210386822,0.5384615384615384,26,hold20_t2
A_w30.0_w50.5_wt3.0+0.5xC_w11.0_w30.25_w50.0_wt2.0,0.47628777351201035,1.140487076284674,-0.36376094141918447,0.8252182548331868,-0.19117192171248976,0.5,26,hold20_t2
A_w30.0_w50.5_wt3.0+2.0xC_w11.0_w30.25_w50.0_wt2.0,2.286030212292179,2.8577186022383834,-0.2130291015801119,0.9918022921817753,0.6497773022907485,0.5769230769230769,26,hold20_t2
A_w30.0_w50.5_wt3.0+3.0xC_w11.0_w30.25_w50.0_wt2.0,2.09593060749102,2.744686853188955,-0.21278818790980158,0.9734121781257508,0.5688210713442439,0.5384615384615384,26,hold20_t2
A_w30.25_w50.25_wt3.0+0.5xC_w10.25_w30.0_w50.0_wt0.5,0.43240759869730194,1.0678343602967624,-0.36375197031441164,0.6200216947618746,-0.11580961950768953,0.46153846153846156,26,hold20_t2
A_w30.25_w50.25_wt3.0+1.0xC_w10.25_w30.0_w50.0_wt0.5,1.3099062254762521,2.0439591028243114,-0.36441927027951804,0.5062548322409406,0.5335427817613534,0.46153846153846156,26,hold20_t2
A_w30.25_w50.25_wt3.0+1.5xC_w10.25_w30.0_w50.0_wt0.5,2.245511212339533,2.7903433164602602,-0.2647933113687615,0.6541177285722262,0.9620799392198878,0.5,26,hold20_t2
A_w30.25_w50.25_wt3.0+2.0xC_w10.25_w30.0_w50.0_wt0.5,2.3859773771396933,2.8783063758103844,-0.21283067857989124,0.9842933731025965,0.7063895001803362,0.5,26,hold20_t2
A_w30.25_w50.25_wt3.0+3.0xC_w10.25_w30.0_w50.0_wt0.5,2.10626371930829,2.7128178047360647,-0.212278694083887,0.8248420951075663,0.7022095926196776,0.5,26,hold20_t2
A_w30.25_w50.25_wt3.0+0.5xC_w10.5_w30.0_w50.0_wt1.0,0.43240759869730194,1.0678343602967624,-0.36375197031441164,0.6200216947618746,-0.11580961950768953,0.46153846153846156,26,hold20_t2
A_w30.25_w50.25_wt3.0+1.0xC_w10.5_w30.0_w50.0_wt1.0,1.3099062254762521,2.0439591028243114,-0.36441927027951804,0.5062548322409406,0.5335427817613534,0.46153846153846156,26,hold20_t2
A_w30.25_w50.25_wt3.0+1.5xC_w10.5_w30.0_w50.0_wt1.0,2.245511212339533,2.7903433164602602,-0.2647933113687615,0.6541177285722262,0.9620799392198878,0.5,26,hold20_t2
A_w30.25_w50.25_wt3.0+2.0xC_w10.5_w30.0_w50.0_wt1.0,2.3859773771396933,2.8783063758103844,-0.21283067857989124,0.9842933731025965,0.7063895001803362,0.5,26,hold20_t2
A_w30.25_w50.25_wt3.0+3.0xC_w10.5_w30.0_w50.0_wt1.0,2.10626371930829,2.7128178047360647,-0.212278694083887,0.8248420951075663,0.7022095926196776,0.5,26,hold20_t2
A_w30.25_w50.25_wt3.0+1.5xC_w11.0_w30.0_w50.0_wt2.0,2.245511212339533,2.7903433164602602,-0.2647933113687615,0.6541177285722262,0.9620799392198878,0.5,26,hold20_t2
A_w30.25_w50.25_wt3.0+2.0xC_w11.0_w30.0_w50.0_wt2.0,2.3859773771396933,2.8783063758103844,-0.21283067857989124,0.9842933731025965,0.7063895001803362,0.5,26,hold20_t2
A_w30.25_w50.25_wt3.0+3.0xC_w11.0_w30.0_w50.0_wt2.0,2.10626371930829,2.7128178047360647,-0.212278694083887,0.8248420951075663,0.7022095926196776,0.5,26,hold20_t2
A_w30.25_w50.25_wt3.0+0.5xC_w11.0_w30.0_w50.25_wt2.0,0.47628777351201035,1.140487076284674,-0.36376094141918447,0.8252182548331868,-0.19117192171248976,0.5,26,hold20_t2
A_w30.25_w50.25_wt3.0+1.0xC_w11.0_w30.0_w50.25_wt2.0,1.4151787145451022,2.171472575530014,-0.3651458376150247,0.6652747662422815,0.45031844804505816,0.5,26,hold20_t2
A_w30.25_w50.25_wt3.0+1.5xC_w11.0_w30.0_w50.25_wt2.0,1.9988464806784085,2.6782221983919765,-0.21297085595563725,0.8282920105737519,0.6402448095462177,0.5384615384615384,26,hold20_t2
A_w30.25_w50.25_wt3.0+2.0xC_w11.0_w30.0_w50.25_wt2.0,2.247134882566629,2.831406502805188,-0.2130291015801119,0.9918022921817731,0.6302495962135841,0.5384615384615384,26,hold20_t2
A_w30.25_w50.25_wt3.0+3.0xC_w11.0_w30.0_w50.25_wt2.0,2.245387462207934,2.8637123821780555,-0.21334251888058475,0.9996035897989075,0.6230154210386822,0.5384615384615384,26,hold20_t2
A_w30.25_w50.25_wt3.0+0.5xC_w11.0_w30.25_w50.0_wt2.0,0.47628777351201035,1.140487076284674,-0.36376094141918447,0.8252182548331868,-0.19117192171248976,0.5,26,hold20_t2
A_w30.25_w50.25_wt3.0+1.0xC_w11.0_w30.25_w50.0_wt2.0,1.4151787145451022,2.171472575530014,-0.3651458376150247,0.6652747662422815,0.45031844804505816,0.5,26,hold20_t2
A_w30.25_w50.25_wt3.0+1.5xC_w11.0_w30.25_w50.0_wt2.0,1.9988464806784085,2.6782221983919765,-0.21297085595563725,0.8282920105737519,0.6402448095462177,0.5384615384615384,26,hold20_t2
A_w30.25_w50.25_wt3.0+2.0xC_w11.0_w30.25_w50.0_wt2.0,2.286030212292179,2.8577186022383834,-0.2130291015801119,0.9918022921817753,0.6497773022907485,0.5769230769230769,26,hold20_t2
A_w30.25_w50.25_wt3.0+0.5xC_w11.0_w30.0_w50.0_wt2.0,0.43240759869730194,1.0678343602967624,-0.36375197031441164,0.6200216947618746,-0.11580961950768953,0.46153846153846156,26,hold20_t2
A_w30.25_w50.25_wt3.0+1.0xC_w11.0_w30.0_w50.0_wt2.0,1.3099062254762521,2.0439591028243114,-0.36441927027951804,0.5062548322409406,0.5335427817613534,0.46153846153846156,26,hold20_t2
A_w31.0_w50.0_wt3.0+1.0xC_w10.25_w30.0_w50.0_wt0.5,2.077759042074874,2.7488221333907843,-0.21298571469083993,0.8774760586222168,0.6393066787405437,0.5384615384615384,26,hold20_t2
A_w31.0_w50.0_wt3.0+1.5xC_w10.25_w30.0_w50.0_wt0.5,2.286030212292179,2.8577186022383834,-0.2130291015801119,0.9918022921817753,0.6497773022907485,0.5769230769230769,26,hold20_t2
A_w30.25_w50.25_wt3.0+3.0xC_w11.0_w30.25_w50.0_wt2.0,2.242150462860808,2.826614491945244,-0.21278818790980158,0.9734121781257508,0.6429160105518554,0.5384615384615384,26,hold20_t2
A_w31.0_w50.0_wt3.0+0.5xC_w10.25_w30.0_w50.0_wt0.5,0.9436432895976143,1.763009474397661,-0.33690687662537255,0.7955376900176441,0.08248537493997832,0.5384615384615384,26,hold20_t2
A_w31.0_w50.0_wt3.0+2.0xC_w10.25_w30.0_w50.0_wt0.5,2.3274672334852737,2.8596105265748197,-0.21309092226709903,0.9556866312921579,0.7014317019116454,0.5384615384615384,26,hold20_t2
A_w31.0_w50.0_wt3.0+3.0xC_w10.25_w30.0_w50.0_wt0.5,2.1275459546067568,2.647950951336553,-0.21359913094673055,0.8248420951075663,0.7138721004911934,0.5,26,hold20_t2
A_w31.0_w50.0_wt3.0+0.5xC_w10.5_w30.0_w50.0_wt1.0,0.9436432895976143,1.763009474397661,-0.33690687662537255,0.7955376900176441,0.08248537493997832,0.5384615384615384,26,hold20_t2
A_w31.0_w50.0_wt3.0+1.0xC_w10.5_w30.0_w50.0_wt1.0,2.077759042074874,2.7488221333907843,-0.21298571469083993,0.8774760586222168,0.6393066787405437,0.5384615384615384,26,hold20_t2
A_w31.0_w50.0_wt3.0+3.0xC_w10.5_w30.0_w50.0_wt1.0,2.1275459546067568,2.647950951336553,-0.21359913094673055,0.8248420951075663,0.7138721004911934,0.5,26,hold20_t2
A_w31.0_w50.0_wt3.0+0.5xC_w11.0_w30.0_w50.0_wt2.0,0.9436432895976143,1.763009474397661,-0.33690687662537255,0.7955376900176441,0.08248537493997832,0.5384615384615384,26,hold20_t2
A_w31.0_w50.0_wt3.0+1.0xC_w11.0_w30.0_w50.0_wt2.0,2.077759042074874,2.7488221333907843,-0.21298571469083993,0.8774760586222168,0.6393066787405437,0.5384615384615384,26,hold20_t2
A_w31.0_w50.0_wt3.0+1.5xC_w11.0_w30.0_w50.0_wt2.0,2.286030212292179,2.8577186022383834,-0.2130291015801119,0.9918022921817753,0.6497773022907485,0.5769230769230769,26,hold20_t2
A_w31.0_w50.0_wt3.0+2.0xC_w11.0_w30.0_w50.0_wt2.0,2.3274672334852737,2.8596105265748197,-0.21309092226709903,0.9556866312921579,0.7014317019116454,0.5384615384615384,26,hold20_t2
A_w31.0_w50.0_wt3.0+3.0xC_w11.0_w30.0_w50.0_wt2.0,2.1275459546067568,2.647950951336553,-0.21359913094673055,0.8248420951075663,0.7138721004911934,0.5,26,hold20_t2
A_w31.0_w50.0_wt3.0+1.5xC_w10.5_w30.0_w50.0_wt1.0,2.286030212292179,2.8577186022383834,-0.2130291015801119,0.9918022921817753,0.6497773022907485,0.5769230769230769,26,hold20_t2
A_w31.0_w50.0_wt3.0+2.0xC_w10.5_w30.0_w50.0_wt1.0,2.3274672334852737,2.8596105265748197,-0.21309092226709903,0.9556866312921579,0.7014317019116454,0.5384615384615384,26,hold20_t2
A_w31.0_w50.0_wt3.0+0.5xC_w11.0_w30.0_w50.25_wt2.0,0.5587044130557763,1.2731594560206712,-0.4127728589472456,0.7955376900176441,-0.13190103347791116,0.5,26,hold20_t2
A_w31.0_w50.0_wt3.0+1.0xC_w11.0_w30.0_w50.25_wt2.0,1.373101458090313,2.1475358883445588,-0.3998088822972137,0.8301889298390546,0.2966428871903408,0.5,26,hold20_t2
A_w31.0_w50.0_wt3.0+1.5xC_w11.0_w30.0_w50.25_wt2.0,2.370458848931555,2.9230751089266174,-0.21333653985683287,1.045575850576204,0.647682166360223,0.5769230769230769,26,hold20_t2
A_w31.0_w50.0_wt3.0+2.0xC_w11.0_w30.0_w50.25_wt2.0,2.2457815385792963,2.86475710943385,-0.21370140620175204,0.9918022921817731,0.629570139224984,0.5384615384615384,26,hold20_t2
A_w31.0_w50.0_wt3.0+3.0xC_w11.0_w30.0_w50.25_wt2.0,2.254297508520655,2.851772428087792,-0.21371623307987098,0.9752818438732538,0.6475104647038281,0.5384615384615384,26,hold20_t2
A_w31.0_w50.0_wt3.0+0.5xC_w11.0_w30.25_w50.0_wt2.0,0.5587044130557763,1.2731594560206712,-0.4127728589472456,0.7955376900176441,-0.13190103347791116,0.5,26,hold20_t2
A_w31.0_w50.0_wt3.0+1.0xC_w11.0_w30.25_w50.0_wt2.0,1.3729835644611192,2.1464886759216193,-0.39852949792509273,0.8235337806132206,0.3013104499019079,0.5,26,hold20_t2
A_w31.0_w50.0_wt3.0+1.5xC_w11.0_w30.25_w50.0_wt2.0,2.370458848931555,2.9230751089266174,-0.21333653985683287,1.045575850576204,0.647682166360223,0.5769230769230769,26,hold20_t2
A_w31.0_w50.0_wt3.0+2.0xC_w11.0_w30.25_w50.0_wt2.0,2.2457815385792963,2.86475710943385,-0.21370140620175204,0.9918022921817731,0.629570139224984,0.5384615384615384,26,hold20_t2
A_w31.0_w50.0_wt3.0+3.0xC_w11.0_w30.25_w50.0_wt2.0,2.254297508520655,2.851772428087792,-0.21371623307987098,0.9752818438732538,0.6475104647038281,0.5384615384615384,26,hold20_t2
A_w30.25_w50.0_wt2.0+1.5xC_w10.25_w30.0_w50.0_wt0.5,1.9988464806784085,2.6782221983919765,-0.21297085595563725,0.8282920105737519,0.6402448095462177,0.5384615384615384,26,hold20_t2
A_w30.25_w50.0_wt2.0+2.0xC_w10.25_w30.0_w50.0_wt0.5,2.158649503542443,2.7400709669291077,-0.2131037769482068,0.8572912273602791,0.7006754013648957,0.5,26,hold20_t2
A_w30.25_w50.0_wt2.0+3.0xC_w10.25_w30.0_w50.0_wt0.5,2.1275459546067568,2.647950951336553,-0.21359913094673055,0.8248420951075663,0.7138721004911934,0.5,26,hold20_t2
A_w30.25_w50.0_wt2.0+0.5xC_w10.5_w30.0_w50.0_wt1.0,0.7657231899916965,1.52740916162276,-0.3654106772275614,0.670330199618856,0.05711025903417655,0.5384615384615384,26,hold20_t2
A_w30.25_w50.0_wt2.0+0.5xC_w11.0_w30.0_w50.0_wt2.0,0.7657231899916965,1.52740916162276,-0.3654106772275614,0.670330199618856,0.05711025903417655,0.5384615384615384,26,hold20_t2
A_w30.25_w50.0_wt2.0+1.0xC_w11.0_w30.0_w50.0_wt2.0,1.7482314274057003,2.4686229928392533,-0.3639445864690022,0.8774760586222168,0.4637903981702356,0.5384615384615384,26,hold20_t2
A_w30.25_w50.0_wt2.0+2.0xC_w10.5_w30.0_w50.0_wt1.0,2.158649503542443,2.7400709669291077,-0.2131037769482068,0.8572912273602791,0.7006754013648957,0.5,26,hold20_t2
A_w30.25_w50.0_wt2.0+3.0xC_w10.5_w30.0_w50.0_wt1.0,2.1275459546067568,2.647950951336553,-0.21359913094673055,0.8248420951075663,0.7138721004911934,0.5,26,hold20_t2
A_w30.25_w50.0_wt2.0+1.0xC_w10.5_w30.0_w50.0_wt1.0,1.7482314274057003,2.4686229928392533,-0.3639445864690022,0.8774760586222168,0.4637903981702356,0.5384615384615384,26,hold20_t2
A_w30.25_w50.0_wt2.0+1.5xC_w10.5_w30.0_w50.0_wt1.0,1.9988464806784085,2.6782221983919765,-0.21297085595563725,0.8282920105737519,0.6402448095462177,0.5384615384615384,26,hold20_t2
A_w30.25_w50.0_wt2.0+1.5xC_w11.0_w30.0_w50.0_wt2.0,1.9988464806784085,2.6782221983919765,-0.21297085595563725,0.8282920105737519,0.6402448095462177,0.5384615384615384,26,hold20_t2
A_w30.25_w50.0_wt2.0+2.0xC_w11.0_w30.0_w50.0_wt2.0,2.158649503542443,2.7400709669291077,-0.2131037769482068,0.8572912273602791,0.7006754013648957,0.5,26,hold20_t2
A_w30.25_w50.0_wt2.0+0.5xC_w10.25_w30.0_w50.0_wt0.5,0.7657231899916965,1.52740916162276,-0.3654106772275614,0.670330199618856,0.05711025903417655,0.5384615384615384,26,hold20_t2
A_w30.25_w50.0_wt2.0+1.0xC_w10.25_w30.0_w50.0_wt0.5,1.7482314274057003,2.4686229928392533,-0.3639445864690022,0.8774760586222168,0.4637903981702356,0.5384615384615384,26,hold20_t2
A_w30.25_w50.0_wt2.0+3.0xC_w11.0_w30.0_w50.0_wt2.0,2.1275459546067568,2.647950951336553,-0.21359913094673055,0.8248420951075663,0.7138721004911934,0.5,26,hold20_t2
A_w30.25_w50.0_wt2.0+0.5xC_w11.0_w30.0_w50.25_wt2.0,0.8888025497885932,1.7080136400086368,-0.3626556020192089,0.7955376900176441,0.0519425798129749,0.5769230769230769,26,hold20_t2
A_w30.25_w50.0_wt2.0+1.0xC_w11.0_w30.0_w50.25_wt2.0,1.9501152492086016,2.6141557782413187,-0.3354929990443951,0.8235337806132206,0.6178012607019163,0.5384615384615384,26,hold20_t2
A_w30.25_w50.0_wt2.0+1.5xC_w11.0_w30.0_w50.25_wt2.0,2.077759042074874,2.7488221333907843,-0.21298571469083993,0.8774760586222168,0.6393066787405437,0.5384615384615384,26,hold20_t2
A_w30.25_w50.0_wt2.0+2.0xC_w11.0_w30.0_w50.25_wt2.0,2.180094093640992,2.778747635588794,-0.21309092226709903,0.9556866312921579,0.6260754881470141,0.5384615384615384,26,hold20_t2
A_w30.25_w50.0_wt2.0+3.0xC_w11.0_w30.0_w50.25_wt2.0,2.1799331750058593,2.847260818522386,-0.21371623307987098,0.9752818438732538,0.6098630101162954,0.5384615384615384,26,hold20_t2
A_w30.25_w50.0_wt2.0+3.0xC_w11.0_w30.25_w50.0_wt2.0,2.09593060749102,2.744686853188955,-0.21278818790980158,0.9734121781257508,0.5688210713442439,0.5384615384615384,26,hold20_t2
A_w30.25_w50.0_wt2.0+0.5xC_w11.0_w30.25_w50.0_wt2.0,0.8888025497885932,1.7080136400086368,-0.3626556020192089,0.7955376900176441,0.0519425798129749,0.5769230769230769,26,hold20_t2
A_w30.25_w50.0_wt2.0+1.0xC_w11.0_w30.25_w50.0_wt2.0,1.9501152492086016,2.6141557782413187,-0.3354929990443951,0.8235337806132206,0.6178012607019163,0.5384615384615384,26,hold20_t2
A_w30.25_w50.0_wt2.0+1.5xC_w11.0_w30.25_w50.0_wt2.0,2.077759042074874,2.7488221333907843,-0.21298571469083993,0.8774760586222168,0.6393066787405437,0.5384615384615384,26,hold20_t2
A_w30.25_w50.0_wt2.0+2.0xC_w11.0_w30.25_w50.0_wt2.0,2.180094093640992,2.778747635588794,-0.21309092226709903,0.9556866312921579,0.6260754881470141,0.5384615384615384,26,hold20_t2
A_w30.0_w50.0_wt0.5,-0.041653339884816676,0.022651357823450756,-0.30121200493511324,-0.026952366369127456,-0.015108174571920374,0.6153846153846154,13,hold20_t1
A_w30.0_w50.0_wt1.0,0.09620765019281996,0.43779099605956023,-0.3483369652004783,0.10959898142724134,-0.012068622501074322,0.6153846153846154,13,hold20_t1
A_w30.0_w50.25_wt0.5,-0.0716041862977086,-0.07877391154730004,-0.3228118667619796,-0.05183811146756978,-0.02084672994052994,0.5384615384615384,13,hold20_t1
A_w30.0_w50.25_wt1.0,0.09252994680846394,0.4305244182127198,-0.31429077596436406,0.16450382604370173,-0.061806477252858594,0.6923076923076923,13,hold20_t1
A_w30.0_w50.0_wt2.0,0.04138412152873672,0.3306746009660289,-0.4921704459571572,0.02664051341252116,0.014361023088021563,0.46153846153846156,13,hold20_t1
A_w30.0_w50.0_wt3.0,0.6242134031256308,1.2117308106001972,-0.4912288342517195,0.7239640178661777,-0.057861192987086585,0.6153846153846154,13,hold20_t1
A_w30.5_w50.0_wt0.5,-0.014952921626896654,0.13567206848603292,-0.3350283186293814,-0.045412822662896035,0.03190897778552748,0.6153846153846154,13,hold20_t1
A_w30.5_w50.0_wt1.0,0.1827619158839282,0.6777813076957389,-0.30461481444614624,0.2195966971421881,-0.030202427855513636,0.6923076923076923,13,hold20_t1
A_w30.0_w50.25_wt2.0,-0.21863570253826703,-0.37367224239438857,-0.479345601330298,0.13975564866440382,-0.314445777586313,0.38461538461538464,13,hold20_t1
A_w30.0_w50.25_wt3.0,0.12128178124662226,0.4841718664821977,-0.4931320069503099,0.2775605360238509,-0.12232590970883839,0.5384615384615384,13,hold20_t1
A_w30.0_w50.5_wt0.5,-0.07957923737022021,-0.06322383050303704,-0.3350283186293814,-0.045412822662896035,-0.035791822390317196,0.6153846153846154,13,hold20_t1
A_w30.0_w50.5_wt1.0,0.1043439944187996,0.47443549647659666,-0.30461481444614624,0.2195966971421881,-0.0945006681253352,0.6923076923076923,13,hold20_t1
A_w30.0_w50.5_wt2.0,-0.17916519267873998,-0.3397817497764749,-0.4581153204206829,0.23232072053526887,-0.333911380663368,0.5384615384615384,13,hold20_t1
A_w30.0_w50.5_wt3.0,0.6907797333208039,1.350098303749232,-0.36706303344162794,0.47137602706439763,0.1491146397798444,0.5384615384615384,13,hold20_t1
A_w30.25_w50.0_wt0.5,-0.017389684432695063,0.10987546323590812,-0.337201996408225,0.003044717289440335,-0.020372373603996796,0.6153846153846154,13,hold20_t1
A_w30.25_w50.0_wt1.0,0.17094786827359387,0.6189427164175099,-0.31429077596436406,0.16450382604370173,0.005533723535959156,0.6923076923076923,13,hold20_t1
A_w30.25_w50.0_wt2.0,-0.13193146720252924,-0.14684112807877997,-0.46463467849517537,0.2675751743098016,-0.31517392388965315,0.46153846153846156,13,hold20_t1
A_w30.25_w50.0_wt3.0,0.2092793710986236,0.6389145902865029,-0.4893768134237626,0.2775605360238509,-0.05344652014513396,0.5384615384615384,13,hold20_t1
A_w30.25_w50.25_wt0.5,-0.014952921626896654,0.13567206848603292,-0.3350283186293814,-0.045412822662896035,0.03190897778552748,0.6153846153846154,13,hold20_t1
A_w30.25_w50.25_wt1.0,0.1043439944187996,0.47443549647659666,-0.30461481444614624,0.2195966971421881,-0.0945006681253352,0.6923076923076923,13,hold20_t1
A_w30.25_w50.25_wt2.0,-0.11628433057070853,-0.14124041761192102,-0.40744366455602776,0.23454701525649235,-0.2841781977451152,0.5384615384615384,13,hold20_t1
A_w30.25_w50.25_wt3.0,0.30954091860307353,0.8424589542133312,-0.36571536501766777,0.14155115746863567,0.14715920529304283,0.5384615384615384,13,hold20_t1
A_w30.25_w50.5_wt0.5,0.14307603588983486,0.5615889461208294,-0.26432156228009174,-0.05248104134498599,0.20638856399497318,0.6153846153846154,13,hold20_t1
A_w30.25_w50.5_wt1.0,-0.09431468777366125,-0.16257405009306009,-0.2928141158369203,-0.04271013733922169,-0.053906922497857446,0.6153846153846154,13,hold20_t1
A_w30.25_w50.5_wt2.0,-0.10076496106047061,-0.09510070205467686,-0.40744366455602776,0.23454701525649235,-0.2716072957718003,0.5384615384615384,13,hold20_t1
A_w30.25_w50.5_wt3.0,-0.13193146720252924,-0.14684112807877997,-0.46463467849517537,0.2675751743098016,-0.31517392388965315,0.46153846153846156,13,hold20_t1
A_w30.5_w50.0_wt2.0,-0.007971714144198505,0.17665305678764123,-0.4066814946185482,0.2938493731863099,-0.23327374390360955,0.5384615384615384,13,hold20_t1
A_w30.5_w50.0_wt3.0,0.20646100243967447,0.6500082462117608,-0.3664433917559483,0.03752986025767835,0.16282051115140006,0.5384615384615384,13,hold20_t1
A_w30.5_w50.25_wt2.0,-0.13240145217552557,-0.2106467435633335,-0.4215368342093936,0.18943376878649887,-0.2705785134134635,0.46153846153846156,13,hold20_t1
A_w30.5_w50.25_wt3.0,-0.13193146720252924,-0.14684112807877997,-0.46463467849517537,0.2675751743098016,-0.31517392388965315,0.46153846153846156,13,hold20_t1
A_w30.5_w50.5_wt2.0,0.2391046740942402,0.7928640114514951,-0.25134105942321094,0.24913804116171945,-0.008032232416961604,0.6923076923076923,13,hold20_t1
A_w30.5_w50.5_wt3.0,-0.11124075394730293,-0.12058279664021332,-0.45193750785609976,0.24574460200958304,-0.2865638393142641,0.46153846153846156,13,hold20_t1
A_w30.5_w50.25_wt0.5,0.22427392841096228,0.752680252575107,-0.26432156228009174,-0.05248104134498599,0.2920838334979563,0.6153846153846154,13,hold20_t1
A_w30.5_w50.25_wt1.0,-0.03007732404888963,0.0629461043813297,-0.2928141158369203,-0.04271013733922169,0.013196434834502169,0.6153846153846154,13,hold20_t1
A_w30.5_w50.5_wt0.5,0.1865525215067998,0.679308248694944,-0.21563599624596974,-0.06184000481618557,0.2647656344313838,0.6153846153846154,13,hold20_t1
A_w30.5_w50.5_wt1.0,-0.02466720419797286,0.07537196784998097,-0.23965224795432194,-0.0340205850512173,0.009682795211262585,0.6153846153846154,13,hold20_t1
A_w31.0_w50.0_wt0.5,0.4083801071089732,1.1856386940755133,-0.17964090725404147,0.04212185029847859,0.3514543493216211,0.6923076923076923,13,hold20_t1
A_w31.0_w50.0_wt1.0,0.04249410601875314,0.2925991646679766,-0.23965224795432194,-0.0340205850512173,0.07920944265052277,0.6153846153846154,13,hold20_t1
A_w31.0_w50.0_wt2.0,0.26117626704307306,0.8327130997271445,-0.27115565002366093,0.18943376878649887,0.060316513738942756,0.6153846153846154,13,hold20_t1
A_w31.0_w50.0_wt3.0,-0.11124075394730293,-0.12058279664021332,-0.45193750785609976,0.24574460200958304,-0.2865638393142641,0.46153846153846156,13,hold20_t1
A_w31.0_w50.25_wt0.5,0.4083801071089732,1.1856386940755133,-0.17964090725404147,0.04212185029847859,0.3514543493216211,0.6923076923076923,13,hold20_t1
A_w31.0_w50.25_wt1.0,0.01727024474372585,0.21281570525831317,-0.25668959560692217,-0.05901695342670821,0.08107180936813219,0.5384615384615384,13,hold20_t1
A_w31.0_w50.5_wt2.0,0.2391046740942402,0.7928640114514951,-0.25134105942321094,0.24913804116171945,-0.008032232416961604,0.6923076923076923,13,hold20_t1
A_w31.0_w50.5_wt3.0,-0.10076496106047061,-0.09510070205467686,-0.40744366455602776,0.23454701525649235,-0.2716072957718003,0.5384615384615384,13,hold20_t1
A_w31.0_w50.25_wt2.0,0.2391046740942402,0.7928640114514951,-0.25134105942321094,0.24913804116171945,-0.008032232416961604,0.6923076923076923,13,hold20_t1
A_w31.0_w50.25_wt3.0,-0.11874595657086462,-0.15531913287187105,-0.40744366455602776,0.23454701525649235,-0.28617214853818795,0.5384615384615384,13,hold20_t1
C_w10.25_w30.0_w50.0_wt0.5,3.4072550866317197,2.7663668042427507,-0.3188110461884126,1.6494651272198655,0.6634508759344708,0.6153846153846154,13,hold20_t1
C_w10.25_w30.0_w50.0_wt1.0,1.319563340473783,1.736279763913069,-0.450866439257787,1.7441362382686063,-0.1547200506570714,0.46153846153846156,13,hold20_t1
A_w31.0_w50.5_wt0.5,0.4083801071089732,1.1856386940755133,-0.17964090725404147,0.04212185029847859,0.3514543493216211,0.6923076923076923,13,hold20_t1
A_w31.0_w50.5_wt1.0,0.007791644698032396,0.1801300784476528,-0.21285629696315367,-0.05901695342670821,0.07099872666997697,0.5384615384615384,13,hold20_t1
C_w10.25_w30.0_w50.0_wt2.0,0.9398866200809195,1.4308826154296472,-0.5122285950408652,1.422861245172347,-0.1993406044418662,0.5384615384615384,13,hold20_t1
C_w10.25_w30.0_w50.25_wt0.5,0.7339827977876565,1.4193740095339158,-0.24303338340312508,-0.0036928301159635524,0.7404098356428366,0.6153846153846154,13,hold20_t1
C_w10.25_w30.0_w50.25_wt1.0,3.743238709362351,2.9083094843986514,-0.28925767960799864,2.0908784036303873,0.5345924652976266,0.6923076923076923,13,hold20_t1
C_w10.25_w30.0_w50.25_wt2.0,1.8705065931366023,2.0833646698684745,-0.3738185470597891,1.7441362382686063,0.04605104990987141,0.46153846153846156,13,hold20_t1
C_w10.25_w30.25_w50.0_wt0.5,0.7181348632904774,1.4039861801952513,-0.24255160608399617,-0.014788106500940423,0.7439242000909911,0.6153846153846154,13,hold20_t1
C_w10.25_w30.25_w50.0_wt1.0,3.0685628541508176,2.721160906454974,-0.28896580472193956,1.6494651272198655,0.5356166844211452,0.6153846153846154,13,hold20_t1
C_w10.25_w30.25_w50.0_wt2.0,1.8705065931366023,2.0833646698684745,-0.3738185470597891,1.7441362382686063,0.04605104990987141,0.46153846153846156,13,hold20_t1
C_w10.25_w30.25_w50.25_wt0.5,0.4055361326661726,1.0349535499934264,-0.2561973158771341,-0.02850925467481369,0.4467828329087147,0.5384615384615384,13,hold20_t1
C_w10.25_w30.5_w50.0_wt0.5,0.29346042706774655,0.8694943566376847,-0.2878495038355907,-0.035554746337546184,0.3411444788139797,0.46153846153846156,13,hold20_t1
C_w10.25_w30.5_w50.0_wt1.0,6.213758427044996,3.6500459477316145,-0.20989564389161264,2.0559292357356287,1.360577706672088,0.9230769230769231,13,hold20_t1
C_w10.25_w30.5_w50.0_wt2.0,2.5715038733066824,2.458156054020009,-0.3160964554881095,2.0097518064098745,0.18664398363361534,0.6153846153846154,13,hold20_t1
C_w10.25_w30.5_w50.25_wt0.5,-0.030231251180299012,0.05709682821615085,-0.25762879699250973,-0.02081602432189844,-0.009615380860251932,0.46153846153846156,13,hold20_t1
C_w10.25_w30.25_w50.25_wt1.0,1.1697382167770152,1.8388999236054884,-0.20788085401690926,0.2457776280112267,0.7416737690504287,0.7692307692307693,13,hold20_t1
C_w10.25_w30.25_w50.25_wt2.0,2.5715038733066824,2.458156054020009,-0.3160964554881095,2.0097518064098745,0.18664398363361534,0.6153846153846154,13,hold20_t1
C_w10.25_w30.5_w50.25_wt1.0,0.7181348632904774,1.4039861801952513,-0.24255160608399617,-0.014788106500940423,0.7439242000909911,0.6153846153846154,13,hold20_t1
C_w10.25_w30.5_w50.25_wt2.0,3.743238709362351,2.9083094843986514,-0.28925767960799864,2.0908784036303873,0.5345924652976266,0.6923076923076923,13,hold20_t1
C_w10.5_w30.0_w50.0_wt0.5,0.7339827977876565,1.4193740095339158,-0.24303338340312508,-0.0036928301159635524,0.7404098356428366,0.6153846153846154,13,hold20_t1
C_w10.5_w30.0_w50.0_wt1.0,3.4072550866317197,2.7663668042427507,-0.3188110461884126,1.6494651272198655,0.6634508759344708,0.6153846153846154,13,hold20_t1
C_w10.5_w30.0_w50.0_wt2.0,1.319563340473783,1.736279763913069,-0.450866439257787,1.7441362382686063,-0.1547200506570714,0.46153846153846156,13,hold20_t1
C_w10.5_w30.0_w50.25_wt0.5,0.4055361326661726,1.0349535499934264,-0.2561973158771341,-0.02850925467481369,0.4467828329087147,0.5384615384615384,13,hold20_t1
C_w10.5_w30.0_w50.25_wt1.0,1.0698148704561845,1.743539198051676,-0.20788085401690926,0.2457776280112267,0.6614641521219653,0.6923076923076923,13,hold20_t1
C_w10.5_w30.0_w50.25_wt2.0,2.5715038733066824,2.458156054020009,-0.3160964554881095,2.0097518064098745,0.18664398363361534,0.6153846153846154,13,hold20_t1
C_w10.5_w30.25_w50.0_wt0.5,0.4007313626081237,1.0305774000385233,-0.25756314270887504,-0.02717231174649526,0.4398555669430255,0.5384615384615384,13,hold20_t1
C_w10.5_w30.25_w50.0_wt1.0,2.2438229792008375,2.5763786294498936,-0.20978608323865633,0.3779052555310374,1.354169828571187,0.9230769230769231,13,hold20_t1
C_w10.5_w30.25_w50.0_wt2.0,2.5715038733066824,2.458156054020009,-0.3160964554881095,2.0097518064098745,0.18664398363361534,0.6153846153846154,13,hold20_t1
C_w10.5_w30.25_w50.25_wt0.5,-0.030231251180299012,0.05709682821615085,-0.25762879699250973,-0.02081602432189844,-0.009615380860251932,0.46153846153846156,13,hold20_t1
C_w10.5_w30.25_w50.25_wt1.0,0.7181348632904774,1.4039861801952513,-0.24255160608399617,-0.014788106500940423,0.7439242000909911,0.6153846153846154,13,hold20_t1
C_w10.5_w30.25_w50.25_wt2.0,3.743238709362351,2.9083094843986514,-0.28925767960799864,2.0908784036303873,0.5345924652976266,0.6923076923076923,13,hold20_t1
C_w10.5_w30.5_w50.0_wt0.5,-0.030231251180299012,0.05709682821615085,-0.25762879699250973,-0.02081602432189844,-0.009615380860251932,0.46153846153846156,13,hold20_t1
C_w10.5_w30.5_w50.0_wt1.0,0.7181348632904774,1.4039861801952513,-0.24255160608399617,-0.014788106500940423,0.7439242000909911,0.6153846153846154,13,hold20_t1
V11_ensw2,3.3823062940699335,2.819290909741342,-0.25079348529930623,1.9107164337754905,0.5055765114108508,0.6153846153846154,13,hold20_t1
C_w10.5_w30.5_w50.0_wt2.0,3.0685628541508176,2.721160906454974,-0.28896580472193956,1.6494651272198655,0.5356166844211452,0.6153846153846154,13,hold20_t1
C_w10.5_w30.5_w50.25_wt0.5,-0.014687446465406317,0.1054856704235704,-0.22416471536822502,-0.02081602432189844,0.006258862490317707,0.46153846153846156,13,hold20_t1
C_w10.5_w30.5_w50.25_wt1.0,0.3997641983334257,1.0346336387128532,-0.28842977699800654,-0.02717231174649526,0.43886138854291,0.6153846153846154,13,hold20_t1
C_w10.5_w30.5_w50.25_wt2.0,3.565078665500808,2.8281899951843115,-0.34476397448206286,1.6494651272198655,0.7230189665832782,0.6923076923076923,13,hold20_t1
C_w11.0_w30.0_w50.0_wt0.5,-0.014687446465406317,0.1054856704235704,-0.22416471536822502,-0.02081602432189844,0.006258862490317707,0.46153846153846156,13,hold20_t1
C_w11.0_w30.0_w50.0_wt1.0,0.7339827977876565,1.4193740095339158,-0.24303338340312508,-0.0036928301159635524,0.7404098356428366,0.6153846153846154,13,hold20_t1
C_w11.0_w30.0_w50.0_wt2.0,3.4072550866317197,2.7663668042427507,-0.3188110461884126,1.6494651272198655,0.6634508759344708,0.6153846153846154,13,hold20_t1
C_w11.0_w30.0_w50.25_wt0.5,0.03581445045556353,0.27459983712341585,-0.22416471536822502,-0.02081602432189844,0.05783435614154597,0.46153846153846156,13,hold20_t1
C_w11.0_w30.25_w50.0_wt0.5,0.03581445045556353,0.27459983712341585,-0.22416471536822502,-0.02081602432189844,0.05783435614154597,0.46153846153846156,13,hold20_t1
C_w11.0_w30.25_w50.0_wt1.0,0.30232480731064304,0.8558043354426121,-0.28842977699800654,-0.02717231174649526,0.3387003916887663,0.5384615384615384,13,hold20_t1
C_w11.0_w30.0_w50.25_wt1.0,0.30232480731064304,0.8558043354426121,-0.28842977699800654,-0.02717231174649526,0.3387003916887663,0.5384615384615384,13,hold20_t1
C_w11.0_w30.0_w50.25_wt2.0,3.565078665500808,2.8281899951843115,-0.34476397448206286,1.6494651272198655,0.7230189665832782,0.6923076923076923,13,hold20_t1
C_w11.0_w30.25_w50.0_wt2.0,3.7855101763405443,2.905933230853807,-0.34476397448206286,1.6494651272198655,0.8062174614700703,0.7692307692307693,13,hold20_t1
C_w11.0_w30.25_w50.25_wt0.5,-0.021410862170230027,0.1015098791246259,-0.22684965450267391,-0.04617974982467199,0.025968087435643827,0.46153846153846156,13,hold20_t1
C_w11.0_w30.25_w50.25_wt1.0,0.4055361326661726,1.0349535499934264,-0.2561973158771341,-0.02850925467481369,0.4467828329087147,0.5384615384615384,13,hold20_t1
C_w11.0_w30.25_w50.25_wt2.0,2.2438229792008375,2.5763786294498936,-0.20978608323865633,0.3779052555310374,1.354169828571187,0.9230769230769231,13,hold20_t1
C_w11.0_w30.5_w50.0_wt0.5,0.03324040038964582,0.2682510311502569,-0.18781582012901898,0.008595564010852597,0.024434805444502494,0.46153846153846156,13,hold20_t1
C_w11.0_w30.5_w50.0_wt1.0,0.4007313626081237,1.0305774000385233,-0.25756314270887504,-0.02717231174649526,0.4398555669430255,0.5384615384615384,13,hold20_t1
C_w11.0_w30.5_w50.0_wt2.0,2.2438229792008375,2.5763786294498936,-0.20978608323865633,0.3779052555310374,1.354169828571187,0.9230769230769231,13,hold20_t1
C_w11.0_w30.5_w50.25_wt0.5,0.03324040038964582,0.2682510311502569,-0.18781582012901898,0.008595564010852597,0.024434805444502494,0.46153846153846156,13,hold20_t1
C_w11.0_w30.5_w50.25_wt1.0,-0.04407796033418454,0.009580639621498795,-0.2705435021676602,-0.06523415940274158,0.022632618940203297,0.46153846153846156,13,hold20_t1
C_w11.0_w30.5_w50.25_wt2.0,0.8863723258595204,1.5972410082216169,-0.20773170566548416,0.08118583184297457,0.7447253472088486,0.6923076923076923,13,hold20_t1
A_w30.0_w50.5_wt3.0+0.5xC_w10.25_w30.5_w50.0_wt1.0,2.628946233685826,2.497189490120562,-0.3450625615506552,1.5663452168631444,0.41405225214459085,0.6153846153846154,13,hold20_t1
A_w30.0_w50.5_wt3.0+1.0xC_w10.25_w30.5_w50.0_wt1.0,1.4767868565825042,1.8081769518356727,-0.49610303696798175,1.652460614153103,-0.0662304867537824,0.46153846153846156,13,hold20_t1
A_w30.0_w50.5_wt3.0+2.0xC_w10.25_w30.0_w50.25_wt1.0,2.519956319434688,2.3691809608524497,-0.3793195171604744,2.0603910431097137,0.1501655408904885,0.6153846153846154,13,hold20_t1
A_w30.0_w50.5_wt3.0+3.0xC_w10.25_w30.0_w50.25_wt1.0,1.5015164782748394,1.8239954056890009,-0.37845987898121525,1.1737082140444666,0.15080601072047473,0.5384615384615384,13,hold20_t1
A_w30.0_w50.5_wt3.0+1.5xC_w10.25_w30.5_w50.0_wt1.0,1.4767868565825042,1.8081769518356727,-0.49610303696798175,1.652460614153103,-0.0662304867537824,0.46153846153846156,13,hold20_t1
A_w30.0_w50.5_wt3.0+2.0xC_w10.25_w30.5_w50.0_wt1.0,2.6014271305824175,2.4579051053807484,-0.37975678215745823,2.1356957425010297,0.14852569455923126,0.6153846153846154,13,hold20_t1
A_w30.0_w50.5_wt3.0+2.0xC_w11.0_w30.25_w50.0_wt2.0,2.0547605088849963,2.176785806902166,-0.37819290305133846,1.652460614153103,0.15167044991555745,0.5384615384615384,13,hold20_t1
A_w30.0_w50.5_wt3.0+3.0xC_w11.0_w30.25_w50.0_wt2.0,2.519956319434688,2.3691809608524497,-0.3793195171604744,2.0603910431097137,0.1501655408904885,0.6153846153846154,13,hold20_t1
A_w30.0_w50.5_wt3.0+3.0xC_w10.25_w30.5_w50.0_wt1.0,2.8183914866571635,2.520861718784374,-0.3788337865086113,2.320652165979163,0.14989203800911444,0.6153846153846154,13,hold20_t1
A_w30.0_w50.5_wt3.0+0.5xC_w11.0_w30.25_w50.0_wt2.0,2.628946233685826,2.497189490120562,-0.3450625615506552,1.5663452168631444,0.41405225214459085,0.6153846153846154,13,hold20_t1
A_w30.0_w50.5_wt3.0+1.0xC_w11.0_w30.25_w50.0_wt2.0,1.4767868565825042,1.8081769518356727,-0.49610303696798175,1.652460614153103,-0.0662304867537824,0.46153846153846156,13,hold20_t1
A_w30.0_w50.5_wt3.0+1.5xC_w11.0_w30.25_w50.0_wt2.0,1.4767868565825042,1.8081769518356727,-0.49610303696798175,1.652460614153103,-0.0662304867537824,0.46153846153846156,13,hold20_t1
A_w30.0_w50.5_wt3.0+0.5xC_w10.25_w30.5_w50.25_wt2.0,2.628946233685826,2.497189490120562,-0.3450625615506552,1.5663452168631444,0.41405225214459085,0.6153846153846154,13,hold20_t1
A_w30.0_w50.5_wt3.0+1.0xC_w10.25_w30.5_w50.25_wt2.0,1.4767868565825042,1.8081769518356727,-0.49610303696798175,1.652460614153103,-0.0662304867537824,0.46153846153846156,13,hold20_t1
A_w30.0_w50.5_wt3.0+1.0xC_w10.25_w30.0_w50.25_wt1.0,1.4767868565825042,1.8081769518356727,-0.49610303696798175,1.652460614153103,-0.0662304867537824,0.46153846153846156,13,hold20_t1
A_w30.0_w50.5_wt3.0+1.5xC_w10.25_w30.0_w50.25_wt1.0,1.4767868565825042,1.8081769518356727,-0.49610303696798175,1.652460614153103,-0.0662304867537824,0.46153846153846156,13,hold20_t1
A_w30.0_w50.5_wt3.0+1.5xC_w10.25_w30.5_w50.25_wt2.0,1.4767868565825042,1.8081769518356727,-0.49610303696798175,1.652460614153103,-0.0662304867537824,0.46153846153846156,13,hold20_t1
A_w30.0_w50.5_wt3.0+2.0xC_w10.25_w30.5_w50.25_wt2.0,2.519956319434688,2.3691809608524497,-0.3793195171604744,2.0603910431097137,0.1501655408904885,0.6153846153846154,13,hold20_t1
A_w30.0_w50.5_wt3.0+3.0xC_w10.25_w30.5_w50.25_wt2.0,1.9747244451563573,2.1296180286209934,-0.3792810131839436,1.5880106301886072,0.1494251261787003,0.6153846153846154,13,hold20_t1
A_w30.0_w50.5_wt3.0+0.5xC_w10.25_w30.0_w50.25_wt1.0,2.628946233685826,2.497189490120562,-0.3450625615506552,1.5663452168631444,0.41405225214459085,0.6153846153846154,13,hold20_t1
A_w30.0_w50.5_wt3.0+1.5xC_w10.5_w30.25_w50.25_wt2.0,1.4767868565825042,1.8081769518356727,-0.49610303696798175,1.652460614153103,-0.0662304867537824,0.46153846153846156,13,hold20_t1
A_w30.0_w50.5_wt3.0+2.0xC_w10.5_w30.25_w50.25_wt2.0,2.519956319434688,2.3691809608524497,-0.3793195171604744,2.0603910431097137,0.1501655408904885,0.6153846153846154,13,hold20_t1
A_w30.0_w50.5_wt3.0+3.0xC_w10.5_w30.25_w50.25_wt2.0,1.9747244451563573,2.1296180286209934,-0.3792810131839436,1.5880106301886072,0.1494251261787003,0.6153846153846154,13,hold20_t1
A_w30.0_w50.0_wt3.0+0.5xC_w10.25_w30.5_w50.0_wt1.0,2.9356272241035164,2.6226789805075827,-0.3450625615506552,1.5663452168631444,0.5335533186427861,0.6153846153846154,13,hold20_t1
A_w30.0_w50.0_wt3.0+1.0xC_w10.25_w30.5_w50.0_wt1.0,2.093421015434811,2.2540306103644743,-0.3448753725450818,1.652460614153103,0.1662457866212288,0.5384615384615384,13,hold20_t1
A_w30.0_w50.0_wt3.0+1.5xC_w10.25_w30.5_w50.0_wt1.0,1.4767868565825042,1.8081769518356727,-0.49610303696798175,1.652460614153103,-0.0662304867537824,0.46153846153846156,13,hold20_t1
A_w30.0_w50.5_wt3.0+0.5xC_w10.5_w30.25_w50.25_wt2.0,2.628946233685826,2.497189490120562,-0.3450625615506552,1.5663452168631444,0.41405225214459085,0.6153846153846154,13,hold20_t1
A_w30.0_w50.5_wt3.0+1.0xC_w10.5_w30.25_w50.25_wt2.0,1.4767868565825042,1.8081769518356727,-0.49610303696798175,1.652460614153103,-0.0662304867537824,0.46153846153846156,13,hold20_t1
A_w30.0_w50.0_wt3.0+2.0xC_w10.25_w30.5_w50.0_wt1.0,1.4767868565825042,1.8081769518356727,-0.49610303696798175,1.652460614153103,-0.0662304867537824,0.46153846153846156,13,hold20_t1
A_w30.0_w50.0_wt3.0+3.0xC_w10.25_w30.5_w50.0_wt1.0,2.2289190585880605,2.2389272340788278,-0.3793362607103111,1.8040542914647215,0.15151802460337183,0.5384615384615384,13,hold20_t1
A_w30.0_w50.0_wt3.0+1.5xC_w11.0_w30.25_w50.0_wt2.0,1.4767868565825042,1.8081769518356727,-0.49610303696798175,1.652460614153103,-0.0662304867537824,0.46153846153846156,13,hold20_t1
A_w30.0_w50.0_wt3.0+2.0xC_w11.0_w30.25_w50.0_wt2.0,1.4767868565825042,1.8081769518356727,-0.49610303696798175,1.652460614153103,-0.0662304867537824,0.46153846153846156,13,hold20_t1
A_w30.0_w50.0_wt3.0+1.0xC_w10.25_w30.5_w50.25_wt2.0,1.4635163192618368,1.8511894123838533,-0.3447397042659892,1.1159891786763843,0.16423861902868597,0.5384615384615384,13,hold20_t1
A_w30.0_w50.0_wt3.0+1.5xC_w10.25_w30.5_w50.25_wt2.0,0.7631251578951255,1.253688479055675,-0.4948570427476525,0.8866471877291651,-0.06547171651246331,0.38461538461538464,13,hold20_t1
A_w30.0_w50.0_wt3.0+3.0xC_w11.0_w30.25_w50.0_wt2.0,2.519956319434688,2.3691809608524497,-0.3793195171604744,2.0603910431097137,0.1501655408904885,0.6153846153846154,13,hold20_t1
A_w30.0_w50.0_wt3.0+0.5xC_w10.25_w30.5_w50.25_wt2.0,1.5888279546426332,1.9832071638604611,-0.3444366660609246,1.5663452168631444,0.008760605405601085,0.5384615384615384,13,hold20_t1
A_w30.0_w50.0_wt3.0+2.0xC_w10.25_w30.5_w50.25_wt2.0,1.0302116246151365,1.467469342157303,-0.49572604214692284,1.1737082140444666,-0.06601465113955451,0.46153846153846156,13,hold20_t1
A_w30.0_w50.0_wt3.0+3.0xC_w10.25_w30.5_w50.25_wt2.0,1.5015164782748394,1.8239954056890009,-0.37845987898121525,1.1737082140444666,0.15080601072047473,0.5384615384615384,13,hold20_t1
A_w30.0_w50.0_wt3.0+0.5xC_w11.0_w30.25_w50.0_wt2.0,2.4887553982298263,2.5022345810628375,-0.34521396661287285,1.5663452168631444,0.35942560467143636,0.6153846153846154,13,hold20_t1
A_w30.0_w50.0_wt3.0+1.0xC_w11.0_w30.25_w50.0_wt2.0,1.9898714383115492,2.1679604154037597,-0.34469876401599386,1.5663452168631444,0.1650308846469546,0.5384615384615384,13,hold20_t1
A_w30.0_w50.0_wt3.0+0.5xC_w10.25_w30.0_w50.25_wt1.0,1.7704802450451225,2.105317800078097,-0.3439552227554302,1.5663452168631444,0.0795430898542524,0.5384615384615384,13,hold20_t1
A_w30.0_w50.0_wt3.0+1.0xC_w10.25_w30.0_w50.25_wt1.0,1.1135248800071111,1.5958071760853907,-0.34292352321280606,0.8155266083373676,0.16413875197491534,0.46153846153846156,13,hold20_t1
A_w30.0_w50.0_wt3.0+3.0xC_w10.25_w30.0_w50.25_wt1.0,1.5015164782748394,1.8239954056890009,-0.37845987898121525,1.1737082140444666,0.15080601072047473,0.5384615384615384,13,hold20_t1
A_w30.0_w50.0_wt3.0+0.5xC_w10.5_w30.25_w50.25_wt2.0,1.7704802450451225,2.105317800078097,-0.3439552227554302,1.5663452168631444,0.0795430898542524,0.5384615384615384,13,hold20_t1
A_w30.0_w50.0_wt3.0+1.5xC_w10.25_w30.0_w50.25_wt1.0,1.733607861353459,1.97275952846951,-0.34451842925466947,0.8866471877291651,0.4489237198841227,0.46153846153846156,13,hold20_t1
A_w30.0_w50.0_wt3.0+2.0xC_w10.25_w30.0_w50.25_wt1.0,1.0302116246151365,1.467469342157303,-0.49572604214692284,1.1737082140444666,-0.06601465113955451,0.46153846153846156,13,hold20_t1
A_w30.0_w50.0_wt3.0+1.0xC_w10.5_w30.25_w50.25_wt2.0,1.1135248800071111,1.5958071760853907,-0.34292352321280606,0.8155266083373676,0.16413875197491534,0.46153846153846156,13,hold20_t1
A_w30.0_w50.0_wt3.0+1.5xC_w10.5_w30.25_w50.25_wt2.0,1.733607861353459,1.97275952846951,-0.34451842925466947,0.8866471877291651,0.4489237198841227,0.46153846153846156,13,hold20_t1
A_w30.0_w50.0_wt3.0+2.0xC_w10.5_w30.25_w50.25_wt2.0,1.0302116246151365,1.467469342157303,-0.49572604214692284,1.1737082140444666,-0.06601465113955451,0.46153846153846156,13,hold20_t1
A_w30.0_w50.0_wt3.0+3.0xC_w10.5_w30.25_w50.25_wt2.0,1.5015164782748394,1.8239954056890009,-0.37845987898121525,1.1737082140444666,0.15080601072047473,0.5384615384615384,13,hold20_t1
A_w31.0_w50.5_wt0.5+0.5xC_w10.25_w30.5_w50.0_wt1.0,0.3854716200365096,1.0477130079016264,-0.23976212288124032,0.0034354908936957695,0.3807281410811558,0.46153846153846156,13,hold20_t1
A_w31.0_w50.5_wt0.5+1.0xC_w10.25_w30.5_w50.0_wt1.0,0.3958604070781646,1.0317881480962923,-0.28258932497143063,-0.035554746337546184,0.447319484208589,0.6153846153846154,13,hold20_t1
A_w31.0_w50.5_wt0.5+1.5xC_w10.25_w30.5_w50.0_wt1.0,0.3958604070781646,1.0317881480962923,-0.28258932497143063,-0.035554746337546184,0.447319484208589,0.6153846153846154,13,hold20_t1
A_w31.0_w50.5_wt0.5+2.0xC_w10.25_w30.5_w50.0_wt1.0,1.3593512308524227,1.9887068875191474,-0.2090034224086892,0.3508803466178212,0.7465286520449379,0.6923076923076923,13,hold20_t1
A_w31.0_w50.5_wt0.5+1.0xC_w11.0_w30.25_w50.0_wt2.0,0.3997641983334257,1.0346336387128532,-0.28842977699800654,-0.02717231174649526,0.43886138854291,0.6153846153846154,13,hold20_t1
A_w31.0_w50.5_wt0.5+1.5xC_w11.0_w30.25_w50.0_wt2.0,3.2282691511050565,2.8575018622123385,-0.21733690322267607,1.4208768442782134,0.7465858129456884,0.6923076923076923,13,hold20_t1
A_w31.0_w50.5_wt0.5+3.0xC_w10.25_w30.5_w50.0_wt1.0,0.8863723258595204,1.5972410082216169,-0.20773170566548416,0.08118583184297457,0.7447253472088486,0.6923076923076923,13,hold20_t1
A_w31.0_w50.5_wt0.5+0.5xC_w11.0_w30.25_w50.0_wt2.0,0.3854716200365096,1.0477130079016264,-0.23976212288124032,0.0034354908936957695,0.3807281410811558,0.46153846153846156,13,hold20_t1
A_w31.0_w50.5_wt0.5+2.0xC_w11.0_w30.25_w50.0_wt2.0,3.2103112356896624,2.8468247238010633,-0.21822604679911972,1.4103431609633752,0.7467683871232962,0.6923076923076923,13,hold20_t1
A_w31.0_w50.5_wt0.5+3.0xC_w11.0_w30.25_w50.0_wt2.0,5.649582818233032,3.497892587366946,-0.20965862657643608,1.8146366288485978,1.3625013438957527,0.8461538461538461,13,hold20_t1
A_w31.0_w50.5_wt0.5+0.5xC_w10.25_w30.5_w50.25_wt2.0,0.2991667721506468,0.8526451685270011,-0.28258932497143063,-0.035554746337546184,0.3470611911014101,0.5384615384615384,13,hold20_t1
A_w31.0_w50.5_wt0.5+1.0xC_w10.25_w30.5_w50.25_wt2.0,2.5114113121325543,2.666724041922294,-0.25008340324289824,1.4208768442782134,0.45047085746300386,0.6923076923076923,13,hold20_t1
A_w31.0_w50.5_wt0.5+1.0xC_w10.25_w30.0_w50.25_wt1.0,0.4219958911348052,1.0550715828345925,-0.27103246847932605,-0.018101567236072258,0.4482107758661509,0.6153846153846154,13,hold20_t1
A_w31.0_w50.5_wt0.5+1.5xC_w10.25_w30.0_w50.25_wt1.0,5.10771340103269,3.355761081258341,-0.20970221785095422,1.5863065894403499,1.3615581485852921,0.7692307692307693,13,hold20_t1
A_w31.0_w50.5_wt0.5+2.0xC_w10.25_w30.0_w50.25_wt1.0,6.213758427044996,3.6500459477316145,-0.20989564389161264,2.0559292357356287,1.360577706672088,0.9230769230769231,13,hold20_t1
A_w31.0_w50.5_wt0.5+3.0xC_w10.25_w30.0_w50.25_wt1.0,5.881036497000901,3.5702201355439316,-0.20989564389161264,2.0559292357356287,1.2517002084128714,0.8461538461538461,13,hold20_t1
A_w31.0_w50.5_wt0.5+0.5xC_w10.5_w30.25_w50.25_wt2.0,0.2991667721506468,0.8526451685270011,-0.28258932497143063,-0.035554746337546184,0.3470611911014101,0.5384615384615384,13,hold20_t1
A_w31.0_w50.5_wt0.5+1.0xC_w10.5_w30.25_w50.25_wt2.0,2.5114113121325543,2.666724041922294,-0.25008340324289824,1.4208768442782134,0.45047085746300386,0.6923076923076923,13,hold20_t1
A_w31.0_w50.5_wt0.5+1.5xC_w10.5_w30.25_w50.25_wt2.0,5.649582818233032,3.497892587366946,-0.20965862657643608,1.8146366288485978,1.3625013438957527,0.8461538461538461,13,hold20_t1
A_w31.0_w50.5_wt0.5+2.0xC_w10.5_w30.25_w50.25_wt2.0,6.213758427044996,3.6500459477316145,-0.20989564389161264,2.0559292357356287,1.360577706672088,0.9230769230769231,13,hold20_t1
A_w31.0_w50.5_wt0.5+1.5xC_w10.25_w30.5_w50.25_wt2.0,5.649582818233032,3.497892587366946,-0.20965862657643608,1.8146366288485978,1.3625013438957527,0.8461538461538461,13,hold20_t1
A_w31.0_w50.5_wt0.5+2.0xC_w10.25_w30.5_w50.25_wt2.0,6.213758427044996,3.6500459477316145,-0.20989564389161264,2.0559292357356287,1.360577706672088,0.9230769230769231,13,hold20_t1
A_w31.0_w50.25_wt0.5+1.0xC_w10.25_w30.5_w50.0_wt1.0,0.3958604070781646,1.0317881480962923,-0.28258932497143063,-0.035554746337546184,0.447319484208589,0.6153846153846154,13,hold20_t1
A_w31.0_w50.25_wt0.5+1.5xC_w10.25_w30.5_w50.0_wt1.0,0.3958604070781646,1.0317881480962923,-0.28258932497143063,-0.035554746337546184,0.447319484208589,0.6153846153846154,13,hold20_t1
A_w31.0_w50.5_wt0.5+3.0xC_w10.25_w30.5_w50.25_wt2.0,4.52285829500513,3.173262187589338,-0.34445132646437726,2.0559292357356287,0.8072598771010655,0.8461538461538461,13,hold20_t1
A_w31.0_w50.5_wt0.5+0.5xC_w10.25_w30.0_w50.25_wt1.0,0.2991667721506468,0.8526451685270011,-0.28258932497143063,-0.035554746337546184,0.3470611911014101,0.5384615384615384,13,hold20_t1
A_w31.0_w50.5_wt0.5+3.0xC_w10.5_w30.25_w50.25_wt2.0,6.213758427044996,3.6500459477316145,-0.20989564389161264,2.0559292357356287,1.360577706672088,0.9230769230769231,13,hold20_t1
A_w31.0_w50.25_wt0.5+0.5xC_w10.25_w30.5_w50.0_wt1.0,0.3854716200365096,1.0477130079016264,-0.23976212288124032,0.0034354908936957695,0.3807281410811558,0.46153846153846156,13,hold20_t1
A_w31.0_w50.25_wt0.5+2.0xC_w10.25_w30.5_w50.0_wt1.0,1.3593512308524227,1.9887068875191474,-0.2090034224086892,0.3508803466178212,0.7465286520449379,0.6923076923076923,13,hold20_t1
A_w31.0_w50.25_wt0.5+3.0xC_w10.25_w30.5_w50.0_wt1.0,0.8863723258595204,1.5972410082216169,-0.20773170566548416,0.08118583184297457,0.7447253472088486,0.6923076923076923,13,hold20_t1
A_w31.0_w50.25_wt0.5+0.5xC_w11.0_w30.25_w50.0_wt2.0,0.3854716200365096,1.0477130079016264,-0.23976212288124032,0.0034354908936957695,0.3807281410811558,0.46153846153846156,13,hold20_t1
A_w31.0_w50.25_wt0.5+1.0xC_w11.0_w30.25_w50.0_wt2.0,0.3997641983334257,1.0346336387128532,-0.28842977699800654,-0.02717231174649526,0.43886138854291,0.6153846153846154,13,hold20_t1
A_w31.0_w50.25_wt0.5+1.5xC_w11.0_w30.25_w50.0_wt2.0,3.2282691511050565,2.8575018622123385,-0.21733690322267607,1.4208768442782134,0.7465858129456884,0.6923076923076923,13,hold20_t1
A_w31.0_w50.25_wt0.5+2.0xC_w11.0_w30.25_w50.0_wt2.0,3.2103112356896624,2.8468247238010633,-0.21822604679911972,1.4103431609633752,0.7467683871232962,0.6923076923076923,13,hold20_t1
A_w31.0_w50.25_wt0.5+1.0xC_w10.25_w30.5_w50.25_wt2.0,3.2282691511050565,2.8575018622123385,-0.21733690322267607,1.4208768442782134,0.7465858129456884,0.6923076923076923,13,hold20_t1
A_w31.0_w50.25_wt0.5+1.5xC_w10.25_w30.5_w50.25_wt2.0,5.649582818233032,3.497892587366946,-0.20965862657643608,1.8146366288485978,1.3625013438957527,0.8461538461538461,13,hold20_t1
A_w31.0_w50.25_wt0.5+2.0xC_w10.25_w30.5_w50.25_wt2.0,6.213758427044996,3.6500459477316145,-0.20989564389161264,2.0559292357356287,1.360577706672088,0.9230769230769231,13,hold20_t1
A_w31.0_w50.25_wt0.5+3.0xC_w10.25_w30.5_w50.25_wt2.0,4.52285829500513,3.173262187589338,-0.34445132646437726,2.0559292357356287,0.8072598771010655,0.8461538461538461,13,hold20_t1
A_w31.0_w50.25_wt0.5+0.5xC_w10.25_w30.0_w50.25_wt1.0,0.2991667721506468,0.8526451685270011,-0.28258932497143063,-0.035554746337546184,0.3470611911014101,0.5384615384615384,13,hold20_t1
A_w31.0_w50.25_wt0.5+1.0xC_w10.25_w30.0_w50.25_wt1.0,2.463832671729454,2.63452914378018,-0.24959306098360268,1.3828279344592485,0.45366462329791446,0.6923076923076923,13,hold20_t1
A_w31.0_w50.25_wt0.5+3.0xC_w11.0_w30.25_w50.0_wt2.0,5.649582818233032,3.497892587366946,-0.20965862657643608,1.8146366288485978,1.3625013438957527,0.8461538461538461,13,hold20_t1
A_w31.0_w50.25_wt0.5+0.5xC_w10.25_w30.5_w50.25_wt2.0,0.2991667721506468,0.8526451685270011,-0.28258932497143063,-0.035554746337546184,0.3470611911014101,0.5384615384615384,13,hold20_t1
A_w31.0_w50.25_wt0.5+1.5xC_w10.25_w30.0_w50.25_wt1.0,5.10771340103269,3.355761081258341,-0.20970221785095422,1.5863065894403499,1.3615581485852921,0.7692307692307693,13,hold20_t1
A_w31.0_w50.25_wt0.5+2.0xC_w10.25_w30.0_w50.25_wt1.0,6.213758427044996,3.6500459477316145,-0.20989564389161264,2.0559292357356287,1.360577706672088,0.9230769230769231,13,hold20_t1
A_w31.0_w50.25_wt0.5+3.0xC_w10.25_w30.0_w50.25_wt1.0,5.881036497000901,3.5702201355439316,-0.20989564389161264,2.0559292357356287,1.2517002084128714,0.8461538461538461,13,hold20_t1
A_w31.0_w50.25_wt0.5+0.5xC_w10.5_w30.25_w50.25_wt2.0,0.2991667721506468,0.8526451685270011,-0.28258932497143063,-0.035554746337546184,0.3470611911014101,0.5384615384615384,13,hold20_t1
A_w31.0_w50.25_wt0.5+2.0xC_w10.5_w30.25_w50.25_wt2.0,6.213758427044996,3.6500459477316145,-0.20989564389161264,2.0559292357356287,1.360577706672088,0.9230769230769231,13,hold20_t1
A_w31.0_w50.25_wt0.5+3.0xC_w10.5_w30.25_w50.25_wt2.0,6.213758427044996,3.6500459477316145,-0.20989564389161264,2.0559292357356287,1.360577706672088,0.9230769230769231,13,hold20_t1
A_w31.0_w50.25_wt0.5+1.0xC_w10.5_w30.25_w50.25_wt2.0,2.5114113121325543,2.666724041922294,-0.25008340324289824,1.4208768442782134,0.45047085746300386,0.6923076923076923,13,hold20_t1
A_w31.0_w50.25_wt0.5+1.5xC_w10.5_w30.25_w50.25_wt2.0,5.649582818233032,3.497892587366946,-0.20965862657643608,1.8146366288485978,1.3625013438957527,0.8461538461538461,13,hold20_t1
A_w31.0_w50.0_wt0.5+3.0xC_w10.25_w30.5_w50.0_wt1.0,3.2103112356896624,2.8468247238010633,-0.21822604679911972,1.4103431609633752,0.7467683871232962,0.6923076923076923,13,hold20_t1
A_w31.0_w50.0_wt0.5+0.5xC_w11.0_w30.25_w50.0_wt2.0,0.3885827096290968,1.017032895214972,-0.23689428234904275,0.0034354908936957695,0.38382857914699997,0.5384615384615384,13,hold20_t1
A_w31.0_w50.0_wt0.5+1.0xC_w11.0_w30.25_w50.0_wt2.0,0.3997641983334257,1.0346336387128532,-0.28842977699800654,-0.02717231174649526,0.43886138854291,0.6153846153846154,13,hold20_t1
A_w31.0_w50.0_wt0.5+1.5xC_w11.0_w30.25_w50.0_wt2.0,3.2282691511050565,2.8575018622123385,-0.21733690322267607,1.4208768442782134,0.7465858129456884,0.6923076923076923,13,hold20_t1
A_w31.0_w50.0_wt0.5+2.0xC_w11.0_w30.25_w50.0_wt2.0,3.2103112356896624,2.8468247238010633,-0.21822604679911972,1.4103431609633752,0.7467683871232962,0.6923076923076923,13,hold20_t1
A_w31.0_w50.0_wt0.5+3.0xC_w11.0_w30.25_w50.0_wt2.0,5.649582818233032,3.497892587366946,-0.20965862657643608,1.8146366288485978,1.3625013438957527,0.8461538461538461,13,hold20_t1
A_w31.0_w50.0_wt0.5+1.5xC_w10.25_w30.5_w50.0_wt1.0,0.3958604070781646,1.0317881480962923,-0.28258932497143063,-0.035554746337546184,0.447319484208589,0.6153846153846154,13,hold20_t1
A_w31.0_w50.0_wt0.5+2.0xC_w10.25_w30.5_w50.0_wt1.0,1.3593512308524227,1.9887068875191474,-0.2090034224086892,0.3508803466178212,0.7465286520449379,0.6923076923076923,13,hold20_t1
A_w31.0_w50.0_wt0.5+0.5xC_w10.25_w30.5_w50.0_wt1.0,0.4204458795541932,1.1140687767540685,-0.2211233489821849,0.03287109721486314,0.3752402244427462,0.46153846153846156,13,hold20_t1
A_w31.0_w50.0_wt0.5+1.0xC_w10.25_w30.5_w50.0_wt1.0,0.3958604070781646,1.0317881480962923,-0.28258932497143063,-0.035554746337546184,0.447319484208589,0.6153846153846154,13,hold20_t1
A_w31.0_w50.0_wt0.5+0.5xC_w10.25_w30.5_w50.25_wt2.0,0.49257863946784197,1.1975689818062862,-0.23689428234904275,0.0034354908936957695,0.4874684551355626,0.6153846153846154,13,hold20_t1
A_w31.0_w50.0_wt0.5+1.0xC_w10.25_w30.5_w50.25_wt2.0,3.2282691511050565,2.8575018622123385,-0.21733690322267607,1.4208768442782134,0.7465858129456884,0.6923076923076923,13,hold20_t1
A_w31.0_w50.0_wt0.5+3.0xC_w10.25_w30.5_w50.25_wt2.0,4.52285829500513,3.173262187589338,-0.34445132646437726,2.0559292357356287,0.8072598771010655,0.8461538461538461,13,hold20_t1
A_w31.0_w50.0_wt0.5+0.5xC_w10.25_w30.0_w50.25_wt1.0,0.2991667721506468,0.8526451685270011,-0.28258932497143063,-0.035554746337546184,0.3470611911014101,0.5384615384615384,13,hold20_t1
A_w31.0_w50.0_wt0.5+1.5xC_w10.25_w30.5_w50.25_wt2.0,5.649582818233032,3.497892587366946,-0.20965862657643608,1.8146366288485978,1.3625013438957527,0.8461538461538461,13,hold20_t1
A_w31.0_w50.0_wt0.5+2.0xC_w10.25_w30.5_w50.25_wt2.0,6.213758427044996,3.6500459477316145,-0.20989564389161264,2.0559292357356287,1.360577706672088,0.9230769230769231,13,hold20_t1
A_w31.0_w50.0_wt0.5+1.0xC_w10.25_w30.0_w50.25_wt1.0,2.463832671729454,2.63452914378018,-0.24959306098360268,1.3828279344592485,0.45366462329791446,0.6923076923076923,13,hold20_t1
A_w31.0_w50.0_wt0.5+1.5xC_w10.25_w30.0_w50.25_wt1.0,5.649582818233032,3.497892587366946,-0.20965862657643608,1.8146366288485978,1.3625013438957527,0.8461538461538461,13,hold20_t1
A_w31.0_w50.0_wt0.5+2.0xC_w10.25_w30.0_w50.25_wt1.0,6.213758427044996,3.6500459477316145,-0.20989564389161264,2.0559292357356287,1.360577706672088,0.9230769230769231,13,hold20_t1
A_w31.0_w50.0_wt0.5+3.0xC_w10.25_w30.0_w50.25_wt1.0,5.881036497000901,3.5702201355439316,-0.20989564389161264,2.0559292357356287,1.2517002084128714,0.8461538461538461,13,hold20_t1
A_w31.0_w50.0_wt0.5+3.0xC_w10.5_w30.25_w50.25_wt2.0,6.213758427044996,3.6500459477316145,-0.20989564389161264,2.0559292357356287,1.360577706672088,0.9230769230769231,13,hold20_t1
A_w31.0_w50.0_wt0.5+0.5xC_w10.5_w30.25_w50.25_wt2.0,0.49257863946784197,1.1975689818062862,-0.23689428234904275,0.0034354908936957695,0.4874684551355626,0.6153846153846154,13,hold20_t1
A_w31.0_w50.0_wt0.5+1.0xC_w10.5_w30.25_w50.25_wt2.0,3.2282691511050565,2.8575018622123385,-0.21733690322267607,1.4208768442782134,0.7465858129456884,0.6923076923076923,13,hold20_t1
A_w31.0_w50.0_wt0.5+1.5xC_w10.5_w30.25_w50.25_wt2.0,5.649582818233032,3.497892587366946,-0.20965862657643608,1.8146366288485978,1.3625013438957527,0.8461538461538461,13,hold20_t1
A_w31.0_w50.0_wt0.5+2.0xC_w10.5_w30.25_w50.25_wt2.0,6.213758427044996,3.6500459477316145,-0.20989564389161264,2.0559292357356287,1.360577706672088,0.9230769230769231,13,hold20_t1
A_w30.25_w50.0_wt2.0,0.6534191171192856,1.4248042155215346,-0.28395697407183695,0.47771231722986607,0.11890460534212766,0.5,50,D01_t1h5sl8
A_w30.25_w50.0_wt3.0,0.691634093726786,1.3307076570202254,-0.22834858784869816,0.17378964667987584,0.4411731254502542,0.5,50,D01_t1h5sl8
A_w30.0_w50.0_wt0.5,0.13115994192323588,0.5693163935623888,-0.2275934833610177,0.13180806105350928,-0.0005726404967194565,0.4897959183673469,49,D01_t1h5sl8
A_w30.0_w50.0_wt1.0,0.3653244035046781,1.0298871012038127,-0.3135874822854955,0.4288107968502506,-0.04443303024132084,0.5,50,D01_t1h5sl8
A_w30.0_w50.0_wt2.0,-0.1023347380197489,-0.04315488347151777,-0.3202744465815257,0.12687024468411257,-0.2033996227916307,0.4117647058823529,51,D01_t1h5sl8
A_w30.0_w50.0_wt3.0,0.6280875188476007,1.270280491430676,-0.20366767096090665,0.14256191717942857,0.4249446742166567,0.5,50,D01_t1h5sl8
A_w30.0_w50.25_wt0.5,-0.0906057956440307,-0.2056216110637661,-0.31575266655688816,0.05444379190312665,-0.1375602840672644,0.46938775510204084,49,D01_t1h5sl8
A_w30.0_w50.25_wt1.0,0.15110165384188767,0.6030013590135294,-0.21918435956997695,0.04523848641480632,0.10128135234495272,0.40816326530612246,49,D01_t1h5sl8
A_w30.0_w50.5_wt0.5,-0.2558899197210448,-0.8562787198510499,-0.44509263673647514,0.10419870921039509,-0.3261085400008631,0.4897959183673469,49,D01_t1h5sl8
A_w30.0_w50.5_wt1.0,-0.019910953663074382,0.08482115789644647,-0.28663199406374984,-0.009226182667041227,-0.010784268628327487,0.3673469387755102,49,D01_t1h5sl8
A_w30.0_w50.25_wt2.0,0.639490331814075,1.3738012567482392,-0.2673433884358186,0.43139156414084323,0.14538213923185772,0.5,50,D01_t1h5sl8
A_w30.0_w50.25_wt3.0,0.8957787759457574,1.5528422553027967,-0.2011114466007674,0.17378964667987584,0.6150924327097851,0.54,50,D01_t1h5sl8
A_w30.0_w50.5_wt2.0,0.06143943014985931,0.3510790645138727,-0.3691210276669947,0.1283462715319974,-0.05929637299310331,0.46,50,D01_t1h5sl8
A_w30.0_w50.5_wt3.0,-0.12901811977935895,-0.11180946765391636,-0.3247954787585875,0.09417026124281302,-0.2039795714870397,0.4117647058823529,51,D01_t1h5sl8
A_w30.25_w50.0_wt0.5,0.16328020495904605,0.6721685846453079,-0.2098867502938765,0.1574170641047894,0.005065711432889586,0.4897959183673469,49,D01_t1h5sl8
A_w30.25_w50.0_wt1.0,0.08594037965637247,0.4206727256911155,-0.23458041396250773,-0.008023120379900273,0.09472347790228541,0.3877551020408163,49,D01_t1h5sl8
A_w30.25_w50.25_wt2.0,0.3450408472881159,0.9298411061810944,-0.30273733269213066,0.31651678935843863,0.021666307760176196,0.5,50,D01_t1h5sl8
A_w30.25_w50.25_wt3.0,-0.1942217009226379,-0.3408933122806897,-0.36682771578038054,0.08134355379236724,-0.2548359896802217,0.39215686274509803,51,D01_t1h5sl8
A_w30.25_w50.5_wt0.5,-0.19269533804310646,-0.5554199320633071,-0.3545988782679961,0.02057534049828802,-0.20897102847621796,0.4489795918367347,49,D01_t1h5sl8
A_w30.25_w50.5_wt1.0,-0.1224913220168683,-0.2740389510978764,-0.3169794860855927,-0.05681567788456898,-0.06963182337997098,0.3673469387755102,49,D01_t1h5sl8
A_w30.25_w50.25_wt0.5,-0.1875154597760036,-0.5027940430897438,-0.42404913672793054,0.1277694140897938,-0.2795650156200231,0.46938775510204084,49,D01_t1h5sl8
A_w30.25_w50.25_wt1.0,-0.0006726277612885134,0.1505711727572615,-0.2759860378170339,-0.009226182667041227,0.008633206445419539,0.3673469387755102,49,D01_t1h5sl8
A_w30.25_w50.5_wt2.0,0.26164939780634766,0.7892060303173946,-0.3151347809222572,0.33127083788761924,-0.052296976768260284,0.5,50,D01_t1h5sl8
A_w30.25_w50.5_wt3.0,0.6400766825180368,1.4201710674934116,-0.2667501799214038,0.42302667620080037,0.1525270115783901,0.52,50,D01_t1h5sl8
A_w30.5_w50.0_wt0.5,-0.22076105063635532,-0.6431747488845544,-0.41972520601579255,0.07567950024689951,-0.2755844569085988,0.4489795918367347,49,D01_t1h5sl8
A_w30.5_w50.0_wt1.0,0.03196367361203856,0.25792489624979165,-0.23781550359678416,0.05064574412266465,-0.01778151257465621,0.3877551020408163,49,D01_t1h5sl8
A_w30.5_w50.0_wt2.0,0.4907184576726813,1.1865340035933185,-0.24146987705726253,0.33903789054831157,0.11327578419925022,0.52,50,D01_t1h5sl8
A_w30.5_w50.0_wt3.0,-0.17366785041328348,-0.2773721200922682,-0.3689996766338308,0.10976869710218318,-0.2554014618141366,0.39215686274509803,51,D01_t1h5sl8
A_w30.5_w50.25_wt0.5,-0.11897613885487446,-0.25848937755583945,-0.3578836528422281,0.1270108178243019,-0.21826494722921508,0.46938775510204084,49,D01_t1h5sl8
A_w30.5_w50.25_wt1.0,-0.21289277240959203,-0.6668640765831015,-0.36856611245907556,-0.04810960304468603,-0.173111494655241,0.3673469387755102,49,D01_t1h5sl8
A_w30.5_w50.25_wt2.0,0.4931664253583201,1.2087061368214564,-0.311296518955853,0.5369338125327054,-0.028477080026146906,0.54,50,D01_t1h5sl8
A_w30.5_w50.25_wt3.0,0.7034915986658032,1.4965974544767238,-0.26659514158426656,0.47771231722986607,0.1527897404680132,0.52,50,D01_t1h5sl8
A_w30.5_w50.5_wt0.5,-0.19460233386880887,-0.5679490949454327,-0.35842155258534336,0.018853779170922902,-0.20950613071625257,0.46938775510204084,49,D01_t1h5sl8
A_w30.5_w50.5_wt1.0,-0.2447329363579943,-0.8778395278290245,-0.40649759952032327,-0.008272352271312955,-0.23843298573780503,0.40816326530612246,49,D01_t1h5sl8
A_w30.5_w50.5_wt2.0,0.24047828429805884,0.8063825936058528,-0.3142980435388639,0.02247296337364557,0.21321377555559562,0.5,50,D01_t1h5sl8
A_w30.5_w50.5_wt3.0,0.5718467162772252,1.319917393571084,-0.2655125337801274,0.3344896331518259,0.1778635646384179,0.52,50,D01_t1h5sl8
A_w31.0_w50.0_wt0.5,-0.09268897965559597,-0.16410592433895488,-0.3659197382011502,0.17645784839278877,-0.22877728123967866,0.4897959183673469,49,D01_t1h5sl8
A_w31.0_w50.0_wt1.0,-0.23065049028148754,-0.7976952687941734,-0.4209774398708649,0.007927044292828311,-0.23670119372747334,0.40816326530612246,49,D01_t1h5sl8
A_w31.0_w50.0_wt2.0,0.5721073751709242,1.4727215428577582,-0.30876629344107287,0.28611764202905254,0.22236669787895824,0.56,50,D01_t1h5sl8
A_w31.0_w50.0_wt3.0,0.43644546817307983,1.099700745766608,-0.2836891314184167,0.25466659398166236,0.14488221417814806,0.48,50,D01_t1h5sl8
A_w31.0_w50.25_wt0.5,0.018613875988262363,0.21145530750460143,-0.22407045918114088,0.07804709777749075,-0.0551304501554295,0.5102040816326531,49,D01_t1h5sl8
A_w31.0_w50.25_wt1.0,-0.2443143325678212,-0.8072331162801308,-0.4506688539273086,0.0418251089040802,-0.27465208798134855,0.4489795918367347,49,D01_t1h5sl8
A_w31.0_w50.25_wt2.0,0.23977255368443084,0.8562052528333547,-0.1867734701545407,0.053436282706819105,0.17688423499029038,0.42857142857142855,49,D01_t1h5sl8
A_w31.0_w50.25_wt3.0,0.7044443302491525,1.5106323008919558,-0.2906882462155872,0.655197833642365,0.029752634764158348,0.54,50,D01_t1h5sl8
A_w31.0_w50.5_wt2.0,0.30992641691527845,1.0427514953540873,-0.18717232977790244,0.10993605783495242,0.18018187414365827,0.4489795918367347,49,D01_t1h5sl8
A_w31.0_w50.5_wt3.0,0.2562781844892983,0.7912104447962306,-0.3157478682107039,0.2990362103877753,-0.03291519170640611,0.52,50,D01_t1h5sl8
C_w10.25_w30.0_w50.0_wt0.5,0.69455501301868,1.3066892737187337,-0.5418584338041215,1.426208276504537,-0.3015624299740487,0.4230769230769231,52,D01_t1h5sl8
C_w10.25_w30.0_w50.0_wt1.0,0.35395076673372117,0.86515450520347,-0.5010058437553757,1.351999199341602,-0.42434046443862083,0.5192307692307693,52,D01_t1h5sl8
A_w31.0_w50.5_wt0.5,0.096497853907207,0.47481221379068966,-0.1543476128073401,0.053725993971486474,0.04059106464149553,0.5102040816326531,49,D01_t1h5sl8
A_w31.0_w50.5_wt1.0,-0.27910437019284695,-1.028875437093468,-0.4295321810234647,-0.02542688475466337,-0.26029600188008795,0.4489795918367347,49,D01_t1h5sl8
C_w10.25_w30.0_w50.0_wt2.0,1.8809710870300496,2.3692957827101058,-0.2452371199881187,0.5420881712132877,0.8682272134694824,0.58,50,D01_t1h5sl8
C_w10.25_w30.0_w50.25_wt0.5,0.35446936567050424,0.972174400995637,-0.15776942151331708,0.05346591235205467,0.285726808802389,0.52,50,D01_t1h5sl8
C_w10.25_w30.0_w50.25_wt1.0,0.08066693541621772,0.40808014558944955,-0.6250725218099642,1.2924146562115975,-0.528590112400473,0.41509433962264153,53,D01_t1h5sl8
C_w10.25_w30.0_w50.25_wt2.0,1.1107957470688063,1.7795109196762944,-0.40632238223811556,1.488400670939345,-0.15174603040433898,0.5490196078431373,51,D01_t1h5sl8
C_w10.25_w30.25_w50.0_wt0.5,0.7052001276429156,1.5178146602345477,-0.27400067614279644,0.3543857271836346,0.25902104062243647,0.42857142857142855,49,D01_t1h5sl8
C_w10.25_w30.25_w50.0_wt1.0,0.5327220331519582,1.1104870014213326,-0.5426092587677849,1.3140686658660052,-0.33765058238738077,0.40384615384615385,52,D01_t1h5sl8
C_w10.25_w30.25_w50.0_wt2.0,0.4514910119865949,1.0104108584881317,-0.4897761745562502,1.4869548327070556,-0.41635811278219115,0.5,52,D01_t1h5sl8
C_w10.25_w30.25_w50.25_wt0.5,-0.1333393510754468,-0.2594083699027074,-0.2833113529635338,-0.13631633433753898,0.0034468444645268104,0.44,50,D01_t1h5sl8
C_w10.25_w30.25_w50.25_wt1.0,0.06140850309721979,0.3676995085980063,-0.5231640476552571,0.44918075580657146,-0.267580321609729,0.38,50,D01_t1h5sl8
C_w10.25_w30.25_w50.25_wt2.0,0.46227369515692573,1.0088151336611053,-0.5335532602977424,1.515207551785323,-0.4186270257820325,0.49056603773584906,53,D01_t1h5sl8
C_w10.25_w30.5_w50.0_wt2.0,1.0884747172405165,1.7989036677748171,-0.3826768530245751,1.286583813617653,-0.0866397702972036,0.5294117647058824,51,D01_t1h5sl8
C_w10.25_w30.5_w50.25_wt0.5,0.05920217155394902,0.344391601670506,-0.24655605627321375,0.23368094615793966,-0.1414294150747586,0.46938775510204084,49,D01_t1h5sl8
C_w10.25_w30.5_w50.25_wt1.0,0.32261871047810464,0.8906708433884962,-0.32866696437196563,0.33783787372530116,-0.011375939899814003,0.40816326530612246,49,D01_t1h5sl8
C_w10.25_w30.5_w50.25_wt2.0,0.9190654738546356,1.5334039564555184,-0.5335759730244642,1.6096306828245202,-0.26462181546028307,0.46153846153846156,52,D01_t1h5sl8
C_w10.25_w30.5_w50.0_wt0.5,0.23143471931456272,0.751393116890559,-0.2488754770801369,0.2021975429086862,0.024319777209939275,0.40816326530612246,49,D01_t1h5sl8
C_w10.25_w30.5_w50.0_wt1.0,2.2605411576321535,2.6966533873797602,-0.3008426028793654,1.6040800459408624,0.25208945197923427,0.4897959183673469,49,D01_t1h5sl8
C_w10.5_w30.0_w50.0_wt0.5,0.7379523104760592,1.5679938985627724,-0.27421986232600626,0.3548350304854917,0.28277780790276474,0.4489795918367347,49,D01_t1h5sl8
C_w10.5_w30.0_w50.0_wt1.0,0.69455501301868,1.3066892737187337,-0.5418584338041215,1.426208276504537,-0.3015624299740487,0.4230769230769231,52,D01_t1h5sl8
C_w10.5_w30.0_w50.0_wt2.0,0.35395076673372117,0.86515450520347,-0.5010058437553757,1.351999199341602,-0.42434046443862083,0.5192307692307693,52,D01_t1h5sl8
C_w10.5_w30.0_w50.25_wt0.5,0.042751231637540466,0.29896763429684486,-0.2686760843987399,0.03382771212191549,0.008631534452977485,0.40816326530612246,49,D01_t1h5sl8
C_w10.5_w30.25_w50.0_wt0.5,0.1310347232953819,0.5243976523320801,-0.29029830192471395,0.1775867707025216,-0.039531734361594184,0.40816326530612246,49,D01_t1h5sl8
C_w10.5_w30.25_w50.0_wt1.0,0.39577043111446675,0.9600518871528022,-0.5235461376954309,0.599601447678326,-0.12742612658903407,0.44,50,D01_t1h5sl8
C_w10.5_w30.25_w50.0_wt2.0,0.32533927130941387,0.8214021028829207,-0.5331481348224383,1.286583813617653,-0.42038456521190604,0.4716981132075472,53,D01_t1h5sl8
C_w10.5_w30.25_w50.25_wt0.5,-0.0034429034419821702,0.15283687083876688,-0.2505112370102829,0.17345739421645345,-0.15075135964059094,0.46938775510204084,49,D01_t1h5sl8
C_w10.5_w30.25_w50.25_wt1.0,0.03152286946193872,0.3021132470618342,-0.5301111560107385,0.38502409609836863,-0.25523110221132517,0.38,50,D01_t1h5sl8
C_w10.5_w30.25_w50.25_wt2.0,0.5855150253146835,1.168798679842092,-0.5417442475341203,1.491998723518166,-0.36375768962021027,0.4423076923076923,52,D01_t1h5sl8
C_w10.5_w30.5_w50.0_wt0.5,0.058038962954833684,0.3406772294784823,-0.2467784345168339,0.23251773755882432,-0.1415628913783994,0.46938775510204084,49,D01_t1h5sl8
C_w10.5_w30.5_w50.0_wt1.0,0.7052001276429156,1.5178146602345477,-0.27400067614279644,0.3543857271836346,0.25902104062243647,0.42857142857142855,49,D01_t1h5sl8
C_w10.5_w30.0_w50.25_wt1.0,0.019664854804368526,0.28030129261971465,-0.5317226749723245,0.44918075580657146,-0.2963853192786482,0.38,50,D01_t1h5sl8
C_w10.5_w30.0_w50.25_wt2.0,0.2589381655399918,0.7152890071582434,-0.5590827984922431,1.4104474441192152,-0.4777159864607581,0.4716981132075472,53,D01_t1h5sl8
V11_ensw2,2.6111209186693696,2.9617112108758166,-0.1557566866625203,1.1335236303560494,0.6925619511731067,0.62,50,D01_t1h5sl8
C_w10.5_w30.5_w50.0_wt2.0,0.5327220331519582,1.1104870014213326,-0.5426092587677849,1.3140686658660052,-0.33765058238738077,0.40384615384615385,52,D01_t1h5sl8
C_w10.5_w30.5_w50.25_wt0.5,-0.02595685998687025,0.0640203514736908,-0.24213764901445545,0.11513179435700871,-0.12652195467642602,0.46938775510204084,49,D01_t1h5sl8
C_w10.5_w30.5_w50.25_wt1.0,-0.04054581713656946,0.059515682546648865,-0.25376191819564164,-0.03315923359765249,-0.007639917342752933,0.42,50,D01_t1h5sl8
C_w10.5_w30.5_w50.25_wt2.0,1.024456274102583,1.6219855661056455,-0.4769997564123323,1.5629771561554273,-0.21011536554646726,0.45098039215686275,51,D01_t1h5sl8
C_w11.0_w30.0_w50.0_wt0.5,-0.05910555353572888,-0.039835859852393345,-0.26453002849543006,0.03080504541682383,-0.08722366984165764,0.4489795918367347,49,D01_t1h5sl8
C_w11.0_w30.0_w50.0_wt1.0,0.7379523104760592,1.5679938985627724,-0.27421986232600626,0.3548350304854917,0.28277780790276474,0.4489795918367347,49,D01_t1h5sl8
C_w11.0_w30.0_w50.0_wt2.0,0.69455501301868,1.3066892737187337,-0.5418584338041215,1.426208276504537,-0.3015624299740487,0.4230769230769231,52,D01_t1h5sl8
C_w11.0_w30.0_w50.25_wt0.5,-0.07014074960367211,-0.08089238175061367,-0.24002149163132003,0.017284982335510568,-0.0859402561300654,0.4489795918367347,49,D01_t1h5sl8
C_w11.0_w30.25_w50.0_wt2.0,1.5953918298421104,2.1138803793807934,-0.42270822510510564,1.458773168992968,0.05556375129353608,0.48,50,D01_t1h5sl8
C_w11.0_w30.25_w50.25_wt0.5,-0.19912414683616575,-0.5886673109341668,-0.3126606583697905,-0.045892687890898176,-0.16060191238503585,0.42857142857142855,49,D01_t1h5sl8
C_w11.0_w30.0_w50.25_wt1.0,-0.062149293320376886,0.008757737130551332,-0.32217524639999484,0.0935707156928327,-0.14239592079287933,0.3877551020408163,49,D01_t1h5sl8
C_w11.0_w30.0_w50.25_wt2.0,0.8501039702445361,1.4561318522633129,-0.47674632652184123,1.3460789179085375,-0.21140590961285677,0.43137254901960786,51,D01_t1h5sl8
C_w11.0_w30.25_w50.25_wt1.0,0.06837712182118372,0.367541853893864,-0.2923185526600717,0.05530229597862357,0.012389649764226851,0.40816326530612246,49,D01_t1h5sl8
C_w11.0_w30.25_w50.25_wt2.0,0.39577043111446675,0.9600518871528022,-0.5235461376954309,0.599601447678326,-0.12742612658903407,0.44,50,D01_t1h5sl8
C_w11.0_w30.25_w50.0_wt0.5,-0.11119930116600008,-0.23537925275640414,-0.25985646316827504,0.00420787961030733,-0.11492359611945391,0.4489795918367347,49,D01_t1h5sl8
C_w11.0_w30.25_w50.0_wt1.0,0.06612420324253399,0.3619199240994157,-0.3346643490320993,0.26949051214132846,-0.1601952176513417,0.40816326530612246,49,D01_t1h5sl8
C_w11.0_w30.5_w50.0_wt0.5,-0.11332201370128137,-0.1889889888136372,-0.30056456275266696,0.09472622195274627,-0.19004590506922925,0.4489795918367347,49,D01_t1h5sl8
C_w11.0_w30.5_w50.0_wt1.0,0.1310347232953819,0.5243976523320801,-0.29029830192471395,0.1775867707025216,-0.039531734361594184,0.40816326530612246,49,D01_t1h5sl8
C_w11.0_w30.5_w50.25_wt1.0,-0.025231817479896113,0.08073102025043864,-0.28341198218928865,0.15357053884604044,-0.15499906620777526,0.4489795918367347,49,D01_t1h5sl8
C_w11.0_w30.5_w50.25_wt2.0,-0.005024641501763738,0.22364065483626225,-0.5308605799490151,0.3776981643890107,-0.27779873399229427,0.38,50,D01_t1h5sl8
C_w11.0_w30.5_w50.0_wt2.0,0.39577043111446675,0.9600518871528022,-0.5235461376954309,0.599601447678326,-0.12742612658903407,0.44,50,D01_t1h5sl8
C_w11.0_w30.5_w50.25_wt0.5,0.019345143325351977,0.22610532162562424,-0.23636736372203382,0.17475234277533924,-0.13228932924095282,0.46938775510204084,49,D01_t1h5sl8
A_w30.0_w50.25_wt3.0+0.5xC_w10.25_w30.5_w50.0_wt1.0,0.5550566724448394,1.1824907973920393,-0.46312620692266404,1.044429139210326,-0.23936875941540792,0.5098039215686274,51,D01_t1h5sl8
A_w30.0_w50.25_wt3.0+1.0xC_w10.25_w30.5_w50.0_wt1.0,1.9863289738376797,2.5656319866200383,-0.271419480020176,0.9642389263669549,0.5203491457941798,0.54,50,D01_t1h5sl8
A_w30.0_w50.25_wt3.0+3.0xC_w10.25_w30.5_w50.0_wt1.0,2.6627703253253174,2.9317454511595575,-0.2163571536482769,1.0744782016741006,0.7656345207047575,0.66,50,D01_t1h5sl8
A_w30.0_w50.25_wt3.0+0.5xC_w10.25_w30.0_w50.0_wt2.0,1.6527742300790438,2.2899948861668196,-0.20476017883662323,0.7031744252057688,0.5575470079986367,0.44,50,D01_t1h5sl8
A_w30.0_w50.25_wt3.0+1.5xC_w10.25_w30.5_w50.0_wt1.0,1.5174145865001853,2.235635457597054,-0.27265800868753753,0.8352126017588881,0.37172913050371914,0.54,50,D01_t1h5sl8
A_w30.0_w50.25_wt3.0+2.0xC_w10.25_w30.5_w50.0_wt1.0,1.2751721902691466,1.9988690302790297,-0.27271837292982026,0.5183314716959144,0.4984687024420764,0.54,50,D01_t1h5sl8
A_w30.0_w50.25_wt3.0+2.0xC_w10.25_w30.0_w50.0_wt2.0,0.2361818901127668,0.6728424938379343,-0.3562453059408107,0.6333037132984134,-0.24314021939230712,0.4528301886792453,53,D01_t1h5sl8
A_w30.0_w50.25_wt3.0+3.0xC_w10.25_w30.0_w50.0_wt2.0,0.29821676384516116,0.7756407218877197,-0.5469058526141424,0.8811616821293886,-0.30988560091462247,0.4423076923076923,52,D01_t1h5sl8
A_w30.0_w50.25_wt3.0+1.0xC_w10.25_w30.0_w50.0_wt2.0,1.5124698780879733,1.9553013521183362,-0.27740145752227996,1.1308506607574658,0.17909242743217457,0.5098039215686274,51,D01_t1h5sl8
A_w30.0_w50.25_wt3.0+1.5xC_w10.25_w30.0_w50.0_wt2.0,0.9912339807711485,1.5467087633696959,-0.2773753417752395,0.7448270179907774,0.14122142782045755,0.49019607843137253,51,D01_t1h5sl8
A_w31.0_w50.25_wt3.0+1.0xC_w10.25_w30.5_w50.0_wt1.0,1.581127224457723,2.259329508816378,-0.32109185341597035,1.2121961636116283,0.1667714043241899,0.56,50,D01_t1h5sl8
A_w31.0_w50.25_wt3.0+1.5xC_w10.25_w30.5_w50.0_wt1.0,1.6271271456016856,2.237441824358912,-0.22342497654985916,1.0627811559824885,0.27358500342243297,0.58,50,D01_t1h5sl8
A_w30.0_w50.25_wt3.0+0.5xC_w11.0_w30.25_w50.0_wt2.0,0.5550566724448394,1.1824907973920393,-0.46312620692266404,1.044429139210326,-0.23936875941540792,0.5098039215686274,51,D01_t1h5sl8
A_w30.0_w50.25_wt3.0+1.0xC_w11.0_w30.25_w50.0_wt2.0,1.534664945173584,2.249059457512301,-0.271484309206387,0.8352126017588881,0.3811287818884501,0.52,50,D01_t1h5sl8
A_w30.0_w50.25_wt3.0+1.5xC_w11.0_w30.25_w50.0_wt2.0,1.8620508015831807,2.440952847587813,-0.27277218706300876,0.8443961192303278,0.5517549466421143,0.54,50,D01_t1h5sl8
A_w30.0_w50.25_wt3.0+2.0xC_w11.0_w30.25_w50.0_wt2.0,1.9687604052969188,2.5621760301817487,-0.24446961940822798,0.7267410953903277,0.7192851975448189,0.6,50,D01_t1h5sl8
A_w30.0_w50.25_wt3.0+3.0xC_w11.0_w30.25_w50.0_wt2.0,1.5291788794635357,2.2002656924105795,-0.29113314077513475,0.8270867325654139,0.38426864712235886,0.58,50,D01_t1h5sl8
A_w30.0_w50.25_wt3.0+0.5xC_w10.25_w30.0_w50.25_wt2.0,0.8649060465423539,1.595225886529694,-0.20760376093144794,0.5942407028862768,0.16977696226551742,0.48,50,D01_t1h5sl8
A_w31.0_w50.25_wt3.0+1.5xC_w10.25_w30.0_w50.0_wt2.0,0.23443510318285132,0.6865482225872422,-0.5112339969784296,0.8807007769892503,-0.34363024767873174,0.4807692307692308,52,D01_t1h5sl8
A_w31.0_w50.25_wt3.0+2.0xC_w10.25_w30.0_w50.0_wt2.0,0.614460522846878,1.235293883285433,-0.51444017194839,1.3388880006723225,-0.3097315808269605,0.4807692307692308,52,D01_t1h5sl8
A_w30.0_w50.25_wt3.0+1.0xC_w10.25_w30.0_w50.25_wt2.0,0.6628563350465286,1.3183877559674397,-0.26319370899816197,0.8296220052857395,-0.09114760849914771,0.5098039215686274,51,D01_t1h5sl8
A_w30.0_w50.25_wt3.0+1.5xC_w10.25_w30.0_w50.25_wt2.0,1.1817504673867103,1.8200978144090572,-0.22729182742621235,1.0005296567216044,0.09058641548063129,0.5098039215686274,51,D01_t1h5sl8
A_w30.0_w50.25_wt3.0+1.5xC_w10.25_w30.5_w50.0_wt2.0,0.9569251401432106,1.696498773245517,-0.25277569162330926,0.6171952511157062,0.21007351387726647,0.5098039215686274,51,D01_t1h5sl8
A_w30.0_w50.25_wt3.0+2.0xC_w10.25_w30.5_w50.0_wt2.0,0.1634229493516275,0.5639638436155835,-0.5120037178198578,0.7852128243900425,-0.3483001390889413,0.4807692307692308,52,D01_t1h5sl8
A_w30.0_w50.25_wt3.0+2.0xC_w10.25_w30.0_w50.25_wt2.0,0.15511158554242566,0.5454234408243844,-0.4765614485895706,0.7886577046098093,-0.3542019903722108,0.46153846153846156,52,D01_t1h5sl8
A_w30.0_w50.25_wt3.0+3.0xC_w10.25_w30.0_w50.25_wt2.0,-0.013124007104226676,0.2209387565306001,-0.6427642242653,1.3591494243428586,-0.5816814387792895,0.41509433962264153,53,D01_t1h5sl8
A_w30.0_w50.25_wt3.0+0.5xC_w10.25_w30.5_w50.0_wt2.0,0.8730982359194701,1.6003170038070782,-0.3022513516031995,0.8203079872322849,0.029000723535499207,0.5,50,D01_t1h5sl8
A_w30.0_w50.25_wt3.0+1.0xC_w10.25_w30.5_w50.0_wt2.0,0.3380930362259791,0.8700096717886593,-0.3339288719128308,0.7568534179868442,-0.2383581791591457,0.47058823529411764,51,D01_t1h5sl8
A_w30.0_w50.25_wt3.0+3.0xC_w10.25_w30.5_w50.0_wt2.0,-0.1266998584179042,-0.0299711948618522,-0.676242563810278,1.3040908585677036,-0.620978426985745,0.41509433962264153,53,D01_t1h5sl8
A_w31.0_w50.25_wt3.0+0.5xC_w10.25_w30.5_w50.0_wt1.0,0.4936731873729727,1.1912567207726286,-0.3192541144079232,0.26964283684460133,0.17645147440452336,0.52,50,D01_t1h5sl8
A_w31.0_w50.25_wt3.0+2.0xC_w10.25_w30.5_w50.0_wt1.0,1.9805985015073517,2.5203727843891808,-0.19205248759991111,1.221353364623988,0.34179394821853704,0.6,50,D01_t1h5sl8
A_w31.0_w50.25_wt3.0+3.0xC_w10.25_w30.5_w50.0_wt1.0,1.6362604300160726,2.303184091991511,-0.2861295550147388,1.352465356778552,0.12063730180755883,0.54,50,D01_t1h5sl8
A_w31.0_w50.25_wt3.0+0.5xC_w10.25_w30.0_w50.0_wt2.0,1.3342918974839404,2.0666999223927642,-0.3808605767300268,0.9587084806053012,0.19175054409452974,0.52,50,D01_t1h5sl8
A_w31.0_w50.25_wt3.0+1.0xC_w10.25_w30.0_w50.0_wt2.0,1.3214509643152579,2.045421473014829,-0.25477137898885416,0.6171952511157062,0.4354797064322853,0.5294117647058824,51,D01_t1h5sl8
A_w31.0_w50.25_wt3.0+3.0xC_w10.25_w30.0_w50.0_wt2.0,-0.05639308744850746,0.1359143217226788,-0.6434123892211202,1.2549371442668544,-0.5815373767953579,0.4528301886792453,53,D01_t1h5sl8
A_w31.0_w50.25_wt3.0+0.5xC_w11.0_w30.25_w50.0_wt2.0,1.3753496883710619,2.1435187442296884,-0.32074254059972596,0.9870971016213035,0.195386821526226,0.56,50,D01_t1h5sl8
A_w31.0_w50.25_wt3.0+2.0xC_w11.0_w30.25_w50.0_wt2.0,2.480779620529088,2.7816448491040937,-0.2247438726022264,0.8557935368921366,0.87562870078656,0.62,50,D01_t1h5sl8
A_w31.0_w50.25_wt3.0+3.0xC_w11.0_w30.25_w50.0_wt2.0,2.4517647736584745,2.8257036850707884,-0.23009127572411048,0.8657433596360105,0.8500748003904901,0.6,50,D01_t1h5sl8
A_w31.0_w50.25_wt3.0+1.0xC_w11.0_w30.25_w50.0_wt2.0,1.7664854588884706,2.3515710074449596,-0.30125366879884174,1.157472768412755,0.28228059208541634,0.58,50,D01_t1h5sl8
A_w31.0_w50.25_wt3.0+1.5xC_w11.0_w30.25_w50.0_wt2.0,2.5881639519314117,2.874947334013474,-0.197307470812927,0.8740662578791045,0.9146409241646383,0.64,50,D01_t1h5sl8
A_w31.0_w50.25_wt3.0+0.5xC_w10.25_w30.0_w50.25_wt2.0,0.9999891305232791,1.776797318499077,-0.3814084224265083,0.9642389263669549,0.018200537458264332,0.5,50,D01_t1h5sl8
A_w31.0_w50.25_wt3.0+1.0xC_w10.25_w30.0_w50.25_wt2.0,1.6481829525203153,2.2844435933844807,-0.28026764861068976,0.7290870769847335,0.531549791661357,0.52,50,D01_t1h5sl8
A_w31.0_w50.25_wt3.0+1.5xC_w10.25_w30.0_w50.25_wt2.0,1.0672603659862947,1.7286983442744592,-0.25303580245971324,0.749402913069428,0.1816948231549289,0.5192307692307693,52,D01_t1h5sl8
A_w31.0_w50.25_wt3.0+2.0xC_w10.25_w30.0_w50.25_wt2.0,0.19745374154458784,0.6134902877052949,-0.48136146366434995,0.7777900082952387,-0.32643690427034633,0.4339622641509434,53,D01_t1h5sl8
A_w31.0_w50.25_wt3.0+3.0xC_w10.25_w30.0_w50.25_wt2.0,0.2993279472171244,0.7699280041934967,-0.5540757814492758,1.4870115259046863,-0.47755451324477605,0.4528301886792453,53,D01_t1h5sl8
A_w31.0_w50.25_wt3.0+0.5xC_w10.25_w30.5_w50.0_wt2.0,0.9088031774064287,1.641846689576348,-0.38816064930922867,0.7876737736795467,0.06775811420982114,0.5,50,D01_t1h5sl8
A_w31.0_w50.25_wt3.0+1.0xC_w10.25_w30.5_w50.0_wt2.0,2.0538088122295513,2.578090565887605,-0.2531027234970704,0.8417162718479365,0.6581320689344996,0.54,50,D01_t1h5sl8
A_w31.0_w50.25_wt3.0+1.5xC_w10.25_w30.5_w50.0_wt2.0,1.6822722004986859,2.2431523485712193,-0.3469246945200226,0.8982727270481341,0.41300676255813507,0.5882352941176471,51,D01_t1h5sl8
A_w31.0_w50.25_wt3.0+2.0xC_w10.25_w30.5_w50.0_wt2.0,0.29707406516991464,0.7786327800882556,-0.5861888540967594,0.8016153010575504,-0.28004937324381685,0.46153846153846156,52,D01_t1h5sl8
A_w31.0_w50.25_wt3.0+3.0xC_w10.25_w30.5_w50.0_wt2.0,0.29559233212328717,0.7687327496183217,-0.5544717207594148,1.337127911485973,-0.4456476576416678,0.4339622641509434,53,D01_t1h5sl8
A_w30.5_w50.25_wt3.0+0.5xC_w10.25_w30.5_w50.0_wt1.0,0.13979073662561858,0.5184293279163004,-0.4976689301916971,0.6383067406214018,-0.30428734231216026,0.47058823529411764,51,D01_t1h5sl8
A_w30.5_w50.25_wt3.0+1.0xC_w10.25_w30.5_w50.0_wt1.0,1.5732475364929708,2.2520304573821157,-0.2698615575121216,0.9745298854266959,0.30322035411324966,0.58,50,D01_t1h5sl8
A_w30.5_w50.25_wt3.0+1.5xC_w10.25_w30.5_w50.0_wt1.0,1.968298949301437,2.5339136569406655,-0.2801920079000152,1.0593557477122366,0.44137260043533333,0.58,50,D01_t1h5sl8
A_w30.5_w50.25_wt3.0+2.0xC_w10.25_w30.5_w50.0_wt1.0,2.6996524316885036,2.95924380012888,-0.18673330576331004,0.852349332769057,0.9972757655587201,0.66,50,D01_t1h5sl8
A_w30.5_w50.25_wt3.0+3.0xC_w10.25_w30.5_w50.0_wt1.0,2.264584960251385,2.662585963129165,-0.21588817918153425,1.209430257483119,0.47756868504654304,0.62,50,D01_t1h5sl8
A_w30.5_w50.25_wt3.0+0.5xC_w10.25_w30.0_w50.0_wt2.0,0.43581174862384486,1.0160470915759088,-0.47980880829270556,0.9378126766643908,-0.25905544642460165,0.49019607843137253,51,D01_t1h5sl8
A_w30.5_w50.25_wt3.0+1.0xC_w10.25_w30.0_w50.0_wt2.0,0.37573748199133905,0.9153504553853512,-0.3646094036438765,0.7528793106740721,-0.21515561646837045,0.49019607843137253,51,D01_t1h5sl8
A_w30.5_w50.25_wt3.0+1.5xC_w10.25_w30.0_w50.0_wt2.0,0.5422240113114134,1.092097362756165,-0.4307583027065556,0.9078645041380853,-0.19164908830454774,0.46153846153846156,52,D01_t1h5sl8
A_w30.5_w50.25_wt3.0+0.5xC_w11.0_w30.25_w50.0_wt2.0,0.13979073662561858,0.5184293279163004,-0.4976689301916971,0.6383067406214018,-0.30428734231216026,0.47058823529411764,51,D01_t1h5sl8
A_w30.5_w50.25_wt3.0+1.0xC_w11.0_w30.25_w50.0_wt2.0,1.7768242952750488,2.4406626969688117,-0.2728701999074308,0.9642389263669549,0.41368967797163414,0.56,50,D01_t1h5sl8
A_w30.5_w50.25_wt3.0+2.0xC_w10.25_w30.0_w50.0_wt2.0,1.0050739480663813,1.6504605395959326,-0.25099013467566667,0.9760466092937241,0.014689602277667024,0.4807692307692308,52,D01_t1h5sl8
A_w30.5_w50.25_wt3.0+3.0xC_w10.25_w30.0_w50.0_wt2.0,0.14438032318699268,0.5238185233261899,-0.5579800241309385,1.2153685630013848,-0.48343569449383916,0.4423076923076923,52,D01_t1h5sl8
A_w30.5_w50.25_wt3.0+1.5xC_w11.0_w30.25_w50.0_wt2.0,1.9155711200449677,2.4725090958873883,-0.28062287217922954,0.8388895701491648,0.5855063661101025,0.56,50,D01_t1h5sl8
A_w30.5_w50.25_wt3.0+2.0xC_w11.0_w30.25_w50.0_wt2.0,1.8878249213455058,2.4538777489517956,-0.252491650910995,0.7996337789291081,0.6046736592507946,0.54,50,D01_t1h5sl8
A_w30.5_w50.25_wt3.0+1.0xC_w10.25_w30.0_w50.25_wt2.0,1.1017525428949742,1.8350725419722507,-0.3191500865581439,0.6044635414851538,0.30994097936903464,0.5294117647058824,51,D01_t1h5sl8
A_w30.5_w50.25_wt3.0+1.5xC_w10.25_w30.0_w50.25_wt2.0,1.0541540972523076,1.7984642453617314,-0.25442948901254747,0.7140388889354841,0.1984291082964036,0.5098039215686274,51,D01_t1h5sl8
A_w30.5_w50.25_wt3.0+3.0xC_w11.0_w30.25_w50.0_wt2.0,2.7133772940191347,2.9118728245934027,-0.2246534255344378,0.9768147117645816,0.8784650235147395,0.62,50,D01_t1h5sl8
A_w30.5_w50.25_wt3.0+0.5xC_w10.25_w30.0_w50.25_wt2.0,0.528342410899441,1.1476923965922683,-0.49723901901742773,1.1332405709361209,-0.2835583423069984,0.49019607843137253,51,D01_t1h5sl8
A_w30.5_w50.25_wt3.0+2.0xC_w10.25_w30.0_w50.25_wt2.0,1.0538685508458583,1.7106563377008281,-0.26015228421398506,0.9736052572538691,0.040668362276086834,0.4807692307692308,52,D01_t1h5sl8
A_w30.5_w50.25_wt3.0+3.0xC_w10.25_w30.0_w50.25_wt2.0,0.33453420749589635,0.8275983783832727,-0.5482069217331467,1.5176543731913323,-0.46992954167721324,0.4528301886792453,53,D01_t1h5sl8
A_w30.5_w50.25_wt3.0+0.5xC_w10.25_w30.5_w50.0_wt2.0,0.528342410899441,1.1476923965922683,-0.49723901901742773,1.1332405709361209,-0.2835583423069984,0.49019607843137253,51,D01_t1h5sl8
A_w30.5_w50.25_wt3.0+1.0xC_w10.25_w30.5_w50.0_wt2.0,1.252194992057627,2.026807212089853,-0.3000099201783494,0.6733621625296682,0.3459100740349734,0.5,50,D01_t1h5sl8
A_w30.5_w50.25_wt3.0+1.5xC_w10.25_w30.5_w50.0_wt2.0,1.6210349164222406,2.2296773371155076,-0.30450976593147805,0.7140388889354841,0.5291572048578506,0.5490196078431373,51,D01_t1h5sl8
A_w30.5_w50.25_wt3.0+2.0xC_w10.25_w30.5_w50.0_wt2.0,0.811578412920243,1.4593293677356725,-0.303252365560584,0.749402913069428,0.035540983375706325,0.5,52,D01_t1h5sl8
A_w30.5_w50.25_wt3.0+3.0xC_w10.25_w30.5_w50.0_wt2.0,0.3746869888444788,0.8829883747015368,-0.5480547175127368,1.2499159469736814,-0.3890051800852631,0.4339622641509434,53,D01_t1h5sl8
A_w30.25_w50.0_wt3.0+0.5xC_w10.25_w30.5_w50.0_wt1.0,0.5550566724448394,1.1824907973920393,-0.46312620692266404,1.044429139210326,-0.23936875941540792,0.5098039215686274,51,D01_t1h5sl8
A_w30.25_w50.0_wt3.0+2.0xC_w10.25_w30.5_w50.0_wt1.0,1.4399730878754728,2.1175740359345814,-0.2725309985603033,0.6744507133642039,0.45717820680026433,0.54,50,D01_t1h5sl8
A_w30.25_w50.0_wt3.0+3.0xC_w10.25_w30.5_w50.0_wt1.0,2.6627703253253174,2.9317454511595575,-0.2163571536482769,1.0744782016741006,0.7656345207047575,0.66,50,D01_t1h5sl8
A_w30.25_w50.0_wt3.0+1.0xC_w10.25_w30.5_w50.0_wt1.0,1.9863289738376797,2.5656319866200383,-0.271419480020176,0.9642389263669549,0.5203491457941798,0.54,50,D01_t1h5sl8
A_w30.25_w50.0_wt3.0+1.5xC_w10.25_w30.5_w50.0_wt1.0,1.5174145865001853,2.235635457597054,-0.27265800868753753,0.8352126017588881,0.37172913050371914,0.54,50,D01_t1h5sl8
A_w30.25_w50.0_wt3.0+0.5xC_w10.25_w30.0_w50.0_wt2.0,1.3297419590726895,2.0332468235930796,-0.204569601329899,0.542401470357541,0.5104640418506843,0.44,50,D01_t1h5sl8
A_w30.25_w50.0_wt3.0+1.0xC_w10.25_w30.0_w50.0_wt2.0,1.5273693090905995,1.9746350170515683,-0.27757963773117256,1.1473327313580524,0.17698075951750702,0.5098039215686274,51,D01_t1h5sl8
A_w30.25_w50.0_wt3.0+3.0xC_w10.25_w30.0_w50.0_wt2.0,0.29821676384516116,0.7756407218877197,-0.5469058526141424,0.8811616821293886,-0.30988560091462247,0.4423076923076923,52,D01_t1h5sl8
A_w30.25_w50.0_wt3.0+0.5xC_w11.0_w30.25_w50.0_wt2.0,0.5550566724448394,1.1824907973920393,-0.46312620692266404,1.044429139210326,-0.23936875941540792,0.5098039215686274,51,D01_t1h5sl8
A_w30.25_w50.0_wt3.0+1.5xC_w10.25_w30.0_w50.0_wt2.0,1.1740420384305867,1.7175600601559877,-0.2769540576275479,0.9106811919990925,0.13783610135186786,0.49019607843137253,51,D01_t1h5sl8
A_w30.25_w50.0_wt3.0+2.0xC_w10.25_w30.0_w50.0_wt2.0,0.2361818901127668,0.6728424938379343,-0.3562453059408107,0.6333037132984134,-0.24314021939230712,0.4528301886792453,53,D01_t1h5sl8
A_w30.25_w50.0_wt3.0+1.0xC_w11.0_w30.25_w50.0_wt2.0,1.790317966428884,2.427027698515582,-0.2715142274035126,0.8352126017588881,0.5204330897437235,0.54,50,D01_t1h5sl8
A_w30.25_w50.0_wt3.0+1.5xC_w11.0_w30.25_w50.0_wt2.0,1.8620508015831807,2.440952847587813,-0.27277218706300876,0.8443961192303278,0.5517549466421143,0.54,50,D01_t1h5sl8
A_w30.25_w50.0_wt3.0+2.0xC_w11.0_w30.25_w50.0_wt2.0,1.9687604052969188,2.5621760301817487,-0.24446961940822798,0.7267410953903277,0.7192851975448189,0.6,50,D01_t1h5sl8
A_w30.25_w50.0_wt3.0+3.0xC_w11.0_w30.25_w50.0_wt2.0,1.157261582978086,1.8674032376184506,-0.39512141608305296,0.8270867325654139,0.18071109845402522,0.56,50,D01_t1h5sl8
A_w30.25_w50.0_wt3.0+0.5xC_w10.25_w30.0_w50.25_wt2.0,0.8447415972998977,1.5598388571358852,-0.3130410090834359,0.8203079872322849,0.013422789021962478,0.48,50,D01_t1h5sl8
A_w30.25_w50.0_wt3.0+1.0xC_w10.25_w30.0_w50.25_wt2.0,0.8106017507077681,1.5000769896058164,-0.2639700583990774,0.8296220052857395,-0.010395729021088873,0.5098039215686274,51,D01_t1h5sl8
A_w30.25_w50.0_wt3.0+3.0xC_w10.25_w30.0_w50.25_wt2.0,-0.013124007104226676,0.2209387565306001,-0.6427642242653,1.3591494243428586,-0.5816814387792895,0.41509433962264153,53,D01_t1h5sl8
A_w30.25_w50.0_wt3.0+0.5xC_w10.25_w30.5_w50.0_wt2.0,1.085943660963629,1.820762975941615,-0.3022513516031995,0.8203079872322849,0.14592897223685286,0.52,50,D01_t1h5sl8
A_w30.25_w50.0_wt3.0+1.5xC_w10.25_w30.0_w50.25_wt2.0,0.5391904913768337,1.0960295023450277,-0.43032967859590787,1.0005296567216044,-0.23060851099843005,0.46153846153846156,52,D01_t1h5sl8
A_w30.25_w50.0_wt3.0+2.0xC_w10.25_w30.0_w50.25_wt2.0,0.23453103734475111,0.6852823215090948,-0.45501645823750825,0.9032092348578931,-0.3513424510905495,0.46153846153846156,52,D01_t1h5sl8
A_w30.25_w50.0_wt3.0+1.0xC_w10.25_w30.5_w50.0_wt2.0,0.3359807030811095,0.8650697907768076,-0.3331743152606018,0.7528793106740721,-0.23783645859374258,0.47058823529411764,51,D01_t1h5sl8
A_w30.25_w50.0_wt3.0+1.5xC_w10.25_w30.5_w50.0_wt2.0,0.9569251401432106,1.696498773245517,-0.25277569162330926,0.6171952511157062,0.21007351387726647,0.5098039215686274,51,D01_t1h5sl8
A_w30.25_w50.0_wt3.0+2.0xC_w10.25_w30.5_w50.0_wt2.0,0.1634229493516275,0.5639638436155835,-0.5120037178198578,0.7852128243900425,-0.3483001390889413,0.4807692307692308,52,D01_t1h5sl8
A_w30.25_w50.0_wt3.0+3.0xC_w10.25_w30.5_w50.0_wt2.0,-0.10090710872816888,0.031199185682174637,-0.6503102092410125,1.1851256309479634,-0.5885394969799602,0.41509433962264153,53,D01_t1h5sl8
A_w30.25_w50.0_wt2.0+0.5xC_w10.25_w30.5_w50.0_wt1.0,0.9853275561215786,1.7342526144824815,-0.2762153828524768,0.6395915153480165,0.21086718096377588,0.5,50,D01_t1h5sl8
A_w30.25_w50.0_wt2.0+1.0xC_w10.25_w30.5_w50.0_wt1.0,1.5367849008577705,2.141662590104597,-0.26928731984359777,0.7251418326314112,0.4704790370704395,0.54,50,D01_t1h5sl8
A_w30.25_w50.0_wt2.0+1.5xC_w10.25_w30.5_w50.0_wt1.0,3.1574625343427067,3.1827634447955213,-0.17111707814083366,1.0593557477122366,1.018817068863057,0.64,50,D01_t1h5sl8
A_w30.25_w50.0_wt2.0+2.0xC_w10.25_w30.5_w50.0_wt1.0,2.9149888227435237,3.0674519165783503,-0.18691655220284586,0.961916947679599,0.9954916172031976,0.66,50,D01_t1h5sl8
A_w30.25_w50.0_wt2.0+1.0xC_w10.25_w30.0_w50.0_wt2.0,0.3526502576773707,0.8932120818617196,-0.4724550189277432,0.7597454042919527,-0.23133752508839778,0.49019607843137253,51,D01_t1h5sl8
A_w30.25_w50.0_wt2.0+1.5xC_w10.25_w30.0_w50.0_wt2.0,0.5422240113114134,1.092097362756165,-0.4307583027065556,0.9078645041380853,-0.19164908830454774,0.46153846153846156,52,D01_t1h5sl8
A_w30.25_w50.0_wt2.0+2.0xC_w10.25_w30.0_w50.0_wt2.0,0.9621419217301301,1.6044778753798166,-0.2636350902535932,0.9760466092937241,-0.007036619226590046,0.4807692307692308,52,D01_t1h5sl8
A_w30.25_w50.0_wt2.0+3.0xC_w10.25_w30.0_w50.0_wt2.0,-0.06131555227960073,0.1217129075510955,-0.6299505750149967,1.16432904326741,-0.566293096403077,0.4339622641509434,53,D01_t1h5sl8
A_w30.25_w50.0_wt2.0+0.5xC_w11.0_w30.25_w50.0_wt2.0,0.16935461629781412,0.5753303437512569,-0.4967865458346319,0.640909627640806,-0.28737415114137843,0.47058823529411764,51,D01_t1h5sl8
A_w30.25_w50.0_wt2.0+1.0xC_w11.0_w30.25_w50.0_wt2.0,1.7672896177845896,2.35795362213164,-0.27226516809985546,0.7251418326314112,0.6040939738639093,0.54,50,D01_t1h5sl8
A_w30.25_w50.0_wt2.0+3.0xC_w10.25_w30.5_w50.0_wt1.0,2.264584960251385,2.662585963129165,-0.21588817918153425,1.209430257483119,0.47756868504654304,0.62,50,D01_t1h5sl8
A_w30.25_w50.0_wt2.0+0.5xC_w10.25_w30.0_w50.0_wt2.0,0.5776034519533517,1.207388385946366,-0.4789025712389371,1.1332405709361209,-0.2604662252129133,0.5098039215686274,51,D01_t1h5sl8
A_w30.25_w50.0_wt2.0+3.0xC_w11.0_w30.25_w50.0_wt2.0,2.6947525065725344,2.9161934497652067,-0.22444747599357784,0.9768147117645816,0.8690434083599332,0.62,50,D01_t1h5sl8
A_w30.25_w50.0_wt2.0+0.5xC_w10.25_w30.0_w50.25_wt2.0,0.5776034519533517,1.207388385946366,-0.4789025712389371,1.1332405709361209,-0.2604662252129133,0.5098039215686274,51,D01_t1h5sl8
A_w30.25_w50.0_wt2.0+1.0xC_w10.25_w30.0_w50.25_wt2.0,1.1108543120079872,1.8417068446294933,-0.3200657581744716,0.6171952511157062,0.30525631370219686,0.5294117647058824,51,D01_t1h5sl8
A_w30.25_w50.0_wt2.0+1.5xC_w10.25_w30.0_w50.25_wt2.0,1.0576696862975323,1.7967312863641796,-0.25412579646197286,0.7140388889354841,0.20048016388674927,0.5098039215686274,51,D01_t1h5sl8
A_w30.25_w50.0_wt2.0+1.5xC_w11.0_w30.25_w50.0_wt2.0,1.7658188317563095,2.368704361387922,-0.25325780604857706,0.6155867700294138,0.7119593221885281,0.54,50,D01_t1h5sl8
A_w30.25_w50.0_wt2.0+2.0xC_w11.0_w30.25_w50.0_wt2.0,1.9171373674322458,2.4901545370474625,-0.252654866098332,0.8270867325654139,0.5966058509637886,0.56,50,D01_t1h5sl8
A_w30.25_w50.0_wt2.0+2.0xC_w10.25_w30.0_w50.25_wt2.0,0.9566701189546978,1.600642409247364,-0.26015228421398506,0.9736052572538691,-0.008580813329781889,0.4807692307692308,52,D01_t1h5sl8
A_w30.25_w50.0_wt2.0+3.0xC_w10.25_w30.0_w50.25_wt2.0,0.4512412445421208,0.9872234033994564,-0.5084258890403721,1.5176543731913323,-0.42357407752416987,0.4528301886792453,53,D01_t1h5sl8
A_w30.25_w50.0_wt2.0+3.0xC_w10.25_w30.5_w50.0_wt2.0,0.4015406333493001,0.9178127237425012,-0.5485278222272783,1.362189655795766,-0.4066773470493611,0.4528301886792453,53,D01_t1h5sl8
A_w30.25_w50.0_wt2.0+1.5xC_w10.25_w30.5_w50.0_wt2.0,1.6210349164222406,2.2296773371155076,-0.30450976593147805,0.7140388889354841,0.5291572048578506,0.5490196078431373,51,D01_t1h5sl8
A_w30.25_w50.0_wt2.0+2.0xC_w10.25_w30.5_w50.0_wt2.0,0.7291279300662667,1.3547710650088518,-0.303252365560584,0.749402913069428,-0.011589658878290887,0.5,52,D01_t1h5sl8
A_w30.25_w50.0_wt2.0+0.5xC_w10.25_w30.5_w50.0_wt2.0,0.39526724760791576,0.9545235742399569,-0.49802023211770907,0.9642389263669549,-0.2896652088101149,0.49019607843137253,51,D01_t1h5sl8
A_w30.25_w50.0_wt2.0+1.0xC_w10.25_w30.5_w50.0_wt2.0,1.252194992057627,2.026807212089853,-0.3000099201783494,0.6733621625296682,0.3459100740349734,0.5,50,D01_t1h5sl8
