set,cfg,variant,cum,maxdd,sharpe,sharpe_t,win,n,avg_hold,cost_drag,turnover,h1,h2,t1,t2,t3,blocked_sell
V1_allz,D01_h5_sl8_t1,no_filters,0.7927866266670727,-0.09871446400971884,1.9296450084193877,1.941772810438485,0.5510204081632653,49,4.959183673469388,0.0490555332,48.09366,0.47899162718322197,0.2121682054965257,0.14611533195556148,0.28220828748728377,0.21994907495714555,0
V1_allz,D01_h5_sl8_t1,cap1w,0.7205401783209944,-0.10489819394613187,1.730178821165158,1.811498286291929,0.5306122448979592,49,4.959183673469388,0.07271366400000001,9.12064,0.4394324553679869,0.19529066605709078,0.12154141610870095,0.2693656691619779,0.208544801646652,0
V1_allz,D01_h5_sl8_t1,cap3w,0.7702722037811442,-0.10659623684564046,1.8279663215891222,1.897766950969883,0.5510204081632653,49,4.959183673469388,0.048731928,28.66584,0.4604179483952153,0.2121682054965246,0.1317220266531549,0.2822082874872831,0.2199490749571451,0
V1_allz,D01_h5_sl8_t1,close_seq,0.6921086218368093,-0.17108590954616976,1.6862654019297736,1.6646673621444177,0.5609756097560976,41,4.926829268292683,0.04096283280000001,40.15964,0.36112235647410307,0.2431715736563933,0.3740855005996717,0.07878707337986501,0.1415074428998091,0
V1_allz,N2_re300,base,2.872952920502659,-0.0926466655868774,2.623866347883662,3.0634446746810937,0.5625,64,7.59375,0.0316669404,31.04602,1.0563710911855204,0.8833920283667569,0.5201565050070902,0.5875954424817953,0.6047747114518012,0
V1_allz,N2_re300,no_cost,3.130195586567691,-0.0898377512185351,2.730526595102612,3.1984921077277884,0.5625,64,7.59375,0.0,31.04602,1.119174113519668,0.9489647217839878,0.5526062619392276,0.6214226500176436,0.6406390692490795,0
V1_allz,N2_re300,no_filters,1.8625599150841858,-0.09798753589442488,2.308177873123723,2.4003199608152883,0.5409836065573771,61,7.967213114754099,0.030131372800000004,29.46964,0.5198959494198059,0.8833920283667569,0.3687484970327899,0.41803075124241085,0.4748412677967109,0
V1_allz,N2_re300,cap1w,1.6899270497762346,-0.08377831724983165,2.173697893605771,2.500736653187413,0.6129032258064516,62,7.725806451612903,0.07652328800000001,5.58588,1.2251556303577638,0.2088714214312022,0.44294994196941273,0.8597262544046447,0.002398054164407082,0
V2_allz,A01_daily_top1,cap3w,-0.5166427011885593,-0.5376779035158594,-2.0403685671252982,-2.203834501056173,0.42386831275720166,243,1.0,0.196923608,113.77674,-0.1194317972354686,-0.4510847685688091,-0.2077932688924452,0.01573931529479,-0.3993140275556384,0
V2_allz,A01_daily_top1,close_seq,-0.37051663283916647,-0.46356775727390764,-1.2385771909978245,-1.364210491701329,0.4180327868852459,122,1.0,0.1010030316,99.02258,-0.16504586930273069,-0.24608628903344343,-0.16829456077052762,-0.08078116504344479,-0.17662855189339477,0
V2_allz,D01_h5_sl8_t1,base,-0.43017656113014235,-0.4988735538268637,-1.7913244095273486,-1.8704462018164312,0.44,50,4.88,0.036480402,35.7651,-0.23737573133082812,-0.2528123451090324,-0.27054081541560426,-0.06519670302871017,-0.16436027578122625,0
V2_allz,D01_h5_sl8_t1,no_cost,-0.4001009537959451,-0.47789002480188736,-1.621873724397078,-1.6867118887853625,0.44,50,4.88,0.0,36.51518,-0.21751807314820581,-0.23333814415667786,-0.25836262935423615,-0.049763410421376,-0.14875452431047886,0
V2_allz,D01_h5_sl8_t1,no_filters,-0.43017656113014235,-0.4988735538268637,-1.7913244095273486,-1.8704462018164312,0.44,50,4.88,0.036480402,35.7651,-0.23737573133082812,-0.2528123451090324,-0.27054081541560426,-0.06519670302871017,-0.16436027578122625,0
V2_allz,D01_h5_sl8_t1,cap1w,-0.4584234619357329,-0.5044161845692857,-1.9845025177935727,-2.0567746538651357,0.44,50,4.88,0.06785394,6.8669,-0.2525483544196391,-0.27543602149171975,-0.27902144983669885,-0.07979468572153336,-0.18369442878970044,0
V2_allz,D01_h5_sl8_t1,cap3w,-0.43095070267159596,-0.49752685634139393,-1.7852639154027852,-1.8758641201008586,0.44,50,4.88,0.03718441200000001,21.43836,-0.23737573133082812,-0.2538274472677986,-0.27054081541560426,-0.06525384441535143,-0.16544453215294253,0
V2_allz,D01_h5_sl8_t1,close_seq,0.00023843847394111606,-0.28317911276742,0.19642926795432303,0.17091146098042873,0.4634146341463415,41,4.975609756097561,0.0363309312,35.61856,-0.13522960733079614,0.15665203960857288,-0.1339641656524423,-0.04368425032246526,0.2077203091519877,0
V3_allz,T2_re400_sl8_tr15,base,-0.18564924407517525,-0.2857652946612279,0.13530292614254696,-0.11132014499022513,0.4576271186440678,59,8.254237288135593,0.0287977824,28.23312,0.051597098238145955,-0.22560574074501127,0.032600668137904076,0.276569086834038,-0.38221867088883943,0
V3_allz,T2_re400_sl8_tr15,no_cost,-0.1349326393750392,-0.28083338700328464,0.2228886327348913,0.0013027893087635828,0.4745762711864407,59,8.254237288135593,0.0,28.41272,0.08425562863025293,-0.2021555269970734,0.05279412008065143,0.30135189011703,-0.3685896037980422,0
V3_allz,T2_re400_sl8_tr15,no_filters,-0.18564924407517525,-0.2857652946612279,0.13530292614254696,-0.11132014499022513,0.4576271186440678,59,8.254237288135593,0.0287977824,28.23312,0.051597098238145955,-0.22560574074501127,0.032600668137904076,0.276569086834038,-0.38221867088883943,0
V3_allz,T2_re400_sl8_tr15,cap1w,-0.26911448230735346,-0.26559061027629427,0.08181522599017861,-0.31274888820822705,0.4576271186440678,59,8.254237288135593,0.07239519999999999,5.152,-0.0032882018789027745,-0.2667032545712411,-0.0009778432578571028,0.2324685142511249,-0.40639383460987966,0
V3_allz,T2_re400_sl8_tr15,cap3w,-0.19563996870351308,-0.2772351165323822,0.16949960074292236,-0.13432464588112117,0.4576271186440678,59,8.254237288135593,0.03413639466666667,16.69584,0.04531026335903676,-0.2305059469025703,0.02874414712110096,0.2716468071382241,-0.38513949166308326,0
V3_allz,T2_re400_sl8_tr15,close_seq,0.18672816906245138,-0.26809486119004744,0.8449317328540626,0.5873085933903994,0.46153846153846156,52,8.403846153846153,0.025867567200000004,25.36036,0.9836540544217129,-0.40174640511678605,0.8943978328988025,0.00320644536465875,-0.3755613886460709,0
V3_allz,U2_re300_h20,base,0.21287820775233413,-0.17395491113327088,0.8849980299033833,0.6208677122980422,0.5232558139534884,86,5.674418604651163,0.0428526888,42.01244,0.8369265472705265,-0.3397241661325334,0.558725430431738,-0.06998662012766277,-0.16332195033938934,0
V3_allz,U2_re300_h20,no_cost,0.324023127008638,-0.16230133045667028,1.0289126801524575,0.7584068003499767,0.5232558139534884,86,5.674418604651163,0.0,42.01244,0.9165700263629217,-0.30917049270501296,0.6034378353038596,-0.04297639933196162,-0.13717882246341162,0
V1_allz,T2_re400_sl8_tr15,base,1.7722083268932103,-0.08388632741654334,2.1681651483617324,2.3711717323940915,0.7073170731707317,41,11.853658536585366,0.019882564000000002,19.4607,0.7549290090606371,0.5796697829828985,0.6881560634650901,-0.007660906142258006,0.6548291776290547,0
V1_allz,T2_re400_sl8_tr15,no_cost,1.8887888318020565,-0.08202303713544956,2.2436926496686387,2.4578514681401757,0.7073170731707317,41,11.853658536585366,0.0,19.4607,0.7849180977852699,0.6184433534437639,0.7100613980497783,0.005623870210305304,0.6798423243954688,0
V1_allz,T2_re400_sl8_tr15,no_filters,0.95316287111637,-0.10260061800826792,1.4667217184059855,1.5959267200940965,0.5853658536585366,41,11.853658536585366,0.020040541600000003,19.61558,0.3744681737250475,0.4210317186340946,0.3449796225586159,0.09119208411403235,0.33082683238261024,0
V1_allz,T2_re400_sl8_tr15,cap1w,0.48873199131572775,-0.14798137262759692,1.1654491375868634,1.1517830756918732,0.6111111111111112,36,13.416666666666666,0.044290412,3.18862,0.7052235794783772,-0.1269578903130537,0.5355893689450169,-0.05862480616119958,0.029861147285400014,0
V1_allz,T2_re400_sl8_tr15,cap3w,1.7486748330644768,-0.08496511096458814,2.129905941819336,2.353839447646694,0.7073170731707317,41,11.853658536585366,0.023712893333333332,11.5918,0.7493856026148054,0.5712229647689071,0.6840188198087689,-0.010517153254031242,0.6495601466723377,0
V1_allz,T2_re400_sl8_tr15,close_seq,0.17267727662663668,-0.1388562258303293,0.7007298430718403,0.5698953477790282,0.575,40,11.2,0.0195778232,19.18216,0.42253239481123317,-0.17564107439377596,0.5468409567926316,-0.24752309410857198,0.007487511470600339,0
V1_allz,U2_re300_h20,base,1.8877666794149737,-0.07503059820790692,2.3105480264329827,2.588053665766662,0.6060606060606061,66,7.363636363636363,0.032545835200000005,31.83676,0.6442756248113393,0.7562546302091597,0.22803930484279356,0.46533108224711905,0.6047747114518012,0
V1_allz,U2_re300_h20,no_cost,2.0874648412437247,-0.0745332989465749,2.427440005539235,2.7378437470638204,0.6060606060606061,66,7.363636363636363,0.0,31.83676,0.6970045221614667,0.819361587387661,0.2561056948455154,0.4981758314577409,0.6406390692490795,0
V4_allz,A01_daily_top1,cap3w,-0.09143368559565057,-0.33957415814937997,0.22785799219548805,0.08052747104025296,0.4793388429752066,242,1.0041322314049588,0.23269631333333332,136.7704,0.1629374382012554,-0.21873156323038945,0.05518792839674869,0.12412159129476574,-0.2340268834115421,1
V4_allz,A01_daily_top1,close_seq,0.38242155913684717,-0.20436424076897608,1.2351884349535616,0.9750358822317343,0.5245901639344263,122,1.0,0.12132910200000001,118.9501,0.19419068712448473,0.15762212353674254,0.23691039829697647,-0.03589789118335118,0.1592556594320793,0
V4_allz,D01_h5_sl8_t1,base,0.37563525443324064,-0.18837404614642472,1.215088770595385,1.056811145602137,0.5714285714285714,49,4.959183673469388,0.04894145640000001,47.98182,0.7002431752019254,-0.19091852595152037,0.5341568986873313,0.03750150838673738,-0.13573926390145064,0
V4_allz,D01_h5_sl8_t1,no_cost,0.44582707412410993,-0.17836221325194446,1.3489776339932333,1.192309506368431,0.5714285714285714,49,4.959183673469388,0.0,47.98182,0.743462409262666,-0.17071508600201502,0.5589030432966715,0.054555503499967184,-0.1205162782755772,0
V4_allz,D01_h5_sl8_t1,no_filters,0.9077133184005184,-0.21276151747964078,1.9974973770882647,1.6253493849099543,0.5714285714285714,49,4.959183673469388,0.04916420400000001,48.2002,0.7450441563721522,0.09321779132887142,0.7037222284263158,-0.041140214050585544,0.16777511703760473,0
V4_allz,D01_h5_sl8_t1,cap1w,0.4729677170956663,-0.2670845954602661,1.3197549038279384,1.299026431942303,0.5306122448979592,49,4.959183673469388,0.073096904,9.26804,0.2833027067295393,0.14779444426598531,0.3295000633926801,-0.09048541636441176,0.2181343753535696,0
V4_allz,D01_h5_sl8_t1,cap3w,0.3753365153488075,-0.1910908611256612,1.2283177964010121,1.056298057864515,0.5714285714285714,49,4.959183673469388,0.04798856666666667,28.157,0.6998739428143175,-0.1909185259515208,0.5340251404740171,0.03736529212369488,-0.13573926390145108,0
V4_allz,D01_h5_sl8_t1,close_seq,0.7888675920569441,-0.16262048170828958,2.0658371035488368,1.0319574330413508,0.5609756097560976,41,4.975609756097561,0.0411213612,40.31506,1.0902027188575776,-0.14416550322225763,0.15351934592370076,0.6855419704334049,-0.0799450999294512,0
V1_allz,T2_re300_mh5_sl8_tr15,cap3w,0.4412349623287921,-0.170657466676991,0.8878969806547471,1.0016146989794381,0.5769230769230769,52,9.346153846153847,0.0301236,14.758,0.15608111350844633,0.24665557242343272,0.12761223396652088,0.12538873359556812,0.13572306761309272,0
V1_allz,T2_re300_mh5_sl8_tr15,close_seq,0.025353730160005306,-0.20701132980591674,0.40836002822524053,0.29583155938994093,0.5454545454545454,44,10.090909090909092,0.021590637600000004,21.15788,0.3554699245929722,-0.24354372490566023,0.45901919068410035,-0.06017753504325485,-0.25223197678028897,0
V1_allz,T2_re250_sl8_tr15,base,0.8144211224502445,-0.14929730296476484,1.5300558284458075,1.4807286436464429,0.5714285714285714,56,8.678571428571429,0.027415949200000005,26.80746,0.5668681326346634,0.15799222963283133,0.2589310929704316,0.33156009693873423,0.08236903963077191,0
V1_allz,T2_re250_sl8_tr15,no_cost,0.9208956447393872,-0.14673897612084386,1.6299672365512576,1.5998622875451265,0.5714285714285714,56,8.678571428571429,0.0,26.80746,0.6106076509531742,0.1926527504091895,0.2824502960454638,0.35595807686653025,0.10463033975157754,0
V1_allz,T2_re250_sl8_tr15,no_filters,0.8688028133231414,-0.14797384556668203,1.5904564873972677,1.5669566449670642,0.5636363636363636,55,8.836363636363636,0.026898788800000004,26.30044,0.6138301842627134,0.15799222963283133,0.382986151346677,0.22267614072168507,0.10518303694320341,0
V1_allz,T2_re250_sl8_tr15,cap1w,0.5062060174065415,-0.15340533414692037,1.1972800516122297,1.191557945993781,0.5882352941176471,51,9.254901960784315,0.062834992,4.55192,0.664444338415765,-0.09506975833138176,0.37392614069983154,0.23724164583991159,-0.11393320538637275,0
V1_allz,T2_re250_sl8_tr15,cap3w,0.794548368002008,-0.15887951561305824,1.355654898739525,1.4579965053857669,0.5714285714285714,56,8.678571428571429,0.032520524,15.98522,0.5589114860094431,0.15115475388263167,0.25465124401656314,0.3270889530293961,0.0777849444911296,0
V1_allz,T2_re250_sl8_tr15,close_seq,0.30209483758659017,-0.17749854245861107,0.8922537281054598,0.7802319697547871,0.5208333333333334,48,9.166666666666666,0.023547944399999996,23.08622,0.6987120534249163,-0.2334811335674417,0.46021371364192,-0.15933992130903085,0.06073224267573085,0
V1_allz,N2_re300,cap3w,2.823511362632217,-0.08497576532056728,2.6591759188245225,3.0363764023203488,0.5625,64,7.59375,0.03718334933333333,18.28848,1.043711637052156,0.8708663655442317,0.5135742660406171,0.5810749798908241,0.5977402788011059,0
V1_allz,N2_re300,close_seq,1.660834820453866,-0.12602956545320054,1.8897153476071966,2.0124342087938922,0.54,50,8.76,0.024604016000000006,24.1098,0.27243494756788666,1.0911362310032011,0.3854482996905684,0.8706922525574534,0.026656694973113515,0
V1_allz,P2_re300_sl8,base,2.212399166707615,-0.07503059820790692,2.479762431239351,2.516711660004769,0.5714285714285714,63,7.714285714285714,0.031103839199999997,30.49396,1.0398430342580123,0.5748266473239287,0.5079382661098524,0.5875954424817953,0.3418565760509471,0
V1_allz,P2_re300_sl8,no_cost,2.422806460487334,-0.0745332989465749,2.5902172156365366,2.6401706532011744,0.5714285714285714,63,7.714285714285714,0.0,30.49396,1.1021632755615114,0.6282305472076446,0.5401433249081591,0.6214226500176436,0.3706449478718401,0
V1_allz,P2_re300_sl8,no_filters,1.8405595219016084,-0.079764324149738,2.4392350664676385,2.2702704837356373,0.55,60,8.1,0.0294581524,28.80962,0.8037283828848814,0.5748266473239287,0.5313594862985718,0.5041440592911366,0.23321076765595072,0
V1_allz,P2_re300_sl8,cap1w,2.2122835460259123,-0.0690500952590003,2.342658484326874,2.5483817074923505,0.5967741935483871,62,7.725806451612903,0.07647180800000002,5.56608,1.250334023778171,0.4274696609851223,0.43984267706510427,0.8848285012872699,0.18366005282526698,0
V1_allz,P2_re300_sl8,cap3w,2.1716632257171895,-0.07398282195592676,2.4758668346959762,2.491854727074064,0.5714285714285714,63,7.714285714285714,0.036580274666666676,17.97724,1.0278556866604882,0.5640478001372697,0.5018313381043353,0.5810749798908241,0.3357138779512141,0
V1_allz,P2_re300_sl8,close_seq,0.6498543367531082,-0.18278368477841467,1.2020030048377852,1.1322251179347307,0.5370370370370371,54,8.037037037037036,0.026483325199999998,25.95226,-0.03210561031398507,0.7045809484321119,0.053859483373696726,0.5859384771860543,-0.012864981226467731,0
V1_allz,T2_re300_mh5,no_filters,0.7882601325344272,-0.12094469490483462,1.3979685367085988,1.6266164925516449,0.5918367346938775,49,9.918367346938776,0.023881459199999996,23.33146,0.487789000678194,0.2019581618893982,0.2373009088131901,0.26810455323920723,0.13972559302764798,0
V1_allz,T2_re300_mh5,cap1w,-0.06323853520347977,-0.25824887285911313,0.30894053549270967,0.0684097089084483,0.5333333333333333,45,10.688888888888888,0.05520889999999999,3.9265,0.42336446929564353,-0.34186816869183223,0.15651695999832427,0.2850741198464466,-0.36969778450957147,0
V1_allz,T2_re300_mh5,cap3w,0.8308447775907115,-0.1491704226777556,1.2805099135419777,1.6331472022184048,0.62,50,9.72,0.028929254666666664,14.14914,0.47892051353723386,0.23796022898604363,0.2645931263041166,0.2697223195390408,0.14022866513747556,0
V1_allz,T2_re300_mh5,close_seq,0.7907242899115607,-0.09196464907972812,1.3456048980219655,1.6461117880833775,0.5777777777777777,45,9.844444444444445,0.02198626320000001,21.55516,0.4637754088585364,0.22336000391479538,0.5549575085465692,0.2097589999452214,-0.048056139972786016,0
V1_allz,T2_re300_mh5_sl8_tr15,base,0.45641920915014533,-0.15006031690762445,1.0267720901238695,1.0233090298478973,0.5769230769230769,52,9.346153846153847,0.025289989199999995,24.70296,0.1611946980055894,0.254242041969033,0.13113439315440423,0.1294158741881808,0.14003531069218478,0
V1_allz,T2_re300_mh5_sl8_tr15,no_cost,0.5359417837106331,-0.14144346431435428,1.1184682630247522,1.134562626976842,0.5769230769230769,52,9.346153846153847,0.0,24.70296,0.19023306964781717,0.2904546368931846,0.15119134095298548,0.14910293721945855,0.16109647367315105,0
V1_allz,T2_re300_mh5_sl8_tr15,no_filters,0.6323401923040088,-0.12162846789975723,1.308841659754912,1.2996811828881423,0.58,50,9.72,0.024318357599999996,23.75038,0.3014554907929894,0.254242041969033,0.23572656423154914,0.15869728231314717,0.14003531069218478,0
V1_allz,T2_re300_mh5_sl8_tr15,cap1w,0.4176193748309682,-0.15656678009568759,1.0386868175505206,1.0758464425219774,0.6170212765957447,47,10.127659574468085,0.057922028,4.20078,0.3447193289117587,0.05421209047259423,0.11309577316168329,0.31546463525647606,-0.0318382301436152,0
V3_allz,U2_re300_h20,no_filters,0.21287820775233413,-0.17395491113327088,0.8849980299033833,0.6208677122980422,0.5232558139534884,86,5.674418604651163,0.0428526888,42.01244,0.8369265472705265,-0.3397241661325334,0.558725430431738,-0.06998662012766277,-0.16332195033938934,0
V3_allz,U2_re300_h20,cap1w,0.037997733470983786,-0.1588371214800448,0.7988316180562886,0.3768882380218539,0.5,86,5.674418604651163,0.10570654399999999,7.57944,0.7037131946922506,-0.3907438548314568,0.48438115279803995,-0.1179190131909007,-0.2072385693444917,0
V3_allz,U2_re300_h20,cap3w,0.1928404634353058,-0.1675450424576732,0.9082649170247101,0.5947478262326701,0.5116279069767442,86,5.674418604651163,0.05018579200000001,24.82976,0.822246103935032,-0.34540100765783577,0.5502998614062491,-0.07493773895831124,-0.16824448185870322,0
V3_allz,U2_re300_h20,close_seq,0.4660478303636877,-0.20121902084501586,1.1049595982618616,0.9096676105977342,0.4230769230769231,78,5.282051282051282,0.038703981600000006,37.94508,0.2449012705894864,0.17764184598308308,0.3315961063272219,-0.012689307754671253,0.1151204559902077,1
V4_allz,A01_daily_top1,base,-0.09112110753340008,-0.3252309739178181,0.2887547112033366,0.08119035716644467,0.4793388429752066,242,1.0041322314049588,0.2362799808,231.64704,0.16333752867917273,-0.21873156323038845,0.055287333485928736,0.12440240227475208,-0.2340268834115412,1
V4_allz,A01_daily_top1,no_cost,0.16339988413406448,-0.23478603343609505,0.8578824204366498,0.5527971209216628,0.4834710743801653,242,1.0041322314049588,0.0,234.9038,0.31868124340074444,-0.1177550374996047,0.14496754477455376,0.2198805250460587,-0.16705074928863262,1
V4_allz,A01_daily_top1,no_filters,-0.11891189877375286,-0.32618813308125894,0.08667504013675335,0.003979724266934093,0.48148148148148145,243,1.0,0.233724024,229.1412,-0.005992868583777011,-0.1135998189762416,-0.11267052011511591,0.2607892531811906,-0.21242498958339706,0
V4_allz,A01_daily_top1,cap1w,-0.2197351740195952,-0.4199230888023926,-0.2923286249774134,-0.21926994548555578,0.459915611814346,237,1.0042194092827004,0.34273446,40.6671,0.08165393435066459,-0.2786372783372607,0.08248635873488319,0.019776367192260835,-0.29317052051710013,1
V3_allz,N2_re300,cap3w,-0.3198596552417876,-0.2906771481824175,-0.07105053572718609,-0.33938717502738674,0.47058823529411764,85,5.741176470588235,0.04950641599999999,24.43048,0.5312794295278518,-0.5558352501555355,0.19441668550851432,-0.005520275961882093,-0.4274060663067357,0
V3_allz,N2_re300,close_seq,0.5161563388113,-0.1993231739178143,1.1598127280540695,0.9676613809891542,0.44155844155844154,77,5.363636363636363,0.03818812680000001,37.43934,0.28745114143394646,0.17764184598308308,0.3771091471440091,0.03791698420190004,0.060749911696649894,1
V3_allz,P2_re300_sl8,base,-0.2632686127954239,-0.24397577556990646,-0.11234855468223601,-0.28672127558687405,0.4945054945054945,91,5.362637362637362,0.044172588799999996,43.30494,0.3300641151462813,-0.4460933282727124,0.0345734527089967,0.20367869322040133,-0.4083875980873949,0
V3_allz,P2_re300_sl8,no_cost,-0.19136890727420652,-0.22841198194501455,0.05144566318004169,-0.1165112783849387,0.5054945054945055,91,5.362637362637362,0.0,43.49046,0.3922872107055939,-0.41920669348389017,0.06672363192469599,0.24093302018732565,-0.38912805652716986,0
V3_allz,P2_re300_sl8,no_filters,-0.2632686127954239,-0.24397577556990646,-0.11234855468223601,-0.28672127558687405,0.4945054945054945,91,5.362637362637362,0.044172588799999996,43.30494,0.3300641151462813,-0.4460933282727124,0.0345734527089967,0.20367869322040133,-0.4083875980873949,0
V3_allz,P2_re300_sl8,cap1w,-0.37941858682363805,-0.24350806168167594,-0.35252689419859906,-0.6008902594709026,0.4725274725274725,91,5.362637362637362,0.11124978800000003,7.78838,0.22408900821990252,-0.49302590823944636,-0.020447774769649207,0.1352812056377799,-0.44195692873552683,0
V3_allz,P2_re300_sl8,cap3w,-0.27746848334225327,-0.2360882402950546,-0.08951292918129185,-0.3223847168152389,0.4835164835164835,91,5.362637362637362,0.0525135,25.5925,0.3167525676385803,-0.45127768540940816,0.02708310916096779,0.19672778794404855,-0.41216446874483714,0
V3_allz,P2_re300_sl8,close_seq,0.09745206477340007,-0.24416460123451,0.7494622095863174,0.47023250306902425,0.4230769230769231,78,5.282051282051282,0.0387400284,37.98042,0.49877218886075125,-0.26776592671658994,0.4180032071425901,0.009415244244154852,-0.2332770065140155,0
V1_allz,S2_re300_sl8_tr15,base,2.212399166707615,-0.07503059820790692,2.479762431239351,2.516711660004769,0.5714285714285714,63,7.714285714285714,0.031103839199999997,30.49396,1.0398430342580123,0.5748266473239287,0.5079382661098524,0.5875954424817953,0.3418565760509471,0
V1_allz,S2_re300_sl8_tr15,no_cost,2.422806460487334,-0.0745332989465749,2.5902172156365366,2.6401706532011744,0.5714285714285714,63,7.714285714285714,0.0,30.49396,1.1021632755615114,0.6282305472076446,0.5401433249081591,0.6214226500176436,0.3706449478718401,0
V1_allz,S2_re300_sl8_tr15,no_filters,1.8405595219016084,-0.079764324149738,2.4392350664676385,2.2702704837356373,0.55,60,8.1,0.0294581524,28.80962,0.8037283828848814,0.5748266473239287,0.5313594862985718,0.5041440592911366,0.23321076765595072,0
V1_allz,S2_re300_sl8_tr15,cap1w,2.2122835460259123,-0.0690500952590003,2.342658484326874,2.5483817074923505,0.5967741935483871,62,7.725806451612903,0.07647180800000002,5.56608,1.250334023778171,0.4274696609851223,0.43984267706510427,0.8848285012872699,0.18366005282526698,0
V1_allz,S2_re300_sl8_tr15,cap3w,2.1716632257171895,-0.07398282195592676,2.4758668346959762,2.491854727074064,0.5714285714285714,63,7.714285714285714,0.036580274666666676,17.97724,1.0278556866604882,0.5640478001372697,0.5018313381043353,0.5810749798908241,0.3357138779512141,0
V1_allz,S2_re300_sl8_tr15,close_seq,0.6498543367531082,-0.18278368477841467,1.2020030048377852,1.1322251179347307,0.5370370370370371,54,8.037037037037036,0.026483325199999998,25.95226,-0.03210561031398507,0.7045809484321119,0.053859483373696726,0.5859384771860543,-0.012864981226467731,0
V1_allz,T2_re300_mh5,base,0.850114247560789,-0.14219213989651114,1.2655041728468792,1.657687681539836,0.62,50,9.72,0.0244115024,23.91262,0.4859508953817626,0.24507091944345039,0.26879070806140337,0.27402544015634933,0.14453863676358814,0
V1_allz,T2_re300_mh5,no_cost,0.9461889084839858,-0.13453718485496557,1.3498519850886974,1.7770169270692506,0.62,50,9.72,0.0,23.91262,0.5223545205281703,0.27840715302554453,0.2894660482969087,0.29478980940801236,0.16567050828525143,0
V2_allz,S2_re300_sl8_tr15,cap3w,-0.12613061623507305,-0.17302995558832823,0.04653995261968629,-0.14623397051522774,0.4657534246575342,73,6.684931506849315,0.042570652,21.04306,0.21844409576765655,-0.28279895089124885,-0.006977732178245266,0.0748574072214272,-0.1812775806837541,0
V2_allz,S2_re300_sl8_tr15,close_seq,-0.3841201648772208,-0.22427137512434836,-0.9094857903584509,-1.2146203709700214,0.43283582089552236,67,6.298507462686567,0.0310646604,30.40452,-0.17854774274680696,-0.25025486303709954,-0.15482584396685617,0.008460294504882171,-0.277411621344553,0
V2_allz,T2_re300_mh5,base,0.19970613816356697,-0.13825915147780465,0.6692451803559116,0.6889397600339495,0.5,56,8.714285714285714,0.027598073600000002,27.05618,0.08247982922940622,0.10829422014968304,-0.05976645944504044,0.33565897576557835,-0.044691692718832,0
V2_allz,T2_re300_mh5,no_cost,0.2700792105256298,-0.13438376787791684,0.8080350946836214,0.8482547375857635,0.5,56,8.714285714285714,0.0,27.13472,0.11491828422990591,0.13916798073044068,-0.04229390249866083,0.3601217983118066,-0.02496376897090491,0
V2_allz,T2_re300_mh5,no_filters,0.19970613816356697,-0.13825915147780465,0.6692451803559116,0.6889397600339495,0.5,56,8.714285714285714,0.027598073600000002,27.05618,0.08247982922940622,0.10829422014968304,-0.05976645944504044,0.33565897576557835,-0.044691692718832,0
V2_allz,T2_re300_mh5,cap1w,0.037025415903335634,-0.12567321709396218,0.3844632866163567,0.27487652899734244,0.4444444444444444,54,9.018518518518519,0.066702872,4.88572,0.020900173844747405,0.01579512127797944,-0.08891924585439193,0.01210133569690397,0.12462706207093777,0
V2_allz,T2_re300_mh5,cap3w,0.18562548058394213,-0.13939240942812203,0.6079214584779131,0.6560320466785032,0.5,56,8.714285714285714,0.032455038666666665,15.90966,0.07544007059336666,0.10245611355152606,-0.06346967065379383,0.3300873481595936,-0.048200405719655004,0
V2_allz,T2_re300_mh5,close_seq,-0.054913617780382284,-0.14571229606806735,0.13808706317461195,-0.01156785620844027,0.4423076923076923,52,8.423076923076923,0.0257605488,25.25544,0.29092689830870144,-0.2679009295895717,-0.08935744975126814,0.48719680113777186,-0.30216118219470334,0
V2_allz,T2_re400_sl8_tr15,cap3w,-0.3911281834237075,-0.26917617293261076,-0.964721590870359,-1.2239467053679007,0.3695652173913043,46,10.608695652173912,0.02532535866666667,11.52926,-0.18896642608894398,-0.24926435087005905,-0.04723813949627764,-0.29231614123159966,-0.09696991776834607,0
V2_allz,T2_re400_sl8_tr15,close_seq,-0.12476317809213822,-0.20041145247854586,0.06552612147600949,-0.12941457474813567,0.4222222222222222,45,9.866666666666667,0.022524741600000002,22.08308,0.3035372220608892,-0.3285678328969279,0.4020816646914358,-0.02157726508016211,-0.3619925720932019,0
V2_allz,U2_re300_h20,base,0.05345737988129451,-0.17984650804219893,0.5008385523486886,0.32915253773363595,0.4647887323943662,71,6.873239436619718,0.0355363308,34.83954,0.4270621300274535,-0.26179991906797484,0.0723180220512698,0.15779282716585064,-0.15147916602800326,0
V2_allz,U2_re300_h20,no_cost,0.13255359072490358,-0.16444020356234057,0.6805379970514732,0.5213893993715476,0.4647887323943662,71,6.873239436619718,0.0,34.83954,0.47553946715509543,-0.2324477820247557,0.09772009753962907,0.18515840051007326,-0.12945595988076564,0
V2_allz,U2_re300_h20,no_filters,0.05345737988129451,-0.17984650804219893,0.5008385523486886,0.32915253773363595,0.4647887323943662,71,6.873239436619718,0.0355363308,34.83954,0.4270621300274535,-0.26179991906797484,0.0723180220512698,0.15779282716585064,-0.15147916602800326,0
V2_allz,U2_re300_h20,cap1w,-0.06143967618358681,-0.18056482322711365,0.18630497619088152,0.03214610070476658,0.4507042253521127,71,6.859154929577465,0.088248088,6.63388,0.35291356876795543,-0.30626734369208686,0.03252976483159231,0.11590116816831819,-0.18541974470460165,0
V2_allz,U2_re300_h20,cap3w,0.03930269893676841,-0.19054070539020973,0.44441542508909865,0.2932408301959909,0.4647887323943662,71,6.873239436619718,0.04152409066666666,20.60472,0.4182632812944318,-0.26720044674060184,0.06757573588642396,0.15293165011442222,-0.15561638167754221,0
V2_allz,U2_re300_h20,close_seq,-0.40250158123935775,-0.23511106067348886,-0.9618837420226142,-1.4319820745076903,0.41935483870967744,62,6.903225806451613,0.029304356400000002,28.69482,-0.1402716642220423,-0.30501485888565794,-0.09338676782735911,0.0407434649502032,-0.36675610083056687,0
V2_allz,T2_re250_sl8_tr15,no_filters,-0.03094419239245705,-0.14286316169571667,0.1001875906061714,0.05982193935364529,0.39655172413793105,58,8.413793103448276,0.0281342724,27.58262,0.004374008032719479,-0.03516439109605618,-0.17339382848368623,0.06017784103828139,0.10578685376299912,0
V2_allz,T2_re250_sl8_tr15,cap1w,-0.1269337564244818,-0.14802184014549657,-0.08536053012335634,-0.27358295449940667,0.3793103448275862,58,8.413793103448276,0.071342212,5.13162,-0.046889820790619874,-0.08398182852297276,-0.2002154044954051,0.023588855069784698,0.06646992656680806,0
V2_allz,T2_re250_sl8_tr15,cap3w,-0.04259319417951768,-0.14313317570861728,0.1492127749201926,0.021164264560367945,0.39655172413793105,58,8.413793103448276,0.033564884,16.42102,-0.0016491783716867658,-0.04101165133620133,-0.17663268184490333,0.056153369867892655,0.10097104327977213,0
V2_allz,T2_re250_sl8_tr15,close_seq,0.2868946330901678,-0.1214824667393476,0.9677087797735417,0.8379141471023277,0.4838709677419355,62,6.887096774193548,0.0309815616,30.37408,0.3167386925561333,-0.02266513442240381,0.013662565699206652,0.4016853422317126,-0.09426938151974862,0
V2_allz,T2_re400_sl8_tr15,base,-0.3824854170512102,-0.26772298292026075,-0.9349543907620981,-1.18339485964728,0.3695652173913043,46,10.608695652173912,0.0204112636,19.65268,-0.18515196353292918,-0.24217209183427357,-0.043481882732773536,-0.2894947878721279,-0.0913706738315857,0
V2_allz,T2_re400_sl8_tr15,no_cost,-0.35176729433152354,-0.25234056173481634,-0.8180148315119189,-1.0463683098183643,0.3695652173913043,46,10.608695652173912,0.0,19.84748,-0.16991681281012527,-0.2190750087795731,-0.028695423877597492,-0.27826168605729307,-0.0753108891223011,0
V2_allz,T2_re400_sl8_tr15,no_filters,-0.3824854170512102,-0.26772298292026075,-0.9349543907620981,-1.18339485964728,0.3695652173913043,46,10.608695652173912,0.0204112636,19.65268,-0.18515196353292918,-0.24217209183427357,-0.043481882732773536,-0.2894947878721279,-0.0913706738315857,0
V2_allz,T2_re400_sl8_tr15,cap1w,-0.306165093428449,-0.20732386542871062,-0.5382084863133997,-1.0296215375738278,0.38461538461538464,39,12.461538461538462,0.04753574800000001,3.28298,-0.1217329065260303,-0.20999555633230038,-0.10908157767469051,-0.23259029238815676,0.014824438791687822,0
V3_allz,T2_re300_mh5_sl8_tr15,cap3w,0.033990838590199246,-0.1440825883795751,0.6240542208336182,0.3280045752490905,0.4603174603174603,63,7.746031746031746,0.03658497200000001,17.98266,0.35702485559490893,-0.23804576288552526,0.15724969466761296,0.1501736907876221,-0.2231696464412598,0
V3_allz,T2_re300_mh5_sl8_tr15,close_seq,0.4799716562785745,-0.20389066711667225,1.238420315360055,0.9299243448602096,0.4727272727272727,55,7.890909090909091,0.02735662440000001,26.82022,0.8871025478367638,-0.2157439149371575,0.5323799257038397,0.17584733836390276,-0.17863535779560025,0
V3_allz,T2_re250_sl8_tr15,base,-0.02582683103056027,-0.15039643388434576,0.47694084564838035,0.21781821174118013,0.4492753623188406,69,7.072463768115942,0.0342597396,33.58798,0.45957433869301756,-0.3325635131117973,0.34503695631756903,-0.08361085398854173,-0.20964535493599779,0
V3_allz,T2_re250_sl8_tr15,no_cost,0.0453002293396112,-0.14364499984060697,0.59902336082062,0.35244690939158885,0.4492753623188406,69,7.072463768115942,0.0,33.58798,0.5122317663421048,-0.30876982443765344,0.3766816741923458,-0.06177517051546322,-0.19071667443745566,0
V3_allz,T2_re250_sl8_tr15,no_filters,-0.02582683103056027,-0.15039643388434576,0.47694084564838035,0.21781821174118013,0.4492753623188406,69,7.072463768115942,0.0342597396,33.58798,0.45957433869301756,-0.3325635131117973,0.34503695631756903,-0.08361085398854173,-0.20964535493599779,0
V3_allz,T2_re250_sl8_tr15,cap1w,-0.13955136080435204,-0.13878695308903588,0.4053911144720104,-0.018708271206781483,0.4492753623188406,69,7.072463768115942,0.08492006,6.1231,0.3746862316493671,-0.3740763387414815,0.2941303528010599,-0.12244836575036633,-0.24234019236905147,0
V3_allz,T2_re250_sl8_tr15,cap3w,-0.03903032934306139,-0.14773762383727718,0.510890004600622,0.1917936285252595,0.4492753623188406,69,7.072463768115942,0.040189501333333336,19.83404,0.44972146859872253,-0.3371349659422537,0.3391403760608662,-0.08775147579940079,-0.21337017785239443,0
V3_allz,T2_re250_sl8_tr15,close_seq,-0.11269399247443157,-0.2817949950209062,0.16970733498554474,0.02812135591127997,0.44642857142857145,56,7.732142857142857,0.027391848799999997,26.84644,0.1363988334447066,-0.21919489759073074,-0.011389626646224338,0.04838263757367445,-0.14389222967667037,0
V1_allz,U2_re300_h20,no_filters,1.7326743178860449,-0.1041478433700298,2.1336924149104726,2.5412935745391936,0.5645161290322581,62,7.838709677419355,0.030577602400000004,29.90712,0.44578662462824714,0.8900951712626972,0.12035703283767929,0.519908201766335,0.6047747114518012,0
V1_allz,U2_re300_h20,cap1w,1.2326125108048585,-0.08978351349227653,1.8174308715642935,2.3754402943829933,0.6229508196721312,61,7.868852459016393,0.075047176,5.40276,0.8468568875270719,0.2088714214312022,0.2507191641722004,0.7349987649011966,0.028855490890413726,0
V1_allz,U2_re300_h20,cap3w,1.8513756474180294,-0.08547368734961358,2.160506238597562,2.5600687998955025,0.6060606060606061,66,7.363636363636363,0.038428359999999995,18.9558,0.6347625078428789,0.7442139966743613,0.22314597417067805,0.45904928486882834,0.5977402788011059,0
V1_allz,U2_re300_h20,close_seq,0.582251600870634,-0.16223738697473944,1.1657263480305502,1.1108319374351259,0.5344827586206896,58,7.413793103448276,0.027907480000000002,27.271,-0.207449183510916,0.9964039755581098,-0.15794974348606194,0.2614236235572671,0.48962369262245176,0
V2_allz,A01_daily_top1,base,-0.5133237020743112,-0.545307306371524,-2.0322139093062854,-2.1817849583287,0.42386831275720166,243,1.0,0.19409184240000002,190.28612,-0.11943179723546982,-0.4473156123537321,-0.20779326889244631,0.015739315294789558,-0.39518938473885157,0
V2_allz,A01_daily_top1,no_cost,-0.37614472765732543,-0.4383909614801331,-1.2631939905501146,-1.3748130140364188,0.4279835390946502,243,1.0,0.0,212.92044,-0.0016808152483821504,-0.3750943767569792,-0.13943912518687374,0.10317469813967661,-0.3428599141990111,0
V2_allz,A01_daily_top1,no_filters,-0.5133237020743112,-0.545307306371524,-2.0322139093062854,-2.1817849583287,0.42386831275720166,243,1.0,0.19409184240000002,190.28612,-0.11943179723546982,-0.4473156123537321,-0.20779326889244631,0.015739315294789558,-0.39518938473885157,0
V2_allz,A01_daily_top1,cap1w,-0.5444919659511156,-0.5401919931663677,-2.448449236082341,-2.6398602413421224,0.3900414937759336,241,1.0,0.32966795600000004,34.10306,-0.19481506588883768,-0.4342814740420886,-0.24750395948329307,-0.031136970069942538,-0.375216663758818,0
V3_allz,S2_re300_sl8_tr15,base,-0.2632686127954239,-0.24397577556990646,-0.11234855468223601,-0.28672127558687405,0.4945054945054945,91,5.362637362637362,0.044172588799999996,43.30494,0.3300641151462813,-0.4460933282727124,0.0345734527089967,0.20367869322040133,-0.4083875980873949,0
V3_allz,S2_re300_sl8_tr15,no_cost,-0.19136890727420652,-0.22841198194501455,0.05144566318004169,-0.1165112783849387,0.5054945054945055,91,5.362637362637362,0.0,43.49046,0.3922872107055939,-0.41920669348389017,0.06672363192469599,0.24093302018732565,-0.38912805652716986,0
V3_allz,S2_re300_sl8_tr15,no_filters,-0.2632686127954239,-0.24397577556990646,-0.11234855468223601,-0.28672127558687405,0.4945054945054945,91,5.362637362637362,0.044172588799999996,43.30494,0.3300641151462813,-0.4460933282727124,0.0345734527089967,0.20367869322040133,-0.4083875980873949,0
V3_allz,S2_re300_sl8_tr15,cap1w,-0.37941858682363805,-0.24350806168167594,-0.35252689419859906,-0.6008902594709026,0.4725274725274725,91,5.362637362637362,0.11124978800000003,7.78838,0.22408900821990252,-0.49302590823944636,-0.020447774769649207,0.1352812056377799,-0.44195692873552683,0
V3_allz,S2_re300_sl8_tr15,cap3w,-0.27746848334225327,-0.2360882402950546,-0.08951292918129185,-0.3223847168152389,0.4835164835164835,91,5.362637362637362,0.0525135,25.5925,0.3167525676385803,-0.45127768540940816,0.02708310916096779,0.19672778794404855,-0.41216446874483714,0
V3_allz,S2_re300_sl8_tr15,close_seq,0.09745206477340007,-0.24416460123451,0.7494622095863174,0.47023250306902425,0.4230769230769231,78,5.282051282051282,0.0387400284,37.98042,0.49877218886075125,-0.26776592671658994,0.4180032071425901,0.009415244244154852,-0.2332770065140155,0
V3_allz,T2_re300_mh5,base,0.7297461577453812,-0.11057314968769716,1.4492965286059054,1.1943197883057441,0.4603174603174603,63,7.746031746031746,0.03131553,30.7015,0.7323210924842731,-0.0014864073121685362,0.6574233818694877,0.09882764045030035,-0.05022805283638998,0
V3_allz,T2_re300_mh5,no_cost,0.8439651078654522,-0.10857285020195517,1.550967343685258,1.2990481181131104,0.4603174603174603,63,7.746031746031746,0.0,30.7015,0.7891284362100959,0.030649935770691306,0.692719594868769,0.12256526247980148,-0.02958817867107788,0
V1_allz,A01_daily_top1,base,0.6652571000233791,-0.11936532836735025,1.8364983356972717,1.6073479939100128,0.49137931034482757,232,1.043103448275862,0.23218351800000003,227.6309,0.5214659553030283,0.09450828933711652,0.40736730441815383,0.04753700408467432,0.12954740796455178,10
V1_allz,A01_daily_top1,no_cost,1.108889346193909,-0.0989726391186243,2.4710374364055463,2.2674634534905085,0.5129310344827587,232,1.043103448275862,0.0,227.6309,0.7050012915840487,0.23688431006091726,0.5219336724175747,0.13305737450360833,0.22294285849887996,10
V1_allz,A01_daily_top1,no_filters,0.7453566311141793,-0.1168042835958013,1.9559281457508444,1.7419289978755523,0.4956896551724138,232,1.043103448275862,0.23226375120000003,227.70956,0.5946490749478435,0.09450828933711652,0.34802341834370387,0.1462577369272262,0.12954740796455178,10
V1_allz,A01_daily_top1,cap1w,0.5857961489698202,-0.12247434614097474,1.737900226414893,1.5049191464236105,0.47619047619047616,231,1.0432900432900434,0.341567964,42.52614,0.5609629567511847,0.0159088927198634,0.5477254818680168,-0.07906769582946382,0.11256583320004432,10
V1_allz,A01_daily_top1,cap3w,0.6652571000233787,-0.11781059740233668,1.8390425119860492,1.6073479939100086,0.49137931034482757,232,1.043103448275862,0.22951509600000003,135.00888,0.5214659553030321,0.09450828933711297,0.4073673044181576,0.047537004084671874,0.12954740796454933,10
V1_allz,A01_daily_top1,close_seq,0.6043594683575264,-0.20838687664546418,1.597288400610682,1.4985282964939453,0.5431034482758621,116,1.0948275862068966,0.11625192959999998,113.97248,0.02906443805574921,0.5590466534716771,0.05272933880443076,0.056667126771071885,0.44227062583035415,11
V1_allz,D01_h5_sl8_t1,base,0.7702722037811451,-0.1071172895778656,1.8434803225866014,1.8977669509698853,0.5510204081632653,49,4.959183673469388,0.049051493999999994,48.0897,0.4604179483952153,0.2121682054965257,0.13172202665315424,0.28220828748728377,0.21994907495714555,0
V1_allz,D01_h5_sl8_t1,no_cost,0.8602226508562532,-0.10285683753072339,1.9715513807186964,2.048550744420414,0.5510204081632653,49,4.959183673469388,0.0,48.10904,0.49772472396260636,0.24203241162672962,0.15024027024714948,0.3030678611722568,0.24110728957912286,0
V3_allz,T2_re300_mh5,no_filters,0.7297461577453812,-0.11057314968769716,1.4492965286059054,1.1943197883057441,0.4603174603174603,63,7.746031746031746,0.03131553,30.7015,0.7323210924842731,-0.0014864073121685362,0.6574233818694877,0.09882764045030035,-0.05022805283638998,0
V3_allz,T2_re300_mh5,cap1w,0.5460063777654653,-0.09852978599242124,1.3819458978245514,1.0106968446524227,0.4603174603174603,63,7.746031746031746,0.07755152400000001,5.59674,0.639357861359741,-0.05694393261813335,0.6005494937762956,0.057694198721258694,-0.08676604532416687,0
V3_allz,T2_re300_mh5,cap3w,0.708428337446906,-0.10668914116258965,1.5070447208214328,1.1739902470003913,0.4603174603174603,63,7.746031746031746,0.03669538533333334,18.11006,0.7216413396533456,-0.0076746543557674185,0.6509188117069324,0.09427018747606475,-0.054315038569327956,0
V3_allz,T2_re300_mh5,close_seq,0.06341494754611876,-0.26478897154712266,0.711839799514261,0.4066895227777006,0.41509433962264153,53,8.226415094339623,0.02632277280000001,25.80664,0.860329811139249,-0.42837289324794847,0.9902019483564104,-0.16313603705915924,-0.3615149293976856,0
V3_allz,T2_re300_mh5_sl8_tr15,base,0.04727594227416976,-0.14524908984316187,0.6058493347514805,0.35297209582812455,0.4603174603174603,63,7.746031746031746,0.031197964800000005,30.58624,0.36514211909604155,-0.23284475101563318,0.1621837368698953,0.1548737115663752,-0.21971755211810373,0
V3_allz,T2_re300_mh5_sl8_tr15,no_cost,0.11682128315097207,-0.13476001420225292,0.71258750503058,0.4788832227404049,0.47619047619047616,63,7.746031746031746,0.0,30.59768,0.40726756789877583,-0.20639023549833957,0.18723475591588468,0.17977861449013077,-0.20265447685227644,0
V3_allz,T2_re300_mh5_sl8_tr15,no_filters,0.04727594227416976,-0.14524908984316187,0.6058493347514805,0.35297209582812455,0.4603174603174603,63,7.746031746031746,0.031197964800000005,30.58624,0.36514211909604155,-0.23284475101563318,0.1621837368698953,0.1548737115663752,-0.21971755211810373,0
V3_allz,T2_re300_mh5_sl8_tr15,cap1w,-0.06753144575083492,-0.13122621675956703,0.6267747790208549,0.12630047427661148,0.4603174603174603,63,7.746031746031746,0.077314508,5.50558,0.2932866547998254,-0.27899313675861603,0.11813057535974592,0.11071795970530363,-0.24917646516053293,0
V3_allz,D01_h5_sl8_t1,no_filters,-0.12338536912242193,-0.3156570185704689,0.050663869224430745,-0.058133202994959936,0.5098039215686274,51,4.784313725490196,0.043200651599999994,42.35358,-0.06753843946850446,-0.05989193766023482,-0.220719547069945,0.11833765587307332,0.005870296796593566,0
V3_allz,D01_h5_sl8_t1,cap1w,-0.15848199315905243,-0.29315027995167087,-0.09001287910066288,-0.14839354104579952,0.5098039215686274,51,4.784313725490196,0.071789652,7.99602,-0.08639463641484724,-0.07890426174964782,-0.23099236760933717,0.10390620992250943,-0.008710315571231253,0
V3_allz,D01_h5_sl8_t1,cap3w,-0.12341897581030647,-0.30577813806006626,0.029594941488332693,-0.058233266817041,0.5098039215686274,51,4.784313725490196,0.04301695466666667,25.28914,-0.06753843946850546,-0.059927978489482614,-0.22071954706994557,0.11833765587307377,0.005831734847105752,0
V3_allz,D01_h5_sl8_t1,close_seq,-0.286735930701131,-0.4379763811216316,-0.5274885509920482,-0.4992922223885352,0.42857142857142855,42,4.833333333333333,0.03541854120000001,34.72406,-0.14326492282346548,-0.16746251169088366,-0.13028892389086888,-0.09924289390773078,-0.08952578902900976,0
V3_allz,N2_re300,base,-0.30833483505424286,-0.3016368200926517,-0.0930774544240279,-0.3115868452130724,0.4823529411764706,85,5.741176470588235,0.0421041312,41.27856,0.5440075161891453,-0.5520325142892468,0.20098660571469074,-0.000213107559445036,-0.4239631048775302,0
V3_allz,N2_re300,no_cost,-0.24541157633573152,-0.28302580200597194,0.04212450234281268,-0.16753157879322,0.49411764705882355,85,5.741176470588235,0.0,41.36358,0.6128102070454435,-0.5321281943976396,0.23568093453422412,0.02876981440905224,-0.40641136203748485,0
V3_allz,N2_re300,no_filters,-0.30833483505424286,-0.3016368200926517,-0.0930774544240279,-0.3115868452130724,0.4823529411764706,85,5.741176470588235,0.0421041312,41.27856,0.5440075161891453,-0.5520325142892468,0.20098660571469074,-0.000213107559445036,-0.4239631048775302,0
V3_allz,N2_re300,cap1w,-0.4076031887553072,-0.2881216153833335,-0.19983882559879626,-0.5675559110331979,0.4588235294117647,85,5.741176470588235,0.104444308,7.47858,0.4303003971640462,-0.5858235008399086,0.14456867709917498,-0.05195398611095836,-0.45406437009961487,0
V2_allz,P2_re300_sl8,no_filters,-0.11354481017310336,-0.16792062273882247,0.07733439158233153,-0.10964657674664516,0.4657534246575342,73,6.684931506849315,0.0363744852,35.66126,0.22588370578898243,-0.2768847602421053,-0.002198703438469285,0.07990497986046363,-0.17732712294171815,0
V2_allz,P2_re300_sl8,cap1w,-0.08234522298060443,-0.17527967560345203,0.15645445989653978,-0.02181210019967648,0.4861111111111111,72,6.763888888888889,0.088921788,6.50838,0.16098215469675603,-0.2095875261243072,-0.04160490284824381,0.03484011812654275,-0.07474489585982047,0
V2_allz,P2_re300_sl8,cap3w,-0.12613061623507305,-0.17302995558832823,0.04653995261968629,-0.14623397051522774,0.4657534246575342,73,6.684931506849315,0.042570652,21.04306,0.21844409576765655,-0.28279895089124885,-0.006977732178245266,0.0748574072214272,-0.1812775806837541,0
V2_allz,P2_re300_sl8,close_seq,-0.3841201648772208,-0.22427137512434836,-0.9094857903584509,-1.2146203709700214,0.43283582089552236,67,6.298507462686567,0.0310646604,30.40452,-0.17854774274680696,-0.25025486303709954,-0.15482584396685617,0.008460294504882171,-0.277411621344553,0
V2_allz,S2_re300_sl8_tr15,base,-0.11354481017310336,-0.16792062273882247,0.07733439158233153,-0.10964657674664516,0.4657534246575342,73,6.684931506849315,0.0363744852,35.66126,0.22588370578898243,-0.2768847602421053,-0.002198703438469285,0.07990497986046363,-0.17732712294171815,0
V2_allz,S2_re300_sl8_tr15,no_cost,-0.04491245889767237,-0.15420121377895546,0.2544981245245327,0.08126963860529836,0.4657534246575342,73,6.684931506849315,0.0,35.66824,0.26509007897781034,-0.2450438455149091,0.02254088662944831,0.10660895123416703,-0.1559497194817009,0
V2_allz,S2_re300_sl8_tr15,no_filters,-0.11354481017310336,-0.16792062273882247,0.07733439158233153,-0.10964657674664516,0.4657534246575342,73,6.684931506849315,0.0363744852,35.66126,0.22588370578898243,-0.2768847602421053,-0.002198703438469285,0.07990497986046363,-0.17732712294171815,0
V2_allz,S2_re300_sl8_tr15,cap1w,-0.08234522298060443,-0.17527967560345203,0.15645445989653978,-0.02181210019967648,0.4861111111111111,72,6.763888888888889,0.088921788,6.50838,0.16098215469675603,-0.2095875261243072,-0.04160490284824381,0.03484011812654275,-0.07474489585982047,0
V2_allz,N2_re300,base,0.00812893246300428,-0.16732440462433318,0.36961325491493735,0.2111020440460782,0.4782608695652174,69,7.072463768115942,0.034478958,33.8029,0.2620941760182103,-0.20122527175938842,0.04079640489871106,0.08077406132014331,-0.10377845025982024,0
V2_allz,N2_re300,no_cost,0.08164943167896976,-0.1543755651562343,0.5345429355536967,0.39960919154512886,0.4782608695652174,69,7.072463768115942,0.0,33.80988,0.3011019594578188,-0.1686666645789211,0.06547689810497914,0.10637486066327684,-0.08242792136542265,0
V2_allz,N2_re300,no_filters,0.00812893246300428,-0.16732440462433318,0.36961325491493735,0.2111020440460782,0.4782608695652174,69,7.072463768115942,0.034478958,33.8029,0.2620941760182103,-0.20122527175938842,0.04079640489871106,0.08077406132014331,-0.10377845025982024,0
V2_allz,N2_re300,cap1w,-0.10043025982954634,-0.1760151228777046,0.08915055120741333,-0.08121398310921193,0.463768115942029,69,7.057971014492754,0.0855841,6.3785,0.20081631386148446,-0.2508681554486105,0.0014742190979950553,0.04045585570997834,-0.13668078801545747,0
V2_allz,N2_re300,cap3w,-0.005297127501931453,-0.16957722640422723,0.34292032046114146,0.1752151049375634,0.4782608695652174,69,7.072463768115942,0.040272112,19.92936,0.25472990280231955,-0.20723745383249836,0.03602387807078755,0.07593595347039361,-0.10764597497304473,0
V2_allz,N2_re300,close_seq,-0.3257931379364968,-0.18530494559214372,-0.701989561018656,-1.1150070203040419,0.43548387096774194,62,6.903225806451613,0.029492440400000004,28.90252,-0.1402716642220423,-0.2157908097173259,-0.09338676782735911,0.0407434649502032,-0.28545855725366887,0
V2_allz,P2_re300_sl8,base,-0.11354481017310336,-0.16792062273882247,0.07733439158233153,-0.10964657674664516,0.4657534246575342,73,6.684931506849315,0.0363744852,35.66126,0.22588370578898243,-0.2768847602421053,-0.002198703438469285,0.07990497986046363,-0.17732712294171815,0
V2_allz,P2_re300_sl8,no_cost,-0.04491245889767237,-0.15420121377895546,0.2544981245245327,0.08126963860529836,0.4657534246575342,73,6.684931506849315,0.0,35.66824,0.26509007897781034,-0.2450438455149091,0.02254088662944831,0.10660895123416703,-0.1559497194817009,0
V2_allz,T2_re300_mh5_sl8_tr15,base,0.06352829253165382,-0.14432000877128848,0.43287156019009954,0.35274237666669134,0.5185185185185185,54,9.037037037037036,0.026592501599999995,26.07108,-0.0403917360608298,0.10829422014968304,-0.13470721188212964,0.2516205558835769,-0.017995955383075413,0
V2_allz,T2_re300_mh5_sl8_tr15,no_cost,0.12372096086409834,-0.1408640137725733,0.5611837553409437,0.5064294197254053,0.5185185185185185,54,9.037037037037036,0.0,26.1563,-0.013559914014118823,0.13916798073044068,-0.11857255740653505,0.27460673989964857,0.00022038956238645824,0
V2_allz,T2_re300_mh5_sl8_tr15,no_filters,0.06352829253165382,-0.14432000877128848,0.43287156019009954,0.35274237666669134,0.5185185185185185,54,9.037037037037036,0.026592501599999995,26.07108,-0.0403917360608298,0.10829422014968304,-0.13470721188212964,0.2516205558835769,-0.017995955383075413,0
V2_allz,T2_re300_mh5_sl8_tr15,cap1w,-0.02266894122389118,-0.14583986264680482,0.18777409895001057,0.11759459426204255,0.5,54,9.018518518518519,0.06656767200000001,4.83372,-0.07520670934280194,0.05681028252440612,-0.16090317624850525,0.2220369962162554,-0.04688507712730228,0
V2_allz,T2_re300_mh5_sl8_tr15,cap3w,0.050810691630463145,-0.14724786979562987,0.292502944198383,0.31915207638067905,0.5185185185185185,54,9.037037037037036,0.031097101333333335,15.11204,-0.04669353719394809,0.10228004595438112,-0.1380560216185288,0.2457191455829668,-0.021354724771313838,0
V2_allz,T2_re300_mh5_sl8_tr15,close_seq,-0.1728622087537266,-0.16070682824521698,-0.24232102447899906,-0.31220223364942,0.41509433962264153,53,8.226415094339623,0.025925748000000002,25.4174,0.1275032977302406,-0.2663987831242962,-0.1913938324033838,0.44160899546477395,-0.29043312870536697,0
V2_allz,T2_re250_sl8_tr15,base,-0.03094419239245705,-0.14286316169571667,0.1001875906061714,0.05982193935364529,0.39655172413793105,58,8.413793103448276,0.0281342724,27.58262,0.004374008032719479,-0.03516439109605618,-0.17339382848368623,0.06017784103828139,0.10578685376299912,0
V2_allz,T2_re250_sl8_tr15,no_cost,0.028147509808455373,-0.13058150619637754,0.28116073827443,0.24896141903448898,0.39655172413793105,58,8.413793103448276,0.0,27.95162,0.03558241441099397,-0.007179442697245464,-0.15709548223131853,0.08087994004842192,0.1284948709702567,0
V3_allz,A01_daily_top1,base,-0.4122283364311211,-0.5006676342796721,-1.0086030938989463,-1.1620654539229278,0.448559670781893,243,1.0,0.22346319120000005,219.08156,0.24599335449210202,-0.5282706272470692,0.1619379026772656,-0.20968783206910935,-0.35993061115713476,0
V3_allz,A01_daily_top1,no_cost,-0.24664665182123502,-0.4142031692298711,-0.3146945702645363,-0.5270503064730744,0.4567901234567901,243,1.0,0.0,232.9512,0.4122576759048575,-0.4665609817301378,0.26184463007523306,-0.1414867924157146,-0.30458211141928493,0
V3_allz,A01_daily_top1,no_filters,-0.4122283364311211,-0.5006676342796721,-1.0086030938989463,-1.1620654539229278,0.448559670781893,243,1.0,0.22346319120000005,219.08156,0.24599335449210202,-0.5282706272470692,0.1619379026772656,-0.20968783206910935,-0.35993061115713476,0
V3_allz,A01_daily_top1,cap1w,-0.5087292226921465,-0.500536543408016,-1.262998826148913,-1.6180363671835005,0.43621399176954734,243,1.0,0.34906824799999997,40.79548,0.1613124446071983,-0.5769693336283666,0.10868569387523386,-0.2464037110600199,-0.4120048597178868,0
V3_allz,A01_daily_top1,cap3w,-0.41258159242322334,-0.4926021343341025,-1.008824199642194,-1.1635689625069303,0.448559670781893,243,1.0,0.221741026,130.21378,0.24599335449210002,-0.528554140791365,0.16193790267726338,-0.20968783206910957,-0.36031529854678634,0
V3_allz,A01_daily_top1,close_seq,-0.03874654157496871,-0.21669812753104756,0.34358585786366175,0.06921557157568699,0.4426229508196721,122,1.0,0.12180899160000001,119.42058,0.18775419799663484,-0.19069664409828058,0.09893251524315771,0.041404925551553395,-0.1600619330942059,0
V3_allz,D01_h5_sl8_t1,base,-0.12338536912242193,-0.3156570185704689,0.050663869224430745,-0.058133202994959936,0.5098039215686274,51,4.784313725490196,0.043200651599999994,42.35358,-0.06753843946850446,-0.05989193766023482,-0.220719547069945,0.11833765587307332,0.005870296796593566,0
V3_allz,D01_h5_sl8_t1,no_cost,-0.07643596967360511,-0.3094763719364759,0.1888557122232497,0.05602419924833079,0.5098039215686274,51,4.784313725490196,0.0,43.50068,-0.04240642580966647,-0.035536520692206475,-0.20693291204576048,0.13783026517341646,0.0234805685897701,0
V4_allz,T2_re250_sl8_tr15,no_filters,0.4515193227728611,-0.21545096730571722,1.0224297189634668,0.8993029112115224,0.4696969696969697,66,7.393939393939394,0.0329289736,32.26368,0.7114902658793198,-0.1518974126171222,0.19682307865445203,0.4590497635596542,-0.16876702794260845,0
V4_allz,T2_re250_sl8_tr15,cap1w,-0.0017804214880994262,-0.3064742856602156,0.4753286123057417,0.281981648842366,0.463768115942029,69,7.043478260869565,0.08498204399999999,6.14694,0.42369020484336506,-0.2988505679704909,0.46257278816695835,-0.32107921991198973,0.005285672921017781,0
V4_allz,T2_re250_sl8_tr15,cap3w,0.401492418533105,-0.31311957358596165,1.438862272296715,0.7232047769968243,0.4788732394366197,71,6.873239436619718,0.041255632,20.29496,1.5255254371797338,-0.445068975389866,1.7062738267775726,-0.3411051198545799,-0.21403558696349168,0
V4_allz,T2_re250_sl8_tr15,close_seq,-0.12250375097847632,-0.2647297901159077,0.033847868990526817,-0.0620367835175751,0.484375,64,6.65625,0.031139456,30.4653,0.28735871612864394,-0.3183747171415148,0.2823095883467892,-0.14347414515347368,-0.2010641634545025,0
V4_allz,T2_re400_sl8_tr15,base,-0.5368296361000623,-0.5987870616886724,-0.3867032832450708,-0.5660860816731131,0.4032258064516129,62,7.870967741935484,0.029736911199999994,29.05406,0.7535866063772481,-0.7358725470327321,1.1004099878670646,-0.3730270854237381,-0.6482874148065828,0
V4_allz,T2_re400_sl8_tr15,no_cost,-0.5060721996163641,-0.5879389279533855,-0.29356828926464085,-0.48841182361072966,0.4032258064516129,62,7.870967741935484,0.0,29.2388,0.8058751197053395,-0.7264883961277295,1.1427236691189937,-0.3597919284892118,-0.6399389376143263,0
V4_allz,T2_re400_sl8_tr15,no_filters,-0.15909307489552704,-0.3349303787917768,0.3538254052268727,0.10146393125385837,0.4918032786885246,61,8.0,0.0296784536,29.03868,0.27244988218863386,-0.33914338248190967,0.2028465813394209,-0.3653845147249466,0.10160785932427818,0
V4_allz,T2_re400_sl8_tr15,cap1w,-0.032547585709482685,-0.4669805259392521,0.731297882221182,0.32316287984095765,0.45614035087719296,57,8.508771929824562,0.07057324799999999,5.22048,1.973787131534674,-0.6746732797275752,2.688810433547261,-0.35692162665048854,-0.5921698110099733,0
V5_allz,A01_daily_top1,base,-0.3357581406928447,-0.3760656562178528,-1.149655861147538,-1.325034865327602,0.43209876543209874,243,1.0,0.1963750104,192.52452,-0.21434128435792088,-0.1545414744564957,-0.10873420597975936,-0.16721556198318122,-0.10507549433539676,0
V5_allz,A01_daily_top1,no_cost,-0.14873683560029782,-0.2661172482319255,-0.31315458147675634,-0.43481591141368536,0.4403292181069959,243,1.0,0.0,216.62776,-0.10920425938140321,-0.04437894616721172,-0.03192121773307788,-0.09539160903058941,-0.027941219302160314,0
V5_allz,A01_daily_top1,no_filters,-0.3357581406928447,-0.3760656562178528,-1.149655861147538,-1.325034865327602,0.43209876543209874,243,1.0,0.1963750104,192.52452,-0.21434128435792088,-0.1545414744564957,-0.10873420597975936,-0.16721556198318122,-0.10507549433539676,0
V5_allz,A01_daily_top1,cap1w,-0.48186193164449076,-0.455261451331087,-2.1505842056648565,-2.2220173158296688,0.4049586776859504,242,1.0,0.328437988,33.24538,-0.2838174555522448,-0.27652792940514503,-0.15878187992155546,-0.23261551605223463,-0.1973543266378206,0
V5_allz,A01_daily_top1,cap3w,-0.3364164467576507,-0.3703768012986418,-1.1638248693115558,-1.3288118190711755,0.43209876543209874,243,1.0,0.1951196126666667,114.40888,-0.2143641661748863,-0.1553547780382094,-0.1087601635365979,-0.1672365836725611,-0.10591381347165407,0
V5_allz,A01_daily_top1,close_seq,-0.26123847149130086,-0.4207006893223696,-1.0213143027027578,-1.2212156393516582,0.45081967213114754,122,1.0,0.1023362124,100.32962,-0.15588756920929037,-0.12480671820378808,-0.06525280319435212,-0.2127566785798808,0.00392464282890681,0
V5_allz,D01_h5_sl8_t1,base,-0.25544032150515084,-0.30681091788171744,-0.9338526201687282,-1.1100685741849654,0.3829787234042553,47,5.191489361702128,0.039158493600000004,38.39068,-0.20307091323640203,-0.06571401287588363,-0.18455717668295557,-0.009568912869049484,-0.07810441482470865,10
V5_allz,D01_h5_sl8_t1,no_cost,-0.21870289509845486,-0.2743306016088217,-0.724917782123332,-0.9091837973914584,0.3829787234042553,47,5.191489361702128,0.0,39.22344,-0.18401623276518442,-0.042509010259868196,-0.17185816756759997,0.0057036819003410955,-0.061916597713674304,10
V4_allz,S2_re300_sl8_tr15,cap3w,0.35870361783120797,-0.20484615807587525,1.0317064528789153,0.7651581033814463,0.4536082474226804,97,5.020618556701031,0.05639172266666667,27.75968,0.7492509658094153,-0.22326547511579786,0.3225362303116537,-0.09747462978785815,0.13830261814632983,0
V4_allz,S2_re300_sl8_tr15,close_seq,-0.38699069332052105,-0.42685753662246184,-0.6831294947718737,-0.813224790476488,0.41025641025641024,78,5.269230769230769,0.036853817600000005,35.62338,0.23627832361200674,-0.504149433852028,0.11262118915346075,-0.22618018167385956,-0.28800016464900813,0
V4_allz,T2_re300_mh5,base,0.7263821622849793,-0.17933380915587616,1.7183079834679593,0.9201855180097842,0.46875,64,7.625,0.032001541200000004,31.37406,1.5427875211618844,-0.3210670777965209,1.6619253499011455,0.040773369947378235,-0.37686105246980683,0
V4_allz,T2_re300_mh5,no_cost,0.842510673314546,-0.17357589204854196,1.8120972307608385,0.9808392451096494,0.46875,64,7.625,0.0,31.37406,1.6256875683370908,-0.29827497546425497,1.7179407978398782,0.06330687619345321,-0.362454187995654,0
V4_allz,T2_re300_mh5,no_filters,0.5126276078906049,-0.22409719304657316,1.1312414752224749,0.9674588948839985,0.5,60,8.133333333333333,0.029980554000000006,29.3927,1.0061975369068876,-0.2460225974443465,0.4835706322538007,0.3269802857689632,-0.2316495957069017,0
V4_allz,T2_re300_mh5,cap1w,-0.18312422471926337,-0.2994223806804027,-0.14320535880525329,-0.11653079369257144,0.532258064516129,62,7.838709677419355,0.07639120799999999,5.53508,0.4186838713263028,-0.4242016901784792,0.3087756329973741,-0.12150569318239579,-0.2895199867966437,0
V4_allz,T2_re300_mh5,cap3w,0.7045328494972174,-0.17468408253758028,1.6682438179002812,0.9083347197461227,0.46875,64,7.625,0.03724124266666666,18.35528,1.5270637901794974,-0.32548879212259807,1.6509380979265407,0.03628483309021524,-0.3795216296765247,0
V4_allz,T2_re300_mh5,close_seq,0.17434560309219815,-0.28014500316077984,0.8238061665751435,0.5539260176138633,0.42105263157894735,57,7.5964912280701755,0.0281878596,27.59398,0.3397149022266259,-0.12343618695259817,0.3184468208103963,0.0006760181215186289,-0.10989791778160807,0
V4_allz,N2_re300,base,1.3444694548738725,-0.17365472236998547,1.8367352131635781,1.5459716069848077,0.4777777777777778,90,5.4222222222222225,0.044492314000000005,43.5817,0.48500959787776,0.5787571058290635,0.18040258441355084,0.5723809263834823,0.26315504266254175,0
V4_allz,N2_re300,no_cost,1.568847840863306,-0.1675488146599653,1.9778541564590062,1.67593282079367,0.4777777777777778,90,5.4222222222222225,0.0,43.61944,0.5609476349197391,0.6456976412250943,0.21699883217096616,0.6209419460486254,0.3022091971607146,0
V4_allz,N2_re300,no_filters,2.9603371501844404,-0.16765923350633627,2.3680977622840094,2.248659212135914,0.4883720930232558,86,5.674418604651163,0.04234966879999999,41.46144,1.0876899418223474,0.896994889350023,0.3420116580383705,1.1651201659166324,0.3629937554120297,0
V4_allz,N2_re300,cap1w,0.5974300085680446,-0.18922960353371132,1.4285199271610323,0.9639183527045447,0.42696629213483145,89,5.426966292134831,0.109887724,8.03374,1.214639900778701,-0.27869537254956744,0.7349408793074601,0.3228381914524068,-0.3039660336897545,0
V4_allz,N2_re300,cap3w,1.4155721933309557,-0.1640110490524772,1.7050640501842573,1.5903124920866496,0.4888888888888889,90,5.411111111111111,0.052271270666666675,25.69762,0.5428658926972565,0.565639764780868,0.17295494677643575,0.6396605195210179,0.2559858619728721,0
V4_allz,N2_re300,close_seq,-0.5458641727237947,-0.4325560527818274,-1.123218538044303,-1.3954317994337413,0.40789473684210525,76,5.407894736842105,0.0351613224,33.76062,0.10181987280693972,-0.5878311523649755,-0.00838822965554853,-0.2574411467755464,-0.3832442434800136,0
V4_allz,P2_re300_sl8,base,0.320149393699817,-0.22053324418568232,1.0742477641796824,0.729390797856994,0.44329896907216493,97,5.030927835051546,0.048010987600000006,47.03138,0.6851337295116757,-0.21659072477151475,0.33136480250499867,-0.13440521862712462,0.14554295793563576,0
V4_allz,P2_re300_sl8,no_cost,0.45756932533818095,-0.2054884210825968,1.2227457556791146,0.8512860312525259,0.44329896907216493,97,5.030927835051546,0.0,47.06392,0.7783594895667696,-0.1803854429380516,0.37530569806530845,-0.10544484942866339,0.18473946911971373,0
V4_allz,P2_re300_sl8,no_filters,1.1454921440689607,-0.20759212037495145,1.6597230289410765,1.311995569989655,0.45555555555555555,90,5.4222222222222225,0.044473790799999996,43.56354,1.231813319118951,-0.03867759651334446,0.5067301938244029,0.12914973554226283,0.2610720498900949,0
V4_allz,P2_re300_sl8,cap1w,1.3313959356639278,-0.13043810199498085,1.89753831070835,1.4311412277374618,0.45161290322580644,93,5.193548387096774,0.11486236000000001,8.4086,1.3681471376275054,-0.015518968977745629,0.9834253409120692,0.2066290990282278,-0.025848770799811294,0
V4_allz,P2_re300_sl8,cap3w,0.35870361783120797,-0.20484615807587525,1.0317064528789153,0.7651581033814463,0.4536082474226804,97,5.020618556701031,0.05639172266666667,27.75968,0.7492509658094153,-0.22326547511579786,0.3225362303116537,-0.09747462978785815,0.13830261814632983,0
V4_allz,P2_re300_sl8,close_seq,-0.38699069332052105,-0.42685753662246184,-0.6831294947718737,-0.813224790476488,0.41025641025641024,78,5.269230769230769,0.036853817600000005,35.62338,0.23627832361200674,-0.504149433852028,0.11262118915346075,-0.22618018167385956,-0.28800016464900813,0
V4_allz,S2_re300_sl8_tr15,base,0.320149393699817,-0.22053324418568232,1.0742477641796824,0.729390797856994,0.44329896907216493,97,5.030927835051546,0.048010987600000006,47.03138,0.6851337295116757,-0.21659072477151475,0.33136480250499867,-0.13440521862712462,0.14554295793563576,0
V4_allz,S2_re300_sl8_tr15,no_cost,0.45756932533818095,-0.2054884210825968,1.2227457556791146,0.8512860312525259,0.44329896907216493,97,5.030927835051546,0.0,47.06392,0.7783594895667696,-0.1803854429380516,0.37530569806530845,-0.10544484942866339,0.18473946911971373,0
V4_allz,S2_re300_sl8_tr15,no_filters,1.1454921440689607,-0.20759212037495145,1.6597230289410765,1.311995569989655,0.45555555555555555,90,5.4222222222222225,0.044473790799999996,43.56354,1.231813319118951,-0.03867759651334446,0.5067301938244029,0.12914973554226283,0.2610720498900949,0
V4_allz,S2_re300_sl8_tr15,cap1w,1.3544541191366446,-0.12926786953137903,1.93803586999497,1.4329770654046172,0.4479166666666667,96,5.03125,0.118622912,8.70112,1.391568801170147,-0.015518968977745629,1.1687943747968599,-0.02013721080031461,0.10791537238038473,0
V5_allz,D01_h5_sl8_t1,no_filters,-0.25544032150515084,-0.30681091788171744,-0.9338526201687282,-1.1100685741849654,0.3829787234042553,47,5.191489361702128,0.039158493600000004,38.39068,-0.20307091323640203,-0.06571401287588363,-0.18455717668295557,-0.009568912869049484,-0.07810441482470865,10
V5_allz,D01_h5_sl8_t1,cap1w,-0.2045352045443155,-0.29372252297986323,-0.6725699542077617,-0.692784456423331,0.42857142857142855,49,4.959183673469388,0.068722664,7.58564,-0.24201052229851494,0.0494404195000695,-0.22109107599388855,0.09251219966825319,-0.06522306236968411,0
V5_allz,D01_h5_sl8_t1,cap3w,-0.25547067142087954,-0.3079438633353544,-0.963285959240435,-1.1102434611925798,0.3829787234042553,47,5.191489361702128,0.03844895933333334,22.60178,-0.2030940730123767,-0.06572494523474226,-0.18458087449173388,-0.009568912869050261,-0.0781152021997803,10
V5_allz,D01_h5_sl8_t1,close_seq,0.1155521378351061,-0.2547281955705597,0.5975201460054946,0.5064604925241797,0.4146341463414634,41,4.975609756097561,0.040488777600000005,39.69488,-0.08427418253412411,0.21821632256936585,0.0716042984836105,-0.1288016083771477,0.19491870860851868,0
V5_allz,N2_re300,base,-0.44161929622121243,-0.2979281671161206,-0.9102520528641289,-1.429160078303855,0.4117647058823529,68,7.176470588235294,0.0307054948,29.73174,-0.16985834367879526,-0.32736696258170317,-0.07143007850081073,-0.2074520795497412,-0.24126475376785728,0
V5_allz,N2_re300,no_cost,-0.40045515441078694,-0.277273753952718,-0.7631974256345251,-1.2327875469141787,0.4117647058823529,68,7.176470588235294,0.0,30.01716,-0.1395607816129376,-0.3032106942857733,-0.05030344001911369,-0.18921951022717587,-0.22136572133045773,0
V5_allz,N2_re300,no_filters,-0.44161929622121243,-0.2979281671161206,-0.9102520528641289,-1.429160078303855,0.4117647058823529,68,7.176470588235294,0.0307054948,29.73174,-0.16985834367879526,-0.32736696258170317,-0.07143007850081073,-0.2074520795497412,-0.24126475376785728,0
V5_allz,N2_re300,cap1w,-0.4133319481101846,-0.30528730788746894,-0.8987684148050653,-1.185325286797119,0.3939393939393939,66,7.333333333333333,0.078773384,4.91284,-0.321742384916906,-0.1350365423940839,-0.23441086564398994,-0.22662072852225168,-0.009158587487149705,0
V4_allz,T2_re400_sl8_tr15,cap3w,-0.5255317098256294,-0.5803059815367085,-0.33389521154201784,-0.5404804785922153,0.4098360655737705,61,7.983606557377049,0.03488253466666667,16.78754,0.6429147733778111,-0.7112033455035102,1.091792945106178,-0.3402037319247807,-0.6562215539840142,0
V4_allz,T2_re400_sl8_tr15,close_seq,0.9640941877628737,-0.29192386895521627,1.5094571930814498,1.1485645210503146,0.46551724137931033,58,7.448275862068965,0.028672465199999997,28.11026,0.9365550798004199,0.014220668572613837,0.8937090301995885,0.03652385570417915,0.000621334754418168,1
V4_allz,U2_re300_h20,base,1.438008882265172,-0.17365472236998547,1.9131607395907269,1.586053660901297,0.4725274725274725,91,5.362637362637362,0.044990971600000006,44.07058,0.48500959787776,0.6417462121115936,0.18040258441355084,0.6922186243266875,0.22053056964264806,0
V4_allz,U2_re300_h20,no_cost,1.6739980722312189,-0.1675488146599653,2.0561613649441424,1.715330121471525,0.4725274725274725,91,5.362637362637362,0.0,44.10832,0.5609476349197391,0.713060715434384,0.21699883217096616,0.7443912493041371,0.2595836915253391,0
V4_allz,U2_re300_h20,no_filters,3.1183463187554503,-0.16765923350633627,2.436774098687815,2.2784114897380805,0.4827586206896552,87,5.609195402298851,0.0428483264,41.95032,1.0876899418223474,0.9726810175463798,0.321275325889564,1.419598561303295,0.2882086823909904,0
V4_allz,U2_re300_h20,cap1w,0.5974300085680446,-0.18922960353371132,1.4285199271610323,0.9639183527045447,0.42696629213483145,89,5.426966292134831,0.109887724,8.03374,1.214639900778701,-0.27869537254956744,0.7349408793074601,0.3228381914524068,-0.3039660336897545,0
V4_allz,U2_re300_h20,cap3w,1.5114873770792916,-0.1615258965617321,1.7793686840316219,1.629494465613378,0.4835164835164835,91,5.351648351648351,0.052856804000000014,25.98862,0.5428658926972565,0.6278066609461945,0.17295494677643575,0.7646285119547531,0.213378726630997,0
V4_allz,U2_re300_h20,close_seq,-0.5458641727237947,-0.4325560527818274,-1.123218538044303,-1.3954317994337413,0.40789473684210525,76,5.407894736842105,0.0351613224,33.76062,0.10181987280693972,-0.5878311523649755,-0.00838822965554853,-0.2574411467755464,-0.3832442434800136,0
V5_allz,T2_re300_mh5,no_filters,-0.2881845509584986,-0.28735249463730106,-0.4215666324074404,-0.8023032502531426,0.41379310344827586,58,8.413793103448276,0.025160789200000006,24.12146,-0.278414897000433,-0.013539156944141428,-0.29079609437330356,-0.0006964172514293265,0.004381827874375022,0
V5_allz,T2_re300_mh5,cap1w,-0.3093213723556312,-0.24946225656930776,-0.41526784694292224,-0.8974845631762534,0.42857142857142855,56,8.642857142857142,0.06735664400000001,4.36794,-0.25187745543625506,-0.07678410086261167,-0.2619491454978288,-0.0263424021942823,-0.03886703523744239,0
V5_allz,T2_re300_mh5,cap3w,-0.30070608762776263,-0.2893504484234173,-0.5047139455926845,-0.8537713141473506,0.41379310344827586,58,8.413793103448276,0.031548688,14.09464,-0.28428768095333934,-0.02293995260035886,-0.29480565156093963,-0.006501540411583906,-0.0018777743015480075,0
V5_allz,T2_re300_mh5,close_seq,0.24808224065415185,-0.16731568360764104,0.7853182144811462,0.7433758921506615,0.5094339622641509,53,8.20754716981132,0.025908815999999998,25.4008,-0.014884228642984776,0.2669396602339389,0.02339976585393133,-0.12824730934406015,0.3989577345931463,0
V5_allz,T2_re300_mh5_sl8_tr15,base,-0.17708183413307332,-0.23071854646584644,-0.1133376167511322,-0.3565285548900475,0.3898305084745763,59,8.271186440677965,0.025962597599999998,25.03588,-0.25680759542616083,0.107274725632865,-0.265322843037359,0.0062690299914165415,0.11313030391558287,0
V5_allz,T2_re300_mh5_sl8_tr15,no_cost,-0.12479460150456934,-0.22045596746441454,-0.041530686390927794,-0.18637026540869758,0.3898305084745763,59,8.271186440677965,0.0,25.32618,-0.23474108943548577,0.14367227406710126,-0.250636954407812,0.026679697532433932,0.13758207849554682,0
V5_allz,T2_re300_mh5_sl8_tr15,no_filters,-0.17708183413307332,-0.23071854646584644,-0.1133376167511322,-0.3565285548900475,0.3898305084745763,59,8.271186440677965,0.025962597599999998,25.03588,-0.25680759542616083,0.107274725632865,-0.265322843037359,0.0062690299914165415,0.11313030391558287,0
V5_allz,T2_re300_mh5_sl8_tr15,cap1w,-0.2760102259196249,-0.2572201519969126,-0.3515009386374759,-0.7115944300247579,0.3793103448275862,58,8.379310344827585,0.069577904,4.45304,-0.2911854636872827,0.021409320760548356,-0.3017066954626172,-0.04643312215371065,0.08728500033103326,0
V5_allz,T2_re400_sl8_tr15,base,-0.15768760699657458,-0.23281490366328816,-0.17324761503136893,-0.34986595552121386,0.4444444444444444,45,10.844444444444445,0.020062582,19.5616,-0.19747148614264787,0.04957316588647065,-0.08087444289238943,-0.2269758724985509,0.18551021123814926,0
V5_allz,T2_re400_sl8_tr15,no_cost,-0.11772797268479429,-0.22123807289222586,-0.0642434610885073,-0.21013397032974243,0.4444444444444444,45,10.844444444444445,0.0,19.9204,-0.17979555315212692,0.07567330402299599,-0.0665202143663588,-0.21483237686056156,0.20374697652721308,0
V5_allz,T2_re400_sl8_tr15,no_filters,-0.15768760699657458,-0.23281490366328816,-0.17324761503136893,-0.34986595552121386,0.4444444444444444,45,10.844444444444445,0.020062582,19.5616,-0.19747148614264787,0.04957316588647065,-0.08087444289238943,-0.2269758724985509,0.18551021123814926,0
V5_allz,T2_re400_sl8_tr15,cap1w,-0.4406797799380301,-0.29027889407251783,-1.1397083666255385,-1.6729984720175908,0.37777777777777777,45,10.777777777777779,0.05418138,3.5313,-0.22401830588454075,-0.27920951704983366,-0.10036155797731505,-0.25015130428587606,-0.17087716808991693,0
V5_allz,T2_re400_sl8_tr15,cap3w,-0.16881023903012615,-0.24199589601674287,-0.25584791506084015,-0.3903810891350132,0.4444444444444444,45,10.844444444444445,0.02492260533333333,11.44916,-0.20174676689942694,0.04126075097919557,-0.08424576975471221,-0.23037980041422745,0.17935565396081654,0
V5_allz,T2_re400_sl8_tr15,close_seq,0.2575854219920808,-0.2504231499820473,0.7650516239649238,0.7786122027513579,0.5434782608695652,46,9.608695652173912,0.0228286812,22.38106,0.2503406532832937,0.0057942359066411875,0.33278781549850733,-0.21200769943467657,0.19744205445810814,0
V5_allz,U2_re300_h20,base,-0.062949801777899,-0.20283138667946787,0.1642073893780271,0.022986845325568002,0.47692307692307695,65,7.507692307692308,0.0316074336,30.98768,0.09062844409719406,-0.14081628505684363,0.091272174640469,-0.05030864402896407,-0.09583583586118505,0
V5_allz,U2_re300_h20,no_cost,0.001353805053513124,-0.18920827742072188,0.29867133147454655,0.19739570323751154,0.47692307692307695,65,7.507692307692308,0.0,31.06792,0.12559614254497387,-0.1103791429229215,0.11482621382601566,-0.02969955051574502,-0.07429172107776905,0
V4_allz,T2_re300_mh5_sl8_tr15,base,-0.062138447572926525,-0.3399439478928783,0.793464363051225,0.3429042571384163,0.4264705882352941,68,7.176470588235294,0.0339639804,33.29802,1.6889893646436778,-0.6512215463703217,1.8627613240658385,-0.25650373579749464,-0.5593692513065509,0
V4_allz,T2_re300_mh5_sl8_tr15,no_cost,0.0054917648987875545,-0.32799546517395306,0.9007426509750325,0.40745399443392055,0.4264705882352941,68,7.176470588235294,0.0,33.29802,1.7765339740278097,-0.6378608098066384,1.925828620904118,-0.23945065580109537,-0.5481417272243783,0
V4_allz,T2_re300_mh5_sl8_tr15,no_filters,-0.45748872607763647,-0.4509782268349456,-0.3533874098603239,-0.793037220993668,0.4090909090909091,66,7.393939393939394,0.031122416800000004,30.01334,0.06068619220049665,-0.48852801336381,0.3120468194876771,-0.3825785141149992,-0.33030401338990556,0
V4_allz,T2_re300_mh5_sl8_tr15,cap1w,-0.27627400266581637,-0.35789598660956945,-0.4065654114208716,-0.3948375482746414,0.5151515151515151,66,7.333333333333333,0.081095496,5.80596,0.4998091125904798,-0.5174545938821777,0.5407705890348591,-0.2751511687055259,-0.35197949155018793,0
V4_allz,T2_re300_mh5_sl8_tr15,cap3w,-0.0755047573580786,-0.3247576814225741,0.8215923649059703,0.3296251869108088,0.4264705882352941,68,7.176470588235294,0.039410233333333336,19.3195,1.672292550311385,-0.6540441492701854,1.85046526264148,-0.2601763017053482,-0.5616099493667377,0
V4_allz,T2_re300_mh5_sl8_tr15,close_seq,1.6070866451462078,-0.11486208892719207,2.1493500424932006,1.6166253264516397,0.47368421052631576,57,7.5964912280701755,0.028018584,27.4692,1.7528469257312094,-0.052948923248351765,1.2217492765516824,0.4540301690836144,-0.19297497877910186,0
V4_allz,T2_re250_sl8_tr15,base,0.4220260973366927,-0.3247814503243014,1.4155239408742128,0.736208233018169,0.4788732394366197,71,6.873239436619718,0.0355445316,34.84758,1.5418284269211955,-0.44054992765222567,1.7184003111979336,-0.3376519414885878,-0.21021680632727557,0
V4_allz,T2_re250_sl8_tr15,no_cost,0.5287873944207451,-0.3125655270483605,1.5226619082904698,0.8010246312892768,0.4788732394366197,71,6.873239436619718,0.0,34.84758,1.6273511043855255,-0.41812596273527347,1.7812088213585389,-0.3217061551661834,-0.1896071160886943,0
V5_allz,U2_re300_h20,no_filters,-0.062949801777899,-0.20283138667946787,0.1642073893780271,0.022986845325568002,0.47692307692307695,65,7.507692307692308,0.0316074336,30.98768,0.09062844409719406,-0.14081628505684363,0.091272174640469,-0.05030864402896407,-0.09583583586118505,0
V5_allz,U2_re300_h20,cap1w,-0.2804839700133873,-0.23094018232491997,-0.44416566102978083,-0.6993819077640069,0.453125,64,7.609375,0.077092196,5.03546,-0.0947947837526063,-0.20513490524344502,0.04223721426381877,-0.1646562081883034,-0.1735651008074629,0
V5_allz,U2_re300_h20,cap3w,-0.07658092285480955,-0.20007364783592851,0.10308640124665237,-0.015604081363522624,0.47692307692307695,65,7.507692307692308,0.03728036,18.0158,0.08330458395127982,-0.14759053840879954,0.08611369787449807,-0.05461387476138302,-0.10067984357068627,0
V5_allz,U2_re300_h20,close_seq,0.24519054639632665,-0.11350674750014489,0.8046124269971584,0.7051180253293874,0.5384615384615384,65,6.538461538461538,0.0317961104,31.16052,0.11829906675623714,0.11346828716235402,0.10958378812610414,-0.01652134592198895,0.14106602326508577,0
V6_allz,A01_daily_top1,base,0.0747557205831022,-0.35797212836984127,0.5559196634182861,0.4077216865437304,0.49794238683127573,243,1.0,0.240853008,236.1304,0.13143068809040326,-0.05009141797537331,0.16510999945151417,-0.11936769891734333,0.047485994131486686,0
V6_allz,A01_daily_top1,no_cost,0.37685332265556126,-0.26137884872824657,1.4531172403287356,1.332725350958155,0.5185185185185185,243,1.0,0.0,238.54376,0.28247866733692484,0.07358769991442093,0.2652652909808746,-0.04345946476660967,0.13763436789440298,0
V6_allz,A01_daily_top1,no_filters,0.0747557205831022,-0.35797212836984127,0.5559196634182861,0.4077216865437304,0.49794238683127573,243,1.0,0.240853008,236.1304,0.13143068809040326,-0.05009141797537331,0.16510999945151417,-0.11936769891734333,0.047485994131486686,0
V6_allz,A01_daily_top1,cap1w,-0.05963494061839203,-0.36339094518690374,0.06696664973233454,-0.09231247218593515,0.49586776859504134,242,1.0,0.353392892,42.84342,0.05153143492539236,-0.10571854711283268,0.11129890316083269,-0.18246161144363793,0.03504073822495335,0
V6_allz,A01_daily_top1,cap3w,0.07475572058309843,-0.35545275692435974,0.5327549280949507,0.4077216865437193,0.49794238683127573,243,1.0,0.23742968400000003,139.66452,0.13143068809040082,-0.05009141797537431,0.1651099994515126,-0.11936769891734533,0.047485994131486464,0
V6_allz,A01_daily_top1,close_seq,0.4416529286853168,-0.16340857817998455,1.6648821919598613,1.4238171735235223,0.5901639344262295,122,1.0,0.12220970880000001,119.81344,0.10479385049919121,0.30490672810490316,0.06805927716652249,0.1724299309118662,0.15127338528910217,0
V6_allz,D01_h5_sl8_t1,base,1.3332723586549409,-0.13984353989956522,2.888167973151887,2.9370093634253456,0.5918367346938775,49,4.979591836734694,0.0490619184,48.09992,0.44724194295196784,0.6122199677931663,0.32088805098953044,0.2265407595636506,0.44018220259297847,0
V6_allz,D01_h5_sl8_t1,no_cost,1.4513069414008766,-0.13358828104744613,3.0485466266790144,3.0999395532472165,0.6122448979591837,49,4.979591836734694,0.0,48.09992,0.4842066587583773,0.651594086939034,0.3423374545421525,0.24653251032780954,0.46498229853435324,0
V6_allz,D01_h5_sl8_t1,no_filters,1.3332723586549409,-0.13984353989956522,2.888167973151887,2.9370093634253456,0.5918367346938775,49,4.979591836734694,0.0490619184,48.09992,0.44724194295196784,0.6122199677931663,0.32088805098953044,0.2265407595636506,0.44018220259297847,0
V6_allz,D01_h5_sl8_t1,cap1w,1.2645174045935792,-0.14237616883780757,2.74329557843225,2.8390218440559587,0.5918367346938775,49,4.979591836734694,0.072031892,8.85842,0.4257877142687341,0.5882570609433371,0.3081139885188111,0.21510535973183553,0.42467609274064433,0
V6_allz,D01_h5_sl8_t1,cap3w,1.3332723586549418,-0.1400363085539449,2.874219392805821,2.937009363425346,0.5918367346938775,49,4.979591836734694,0.048124212,28.30836,0.44724194295196784,0.6122199677931663,0.32088805098953044,0.22654075956365083,0.4401822025929787,0
V6_allz,D01_h5_sl8_t1,close_seq,0.5316251998905086,-0.20764009047624155,1.746066396949162,1.278144346690403,0.5365853658536586,41,4.975609756097561,0.04101379199999999,40.2096,0.3433323978739158,0.14016843657951195,0.15167153754301554,0.17630033297570535,0.130591326663559,0
V5_allz,S2_re300_sl8_tr15,base,-0.3609962177723902,-0.3231376283943598,-0.629247895178743,-0.8778040708783035,0.42857142857142855,70,6.9714285714285715,0.03148807840000001,30.54292,-0.16985834367879526,-0.23024729892561657,-0.08998320486390443,-0.13325695305027985,-0.18985332362686957,0
V5_allz,S2_re300_sl8_tr15,no_cost,-0.31278123010243275,-0.30059478994127387,-0.42716473688187584,-0.7013922453471523,0.42857142857142855,70,6.9714285714285715,0.0,31.0507,-0.1395607816129376,-0.20131631007499406,-0.06831492650150983,-0.11247239905202944,-0.16891774948608795,0
V5_allz,S2_re300_sl8_tr15,no_filters,-0.3609962177723902,-0.3231376283943598,-0.629247895178743,-0.8778040708783035,0.42857142857142855,70,6.9714285714285715,0.03148807840000001,30.54292,-0.16985834367879526,-0.23024729892561657,-0.08998320486390443,-0.13325695305027985,-0.18985332362686957,0
V5_allz,S2_re300_sl8_tr15,cap1w,-0.27203073487567153,-0.35050877125788893,-0.37884662785657514,-0.45204280665823215,0.4142857142857143,70,6.928571428571429,0.08339249600000001,5.15096,-0.321742384916906,0.07329316904926264,-0.29096660370108707,-0.085071484778385,0.12217138216418677,0
V5_allz,S2_re300_sl8_tr15,cap3w,-0.3740685180883637,-0.3301130810181062,-0.6848561120782962,-0.928267603024298,0.42857142857142855,70,6.9714285714285715,0.038743308,17.78074,-0.17675823202023033,-0.23967477567656914,-0.09480779619354918,-0.13880575346487478,-0.1970567142482481,0
V5_allz,S2_re300_sl8_tr15,close_seq,0.2910628918664131,-0.09861578796631931,0.8574764242744725,0.8085694334497017,0.5606060606060606,66,6.424242424242424,0.032353074,31.7187,0.11614080003013005,0.15672045303922388,0.01257687339496849,0.0756179921730058,0.18539021056681682,0
V5_allz,T2_re300_mh5,base,-0.2881845509584986,-0.28735249463730106,-0.4215666324074404,-0.8023032502531426,0.41379310344827586,58,8.413793103448276,0.025160789200000006,24.12146,-0.278414897000433,-0.013539156944141428,-0.29079609437330356,-0.0006964172514293265,0.004381827874375022,0
V5_allz,T2_re300_mh5,no_cost,-0.24322171714544227,-0.26650242452682626,-0.2916182874803401,-0.6259652927018544,0.41379310344827586,58,8.413793103448276,0.0,24.575,-0.2571235009219902,0.01871345209304831,-0.2766921010081135,0.01946251540759203,0.026299673988534167,0
V6_allz,P2_re300_sl8,no_filters,0.21509345965035642,-0.2738325200593569,0.6618829961868686,0.6863594023413258,0.5892857142857143,56,8.714285714285714,0.027019902000000002,26.4901,0.16614943493049483,0.04197062850935396,0.2813706502460831,-0.17976223575148953,0.15609933234490314,0
V6_allz,P2_re300_sl8,cap1w,0.0842986511263284,-0.26136686066726555,0.372324375815097,0.4082521835050623,0.5714285714285714,56,8.714285714285714,0.067803376,4.53976,0.10175857874637351,-0.015847326226324232,0.23655192321729057,-0.209367804024157,0.10907793373739239,0
V6_allz,P2_re300_sl8,cap3w,0.19996500365032355,-0.27611319020579617,0.6405091358502206,0.6558159760844224,0.5892857142857143,56,8.714285714285714,0.03212494266666666,15.52878,0.15892518993396276,0.03541196107636546,0.27629057500568854,-0.18296845374633497,0.1507479047559701,0
V6_allz,P2_re300_sl8,close_seq,1.617221156534994,-0.12266220404204009,2.182990371450204,2.480555985745881,0.7090909090909091,55,7.909090909090909,0.027240426,26.7063,0.26356453644897315,1.0712999463329629,0.43690157127166795,0.13185968816949734,0.6092399666744768,0
V6_allz,S2_re300_sl8_tr15,base,0.21509345965035642,-0.2738325200593569,0.6618829961868686,0.6863594023413258,0.5892857142857143,56,8.714285714285714,0.027019902000000002,26.4901,0.16614943493049483,0.04197062850935396,0.2813706502460831,-0.17976223575148953,0.15609933234490314,0
V6_allz,S2_re300_sl8_tr15,no_cost,0.2863765532307485,-0.2631932021466906,0.7831185078354533,0.8256904944576305,0.6071428571428571,56,8.714285714285714,0.0,26.59374,0.20102053742107184,0.0710695722097805,0.30486834113051064,-0.16442888020082713,0.17982610277460132,0
V6_allz,S2_re300_sl8_tr15,no_filters,0.21509345965035642,-0.2738325200593569,0.6618829961868686,0.6863594023413258,0.5892857142857143,56,8.714285714285714,0.027019902000000002,26.4901,0.16614943493049483,0.04197062850935396,0.2813706502460831,-0.17976223575148953,0.15609933234490314,0
V6_allz,S2_re300_sl8_tr15,cap1w,0.0842986511263284,-0.26136686066726555,0.372324375815097,0.4082521835050623,0.5714285714285714,56,8.714285714285714,0.067803376,4.53976,0.10175857874637351,-0.015847326226324232,0.23655192321729057,-0.209367804024157,0.10907793373739239,0
V5_allz,T2_re300_mh5_sl8_tr15,cap3w,-0.19107845751810526,-0.2498237767587843,-0.23172755247784585,-0.40422181616960035,0.3728813559322034,59,8.271186440677965,0.03242185066666667,14.71752,-0.26232090080411596,0.09657646985480484,-0.2689420034226564,0.0007437656468540776,0.10568565745064795,0
V5_allz,T2_re300_mh5_sl8_tr15,close_seq,0.1036982700092779,-0.2311790359720598,0.4766139507598013,0.44958600376133134,0.4727272727272727,55,7.909090909090909,0.0262568088,25.73544,-0.12171723300451054,0.2566548172007408,0.019388563267320524,-0.23960303681147888,0.4238696439776666,0
V5_allz,T2_re250_sl8_tr15,base,-0.06581577304987607,-0.17394906665467613,0.0495444636387353,0.014884455666189423,0.45161290322580644,62,7.870967741935484,0.0291691192,28.58196,-0.09386766531915702,0.030957831649569112,-0.0740011873358064,-0.026209493862099698,0.03599238772715041,0
V5_allz,T2_re250_sl8_tr15,no_cost,-0.004716099968682608,-0.1496174608722669,0.23643837495011452,0.1806246139034788,0.45161290322580644,62,7.870967741935484,0.0,29.11328,-0.06561850274401237,0.0651793758268786,-0.0548588991499076,-0.00609143873595408,0.059507164595856255,0
V5_allz,T2_re250_sl8_tr15,no_filters,-0.06581577304987607,-0.17394906665467613,0.0495444636387353,0.014884455666189423,0.45161290322580644,62,7.870967741935484,0.0291691192,28.58196,-0.09386766531915702,0.030957831649569112,-0.0740011873358064,-0.026209493862099698,0.03599238772715041,0
V5_allz,T2_re250_sl8_tr15,cap1w,-0.12775421159066236,-0.14505481742280402,0.15311997071468783,-0.15462913943037662,0.41935483870967744,62,7.838709677419355,0.075528788,5.20338,-0.10043873708046736,-0.030365329895978732,-0.17153896041960714,0.058676070509148026,-0.005502501750278999,0
V5_allz,T2_re250_sl8_tr15,cap3w,-0.08052933008742302,-0.17547111184612785,0.003417392397669792,-0.026842662878762788,0.45161290322580644,62,7.870967741935484,0.035006706666666665,16.5462,-0.10049839533111726,0.022200144102072272,-0.07843627486464211,-0.03126926380447148,0.029934080810179342,0
V5_allz,T2_re250_sl8_tr15,close_seq,-0.49360706524361764,-0.36931006412714407,-1.0524965962559982,-1.5607957530594658,0.42592592592592593,54,8.074074074074074,0.024170505199999998,23.08226,-0.19520460327569034,-0.37078052779935056,-0.09805276957491971,-0.30923360192215577,-0.1872157019860038,0
V6_allz,N2_re300,base,0.702130115986852,-0.2156496738442234,1.3384409948280735,1.5710374287626299,0.7,50,9.76,0.024560355599999997,24.07878,0.24484027117161156,0.3673482095697713,0.30353853841040257,-0.24948156303633873,0.7398328037109463,0
V6_allz,N2_re300,no_cost,0.7905318492084104,-0.2066939586509312,1.4450868402076085,1.701567246053098,0.7,50,9.76,0.0,24.1171,0.27677680010601113,0.4023843862605756,0.3247183591134959,-0.23695495523788257,0.7713660588133802,0
V6_allz,N2_re300,no_filters,0.702130115986852,-0.2156496738442234,1.3384409948280735,1.5710374287626299,0.7,50,9.76,0.024560355599999997,24.07878,0.24484027117161156,0.3673482095697713,0.30353853841040257,-0.24948156303633873,0.7398328037109463,0
V6_allz,N2_re300,cap1w,0.5438628856884962,-0.2199614207532784,0.9528369706437789,1.321907321393232,0.68,50,9.76,0.060833264,4.16664,0.1872263449026923,0.3003947329142489,0.26441725185302145,-0.27261966381932656,0.678636870242664,0
V6_allz,N2_re300,cap3w,0.6846303261501006,-0.21546815391405894,1.3015328171829061,1.5446322085134847,0.7,50,9.76,0.028948824,14.17172,0.2381989781704119,0.36054895525705066,0.298912664192742,-0.25195277030277485,0.7337866093034011,0
V6_allz,N2_re300,close_seq,1.6482075449393014,-0.1096614016096844,2.221890330817761,2.6112558276190794,0.6909090909090909,55,7.909090909090909,0.027179613600000003,26.64668,0.34182209073480485,0.9735906594659645,0.43690157127166795,0.3701303421407949,0.34512645694943367,0
V6_allz,P2_re300_sl8,base,0.21509345965035642,-0.2738325200593569,0.6618829961868686,0.6863594023413258,0.5892857142857143,56,8.714285714285714,0.027019902000000002,26.4901,0.16614943493049483,0.04197062850935396,0.2813706502460831,-0.17976223575148953,0.15609933234490314,0
V6_allz,P2_re300_sl8,no_cost,0.2863765532307485,-0.2631932021466906,0.7831185078354533,0.8256904944576305,0.6071428571428571,56,8.714285714285714,0.0,26.59374,0.20102053742107184,0.0710695722097805,0.30486834113051064,-0.16442888020082713,0.17982610277460132,0
V5_allz,N2_re300,cap3w,-0.45285788731656595,-0.3069654469399984,-1.0251972179389788,-1.4858412592692596,0.4117647058823529,68,7.176470588235294,0.037586749333333336,17.21548,-0.17675823202023033,-0.33538100960776374,-0.07614929003591131,-0.21214095150025403,-0.24829088063040572,0
V5_allz,N2_re300,close_seq,0.2598036907686214,-0.10603570994076172,0.7810748876989867,0.7466810294718215,0.5757575757575758,66,6.424242424242424,0.0323841024,31.74912,0.08911681077182587,0.15672045303922388,0.09221615441360353,-0.026954957515505473,0.18539021056681682,0
V5_allz,P2_re300_sl8,base,-0.3609962177723902,-0.3231376283943598,-0.629247895178743,-0.8778040708783035,0.42857142857142855,70,6.9714285714285715,0.03148807840000001,30.54292,-0.16985834367879526,-0.23024729892561657,-0.08998320486390443,-0.13325695305027985,-0.18985332362686957,0
V5_allz,P2_re300_sl8,no_cost,-0.31278123010243275,-0.30059478994127387,-0.42716473688187584,-0.7013922453471523,0.42857142857142855,70,6.9714285714285715,0.0,31.0507,-0.1395607816129376,-0.20131631007499406,-0.06831492650150983,-0.11247239905202944,-0.16891774948608795,0
V5_allz,P2_re300_sl8,no_filters,-0.3609962177723902,-0.3231376283943598,-0.629247895178743,-0.8778040708783035,0.42857142857142855,70,6.9714285714285715,0.03148807840000001,30.54292,-0.16985834367879526,-0.23024729892561657,-0.08998320486390443,-0.13325695305027985,-0.18985332362686957,0
V5_allz,P2_re300_sl8,cap1w,-0.27203073487567153,-0.35050877125788893,-0.37884662785657514,-0.45204280665823215,0.4142857142857143,70,6.928571428571429,0.08339249600000001,5.15096,-0.321742384916906,0.07329316904926264,-0.29096660370108707,-0.085071484778385,0.12217138216418677,0
V5_allz,P2_re300_sl8,cap3w,-0.3740685180883637,-0.3301130810181062,-0.6848561120782962,-0.928267603024298,0.42857142857142855,70,6.9714285714285715,0.038743308,17.78074,-0.17675823202023033,-0.23967477567656914,-0.09480779619354918,-0.13880575346487478,-0.1970567142482481,0
V5_allz,P2_re300_sl8,close_seq,0.2910628918664131,-0.09861578796631931,0.8574764242744725,0.8085694334497017,0.5606060606060606,66,6.424242424242424,0.032353074,31.7187,0.11614080003013005,0.15672045303922388,0.01257687339496849,0.0756179921730058,0.18539021056681682,0
V6_allz,S2_re300_sl8_tr15,cap3w,0.19996500365032355,-0.27611319020579617,0.6405091358502206,0.6558159760844224,0.5892857142857143,56,8.714285714285714,0.03212494266666666,15.52878,0.15892518993396276,0.03541196107636546,0.27629057500568854,-0.18296845374633497,0.1507479047559701,0
V6_allz,S2_re300_sl8_tr15,close_seq,1.617221156534994,-0.12266220404204009,2.182990371450204,2.480555985745881,0.7090909090909091,55,7.909090909090909,0.027240426,26.7063,0.26356453644897315,1.0712999463329629,0.43690157127166795,0.13185968816949734,0.6092399666744768,0
V6_allz,T2_re300_mh5,base,1.0724192435174404,-0.14714926794917094,1.9528115501725933,1.8024659927802498,0.6595744680851063,47,10.382978723404255,0.023278378799999996,22.82194,0.8885178155631936,0.09737870960957973,0.38033363327607983,0.29912386291256476,0.1556943390352683,0
V6_allz,T2_re300_mh5,no_cost,1.173116628478927,-0.14370495972869857,2.0532600120003224,1.904969170965962,0.6595744680851063,47,10.382978723404255,0.0,22.82194,0.9423036702509793,0.11883464041342306,0.4012694871358804,0.31890111812905797,0.17584244549262795,0
V6_allz,T2_re300_mh5,no_filters,1.0724192435174404,-0.14714926794917094,1.9528115501725933,1.8024659927802498,0.6595744680851063,47,10.382978723404255,0.023278378799999996,22.82194,0.8885178155631936,0.09737870960957973,0.38033363327607983,0.29912386291256476,0.1556943390352683,0
V6_allz,T2_re300_mh5,cap1w,0.8911805731901377,-0.15341129815564336,1.6542001557950863,1.6053558938867885,0.6595744680851063,47,10.382978723404255,0.057245248000000006,3.94048,0.7934544743216119,0.05449042630730361,0.34371088966924335,0.2627012932566868,0.11461924155152414,0
V6_allz,T2_re300_mh5,cap3w,1.052738325232201,-0.14628491686071998,1.9029825812021053,1.7818999506692998,0.6595744680851063,47,10.382978723404255,0.027257189333333334,13.37368,0.8778369429433328,0.09313981330813959,0.37620884021077194,0.2951157206646504,0.15170346244048982,0
V6_allz,T2_re300_mh5,close_seq,0.9386160616738308,-0.2055305863623783,1.6020512546872052,1.933485917639408,0.6976744186046512,43,10.395348837209303,0.0212418876,20.82538,0.9047659479463652,0.01777127198434103,0.6800678178542927,0.01775325375681458,0.13376355974311105,0
V6_allz,T2_re250_sl8_tr15,no_filters,0.8505510596277195,-0.2551188540510916,1.463186933488378,1.6424830495828198,0.6481481481481481,54,9.037037037037036,0.026519444000000003,25.9882,0.5812133300071094,0.17033611120606929,0.5476249264805073,-0.26195507536812657,0.62014005190417,0
V6_allz,T2_re250_sl8_tr15,cap1w,0.6729378571491724,-0.24494647090666355,1.134465456956988,1.4547462360810877,0.6226415094339622,53,9.18867924528302,0.064346556,4.36406,0.39370070785031896,0.20035661008564465,0.42807397446074735,-0.2376065426290589,0.5365614874236928,0
V6_allz,T2_re250_sl8_tr15,cap3w,0.8297407537442469,-0.25371636937061315,1.4319384363580865,1.6164715196049475,0.6481481481481481,54,9.037037037037036,0.031196057333333332,15.22622,0.5719482671523297,0.16399552833817044,0.5413938422435534,-0.2646785954505301,0.6143538488172393,0
V6_allz,T2_re250_sl8_tr15,close_seq,0.6390803303524721,-0.22408330749989003,1.271674397703538,1.4993786677651058,0.673469387755102,49,9.0,0.0241107192,23.63796,0.850559294144662,-0.11427840462141836,0.6401939984474065,0.06421635816751747,-0.06097946461979098,0
V6_allz,T2_re400_sl8_tr15,base,0.9100598361347179,-0.22479866580576868,1.7291078446610417,1.4801834902700028,0.625,40,12.2,0.0197474448,19.36024,0.605227677971947,0.1898996399986681,0.5227281725013784,-0.047211615507251614,0.316522044974225,0
V6_allz,T2_re400_sl8_tr15,no_cost,0.9887658366489769,-0.2185132473656215,1.8107504643865193,1.5574743310508476,0.625,40,12.2,0.0,19.36024,0.6427652899505543,0.21062080433221064,0.5425635210707835,-0.03443852631901556,0.3352440926065041,0
V6_allz,T2_re400_sl8_tr15,no_filters,0.9100598361347179,-0.22479866580576868,1.7291078446610417,1.4801834902700028,0.625,40,12.2,0.0197474448,19.36024,0.605227677971947,0.1898996399986681,0.5227281725013784,-0.047211615507251614,0.316522044974225,0
V6_allz,T2_re400_sl8_tr15,cap1w,0.7721421186924902,-0.23650067330687197,1.3284299760184028,1.3377860652131985,0.625,40,12.2,0.048910876,3.42726,0.5369890200199472,0.15299595222189066,0.4847492089953924,-0.0691694575473315,0.2822562367673067,0
V6_allz,T2_re400_sl8_tr15,cap3w,0.894859353355691,-0.22597222634370895,1.6662496928708597,1.464960309670712,0.625,40,12.2,0.023237998666666666,11.42846,0.5976163987126273,0.18605402077907085,0.5184414082018283,-0.04958312361618433,0.31300022917341086,0
V6_allz,T2_re400_sl8_tr15,close_seq,0.8193228890281967,-0.22960019462933912,1.7070316972120598,1.44245075630536,0.5897435897435898,39,11.512820512820513,0.01931676,18.938,1.2026527969945882,-0.17403101772981477,0.6622540572419888,0.26793166210649555,-0.1367898569329441,0
V6_allz,U2_re300_h20,base,1.6645900509685676,-0.14661447285725393,2.210040797470838,2.726275973773674,0.7288135593220338,59,8.271186440677965,0.0291256716,28.55458,0.3453435430961773,0.9806019545284868,0.3493165027081828,-0.045973676753186754,1.0699326369660538,0
V6_allz,U2_re300_h20,no_cost,1.8278552528124612,-0.14105232586282013,2.3347888067115927,2.880215742683974,0.7288135593220338,59,8.271186440677965,0.0,28.55458,0.38400776999553377,1.0432365439838431,0.3754100455626881,-0.027261053201150354,1.1136286114785885,0
V6_allz,U2_re300_h20,no_filters,1.6645900509685676,-0.14661447285725393,2.210040797470838,2.726275973773674,0.7288135593220338,59,8.271186440677965,0.0291256716,28.55458,0.3453435430961773,0.9806019545284868,0.3493165027081828,-0.045973676753186754,1.0699326369660538,0
V6_allz,U2_re300_h20,cap1w,1.37562884026186,-0.1468828695670754,1.7912459074698246,2.4346006875391755,0.711864406779661,59,8.271186440677965,0.071803804,4.92454,0.2751827670686806,0.8629712552678426,0.30068544637974437,-0.07964241484252887,0.984493643706464,0
V6_allz,U2_re300_h20,cap3w,1.6326099174330428,-0.14865589595874007,2.155955629750309,2.69528555786037,0.7288135593220338,59,8.271186440677965,0.034192329333333334,16.76038,0.3372766443522306,0.9686352323219294,0.3436171121437368,-0.04961809826381103,1.061639988077864,0
V6_allz,U2_re300_h20,close_seq,0.28465326144766423,-0.27368417739216133,0.7105457424728542,0.8814601109977761,0.6,50,8.8,0.024428918400000003,23.94992,0.3189502716599302,-0.026003262555988504,0.38250114777812994,-0.3499180743797663,0.4293952410604156,0
V7_allz,A01_daily_top1,base,-0.29877844677687104,-0.45405552034590746,-1.0934083756317672,-1.2316337324057038,0.43209876543209874,243,1.0,0.1966884156,192.83178,-0.20590014744644058,-0.11696047925429709,-0.08692984974743079,-0.16451579910460157,-0.08079395991469429,0
V7_allz,A01_daily_top1,no_cost,-0.10138582107849592,-0.3479236188357444,-0.18644257846632206,-0.27752907439352614,0.4567901234567901,243,1.0,0.0,215.04386,-0.0996438273731729,-0.0019347828762494856,-0.008255387147855009,-0.09246452432960728,-0.0015879678876556946,0
V7_allz,A01_daily_top1,no_filters,-0.29877844677687104,-0.45405552034590746,-1.0934083756317672,-1.2316337324057038,0.43209876543209874,243,1.0,0.1966884156,192.83178,-0.20590014744644058,-0.11696047925429709,-0.08692984974743079,-0.16451579910460157,-0.08079395991469429,0
V7_allz,A01_daily_top1,cap1w,-0.4459131869763817,-0.4586306873555618,-1.6985410858358698,-2.1375753972524527,0.4041666666666667,240,1.0,0.325667036,32.94886,-0.2732205141169064,-0.23761357635134628,-0.13096150287679253,-0.21938759761874804,-0.18322327835818408,0
V7_allz,A01_daily_top1,cap3w,-0.3021803954948755,-0.4488064817508488,-1.1139490220830597,-1.250501294580134,0.43209876543209874,243,1.0,0.19479526466666666,113.03394,-0.20597452972964103,-0.1211621910975692,-0.0869504434112005,-0.164702188521473,-0.08502869752405806,0
V7_allz,A01_daily_top1,close_seq,-0.3327820270813113,-0.43442905962121103,-1.3416598091717056,-1.4630352349261797,0.48360655737704916,122,1.0,0.1019820276,99.98238,-0.09640311336651441,-0.261597751399376,-0.12130303521983044,-0.001105278491890238,-0.23983321057322282,0
V7_allz,D01_h5_sl8_t1,base,-0.30334702052527707,-0.42749292611604506,-0.8638256544345311,-1.1250520033024487,0.46,50,4.88,0.045546162,44.6531,-0.02050338293074283,-0.28876428225023176,0.10426706584592504,-0.11213076936442257,-0.289452078401396,0
V7_allz,D01_h5_sl8_t1,no_cost,-0.2666904231612004,-0.40909403354413043,-0.689377121766516,-0.9453376024680067,0.46,50,4.88,0.0,45.36674,0.004813514284055742,-0.27020330995319697,0.12235718479144908,-0.0974424588436329,-0.2760953496711932,0
V7_allz,N2_re300,cap3w,0.971364433691551,-0.23556338980727987,1.5679297250081423,1.8225624984847963,0.5609756097560976,82,5.939024390243903,0.04655738666666666,22.1816,0.35395380602553295,0.4560056812265969,0.3230512814137092,0.05190903418966042,0.4164852424655128,0
V7_allz,N2_re300,close_seq,0.07259416563738119,-0.2270532318061974,0.3734386196399706,0.3868973436144226,0.5625,64,6.65625,0.030229900399999995,29.53552,-0.05718654447140259,0.137652585829952,-0.11090312314151063,0.020501179566708716,0.18215067504448745,0
V7_allz,P2_re300_sl8,base,0.7366190608012153,-0.21609772454554887,1.360053899888353,1.5207301714389305,0.5903614457831325,83,5.879518072289157,0.04015231080000001,39.31854,0.28339450323562576,0.35314516029400456,0.3329570543466245,0.07202680079844526,0.21529794390383472,0
V7_allz,P2_re300_sl8,no_cost,0.8895596450716377,-0.2063295615275813,1.5401043997358816,1.721355872370382,0.6024096385542169,83,5.879518072289157,0.0,39.47974,0.3352509555078851,0.4151344638827916,0.3698974318661632,0.1019055575926453,0.2517804951804361,0
V7_allz,P2_re300_sl8,no_filters,0.7366190608012153,-0.21609772454554887,1.360053899888353,1.5207301714389305,0.5903614457831325,83,5.879518072289157,0.04015231080000001,39.31854,0.28339450323562576,0.35314516029400456,0.3329570543466245,0.07202680079844526,0.21529794390383472,0
V7_allz,P2_re300_sl8,cap1w,-0.14975090472812058,-0.35536778105833056,-0.034356567326308415,-0.17433170056012887,0.5263157894736842,76,6.2368421052631575,0.091932488,6.12788,-0.05809990237815843,-0.09730437716416818,0.2012643286907232,-0.31397516405930714,0.031734038657674324,0
V7_allz,P2_re300_sl8,cap3w,0.6995300241238138,-0.20719258062205603,1.3272273805184636,1.4694110373807032,0.5903614457831325,83,5.879518072289157,0.046940033333333325,22.2385,0.2692839451278417,0.3389675577694633,0.3230512814137092,0.06365152144174657,0.2076825687503494,0
V7_allz,P2_re300_sl8,close_seq,0.08899976991755065,-0.2705197786652478,0.23025330576338127,0.4111107734472177,0.5362318840579711,69,6.101449275362318,0.0313284216,30.11058,-0.15344774697525954,0.2863940365482962,-0.1371830391886466,-0.2601513306680955,0.7059496822577913,0
V7_allz,D01_h5_sl8_t1,no_filters,-0.30334702052527707,-0.42749292611604506,-0.8638256544345311,-1.1250520033024487,0.46,50,4.88,0.045546162,44.6531,-0.02050338293074283,-0.28876428225023176,0.10426706584592504,-0.11213076936442257,-0.289452078401396,0
V7_allz,D01_h5_sl8_t1,cap1w,-0.3307114722426414,-0.38177420264773787,-0.8240972337359818,-1.2642690276959865,0.46,50,4.88,0.070802184,8.00084,-0.03725556598439528,-0.3048118440261889,0.0925738399550684,-0.12235539334356238,-0.3020185274071693,0
V7_allz,D01_h5_sl8_t1,cap3w,-0.3033857350619612,-0.41505121009271495,-0.8569185196602828,-1.1252241054059122,0.46,50,4.88,0.044370379333333335,26.08088,-0.020503382930741942,-0.28880380718172227,0.10426706584592549,-0.11213076936442234,-0.2894915651105434,0
V7_allz,D01_h5_sl8_t1,close_seq,0.11397716579628603,-0.3281634935037061,0.6272462564785163,0.4766342823960846,0.4878048780487805,41,4.975609756097561,0.0397818564,39.00182,0.06659948699166329,0.044419371453338075,0.06058476408016489,0.006127838174694311,0.043945290384325375,0
V7_allz,N2_re300,base,1.012526768613272,-0.23148072416955223,1.612091779163875,1.871978557846603,0.5609756097560976,82,5.939024390243903,0.039821525600000005,39.03228,0.3687560581184466,0.4703326839552271,0.3329570543466245,0.059656463231188006,0.4248213589324823,0
V7_allz,N2_re300,no_cost,1.187032585242679,-0.22114077369917196,1.766970892661232,2.070168207577163,0.573170731707317,82,5.939024390243903,0.0,39.03228,0.42253715268072334,0.5374168478631929,0.3698974318661632,0.0892003482321555,0.46574840661410977,0
V7_allz,N2_re300,no_filters,1.012526768613272,-0.23148072416955223,1.612091779163875,1.871978557846603,0.5609756097560976,82,5.939024390243903,0.039821525600000005,39.03228,0.3687560581184466,0.4703326839552271,0.3329570543466245,0.059656463231188006,0.4248213589324823,0
V7_allz,N2_re300,cap1w,0.09849980394483038,-0.2859818143983339,0.5181578494214728,0.43207963845906466,0.547945205479452,73,6.52054794520548,0.088729376,6.04976,-0.0483397604916298,0.15429830767366992,0.1970830725256858,-0.31446815627432856,0.3385914941399131,0
V6_allz,T2_re300_mh5_sl8_tr15,base,0.7467180863351035,-0.2376887652680003,1.407350132657598,1.5154115863326119,0.6538461538461539,52,9.384615384615385,0.025747717200000006,25.24286,0.6325258223548924,0.069948213018457,0.46461418179192693,-0.1719859194224591,0.4403295139467531,0
V6_allz,T2_re300_mh5_sl8_tr15,no_cost,0.8411701006604642,-0.22990486498803686,1.51053143521922,1.6379275548833576,0.6538461538461539,52,9.384615384615385,0.0,25.24286,0.6792185315899733,0.09644460564471391,0.4897977777190332,-0.15736002733822663,0.4666434074611683,0
V6_allz,T2_re300_mh5_sl8_tr15,no_filters,0.7467180863351035,-0.2376887652680003,1.407350132657598,1.5154115863326119,0.6538461538461539,52,9.384615384615385,0.025747717200000006,25.24286,0.6325258223548924,0.069948213018457,0.46461418179192693,-0.1719859194224591,0.4403295139467531,0
V6_allz,T2_re300_mh5_sl8_tr15,cap1w,0.5803194026833116,-0.24199753101392385,1.017596226290057,1.2843859212318303,0.6538461538461539,52,9.384615384615385,0.06339247199999999,4.38172,0.5501436876763905,0.01946639866150357,0.41940508876741056,-0.1974810159630528,0.38734093147783444,0
V6_allz,T2_re300_mh5_sl8_tr15,cap3w,0.7286943321605843,-0.23835468152797712,1.373472450802463,1.4913760522825585,0.6538461538461539,52,9.384615384615385,0.030226508000000006,14.87674,0.6232678101934856,0.06494709086514328,0.45941364037633026,-0.17469319393867944,0.43523950689530055,0
V6_allz,T2_re300_mh5_sl8_tr15,close_seq,0.6468833310191857,-0.2684779399249324,1.3108168564557099,1.4804210776194315,0.6086956521739131,46,9.652173913043478,0.022651629599999997,22.20748,0.83777398196536,-0.10387058083281342,0.6909939586867164,-0.20668783099540056,0.22765591776377558,0
V6_allz,T2_re250_sl8_tr15,base,0.8505510596277195,-0.2551188540510916,1.463186933488378,1.6424830495828198,0.6481481481481481,54,9.037037037037036,0.026519444000000003,25.9882,0.5812133300071094,0.17033611120606929,0.5476249264805073,-0.26195507536812657,0.62014005190417,0
V6_allz,T2_re250_sl8_tr15,no_cost,0.9545759164344623,-0.24715803869056097,1.5663685830171656,1.7689537770830854,0.6481481481481481,54,9.037037037037036,0.0,25.9882,0.6248751693849306,0.20290835459953205,0.5758264798969095,-0.24808662606510135,0.6495912327343656,0
V7_allz,S2_re300_sl8_tr15,base,0.7366190608012153,-0.21609772454554887,1.360053899888353,1.5207301714389305,0.5903614457831325,83,5.879518072289157,0.04015231080000001,39.31854,0.28339450323562576,0.35314516029400456,0.3329570543466245,0.07202680079844526,0.21529794390383472,0
V7_allz,S2_re300_sl8_tr15,no_cost,0.8895596450716377,-0.2063295615275813,1.5401043997358816,1.721355872370382,0.6024096385542169,83,5.879518072289157,0.0,39.47974,0.3352509555078851,0.4151344638827916,0.3698974318661632,0.1019055575926453,0.2517804951804361,0
V7_allz,S2_re300_sl8_tr15,no_filters,0.7366190608012153,-0.21609772454554887,1.360053899888353,1.5207301714389305,0.5903614457831325,83,5.879518072289157,0.04015231080000001,39.31854,0.28339450323562576,0.35314516029400456,0.3329570543466245,0.07202680079844526,0.21529794390383472,0
V7_allz,S2_re300_sl8_tr15,cap1w,-0.14975090472812058,-0.35536778105833056,-0.034356567326308415,-0.17433170056012887,0.5263157894736842,76,6.2368421052631575,0.091932488,6.12788,-0.05809990237815843,-0.09730437716416818,0.2012643286907232,-0.31397516405930714,0.031734038657674324,0
V7_allz,S2_re300_sl8_tr15,cap3w,0.6995300241238138,-0.20719258062205603,1.3272273805184636,1.4694110373807032,0.5903614457831325,83,5.879518072289157,0.046940033333333325,22.2385,0.2692839451278417,0.3389675577694633,0.3230512814137092,0.06365152144174657,0.2076825687503494,0
V7_allz,S2_re300_sl8_tr15,close_seq,0.08899976991755065,-0.2705197786652478,0.23025330576338127,0.4111107734472177,0.5362318840579711,69,6.101449275362318,0.0313284216,30.11058,-0.15344774697525954,0.2863940365482962,-0.1371830391886466,-0.2601513306680955,0.7059496822577913,0
V7_allz,T2_re300_mh5,base,0.012936980170812573,-0.20303521011154668,0.3211718205722406,0.2240589308665869,0.576271186440678,59,8.271186440677965,0.028471208799999998,27.88094,0.060112505522627036,-0.04450048943489904,0.2219929854747713,-0.021397460246138533,-0.15295326050385694,0
V7_allz,T2_re300_mh5,no_cost,0.07587412188236398,-0.19047049373643476,0.4527995012450262,0.3908067944063168,0.576271186440678,59,8.271186440677965,0.0,27.89874,0.09641173472443132,-0.01873166091863221,0.24575212343169706,-0.0022080223386983233,-0.13445466993012745,0
V7_allz,T2_re300_mh5,no_filters,0.012936980170812573,-0.20303521011154668,0.3211718205722406,0.2240589308665869,0.576271186440678,59,8.271186440677965,0.028471208799999998,27.88094,0.060112505522627036,-0.04450048943489904,0.2219929854747713,-0.021397460246138533,-0.15295326050385694,0
V7_allz,T2_re300_mh5,cap1w,0.10736329217766549,-0.17443784842888044,0.6774274487974546,0.46690337425177214,0.5263157894736842,57,8.421052631578947,0.069229776,4.70376,0.03599813392514917,0.0688854119670379,0.22329276057278147,-0.13198590336670712,0.042876639246756776,0
V7_allz,T2_re300_mh5,cap3w,-0.0017889770071333189,-0.21485151763973553,0.15343751373175424,0.1834993354118627,0.576271186440678,59,8.271186440677965,0.033525169333333334,15.99058,0.05097394374393582,-0.05020383337298495,0.21626024300916047,-0.026504950391782356,-0.15693297470887368,0
V7_allz,T2_re300_mh5,close_seq,-0.22629434762516132,-0.36860335993466375,-0.27825527916482234,-0.29828442752320783,0.6086956521739131,46,9.608695652173912,0.0213817352,20.78126,0.0026398016013058356,-0.2283313996320896,0.1721123710653505,-0.2791754405987671,-0.08424996332303514,0
V7_allz,T2_re300_mh5_sl8_tr15,base,0.6047191076581704,-0.12300763380109503,1.3093046802261408,1.3256224502917375,0.6190476190476191,63,7.746031746031746,0.030587569600000003,29.97898,0.12294979969780284,0.429021233264405,0.36795213529406423,0.048633127287268874,0.11867658724658936,0
V7_allz,T2_re300_mh5_sl8_tr15,no_cost,0.7107150411569554,-0.11778353115228146,1.4420538639977696,1.4756278578817548,0.6190476190476191,63,7.746031746031746,0.0,29.97898,0.16015106351145514,0.4745623177546343,0.3972823062645843,0.07131254356655226,0.1428186635503581,0
V7_allz,T2_re300_mh5_sl8_tr15,no_filters,0.6047191076581704,-0.12300763380109503,1.3093046802261408,1.3256224502917375,0.6190476190476191,63,7.746031746031746,0.030587569600000003,29.97898,0.12294979969780284,0.429021233264405,0.36795213529406423,0.048633127287268874,0.11867658724658936,0
V7_allz,T2_re300_mh5_sl8_tr15,cap1w,0.2352211430746487,-0.15500150442981864,0.7767585694443202,0.7255756052150272,0.5833333333333334,60,8.05,0.07313634399999999,5.05244,0.12572947563283177,0.09726285916095989,0.30669174959088874,-0.060886020088330994,0.006591507981392741,0
V8_allz,A01_daily_top1,cap3w,0.07050145232715388,-0.35074653176223825,0.4946264937513106,0.3840905528025504,0.5432098765432098,243,1.0,0.23272456,136.8968,0.14370015522468393,-0.06400165512187928,0.03617078552722508,-0.062352698146918795,0.10183460811321776,0
V8_allz,A01_daily_top1,close_seq,0.07440294511747325,-0.2677832194500184,0.5063214430041544,0.3871554410362879,0.4672131147540984,122,1.0,0.11881453680000001,116.48484,0.09005851788238317,-0.014362139745785263,0.015717554266001077,0.018040260970967115,0.039032849655933566,0
V8_allz,D01_h5_sl8_t1,base,0.1146200781059159,-0.40218587217556356,0.8255187170003048,0.47147204249256247,0.46938775510204084,49,4.979591836734694,0.04883143920000001,47.87396,0.7262412734991415,-0.35430805923986,0.7087529356280138,-0.1131989005722438,-0.26443447647394314,0
V8_allz,D01_h5_sl8_t1,no_cost,0.17168538843222825,-0.38391530460624035,0.9845427143440099,0.5977057435204559,0.46938775510204084,49,4.979591836734694,0.0,47.87396,0.7701147517901388,-0.3380737676767631,0.7361876385085024,-0.0985216237273111,-0.2513841110635575,0
V8_allz,D01_h5_sl8_t1,no_filters,0.1146200781059159,-0.40218587217556356,0.8255187170003048,0.47147204249256247,0.46938775510204084,49,4.979591836734694,0.04883143920000001,47.87396,0.7262412734991415,-0.35430805923986,0.7087529356280138,-0.1131989005722438,-0.26443447647394314,0
V8_allz,D01_h5_sl8_t1,cap1w,0.08030120142512964,-0.39593582102198654,0.6235023127216333,0.392454651521381,0.4489795918367347,49,4.979591836734694,0.071758788,8.75338,0.6995777964097538,-0.36437084333109404,0.6918721272713284,-0.12290249360894268,-0.27200323896495193,0
V8_allz,D01_h5_sl8_t1,cap3w,0.11462007810591568,-0.3922519520579201,0.8086179898964643,0.4714720424925616,0.46938775510204084,49,4.979591836734694,0.048020886000000006,28.24758,0.7262412734991408,-0.35430805923985975,0.7087529356280144,-0.11319890057224413,-0.264434476473943,0
V8_allz,D01_h5_sl8_t1,close_seq,0.5992068201789584,-0.2972806532937726,1.7073502011214332,1.3396362824896997,0.5853658536585366,41,4.951219512195122,0.041085110400000006,40.27952,0.5366916696321382,0.040681648623621225,0.3398497644789038,-0.06038868770607719,0.2702824332272542,0
V7_allz,T2_re300_mh5_sl8_tr15,cap3w,0.5805317475613467,-0.12251768538659868,1.1946415791853446,1.2902057719742575,0.6190476190476191,63,7.746031746031746,0.03595305066666667,17.25352,0.11370843960860366,0.4191611478824757,0.3610816998034767,0.042991061600311076,0.11336725042194162,0
V7_allz,T2_re300_mh5_sl8_tr15,close_seq,-0.029604520333597062,-0.2760825378762568,0.19366361695744194,0.11882927958430789,0.5384615384615384,52,8.403846153846153,0.024094487600000002,23.40938,-0.14593487596527943,0.13620782813624488,0.07098001655606723,-0.2971865963799223,0.2892209728201216,0
V7_allz,T2_re250_sl8_tr15,base,0.20620618403152657,-0.19352963016866076,0.7341115301626903,0.669127633293981,0.5846153846153846,65,7.492307692307692,0.0316163512,30.98206,0.21786814852208347,-0.009575720084895045,0.3260689359929638,-0.0054985978755272,-0.08536029715695215,0
V7_allz,T2_re250_sl8_tr15,no_cost,0.2887936430960669,-0.18651482767833294,0.877745340357127,0.8320163494248167,0.5846153846153846,65,7.492307692307692,0.0,30.98206,0.2594363195904017,0.023309891138610705,0.35453205438675384,0.01605983606425254,-0.06357108796264654,0
V7_allz,T2_re250_sl8_tr15,no_filters,0.20620618403152657,-0.19352963016866076,0.7341115301626903,0.669127633293981,0.5846153846153846,65,7.492307692307692,0.0316163512,30.98206,0.21786814852208347,-0.009575720084895045,0.3260689359929638,-0.0054985978755272,-0.08536029715695215,0
V7_allz,T2_re250_sl8_tr15,cap1w,-0.15978329639897892,-0.27830494642226655,0.004847208596946198,-0.1808865888415654,0.5714285714285714,63,7.666666666666667,0.07634403200000002,5.13232,0.15251836153407972,-0.2709732602588336,0.290319900669485,-0.1167310227005155,-0.2627734987953052,0
V7_allz,T2_re250_sl8_tr15,cap3w,0.18795447543616017,-0.1991630306539599,0.606834765199507,0.6316789414586751,0.5846153846153846,65,7.492307692307692,0.03714762133333334,17.86264,0.20787290503292088,-0.016490501205685737,0.31887302295079367,-0.010449282478647404,-0.08975405069196662,0
V7_allz,T2_re250_sl8_tr15,close_seq,0.07940639263515048,-0.18356779061762718,0.39487716324844446,0.3958495799127469,0.5185185185185185,54,8.055555555555555,0.026017305200000004,25.50676,0.15183831187742025,-0.06288375590165185,0.19984472541154674,-0.16399430052001696,0.07609521651706119,0
V8_allz,S2_re300_sl8_tr15,cap3w,0.8176553015820656,-0.16108751844774305,1.3792374537529408,1.7137997418435542,0.603448275862069,58,8.413793103448276,0.033495048,16.34044,0.46216213415451635,0.24312841860941092,0.34251576714749987,0.0931767172329232,0.2385163925956415,0
V8_allz,S2_re300_sl8_tr15,close_seq,1.2578961583855008,-0.1441619412975511,1.8613216231224357,2.0811811951502963,0.6785714285714286,56,7.714285714285714,0.027609910799999998,27.06854,1.4585799909245178,-0.08162591141220255,0.4970068908864136,0.6082070223658804,-0.06213957334642217,0
V8_allz,T2_re300_mh5,base,2.132687761248588,-0.12376938848714558,2.401272202909871,2.760392169922262,0.6923076923076923,52,9.384615384615385,0.025496236000000002,24.9913,1.919862596663802,0.07288876018616697,0.5446444046074901,0.7391623938870027,0.16613400241127763,0
V8_allz,T2_re300_mh5,no_cost,2.3006938843542075,-0.11751015153015743,2.494548651849705,2.8769512830961634,0.6923076923076923,52,9.384615384615385,0.0,24.9913,2.011347630866117,0.09608530430771633,0.5711478145636129,0.7689173882098457,0.1876286117083299,0
V8_allz,T2_re300_mh5,no_filters,2.132687761248588,-0.12376938848714558,2.401272202909871,2.760392169922262,0.6923076923076923,52,9.384615384615385,0.025496236000000002,24.9913,1.919862596663802,0.07288876018616697,0.5446444046074901,0.7391623938870027,0.16613400241127763,0
V8_allz,T2_re300_mh5,cap1w,2.1040768805542367,-0.1348605115536583,2.2144003835670123,2.6841273077473318,0.66,50,9.64,0.061004291999999995,4.23242,1.7515509121725303,0.12811900620198324,0.5317555189737464,0.5622556197886648,0.29715214983866667,0
V8_allz,T2_re300_mh5,cap3w,2.0992869546780217,-0.12921728747127048,2.3151686816153165,2.736455480609998,0.6923076923076923,52,9.384615384615385,0.03011599066666667,14.74922,1.9013724211261276,0.06821410864416921,0.5394223739383124,0.7325270141331255,0.1620477629509791,0
V8_allz,T2_re300_mh5,close_seq,0.6405376303347174,-0.22789463119891828,1.158520547807086,1.5361248714845475,0.5909090909090909,44,10.090909090909092,0.0217376892,21.31146,1.0053567342829477,-0.18192229727080367,0.5065496318893621,0.11345725316919975,-0.02202173203524227,0
V7_allz,T2_re400_sl8_tr15,base,0.03763113347938485,-0.3067688657138248,0.48098393233613124,0.3077383641352489,0.5370370370370371,54,9.037037037037036,0.0253495056,24.71678,-0.10334979353861118,0.15723068594873157,0.2799368959362951,-0.4119323055456017,0.3785645729192173,0
V7_allz,T2_re400_sl8_tr15,no_cost,0.09686704728752105,-0.314182311694187,0.45249630401219326,0.4328618766234838,0.5370370370370371,54,9.037037037037036,0.0,24.78304,-0.07914314983280557,0.19113741412508345,0.30342319398035955,-0.4007737132060314,0.40435753184181955,0
V7_allz,T2_re400_sl8_tr15,no_filters,0.03763113347938485,-0.3067688657138248,0.48098393233613124,0.3077383641352489,0.5370370370370371,54,9.037037037037036,0.0253495056,24.71678,-0.10334979353861118,0.15723068594873157,0.2799368959362951,-0.4119323055456017,0.3785645729192173,0
V7_allz,T2_re400_sl8_tr15,cap1w,0.4597033277252276,-0.13321941140801097,0.9681374197861649,1.0759881353951244,0.5789473684210527,57,8.385964912280702,0.069205804,4.69454,-0.062226916430617174,0.5565634728704911,0.1099960772955153,-0.14470258293069516,0.537538479720761,0
V7_allz,T2_re400_sl8_tr15,cap3w,0.0232431868497871,-0.3014813913189137,0.4244757921912084,0.2763067790971226,0.5370370370370371,54,9.037037037037036,0.03039394,14.3007,-0.10891809570590982,0.14831552735928843,0.27461048376613073,-0.4148680340030325,0.37197927472993464,0
V7_allz,T2_re400_sl8_tr15,close_seq,0.026876940412170258,-0.2542632350662424,0.34513703000662743,0.29903467766152453,0.5319148936170213,47,9.404255319148936,0.022507298000000005,22.0404,0.14105588647267697,-0.10006428906253284,0.12498049195002459,-0.2613479383110422,0.23575818473819088,0
V7_allz,U2_re300_h20,base,0.9029775968084934,-0.23662254877794675,1.5074286250537798,1.7334575577679325,0.5609756097560976,82,5.939024390243903,0.039813386000000006,39.0243,0.3558139056689491,0.4035684313693313,0.3329570543466245,0.0019754973156156375,0.4248213589324823,0
V7_allz,U2_re300_h20,no_cost,1.068072599548874,-0.22596176614520025,1.664234823030012,1.9309295964527107,0.573170731707317,82,5.939024390243903,0.0,39.05542,0.4105335423878871,0.4661633611688827,0.3698974318661632,0.029955113973788805,0.46574840661410977,0
V8_allz,P2_re300_sl8,no_filters,0.8401695457272997,-0.16224701891636828,1.452405615850995,1.7448421345342011,0.603448275862069,58,8.413793103448276,0.0285277068,27.95084,0.47217496819770477,0.24996660415990424,0.34777206265081473,0.09773906562926782,0.24377627748141095,0
V8_allz,P2_re300_sl8,cap1w,1.2669873259923543,-0.1022561494889429,1.6786664160103866,2.286388836193622,0.6451612903225806,62,7.806451612903226,0.07579482,5.3057,0.8957716393167661,0.195812448597118,0.2900915869956604,0.5668729183482775,0.12148837118537514,0
V8_allz,P2_re300_sl8,cap3w,0.8176553015820656,-0.16108751844774305,1.3792374537529408,1.7137997418435542,0.603448275862069,58,8.413793103448276,0.033495048,16.34044,0.46216213415451635,0.24312841860941092,0.34251576714749987,0.0931767172329232,0.2385163925956415,0
V8_allz,P2_re300_sl8,close_seq,1.2578961583855008,-0.1441619412975511,1.8613216231224357,2.0811811951502963,0.6785714285714286,56,7.714285714285714,0.027609910799999998,27.06854,1.4585799909245178,-0.08162591141220255,0.4970068908864136,0.6082070223658804,-0.06213957334642217,0
V8_allz,S2_re300_sl8_tr15,base,0.8401695457272997,-0.16224701891636828,1.452405615850995,1.7448421345342011,0.603448275862069,58,8.413793103448276,0.0285277068,27.95084,0.47217496819770477,0.24996660415990424,0.34777206265081473,0.09773906562926782,0.24377627748141095,0
V8_allz,S2_re300_sl8_tr15,no_cost,0.951569909095058,-0.15286979771121334,1.5650582628165162,1.8937454625886498,0.603448275862069,58,8.413793103448276,0.0,27.95084,0.5221553491147508,0.28210954961334633,0.37383318156882517,0.1192053654620473,0.2692299985608775,0
V8_allz,S2_re300_sl8_tr15,no_filters,0.8401695457272997,-0.16224701891636828,1.452405615850995,1.7448421345342011,0.603448275862069,58,8.413793103448276,0.0285277068,27.95084,0.47217496819770477,0.24996660415990424,0.34777206265081473,0.09773906562926782,0.24377627748141095,0
V8_allz,S2_re300_sl8_tr15,cap1w,1.2669873259923543,-0.1022561494889429,1.6786664160103866,2.286388836193622,0.6451612903225806,62,7.806451612903226,0.07579482,5.3057,0.8957716393167661,0.195812448597118,0.2900915869956604,0.5668729183482775,0.12148837118537514,0
V7_allz,U2_re300_h20,no_filters,0.9029775968084934,-0.23662254877794675,1.5074286250537798,1.7334575577679325,0.5609756097560976,82,5.939024390243903,0.039813386000000006,39.0243,0.3558139056689491,0.4035684313693313,0.3329570543466245,0.0019754973156156375,0.4248213589324823,0
V7_allz,U2_re300_h20,cap1w,0.11765686744204418,-0.2823117661907041,0.5415928490998173,0.4742029991756397,0.5466666666666666,75,6.346666666666667,0.091031808,6.16608,-0.05915274858441466,0.18792595265643164,0.2012643286907232,-0.3049407154511813,0.3385914941399131,0
V7_allz,U2_re300_h20,cap3w,0.8641908317508702,-0.2406846621667289,1.4614224406445722,1.6844733688178728,0.5609756097560976,82,5.939024390243903,0.046573055999999995,22.19968,0.3408933593893835,0.3902603206266799,0.3230512814137092,-0.005241655416233337,0.41643320443023524,0
V7_allz,U2_re300_h20,close_seq,-0.46455500760313795,-0.3343712727690238,-0.9880731679421064,-1.466797102076768,0.4603174603174603,63,6.777777777777778,0.0289954596,27.95848,-0.12765851399257722,-0.3861979500166681,-0.11090312314151063,-0.11552995528288401,-0.31910107609166427,0
V8_allz,A01_daily_top1,base,0.07050145232715632,-0.3527763654671142,0.5116530658788988,0.3840905528025531,0.5432098765432098,243,1.0,0.23576269800000002,231.1399,0.14370015522468793,-0.06400165512188116,0.03617078552722641,-0.062352698146917906,0.10183460811321621,0
V8_allz,A01_daily_top1,no_cost,0.3714127730263814,-0.26680507155038113,1.3043847299329259,1.2430303118811201,0.551440329218107,243,1.0,0.0,237.82406,0.2963764835106524,0.057881557148064866,0.125344053253152,0.018422962056465986,0.19661567376734435,0
V8_allz,A01_daily_top1,no_filters,0.07050145232715632,-0.3527763654671142,0.5116530658788988,0.3840905528025531,0.5432098765432098,243,1.0,0.23576269800000002,231.1399,0.14370015522468793,-0.06400165512188116,0.03617078552722641,-0.062352698146917906,0.10183460811321621,0
V8_allz,A01_daily_top1,cap1w,-0.0780727620764029,-0.3602088154300709,-0.03427230995489338,-0.13547265711996015,0.5145228215767634,241,1.0,0.34706492,40.7942,0.06036243874195457,-0.1305546063877946,-0.014185918715052703,-0.10825449350130889,0.04872277420215543,0
V9_allz,A01_daily_top1,base,0.20242259786032535,-0.30141943817607053,0.7725562510427351,0.6962721250995428,0.5267489711934157,243,1.0,0.22701140400000003,222.5602,-0.004569241426220949,0.20794197637927003,-0.01534764127304078,-0.004292214356938495,0.22642868881000577,0
V9_allz,A01_daily_top1,no_cost,0.5403044512932411,-0.21220823454770155,1.4768076016516758,1.3897444368678147,0.5432098765432098,243,1.0,0.0,236.8677,0.12843570675015337,0.3649908825813848,0.06943526554876445,0.0814362189960336,0.331837253369208,0
V9_allz,A01_daily_top1,no_filters,0.2630615253626236,-0.2734748579514057,0.9285962909480346,0.8352263575204876,0.5308641975308642,243,1.0,0.23162731199999997,227.0856,0.014998785941047865,0.24439707993501325,0.00400850593946922,0.02575776415749509,0.22642868881000466,0
V9_allz,A01_daily_top1,cap1w,-0.0032284018400603465,-0.32840027277186934,0.29379236349904697,0.17115624950818134,0.5061728395061729,243,1.0,0.34456068000000006,39.0618,-0.08601681890423207,0.09057980362933749,-0.070695605141878,-0.05682083868187471,0.1372173238393024,0
V9_allz,A01_daily_top1,cap3w,0.20242259786033134,-0.2979601359831132,0.800152524718734,0.6962721250995545,0.5267489711934157,243,1.0,0.22554325000000003,132.6725,-0.0045692414262180625,0.20794197637927292,-0.015347641273037782,-0.004292214356938051,0.2264286888100071,0
V9_allz,A01_daily_top1,close_seq,0.22429674102428887,-0.1368838819302981,0.9889574774111327,0.8170555198376751,0.4918032786885246,122,1.0,0.12032787,117.9685,0.06045466157797996,0.15450172966613152,-0.0015520256144800904,0.12615993726677832,0.08883276166975329,0
V9_allz,D01_h5_sl8_t1,base,1.2532737109018344,-0.24873869518344627,2.5238682970026893,1.8785678948869509,0.54,50,4.88,0.050312234399999996,49.32572,0.8156840265091967,0.24100541614277482,0.49826920034355715,0.0030606690477961163,0.49932884481444684,0
V9_allz,D01_h5_sl8_t1,no_cost,1.369845341763217,-0.23421919096895571,2.656891998622237,1.981145002595136,0.54,50,4.88,0.0,49.32572,0.8617575786169198,0.27290758419995287,0.5224658300872767,0.019569475517707824,0.5267067490532946,0
V8_allz,T2_re250_sl8_tr15,no_filters,0.7630990147045624,-0.23154775870696187,1.4218477069842514,1.342491642160433,0.6140350877192983,57,8.56140350877193,0.027878272000000003,27.3031,1.1118384206572869,-0.1651354585376773,0.5775009709745096,0.03207252423211249,0.08292118806941451,0
V8_allz,T2_re250_sl8_tr15,cap1w,1.1977628025840978,-0.1300893680341464,1.7320569731011113,1.8114703378442814,0.5636363636363636,55,8.781818181818181,0.06720699999999999,4.695,0.9355473614088212,0.1354735339487736,0.41825834954570307,0.37843088511978307,0.12419195812636996,0
V8_allz,T2_re250_sl8_tr15,cap3w,0.7417534912230084,-0.23589216013163483,1.311397516475912,1.3193648520286467,0.6140350877192983,57,8.56140350877193,0.032904713333333335,16.0439,1.0987450718523797,-0.1700976385446782,0.5713531742292328,0.027759779131973694,0.07850276971900083,0
V8_allz,T2_re250_sl8_tr15,close_seq,1.3418509878154614,-0.09595436509796673,2.0023876170769244,1.9153544880910458,0.66,50,8.76,0.024524014399999995,24.04122,0.9942876906353957,0.17427941756453835,0.6023320903248521,0.4106520317203306,0.03606458359602205,0
V8_allz,T2_re400_sl8_tr15,base,1.8638186245301265,-0.1120139129776988,2.083651923643178,2.7089080862608412,0.7307692307692307,52,9.384615384615385,0.025374864400000006,24.83822,1.2673586642839845,0.2630637885579079,0.7338985729588094,0.32863603502309213,0.24312784062501214,0
V8_allz,T2_re400_sl8_tr15,no_cost,2.017878823941855,-0.10906612133605997,2.17702318214521,2.833300447449224,0.7307692307692307,52,9.384615384615385,0.0,24.83822,1.331666720993098,0.29430110948981847,0.7635002746651123,0.3516636073856947,0.2660697872667295,0
V8_allz,T2_re400_sl8_tr15,no_filters,1.8638186245301265,-0.1120139129776988,2.083651923643178,2.7089080862608412,0.7307692307692307,52,9.384615384615385,0.025374864400000006,24.83822,1.2673586642839845,0.2630637885579079,0.7338985729588094,0.32863603502309213,0.24312784062501214,0
V8_allz,T2_re400_sl8_tr15,cap1w,1.4554499470992255,-0.12076739162588868,1.790834632289072,2.4461951309084444,0.717391304347826,46,10.565217391304348,0.05616756000000001,3.9106,0.7308252597601044,0.4186584886330793,0.6801226403354641,0.19127107519078201,0.22681620686511783,0
V8_allz,N2_re300,base,1.3698767567624541,-0.14342164553042336,1.8708896465445561,2.543859040376556,0.6206896551724138,58,8.413793103448276,0.028442785200000004,27.86326,0.7497135908117152,0.35443695997299574,0.34777206265081473,0.34218929527873554,0.310073135157535,0
V8_allz,N2_re300,no_cost,1.5128731044017645,-0.13961892729649927,1.9806261058457881,2.704439775916577,0.6206896551724138,58,8.413793103448276,0.0,27.86326,0.8070257607805846,0.39061277317722,0.37383318156882517,0.3682211824794941,0.3368425088577107,0
V8_allz,N2_re300,no_filters,1.3698767567624541,-0.14342164553042336,1.8708896465445561,2.543859040376556,0.6206896551724138,58,8.413793103448276,0.028442785200000004,27.86326,0.7497135908117152,0.35443695997299574,0.34777206265081473,0.34218929527873554,0.310073135157535,0
V8_allz,N2_re300,cap1w,1.5783522903429472,-0.10611761161673783,1.8945982095134541,2.5197099829570466,0.6724137931034483,58,8.344827586206897,0.07072569999999999,4.8945,0.900754337364106,0.35648896843687283,0.2996630610759401,0.49381990666422015,0.32804636736436366,0
V8_allz,N2_re300,cap3w,1.3400902014705691,-0.14016798667429164,1.8173992255788658,2.5090417859989933,0.6206896551724138,58,8.413793103448276,0.033419422666666664,16.25318,0.7384173416808204,0.3461038068154625,0.34251576714749987,0.3364386170776783,0.3042600348929292,0
V8_allz,N2_re300,close_seq,1.6757124322201795,-0.1929081825820459,2.112349749665815,2.6387303705170098,0.6981132075471698,53,8.245283018867925,0.026079829200000005,25.56846,1.4922562752015232,0.07361047049779135,0.48541839773909845,0.44917985139785044,0.24299204928547402,0
V8_allz,P2_re300_sl8,base,0.8401695457272997,-0.16224701891636828,1.452405615850995,1.7448421345342011,0.603448275862069,58,8.413793103448276,0.0285277068,27.95084,0.47217496819770477,0.24996660415990424,0.34777206265081473,0.09773906562926782,0.24377627748141095,0
V8_allz,P2_re300_sl8,no_cost,0.951569909095058,-0.15286979771121334,1.5650582628165162,1.8937454625886498,0.603448275862069,58,8.413793103448276,0.0,27.95084,0.5221553491147508,0.28210954961334633,0.37383318156882517,0.1192053654620473,0.2692299985608775,0
V9_allz,D01_h5_sl8_t1,no_filters,1.2532737109018344,-0.24873869518344627,2.5238682970026893,1.8785678948869509,0.54,50,4.88,0.050312234399999996,49.32572,0.8156840265091967,0.24100541614277482,0.49826920034355715,0.0030606690477961163,0.49932884481444684,0
V9_allz,D01_h5_sl8_t1,cap1w,1.1887217273285993,-0.2514510669722141,2.3995945425629657,1.8198556633939855,0.54,50,4.88,0.074084996,9.26346,0.7887907674491601,0.22357615387838004,0.48401272259839856,-0.006250581715752879,0.48414398914814694,0
V9_allz,D01_h5_sl8_t1,cap3w,1.2532737109018361,-0.2441872486207486,2.547519390062533,1.8785678948869509,0.54,50,4.88,0.04956554,29.1562,0.8156840265091954,0.24100541614277549,0.4982692003435567,0.003060669047795894,0.4993288448144477,0
V9_allz,D01_h5_sl8_t1,close_seq,0.060104676761654874,-0.47699485734159175,0.48665844784950135,0.3500283218712495,0.4634146341463415,41,4.975609756097561,0.039308658,38.5379,0.17048772554631397,-0.09430517413853179,0.22338189742856263,-0.19496448116987652,0.07639496679269286,0
V9_allz,N2_re300,base,1.781177613428659,-0.11115660677645767,2.1222471291967295,2.662787423250327,0.6129032258064516,62,7.870967741935484,0.030723256799999998,30.12084,0.6273776521916687,0.7089933671407569,0.20055915110849942,0.5309256500733466,0.5131816391624873,0
V9_allz,N2_re300,no_cost,1.9605387659526081,-0.10702061193070567,2.235668205182539,2.8136819202590324,0.6129032258064516,62,7.870967741935484,0.0,30.12084,0.6790289100297711,0.7632446637861128,0.2251274327283015,0.561979359013492,0.5470850773353393,0
V9_allz,N2_re300,no_filters,1.781177613428659,-0.11115660677645767,2.1222471291967295,2.662787423250327,0.6129032258064516,62,7.870967741935484,0.030723256799999998,30.12084,0.6273776521916687,0.7089933671407569,0.20055915110849942,0.5309256500733466,0.5131816391624873,0
V9_allz,N2_re300,cap1w,1.4698744875138647,-0.10724242434232256,1.8085985116870338,2.378637614281877,0.6129032258064516,62,7.870967741935484,0.07560632,5.2332,0.5374569242923941,0.6064674388523839,0.15572801454440133,0.47407436692027405,0.44977247248932284,0
V9_allz,T2_re300_mh5,no_filters,0.819649562351888,-0.1431967011036892,1.5428719162985014,1.5079777435522566,0.6226415094339622,53,9.20754716981132,0.0261863376,25.67288,0.9938536017456636,-0.08737052672335444,0.3836903154426041,0.3885575801434151,-0.05292371387280004,0
V9_allz,T2_re300_mh5,cap1w,0.34548594434804647,-0.1529630427935148,0.9065593396850645,0.8803262933896474,0.47058823529411764,51,9.568627450980392,0.06192291200000001,4.20112,0.5401505062634011,-0.126393207107814,0.2279297659014743,0.13574626383839616,-0.03522882058389365,0
V9_allz,T2_re300_mh5,cap3w,0.4720018655239282,-0.15037903741829128,1.1221436699271066,1.0793124169147699,0.5294117647058824,51,9.568627450980392,0.029494299999999998,14.4165,0.6202857774378199,-0.09151713480345125,0.26467425863406,0.17125381836573084,-0.006246521816586026,0
V9_allz,T2_re300_mh5,close_seq,0.4634292169872323,-0.1642916911553859,0.9847938519531934,1.2053245340596679,0.6739130434782609,46,9.652173913043478,0.022623617600000003,22.16938,0.16216618185291365,0.25922543594754743,0.1367851925336072,0.10491954909241596,0.16509853424726506,0
V9_allz,T2_re300_mh5_sl8_tr15,base,0.09596330464322422,-0.2830991269011922,0.566799189858038,0.43803224178434436,0.543859649122807,57,8.56140350877193,0.0282024696,27.64948,0.6291885659527678,-0.3272949936262949,0.39540529269894553,-0.18948217416783564,-0.030979250737367625,0
V9_allz,T2_re300_mh5_sl8_tr15,no_cost,0.16156999673157824,-0.27196208472463734,0.6716434750404559,0.5526881359211374,0.543859649122807,57,8.56140350877193,0.0,27.68998,0.6775149875009696,-0.3075650558198624,0.4223780003404032,-0.17347377157983823,-0.011961837222113192,0
V9_allz,T2_re300_mh5_sl8_tr15,no_filters,0.07781552375058665,-0.2886824251604796,0.5114520602907598,0.40614237381974416,0.5892857142857143,56,8.714285714285714,0.0276851868,27.14234,0.571686499047457,-0.3142299533629561,0.3489410012284486,-0.0717191452136009,-0.13925980214731004,0
V9_allz,T2_re300_mh5_sl8_tr15,cap1w,-0.020470187618216173,-0.2791372319020402,0.31741612587102613,0.21651832532916487,0.5263157894736842,57,8.56140350877193,0.06927928,4.7228,0.5388846604525792,-0.363480683410212,0.34478561431637456,-0.21945749028381667,-0.06681436827763321,0
V8_allz,T2_re300_mh5_sl8_tr15,base,1.4121504607243547,-0.2101657001372016,2.0286744402132784,1.8756548175828824,0.6607142857142857,56,8.714285714285714,0.0273719388,26.81944,1.6353667147424096,-0.08470026306751555,0.555646820841744,0.6749192014439778,-0.07423762365145059,0
V8_allz,T2_re300_mh5_sl8_tr15,no_cost,1.552571838208142,-0.20150787362582945,2.1284042449991203,1.9787175928742968,0.6607142857142857,56,8.714285714285714,0.0,26.81944,1.71815909901655,-0.060918899437607754,0.5839444935962577,0.7053693377743482,-0.05502664118345568,0
V8_allz,T2_re300_mh5_sl8_tr15,no_filters,1.4121504607243547,-0.2101657001372016,2.0286744402132784,1.8756548175828824,0.6607142857142857,56,8.714285714285714,0.0273719388,26.81944,1.6353667147424096,-0.08470026306751555,0.555646820841744,0.6749192014439778,-0.07423762365145059,0
V8_allz,T2_re300_mh5_sl8_tr15,cap1w,1.2645174753233417,-0.21559715991433925,1.7138836441243201,1.8578371043709436,0.5925925925925926,54,8.944444444444445,0.066024948,4.62498,1.4116390676296304,-0.06100481381357492,0.5041250927967318,0.30793807684882957,0.15107742553525294,0
V8_allz,T2_re300_mh5_sl8_tr15,cap3w,1.3839167423099452,-0.21522401777502576,1.9190645639609811,1.8542425428044744,0.6607142857142857,56,8.714285714285714,0.03235634266666667,15.79578,1.6186492595760633,-0.08963877709385115,0.54999511163512,0.6683215207673496,-0.07810596883524568,0
V8_allz,T2_re300_mh5_sl8_tr15,close_seq,1.3988214333589948,-0.19404939782586828,1.8868939028897824,1.9605600841252424,0.6444444444444445,45,9.844444444444445,0.0222828588,21.84594,0.6690240530461908,0.43725995379205407,0.5223034301331644,0.05176629824861445,0.498226395151691,0
V8_allz,T2_re250_sl8_tr15,base,0.7630990147045624,-0.23154775870696187,1.4218477069842514,1.342491642160433,0.6140350877192983,57,8.56140350877193,0.027878272000000003,27.3031,1.1118384206572869,-0.1651354585376773,0.5775009709745096,0.03207252423211249,0.08292118806941451,0
V8_allz,T2_re250_sl8_tr15,no_cost,0.8681196980347308,-0.22176411129435547,1.5277523007412577,1.4530473012144407,0.6140350877192983,57,8.56140350877193,0.0,27.3031,1.176320011749215,-0.14161534703105028,0.6078284984114659,0.052296146992784065,0.10414725579366158,0
V10_allz,A01_daily_top1,cap3w,0.025367246530099363,-0.25039868039304625,0.4078151599656477,0.24556088655103878,0.49794238683127573,243,1.0,0.23485194,138.1482,0.09603291741678399,-0.06447404066406626,0.11547138363017995,0.008509932589996216,-0.08853325621506569,0
V10_allz,A01_daily_top1,close_seq,0.02253129660603137,-0.21464934622153775,0.3612523578897115,0.22846215951393262,0.5,122,1.0,0.1184802828,116.15714,0.014470749982332443,0.007945568291485072,0.08827464753015435,0.013615020103588726,-0.07303132154490544,0
V10_allz,D01_h5_sl8_t1,base,0.2891976324148722,-0.2252742890289675,1.1254044445622393,0.94215347205786,0.5,50,4.88,0.0502628256,49.27728,0.24961770102526804,0.03167363214936003,0.25156350484396395,-0.10007395052170154,0.14461592857339012,0
V10_allz,D01_h5_sl8_t1,no_cost,0.35641206139213666,-0.2085238455715367,1.2745184145821387,1.0972171795434242,0.52,50,4.88,0.0,49.27728,0.28168113381825366,0.058306957637155765,0.27194047204314353,-0.08518629288814383,0.1657144857787347,0
V10_allz,D01_h5_sl8_t1,no_filters,0.2891976324148722,-0.2252742890289675,1.1254044445622393,0.94215347205786,0.5,50,4.88,0.0502628256,49.27728,0.24961770102526804,0.03167363214936003,0.25156350484396395,-0.10007395052170154,0.14461592857339012,0
V10_allz,D01_h5_sl8_t1,cap1w,0.25029789272236447,-0.22474911235699757,1.0733951705752214,0.8486242079382594,0.5,50,4.88,0.07361694400000002,9.08344,0.2293271650959423,0.01705870351021277,0.23912970991286642,-0.1094375820754685,0.13300640631593263,0
V10_allz,D01_h5_sl8_t1,cap3w,0.28919763241487395,-0.22265871474999532,1.1504945227565142,0.9421534720578643,0.5,50,4.88,0.049513622,29.12566,0.24961770102526915,0.03167363214936114,0.2515635048439653,-0.10007395052170187,0.14461592857339078,0
V10_allz,D01_h5_sl8_t1,close_seq,0.8840867063334168,-0.21643706096736648,2.2228146380387166,1.8204276557613033,0.6097560975609756,41,4.951219512195122,0.041169566399999996,40.36232,0.7829184879262774,0.05674304186772372,0.5494302713340851,0.05368596015640259,0.15403147900040826,0
V9_allz,T2_re300_mh5_sl8_tr15,cap3w,0.0828789835298489,-0.2798148041661599,0.5339148854705085,0.4143510332176554,0.543859649122807,57,8.56140350877193,0.03292852933333333,16.07138,0.6193604579661722,-0.33129219118399034,0.38987678493476685,-0.1927336160690175,-0.03486790966187703,0
V9_allz,T2_re300_mh5_sl8_tr15,close_seq,0.1018894034728497,-0.23008575327381853,0.4827092010432571,0.447433266185648,0.6382978723404256,47,9.425531914893616,0.023045122400000003,22.58262,0.07494351686789935,0.02506725812297872,0.21147801417926182,-0.09080257963962779,0.0003783281812737016,0
V9_allz,T2_re250_sl8_tr15,base,0.6511969862526017,-0.25930205569029285,1.2525575624069611,1.2124527917323438,0.5967741935483871,62,7.870967741935484,0.0307108944,30.10872,1.5452352928545445,-0.35125959046373934,0.37247395019770324,0.4239637583160567,-0.15511842158177813,0
V9_allz,T2_re250_sl8_tr15,no_cost,0.7584534045575073,-0.2495462913397135,1.3545771454549818,1.3310540607198718,0.5967741935483871,62,7.870967741935484,0.0,30.10872,1.6305891722931785,-0.331536287353984,0.4004430613647345,0.45296417898345864,-0.13580748333480552,0
V9_allz,T2_re250_sl8_tr15,no_filters,0.18843547425614426,-0.3012473413689257,0.6951041322080785,0.5922233983650583,0.5862068965517241,58,8.413793103448276,0.0288139392,28.24896,0.8036806866644892,-0.34110539462841694,0.3979192306478989,0.02944014262213046,-0.17416662932522076,0
V9_allz,T2_re250_sl8_tr15,cap1w,0.5214211885505606,-0.26797495146759964,0.8072733879933297,1.063329765627779,0.5806451612903226,62,7.854838709677419,0.07549301200000001,5.18962,1.4801653781738464,-0.38656462107749145,0.32020835705780093,0.4232059790894349,-0.19027187712042348,0
V9_allz,T2_re250_sl8_tr15,cap3w,0.6297059551351945,-0.25874021667568003,1.1834788454944696,1.1878292926880807,0.5806451612903226,62,7.870967741935484,0.035802722666666675,17.46468,1.527444567044197,-0.3551961628020561,0.3668011966232725,0.4177931809697659,-0.1590096375196377,0
V9_allz,T2_re250_sl8_tr15,close_seq,0.9871838397181354,-0.21581714004846642,1.5600951933890876,1.7633427463346438,0.64,50,8.8,0.024781471200000002,24.29556,0.4550506712845317,0.3657145272912259,0.33754468261868054,-0.16040390684985018,0.7695357393280955,0
V9_allz,N2_re300,cap3w,1.7467807629739696,-0.11180583673554523,2.0790561669435235,2.63286090198028,0.6129032258064516,62,7.870967741935484,0.03599553866666666,17.68716,0.6173993873982033,0.6982699414722315,0.1957172877894806,0.524882925638742,0.5064647958286577,0
V9_allz,N2_re300,close_seq,1.4799130813840575,-0.12588998541329888,1.916819645947125,2.5983260151065615,0.6779661016949152,59,7.305084745762712,0.029067980400000002,28.49802,0.5525697303384922,0.5972957819056455,0.10977181725932561,0.43509865204926035,0.5571161577866557,0
V9_allz,P2_re300_sl8,base,1.4596749714642083,-0.16422295028075085,1.8450747183751393,2.1780014290264242,0.6557377049180327,61,8.0,0.030275476800000006,29.68184,0.6273776521916687,0.5114346495735913,0.20055915110849942,0.20947753020763793,0.6939334929954071,0
V9_allz,P2_re300_sl8,no_cost,1.615922053975635,-0.1561296811402888,1.951201461702097,2.3116646856061402,0.6557377049180327,61,8.0,0.0,29.68184,0.6790289100297711,0.5579970293240828,0.2251274327283015,0.23424087131041005,0.7299900723729855,0
V9_allz,P2_re300_sl8,no_filters,1.4596749714642083,-0.16422295028075085,1.8450747183751393,2.1780014290264242,0.6557377049180327,61,8.0,0.030275476800000006,29.68184,0.6273776521916687,0.5114346495735913,0.20055915110849942,0.20947753020763793,0.6939334929954071,0
V9_allz,P2_re300_sl8,cap1w,1.1916661781719342,-0.16432088180531412,1.538172789623004,1.929417130356752,0.6557377049180327,61,8.0,0.07453716,5.2066,0.5374569242923941,0.4255138752460559,0.15572801454440133,0.16471296696909232,0.6281703978711983,0
V9_allz,P2_re300_sl8,cap3w,1.4299944725354643,-0.16689903105479775,1.806796861687669,2.151752141301858,0.6557377049180327,61,8.0,0.03545354666666667,17.4464,0.6173993873982033,0.5024084289066206,0.1957172877894806,0.20459476175796176,0.6870805053660758,0
V9_allz,P2_re300_sl8,close_seq,1.0845870649172884,-0.19116616457550972,1.5123492696765826,1.9246159088210186,0.6666666666666666,63,6.777777777777778,0.031089396,30.4798,0.5850600102897678,0.3151470930972524,0.15490446174705608,0.04853756530658426,0.7214324489889903,0
V8_allz,T2_re400_sl8_tr15,cap3w,1.832056086520502,-0.11378892916164296,2.030407968667909,2.682880058459652,0.7307692307692307,52,9.384615384615385,0.03000507466666667,14.62124,1.2541778393524523,0.2563587650804229,0.7277494252195544,0.32370064442233026,0.23831550989573547,0
V8_allz,T2_re400_sl8_tr15,close_seq,0.8233664419463524,-0.15819654883990386,1.4234270923985504,1.578555383041214,0.6585365853658537,41,10.902439024390244,0.020351713200000003,19.95266,1.172366919384717,-0.1606544798321693,0.8170507743822659,0.15952808554149178,-0.13458260143486855,0
V8_allz,U2_re300_h20,base,1.5631720982266155,-0.1271962342749713,1.9433165435626911,2.630452665912782,0.6833333333333333,60,8.133333333333333,0.029538372400000002,28.94362,0.5027745766489158,0.705626471231841,0.33988053778907834,0.5219451037710536,0.2569346544277371,0
V8_allz,U2_re300_h20,no_cost,1.72319341299995,-0.12387066445329142,2.05482771069611,2.7873402973648105,0.6833333333333333,60,8.133333333333333,0.0,28.94362,0.5537727430786188,0.7526330186512733,0.3671882810533773,0.552917428712189,0.2826311902168841,0
V8_allz,U2_re300_h20,no_filters,1.5631720982266155,-0.1271962342749713,1.9433165435626911,2.630452665912782,0.6833333333333333,60,8.133333333333333,0.029538372400000002,28.94362,0.5027745766489158,0.705626471231841,0.33988053778907834,0.5219451037710536,0.2569346544277371,0
V8_allz,U2_re300_h20,cap1w,1.0789785345024239,-0.1584599974272659,1.4340845734225645,1.9255064092798786,0.6825396825396826,63,7.714285714285714,0.0765447,5.2095,0.8357945604033874,0.13246796746450817,0.4766966357681468,0.3389164546175971,0.05149022799550984,0
V8_allz,U2_re300_h20,cap3w,1.5308522307204306,-0.1252562664742466,1.9180148550095055,2.59792115585875,0.6833333333333333,60,8.133333333333333,0.03464952666666667,16.9033,0.49270897956552484,0.6954759871928098,0.3344251669736751,0.515178702127775,0.2517243695367186,0
V8_allz,U2_re300_h20,close_seq,1.6613491998749934,-0.19252430635010898,2.1157243954933143,2.4163669518665434,0.7222222222222222,54,8.074074074074074,0.026539074,26.0187,1.0261513001434266,0.31349973700710376,0.4970068908864136,0.4328240127227192,0.24075265177716076,0
V9_allz,T2_re400_sl8_tr15,base,0.24885867828519492,-0.20753945790335437,0.7809401245161296,0.7146446286899029,0.5217391304347826,46,10.608695652173912,0.022711095599999998,22.26578,0.326578487814694,-0.05858666505102861,0.3302776492373758,-0.17454869209830115,0.13731179125774262,0
V9_allz,T2_re400_sl8_tr15,no_cost,0.3087046793902304,-0.1985551559702795,0.8583738153489303,0.8161044616711454,0.5217391304347826,46,10.608695652173912,0.0,22.26578,0.355040683513417,-0.03419528630169555,0.3505200110518074,-0.16169220674824403,0.15594488630540115,0
V9_allz,T2_re400_sl8_tr15,no_filters,0.24885867828519492,-0.20753945790335437,0.7809401245161296,0.7146446286899029,0.5217391304347826,46,10.608695652173912,0.022711095599999998,22.26578,0.326578487814694,-0.05858666505102861,0.3302776492373758,-0.17454869209830115,0.13731179125774262,0
V9_allz,T2_re400_sl8_tr15,cap1w,0.14402041239850694,-0.2449216955919421,0.4724333315172155,0.5269110928584195,0.5333333333333333,45,10.822222222222223,0.054866012,3.79462,0.314696844827695,-0.12982189247708786,0.2931602334012313,-0.12686351363897652,0.01320959950772127,0
V9_allz,T2_re400_sl8_tr15,cap3w,0.23675258779364494,-0.2078803192974027,0.726030015807503,0.6935404197827024,0.5217391304347826,46,10.608695652173912,0.02657042933333333,12.96588,0.3205078871683136,-0.06342658017308245,0.3262391350935758,-0.17741632378360628,0.1336549842747501,0
V9_allz,T2_re400_sl8_tr15,close_seq,0.32891261314157205,-0.2858395682902889,0.8392044660900355,0.8602150581565939,0.6190476190476191,42,10.666666666666666,0.020542144400000004,20.12872,0.3835784225723575,-0.03951045241739903,0.21689683266266147,0.026992996344941123,0.06334741795287147,0
V9_allz,U2_re300_h20,base,1.4615306008091027,-0.13433090239265266,1.8640177435560359,2.2051248852510232,0.5714285714285714,63,7.746031746031746,0.0312515556,30.63878,0.4742861360103152,0.6696423717789608,0.26314277242255235,0.04862511046447171,0.8583715344241192,0
V9_allz,U2_re300_h20,no_cost,1.6232271106174432,-0.12945398210503023,1.9736485590982138,2.3454086651657553,0.5714285714285714,63,7.746031746031746,0.0,30.63878,0.5227512923182847,0.7226891376488396,0.2902585778567126,0.07130372322430789,0.8977828723074139,0
V9_allz,U2_re300_h20,no_filters,1.4615306008091027,-0.13433090239265266,1.8640177435560359,2.2051248852510232,0.5714285714285714,63,7.746031746031746,0.0312515556,30.63878,0.4742861360103152,0.6696423717789608,0.26314277242255235,0.04862511046447171,0.8583715344241192,0
V9_allz,U2_re300_h20,cap1w,1.3104008012903825,-0.1404575433378651,1.5973742874560073,2.083658663291249,0.5873015873015873,63,7.73015873015873,0.076846924,5.32574,0.46991848947912374,0.5717883799863559,0.2138371679231199,0.06562361849291509,0.7861710961785173,0
V9_allz,U2_re300_h20,cap3w,1.429514048566579,-0.13591364219995816,1.8228346412272707,2.1762719350484843,0.5714285714285714,63,7.746031746031746,0.036442786666666664,17.8186,0.4644989966647015,0.6589386910469948,0.2577932233623783,0.043887318679666,0.8503613245404629,0
V9_allz,U2_re300_h20,close_seq,1.4799130813840575,-0.12588998541329888,1.916819645947125,2.5983260151065615,0.6779661016949152,59,7.305084745762712,0.029067980400000002,28.49802,0.5525697303384922,0.5972957819056455,0.10977181725932561,0.43509865204926035,0.5571161577866557,0
V10_allz,A01_daily_top1,base,0.025367246530099585,-0.2527671364341537,0.4164109121540747,0.2455608865510371,0.49794238683127573,243,1.0,0.23883669240000002,234.15362,0.09603291741678532,-0.0644740406640667,0.11547138363018083,0.008509932589995772,-0.08853325621506603,0
V10_allz,A01_daily_top1,no_cost,0.3136489666805784,-0.19127044137051719,1.171355865210009,0.9820287038091509,0.5185185185185185,243,1.0,0.0,237.23874,0.24239653469932976,0.05735079742354032,0.211410688586551,0.09533263139502712,-0.009984711689558945,0
V10_allz,A01_daily_top1,no_filters,0.013975565371918908,-0.25288628387679224,0.3894543208600646,0.21223344403477498,0.49382716049382713,243,1.0,0.237967428,233.3014,0.08385615092035792,-0.06447404066406681,0.10307865859786713,0.008509932589995772,-0.08853325621506569,0
V10_allz,A01_daily_top1,cap1w,-0.07042076290086241,-0.27184412618180875,0.055822897150740985,-0.051637731947003454,0.48760330578512395,242,1.0,0.352912932,42.65882,0.07308978556238221,-0.13373582564485387,0.06255279436982253,0.03149361886626445,-0.15185647394180557,0
V9_allz,S2_re300_sl8_tr15,base,1.4596749714642083,-0.16422295028075085,1.8450747183751393,2.1780014290264242,0.6557377049180327,61,8.0,0.030275476800000006,29.68184,0.6273776521916687,0.5114346495735913,0.20055915110849942,0.20947753020763793,0.6939334929954071,0
V9_allz,S2_re300_sl8_tr15,no_cost,1.615922053975635,-0.1561296811402888,1.951201461702097,2.3116646856061402,0.6557377049180327,61,8.0,0.0,29.68184,0.6790289100297711,0.5579970293240828,0.2251274327283015,0.23424087131041005,0.7299900723729855,0
V9_allz,S2_re300_sl8_tr15,no_filters,1.4596749714642083,-0.16422295028075085,1.8450747183751393,2.1780014290264242,0.6557377049180327,61,8.0,0.030275476800000006,29.68184,0.6273776521916687,0.5114346495735913,0.20055915110849942,0.20947753020763793,0.6939334929954071,0
V9_allz,S2_re300_sl8_tr15,cap1w,1.1916661781719342,-0.16432088180531412,1.538172789623004,1.929417130356752,0.6557377049180327,61,8.0,0.07453716,5.2066,0.5374569242923941,0.4255138752460559,0.15572801454440133,0.16471296696909232,0.6281703978711983,0
V9_allz,S2_re300_sl8_tr15,cap3w,1.4299944725354643,-0.16689903105479775,1.806796861687669,2.151752141301858,0.6557377049180327,61,8.0,0.03545354666666667,17.4464,0.6173993873982033,0.5024084289066206,0.1957172877894806,0.20459476175796176,0.6870805053660758,0
V9_allz,S2_re300_sl8_tr15,close_seq,1.0845870649172884,-0.19116616457550972,1.5123492696765826,1.9246159088210186,0.6666666666666666,63,6.777777777777778,0.031089396,30.4798,0.5850600102897678,0.3151470930972524,0.15490446174705608,0.04853756530658426,0.7214324489889903,0
V9_allz,T2_re300_mh5,base,0.48774084905221726,-0.15460917261341312,1.1541148176102045,1.102885597319591,0.5294117647058824,51,9.568627450980392,0.0252665424,24.77112,0.6301696281084694,-0.08737052672335444,0.26926086919109915,0.17539965590743778,-0.002780327784903891,0
V9_allz,T2_re300_mh5,no_cost,0.5667838087827854,-0.14820935803741997,1.2518121265821673,1.2176610020906795,0.5294117647058824,51,9.568627450980392,0.0,24.77112,0.6785250722480207,-0.06657110180402714,0.29124133387981077,0.19583082318396983,0.014686568674991296,0
V10_allz,P2_re300_sl8,no_filters,0.941072206104145,-0.10990566982686756,1.644034306043086,1.8042023502183042,0.7027027027027027,74,6.594594594594595,0.0364657752,35.75076,0.7554691993532743,0.10572843250069486,0.3766152531495066,0.19429315814494896,0.18064183883353602,0
V10_allz,P2_re300_sl8,cap1w,0.9483698244386485,-0.10638280021794189,1.6937606471702897,1.6497320060675706,0.6621621621621622,74,6.594594594594595,0.09062658400000001,6.39484,0.8896742120914349,0.031061233715123704,0.5165060941172663,0.13979885175855133,0.12719491203591482,0
V10_allz,P2_re300_sl8,cap3w,1.2003124787447796,-0.10562666045362135,1.879762710927795,1.9067874332616404,0.6891891891891891,74,6.594594594594595,0.0429516,21.098,1.005052271574006,0.09738409813001558,0.5760866428305416,0.18857899164069458,0.1745627501582141,0
V10_allz,P2_re300_sl8,close_seq,-0.3593162181251264,-0.31025901539768186,-0.42614169331972646,-0.7337794422060011,0.5166666666666667,60,7.166666666666667,0.0280250472,27.34236,0.0888734853609443,-0.411608611571162,0.06862090110009977,-0.17434293389239197,-0.27385999442026643,0
V10_allz,S2_re300_sl8_tr15,base,1.2334376293089142,-0.10328366335811923,1.8999355236297255,1.938333837386227,0.7027027027027027,74,6.594594594594595,0.0364865832,35.77116,1.01987898986898,0.10572843250069486,0.5839618422210109,0.19429315814494896,0.18064183883353602,0
V10_allz,S2_re300_sl8_tr15,no_cost,1.407196389757582,-0.09782746971603029,2.034084458395859,2.0967629037412583,0.7162162162162162,74,6.594594594594595,0.0,35.77116,1.094353959741103,0.1493741917699294,0.6226749417403272,0.22374271576520655,0.2122435277953676,0
V10_allz,S2_re300_sl8_tr15,no_filters,0.941072206104145,-0.10990566982686756,1.644034306043086,1.8042023502183042,0.7027027027027027,74,6.594594594594595,0.0364657752,35.75076,0.7554691993532743,0.10572843250069486,0.3766152531495066,0.19429315814494896,0.18064183883353602,0
V10_allz,S2_re300_sl8_tr15,cap1w,0.9483698244386485,-0.10638280021794189,1.6937606471702897,1.6497320060675706,0.6621621621621622,74,6.594594594594595,0.09062658400000001,6.39484,0.8896742120914349,0.031061233715123704,0.5165060941172663,0.13979885175855133,0.12719491203591482,0
V10_allz,N2_re300,base,0.9654930939875301,-0.15348531456830194,1.623503586851093,1.860053042920457,0.6666666666666666,60,8.133333333333333,0.029557702800000002,28.97814,0.9841911916723276,-0.009423536281822686,0.4348735623625155,0.05998709470906083,0.29228204617964426,0
V10_allz,N2_re300,no_cost,1.0885411619207819,-0.1474982626824184,1.7348042572629603,2.00875122233636,0.6833333333333333,60,8.133333333333333,0.0,28.97814,1.0552683205717899,0.016189049875363404,0.4640612294236106,0.08180439126493155,0.3186667600330182,0
V10_allz,N2_re300,no_filters,0.7082026227029017,-0.16353414659349175,1.346551899280669,1.739603961598824,0.6666666666666666,60,8.133333333333333,0.0295368948,28.95774,0.7244530687626876,-0.009423536281822686,0.2470431923533669,0.05998709470906083,0.29228204617964426,0
V10_allz,N2_re300,cap1w,0.7598697637141092,-0.1562551453699842,1.4171079874018293,1.5897910519770997,0.6166666666666667,60,8.133333333333333,0.07353071200000001,5.20412,0.8573904963820418,-0.05250416261841062,0.3811181108433692,0.020274962795157725,0.24891384517816872,0
V10_allz,N2_re300,cap3w,0.9417873887538697,-0.15034237008064322,1.60634586490831,1.8303885672913447,0.65,60,8.133333333333333,0.03482490533333333,17.10566,0.9697778561157055,-0.014209961430387219,0.4286553254358716,0.055820547289844535,0.28731284351901976,0
V10_allz,N2_re300,close_seq,0.4203525830074726,-0.16230874911945004,1.0427465432303051,0.9747281902852746,0.6458333333333334,48,9.208333333333334,0.023690560800000003,23.22604,0.5961179944237789,-0.1101205625338243,0.1763489945996426,0.29158640948537284,-0.06516166510240085,0
V10_allz,P2_re300_sl8,base,1.2334376293089142,-0.10328366335811923,1.8999355236297255,1.938333837386227,0.7027027027027027,74,6.594594594594595,0.0364865832,35.77116,1.01987898986898,0.10572843250069486,0.5839618422210109,0.19429315814494896,0.18064183883353602,0
V10_allz,P2_re300_sl8,no_cost,1.407196389757582,-0.09782746971603029,2.034084458395859,2.0967629037412583,0.7162162162162162,74,6.594594594594595,0.0,35.77116,1.094353959741103,0.1493741917699294,0.6226749417403272,0.22374271576520655,0.2122435277953676,0
V10_allz,S2_re300_sl8_tr15,cap3w,1.2003124787447796,-0.10562666045362135,1.879762710927795,1.9067874332616404,0.6891891891891891,74,6.594594594594595,0.0429516,21.098,1.005052271574006,0.09738409813001558,0.5760866428305416,0.18857899164069458,0.1745627501582141,0
V10_allz,S2_re300_sl8_tr15,close_seq,-0.3593162181251264,-0.31025901539768186,-0.42614169331972646,-0.7337794422060011,0.5166666666666667,60,7.166666666666667,0.0280250472,27.34236,0.0888734853609443,-0.411608611571162,0.06862090110009977,-0.17434293389239197,-0.27385999442026643,0
V10_allz,T2_re300_mh5,base,0.24391016624919648,-0.24620557197855086,0.6715403557433381,0.786000838700045,0.6304347826086957,46,10.608695652173912,0.022546304400000005,22.10422,0.32651490928122384,-0.06227200497639884,0.04367989267394168,0.1139245969376621,0.06995597140575827,0
V10_allz,T2_re300_mh5,no_cost,0.3034917596775437,-0.2408751713284938,0.7544538387078915,0.9127241989066875,0.6304347826086957,46,10.608695652173912,0.0,22.12238,0.3646688884267095,-0.04482928369510597,0.05974347165742033,0.13101417193450016,0.08752561118165403,0
V10_allz,T2_re300_mh5,no_filters,0.24391016624919648,-0.24620557197855086,0.6715403557433381,0.786000838700045,0.6304347826086957,46,10.608695652173912,0.022546304400000005,22.10422,0.32651490928122384,-0.06227200497639884,0.04367989267394168,0.1139245969376621,0.06995597140575827,0
V10_allz,T2_re300_mh5,cap1w,0.14199369038253007,-0.23075615980926567,0.5751345541551937,0.5546507737114397,0.5869565217391305,46,10.608695652173912,0.056360688000000006,3.98488,0.2571211610770763,-0.09158025038406603,0.013106229054947294,0.08293694056589129,0.0408917117135259,0
V10_allz,T2_re300_mh5,cap3w,0.23220879639096093,-0.2406417693035947,0.6885182456118496,0.7604243181473619,0.6304347826086957,46,10.608695652173912,0.026659072,13.06816,0.3186858311531966,-0.06557819362221451,0.040147883638235404,0.11067222119627051,0.0666042382564278,0
V10_allz,T2_re300_mh5,close_seq,0.32168318326897904,-0.20732448488679556,0.803757281550667,0.8597836548543036,0.5365853658536586,41,10.951219512195122,0.0200524044,19.65922,0.381102400105926,-0.04302303495554649,0.1821924321420081,0.26813205298084464,-0.11839365023794779,0
V10_allz,T2_re300_mh5_sl8_tr15,base,0.3600984297817822,-0.21049051770309934,0.9505234573339275,0.8549012978011484,0.6,60,8.133333333333333,0.029416494,28.8397,0.8021105210810653,-0.24527468550271025,0.42061079337786444,0.33988324155423166,-0.28545715638808256,0
V10_allz,T2_re300_mh5_sl8_tr15,no_cost,0.44570494764942437,-0.20401626039616738,1.0506188029014616,0.971855597382376,0.6,60,8.133333333333333,0.0,28.8397,0.8592357376115736,-0.22241977259612145,0.44953428717874555,0.3672231877660119,-0.27052273789433523,0
V10_allz,T2_re300_mh5_sl8_tr15,no_filters,0.3162037933656505,-0.21492001556902618,0.8734001545705827,0.8372655408585206,0.6551724137931034,58,8.413793103448276,0.0285958224,28.03512,0.7439507700127319,-0.24527468550271025,0.4602285514104334,0.26146158135887076,-0.28545715638808256,0
V10_allz,T2_re300_mh5_sl8_tr15,cap1w,0.23441595639785429,-0.2128797168901716,0.8057914785669462,0.6667018018562197,0.576271186440678,59,8.254237288135593,0.072165984,5.06384,0.5713452346283932,-0.21442091197114843,0.33265182634597346,0.3018082994722089,-0.2884625023796973,0
V10_allz,T2_re300_mh5_sl8_tr15,cap3w,0.34244116231421473,-0.21450615143600993,0.8879425659360461,0.8299056320844491,0.6,60,8.133333333333333,0.034532994666666664,16.76884,0.7897537650879898,-0.2499296894909917,0.41448096250501276,0.33389368993856183,-0.28849667268559664,0
V10_allz,T2_re300_mh5_sl8_tr15,close_seq,-0.034261895832050304,-0.2247870531219449,0.273131865974185,0.1568130991254072,0.574468085106383,47,9.425531914893616,0.0227265588,22.28094,0.030428413113544606,-0.06278001278140855,0.13358136132006848,-0.14653795068546804,-0.0017887582096043353,0
V10_allz,T2_re250_sl8_tr15,base,0.09649749441866562,-0.21575832920858307,0.591623546117994,0.43650048651328316,0.5789473684210527,57,8.56140350877193,0.0280704612,27.52006,0.42402815966418084,-0.23000294132017296,0.17999330221624166,0.27360856597676775,-0.27038772819546775,0
V10_allz,T2_re250_sl8_tr15,no_cost,0.16211585946370732,-0.20913737516709896,0.6970608097803201,0.5642242930727495,0.5789473684210527,57,8.56140350877193,0.0,27.52006,0.4664099652797966,-0.20750957305314566,0.2029409554048065,0.29831817601285926,-0.2559125497550724,0
V10_allz,T2_re250_sl8_tr15,no_filters,0.09649749441866562,-0.21575832920858307,0.591623546117994,0.43650048651328316,0.5789473684210527,57,8.56140350877193,0.0280704612,27.52006,0.42402815966418084,-0.23000294132017296,0.17999330221624166,0.27360856597676775,-0.27038772819546775,0
V10_allz,T2_re250_sl8_tr15,cap1w,0.00909133672255269,-0.22124444925514564,0.33475936162672837,0.25369489910154974,0.5818181818181818,55,8.854545454545455,0.06734537200000001,4.74822,0.25560043351004347,-0.19632766141882552,0.11897374838994401,0.27994472585712815,-0.2954377591164816,0
V10_allz,T2_re250_sl8_tr15,cap3w,0.08335237740051604,-0.21962344470925443,0.5055527663915266,0.4099976792412193,0.5789473684210527,57,8.56140350877193,0.032920434666666665,16.06204,0.41508791735825334,-0.2344275121626611,0.17507006399454395,0.26851652108551005,-0.2732084814999358,0
V10_allz,T2_re250_sl8_tr15,close_seq,0.20346108906269933,-0.22369997384008533,0.7539036139902018,0.646453215554813,0.5614035087719298,57,7.5964912280701755,0.028045910799999997,27.48154,0.22220905703685578,-0.01533941175301834,0.30179172998133197,-0.14005724012708487,0.07503103087699681,0
V10_allz,T2_re400_sl8_tr15,base,0.39366617327875564,-0.24003014210745144,1.0400448539655052,0.9140322377725553,0.5849056603773585,53,9.20754716981132,0.026025422399999998,25.51512,0.6803393039772279,-0.17060431189102132,0.30291211285810227,0.4733339937685439,-0.27399029176582823,0
V10_allz,T2_re400_sl8_tr15,no_cost,0.4708172083300717,-0.23267270828039865,1.1319473319727478,1.020307619242414,0.5849056603773585,53,9.20754716981132,0.0,25.51512,0.7283945866404171,-0.14902695270008548,0.325456007076363,0.4986964297468446,-0.25957732216890095,0
V10_allz,T2_re400_sl8_tr15,no_filters,0.483686071488983,-0.2371865567756285,1.1373209472593422,1.0964593136551501,0.6415094339622641,53,9.20754716981132,0.026114958,25.6029,0.7888760368067322,-0.17060431189102132,0.3910801794863594,0.4690867061416075,-0.27399029176582823,0
V10_allz,T2_re400_sl8_tr15,cap1w,0.3530834895251014,-0.2369392013040954,0.9189560420825046,0.851279238006568,0.5740740740740741,54,9.018518518518519,0.06624433600000001,4.70936,0.7066077987757478,-0.2071502951669688,0.3373858173218758,0.41703674655157097,-0.2860188122501892,0
V12_allz,A01_daily_top1,base,0.05490909563791946,-0.4117616146533192,0.36319019828322135,0.33531385917741185,0.5020576131687243,243,1.0,0.1951303044,191.30422,-0.19639034951843315,0.31271332419385556,-0.2183192401526809,-0.016985326002033174,0.37285798369107503,0
V12_allz,A01_daily_top1,no_cost,0.3514896632394531,-0.2846390897238342,0.9424861229547835,0.9575589509561212,0.5267489711934157,243,1.0,0.0,213.45146,-0.0888665275131042,0.48330590857410427,-0.15086398926781575,0.06766481831895077,0.49073530570756785,0
V12_allz,A01_daily_top1,no_filters,0.05864666954833808,-0.4121289014022186,0.36228398174589826,0.34380975259894797,0.5061728395061729,243,1.0,0.1953550716,191.52458,-0.1935431369233196,0.3127133241938558,-0.21554972226117486,-0.01698532600203273,0.37285798369107503,0
V12_allz,A01_daily_top1,cap1w,-0.18059643543579318,-0.46750020651581536,-0.1223262015045418,-0.30402456608517,0.49166666666666664,240,1.0,0.32352978400000004,32.12684,-0.27756465585546497,0.13422408137367126,-0.27233871106926144,-0.12115935976428549,0.2813224802278764,0
V12_allz,A01_daily_top1,cap3w,0.05358941028223363,-0.4048495420877032,0.3625801946107947,0.332163648458364,0.5020576131687243,243,1.0,0.1941694526666667,113.78658,-0.19660726906827886,0.3114251221321733,-0.2183249957858665,-0.017257785413155036,0.3715307853788159,0
V12_allz,A01_daily_top1,close_seq,-0.07256625318175469,-0.3120734185324988,0.09106228322690821,-0.028579056303573217,0.47540983606557374,122,1.0,0.1120257024,109.82912,-0.15192842318128963,0.09357956588668936,0.01526828624760923,-0.08109244696582518,-0.005899589855644982,0
V12_allz,D01_h5_sl8_t1,base,0.17767492579754252,-0.4228220577663776,0.882592363464578,0.5884688930948051,0.5098039215686274,51,4.784313725490196,0.051060873599999994,50.05968,0.6038795742084178,-0.2657335720614967,0.40053255761021456,0.07444973710883795,-0.21738869810307437,0
V12_allz,D01_h5_sl8_t1,no_cost,0.24046669546669852,-0.40432000392281864,1.0282938026771482,0.70328244982444,0.5294117647058824,51,4.784313725490196,0.0,50.18412,0.6447337642755813,-0.2457948377967062,0.42467859865166746,0.09319617929731283,-0.2035287513927846,0
V10_allz,T2_re400_sl8_tr15,cap3w,0.37816837897863564,-0.2458290033261019,0.9424242700607959,0.8920163301305365,0.5849056603773585,53,9.20754716981132,0.030623402666666664,14.95008,0.6701173635380973,-0.17480746618966703,0.29815650017560325,0.4678367180034242,-0.27673494658907205,0
V10_allz,T2_re400_sl8_tr15,close_seq,0.5922181385243384,-0.13328221046559163,1.1937142645271617,1.2453741243476208,0.627906976744186,43,10.395348837209303,0.021261249200000002,20.84396,0.00868638903571406,0.5785066159626382,0.29291338705789705,0.23382309642651267,-0.0018857888192592709,0
V10_allz,U2_re300_h20,base,0.7886571380679297,-0.18750261051826977,1.4952103070684688,1.584634676786076,0.625,64,7.625,0.0315381348,30.91974,0.9841911916723276,-0.09854597400948895,0.4467689016285996,0.10087427408778438,0.12302703692534256,0
V10_allz,U2_re300_h20,no_cost,0.9085442791403175,-0.17932012971971278,1.6176581447248597,1.7376138445703297,0.640625,64,7.625,0.0,30.91974,1.0552683205717899,-0.07138923904137928,0.47769503743400255,0.12464617786864363,0.14842202702994833,0
V10_allz,U2_re300_h20,no_filters,0.5545151614678165,-0.19977858781735014,1.2062265682940574,1.41157672272916,0.625,64,7.625,0.0315173268,30.89934,0.7244530687626876,-0.09854597400948895,0.2573813867710548,0.10087427408778438,0.12302703692534256,0
V10_allz,U2_re300_h20,cap1w,0.5885957530972676,-0.19644099507225088,1.2401345569276563,1.3053710458465373,0.59375,64,7.625,0.07836177600000001,5.52376,0.8573904963820418,-0.14471633391489447,0.3899529096594945,0.05675629745288524,0.0815297385256335,0
V10_allz,U2_re300_h20,cap3w,0.7656827806497397,-0.1879866960402442,1.458647685574754,1.5542097193999342,0.625,64,7.625,0.037154108,18.25474,0.9697778561157055,-0.10361324493129886,0.44018888320380833,0.09629223407101617,0.1183220545481185,0
V10_allz,U2_re300_h20,close_seq,0.30589912444139644,-0.1574157132239533,0.9631090655053551,0.7780605202769516,0.58,50,8.76,0.024659214000000002,24.1757,0.31616108581967506,-0.007796888609487684,0.18565529675279024,0.19364429839685715,-0.077266565961428,0
V12_allz,D01_h5_sl8_t1,no_filters,0.17767492579754252,-0.4228220577663776,0.882592363464578,0.5884688930948051,0.5098039215686274,51,4.784313725490196,0.051060873599999994,50.05968,0.6038795742084178,-0.2657335720614967,0.40053255761021456,0.07444973710883795,-0.21738869810307437,0
V12_allz,D01_h5_sl8_t1,cap1w,0.14203737814308748,-0.3947109200542266,0.8553493717736897,0.5205927429764818,0.5098039215686274,51,4.784313725490196,0.075316188,9.35238,0.5794664303379757,-0.27694735626719635,0.38561311352376015,0.06399384823725263,-0.2253612528244312,0
V12_allz,D01_h5_sl8_t1,cap3w,0.17767492579754451,-0.41531530632101954,0.9072789166749012,0.5884688930948068,0.5098039215686274,51,4.784313725490196,0.050545046,29.73238,0.6038795742084182,-0.26573357206149606,0.400532557610215,0.0744497371088384,-0.21738869810307404,0
V12_allz,D01_h5_sl8_t1,close_seq,-0.2774854725313135,-0.5374204928546923,-0.49514393987520544,-0.4339575190047058,0.40476190476190477,42,4.833333333333333,0.038448043200000004,37.69416,0.014543074210136231,-0.28784243287926103,0.1455153345668947,-0.17050356407109524,-0.23961918252613523,0
V12_allz,N2_re300,base,-0.11432666769568456,-0.3343550276163495,0.18892414711577327,0.002691927588426625,0.4827586206896552,58,8.413793103448276,0.028427094000000003,27.8697,0.2527680563435153,-0.2930268872840265,0.018589838169178696,0.3943838658253449,-0.37642042730828795,0
V12_allz,N2_re300,no_cost,-0.06020308015618048,-0.32625282204241723,0.3285829913603552,0.12343595297433098,0.4827586206896552,58,8.413793103448276,0.0,28.05038,0.2941395984935633,-0.2738056072638645,0.03851011430496398,0.42134389660240723,-0.36331573365405034,0
V12_allz,N2_re300,no_filters,0.2629242067747968,-0.1968659559162952,0.7425252140288515,0.7409083826575108,0.5172413793103449,58,8.413793103448276,0.028549721200000003,27.96306,0.12090599838382965,0.12669948113020557,0.0455790080602565,0.046603544631542926,0.15408615460236152,0
V12_allz,N2_re300,cap1w,0.4177513343790997,-0.17224546552456932,0.8428793386168802,1.0121682398607306,0.5535714285714286,56,8.696428571428571,0.06849118,4.8043,0.17771882221893254,0.20381139167660023,-0.034909651894169946,0.1374858677971924,0.2914752353982466,0
V12_allz,T2_re300_mh5_sl8_tr15,cap3w,1.2050117843551216,-0.21913746863217243,1.7828098147472433,1.5775124020661457,0.5925925925925926,54,9.037037037037036,0.03123783066666667,15.27442,1.1932735804503842,0.0053519105000692235,0.3603247667378966,1.2046103938548978,-0.26474758591905256,0
V12_allz,T2_re300_mh5_sl8_tr15,close_seq,-0.025624032639194882,-0.21137332553833654,0.44047132226093744,0.21702182378931617,0.4807692307692308,52,8.403846153846153,0.0254549188,24.92894,0.14719538154717915,-0.15064514464249257,0.2080312610833801,0.011050000850115982,-0.2022335707630687,0
V12_allz,T2_re250_sl8_tr15,base,0.6696149647074674,-0.28628787531734,1.198227634416369,1.1160260245882974,0.603448275862069,58,8.413793103448276,0.0285425492,27.92996,0.40104984395232823,0.19168848411383,0.2895365223535533,0.34011637416055973,-0.03385976607218222,0
V12_allz,T2_re250_sl8_tr15,no_cost,0.7711940779210744,-0.27839483530188547,1.2848839197599549,1.2082164451997448,0.603448275862069,58,8.413793103448276,0.0,27.92996,0.4430556201674607,0.22739141386354444,0.3145467721324928,0.3663434700381465,-0.013878965190444514,0
V12_allz,T2_re250_sl8_tr15,no_filters,1.5956203730655725,-0.24148348898518712,1.9533350235580298,1.813526020975161,0.6557377049180327,61,8.0,0.030237328799999994,29.64444,1.1035887881994548,0.2339010302898914,0.5420961496624832,0.836653102122654,-0.08356306366643962,0
V12_allz,T2_re250_sl8_tr15,cap1w,0.7646614844748008,-0.27437821366036175,1.2605280538657548,1.2468063079550422,0.5932203389830508,59,8.203389830508474,0.072509444,5.19594,0.5074861197049563,0.17059882768285717,0.22932792005226132,0.625216673449543,-0.11675254972185611,0
V12_allz,T2_re250_sl8_tr15,cap3w,0.6498850820432398,-0.2739555614401895,1.3089433173354312,1.097417256417993,0.603448275862069,58,8.413793103448276,0.033580484,16.43902,0.39275525863564686,0.18461953154603683,0.28453507662980937,0.3349472330645371,-0.03784813008785204,0
V12_allz,T2_re250_sl8_tr15,close_seq,0.060048119480196505,-0.24612612818879387,0.44324251121593855,0.35379684780033743,0.5094339622641509,53,8.245283018867925,0.025996230000000002,25.4865,0.4083532243895318,-0.2473137412386811,0.05603505089648797,0.17390384319550667,-0.14490430027574197,0
V12_allz,S2_re300_sl8_tr15,base,0.951164359732507,-0.27694527104766087,1.304682967678299,1.4223959770557792,0.5974025974025974,77,6.337662337662338,0.037804368399999996,37.00392,0.7074528579576171,0.14273395639538,0.20985559753537175,-0.017337474992827007,0.6411788907004252,0
V12_allz,S2_re300_sl8_tr15,no_cost,1.1101100171998164,-0.2643237390598213,1.4421325088690236,1.5538504888069051,0.5974025974025974,77,6.337662337662338,0.0,37.1103,0.7710029494461172,0.19147741558519504,0.24095896309352582,0.008278365804651466,0.6864257708777464,0
V12_allz,S2_re300_sl8_tr15,no_filters,0.951164359732507,-0.27694527104766087,1.304682967678299,1.4223959770557792,0.5974025974025974,77,6.337662337662338,0.037804368399999996,37.00392,0.7074528579576171,0.14273395639538,0.20985559753537175,-0.017337474992827007,0.6411788907004252,0
V12_allz,S2_re300_sl8_tr15,cap1w,0.5044102108703921,-0.24661403790092717,0.982103093995298,1.0502544894599162,0.6133333333333333,75,6.44,0.09149294399999999,6.34344,0.17959773249115507,0.2753586832464274,0.14978549485800707,-0.32711057554455336,0.9444901352427462,0
V12_allz,S2_re300_sl8_tr15,cap3w,0.9201481528207589,-0.26327773215637906,1.425858487389482,1.395383741103364,0.5974025974025974,77,6.337662337662338,0.044571457333333335,21.81322,0.6952014573269378,0.13269614329410007,0.20357383536270346,-0.02271074665964201,0.632446201695041,0
V12_allz,S2_re300_sl8_tr15,close_seq,-0.08110867778428887,-0.3093943353148161,0.20773861977260574,0.12956583401852295,0.5230769230769231,65,6.538461538461538,0.030811838,30.0099,0.2511404803146928,-0.2655570364212124,-0.05990634006534301,0.08731091411790692,-0.10104225381340293,0
V12_allz,T2_re300_mh5,base,0.18833007445965166,-0.2437110743486246,0.6596374347796188,0.6124750620351628,0.5098039215686274,51,9.549019607843137,0.024885697600000003,24.37088,0.3096508422625641,-0.09263596363845916,0.06912537693102938,0.1748100130333472,-0.0538917905509716,0
V12_allz,T2_re300_mh5,no_cost,0.2517800117202402,-0.2363493889528,0.7447682389153412,0.7293272593719475,0.5098039215686274,51,9.549019607843137,0.0,24.38684,0.3460928916897279,-0.07006416908650193,0.0877700622916513,0.19535096736922708,-0.037290021707651944,0
V12_allz,T2_re400_sl8_tr15,base,0.1369461449126903,-0.30175204537935674,0.6759804971684034,0.5082504043905309,0.6,50,9.74,0.024601910399999996,24.11952,0.30060677854778817,-0.125834061712208,0.20435593673563734,0.16592533196621084,-0.19031834908660894,0
V12_allz,T2_re400_sl8_tr15,no_cost,0.19641715270297722,-0.2953919754479397,0.7659160792590487,0.6024436919845141,0.6,50,9.74,0.0,24.15952,0.3339685551423033,-0.10311442643012803,0.2240217738714565,0.18501970147015,-0.1751634129777664,0
V12_allz,T2_re400_sl8_tr15,no_filters,0.1369461449126903,-0.30175204537935674,0.6759804971684034,0.5082504043905309,0.6,50,9.74,0.024601910399999996,24.11952,0.30060677854778817,-0.125834061712208,0.20435593673563734,0.16592533196621084,-0.19031834908660894,0
V12_allz,T2_re400_sl8_tr15,cap1w,0.023366138363738242,-0.2975723123535611,0.5318827999345761,0.31881873877051337,0.5625,48,10.083333333333334,0.0586158,4.083,0.31533628028185245,-0.22197376161140336,0.17624467269177324,0.03166488286457514,-0.15667548441713097,0
V12_allz,T2_re400_sl8_tr15,cap3w,0.12447337074701226,-0.2999498808849266,0.7149249862917026,0.48788304018424317,0.6,50,9.74,0.028840542666666667,14.04678,0.29366699176331523,-0.13078606943946636,0.20037268876998526,0.1612816727241384,-0.1933307587252111,0
V12_allz,T2_re400_sl8_tr15,close_seq,0.1910057421793132,-0.19736470803934558,0.708262447114062,0.6131359491196896,0.5227272727272727,44,10.113636363636363,0.021649071600000003,21.22458,0.32726298891804784,-0.1026603226914421,0.08183210825574405,-0.05132194924347688,0.1604732548476464,0
V12_allz,U2_re300_h20,base,-0.3127489985538856,-0.3543835518936792,-0.19970519244290957,-0.5157507099791859,0.4482758620689655,58,8.413793103448276,0.028132988,27.5489,0.2527680563435153,-0.45141401238150136,0.018589838169178696,0.3943838658253449,-0.516124433035917,0
V12_allz,U2_re300_h20,no_cost,-0.27054366027803545,-0.3526852660547436,-0.11338495489546711,-0.3942200960801977,0.4482758620689655,58,8.413793103448276,0.0,27.69326,0.2941395984935633,-0.43633875312131354,0.03851011430496398,0.42134389660240723,-0.5058151770017898,0
V12_allz,U2_re300_h20,no_filters,0.6104559512242578,-0.2211301065685487,1.0945662932577516,1.1878395938558506,0.532258064516129,62,7.870967741935484,0.030548064399999995,29.92222,0.12090599838382965,0.4367448773994269,0.07870784219709637,-0.08063817487444824,0.6238972564149234,0
V12_allz,U2_re300_h20,cap1w,-0.4620052694740613,-0.36149401551841265,-0.6022953006522844,-1.0046490687456608,0.42105263157894735,57,8.543859649122806,0.06918437999999999,4.6863,0.17771882221893254,-0.5431891548508105,-0.019302800809810283,0.23153399103825234,-0.5545523379938431,0
V12_allz,U2_re300_h20,cap3w,-0.3218519986945586,-0.3527035760498406,-0.26927553726460707,-0.5430273187879623,0.4482758620689655,58,8.413793103448276,0.033240196,16.04638,0.24461168606454908,-0.4551328668223106,0.014519410616471218,0.38849139478216643,-0.5185835424622594,0
V12_allz,U2_re300_h20,close_seq,-0.03413733548190323,-0.2977544635179483,0.3413394178915911,0.21605954903112343,0.55,60,7.166666666666667,0.029070061199999997,28.50006,0.38855056177121416,-0.30440943879922044,-0.03113863386094795,0.3173483374487933,-0.2432488101020015,0
V13_allz,A01_daily_top1,base,-0.18591178992731916,-0.49703553447914983,-0.07443099996656781,-0.1850526146279227,0.4897119341563786,243,1.0,0.23290824840000002,228.34142,0.15006330365889653,-0.2921361741717342,-0.03462243366514328,0.17681950966916626,-0.28342046120787345,0
V13_allz,A01_daily_top1,no_cost,0.04319680210493604,-0.4171542702824341,0.5524821161391285,0.3290697743469124,0.4897119341563786,243,1.0,0.0,238.371,0.30362138243747916,-0.19977010491006864,0.04852372952763706,0.27801757195126564,-0.22151336983628023,0
V13_allz,A01_daily_top1,no_filters,-0.18591178992731916,-0.49703553447914983,-0.07443099996656781,-0.1850526146279227,0.4897119341563786,243,1.0,0.23290824840000002,228.34142,0.15006330365889653,-0.2921361741717342,-0.03462243366514328,0.17681950966916626,-0.28342046120787345,0
V13_allz,A01_daily_top1,cap1w,-0.32147380228876654,-0.5135522233992925,-0.5774261569775369,-0.5633301835450635,0.4732510288065844,243,1.0,0.347378092,40.14542,0.061000963835769806,-0.36048484323878516,-0.08440564553318153,0.11721501474912333,-0.33667441240834883,0
V12_allz,N2_re300,cap3w,-0.12554994768306083,-0.33045466659150036,0.15138229972461464,-0.02335060676865179,0.4827586206896552,58,8.413793103448276,0.03342002933333333,16.25388,0.24461168606454908,-0.2974113435476874,0.014519410616471218,0.38849139478216643,-0.3792289505097227,0
V12_allz,N2_re300,close_seq,0.37226981694811956,-0.21267319499684378,0.87396168999268,0.8770983351127276,0.5517241379310345,58,7.448275862068965,0.028385661599999997,27.82908,0.38855056177121416,-0.011724992428311154,-0.08328751478385121,0.32833721513641456,0.12693281362133546,1
V12_allz,P2_re300_sl8,base,0.951164359732507,-0.27694527104766087,1.304682967678299,1.4223959770557792,0.5974025974025974,77,6.337662337662338,0.037804368399999996,37.00392,0.7074528579576171,0.14273395639538,0.20985559753537175,-0.017337474992827007,0.6411788907004252,0
V12_allz,P2_re300_sl8,no_cost,1.1101100171998164,-0.2643237390598213,1.4421325088690236,1.5538504888069051,0.5974025974025974,77,6.337662337662338,0.0,37.1103,0.7710029494461172,0.19147741558519504,0.24095896309352582,0.008278365804651466,0.6864257708777464,0
V12_allz,P2_re300_sl8,no_filters,0.951164359732507,-0.27694527104766087,1.304682967678299,1.4223959770557792,0.5974025974025974,77,6.337662337662338,0.037804368399999996,37.00392,0.7074528579576171,0.14273395639538,0.20985559753537175,-0.017337474992827007,0.6411788907004252,0
V12_allz,P2_re300_sl8,cap1w,0.5044102108703921,-0.24661403790092717,0.982103093995298,1.0502544894599162,0.6133333333333333,75,6.44,0.09149294399999999,6.34344,0.17959773249115507,0.2753586832464274,0.14978549485800707,-0.32711057554455336,0.9444901352427462,0
V12_allz,P2_re300_sl8,cap3w,0.9201481528207589,-0.26327773215637906,1.425858487389482,1.395383741103364,0.5974025974025974,77,6.337662337662338,0.044571457333333335,21.81322,0.6952014573269378,0.13269614329410007,0.20357383536270346,-0.02271074665964201,0.632446201695041,0
V12_allz,P2_re300_sl8,close_seq,-0.08110867778428887,-0.3093943353148161,0.20773861977260574,0.12956583401852295,0.5230769230769231,65,6.538461538461538,0.030811838,30.0099,0.2511404803146928,-0.2655570364212124,-0.05990634006534301,0.08731091411790692,-0.10104225381340293,0
V12_allz,T2_re300_mh5,no_filters,0.2245836287831009,-0.23994050400704325,0.7321385639866251,0.6787652099736062,0.52,50,9.74,0.0244495456,23.94328,0.34960564857032006,-0.09263596363845916,0.10174223630721846,0.0781155655216419,0.030963129946070644,0
V12_allz,T2_re300_mh5,cap1w,0.2674475004897381,-0.23130921025273976,0.8837362386484946,0.7249513040227592,0.5625,48,10.041666666666666,0.05864258,4.0933,0.7967505599725757,-0.2945890605376612,0.09985756288065195,0.6551706460195916,-0.3037731655138036,0
V12_allz,T2_re300_mh5,cap3w,0.08227726650050449,-0.26525141956588216,0.5605991874800298,0.4026356007501583,0.5,50,9.72,0.028719937333333334,13.90762,0.19945090408511046,-0.09768939869529791,-0.015425301317486984,0.07016512376091844,0.02716230095372607,0
V12_allz,T2_re300_mh5,close_seq,-0.16155133831660007,-0.3497669842228138,0.024024131973189772,-0.15160561583705362,0.4,45,9.844444444444445,0.021775347600000005,21.34838,0.37666881550971953,-0.3909583392626208,0.23943351856665718,0.17020373333621097,-0.4219149212340505,0
V12_allz,T2_re300_mh5_sl8_tr15,base,1.2301113984224061,-0.22733776658398108,1.7074096408477801,1.5958203532856718,0.5925925925925926,54,9.037037037037036,0.0265706648,25.99674,1.2047079314072224,0.011522372942600834,0.36529486706891334,1.2133308809667254,-0.2620044271792332,0
V12_allz,T2_re300_mh5_sl8_tr15,no_cost,1.3556350764515126,-0.22137544201926596,1.7932723118272575,1.6837356644160293,0.5925925925925926,54,9.037037037037036,0.0,26.03634,1.2654265794172872,0.039819651563119285,0.3902965103739877,1.2535067732286973,-0.24813180827702497,0
V12_allz,T2_re300_mh5_sl8_tr15,no_filters,1.2301113984224061,-0.22733776658398108,1.7074096408477801,1.5958203532856718,0.5925925925925926,54,9.037037037037036,0.0265706648,25.99674,1.2047079314072224,0.011522372942600834,0.36529486706891334,1.2133308809667254,-0.2620044271792332,0
V12_allz,T2_re300_mh5_sl8_tr15,cap1w,-0.06695303120608054,-0.3074458075327481,0.2756852096927969,0.11683725497855826,0.5294117647058824,51,9.529411764705882,0.062469172,4.41122,0.3212986912344171,-0.2938409952391423,0.15818891683950254,0.1125300987889235,-0.2758770162502595,0
V13_allz,P2_re300_sl8,no_filters,0.7395499108886583,-0.2483394218340187,1.2788509116710052,1.2322553284569444,0.5616438356164384,73,6.671232876712328,0.035876656400000005,35.16682,0.68536218544842,0.032151976535429005,0.3036524107260159,1.0075078542188063,-0.33531201451182446,0
V13_allz,P2_re300_sl8,cap1w,0.19642609460703264,-0.2515532695358449,0.8656913300458128,0.6046744165599778,0.5217391304347826,69,7.043478260869565,0.08417744799999999,5.83748,0.5769700174749715,-0.24131335323499803,0.1590778908146966,0.5176638516757566,-0.31986102159156793,0
V13_allz,P2_re300_sl8,cap3w,0.7134451705043365,-0.24185778441518457,1.3420304447407685,1.2068831850769965,0.547945205479452,73,6.671232876712328,0.042268393333333334,20.6943,0.6733244175548454,0.02397667333876563,0.2971614582465285,0.9975378447477632,-0.33872643855273765,0
V13_allz,P2_re300_sl8,close_seq,0.4131555973102863,-0.20535761383789097,0.9642064841238647,0.8727063797989697,0.5303030303030303,66,6.424242424242424,0.032664112800000006,32.02364,0.46874419252223243,-0.037847703837715185,0.47645705611959044,0.21345061031360046,-0.21123603967081206,0
V13_allz,S2_re300_sl8_tr15,base,0.7395499108886583,-0.2483394218340187,1.2788509116710052,1.2322553284569444,0.5616438356164384,73,6.671232876712328,0.035876656400000005,35.16682,0.68536218544842,0.032151976535429005,0.3036524107260159,1.0075078542188063,-0.33531201451182446,0
V13_allz,S2_re300_sl8_tr15,no_cost,0.8734514280523604,-0.23811164713990352,1.388639005017644,1.3565084330732256,0.5616438356164384,73,6.671232876712328,0.0,35.17858,0.7441835448126679,0.07411369269257584,0.3357020179324639,1.0562844016115416,-0.31789744755553606,0
V13_allz,S2_re300_sl8_tr15,no_filters,0.7395499108886583,-0.2483394218340187,1.2788509116710052,1.2322553284569444,0.5616438356164384,73,6.671232876712328,0.035876656400000005,35.16682,0.68536218544842,0.032151976535429005,0.3036524107260159,1.0075078542188063,-0.33531201451182446,0
V13_allz,S2_re300_sl8_tr15,cap1w,0.19642609460703264,-0.2515532695358449,0.8656913300458128,0.6046744165599778,0.5217391304347826,69,7.043478260869565,0.08417744799999999,5.83748,0.5769700174749715,-0.24131335323499803,0.1590778908146966,0.5176638516757566,-0.31986102159156793,0
V13_allz,A01_daily_top1,cap3w,-0.18592734433407576,-0.4904724638956349,-0.07697633913393345,-0.1850925632744911,0.4897119341563786,243,1.0,0.230412478,135.52934,0.15006330365889764,-0.29214969899833076,-0.03462243366514173,0.17681950966916715,-0.28343415256156534,0
V13_allz,A01_daily_top1,close_seq,0.4332822202972739,-0.2873244585639384,1.3370124595218325,0.9909042197113898,0.49586776859504134,121,1.0165289256198347,0.12157300439999999,119.18922,0.6272074632538382,-0.11917671675914188,0.2876543479178577,0.3270348567247108,-0.1612161026871155,2
V13_allz,D01_h5_sl8_t1,base,1.5852697713968356,-0.22142217037643774,2.6077022731806205,1.5962720872838787,0.48,50,4.88,0.050026634400000006,49.04572,1.6837198652205063,-0.03668419163249059,0.13687332125640306,1.7791498943483064,-0.18175789834360212,0
V13_allz,D01_h5_sl8_t1,no_cost,1.7189787263123368,-0.2151763537009439,2.716042800908354,1.6632903811301805,0.48,50,4.88,0.0,49.08592,1.7511695512147472,-0.011700778270171242,0.15546841401485811,1.822932164810282,-0.16641999366907012,0
V13_allz,D01_h5_sl8_t1,no_filters,1.5852697713968356,-0.22142217037643774,2.6077022731806205,1.5962720872838787,0.48,50,4.88,0.050026634400000006,49.04572,1.6837198652205063,-0.03668419163249059,0.13687332125640306,1.7791498943483064,-0.18175789834360212,0
V13_allz,D01_h5_sl8_t1,cap1w,1.512406053003322,-0.21140957968423557,2.617372508521026,1.5583034143685213,0.48,50,4.88,0.074248692,9.32642,1.6463315813153554,-0.050607992308154603,0.12644978249182248,1.7551051537548394,-0.19045719659373483,0
V13_allz,D01_h5_sl8_t1,cap3w,1.5852697713968409,-0.21967566321841914,2.628100200142835,1.596272087283882,0.48,50,4.88,0.049715582,29.24446,1.6837198652205125,-0.03668419163249048,0.1368733212564046,1.7791498943483108,-0.18175789834360212,0
V13_allz,D01_h5_sl8_t1,close_seq,1.574310160767805,-0.15641249663904322,2.5688616100236303,1.9991889115508,0.5813953488372093,43,4.6976744186046515,0.0432385752,42.39076,1.468959162668947,0.04267020681904432,0.6765734974654454,0.7368966860419388,-0.11597552793585364,0
V13_allz,N2_re300,base,0.14661535625732247,-0.21655375590869608,0.6260127775160292,0.536155486947645,0.5245901639344263,61,7.983606557377049,0.029981472,29.3936,0.3230517897702385,-0.13335565159059692,-0.012091777129551562,0.5557555246818195,-0.2539639711892733,0
V13_allz,N2_re300,no_cost,0.22021214363614705,-0.21191430627138308,0.7169037454576063,0.6473895122764731,0.5245901639344263,61,7.983606557377049,0.0,29.4457,0.3666842475231662,-0.10717333147906671,0.008280344495084746,0.5873459663902583,-0.23760077006524416,0
V13_allz,N2_re300,no_filters,0.14661535625732247,-0.21655375590869608,0.6260127775160292,0.536155486947645,0.5245901639344263,61,7.983606557377049,0.029981472,29.3936,0.3230517897702385,-0.13335565159059692,-0.012091777129551562,0.5557555246818195,-0.2539639711892733,0
V13_allz,N2_re300,cap1w,0.019137604619994697,-0.19889098610924327,0.5303599477763612,0.3256205997576571,0.5081967213114754,61,7.983606557377049,0.074358852,5.13802,0.24293633548911142,-0.18005647150145399,-0.04875614323297561,0.4978303205644605,-0.28471627450988246,0
V13_allz,N2_re300,cap3w,0.1320027487675164,-0.20685205957593678,0.6798105442347785,0.5132335098963117,0.5081967213114754,61,7.983606557377049,0.03527579333333333,17.2413,0.31398852429257085,-0.13849875562880776,-0.01638278337723209,0.5495376671357928,-0.25729008469193604,0
V13_allz,N2_re300,close_seq,0.5317728657351108,-0.21829443813665428,0.9894657571334922,1.0387118412094125,0.4827586206896552,58,7.448275862068965,0.0285781764,28.01782,0.031686605975900006,0.4847269091820432,0.21748118903275548,0.1688570211868876,0.07639264688356917,1
V13_allz,P2_re300_sl8,base,0.7395499108886583,-0.2483394218340187,1.2788509116710052,1.2322553284569444,0.5616438356164384,73,6.671232876712328,0.035876656400000005,35.16682,0.68536218544842,0.032151976535429005,0.3036524107260159,1.0075078542188063,-0.33531201451182446,0
V13_allz,P2_re300_sl8,no_cost,0.8734514280523604,-0.23811164713990352,1.388639005017644,1.3565084330732256,0.5616438356164384,73,6.671232876712328,0.0,35.17858,0.7441835448126679,0.07411369269257584,0.3357020179324639,1.0562844016115416,-0.31789744755553606,0
V14_allz,A01_daily_top1,base,0.1458476297290381,-0.2510245614429186,0.7142735668927045,0.5359909966757177,0.48148148148148145,243,1.0,0.24219118680000004,237.44234,0.06682034959616834,0.07407740221939418,0.008312961653679896,0.29946769914805205,-0.1254874788966972,0
V14_allz,A01_daily_top1,no_cost,0.467917080863296,-0.20490091125094656,1.3014460342411975,1.1167153917380297,0.4897119341563786,243,1.0,0.0,237.64646,0.20931256332277504,0.2138442329830459,0.09511562760364312,0.4110820889034401,-0.05007510794255077,0
V14_allz,A01_daily_top1,no_filters,0.19357863400864694,-0.24374026889847522,0.8097064478410033,0.6318797362783931,0.48559670781893005,243,1.0,0.24219840840000004,237.44942,0.06682034959616834,0.11881877249572459,0.008312961653679896,0.3535978441167287,-0.1254874788966972,0
V14_allz,A01_daily_top1,cap1w,-0.025137912235156823,-0.2305114589653513,0.3159244241671637,0.15726545597913988,0.4691358024691358,243,1.0,0.35399961599999996,42.69216,-0.01737401076204015,-0.007901176600405013,-0.04263796206122483,0.2308220013289135,-0.17268342039101692,0
V14_allz,A01_daily_top1,cap3w,0.14584762972904386,-0.24826122158257768,0.6962397511112836,0.5359909966757279,0.48148148148148145,243,1.0,0.23906705600000003,140.62768,0.06682034959617211,0.07407740221939552,0.008312961653681672,0.2994676991480554,-0.1254874788966972,0
V14_allz,A01_daily_top1,close_seq,0.4090107041050963,-0.19240950867781825,1.1894458754623927,1.0705944853444083,0.4672131147540984,122,1.0,0.12181849800000001,119.4299,0.08914567874364421,0.29368433590116716,0.23459935575557478,-0.04700075376084867,0.19755560917530968,0
V14_allz,D01_h5_sl8_t1,base,-0.3902790639819942,-0.44897977818176527,-0.8023604852023815,-1.000726086056738,0.3333333333333333,51,4.784313725490196,0.044596562400000005,43.72212,0.025999044032847918,-0.4057295281471186,-0.15799711618150059,0.16216896380397672,-0.3769136238216103,0
V14_allz,D01_h5_sl8_t1,no_cost,-0.3574547277348059,-0.4280859710276933,-0.6901832762186598,-0.8730057585529285,0.3333333333333333,51,4.784313725490196,0.0,44.32312,0.05249078498364401,-0.3895003344136839,-0.14315018406050894,0.18236973137753232,-0.36577154727081107,0
V13_allz,T2_re300_mh5_sl8_tr15,base,4.205578975151072,-0.17729135399558116,3.119175204851376,2.0702235335351507,0.5535714285714286,56,8.714285714285714,0.027715684799999998,27.17224,4.989604983920424,-0.13089778222005144,1.0896950378907246,1.8610811807880778,-0.1293252548382725,0
V13_allz,T2_re300_mh5_sl8_tr15,no_cost,4.506019409414513,-0.1718254483410916,3.190387051722526,2.1267631446793387,0.5535714285714286,56,8.714285714285714,0.0,27.19394,5.136959152367122,-0.10280983257143628,1.127299285167282,1.9121857799831012,-0.11122860808153467,0
V13_allz,T2_re300_mh5_sl8_tr15,no_filters,4.205578975151072,-0.17729135399558116,3.119175204851376,2.0702235335351507,0.5535714285714286,56,8.714285714285714,0.027715684799999998,27.17224,4.989604983920424,-0.13089778222005144,1.0896950378907246,1.8610811807880778,-0.1293252548382725,0
V13_allz,T2_re300_mh5_sl8_tr15,cap1w,3.7023415932360724,-0.16884296808922583,3.0687525450628006,1.9677110310028814,0.5357142857142857,56,8.714285714285714,0.068717744,4.89144,4.737894236551571,-0.1804760772198999,1.023717139042656,1.7673021342099697,-0.16033164373019304,0
V13_allz,T2_re300_mh5_sl8_tr15,cap3w,4.150097009686334,-0.1756389334288314,3.1353608639796304,2.059438571391992,0.5357142857142857,56,8.714285714285714,0.03268330133333333,16.17304,4.96229373089713,-0.13622219197318652,1.0826336244971495,1.8513654163847675,-0.13273932146992207,0
V13_allz,T2_re300_mh5_sl8_tr15,close_seq,0.7994444443939115,-0.18705238817555736,1.2215941977268225,1.273719166807856,0.5283018867924528,53,8.245283018867925,0.0262551876,25.74038,0.5369809860570192,0.1707655857280428,0.5861597771308378,0.2518950210707689,-0.09380095922018461,3
V13_allz,T2_re250_sl8_tr15,base,4.839304351911843,-0.17271643971796824,3.0927255221321173,2.2094478084437554,0.576271186440678,59,8.271186440677965,0.029160514799999995,28.58874,5.701597955858131,-0.1286698500306963,1.2323766883376468,2.2771353670242176,-0.20182292097865506,0
V13_allz,T2_re250_sl8_tr15,no_cost,5.194666853915445,-0.1673560809956468,3.165429835388364,2.269996310730282,0.576271186440678,59,8.271186440677965,0.0,28.58874,5.886952535175099,-0.10052133766332827,1.2747591415294495,2.3387281892359653,-0.18435444782735988,0
V13_allz,T2_re250_sl8_tr15,no_filters,4.839304351911843,-0.17271643971796824,3.0927255221321173,2.2094478084437554,0.576271186440678,59,8.271186440677965,0.029160514799999995,28.58874,5.701597955858131,-0.1286698500306963,1.2323766883376468,2.2771353670242176,-0.20182292097865506,0
V13_allz,T2_re250_sl8_tr15,cap1w,4.238584345126664,-0.1645806480737637,3.074834602171593,2.0980112778592437,0.559322033898305,59,8.271186440677965,0.07231439199999999,5.12092,5.374900513413985,-0.1782484551557002,1.1539609721400597,2.170440272537524,-0.23289195964680875,0
V13_allz,T2_re250_sl8_tr15,cap3w,4.773394178102907,-0.17117685991248455,3.1154051339473803,2.1978293376202345,0.559322033898305,59,8.271186440677965,0.034410763999999996,17.01242,5.66633509489005,-0.13394779951454994,1.2240496732479325,2.2658340199366793,-0.2051363834478951,0
V13_allz,T2_re250_sl8_tr15,close_seq,1.6726902082169666,-0.16154807900378143,1.5941944134699961,1.9752075801738977,0.5555555555555556,54,8.074074074074074,0.0267628824,26.23812,0.4761792024029641,0.8105459038213572,0.24297824162602222,0.5976409404014744,0.3458786849992075,3
V13_allz,T2_re400_sl8_tr15,base,2.3154937134595768,-0.09129092471272238,2.337181063474197,2.433825239266459,0.62,50,9.76,0.0246612744,24.17772,1.6112766084167358,0.2696830748504351,0.7057845961287554,1.0266286120556454,-0.040931006042368656,0
V13_allz,T2_re400_sl8_tr15,no_cost,2.486134900764389,-0.08963592705561685,2.416134106091232,2.5244191354093717,0.62,50,9.76,0.0,24.17772,1.6714280770976773,0.30497052518510426,0.7331959144826237,1.0589291112945376,-0.023088689267129703,0
V13_allz,T2_re400_sl8_tr15,no_filters,2.3154937134595768,-0.09129092471272238,2.337181063474197,2.433825239266459,0.62,50,9.76,0.0246612744,24.17772,1.6112766084167358,0.2696830748504351,0.7057845961287554,1.0266286120556454,-0.040931006042368656,0
V13_allz,T2_re400_sl8_tr15,cap1w,2.020262842713056,-0.08547781672675148,2.3347069644810556,2.264097182805216,0.62,50,9.76,0.061169808,4.29608,1.5114171169290813,0.20261298784416248,0.6601318849941953,0.9702561761746493,-0.07662215251345228,0
V13_allz,S2_re300_sl8_tr15,cap3w,0.7134451705043365,-0.24185778441518457,1.3420304447407685,1.2068831850769965,0.547945205479452,73,6.671232876712328,0.042268393333333334,20.6943,0.6733244175548454,0.02397667333876563,0.2971614582465285,0.9975378447477632,-0.33872643855273765,0
V13_allz,S2_re300_sl8_tr15,close_seq,0.4131555973102863,-0.20535761383789097,0.9642064841238647,0.8727063797989697,0.5303030303030303,66,6.424242424242424,0.032664112800000006,32.02364,0.46874419252223243,-0.037847703837715185,0.47645705611959044,0.21345061031360046,-0.21123603967081206,0
V13_allz,T2_re300_mh5,base,2.140460161195342,-0.20649145954395332,2.5759334851839544,1.5902157743963579,0.6,45,10.844444444444445,0.0222572772,21.82086,4.505225730366806,-0.42954924738642897,0.8338518164558821,2.6027461872729094,-0.5246698290517786,0
V13_allz,T2_re300_mh5,no_cost,2.2859235302429823,-0.2028429645623805,2.6409762642172163,1.6368375303109197,0.6,45,10.844444444444445,0.0,21.84256,4.635228324938602,-0.4168961148031597,0.8613148676846312,2.6553172832075824,-0.5170384840122324,0
V13_allz,T2_re300_mh5,no_filters,2.140460161195342,-0.20649145954395332,2.5759334851839544,1.5902157743963579,0.6,45,10.844444444444445,0.0222572772,21.82086,4.505225730366806,-0.42954924738642897,0.8338518164558821,2.6027461872729094,-0.5246698290517786,0
V13_allz,T2_re300_mh5,cap1w,1.8929774557446613,-0.17788072416027956,2.681768876982012,1.5055792806283879,0.5777777777777777,45,10.844444444444445,0.055218884,3.93034,4.289178368594794,-0.45303840140425167,0.7871155411238611,2.513278337369648,-0.5392345994879206,0
V13_allz,T2_re300_mh5,cap3w,2.1132696842272796,-0.2028266024520078,2.593840334353677,1.5812812287240232,0.5777777777777777,45,10.844444444444445,0.026243492000000004,12.97326,4.481219844414864,-0.43201152798139053,0.8286667307371574,2.5932081903233537,-0.5261948270550694,0
V13_allz,T2_re300_mh5,close_seq,1.4837831931371563,-0.13276357433341168,1.7257260290843983,1.94950072084702,0.5333333333333333,45,9.88888888888889,0.022283164799999998,21.84624,0.47811778461012033,0.6803689252628113,0.2678351822710672,0.8422023988798142,0.06344134573663207,0
V13_allz,T2_re400_sl8_tr15,cap3w,2.282989766783247,-0.0905439291918041,2.344034052917708,2.416058069795506,0.62,50,9.76,0.029089276000000004,14.33378,1.6000411334948823,0.26266839569971356,0.7007620773716716,1.0203663173174697,-0.04457666129095139,0
V13_allz,T2_re400_sl8_tr15,close_seq,-0.003261697014512066,-0.2673506417994005,0.47661578969620755,0.33519060004876866,0.42,50,8.8,0.0243666984,23.88892,-0.1649240888455924,0.1935900553131733,0.24374445031821068,-0.2137420468087814,0.019259904698252894,0
V13_allz,U2_re300_h20,base,0.9890943308435549,-0.18664272289702433,1.4630128405799774,1.3925767886853493,0.5757575757575758,66,7.378787878787879,0.0324761064,31.83932,1.0041970711678396,-0.007535556528622145,0.3878131400668823,0.5699178695583791,-0.087049035838075,0
V13_allz,U2_re300_h20,no_cost,1.1268179746409799,-0.1830310716550413,1.5566169674589083,1.4940833890355822,0.5757575757575758,66,7.378787878787879,0.0,31.83932,1.0739126268100168,0.025509921270087332,0.4189913141560342,0.605055115698202,-0.06618545361250361,0
V13_allz,U2_re300_h20,no_filters,0.9890943308435549,-0.18664272289702433,1.4630128405799774,1.3925767886853493,0.5757575757575758,66,7.378787878787879,0.0324761064,31.83932,1.0041970711678396,-0.007535556528622145,0.3878131400668823,0.5699178695583791,-0.087049035838075,0
V13_allz,U2_re300_h20,cap1w,0.3439310009455476,-0.1888988016949834,0.967629983954473,0.8090796648066753,0.5606060606060606,66,7.348484848484849,0.08048943599999998,5.57286,0.43841749767612903,-0.06568781100287735,0.02120392662770265,0.5056662306811084,-0.12595098855390074,0
V13_allz,U2_re300_h20,cap3w,0.9624081770530704,-0.17979943645539154,1.4906321059817236,1.372112109420256,0.5606060606060606,66,7.378787878787879,0.03826530533333334,18.76766,0.9901532831223505,-0.013941190512597568,0.38140933858534165,0.5631121739359832,-0.09118222666770592,0
V13_allz,U2_re300_h20,close_seq,0.49234651957959263,-0.2180305672297096,0.9734705998464558,0.947684712286152,0.4406779661016949,59,7.305084745762712,0.0290148384,28.44592,0.005131994544199436,0.4847269091820432,-0.08183269179146346,0.5648159470180283,0.03868674208988576,1
V14_allz,D01_h5_sl8_t1,no_filters,-0.3902790639819942,-0.44897977818176527,-0.8023604852023815,-1.000726086056738,0.3333333333333333,51,4.784313725490196,0.044596562400000005,43.72212,0.025999044032847918,-0.4057295281471186,-0.15799711618150059,0.16216896380397672,-0.3769136238216103,0
V14_allz,D01_h5_sl8_t1,cap1w,-0.4162834769507294,-0.432185711811362,-0.9248087503408049,-1.1071711715755466,0.3333333333333333,51,4.784313725490196,0.07135649200000001,7.82942,0.00303614887667214,-0.4180503626883333,-0.17164491989730057,0.14785848253573164,-0.3861007554755428,0
V14_allz,D01_h5_sl8_t1,cap3w,-0.3903566492308862,-0.43560743133982127,-0.7923022230419742,-1.0010345800388047,0.3333333333333333,51,4.784313725490196,0.04394331133333333,25.80434,0.025999044032846808,-0.40580514736854245,-0.15799711618150103,0.16216896380397627,-0.37699290978461586,0
V14_allz,D01_h5_sl8_t1,close_seq,0.10049082081301686,-0.2751012856890942,0.6152708417044117,0.4383063776770879,0.4523809523809524,42,4.833333333333333,0.042022878,41.1989,0.09001116458681513,0.009614265033857539,0.13326158566397273,-0.010688182005423319,-0.018425969516405627,1
V14_allz,N2_re300,base,0.2166645084427281,-0.2567309342608258,0.6235703340488797,0.6491662610339226,0.49206349206349204,63,7.746031746031746,0.030897362,30.2881,0.5597678737144272,-0.21997078607256715,0.13907799534521104,0.007332156509537446,0.06033886283795242,0
V14_allz,N2_re300,no_cost,0.2972981171842739,-0.2479428423125657,0.7281112785072389,0.7839146013978004,0.49206349206349204,63,7.746031746031746,0.0,30.31662,0.6126320669827796,-0.19553992274784193,0.1636218880075293,0.029155120676330748,0.08329581823930465,0
V14_allz,N2_re300,no_filters,0.2166645084427281,-0.2567309342608258,0.6235703340488797,0.6491662610339226,0.49206349206349204,63,7.746031746031746,0.030897362,30.2881,0.5597678737144272,-0.21997078607256715,0.13907799534521104,0.007332156509537446,0.06033886283795242,0
V14_allz,N2_re300,cap1w,0.10049074546050596,-0.23181208869352277,0.5149487366235918,0.43604939539442555,0.46774193548387094,62,7.806451612903226,0.07542795999999999,5.1646,0.4623072631744498,-0.24742851712881087,0.01627542198014753,0.13892258909558275,-0.04921840657920962,0
V14_allz,N2_re300,cap3w,0.20078035954662998,-0.24997674703029182,0.6246249504213611,0.6215824788457698,0.49206349206349204,63,7.746031746031746,0.036447328,17.82384,0.5494137238772341,-0.22500985950878816,0.13423800670380115,0.0030980316970279365,0.055397355857008224,0
V14_allz,N2_re300,close_seq,-0.3713936088944866,-0.3700160551808517,-0.29669826343887695,-0.31058019025960787,0.4807692307692308,52,8.384615384615385,0.024287672400000005,23.71412,-0.15913229894776248,-0.25243127983285174,-0.046429394051625605,-0.17176450197711435,-0.20407509089708942,1
V14_allz,P2_re300_sl8,base,0.20470903902535675,-0.19369236790614341,0.6961838906047577,0.6149650794891249,0.5555555555555556,81,6.0246913580246915,0.039633804800000005,38.85324,0.657776950643614,-0.27329847446748456,0.3810499038932127,-0.09246285619544514,-0.03881189424334763,0
V14_allz,P2_re300_sl8,no_cost,0.30841166311519896,-0.1870811724258492,0.8214840209471862,0.755893028107881,0.5555555555555556,81,6.0246913580246915,0.0,38.85324,0.7191454758889999,-0.23891742643908742,0.41926865784779,-0.06702445525306666,-0.011880353319950854,0
V14_allz,P2_re300_sl8,no_filters,0.20470903902535675,-0.19369236790614341,0.6961838906047577,0.6149650794891249,0.5555555555555556,81,6.0246913580246915,0.039633804800000005,38.85324,0.657776950643614,-0.27329847446748456,0.3810499038932127,-0.09246285619544514,-0.03881189424334763,0
V14_allz,P2_re300_sl8,cap1w,0.5334142206341801,-0.13287245179415064,1.0469993146305643,1.0672662757598275,0.5714285714285714,77,6.220779220779221,0.094267016,6.64116,0.5475905578423117,-0.009160263440672445,0.21469015297913008,0.30570876506466593,-0.03317548000037873,0
V14_allz,P2_re300_sl8,cap3w,0.18440797387666197,-0.19504695816841966,0.685980063321902,0.5859751582522291,0.5555555555555556,81,6.0246913580246915,0.046864329333333336,22.92038,0.6458538756342747,-0.28036869407971154,0.3736833364890746,-0.09758977369765953,-0.04454401694349108,0
V14_allz,P2_re300_sl8,close_seq,-0.18913025051344945,-0.3024650713645177,-0.09299408816538103,-0.10845821935323348,0.5081967213114754,61,7.0,0.0281374316,27.30258,-0.2425795314751812,0.07056751590808075,0.05170742253800942,-0.2615284523692535,0.04405263225775902,1
V14_allz,S2_re300_sl8_tr15,base,0.20470903902535675,-0.19369236790614341,0.6961838906047577,0.6149650794891249,0.5555555555555556,81,6.0246913580246915,0.039633804800000005,38.85324,0.657776950643614,-0.27329847446748456,0.3810499038932127,-0.09246285619544514,-0.03881189424334763,0
V14_allz,S2_re300_sl8_tr15,no_cost,0.30841166311519896,-0.1870811724258492,0.8214840209471862,0.755893028107881,0.5555555555555556,81,6.0246913580246915,0.0,38.85324,0.7191454758889999,-0.23891742643908742,0.41926865784779,-0.06702445525306666,-0.011880353319950854,0
V14_allz,S2_re300_sl8_tr15,no_filters,0.20470903902535675,-0.19369236790614341,0.6961838906047577,0.6149650794891249,0.5555555555555556,81,6.0246913580246915,0.039633804800000005,38.85324,0.657776950643614,-0.27329847446748456,0.3810499038932127,-0.09246285619544514,-0.03881189424334763,0
V14_allz,S2_re300_sl8_tr15,cap1w,0.5334142206341801,-0.13287245179415064,1.0469993146305643,1.0672662757598275,0.5714285714285714,77,6.220779220779221,0.094267016,6.64116,0.5475905578423117,-0.009160263440672445,0.21469015297913008,0.30570876506466593,-0.03317548000037873,0
V14_allz,S2_re300_sl8_tr15,cap3w,0.18440797387666197,-0.19504695816841966,0.685980063321902,0.5859751582522291,0.5555555555555556,81,6.0246913580246915,0.046864329333333336,22.92038,0.6458538756342747,-0.28036869407971154,0.3736833364890746,-0.09758977369765953,-0.04454401694349108,0
V14_allz,S2_re300_sl8_tr15,close_seq,-0.18913025051344945,-0.3024650713645177,-0.09299408816538103,-0.10845821935323348,0.5081967213114754,61,7.0,0.0281374316,27.30258,-0.2425795314751812,0.07056751590808075,0.05170742253800942,-0.2615284523692535,0.04405263225775902,1
V14_allz,T2_re300_mh5,base,0.2368325683625836,-0.21011413395183387,0.7355205823521331,0.6568857264728267,0.49019607843137253,51,9.568627450980392,0.025168867200000004,24.67536,0.20913520687495968,0.02290675296703082,0.3922812462647165,-0.20352262889671513,0.11534826951960597,0
V14_allz,T2_re300_mh5,no_cost,0.30278921627486133,-0.2057085261373529,0.8101139710007036,0.7476544235599016,0.49019607843137253,51,9.568627450980392,0.0,24.67536,0.23894511557426878,0.05153101610235544,0.41629529155579426,-0.18944619237893612,0.13485008227127082,0
V14_allz,T2_re300_mh5,no_filters,0.2368325683625836,-0.21011413395183387,0.7355205823521331,0.6568857264728267,0.49019607843137253,51,9.568627450980392,0.025168867200000004,24.67536,0.20913520687495968,0.02290675296703082,0.3922812462647165,-0.20352262889671513,0.11534826951960597,0
V14_allz,T2_re300_mh5,cap1w,-0.25514337037822543,-0.3269861192391239,0.08245129617172621,-0.3319277188307352,0.5,50,9.62,0.060889372000000004,4.18822,0.033113747614077704,-0.2790177932081708,0.2568278932366619,-0.3076932674594133,-0.14395159598628993,0
V14_allz,T2_re300_mh5,cap3w,0.22381992586159272,-0.22054768792211932,0.6941193748586865,0.6384148192038095,0.49019607843137253,51,9.568627450980392,0.029537668,14.46654,0.2032395059048766,0.017104175732028493,0.3877122767472181,-0.2064430178523693,0.11132215500949805,0
V14_allz,T2_re300_mh5,close_seq,0.38772585094881973,-0.2121349133568582,1.0505051558682745,0.8699042290682352,0.48,50,8.76,0.024573153199999993,24.07466,0.6219361792048645,-0.1444016917921298,0.2981806203255968,0.3827124296781399,-0.22689818992737243,0
V14_allz,T2_re300_mh5_sl8_tr15,base,-0.07067448006741217,-0.3254050802043885,0.35190989133257305,0.20305879423979803,0.47540983606557374,61,8.0,0.030058019600000003,29.45198,0.4778393615779708,-0.37115931264660873,0.5698677366007237,-0.14822694151271665,-0.305006248450984,0
V14_allz,T2_re300_mh5_sl8_tr15,no_cost,-0.010795094948906514,-0.31155419515404636,0.44165658408884834,0.29968243395490174,0.47540983606557374,61,8.0,0.0,29.45198,0.5202582999015894,-0.3493178724200171,0.6017119312519283,-0.13053517604981635,-0.2896868838692852,0
V14_allz,T2_re300_mh5_sl8_tr15,no_filters,-0.07067448006741217,-0.3254050802043885,0.35190989133257305,0.20305879423979803,0.47540983606557374,61,8.0,0.030058019600000003,29.45198,0.4778393615779708,-0.37115931264660873,0.5698677366007237,-0.14822694151271665,-0.305006248450984,0
V14_allz,T2_re300_mh5_sl8_tr15,cap1w,-0.013734350214005264,-0.2427785597799723,0.6245862386584186,0.2979146894285512,0.4918032786885246,61,7.901639344262295,0.074594516,5.22866,0.3631627626779361,-0.2764872421775417,0.5166736785172552,-0.1921569451909665,-0.1950391433569686,0
V14_allz,T2_re300_mh5_sl8_tr15,cap3w,-0.08297544817976499,-0.31205998217273045,0.3862273772696676,0.18247624184231215,0.47540983606557374,61,8.0,0.03516609066666667,17.11472,0.4689167894602604,-0.3757137515208149,0.5633769903203114,-0.15180555779692906,-0.3084528033025169,0
V14_allz,T2_re300_mh5_sl8_tr15,close_seq,-0.0574073706823105,-0.33090399567407225,0.3067936555601788,0.19818306285121443,0.4230769230769231,52,8.384615384615385,0.025614607200000004,25.11236,0.5381323970091652,-0.3871836838294792,0.24862001200722905,0.03148858043108582,-0.2681377880279172,0
V14_allz,T2_re250_sl8_tr15,base,0.9416125907705413,-0.14701365504169095,1.3996002670774974,1.489034875243975,0.5555555555555556,63,7.73015873015873,0.030792710000000008,30.1855,1.0666348761818263,-0.0604955848041564,0.6816632135786385,0.04281577757865351,0.10717421308962716,0
V14_allz,T2_re250_sl8_tr15,no_cost,1.0696159550424897,-0.1429406606255481,1.4998499511673093,1.6061575313044483,0.5555555555555556,63,7.73015873015873,0.0,30.1855,1.1341036389780874,-0.03021769081771397,0.7174386721527573,0.0653756114935673,0.1311124307023157,0
V14_allz,T2_re250_sl8_tr15,no_filters,0.9416125907705413,-0.14701365504169095,1.3996002670774974,1.489034875243975,0.5555555555555556,63,7.73015873015873,0.030792710000000008,30.1855,1.0666348761818263,-0.0604955848041564,0.6816632135786385,0.04281577757865351,0.10717421308962716,0
V14_allz,T2_re250_sl8_tr15,cap1w,0.17666183903130905,-0.1893823439482576,0.8127510921013836,0.5671509725281791,0.5245901639344263,61,7.918032786885246,0.07471047600000001,5.27326,0.6390591656215592,-0.2821114309286701,0.5103084000179972,-0.07148233317305308,-0.1609345095718273,0
V14_allz,T2_re250_sl8_tr15,cap3w,0.9146458468053007,-0.13808228937200873,1.437219525387885,1.4633621943827466,0.5555555555555556,63,7.73015873015873,0.03622024399999999,17.56182,1.0521481276970737,-0.0670040719945878,0.6744000455096169,0.037909012363478656,0.1017167285859617,0
V14_allz,T2_re250_sl8_tr15,close_seq,-0.4655954100889447,-0.4688950099720106,-0.5658640346937656,-0.6348063681638139,0.41818181818181815,55,7.909090909090909,0.025641386000000002,24.8078,0.18463071565352096,-0.5488850805153718,-0.0336426571229651,0.05779883799702601,-0.4772075067207022,1
V14_allz,U2_re300_h20,no_filters,0.6019324309363214,-0.18103881667903832,1.0695187446491696,1.1948256913872741,0.5616438356164384,73,6.684931506849315,0.0356179628,34.91614,0.43923318719624316,0.11304578381563823,0.24746575059206855,0.47948543681813716,-0.13202969307064727,0
V14_allz,U2_re300_h20,cap1w,0.11279261285786468,-0.21348543713829826,0.5039384128714519,0.46405755284088007,0.5147058823529411,68,7.102941176470588,0.082451528,5.55828,0.335988615506039,-0.16706429984332827,0.07079127786542028,0.20961178661187008,-0.140861069178566,0
V14_allz,U2_re300_h20,cap3w,0.5768712323247009,-0.17332493542437488,1.0765931413553287,1.1632092390345072,0.5616438356164384,73,6.684931506849315,0.042060254666666665,20.45414,0.4287297905220626,0.10368751515183772,0.24144048903078663,0.4715689109574437,-0.13684315199722885,0
V14_allz,U2_re300_h20,close_seq,-0.334044378806308,-0.38263344955249523,-0.21868519666991265,-0.20208701995562317,0.48214285714285715,56,7.714285714285714,0.026461112800000002,25.86514,-0.1401057243628807,-0.2255377898634492,0.016135182276501236,-0.10093136858029439,-0.27104460380748996,1
V15_allz,A01_daily_top1,base,1.2165526584818491,-0.2203919722351223,2.130329626522401,1.669731001693183,0.5102880658436214,243,1.0,0.24068668680000002,235.96734,1.5345498881393618,-0.12546497156974756,0.2594401909852466,0.6110521729754279,0.0924231627288079,0
V15_allz,A01_daily_top1,no_cost,1.838306564718668,-0.19665194672671948,2.594345023928414,2.098523035557953,0.522633744855967,243,1.0,0.0,236.14124,1.8712960370696612,-0.01148940127562037,0.3676586381596818,0.7491749109785111,0.1864470186652909,0
V15_allz,A01_daily_top1,no_filters,1.2591951143962894,-0.2203919722351223,2.15317887334146,1.7032755692209847,0.51440329218107,243,1.0,0.24065557680000002,235.93684,1.5345498881393618,-0.10864050261216707,0.2594401909852466,0.6110521729754279,0.11343940449428969,0
V15_allz,A01_daily_top1,cap1w,0.8768469279429685,-0.23125923760907574,1.719741756243034,1.3815116454986878,0.49794238683127573,243,1.0,0.35179024,41.8424,1.3289562179638512,-0.19412528519585037,0.1935469208432985,0.5232672468241943,0.03231741319322068,0
V14_allz,T2_re400_sl8_tr15,base,0.15794108337754942,-0.21544979820010202,0.6111572680447676,0.5403479954006066,0.45098039215686275,51,9.568627450980392,0.025007401200000005,24.51706,0.0568172304840604,0.09568717274525396,0.3531015807752085,-0.2705307474395968,0.1731379133543347,0
V14_allz,T2_re400_sl8_tr15,no_cost,0.21975334609518082,-0.2066580335428444,0.6920392975971612,0.6297029924880078,0.45098039215686275,51,9.568627450980392,0.0,24.55762,0.08077364577997748,0.12859279170792814,0.3764663184044412,-0.2575620199261571,0.19356547744677788,0
V14_allz,T2_re400_sl8_tr15,no_filters,0.15794108337754942,-0.21544979820010202,0.6111572680447676,0.5403479954006066,0.45098039215686275,51,9.568627450980392,0.025007401200000005,24.51706,0.0568172304840604,0.09568717274525396,0.3531015807752085,-0.2705307474395968,0.1731379133543347,0
V14_allz,T2_re400_sl8_tr15,cap1w,0.08389477338363394,-0.1801603963332451,0.7063954317350978,0.42394112189922073,0.4489795918367347,49,9.857142857142858,0.059639304000000004,4.09204,0.05862801885625912,0.023867453040467224,0.32803578705878866,-0.11040781930207766,-0.08254158817210355,0
V14_allz,T2_re400_sl8_tr15,cap3w,0.14499243112717797,-0.2210998676018574,0.6024661928043512,0.52103308265909,0.45098039215686275,51,9.568627450980392,0.02936040000000001,14.262,0.051531651972174464,0.08888061427320437,0.34813478611402937,-0.27326476751608597,0.1686732010310128,0
V14_allz,T2_re400_sl8_tr15,close_seq,-0.5274690978830179,-0.4562028252610295,-1.1106519014934142,-1.5517823224323153,0.4772727272727273,44,10.136363636363637,0.0203198284,19.56092,0.08768632790086728,-0.5655632602931376,0.025192752403673913,-0.12152083508621814,-0.47532155545654775,0
V14_allz,U2_re300_h20,base,0.6019324309363214,-0.18103881667903832,1.0695187446491696,1.1948256913872741,0.5616438356164384,73,6.684931506849315,0.0356179628,34.91614,0.43923318719624316,0.11304578381563823,0.24746575059206855,0.47948543681813716,-0.13202969307064727,0
V14_allz,U2_re300_h20,no_cost,0.7252593887272591,-0.17436965796720938,1.185603734484997,1.3435452780648018,0.5616438356164384,73,6.684931506849315,0.0,34.91614,0.49115329534181096,0.1569966643381122,0.27816644357761766,0.5157281969089504,-0.10947593909193487,0
V15_allz,A01_daily_top1,cap3w,1.2165526584818465,-0.21891338141427252,2.122579001999195,1.6697310016931803,0.5102880658436214,243,1.0,0.236073832,138.86696,1.534549888139363,-0.12546497156974934,0.25944019098524795,0.6110521729754288,0.09242316272880347,0
V15_allz,A01_daily_top1,close_seq,0.12428156515868127,-0.42914914256806147,0.6389757685759799,0.48946753094130646,0.4297520661157025,121,1.0165289256198347,0.11721011760000001,114.91188,0.30276748979153956,-0.1370052031782113,-0.0972687979763498,0.24206728333352268,0.0027011510991314935,2
V15_allz,D01_h5_sl8_t1,base,-0.25741905130173925,-0.422692982491197,0.15394845507194752,-0.09577224117822492,0.4423076923076923,52,4.6923076923076925,0.049738280399999994,48.76302,0.1895534324155026,-0.37574813500358795,0.10381163072178179,0.19835749963581928,-0.43861288691504263,0
V15_allz,D01_h5_sl8_t1,no_cost,-0.21668850587116395,-0.40167500543832957,0.2896559291523464,-0.020858006892098064,0.4423076923076923,52,4.6923076923076925,0.0,49.11306,0.22265099889003048,-0.3593335343937426,0.12305054557990691,0.2191870087915604,-0.4279093237625784,0
V15_allz,D01_h5_sl8_t1,no_filters,-0.13897763263858764,-0.4188565086114987,0.4654078563289974,0.13520745019025202,0.4423076923076923,52,4.6923076923076925,0.049850704800000006,48.87324,0.1895534324155026,-0.2761801665243202,0.10381163072178179,0.19835749963581928,-0.34907182582324836,0
V15_allz,D01_h5_sl8_t1,cap1w,-0.2846133425471695,-0.3770521278499389,0.2541217259244544,-0.14796600753608813,0.4423076923076923,52,4.6923076923076925,0.07479238,8.7663,0.16559887180016863,-0.38624969982342516,0.08976358436933518,0.184223915961083,-0.4456619153325906,0
V15_allz,D01_h5_sl8_t1,cap3w,-0.25742337048465935,-0.4167610623307907,0.17381187966122966,-0.09578179205064415,0.4423076923076923,52,4.6923076923076925,0.049049899333333334,28.85048,0.1895465134407066,-0.37574813500358817,0.10380521045965296,0.19835749963581928,-0.43861288691504274,0
V15_allz,D01_h5_sl8_t1,close_seq,-0.13978889489685364,-0.3915170733571316,0.10633206829215941,-0.06931086421468513,0.46511627906976744,43,4.6976744186046515,0.04039461120000001,39.60256,0.07976354597605351,-0.20333381478853552,-0.023083123079812418,-0.09030107751895144,-0.03205706965494082,0
V15_allz,P2_re300_sl8,no_filters,-0.27971719214119506,-0.29146878808404364,0.1547378944957191,-0.10276961429137944,0.46296296296296297,54,9.037037037037036,0.025706549200000005,25.15296,0.21508069840160782,-0.4072140156564832,0.2501404006431158,-0.08012236881567103,-0.373654155732005,0
V15_allz,P2_re300_sl8,cap1w,0.04038926370862028,-0.20348324654844363,0.9654963266869677,0.4079770879096939,0.5,58,8.206896551724139,0.07067510399999999,4.87504,0.22762373310745643,-0.15251779869463267,0.33548568644180166,-0.014995171718606093,-0.20910602911593235,0
V15_allz,P2_re300_sl8,cap3w,-0.2894122147710364,-0.26519559008009386,0.2886164709518974,-0.12164107520217983,0.46296296296296297,54,9.037037037037036,0.030659157333333333,14.60672,0.2074583879042149,-0.4115012224459921,0.2445904796513736,-0.0840090537673236,-0.37669575853482984,0
V15_allz,P2_re300_sl8,close_seq,0.8349676679667328,-0.1804863916797791,1.28123125221236,1.2709998239846447,0.5609756097560976,41,10.951219512195122,0.019542975599999998,19.12978,0.5937684741810747,0.15133891634391494,0.4114886633963457,0.5887304507506064,-0.18172213681234695,0
V15_allz,S2_re300_sl8_tr15,base,-0.19082169622886658,-0.2368217202414442,0.37351845541347906,0.031388652585653175,0.44642857142857145,56,8.714285714285714,0.0267199908,26.15104,0.27234942709232746,-0.3640282405594105,0.2501404006431158,-0.0369588766846034,-0.32788961379367787,0
V15_allz,S2_re300_sl8_tr15,no_cost,-0.14288216769360707,-0.23325720634528724,0.43456711287467,0.11614463170073647,0.44642857142857145,56,8.714285714285714,0.0,26.18704,0.30647362131996303,-0.3439455505879828,0.27323021539254655,-0.019043932010973763,-0.3137473472456298,0
V15_allz,S2_re300_sl8_tr15,no_filters,-0.19082169622886658,-0.2368217202414442,0.37351845541347906,0.031388652585653175,0.44642857142857145,56,8.714285714285714,0.0267199908,26.15104,0.27234942709232746,-0.3640282405594105,0.2501404006431158,-0.0369588766846034,-0.32788961379367787,0
V15_allz,S2_re300_sl8_tr15,cap1w,0.016104877771515813,-0.1937729714987556,0.9299150382962899,0.37506974593547315,0.48333333333333334,60,7.933333333333334,0.073075192,5.02892,0.28341364161876137,-0.20827950956644892,0.5835698092010515,-0.16609390431390114,-0.2305433198280884,0
V15_allz,N2_re300,base,1.3560492645958404,-0.16997362546395556,1.6444934963402955,1.5994329048822629,0.6136363636363636,44,11.090909090909092,0.021233846799999997,20.79534,0.6959523661042855,0.38921900855496294,0.6677431631878501,0.11146362815655397,0.27104212135342753,0
V15_allz,N2_re300,no_cost,1.4632751844838734,-0.16803273117753403,1.6992739803207781,1.661797242731876,0.6136363636363636,44,11.090909090909092,0.0,20.79534,0.7304006802883409,0.4235287887620409,0.6911519954178484,0.12743649704990134,0.2919276696451041,0
V15_allz,N2_re300,no_filters,1.3560492645958404,-0.16997362546395556,1.6444934963402955,1.5994329048822629,0.6136363636363636,44,11.090909090909092,0.021233846799999997,20.79534,0.6959523661042855,0.38921900855496294,0.6677431631878501,0.11146362815655397,0.27104212135342753,0
V15_allz,N2_re300,cap1w,0.05032406035113768,-0.24819301989336517,0.7162398352478482,0.4565627394405521,0.5555555555555556,45,10.666666666666666,0.05478182399999999,3.76224,0.546705310292273,-0.32092813455676106,0.4907014189767729,0.1165442430940955,-0.36896025608959104,0
V15_allz,N2_re300,cap3w,1.32980264499023,-0.160343905412216,1.7992409256522168,1.5835804131099018,0.6136363636363636,44,11.090909090909092,0.024975216000000005,11.89448,0.6878150096812736,0.3803661133634486,0.661870732025786,0.10822042203609405,0.2650152052022683,0
V15_allz,N2_re300,close_seq,0.5641074031117179,-0.21011217271588467,1.1178929010461596,1.1017021372677258,0.5714285714285714,35,13.0,0.0170241176,16.68138,0.4644257428064289,0.06806877084409813,0.3366599945656441,0.403085683994197,-0.16600887690372013,0
V15_allz,P2_re300_sl8,base,-0.27971719214119506,-0.29146878808404364,0.1547378944957191,-0.10276961429137944,0.46296296296296297,54,9.037037037037036,0.025706549200000005,25.15296,0.21508069840160782,-0.4072140156564832,0.2501404006431158,-0.08012236881567103,-0.373654155732005,0
V15_allz,P2_re300_sl8,no_cost,-0.2385105371178896,-0.2806462564039255,0.21889046885123273,-0.02465611354964312,0.46296296296296297,54,9.037037037037036,0.0,25.2087,0.24648575188191324,-0.3890909208288722,0.27323021539254655,-0.06292839159907526,-0.3617597604177334,0
V16_allz,A01_daily_top1,base,0.09520086694231011,-0.3878962092067857,0.5822414937470293,0.426894927804517,0.49794238683127573,243,1.0,0.242927994,238.1647,0.3593026880768002,-0.19429213482109153,0.012829348291662379,0.16158099807460924,-0.069089341582524,0
V16_allz,A01_daily_top1,no_cost,0.4030952866957702,-0.3078318595963132,1.1296805043116416,0.9633479336280313,0.5061728395061729,243,1.0,0.0,239.92934,0.5406063655714524,-0.08925776366286453,0.10002541420964195,0.26147219543276834,0.011129460593656493,0
V16_allz,A01_daily_top1,no_filters,0.10121515269271808,-0.3911836149146837,0.5955534052678143,0.4387633948637268,0.49794238683127573,243,1.0,0.24312974999999998,238.3625,0.3667672866122407,-0.19429213482109142,0.012829348291662379,0.1679598097205206,-0.06908934158252389,0
V16_allz,A01_daily_top1,cap1w,-0.05753632982679924,-0.3955062579481987,0.2652527432036864,0.10180806572319295,0.48559670781893005,243,1.0,0.35811193199999997,44.27382,0.26437909245190894,-0.2546035632829421,-0.03467213875281294,0.10905768576256625,-0.11968998776025608,0
V16_allz,A01_daily_top1,cap3w,0.09520086694231433,-0.38605837086013095,0.5977232593313893,0.4268949278045238,0.49794238683127573,243,1.0,0.241242002,141.90706,0.3593026880768042,-0.1942921348210913,0.012829348291663933,0.1615809980746128,-0.06908934158252433,0
V16_allz,A01_daily_top1,close_seq,0.22601429318649258,-0.3519567676373653,0.8792807041461607,0.6818223642007072,0.5163934426229508,122,1.0,0.12305143319999999,120.63866,0.4624937296028675,-0.16169603440323121,0.21877143139063882,0.4050598193564392,-0.28405698988696426,0
V16_allz,D01_h5_sl8_t1,base,1.2673980367829478,-0.2610809512986494,2.271238224504633,1.432406430186167,0.5490196078431373,51,4.784313725490196,0.05115108240000001,50.14812,1.41050409012604,-0.05936768741828191,0.21934455133642716,0.8400460243405516,0.010584512646902633,0
V16_allz,D01_h5_sl8_t1,no_cost,1.3873083359075662,-0.25160226552893394,2.3740848484477874,1.5021897016965293,0.5490196078431373,51,4.784313725490196,0.0,50.1695,1.4712764924935287,-0.03397764549657378,0.2404884281283517,0.8715283988040745,0.028298910443468106,0
V15_allz,T2_re300_mh5_sl8_tr15,base,-0.10566858169277571,-0.32264140560220333,0.3875314984020971,0.1938032860000364,0.48,50,9.76,0.0238500724,23.37212,0.17392646063253192,-0.2381708324170977,0.00989525365497479,0.9391666613527228,-0.54332522774599,0
V15_allz,T2_re300_mh5_sl8_tr15,no_cost,-0.0586179926733732,-0.31826908674990784,0.42765638382261656,0.2668573666931083,0.48,50,9.76,0.0,23.39834,0.20049733527491154,-0.21583998592462295,0.026542947496520197,0.9702155871626739,-0.5345478732122899,0
V15_allz,T2_re300_mh5_sl8_tr15,no_filters,0.06030133299231699,-0.32264140560220333,0.6336869093386229,0.4497908311079958,0.48,50,9.76,0.0238564168,23.37834,0.17392646063253192,-0.09679066913526357,0.00989525365497479,0.9391666613527228,-0.458575579642053,0
V15_allz,T2_re300_mh5_sl8_tr15,cap1w,-0.6027635101931492,-0.3396454449571228,-0.3965816325323811,-0.8173336828798915,0.38461538461538464,52,9.173076923076923,0.062570092,4.06542,-0.2303639112454703,-0.4838645229725622,-0.01697612299677287,-0.13578815068730343,-0.5324103902316887,0
V15_allz,T2_re300_mh5_sl8_tr15,cap3w,-0.11699902610231017,-0.30516473527420107,0.4495026546247827,0.17566495858821163,0.48,50,9.76,0.02833954,13.4687,0.16672734064263373,-0.24318138168311632,0.005445252013244639,0.9317599736967384,-0.5453788965039119,0
V15_allz,T2_re300_mh5_sl8_tr15,close_seq,0.2732137421156009,-0.375687961380587,0.8595781280824252,0.6876618534550406,0.48936170212765956,47,9.382978723404255,0.022484092,22.0146,-0.09693865133601076,0.4098862098341647,0.5180435252669784,-0.26932364634423434,0.14786824291535106,0
V15_allz,T2_re250_sl8_tr15,base,-0.46435189738306026,-0.37124729444739824,-0.22101832199458724,-0.4646687299160011,0.39655172413793105,58,8.413793103448276,0.0272337904,26.55902,0.21435387025027053,-0.5589027912378243,-0.03193719604412859,0.6050520255525351,-0.6552637735969348,0
V15_allz,T2_re250_sl8_tr15,no_cost,-0.43108900032420727,-0.36558424480576734,-0.1389916720296956,-0.384173308690327,0.39655172413793105,58,8.413793103448276,0.0,26.79718,0.24565209629845763,-0.5432825896039901,-0.012930618280634687,0.6360470459796028,-0.6477095566449335,0
V15_allz,S2_re300_sl8_tr15,cap3w,-0.20201595740973233,-0.22556028497504899,0.4165882115150237,0.011019024560917376,0.44642857142857145,56,8.714285714285714,0.031828924,15.18722,0.26403074353247336,-0.3686988653771087,0.2445904796513736,-0.04091370322311938,-0.3314867086908799,0
V15_allz,S2_re300_sl8_tr15,close_seq,0.41855547145952854,-0.22916509905045257,0.9119355899648881,0.8704594334554421,0.5348837209302325,43,10.395348837209303,0.0205021752,20.06076,0.368571212273328,0.036522950897944995,0.42436424937455497,0.21709493803260083,-0.18172213681234695,0
V15_allz,T2_re300_mh5,base,1.918394925620929,-0.2368928569612172,1.9977178551423953,1.9276808016983769,0.6111111111111112,36,13.555555555555555,0.0173504976,16.98738,2.1252565789958,-0.0661902945073839,1.1360151262283282,0.9712074908413824,-0.30688164988764366,0
V15_allz,T2_re300_mh5,no_cost,2.025912003748353,-0.2340265403473044,2.0442898431104246,1.9799178667581727,0.6111111111111112,36,13.555555555555555,0.0,16.98738,2.177391541078985,-0.047674180336991445,1.1611890840153016,0.9945495809936105,-0.29802977340308356,0
V15_allz,T2_re300_mh5,no_filters,1.918394925620929,-0.2368928569612172,1.9977178551423953,1.9276808016983769,0.6111111111111112,36,13.555555555555555,0.0173504976,16.98738,2.1252565789958,-0.0661902945073839,1.1360151262283282,0.9712074908413824,-0.30688164988764366,0
V15_allz,T2_re300_mh5,cap1w,0.9095896227565188,-0.23624996380915642,1.4441051899662616,1.3198828185170672,0.5483870967741935,31,15.516129032258064,0.03777066,2.6041,1.1322569712132027,-0.10442800819171028,0.9179716655451033,0.4760408319200853,-0.32547276855047846,0
V15_allz,T2_re300_mh5,cap3w,1.894029900832587,-0.22415442250203577,1.9996833181059912,1.9155990747914569,0.6111111111111112,36,13.555555555555555,0.020592705333333336,9.91466,2.1119257675953444,-0.07001962226468184,1.1291789242237424,0.9664808478998566,-0.3088041304767565,0
V15_allz,T2_re300_mh5,close_seq,-0.14822018796812642,-0.36178879651853,0.42178588310543447,0.17856925244782032,0.45161290322580644,31,14.806451612903226,0.015031580800000001,14.72654,1.0949037201350538,-0.5934038381597027,0.5167765797468409,0.3081595697373145,-0.5707156996526119,0
V15_allz,T2_re400_sl8_tr15,cap3w,-0.7345200202468665,-0.524241587469076,-1.093113738166459,-1.5064833752096822,0.3125,48,10.125,0.02603418,11.5779,-0.13466142429139594,-0.6932068126793739,0.07700890734519006,-0.15293730304864162,-0.7089973632718376,0
V15_allz,T2_re400_sl8_tr15,close_seq,1.4458325877330558,-0.3520357586840235,1.4521189401300856,1.4693828947598917,0.5238095238095238,42,10.619047619047619,0.020436273199999997,20.03066,0.1580511092065462,1.1120247355998392,0.8747869501203811,-0.44924673259351244,1.3687417948931322,0
V15_allz,U2_re300_h20,base,0.3919270327141251,-0.23114786364703732,0.9736188604520183,0.8607219071311503,0.6,45,10.844444444444445,0.0216650172,21.22736,0.4795970792592825,-0.059252649098933685,0.3455820208127769,0.15623227277781382,-0.10533343683545282,0
V15_allz,U2_re300_h20,no_cost,0.4572489132949775,-0.2277444649446494,1.0315662236238996,0.928982011156007,0.6222222222222222,45,10.844444444444445,0.0,21.22736,0.509731512745085,-0.03476286942880269,0.3660656732117984,0.17399312032944447,-0.09135004425349835,0
V15_allz,U2_re300_h20,no_filters,0.5978828565993966,-0.23114786364703732,1.1277942107901195,1.0508280906078025,0.6086956521739131,46,10.608695652173912,0.0221597376,21.71238,0.4795970792592825,0.07994458694074336,0.3455820208127769,0.15623227277781382,0.027045477280372543,0
V15_allz,U2_re300_h20,cap1w,-0.09627291909290259,-0.2941227534498656,0.45961531032751585,0.20553728750533945,0.5,44,10.886363636363637,0.05345302799999999,3.63578,0.36446492942826514,-0.3376692493769148,0.3587440272662832,0.1496151904205556,-0.4214416648877335,0
V15_allz,U2_re300_h20,cap3w,0.3753121601908931,-0.22717972581252222,1.0729230757069106,0.8428243806141434,0.6,45,10.844444444444445,0.025419915999999997,12.02298,0.472114972673334,-0.06575764412384788,0.34056999148528666,0.1514904699728521,-0.10905387883603723,0
V15_allz,U2_re300_h20,close_seq,-0.1723441997340306,-0.34940739589429703,0.5348622905040078,0.22065016266395188,0.5135135135135135,37,12.243243243243244,0.017935031199999996,17.57306,0.43415539785325463,-0.42289670874937046,0.5840841989366001,0.09416877693988557,-0.5224848186877276,0
V15_allz,T2_re250_sl8_tr15,no_filters,-0.3648931273416942,-0.37124729444739824,-0.044872502873220844,-0.18511956159731524,0.39655172413793105,58,8.413793103448276,0.027332598399999998,26.68042,0.21435387025027053,-0.4770001659175226,-0.03193719604412859,0.6050520255525351,-0.5912533889820366,0
V15_allz,T2_re250_sl8_tr15,cap1w,-0.7471240600663949,-0.4106237449078348,-1.0806001617537828,-1.6028561612582979,0.38461538461538464,52,8.846153846153847,0.062173436000000006,3.91286,-0.3244473021864883,-0.6256754791268522,-0.19421559083760664,-0.1099877036106851,-0.6473916089460823,0
V15_allz,T2_re250_sl8_tr15,cap3w,-0.47242637411435107,-0.3534379750710914,-0.20432705154270753,-0.48501710240821494,0.39655172413793105,58,8.413793103448276,0.032658472,15.37516,0.20625959895806978,-0.5626367439137058,-0.036719405642576475,0.5980073827260357,-0.6572705029046659,0
V15_allz,T2_re250_sl8_tr15,close_seq,0.5051482824106255,-0.3405614322196484,1.0719212940565603,0.8901529889995513,0.46808510638297873,47,9.382978723404255,0.0227360116,22.26158,-0.03971497186549,0.5673974271311817,0.6668873703457505,-0.32691858862068224,0.3415455856896221,0
V15_allz,T2_re400_sl8_tr15,base,-0.7313819397355923,-0.5519513393945497,-1.1865921366383405,-1.4903927596233706,0.3125,48,10.125,0.020914704000000003,19.5637,-0.1298117305420795,-0.6913104098360897,0.08176664596998462,-0.1494274128659,-0.7080622610675118,0
V15_allz,T2_re400_sl8_tr15,no_cost,-0.711829950312323,-0.5397231133451128,-1.113140154277201,-1.3920784455640038,0.3125,48,10.125,0.0,19.69238,-0.11174049425228028,-0.6755789858447943,0.09954744123905623,-0.13522819785311846,-0.6969366991151369,0
V15_allz,T2_re400_sl8_tr15,no_filters,-0.6256431309727182,-0.5076685452097021,-0.9159248723705756,-0.9601962119223714,0.3333333333333333,48,10.166666666666666,0.0208536612,19.49106,-0.1298117305420795,-0.5697978447118279,0.08176664596998462,-0.1494274128659,-0.5931438943826248,0
V15_allz,T2_re400_sl8_tr15,cap1w,-0.6245894251061952,-0.4447615176380789,-0.8895808369128131,-1.1259981552477274,0.3488372093023256,43,10.976744186046512,0.051692008,3.34308,-0.006453296890528093,-0.6221510536757918,0.2465356021762537,-0.30442626627965286,-0.567029166781404,0
V16_allz,T2_re300_mh5,no_filters,2.421570018935566,-0.12023813008840756,2.2664158992727783,1.9695420867253062,0.5652173913043478,46,10.608695652173912,0.022780496399999996,22.33382,1.865487853872355,0.19406195154927497,0.25335510568374375,1.1303181419762245,0.281465243166207,0
V16_allz,T2_re300_mh5,cap1w,3.4747437555224447,-0.11589236307197381,2.539602389652363,2.345091167806164,0.5714285714285714,49,9.938775510204081,0.06028602800000001,4.34078,2.206710220643471,0.39543128241395076,0.4197793528629239,0.7365296760356943,0.8149518381229157,0
V16_allz,T2_re300_mh5,cap3w,2.95757231877799,-0.11622171476078524,2.4196490368416668,2.1872369038761055,0.5869565217391305,46,10.608695652173912,0.026667374666666667,13.07774,2.329648775363524,0.18858551930778678,0.24955267234858658,1.479435104062234,0.27738421853440465,0
V16_allz,T2_re300_mh5,close_seq,2.0502371517471913,-0.17955236409369602,2.004780366418413,2.4208096890213175,0.6086956521739131,46,9.630434782608695,0.0228188688,22.37144,1.852549546389335,0.06930207596501958,0.6490665271752347,0.33166174158173134,0.38899763824968847,1
V16_allz,T2_re300_mh5_sl8_tr15,base,-0.06493078024214849,-0.39078385134095717,0.3061091897368701,0.24213628124553713,0.45454545454545453,55,8.872727272727273,0.026336796000000003,25.7603,0.32787758870876127,-0.29581670199952637,-0.015879207853385258,-0.06503379266459253,0.01624738109067092,0
V16_allz,T2_re300_mh5_sl8_tr15,no_cost,-0.010611573229506344,-0.3764084559871572,0.40939424156408416,0.3223084640351792,0.45454545454545453,55,8.872727272727273,0.0,25.97826,0.3605770034106337,-0.2728170296202722,0.002386527978637032,-0.047592482597034746,0.03635558018365481,0
V16_allz,T2_re300_mh5_sl8_tr15,no_filters,-0.06493078024214849,-0.39078385134095717,0.3061091897368701,0.24213628124553713,0.45454545454545453,55,8.872727272727273,0.026336796000000003,25.7603,0.32787758870876127,-0.29581670199952637,-0.015879207853385258,-0.06503379266459253,0.01624738109067092,0
V16_allz,T2_re300_mh5_sl8_tr15,cap1w,-0.2308022712585598,-0.3622660852998336,0.06369142316580655,-0.040426405544351084,0.43636363636363634,55,8.854545454545455,0.06700685199999999,4.61802,0.2712535584720135,-0.3949297340288437,-0.047723151473835324,-0.09575897211482198,-0.10671393554921715,0
V16_allz,D01_h5_sl8_t1,no_filters,1.2673980367829478,-0.2610809512986494,2.271238224504633,1.432406430186167,0.5490196078431373,51,4.784313725490196,0.05115108240000001,50.14812,1.41050409012604,-0.05936768741828191,0.21934455133642716,0.8400460243405516,0.010584512646902633,0
V16_allz,D01_h5_sl8_t1,cap1w,1.201856338778036,-0.26774771788766705,2.207204335755184,1.392739792558378,0.5490196078431373,51,4.784313725490196,0.07568232,9.4932,1.3753694546868322,-0.07304679091769806,0.20704325771618626,0.8227438084510623,0.0007843689933739739,0
V16_allz,D01_h5_sl8_t1,cap3w,1.2673980367829492,-0.2622124831938193,2.2687325350651544,1.4324064301861683,0.5490196078431373,51,4.784313725490196,0.05049085000000001,29.7005,1.410504090126043,-0.059367687418282133,0.21934455133642783,0.8400460243405525,0.010584512646902855,0
V16_allz,D01_h5_sl8_t1,close_seq,0.7885698833603703,-0.21710672432757305,1.6081225740523784,1.4869789514238,0.5365853658536586,41,4.951219512195122,0.041180949599999996,40.37348,0.6786501423765674,0.06548103038801312,0.30825139159290815,0.09625634080474299,0.24710376373676302,0
V16_allz,N2_re300,base,3.375601085541976,-0.1405215010619506,2.4250832400594224,2.9066033504830115,0.64,75,6.506666666666667,0.03697755,36.2525,1.2225268755582985,0.9687505845988145,0.14553923912248434,1.1200164768211556,0.8017250431418632,1
V16_allz,N2_re300,no_cost,3.718608762681148,-0.13681131041877925,2.529003001594404,3.0410639422633468,0.64,75,6.506666666666667,0.0,36.27744,1.3137642043304414,1.0393645790914223,0.17501990907779374,1.1736159801832664,0.8475062930484782,1
V16_allz,N2_re300,no_filters,2.2795222185987143,-0.15113930522679841,2.1145003445719692,2.4620382394742313,0.6027397260273972,73,6.684931506849315,0.03602507400000001,35.3187,1.2225268755582985,0.47558270483226406,0.12742175313675363,0.8850124543288453,0.543156397079938,0
V16_allz,N2_re300,cap1w,2.277221866829249,-0.10814729274191992,2.2407384356942734,2.610735606398651,0.6027397260273972,73,6.63013698630137,0.08983375199999999,6.47452,1.3786846936064436,0.3777453882971298,0.24245540622328177,0.8028942902977458,0.4630351841831395,1
V16_allz,N2_re300,cap3w,3.3087588377046284,-0.13865537313323828,2.412009062214338,2.8793423694428126,0.64,75,6.506666666666667,0.04344644533333334,21.28436,1.2041253519004163,0.9548610672208713,0.13958764473838436,1.109442237513596,0.792407768387211,1
V16_allz,N2_re300,close_seq,2.5873319521695493,-0.20981497815683892,2.373395683389568,2.193933490315671,0.5967741935483871,62,6.838709677419355,0.030717198000000008,30.1149,1.9842742402693498,0.2020785167001844,1.512368600372079,-0.002451180534953079,0.43137705055253717,0
V16_allz,P2_re300_sl8,base,2.7641509792434547,-0.17193538409137976,2.3381191732232063,2.22897500790447,0.5822784810126582,79,6.177215189873418,0.038909552400000005,38.14662,2.461310159237449,0.08749311852270569,0.7061321589306042,1.3561298589813289,-0.06361350299671187,0
V16_allz,P2_re300_sl8,no_cost,3.076527825608262,-0.1660157550205259,2.4423167164825723,2.3420187020839616,0.5822784810126582,79,6.177215189873418,0.0,38.17156,2.6096737107010304,0.12933415935163906,0.7513380387692918,1.4180021293065792,-0.03736033726716892,0
V16_allz,P2_re300_sl8,no_filters,2.7641509792434547,-0.17193538409137976,2.3381191732232063,2.22897500790447,0.5822784810126582,79,6.177215189873418,0.038909552400000005,38.14662,2.461310159237449,0.08749311852270569,0.7061321589306042,1.3561298589813289,-0.06361350299671187,0
V16_allz,P2_re300_sl8,cap1w,0.8374857393841144,-0.2066168326572797,1.4215096245241867,1.3045275339638942,0.5454545454545454,77,6.285714285714286,0.09469586,6.8061,1.4242024510887488,-0.24202463430442,0.30715014886448255,1.109051929061048,-0.3334830052440304,0
V16_allz,P2_re300_sl8,cap3w,2.7025946716100364,-0.1731110440488649,2.282928050509568,2.2058433503800408,0.5822784810126582,79,6.177215189873418,0.04568892933333333,22.33338,2.431592635733094,0.07897267089776472,0.6970182489990395,1.3433371521587487,-0.0689245379974377,0
V16_allz,P2_re300_sl8,close_seq,1.6622403572956719,-0.1863264769020997,1.921514242890796,1.8407670505365636,0.6231884057971014,69,6.043478260869565,0.03421300320000001,33.54216,1.090094069238131,0.27374188390769305,1.4383235139388373,0.04295908231673162,0.046860143557638345,0
V16_allz,T2_re300_mh5_sl8_tr15,cap3w,-0.07659619796050154,-0.3869582696785424,0.30749414278583026,0.22426512147106076,0.45454545454545453,55,8.872727272727273,0.03146212,15.1486,0.3209430033496734,-0.3009510632192963,-0.01989181297282505,-0.06847313314094294,0.011398385927657406,0
V16_allz,T2_re300_mh5_sl8_tr15,close_seq,1.118561081424653,-0.1611565090741931,1.5141611559318917,1.5351600643702803,0.5769230769230769,52,8.403846153846153,0.025884356400000003,25.37682,0.9686782967042216,0.07613371111539746,0.9262146190059921,0.02264383055184882,0.07550370945321583,0
V16_allz,T2_re250_sl8_tr15,base,0.5900648253682153,-0.2700311431689517,1.1200213560334895,0.9957082516341683,0.509090909090909,55,8.872727272727273,0.027307506399999997,26.75832,0.44657531243292725,0.09919256308471103,0.11048098985053922,0.028853409304898436,0.39171465696441365,0
V16_allz,T2_re250_sl8_tr15,no_cost,0.6815257791908984,-0.2630484596452517,1.1924751475332362,1.0752383285905118,0.509090909090909,55,8.872727272727273,0.0,26.75832,0.4851907493660568,0.13219516072844306,0.13099108234921997,0.0480360641380535,0.4186266746922087,0
V16_allz,T2_re250_sl8_tr15,no_filters,0.5900648253682153,-0.2700311431689517,1.1200213560334895,0.9957082516341683,0.509090909090909,55,8.872727272727273,0.027307506399999997,26.75832,0.44657531243292725,0.09919256308471103,0.11048098985053922,0.028853409304898436,0.39171465696441365,0
V16_allz,T2_re250_sl8_tr15,cap1w,0.34129732503348253,-0.26948076470000815,0.7880861395449943,0.7573010090090481,0.5094339622641509,53,9.169811320754716,0.06535899599999999,4.75346,0.5435174760793609,-0.13101254386800487,-0.07518350369810023,0.4281516958172704,0.015535596197749024,0
V16_allz,T2_re250_sl8_tr15,cap3w,0.5718117358022552,-0.2700402338205793,1.0690929515035765,0.9793204562288992,0.509090909090909,55,8.872727272727273,0.03182638,15.5689,0.4384236962831187,0.09273209268160021,0.10637848758777801,0.024834400433509707,0.38625494844968333,0
V16_allz,T2_re250_sl8_tr15,close_seq,0.8026685010386256,-0.27363810964147073,1.2258394336160838,1.3317207525485741,0.5576923076923077,52,8.403846153846153,0.0257339064,25.22932,0.8307343742725555,-0.015330390704594299,0.9262146190059921,-0.1595804493689259,0.11356365735217322,1
V17_allz,A01_daily_top1,cap3w,-0.08490542568892712,-0.4686201388038691,0.1087756922425398,0.03522867524412508,0.4773662551440329,243,1.0,0.21098263533333333,123.60456,-0.12100182851312502,0.041065390116955314,0.16065481824861716,-0.34328378578558916,0.20056357474052144,0
V17_allz,A01_daily_top1,close_seq,0.32185327972378297,-0.24638395800813928,0.995335478012614,0.9016269752589516,0.45081967213114754,122,1.0,0.1186977876,116.37038,-0.09089207942293587,0.4540113993118944,0.043796824983103555,-0.07166545922228562,0.3641520241941578,0
V17_allz,D01_h5_sl8_t1,base,0.45542542742984726,-0.2539399733081704,1.384019886358035,0.9830917365268503,0.44,50,4.88,0.04967016480000001,48.69624,0.5564635293087441,-0.06491517467407004,0.3284158867831142,0.2768062118995622,-0.1419138141454398,0
V17_allz,D01_h5_sl8_t1,no_cost,0.5312494849520026,-0.24339519100469253,1.4965958885512987,1.0816638551288598,0.46,50,4.88,0.0,48.69624,0.5978165568271405,-0.04166127306085965,0.3499994811445397,0.2976148671570733,-0.1258890889825366,0
V17_allz,D01_h5_sl8_t1,no_filters,0.45542542742984726,-0.2539399733081704,1.384019886358035,0.9830917365268503,0.44,50,4.88,0.04967016480000001,48.69624,0.5564635293087441,-0.06491517467407004,0.3284158867831142,0.2768062118995622,-0.1419138141454398,0
V17_allz,D01_h5_sl8_t1,cap1w,0.4127452893898724,-0.22873250459683925,1.4826687613773677,0.9253278616018069,0.42,50,4.88,0.073856872,9.17572,0.5332454544178624,-0.07859156841507875,0.3159502991320846,0.26500215252655135,-0.15134120523430783,0
V17_allz,D01_h5_sl8_t1,cap3w,0.4554254274298455,-0.25064713296563745,1.3954429293409143,0.9830917365268498,0.44,50,4.88,0.049293302,28.99606,0.5564635293087421,-0.06491517467406982,0.32841588678311306,0.2768062118995629,-0.1419138141454399,0
V17_allz,D01_h5_sl8_t1,close_seq,-0.26223017662144255,-0.37130192648483795,-0.31716771027243956,-0.46803426728782743,0.42857142857142855,42,4.809523809523809,0.033537498000000006,32.8799,-0.18676238250229316,-0.09279919238286094,-0.20464669757588128,-0.11117811801019217,0.04362881313910005,0
V16_allz,S2_re300_sl8_tr15,base,2.7641509792434547,-0.17193538409137976,2.3381191732232063,2.22897500790447,0.5822784810126582,79,6.177215189873418,0.038909552400000005,38.14662,2.461310159237449,0.08749311852270569,0.7061321589306042,1.3561298589813289,-0.06361350299671187,0
V16_allz,S2_re300_sl8_tr15,no_cost,3.076527825608262,-0.1660157550205259,2.4423167164825723,2.3420187020839616,0.5822784810126582,79,6.177215189873418,0.0,38.17156,2.6096737107010304,0.12933415935163906,0.7513380387692918,1.4180021293065792,-0.03736033726716892,0
V16_allz,S2_re300_sl8_tr15,no_filters,2.7641509792434547,-0.17193538409137976,2.3381191732232063,2.22897500790447,0.5822784810126582,79,6.177215189873418,0.038909552400000005,38.14662,2.461310159237449,0.08749311852270569,0.7061321589306042,1.3561298589813289,-0.06361350299671187,0
V16_allz,S2_re300_sl8_tr15,cap1w,0.8374857393841144,-0.2066168326572797,1.4215096245241867,1.3045275339638942,0.5454545454545454,77,6.285714285714286,0.09469586,6.8061,1.4242024510887488,-0.24202463430442,0.30715014886448255,1.109051929061048,-0.3334830052440304,0
V16_allz,S2_re300_sl8_tr15,cap3w,2.7025946716100364,-0.1731110440488649,2.282928050509568,2.2058433503800408,0.5822784810126582,79,6.177215189873418,0.04568892933333333,22.33338,2.431592635733094,0.07897267089776472,0.6970182489990395,1.3433371521587487,-0.0689245379974377,0
V16_allz,S2_re300_sl8_tr15,close_seq,2.1055160142968785,-0.18509660812674888,2.1027027764618333,2.1391675462509103,0.6470588235294118,68,6.147058823529412,0.033730808400000006,33.06942,1.090094069238131,0.48582595396239037,1.6161931745477411,-0.1878595786582008,0.4616144851268038,0
V16_allz,T2_re300_mh5,base,2.994563252476517,-0.11577907253872965,2.4405462692854525,2.199699524761517,0.5869565217391305,46,10.608695652173912,0.022804139999999997,22.357,2.3453567859637765,0.19406195154927497,0.25335510568374375,1.4870718760475912,0.281465243166207,0
V16_allz,T2_re300_mh5,no_cost,3.1827345586603863,-0.11415948046417546,2.5012090510085336,2.261680501092656,0.5869565217391305,46,10.608695652173912,0.0,22.357,2.4253989088620354,0.2210941469733667,0.2724735882550393,1.5238803145559605,0.30239515374813797,0
V16_allz,T2_re400_sl8_tr15,base,1.0558732389815795,-0.29008083916615,1.632304386324514,1.1449097699033184,0.5660377358490566,53,9.20754716981132,0.026276403600000005,25.76118,1.576976586835888,-0.20221501061216107,0.13576576048540168,0.7539170745797208,0.03204469401641741,0
V16_allz,T2_re400_sl8_tr15,no_cost,1.169345739318426,-0.2811507299139808,1.7015932389857693,1.2009339821099154,0.5660377358490566,53,9.20754716981132,0.0,25.76118,1.639292848910927,-0.17805796343760028,0.1555367546204205,0.7840829769189694,0.0522767141926026,0
V16_allz,T2_re400_sl8_tr15,no_filters,1.5445889621453817,-0.2195788450188514,1.9268659506358947,1.3787982787776853,0.5576923076923077,52,9.384615384615385,0.025730662800000005,25.22614,1.4939688854980036,0.02029699606187063,0.13576576048540168,1.0612471484972255,0.08692305077029916,0
V16_allz,T2_re400_sl8_tr15,cap1w,0.8628756125420973,-0.2696458813917787,1.5758482819342163,1.0421660395485033,0.5660377358490566,53,9.20754716981132,0.06481055200000001,4.54252,1.4642961614786252,-0.24405368085939128,0.09974536290247116,0.6999814451941466,-0.003568297486136518,0
V16_allz,T2_re400_sl8_tr15,cap3w,1.0345934141688482,-0.28504231662548696,1.6343260991161697,1.1340703528513938,0.5660377358490566,53,9.20754716981132,0.030855981333333338,15.21844,1.5646112490602953,-0.2066659557411098,0.13183129557015905,0.7479856568873429,0.028390536496283314,0
V16_allz,T2_re400_sl8_tr15,close_seq,1.5137998554690073,-0.25213653628646393,1.6534129142867715,1.826017079944591,0.5652173913043478,46,9.652173913043478,0.022765278000000003,22.3189,0.6101233516228641,0.5612467535082426,0.7955950005267967,0.0863837533250269,0.28866207406297817,0
V16_allz,U2_re300_h20,base,3.3959724008923393,-0.14141201126576441,2.350733935600065,3.0322336432628845,0.6493506493506493,77,6.337662337662338,0.038030230799999995,37.28454,1.2328742072669074,0.9687505845988145,0.045767075039616634,1.0416575798860084,1.0589086934465537,1
V16_allz,U2_re300_h20,no_cost,3.7501857500973763,-0.13757940880001873,2.4563212441474813,3.177148296581785,0.6493506493506493,77,6.337662337662338,0.0,37.30948,1.329247942618323,1.0393645790914223,0.0727496577321336,1.0933074036071178,1.1153352103040977,1
V16_allz,U2_re300_h20,no_filters,2.2947905623091014,-0.15209710237872642,2.046071378101055,2.5769079859251156,0.6133333333333333,75,6.506666666666667,0.0370777548,36.35074,1.2328742072669074,0.47558270483226406,0.045767075039616634,1.0416575798860084,0.543156397079938,0
V16_allz,U2_re300_h20,cap1w,2.2845823340263935,-0.1094385076426978,2.1459039798120894,2.7518005268223287,0.6133333333333333,75,6.453333333333333,0.092389424,6.68824,1.3840270937767984,0.3777453882971298,0.1505227211230291,0.9513275780453618,0.4630351841831395,1
V16_allz,U2_re300_h20,cap3w,3.327706919391808,-0.1396881717205195,2.3312110563265644,3.0032693590345345,0.6493506493506493,77,6.337662337662338,0.044652941333333335,21.90724,1.2138181541178743,0.9548610672208713,0.04032638509138198,1.0316494650677068,1.0475732648568417,1
V16_allz,U2_re300_h20,close_seq,1.879559249332607,-0.2771896982602827,2.0592068858681047,1.970744053777624,0.6166666666666667,60,7.1,0.029786244,29.2022,1.9858706306191096,-0.03560481830535933,1.512368600372079,-0.0019175575564348568,0.14835521271148977,0
V17_allz,A01_daily_top1,base,-0.08354933510758689,-0.4722541159744307,0.13424617752832985,0.038537582322950945,0.4773662551440329,243,1.0,0.2135787996,209.39098,-0.12100182851312358,0.04260815849273447,0.16065481824861894,-0.34321053958927017,0.20220861840124438,0
V17_allz,A01_daily_top1,no_cost,0.17425217028463713,-0.3871897979781789,0.7631787525258776,0.5840346365167361,0.48148148148148145,243,1.0,0.0,226.4448,-0.003444428044885206,0.17831077697042308,0.26044235856352205,-0.28642965769849427,0.305574293781979,0
V17_allz,A01_daily_top1,no_filters,0.04394437594583178,-0.39307958141372434,0.5009359086352896,0.32582937917465915,0.4897119341563786,243,1.0,0.2245480836,220.14518,-0.12100182851312358,0.18765250009558,0.16065481824861894,-0.2518400720929471,0.20220861840124638,0
V17_allz,A01_daily_top1,cap1w,-0.28702068838860784,-0.4927102737504546,-0.5464254261322369,-0.5435868684165481,0.46218487394957986,238,1.0,0.331802488,36.07788,-0.18663690418459633,-0.12341816922905235,0.05720770910056894,-0.36921060090784563,0.06913419657999964,0
V17_allz,N2_re300,base,0.2356248719146976,-0.27294979282926735,0.7299269397443128,0.6740858789413714,0.5263157894736842,57,8.543859649122806,0.027744664000000002,27.1592,0.08421864008706303,0.13964547945373518,0.30519457836430175,-0.07782563941748122,0.026593091341353237,0
V17_allz,N2_re300,no_cost,0.30971613244184093,-0.26753183550977366,0.8094464752052772,0.7669323681627247,0.543859649122807,57,8.543859649122806,0.0,27.1592,0.11446615480136657,0.17519596875983523,0.33049047981762847,-0.059701380364184264,0.04688651835170221,0
V17_allz,N2_re300,no_filters,0.2356248719146976,-0.27294979282926735,0.7299269397443128,0.6740858789413714,0.5263157894736842,57,8.543859649122806,0.027744664000000002,27.1592,0.08421864008706303,0.13964547945373518,0.30519457836430175,-0.07782563941748122,0.026593091341353237,0
V17_allz,N2_re300,cap1w,0.37039405495018096,-0.24831559499148026,1.1105706548396777,0.8244522110639378,0.559322033898305,59,8.135593220338983,0.072306904,5.11804,0.25996899678054053,0.08764109152828148,0.3276525335139311,-0.26470098698207967,0.40377354734475923,0
V17_allz,N2_re300,cap3w,0.21987225782789,-0.2722003683121259,0.7405464452361351,0.6536530971238129,0.5263157894736842,57,8.543859649122806,0.03274370399999999,15.85812,0.07787443734752841,0.13173874020966103,0.2999562648884655,-0.08169292499898018,0.02187478529424003,0
V17_allz,N2_re300,close_seq,1.821449110897917,-0.1635034328951782,1.823196648738029,1.8502334489096406,0.6271186440677966,59,7.288135593220339,0.0290364012,28.46706,0.07502143652569893,1.6245514880302263,0.15096233965231898,0.0905823703813744,1.2477739574366904,1
V17_allz,P2_re300_sl8,base,0.08177506021156788,-0.3488288791175177,0.6125132567170762,0.4379769165986426,0.5652173913043478,69,7.057971014492754,0.0337816608,33.10204,0.2677760024211535,-0.14671435794207177,0.5697719779142563,-0.010422794113547518,-0.3036129130012998,0
V17_allz,P2_re300_sl8,no_cost,0.160754082338338,-0.33917511992989857,0.7004896106535865,0.5577445864250539,0.5652173913043478,69,7.057971014492754,0.0,33.097,0.30966709684550664,-0.11370295158658572,0.6065255178710998,0.013103125884827316,-0.28682036031240987,0
V17_allz,P2_re300_sl8,no_filters,1.1293037808249333,-0.18344193343780846,1.5769848034145848,1.5706686850198586,0.5671641791044776,67,7.268656716417911,0.0329665632,32.32016,0.2677760024211535,0.6795583579105962,0.585291001203494,0.34521918492160375,-0.0015287174868412468,0
V17_allz,P2_re300_sl8,cap1w,-0.1414754456802837,-0.35778407208862195,0.4122750532006199,0.05925037108200157,0.5507246376811594,69,6.956521739130435,0.08459412399999999,5.99774,0.517841928146618,-0.434378153350903,0.5856826118585656,-0.19947835331004127,-0.32366264174014825,0
V17_allz,P2_re300_sl8,cap3w,0.06527727430677177,-0.3369975096889659,0.720775911967941,0.41192081165269834,0.5652173913043478,69,7.057971014492754,0.039743306666666665,19.3192,0.25789707416072605,-0.1531284266500671,0.5621832070782535,-0.016072093972112844,-0.306945449901326,0
V17_allz,P2_re300_sl8,close_seq,-0.18417571823660828,-0.3661998852278483,0.17050991460775414,-0.02171732252877771,0.53125,64,6.640625,0.0304319932,29.76816,0.07411261679618097,-0.24046671735706926,0.1251007651417262,-0.2836523483190482,0.012235037078761835,2
V17_allz,S2_re300_sl8_tr15,base,0.08177506021156788,-0.3488288791175177,0.6125132567170762,0.4379769165986426,0.5652173913043478,69,7.057971014492754,0.0337816608,33.10204,0.2677760024211535,-0.14671435794207177,0.5697719779142563,-0.010422794113547518,-0.3036129130012998,0
V17_allz,S2_re300_sl8_tr15,no_cost,0.160754082338338,-0.33917511992989857,0.7004896106535865,0.5577445864250539,0.5652173913043478,69,7.057971014492754,0.0,33.097,0.30966709684550664,-0.11370295158658572,0.6065255178710998,0.013103125884827316,-0.28682036031240987,0
V17_allz,S2_re300_sl8_tr15,no_filters,1.1293037808249333,-0.18344193343780846,1.5769848034145848,1.5706686850198586,0.5671641791044776,67,7.268656716417911,0.0329665632,32.32016,0.2677760024211535,0.6795583579105962,0.585291001203494,0.34521918492160375,-0.0015287174868412468,0
V17_allz,S2_re300_sl8_tr15,cap1w,-0.1414754456802837,-0.35778407208862195,0.4122750532006199,0.05925037108200157,0.5507246376811594,69,6.956521739130435,0.08459412399999999,5.99774,0.517841928146618,-0.434378153350903,0.5856826118585656,-0.19947835331004127,-0.32366264174014825,0
V17_allz,S2_re300_sl8_tr15,cap3w,0.06527727430677177,-0.3369975096889659,0.720775911967941,0.41192081165269834,0.5652173913043478,69,7.057971014492754,0.039743306666666665,19.3192,0.25789707416072605,-0.1531284266500671,0.5621832070782535,-0.016072093972112844,-0.306945449901326,0
V17_allz,S2_re300_sl8_tr15,close_seq,-0.18417571823660828,-0.3661998852278483,0.17050991460775414,-0.02171732252877771,0.53125,64,6.640625,0.0304319932,29.76816,0.07411261679618097,-0.24046671735706926,0.1251007651417262,-0.2836523483190482,0.012235037078761835,2
V17_allz,T2_re300_mh5,base,1.5222976503118928,-0.12911024133254312,1.8856220516887503,2.03898508120439,0.6346153846153846,52,9.384615384615385,0.025579519199999994,25.07796,0.678384944960978,0.5028123660692965,0.6582464802306653,0.3523524484161671,0.12475351618538877,0
V17_allz,T2_re300_mh5,no_cost,1.6580466535581206,-0.12417660908441575,1.967725210332243,2.139599717031625,0.6346153846153846,52,9.384615384615385,0.0,25.07796,0.7264115841396226,0.5396367111859888,0.6866371895624221,0.3757509945977553,0.14551582119720607,0
V17_allz,T2_re300_mh5,no_filters,1.5222976503118928,-0.12911024133254312,1.8856220516887503,2.03898508120439,0.6346153846153846,52,9.384615384615385,0.025579519199999994,25.07796,0.678384944960978,0.5028123660692965,0.6582464802306653,0.3523524484161671,0.12475351618538877,0
V17_allz,T2_re300_mh5,cap1w,1.8842585475122267,-0.12439960936734429,2.241564216924675,1.9773935082980443,0.6666666666666666,51,9.490196078431373,0.06223324800000001,4.32048,0.5716377662569561,0.8351929493151811,0.6067420945471484,0.29324037181652907,0.38806167329271335,0
V17_allz,T2_re300_mh5,cap3w,1.4949738810429096,-0.12529703158811278,1.9180983340891207,2.017962194814298,0.6346153846153846,52,9.384615384615385,0.03007536133333333,14.70234,0.6689738320996741,0.49491491900989026,0.6526092979230669,0.3478259117347029,0.1201134452370356,0
V17_allz,T2_re300_mh5,close_seq,0.8234484302387637,-0.1390899670837672,1.4298292640604704,1.4182521854991297,0.5434782608695652,46,9.652173913043478,0.022572880400000005,22.11902,0.5074653787807388,0.20961214493270597,0.3174267994486655,0.150076131922537,0.20348422272765698,0
V17_allz,T2_re300_mh5_sl8_tr15,base,2.039783974747921,-0.17959458603858325,1.979768866027154,1.93176069824212,0.6666666666666666,63,7.746031746031746,0.030787537200000003,30.18386,1.1115312048854573,0.4396112014422333,1.398358079575908,-0.11362563372949042,0.42991923629742934,0
V17_allz,T2_re300_mh5_sl8_tr15,no_cost,2.2392715212307586,-0.16935191550528095,2.065458420607959,2.022841172435733,0.6666666666666666,63,7.746031746031746,0.0,30.18386,1.1760551606081457,0.48859807410648237,1.4487368905150952,-0.0943068785412634,0.4605759979047539,0
V17_allz,T2_re300_mh5_sl8_tr15,no_filters,2.2901673382337604,-0.15315964770319979,2.0612078824595637,2.0363352866254694,0.6666666666666666,63,7.746031746031746,0.0308204628,30.21614,1.1115312048854573,0.558190251046865,1.398358079575908,-0.04061603930499047,0.42991923629742934,0
V17_allz,T2_re300_mh5_sl8_tr15,cap1w,1.0307201925949396,-0.19666009709735122,1.7288151509442935,1.36614364514273,0.625,56,8.607142857142858,0.06836154400000001,4.75444,0.9063201370944189,0.0652566445057483,0.8325105486586035,0.1913130320555385,-0.06979705247702161,0
V17_allz,T2_re300_mh5_sl8_tr15,cap3w,1.995958982223582,-0.15477447157080226,2.1227379827542774,1.9107891422046672,0.6666666666666666,63,7.746031746031746,0.03613704399999999,17.46582,1.0968162302031268,0.4288133309295068,1.3878954999168491,-0.11808762762143243,0.42264031176884953,0
V17_allz,T2_re300_mh5_sl8_tr15,close_seq,0.2991612512294155,-0.25971252690646207,0.7719143517093356,0.7476460845484819,0.54,50,8.8,0.024505962,23.9941,0.19468231918865198,0.0874533173904497,-0.04170522735937365,0.5494591953360384,-0.125048870742543,0
V17_allz,T2_re250_sl8_tr15,base,0.8733248636684179,-0.20172821772335303,1.391002919454899,1.2320281434961329,0.5692307692307692,65,7.507692307692308,0.031859516399999996,31.23482,0.7063299604604794,0.09786788433514504,0.5955831045860558,-0.044387696023590606,0.2286040298437615,0
V17_allz,T2_re250_sl8_tr15,no_cost,1.0010679795956325,-0.18921430582934384,1.4794073283362537,1.3254561601693926,0.5692307692307692,65,7.507692307692308,0.0,31.23482,0.7623344705384465,0.13546435880826113,0.6296143908684451,-0.02363079374898458,0.25765904235881054,0
V17_allz,T2_re250_sl8_tr15,no_filters,1.0276283879199557,-0.17190835225991086,1.4801588959199208,1.3394363304557908,0.5692307692307692,65,7.507692307692308,0.031892442,31.2671,0.7063299604604794,0.18829794641405107,0.5955831045860558,0.03432494436326716,0.2286040298437615,0
V17_allz,T2_re250_sl8_tr15,cap1w,0.1271923603143128,-0.31396168248652534,0.9938890669253245,0.5082732821973642,0.532258064516129,62,7.758064516129032,0.07579367600000002,5.30526,0.5192636654423941,-0.2580666635069655,0.5846666079793696,-0.1259241541880024,-0.1862125070600067,0
V17_allz,T2_re250_sl8_tr15,cap3w,0.8460788358156328,-0.17970974289180175,1.5006089239474418,1.2112227104069255,0.5692307692307692,65,7.507692307692308,0.03739427466666667,18.14724,0.6936668978243503,0.08998932327665399,0.5884880473074354,-0.04917635547148491,0.22226765500329626,0
V17_allz,T2_re250_sl8_tr15,close_seq,-0.018838491380272382,-0.3048236655459047,0.358388617220315,0.2860579438333915,0.49056603773584906,53,8.245283018867925,0.025685585600000005,25.11978,-0.1911680649310823,0.21305980399516056,0.08258712276421765,-0.07141372622988151,-0.023987486737040875,0
V17_allz,T2_re400_sl8_tr15,base,1.470691234652663,-0.19006114997923118,1.616751661303923,1.6555571347569524,0.6226415094339622,53,9.20754716981132,0.025819463999999997,25.3132,0.9171874007904584,0.2887061711515495,0.8945974983331884,-0.05251155809477115,0.37634590195221707,0
V17_allz,T2_re400_sl8_tr15,no_cost,1.6065079526607033,-0.18020414811597352,1.6859556184408175,1.7339849409879498,0.6226415094339622,53,9.20754716981132,0.0,25.3132,0.9618399075820043,0.3286037981933301,0.9268695901148871,-0.03586371859204451,0.40303435531439646,0
V17_allz,T2_re400_sl8_tr15,no_filters,1.470691234652663,-0.19006114997923118,1.616751661303923,1.6555571347569524,0.6226415094339622,53,9.20754716981132,0.025819463999999997,25.3132,0.9171874007904584,0.2887061711515495,0.8945974983331884,-0.05251155809477115,0.37634590195221707,0
V17_allz,T2_re400_sl8_tr15,cap1w,1.0873847130687868,-0.19923865144591857,1.7619979760342395,1.413759251032356,0.6,50,9.66,0.061077924000000006,4.26074,1.1169005407173214,-0.013942944923870826,1.057789127622347,0.15016637056324433,-0.11805609120744176,0
V17_allz,T2_re400_sl8_tr15,cap3w,1.4400867483788797,-0.1624081512970289,1.7626250000210348,1.6371833338509036,0.6226415094339622,53,9.20754716981132,0.030335946666666665,14.6184,0.9064775643926066,0.27989271625983037,0.8876161637763538,-0.05631175703891611,0.3698185225854447,0
V17_allz,T2_re400_sl8_tr15,close_seq,-0.17393695822288324,-0.2979590022555463,0.20648876978989314,0.03059580463762113,0.4897959183673469,49,9.0,0.0237069756,23.21078,-0.0029788465739065684,-0.17146889116796382,0.33594579712128825,-0.21452277731150138,-0.2127897173052553,0
V17_allz,U2_re300_h20,base,-0.08495708991568562,-0.25234244595059985,0.41229327413375266,0.16466830943547364,0.5166666666666667,60,8.116666666666667,0.029409982400000003,28.82812,0.2543461207953741,-0.27050206086331996,0.19851995415754864,0.22075353035380885,-0.3745851306386515,0
V17_allz,U2_re300_h20,no_cost,-0.027008884723974558,-0.24664315327021846,0.5058671375530412,0.2708097051516606,0.5333333333333333,60,8.116666666666667,0.0,28.82812,0.2931439253871211,-0.24757709008705575,0.2230763788982444,0.24574916011929826,-0.3614062073058293,0
V17_allz,U2_re300_h20,no_filters,-0.08495708991568562,-0.25234244595059985,0.41229327413375266,0.16466830943547364,0.5166666666666667,60,8.116666666666667,0.029409982400000003,28.82812,0.2543461207953741,-0.27050206086331996,0.19851995415754864,0.22075353035380885,-0.3745851306386515,0
V17_allz,U2_re300_h20,cap1w,-0.11776389981558388,-0.3009437615126407,0.4174228353744147,0.09913729831076089,0.55,60,8.083333333333334,0.07343461600000001,5.16716,0.25113342404496475,-0.2948505065653899,0.21636358837398606,-0.21411697354311665,-0.0770811747904363,0
V17_allz,U2_re300_h20,cap3w,-0.09686673334365259,-0.2536988533003176,0.4121475265294855,0.1420314823493905,0.5166666666666667,60,8.116666666666667,0.03458925866666667,16.83376,0.24625514329207543,-0.2753223354644273,0.19326055995255942,0.21550845577403566,-0.3773291013322412,0
V17_allz,U2_re300_h20,close_seq,0.9511262120137982,-0.27426476202753824,1.3640267690576957,1.3174104986651547,0.5833333333333334,60,7.15,0.029441892000000008,28.8646,0.06446435990532895,0.8329652786001469,0.14008661290784308,-0.1615467886820594,1.0411206891877165,1
V11_allz,A01_daily_top1,base,0.003102470351850961,-0.25366841725969036,0.1581662777450928,0.1866941157588857,0.4609053497942387,243,1.0,0.23196279000000003,227.4145,-0.03030454907567348,0.034451042743038895,-0.026700454293310916,-0.13471470787120632,0.19107595546008804,0
V11_allz,A01_daily_top1,no_cost,0.28515034710547216,-0.19999666561077722,0.8771855706002594,0.8968794496665566,0.48148148148148145,243,1.0,0.0,238.593,0.09928854799928799,0.1690746250786046,0.057118672875912546,-0.060114716539045876,0.29346697303404823,0
V11_allz,A01_daily_top1,no_filters,0.02225725966974701,-0.23858703369665835,0.2067666828136716,0.24082201188037397,0.4609053497942387,243,1.0,0.23406688679999998,229.47734,-0.011787685032399797,0.034451042743039784,-0.013651744059481885,-0.12985733235678487,0.19107595546008982,0
V11_allz,A01_daily_top1,cap1w,-0.1627062030033165,-0.3250906296767223,-0.38664671055991884,-0.3318097208804107,0.44214876033057854,242,1.0,0.344435736,39.39836,-0.10119665550903345,-0.06843493392775324,-0.0655015262952745,-0.16940375305349875,0.07872144596052943,0
V11_allz,A01_daily_top1,cap3w,0.0031024703518518493,-0.25136119719893235,0.13067640071897213,0.1866941157588907,0.4609053497942387,243,1.0,0.22881064999999998,134.5945,-0.03030454907567337,0.03445104274304045,-0.026700454293309805,-0.13471470787120798,0.1910759554600916,0
V11_allz,A01_daily_top1,close_seq,-0.027509274839423004,-0.3375644644126884,0.09155467333108858,0.07206334048409406,0.4426229508196721,122,1.0,0.11961362519999999,117.26826,0.09100257471400486,-0.10862655350240169,0.20056524019520716,-0.18263908879507096,-0.008972197596955556,0
V11_allz,D01_h5_sl8_t1,base,0.09754512131920268,-0.29240947661014327,0.49104121456973265,0.457604732089017,0.5306122448979592,49,4.979591836734694,0.04872395160000001,47.76858,0.07949236067988741,0.01672337970779636,-0.001350967353493604,0.17788945442685633,-0.0669498986767445,0
V11_allz,D01_h5_sl8_t1,no_cost,0.1537263828718476,-0.2803504380475592,0.6383557003545951,0.6179518171330783,0.5510204081632653,49,4.979591836734694,0.0,47.87562,0.10731271953585342,0.041915587635847684,0.015080765870627122,0.19712992317010802,-0.05057439752051063,0
V11_allz,D01_h5_sl8_t1,no_filters,0.09754512131920268,-0.29240947661014327,0.49104121456973265,0.457604732089017,0.5306122448979592,49,4.979591836734694,0.04872395160000001,47.76858,0.07949236067988741,0.01672337970779636,-0.001350967353493604,0.17788945442685633,-0.0669498986767445,0
V11_allz,D01_h5_sl8_t1,cap1w,0.06341117584468514,-0.2663569789543492,0.4453745892462597,0.35616224898627913,0.5102040816326531,49,4.979591836734694,0.071521408,8.66208,0.062413865056797135,0.0009387215478731115,-0.011545555814269526,0.16657782032758695,-0.07778783509267062,0
V11_allz,D01_h5_sl8_t1,cap3w,0.09754512131920356,-0.2841343496281865,0.5139936831366446,0.4576047320890195,0.5306122448979592,49,4.979591836734694,0.048102452,28.29556,0.07949236067988696,0.01672337970779747,-0.001350967353493826,0.177889454426857,-0.06694989867674395,0
V11_allz,D01_h5_sl8_t1,close_seq,0.12247198001661963,-0.2930306070118146,0.643960918611692,0.4839642627281628,0.5121951219512195,41,4.975609756097561,0.041268690000000004,40.4595,0.3038497304207002,-0.13910939748061113,0.34713856756960193,-0.05988768200842953,-0.11369439530115133,0
V11_allz,N2_re300,base,2.1092238686637357,-0.0933945168521031,2.3155985434984627,2.6766680331497144,0.5952380952380952,84,5.809523809523809,0.0415497612,40.73506,0.7477455580473655,0.7789911433890047,0.6911290671575527,0.7110187690209686,0.07453475055818237,0
V11_allz,N2_re300,no_cost,2.3845925173469213,-0.08754916153166192,2.467376588516653,2.859926824481064,0.6071428571428571,84,5.809523809523809,0.0,40.73506,0.8234942343227301,0.8561026701595276,0.7394430346593086,0.7599123135353982,0.10561812452409525,0
V11_allz,N2_re300,no_filters,1.8705673550485709,-0.0958559764851874,2.197692471458234,2.5216505707375667,0.5903614457831325,83,5.879518072289157,0.041123033999999996,40.3167,0.613592830810892,0.7789911433890047,0.5905881201848644,0.4430636200329394,0.250617579148694,0
V11_allz,N2_re300,cap1w,1.3759555287279746,-0.09861105469876041,1.7711414698874768,2.0667475339858936,0.5411764705882353,85,5.729411764705882,0.104035692,7.32142,0.6202528559767115,0.4664103321673905,0.6071381091590327,0.2490461983706802,0.1836044963625747,0
V11_allz,N2_re300,cap3w,2.056521395155157,-0.0943493258859518,2.266511860702961,2.6399078438975008,0.5952380952380952,84,5.809523809523809,0.048713732,23.90046,0.7331455834475311,0.7635687528771815,0.6817375660071505,0.7009691622665146,0.06849568977617637,0
V11_allz,N2_re300,close_seq,1.1105004367401885,-0.17771899181765016,1.7531036401775635,1.8006334799325172,0.6197183098591549,71,5.887323943661972,0.0350217,34.335,1.3283466025736579,-0.09356260171602993,1.1615529681868408,0.056648324383477,-0.07596356600011955,0
V11_allz,P2_re300_sl8,base,1.1940138996347307,-0.10519829987587681,1.7326922743091953,1.804299760907083,0.5568181818181818,88,5.545454545454546,0.0435994512,42.74456,0.37016624029731027,0.6012756956839447,0.3257810584245038,0.5526435943994414,0.06584926189290652,0
V11_allz,P2_re300_sl8,no_cost,1.3987543793373036,-0.09945359880993254,1.8917435990477884,1.9802884643676195,0.5681818181818182,88,5.545454545454546,0.0,42.74456,0.43127560932239595,0.6759556047160884,0.36530313200484477,0.5987623345891393,0.09893697509549204,0
V11_allz,P2_re300_sl8,no_filters,1.1871039340077183,-0.10521565204873706,1.7204309216151736,1.796371692337684,0.5568181818181818,88,5.545454545454546,0.0435852732,42.73066,0.3658509524017677,0.6012756956839447,0.34637825438383074,0.5240757197338248,0.06584926189290652,0
V11_allz,P2_re300_sl8,cap1w,0.8184763313620909,-0.11424008842283673,1.3629900335269751,1.4299390172361632,0.5227272727272727,88,5.534090909090909,0.10774731200000001,7.59512,0.26939198011488963,0.4325569720375144,0.2591171922197846,0.4349576987064008,0.006473629000067538,0
V11_allz,P2_re300_sl8,cap3w,1.1553112356578907,-0.10535142723410318,1.6944688618592674,1.7692868899143246,0.5568181818181818,88,5.545454545454546,0.05108614666666667,25.0994,0.35857489806139786,0.5864500652362892,0.3182772781034273,0.5432270436374178,0.05943276687545174,0
V11_allz,P2_re300_sl8,close_seq,2.383447487404783,-0.08515928657911531,2.5637963269753934,2.887717003389571,0.6285714285714286,70,5.985714285714286,0.0345892404,33.91102,1.425275771334495,0.3950774288826797,1.3635843869473434,0.17713710790802262,0.2160775676933797,0
V11_allz,S2_re300_sl8_tr15,base,1.1940138996347307,-0.10519829987587681,1.7326922743091953,1.804299760907083,0.5568181818181818,88,5.545454545454546,0.0435994512,42.74456,0.37016624029731027,0.6012756956839447,0.3257810584245038,0.5526435943994414,0.06584926189290652,0
V11_allz,S2_re300_sl8_tr15,no_cost,1.3987543793373036,-0.09945359880993254,1.8917435990477884,1.9802884643676195,0.5681818181818182,88,5.545454545454546,0.0,42.74456,0.43127560932239595,0.6759556047160884,0.36530313200484477,0.5987623345891393,0.09893697509549204,0
V11_allz,S2_re300_sl8_tr15,no_filters,1.1871039340077183,-0.10521565204873706,1.7204309216151736,1.796371692337684,0.5568181818181818,88,5.545454545454546,0.0435852732,42.73066,0.3658509524017677,0.6012756956839447,0.34637825438383074,0.5240757197338248,0.06584926189290652,0
V11_allz,S2_re300_sl8_tr15,cap1w,0.8184763313620909,-0.11424008842283673,1.3629900335269751,1.4299390172361632,0.5227272727272727,88,5.534090909090909,0.10774731200000001,7.59512,0.26939198011488963,0.4325569720375144,0.2591171922197846,0.4349576987064008,0.006473629000067538,0
V11_allz,S2_re300_sl8_tr15,cap3w,1.1553112356578907,-0.10535142723410318,1.6944688618592674,1.7692868899143246,0.5568181818181818,88,5.545454545454546,0.05108614666666667,25.0994,0.35857489806139786,0.5864500652362892,0.3182772781034273,0.5432270436374178,0.05943276687545174,0
V11_allz,S2_re300_sl8_tr15,close_seq,2.2484206236974233,-0.08515928657911531,2.4883542746931884,2.7875539859897307,0.6142857142857143,70,5.985714285714286,0.034593748800000004,33.91544,1.425275771334495,0.3394025793239992,1.3635843869473434,0.17713710790802262,0.16754625736514916,0
V11_allz,T2_re300_mh5,base,1.6843637757875123,-0.10604395107516218,2.1069783700818308,2.338761108772055,0.5737704918032787,61,8.0,0.030048404400000003,29.45922,0.9690570822538278,0.3632737212041244,0.6603939424602545,0.5565876764903734,0.03861990487703304,0
V11_allz,T2_re300_mh5,no_cost,1.854705200924387,-0.10112078389021317,2.217484867886998,2.470241903233389,0.5737704918032787,61,8.0,0.0,29.45922,1.0354716737703153,0.4024784710644489,0.6939920861353712,0.5881599477133124,0.0610983762525954,0
V11_allz,T2_re300_mh5,no_filters,0.5624174684286292,-0.251317318649118,1.1986139241508367,1.1164606609611245,0.5737704918032787,61,8.0,0.030078800400000005,29.48902,1.0797193106865715,-0.24873637495204448,0.6603939424602545,0.5430761640968222,-0.3901843259285519,0
V11_allz,T2_re300_mh5,cap1w,1.3871395295398692,-0.10116756005755101,1.9162544209260413,2.0882042473745845,0.5409836065573771,61,8.0,0.07430347199999998,5.11672,0.8493495337480637,0.29079954112399253,0.6010371461236907,0.49831803895202587,-0.004887027031461488,0
V11_allz,T2_re300_mh5,cap3w,1.6506855981371555,-0.10444653670513693,2.0878299683320103,2.311921435703683,0.5737704918032787,61,8.0,0.03529603866666666,17.26466,0.9553350186486986,0.35561710543546843,0.6531873083182775,0.5504822484454139,0.03411623803062014,0
V11_allz,T2_re300_mh5,close_seq,0.7332678593631299,-0.15673703776963455,1.3387333198943234,1.3596062405652214,0.5818181818181818,55,7.909090909090909,0.027242466000000003,26.7083,0.4057385958693396,0.23299443044120083,1.029437845629476,-0.1302107724333459,-0.01808045601883357,0
V11_allz,T2_re300_mh5_sl8_tr15,base,1.9578916348122908,-0.11797893241833124,2.2346428820422912,2.055539098894561,0.6307692307692307,65,7.507692307692308,0.0320648016,31.43608,0.8631300919409015,0.5875926472374942,0.7300193895165601,0.24883325589516514,0.3690737175581289,0
V11_allz,T2_re300_mh5_sl8_tr15,no_cost,2.158366615756529,-0.11426636818395375,2.3403993494399566,2.162214127496163,0.6307692307692307,65,7.507692307692308,0.0,31.43608,0.9240893731509094,0.6414864401981244,0.7667786955301799,0.2756815966602155,0.4013225039253805,0
V11_allz,T2_re300_mh5_sl8_tr15,no_filters,1.8829277677567604,-0.1193685629228971,2.1778692357222664,2.0086211758658465,0.6212121212121212,66,7.393939393939394,0.0325631736,31.92468,1.0114913951203732,0.4332289836040968,0.8170161368504589,0.15061603910398413,0.37893740785314867,0
V11_allz,T2_re300_mh5_sl8_tr15,cap1w,1.216568258209744,-0.149174367258204,1.6376686283661694,1.8418889101848126,0.6,65,7.492307692307692,0.07915804,5.4454,0.7574833992815881,0.2612171808369961,0.6662387304166102,0.20072918474677337,0.10789555004813467,0
V11_mixA,A01_daily_top1,cap3w,0.23490554274188336,-0.1807741914595099,0.7832640820772104,0.753902835750459,0.48148148148148145,243,1.0,0.24093335,141.7255,0.08768505328641196,0.13535213066562757,0.021271556281136084,0.04080473816483288,0.16177825319687988,0
V11_mixA,A01_daily_top1,close_seq,0.48962079459895214,-0.13870034785401464,1.3572605799970692,1.3567404333174058,0.5163934426229508,122,1.0,0.1227637932,120.35666,0.3506113992370532,0.10292330972508057,0.2933748423920477,-0.022116277345624158,0.17777979582838532,0
V11_mixA,D01_h5_sl8_t1,base,0.7031297459198074,-0.2008385589631826,1.5350065565355338,1.5114435043205081,0.5102040816326531,49,4.979591836734694,0.049220732399999995,48.25562,0.5503393500676297,0.09855287221182452,0.17480275424482516,0.36433433970616935,0.06258080874342076,0
V11_mixA,D01_h5_sl8_t1,no_cost,0.7897552159876138,-0.19153952013402742,1.6581544870582663,1.6338237420612336,0.5102040816326531,49,4.979591836734694,0.0,48.27604,0.589886975541283,0.12571223207755655,0.1940053304627769,0.3864740042188186,0.08112432753019205,0
V11_mixA,D01_h5_sl8_t1,no_filters,0.6823400165134959,-0.20235129204633584,1.4524868853271242,1.281291178905978,0.48,50,4.88,0.05027696279999999,49.29114,0.5503393500676297,0.08514307944264443,0.17480275424482516,0.4416118126186017,-0.0066541379912479215,1
V11_mixA,D01_h5_sl8_t1,cap1w,0.6559794264162182,-0.19184559329634743,1.4832123124936263,1.4423816296940295,0.5102040816326531,49,4.979591836734694,0.072784592,9.14792,0.5281141760135137,0.08367519417709657,0.16393162314455223,0.352386492995298,0.05202641495684723,0
V11_mixA,D01_h5_sl8_t1,cap3w,0.7031297459198074,-0.19937398854511834,1.5429530394720938,1.5114435043205077,0.5102040816326531,49,4.979591836734694,0.048926102,28.78006,0.5503393500676281,0.09855287221182518,0.17480275424482472,0.3643343397061687,0.06258080874342209,0
V11_mixA,D01_h5_sl8_t1,close_seq,0.8322656246867706,-0.24866680186597578,1.9095489175044258,1.5180403915781964,0.5609756097560976,41,4.975609756097561,0.0413061444,40.49622,0.9220130388020333,-0.0466944876561306,0.6815411970132212,0.017248762557967368,0.07115853303600406,1
V11_allz,T2_re300_mh5_sl8_tr15,cap3w,1.9179215311423872,-0.11004664765757055,2.1880141998626326,2.0335025486097678,0.6307692307692307,65,7.507692307692308,0.037576084,18.35702,0.85069698428893,0.5766608774496393,0.7222893947837912,0.2436112429378281,0.3623316351296184,0
V11_allz,T2_re300_mh5_sl8_tr15,close_seq,0.7174031573163888,-0.16618807706209615,1.3488092111353653,1.337947277074957,0.5454545454545454,55,7.909090909090909,0.0272058888,26.67244,0.5627481549707769,0.09896348420165246,1.029437845629476,-0.10493742551651097,-0.05454012170083711,0
V11_allz,T2_re250_sl8_tr15,base,1.2210465781095023,-0.16856380159697693,1.5893824985391707,1.8185457726760008,0.6268656716417911,67,7.2835820895522385,0.033092920799999995,32.44404,0.606087128466978,0.38289295689051883,0.5950177794777449,0.16765842894610472,0.1925492378473035,0
V11_allz,T2_re250_sl8_tr15,no_cost,1.3768582444504593,-0.16235304375626702,1.6956316880121185,1.9512927845216903,0.6268656716417911,67,7.2835820895522385,0.0,32.44404,0.6622083801608158,0.4299399959832366,0.6306718263453275,0.1940378747351852,0.22072716932856395,0
V11_allz,T2_re250_sl8_tr15,no_filters,1.1647570783705739,-0.17044497447027185,1.5404347376775118,1.762925542129645,0.6176470588235294,68,7.176470588235294,0.0335912928,32.93264,0.7339800654281905,0.24843250596194566,0.5950177794777449,0.13023006968245077,0.20081687515823865,0
V11_allz,T2_re250_sl8_tr15,cap1w,0.8816487255893777,-0.1712040741220624,1.330262536962025,1.5001869617574932,0.5671641791044776,67,7.253731343283582,0.081685684,5.64834,0.4784378224845609,0.27272767036439105,0.5329823155355056,0.09788532444264475,0.1180067508151692,0
V11_allz,T2_re250_sl8_tr15,cap3w,1.1890996382639214,-0.1616481465311438,1.5370756655836255,1.7903147512236017,0.6268656716417911,67,7.2835820895522385,0.0386505,18.8275,0.5938993784648423,0.37342398638259233,0.5875819475029054,0.16193062659077206,0.18672250441160498,0
V11_allz,T2_re250_sl8_tr15,close_seq,2.279005034694853,-0.13542497291808375,2.3282254251372234,2.6100230342847115,0.6666666666666666,60,7.166666666666667,0.029742200400000002,29.15902,0.9052307041681029,0.7210540579265936,1.0772468705183043,0.15449553349157719,0.3672933862898393,0
V11_allz,U2_re300_h20,no_filters,1.2182884393676314,-0.14048461023323522,1.6872056381944331,1.8978626897066466,0.5697674418604651,86,5.674418604651163,0.04263530640000001,41.79932,0.3928243570666845,0.5926548298160077,0.5633832249721402,0.1372576285556224,0.2476526963318879,0
V11_allz,U2_re300_h20,cap1w,1.0067506995816582,-0.12870517478356913,1.4688841243494501,1.6795720646103238,0.5287356321839081,87,5.609195402298851,0.10654596799999998,7.51768,0.36847828712147,0.4664103321673905,0.5776105065385593,0.07469945049199844,0.1836044963625747,0
V11_allz,U2_re300_h20,cap3w,1.3170534067095359,-0.13143871001663243,1.7632332938267339,1.9748748290078657,0.5632183908045977,87,5.609195402298851,0.050441697333333334,24.74042,0.46779011937768167,0.578599948398566,0.6527588798959143,0.1275202419309378,0.24337519079632974,0
V11_allz,U2_re300_h20,close_seq,1.0046171109671858,-0.18092356071546212,1.651051176263926,1.7012258122568427,0.6164383561643836,73,5.698630136986301,0.0360335808,35.32704,1.2115339843239514,-0.09356260171602993,0.96005846339082,0.10681060631215233,-0.07596356600011955,0
V11_mixA,A01_daily_top1,base,0.23490554274188136,-0.18256227310690099,0.8102813152556584,0.7539028357504552,0.48148148148148145,243,1.0,0.24387608400000002,239.0942,0.08768505328641152,0.13535213066562513,0.02127155628113586,0.04080473816483221,0.16177825319687877,0
V11_mixA,A01_daily_top1,no_cost,0.5818915363205031,-0.1497289752994253,1.443863578195547,1.415860311733743,0.4897119341563786,243,1.0,0.0,239.6326,0.23294393255193446,0.283019847501353,0.10918310960055044,0.13038447185382984,0.2616743441016727,0
V11_mixA,A01_daily_top1,no_filters,0.2393419002613948,-0.21916412640199778,0.8043458525028584,0.7679685547388456,0.48559670781893005,243,1.0,0.2434199196,238.64698,0.041789336534165056,0.18962812998686385,0.02127155628113586,0.03841313545009051,0.168637244691477,0
V11_mixA,A01_daily_top1,cap1w,0.0688641975707116,-0.19697347049734404,0.4517132560746769,0.3680529395026739,0.4691358024691358,243,1.0,0.359082252,44.64702,0.012946768581547197,0.055202731992983534,-0.0247231980391881,-0.01064858825219428,0.10775586557434491,0
V11_allz,T2_re400_sl8_tr15,base,0.8253626818628965,-0.2565818070912249,1.4433784297174628,1.32993211719652,0.6206896551724138,58,8.413793103448276,0.02876859,28.2045,1.19676717846604,-0.1690686661034737,1.1672097592869033,-0.06754967898481123,-0.09671974512529857,0
V11_allz,T2_re400_sl8_tr15,no_cost,0.9359145606375303,-0.24661504864006356,1.545049712102318,1.4313294135307548,0.6206896551724138,58,8.413793103448276,0.0,28.2045,1.2683912819625949,-0.14656938772812067,1.2083963502206254,-0.049226472794786424,-0.07799752977887153,0
V11_allz,T2_re400_sl8_tr15,no_filters,1.5792147546164146,-0.2271997555863936,2.105659124729108,1.8780055860946399,0.6363636363636364,55,8.872727272727273,0.0273328992,26.79696,2.104004686550426,-0.1690686661034737,2.0737998391883576,-0.0002401977736979921,-0.1607018803856004,0
V11_allz,T2_re400_sl8_tr15,cap1w,0.6757779737952687,-0.25721848029053074,1.1202577204357138,1.1783175738110065,0.5833333333333334,60,8.116666666666667,0.07349665199999998,5.19102,1.073668785983977,-0.19187770722020336,1.1672391279134993,-0.053853453833459186,-0.18275694894815087,0
V11_allz,T2_re400_sl8_tr15,cap3w,0.8038276791611703,-0.2428679865286414,1.4721527603628681,1.309513876337343,0.6206896551724138,58,8.413793103448276,0.033617577333333336,16.48182,1.182833123251445,-0.17363005905175444,1.1590787604158899,-0.07114680523249917,-0.10054491280969824,0
V11_allz,T2_re400_sl8_tr15,close_seq,-0.3128118158574892,-0.44501435887810015,-0.41216006032045255,-0.5342077349306881,0.47058823529411764,51,8.607843137254902,0.023952952800000003,23.12714,0.23470121888580064,-0.4434376725062017,0.5087639122802579,-0.43216633830471796,-0.19789123639100537,0
V11_allz,U2_re300_h20,base,1.3585062729615776,-0.13731615798380403,1.774395025890433,2.0113567809439186,0.5632183908045977,87,5.609195402298851,0.04306713360000001,42.22268,0.48086467250034604,0.5926548298160077,0.6622045527094844,0.13456149213678104,0.250617579148694,0
V11_allz,U2_re300_h20,no_cost,1.5758070942587867,-0.13188886432308944,1.9279948770717552,2.1931113803692575,0.5747126436781609,87,5.609195402298851,0.0,42.22268,0.5484003405807953,0.6635278530697146,0.7114573834511397,0.16853494561948623,0.2879693878017682,0
V11_mixA,N2_re300,base,1.7304721936506988,-0.1431107339183223,1.9287167332071227,2.267096314825707,0.6025641025641025,78,6.243589743589744,0.03875257440000001,37.99272,0.6542901819453086,0.6505400463901014,0.6857263404687342,0.3029048478239278,0.24319136573868305,0
V11_mixA,N2_re300,no_cost,1.9544980464362554,-0.1389811014977651,2.05500245336103,2.4256769343656135,0.6025641025641025,78,6.243589743589744,0.0,37.99272,0.7225512588361198,0.7151873021372528,0.7303596401867267,0.3376854502469038,0.27641919616998556,0
V11_mixA,N2_re300,no_filters,1.467116732641216,-0.14832009323405793,1.8114211894364998,2.096982444718816,0.6410256410256411,78,6.243589743589744,0.038823770400000006,38.06252,0.898413072852281,0.29956792224069795,0.6857263404687342,0.0341941662108638,0.4151436996590323,0
V11_mixA,N2_re300,cap1w,1.062257866290098,-0.1526346189413771,1.427967813235732,1.7264612692509864,0.6103896103896104,77,6.311688311688312,0.09426306400000001,6.63964,0.5395780376545394,0.3394955084133511,0.601371943230206,-0.030261272072925838,0.3279936962454362,0
V11_mixA,N2_re300,cap3w,1.6876306242724124,-0.14132509152401773,1.8855804031180565,2.2353575473499254,0.6025641025641025,78,6.243589743589744,0.04527622666666667,22.2418,0.641259337154974,0.6375417116780953,0.6772087539329688,0.2957609461577342,0.23668067476204735,0
V11_mixA,N2_re300,close_seq,0.044172088588685154,-0.2611616150716414,0.3941651787348794,0.3444203579239864,0.5362318840579711,69,6.086956521739131,0.033437551200000006,32.77956,0.1904189051995242,-0.12285323760573741,0.08783630954057098,-0.1442076586732105,0.12160550958729299,0
V11_mixA,P2_re300_sl8,base,2.3429026400481368,-0.13445692711363222,2.3109424625447272,2.678645697912563,0.6329113924050633,79,6.1645569620253164,0.039241888800000006,38.47244,0.7747809914113972,0.8835578340230519,0.6857263404687342,0.38560644714825987,0.4311882427084168,0
V11_mixA,P2_re300_sl8,no_cost,2.6203214034777575,-0.12985435373382925,2.4434940120766107,2.8392996188330755,0.6329113924050633,79,6.1645569620253164,0.0,38.47244,0.8479203899430623,0.959132776054981,0.7303596401867267,0.4225240878665055,0.47079153584701383,0
V11_mixB,A01_daily_top1,base,0.16854040590176567,-0.23671504265108134,0.613927716829377,0.6162357180819803,0.4691358024691358,243,1.0,0.2413237584,236.59192,0.038422442463691864,0.1253034970328306,0.06350088903284123,-0.10161436897369902,0.22304681124911685,0
V11_mixB,A01_daily_top1,no_cost,0.4969363929352548,-0.20193459092110833,1.2541602593463508,1.3045292139056495,0.48559670781893005,243,1.0,0.0,238.22546,0.17714202970692128,0.2716701597240174,0.15501292818953005,-0.024187350583535716,0.3281589647428944,0
V11_mixB,A01_daily_top1,no_filters,0.1908543229202777,-0.23138537841046825,0.6681383444626494,0.6690742278167738,0.4691358024691358,243,1.0,0.2418611148,237.11874,0.0582516859320974,0.1253034970328304,0.07775889931921443,-0.0965711810143618,0.2230468112491173,0
V11_mixB,A01_daily_top1,cap1w,-0.004466340247441525,-0.24291623576918053,0.15195309865675738,0.17098867974778187,0.448559670781893,243,1.0,0.35401246000000003,42.6971,-0.03742065601213962,0.034235427936955,0.01152051231520601,-0.14833137739624913,0.15560817952397565,0
V11_mixB,A01_daily_top1,cap3w,0.16854040590176966,-0.23452325054825196,0.6001738155663355,0.6162357180819894,0.4691358024691358,243,1.0,0.238492048,140.28944,0.03842244246369342,0.12530349703283372,0.06350088903284368,-0.10161436897370135,0.2230468112491184,0
V11_mixB,A01_daily_top1,close_seq,-0.022228723032637676,-0.3338714160687678,0.10683321537910868,0.08936729239920534,0.45081967213114754,122,1.0,0.1197557112,117.40756,0.09692663698839077,-0.10862655350240114,0.20056524019520716,-0.17820088026023262,-0.008972197596954556,0
V11_mixB,D01_h5_sl8_t1,base,0.008602724582252641,-0.303265528100946,0.19566182326699028,0.1901468594680763,0.5102040816326531,49,4.979591836734694,0.04722444960000001,46.29848,-0.007987084085622542,0.016723379707797248,-0.05529650004789355,0.14424664649385877,-0.06694989867674372,0
V11_mixB,D01_h5_sl8_t1,no_cost,0.06030163665335464,-0.2941562932226831,0.36537847984524197,0.34600227778926923,0.5306122448979592,49,4.979591836734694,0.0,47.01348,0.01764639020251746,0.04191558763584724,-0.03971009652349444,0.16296362254044805,-0.05057439752051096,0
V11_mixA,T2_re300_mh5_sl8_tr15,base,3.469126116639308,-0.13205036081744526,2.6191902895442865,2.81558832458993,0.6190476190476191,63,7.746031746031746,0.031224158400000007,30.61192,1.5685977847891723,0.7399088884623197,1.4006851264579598,0.35393075492969417,0.3749628214946814,0
V11_mixA,T2_re300_mh5_sl8_tr15,no_cost,3.760842352209978,-0.12833210409861973,2.7123830561148217,2.9223789180855144,0.6190476190476191,63,7.746031746031746,0.0,30.61192,1.6466380307311956,0.7988263967077838,1.4511278672125973,0.3829778633587182,0.40443810628176524,0
V11_mixA,T2_re300_mh5_sl8_tr15,no_filters,3.881961918214839,-0.12861446080526295,2.780948505167405,2.964682049763195,0.6349206349206349,63,7.746031746031746,0.031221486000000003,30.6093,1.8058721641047377,0.7399088884623197,1.622448563569689,0.35393075492969417,0.3749628214946814,0
V11_mixA,T2_re300_mh5_sl8_tr15,cap1w,2.9583330547025093,-0.12697285500215538,2.492754255674525,2.6113897218163378,0.6031746031746031,63,7.746031746031746,0.07671645599999999,5.27556,1.426656091858749,0.6311883121726316,1.307561989253315,0.2992635833483781,0.3202667637977821,0
V11_mixA,T2_re300_mh5_sl8_tr15,cap3w,3.411660060796648,-0.1289466291650727,2.612752797657497,2.7938334067452146,0.6031746031746031,63,7.746031746031746,0.036474212,17.85486,1.5529213356123512,0.7280830393226567,1.3901503968958808,0.3481737942834877,0.3690866332184375,0
V11_mixA,T2_re300_mh5_sl8_tr15,close_seq,0.0915036750694116,-0.30592570705136135,0.4387452720807236,0.4302314455369323,0.5714285714285714,56,7.75,0.0278586888,27.31244,0.7072579728903481,-0.36066857358321736,0.8438568592127331,-0.2919485050632191,-0.1639482601182456,0
V11_mixA,T2_re250_sl8_tr15,base,4.312986246647622,-0.11976481452540366,3.0235977265115332,3.0600223806674567,0.625,64,7.625,0.0317509884,31.12842,1.924273410596515,0.8168568737093018,1.7773634602614505,0.37830718011132647,0.38790568798716585,0
V11_mixA,T2_re250_sl8_tr15,no_cost,4.66486122557413,-0.11656372950130589,3.1202748901579134,3.1663367906030557,0.625,64,7.625,0.0,31.12842,2.0221265801997443,0.8744619311080348,1.8354442618845375,0.4078532946770126,0.41909267787659044,0
V11_mixA,P2_re300_sl8,no_filters,2.3429026400481368,-0.13445692711363222,2.3109424625447272,2.678645697912563,0.6329113924050633,79,6.1645569620253164,0.039241888800000006,38.47244,0.7747809914113972,0.8835578340230519,0.6857263404687342,0.38560644714825987,0.4311882427084168,0
V11_mixA,P2_re300_sl8,cap1w,1.884423006772769,-0.12690805833123864,1.9578642648754536,2.3842833649766306,0.6075949367088608,79,6.1645569620253164,0.096641468,6.78518,0.6489127093979143,0.7492878733562502,0.611780201909728,0.31808388376407337,0.3577195894083749,0
V11_mixA,P2_re300_sl8,cap3w,2.2905373577944634,-0.13504165250180422,2.2491968326724523,2.6470154495431912,0.6329113924050633,79,6.1645569620253164,0.04590746799999999,22.58554,0.760791909832407,0.868782642298521,0.6772087539329688,0.37827346781221727,0.42345685873959904,0
V11_mixA,P2_re300_sl8,close_seq,0.29435135306857907,-0.2073983436109601,0.6829828382724228,0.7702375847399806,0.5753424657534246,73,5.698630136986301,0.0361747692,35.46546,0.059786232685529184,0.2213324849376983,0.08546336587467351,0.3032285384495008,-0.08500982727723472,0
V11_mixA,S2_re300_sl8_tr15,base,2.452223158889988,-0.13445692711363222,2.3810606829020067,2.693959039681055,0.6375,80,6.0875,0.0397480536,38.96868,0.7747809914113972,0.9451544588296525,0.6857263404687342,0.38560644714825987,0.47799135308885976,0
V11_mixA,S2_re300_sl8_tr15,no_cost,2.7424541609535793,-0.12985435373382925,2.5145356554988574,2.8530083186624595,0.6375,80,6.0875,0.0,38.96868,0.8479203899430623,1.0252247777129018,0.7303596401867267,0.4225240878665055,0.5204091818859913,0
V11_mixA,S2_re300_sl8_tr15,no_filters,2.452223158889988,-0.13445692711363222,2.3810606829020067,2.693959039681055,0.6375,80,6.0875,0.0397480536,38.96868,0.7747809914113972,0.9451544588296525,0.6857263404687342,0.38560644714825987,0.47799135308885976,0
V11_mixA,S2_re300_sl8_tr15,cap1w,1.9750653370290037,-0.12690805833123864,2.040117517419661,2.403476457524771,0.6125,80,6.0875,0.09792596,6.8946,0.6489127093979143,0.8042588428561033,0.611780201909728,0.31808388376407337,0.40038561555278807,0
V11_mixA,T2_re250_sl8_tr15,no_filters,4.408104263703525,-0.11887919436429595,3.088482011388642,3.0529768263627903,0.6363636363636364,66,7.393939393939394,0.0327270264,32.08532,2.4481083657415184,0.5684264211169905,2.3170682488881043,0.1747100735168765,0.38790568798716585,0
V11_mixA,T2_re250_sl8_tr15,cap1w,3.7145444417148736,-0.11781673598430764,2.7648501063303708,2.864558665899018,0.609375,64,7.625,0.07823941999999999,5.4767,1.7503947285801904,0.7141337542297488,1.6740650120284237,0.32451535905950557,0.3311002763277786,0
V11_mixA,T2_re250_sl8_tr15,cap3w,4.244350345163166,-0.11471434256019364,3.0317142837439297,3.0385627248880547,0.609375,64,7.625,0.03710089466666667,18.19334,1.9045466993908047,0.8055658551687626,1.765562262500104,0.37242638722037746,0.3817173048831892,0
V11_mixA,T2_re250_sl8_tr15,close_seq,1.0466806558561044,-0.167564668827333,1.427539241632679,1.7124020915251583,0.6101694915254238,59,7.305084745762712,0.029306048400000003,28.73142,1.4522513980586287,-0.16538709796377382,0.7261318759084248,0.11540202378066389,0.06302795152144847,0
V11_mixA,T2_re400_sl8_tr15,base,2.6715296634403556,-0.1390847559636581,2.6358809973341515,2.6267067519774785,0.660377358490566,53,9.18867924528302,0.026231380800000006,25.71704,1.4850467914501508,0.4774489060215368,0.9802757534659505,0.4934329261750725,0.2414683417603527,0
V11_mixA,T2_re400_sl8_tr15,no_cost,2.872041183585441,-0.13556557049973006,2.7274135080187225,2.722881985270693,0.660377358490566,53,9.18867924528302,0.0,25.71704,1.5475779655684567,0.519891142064203,1.0139307789910759,0.5191442933775847,0.26559981312359415,0
V11_mixA,T2_re400_sl8_tr15,no_filters,2.4212249343488095,-0.14177026444741347,2.5005082346973047,2.4661360173927753,0.6545454545454545,55,8.854545454545455,0.0272100912,26.67656,1.6824134893958211,0.27542787414158054,0.9059794077715551,0.44586510060051965,0.2414683417603527,0
V11_mixA,T2_re400_sl8_tr15,cap1w,0.7792034613773187,-0.16966869067754842,1.1158345147198863,1.3266912479840014,0.6078431372549019,51,9.529411764705882,0.06242023999999999,4.3924,0.3214731890176348,0.3463787810178385,0.5833965226443261,0.08353219275970392,0.03703665890612484,0
V11_mixB,D01_h5_sl8_t1,no_filters,0.008602724582252641,-0.303265528100946,0.19566182326699028,0.1901468594680763,0.5102040816326531,49,4.979591836734694,0.04722444960000001,46.29848,-0.007987084085622542,0.016723379707797248,-0.05529650004789355,0.14424664649385877,-0.06694989867674372,0
V11_mixB,D01_h5_sl8_t1,cap1w,-0.024086473971395628,-0.275727298747387,0.19000153762411756,0.08747005748016846,0.5102040816326531,49,4.979591836734694,0.07098456,8.4556,-0.02425811069286643,0.00017590381570364855,-0.06541136411497361,0.13315963983965373,-0.07849065513256859,0
V11_mixB,D01_h5_sl8_t1,cap3w,0.00860272458225153,-0.29543654597296987,0.22685622233499703,0.19014685946807255,0.5102040816326531,49,4.979591836734694,0.04675884,27.5052,-0.007987084085623652,0.016723379707797248,-0.05529650004789477,0.14424664649385988,-0.06694989867674472,0
V11_mixB,D01_h5_sl8_t1,close_seq,0.12424392787035465,-0.2999757160212736,0.6474029961838603,0.4875860792769449,0.5365853658536586,41,4.975609756097561,0.041270628000000004,40.4614,0.2900040628963829,-0.12849582400062765,0.34713856756960193,-0.06987079761349746,-0.10276749049621647,0
V11_mixB,N2_re300,base,1.4176847983647596,-0.10163990575800819,1.8935571814626508,2.1227552788864745,0.5714285714285714,84,5.809523809523809,0.04157673,40.7615,0.3590201431576745,0.7789911433890047,0.3149960280913364,0.7110187690209686,0.07453475055818237,0
V11_mixB,N2_re300,no_cost,1.6323070356051486,-0.095126738213555,2.051415018851503,2.304994436320321,0.5833333333333334,84,5.809523809523809,0.0,40.7615,0.4181904255215081,0.8561026701595276,0.35282108989510097,0.7599123135353982,0.10561812452409525,0
V11_mixB,N2_re300,no_filters,1.4100703895151043,-0.10165619928100733,1.8792200524201332,2.1133774960086154,0.5714285714285714,84,5.809523809523809,0.041562552,40.7476,0.3547399594828131,0.7789911433890047,0.3354256689466082,0.6795368694271235,0.07453475055818237,0
V11_mixB,N2_re300,cap1w,0.8459964090544247,-0.10744219340693206,1.3336924986620855,1.527588942671508,0.5176470588235295,85,5.729411764705882,0.103994768,7.30568,0.2588539295996335,0.4664103321673905,0.2486644394183699,0.2490461983706802,0.1836044963625747,0
V11_mixA,T2_re400_sl8_tr15,cap3w,2.6314734394442576,-0.13784566306352497,2.573240244549765,2.6072553737742137,0.660377358490566,53,9.18867924528302,0.030673426666666666,15.0078,1.471478235374283,0.46935278954390824,0.9729490950574977,0.4883142042883162,0.23672279443930244,0
V11_mixA,T2_re400_sl8_tr15,close_seq,0.20835185258911482,-0.31340721863261967,0.6540551860724784,0.6276391192565509,0.5686274509803921,51,8.607843137254902,0.0251104416,24.61808,0.27658824858785014,-0.05345215740017806,0.4567381801841319,-0.14154068973186817,-0.03374402104146046,0
V11_mixA,U2_re300_h20,base,1.7304721936506988,-0.1431107339183223,1.9287167332071227,2.267096314825707,0.6025641025641025,78,6.243589743589744,0.03875257440000001,37.99272,0.6542901819453086,0.6505400463901014,0.6857263404687342,0.3029048478239278,0.24319136573868305,0
V11_mixA,U2_re300_h20,no_cost,1.9544980464362554,-0.1389811014977651,2.05500245336103,2.4256769343656135,0.6025641025641025,78,6.243589743589744,0.0,37.99272,0.7225512588361198,0.7151873021372528,0.7303596401867267,0.3376854502469038,0.27641919616998556,0
V11_mixA,U2_re300_h20,no_filters,1.467116732641216,-0.14832009323405793,1.8114211894364998,2.096982444718816,0.6410256410256411,78,6.243589743589744,0.038823770400000006,38.06252,0.898413072852281,0.29956792224069795,0.6857263404687342,0.0341941662108638,0.4151436996590323,0
V11_mixA,U2_re300_h20,cap1w,1.062257866290098,-0.1526346189413771,1.427967813235732,1.7264612692509864,0.6103896103896104,77,6.311688311688312,0.09426306400000001,6.63964,0.5395780376545394,0.3394955084133511,0.601371943230206,-0.030261272072925838,0.3279936962454362,0
V11_mixA,U2_re300_h20,cap3w,1.6876306242724124,-0.14132509152401773,1.8855804031180565,2.2353575473499254,0.6025641025641025,78,6.243589743589744,0.04527622666666667,22.2418,0.641259337154974,0.6375417116780953,0.6772087539329688,0.2957609461577342,0.23668067476204735,0
V11_mixA,U2_re300_h20,close_seq,0.044172088588685154,-0.2611616150716414,0.3941651787348794,0.3444203579239864,0.5362318840579711,69,6.086956521739131,0.033437551200000006,32.77956,0.1904189051995242,-0.12285323760573741,0.08783630954057098,-0.1442076586732105,0.12160550958729299,0
V11_mixB,N2_re300,cap3w,1.3762747808616793,-0.10265626170550723,1.8440209523645803,2.085873125398071,0.5714285714285714,84,5.809523809523809,0.048670953333333336,23.8511,0.34742395326799547,0.7635687528771815,0.30745708911605285,0.7009691622665146,0.06849568977617637,0
V11_mixB,N2_re300,close_seq,0.7251410177397619,-0.17723278590829628,1.3611908492861038,1.497461023532383,0.6212121212121212,66,6.424242424242424,0.0324888564,31.85182,1.0057671803012642,-0.13990963922310906,0.8620818727244413,0.1305014527816708,-0.18048915684628064,0
V11_mixB,P2_re300_sl8,base,1.1761659251832985,-0.10572165482435947,1.7416362541295567,1.8045177614587589,0.5632183908045977,87,5.609195402298851,0.0430378188,42.19394,0.3590201431576745,0.6012756956839447,0.4011535899998848,0.32664505858598747,0.1707159038158781,0
V11_mixB,P2_re300_sl8,no_cost,1.3768241922074655,-0.09997843123157668,1.9032035287175573,1.980803312733824,0.5747126436781609,87,5.609195402298851,0.0,42.19394,0.4181904255215081,0.6759556047160884,0.4428598445536822,0.36621670573107146,0.20573903405617866,0
V11_mixB,P2_re300_sl8,no_filters,1.1693121710916805,-0.1057391800930122,1.7286575030370628,1.7964522258867488,0.5632183908045977,87,5.609195402298851,0.043023640800000006,42.18004,0.3547399594828131,0.6012756956839447,0.42292176573218754,0.30223544526832,0.1707159038158781,0
V11_mixB,P2_re300_sl8,cap1w,0.803379973624776,-0.11566314297768032,1.325948157906589,1.424982968728869,0.5287356321839081,87,5.597701149425287,0.106385548,7.45598,0.2588539295996335,0.4325569720375144,0.3268567183890876,0.22707455705589874,0.10762376038394827,0
V11_mixB,P2_re300_sl8,cap3w,1.1376208185629508,-0.10613375617110443,1.6920130906732815,1.7689137838715085,0.5632183908045977,87,5.609195402298851,0.050420360000000004,24.7158,0.34742395326799547,0.5864500652362892,0.3926782485360858,0.318761329811192,0.1638946557108647,0
V11_mixB,P2_re300_sl8,close_seq,1.556797434060901,-0.0836098601965336,2.0422369565500524,2.415403466049893,0.6521739130434783,69,6.101449275362318,0.0339036168,33.23884,1.0057671803012642,0.27472293852014773,0.8895086355513879,0.16370087827247404,0.16280282604431973,0
V11_mixA,S2_re300_sl8_tr15,cap3w,2.397482325414735,-0.13504165250180422,2.3168421228782656,2.6626394292618367,0.6375,80,6.0875,0.04648993333333334,22.873,0.760791909832407,0.9295194999720948,0.6772087539329688,0.37827346781221727,0.46972028963673296,0
V11_mixA,S2_re300_sl8_tr15,close_seq,0.29435135306857907,-0.2073983436109601,0.6829828382724228,0.7702375847399806,0.5753424657534246,73,5.698630136986301,0.0361747692,35.46546,0.059786232685529184,0.2213324849376983,0.08546336587467351,0.3032285384495008,-0.08500982727723472,0
V11_mixA,T2_re300_mh5,base,1.779807388394821,-0.14822628001709215,2.043919135189917,1.9906960963739453,0.576271186440678,59,8.271186440677965,0.029271898800000005,28.69794,1.5685977847891723,0.08222758925371654,1.173987713975864,0.4491166797657382,-0.11762282754942943,0
V11_mixA,T2_re300_mh5,no_cost,1.9503043863345364,-0.14526622354792496,2.1351000601876815,2.088399945271034,0.576271186440678,59,8.271186440677965,0.0,28.69794,1.6466380307311956,0.11473664024976005,1.215304756960109,0.47709843722242007,-0.09837923301991336,0
V11_mixA,T2_re300_mh5,no_filters,2.544677049801205,-0.12553504793624548,2.406483051493175,2.2801283945641955,0.5666666666666667,60,8.133333333333333,0.029746851600000006,29.16358,1.8058721641047377,0.26330668059219775,1.6223860586335204,0.6005636328523618,-0.15548551847876313,0
V11_mixA,T2_re300_mh5,cap1w,1.4833537355032989,-0.1474853180878981,1.9141600952059503,1.8059687728344311,0.5423728813559322,59,8.271186440677965,0.07197337599999999,4.98976,1.426656091858749,0.023364515406516295,1.0985895084181139,0.39752385262591394,-0.15325652313554472,0
V11_mixA,T2_re300_mh5,cap3w,1.7466160909313682,-0.1445144089117908,2.0399565754083846,1.9710495258686604,0.559322033898305,59,8.271186440677965,0.034205364,16.77542,1.5529213356123512,0.07587180717911046,1.1655478123694558,0.44364526578078034,-0.1214435080830727,0
V11_mixA,T2_re300_mh5,close_seq,0.1995061112450367,-0.3679969130479863,0.6425741920667445,0.6201654466595982,0.6041666666666666,48,9.1875,0.023702352,23.2376,0.5686228655708305,-0.23531261874821086,0.7291932011474846,-0.43319397209193744,0.2238395542127667,0
V11_mixB,S2_re300_sl8_tr15,base,1.1761659251832985,-0.10572165482435947,1.7416362541295567,1.8045177614587589,0.5632183908045977,87,5.609195402298851,0.0430378188,42.19394,0.3590201431576745,0.6012756956839447,0.4011535899998848,0.32664505858598747,0.1707159038158781,0
V11_mixB,S2_re300_sl8_tr15,no_cost,1.3768241922074655,-0.09997843123157668,1.9032035287175573,1.980803312733824,0.5747126436781609,87,5.609195402298851,0.0,42.19394,0.4181904255215081,0.6759556047160884,0.4428598445536822,0.36621670573107146,0.20573903405617866,0
V11_mixB,S2_re300_sl8_tr15,no_filters,1.1693121710916805,-0.1057391800930122,1.7286575030370628,1.7964522258867488,0.5632183908045977,87,5.609195402298851,0.043023640800000006,42.18004,0.3547399594828131,0.6012756956839447,0.42292176573218754,0.30223544526832,0.1707159038158781,0
V11_mixB,S2_re300_sl8_tr15,cap1w,0.803379973624776,-0.11566314297768032,1.325948157906589,1.424982968728869,0.5287356321839081,87,5.597701149425287,0.106385548,7.45598,0.2588539295996335,0.4325569720375144,0.3268567183890876,0.22707455705589874,0.10762376038394827,0
V11_mixB,S2_re300_sl8_tr15,cap3w,1.1376208185629508,-0.10613375617110443,1.6920130906732815,1.7689137838715085,0.5632183908045977,87,5.609195402298851,0.050420360000000004,24.7158,0.34742395326799547,0.5864500652362892,0.3926782485360858,0.318761329811192,0.1638946557108647,0
V11_mixB,S2_re300_sl8_tr15,close_seq,1.5735397849743733,-0.0836098601965336,2.034938330505328,2.4568963145738336,0.6571428571428571,70,6.0,0.034401499200000005,33.72696,1.0057671803012642,0.2830700443447418,0.8895086355513879,0.16370087827247404,0.17041705965448517,0
V11_mixB,T2_re300_mh5,base,1.1134277126830132,-0.10926299552837093,1.662224150283158,1.841553121810015,0.5833333333333334,60,8.133333333333333,0.0295907508,29.01054,0.3693908027904804,0.5433342391203224,0.5827914937908447,0.07866550566148622,0.23787530620946806,0
V11_mixB,T2_re300_mh5,no_cost,1.2456517999674945,-0.10602079997512714,1.771510615794319,1.9721345406181465,0.5833333333333334,60,8.133333333333333,0.0,29.01054,0.41308212287563917,0.5891870427159369,0.6148762854831054,0.1008559113012153,0.26320164267838986,0
V11_mixB,T2_re300_mh5,no_filters,1.1134277126830132,-0.10926299552837093,1.662224150283158,1.841553121810015,0.5833333333333334,60,8.133333333333333,0.0295907508,29.01054,0.3693908027904804,0.5433342391203224,0.5827914937908447,0.07866550566148622,0.23787530620946806,0
V11_mixB,T2_re300_mh5,cap1w,0.8859169706906078,-0.1169987928119004,1.3975685468907804,1.5973279248409595,0.5666666666666667,60,8.133333333333333,0.073258596,5.09946,0.2934507901716299,0.4580508087519606,0.5253280907658893,0.04150230838340163,0.1871321407118025,0
V11_mixB,T2_re300_mh5,cap3w,1.0877063689393807,-0.10843192994755602,1.626157579682012,1.815359575092811,0.5833333333333334,60,8.133333333333333,0.03478620000000001,17.061,0.36057499162747986,0.5344294741461673,0.5759296338304527,0.07462942367116909,0.23274675080759266,0
V11_mixB,T2_re300_mh5,close_seq,0.6400232550936877,-0.15978080899409208,1.1960833177449655,1.2474004980977227,0.5636363636363636,55,7.909090909090909,0.027229348800000004,26.69544,0.33011408211052484,0.23299443044120083,0.920260185764092,-0.1302107724333459,-0.01808045601883357,1
V11_mixB,T2_re300_mh5_sl8_tr15,base,1.8235232944991773,-0.12491347560757693,2.0870508815998927,1.9626794275499893,0.625,64,7.625,0.03157869,30.9595,0.585378648886939,0.7809772425543351,0.6377163126750287,0.08369513914027094,0.5909098649387088,0
V11_mixB,T2_re300_mh5_sl8_tr15,no_cost,2.0119341608921526,-0.12096962958628354,2.187632674485008,2.0664151506483717,0.625,64,7.625,0.0,30.9595,0.6341134011793235,0.8431610429964465,0.672582116997088,0.10711251356104712,0.6265456838815036,0
V11_mixB,T2_re300_mh5_sl8_tr15,no_filters,1.751964816025552,-0.12644294061597183,2.0322037205097825,1.9167998677723894,0.6153846153846154,65,7.507692307692308,0.032077062,31.4481,0.7116225667964766,0.6078105473779827,0.6377163126750287,0.08627643349064296,0.5469057170091198,0
V11_mixB,T2_re300_mh5_sl8_tr15,cap1w,0.8923869330595149,-0.157585849986549,1.3353337377506627,1.5239775158099298,0.5873015873015873,63,7.73015873015873,0.076691132,5.26582,0.5004449366949228,0.2612171808369961,0.5770161394357145,0.04062129742163534,0.15313749210931138,0
V11_mixB,T2_re300_mh5_sl8_tr15,cap3w,1.786085226370059,-0.11641278995132565,2.0428697148833206,1.9413327691607227,0.625,64,7.625,0.037017521333333345,18.09714,0.5755257247013619,0.76835273628944,0.6304263908266681,0.07918368716004998,0.5834262084720718,0
V11_mixB,T2_re300_mh5_sl8_tr15,close_seq,0.7671387224472612,-0.1694153837281377,1.3483827669832689,1.4046339334959146,0.5535714285714286,56,7.75,0.027683677200000003,27.14086,0.4786769985734074,0.19508095693119887,0.920260185764092,-0.10493742551651097,0.02815162864000076,1
V11_mixB,T2_re250_sl8_tr15,base,1.1716494355823603,-0.16916213850666906,1.5302852355363605,1.7823777220748769,0.6323529411764706,68,7.176470588235294,0.033585886800000006,32.92734,0.5901685102370122,0.36567251936002587,0.5792088743122146,0.16765842894610472,0.17769905038336353,0
V11_mixB,T2_re250_sl8_tr15,no_cost,1.3264025721771646,-0.16292126638764526,1.6364614042874521,1.9179825987463357,0.6470588235294118,68,7.176470588235294,0.0,32.92734,0.6457461055744897,0.4135853424153022,0.6145218852874648,0.1940378747351852,0.20676534574756356,0
V11_mixB,T2_re250_sl8_tr15,no_filters,1.1166118413499575,-0.17105499466511775,1.482618973267974,1.726634968796247,0.6231884057971014,69,7.072463768115942,0.0340842588,33.41594,0.716793845458749,0.2328864335976073,0.6108899568846127,0.10770292534088255,0.18618395411406952,0
V11_mixB,T2_re250_sl8_tr15,cap1w,1.012616700337654,-0.1663106050241847,1.4264095355480777,1.6263554503957174,0.6029411764705882,68,7.147058823529412,0.08278510799999998,5.68658,0.6055624868773493,0.2535274813576287,0.5174636076797505,0.20448109619193122,0.10114065964238783,0
V11_mixB,T2_re250_sl8_tr15,cap3w,1.1399232219154536,-0.16225207567892297,1.4763182192082491,1.7535257881627475,0.6323529411764706,68,7.176470588235294,0.03922190666666666,19.1022,0.5781096442194686,0.3560041469576445,0.5718547959759583,0.16193062659077206,0.17167069544817593,0
V11_mixB,T2_re250_sl8_tr15,close_seq,1.9564464721808106,-0.1935952526971645,2.010442686964754,2.391893654183336,0.6101694915254238,59,7.305084745762712,0.029279814,28.7057,0.7204829262569712,0.7183817561112116,0.9639343813425416,0.1563210580365897,0.3018609863585484,1
V11_mixB,T2_re400_sl8_tr15,base,0.22429586680173075,-0.2907167124865927,0.7207113929936834,0.6419788906028294,0.5454545454545454,55,8.872727272727273,0.027250891200000002,26.71656,0.4498578917750833,-0.1555752644813989,0.6452244627445549,-0.021062302505197583,-0.2398379714030353,0
V11_mixB,T2_re400_sl8_tr15,no_cost,0.29486282448767875,-0.2797672858767607,0.813941830290887,0.7404368360671386,0.5454545454545454,55,8.872727272727273,0.0,26.71656,0.49454986665072265,-0.1336101568899417,0.675132581454432,-0.0028834619694650954,-0.22477341575570464,0
V11_mixB,T2_re400_sl8_tr15,no_filters,0.193267700821814,-0.2993416988578492,0.6763499069537626,0.5966665306856266,0.5357142857142857,56,8.714285714285714,0.0277492632,27.20516,0.5653102733233362,-0.23767976154122583,0.6452244627445549,-0.11345601388797055,-0.18188861038721205,0
V11_mixB,T2_re400_sl8_tr15,cap1w,0.12695234553507206,-0.28894609280714145,0.3328315759004267,0.4976898136135978,0.5087719298245614,57,8.543859649122806,0.069579944,4.83844,0.37009755469646044,-0.17746561792474436,0.6157946769555864,-0.05173998068233887,-0.26448431498651936,0
V11_mixB,T2_re400_sl8_tr15,cap3w,0.21059330598868642,-0.27886709197607884,0.7137680388253844,0.6222224411613526,0.5454545454545454,55,8.872727272727273,0.031891189333333333,15.64368,0.44127668155872257,-0.16005488642233112,0.6393855575742999,-0.024615671257135707,-0.242920668892754,0
V11_mixB,T2_re400_sl8_tr15,close_seq,-0.06322887713427627,-0.4055748590567405,0.19253743903552745,0.12717505613741575,0.5576923076923077,52,8.423076923076923,0.0247642588,24.21944,0.33295247156291974,-0.29722091158483954,0.4771629977454559,-0.4630339116630303,0.18102261899634176,0
V11_mixB,U2_re300_h20,base,1.5602353983871535,-0.0996420655271576,1.9938881656210248,2.2433602799541004,0.5862068965517241,87,5.609195402298851,0.043067725200000004,42.22326,0.4391501654751728,0.7789911433890047,0.37207062914034417,0.49203462287266375,0.250617579148694,0
V11_mixB,U2_re300_h20,no_cost,1.7959305399583871,-0.0931976871045167,2.1575373539988942,2.4318661714694696,0.5977011494252874,87,5.609195402298851,0.0,42.22326,0.5063447647096397,0.8561026701595276,0.41293235154322594,0.536382910672313,0.2879693878017682,0
V11_mixB,U2_re300_h20,no_filters,1.5521720316952394,-0.0996577247630146,1.9790144355914627,2.2337953181847108,0.5862068965517241,87,5.609195402298851,0.0430535472,42.20936,0.43461761525878817,0.7789911433890047,0.3933869750323469,0.46458192332414083,0.250617579148694,0
V11_mixB,U2_re300_h20,cap1w,0.9449324673685688,-0.10535731669389348,1.4326508714801283,1.6359841266994626,0.5340909090909091,88,5.534090909090909,0.10770212400000001,7.57774,0.3263221246497283,0.4664103321673905,0.3008973587619672,0.2683742251392307,0.1787293194120354,0
V11_mixB,U2_re300_h20,cap3w,1.5151143407077656,-0.10046297733375542,1.9529042780524843,2.205420599903557,0.5862068965517241,87,5.609195402298851,0.05044769466666667,24.74734,0.4261504330945258,0.7635687528771815,0.3640635206459093,0.4829309904948236,0.24337519079632974,0
V11_mixB,U2_re300_h20,close_seq,0.63859108616626,-0.1806501991514371,1.251333187984867,1.3855653092706883,0.6176470588235294,68,6.205882352941177,0.0335007372,32.84386,0.9051382981273914,-0.13990963922310906,0.7397613792145215,-0.028042532126142494,-0.03097799059655315,0
V11_mixC,A01_daily_top1,base,0.003102470351850961,-0.25366841725969036,0.1581662777450928,0.1866941157588857,0.4609053497942387,243,1.0,0.23196279000000003,227.4145,-0.03030454907567348,0.034451042743038895,-0.026700454293310916,-0.13471470787120632,0.19107595546008804,0
V11_mixC,A01_daily_top1,no_cost,0.28515034710547216,-0.19999666561077722,0.8771855706002594,0.8968794496665566,0.48148148148148145,243,1.0,0.0,238.593,0.09928854799928799,0.1690746250786046,0.057118672875912546,-0.060114716539045876,0.29346697303404823,0
V11_mixC,A01_daily_top1,no_filters,0.02225725966974701,-0.23858703369665835,0.2067666828136716,0.24082201188037397,0.4609053497942387,243,1.0,0.23406688679999998,229.47734,-0.011787685032399797,0.034451042743039784,-0.013651744059481885,-0.12985733235678487,0.19107595546008982,0
V11_mixC,A01_daily_top1,cap1w,-0.1627062030033165,-0.3250906296767223,-0.38664671055991884,-0.3318097208804107,0.44214876033057854,242,1.0,0.344435736,39.39836,-0.10119665550903345,-0.06843493392775324,-0.0655015262952745,-0.16940375305349875,0.07872144596052943,0
V11_mixC,A01_daily_top1,cap3w,0.0031024703518518493,-0.25136119719893235,0.13067640071897213,0.1866941157588907,0.4609053497942387,243,1.0,0.22881064999999998,134.5945,-0.03030454907567337,0.03445104274304045,-0.026700454293309805,-0.13471470787120798,0.1910759554600916,0
V11_mixC,A01_daily_top1,close_seq,-0.027509274839423004,-0.3375644644126884,0.09155467333108858,0.07206334048409406,0.4426229508196721,122,1.0,0.11961362519999999,117.26826,0.09100257471400486,-0.10862655350240169,0.20056524019520716,-0.18263908879507096,-0.008972197596955556,0
V11_mixC,D01_h5_sl8_t1,base,0.09754512131920268,-0.29240947661014327,0.49104121456973265,0.457604732089017,0.5306122448979592,49,4.979591836734694,0.04872395160000001,47.76858,0.07949236067988741,0.01672337970779636,-0.001350967353493604,0.17788945442685633,-0.0669498986767445,0
V11_mixC,D01_h5_sl8_t1,no_cost,0.1537263828718476,-0.2803504380475592,0.6383557003545951,0.6179518171330783,0.5510204081632653,49,4.979591836734694,0.0,47.87562,0.10731271953585342,0.041915587635847684,0.015080765870627122,0.19712992317010802,-0.05057439752051063,0
V11_mixC,D01_h5_sl8_t1,no_filters,0.09754512131920268,-0.29240947661014327,0.49104121456973265,0.457604732089017,0.5306122448979592,49,4.979591836734694,0.04872395160000001,47.76858,0.07949236067988741,0.01672337970779636,-0.001350967353493604,0.17788945442685633,-0.0669498986767445,0
V11_mixC,D01_h5_sl8_t1,cap1w,0.06341117584468514,-0.2663569789543492,0.4453745892462597,0.35616224898627913,0.5102040816326531,49,4.979591836734694,0.071521408,8.66208,0.062413865056797135,0.0009387215478731115,-0.011545555814269526,0.16657782032758695,-0.07778783509267062,0
V11_mixC,D01_h5_sl8_t1,cap3w,0.09754512131920356,-0.2841343496281865,0.5139936831366446,0.4576047320890195,0.5306122448979592,49,4.979591836734694,0.048102452,28.29556,0.07949236067988696,0.01672337970779747,-0.001350967353493826,0.177889454426857,-0.06694989867674395,0
V11_mixC,D01_h5_sl8_t1,close_seq,0.12247198001661963,-0.2930306070118146,0.643960918611692,0.4839642627281628,0.5121951219512195,41,4.975609756097561,0.041268690000000004,40.4595,0.3038497304207002,-0.13910939748061113,0.34713856756960193,-0.05988768200842953,-0.11369439530115133,0
V11_mixC,N2_re300,base,2.1092238686637357,-0.0933945168521031,2.3155985434984627,2.6766680331497144,0.5952380952380952,84,5.809523809523809,0.0415497612,40.73506,0.7477455580473655,0.7789911433890047,0.6911290671575527,0.7110187690209686,0.07453475055818237,0
V11_mixC,N2_re300,no_cost,2.3845925173469213,-0.08754916153166192,2.467376588516653,2.859926824481064,0.6071428571428571,84,5.809523809523809,0.0,40.73506,0.8234942343227301,0.8561026701595276,0.7394430346593086,0.7599123135353982,0.10561812452409525,0
V11_mixC,N2_re300,no_filters,1.8705673550485709,-0.0958559764851874,2.197692471458234,2.5216505707375667,0.5903614457831325,83,5.879518072289157,0.041123033999999996,40.3167,0.613592830810892,0.7789911433890047,0.5905881201848644,0.4430636200329394,0.250617579148694,0
V11_mixC,N2_re300,cap1w,1.3759555287279746,-0.09861105469876041,1.7711414698874768,2.0667475339858936,0.5411764705882353,85,5.729411764705882,0.104035692,7.32142,0.6202528559767115,0.4664103321673905,0.6071381091590327,0.2490461983706802,0.1836044963625747,0
V11_mixC,N2_re300,cap3w,2.056521395155157,-0.0943493258859518,2.266511860702961,2.6399078438975008,0.5952380952380952,84,5.809523809523809,0.048713732,23.90046,0.7331455834475311,0.7635687528771815,0.6817375660071505,0.7009691622665146,0.06849568977617637,0
V11_mixC,N2_re300,close_seq,1.1105004367401885,-0.17771899181765016,1.7531036401775635,1.8006334799325172,0.6197183098591549,71,5.887323943661972,0.0350217,34.335,1.3283466025736579,-0.09356260171602993,1.1615529681868408,0.056648324383477,-0.07596356600011955,0
V11_mixC,P2_re300_sl8,base,1.1940138996347307,-0.10519829987587681,1.7326922743091953,1.804299760907083,0.5568181818181818,88,5.545454545454546,0.0435994512,42.74456,0.37016624029731027,0.6012756956839447,0.3257810584245038,0.5526435943994414,0.06584926189290652,0
V11_mixC,P2_re300_sl8,no_cost,1.3987543793373036,-0.09945359880993254,1.8917435990477884,1.9802884643676195,0.5681818181818182,88,5.545454545454546,0.0,42.74456,0.43127560932239595,0.6759556047160884,0.36530313200484477,0.5987623345891393,0.09893697509549204,0
V11_mixC,P2_re300_sl8,no_filters,1.1871039340077183,-0.10521565204873706,1.7204309216151736,1.796371692337684,0.5568181818181818,88,5.545454545454546,0.0435852732,42.73066,0.3658509524017677,0.6012756956839447,0.34637825438383074,0.5240757197338248,0.06584926189290652,0
V11_mixC,P2_re300_sl8,cap1w,0.8184763313620909,-0.11424008842283673,1.3629900335269751,1.4299390172361632,0.5227272727272727,88,5.534090909090909,0.10774731200000001,7.59512,0.26939198011488963,0.4325569720375144,0.2591171922197846,0.4349576987064008,0.006473629000067538,0
V11_mixC,P2_re300_sl8,cap3w,1.1553112356578907,-0.10535142723410318,1.6944688618592674,1.7692868899143246,0.5568181818181818,88,5.545454545454546,0.05108614666666667,25.0994,0.35857489806139786,0.5864500652362892,0.3182772781034273,0.5432270436374178,0.05943276687545174,0
V11_mixC,P2_re300_sl8,close_seq,2.383447487404783,-0.08515928657911531,2.5637963269753934,2.887717003389571,0.6285714285714286,70,5.985714285714286,0.0345892404,33.91102,1.425275771334495,0.3950774288826797,1.3635843869473434,0.17713710790802262,0.2160775676933797,0
V11_mixC,S2_re300_sl8_tr15,base,1.1940138996347307,-0.10519829987587681,1.7326922743091953,1.804299760907083,0.5568181818181818,88,5.545454545454546,0.0435994512,42.74456,0.37016624029731027,0.6012756956839447,0.3257810584245038,0.5526435943994414,0.06584926189290652,0
V11_mixC,S2_re300_sl8_tr15,no_cost,1.3987543793373036,-0.09945359880993254,1.8917435990477884,1.9802884643676195,0.5681818181818182,88,5.545454545454546,0.0,42.74456,0.43127560932239595,0.6759556047160884,0.36530313200484477,0.5987623345891393,0.09893697509549204,0
V11_mixC,S2_re300_sl8_tr15,no_filters,1.1871039340077183,-0.10521565204873706,1.7204309216151736,1.796371692337684,0.5568181818181818,88,5.545454545454546,0.0435852732,42.73066,0.3658509524017677,0.6012756956839447,0.34637825438383074,0.5240757197338248,0.06584926189290652,0
V11_mixC,S2_re300_sl8_tr15,cap1w,0.8184763313620909,-0.11424008842283673,1.3629900335269751,1.4299390172361632,0.5227272727272727,88,5.534090909090909,0.10774731200000001,7.59512,0.26939198011488963,0.4325569720375144,0.2591171922197846,0.4349576987064008,0.006473629000067538,0
V11_mixC,S2_re300_sl8_tr15,cap3w,1.1553112356578907,-0.10535142723410318,1.6944688618592674,1.7692868899143246,0.5568181818181818,88,5.545454545454546,0.05108614666666667,25.0994,0.35857489806139786,0.5864500652362892,0.3182772781034273,0.5432270436374178,0.05943276687545174,0
V11_mixC,S2_re300_sl8_tr15,close_seq,2.2484206236974233,-0.08515928657911531,2.4883542746931884,2.7875539859897307,0.6142857142857143,70,5.985714285714286,0.034593748800000004,33.91544,1.425275771334495,0.3394025793239992,1.3635843869473434,0.17713710790802262,0.16754625736514916,0
V11_mixC,T2_re300_mh5,base,1.6843637757875123,-0.10604395107516218,2.1069783700818308,2.338761108772055,0.5737704918032787,61,8.0,0.030048404400000003,29.45922,0.9690570822538278,0.3632737212041244,0.6603939424602545,0.5565876764903734,0.03861990487703304,0
V11_mixC,T2_re300_mh5,no_cost,1.854705200924387,-0.10112078389021317,2.217484867886998,2.470241903233389,0.5737704918032787,61,8.0,0.0,29.45922,1.0354716737703153,0.4024784710644489,0.6939920861353712,0.5881599477133124,0.0610983762525954,0
V11_mixC,T2_re300_mh5,no_filters,0.5624174684286292,-0.251317318649118,1.1986139241508367,1.1164606609611245,0.5737704918032787,61,8.0,0.030078800400000005,29.48902,1.0797193106865715,-0.24873637495204448,0.6603939424602545,0.5430761640968222,-0.3901843259285519,0
V11_mixC,T2_re300_mh5,cap1w,1.3871395295398692,-0.10116756005755101,1.9162544209260413,2.0882042473745845,0.5409836065573771,61,8.0,0.07430347199999998,5.11672,0.8493495337480637,0.29079954112399253,0.6010371461236907,0.49831803895202587,-0.004887027031461488,0
V11_mixC,T2_re300_mh5,cap3w,1.6506855981371555,-0.10444653670513693,2.0878299683320103,2.311921435703683,0.5737704918032787,61,8.0,0.03529603866666666,17.26466,0.9553350186486986,0.35561710543546843,0.6531873083182775,0.5504822484454139,0.03411623803062014,0
V11_mixC,T2_re300_mh5,close_seq,0.7332678593631299,-0.15673703776963455,1.3387333198943234,1.3596062405652214,0.5818181818181818,55,7.909090909090909,0.027242466000000003,26.7083,0.4057385958693396,0.23299443044120083,1.029437845629476,-0.1302107724333459,-0.01808045601883357,0
V11_mixC,T2_re300_mh5_sl8_tr15,base,1.9578916348122908,-0.11797893241833124,2.2346428820422912,2.055539098894561,0.6307692307692307,65,7.507692307692308,0.0320648016,31.43608,0.8631300919409015,0.5875926472374942,0.7300193895165601,0.24883325589516514,0.3690737175581289,0
V11_mixC,T2_re300_mh5_sl8_tr15,no_cost,2.158366615756529,-0.11426636818395375,2.3403993494399566,2.162214127496163,0.6307692307692307,65,7.507692307692308,0.0,31.43608,0.9240893731509094,0.6414864401981244,0.7667786955301799,0.2756815966602155,0.4013225039253805,0
V11_mixC,T2_re300_mh5_sl8_tr15,no_filters,1.8829277677567604,-0.1193685629228971,2.1778692357222664,2.0086211758658465,0.6212121212121212,66,7.393939393939394,0.0325631736,31.92468,1.0114913951203732,0.4332289836040968,0.8170161368504589,0.15061603910398413,0.37893740785314867,0
V11_mixC,T2_re300_mh5_sl8_tr15,cap1w,1.216568258209744,-0.149174367258204,1.6376686283661694,1.8418889101848126,0.6,65,7.492307692307692,0.07915804,5.4454,0.7574833992815881,0.2612171808369961,0.6662387304166102,0.20072918474677337,0.10789555004813467,0
V11_mixC,T2_re300_mh5_sl8_tr15,cap3w,1.9179215311423872,-0.11004664765757055,2.1880141998626326,2.0335025486097678,0.6307692307692307,65,7.507692307692308,0.037576084,18.35702,0.85069698428893,0.5766608774496393,0.7222893947837912,0.2436112429378281,0.3623316351296184,0
V11_mixC,T2_re300_mh5_sl8_tr15,close_seq,0.7174031573163888,-0.16618807706209615,1.3488092111353653,1.337947277074957,0.5454545454545454,55,7.909090909090909,0.0272058888,26.67244,0.5627481549707769,0.09896348420165246,1.029437845629476,-0.10493742551651097,-0.05454012170083711,0
V11_mixC,T2_re250_sl8_tr15,base,1.2210465781095023,-0.16856380159697693,1.5893824985391707,1.8185457726760008,0.6268656716417911,67,7.2835820895522385,0.033092920799999995,32.44404,0.606087128466978,0.38289295689051883,0.5950177794777449,0.16765842894610472,0.1925492378473035,0
V11_mixC,T2_re250_sl8_tr15,no_cost,1.3768582444504593,-0.16235304375626702,1.6956316880121185,1.9512927845216903,0.6268656716417911,67,7.2835820895522385,0.0,32.44404,0.6622083801608158,0.4299399959832366,0.6306718263453275,0.1940378747351852,0.22072716932856395,0
V11_mixC,T2_re250_sl8_tr15,no_filters,1.1647570783705739,-0.17044497447027185,1.5404347376775118,1.762925542129645,0.6176470588235294,68,7.176470588235294,0.0335912928,32.93264,0.7339800654281905,0.24843250596194566,0.5950177794777449,0.13023006968245077,0.20081687515823865,0
V11_mixC,T2_re250_sl8_tr15,cap1w,0.8816487255893777,-0.1712040741220624,1.330262536962025,1.5001869617574932,0.5671641791044776,67,7.253731343283582,0.081685684,5.64834,0.4784378224845609,0.27272767036439105,0.5329823155355056,0.09788532444264475,0.1180067508151692,0
V11_mixC,T2_re250_sl8_tr15,cap3w,1.1890996382639214,-0.1616481465311438,1.5370756655836255,1.7903147512236017,0.6268656716417911,67,7.2835820895522385,0.0386505,18.8275,0.5938993784648423,0.37342398638259233,0.5875819475029054,0.16193062659077206,0.18672250441160498,0
V11_mixC,T2_re250_sl8_tr15,close_seq,2.279005034694853,-0.13542497291808375,2.3282254251372234,2.6100230342847115,0.6666666666666666,60,7.166666666666667,0.029742200400000002,29.15902,0.9052307041681029,0.7210540579265936,1.0772468705183043,0.15449553349157719,0.3672933862898393,0
V11_mixC,T2_re400_sl8_tr15,base,0.8253626818628965,-0.2565818070912249,1.4433784297174628,1.32993211719652,0.6206896551724138,58,8.413793103448276,0.02876859,28.2045,1.19676717846604,-0.1690686661034737,1.1672097592869033,-0.06754967898481123,-0.09671974512529857,0
V11_mixC,T2_re400_sl8_tr15,no_cost,0.9359145606375303,-0.24661504864006356,1.545049712102318,1.4313294135307548,0.6206896551724138,58,8.413793103448276,0.0,28.2045,1.2683912819625949,-0.14656938772812067,1.2083963502206254,-0.049226472794786424,-0.07799752977887153,0
V11_mixC,T2_re400_sl8_tr15,no_filters,1.5792147546164146,-0.2271997555863936,2.105659124729108,1.8780055860946399,0.6363636363636364,55,8.872727272727273,0.0273328992,26.79696,2.104004686550426,-0.1690686661034737,2.0737998391883576,-0.0002401977736979921,-0.1607018803856004,0
V11_mixC,T2_re400_sl8_tr15,cap1w,0.6757779737952687,-0.25721848029053074,1.1202577204357138,1.1783175738110065,0.5833333333333334,60,8.116666666666667,0.07349665199999998,5.19102,1.073668785983977,-0.19187770722020336,1.1672391279134993,-0.053853453833459186,-0.18275694894815087,0
V11_ensw2,A01_daily_top1,base,0.056023693137064345,-0.3384353453086092,0.4645019311193864,0.3462384106072199,0.5020576131687243,243,1.0,0.2429640204,238.20002,0.09427938448464412,-0.03495971128579445,0.1230482528783996,-0.06922256586042641,0.010251258196544821,0
V11_ensw2,A01_daily_top1,no_cost,0.3529375221040476,-0.2414261076083578,1.095018347181528,0.8954909151273448,0.5102880658436214,243,1.0,0.0,239.56546,0.24043357507123098,0.09069727657634297,0.21963706944999917,0.010986072695812421,0.09724081235404491,0
V11_ensw2,A01_daily_top1,no_filters,0.056023693137064345,-0.3384353453086092,0.4645019311193864,0.3462384106072199,0.5020576131687243,243,1.0,0.2429640204,238.20002,0.09427938448464412,-0.03495971128579445,0.1230482528783996,-0.06922256586042641,0.010251258196544821,0
V11_ensw2,A01_daily_top1,cap1w,-0.09534766721313404,-0.37293194619209713,-0.04086585979693934,0.0031139355869904007,0.48559670781893005,243,1.0,0.35525187999999996,43.1738,0.016994358162619738,-0.11046474788583782,0.07016146993355088,-0.11292746213224802,-0.047043092602809145,0
V11_ensw2,A01_daily_top1,cap3w,0.056023693137066344,-0.33412785973140235,0.45846233384410795,0.34623841060722643,0.5020576131687243,243,1.0,0.24083869399999996,141.66982,0.09427938448464634,-0.034959711285793005,0.12304825287840027,-0.06922256586042297,0.010251258196545487,0
V11_ensw2,A01_daily_top1,close_seq,1.145807160897419,-0.17355091745283835,2.2508975623140466,1.9841285936401374,0.5163934426229508,122,1.0,0.1228196688,120.41144,0.5303304910182722,0.4021854582990194,0.5355127640414434,0.1604375464305785,0.2042467619760926,0
V11_ensw2,D01_h5_sl8_t1,base,2.7291935008038535,-0.11947250632158257,3.0036218968123007,2.25012165135205,0.62,50,4.88,0.0502630704,49.27752,1.24444133166599,0.6615241611308995,0.112583087697951,1.3718459430442684,0.4131751355439959,0
V11_ensw2,D01_h5_sl8_t1,no_cost,2.9208546143834226,-0.1169418600375094,3.1006278289204734,2.324771541201728,0.62,50,4.88,0.0,49.2887,1.3011431971999485,0.7038725009179592,0.1307960868750102,1.4094895850808813,0.4390351048637102,0
V11_mixC,T2_re400_sl8_tr15,cap3w,0.8038276791611703,-0.2428679865286414,1.4721527603628681,1.309513876337343,0.6206896551724138,58,8.413793103448276,0.033617577333333336,16.48182,1.182833123251445,-0.17363005905175444,1.1590787604158899,-0.07114680523249917,-0.10054491280969824,0
V11_mixC,T2_re400_sl8_tr15,close_seq,-0.3128118158574892,-0.44501435887810015,-0.41216006032045255,-0.5342077349306881,0.47058823529411764,51,8.607843137254902,0.023952952800000003,23.12714,0.23470121888580064,-0.4434376725062017,0.5087639122802579,-0.43216633830471796,-0.19789123639100537,0
V11_mixC,U2_re300_h20,base,1.3585062729615776,-0.13731615798380403,1.774395025890433,2.0113567809439186,0.5632183908045977,87,5.609195402298851,0.04306713360000001,42.22268,0.48086467250034604,0.5926548298160077,0.6622045527094844,0.13456149213678104,0.250617579148694,0
V11_mixC,U2_re300_h20,no_cost,1.5758070942587867,-0.13188886432308944,1.9279948770717552,2.1931113803692575,0.5747126436781609,87,5.609195402298851,0.0,42.22268,0.5484003405807953,0.6635278530697146,0.7114573834511397,0.16853494561948623,0.2879693878017682,0
V11_mixC,U2_re300_h20,no_filters,1.2182884393676314,-0.14048461023323522,1.6872056381944331,1.8978626897066466,0.5697674418604651,86,5.674418604651163,0.04263530640000001,41.79932,0.3928243570666845,0.5926548298160077,0.5633832249721402,0.1372576285556224,0.2476526963318879,0
V11_mixC,U2_re300_h20,cap1w,1.0067506995816582,-0.12870517478356913,1.4688841243494501,1.6795720646103238,0.5287356321839081,87,5.609195402298851,0.10654596799999998,7.51768,0.36847828712147,0.4664103321673905,0.5776105065385593,0.07469945049199844,0.1836044963625747,0
V11_mixC,U2_re300_h20,cap3w,1.3170534067095359,-0.13143871001663243,1.7632332938267339,1.9748748290078657,0.5632183908045977,87,5.609195402298851,0.050441697333333334,24.74042,0.46779011937768167,0.578599948398566,0.6527588798959143,0.1275202419309378,0.24337519079632974,0
V11_mixC,U2_re300_h20,close_seq,1.0046171109671858,-0.18092356071546212,1.651051176263926,1.7012258122568427,0.6164383561643836,73,5.698630136986301,0.0360335808,35.32704,1.2115339843239514,-0.09356260171602993,0.96005846339082,0.10681060631215233,-0.07596356600011955,0
V11_ensw2,D01_h5_sl8_t1,no_filters,2.7291935008038535,-0.11947250632158257,3.0036218968123007,2.25012165135205,0.62,50,4.88,0.0502630704,49.27752,1.24444133166599,0.6615241611308995,0.112583087697951,1.3718459430442684,0.4131751355439959,0
V11_ensw2,D01_h5_sl8_t1,cap1w,2.6246567238185734,-0.11665136109948504,2.996796409909305,2.2078446529885136,0.62,50,4.88,0.074240996,9.32346,1.2123894039659087,0.6383448218116794,0.10203140373072017,1.3506986097012184,0.39918764534783624,0
V11_ensw2,D01_h5_sl8_t1,cap3w,2.7291935008038557,-0.12040503359647181,3.0126488434924186,2.2501216513520506,0.62,50,4.88,0.04986219,29.3307,1.2444413316659908,0.6615241611308988,0.11258308769795144,1.371845943044268,0.41317513554399543,0
V11_ensw2,D01_h5_sl8_t1,close_seq,0.10772382462200958,-0.3484385566466226,0.7381303746931244,0.4569145508486431,0.46511627906976744,43,4.6976744186046515,0.0432977556,42.44878,1.023643005649813,-0.45260907110129955,0.907638641673314,-0.2032809346368386,-0.2711633965087086,0
V11_ensw2,N2_re300,base,3.2785997632619077,-0.1195368066849497,2.539180477371085,2.440090753289105,0.6,80,6.0875,0.0396310596,38.85398,1.7252620363525062,0.5699773842622451,0.2986050209273372,1.3923267951446832,0.37722240883256397,0
V11_ensw2,N2_re300,no_cost,3.637791542455635,-0.11647342183386544,2.6525870149301882,2.5581894252201396,0.6,80,6.0875,0.0,38.85398,1.857141064079931,0.6232280585519903,0.3332622471892024,1.4551783158469096,0.4168132272943472,0
V11_ensw2,N2_re300,no_filters,3.2785997632619077,-0.1195368066849497,2.539180477371085,2.440090753289105,0.6,80,6.0875,0.0396310596,38.85398,1.7252620363525062,0.5699773842622451,0.2986050209273372,1.3923267951446832,0.37722240883256397,0
V11_ensw2,N2_re300,cap1w,2.7047889527151376,-0.1053583002966304,2.4582453196343743,2.2287277795646276,0.575,80,6.0875,0.09816344399999999,6.98594,1.503584737153199,0.479793712485967,0.240066539473474,1.281963495046449,0.309211438802772,0
V11_ensw2,T2_re300_mh5,no_filters,1.3520971711374248,-0.2042378778372499,1.6798860970391725,1.6712686902594989,0.5833333333333334,60,8.133333333333333,0.029694566400000007,29.11232,0.5272524360442048,0.540084085398274,0.3291944489512688,0.8955094882836865,-0.06644313268260393,0
V11_ensw2,T2_re300_mh5,cap1w,1.1102860548741593,-0.2030633553569321,1.5436425100239215,1.4991776807638297,0.55,60,8.133333333333333,0.073580112,5.22312,0.43471465844828283,0.4708750917457978,0.2813865563364726,0.828119962888856,-0.09914171990918907,0
V11_ensw2,T2_re300_mh5,cap3w,1.3248832057995465,-0.20594062386491008,1.6441622384255943,1.6528304711016666,0.5833333333333334,60,8.133333333333333,0.034977317333333334,17.28152,0.5170798258349545,0.5324725609082581,0.32393469636365135,0.8882097417730448,-0.06999701502666267,0
V11_ensw2,T2_re300_mh5,close_seq,1.0727086314459124,-0.1428337656410158,1.454179600292544,1.6321323456009849,0.5769230769230769,52,8.423076923076923,0.025788415199999994,25.28276,0.31163621659958496,0.5802465692960252,0.35372167176593394,0.386485728858069,0.10431626976199193,0
V11_ensw2,T2_re300_mh5_sl8_tr15,base,1.1403981573939133,-0.13539727549498504,1.5320292161331615,1.456336674582328,0.5692307692307692,65,7.507692307692308,0.032208091200000004,31.57656,0.38802570057283803,0.5420450475164618,0.13218816846779435,0.6682393813161085,0.13322875810712032,0
V11_ensw2,T2_re300_mh5_sl8_tr15,no_cost,1.286097410353097,-0.13155065279620193,1.623511620199331,1.553646918122698,0.5692307692307692,65,7.507692307692308,0.0,31.57656,0.43377678259066443,0.5944583830004495,0.156617843821512,0.7037948477419593,0.16007894064045947,0
V11_ensw2,T2_re300_mh5_sl8_tr15,no_filters,1.1403981573939133,-0.13539727549498504,1.5320292161331615,1.456336674582328,0.5692307692307692,65,7.507692307692308,0.032208091200000004,31.57656,0.38802570057283803,0.5420450475164618,0.13218816846779435,0.6682393813161085,0.13322875810712032,0
V11_ensw2,T2_re300_mh5_sl8_tr15,cap1w,0.9027910025845314,-0.13451009494937116,1.493107232889809,1.2823453874314439,0.5538461538461539,65,7.507692307692308,0.079748188,5.67238,0.3093657370221692,0.45321581952492673,0.0893339651769085,0.604256243912096,0.08882054213849067,0
V11_ensw2,N2_re300,cap3w,3.212350995577533,-0.1159245701730357,2.5051713699234393,2.4172530336783744,0.5875,80,6.0875,0.04660903066666666,23.01042,1.700475785090032,0.5598551258392768,0.29224812764849073,1.3799742862108682,0.3696398244121961,0
V11_ensw2,N2_re300,close_seq,0.6648825756474241,-0.2488080362129339,1.2150356566431055,1.1652938046326742,0.5735294117647058,68,6.205882352941177,0.03365561400000001,32.9957,0.4895650095662647,0.11769715652236523,0.2806574980887988,0.509156728228624,-0.13857738878308357,0
V11_ensw2,P2_re300_sl8,base,3.7727632658736026,-0.10918682169108462,2.7579162302995104,2.47712177155882,0.5955056179775281,89,5.47191011235955,0.0440359704,43.17252,1.8229197197302072,0.6907187379490003,0.5358373150739528,1.5681399902888011,0.21005743575343594,0
V11_ensw2,P2_re300_sl8,no_cost,4.2208174747989435,-0.10796079692604565,2.883951609194254,2.600105305229327,0.5955056179775281,89,5.47191011235955,0.0,43.17252,1.9624854634620599,0.7623099047033721,0.5814710413825919,1.6435466928159435,0.24879249629333233,0
V11_ensw2,P2_re300_sl8,no_filters,3.7727632658736026,-0.10918682169108462,2.7579162302995104,2.47712177155882,0.5955056179775281,89,5.47191011235955,0.0440359704,43.17252,1.8229197197302072,0.6907187379490003,0.5358373150739528,1.5681399902888011,0.21005743575343594,0
V11_ensw2,P2_re300_sl8,cap1w,3.0663376597646836,-0.09669744387522172,2.632427153876282,2.257641497294631,0.5842696629213483,89,5.47191011235955,0.10919446000000001,7.7671,1.5881712780181285,0.5711238642901757,0.4580620441230765,1.4363895222295993,0.14467108079315705,0
V11_ensw2,P2_re300_sl8,cap3w,3.6915086052330857,-0.10944623125548902,2.716439582344849,2.453651268493846,0.5955056179775281,89,5.47191011235955,0.05190507333333334,25.6597,1.7970470001939525,0.6773077481028271,0.5274409996837588,1.5537877372438476,0.20271651979350835,0
V11_ensw2,P2_re300_sl8,close_seq,0.7205540804316364,-0.18625819101573893,1.2922729752479107,1.159983260097271,0.5753424657534246,73,5.712328767123288,0.036056000399999996,35.34902,0.2166720680827945,0.41414776057351954,0.2994125151475877,0.20914638994620827,0.09507130518336249,0
V11_ensw2,S2_re300_sl8_tr15,base,3.7727632658736026,-0.10918682169108462,2.7579162302995104,2.47712177155882,0.5955056179775281,89,5.47191011235955,0.0440359704,43.17252,1.8229197197302072,0.6907187379490003,0.5358373150739528,1.5681399902888011,0.21005743575343594,0
V11_ensw2,S2_re300_sl8_tr15,no_cost,4.2208174747989435,-0.10796079692604565,2.883951609194254,2.600105305229327,0.5955056179775281,89,5.47191011235955,0.0,43.17252,1.9624854634620599,0.7623099047033721,0.5814710413825919,1.6435466928159435,0.24879249629333233,0
V11_ensw2,S2_re300_sl8_tr15,no_filters,3.7727632658736026,-0.10918682169108462,2.7579162302995104,2.47712177155882,0.5955056179775281,89,5.47191011235955,0.0440359704,43.17252,1.8229197197302072,0.6907187379490003,0.5358373150739528,1.5681399902888011,0.21005743575343594,0
V11_ensw2,S2_re300_sl8_tr15,cap1w,3.0663376597646836,-0.09669744387522172,2.632427153876282,2.257641497294631,0.5842696629213483,89,5.47191011235955,0.10919446000000001,7.7671,1.5881712780181285,0.5711238642901757,0.4580620441230765,1.4363895222295993,0.14467108079315705,0
V11_ensw2,S2_re300_sl8_tr15,cap3w,3.6915086052330857,-0.10944623125548902,2.716439582344849,2.453651268493846,0.5955056179775281,89,5.47191011235955,0.05190507333333334,25.6597,1.7970470001939525,0.6773077481028271,0.5274409996837588,1.5537877372438476,0.20271651979350835,0
V11_ensw2,S2_re300_sl8_tr15,close_seq,0.7205540804316364,-0.18625819101573893,1.2922729752479107,1.159983260097271,0.5753424657534246,73,5.712328767123288,0.036056000399999996,35.34902,0.2166720680827945,0.41414776057351954,0.2994125151475877,0.20914638994620827,0.09507130518336249,0
V11_ensw2,T2_re300_mh5,base,1.3520971711374248,-0.2042378778372499,1.6798860970391725,1.6712686902594989,0.5833333333333334,60,8.133333333333333,0.029694566400000007,29.11232,0.5272524360442048,0.540084085398274,0.3291944489512688,0.8955094882836865,-0.06644313268260393,0
V11_ensw2,T2_re300_mh5,no_cost,1.4992176597394455,-0.19826618820366737,1.7687331107900879,1.767586493642003,0.5833333333333334,60,8.133333333333333,0.0,29.11232,0.580683487789553,0.5810993655879726,0.3563162110516691,0.93370977016508,-0.04709010459427654,0
V11_ensw2,T2_re300_mh5_sl8_tr15,cap3w,1.1137415259998704,-0.13665513365793636,1.5138333935149653,1.43782240375276,0.5692307692307692,65,7.507692307692308,0.037926494666666664,18.76134,0.379358101239746,0.5324095491229375,0.1274988078333279,0.6614512636680383,0.1283612981193285,0
V11_ensw2,T2_re300_mh5_sl8_tr15,close_seq,1.6955933584694827,-0.2145142065538571,1.8276382918049678,1.9512343356279225,0.5892857142857143,56,7.75,0.027760115999999998,27.2158,0.19131275750801602,1.2627083790390317,0.41705934013143287,0.009173587953673845,0.8849527361857938,0
V11_ensw2,T2_re250_sl8_tr15,base,0.8512384977851248,-0.1366595043971579,1.2715526506533397,1.2928578734863183,0.5606060606060606,66,7.393939393939394,0.03263594040000001,31.99602,0.08117911357439866,0.7122403444003784,0.13162618259998782,0.6343574174227478,0.0009499161603074846,0
V11_ensw2,T2_re250_sl8_tr15,no_cost,0.9794384626942558,-0.13220108293635535,1.362368602661969,1.4001916299026083,0.5606060606060606,66,7.393939393939394,0.0,31.99602,0.11929685111055477,0.7684660335908899,0.15722347788857727,0.6708891665919441,0.02371042395377332,0
V11_ensw2,T2_re250_sl8_tr15,no_filters,0.8512384977851248,-0.1366595043971579,1.2715526506533397,1.2928578734863183,0.5606060606060606,66,7.393939393939394,0.03263594040000001,31.99602,0.08117911357439866,0.7122403444003784,0.13162618259998782,0.6343574174227478,0.0009499161603074846,0
V11_ensw2,T2_re250_sl8_tr15,cap1w,0.6406277033393033,-0.13396230782433305,1.1209404041576936,1.0994153981045303,0.5454545454545454,66,7.393939393939394,0.08087283199999999,5.72032,0.016236469475843895,0.6144152986218934,0.08659109488083461,0.570147419488652,-0.03838003954641733,0
V11_ensw2,T2_re250_sl8_tr15,cap3w,0.8277013530195299,-0.13631210840605779,1.2391263417585423,1.272362347412669,0.5606060606060606,66,7.393939393939394,0.03848738,19.0239,0.074050636976839,0.7016901159930535,0.1266895868287623,0.6275878928232235,-0.0033182587151956433,0
V11_ensw2,T2_re250_sl8_tr15,close_seq,-0.1538090160111616,-0.40970664921873756,0.1664242253057471,0.03716480899665669,0.5,60,7.166666666666667,0.029047114800000003,28.40024,0.116572308709183,-0.24215299144658142,0.42150807557459147,-0.29623621658048715,-0.15415234678127487,0
V18_f1,A01_daily_top1,cap3w,-0.2377930113697495,-0.4157452977383763,-0.613363163496381,-0.6458424703092046,0.48148148148148145,243,1.0,0.23915229400000002,140.67782,0.38841485197165926,-0.4510235989280462,0.14004865448726656,0.22433536714286695,-0.4539289599698231,0
V18_f1,A01_daily_top1,close_seq,0.16428335410049155,-0.32880943275813335,0.8126093640148196,0.6264892125065461,0.5081967213114754,122,1.0,0.1225248072,120.12236,0.2945901244851481,-0.10065484659592838,0.1385815424990604,0.2634707404949086,-0.19066306534133193,0
V18_f1,D01_h5_sl8_t1,base,-0.05526360793520968,-0.34983440986278236,0.0699232684753068,-0.06684498120167878,0.46,50,4.88,0.0481034448,47.16024,0.16183967100033714,-0.1868616508408787,-0.04684289821866183,0.271080726995951,-0.22021832797856888,0
V18_f1,D01_h5_sl8_t1,no_cost,-0.0057864440581646415,-0.33611586527593906,0.22328926179845665,0.11851201374605473,0.46,50,4.88,0.0,47.54094,0.1917061328065841,-0.16572254805774533,-0.031128117573938963,0.2917565321063693,-0.20561202473210993,0
V18_f1,D01_h5_sl8_t1,no_filters,-0.14866226410436056,-0.39806316490859595,-0.2488358906081855,-0.44263513626419965,0.44,50,4.88,0.047408600399999994,46.47902,0.16183967100033714,-0.26725024360491745,-0.04684289821866183,0.271080726995951,-0.2973092084441332,0
V18_f1,D01_h5_sl8_t1,cap1w,-0.0867135025548399,-0.33561464735640756,8.302314055068622e-05,-0.18991618128625382,0.44,50,4.88,0.072669088,8.71888,0.14351726073168458,-0.20133562578601627,-0.05717492378628941,0.25932313354332615,-0.23080096521383575,0
V18_f1,D01_h5_sl8_t1,cap3w,-0.055263607935209014,-0.3482958184805758,0.0534082571221601,-0.06684498120167763,0.46,50,4.88,0.047355778,27.85634,0.16183967100033758,-0.1868616508408788,-0.04684289821866183,0.27108072699595187,-0.22021832797856855,0
V18_f1,D01_h5_sl8_t1,close_seq,0.02449258262955656,-0.302699080944116,0.3479846642132334,0.25245220489508907,0.4634146341463415,41,4.926829268292683,0.0408927792,40.09096,0.10749458035032533,-0.07494573715612529,0.0452857158840283,0.09842373779304214,-0.10771438206845518,0
V11_ensw2,U2_re300_h20,no_filters,3.2785997632619077,-0.1195368066849497,2.539180477371085,2.440090753289105,0.6,80,6.0875,0.0396310596,38.85398,1.7252620363525062,0.5699773842622451,0.2986050209273372,1.3923267951446832,0.37722240883256397,0
V11_ensw2,U2_re300_h20,cap1w,2.7047889527151376,-0.1053583002966304,2.4582453196343743,2.2287277795646276,0.575,80,6.0875,0.09816344399999999,6.98594,1.503584737153199,0.479793712485967,0.240066539473474,1.281963495046449,0.309211438802772,0
V11_ensw2,U2_re300_h20,cap3w,3.212350995577533,-0.1159245701730357,2.5051713699234393,2.4172530336783744,0.5875,80,6.0875,0.04660903066666666,23.01042,1.700475785090032,0.5598551258392768,0.29224812764849073,1.3799742862108682,0.3696398244121961,0
V11_ensw2,U2_re300_h20,close_seq,0.6648825756474241,-0.2488080362129339,1.2150356566431055,1.1652938046326742,0.5735294117647058,68,6.205882352941177,0.03365561400000001,32.9957,0.4895650095662647,0.11769715652236523,0.2806574980887988,0.509156728228624,-0.13857738878308357,0
V18_f1,A01_daily_top1,base,-0.23779301136975095,-0.42117480164962673,-0.6027628021134857,-0.6458424703092134,0.48148148148148145,243,1.0,0.24129038400000002,236.5592,0.38841485197165704,-0.451023598928047,0.1400486544872641,0.22433536714286517,-0.45392895996982263,0
V18_f1,A01_daily_top1,no_cost,-0.023277749471468434,-0.32331522672904855,0.261474200922832,0.10170774227367126,0.49794238683127573,243,1.0,0.0,239.50044,0.5735320504145998,-0.3792803583052652,0.2380720547369375,0.3295398513291936,-0.4066324375365533,0
V18_f1,A01_daily_top1,no_filters,-0.34326449333462505,-0.498658654188888,-1.0274544576172893,-1.0551956307323325,0.4732510288065844,243,1.0,0.23823772799999998,233.5664,0.38841485197165704,-0.5269889934317835,0.1400486544872641,0.16956432047605108,-0.5074583057595207,0
V18_f1,A01_daily_top1,cap1w,-0.3814590468556446,-0.4184915090481677,-0.9823594992631235,-1.2960326157336686,0.45454545454545453,242,1.0,0.35510717599999997,43.50276,0.22832352008449752,-0.49643482109517423,0.09660655501455295,0.10994718833801187,-0.4918226475611611,0
V11_ensw2,T2_re400_sl8_tr15,base,0.8558965046458096,-0.20970175838066318,1.4472916209223496,1.1798566446854735,0.48148148148148145,54,9.037037037037036,0.026775163200000007,26.25016,0.4566586710605147,0.2740778203686045,0.6443479751979961,0.27042889701533546,-0.11159772430479653,0
V11_ensw2,T2_re400_sl8_tr15,no_cost,0.9603439575983801,-0.20385597582661474,1.5261716787506592,1.2546663196096544,0.48148148148148145,54,9.037037037037036,0.0,26.25016,0.49855908213038314,0.3081525987026914,0.6743162731307097,0.29375408656103663,-0.0950115312727493,0
V11_ensw2,T2_re400_sl8_tr15,no_filters,0.8558965046458096,-0.20970175838066318,1.4472916209223496,1.1798566446854735,0.48148148148148145,54,9.037037037037036,0.026775163200000007,26.25016,0.4566586710605147,0.2740778203686045,0.6443479751979961,0.27042889701533546,-0.11159772430479653,0
V11_ensw2,T2_re400_sl8_tr15,cap1w,0.6838294518072736,-0.2100686736002978,1.3314574289792376,1.0469414832517043,0.48148148148148145,54,9.037037037037036,0.06633476399999999,4.74414,0.387041421263312,0.21397200256186233,0.5937467589402168,0.23021855973470617,-0.14119114807671174,0
V11_ensw2,T2_re400_sl8_tr15,cap3w,0.8366737872540122,-0.2083610359116116,1.4489859108069298,1.1656274893046514,0.48148148148148145,54,9.037037037037036,0.03151535466666667,15.59464,0.44886937793365234,0.26766002182573456,0.6386516575829502,0.2661948549960407,-0.11479299559885348,0
V11_ensw2,T2_re400_sl8_tr15,close_seq,0.783729566036822,-0.1846024647818716,1.1861805108551176,1.3170328659047221,0.58,50,8.8,0.024685917600000003,24.20188,0.2477780702889627,0.429524695544411,0.17073081492038655,0.1644490396519478,0.3084329559729011,0
V11_ensw2,U2_re300_h20,base,3.2785997632619077,-0.1195368066849497,2.539180477371085,2.440090753289105,0.6,80,6.0875,0.0396310596,38.85398,1.7252620363525062,0.5699773842622451,0.2986050209273372,1.3923267951446832,0.37722240883256397,0
V11_ensw2,U2_re300_h20,no_cost,3.637791542455635,-0.11647342183386544,2.6525870149301882,2.5581894252201396,0.6,80,6.0875,0.0,38.85398,1.857141064079931,0.6232280585519903,0.3332622471892024,1.4551783158469096,0.4168132272943472,0
V18_f1,N2_re300,base,0.0003362255533909675,-0.2896332016525398,0.21234264354797422,0.24004015748865545,0.5263157894736842,76,6.421052631578948,0.0371087024,36.28162,0.25687041530279675,-0.20410552004886162,0.02425439152150699,0.1547193216414109,-0.1542115915029122,0
V18_f1,N2_re300,no_cost,0.0813232853343775,-0.2770173788876119,0.36827087267919517,0.40799701380304704,0.5263157894736842,76,6.421052631578948,0.0,36.41218,0.30374599991815376,-0.17060279732228445,0.05076540472854418,0.18441308464902062,-0.1311464238448572,0
V18_f1,N2_re300,no_filters,0.012349285128592236,-0.29385771112322323,0.2720196644970702,0.26350301210083027,0.5384615384615384,78,6.256410256410256,0.0380106456,37.23278,0.25687041530279675,-0.19454760586062203,0.04386361249704618,0.22012279311281002,-0.20515383850303803,0
V18_f1,N2_re300,cap1w,0.0812426636261907,-0.267876739686007,0.4778160306688412,0.4113848362341536,0.5487804878048781,82,5.926829268292683,0.10118077199999999,7.37722,0.4334291711291711,-0.24569508880968838,0.006049887193205539,0.4025594209266723,-0.2337290041525023,0
V18_f1,N2_re300,cap3w,-0.015654348851607436,-0.29245916573047115,0.18088379920707656,0.20521884707765692,0.5263157894736842,76,6.421052631578948,0.04391485733333334,21.44022,0.247506611414257,-0.21094955157594542,0.018723596813515986,0.14890115445079233,-0.15897560124092658,0
V18_f1,N2_re300,close_seq,0.06269281780190061,-0.277225530131615,0.3853713762485768,0.39482041514126465,0.5522388059701493,67,6.313432835820896,0.03301171520000001,32.36376,0.323896671088457,-0.19729927492891453,0.2540605262935163,-0.06659451294557128,-0.09213996594651586,0
V18_f1,P2_re300_sl8,base,-0.07064060270195571,-0.305753000924585,0.16739629878606885,0.08239240863678012,0.5180722891566265,83,5.879518072289157,0.0403621812,39.54506,0.22539581726588565,-0.24158432385411643,0.13936858139259756,-0.08901890213493013,-0.1046144331858122,0
V18_f1,P2_re300_sl8,no_cost,0.01163962584018341,-0.2955427177393396,0.3148674165697467,0.2647524593524012,0.5180722891566265,83,5.879518072289157,0.0,39.68642,0.2711220746294223,-0.2041365294241202,0.17115221363617006,-0.0635150773969293,-0.07761613144633572,0
V18_f1,P2_re300_sl8,no_filters,0.12158223411736135,-0.3013903500068599,0.5009402446543877,0.4871278812392762,0.5542168674698795,83,5.879518072289157,0.0406075524,39.78562,0.22539581726588565,-0.08471840827737842,0.13936858139259756,-0.008703069627601367,-0.006968281217000771,0
V18_f1,P2_re300_sl8,cap1w,-0.20810508853714837,-0.30325042587593276,-0.06837163844701233,-0.22165215676635755,0.5348837209302325,86,5.616279069767442,0.10572042799999999,7.58478,0.3537835323307297,-0.415050565654693,0.08749736670267594,0.07388333544833592,-0.321917969924148,0
V18_f1,P2_re300_sl8,cap3w,-0.08777990085391152,-0.31130011273884217,0.07192730769052177,0.0422708486538465,0.5180722891566265,83,5.879518072289157,0.04770103600000001,23.11658,0.21586022622355694,-0.2497327575395495,0.1324666235959333,-0.09387090153397226,-0.11103605175161901,0
V18_f1,P2_re300_sl8,close_seq,-0.08279098432634324,-0.33297646897647504,0.11402666673549032,0.11377010303609543,0.49295774647887325,71,5.901408450704225,0.0346431492,33.95796,0.323896671088457,-0.30718987689608535,0.33596789607235156,-0.23027743099660836,-0.10805500613259478,0
V18_f1,S2_re300_sl8_tr15,base,-0.07064060270195571,-0.305753000924585,0.16739629878606885,0.08239240863678012,0.5180722891566265,83,5.879518072289157,0.0403621812,39.54506,0.22539581726588565,-0.24158432385411643,0.13936858139259756,-0.08901890213493013,-0.1046144331858122,0
V18_f1,S2_re300_sl8_tr15,no_cost,0.01163962584018341,-0.2955427177393396,0.3148674165697467,0.2647524593524012,0.5180722891566265,83,5.879518072289157,0.0,39.68642,0.2711220746294223,-0.2041365294241202,0.17115221363617006,-0.0635150773969293,-0.07761613144633572,0
V18_f1,S2_re300_sl8_tr15,no_filters,0.12158223411736135,-0.3013903500068599,0.5009402446543877,0.4871278812392762,0.5542168674698795,83,5.879518072289157,0.0406075524,39.78562,0.22539581726588565,-0.08471840827737842,0.13936858139259756,-0.008703069627601367,-0.006968281217000771,0
V18_f1,S2_re300_sl8_tr15,cap1w,-0.20810508853714837,-0.30325042587593276,-0.06837163844701233,-0.22165215676635755,0.5348837209302325,86,5.616279069767442,0.10572042799999999,7.58478,0.3537835323307297,-0.415050565654693,0.08749736670267594,0.07388333544833592,-0.321917969924148,0
V18_f1,T2_re300_mh5_sl8_tr15,base,-0.11172364923968836,-0.3353642145879201,0.11226349906020223,0.04723880281026013,0.532258064516129,62,7.870967741935484,0.029947556,29.2648,0.4875776880041698,-0.40287061447386985,0.1297647230071748,-0.014821349075528456,-0.20192244309572094,0
V18_f1,T2_re300_mh5_sl8_tr15,no_cost,-0.05331695019386906,-0.3239397367169954,0.23901640058362553,0.16690115063977953,0.532258064516129,62,7.870967741935484,0.0,29.38764,0.5303199163575472,-0.3813822589073944,0.15301998458811972,0.005512461913133482,-0.18345465169011832,0
V18_f1,T2_re300_mh5_sl8_tr15,no_filters,-0.09987911819743733,-0.3380380498764708,0.16914540396163505,0.09686604316088265,0.53125,64,7.625,0.031014521999999996,30.3361,0.4875776880041698,-0.3949083203780621,0.21406606513142967,-0.057547112737772355,-0.21331862612696506,0
V18_f1,T2_re300_mh5_sl8_tr15,cap1w,-0.11608986559602874,-0.34091582692135636,0.14510282493411633,0.11426183453454723,0.47619047619047616,63,7.698412698412699,0.076910676,5.35026,0.3386849510042149,-0.33971758348302483,0.10663159627665508,0.06366635368181983,-0.24906970475905166,0
V18_f1,T2_re300_mh5_sl8_tr15,cap3w,-0.12426399823745582,-0.33494361129362593,0.11940884701083906,0.02050259831690598,0.532258064516129,62,7.870967741935484,0.035510656,17.12768,0.47863471609346075,-0.4077401320075654,0.12459744376204385,-0.018959302024848856,-0.20624022279039822,0
V18_f1,T2_re300_mh5_sl8_tr15,close_seq,0.24001066517577963,-0.2819501991566077,0.6791120866133467,0.672583170402669,0.5740740740740741,54,8.074074074074074,0.026448448799999996,25.90044,0.25231260110887077,-0.009823374708678001,-0.04204357343923004,0.12931956471349348,0.1462063579433519,0
V18_f1,T2_re250_sl8_tr15,base,0.10691747771825533,-0.31285125483457776,0.6464686042771862,0.48476624409623487,0.5454545454545454,66,7.393939393939394,0.03225872319999999,31.60116,0.34078392316832296,-0.17442515636481726,0.07039394844977798,0.13521854373285924,-0.08905507008981772,0
V18_f1,T2_re250_sl8_tr15,no_cost,0.18415156095588836,-0.30261150234741796,0.7491217740251447,0.5846974096314548,0.5454545454545454,66,7.393939393939394,0.0,31.60116,0.38085427122141957,-0.14245001399861024,0.0947094865503062,0.16094665350560478,-0.06825698384885859,0
V18_f1,T2_re250_sl8_tr15,no_filters,0.10443742641889586,-0.3460199465756827,0.6150047816419141,0.48059792980820715,0.5303030303030303,66,7.393939393939394,0.032417068,31.7564,0.34078392316832296,-0.17627485880866722,0.07039394844977798,0.3674587711528081,-0.2454583299960701,0
V18_f1,T2_re250_sl8_tr15,cap1w,-0.190583974518177,-0.3586973679056228,-0.15732797752337258,0.01258397929149936,0.46153846153846156,65,7.446153846153846,0.07945261999999999,5.5587,0.0871346885476556,-0.2554592968023559,-0.06958445259800994,0.19058161387775518,-0.2693057862099769,0
V18_f1,T2_re250_sl8_tr15,cap3w,0.0915184998442915,-0.3242843675054963,0.5543964622552405,0.46398764408489523,0.5454545454545454,66,7.393939393939394,0.03815319333333333,18.6383,0.3325149372541758,-0.18085833837367027,0.06511330243236468,0.13031162969372434,-0.09335536481464801,0
V18_f1,T2_re250_sl8_tr15,close_seq,0.161659012534074,-0.3259655655455663,0.5382400186815809,0.5498173831547428,0.5714285714285714,56,7.714285714285714,0.027503088,26.9344,0.312239949042302,-0.11475106867316842,0.18628243702297542,-0.09541718837627944,0.08253571677146043,0
V18_f1,T2_re400_sl8_tr15,base,0.5430191962161905,-0.2868748781216841,1.1875166977662428,1.0268486771474212,0.625,56,8.714285714285714,0.027396649199999998,26.85946,0.6294622826172711,-0.05305006892349451,0.3514788766289181,0.36044543853287947,-0.16077012012837721,0
V18_f1,T2_re400_sl8_tr15,no_cost,0.633344910149666,-0.2784387168052169,1.288728499601547,1.1232540555275339,0.625,56,8.714285714285714,0.0,26.85946,0.6692261435828248,-0.02149572936603039,0.3762041646080061,0.3853887101525819,-0.14331060337588097,0
V18_f1,T2_re400_sl8_tr15,no_filters,0.4624016657541794,-0.2937559751807186,1.1017767340840243,0.9425607589143137,0.6111111111111112,54,9.037037037037036,0.026509493999999995,25.9897,0.6294622826172711,-0.1025249977524827,0.3514788766289181,0.43496428087412453,-0.2459219138396641,0
V18_f1,T2_re400_sl8_tr15,cap1w,0.2247291048564286,-0.3256468825879165,0.6314649756326316,0.6494604108708917,0.6415094339622641,53,9.169811320754716,0.06511158,4.6583,0.6814746750638014,-0.2716339276355988,0.6153241150651731,-0.009860855499503884,-0.2342550672068755,0
V18_f2,A01_daily_top1,base,0.09039652554803612,-0.15878152859527683,0.4688505100498714,0.42442262693712285,0.5185185185185185,243,1.0,0.2268503052,222.40226,-0.1359560850642535,0.26196887299313043,-0.12598281483247187,0.015211438447166437,0.22887577985070995,0
V18_f2,A01_daily_top1,no_cost,0.396911704978256,-0.1416096060335419,1.1685016667157204,1.0899792640619956,0.5267489711934157,243,1.0,0.0,234.37766,-0.020391475782916557,0.42598974023290426,-0.0506327928416207,0.10260545936267174,0.3344877502121777,0
V18_f2,A01_daily_top1,no_filters,-0.025141469505626235,-0.18400201818722195,0.1522932932079792,0.12182959087952007,0.51440329218107,243,1.0,0.22548972720000005,221.06836,-0.1359560850642535,0.12825113821543166,-0.12598281483247187,0.015211438447166437,0.09866457645147242,0
V18_f2,A01_daily_top1,cap1w,-0.07756605210624423,-0.18148194314593036,0.08426766496373847,-0.024961234583009747,0.48148148148148145,243,1.0,0.35032358,41.2783,-0.20389430882466753,0.15868277054007462,-0.17088964116411554,-0.042391564713570085,0.16180963421668637,0
V18_f2,A01_daily_top1,cap3w,0.09039652554803679,-0.15308029923160538,0.47858456693712487,0.42442262693712707,0.5185185185185185,243,1.0,0.225911538,132.88914,-0.13595608506425205,0.2619688729931313,-0.12598281483247098,0.015211438447167325,0.22887577985070884,0
V18_f2,A01_daily_top1,close_seq,-0.24059086984039113,-0.36929581020298274,-0.6399006141483613,-0.5812714446560848,0.49586776859504134,121,1.0165289256198347,0.09815262120000001,96.22806,-0.22645873798913085,-0.018269396275672367,-0.19996372065775558,0.043311230931352585,-0.09018676471096843,2
V18_f2,D01_h5_sl8_t1,base,0.4406552153281409,-0.20724970136610377,1.1797475097540584,1.029608084797928,0.42,50,4.88,0.0497764692,48.80046,0.3757371324210588,0.04718785397093783,-0.06656644291541558,0.550078777082037,-0.004312910727593766,0
V18_f2,D01_h5_sl8_t1,no_cost,0.5156813728064005,-0.20030052408468446,1.2947474317124195,1.142712167417142,0.42,50,4.88,0.0,48.93974,0.41094938959606364,0.07422802262264017,-0.051160287514093516,0.575086345245307,0.014169845723539742,0
V18_f1,S2_re300_sl8_tr15,cap3w,-0.08777990085391152,-0.31130011273884217,0.07192730769052177,0.0422708486538465,0.5180722891566265,83,5.879518072289157,0.04770103600000001,23.11658,0.21586022622355694,-0.2497327575395495,0.1324666235959333,-0.09387090153397226,-0.11103605175161901,0
V18_f1,S2_re300_sl8_tr15,close_seq,-0.08279098432634324,-0.33297646897647504,0.11402666673549032,0.11377010303609543,0.49295774647887325,71,5.901408450704225,0.0346431492,33.95796,0.323896671088457,-0.30718987689608535,0.33596789607235156,-0.23027743099660836,-0.10805500613259478,0
V18_f1,T2_re300_mh5,base,0.6879692203509429,-0.18477919570092127,1.233656585196469,1.291406003358332,0.6101694915254238,59,8.271186440677965,0.0288602056,28.26928,0.4875776880041698,0.13470996100757016,0.14703222769133406,0.3807009566079316,0.06583328100479502,0
V18_f1,T2_re300_mh5,no_cost,0.7922279918740813,-0.17855784300299749,1.3332711137581463,1.4085930615878348,0.6101694915254238,59,8.271186440677965,0.0,28.26928,0.5303199163575472,0.17114596282581562,0.16943651703200402,0.4073913235383526,0.08893444531518835,0
V18_f1,T2_re300_mh5,no_filters,0.04830306816425045,-0.3159633264882319,0.5844252876364804,0.41672945353504065,0.576271186440678,59,8.271186440677965,0.028841371600000006,28.25058,0.4875776880041698,-0.29529524634728743,0.14703222769133406,0.4263530860340916,-0.359256527528488,0
V18_f1,T2_re300_mh5,cap1w,-0.11852285369349935,-0.2536833451806527,0.17608112032630488,-0.004293471036739368,0.5263157894736842,57,8.456140350877194,0.069775672,4.91372,0.3386849510042149,-0.3415350298475677,0.048890905266361306,0.15476836951582196,-0.27224389432607854,0
V18_f1,T2_re300_mh5,cap3w,0.6668358399097754,-0.1928315058227481,1.2201374073944984,1.2667886117733274,0.6101694915254238,59,8.271186440677965,0.034064288000000005,16.61264,0.47863471609346075,0.12728033622363477,0.14200238857864123,0.3753383436262585,0.0612464895712852,0
V18_f1,T2_re300_mh5,close_seq,-0.024210224170864048,-0.35332473809623555,0.19365292628250577,0.2901443974171497,0.6122448979591837,49,9.0,0.0235798828,23.02214,-0.02878948402281223,0.004715002336379337,-0.09822372044871652,0.07429025625441144,0.007246621203520709,1
V18_f1,T2_re400_sl8_tr15,cap3w,0.524671148592031,-0.29629365442642,1.0747961864707642,1.0066616755064595,0.625,56,8.714285714285714,0.032324050666666666,15.75852,0.621121863899891,-0.05949627690285497,0.3460776264662717,0.35547090304638895,-0.16436643291314568,0
V18_f1,T2_re400_sl8_tr15,close_seq,0.050434074152601704,-0.2921926956495058,0.36626678653140604,0.4078133454771663,0.6,55,7.909090909090909,0.0262300484,25.55142,-0.2548671925523033,0.4097273179403458,0.052507053313121776,-0.25092949935057285,0.33235848419365754,0
V18_f1,U2_re300_h20,base,0.1205105392648087,-0.2547490214208463,0.43031214937198514,0.4838965775319579,0.5263157894736842,76,6.421052631578948,0.03725714880000001,36.49994,0.27171375949759957,-0.11889721181637991,0.05936352362637587,0.008561102009509991,0.048742133675142574,0
V18_f1,U2_re300_h20,no_cost,0.21086822517751713,-0.24061089899340482,0.5860383262851463,0.6527498259099094,0.5263157894736842,76,6.421052631578948,0.0,36.61738,0.31644415464133435,-0.08019780337175197,0.08675553043240725,0.0346052676221007,0.07693710043060342,0
V18_f1,U2_re300_h20,no_filters,0.1337532085283415,-0.2572565324509528,0.48495184450378637,0.5140403663214486,0.5384615384615384,78,6.256410256410256,0.038313417999999995,37.5369,0.27171375949759957,-0.1084839649952043,0.027625438524166546,0.014890661015714013,0.08708731084465549,0
V18_f1,U2_re300_h20,cap1w,0.19258788641563962,-0.24049436090052267,0.5920378553207102,0.613403026198807,0.5476190476190477,84,5.785714285714286,0.103629792,7.54992,0.4334291711291711,-0.1680175690325948,0.02458026811604541,0.2883127236702323,-0.09651049949525825,0
V18_f1,U2_re300_h20,cap3w,0.10279406579336614,-0.24541039504111617,0.441635305786709,0.44921926990254485,0.5263157894736842,76,6.421052631578948,0.04399225066666667,21.52952,0.26270593192346214,-0.12664220709449292,0.053636255608170647,0.003428671812587991,0.04307901415963733,0
V18_f1,U2_re300_h20,close_seq,0.009777281902149992,-0.2882640124764718,0.2812766036525004,0.3046308999730679,0.5373134328358209,67,6.313432835820896,0.0329154988,32.26244,0.25799757137697155,-0.19731380657843933,0.25606207607312603,-0.11446963721716485,-0.0921564013419508,0
V18_f2,D01_h5_sl8_t1,no_filters,0.4406552153281409,-0.20724970136610377,1.1797475097540584,1.029608084797928,0.42,50,4.88,0.0497764692,48.80046,0.3757371324210588,0.04718785397093783,-0.06656644291541558,0.550078777082037,-0.004312910727593766,0
V18_f2,D01_h5_sl8_t1,cap1w,0.3995198114307985,-0.20999128830213443,1.1210862795612853,0.9651827997618927,0.4,50,4.88,0.074165336,9.29436,0.3552986547251413,0.03262834840976492,-0.07568970919019946,0.5362280338572301,-0.014388921741473215,0
V18_f2,D01_h5_sl8_t1,cap3w,0.4406552153281389,-0.20641664830416684,1.18861024130717,1.0296080847979256,0.42,50,4.88,0.049217312,28.95136,0.3757371324210572,0.047187853970938276,-0.06656644291541558,0.5500787770820343,-0.004312910727593211,0
V18_f2,D01_h5_sl8_t1,close_seq,0.2183115516402061,-0.24135732423942957,0.7131998926042963,0.7629021637594949,0.5365853658536586,41,4.951219512195122,0.040317948,39.5274,0.05182947531452986,0.15827858054262367,-0.02801983457432289,-0.05056904571696019,0.3201934463450533,0
V18_f2,N2_re300,base,0.015978287637270494,-0.24365938109077667,0.3165613382098774,0.3229304814092605,0.4444444444444444,81,6.0246913580246915,0.039400517600000004,38.56988,0.15675083456321692,-0.12169651641453194,0.06690043852102523,-0.07666730458808435,0.031341084997248414,0
V18_f2,N2_re300,no_cost,0.10375185587652314,-0.2143916658042706,0.5669847337008737,0.46411585477659256,0.4444444444444444,81,6.0246913580246915,0.0,38.84052,0.20491823761451755,-0.08396120050293465,0.09663689256348507,-0.05071820480622635,0.06026260035157982,0
V18_f2,N2_re300,no_filters,0.13376104595946203,-0.22478977127408217,0.4965564299816353,0.5079825590467438,0.43209876543209874,81,6.0246913580246915,0.0395117792,38.67896,0.15675083456321692,-0.019874451711491603,0.06690043852102523,-0.07666730458808435,0.1509048583968502,0
V18_f2,N2_re300,cap1w,-0.01903601799069443,-0.2760929058279211,0.22766949561645713,0.2019608672510096,0.4810126582278481,79,6.1265822784810124,0.09675456799999999,6.82868,0.10733892922180188,-0.11412490239217676,0.024401158418188684,-0.10636891201227439,0.07158032742242981,0
V18_f2,N2_re300,cap3w,0.08547626677699438,-0.21117216739633848,0.5186566888834703,0.434838646166738,0.45121951219512196,82,5.939024390243903,0.047515555999999994,23.28718,0.2463542805146295,-0.12907887929843387,0.060719452380109784,0.011374249092273025,0.011830828116536907,0
V18_f2,N2_re300,close_seq,0.36761981906878094,-0.219782786035017,0.8998812729581498,0.8892434092403729,0.5384615384615384,65,6.538461538461538,0.03208811,31.448,0.8487696832374849,-0.26025408601796995,0.18123359740538136,0.24596289770276036,-0.07076729911827018,2
V18_f2,P2_re300_sl8,base,0.5279562713025272,-0.16319743043667712,0.8987173316130225,1.058281703676954,0.4444444444444444,90,5.4222222222222225,0.0439959024,43.09312,0.15675083456321692,0.3209035391614614,0.14039267621020746,-0.23338790495895,0.7477561492995182,0
V18_f2,P2_re300_sl8,no_cost,0.6746115390804628,-0.1556999306999307,1.049672028821774,1.2311593740003128,0.4444444444444444,90,5.4222222222222225,0.0,43.2039,0.20491823761451755,0.38981342202591085,0.17571084672412152,-0.20931555281382785,0.8014008290303236,0
V18_f2,P2_re300_sl8,no_filters,0.553706451932509,-0.16319743043667712,0.9556590162025475,1.0798687243868583,0.43820224719101125,89,5.48314606741573,0.04362478559999999,42.72928,0.15675083456321692,0.34316432329973656,0.13647933414397162,-0.23307094232766035,0.7825931508936563,0
V18_f2,P2_re300_sl8,cap1w,-0.28690892072180074,-0.2683027310766799,-0.4388403014962262,-0.7260449946736617,0.41379310344827586,87,5.528735632183908,0.10629574399999998,7.42144,0.10733892922180188,-0.3560317799182454,0.07703010089052498,-0.25193888588224955,-0.1149249819760686,0
V18_f2,P2_re300_sl8,cap3w,0.6289542105485493,-0.15876067120469906,0.8869334658218434,1.1858709662013946,0.45054945054945056,91,5.351648351648351,0.052658579999999997,25.7599,0.2463542805146295,0.30697526057834934,0.13314436355654857,-0.19413975194258948,0.7838728697985045,0
V18_f2,P2_re300_sl8,close_seq,0.8300502131409442,-0.17695555611792257,1.2843250653617075,1.4335325265256957,0.5205479452054794,73,5.712328767123288,0.0360522992,35.33446,0.8487696832374849,-0.010125366218554532,0.5491264400512386,-0.16027749866881835,0.40682587976431495,2
V18_f2,S2_re300_sl8_tr15,base,0.5279562713025272,-0.16319743043667712,0.8987173316130225,1.058281703676954,0.4444444444444444,90,5.4222222222222225,0.0439959024,43.09312,0.15675083456321692,0.3209035391614614,0.14039267621020746,-0.23338790495895,0.7477561492995182,0
V18_f2,S2_re300_sl8_tr15,no_cost,0.6746115390804628,-0.1556999306999307,1.049672028821774,1.2311593740003128,0.4444444444444444,90,5.4222222222222225,0.0,43.2039,0.20491823761451755,0.38981342202591085,0.17571084672412152,-0.20931555281382785,0.8014008290303236,0
V18_f2,S2_re300_sl8_tr15,no_filters,0.553706451932509,-0.16319743043667712,0.9556590162025475,1.0798687243868583,0.43820224719101125,89,5.48314606741573,0.04362478559999999,42.72928,0.15675083456321692,0.34316432329973656,0.13647933414397162,-0.23307094232766035,0.7825931508936563,0
V18_f2,S2_re300_sl8_tr15,cap1w,-0.28690892072180074,-0.2683027310766799,-0.4388403014962262,-0.7260449946736617,0.41379310344827586,87,5.528735632183908,0.10629574399999998,7.42144,0.10733892922180188,-0.3560317799182454,0.07703010089052498,-0.25193888588224955,-0.1149249819760686,0
V18_f2,S2_re300_sl8_tr15,cap3w,0.6289542105485493,-0.15876067120469906,0.8869334658218434,1.1858709662013946,0.45054945054945056,91,5.351648351648351,0.052658579999999997,25.7599,0.2463542805146295,0.30697526057834934,0.13314436355654857,-0.19413975194258948,0.7838728697985045,0
V18_f2,S2_re300_sl8_tr15,close_seq,0.8300502131409442,-0.17695555611792257,1.2843250653617075,1.4335325265256957,0.5205479452054794,73,5.712328767123288,0.0360522992,35.33446,0.8487696832374849,-0.010125366218554532,0.5491264400512386,-0.16027749866881835,0.40682587976431495,2
V18_f2,T2_re300_mh5,base,0.15539112545963385,-0.34803260168611694,0.5050836564044022,0.5433605982252128,0.5740740740740741,54,9.037037037037036,0.02633812440000001,25.79622,0.24017522193253082,-0.0683646108819852,0.18566326237938768,-0.1407678326088182,0.13411510930320292,0
V18_f2,T2_re300_mh5,no_cost,0.22087797365399076,-0.3377219634055768,0.6096333415021428,0.6414862698532523,0.5740740740740741,54,9.037037037037036,0.0,25.9632,0.273318865216033,-0.04118441420652663,0.20747868268151515,-0.12472999462480394,0.15518287042734458,0
V18_f2,T2_re300_mh5,no_filters,-0.007736833141505972,-0.34803260168611694,0.28569444000676925,0.2720074725608728,0.5370370370370371,54,9.037037037037036,0.02629359400000001,25.7407,0.24017522193253082,-0.19990082908423423,0.18566326237938768,-0.1407678326088182,-0.026008920146773695,0
V18_f2,T2_re300_mh5,cap1w,0.10200491135363854,-0.27522508364657616,0.4719342858441282,0.4519222017668979,0.6122448979591837,49,9.918367346938776,0.06011562400000001,4.27524,0.2069292489171315,-0.08693495302863197,0.03118240531300187,0.09425320826945405,-0.023369670567030987,0
V18_f2,T2_re300_mh5,cap3w,0.14234289483918383,-0.3400811872377889,0.5420740347347573,0.5231451176354714,0.5555555555555556,54,9.037037037037036,0.031213355999999998,15.24618,0.23350386421877323,-0.07390408090640632,0.1813164417169928,-0.14401648882069895,0.12970444431548023,0
V18_f2,T2_re300_mh5,close_seq,1.7558790239163629,-0.098461020100725,1.8924851775835587,2.2783182040587358,0.5625,48,9.208333333333334,0.023912492400000002,23.44362,0.3312939212951489,1.0700755707164262,0.3882691239135341,0.029160639063905647,0.9288715900599573,0
V18_f2,T2_re300_mh5_sl8_tr15,base,0.5441825031889589,-0.2754385344040562,1.060378600917833,1.0389708844823176,0.5873015873015873,63,7.746031746031746,0.03103117440000001,30.42272,0.35022167584133346,0.14365109879217908,0.20931809215950814,0.09359949515219057,0.16761529662645303,0
V18_f2,T2_re300_mh5_sl8_tr15,no_cost,0.6462756030527386,-0.2656853104774204,1.15629989755446,1.1496781884941802,0.5873015873015873,63,7.746031746031746,0.0,30.42272,0.38621971015130674,0.18760077569020206,0.2353229541646773,0.117243005906156,0.1928185551946251,0
V18_f2,T2_re300_mh5_sl8_tr15,no_filters,0.6396507967004612,-0.2754385344040562,1.1256308992753494,1.1269018750971254,0.5873015873015873,63,7.746031746031746,0.03102868560000001,30.42028,0.35022167584133346,0.21435674307241537,0.20931809215950814,0.09359949515219057,0.23980251518167695,0
V18_f2,T2_re300_mh5_sl8_tr15,cap1w,0.05768953720980541,-0.24955164362678262,0.553349945587145,0.3707104868889677,0.5423728813559322,59,8.220338983050848,0.072327132,5.12582,0.1583717664617117,-0.08691702626648468,0.044845252974028194,0.10816951147496634,-0.08651790994730324,0
V18_f2,T2_re300_mh5_sl8_tr15,cap3w,0.5240536150680293,-0.25623870916305935,1.1044076368070548,1.0162633813845738,0.5714285714285714,63,7.746031746031746,0.03648755866666666,17.87026,0.34299419321873925,0.13481772502332778,0.2040246831461292,0.08919763227070754,0.1621392427696391,0
V18_f2,T2_re300_mh5_sl8_tr15,close_seq,1.4618649502761634,-0.13806016744291272,1.8281525299950927,2.1340751057982246,0.5714285714285714,49,9.0,0.024383426399999998,23.90532,0.3312939212951489,0.84922721488966,0.3882691239135341,-0.02013115899875806,0.809766783318413,0
V18_f2,T2_re250_sl8_tr15,base,0.43971088185271157,-0.18928640903448513,1.0407361700147133,0.9247217844596795,0.5522388059701493,67,7.2835820895522385,0.03310512000000001,32.456,0.3384717385611453,0.07563786397193417,0.18981528632379674,-0.019891933577685705,0.23458722689399214,0
V18_f2,T2_re250_sl8_tr15,no_cost,0.5412400412081242,-0.18130762390602329,1.157220635967191,1.0453145015470207,0.5522388059701493,67,7.2835820895522385,0.0,32.456,0.3769761076285063,0.119293234406602,0.21666054794802592,0.002400968567607187,0.26374479581499033,0
V18_f2,T2_re250_sl8_tr15,no_filters,0.43971088185271157,-0.18928640903448513,1.0407361700147133,0.9247217844596795,0.5522388059701493,67,7.2835820895522385,0.03310512000000001,32.456,0.3384717385611453,0.07563786397193417,0.18981528632379674,-0.019891933577685705,0.23458722689399214,0
V18_f2,T2_re250_sl8_tr15,cap1w,0.15085170291282846,-0.15060346182344675,0.8734937983756161,0.5348267729572624,0.5230769230769231,65,7.492307692307692,0.07984522000000001,5.7097,0.27377768302482,-0.09650505088146943,0.14894078394022214,0.02233887705008053,-0.020223897319290085,0
V18_f2,T2_re250_sl8_tr15,cap3w,0.42041922680842525,-0.17400580366709895,1.073833425368743,0.9008377655263266,0.5522388059701493,67,7.2835820895522385,0.03894362399999999,19.16572,0.3309689289175093,0.06720690163944476,0.1847074749643396,-0.02420037859016766,0.22869691637681022,0
V18_f2,T2_re250_sl8_tr15,close_seq,1.40141090620985,-0.1814229757500646,1.833131931852202,1.999379891590248,0.5636363636363636,55,7.909090909090909,0.027278125200000003,26.74326,0.8604913754287433,0.2907401442032773,0.4304107651990492,0.0830016744306139,0.5501601941766685,0
V20_ensw2,A01_daily_top1,cap3w,0.31987419227775415,-0.2230833674509528,0.9934396529647178,0.8434662341224995,0.5185185185185185,243,1.0,0.24180364799999998,142.23744,0.3398543498758222,-0.014912186238690062,0.2562657683821461,0.0037928945831051664,0.04666305309389562,0
V20_ensw2,A01_daily_top1,close_seq,0.6570568830367134,-0.15482989206987285,1.5260760832551081,1.3925447141894411,0.48360655737704916,122,1.0,0.12270198119999999,120.29606,0.4654690481528003,0.13073482181381246,0.3025351112144994,0.10786532345957456,0.14831492363713195,0
V20_ensw2,D01_h5_sl8_t1,base,2.051531670577978,-0.11947250632158257,2.684319225683208,1.942160249012196,0.56,50,4.88,0.050217558,49.2329,1.0810795221636997,0.46632151154190304,0.08721222784702709,1.250531111191684,0.2471495445566707,0
V20_ensw2,D01_h5_sl8_t1,no_cost,2.208846394122912,-0.1169418600375094,2.7818304337389526,2.016433325572512,0.56,50,4.88,0.0,49.24408,1.1337720236438744,0.5038375039912271,0.1050292096305605,1.2863355222527164,0.2700920750162368,0
V20_ensw2,D01_h5_sl8_t1,no_filters,2.051531670577978,-0.11947250632158257,2.684319225683208,1.942160249012196,0.56,50,4.88,0.050217558,49.2329,1.0810795221636997,0.46632151154190304,0.08721222784702709,1.250531111191684,0.2471495445566707,0
V20_ensw2,D01_h5_sl8_t1,cap1w,1.9649866834907663,-0.11665136109948504,2.682771456589584,1.8996838811022598,0.56,50,4.88,0.074120356,9.27706,1.0512275383768674,0.4454694216112933,0.07689390690655862,1.230335873663578,0.23446720709877522,0
V20_ensw2,D01_h5_sl8_t1,cap3w,2.0515316705779822,-0.12040503359647181,2.7096313152879854,1.9421602490121976,0.56,50,4.88,0.049618682000000004,29.18746,1.0810795221637028,0.4663215115419035,0.08721222784702776,1.2505311111916861,0.24714954455667137,0
V20_ensw2,D01_h5_sl8_t1,close_seq,-0.11554235403395385,-0.4123842561105213,0.10977218744225727,0.007630364368460022,0.4418604651162791,43,4.6976744186046515,0.043136881200000005,42.29106,0.6760817431513748,-0.47230637790786645,0.5800011617227039,-0.2319500612894717,-0.2711633965087087,0
V18_f2,U2_re300_h20,no_filters,0.33981155212855096,-0.18664267555372482,0.8750663921465691,0.794279627031109,0.47058823529411764,85,5.741176470588235,0.041832640000000004,40.9965,0.3721731057997508,-0.0235841626208948,0.0940422017193363,0.04121701964862967,0.17616536051612175,0
V18_f2,U2_re300_h20,cap1w,0.22465517506755095,-0.17034320691060278,0.7517593448260225,0.6473501625839203,0.46835443037974683,79,6.139240506329114,0.09701654399999998,6.92944,0.34677632392995084,-0.09067663775529156,0.03450127087228916,0.06146893081653393,0.11525840936346632,0
V18_f2,U2_re300_h20,cap3w,0.2596645684647443,-0.1968616234645567,0.7962452443018734,0.6895033546991297,0.46987951807228917,83,5.879518072289157,0.048133606666666676,23.6157,0.4360145927105148,-0.12280517561656856,0.07097150334057067,0.1226789882090078,0.04766251203380567,0
V18_f2,U2_re300_h20,close_seq,0.042929649448168794,-0.23427680011739183,0.3743061024580619,0.3306004746418048,0.5303030303030303,66,6.424242424242424,0.0326213456,31.97078,0.5454037917184653,-0.32514100519421674,0.13410294675500456,0.029594867967702276,-0.10682580719922341,2
V20_ensw2,A01_daily_top1,base,0.3198741922777535,-0.22303620886909015,1.0081087478478725,0.8434662341224962,0.5185185185185185,243,1.0,0.2440969752,239.31076,0.3398543498758211,-0.01491218623869095,0.2562657683821459,0.0037928945831047223,0.046663053093895845,0
V20_ensw2,A01_daily_top1,no_cost,0.6906838545723657,-0.18681835625595744,1.6054932479938322,1.3971166698065962,0.5267489711934157,243,1.0,0.0,239.46192,0.5185750210644609,0.1133357464205238,0.36420015758073276,0.09022681944188493,0.13675650616866997,0
V20_ensw2,A01_daily_top1,no_filters,0.33756931600005746,-0.22098872862420427,1.0424491938872542,0.8735846266066822,0.5185185185185185,243,1.0,0.24409440480000005,239.30824,0.35781734106818974,-0.01491218623869095,0.2731081146676313,0.0037928945831047223,0.046663053093895845,0
V20_ensw2,A01_daily_top1,cap1w,0.14746210863315135,-0.2721651331570524,0.6645352866057287,0.5305788874988016,0.5020576131687243,243,1.0,0.360970892,45.37342,0.2471655056765849,-0.07994399828220455,0.19753976523729944,-0.04133738676381338,-0.0005004127595656938,0
V20_ensw2,N2_re300,base,0.5333161245627784,-0.22884487294046352,1.1569516669929636,0.942029952428731,0.5416666666666666,72,6.777777777777778,0.035737903200000004,35.03716,0.39231703561613807,0.10126938429956422,0.06822004631682654,0.7902193930523767,-0.19820245595723762,0
V20_ensw2,N2_re300,no_cost,0.6498749421617,-0.21996535538667872,1.2682814085785075,1.043052519542525,0.5555555555555556,72,6.777777777777778,0.0,35.03716,0.4515219422318375,0.13665174060329988,0.09463900475312648,0.8339219398246294,-0.17813731734041438,0
V20_ensw2,N2_re300,no_filters,0.7384270337455032,-0.2190809856301552,1.369321234233839,1.1155667380137744,0.5616438356164384,73,6.684931506849315,0.036239988,35.5294,0.5785665692061241,0.10126938429956422,0.17999826153749532,0.8425907775027484,-0.2004489345015058,0
V20_ensw2,N2_re300,cap1w,0.34505427305205605,-0.2280952893552307,1.088623546855739,0.761481084676511,0.5138888888888888,72,6.777777777777778,0.08833023599999999,6.28086,0.29448127833492577,0.03906815460643975,0.02461269377920794,0.7134348698534156,-0.23385234682873968,0
V20_ensw2,N2_re300,cap3w,0.5113797807477374,-0.22285360101707163,1.1749133688299191,0.9221667544143962,0.5277777777777778,72,6.777777777777778,0.04184664266666667,20.59228,0.3811269897089249,0.09430906209881806,0.06337015517131839,0.7814280622674301,-0.20215073101100856,0
V20_ensw2,N2_re300,close_seq,0.03862613587550934,-0.2945144630593196,0.4303854622935905,0.36203579405287983,0.546875,64,6.640625,0.031219089599999996,30.54948,-0.0564089353296916,0.10071637467063765,-0.009579403100956063,-0.04499100171365744,0.0980752930206823,0
V20_ensw2,P2_re300_sl8,base,1.1633347387852249,-0.14064291441486731,1.6197975544807899,1.3930676035486111,0.5517241379310345,87,5.597701149425287,0.0430383288,42.19444,0.6245722652612067,0.33163343056173256,0.0913058154336368,1.0248925441165597,-0.021016722523477305,0
V20_ensw2,P2_re300_sl8,no_cost,1.3630180276333839,-0.13161973310917308,1.7469642273122556,1.5130397840717484,0.5632183908045977,87,5.597701149425287,0.0,42.19444,0.7021043577669039,0.3882920966923402,0.12399589784426834,1.0847423818637933,0.008439650417929823,0
V18_f2,T2_re400_sl8_tr15,base,0.2335074597262734,-0.3370289923799179,0.7290086789344814,0.6472093236625033,0.4909090909090909,55,8.872727272727273,0.027077298800000007,26.51794,0.3002335797292477,-0.05131856386670797,0.3002335797292479,-0.07039888788306581,0.020525280970143056,0
V18_f2,T2_re400_sl8_tr15,no_cost,0.3047210318143614,-0.33793317197000994,0.8040282871044928,0.7416654079778142,0.4909090909090909,55,8.872727272727273,0.0,26.64886,0.3240935607974149,-0.014630785585413197,0.3240935607974149,-0.053102597401149865,0.040629335036876046,0
V18_f2,T2_re400_sl8_tr15,no_filters,0.2335074597262734,-0.3370289923799179,0.7290086789344814,0.6472093236625033,0.4909090909090909,55,8.872727272727273,0.027077298800000007,26.51794,0.3002335797292477,-0.05131856386670797,0.3002335797292479,-0.07039888788306581,0.020525280970143056,0
V18_f2,T2_re400_sl8_tr15,cap1w,-0.12051547715680877,-0.31528792815434936,0.3129294919740626,0.01882005619023921,0.4528301886792453,53,9.18867924528302,0.065030928,4.62728,0.25957536915107027,-0.30176109791989114,0.15001797427010422,0.04687359390850365,-0.2694846811054866,0
V18_f2,T2_re400_sl8_tr15,cap3w,0.21981347997054534,-0.32460309909173335,0.8187073955699762,0.6284395496118711,0.4909090909090909,55,8.872727272727273,0.031925803999999995,15.68362,0.2956265562573066,-0.05851460509250728,0.2956265562573066,-0.07364330479164072,0.016331397805389614,0
V18_f2,T2_re400_sl8_tr15,close_seq,0.2908837372158277,-0.1712771954761494,0.7043692940117995,0.79956577861493,0.5227272727272727,44,10.136363636363637,0.021553701600000003,21.13108,-0.009354275846575888,0.30307304189797857,0.015279213886171261,-0.12949756854595973,0.4606011766580813,0
V18_f2,U2_re300_h20,base,0.28128396115842835,-0.19803406824949865,0.8434655715776764,0.7191312639313956,0.46987951807228917,83,5.879518072289157,0.0407817544,39.96622,0.44759577797266026,-0.11488829916812049,0.0771921167546068,0.12855035860698272,0.05397735547016502,0
V18_f2,U2_re300_h20,no_cost,0.39439154726587433,-0.18785443108350675,0.9914582124387061,0.8665032816973586,0.46987951807228917,83,5.879518072289157,0.0,40.05056,0.5059378718422325,-0.07407100031285063,0.10720611174778871,0.1599811244491407,0.08568876762956301,0
V20_ensw2,T2_re300_mh5_sl8_tr15,base,1.807468886969529,-0.14390664702938183,1.8704010930824704,1.97455777449737,0.6190476190476191,63,7.746031746031746,0.031195149600000003,30.58348,0.8145439044715714,0.547203614115424,0.46102846025768796,0.7484634635492116,0.09900511701230053,0
V20_ensw2,T2_re300_mh5_sl8_tr15,no_cost,1.9917928330595074,-0.13765978367748277,1.9599775122825542,2.077354259453201,0.6190476190476191,63,7.746031746031746,0.0,30.58348,0.8739884668953308,0.596484122453572,0.4922686744023357,0.7856442405773185,0.12276678859270063,0
V20_ensw2,T2_re300_mh5_sl8_tr15,no_filters,2.5883869851384658,-0.1333559601809461,2.2912763167904435,2.3555500382064882,0.639344262295082,61,8.0,0.030189817200000003,29.59786,1.3192726234614165,0.547203614115424,0.8915347052059059,0.7261766767626272,0.09900511701230053,0
V20_ensw2,T2_re300_mh5_sl8_tr15,cap1w,1.5051852126455914,-0.14238459765344502,1.756780873515246,1.7903904685443686,0.6031746031746031,63,7.746031746031746,0.077296464,5.49864,0.7143953852071065,0.46126455674223243,0.4071093964777104,0.6849032952577867,0.056664207229653485,0
V20_ensw2,T2_re300_mh5_sl8_tr15,cap3w,1.773324387406792,-0.1436514110807685,1.852055550146681,1.9547944298055324,0.6190476190476191,63,7.746031746031746,0.036720536,18.13908,0.8033815586072588,0.5378467048030671,0.4550448282366184,0.7416817301820404,0.09434813169445255,0
V20_ensw2,T2_re300_mh5_sl8_tr15,close_seq,0.2960490380149676,-0.2494661979563425,0.612205549796738,0.736703675904556,0.45098039215686275,51,8.588235294117647,0.024670699999999997,24.1725,-0.28169953640204215,0.8043271634868152,0.08228522340442135,-0.21202431261255295,0.5197315768556228,0
V20_ensw2,T2_re250_sl8_tr15,base,1.0846848884106732,-0.17600086828848838,1.4432178907540103,1.5662456848944153,0.5692307692307692,65,7.507692307692308,0.032152929600000005,31.52248,0.4870098890823602,0.40193074956424235,0.38307404183986327,0.8435955053298874,-0.18242171642862137,0
V20_ensw2,T2_re250_sl8_tr15,no_cost,1.2265435977107804,-0.16890643822781426,1.5399593420412687,1.680990305941078,0.5692307692307692,65,7.507692307692308,0.0,31.52248,0.5390672727699084,0.44668373962861185,0.41269601225984665,0.8826959391774427,-0.16285189533963063,0
V20_ensw2,S2_re300_sl8_tr15,cap3w,1.1251269185737165,-0.12642555363624963,1.65365868382357,1.3688226678016242,0.5402298850574713,87,5.597701149425287,0.05049790933333333,24.80528,0.6099575448064007,0.31998941551546634,0.08519263407245292,1.0130434159642303,-0.02719701702418298,0
V20_ensw2,S2_re300_sl8_tr15,close_seq,0.8707640246583097,-0.19071870793777113,1.3030474694302931,1.2773502672452421,0.5945945945945946,74,5.608108108108108,0.036503902799999995,35.78814,0.006194206084421117,0.8592474627123323,-0.04512598027532966,0.04316854044359908,0.878098869432351,0
V20_ensw2,T2_re300_mh5,base,-0.11217535468903872,-0.3493137423773369,0.22335803877064148,0.1466645780646283,0.5283018867924528,53,9.18867924528302,0.0258837972,25.35186,0.2298833429073659,-0.2781228801650405,0.2638879901139215,0.07679831206943777,-0.3476446275247008,0
V20_ensw2,T2_re300_mh5,no_cost,-0.062581281184388,-0.33562639279139617,0.30646711326214426,0.23130884234132468,0.5283018867924528,53,9.18867924528302,0.0,25.41106,0.2640608666583957,-0.25840697743161467,0.2857941052296098,0.0956028154916504,-0.3345597725914856,0
V20_ensw2,T2_re300_mh5,no_filters,1.0062617708558714,-0.2149080363037571,1.4645730107918653,1.4278890004076281,0.6181818181818182,55,8.854545454545455,0.027207377999999994,26.6739,0.9576456559744237,0.024833970710214093,0.9553821136386489,0.4245460687610685,-0.27975631197753803,0
V20_ensw2,T2_re300_mh5,cap1w,-0.1971614773923892,-0.342250708784855,0.0004955862688551169,-0.010487915924994845,0.49056603773584906,53,9.18867924528302,0.06468414,4.4939,0.1719909334752563,-0.31497889644334764,0.22623879195167085,0.0421302576551279,-0.37175195383053883,0
V20_ensw2,T2_re300_mh5,cap3w,-0.12190727121303568,-0.33810930269509654,0.24038211652313457,0.1294618710929805,0.5094339622641509,53,9.18867924528302,0.030686808,15.02324,0.22325942505983987,-0.2821696601732624,0.2596369799970739,0.07320114094026642,-0.35044810640141266,0
V20_ensw2,T2_re300_mh5,close_seq,-0.3557044697812819,-0.39776343680054893,-0.28288268612729073,-0.6041410079005987,0.4375,48,9.1875,0.0218959592,21.09346,-0.19586838550786312,-0.19876856150515332,0.014696167923393455,-0.4030867674094868,0.06374588145788329,0
V20_ensw2,T2_re250_sl8_tr15,no_filters,1.576677031485648,-0.16350579769762708,1.7863305935807818,1.884068535992069,0.59375,64,7.625,0.031611738,30.9919,0.9610952922200475,0.31389690328037734,0.9873171068581463,0.44380233078780784,-0.10198192801518913,0
V20_ensw2,T2_re250_sl8_tr15,cap1w,0.8512298975220891,-0.1721840804211412,1.271081817262815,1.359612704777537,0.5384615384615384,65,7.507692307692308,0.07962650799999998,5.62558,0.39916047950693057,0.323100476776238,0.3321132073473745,0.7761283434394319,-0.21757111207070556,0
V20_ensw2,T2_re250_sl8_tr15,cap3w,1.058075064092908,-0.17398422267238556,1.4464125928336504,1.543860523322349,0.5692307692307692,65,7.507692307692308,0.037819912,18.63836,0.4770659625578295,0.39335352398815493,0.37739030061442613,0.836141623530003,-0.18623685947558377,0
V20_ensw2,T2_re250_sl8_tr15,close_seq,0.22992407685573557,-0.23595504696040948,0.5967870481630193,0.6425744784880828,0.4745762711864407,59,7.305084745762712,0.0286330764,28.03782,-0.026585201874061326,0.2635148748751712,0.1107690671819066,-0.18199652176752235,0.35362814572053747,1
V20_ensw2,T2_re400_sl8_tr15,base,0.37904418717061583,-0.23444906443278124,0.8647764563932229,0.8283772141081722,0.5333333333333333,60,8.133333333333333,0.029803951200000005,29.21956,0.046830454307928315,0.3173519947719883,0.22693200559770066,0.09589702871367534,0.025623438079901195,0
V20_ensw2,T2_re400_sl8_tr15,no_cost,0.4658889171526248,-0.22570339388514205,0.9481824761439841,0.9259925389577163,0.5333333333333333,60,8.133333333333333,0.0,29.21956,0.07935332582014021,0.35811775633227216,0.2520505684288621,0.11844502688844849,0.04680201238175652,0
V20_ensw2,T2_re400_sl8_tr15,no_filters,0.7976482978626644,-0.21174363810256724,1.2847522888517042,1.2282908953251979,0.5666666666666667,60,8.133333333333333,0.029799606000000003,29.2153,0.36459223123111273,0.3173519947719883,0.5993629877670152,0.09589702871367534,0.025623438079901195,0
V20_ensw2,T2_re400_sl8_tr15,cap1w,0.2372247411408448,-0.2419217023985628,0.6708692988729517,0.6550222403106929,0.5166666666666667,60,8.133333333333333,0.073654784,5.25184,-0.008610078135081856,0.24796985913825198,0.18248421637796275,0.057259056304868494,-0.010372330042640043,0
V20_ensw2,P2_re300_sl8,no_filters,1.452722913885347,-0.1349758210702452,1.832819662099958,1.5634845886492286,0.5681818181818182,88,5.534090909090909,0.043540413599999994,42.68668,0.8418904614392999,0.33163343056173256,0.2380383415057037,1.0312531966159604,-0.024672809500254855,0
V20_ensw2,P2_re300_sl8,cap1w,1.0682338850962507,-0.12620778899661722,1.5600083267993565,1.3440102543874914,0.5402298850574713,87,5.586206896551724,0.106461104,7.48504,0.49496285492779624,0.3834684107894728,0.03656734236678827,0.9178268614816105,0.04038176105963265,0
V20_ensw2,P2_re300_sl8,cap3w,1.1251269185737165,-0.12642555363624963,1.65365868382357,1.3688226678016242,0.5402298850574713,87,5.597701149425287,0.05049790933333333,24.80528,0.6099575448064007,0.31998941551546634,0.08519263407245292,1.0130434159642303,-0.02719701702418298,0
V20_ensw2,P2_re300_sl8,close_seq,0.8707640246583097,-0.19071870793777113,1.3030474694302931,1.2773502672452421,0.5945945945945946,74,5.608108108108108,0.036503902799999995,35.78814,0.006194206084421117,0.8592474627123323,-0.04512598027532966,0.04316854044359908,0.878098869432351,0
V20_ensw2,S2_re300_sl8_tr15,base,1.1633347387852249,-0.14064291441486731,1.6197975544807899,1.3930676035486111,0.5517241379310345,87,5.597701149425287,0.0430383288,42.19444,0.6245722652612067,0.33163343056173256,0.0913058154336368,1.0248925441165597,-0.021016722523477305,0
V20_ensw2,S2_re300_sl8_tr15,no_cost,1.3630180276333839,-0.13161973310917308,1.7469642273122556,1.5130397840717484,0.5632183908045977,87,5.597701149425287,0.0,42.19444,0.7021043577669039,0.3882920966923402,0.12399589784426834,1.0847423818637933,0.008439650417929823,0
V20_ensw2,S2_re300_sl8_tr15,no_filters,1.452722913885347,-0.1349758210702452,1.832819662099958,1.5634845886492286,0.5681818181818182,88,5.534090909090909,0.043540413599999994,42.68668,0.8418904614392999,0.33163343056173256,0.2380383415057037,1.0312531966159604,-0.024672809500254855,0
V20_ensw2,S2_re300_sl8_tr15,cap1w,1.0682338850962507,-0.12620778899661722,1.5600083267993565,1.3440102543874914,0.5402298850574713,87,5.586206896551724,0.106461104,7.48504,0.49496285492779624,0.3834684107894728,0.03656734236678827,0.9178268614816105,0.04038176105963265,0
V20_ensw2,T2_re400_sl8_tr15,cap3w,0.3630752478201491,-0.2295953336415839,0.8631677170738103,0.8097646148576051,0.5333333333333333,60,8.133333333333333,0.035005553333333335,17.3141,0.04061073440974039,0.30988005672776175,0.2220409362578739,0.09172920190777178,0.021690017553224195,0
V20_ensw2,T2_re400_sl8_tr15,close_seq,0.014800972119392686,-0.27915786069980164,0.2532922231982444,0.2870728074540535,0.4791666666666667,48,9.208333333333334,0.023229495200000002,22.68276,-0.07257133754134149,0.09420919710320952,0.08099459287289013,-0.17196771435440572,0.1337311579025251,0
V20_ensw2,U2_re300_h20,base,0.5356104267166923,-0.21790105734397702,1.176361001734044,0.9512682755967503,0.581081081081081,74,6.581081081081081,0.0366622476,35.94338,0.6087855913044558,-0.04548472150874372,0.07009231846962471,0.8631584525207394,-0.22978847181146722,0
V20_ensw2,U2_re300_h20,no_cost,0.6557081590504821,-0.20940222089234672,1.2956474788702455,1.057051173761127,0.5945945945945946,74,6.581081081081081,0.0,35.94338,0.6821532445356,-0.015720972848950243,0.09655606080348189,0.9085818549065583,-0.20888037384822666,0
V20_ensw2,U2_re300_h20,no_filters,0.7410282435182647,-0.2090305984654537,1.3960587744071293,1.1279109822140494,0.6,75,6.493333333333333,0.0371643324,36.43562,0.8239920122286581,-0.04548472150874372,0.213238017412392,1.0692461692930033,-0.30649811498083646,0
V20_ensw2,U2_re300_h20,cap1w,0.34173296325190683,-0.21768622773493085,1.0700085236777785,0.7617555420392751,0.5540540540540541,74,6.581081081081081,0.090757728,6.44528,0.4884910060973895,-0.09859518280211998,0.026410035099085016,0.7851195729515399,-0.2677187937941651,0
V20_ensw2,U2_re300_h20,cap3w,0.5130784502656627,-0.21214563505777928,1.2049500791303207,0.930509767967042,0.5675675675675675,74,6.581081081081081,0.043021436,21.17858,0.5949702458564285,-0.051343776351635007,0.0652341211559202,0.8541070542934432,-0.23390686511566294,0
V20_ensw2,U2_re300_h20,close_seq,-0.02247199253411647,-0.3017023410615778,0.33966100844533564,0.2607192262553635,0.5303030303030303,66,6.409090909090909,0.0320536232,31.38516,-0.1119629970772612,0.10077395902266395,-0.037899160308689006,-0.07476132907955768,0.09813273920362198,0
