models,top_return,IC,top_return_z,IC_z,composite_z
"['V1.8', 'V2.0', 'V2.1', 'V2.2']",0.74727586,0.05389271,-0.6650636163708374,-0.33973879219715447,-1.0048024085679919
"['V1.8', 'V2.0', 'V2.1', 'V2.3']",0.86348717,0.05562366,0.561779565771006,0.926109827982796,1.487889393753802
"['V1.8', 'V2.0', 'V2.1', 'V2.5']",0.74479619,0.05551809,-0.6912415007218677,0.8489061890374787,0.15766468831561098
"['V1.8', 'V2.0', 'V2.1', 'V2.4']",0.8515466,0.05608576,0.4357229289824925,1.2640448621462073,1.6997677911286997
"['V1.8', 'V2.0', 'V2.1', 'V2.6']",0.80704476,0.05546154,-0.03408314236088378,0.8075510144390331,0.7734678720781494
"['V1.8', 'V2.0', 'V2.1', 'V2.8']",0.92368908,0.05600058,1.1973313277760724,1.2017524877466434,2.399083815522716
"['V1.8', 'V2.0', 'V2.1', 'V2.7']",0.97166351,0.05580381,1.7037975431783514,1.0578540314117937,2.761651574590145
"['V1.8', 'V2.0', 'V2.1', 'V3.0']",0.93855308,0.05493795,1.3542506246961084,0.4246481697352468,1.7788987944313552
"['V1.8', 'V2.0', 'V2.1', 'V3.1']",0.75894437,0.05551235,-0.5418791178977203,0.8447085108377449,0.30282939294002464
"['V1.8', 'V2.0', 'V2.1', 'V3.4']",0.81502871,0.05481334,0.050203444065698356,0.33352052505422164,0.38372396911992
"['V1.8', 'V2.0', 'V2.1', 'V3.2']",0.7868865,0.05604322,-0.24689395952525983,1.2329352400875366,0.9860412805622768
"['V1.8', 'V2.0', 'V2.1', 'V3.3']",0.84062958,0.05471575,0.32047191291266053,0.26215268263048686,0.5826245955431474
"['V1.8', 'V2.0', 'V2.1', 'V3.5']",0.96460866,0.05537234,1.6293194685096009,0.7423188026940093,2.37163827120361
"['V1.8', 'V2.0', 'V2.1', 'V3.6']",0.8761683,0.0555815,0.6956542969168338,0.8952781009965826,1.5909323979134165
"['V1.8', 'V2.0', 'V2.1', 'V3.8']",0.82014212,0.05559221,0.10418573026482912,0.9031103542229221,1.0072960844877512
"['V1.8', 'V2.0', 'V2.1', 'V3.7']",0.86096041,0.05556772,0.5351045521349952,0.8852007481059287,1.420305300240924
"['V1.8', 'V2.0', 'V2.1', 'V1.2_copy']",0.8890158,0.05548444,0.8312853967002142,0.8242978490686462,1.6555832457688604
"['V1.8', 'V2.0', 'V2.2', 'V2.3']",0.91392851,0.05341831,1.0942889581623203,-0.6866688510742905,0.40762010708802976
"['V1.8', 'V2.0', 'V2.2', 'V2.4']",0.70100271,0.05460945,-1.1535694132139058,0.18441519262492131,-0.9691542205889845
"['V1.8', 'V2.0', 'V2.2', 'V2.5']",0.76419842,0.05406334,-0.4864120947557183,-0.21495659163601577,-0.7013686863917341
"['V1.8', 'V2.0', 'V2.2', 'V2.6']",0.7295273,0.05407374,-0.8524352227044678,-0.20735104228457732,-1.059786264989045
"['V1.8', 'V2.0', 'V2.2', 'V2.7']",0.80553823,0.05471155,-0.049987584529138825,0.25908121077701946,0.20909362624788064
"['V1.8', 'V2.0', 'V2.2', 'V2.8']",0.89243547,0.05478765,0.867386864144949,0.31473335555052406,1.1821202196954732
"['V1.8', 'V2.0', 'V2.2', 'V3.0']",0.85744105,0.05337706,0.49795065703216324,-0.7168350924922533,-0.21888443546009007
"['V1.8', 'V2.0', 'V2.2', 'V3.1']",0.77234755,0.05355546,-0.40038170252549987,-0.5863706690022007,-0.9867523715277006
"['V1.8', 'V2.0', 'V2.2', 'V3.3']",0.70920042,0.05337985,-1.0670261617638015,-0.7147947576181638,-1.7818209193819654
"['V1.8', 'V2.0', 'V2.2', 'V3.2']",0.75252326,0.05444045,-0.6096667973007218,0.06082501566405785,-0.548841781636664
"['V1.8', 'V2.0', 'V2.2', 'V3.4']",0.75881587,0.05323078,-0.5432356928206372,-0.8238100693315161,-1.3670457621521535
"['V1.8', 'V2.0', 'V2.2', 'V3.5']",0.92442726,0.05385533,1.2051242964655517,-0.36707489169299845,0.8380494047725533
"['V1.8', 'V2.0', 'V2.2', 'V3.6']",0.73980761,0.05352532,-0.7439059562001614,-0.6084121360649242,-1.3523180922650857
"['V1.8', 'V2.0', 'V2.2', 'V3.8']",0.79025818,0.0538682,-0.21129912266846854,-0.35766302437059533,-0.5689621470390639
"['V1.8', 'V2.0', 'V2.2', 'V3.7']",0.75589825,0.05334978,-0.5740370167630369,-0.7367850334833311,-1.3108220502463679
"['V1.8', 'V2.0', 'V2.2', 'V1.2_copy']",0.91877344,0.05401336,1.1454369001178373,-0.25150710669225174,0.8939297934255855
"['V1.8', 'V2.0', 'V2.3', 'V2.4']",0.78794423,0.05634214,-0.23572750043408475,1.4515362797155982,1.2158087792815135
"['V1.8', 'V2.0', 'V2.3', 'V2.5']",0.69805118,0.05559389,-1.1847287251379102,0.904338942964306,-0.2803897821736042
"['V1.8', 'V2.0', 'V2.3', 'V2.6']",0.69275674,0.05564442,-1.2406221456428428,0.9412916745727828,-0.29933047107005994
"['V1.8', 'V2.0', 'V2.3', 'V2.7']",0.92328621,0.05612109,1.193078227860156,1.2898817908564288,2.482960018716585
"['V1.8', 'V2.0', 'V2.3', 'V3.0']",0.86620238,0.05481359,0.5904440466772402,0.33370335075978524,0.9241473974370253
"['V1.8', 'V2.0', 'V2.3', 'V2.8']",0.96987263,0.05606315,1.6848912171242512,1.2475101053350528,2.932401322459304
"['V1.8', 'V2.0', 'V2.3', 'V3.1']",0.80282068,0.05429041,-0.07867676882307417,-0.04889965978688265,-0.12757642860995683
"['V1.8', 'V2.0', 'V2.3', 'V3.2']",0.65352374,0.05626389,-1.65480505576554,1.3943118338742488,-0.2604932218912912
"['V1.8', 'V2.0', 'V2.3', 'V3.4']",0.84987563,0.05510814,0.41808249319303603,0.5491085970545958,0.9671910902476318
"['V1.8', 'V2.0', 'V2.3', 'V3.3']",0.80618082,0.05495707,-0.04320375978426222,0.43863067969673475,0.39542691991247253
"['V1.8', 'V2.0', 'V2.3', 'V3.5']",0.83719534,0.05533261,0.2842166299299728,0.7132641415658706,0.9974807714958434
"['V1.8', 'V2.0', 'V2.3', 'V3.6']",0.84820655,0.05478391,0.40046201013980054,0.31199828299529386,0.7124602931350944
"['V1.8', 'V2.0', 'V2.3', 'V3.7']",0.74114696,0.05395314,-0.7297664338421244,-0.29554616264837136,-1.0253125964904957
"['V1.8', 'V2.0', 'V2.3', 'V3.8']",0.84164789,0.05490406,0.33122221493409737,0.3998643170890694,0.7310865320231668
"['V1.8', 'V2.0', 'V2.3', 'V1.2_copy']",0.86013858,0.05550243,0.526428490120208,0.837453986840986,1.363882476961194
"['V1.8', 'V2.0', 'V2.4', 'V2.5']",0.90554749,0.056283,1.0058105024389112,1.408287030807518,2.414097533246429
"['V1.8', 'V2.0', 'V2.4', 'V2.6']",0.85141627,0.05621066,0.43434703474355285,1.3553845846456911,1.789731619389244
"['V1.8', 'V2.0', 'V2.4', 'V2.7']",0.90249319,0.05670989,0.9735662472866724,1.7204728925993777,2.6940391398860504
"['V1.8', 'V2.0', 'V2.4', 'V2.8']",0.87475007,0.05677226,0.68068203813919,1.766084249623337,2.446766287762527
"['V1.8', 'V2.0', 'V2.4', 'V3.0']",0.77891556,0.05570854,-0.33104319933902515,0.9881828115356874,0.6571396121966623
"['V1.8', 'V2.0', 'V2.4', 'V3.2']",0.85065634,0.05641773,0.42632445123249,1.5068154600497519,1.9331399112822418
"['V1.8', 'V2.0', 'V2.4', 'V3.1']",0.8306097,0.05628978,0.2146920067754748,1.4132452639423962,1.627937270717871
"['V1.8', 'V2.0', 'V2.4', 'V3.4']",0.82149558,0.05566377,0.11847421193930414,0.955442384183392,1.0739165961226962
"['V1.8', 'V2.0', 'V2.4', 'V3.3']",0.7207829,0.05563,-0.9447498822838247,0.9307462878758844,-0.0140035944079403
"['V1.8', 'V2.0', 'V2.4', 'V3.7']",0.81148263,0.05630576,0.01276746583492582,1.4249314830420137,1.4376989488769394
"['V1.8', 'V2.0', 'V2.4', 'V3.6']",0.78161308,0.05615315,-0.3025654718210127,1.3133273593378811,1.0107618875168685
"['V1.8', 'V2.0', 'V2.4', 'V3.5']",0.92398576,0.05599656,1.2004633795124977,1.1988126504011836,2.3992760299136813
"['V1.8', 'V2.0', 'V2.4', 'V3.8']",0.79853573,0.0563641,-0.12391300007559716,1.4675956896922893,1.343682689616692
"['V1.8', 'V2.0', 'V2.4', 'V1.2_copy']",0.86589332,0.0562582,0.5871812992400685,1.3901507208156285,1.977332020055697
"['V1.8', 'V2.0', 'V2.5', 'V2.6']",0.71029923,0.05566635,-1.0554260209774258,0.9573291454648079,-0.09809687551261792
"['V1.8', 'V2.0', 'V2.5', 'V2.7']",0.86858601,0.05606058,0.615608036432185,1.2456306570818607,1.8612386935140457
"['V1.8', 'V2.0', 'V2.5', 'V2.8']",0.854001,0.05611131,0.4616340378603539,1.2827296492547875,1.7443636871151413
"['V1.8', 'V2.0', 'V2.5', 'V3.0']",0.85414911,0.05499774,0.4631976356178103,0.46837276547779544,0.9315704010956057
"['V1.8', 'V2.0', 'V2.5', 'V3.1']",0.75909722,0.05553087,-0.5402654799446642,0.8582522391058832,0.317986759161219
"['V1.8', 'V2.0', 'V2.5', 'V3.2']",0.82615818,0.05624344,0.16769729548473972,1.3793566911591628,1.5470539866439026
"['V1.8', 'V2.0', 'V2.5', 'V3.3']",0.73876519,0.05499882,-0.7549107875709486,0.46916257252582466,-0.285748215045124
"['V1.8', 'V2.0', 'V2.5', 'V3.4']",0.74787634,0.05482832,-0.6587243470345521,0.34447544133157965,-0.3142489057029724
"['V1.8', 'V2.0', 'V2.5', 'V3.5']",0.90792249,0.05538544,1.0308833852554538,0.7518988696655335,1.7827822549209873
"['V1.8', 'V2.0', 'V2.5', 'V3.6']",0.86170954,0.05566775,0.5430131200105135,0.9583529694159619,1.5013660894264755
"['V1.8', 'V2.0', 'V2.5', 'V3.7']",0.73174116,0.05554799,-0.8290634953982653,0.8707721434228624,0.04170864802459706
"['V1.8', 'V2.0', 'V2.5', 'V1.2_copy']",0.78691234,0.05559917,-0.24662116656021643,0.9082002218658077,0.6615790553055914
"['V1.8', 'V2.0', 'V2.6', 'V2.7']",0.84805952,0.05597249,0.3989098139458985,1.1812101914695374,1.5801200054154358
"['V1.8', 'V2.0', 'V2.5', 'V3.8']",0.68366531,0.05558402,-1.3366004020743367,0.8971209841086609,-0.4394794179656758
"['V1.8', 'V2.0', 'V2.6', 'V2.8']",0.87413123,0.05609677,0.6741489422224787,1.272096506219219,1.9462454484416978
"['V1.8', 'V2.0', 'V2.6', 'V3.0']",0.77367544,0.05506968,-0.3863631634251805,0.5209826905107225,0.13461952708554203
"['V1.8', 'V2.0', 'V2.6', 'V3.2']",0.84081376,0.05618174,0.3224163017788291,1.3342353070261144,1.6566516088049434
"['V1.8', 'V2.0', 'V2.6', 'V3.1']",0.87465529,0.05552653,0.6796814453672516,0.8550783848572984,1.53475983022455
"['V1.8', 'V2.0', 'V2.6', 'V3.3']",0.72350453,0.05511133,-0.9160176254164618,0.5514414530575851,-0.36457617235887674
"['V1.8', 'V2.0', 'V2.6', 'V3.5']",0.74995296,0.05545227,-0.636801462860031,0.8007718372767427,0.1639703744167117
"['V1.8', 'V2.0', 'V2.6', 'V3.4']",0.7097998,0.05500314,-1.0606985051311373,0.472321800717962,-0.5883767044131754
"['V1.8', 'V2.0', 'V2.6', 'V3.6']",0.75906267,0.05570758,-0.540630224408374,0.9874807608263231,0.44685053641794903
"['V1.8', 'V2.0', 'V2.6', 'V3.7']",0.69066016,0.05561372,-1.2627557476030562,0.9188406779295947,-0.3439150696734615
"['V1.8', 'V2.0', 'V2.6', 'V1.2_copy']",0.82935469,0.05564497,0.20144286207501574,0.9416938911250238,1.1431367532000396
"['V1.8', 'V2.0', 'V2.6', 'V3.8']",0.83042269,0.05572969,0.21271774158999215,1.0036498662263504,1.2163676078163426
"['V1.8', 'V2.0', 'V2.7', 'V2.8']",0.93149603,0.05643897,1.2797493246201166,1.5223483319944184,2.802097656614535
"['V1.8', 'V2.0', 'V2.7', 'V3.0']",1.04599735,0.0554233,2.488540136704082,0.7795859945160573,3.2681261312201393
"['V1.8', 'V2.0', 'V2.7', 'V3.1']",0.86991399,0.05603629,0.6296275256628007,1.2278673115293222,1.8574948371921227
"['V1.8', 'V2.0', 'V2.7', 'V3.2']",0.80861708,0.05662108,-0.017484154946102757,1.65552588895503,1.6380417340089273
"['V1.8', 'V2.0', 'V2.7', 'V3.3']",0.81774764,0.05545728,0.0789071970241749,0.8044356644162333,0.8833428614404082
"['V1.8', 'V2.0', 'V2.7', 'V3.5']",0.74604753,0.05583378,-0.6780311002234873,1.0797711769947336,0.40174007677124624
"['V1.8', 'V2.0', 'V2.7', 'V3.6']",0.79342168,0.05610607,-0.17790204275683424,1.2788976224661808,1.1009955797093465
"['V1.8', 'V2.0', 'V2.7', 'V3.4']",0.84807076,0.05543387,0.3990284746628921,0.7873158653472794,1.1863443400101714
"['V1.8', 'V2.0', 'V2.7', 'V3.7']",0.86952568,0.05601189,0.6255281357148036,1.2100235226663325,1.835551658381136
"['V1.8', 'V2.0', 'V2.7', 'V3.8']",0.90162057,0.05616963,0.9643539950747267,1.3253792298486207,2.2897332249233475
"['V1.8', 'V2.0', 'V2.7', 'V1.2_copy']",0.90891634,0.0560155,1.0413754629763883,1.212663525854669,2.2540389888310575
"['V1.8', 'V2.0', 'V2.8', 'V3.0']",0.8953727,0.0555077,0.8983952109218892,0.8413079527142641,1.7397031636361533
"['V1.8', 'V2.0', 'V2.8', 'V3.2']",0.83369568,0.05668842,0.24727070779197777,1.704771821005595,1.952042528797573
"['V1.8', 'V2.0', 'V2.8', 'V3.1']",0.85408853,0.05609751,0.46255809235842993,1.2726376703076911,1.735195762666121
"['V1.8', 'V2.0', 'V2.8', 'V3.3']",0.72124564,0.05560629,-0.939864734580866,0.9134070979602532,-0.026457636620612734
"['V1.8', 'V2.0', 'V2.8', 'V3.4']",0.79185369,0.05552221,-0.19445531834736451,0.8519191566651662,0.6574638383178016
"['V1.8', 'V2.0', 'V2.8', 'V3.5']",0.83801114,0.055909,0.2928290332149143,1.1347797752846536,1.427608808499568
"['V1.8', 'V2.0', 'V2.8', 'V3.7']",0.81311824,0.0559163,0.03003460598800587,1.1401182858871066,1.1701528918751125
"['V1.8', 'V2.0', 'V2.8', 'V3.6']",0.81381685,0.05610931,0.037409834057254614,1.2812670436102838,1.3186768776675384
"['V1.8', 'V2.0', 'V2.8', 'V3.8']",0.84624847,0.05622882,0.37979055313541543,1.3686650438978145,1.7484555970332298
"['V1.8', 'V2.0', 'V2.8', 'V1.2_copy']",0.93441671,0.05607499,1.3105829529925879,1.2561687307505354,2.5667516837431235
"['V1.8', 'V2.0', 'V3.0', 'V3.1']",0.85726313,0.0548554,0.4960723550065967,0.3642791217582076,0.8603514767648043
"['V1.8', 'V2.0', 'V3.0', 'V3.2']",0.77021801,0.05559587,-0.4228632633141901,0.9057869225523673,0.48292365923817715
"['V1.8', 'V2.0', 'V3.0', 'V3.3']",0.83688024,0.05436319,0.2808901181929244,0.0043245596167390075,0.2852146778096634
"['V1.8', 'V2.0', 'V3.0', 'V3.4']",0.9390259,0.05441643,1.3592421869922415,0.04325912187352549,1.402501308865767
"['V1.8', 'V2.0', 'V3.0', 'V3.5']",0.9494385,0.05478416,1.4691680394619377,0.31218110870085747,1.7813491481627952
"['V1.8', 'V2.0', 'V3.0', 'V3.6']",0.81205049,0.05499585,0.018762365723852616,0.4669906031437328,0.4857529688675854
"['V1.8', 'V2.0', 'V3.0', 'V3.7']",0.98917321,0.05484043,1.888647503705852,0.3533315185090733,2.2419790222149256
"['V1.8', 'V2.0', 'V3.0', 'V3.8']",0.83829351,0.0550694,0.2958100142342434,0.5207779257204878,0.8165879399547311
"['V1.8', 'V2.0', 'V3.0', 'V1.2_copy']",0.81185549,0.0547173,0.016703750082073927,0.26328620200498215,0.27998995208705607
"['V1.8', 'V2.0', 'V3.1', 'V3.2']",0.81622673,0.0562569,0.06285094514859295,1.3892000271466969,1.45205097229529
"['V1.8', 'V2.0', 'V3.1', 'V3.4']",0.80263209,0.05501878,-0.0806677140737563,0.4837593768580122,0.4030916627842559
"['V1.8', 'V2.0', 'V3.1', 'V3.3']",0.62838793,0.05494825,-1.920163884661908,0.4321805888044578,-1.4879832958574502
"['V1.8', 'V2.0', 'V3.1', 'V3.5']",0.79118968,0.05527894,-0.20146527410273862,0.6740151190955181,0.4725498449927795
"['V1.8', 'V2.0', 'V3.1', 'V3.6']",0.68099487,0.05498312,-1.3647922459432236,0.45768111821644714,-0.9071111277267765
"['V1.8', 'V2.0', 'V3.1', 'V1.2_copy']",0.8104785,0.0555485,0.0021668621201576116,0.8711451078622133,0.8733119699823709
"['V1.8', 'V2.0', 'V3.1', 'V3.8']",0.72099863,0.05488672,-0.9424724199638197,0.38718352615119284,-0.5552888938126268
"['V1.8', 'V2.0', 'V3.1', 'V3.7']",0.6461621,0.05425901,-1.7325219134739918,-0.0718625684056428,-1.8043844818796346
"['V1.8', 'V2.0', 'V3.2', 'V3.3']",0.75550639,0.05567961,-0.5781738840727173,0.9670262208878869,0.3888523368151696
"['V1.8', 'V2.0', 'V3.2', 'V3.4']",0.88179451,0.05548798,0.7550502144036793,0.8268866610594214,1.5819368754631007
"['V1.8', 'V2.0', 'V3.2', 'V3.5']",0.76644559,0.05597204,-0.46268871366988723,1.1808811051995238,0.7181923915296367
"['V1.8', 'V2.0', 'V3.2', 'V3.7']",0.82435821,0.05616333,0.1486950062707223,1.320772022068422,1.4694670283391442
"['V1.8', 'V2.0', 'V3.2', 'V3.6']",0.75128427,0.05590617,-0.6227468188084562,1.1327101882976742,0.509963369489218
"['V1.8', 'V2.0', 'V3.2', 'V3.8']",0.78722031,0.05632987,-0.24336992625663256,1.4425631940865447,1.1991932678299122
"['V1.8', 'V2.0', 'V3.2', 'V1.2_copy']",0.80822396,0.05614688,-0.02163432407993002,1.3087420906423537,1.2871077665624238
"['V1.8', 'V2.0', 'V3.3', 'V3.5']",0.92183053,0.05479818,1.1777106093092575,0.32243397426885617,1.5001445835781138
"['V1.8', 'V2.0', 'V3.3', 'V3.4']",0.69707499,0.05436307,-1.1950343661807235,0.00423680327806909,-1.1907975629026544
"['V1.8', 'V2.0', 'V3.3', 'V3.6']",0.76202254,0.05513808,-0.5093828670769219,0.5710038035528695,0.061620936475947574
"['V1.8', 'V2.0', 'V3.3', 'V3.7']",0.85792149,0.05498787,0.5030226636933748,0.46115480662215036,0.9641774703155251
"['V1.8', 'V2.0', 'V3.3', 'V3.8']",0.76197595,0.05504597,-0.5098747178602585,0.5036435005950862,-0.006231217265172284
"['V1.8', 'V2.0', 'V3.3', 'V1.2_copy']",0.78289143,0.05495301,-0.28906992666373715,0.4356615902383848,0.14659166357464765
"['V1.8', 'V2.0', 'V3.4', 'V3.5']",0.88406974,0.05481211,0.7790698250018618,0.3326210225828461,1.111690847584708
"['V1.8', 'V2.0', 'V3.4', 'V3.6']",0.68547024,0.05507099,-1.3175457501239944,0.521940697207873,-0.7956050529161215
"['V1.8', 'V2.0', 'V3.4', 'V3.7']",0.77100106,0.05496507,-0.41459660188703484,0.44448110227476473,0.029884500387729884
"['V1.8', 'V2.0', 'V3.4', 'V3.8']",0.77266371,0.05500914,-0.3970440003649616,0.4767096176514832,0.07966561728652155
"['V1.8', 'V2.0', 'V3.4', 'V1.2_copy']",0.87636513,0.05496236,0.6977322318746363,0.4424992716264602,1.1402315035010964
"['V1.8', 'V2.0', 'V3.5', 'V3.6']",0.80313315,0.05533698,-0.0753780220046804,0.7164599348991216,0.6410819128944413
"['V1.8', 'V2.0', 'V3.5', 'V3.7']",0.63741812,0.05492491,-1.8248321391119664,0.41511198093306007,-1.4097201581789063
"['V1.8', 'V2.0', 'V3.5', 'V1.2_copy']",1.00581474,0.05540991,2.064332190686051,0.7697938497260794,2.83412604041213
"['V1.8', 'V2.0', 'V3.5', 'V3.8']",0.92795005,0.05541489,1.2423144020896726,0.7734357377809038,2.015750139870576
"['V1.8', 'V2.0', 'V3.6', 'V3.8']",0.8364268,0.05526975,0.2761031506205734,0.6672944461590077,0.9433975967795811
"['V1.8', 'V2.0', 'V3.6', 'V3.7']",0.81657667,0.05451082,0.0665452628803069,0.11228679526604726,0.17883205814635417
"['V1.8', 'V2.0', 'V3.6', 'V1.2_copy']",0.84366608,0.05558613,0.35252825340631566,0.8986640330636159,1.2511922864699314
"['V1.8', 'V2.0', 'V3.7', 'V3.8']",0.65473418,0.05481092,-1.642026436701769,0.3317507722243656,-1.3102756644774034
"['V1.8', 'V2.0', 'V3.7', 'V1.2_copy']",0.90479821,0.05550501,0.9979003510128993,0.839340748122402,1.8372410991353014
"['V1.8', 'V2.0', 'V3.8', 'V1.2_copy']",0.81461676,0.05572418,0.045854486559899155,0.9996203876757326,1.0454748742356317
"['V1.8', 'V2.1', 'V2.2', 'V2.3']",0.8473155,0.05229936,0.3910551923571984,-1.5049601440350067,-1.1139049516778083
"['V1.8', 'V2.1', 'V2.2', 'V2.4']",0.74862195,0.05334636,-0.6508529398106191,-0.7392860891354365,-1.3901390289460556
"['V1.8', 'V2.1', 'V2.2', 'V2.5']",0.69852787,0.05290974,-1.179696307239039,-1.058587527387829,-2.238283834626868
"['V1.8', 'V2.1', 'V2.2', 'V2.6']",0.75206902,0.05292541,-0.6144622104757059,-1.0471280121631124,-1.6615902226388184
"['V1.8', 'V2.1', 'V2.2', 'V2.7']",0.78852619,0.05357237,-0.22958374679875218,-0.5740043382778901,-0.8035880850766423
"['V1.8', 'V2.1', 'V2.2', 'V2.8']",0.76457009,0.05381482,-0.4824883733424877,-0.39669996902249416,-0.8791883423649818
"['V1.8', 'V2.1', 'V2.2', 'V3.0']",0.92098144,0.05224138,1.1687467633847533,-1.5473610816692778,-0.3786143182845245
"['V1.8', 'V2.1', 'V2.2', 'V3.1']",0.85502913,0.05230944,0.47248800965411053,-1.497588611586693,-1.0251006019325826
"['V1.8', 'V2.1', 'V2.2', 'V3.2']",0.67326857,0.05319365,-1.4463588204718354,-0.8509633431217914,-2.297322163593627
"['V1.8', 'V2.1', 'V2.2', 'V3.4']",0.74150298,0.0519304,-0.7260079295303998,-1.774781633333714,-2.5007895628641137
"['V1.8', 'V2.1', 'V2.2', 'V3.3']",0.83236316,0.05194893,0.23320328976641963,-1.7612305920373572,-1.5280273022709376
"['V1.8', 'V2.1', 'V2.2', 'V3.5']",0.87366744,0.05276745,0.6692527096660635,-1.1626446059662978,-0.4933918963002343
"['V1.8', 'V2.1', 'V2.2', 'V3.6']",0.82676179,0.05234467,0.17406960824132725,-1.471824813158694,-1.2977552049173666
"['V1.8', 'V2.1', 'V2.2', 'V3.7']",0.96511545,0.05226408,1.6346696522075357,-1.5307605076041195,0.10390914460341616
"['V1.8', 'V2.1', 'V2.2', 'V1.2_copy']",0.85173147,0.05284682,0.4376746021809322,-1.1046011009640242,-0.6669264987830921
"['V1.8', 'V2.1', 'V2.3', 'V2.4']",0.96597916,0.05548199,1.6437878415201566,0.822506157154124,2.4662939986742805
"['V1.8', 'V2.1', 'V2.2', 'V3.8']",0.81300003,0.05261616,0.028786662628955906,-1.2732834099450512,-1.2444967473160953
"['V1.8', 'V2.1', 'V2.3', 'V2.5']",0.85072185,0.05483993,0.4270160405180949,0.35296586709794614,0.779981907616041
"['V1.8', 'V2.1', 'V2.3', 'V2.7']",0.86176054,0.05537068,0.5435515271783637,0.7411048400090678,1.2846563671874316
"['V1.8', 'V2.1', 'V2.3', 'V2.8']",0.85774395,0.05548311,0.5011483733290604,0.8233252163150483,1.3244735896441087
"['V1.8', 'V2.1', 'V2.3', 'V2.6']",0.80045273,0.05489066,-0.10367522476641385,0.39006485927087287,0.28638963450445903
"['V1.8', 'V2.1', 'V2.3', 'V3.0']",0.87849206,0.05406329,0.7201862388847364,-0.2149931567771295,0.5051930821076069
"['V1.8', 'V2.1', 'V2.3', 'V3.2']",0.85057926,0.05542487,0.42551071741880553,0.780734139946995,1.2062448573658004
"['V1.8', 'V2.1', 'V2.3', 'V3.1']",0.91661672,0.05344796,1.1226683999796927,-0.6649857223944654,0.4576826775852273
"['V1.8', 'V2.1', 'V2.3', 'V3.3']",0.9600302,0.05392044,1.5809846512210837,-0.3194597649360632,1.2615248862850206
"['V1.8', 'V2.1', 'V2.3', 'V3.4']",0.921818,0.05419946,1.1775783300580192,-0.11541165147085157,1.0621666785871675
"['V1.8', 'V2.1', 'V2.3', 'V3.6']",0.81768094,0.05400095,0.07820304490465373,-0.2605825747164227,-0.18237952981176897
"['V1.8', 'V2.1', 'V2.3', 'V3.5']",0.88003249,0.05463889,0.7364485634645614,0.2059447477120728,0.9423933111766343
"['V1.8', 'V2.1', 'V2.3', 'V3.7']",0.98925884,0.05328988,1.8895514998976748,-0.7805900725363258,1.1089614273613488
"['V1.8', 'V2.1', 'V2.3', 'V3.8']",0.97916098,0.05405273,1.7829483586438428,-0.22271571458012784,1.5602326440637149
"['V1.8', 'V2.1', 'V2.3', 'V1.2_copy']",1.03841309,0.05472519,2.4084730789229494,0.2690561812725609,2.6775292601955103
"['V1.8', 'V2.1', 'V2.4', 'V2.5']",0.81030196,0.05538614,0.0003031287591334171,0.7524107816411106,0.752713910400244
"['V1.8', 'V2.1', 'V2.4', 'V2.6']",0.78111525,0.05531193,-0.30782106476945786,0.6981407992016687,0.39031973443221085
"['V1.8', 'V2.1', 'V2.4', 'V2.7']",0.91061163,0.05581473,1.0592726450858858,1.0658398582308017,2.1251125033166876
"['V1.8', 'V2.1', 'V2.4', 'V2.8']",0.97211793,0.05603778,1.7085948566139282,1.2289569527344801,2.9375518093484083
"['V1.8', 'V2.1', 'V2.4', 'V3.0']",0.80949459,0.05482302,-0.008220278988062863,0.3405995363736355,0.3323792573855726
"['V1.8', 'V2.1', 'V2.4', 'V3.1']",0.85997226,0.05530345,0.5246726493328202,0.691939351268954,1.2166120006017742
"['V1.8', 'V2.1', 'V2.4', 'V3.3']",0.84935309,0.05446701,0.41256603669326547,0.08024841862311613,0.49281445531638157
"['V1.8', 'V2.1', 'V2.4', 'V3.2']",0.81794177,0.05542926,0.080956628073091,0.7839445593366885,0.8649011874097795
"['V1.8', 'V2.1', 'V2.4', 'V3.4']",0.74789911,0.05461996,-0.6584839640696126,0.192101185286811,-0.46638277878280165
"['V1.8', 'V2.1', 'V2.4', 'V3.5']",0.85967996,0.05516157,0.5215868372708093,0.5881821068476084,1.1097689441184178
"['V1.8', 'V2.1', 'V2.4', 'V3.6']",0.79402946,0.05522676,-0.17148570729652401,0.6358557378303236,0.46437003053379955
"['V1.8', 'V2.1', 'V2.4', 'V3.7']",0.89219034,0.05548787,0.8647990259281827,0.8268062177489753,1.691605243677158
"['V1.8', 'V2.1', 'V2.4', 'V3.8']",0.86538486,0.05536978,0.5818134853466379,0.740446667469041,1.3222601528156788
"['V1.8', 'V2.1', 'V2.4', 'V1.2_copy']",0.76841313,0.05534704,-0.4419173874143674,0.7238168412909928,0.28189945387662535
"['V1.8', 'V2.1', 'V2.5', 'V2.6']",0.82061546,0.05486352,0.10918278220267413,0.3702173006749075,0.4794000828775816
"['V1.8', 'V2.1', 'V2.5', 'V2.7']",0.83182364,0.05527014,0.22750757535076435,0.6675796542596888,0.8950872296104532
"['V1.8', 'V2.1', 'V2.5', 'V2.8']",0.85448408,0.05547089,0.46673391501025474,0.8143886958271085,1.2811226108373632
"['V1.8', 'V2.1', 'V2.5', 'V3.0']",0.86560123,0.05420776,0.5840977041487493,-0.10934183804614428,0.474755866102605
"['V1.8', 'V2.1', 'V2.5', 'V3.1']",0.7674898,0.05465553,-0.45166498526320875,0.2181136266743723,-0.23355135858883644
"['V1.8', 'V2.1', 'V2.5', 'V3.2']",0.84444955,0.05535415,0.3607993487748532,0.7290164043572145,1.0898157531320676
"['V1.8', 'V2.1', 'V2.5', 'V3.3']",0.80461543,0.05394106,-0.05972958716623581,-0.3043803007411937,-0.36410988790742954
"['V1.8', 'V2.1', 'V2.5', 'V3.4']",0.82287032,0.05388738,0.1329873466438155,-0.3436366362397699,-0.21064928959595441
"['V1.8', 'V2.1', 'V2.5', 'V3.5']",0.83202134,0.05464616,0.2295946949014306,0.21126131922985444,0.44085601413128506
"['V1.8', 'V2.1', 'V2.5', 'V3.6']",0.86067393,0.05484499,0.5320801818321395,0.35666625937855045,0.8887464412106899
"['V1.8', 'V2.1', 'V2.5', 'V3.7']",0.78109737,0.05483532,-0.30800982398830434,0.34959456108735526,0.04158473709905092
"['V1.8', 'V2.1', 'V2.5', 'V1.2_copy']",0.86211446,0.05478232,0.5472878617831768,0.31083551150791366,0.8581233732910905
"['V1.8', 'V2.1', 'V2.5', 'V3.8']",0.74283823,0.05469718,-0.7119116908858574,0.24857238922123479,-0.46333930166462256
"['V1.8', 'V2.1', 'V2.6', 'V2.8']",0.93424423,0.0554535,1.3087620810649256,0.8016713397481182,2.110433420813044
"['V1.8', 'V2.1', 'V2.6', 'V2.7']",0.91959291,0.05518076,1.1540880476048565,0.6022158080066576,1.756303855611514
"['V1.8', 'V2.1', 'V2.6', 'V3.0']",0.78503158,0.0542762,-0.26647635607012854,-0.05929147289110745,-0.325767828961236
"['V1.8', 'V2.1', 'V2.6', 'V3.1']",0.87991362,0.05465159,0.7351936524833395,0.21523229355469228,0.9504259460380318
"['V1.8', 'V2.1', 'V2.6', 'V3.2']",0.67798367,0.05529363,-1.3965814942536117,0.6847579575544277,-0.711823536699184
"['V1.8', 'V2.1', 'V2.6', 'V3.3']",0.85284075,0.05405139,0.4493852747917675,-0.22369566036194952,0.22568961442981797
"['V1.8', 'V2.1', 'V2.6', 'V3.4']",0.78920864,0.05406277,-0.2223791199026893,-0.21537343424469912,-0.43775255414738845
"['V1.8', 'V2.1', 'V2.6', 'V3.5']",0.79463464,0.05471009,-0.16509682004477047,0.25801350865653294,0.09291668861176247
"['V1.8', 'V2.1', 'V2.6', 'V3.6']",0.88362174,0.05488724,0.774340287527415,0.3875638036187625,1.1619040911461775
"['V1.8', 'V2.1', 'V2.6', 'V3.8']",0.87334762,0.05484055,0.66587636887348,0.3534192748477432,1.0192956437212233
"['V1.8', 'V2.1', 'V2.6', 'V3.7']",0.90780016,0.0549095,1.0295919470428436,0.403842604442131,1.4334345514849747
"['V1.8', 'V2.1', 'V2.6', 'V1.2_copy']",0.79920104,0.05482638,-0.11688932021594471,0.3430567138564084,0.22616739364046368
"['V1.8', 'V2.1', 'V2.7', 'V2.8']",0.94885505,0.05580334,1.463008555891702,1.0575103190853328,2.520518874977035
"['V1.8', 'V2.1', 'V2.7', 'V3.0']",0.81502787,0.05463715,0.05019457618293375,0.20467228080135141,0.2548668569842852
"['V1.8', 'V2.1', 'V2.7', 'V3.1']",0.79718013,0.05517163,-0.13822407373711512,0.5955390132394796,0.45731493950236446
"['V1.8', 'V2.1', 'V2.7', 'V3.2']",0.82855556,0.05574381,0.19300644403493866,1.0139758620765715,1.2069823061115101
"['V1.8', 'V2.1', 'V2.7', 'V3.3']",0.96131837,0.05439863,1.594583866150678,0.030241931637411724,1.6248257977880896
"['V1.8', 'V2.1', 'V2.7', 'V3.4']",0.84198465,0.05450985,0.3347773913624342,0.11157743152845909,0.44635482289089323
"['V1.8', 'V2.1', 'V2.7', 'V3.5']",0.95611035,0.05510106,1.539602781870169,0.5439309730730403,2.0835337549432094
"['V1.8', 'V2.1', 'V2.7', 'V3.6']",0.85776553,0.05529666,0.5013761934600836,0.686973805105852,1.1883499985659356
"['V1.8', 'V2.1', 'V2.7', 'V3.7']",0.99008627,0.05531583,1.8982866811308932,0.7009928802084587,2.599279561339352
"['V1.8', 'V2.1', 'V2.7', 'V3.8']",0.89653346,0.05529357,0.9106493580621542,0.6847140793850902,1.5953634374472445
"['V1.8', 'V2.1', 'V2.7', 'V1.2_copy']",0.8176633,0.05520598,0.07801681936659696,0.6206592651838941,0.6986760845504911
"['V1.8', 'V2.1', 'V2.8', 'V3.0']",1.02565033,0.05487353,2.2737365795984634,0.3775376419256649,2.6512742215241283
"['V1.8', 'V2.1', 'V2.8', 'V3.1']",0.89545587,0.05538936,0.8992732368856166,0.7547655767287661,1.6540388136143827
"['V1.8', 'V2.1', 'V2.8', 'V3.2']",0.79000711,0.05596708,-0.21394966948478425,1.177253843201147,0.9633041737163628
"['V1.8', 'V2.1', 'V2.8', 'V3.3']",0.88592678,0.05470653,0.7986746023937066,0.2554100706093102,1.054084673003017
"['V1.8', 'V2.1', 'V2.8', 'V3.4']",0.80476884,0.05474158,-0.05811003729133632,0.2810422345292968,0.22293219723796046
"['V1.8', 'V2.1', 'V2.8', 'V3.6']",0.94911947,0.0554588,1.465800038701954,0.8055472447060624,2.2713472834080166
"['V1.8', 'V2.1', 'V2.8', 'V3.5']",0.88889243,0.0553295,0.8299829792041812,0.7109897897886613,1.5409727689928425
"['V1.8', 'V2.1', 'V2.8', 'V3.7']",1.02013697,0.05539371,2.2155320199330277,0.7579467440055696,2.9734787639385973
"['V1.8', 'V2.1', 'V2.8', 'V3.8']",0.8833633,0.05550522,0.7716119355968427,0.8394943217150757,1.6111062573119184
"['V1.8', 'V2.1', 'V3.0', 'V3.1']",0.93988906,0.05398626,1.3683545699530535,-0.2713254131753272,1.0970291567777264
"['V1.8', 'V2.1', 'V2.8', 'V1.2_copy']",0.97389272,0.05541677,1.7273313204850742,0.7748105870867376,2.502141907571812
"['V1.8', 'V2.1', 'V3.0', 'V3.2']",0.78379573,0.05471667,-0.27952322858752726,0.2628254812269613,-0.01669774736056595
"['V1.8', 'V2.1', 'V3.0', 'V3.3']",0.9225103,0.0533184,1.1848869434364997,-0.7597333160456489,0.42515362739085083
"['V1.8', 'V2.1', 'V3.0', 'V3.4']",0.83710751,0.05348693,0.28328940833090993,-0.6364868514112413,-0.35319744308033135
"['V1.8', 'V2.1', 'V3.0', 'V3.5']",0.93379784,0.05405334,1.3040495403657775,-0.22226961985855448,1.081779920507223
"['V1.8', 'V2.1', 'V3.0', 'V3.6']",0.95284217,0.05417874,1.5051005948540148,-0.13056424594794347,1.3745363489060713
"['V1.8', 'V2.1', 'V3.0', 'V3.7']",1.01956264,0.05413182,2.209468816232806,-0.16487697436808896,2.044591841864717
"['V1.8', 'V2.1', 'V3.0', 'V3.8']",0.87774971,0.05419029,0.7123492474915321,-0.1221176983509145,0.5902315491406176
"['V1.8', 'V2.1', 'V3.0', 'V1.2_copy']",0.94020439,0.05391003,1.3716835098008595,-0.32707262731572545,1.0446108824851341
"['V1.8', 'V2.1', 'V3.1', 'V3.2']",0.84386235,0.05529377,0.3546002764422747,0.6848603399495401,1.0394606163918148
"['V1.8', 'V2.1', 'V3.1', 'V3.3']",0.8999644,0.05380042,0.9468698029339806,-0.4072307296629451,0.5396390732710354
"['V1.8', 'V2.1', 'V3.1', 'V3.4']",0.91057105,0.0539994,1.0588442418923303,-0.26171609409091295,0.7971281478014174
"['V1.8', 'V2.1', 'V3.1', 'V3.5']",0.85220296,0.05446263,0.44265212366268764,0.07704531226164134,0.5196974359243289
"['V1.8', 'V2.1', 'V3.1', 'V3.6']",0.86165613,0.05408816,0.5424492704647316,-0.19680565558767887,0.3456436148770527
"['V1.8', 'V2.1', 'V3.1', 'V3.7']",0.81151995,0.05347566,0.013161453197752577,-0.6447286342180404,-0.6315671810202879
"['V1.8', 'V2.1', 'V3.1', 'V1.2_copy']",0.93556455,0.05465529,1.322700703650331,0.21793811399703247,1.5406388176473635
"['V1.8', 'V2.1', 'V3.1', 'V3.8']",0.77548839,0.05392214,-0.36722384430844307,-0.3182165501382318,-0.6854403944466749
"['V1.8', 'V2.1', 'V3.2', 'V3.3']",0.81645521,0.05452145,0.06526300926056051,0.12006054426660179,0.1853235535271623
"['V1.8', 'V2.1', 'V3.2', 'V3.5']",0.76384866,0.05514685,-0.4901045122268408,0.5774173293040327,0.08731281707719185
"['V1.8', 'V2.1', 'V3.2', 'V3.6']",0.81493206,0.05499742,0.049183109697605885,0.4681387485746706,0.5173218582722765
"['V1.8', 'V2.1', 'V3.2', 'V3.4']",0.833941,0.05445733,0.24986055183936892,0.07316940730369718,0.3230299591430661
"['V1.8', 'V2.1', 'V3.2', 'V3.7']",0.85348486,0.05537289,0.45618514618164646,0.7427210192462502,1.1989061654278967
"['V1.8', 'V2.1', 'V3.2', 'V3.8']",0.7697258,0.05535426,-0.4280595259041396,0.7290968476676658,0.3010373217635262
"['V1.8', 'V2.1', 'V3.2', 'V1.2_copy']",0.86201913,0.0552394,0.5462814626594283,0.6450994055036107,1.191380868163039
"['V1.8', 'V2.1', 'V3.3', 'V3.4']",0.92050781,0.05316661,1.1637466499159537,-0.8707377714355294,0.29300887848042423
"['V1.8', 'V2.1', 'V3.3', 'V3.5']",0.94104139,0.05379867,1.3805197215555733,-0.4085105096018902,0.9720092119536832
"['V1.8', 'V2.1', 'V3.3', 'V3.6']",0.93553899,0.05403863,1.3224308666462077,-0.23302708437390648,1.0894037822723013
"['V1.8', 'V2.1', 'V3.3', 'V3.7']",0.99741046,0.05398316,1.975608179066089,-0.2735924519243127,1.7020157271417764
"['V1.8', 'V2.1', 'V3.3', 'V3.8']",0.84936652,0.05389466,0.41270781724746575,-0.3383127516937645,0.07439506555370123
"['V1.8', 'V2.1', 'V3.3', 'V1.2_copy']",0.90656794,0.05387972,1.016583396447391,-0.34923841585823256,0.6673449805891584
"['V1.8', 'V2.1', 'V3.4', 'V3.5']",0.87229865,0.05392914,0.654802389131135,-0.3130974303824562,0.3417049587486788
"['V1.8', 'V2.1', 'V3.4', 'V3.6']",0.98532221,0.05409862,1.8479924840315338,-0.18915622806690802,1.658836255964626
"['V1.8', 'V2.1', 'V3.4', 'V3.7']",0.80654688,0.05409761,-0.039339263159495,-0.18989484391738615,-0.22923410707688113
"['V1.8', 'V2.1', 'V3.4', 'V3.8']",0.8573113,0.05397844,0.49658088585513277,-0.27704420124534973,0.21953668460978304
"['V1.8', 'V2.1', 'V3.4', 'V1.2_copy']",0.88030724,0.05400688,0.739349100118813,-0.2562459489804577,0.48310315113835534
"['V1.8', 'V2.1', 'V3.5', 'V3.6']",0.91748856,0.05457984,1.1318724177290709,0.1627613160579912,1.2946337337870621
"['V1.8', 'V2.1', 'V3.5', 'V3.7']",0.69571752,0.0542766,-1.2093651814383954,-0.05899895176220265,-1.2683641332005982
"['V1.8', 'V2.1', 'V3.5', 'V3.8']",0.90963741,0.05458577,1.0489878013395564,0.16709794179395623,1.2160857431335126
"['V1.8', 'V2.1', 'V3.5', 'V1.2_copy']",0.88771811,0.05465413,0.8175856790992881,0.2170898027232182,1.0346754818225063
"['V1.8', 'V2.1', 'V3.6', 'V3.7']",0.86331162,0.05378822,0.5599262838432398,-0.4161526240944424,0.1437736597487974
"['V1.8', 'V2.1', 'V3.6', 'V3.8']",0.87154983,0.05436015,0.646897093926637,0.0021013990370909678,0.6489984929637279
"['V1.8', 'V2.1', 'V3.6', 'V1.2_copy']",0.86574132,0.0547401,0.5855766347398105,0.27995990635236273,0.8655365410921732
"['V1.8', 'V2.1', 'V3.7', 'V3.8']",0.87738016,0.05401254,0.7084479069252776,-0.2521067750065038,0.4563411319187738
"['V1.8', 'V2.1', 'V3.7', 'V1.2_copy']",1.05836919,0.05476094,2.619149692301983,0.29520025716812964,2.914349949470113
"['V1.8', 'V2.1', 'V3.8', 'V1.2_copy']",1.01727874,0.05481713,2.185357676416091,0.33629216275056045,2.5216498391666513
"['V1.8', 'V2.2', 'V2.3', 'V2.4']",0.71119379,0.05287133,-1.0459821481132705,-1.0866768687905883,-2.132659016903859
"['V1.8', 'V2.2', 'V2.3', 'V2.5']",0.80393593,0.05228383,-0.0669030709025903,-1.5163172768646056,-1.583220347767196
"['V1.8', 'V2.2', 'V2.3', 'V2.6']",0.85428779,0.05242914,0.46466168083423,-1.410051663762931,-0.945389982928701
"['V1.8', 'V2.2', 'V2.3', 'V2.8']",1.00242327,0.05317994,2.0285284307341276,-0.8609895048148891,1.1675389259192386
"['V1.8', 'V2.2', 'V2.3', 'V2.7']",0.90620906,0.0531812,1.0127946991062542,-0.8600680632588524,0.15272663584740176
"['V1.8', 'V2.2', 'V2.3', 'V3.0']",0.80075583,0.05144637,-0.10047539706885847,-2.1287541383891506,-2.229229535458009
"['V1.8', 'V2.2', 'V2.3', 'V3.1']",0.912939,0.05035711,1.0838426978356688,-2.9253330505571613,-1.8414903527214925
"['V1.8', 'V2.2', 'V2.3', 'V3.2']",0.80655079,0.05267653,-0.03929798527662655,-1.2291346585656007,-1.2684326438422273
"['V1.8', 'V2.2', 'V2.3', 'V3.4']",0.89367612,0.05149356,0.8804844102781457,-2.0942439582069987,-1.213759547928853
"['V1.8', 'V2.2', 'V2.3', 'V3.3']",0.78980336,0.05149333,-0.21610065890536193,-2.09441215785612,-2.3105128167614817
"['V1.8', 'V2.2', 'V2.3', 'V3.5']",0.7887452,0.052002,-0.22727165750795159,-1.7224203512603542,-1.9496920087683058
"['V1.8', 'V2.2', 'V2.3', 'V3.6']",0.78955418,0.05076984,-0.21873125298545668,-2.6235024367284128,-2.8422336897138694
"['V1.8', 'V2.2', 'V2.3', 'V3.7']",0.83849588,0.04986696,0.2979464349902787,-3.283781128884784,-2.9858346938945055
"['V1.8', 'V2.2', 'V2.3', 'V3.8']",0.80727623,0.05119952,-0.031639512809075204,-2.309276240062464,-2.340915752871539
"['V1.8', 'V2.2', 'V2.3', 'V1.2_copy']",0.8780829,0.05218453,0.7158667354181187,-1.5889356471143956,-0.8730689116962769
"['V1.8', 'V2.2', 'V2.4', 'V2.6']",0.62734719,0.05355631,-1.931150980267166,-0.5857490616032824,-2.5169000418704486
"['V1.8', 'V2.2', 'V2.4', 'V2.5']",0.69061242,0.05356297,-1.2632597389401765,-0.5808785848070742,-1.8441383237472508
"['V1.8', 'V2.2', 'V2.4', 'V2.7']",0.83635443,0.05436629,0.27533914029239054,0.006591598365724542,0.2819307386581151
"['V1.8', 'V2.2', 'V2.4', 'V3.0']",0.80636769,0.0528933,-0.041230972579240736,-1.0706101457856785,-1.1118411183649193
"['V1.8', 'V2.2', 'V2.4', 'V2.8']",0.72381676,0.05448296,-0.912721412278859,0.09191269863805726,-0.8208087136408017
"['V1.8', 'V2.2', 'V2.4', 'V3.1']",0.75754902,0.05294939,-0.5566098324400625,-1.02959137048547,-1.5862012029255323
"['V1.8', 'V2.2', 'V2.4', 'V3.3']",0.77039102,0.05276103,-0.42103679617478346,-1.1673395700851663,-1.5883763662599497
"['V1.8', 'V2.2', 'V2.4', 'V3.2']",0.76166694,0.05341297,-0.5131369374472642,-0.6905740081451247,-1.203710945592389
"['V1.8', 'V2.2', 'V2.4', 'V3.4']",0.67611719,0.05265977,-1.4162859297565256,-1.24139129386657,-2.6576772236230957
"['V1.8', 'V2.2', 'V2.4', 'V3.5']",0.76146189,0.05326741,-0.5153016509721201,-0.7970224469523629,-1.312324097924483
"['V1.8', 'V2.2', 'V2.4', 'V3.6']",0.56792961,0.05278294,-2.5584225678808648,-1.1513167252495888,-3.7097392931304536
"['V1.8', 'V2.2', 'V2.4', 'V3.7']",0.7825186,0.05289294,-0.2930058942007873,-1.0708734148016883,-1.3638793090024757
"['V1.8', 'V2.2', 'V2.4', 'V3.8']",0.709434,0.0532629,-1.064560256935049,-0.8003206226807263,-1.8648808796157752
"['V1.8', 'V2.2', 'V2.4', 'V1.2_copy']",0.73979882,0.05351209,-0.7439987522590906,-0.6180872724033422,-1.3620860246624327
"['V1.8', 'V2.2', 'V2.5', 'V2.6']",0.69822031,0.05315184,-1.182943219171274,-0.8815391141202189,-2.064482333291493
"['V1.8', 'V2.2', 'V2.5', 'V2.7']",0.8864886,0.05383855,0.8046057379827543,-0.37934615305041536,0.4252595849323389
"['V1.8', 'V2.2', 'V2.5', 'V2.8']",0.83403002,0.05393641,0.2508003362723493,-0.30778085886467454,-0.05698052259232522
"['V1.8', 'V2.2', 'V2.5', 'V3.0']",0.75553666,0.05231302,-0.5778543235830934,-1.4949705474830228,-2.0728248710661163
"['V1.8', 'V2.2', 'V2.5', 'V3.1']",0.86933057,0.05234895,0.6234683588026628,-1.4686948370794517,-0.8452264782767889
"['V1.8', 'V2.2', 'V2.5', 'V3.2']",0.77237777,0.05340571,-0.40006266988604083,-0.6958832666346826,-1.0959459365207234
"['V1.8', 'V2.2', 'V2.5', 'V3.3']",0.76259445,0.05226434,-0.5033452113246655,-1.530570368870332,-2.0339155801949973
"['V1.8', 'V2.2', 'V2.5', 'V3.4']",0.77202648,0.05196179,-0.403771239572198,-1.7518260377431727,-2.155597277315371
"['V1.8', 'V2.2', 'V2.5', 'V3.5']",1.01407683,0.05279822,2.151555102008042,-1.1401424181255535,1.0114126838824886
"['V1.8', 'V2.2', 'V2.5', 'V3.6']",0.86491344,0.05245069,0.5768367028551119,-1.3942920879433633,-0.8174553850882514
"['V1.8', 'V2.2', 'V2.5', 'V3.7']",0.78856907,0.05224963,-0.2291310624976269,-1.5413278333856841,-1.770458895883311
"['V1.8', 'V2.2', 'V2.5', 'V3.8']",0.89547806,0.05263355,0.8995074967886469,-1.260566053866061,-0.3610585570774141
"['V1.8', 'V2.2', 'V2.5', 'V1.2_copy']",0.82842983,0.05297253,0.19167911201113982,-1.0126690231785223,-0.8209899111673824
"['V1.8', 'V2.2', 'V2.6', 'V2.7']",0.77918908,0.05380952,-0.32815564779882245,-0.4005758739804383,-0.7287315217792607
"['V1.8', 'V2.2', 'V2.6', 'V2.8']",0.78832708,0.05399674,-0.2316857517240588,-0.26366135959810877,-0.4953471113221676
"['V1.8', 'V2.2', 'V2.6', 'V3.0']",0.74592339,0.05246072,-0.6793416466120544,-1.3869571206361584,-2.0662987672482127
"['V1.8', 'V2.2', 'V2.6', 'V3.1']",0.85620154,0.05242442,0.484865145882718,-1.413503413083968,-0.9286382672012501
"['V1.8', 'V2.2', 'V2.6', 'V3.2']",0.72484306,0.05342127,-0.9018867598011249,-0.6845041947204175,-1.5863909545215424
"['V1.8', 'V2.2', 'V2.6', 'V3.3']",0.55515196,0.0524528,-2.693316260984356,-1.3927490389884083,-4.0860652999727645
"['V1.8', 'V2.2', 'V2.6', 'V3.4']",0.75695831,0.05221417,-0.5628459598541928,-1.5672598314627992,-2.130105791316992
"['V1.8', 'V2.2', 'V2.6', 'V3.5']",0.88424926,0.05293558,0.7809650182326936,-1.03969066246079,-0.2587256442280964
"['V1.8', 'V2.2', 'V2.6', 'V3.6']",0.68882967,0.05258366,-1.2820802365575206,-1.2970507516682983,-2.5791309882258187
"['V1.8', 'V2.2', 'V2.6', 'V3.7']",0.87234496,0.05244692,0.6552912839535493,-1.3970490995832596,-0.7417578156297103
"['V1.8', 'V2.2', 'V2.6', 'V1.2_copy']",0.93763711,0.05310133,1.3445807263914904,-0.9184772196722483,0.42610350671924213
"['V1.8', 'V2.2', 'V2.6', 'V3.8']",0.72626304,0.05285942,-0.8868960262677213,-1.095386685403632,-1.9822827116713535
"['V1.8', 'V2.2', 'V2.7', 'V2.8']",0.68300782,0.05462161,-1.343541526168251,0.19330783494352868,-1.1502336912247224
"['V1.8', 'V2.2', 'V2.7', 'V3.1']",0.82113208,0.05321427,0.11463674124296216,-0.835883878926922,-0.7212471376839598
"['V1.8', 'V2.2', 'V2.7', 'V3.0']",0.82844054,0.05309431,0.191792177516388,-0.9236109654844714,-0.7318187879680834
"['V1.8', 'V2.2', 'V2.7', 'V3.2']",0.79639233,0.05416434,-0.14654088092990342,-0.14109500658839944,-0.2876358875183028
"['V1.8', 'V2.2', 'V2.7', 'V3.3']",0.83732442,0.05309097,0.28557932791479784,-0.9260535169107967,-0.6404741889959988
"['V1.8', 'V2.2', 'V2.7', 'V3.4']",0.84076533,0.05294207,0.32190502610943755,-1.0349445071443655,-0.7130394810349279
"['V1.8', 'V2.2', 'V2.7', 'V3.6']",0.86837589,0.05324038,0.6133897989006434,-0.8167895622378822,-0.20339976333723886
"['V1.8', 'V2.2', 'V2.7', 'V3.5']",0.89056426,0.05360454,0.8476324940164679,-0.5504783264859917,0.2971541675304762
"['V1.8', 'V2.2', 'V2.7', 'V3.7']",0.84136086,0.05308605,0.32819203827943155,-0.9296515267962836,-0.601459488516852
"['V1.8', 'V2.2', 'V2.7', 'V1.2_copy']",0.90736969,0.05375155,1.0250474738360915,-0.44296949858648055,0.582077975249611
"['V1.8', 'V2.2', 'V2.7', 'V3.8']",0.91059835,0.05357804,1.0591324480821789,-0.5698578512757124,0.48927459680646646
"['V1.8', 'V2.2', 'V2.8', 'V3.0']",0.97394513,0.05323244,1.727884613027565,-0.8225961066465747,0.9052885063809902
"['V1.8', 'V2.2', 'V2.8', 'V3.1']",0.92529075,0.05333708,1.2142401632374498,-0.7460725793259506,0.46816758391149915
"['V1.8', 'V2.2', 'V2.8', 'V3.2']",0.69566821,0.05427355,-1.2098857472706832,-0.06122942537007953,-1.2711151726407628
"['V1.8', 'V2.2', 'V2.8', 'V3.3']",0.74184428,0.05329473,-0.7224048243071217,-0.7770432538483952,-1.4994480781555168
"['V1.8', 'V2.2', 'V2.8', 'V3.4']",0.7518328,0.05307604,-0.6169559857931476,-0.9369718680470461,-1.5539278538401937
"['V1.8', 'V2.2', 'V2.8', 'V3.5']",0.8354124,0.05373042,0.265394126482005,-0.45842192722070096,-0.19302780073869596
"['V1.8', 'V2.2', 'V2.8', 'V3.7']",0.71950658,0.05307042,-0.9582239967244182,-0.9410817899081101,-1.8993057866325282
"['V1.8', 'V2.2', 'V2.8', 'V3.6']",0.79910637,0.05331217,-0.11788875171752111,-0.7642893326282911,-0.8821780843458122
"['V1.8', 'V2.2', 'V2.8', 'V1.2_copy']",1.05360014,0.0538649,2.5688028157561997,-0.3600763236840307,2.208726492072169
"['V1.8', 'V2.2', 'V2.8', 'V3.8']",0.94825527,0.05369717,1.4566766764577201,-0.48273774606063374,0.9739389303970865
"['V1.8', 'V2.2', 'V3.0', 'V3.1']",0.91685428,0.05159881,1.1251763216815442,-2.0172743361648013,-0.8920980144832571
"['V1.8', 'V2.2', 'V3.0', 'V3.2']",0.88282477,0.05267344,0.7659266726144467,-1.2313943842863624,-0.4654677116719157
"['V1.8', 'V2.2', 'V3.0', 'V3.3']",0.86741245,0.0515352,0.6032187596497927,-2.0637925086883553,-1.4605737490385626
"['V1.8', 'V2.2', 'V3.0', 'V3.4']",0.87948642,0.05145887,0.7306837006773497,-2.119612853110981,-1.3889291524336314
"['V1.8', 'V2.2', 'V3.0', 'V3.5']",0.87620253,0.05210125,0.696015663139491,-1.649838546151678,-0.953822883012187
"['V1.8', 'V2.2', 'V3.0', 'V3.6']",0.91785003,0.05169664,1.135688457708732,-1.9457309810637269,-0.8100425233549948
"['V1.8', 'V2.2', 'V3.0', 'V3.7']",0.90719899,0.05149552,1.0232453933742882,-2.09281060467538,-1.0695652113010918
"['V1.8', 'V2.2', 'V3.0', 'V1.2_copy']",1.03496626,0.051995,2.372084883268827,-1.7275394710161298,0.6445454122526972
"['V1.8', 'V2.2', 'V3.0', 'V3.8']",0.89917266,0.05203835,0.9385114011482247,-1.695837493671436,-0.7573260925232113
"['V1.8', 'V2.2', 'V3.1', 'V3.2']",0.79920456,0.05280465,-0.11685215956436058,-1.1354401409784614,-1.252292300542822
"['V1.8', 'V2.2', 'V3.1', 'V3.4']",0.92635894,0.05155554,1.22551704858305,-2.0489178092837204,-0.8234007607006704
"['V1.8', 'V2.2', 'V3.1', 'V3.5']",0.80459223,0.05208768,-0.059974509642591094,-1.6597623254496634,-1.7197368350922544
"['V1.8', 'V2.2', 'V3.1', 'V3.3']",0.80281836,0.05162435,-0.0787012610707097,-1.998596862084445,-2.077298123155155
"['V1.8', 'V2.2', 'V3.1', 'V3.6']",0.83361227,0.0511243,0.2463901481474607,-2.3642848383523836,-2.1178946902049227
"['V1.8', 'V2.2', 'V3.1', 'V3.7']",0.87298037,0.05032371,0.6619993094147953,-2.9497585648204305,-2.287759255405635
"['V1.8', 'V2.2', 'V3.1', 'V3.8']",0.83000336,0.05132082,0.20829087339990288,-2.2205692077230923,-2.0122783343231894
"['V1.8', 'V2.2', 'V3.1', 'V1.2_copy']",0.87710325,0.05234465,0.7055245671439184,-1.4718394392151415,-0.7663148720712231
"['V1.8', 'V2.2', 'V3.2', 'V3.3']",0.76586743,0.05269512,-0.46879235069271336,-1.215539739099906,-1.6843320897926195
"['V1.8', 'V2.2', 'V3.2', 'V3.4']",0.88541998,0.0523649,0.7933243131257384,-1.4570305570645055,-0.6637062439387671
"['V1.8', 'V2.2', 'V3.2', 'V3.6']",0.70291235,0.05239929,-1.1334093374489458,-1.4318810530072008,-2.5652903904561466
"['V1.8', 'V2.2', 'V3.2', 'V3.5']",0.82615078,0.05313021,0.16761917366038512,-0.8973571941655665,-0.7297380205051813
"['V1.8', 'V2.2', 'V3.2', 'V3.8']",0.82527687,0.05311925,0.15839330291419457,-0.9053722730974646,-0.7469789701832701
"['V1.8', 'V2.2', 'V3.2', 'V3.7']",0.81689351,0.05257657,0.06989014380308287,-1.3022356886780726,-1.2323455448749898
"['V1.8', 'V2.2', 'V3.2', 'V1.2_copy']",1.00049674,0.0532789,2.0081900471835787,-0.7886197775246715,1.2195702696589072
"['V1.8', 'V2.2', 'V3.3', 'V3.4']",0.84535226,0.05135264,0.37032926121583015,-2.197299151918985,-1.8269698907031549
"['V1.8', 'V2.2', 'V3.3', 'V3.5']",0.91466666,0.052058,1.1020816101417017,-1.6814673932141495,-0.5793857830724478
"['V1.8', 'V2.2', 'V3.3', 'V3.6']",0.90173917,0.05176937,0.965606055665061,-1.8925433268012188,-0.9269372711361579
"['V1.8', 'V2.2', 'V3.3', 'V3.7']",0.92892936,0.05153269,1.2526529809827547,-2.0656280787722148,-0.8129750977894601
"['V1.8', 'V2.2', 'V3.3', 'V3.8']",0.72894541,0.051948,-0.8585782373495697,-1.7619107036620503,-2.62048894101162
"['V1.8', 'V2.2', 'V3.3', 'V1.2_copy']",0.86212342,0.05218276,0.5473824525326652,-1.5902300531097833,-1.0428476005771181
"['V1.8', 'V2.2', 'V3.4', 'V3.5']",1.01730602,0.05195524,2.1856456714658727,-1.756616071228935,0.4290296002369378
"['V1.8', 'V2.2', 'V3.4', 'V3.6']",0.80331576,0.05157344,-0.07345020763367792,-2.035827488765379,-2.109277696399057
"['V1.8', 'V2.2', 'V3.4', 'V3.7']",0.80367278,0.05135877,-0.0696811463186631,-2.1928162656185703,-2.2624974119372334
"['V1.8', 'V2.2', 'V3.4', 'V3.8']",0.89018286,0.05178205,0.8436060529612137,-1.883270407015042,-1.0396643540538282
"['V1.8', 'V2.2', 'V3.4', 'V1.2_copy']",0.81910167,0.052061,0.09320169619052564,-1.6792734847473865,-1.586071788556861
"['V1.8', 'V2.2', 'V3.5', 'V3.6']",0.85696584,0.05210456,0.49293386349816304,-1.647417933810019,-1.154484070311856
"['V1.8', 'V2.2', 'V3.5', 'V3.7']",0.91005521,0.05158778,1.0533985173146097,-2.025340606294261,-0.9719420889796513
"['V1.8', 'V2.2', 'V3.5', 'V3.8']",0.86362331,0.05245891,0.5632167961990673,-1.388280778744441,-0.8250639825453736
"['V1.8', 'V2.2', 'V3.5', 'V1.2_copy']",0.97921975,0.05278962,1.7835687937272662,-1.146431622396933,0.6371371713303331
"['V1.8', 'V2.2', 'V3.6', 'V3.7']",0.83774605,0.05049009,0.2900304772124569,-2.828084401253868,-2.538053924041411
"['V1.8', 'V2.2', 'V3.6', 'V3.8']",0.78721759,0.05165431,-0.2433986413055847,-1.9766870295297239,-2.2200856708353087
"['V1.8', 'V2.2', 'V3.6', 'V1.2_copy']",1.01661832,0.05234109,2.178385620302533,-1.4744428772623641,0.7039427430401688
"['V1.8', 'V2.2', 'V3.7', 'V3.8']",0.78781553,0.05111422,-0.23708618675765886,-2.3716563708006975,-2.6087425575583563
"['V1.8', 'V2.2', 'V3.7', 'V1.2_copy']",0.92306868,0.05220412,1.190781762934226,-1.5746094248264466,-0.3838276618922205
"['V1.8', 'V2.2', 'V3.8', 'V1.2_copy']",0.82518637,0.05274989,0.15743789411634204,-1.175486283525072,-1.0180483894087298
"['V1.8', 'V2.3', 'V2.4', 'V2.5']",0.68177403,0.05549496,-1.356566651258871,0.8319911547587546,-0.5245754965001164
"['V1.8', 'V2.3', 'V2.4', 'V2.6']",0.74110056,0.05553163,-0.730256278794835,0.8588080292507927,0.12855175045595768
"['V1.8', 'V2.3', 'V2.4', 'V2.7']",0.91388454,0.05617241,1.0938247667276073,1.3274122516944864,2.4212370184220937
"['V1.8', 'V2.3', 'V2.4', 'V3.0']",0.74235594,0.05471059,-0.7170032280031584,0.25837916006766015,-0.45862406793549826
"['V1.8', 'V2.3', 'V2.4', 'V2.8']",0.72886748,0.05614947,-0.8594009446160511,1.3106361649519884,0.4512352203359373
"['V1.8', 'V2.3', 'V2.4', 'V3.1']",0.78261529,0.05407125,-0.2919851375525634,-0.2091719863119895,-0.5011571238645529
"['V1.8', 'V2.3', 'V2.4', 'V3.2']",0.83155342,0.05564738,0.22465486192142295,0.943456330926656,1.168111192848079
"['V1.8', 'V2.3', 'V2.4', 'V3.3']",0.75289889,0.05473285,-0.6057012701544578,0.27465796089102357,-0.3310433092634343
"['V1.8', 'V2.3', 'V2.4', 'V3.4']",0.76740879,0.05495113,-0.4525202080998274,0.43428674093255104,-0.018233467167276363
"['V1.8', 'V2.3', 'V2.4', 'V3.6']",0.74599606,0.054426,-0.6785744691828848,0.05025768988249321,-0.6283167793003915
"['V1.8', 'V2.3', 'V2.4', 'V3.7']",0.77499021,0.05385861,-0.3724831322080412,-0.3646762184360055,-0.7371593506440467
"['V1.8', 'V2.3', 'V2.4', 'V3.5']",0.87339369,0.05514197,0.6663627300151046,0.5738485715314358,1.2402113015465404
"['V1.8', 'V2.3', 'V2.4', 'V3.8']",0.87955181,0.05468999,0.7313740231225602,0.24331432192923308,0.9746883450517932
"['V1.8', 'V2.3', 'V2.5', 'V2.6']",0.8490399,0.0549138,0.40925968883250136,0.4069872065778208,0.8162468954103221
"['V1.8', 'V2.3', 'V2.4', 'V1.2_copy']",0.76869565,0.05538893,-0.438934822844545,0.7544511165152001,0.31551629367065515
"['V1.8', 'V2.3', 'V2.5', 'V2.7']",0.83891659,0.05543808,0.3023878718449092,0.7903946502289654,1.0927825220738745
"['V1.8', 'V2.3', 'V2.5', 'V2.8']",0.75226288,0.05540463,-0.6124156298176787,0.7659325708245828,0.15351694100690405
"['V1.8', 'V2.3', 'V2.5', 'V3.0']",0.76734575,0.05394226,-0.4531857215873021,-0.30350273735448946,-0.7566884589417915
"['V1.8', 'V2.3', 'V2.5', 'V3.1']",0.78420857,0.05330739,-0.27516487534879863,-0.7677849601186606,-1.0429498354674593
"['V1.8', 'V2.3', 'V2.5', 'V3.2']",0.71106644,0.05542927,-1.0473265824824025,0.7839518723649123,-0.26337471011749025
"['V1.8', 'V2.3', 'V2.5', 'V3.3']",0.77630147,0.05403322,-0.3586401560724537,-0.2369834326422968,-0.5956235887147505
"['V1.8', 'V2.3', 'V2.5', 'V3.4']",0.70145326,0.05401401,-1.1488129553810673,-0.2510317598577884,-1.3998447152388558
"['V1.8', 'V2.3', 'V2.5', 'V3.5']",0.83486994,0.05445346,0.2596673744766736,0.0703392653815784,0.330006639858252
"['V1.8', 'V2.3', 'V2.5', 'V3.6']",0.77376558,0.05391127,-0.3854115551485144,-0.32616581181613125,-0.7115773669646457
"['V1.8', 'V2.3', 'V2.5', 'V3.7']",0.65753349,0.05310808,-1.6124741118187478,-0.9135409256220363,-2.526015037440784
"['V1.8', 'V2.3', 'V2.5', 'V3.8']",0.76075084,0.05387308,-0.52280820816231,-0.3540942665979984,-0.8769024747603085
"['V1.8', 'V2.3', 'V2.5', 'V1.2_copy']",0.81614793,0.05466293,0.06201905328924782,0.2235252675590476,0.28554432084829545
"['V1.8', 'V2.3', 'V2.6', 'V2.7']",0.75238924,0.0554497,-0.6110816468818059,0.7988923890235505,0.18781074214174465
"['V1.8', 'V2.3', 'V2.6', 'V2.8']",0.7650775,0.05549982,-0.4771316443025123,0.835545286474904,0.3584136421723917
"['V1.8', 'V2.3', 'V2.6', 'V3.1']",0.77932911,0.05342081,-0.3266773506279584,-0.6848405940186546,-1.011517944646613
"['V1.8', 'V2.3', 'V2.6', 'V3.0']",0.81769436,0.05413034,0.07834471988882058,-0.165959302545023,-0.08761458265620242
"['V1.8', 'V2.3', 'V2.6', 'V3.2']",0.73138438,0.05549096,-0.8328300230324917,0.829065943469737,-0.0037640795627545964
"['V1.8', 'V2.3', 'V2.6', 'V3.3']",0.75853913,0.05426358,-0.5461572379114372,-0.06852051450794697,-0.6146777524193842
"['V1.8', 'V2.3', 'V2.6', 'V3.5']",0.71655519,0.05463963,-0.9893818306679613,0.20648591180053982,-0.7828959188674214
"['V1.8', 'V2.3', 'V2.6', 'V3.4']",0.7410537,0.05432015,-0.7307509799690592,-0.027150713853058884,-0.7579016938221181
"['V1.8', 'V2.3', 'V2.6', 'V3.6']",0.78782952,0.05407381,-0.23693849428161629,-0.20729985108702112,-0.4442383453686374
"['V1.8', 'V2.3', 'V2.6', 'V3.7']",0.72289155,0.05329301,-0.9224888572938865,-0.7783010947026691,-1.7007899519965557
"['V1.8', 'V2.3', 'V2.6', 'V3.8']",0.83166561,0.05413474,0.22583925212066067,-0.16274157012710577,0.0630976819935549
"['V1.8', 'V2.3', 'V2.6', 'V1.2_copy']",0.94813441,0.05482968,1.4554007570399488,0.34547001316984377,1.8008707702097926
"['V1.8', 'V2.3', 'V2.7', 'V2.8']",0.78287317,0.05596931,-0.28926269754383455,1.178884648494772,0.8896219509509373
"['V1.8', 'V2.3', 'V2.7', 'V3.1']",0.9638638,0.05400775,1.6214559790381362,-0.255609715525097,1.3658462635130393
"['V1.8', 'V2.3', 'V2.7', 'V3.0']",0.93040256,0.05460154,1.2682055582313143,0.17863058730089504,1.4468361455322094
"['V1.8', 'V2.3', 'V2.7', 'V3.2']",0.92825746,0.0560687,1.245559730471413,1.2515688359985606,2.4971285664699736
"['V1.8', 'V2.3', 'V2.7', 'V3.3']",0.90914413,0.05474082,1.0437802427560858,0.28048644438438736,1.3242666871404731
"['V1.8', 'V2.3', 'V2.7', 'V3.4']",0.79085184,0.05488657,-0.2050318520946298,0.3870738307278567,0.18204197863322694
"['V1.8', 'V2.3', 'V2.7', 'V3.5']",0.86370324,0.05515882,0.5640606174721304,0.5861710240864089,1.1502316415585394
"['V1.8', 'V2.3', 'V2.7', 'V3.6']",0.84435925,0.05458122,0.3598460513776601,0.16377051395270287,0.523616565330363
"['V1.8', 'V2.3', 'V2.7', 'V3.7']",0.66713043,0.05378116,-1.5111591846535317,-0.4213156220195504,-1.9324748066730821
"['V1.8', 'V2.3', 'V2.7', 'V3.8']",0.88472285,0.0546823,0.7859647094213605,0.23769060322610422,1.0236553126474648
"['V1.8', 'V2.3', 'V2.7', 'V1.2_copy']",0.90807507,0.05531388,1.032494172817621,0.6995668397050637,1.7320610125226845
"['V1.8', 'V2.3', 'V2.8', 'V3.0']",0.91749712,0.0546033,1.1319627856772438,0.17991768026806396,1.3118804659453078
"['V1.8', 'V2.3', 'V2.8', 'V3.1']",0.8778995,0.05401572,0.7139305810145177,-0.24978123203173322,0.4641493489827845
"['V1.8', 'V2.3', 'V2.8', 'V3.2']",0.76845127,0.05602463,-0.4415147433088418,1.219340320621842,0.7778255773130003
"['V1.8', 'V2.3', 'V2.8', 'V3.3']",0.91479718,0.05480661,1.103459510211266,0.32859885706045205,1.4320583672717182
"['V1.8', 'V2.3', 'V2.8', 'V3.4']",0.83678079,0.05489603,0.27984022421561694,0.3939919554263732,0.6738321796419902
"['V1.8', 'V2.3', 'V2.8', 'V3.5']",0.89627243,0.05514406,0.9078936634930587,0.5753769944299482,1.4832706579230068
"['V1.8', 'V2.3', 'V2.8', 'V3.6']",0.73357771,0.05449542,-0.8096750310038561,0.10102473180334197,-0.7086502992005141
"['V1.8', 'V2.3', 'V2.8', 'V3.8']",0.82601646,0.05466982,0.16620115697831417,0.22856394400437705,0.39476510098269124
"['V1.8', 'V2.3', 'V2.8', 'V1.2_copy']",0.87468904,0.05528576,0.6800377442283294,0.6790026043432914,1.3590403485716207
"['V1.8', 'V2.3', 'V2.8', 'V3.7']",0.80680346,0.05359658,-0.03663054725504448,-0.5562994969511317,-0.5929300442061761
"['V1.8', 'V2.3', 'V3.0', 'V3.1']",0.86618637,0.05249416,0.5902750290545477,-1.3625023542599994,-0.7722273252054518
"['V1.8', 'V2.3', 'V3.0', 'V3.2']",0.879696,0.05458965,0.7328962374271147,0.16993539674430386,0.9028316341714187
"['V1.8', 'V2.3', 'V3.0', 'V3.3']",0.8792598,0.05321635,0.7282912725915038,-0.8343627690566332,-0.10607149646512937
"['V1.8', 'V2.3', 'V3.0', 'V3.5']",0.84951261,0.05367697,0.4142500898582735,-0.4975100630701611,-0.0832599732118876
"['V1.8', 'V2.3', 'V3.0', 'V3.4']",0.79745053,0.05341871,-0.13536946004718117,-0.6863763299453858,-0.821745789992567
"['V1.8', 'V2.3', 'V3.0', 'V3.6']",0.85882429,0.05308512,0.5125535262646492,-0.9303316384209819,-0.41777811215633265
"['V1.8', 'V2.3', 'V3.0', 'V3.7']",0.75774125,0.05226763,-0.5545804596973997,-1.5281643825851154,-2.082744842282515
"['V1.8', 'V2.3', 'V3.0', 'V3.8']",0.75745619,0.05320186,-0.5575898390555828,-0.844959346951093,-1.4025491860066759
"['V1.8', 'V2.3', 'V3.0', 'V1.2_copy']",0.97866631,0.0536025,1.7777261258257977,-0.5519701842433904,1.2257559415824073
"['V1.8', 'V2.3', 'V3.1', 'V3.2']",0.75843535,0.05401847,-0.5472528437129954,-0.24777014927053875,-0.7950229929835342
"['V1.8', 'V2.3', 'V3.1', 'V3.3']",0.74247959,0.05262606,-0.7156978545462054,-1.26604351200474,-1.9817413665509453
"['V1.8', 'V2.3', 'V3.1', 'V3.4']",0.90427521,0.05285723,0.9923790382916139,-1.096988238584367,-0.10460920029275311
"['V1.8', 'V2.3', 'V3.1', 'V3.5']",0.76874089,0.05299486,-0.43845722401565157,-0.9963390311575975,-1.4347962551732492
"['V1.8', 'V2.3', 'V3.1', 'V3.7']",0.68219091,0.050489,-1.3521656477268462,-2.8288815213301257,-4.181047169056972
"['V1.8', 'V2.3', 'V3.1', 'V3.6']",0.87781353,0.05186158,0.7130229954415742,-1.8251098935612133,-1.1120868981196392
"['V1.8', 'V2.3', 'V3.1', 'V3.8']",0.80192179,0.05185875,-0.08816635351147897,-1.8271794805481878,-1.9153458340596667
"['V1.8', 'V2.3', 'V3.1', 'V1.2_copy']",0.82238309,0.0532775,0.12784365793025532,-0.7896436014758256,-0.6617999435455703
"['V1.8', 'V2.3', 'V3.2', 'V3.4']",0.80015067,0.05473608,-0.1068640731805463,0.2770200690069028,0.1701559958263565
"['V1.8', 'V2.3', 'V3.2', 'V3.5']",0.86852534,0.05509419,0.6149675430425096,0.5389069226841584,1.153874465726668
"['V1.8', 'V2.3', 'V3.2', 'V3.3']",0.73931866,0.05476792,-0.749067802959381,0.3003047508674577,-0.4487630520919233
"['V1.8', 'V2.3', 'V3.2', 'V3.6']",0.82315916,0.05412819,0.13603663147443826,-0.1675316036128679,-0.03149497213842964
"['V1.8', 'V2.3', 'V3.2', 'V3.8']",0.80324385,0.05463034,-0.07420936174034704,0.19969210858180192,0.12548274684145488
"['V1.8', 'V2.3', 'V3.2', 'V1.2_copy']",0.95404939,0.05525387,1.5178452203671875,0.6556813573416177,2.173526577708805
"['V1.8', 'V2.3', 'V3.2', 'V3.7']",0.8866107,0.05365786,0.8058947480846069,-0.5114852600034252,0.2944094880811817
"['V1.8', 'V2.3', 'V3.3', 'V3.4']",0.78606086,0.05345881,-0.25561024372258695,-0.6570510867730135,-0.9126613304956004
"['V1.8', 'V2.3', 'V3.3', 'V3.5']",0.75092789,0.05377179,-0.6265091236413647,-0.4281679294640683,-1.054677053105433
"['V1.8', 'V2.3', 'V3.3', 'V3.6']",0.94258227,0.05327854,1.396786796786881,-0.7888830465406812,0.6079037502461998
"['V1.8', 'V2.3', 'V3.3', 'V3.7']",0.96593049,0.05242976,1.6432740321699753,-1.409598256013134,0.23367577615684132
"['V1.8', 'V2.3', 'V3.3', 'V3.8']",0.76421563,0.05323511,-0.48623040872907725,-0.820643528111155,-1.3068739368402322
"['V1.8', 'V2.3', 'V3.3', 'V1.2_copy']",0.86236858,0.0539205,0.5499706074595306,-0.3194158867667257,0.23055472069280492
"['V1.8', 'V2.3', 'V3.4', 'V3.5']",0.79088849,0.05394641,-0.20464493792400731,-0.30046783064213584,-0.5051127685661432
"['V1.8', 'V2.3', 'V3.4', 'V3.6']",0.81671517,0.05337266,0.06800740783613518,-0.7200528249101655,-0.6520454170740304
"['V1.8', 'V2.3', 'V3.4', 'V3.7']",0.79135819,0.05257813,-0.19968631347814306,-1.3010948562753586,-1.5007811697535016
"['V1.8', 'V2.3', 'V3.4', 'V3.8']",0.90085462,0.05336182,0.9562678584038516,-0.7279801475033987,0.22828771090045297
"['V1.8', 'V2.3', 'V3.4', 'V1.2_copy']",0.96931602,0.05408117,1.6790150835223492,-0.20191746231523577,1.4770976212071134
"['V1.8', 'V2.3', 'V3.5', 'V3.8']",0.74695498,0.05364347,-0.6684511475869096,-0.5220087076156574,-1.1904598552025671
"['V1.8', 'V2.3', 'V3.5', 'V3.7']",0.75096438,0.05241532,-0.6261238985912703,-1.4201582687664747,-2.046282167357745
"['V1.8', 'V2.3', 'V3.5', 'V3.6']",0.89540218,0.05351878,0.8987064313789134,-0.6131948565224626,0.28551157485645073
"['V1.8', 'V2.3', 'V3.5', 'V1.2_copy']",0.98629513,0.0544228,1.858263603673585,0.04791752085128021,1.9061811245248652
"['V1.8', 'V2.3', 'V3.6', 'V1.2_copy']",0.83602724,0.05376427,0.2718849943855504,-0.43366732668741353,-0.16178233230186312
"['V1.8', 'V2.3', 'V3.6', 'V3.8']",0.80921465,0.05265889,-0.011175606489394373,-1.2420348403501544,-1.2532104468395489
"['V1.8', 'V2.3', 'V3.6', 'V3.7']",0.85451517,0.05110527,0.4670621322425775,-2.378201531059868,-1.9111393988172904
"['V1.8', 'V2.3', 'V3.7', 'V3.8']",0.63298892,0.05152056,-1.8715912180892422,-2.074498782006151,-3.9460900000953933
"['V1.8', 'V2.3', 'V3.7', 'V1.2_copy']",1.05817198,0.05300841,2.6170677456829297,-0.9864298779160597,1.63063786776687
"['V1.8', 'V2.4', 'V2.5', 'V2.6']",0.80452733,0.05556532,-0.06065965915618876,0.8834456213325202,0.8227859621763315
"['V1.8', 'V2.3', 'V3.8', 'V1.2_copy']",0.86735109,0.05395775,0.602570981927846,-0.2921748566377805,0.3103961252900655
"['V1.8', 'V2.4', 'V2.5', 'V2.7']",0.98152953,0.05611757,1.8079531487891574,1.287307604922096,3.095260753711253
"['V1.8', 'V2.4', 'V2.5', 'V2.8']",0.98222446,0.05618949,1.8152895270862939,1.3399029038985806,3.1551924309848745
"['V1.8', 'V2.4', 'V2.5', 'V3.0']",0.91257003,0.05492189,1.0799474803313247,0.41290344640985444,1.4928509267411791
"['V1.8', 'V2.4', 'V2.5', 'V3.1']",0.84730986,0.05536798,0.3909956508586358,0.739130322388982,1.1301259732476179
"['V1.8', 'V2.4', 'V2.5', 'V3.2']",0.90370016,0.05567289,0.9863082335490231,0.9621118659223462,1.9484200994713694
"['V1.8', 'V2.4', 'V2.5', 'V3.3']",0.68332131,0.05479582,-1.3402320112065014,0.3207080996083377,-1.0195239115981636
"['V1.8', 'V2.4', 'V2.5', 'V3.4']",0.7758126,0.05467462,-0.3638011582714117,0.23207419755119402,-0.13172696072021767
"['V1.8', 'V2.4', 'V2.5', 'V3.5']",0.9900216,0.05521645,1.8976039597280518,0.6283160057328888,2.5259199654609406
"['V1.8', 'V2.4', 'V2.5', 'V3.6']",0.78850831,0.05536193,-0.2297725060175987,0.7347059403143471,0.5049334342967484
"['V1.8', 'V2.4', 'V2.5', 'V3.8']",0.79514905,0.05540827,-0.15966619198175594,0.7685945130975855,0.6089283211158296
"['V1.8', 'V2.4', 'V2.5', 'V3.7']",0.7299923,0.05551476,-0.8475262161740705,0.8464709506393772,-0.0010552655346933726
"['V1.8', 'V2.4', 'V2.5', 'V1.2_copy']",0.69454805,0.05549962,-1.2217112800773269,0.8353990259104541,-0.38631225416687276
"['V1.8', 'V2.4', 'V2.6', 'V2.8']",0.96564868,0.0561563,1.6402989630724898,1.3156309632279803,2.9559299263004704
"['V1.8', 'V2.4', 'V2.6', 'V2.7']",0.86489639,0.05600492,0.5766567059489965,1.2049263419952232,1.7815830479442196
"['V1.8', 'V2.4', 'V2.6', 'V3.0']",0.84319498,0.05498508,0.34755484915584334,0.45911447174806086,0.8066693209039042
"['V1.8', 'V2.4', 'V2.6', 'V3.1']",0.82019316,0.05535271,0.10472455971281076,0.7279633282931705,0.8326878880059813
"['V1.8', 'V2.4', 'V2.6', 'V3.2']",0.68243583,0.05559312,-1.3495800264807716,0.9037758397911727,-0.44580418668959887
"['V1.8', 'V2.4', 'V2.6', 'V3.3']",0.77206788,0.05489828,-0.4033341796359425,0.3956373867764456,-0.00769679285949687
"['V1.8', 'V2.4', 'V2.6', 'V3.5']",0.84183063,0.05527072,0.33315140171552754,0.6680038098965959,1.0011552116121234
"['V1.8', 'V2.4', 'V2.6', 'V3.4']",0.73148528,0.05483913,-0.8317648214004112,0.3523808248401416,-0.4793839965602696
"['V1.8', 'V2.4', 'V2.6', 'V3.6']",0.75400757,0.05538569,-0.5939969317455974,0.7520816953710971,0.15808476362549972
"['V1.8', 'V2.4', 'V2.6', 'V3.7']",0.67674254,0.0555488,-1.409684107748389,0.8713644987088907,-0.5383196090394984
"['V1.8', 'V2.4', 'V2.6', 'V3.8']",0.79909071,0.05554077,-0.11805407438906064,0.8654921370461944,0.7474380626571338
"['V1.8', 'V2.4', 'V2.6', 'V1.2_copy']",0.84646955,0.05553372,0.3821244954230284,0.8603364521493052,1.2424609475723336
"['V1.8', 'V2.4', 'V2.7', 'V2.8']",0.96040558,0.05665727,1.5849475391165257,1.6819917380923934,3.266939277208919
"['V1.8', 'V2.4', 'V2.7', 'V3.0']",0.87925564,0.05549224,0.7282473554578123,0.8300020110822213,1.5582493665400334
"['V1.8', 'V2.4', 'V2.7', 'V3.1']",0.96712331,0.05601928,1.6558666368357553,1.2154278505227842,2.8712944873585395
"['V1.8', 'V2.4', 'V2.7', 'V3.2']",0.88551647,0.05618658,0.794342958373304,1.3377748126858213,2.1321177710591255
"['V1.8', 'V2.4', 'V2.7', 'V3.3']",0.88991403,0.05540051,0.840768013766447,0.7629196031968953,1.6036876169633425
"['V1.8', 'V2.4', 'V2.7', 'V3.4']",0.97752304,0.05542949,1.765656620673095,0.7841127589858046,2.5497693796588994
"['V1.8', 'V2.4', 'V2.7', 'V3.5']",0.92927161,0.05580656,1.2562661153591594,1.0598651141729882,2.3161312295321475
"['V1.8', 'V2.4', 'V2.7', 'V3.7']",0.91835399,0.05611797,1.1410087650873526,1.2876001260510008,2.4286088911383534
"['V1.8', 'V2.4', 'V2.7', 'V3.6']",0.83773645,0.05593496,0.28992912998086107,1.1537643965503572,1.4436935265312183
"['V1.8', 'V2.4', 'V2.7', 'V3.8']",0.84762865,0.05613576,0.39436111793782985,1.3006100032588908,1.6949711211967207
"['V1.8', 'V2.4', 'V2.7', 'V1.2_copy']",0.86002298,0.05606001,0.5252081005397482,1.2452138144731772,1.7704219150129255
"['V1.8', 'V2.4', 'V2.8', 'V3.1']",0.85327651,0.05611181,0.4539855945459303,1.2830953006659145,1.7370808952118448
"['V1.8', 'V2.4', 'V2.8', 'V3.0']",0.82193726,0.05559979,0.12313702915295063,0.9086536296156048,1.0317906587685555
"['V1.8', 'V2.4', 'V2.8', 'V3.2']",0.88703168,0.05629345,0.8103390353301263,1.4159291453000702,2.2262681806301963
"['V1.8', 'V2.4', 'V2.8', 'V3.3']",0.88629636,0.05557623,0.8025762596700591,0.8914241351233045,1.6940003947933637
"['V1.8', 'V2.4', 'V2.8', 'V3.5']",0.9103961,0.05590788,1.056997294166539,1.1339607161237293,2.1909580102902684
"['V1.8', 'V2.4', 'V2.8', 'V3.4']",0.77209846,0.0555433,-0.4030113464752983,0.8673423331864916,0.46433098671119327
"['V1.8', 'V2.4', 'V2.8', 'V3.6']",0.8664752,0.05598239,0.5933242083151382,1.1884500894098486,1.7817742977249869
"['V1.8', 'V2.4', 'V2.8', 'V3.8']",0.8649694,0.05622804,0.5774274727592857,1.3680946276964576,1.9455221004557433
"['V1.8', 'V2.4', 'V2.8', 'V3.7']",0.84483946,0.0560735,0.36491562992811544,1.2550790895453774,1.619994719473493
"['V1.8', 'V2.4', 'V2.8', 'V1.2_copy']",0.85175391,0.05614566,0.4379115013347857,1.307849901199202,1.7457614025339876
"['V1.8', 'V2.4', 'V3.0', 'V3.1']",0.82217608,0.05469972,0.12565825267894895,0.2504298983897607,0.37608815106870963
"['V1.8', 'V2.4', 'V3.0', 'V3.3']",0.78760294,0.05417108,-0.23933050008733062,-0.13616602556640614,-0.37549652565373676
"['V1.8', 'V2.4', 'V3.0', 'V3.2']",0.76726398,0.05504263,-0.4540489677464225,0.5012009491687609,0.047151981422338396
"['V1.8', 'V2.4', 'V3.0', 'V3.4']",0.78086165,0.05428647,-0.31049832080410084,-0.0517809929065576,-0.3622793137106584
"['V1.8', 'V2.4', 'V3.0', 'V3.7']",0.98536217,0.05480664,1.8484143418830496,0.3286207961451183,2.177035138028168
"['V1.8', 'V2.4', 'V3.0', 'V3.6']",0.87026863,0.05469922,0.6333714613099828,0.2500642469786335,0.8834357082886163
"['V1.8', 'V2.4', 'V3.0', 'V3.8']",0.86202823,0.05490676,0.5463775313893778,0.4018388347091552,0.948216366098533
"['V1.8', 'V2.4', 'V3.0', 'V3.5']",0.96776816,0.05462715,1.6626743204080705,0.19735925257881268,1.860033572986883
"['V1.8', 'V2.4', 'V3.0', 'V1.2_copy']",0.7619613,0.05462046,-0.5100293779584743,0.19246683669793818,-0.31756254126053607
"['V1.8', 'V2.4', 'V3.1', 'V3.2']",0.83535308,0.05558271,0.26476788504677157,0.8961629774115105,1.1609308624582821
"['V1.8', 'V2.4', 'V3.1', 'V3.4']",0.8173072,0.05479681,0.0742574704946096,0.3214320894023683,0.39568955989697785
"['V1.8', 'V2.4', 'V3.1', 'V3.3']",0.75054168,0.05466861,-0.6305863438824502,0.22767906758944906,-0.4029072762930011
"['V1.8', 'V2.4', 'V3.1', 'V3.5']",0.84230128,0.05503076,0.3381200553145196,0.4925203846686071,0.8306404399831266
"['V1.8', 'V2.4', 'V3.1', 'V3.6']",0.78230979,0.0545732,-0.2952103020580172,0.15790546531823046,-0.13730483673978672
"['V1.8', 'V2.4', 'V3.1', 'V3.8']",0.75238646,0.054616,-0.6111109953509551,0.18920522611068344,-0.4219057692402717
"['V1.8', 'V2.4', 'V3.1', 'V3.7']",0.80024182,0.05410132,-0.10590180233055523,-0.1871817104468222,-0.29308351277737743
"['V1.8', 'V2.4', 'V3.1', 'V1.2_copy']",0.80741511,0.0553701,-0.030173356191997222,0.7406806843721607,0.7105073281801635
"['V1.8', 'V2.4', 'V3.2', 'V3.3']",0.84800722,0.05499813,0.3983576826737699,0.4686579735784714,0.8670156562522413
"['V1.8', 'V2.4', 'V3.2', 'V3.4']",0.8578455,0.05485774,0.5022204370132793,0.36599037036228366,0.868210807375563
"['V1.8', 'V2.4', 'V3.2', 'V3.5']",0.91079098,0.05531901,1.0611660436261583,0.7033184231832242,1.7644844668093826
"['V1.8', 'V2.4', 'V3.2', 'V3.7']",0.83532976,0.05560847,0.26452169573002204,0.9150013381127643,1.1795230338427865
"['V1.8', 'V2.4', 'V3.2', 'V3.6']",0.80546229,0.0550903,-0.050789283359070674,0.536062154705592,0.48527287134652136
"['V1.8', 'V2.4', 'V3.2', 'V3.8']",0.87060648,0.05566238,0.6369381448719063,0.9544258732604566,1.5913640181323627
"['V1.8', 'V2.4', 'V3.2', 'V1.2_copy']",0.70265492,0.055569,-1.1361270268061932,0.886136815718413,-0.2499902110877802
"['V1.8', 'V2.4', 'V3.3', 'V3.4']",0.62278111,0.05409963,-1.979355101854938,-0.18841761221642986,-2.167772714071368
"['V1.8', 'V2.4', 'V3.3', 'V3.5']",0.81498581,0.0545143,0.04975054862450737,0.11483172908749006,0.16458227771199743
"['V1.8', 'V2.4', 'V3.3', 'V3.6']",0.78363682,0.05471649,-0.28120084198052814,0.2626938467189539,-0.018506995261574233
"['V1.8', 'V2.4', 'V3.3', 'V3.7']",0.87610231,0.05483525,0.6949576402696496,0.34954336988979906,1.0445010101594487
"['V1.8', 'V2.4', 'V3.3', 'V3.8']",0.74340984,0.05475394,-0.7058772022345889,0.29008113741235403,-0.4157960648222349
"['V1.8', 'V2.4', 'V3.3', 'V1.2_copy']",0.80687938,0.05474191,-0.035829059565178345,0.28128356446064035,0.245454504895462
"['V1.8', 'V2.4', 'V3.4', 'V3.5']",0.91577197,0.05458519,1.1137503714494714,0.16667378615704911,1.2804241576065205
"['V1.8', 'V2.4', 'V3.4', 'V3.6']",0.77024388,0.05470533,-0.42259015363904756,0.25453250722260595,-0.1680576464164416
"['V1.8', 'V2.4', 'V3.4', 'V3.8']",0.78105719,0.05477121,-0.3084340043805444,0.30271073715267444,-0.005723267227869977
"['V1.8', 'V2.4', 'V3.4', 'V3.7']",0.84158588,0.05486858,0.3305675751600121,0.3739176929555118,0.7044852681155239
"['V1.8', 'V2.4', 'V3.4', 'V1.2_copy']",0.74584264,0.05480798,-0.6801941246278165,0.32960074192693994,-0.35059338270087653
"['V1.8', 'V2.4', 'V3.5', 'V3.6']",0.67284098,0.05494369,-1.4508728895091083,0.42884584793498576,-1.0220270415741226
"['V1.8', 'V2.4', 'V3.5', 'V3.8']",0.77961881,0.05515644,-0.32361898677450535,0.5844305233694479,0.26081153659494255
"['V1.8', 'V2.4', 'V3.5', 'V3.7']",0.75959253,0.05478781,-0.5350364906445116,0.31485036400208394,-0.2201861266424277
"['V1.8', 'V2.4', 'V3.5', 'V1.2_copy']",0.9667121,0.05523146,1.6515254915123911,0.6392928610949181,2.2908183526073094
"['V1.8', 'V2.4', 'V3.6', 'V3.7']",0.73489622,0.0542385,-0.7957555165944086,-0.08686158929006613,-0.8826171058844747
"['V1.8', 'V2.4', 'V3.6', 'V1.2_copy']",0.70495461,0.0552705,-1.1118491919075084,0.6678429232756985,-0.4440062686318099
"['V1.8', 'V2.4', 'V3.6', 'V3.8']",0.80539785,0.05486265,-0.05146957665115461,0.36958106721954675,0.31811149056839216
"['V1.8', 'V2.4', 'V3.7', 'V3.8']",0.79647767,0.0546643,-0.145639946269034,0.2245271524255355,0.0788872061565015
"['V1.8', 'V2.4', 'V3.7', 'V1.2_copy']",0.88359655,0.05546975,0.7740743566145103,0.8135550106097367,1.587629367224247
"['V1.8', 'V2.4', 'V3.8', 'V1.2_copy']",0.85684293,0.05553949,0.49163630222364485,0.8645560694337052,1.35619237165735
"['V1.8', 'V2.5', 'V2.6', 'V2.7']",0.88715294,0.05547349,0.8116191775492143,0.8162900831649669,1.6279092607141812
"['V1.8', 'V2.5', 'V2.6', 'V2.8']",0.84851607,0.0556128,0.40372961379848477,0.9181678793331203,1.321897493131605
"['V1.8', 'V2.5', 'V2.6', 'V3.1']",0.79909156,0.05472126,-0.11804510093626258,0.26618216118110466,0.14813706024484208
"['V1.8', 'V2.5', 'V2.6', 'V3.2']",0.78655817,0.05554065,-0.2503601404158526,0.8654043807075195,0.6150442402916669
"['V1.8', 'V2.5', 'V2.6', 'V3.0']",0.76873452,0.05439087,-0.4385244721266167,0.024567021736721588,-0.4139574503898951
"['V1.8', 'V2.5', 'V2.6', 'V3.3']",0.75685277,0.05438504,-0.5639601459815443,0.02030352628298403,-0.5436566196985603
"['V1.8', 'V2.5', 'V2.6', 'V3.5']",0.8287688,0.05478065,0.19525761941674902,0.30961423579474845,0.5048718552114975
"['V1.8', 'V2.5', 'V2.6', 'V3.4']",0.79206245,0.05413109,-0.1922514383402995,-0.16541082542833221,-0.35766226376863175
"['V1.8', 'V2.5', 'V2.6', 'V3.6']",0.90919603,0.05502601,1.0443281512268978,0.4890466962629038,1.5333748474898017
"['V1.8', 'V2.5', 'V2.6', 'V3.7']",0.69925896,0.05493476,-1.171978187702894,0.42231531373225756,-0.7496628739706366
"['V1.8', 'V2.5', 'V2.6', 'V1.2_copy']",0.81762283,0.05499169,0.07758957744340352,0.46394838340316047,0.541537960846564
"['V1.8', 'V2.5', 'V2.7', 'V2.8']",0.83011323,0.05600858,0.20945077135150508,1.2076029103246735,1.4170536816761785
"['V1.8', 'V2.5', 'V2.6', 'V3.8']",0.74896626,0.05488962,-0.6472180580074343,0.38930430433572855,-0.2579137536717057
"['V1.8', 'V2.5', 'V2.7', 'V3.1']",0.73989361,0.05528633,-0.7429980539171199,0.6794194469519748,-0.06357860696514517
"['V1.8', 'V2.5', 'V2.7', 'V3.3']",0.86178146,0.0547836,0.5437723796872149,0.3117715791203979,0.8555439588076128
"['V1.8', 'V2.5', 'V2.7', 'V3.0']",1.03821223,0.05479242,2.4063525992418855,0.3182216700126748,2.7245742692545605
"['V1.8', 'V2.5', 'V2.7', 'V3.2']",0.99941215,0.05603817,1.9967400269840032,1.229242160835156,3.2259821878191595
"['V1.8', 'V2.5', 'V2.7', 'V3.4']",0.70412447,0.05460722,-1.1206129826196454,0.18278438733129648,-0.9378285952883489
"['V1.8', 'V2.5', 'V2.7', 'V3.5']",0.86536347,0.05521045,0.5815876710462397,0.6239281887993676,1.2055158598456073
"['V1.8', 'V2.5', 'V2.7', 'V3.7']",0.70339198,0.05537446,-1.1283458819603984,0.743869164677188,-0.3844767172832104
"['V1.8', 'V2.5', 'V2.7', 'V3.6']",0.79658849,0.05547421,-0.14447001916430638,0.8168166211969914,0.672346602032685
"['V1.8', 'V2.5', 'V2.7', 'V1.2_copy']",0.8952742,0.05541319,0.8973553460977084,0.7721925229830724,1.6695478690807808
"['V1.8', 'V2.5', 'V2.7', 'V3.8']",0.78966495,0.05537361,-0.21756185373089273,0.7432475572782697,0.525685703547377
"['V1.8', 'V2.5', 'V2.8', 'V3.0']",0.82319163,0.05489092,0.13637941737130221,0.39025499800466024,0.5266344153759625
"['V1.8', 'V2.5', 'V2.8', 'V3.1']",0.80373849,0.05535836,-0.06898744563239997,0.7320951892389057,0.6631077436065057
"['V1.8', 'V2.5', 'V2.8', 'V3.3']",0.83378957,0.05494453,0.2482619048309855,0.42946014230567514,0.6777220471366606
"['V1.8', 'V2.5', 'V2.8', 'V3.2']",0.85081138,0.05611892,0.42796120902275386,1.2882948637321414,1.7162560727548952
"['V1.8', 'V2.5', 'V2.8', 'V3.4']",0.73500804,0.05471108,-0.7945750324863895,0.25873749845056354,-0.5358375340358259
"['V1.8', 'V2.5', 'V2.8', 'V3.5']",0.83322536,0.05529763,0.24230553800407173,0.6876831688434402,0.9299887068475119
"['V1.8', 'V2.5', 'V2.8', 'V3.6']",0.85791027,0.0554993,0.502904214116448,0.8351650090073344,1.3380692231237825
"['V1.8', 'V2.5', 'V2.8', 'V3.7']",0.69838338,0.05531873,-1.1812216886445817,0.7031136583929944,-0.4781080302515872
"['V1.8', 'V2.5', 'V2.8', 'V3.8']",0.66936675,0.05545158,-1.4875503470534102,0.8002672383293894,-0.6872831087240208
"['V1.8', 'V2.5', 'V2.8', 'V1.2_copy']",0.88053479,0.05548778,0.7417513462177198,0.8267404004949716,1.5684917467126913
"['V1.8', 'V2.5', 'V3.0', 'V3.1']",0.78258605,0.0539129,-0.29229382432879664,-0.324973788215856,-0.6172676125446526
"['V1.8', 'V2.5', 'V3.0', 'V3.2']",0.90714067,0.05482054,1.0226297089423462,0.3387859053744471,1.3614156143167933
"['V1.8', 'V2.5', 'V3.0', 'V3.3']",0.66980447,0.05350718,-1.4829293355727968,-0.6216779692606053,-2.104607304833402
"['V1.8', 'V2.5', 'V3.0', 'V3.4']",0.72631136,0.05341596,-0.8863859118686918,-0.6883874127065853,-1.574773324575277
"['V1.8', 'V2.5', 'V3.0', 'V3.5']",0.83694362,0.05397816,0.28155922106151854,-0.27724896603558463,0.004310255025933907
"['V1.8', 'V2.5', 'V3.0', 'V3.7']",0.88352468,0.05401858,0.7733156247879726,-0.2476897059600926,0.52562591882788
"['V1.8', 'V2.5', 'V3.0', 'V3.8']",0.7112714,0.05409785,-1.0451628190878428,-0.18971933124004123,-1.234882150327884
"['V1.8', 'V2.5', 'V3.0', 'V3.6']",0.84604537,0.05417335,0.37764642576697754,-0.13450596815989133,0.24314045760708622
"['V1.8', 'V2.5', 'V3.0', 'V1.2_copy']",0.85304129,0.05393402,0.45150237623177897,-0.3095286726098593,0.1419737036219197
"['V1.8', 'V2.5', 'V3.1', 'V3.3']",0.74178174,0.05395776,-0.7230650592929524,-0.2921675436095567,-1.0152326029025092
"['V1.8', 'V2.5', 'V3.1', 'V3.2']",0.96507645,0.05534108,1.6342579290791797,0.7194582764703615,2.3537162055495413
"['V1.8', 'V2.5', 'V3.1', 'V3.4']",0.82130238,0.05386587,0.11643459890344894,-0.3593669599464426,-0.24293236104299365
"['V1.8', 'V2.5', 'V3.1', 'V3.5']",0.85576844,0.05433896,0.48029290775730904,-0.013394907766466974,0.4668979999908421
"['V1.8', 'V2.5', 'V3.1', 'V3.6']",0.79927658,0.05403431,-0.11609184418732946,-0.2361863125660387,-0.35227815675336815
"['V1.8', 'V2.5', 'V3.1', 'V3.7']",0.67868862,0.05332212,-1.3891393347834982,-0.7570128695468662,-2.1461522043303645
"['V1.8', 'V2.5', 'V3.1', 'V3.8']",0.72198795,0.05379369,-0.932028165467793,-0.41215239765671463,-1.3441805631245076
"['V1.8', 'V2.5', 'V3.1', 'V1.2_copy']",0.76052043,0.05463041,-0.5252406472906299,0.1997432997793581,-0.3254973475112718
"['V1.8', 'V2.5', 'V3.2', 'V3.3']",0.72206071,0.05485307,-0.931260037908327,0.3625751861823553,-0.5686848517259717
"['V1.8', 'V2.5', 'V3.2', 'V3.4']",0.92266025,0.05451287,1.186469966080011,0.11378596605166467,1.3002559321316758
"['V1.8', 'V2.5', 'V3.2', 'V3.5']",0.83414978,0.05520087,0.2520646429864996,0.6169223077621762,0.8689869507486758
"['V1.8', 'V2.5', 'V3.2', 'V3.7']",0.69985099,0.05538588,-1.1657281250444196,0.7522206429073233,-0.4135074821370963
"['V1.8', 'V2.5', 'V3.2', 'V3.6']",0.77497245,0.05512947,-0.37267062458649225,0.5647072862532662,0.1920366616667739
"['V1.8', 'V2.5', 'V3.2', 'V3.8']",0.69538494,0.05538291,-1.2128762295929751,0.7500486735252314,-0.46282755606774373
"['V1.8', 'V2.5', 'V3.2', 'V1.2_copy']",0.80913737,0.05540002,-0.011991451703737156,0.7625612648139919,0.7505698131102547
"['V1.8', 'V2.5', 'V3.3', 'V3.4']",0.80458975,0.05331608,-0.0600006910107535,-0.7614299385932773,-0.8214306296040308
"['V1.8', 'V2.5', 'V3.3', 'V3.5']",0.92313198,0.05394596,1.1914500212425574,-0.30079691691214927,0.8906531043304081
"['V1.8', 'V2.5', 'V3.3', 'V3.6']",0.7482152,0.05426619,-0.6551470008993049,-0.06661181414186486,-0.7217588150411698
"['V1.8', 'V2.5', 'V3.3', 'V3.7']",0.93957674,0.0541103,1.3650574066851533,-0.18061461110298538,1.184442795582168
"['V1.8', 'V2.5', 'V3.3', 'V1.2_copy']",0.83796952,0.05412221,0.292389650737936,-0.17190479448994667,0.12048485624798932
"['V1.8', 'V2.5', 'V3.4', 'V3.5']",0.8796951,0.05381884,0.7328867361241518,-0.3937601316770342,0.33912660444711756
"['V1.8', 'V2.5', 'V3.3', 'V3.8']",0.80969637,0.05402701,-0.006090086863968998,-0.24152482316849164,-0.24761491003246064
"['V1.8', 'V2.5', 'V3.4', 'V3.6']",0.81009326,0.05404607,-0.0019001178277344378,-0.22758619137633612,-0.22948630920407057
"['V1.8', 'V2.5', 'V3.4', 'V3.7']",0.71986994,0.05390911,-0.9543880040085362,-0.3277454259121948,-1.282133429920731
"['V1.8', 'V2.5', 'V3.4', 'V1.2_copy']",0.76233152,0.05398432,-0.5061209642000143,-0.27274414065049846,-0.7788651048505127
"['V1.8', 'V2.5', 'V3.4', 'V3.8']",0.81319702,0.05384112,0.030866286707285286,-0.3774667047972233,-0.34660041808993797
"['V1.8', 'V2.5', 'V3.5', 'V3.6']",0.7871383,0.05452074,-0.2442357060965427,0.11954131926280097,-0.12469438683374172
"['V1.8', 'V2.5', 'V3.5', 'V3.7']",0.78253624,0.05409484,-0.2928196686627305,-0.19192055273502814,-0.48474022139775863
"['V1.8', 'V2.5', 'V3.5', 'V1.2_copy']",0.8732404,0.05462899,0.6647444469806005,0.19870484977176156,0.8634492967523621
"['V1.8', 'V2.5', 'V3.5', 'V3.8']",0.90939561,0.05444463,1.0464351179437503,0.06388186146107772,1.110316979404828
"['V1.8', 'V2.5', 'V3.6', 'V3.8']",0.7701326,0.0542876,-0.42376493696529005,-0.05095462071741461,-0.4747195576827047
"['V1.8', 'V2.5', 'V3.6', 'V3.7']",0.74097227,0.05370178,-0.7316106367470602,-0.47936644005004797,-1.2109770767971082
"['V1.8', 'V2.5', 'V3.7', 'V3.8']",0.57390018,0.05382898,-2.4953912407406693,-0.3863447210593831,-2.8817359618000524
"['V1.8', 'V2.5', 'V3.6', 'V1.2_copy']",0.81949621,0.05479603,0.09736685626902551,0.3208616732010113,0.4182285294700368
"['V1.8', 'V2.5', 'V3.7', 'V1.2_copy']",0.91318241,0.05472294,1.0864123780067745,0.26741074992248853,1.353823127929263
"['V1.8', 'V2.5', 'V3.8', 'V1.2_copy']",0.73348611,0.054777,-0.8106420525053286,0.306944980493522,-0.5036970720118066
"['V1.8', 'V2.6', 'V2.7', 'V2.8']",0.78707605,0.05596019,-0.24489287955141764,1.1722151667558176,0.9273222872044
"['V1.8', 'V2.6', 'V2.7', 'V3.0']",0.82203675,0.05482611,0.1241873454103895,0.34285926209439727,0.46704660750478677
"['V1.8', 'V2.6', 'V2.7', 'V3.1']",0.74547623,0.05524375,-0.6840623162037366,0.6482805727804142,-0.03578174342332241
"['V1.8', 'V2.6', 'V2.7', 'V3.2']",0.7817574,0.05594612,-0.3010418851060293,1.1619257360467103,0.8608838509406811
"['V1.8', 'V2.6', 'V2.7', 'V3.3']",0.79201564,0.05485648,-0.19274561166435894,0.3650689288062419,0.17232331714188298
"['V1.8', 'V2.6', 'V2.7', 'V3.4']",0.77467262,0.05475575,-0.3758359308832855,0.29140479552063164,-0.08443113536265384
"['V1.8', 'V2.6', 'V2.7', 'V3.5']",0.78621303,0.05523916,-0.25400378453176864,0.6449238928262708,0.3909201082945022
"['V1.8', 'V2.6', 'V2.7', 'V3.6']",0.81581167,0.05547942,0.058469155362557305,0.8206267089009319,0.8790958642634892
"['V1.8', 'V2.6', 'V2.7', 'V3.7']",0.72473302,0.05541844,-0.9030484524432862,0.7760318627999028,-0.12701658964338347
"['V1.8', 'V2.6', 'V2.7', 'V3.8']",0.91681941,0.05548545,1.1248081989767806,0.8250364649191193,1.9498446638959
"['V1.8', 'V2.6', 'V2.8', 'V3.0']",0.82601109,0.05500027,0.16614446587064052,0.4702229616180925,0.636367427488733
"['V1.8', 'V2.6', 'V2.7', 'V1.2_copy']",0.8713563,0.05542294,0.6448539970796957,0.7793227255000424,1.4241767225797382
"['V1.8', 'V2.6', 'V2.8', 'V3.1']",0.82170188,0.05539641,0.12065212171827362,0.7599212616256554,0.8805733833439291
"['V1.8', 'V2.6', 'V2.8', 'V3.2']",0.83818898,0.05610049,0.29470649068021687,1.2748169527180067,1.5695234433982235
"['V1.8', 'V2.6', 'V2.8', 'V3.3']",0.78451802,0.0550944,-0.2718980106803438,0.5390604962768321,0.26716248559648825
"['V1.8', 'V2.6', 'V2.8', 'V3.4']",0.76192538,0.05492561,-0.510408585516693,0.4156238929086371,-0.09478469260805589
"['V1.8', 'V2.6', 'V2.8', 'V3.5']",0.80546779,0.05540157,-0.050731219840969295,0.7636947841884821,0.7129635643475128
"['V1.8', 'V2.6', 'V2.8', 'V3.6']",0.70545986,0.05558348,-1.1065152659946418,0.8967260805846438,-0.20978918540999802
"['V1.8', 'V2.6', 'V2.8', 'V3.8']",0.79901202,0.05563716,-0.11888480497804259,0.93598241608322,0.8170976111051774
"['V1.8', 'V2.6', 'V2.8', 'V3.7']",0.73293631,0.05543672,-0.8164462929148163,0.7894000783907013,-0.027046214524115042
"['V1.8', 'V2.6', 'V2.8', 'V1.2_copy']",0.89058767,0.05557347,0.8478796334635149,0.8894057393338863,1.7372853727974014
"['V1.8', 'V2.6', 'V3.0', 'V3.2']",0.82379373,0.05488509,0.14273578905291964,0.38599150255091763,0.5287272916038372
"['V1.8', 'V2.6', 'V3.0', 'V3.1']",0.88214077,0.05404075,0.7587056823632823,-0.2314767223907278,0.5272289599725545
"['V1.8', 'V2.6', 'V3.0', 'V3.3']",0.70017941,0.05374167,-1.1622609940235318,-0.45019477047034934,-1.612455764493881
"['V1.8', 'V2.6', 'V3.0', 'V3.4']",0.83957732,0.05370893,0.3093632006294877,-0.47413762487093114,-0.16477442424144345
"['V1.8', 'V2.6', 'V3.0', 'V3.6']",0.82291754,0.05434502,0.1334858483392238,-0.00896321266360827,0.12452263567561553
"['V1.8', 'V2.6', 'V3.0', 'V3.5']",0.85975004,0.05416797,0.5223266720614547,-0.13844037734361542,0.38388629471783925
"['V1.8', 'V2.6', 'V3.0', 'V3.7']",0.91026846,0.05422207,1.0556497982664523,-0.09887689465969708,0.9567729036067553
"['V1.8', 'V2.6', 'V3.0', 'V3.8']",0.84405393,0.05436716,0.3566227871327978,0.007227831821085245,0.36385061895388304
"['V1.8', 'V2.6', 'V3.1', 'V3.2']",0.80751945,0.05533731,-0.029071838468595568,0.7167012648304651,0.6876294263618696
"['V1.8', 'V2.6', 'V3.0', 'V1.2_copy']",0.83439265,0.05410296,0.25462862237582756,-0.18598237381832824,0.06864624855749932
"['V1.8', 'V2.6', 'V3.1', 'V3.3']",0.73910513,0.05412653,-0.751322039872146,-0.16874556629780935,-0.9200676061699553
"['V1.8', 'V2.6', 'V3.1', 'V3.4']",0.82610269,0.05410601,0.16711148737211307,-0.18375190021045137,-0.01664041283833831
"['V1.8', 'V2.6', 'V3.1', 'V3.5']",0.72530462,0.05446078,-0.8970140693620501,0.07569240204047378,-0.8213216673215763
"['V1.8', 'V2.6', 'V3.1', 'V3.6']",0.82676219,0.05413426,0.17407383104264265,-0.1630925954817905,0.010981235560852148
"['V1.8', 'V2.6', 'V3.1', 'V3.7']",0.84332892,0.05344634,0.3489688541766634,-0.6661704329665169,-0.3172015787898535
"['V1.8', 'V2.6', 'V3.1', 'V3.8']",0.84795954,0.05399698,0.39785432475684673,-0.26348584692076893,0.1343684778360778
"['V1.8', 'V2.6', 'V3.2', 'V3.3']",0.73980725,0.05496408,-0.7439097567213454,0.4437571124807341,-0.30015264424061133
"['V1.8', 'V2.6', 'V3.1', 'V1.2_copy']",0.83039366,0.05473318,0.21241127178444946,0.2748992908223671,0.48731056260681654
"['V1.8', 'V2.6', 'V3.2', 'V3.4']",0.85118973,0.05468578,0.4319554512179699,0.24023553704754702,0.6721909882655169
"['V1.8', 'V2.6', 'V3.2', 'V3.5']",0.82791264,0.0552617,0.18621913547897606,0.661407458439864,0.8476265939188401
"['V1.8', 'V2.6', 'V3.2', 'V3.6']",0.73378826,0.05517553,-0.8074522539608998,0.5983910942462696,-0.20906115971463024
"['V1.8', 'V2.6', 'V3.2', 'V3.8']",0.70069604,0.05552821,-1.1568069294132115,0.8563069735986873,-0.30049995581452416
"['V1.8', 'V2.6', 'V3.2', 'V3.7']",0.85595799,0.05548829,0.48229398773115123,0.8271133649343225,1.3094073526654737
"['V1.8', 'V2.6', 'V3.2', 'V1.2_copy']",0.81099735,0.05544309,0.0076443632777837165,0.794058477368456,0.8017028406462398
"['V1.8', 'V2.6', 'V3.3', 'V3.4']",0.76844078,0.05364794,-0.44162548627336595,-0.5187397840001841,-0.96036527027355
"['V1.8', 'V2.6', 'V3.3', 'V3.6']",0.77615533,0.05448099,-0.3601829565334263,0.09047203207821979,-0.2697109244552065
"['V1.8', 'V2.6', 'V3.3', 'V3.5']",0.80721649,0.05417742,-0.032270188185690954,-0.1315295656733227,-0.16379975385901363
"['V1.8', 'V2.6', 'V3.3', 'V3.7']",0.87990172,0.05435797,0.735068024144175,0.0005071588845747944,0.7355751830287498
"['V1.8', 'V2.6', 'V3.3', 'V3.8']",0.73845171,0.05433515,-0.7582201969626662,-0.016181171519253322,-0.7744013684819195
"['V1.8', 'V2.6', 'V3.3', 'V1.2_copy']",0.8090108,0.05433309,-0.013327651610300605,-0.017687655333094507,-0.03101530694339511
"['V1.8', 'V2.6', 'V3.4', 'V3.5']",0.81986929,0.05410455,0.10130546305689764,-0.18481960233094297,-0.08351413927404533
"['V1.8', 'V2.6', 'V3.4', 'V3.6']",0.76224685,0.05432577,-0.5070148256686783,-0.023040791991989874,-0.5300556176606681
"['V1.8', 'V2.6', 'V3.4', 'V3.8']",0.72673322,0.05421196,-0.8819323344602764,-0.10627036619268197,-0.9882027006529583
"['V1.8', 'V2.6', 'V3.4', 'V3.7']",0.76134823,0.05425266,-0.5165015599661953,-0.07650634132695507,-0.5930079012931504
"['V1.8', 'V2.6', 'V3.4', 'V1.2_copy']",0.79446393,0.05425597,-0.1668990060766061,-0.0740857289852959,-0.240984735061902
"['V1.8', 'V2.6', 'V3.5', 'V3.6']",0.82639473,0.05468542,0.17019455461326738,0.2399722680315322,0.4101668226447996
"['V1.8', 'V2.6', 'V3.5', 'V3.7']",0.68240181,0.05429796,-1.349939175732737,-0.04337832347886613,-1.393317499211603
"['V1.8', 'V2.6', 'V3.5', 'V3.8']",0.75224322,0.05470879,-0.6126231805023831,0.25706281498760125,-0.3555603655147818
"['V1.8', 'V2.6', 'V3.5', 'V1.2_copy']",0.90093739,0.05479437,0.9571416615662612,0.3196477105160698,1.2767893720823311
"['V1.8', 'V2.6', 'V3.6', 'V3.7']",0.78699646,0.05390104,-0.24573311144336252,-0.33364703968778603,-0.5793801511311485
"['V1.8', 'V2.6', 'V3.6', 'V3.8']",0.75223131,0.05453524,-0.612748914411581,0.13014521018547934,-0.48260370422610166
"['V1.8', 'V2.6', 'V3.6', 'V1.2_copy']",0.83236067,0.05494442,0.23317700282822496,0.429379698995229,0.6625567018234539
"['V1.8', 'V2.6', 'V3.7', 'V3.8']",0.73834078,0.05411116,-0.7593912853377558,-0.17998569067584844,-0.9393769760136043
"['V1.8', 'V2.6', 'V3.8', 'V1.2_copy']",0.82385322,0.0550228,0.14336382517871224,0.48669921420346707,0.6300630393821793
"['V1.8', 'V2.6', 'V3.7', 'V1.2_copy']",0.86889434,0.05490992,0.6188630772569529,0.40414975162747824,1.0230128288844311
"['V1.8', 'V2.7', 'V2.8', 'V3.0']",0.92452483,0.05535352,1.2061543432766717,0.7285556835791988,1.9347100268558703
"['V1.8', 'V2.7', 'V2.8', 'V3.1']",0.8932391,0.05590701,0.875870788699836,1.1333244826683686,2.0091952713682044
"['V1.8', 'V2.7', 'V2.8', 'V3.2']",0.91869329,0.05654197,1.144590756304049,1.5976725226865436,2.7422632789905927
"['V1.8', 'V2.7', 'V2.8', 'V3.3']",0.87596711,0.0554439,0.6935303334246825,0.7946508326544792,1.4881811660791617
"['V1.8', 'V2.7', 'V2.8', 'V3.4']",0.90090585,0.0553576,0.9568086936824581,0.7315393990939911,1.6883480927764491
"['V1.8', 'V2.7', 'V2.8', 'V3.5']",0.8410513,0.05578692,0.32492401234061474,1.0455023267439256,1.3704263390845404
"['V1.8', 'V2.7', 'V2.8', 'V3.6']",0.79355498,0.05597618,-0.1764947942181205,1.1839086988836538,1.0074139046655333
"['V1.8', 'V2.7', 'V2.8', 'V3.7']",0.77610363,0.0558201,-0.36072875360358,1.0697669543863022,0.7090382007827223
"['V1.8', 'V2.7', 'V2.8', 'V3.8']",0.81409901,0.05607549,0.04038859810589192,1.2565343821616626,1.2969229802675546
"['V1.8', 'V2.7', 'V2.8', 'V1.2_copy']",0.89952576,0.05594176,0.9422390790103389,1.158737255741683,2.100976334752022
"['V1.8', 'V2.7', 'V3.0', 'V3.1']",0.80632276,0.05454895,-0.041705298737112664,0.14017137187857695,0.09846607314146429
"['V1.8', 'V2.7', 'V3.0', 'V3.2']",0.81606779,0.05534124,0.061173015045492926,0.7195752849219215,0.7807482999674143
"['V1.8', 'V2.7', 'V3.0', 'V3.4']",0.87297434,0.05414728,0.6619356506849496,-0.1535710327360462,0.5083646179489034
"['V1.8', 'V2.7', 'V3.0', 'V3.3']",0.85044319,0.05409902,0.424074225980976,-0.18886370693800827,0.23521051904296772
"['V1.8', 'V2.7', 'V3.0', 'V3.5']",0.85917683,0.05456019,0.5162752922049199,0.1483912156007099,0.6646665078056297
"['V1.8', 'V2.7', 'V3.0', 'V3.6']",0.86084277,0.05474445,0.533862626267821,0.28314107362916624,0.8170036998969872
"['V1.8', 'V2.7', 'V3.0', 'V3.7']",0.84496333,0.05460716,0.36622332592579365,0.18274050916196405,0.5489638350877577
"['V1.8', 'V2.7', 'V3.0', 'V3.8']",0.9198236,0.05480563,1.1565234426940976,0.3278821802946452,1.4844056229887428
"['V1.8', 'V2.7', 'V3.0', 'V1.2_copy']",0.83680505,0.05448014,0.28009633711546084,0.08985042467930661,0.36994676179476743
"['V1.8', 'V2.7', 'V3.1', 'V3.2']",0.91133656,0.05596973,1.0669257334817575,1.1791917956801192,2.246117529161877
"['V1.8', 'V2.7', 'V3.1', 'V3.3']",0.63881543,0.05463823,-1.8100807328431738,0.20546208784938574,-1.604618644993788
"['V1.8', 'V2.7', 'V3.1', 'V3.5']",0.83913408,0.05501574,0.3046839144907074,0.4815362162783591,0.7862201307690665
"['V1.8', 'V2.7', 'V3.1', 'V3.4']",0.75921047,0.05471889,-0.539069899321939,0.26444897349236235,-0.2746209258295767
"['V1.8', 'V2.7', 'V3.1', 'V3.6']",0.90406397,0.05469552,0.9901489769163865,0.2473584265362933,1.2375074034526798
"['V1.8', 'V2.7', 'V3.1', 'V3.7']",0.76243183,0.05398865,-0.5050619911998765,-0.2695775994301425,-0.774639590630019
"['V1.8', 'V2.7', 'V3.1', 'V3.8']",0.90049505,0.05457267,0.9524718767304426,0.15751787482243199,1.1099897515528747
"['V1.8', 'V2.7', 'V3.1', 'V1.2_copy']",0.79220606,0.05526681,-0.19073534709765302,0.6651444158615821,0.4744090687639291
"['V1.8', 'V2.7', 'V3.2', 'V3.4']",0.88321431,0.0552213,0.7700390476764903,0.6318628244208195,1.40190187209731
"['V1.8', 'V2.7', 'V3.2', 'V3.3']",0.83584223,0.05541141,0.2699318432066507,0.770890803959461,1.0408226471661117
"['V1.8', 'V2.7', 'V3.2', 'V3.5']",0.86307365,0.05574269,0.5574140337700396,1.0131568029156472,1.570570836685687
"['V1.8', 'V2.7', 'V3.2', 'V3.6']",0.89432663,0.05566561,0.8873518464890889,0.9567879813763358,1.8441398278654249
"['V1.8', 'V2.7', 'V3.2', 'V3.7']",0.86987481,0.05596139,0.6292139022738521,1.1730927301425218,1.802306632416374
"['V1.8', 'V2.7', 'V3.2', 'V3.8']",0.87514026,0.05607518,0.6848012752533734,1.2563076782867664,1.9411089535401398
"['V1.8', 'V2.7', 'V3.2', 'V1.2_copy']",0.9001556,0.05591235,0.9488883019632529,1.1372296397392028,2.086117941702456
"['V1.8', 'V2.7', 'V3.3', 'V3.4']",0.77216916,0.05408548,-0.4022649663426124,-0.19876554715132225,-0.6010305134939347
"['V1.8', 'V2.7', 'V3.3', 'V3.5']",0.90149313,0.05456114,0.9630086105752995,0.14908595328185054,1.11209456385715
"['V1.8', 'V2.7', 'V3.3', 'V3.6']",0.73603009,0.05488098,-0.7837852472726433,0.382985847951459,-0.4007993993211843
"['V1.8', 'V2.7', 'V3.3', 'V3.7']",0.86675236,0.054757,0.5962501873473204,0.2923189240484496,0.88856911139577
"['V1.8', 'V2.7', 'V3.3', 'V3.8']",0.80633191,0.05477563,-0.041608702156998266,0.3059430956270341,0.26433439347003584
"['V1.8', 'V2.7', 'V3.3', 'V1.2_copy']",0.94224205,0.05470908,1.393195093127157,0.2572748928060548,1.650469985933212
"['V1.8', 'V2.7', 'V3.4', 'V3.5']",0.88124408,0.05457064,0.7492393230821175,0.156033330093257,0.9052726531753745
"['V1.8', 'V2.7', 'V3.4', 'V3.6']",0.8253409,0.05481375,0.15906926783492847,0.3338203592113451,0.4928896270462736
"['V1.8', 'V2.7', 'V3.4', 'V3.7']",0.71232389,0.05472937,-1.0340516786939138,0.27211302706958074,-0.761938651624333
"['V1.8', 'V2.7', 'V3.4', 'V3.8']",0.72573306,0.05473813,-0.8924910268719779,0.2785192397925253,-0.6139717870794525
"['V1.8', 'V2.7', 'V3.5', 'V3.6']",0.77294782,0.05512129,-0.39404465015990625,0.5587252291672339,0.16468057900732763
"['V1.8', 'V2.7', 'V3.4', 'V1.2_copy']",0.85522395,0.0547137,0.47454472503529666,0.26065351184486435,0.7351982368801611
"['V1.8', 'V2.7', 'V3.5', 'V3.7']",0.73435879,0.05472834,-0.8014291668731846,0.2713597851626602,-0.5300693817105244
"['V1.8', 'V2.7', 'V3.5', 'V3.8']",0.81101571,0.05518386,0.007838189858209652,0.6044828467556431,0.6123210366138527
"['V1.8', 'V2.7', 'V3.5', 'V1.2_copy']",0.90818556,0.05520414,1.0336606161112625,0.6193136679909453,1.652974284102208
"['V1.8', 'V2.7', 'V3.6', 'V3.7']",0.85858274,0.05431191,0.5100034821196654,-0.033176649108428685,0.47682683301123674
"['V1.8', 'V2.7', 'V3.6', 'V3.8']",0.84416077,0.0550207,0.3577506973644276,0.4851634782767359,0.8429141756411636
"['V1.8', 'V2.7', 'V3.6', 'V1.2_copy']",0.83101588,0.05535749,0.2189800503722849,0.7314589557835449,0.9504390061558299
"['V1.8', 'V2.7', 'V3.7', 'V3.8']",0.70781331,0.05459493,-1.0816698865990244,0.17379667564580048,-0.9078732109532239
"['V1.8', 'V2.7', 'V3.8', 'V1.2_copy']",0.92310355,0.05548266,1.1911498856389897,0.8229961300450348,2.0141460156840245
"['V1.8', 'V2.7', 'V3.7', 'V1.2_copy']",0.99065371,0.05530319,1.9042771470784376,0.6917492125351717,2.5960263596136093
"['V1.8', 'V2.8', 'V3.0', 'V3.1']",0.90603344,0.05466604,1.0109406781882575,0.22579961933625692,1.2367402975245145
"['V1.8', 'V2.8', 'V3.0', 'V3.3']",0.91167323,0.05429279,1.0704799597797978,-0.04715915906991661,1.0233208007098813
"['V1.8', 'V2.8', 'V3.0', 'V3.2']",0.82775336,0.05545503,0.18453761599475774,0.802790233066166,0.9873278490609237
"['V1.8', 'V2.8', 'V3.0', 'V3.4']",0.87580144,0.05428452,0.6917813546894334,-0.05320703340995262,0.6385743212794808
"['V1.8', 'V2.8', 'V3.0', 'V3.5']",0.85874857,0.05467977,0.5117541499754414,0.23584040708580206,0.7475945570612434
"['V1.8', 'V2.8', 'V3.0', 'V3.8']",0.9145397,0.05492071,1.100741293003854,0.41204050907959267,1.5127818020834467
"['V1.8', 'V2.8', 'V3.0', 'V3.6']",0.83892649,0.05480875,0.30249238617749186,0.3301638451000783,0.6326562312775701
"['V1.8', 'V2.8', 'V3.0', 'V3.7']",0.83157941,0.05458709,0.22492923843696094,0.1680632615193304,0.3929924999562914
"['V1.8', 'V2.8', 'V3.1', 'V3.2']",0.87573248,0.05604401,0.6910533437424738,1.2335129693171174,1.9245663130595911
"['V1.8', 'V2.8', 'V3.1', 'V3.3']",0.84979699,0.05481508,0.4172522904542178,0.33479299196494305,0.7520452824191608
"['V1.8', 'V2.8', 'V3.0', 'V1.2_copy']",0.89446047,0.05458972,0.8887647958095792,0.16998658794186003,1.0587513837514393
"['V1.8', 'V2.8', 'V3.1', 'V3.4']",0.82239827,0.05482063,0.1280039132402154,0.33885172262845076,0.4668556358686662
"['V1.8', 'V2.8', 'V3.1', 'V3.6']",0.77955531,0.05472385,-0.32428935648349494,0.2680762354907392,-0.056213120992755716
"['V1.8', 'V2.8', 'V3.1', 'V3.5']",0.85245468,0.05510932,0.4453095325311431,0.5499715343848576,0.9952810669160006
"['V1.8', 'V2.8', 'V3.1', 'V3.7']",0.75000491,0.05394173,-0.6362530265390542,-0.30389032785028286,-0.9401433543893372
"['V1.8', 'V2.8', 'V3.1', 'V3.8']",0.73617338,0.05467329,-0.7822725342710506,0.2311015647975961,-0.5511709694734545
"['V1.8', 'V2.8', 'V3.1', 'V1.2_copy']",0.92936926,0.05535221,1.2572970067305422,0.7275976768820432,1.9848946836125854
"['V1.8', 'V2.8', 'V3.2', 'V3.4']",0.85804185,0.05533934,0.5042933046095012,0.7181858095596402,1.2224791141691413
"['V1.8', 'V2.8', 'V3.2', 'V3.3']",0.83167768,0.05559429,0.22596667515038432,0.9046314640932057,1.13059813924359
"['V1.8', 'V2.8', 'V3.2', 'V3.5']",0.89214225,0.05585127,0.8642913396399107,1.0925616633559514,1.956853002995862
"['V1.8', 'V2.8', 'V3.2', 'V3.6']",0.89843279,0.0556963,0.9307005911231828,0.9792316649913002,1.909932256114483
"['V1.8', 'V2.8', 'V3.2', 'V3.7']",0.95051404,0.05587716,1.4805225187817288,1.1114950934240988,2.5920176122058276
"['V1.8', 'V2.8', 'V3.2', 'V3.8']",0.84711231,0.05616001,0.38891011485846416,1.3183440966985442,1.7072542115570084
"['V1.8', 'V2.8', 'V3.2', 'V1.2_copy']",0.96451139,0.05600126,1.6282925887994677,1.202249773665773,2.8305423624652404
"['V1.8', 'V2.8', 'V3.3', 'V3.4']",0.79786644,0.05428387,-0.13097869680834864,-0.05368238024442101,-0.18466107705276966
"['V1.8', 'V2.8', 'V3.3', 'V3.5']",0.93450233,0.05474665,1.3114868436143785,0.2847499398381249,1.5962367834525035
"['V1.8', 'V2.8', 'V3.3', 'V3.7']",0.97242721,0.05480085,1.7118599265918226,0.3243865528042707,2.0362464793960933
"['V1.8', 'V2.8', 'V3.3', 'V3.6']",0.96829652,0.05500483,1.6682522186669961,0.4735577024875697,2.141809921154566
"['V1.8', 'V2.8', 'V3.3', 'V3.8']",0.89050906,0.05495025,0.8470497474347947,0.43364319444896654,1.2806929418837611
"['V1.8', 'V2.8', 'V3.3', 'V1.2_copy']",0.88261296,0.05487947,0.7636905937473424,0.3818815806898537,1.145572174437196
"['V1.8', 'V2.8', 'V3.4', 'V3.5']",0.84708553,0.05469775,0.38862739831032644,0.24898923182992322,0.6376166301402497
"['V1.8', 'V2.8', 'V3.4', 'V3.6']",0.78432313,0.05487803,-0.27395546505176166,0.3808285046258096,0.10687303957404792
"['V1.8', 'V2.8', 'V3.4', 'V3.7']",0.67956788,0.05471836,-1.3798569840696986,0.26406138299656895,-1.1157956010731296
"['V1.8', 'V2.8', 'V3.4', 'V3.8']",0.77002057,0.05485065,-0.42494763804399976,0.36080543335250437,-0.0641422046914954
"['V1.8', 'V2.8', 'V3.4', 'V1.2_copy']",0.74153156,0.05482657,-0.7257062103763386,0.3431956613926345,-0.3825105489837041
"['V1.8', 'V2.8', 'V3.5', 'V3.6']",0.79290899,0.05517085,-0.18331451277418695,0.5949685970381225,0.41165408426393557
"['V1.8', 'V2.8', 'V3.5', 'V3.7']",0.54318978,0.05469768,-2.819601034613993,0.24893804063236197,-2.5706629939816312
"['V1.8', 'V2.8', 'V3.5', 'V1.2_copy']",0.86946785,0.0553017,0.6249176242144757,0.6906595713300139,1.3155771955444897
"['V1.8', 'V2.8', 'V3.5', 'V3.8']",0.81424864,0.05528434,0.04196824250835067,0.6779641543356898,0.7199323968440404
"['V1.8', 'V2.8', 'V3.6', 'V3.7']",0.77430753,0.0541779,-0.37969018721486153,-0.13117854031863796,-0.5108687275334995
"['V1.8', 'V2.8', 'V3.6', 'V3.8']",0.68895861,0.05505532,-1.2807190165531557,0.5104811819831566,-0.7702378345699991
"['V1.8', 'V2.8', 'V3.6', 'V1.2_copy']",0.83481669,0.05539377,0.25910521405141845,0.7579906221749071,1.0170958362263256
"['V1.8', 'V2.8', 'V3.7', 'V3.8']",0.66850851,0.05453879,-1.496610789558029,0.13274133520447834,-1.3638694543535506
"['V1.8', 'V2.8', 'V3.7', 'V1.2_copy']",0.95303907,0.05524993,1.5071792688020467,0.6528000242219427,2.1599792930239894
"['V1.8', 'V3.0', 'V3.1', 'V3.2']",0.86754688,0.05461176,0.6046379376022256,0.18610450214433116,0.7907424397465568
"['V1.8', 'V3.0', 'V3.1', 'V3.3']",0.83124643,0.05324013,0.22141396748106484,-0.8169723879434458,-0.5955584204623809
"['V1.8', 'V3.0', 'V3.1', 'V3.4']",0.8591535,0.05337051,0.5160289973181369,-0.7216251259780104,-0.20559612865987353
"['V1.8', 'V2.8', 'V3.8', 'V1.2_copy']",0.88220555,0.05557067,0.7593895650364845,0.8873580914315782,1.6467476564680625
"['V1.8', 'V3.0', 'V3.1', 'V3.6']",0.93986766,0.05329852,1.3681286500826217,-0.7742716161520513,0.5938570339305704
"['V1.8', 'V3.0', 'V3.1', 'V3.5']",0.89298462,0.05365642,0.8731842425022982,-0.5125383360674693,0.36064590643482886
"['V1.8', 'V3.0', 'V3.1', 'V3.8']",0.75107707,0.05321,-0.6249342298903874,-0.8390065419779456,-1.4639407718683328
"['V1.8', 'V3.0', 'V3.1', 'V3.7']",0.89546461,0.05257375,0.899365505094381,-1.3042979626368283,-0.40493245754244733
"['V1.8', 'V3.0', 'V3.1', 'V1.2_copy']",0.92174092,0.05367161,1.1767645962443345,-0.5014298461974377,0.6753347500468968
"['V1.8', 'V3.0', 'V3.2', 'V3.3']",0.71550538,0.05416045,-1.0004646782930708,-0.14393977456696574,-1.1444044528600366
"['V1.8', 'V3.0', 'V3.2', 'V3.4']",0.89506368,0.0540482,0.8951328857648502,-0.22602851636493876,0.6691043693999115
"['V1.8', 'V3.0', 'V3.2', 'V3.5']",0.74520307,0.05454299,-0.6869460672227541,0.1358128070579457,-0.5511332601648083
"['V1.8', 'V3.0', 'V3.2', 'V3.6']",0.88653548,0.05439458,0.8051006502970455,0.027280155207280467,0.8323808055043259
"['V1.8', 'V3.0', 'V3.2', 'V3.7']",0.88919388,0.05461629,0.8331653878463064,0.189417303929137,1.0225826917754435
"['V1.8', 'V3.0', 'V3.2', 'V3.8']",0.91122951,0.05481722,1.065795606279437,0.3363579800045641,1.402153586284001
"['V1.8', 'V3.0', 'V3.2', 'V1.2_copy']",0.79371632,0.05445626,-0.1747915273071221,0.07238691328388662,-0.10240461402323549
"['V1.8', 'V3.0', 'V3.3', 'V3.5']",0.96176787,0.05329672,1.5993292391300613,-0.7755879612321102,0.8237412778979512
"['V1.8', 'V3.0', 'V3.3', 'V3.4']",0.84038054,0.0528538,0.3178427968130258,-1.0994966072646961,-0.7816538104516704
"['V1.8', 'V3.0', 'V3.3', 'V3.6']",0.89008034,0.05354973,0.8425237489838024,-0.5905610341737159,0.2519627148100866
"['V1.8', 'V3.0', 'V3.3', 'V3.7']",0.98699817,0.05337446,1.865685599267413,-0.7187364798301117,1.1469491194373014
"['V1.8', 'V3.0', 'V3.3', 'V3.8']",0.86496574,0.05346445,0.5773888341272404,-0.6529265388555071,-0.07553770472826671
"['V1.8', 'V3.0', 'V3.3', 'V1.2_copy']",0.83490091,0.05320298,0.2599943248686009,-0.8441402877901686,-0.5841459629215677
"['V1.8', 'V3.0', 'V3.4', 'V3.5']",0.80748088,0.0533853,-0.029479022085536963,-0.7108091572368835,-0.7402881793224205
"['V1.8', 'V3.0', 'V3.4', 'V3.6']",0.96897686,0.05354907,1.675434570286115,-0.591043694036403,1.084390876249712
"['V1.8', 'V3.0', 'V3.4', 'V3.8']",0.78156993,0.05349844,-0.3030210065130268,-0.6280695559271022,-0.9310905624401291
"['V1.8', 'V3.0', 'V3.4', 'V3.7']",0.9093604,0.05340013,1.0460634058578675,-0.6999639363828616,0.3460994694750059
"['V1.8', 'V3.0', 'V3.4', 'V1.2_copy']",0.84738221,0.05327808,0.39175945004675294,-0.7892194458389185,-0.3974599957921655
"['V1.8', 'V3.0', 'V3.5', 'V3.6']",0.87931019,0.05383941,0.7288232399873458,-0.37871723262327844,0.35010600736406733
"['V1.8', 'V3.0', 'V3.5', 'V3.8']",0.90708312,0.05391711,1.0220221534029394,-0.3218950033341699,0.7001271500687696
"['V1.8', 'V3.0', 'V3.5', 'V3.7']",0.84610492,0.05340032,0.37827509531296727,-0.6998249888466305,-0.3215498935336632
"['V1.8', 'V3.0', 'V3.5', 'V1.2_copy']",0.9283152,0.05373837,1.2461692918414458,-0.4526080697837847,0.7935612220576611
"['V1.8', 'V3.0', 'V3.6', 'V3.7']",0.94481485,0.05293989,1.4203561511946934,-1.0365387472968766,0.3838174038978168
"['V1.8', 'V3.0', 'V3.6', 'V1.2_copy']",0.88292447,0.05382489,0.7669792058425761,-0.38933574960239925,0.3776434562401768
"['V1.8', 'V3.0', 'V3.6', 'V3.8']",0.88591771,0.05370421,0.798578850373855,-0.4775893741919682,0.32098947618188683
"['V1.8', 'V3.0', 'V3.7', 'V3.8']",0.85827941,0.05323161,0.5068012263113526,-0.8232030879890454,-0.3164018616776928
"['V1.8', 'V3.0', 'V3.7', 'V1.2_copy']",1.03832185,0.05371832,2.4075098579426633,-0.46727069136997085,1.9402391665726924
"['V1.8', 'V3.0', 'V3.8', 'V1.2_copy']",0.81938012,0.05397128,0.09614129375695396,-0.2822803294526852,-0.18613903569573126
"['V1.8', 'V3.1', 'V3.2', 'V3.3']",0.8901866,0.05474035,0.8436455361535231,0.28014273205792634,1.1237882682114495
"['V1.8', 'V3.1', 'V3.2', 'V3.4']",0.83915827,0.05463106,0.30493928840032075,0.2002186466138265,0.5051579350141473
"['V1.8', 'V3.1', 'V3.2', 'V3.5']",0.84788582,0.05501604,0.39707606247422184,0.4817556071250364,0.8788316695992582
"['V1.8', 'V3.1', 'V3.2', 'V3.6']",0.81240819,0.05434451,0.02253860580110635,-0.009336177102959222,0.013202428698147129
"['V1.8', 'V3.1', 'V3.2', 'V3.8']",0.72601087,0.05459475,-0.889558185787657,0.17366504113779307,-0.715893144649864
"['V1.8', 'V3.1', 'V3.2', 'V3.7']",0.82076631,0.05399434,0.11077530614914836,-0.26541648637151727,-0.1546411802223689
"['V1.8', 'V3.1', 'V3.2', 'V1.2_copy']",0.82259843,0.05528694,0.1301170030189772,0.6798655416735482,0.8099825446925254
"['V1.8', 'V3.1', 'V3.3', 'V3.4']",0.83073925,0.05336728,0.21605966655184697,-0.7239872340938897,-0.5079275675420427
"['V1.8', 'V3.1', 'V3.3', 'V3.6']",0.70540672,0.05346561,-1.107076265149535,-0.6520782275816929,-1.759154492731228
"['V1.8', 'V3.1', 'V3.3', 'V3.5']",0.79040065,0.05370997,-0.20979506640957468,-0.4733770699357868,-0.6831721363453616
"['V1.8', 'V3.1', 'V3.3', 'V3.7']",0.8571465,0.05271654,0.49484109171274737,-1.1998752326472322,-0.7050341409344848
"['V1.8', 'V3.1', 'V3.3', 'V3.8']",0.72911487,0.05321382,-0.8567892475718476,-0.8362129651969354,-1.693002212768783
"['V1.8', 'V3.1', 'V3.3', 'V1.2_copy']",0.81387094,0.05394852,0.037980862365274384,-0.2989247816871809,-0.2609439193219065
"['V1.8', 'V3.1', 'V3.4', 'V3.5']",0.77176591,0.05380799,-0.4065220779197787,-0.40169476729848613,-0.8082168452182648
"['V1.8', 'V3.1', 'V3.4', 'V3.6']",0.79467946,0.05347839,-0.16462365515725938,-0.6427321775132884,-0.8073558326705478
"['V1.8', 'V3.1', 'V3.4', 'V3.7']",0.83069226,0.05278146,0.21556359296719377,-1.152399053426523,-0.9368354604593292
"['V1.8', 'V3.1', 'V3.4', 'V3.8']",0.94519615,0.0532616,1.424381536549619,-0.8012713163496581,0.623110220199961
"['V1.8', 'V3.1', 'V3.4', 'V1.2_copy']",0.94091955,0.05403303,1.3792334562745772,-0.23712238017852288,1.1421110760960542
"['V1.8', 'V3.1', 'V3.5', 'V3.6']",0.83974309,0.0536506,0.31111323506506655,-0.5167945184929882,-0.20568128342792164
"['V1.8', 'V3.1', 'V3.5', 'V3.7']",0.73295204,0.05264592,-0.8162802312530462,-1.2515198379547852,-2.0678000692078315
"['V1.8', 'V3.1', 'V3.5', 'V3.8']",0.77885763,0.05357454,-0.3316547665396828,-0.5724174111536028,-0.9040721776932856
"['V1.8', 'V3.1', 'V3.5', 'V1.2_copy']",0.90299065,0.05439612,0.9788179341439013,0.02840636155355201,1.0072242956974533
"['V1.8', 'V3.1', 'V3.6', 'V3.7']",0.84814299,0.05164257,0.3997910070106138,-1.985272524662984,-1.5854815176523702
"['V1.8', 'V3.1', 'V3.6', 'V3.8']",0.80726252,0.05283281,-0.031784249324197815,-1.114846653503799,-1.1466309028279968
"['V1.8', 'V3.1', 'V3.6', 'V1.2_copy']",0.81328527,0.05400047,0.0317979422477305,-0.2609336000711024,-0.2291356578233719
"['V1.8', 'V3.1', 'V3.7', 'V3.8']",0.73359947,0.05181006,-0.8094453106122402,-1.8627866149637209,-2.6722319255759612
"['V1.8', 'V3.1', 'V3.7', 'V1.2_copy']",1.01231581,0.0533508,2.1329640080722156,-0.7360391046046343,1.3969249034675815
"['V1.8', 'V3.2', 'V3.3', 'V3.4']",0.77803324,0.05402507,-0.34035785448289524,-0.24294355064366288,-0.5833014051265581
"['V1.8', 'V3.1', 'V3.8', 'V1.2_copy']",0.71265267,0.05396769,-1.0305807471518407,-0.28490570658457925,-1.31548645373642
"['V1.8', 'V3.2', 'V3.3', 'V3.5']",0.87824325,0.05458914,0.7175595508958591,0.1695624323049529,0.887121983200812
"['V1.8', 'V3.2', 'V3.3', 'V3.7']",0.85498109,0.05480286,0.4719808512160022,0.32585647147700325,0.7978373226930054
"['V1.8', 'V3.2', 'V3.3', 'V3.6']",0.72087813,0.05457199,-0.9437445388604061,0.15702058890330245,-0.7867239499571037
"['V1.8', 'V3.2', 'V3.3', 'V3.8']",0.61658072,0.05482261,-2.0448126394915116,0.340299702216512,-1.7045129372749996
"['V1.8', 'V3.2', 'V3.3', 'V1.2_copy']",0.76947858,0.05472768,-0.430669428257784,0.2708771252999731,-0.15979230295781088
"['V1.8', 'V3.2', 'V3.4', 'V3.5']",0.78019716,0.05443573,-0.3175133439210544,0.057373266343020826,-0.2601400775780336
"['V1.8', 'V3.2', 'V3.4', 'V3.6']",0.78968301,0.05433507,-0.21737119425145482,-0.016239675745033266,-0.23361086999648809
"['V1.8', 'V3.2', 'V3.4', 'V3.8']",0.8856797,0.05461296,0.7960661780205222,0.18698206553103539,0.9830482435515575
"['V1.8', 'V3.2', 'V3.4', 'V3.7']",0.83009382,0.05459506,0.2092458599176228,0.17389174501269417,0.38313760493031696
"['V1.8', 'V3.2', 'V3.4', 'V1.2_copy']",0.97363751,0.05457151,1.7246370676751326,0.15666956354861772,1.8813066312237503
"['V1.8', 'V3.2', 'V3.5', 'V3.7']",0.83865859,0.05468328,0.299664164995786,0.23840727999191108,0.5380714449876971
"['V1.8', 'V3.2', 'V3.5', 'V3.8']",0.72444646,0.05514563,-0.9060736673064048,0.5765251398608859,-0.3295485274455189
"['V1.8', 'V3.2', 'V3.5', 'V3.6']",0.87930468,0.05472824,0.7287650708992109,0.2712866548804327,1.0000517257796435
"['V1.8', 'V3.2', 'V3.5', 'V1.2_copy']",0.76412019,0.05514927,-0.4872379691231877,0.5791870821338887,0.09194911301070102
"['V1.8', 'V3.2', 'V3.6', 'V3.8']",0.84001914,0.05463174,0.31402749582359535,0.20071593253295603,0.5147434283565514
"['V1.8', 'V3.2', 'V3.6', 'V1.2_copy']",0.72524609,0.05495541,-0.8976319707646826,0.43741671701179835,-0.46021525375288425
"['V1.8', 'V3.2', 'V3.6', 'V3.7']",0.67838493,0.05384067,-1.392345391112995,-0.3777957910672367,-1.7701411821802318
"['V1.8', 'V3.2', 'V3.7', 'V3.8']",0.8141655,0.05454524,0.04109053325472251,0.13745823840801807,0.17854877166274058
"['V1.8', 'V3.2', 'V3.7', 'V1.2_copy']",0.87880262,0.0552499,0.7234648218268436,0.6527780851372714,1.3762429069641149
"['V1.8', 'V3.2', 'V3.8', 'V1.2_copy']",0.88854516,0.05545196,0.8263168486712544,0.8005451334018466,1.626861982073101
"['V1.8', 'V3.3', 'V3.4', 'V3.5']",0.87273224,0.0532982,0.6593798001881569,-0.7745056330551762,-0.11512583286701927
"['V1.8', 'V3.3', 'V3.4', 'V3.6']",0.79349952,0.05358806,-0.17708028562064917,-0.5625301969967312,-0.7396104826173804
"['V1.8', 'V3.3', 'V3.4', 'V3.7']",0.97417783,0.05343603,1.7303412276934211,-0.6737101650639516,1.0566310626294695
"['V1.8', 'V3.3', 'V3.4', 'V3.8']",0.78972207,0.05337436,-0.21695883770290053,-0.7188096101123341,-0.9357684478152346
"['V1.8', 'V3.3', 'V3.4', 'V1.2_copy']",0.82147667,0.05341383,0.11827457900706818,-0.6899450877179827,-0.5716705087109145
"['V1.8', 'V3.3', 'V3.5', 'V3.6']",0.77169113,0.05394139,-0.4073115306258933,-0.3041389708098502,-0.7114505014357435
"['V1.8', 'V3.3', 'V3.5', 'V3.7']",0.82902401,0.05349417,0.1979518722266906,-0.6311922189781258,-0.4332403467514352
"['V1.8', 'V3.3', 'V3.5', 'V3.8']",0.8396858,0.05385751,0.3105084243465152,-0.36548065154048737,-0.054972227193972156
"['V1.8', 'V3.3', 'V3.5', 'V1.2_copy']",0.88385266,0.05393773,0.7767781107274124,-0.3068155391392953,0.4699625715881171
"['V1.8', 'V3.3', 'V3.6', 'V3.7']",0.85657606,0.05314028,0.4888189547553285,-0.8899929747454716,-0.40117401999014307
"['V1.8', 'V3.3', 'V3.6', 'V3.8']",0.69855061,0.05375772,-1.1794562409841987,-0.43845736017317566,-1.6179136011573743
"['V1.8', 'V3.3', 'V3.6', 'V1.2_copy']",0.83748456,0.05415438,0.2872699264218476,-0.1483787826980431,0.1388911437238045
"['V1.8', 'V3.3', 'V3.7', 'V3.8']",0.80594345,0.05326528,-0.04570967565548876,-0.7985801219637654,-0.8442897976192542
"['V1.8', 'V3.3', 'V3.7', 'V1.2_copy']",0.9183987,0.05404805,1.1414807687045017,-0.2261382117882749,0.9153425569162268
"['V1.8', 'V3.4', 'V3.5', 'V3.6']",0.90638559,0.0539112,1.014658326897245,-0.3262170030136874,0.6884413238835577
"['V1.8', 'V3.3', 'V3.8', 'V1.2_copy']",0.80655506,0.05413072,-0.03925290687257293,-0.16568140747256574,-0.20493431434513867
"['V1.8', 'V3.4', 'V3.5', 'V3.7']",0.79172507,0.05348884,-0.1958131601106758,-0.6350900630207362,-0.830903223131412
"['V1.8', 'V3.4', 'V3.5', 'V3.8']",0.86357072,0.05385592,0.5626616033959841,-0.36664342302786757,0.19601818036811658
"['V1.8', 'V3.4', 'V3.5', 'V1.2_copy']",0.97060193,0.05398073,1.692590439624505,-0.2753695177823925,1.4172209218421126
"['V1.8', 'V3.4', 'V3.6', 'V3.7']",0.87520216,0.05306584,0.6854547537570966,-0.9444311568340297,-0.25897640307693304
"['V1.8', 'V3.4', 'V3.6', 'V3.8']",0.81653765,0.05367242,0.06613332861188523,-0.5008374909114145,-0.43470416229952924
"['V1.8', 'V3.4', 'V3.6', 'V1.2_copy']",0.91131034,0.05411398,1.066648928855463,-0.1779234167170927,0.8887255121383704
"['V1.8', 'V3.4', 'V3.7', 'V3.8']",0.70131757,0.05322539,-1.1502454351576472,-0.827751791543464,-1.9779972267011112
"['V1.8', 'V3.4', 'V3.7', 'V1.2_copy']",1.00979519,0.0540386,2.1063538144364116,-0.2330490234585727,1.8733047909778389
"['V1.8', 'V3.4', 'V3.8', 'V1.2_copy']",0.85542088,0.05412147,0.4766237156934289,-0.1724459585784137,0.30417775711501516
"['V1.8', 'V3.5', 'V3.6', 'V3.7']",0.83620679,0.05294687,0.2737805043264813,-1.0314342535975485,-0.7576537492710671
"['V1.8', 'V3.5', 'V3.6', 'V1.2_copy']",0.91517898,0.05448649,1.107490174067837,0.09449419760061381,1.2019843716684506
"['V1.8', 'V3.5', 'V3.6', 'V3.8']",0.81303034,0.05399051,0.02910664539871121,-0.26821737618075114,-0.23911073078203993
"['V1.8', 'V3.5', 'V3.7', 'V3.8']",0.69814467,0.05324493,-1.183741750900218,-0.8134621343966237,-1.9972038852968417
"['V1.8', 'V3.5', 'V3.7', 'V1.2_copy']",0.98888975,0.05413141,1.8856550155529352,-0.16517680852521244,1.720478207027723
"['V1.8', 'V3.5', 'V3.8', 'V1.2_copy']",0.9535793,0.05462179,1.512882478690039,0.1934394694515361,1.706321948141575
"['V1.8', 'V3.6', 'V3.7', 'V3.8']",0.87281929,0.0523873,0.6602987873246535,-1.4406493738460247,-0.7803505865213711
"['V1.8', 'V3.6', 'V3.7', 'V1.2_copy']",0.93634983,0.05359285,1.3309909071948256,-0.5590272564781381,0.7719636507166875
"['V1.8', 'V3.6', 'V3.8', 'V1.2_copy']",0.7773612,0.05437331,-0.34745258297469683,0.011725344177947655,-0.33572723879674915
"['V1.8', 'V3.7', 'V3.8', 'V1.2_copy']",0.94372293,0.05397315,1.4088287481609925,-0.2809127931750752,1.1279159549859172
"['V2.0', 'V2.1', 'V2.2', 'V2.3']",0.73953012,0.05328567,-0.7468354190434296,-0.783668857418012,-1.5305042764614416
"['V2.0', 'V2.1', 'V2.2', 'V2.4']",0.60944804,0.05441167,-2.120112365726415,0.0397781204395985,-2.0803342452868168
"['V2.0', 'V2.1', 'V2.2', 'V2.6']",0.74848525,0.05393578,-0.6522960821605227,-0.3082415796426904,-0.9605376618032131
"['V2.0', 'V2.1', 'V2.2', 'V2.5']",0.72517825,0.05389964,-0.8983481578679553,-0.3346708636389401,-1.2330190215068955
"['V2.0', 'V2.1', 'V2.2', 'V2.8']",0.93371251,0.05456664,1.3031487112749414,0.15310811880424455,1.4562568300791858
"['V2.0', 'V2.1', 'V2.2', 'V2.7']",0.6322441,0.05441248,-1.8794542852805756,0.040370475725621704,-1.8390838095549538
"['V2.0', 'V2.1', 'V2.2', 'V3.0']",0.74998286,0.05333966,-0.6364858084616246,-0.7441858180445398,-1.3806716265061643
"['V2.0', 'V2.1', 'V2.2', 'V3.1']",0.80575317,0.05349366,-0.047718462241733546,-0.6315651834174768,-0.6792836456592104
"['V2.0', 'V2.1', 'V2.2', 'V3.2']",0.67161499,0.05425273,-1.463815669974057,-0.07645515012939888,-1.5402708201034558
"['V2.0', 'V2.1', 'V2.2', 'V3.4']",0.64808609,0.05301744,-1.7122103447118027,-0.9798262134311092,-2.6920365581429118
"['V2.0', 'V2.1', 'V2.2', 'V3.3']",0.75686727,0.05308136,-0.563807069433822,-0.9330813370326545,-1.4968884064664765
"['V2.0', 'V2.1', 'V2.2', 'V3.5']",0.70635525,0.05412936,-1.0970626308177565,-0.16667597931082986,-1.2637386101285863
"['V2.0', 'V2.1', 'V2.2', 'V3.6']",0.76415158,0.05347047,-0.48690658478987686,-0.6485240958655384,-1.1354306806554153
"['V2.0', 'V2.1', 'V2.2', 'V3.7']",0.89150971,0.053432,0.8576136127781102,-0.6766573154376354,0.1809562973404748
"['V2.0', 'V2.1', 'V2.2', 'V1.2_copy']",0.81824764,0.05389556,0.08418569866976335,-0.33765457915373254,-0.2534688804839692
"['V2.0', 'V2.1', 'V2.3', 'V2.4']",0.78537781,0.05617885,-0.2628212048206247,1.3321218418698024,1.0693006370491778
"['V2.0', 'V2.1', 'V2.2', 'V3.8']",0.66455857,0.05376422,-1.5383103191379761,-0.43370389182852725,-1.9720142109665033
"['V2.0', 'V2.1', 'V2.3', 'V2.5']",0.67672464,0.05549089,-1.4098730781073012,0.8290147522721809,-0.5808583258351203
"['V2.0', 'V2.1', 'V2.3', 'V2.7']",0.8074516,0.05586634,-0.029788131141901632,1.103582396887313,1.0737942657454114
"['V2.0', 'V2.1', 'V2.3', 'V2.6']",0.59532848,0.05555137,-2.2691726071163676,0.8732439469620829,-1.3959286601542846
"['V2.0', 'V2.1', 'V2.3', 'V2.8']",0.85490741,0.05589335,0.4712030112135087,1.1233348861163848,1.5945378973298934
"['V2.0', 'V2.1', 'V2.3', 'V3.0']",0.77926928,0.05481584,-0.3273089761348704,0.33534878210985253,0.008039805974982106
"['V2.0', 'V2.1', 'V2.3', 'V3.2']",0.76429416,0.05611131,-0.48540136726062216,1.2827296492547875,0.7973282819941654
"['V2.0', 'V2.1', 'V2.3', 'V3.1']",0.79237517,0.05428414,-0.18895005227108258,-0.0534849284824099,-0.24243498075349248
"['V2.0', 'V2.1', 'V2.3', 'V3.3']",0.71847343,0.05470365,-0.9691309646746967,0.25330391848121697,-0.7158270461934797
"['V2.0', 'V2.1', 'V2.3', 'V3.4']",0.69772876,0.05494204,-1.1881325141390515,0.42763919827826297,-0.7604933158607885
"['V2.0', 'V2.1', 'V2.3', 'V3.7']",0.8572785,0.05408296,0.49623461614718284,-0.20060843026340064,0.2956261858837822
"['V2.0', 'V2.1', 'V2.3', 'V3.5']",0.68702714,0.05565638,-1.3011095516999633,0.9500380563269353,-0.35107149537302806
"['V2.0', 'V2.1', 'V2.3', 'V3.6']",0.6971865,0.05476293,-1.1938571547437236,0.2966555497844146,-0.897201604959309
"['V2.0', 'V2.1', 'V2.3', 'V3.8']",0.63726556,0.05486238,-1.826442715534068,0.3693836154575407,-1.4570591000765272
"['V2.0', 'V2.1', 'V2.3', 'V1.2_copy']",0.72324477,0.05541843,-0.9187599125913782,0.776024549771679,-0.14273536281969923
"['V2.0', 'V2.1', 'V2.4', 'V2.5']",0.70916305,0.05611159,-1.067420676976793,1.2829344140450223,0.21551373706822918
"['V2.0', 'V2.1', 'V2.4', 'V2.6']",0.640317,0.0560672,-1.7942286534112424,1.250471881765179,-0.5437567716460634
"['V2.0', 'V2.1', 'V2.4', 'V2.7']",0.70001781,0.05640252,-1.1639670057553857,1.4956923441232726,0.33172533836788687
"['V2.0', 'V2.1', 'V2.4', 'V2.8']",0.83932801,0.05654839,0.3067312341389652,1.6023674868054119,1.909098720944377
"['V2.0', 'V2.1', 'V2.4', 'V3.0']",0.79511368,0.05566556,-0.1600395931881646,0.9567514162352271,0.7967118230470625
"['V2.0', 'V2.1', 'V2.4', 'V3.1']",0.62488793,0.05620424,-1.9571133961810236,1.3506896205268226,-0.606423775654201
"['V2.0', 'V2.1', 'V2.4', 'V3.2']",0.75707036,0.05622567,-0.5616630476354163,1.3663614400077153,0.804698392372299
"['V2.0', 'V2.1', 'V2.4', 'V3.3']",0.84986771,0.05532343,0.4179988817269706,0.7065507816575839,1.1245496633845544
"['V2.0', 'V2.1', 'V2.4', 'V3.4']",0.65783554,0.05543182,-1.609285368974649,0.7858166945616568,-0.8234686744129921
"['V2.0', 'V2.1', 'V2.4', 'V3.5']",0.7813646,0.05624183,-0.30518867599880395,1.3781792936153352,1.0729906176165311
"['V2.0', 'V2.1', 'V2.4', 'V3.6']",0.68573364,0.05606894,-1.3147650354570986,1.2517443486759003,-0.06302068678119821
"['V2.0', 'V2.1', 'V2.4', 'V3.7']",0.88465772,0.05634126,0.7852771317970066,1.4508927332320136,2.2361698650290203
"['V2.0', 'V2.1', 'V2.4', 'V3.8']",0.835847,0.05624178,0.26998220011234947,1.3781427284742214,1.648124928586571
"['V2.0', 'V2.1', 'V2.4', 'V1.2_copy']",0.80891063,0.05614167,-0.014385146629978375,1.3049320029384082,1.2905468563084297
"['V2.0', 'V2.1', 'V2.5', 'V2.6']",0.60708312,0.05555763,-2.1450788339497824,0.8778219026293863,-1.267256931320396
"['V2.0', 'V2.1', 'V2.5', 'V2.7']",0.71799545,0.05580709,-0.9741770011078128,1.0602527046687815,0.08607570356096872
"['V2.0', 'V2.1', 'V2.5', 'V2.8']",0.67298564,0.05593563,-1.4493457134130068,1.1542543694412681,-0.29509134397173864
"['V2.0', 'V2.1', 'V2.5', 'V3.0']",0.69818457,0.05499299,-1.1833205264689002,0.4648990770720871,-0.7184214493968131
"['V2.0', 'V2.1', 'V2.5', 'V3.1']",0.66499354,0.05549712,-1.533718339416413,0.8335707688548182,-0.7001475705615947
"['V2.0', 'V2.1', 'V2.5', 'V3.2']",0.59569885,0.05608133,-2.265262609807415,1.2608051906436237,-1.0044574191637914
"['V2.0', 'V2.1', 'V2.5', 'V3.3']",0.74657675,0.05474379,-0.6724441229417314,0.2826584137664792,-0.3897857091752522
"['V2.0', 'V2.1', 'V2.5', 'V3.4']",0.75044165,0.05464562,-0.6316423609216668,0.21086641570583728,-0.4207759452158295
"['V2.0', 'V2.1', 'V2.5', 'V3.5']",0.73476783,0.05565747,-0.7971109302469623,0.9508351764031934,0.15372424615623104
"['V2.0', 'V2.1', 'V2.5', 'V3.6']",0.66608284,0.05561992,-1.5222185957313357,0.9233747554275709,-0.5988438403037648
"['V2.0', 'V2.1', 'V2.5', 'V3.7']",0.90844876,0.05564309,1.0364392193775,0.940319041819185,1.976758261196685
"['V2.0', 'V2.1', 'V2.5', 'V3.8']",0.66291692,0.05551319,-1.555641223590934,0.8453228052084343,-0.7103184183824998
"['V2.0', 'V2.1', 'V2.5', 'V1.2_copy']",0.71683952,0.05552075,-0.9863801579221819,0.8508514545446746,-0.13552870337750733
"['V2.0', 'V2.1', 'V2.6', 'V2.7']",0.91608166,0.05574189,1.1170197697987159,1.0125717606578477,2.1295915304565636
"['V2.0', 'V2.1', 'V2.6', 'V2.8']",0.70116814,0.05594178,-1.1518229681594465,1.1587518817981306,0.006928913638684087
"['V2.0', 'V2.1', 'V2.6', 'V3.0']",0.69620323,0.05508383,-1.2042375393698388,0.5313306254456099,-0.6729069139242289
"['V2.0', 'V2.1', 'V2.6', 'V3.1']",0.73005605,0.05550654,-0.8468532072142589,0.8404596414404498,-0.006393565773809118
"['V2.0', 'V2.1', 'V2.6', 'V3.2']",0.63063082,0.05604824,-1.8964856875501628,1.236606380255251,-0.6598793072949118
"['V2.0', 'V2.1', 'V2.6', 'V3.3']",0.7021596,0.05487323,-1.141356121676378,0.37731825107899264,-0.7640378705973853
"['V2.0', 'V2.1', 'V2.6', 'V3.4']",0.73559513,0.05484342,-0.7883771214241729,0.35551811394760763,-0.4328590074765653
"['V2.0', 'V2.1', 'V2.6', 'V3.5']",0.6677438,0.05574736,-1.504683835544824,1.0165719870955756,-0.4881118484492484
"['V2.0', 'V2.1', 'V2.6', 'V3.6']",0.72885956,0.0556793,-0.8594845560821178,0.9667995170129909,0.10731496093087312
"['V2.0', 'V2.1', 'V2.6', 'V3.7']",0.81271124,0.05571251,0.025737905648496855,0.9910860837400337,1.0168239893885305
"['V2.0', 'V2.1', 'V2.6', 'V3.8']",0.66060223,0.05567119,-1.5800774135389863,0.9608686511245148,-0.6192087624144715
"['V2.0', 'V2.1', 'V2.7', 'V2.8']",0.64967084,0.05613193,-1.6954801337461116,1.297809113449657,-0.3976710202964546
"['V2.0', 'V2.1', 'V2.6', 'V1.2_copy']",0.71986658,0.05558596,-0.9544234755395946,0.8985397115838322,-0.055883763955762444
"['V2.0', 'V2.1', 'V2.7', 'V3.1']",0.75460048,0.05586106,-0.5877375789242258,1.0997211179858113,0.5119835390615854
"['V2.0', 'V2.1', 'V2.7', 'V3.0']",0.78891839,0.05529572,-0.22544329010795355,0.6862863804529351,0.46084309034498155
"['V2.0', 'V2.1', 'V2.7', 'V3.2']",0.66550161,0.05632337,-1.5283546427542656,1.4378097257418962,-0.09054491701236933
"['V2.0', 'V2.1', 'V2.7', 'V3.3']",0.77548253,0.05506883,-0.36728570834772967,0.5203610831118043,0.15307537476407462
"['V2.0', 'V2.1', 'V2.7', 'V3.4']",0.68774078,0.05512622,-1.293575651871248,0.5623305520809394,-0.7312450997903086
"['V2.0', 'V2.1', 'V2.7', 'V3.5']",0.74385715,0.05597991,-0.7011549490924134,1.1866364584106601,0.48548150931824674
"['V2.0', 'V2.1', 'V2.7', 'V3.6']",0.75228062,0.05592294,-0.6122283485792934,1.1449741366268673,0.5327457880475739
"['V2.0', 'V2.1', 'V2.7', 'V3.7']",0.76086133,0.0559585,-0.5216417648686683,1.17097926498621,0.6493375001175418
"['V2.0', 'V2.1', 'V2.7', 'V1.2_copy']",0.71821607,0.0558115,-0.9718479150417136,1.0634777501149226,0.09162983507320899
"['V2.0', 'V2.1', 'V2.7', 'V3.8']",0.79412132,0.05597202,-0.17051594097419603,1.1808664791430765,1.0103505381688804
"['V2.0', 'V2.1', 'V2.8', 'V3.0']",0.80597762,0.05545425,-0.04534894285302987,0.8022198168648039,0.756870874011774
"['V2.0', 'V2.1', 'V2.8', 'V3.1']",0.71687949,0.05600516,-0.9859581945006336,1.2051018546725631,0.21914366017192954
"['V2.0', 'V2.1', 'V2.8', 'V3.2']",0.7084244,0.05647377,-1.0752186074578207,1.5477976702088465,0.4725790627510258
"['V2.0', 'V2.1', 'V2.8', 'V3.3']",0.89220199,0.05529681,0.8649220150165252,0.6870835005291932,1.5520055155457184
"['V2.0', 'V2.1', 'V2.8', 'V3.4']",0.70999215,0.05529004,-1.058667865548079,0.6821325804225337,-0.37653528512554535
"['V2.0', 'V2.1', 'V2.8', 'V3.5']",0.92976752,0.05613096,1.2615014388612857,1.2970997497120738,2.5586011885733595
"['V2.0', 'V2.1', 'V2.8', 'V3.7']",1.03787728,0.05594303,2.4028165309895053,1.1596660103259435,3.5624825413154486
"['V2.0', 'V2.1', 'V2.8', 'V3.6']",0.75949406,0.05600594,-0.5360760387585946,1.20567227087392,0.6695962321153255
"['V2.0', 'V2.1', 'V2.8', 'V1.2_copy']",0.75138491,0.05594579,-0.6216843619972323,1.1616844061153668,0.5400000441181345
"['V2.0', 'V2.1', 'V2.8', 'V3.8']",0.80235431,0.05610191,-0.08360023844797915,1.2758554027256033,1.1922551642776242
"['V2.0', 'V2.1', 'V3.0', 'V3.2']",0.70871256,0.05556117,-1.0721765013894344,0.8804107146201666,-0.1917657867692678
"['V2.0', 'V2.1', 'V3.0', 'V3.1']",0.71075773,0.05493856,-1.0505856349684213,0.4250942644568202,-0.6254913705116011
"['V2.0', 'V2.1', 'V3.0', 'V3.4']",0.77936295,0.05435659,-0.32632010163658554,-0.0005020390101317852,-0.32682214064671733
"['V2.0', 'V2.1', 'V3.0', 'V3.3']",0.73228184,0.05423206,-0.8233555348587929,-0.09157117946538211,-0.9149267143241749
"['V2.0', 'V2.1', 'V3.0', 'V3.5']",0.76392812,0.05518104,-0.48926565274532363,0.6024205727968874,0.1131549200515638
"['V2.0', 'V2.1', 'V3.0', 'V3.6']",0.80223685,0.05506998,-0.0848402640545608,0.5212020813573949,0.4363618173028341
"['V2.0', 'V2.1', 'V3.0', 'V3.7']",1.0090558,0.05502986,2.0985480717729503,0.49186221212858017,2.5904102839015306
"['V2.0', 'V2.1', 'V3.0', 'V3.8']",0.80064345,0.0551192,-0.10166179309871987,0.5571968062687214,0.4555350131700015
"['V2.0', 'V2.1', 'V3.0', 'V1.2_copy']",0.68653695,0.05476653,-1.3062844891432641,0.29928823994452736,-1.0069962491987368
"['V2.0', 'V2.1', 'V3.1', 'V3.2']",0.79254937,0.05619237,-0.1871110222977596,1.3420090560266689,1.1548980337289092
"['V2.0', 'V2.1', 'V3.1', 'V3.3']",0.75072838,0.05477126,-0.6286153513679879,0.30274730229378816,-0.3258680490741997
"['V2.0', 'V2.1', 'V3.1', 'V3.4']",0.67510655,0.05492728,-1.42695525956272,0.4168451686218023,-1.0101100909409175
"['V2.0', 'V2.1', 'V3.1', 'V3.5']",0.70976951,0.05566326,-1.061018276760827,0.955069419744041,-0.10594885701678591
"['V2.0', 'V2.1', 'V3.1', 'V3.6']",0.6948278,0.05505251,-1.2187579584066202,0.5084262210526246,-0.7103317373539956
"['V2.0', 'V2.1', 'V3.1', 'V3.8']",0.68047877,0.05492004,-1.3702407153417995,0.4115505361886869,-0.9586901791531126
"['V2.0', 'V2.1', 'V3.1', 'V3.7']",0.86890317,0.05448087,0.6189562955960135,0.09038427573954987,0.7093405713355634
"['V2.0', 'V2.1', 'V3.1', 'V1.2_copy']",0.71819371,0.05555696,-0.9720839696353043,0.8773319297384805,-0.09475203989682379
"['V2.0', 'V2.1', 'V3.2', 'V3.3']",0.84779598,0.05537723,0.3961276212985425,0.74589487349483,1.1420224947933724
"['V2.0', 'V2.1', 'V3.2', 'V3.5']",0.57199889,0.05622797,-2.515463165528148,1.3680434364989014,-1.1474197290292467
"['V2.0', 'V2.1', 'V3.2', 'V3.4']",0.65760482,0.05527232,-1.611721080773989,0.6691738944121999,-0.9425471863617891
"['V2.0', 'V2.1', 'V3.2', 'V3.6']",0.72161757,0.05584081,-0.9359382683467787,1.0849122358351753,0.14897396748839653
"['V2.0', 'V2.1', 'V3.2', 'V3.7']",0.84477632,0.05619332,0.36424906074031105,1.3427037937078095,1.7069528544481205
"['V2.0', 'V2.1', 'V3.2', 'V1.2_copy']",0.80224318,0.05603169,-0.08477343822372825,1.2245033185469552,1.139729880323227
"['V2.0', 'V2.1', 'V3.2', 'V3.8']",0.79436781,0.05622533,-0.16791374523295427,1.3661127970481481,1.198199051815194
"['V2.0', 'V2.1', 'V3.3', 'V3.4']",0.7757943,0.05405478,-0.36399435143163933,-0.22121654379451042,-0.5852108952261498
"['V2.0', 'V2.1', 'V3.3', 'V3.5']",0.77077258,0.05494047,-0.41700866599900244,0.42649105284732525,0.00948238684832281
"['V2.0', 'V2.1', 'V3.3', 'V3.6']",0.7687961,0.05494198,-0.43787437186394607,0.42759532010893053,-0.010279051755015534
"['V2.0', 'V2.1', 'V3.3', 'V3.8']",0.92073358,0.0548395,1.1661301045490025,0.35265140688437513,1.5187815114333776
"['V2.0', 'V2.1', 'V3.3', 'V3.7']",0.94492248,0.05492243,1.421492401458923,0.4132983499338716,1.8347907513927946
"['V2.0', 'V2.1', 'V3.3', 'V1.2_copy']",0.76866298,0.05474577,-0.43927972014206723,0.2841063933545404,-0.15517332678752682
"['V2.0', 'V2.1', 'V3.4', 'V3.6']",0.79321168,0.05496455,-0.18011901344798162,0.4441008248071951,0.2639818113592135
"['V2.0', 'V2.1', 'V3.4', 'V3.7']",0.97951934,0.05499799,1.7867315663432686,0.46855559118335394,2.2552871575266225
"['V2.0', 'V2.1', 'V3.4', 'V3.5']",0.72110331,0.05502469,-0.9413673128592986,0.4880813765375297,-0.45328593632176895
"['V2.0', 'V2.1', 'V3.5', 'V3.6']",0.87268123,0.05571701,0.6588412874502733,0.9943769464401734,1.6532182338904466
"['V2.0', 'V2.1', 'V3.4', 'V3.8']",0.71793706,0.05488024,-0.9747934245299842,0.3824446838629869,-0.5923487406669973
"['V2.0', 'V2.1', 'V3.4', 'V1.2_copy']",0.68756021,0.05483111,-1.295481929955536,0.3465157762056692,-0.9489661537498668
"['V2.0', 'V2.1', 'V3.5', 'V3.7']",0.81335483,0.05546724,0.03253228739666494,0.8117194405258821,0.844251727922547
"['V2.0', 'V2.1', 'V3.5', 'V3.8']",0.71672867,0.05575481,-0.9875504017370087,1.0220201931213646,0.03446979138435591
"['V2.0', 'V2.1', 'V3.5', 'V1.2_copy']",0.85770619,0.05573417,0.5007497408847855,1.0069261028700476,1.507675843754833
"['V2.0', 'V2.1', 'V3.6', 'V3.8']",0.71664648,0.05529165,-0.9884180818375102,0.6833099779663614,-0.30510810387114884
"['V2.0', 'V2.1', 'V3.6', 'V3.7']",0.86147772,0.05469531,0.5405657955075532,0.24720485294361969,0.787770648451173
"['V2.0', 'V2.1', 'V3.7', 'V3.8']",0.75957488,0.05498153,-0.5352228217526019,0.4565183467290619,-0.07870447502354005
"['V2.0', 'V2.1', 'V3.6', 'V1.2_copy']",0.89177844,0.05557558,0.8604505962725472,0.8909487882888413,1.7513993845613884
"['V2.0', 'V2.1', 'V3.7', 'V1.2_copy']",1.00054689,0.05558547,2.008719480898632,0.8981813732009287,2.906900854099561
"['V2.0', 'V2.1', 'V3.8', 'V1.2_copy']",0.81217028,0.05569473,0.020026989148103237,0.9780835195603624,0.9981105087084656
"['V2.0', 'V2.2', 'V2.3', 'V2.5']",0.68066356,0.05333929,-1.3682898867036237,-0.7444564000887732,-2.112746286792397
"['V2.0', 'V2.2', 'V2.3', 'V2.6']",0.73509864,0.05349766,-0.7936185679882084,-0.6286399721284592,-1.4222585401166676
"['V2.0', 'V2.2', 'V2.3', 'V2.4']",0.71471424,0.05400818,-1.008816745876852,-0.25529525531152597,-1.264112001188378
"['V2.0', 'V2.2', 'V2.3', 'V2.7']",0.80326892,0.05410676,-0.07394469766783651,-0.18320342309376567,-0.2571481207616022
"['V2.0', 'V2.2', 'V2.3', 'V3.1']",0.71293434,0.05157837,-1.027607156034815,-2.032222165851669,-3.059829321886484
"['V2.0', 'V2.2', 'V2.3', 'V2.8']",0.72043594,0.0539823,-0.9484127401457312,-0.2742213723514547,-1.222634112497186
"['V2.0', 'V2.2', 'V2.3', 'V3.0']",0.91163716,0.05259361,1.0700991686710846,-1.2897742885868733,-0.2196751199157887
"['V2.0', 'V2.2', 'V2.3', 'V3.2']",0.75904221,0.05380344,-0.5408462206957114,-0.40502219513973947,-0.9458684158354509
"['V2.0', 'V2.2', 'V2.3', 'V3.3']",0.7879975,0.05269999,-0.23516512886876387,-1.211978294355528,-1.447143423224292
"['V2.0', 'V2.2', 'V2.3', 'V3.4']",0.65680775,0.05265446,-1.620135751387286,-1.245274511852738,-2.8654102632400242
"['V2.0', 'V2.2', 'V2.3', 'V3.5']",0.79273721,0.05345351,-0.1851279947995458,-0.6609269917309577,-0.8460549865305035
"['V2.0', 'V2.2', 'V2.3', 'V3.6']",0.62512576,0.0519544,-1.9546026240882834,-1.7572303655996293,-3.7118329896879128
"['V2.0', 'V2.2', 'V2.3', 'V3.7']",0.8666582,0.05109353,0.5952561399174238,-2.386787026193128,-1.7915308862757042
"['V2.0', 'V2.2', 'V2.3', 'V3.8']",0.68406945,0.05240144,-1.3323338947642411,-1.430308751939356,-2.762642646703597
"['V2.0', 'V2.2', 'V2.3', 'V1.2_copy']",0.90843792,0.05327576,1.0363247814618242,-0.7909160683865469,0.24540871307527723
"['V2.0', 'V2.2', 'V2.4', 'V2.5']",0.73822924,0.05469033,-0.7605688134848538,0.2435629648888004,-0.5170058485960535
"['V2.0', 'V2.2', 'V2.4', 'V2.7']",0.60097434,0.05535884,-2.2095692445148503,0.7324462145935854,-1.4771230299212648
"['V2.0', 'V2.2', 'V2.4', 'V2.6']",0.62841865,0.05471293,-1.9198395735208038,0.2600904086717311,-1.6597491648490728
"['V2.0', 'V2.2', 'V2.4', 'V3.0']",0.80003286,0.05413403,-0.10810779373827968,-0.16326079513090658,-0.27136858886918624
"['V2.0', 'V2.2', 'V2.4', 'V2.8']",0.83965313,0.05537439,0.3101635270489918,0.7438179734796319,1.0539815005286237
"['V2.0', 'V2.2', 'V2.4', 'V3.1']",0.59055334,0.05428382,-2.3195837758121924,-0.053718945385529675,-2.3733027211977222
"['V2.0', 'V2.2', 'V2.4', 'V3.2']",0.69473481,0.05463015,-1.2197396541426662,0.19955316104557583,-1.0201864930970903
"['V2.0', 'V2.2', 'V2.4', 'V3.3']",0.8685723,0.05403767,0.6154632999170624,-0.23372913508326582,0.3817341648337966
"['V2.0', 'V2.2', 'V2.4', 'V3.4']",0.64464377,0.05388339,-1.7485509282810827,-0.34655453450055856,-2.0951054627816412
"['V2.0', 'V2.2', 'V2.4', 'V3.5']",0.74205234,0.05478522,-0.7202083342023602,0.3129562896924494,-0.4072520445099108
"['V2.0', 'V2.2', 'V2.4', 'V3.6']",0.7152237,0.05406394,-1.0034383749801288,-0.21451780994266617,-1.217956184922795
"['V2.0', 'V2.2', 'V2.4', 'V3.7']",0.80730745,0.05422651,-0.031309923166324714,-0.09562991012888987,-0.12693983329521458
"['V2.0', 'V2.2', 'V2.4', 'V3.8']",0.7914227,0.05455053,-0.19900528119582855,0.14132683033773846,-0.05767845085809009
"['V2.0', 'V2.2', 'V2.4', 'V1.2_copy']",0.71669694,0.0547037,-0.9878853754514377,0.2533404836223307,-0.7345448918291071
"['V2.0', 'V2.2', 'V2.5', 'V2.7']",0.63767703,0.05475363,-1.822098825389848,0.28985443353745294,-1.5322443918523951
"['V2.0', 'V2.2', 'V2.5', 'V2.6']",0.62205696,0.05421789,-1.9869999557882434,-0.10193374045671694,-2.0889336962449603
"['V2.0', 'V2.2', 'V2.5', 'V2.8']",0.69133553,0.0547542,-1.2556258642902942,0.2902712761461414,-0.9653545881441528
"['V2.0', 'V2.2', 'V2.5', 'V3.1']",0.65008676,0.05358859,-1.6910892649372458,-0.5621426065009378,-2.2532318714381834
"['V2.0', 'V2.2', 'V2.5', 'V3.0']",0.64001081,0.0534677,-1.7974611022489673,-0.6505498046831805,-2.4480109069321476
"['V2.0', 'V2.2', 'V2.5', 'V3.2']",0.63900374,0.05453444,-1.8080927435534115,0.12956016792767988,-1.6785325756257317
"['V2.0', 'V2.2', 'V2.5', 'V3.3']",0.67619853,0.05345267,-1.415427223108822,-0.6615412861016522,-2.076968509210474
"['V2.0', 'V2.2', 'V2.5', 'V3.4']",0.54070199,0.05309289,-2.845864641831747,-0.924649415492073,-3.77051405732382
"['V2.0', 'V2.2', 'V2.5', 'V3.6']",0.71903461,0.05363849,-0.9632065855677543,-0.5256505956704818,-1.488857181238236
"['V2.0', 'V2.2', 'V2.5', 'V3.5']",0.64966691,0.05421216,-1.6955216227690457,-0.10612410562822704,-1.8016457283972727
"['V2.0', 'V2.2', 'V2.5', 'V3.7']",0.81857771,0.05350563,0.0876702487460813,-0.6228114886351006,-0.5351412398890193
"['V2.0', 'V2.2', 'V2.5', 'V3.8']",0.65584414,0.05382964,-1.630308585328696,-0.385862061196696,-2.016170646525392
"['V2.0', 'V2.2', 'V2.5', 'V1.2_copy']",0.71900909,0.0540821,-0.9634760002917451,-0.20123735069053758,-1.1647133509822827
"['V2.0', 'V2.2', 'V2.6', 'V2.8']",0.7501134,0.05483865,-0.6351076972519943,0.3520297994854619,-0.2830778977665324
"['V2.0', 'V2.2', 'V2.6', 'V2.7']",0.63619225,0.05474761,-1.8377736527365196,0.2854519905474893,-1.5523216621890303
"['V2.0', 'V2.2', 'V2.6', 'V3.0']",0.62504461,0.05363879,-1.955459324905362,-0.5254312048238045,-2.4808905297291663
"['V2.0', 'V2.2', 'V2.6', 'V3.1']",0.65937584,0.05368242,-1.5930244168052503,-0.49352446268887573,-2.086548879494126
"['V2.0', 'V2.2', 'V2.6', 'V3.2']",0.6185121,0.05458002,-2.024423054475,0.16289295056599862,-1.8615301039090015
"['V2.0', 'V2.2', 'V2.6', 'V3.3']",0.69639378,0.05366394,-1.202225902392705,-0.5070389388441241,-1.7092648412368292
"['V2.0', 'V2.2', 'V2.6', 'V3.4']",0.55882176,0.05337829,-2.6545741703064,-0.7159355900208778,-3.370509760327278
"['V2.0', 'V2.2', 'V2.6', 'V3.5']",0.7199007,0.05438274,-0.9540632705873006,0.018621529791797937,-0.9354417407955026
"['V2.0', 'V2.2', 'V2.6', 'V3.6']",0.61060248,0.05379246,-2.1079249388469505,-0.41305190012808507,-2.5209768389750358
"['V2.0', 'V2.2', 'V2.6', 'V3.7']",0.77241471,0.05370078,-0.399672694184465,-0.48009774287230234,-0.8797704370567674
"['V2.0', 'V2.2', 'V2.6', 'V3.8']",0.62104151,0.05407684,-1.997720064780268,-0.20508400353559178,-2.2028040683158596
"['V2.0', 'V2.2', 'V2.6', 'V1.2_copy']",0.74461732,0.05423199,-0.6931298319005597,-0.0916223706629383,-0.784752202563498
"['V2.0', 'V2.2', 'V2.7', 'V2.8']",0.76757444,0.05530163,-0.45077144050464396,0.6906083801324526,0.23983693962780867
"['V2.0', 'V2.2', 'V2.7', 'V3.1']",0.66625266,0.05433379,-1.5204258054324271,-0.017175743357517453,-1.5376015487899446
"['V2.0', 'V2.2', 'V2.7', 'V3.0']",0.67667803,0.05413341,-1.4103651400307025,-0.16371420288070368,-1.5740793429114062
"['V2.0', 'V2.2', 'V2.7', 'V3.3']",0.7119204,0.05415158,-1.0383113239518698,-0.1504264306003564,-1.1887377545522262
"['V2.0', 'V2.2', 'V2.7', 'V3.2']",0.72509925,0.05515008,-0.8991821611279587,0.5797794374199119,-0.3194027237080468
"['V2.0', 'V2.2', 'V2.7', 'V3.5']",0.60170727,0.05490375,-2.201831700092649,0.3996376132141734,-1.8021940868784756
"['V2.0', 'V2.2', 'V2.7', 'V3.4']",0.65301053,0.05394712,-1.660223015424605,-0.29994860563833503,-1.96017162106294
"['V2.0', 'V2.2', 'V2.7', 'V3.6']",0.66797306,0.05430287,-1.5022635369702888,-0.03978762662159793,-1.5420511635918868
"['V2.0', 'V2.2', 'V2.7', 'V3.7']",0.83117297,0.05420842,0.22063845001929538,-0.1088591781834572,0.11177927183583819
"['V2.0', 'V2.2', 'V2.7', 'V3.8']",0.70349964,0.05466259,-1.127209314986071,0.2232766245994803,-0.9039326903865906
"['V2.0', 'V2.2', 'V2.7', 'V1.2_copy']",0.71428341,0.05473817,-1.0133650196047892,0.27854849190541525,-0.7348165276993739
"['V2.0', 'V2.2', 'V2.8', 'V3.0']",0.80061662,0.05416617,-0.10194503749702247,-0.13975672242367432,-0.24170175992069678
"['V2.0', 'V2.2', 'V2.8', 'V3.1']",0.76729139,0.05434469,-0.4537596002862107,-0.00920454259495181,-0.4629641428811625
"['V2.0', 'V2.2', 'V2.8', 'V3.2']",0.68220839,0.05516488,-1.3519811113093163,0.5906027191892675,-0.7613783921200488
"['V2.0', 'V2.2', 'V2.8', 'V3.3']",0.97018029,0.05425548,1.6881391847568137,-0.07444406736819933,1.6136951173886143
"['V2.0', 'V2.2', 'V2.8', 'V3.4']",0.61920326,0.05399116,-2.017126476080271,-0.2677420293462828,-2.284868505426554
"['V2.0', 'V2.2', 'V2.8', 'V3.5']",0.75072049,0.05492528,-0.6286986461239553,0.41538256297729353,-0.21331608314666178
"['V2.0', 'V2.2', 'V2.8', 'V3.7']",0.92731614,0.05405454,1.2356222121333633,-0.22139205647185026,1.014230155661513
"['V2.0', 'V2.2', 'V2.8', 'V3.6']",0.79788578,0.05426023,-0.13077452436469694,-0.0709703789624961,-0.20174490332719303
"['V2.0', 'V2.2', 'V2.8', 'V3.8']",0.73228198,0.05466571,-0.8233540568783317,0.22555828940491338,-0.5977957674734183
"['V2.0', 'V2.2', 'V2.8', 'V1.2_copy']",0.84647762,0.05474558,0.38220969043958847,0.28396744581831435,0.6661771362579028
"['V2.0', 'V2.2', 'V3.0', 'V3.1']",0.74921422,0.05294558,-0.6446003434713538,-1.0323776342382565,-1.67697797770961
"['V2.0', 'V2.2', 'V3.0', 'V3.2']",0.60107266,0.05391096,-2.208531279951262,-0.32639251569102723,-2.534923795642289
"['V2.0', 'V2.2', 'V3.0', 'V3.3']",0.75194352,0.05283785,-0.6157871143887486,-1.1111608872796424,-1.726948001668391
"['V2.0', 'V2.2', 'V3.0', 'V3.4']",0.65201401,0.05270752,-1.6707432803443267,-1.2064715841039588,-2.877214864448286
"['V2.0', 'V2.2', 'V3.0', 'V3.5']",0.84770395,0.05363431,0.3951560602856554,-0.5287074414675017,-0.13355138118184628
"['V2.0', 'V2.2', 'V3.0', 'V3.6']",0.87667381,0.05299157,0.7009909676505559,-0.9987450174428091,-0.2977540497922532
"['V2.0', 'V2.2', 'V3.0', 'V3.7']",1.007775,0.05283165,2.0850266619576128,-1.1156949647776133,0.9693316971799995
"['V2.0', 'V2.2', 'V3.0', 'V3.8']",0.77634826,0.05334971,-0.35814619388846,-0.7368362246808873,-1.0949824185693473
"['V2.0', 'V2.2', 'V3.0', 'V1.2_copy']",0.67646796,0.05321242,-1.4125828497120805,-0.8372367891480895,-2.24981963886017
"['V2.0', 'V2.2', 'V3.1', 'V3.2']",0.72599727,0.05414324,-0.8897017610324165,-0.1565254961379486,-1.046227257170365
"['V2.0', 'V2.2', 'V3.1', 'V3.3']",0.76626572,0.05301273,-0.4645876018518707,-0.9832706497239224,-1.4478582515757932
"['V2.0', 'V2.2', 'V3.1', 'V3.4']",0.74961601,0.05289416,-0.6403586451189928,-1.0699812253585366,-1.7103398704775294
"['V2.0', 'V2.2', 'V3.1', 'V3.5']",0.76035696,0.05371572,-0.526966400618639,-0.4691720787078292,-0.9961384793264682
"['V2.0', 'V2.2', 'V3.1', 'V3.6']",0.63136785,0.05251145,-1.8887048594144684,-1.3498581284632316,-3.2385629878777
"['V2.0', 'V2.2', 'V3.1', 'V3.7']",0.86543031,0.05175795,0.5822933011462219,-1.9008948050313592,-1.3186015038851373
"['V2.0', 'V2.2', 'V3.1', 'V1.2_copy']",0.87717816,0.05364672,0.7063153922604608,-0.5196319734433307,0.18668341881713013
"['V2.0', 'V2.2', 'V3.1', 'V3.8']",0.68008879,0.05270364,-1.3743577354852923,-1.2093090390543013,-2.5836667745395934
"['V2.0', 'V2.2', 'V3.2', 'V3.3']",0.68660746,0.05396761,-1.3055401148412042,-0.2849642108103592,-1.5905043256515634
"['V2.0', 'V2.2', 'V3.2', 'V3.4']",0.65270279,0.05358932,-1.6634718276174314,-0.5616087554406896,-2.225080583058121
"['V2.0', 'V2.2', 'V3.2', 'V3.6']",0.7171295,0.05368308,-0.9833188381078065,-0.49304180282618865,-1.476360640933995
"['V2.0', 'V2.2', 'V3.2', 'V3.5']",0.68282102,0.05464659,-1.3455135743830433,0.21157577944342545,-1.1339377949396179
"['V2.0', 'V2.2', 'V3.2', 'V3.7']",0.83897195,0.05388326,0.30297230754710924,-0.34664960386745225,-0.043677296320343006
"['V2.0', 'V2.2', 'V3.2', 'V3.8']",0.64805626,0.05440902,-1.7125252601199774,0.03784016796062641,-1.674685092159351
"['V2.0', 'V2.2', 'V3.3', 'V3.4']",0.7229896,0.05263621,-0.9214537431211872,-1.2586207883588652,-2.1800745314800523
"['V2.0', 'V2.2', 'V3.2', 'V1.2_copy']",0.67646072,0.05446497,-1.412659282415908,0.0787565608657174,-1.3339027215501906
"['V2.0', 'V2.2', 'V3.3', 'V3.5']",0.91601156,0.05362528,1.1162797238680038,-0.5353111059524522,0.5809686179155515
"['V2.0', 'V2.2', 'V3.3', 'V3.6']",0.76410357,0.05310021,-0.4874134265178872,-0.9192962788331726,-1.4067097053510598
"['V2.0', 'V2.2', 'V3.3', 'V3.7']",0.89838162,0.05293829,0.9301603892647734,-1.0377088318124856,-0.10754844254771223
"['V2.0', 'V2.2', 'V3.3', 'V3.8']",0.67357424,0.0532943,-1.4431318612758213,-0.7773577140619611,-2.2204895753377825
"['V2.0', 'V2.2', 'V3.3', 'V1.2_copy']",0.88825246,0.05343818,0.8232268138079282,-0.6721378639961068,0.15108894981182142
"['V2.0', 'V2.2', 'V3.4', 'V3.5']",0.80822841,0.05346125,-0.02158734541528382,-0.655266707886715,-0.6768540533019989
"['V2.0', 'V2.2', 'V3.4', 'V3.6']",0.66554297,0.05286174,-1.5279180050981427,-1.0936900628560036,-2.6216080679541465
"['V2.0', 'V2.2', 'V3.4', 'V3.7']",0.85130651,0.05271855,0.4331882980623138,-1.1984053139744995,-0.7652170159121856
"['V2.0', 'V2.2', 'V3.4', 'V3.8']",0.67972596,0.0530747,-1.37818813298943,-0.9379518138288627,-2.316139946818293
"['V2.0', 'V2.2', 'V3.4', 'V1.2_copy']",0.75595466,0.05326617,-0.5734414962073816,-0.7979292624519572,-1.3713707586593387
"['V2.0', 'V2.2', 'V3.5', 'V3.6']",0.77610702,0.05368042,-0.36069296536242357,-0.49498706833338446,-0.855680033695808
"['V2.0', 'V2.2', 'V3.5', 'V3.7']",0.81830089,0.0532466,0.08474785909501734,-0.8122408586834636,-0.7274929995884463
"['V2.0', 'V2.2', 'V3.5', 'V1.2_copy']",1.02033271,0.0542795,2.2175984477572412,-0.056878173577666974,2.160720274179574
"['V2.0', 'V2.2', 'V3.5', 'V3.8']",0.75751101,0.05404092,-0.5570111041351604,-0.23135240091094417,-0.7883635050461046
"['V2.0', 'V2.2', 'V3.6', 'V3.7']",0.83751816,0.05186253,0.2876246417324308,-1.8244151558800727,-1.536790514147642
"['V2.0', 'V2.2', 'V3.6', 'V3.8']",0.68692625,0.05299811,-1.3021746477620102,-0.9939622969852707,-2.296136944747281
"['V2.0', 'V2.2', 'V3.6', 'V1.2_copy']",0.82400111,0.05358185,0.14492510039544346,-0.5670715875229261,-0.4221464871274826
"['V2.0', 'V2.2', 'V3.7', 'V3.8']",0.84699801,0.05251693,0.38770344938228263,-1.34585058899728,-0.9581471396149974
"['V2.0', 'V2.2', 'V3.7', 'V1.2_copy']",1.08537369,0.05347021,2.904236287678537,-0.6487142345993258,2.2555220530792113
"['V2.0', 'V2.2', 'V3.8', 'V1.2_copy']",0.72037981,0.05401262,-0.9490053047404653,-0.25204827078072384,-1.201053575521189
"['V2.0', 'V2.3', 'V2.4', 'V2.5']",0.67646784,0.05627536,-1.4125841165524746,1.4026998772455028,-0.009884239306971798
"['V2.0', 'V2.3', 'V2.4', 'V2.6']",0.71749168,0.05633222,-0.9794953026558085,1.4442817557188445,0.464786453063036
"['V2.0', 'V2.3', 'V2.4', 'V2.7']",0.74969696,0.0568106,-0.6395040557025724,1.7941223998285456,1.1546183441259732
"['V2.0', 'V2.3', 'V2.4', 'V3.0']",0.66993463,0.05559807,-1.4815552360244175,0.9073957887613259,-0.5741594472630916
"['V2.0', 'V2.3', 'V2.4', 'V2.8']",0.85278269,0.05669101,0.448772335180681,1.7066658953152296,2.1554382304959105
"['V2.0', 'V2.3', 'V2.4', 'V3.1']",0.88682234,0.05503865,0.8081290322611521,0.49829036393619086,1.306419396197343
"['V2.0', 'V2.3', 'V2.4', 'V3.3']",0.71948297,0.0556501,-0.9584732475721223,0.9454454746031843,-0.013027772968937978
"['V2.0', 'V2.3', 'V2.4', 'V3.2']",0.76029095,0.0564962,-0.527663268405889,1.5642007925119987,1.0365375241061097
"['V2.0', 'V2.3', 'V2.4', 'V3.4']",0.69272848,0.0558231,-1.2409204865558514,1.0719608628530652,-0.16895962370278617
"['V2.0', 'V2.3', 'V2.4', 'V3.6']",0.66191215,0.05533366,-1.5662485837878086,0.7140320095292387,-0.8522165742585699
"['V2.0', 'V2.3', 'V2.4', 'V3.5']",0.85353672,0.05630943,0.456732632372327,1.4276153643996825,1.8843479967720094
"['V2.0', 'V2.3', 'V2.4', 'V3.7']",0.87043684,0.05479924,0.6351472548335915,0.32320915526044297,0.9583564100940345
"['V2.0', 'V2.3', 'V2.4', 'V3.8']",0.77836564,0.05562508,-0.3368487065889083,0.9271482779903976,0.5902995714014893
"['V2.0', 'V2.3', 'V2.5', 'V2.6']",0.60794837,0.05565473,-2.135944386852092,0.9488314066702176,-1.1871129801818743
"['V2.0', 'V2.3', 'V2.4', 'V1.2_copy']",0.67199104,0.05621774,-1.4598457088864107,1.3605622086272466,-0.0992835002591641
"['V2.0', 'V2.3', 'V2.5', 'V2.7']",0.72034235,0.05603201,-0.949400770083752,1.2247373354500748,0.2753365653663228
"['V2.0', 'V2.3', 'V2.5', 'V2.8']",0.72774103,0.05590478,-0.8712928809733961,1.131693677374744,0.26040079640134783
"['V2.0', 'V2.3', 'V2.5', 'V3.1']",0.61317307,0.05421785,-2.080787211756687,-0.1019629925696069,-2.1827502043262936
"['V2.0', 'V2.3', 'V2.5', 'V3.0']",0.71094142,0.05477413,-1.0486464190338645,0.3048461413936525,-0.743800277640212
"['V2.0', 'V2.3', 'V2.5', 'V3.2']",0.72760733,0.05620922,-0.8727043523134264,1.3543315085816419,0.4816271562682155
"['V2.0', 'V2.3', 'V2.5', 'V3.3']",0.65103531,0.05489506,-1.6810754194654005,0.39328259168879015,-1.2877928277766104
"['V2.0', 'V2.3', 'V2.5', 'V3.4']",0.61175434,0.05482941,-2.0957647490359768,0.34527256140783774,-1.750492187628139
"['V2.0', 'V2.3', 'V2.5', 'V3.5']",0.74651649,0.0555482,-0.673080287960058,0.870925717015536,0.19784542905547797
"['V2.0', 'V2.3', 'V2.5', 'V3.6']",0.79314721,0.05475441,-0.18079962345016354,0.29042484973881505,0.10962522628865151
"['V2.0', 'V2.3', 'V2.5', 'V3.7']",0.69935004,0.05400064,-1.1710166558431336,-0.26080927859131875,-1.4318259344344524
"['V2.0', 'V2.3', 'V2.5', 'V3.8']",0.67047011,0.05475292,-1.4759021719020584,0.28933520853365213,-1.1865669633684064
"['V2.0', 'V2.3', 'V2.6', 'V2.7']",0.71092989,0.05605915,-1.0487681412818128,1.2445848940460402,0.1958167527642274
"['V2.0', 'V2.3', 'V2.5', 'V1.2_copy']",0.66911607,0.05543925,-1.4901967766384427,0.7912502745310035,-0.6989465021074392
"['V2.0', 'V2.3', 'V2.6', 'V2.8']",0.81837533,0.05601473,0.08553372242001256,1.2121004226815308,1.2976341451015434
"['V2.0', 'V2.3', 'V2.6', 'V3.1']",0.72021077,0.05434002,-0.9507898605768051,-0.012619726774875098,-0.9634095873516803
"['V2.0', 'V2.3', 'V2.6', 'V3.2']",0.69263303,0.05629003,-1.241928152519994,1.4134280896479599,0.17149993712796574
"['V2.0', 'V2.3', 'V2.6', 'V3.0']",0.76021572,0.05497361,-0.5284574717634839,0.45072642837681187,-0.07773104338667203
"['V2.0', 'V2.3', 'V2.6', 'V3.3']",0.62709489,0.05513321,-1.9338145121975308,0.5674423588084962,-1.3663721533890345
"['V2.0', 'V2.3', 'V2.6', 'V3.4']",0.67318043,0.05515335,-1.4472893147419186,0.5821707976486811,-0.8651185170932375
"['V2.0', 'V2.3', 'V2.6', 'V3.5']",0.80795803,0.05575346,-0.02444174796515207,1.0210329343113191,0.9965911863461671
"['V2.0', 'V2.3', 'V2.6', 'V3.6']",0.74018163,0.05492941,-0.7399574258291949,0.4184028436331997,-0.3215545821959952
"['V2.0', 'V2.3', 'V2.6', 'V3.7']",0.69672218,0.05418088,-1.198758982511883,-0.12899925790832234,-1.3277582404202053
"['V2.0', 'V2.3', 'V2.6', 'V3.8']",0.68098897,0.05502314,-1.3648545322626415,0.48694785716303435,-0.8779066750996072
"['V2.0', 'V2.3', 'V2.6', 'V1.2_copy']",0.71889928,0.05561618,-0.964635264823149,0.9206396828723407,-0.04399558195080833
"['V2.0', 'V2.3', 'V2.7', 'V2.8']",0.78871737,0.05632999,-0.22756545890954566,1.4426509504252196,1.215085491515674
"['V2.0', 'V2.3', 'V2.7', 'V3.0']",0.69037306,0.05531056,-1.2657866632479526,0.6971389143351808,-0.5686477489127718
"['V2.0', 'V2.3', 'V2.7', 'V3.1']",0.65443315,0.05479595,-1.645204411402512,0.32080316897523137,-1.3244012424272806
"['V2.0', 'V2.3', 'V2.7', 'V3.2']",0.79166178,0.05669629,-0.19648131284897483,1.7105271742167314,1.5140458613677565
"['V2.0', 'V2.3', 'V2.7', 'V3.3']",0.74864776,0.05546422,-0.6505804635556737,0.8095109060026765,0.15893044244700283
"['V2.0', 'V2.3', 'V2.7', 'V3.4']",0.70965447,0.05556251,-1.0622327544194432,0.8813906604019883,-0.18084209401745488
"['V2.0', 'V2.3', 'V2.7', 'V3.5']",0.62358507,0.05612608,-1.970867693488965,1.2935309919394768,-0.6773367015494882
"['V2.0', 'V2.3', 'V2.7', 'V3.6']",0.73530713,0.0552969,-0.7914175383720311,0.6871493177831969,-0.10426822058883423
"['V2.0', 'V2.3', 'V2.7', 'V3.7']",0.75479871,0.0545441,-0.5856448641618164,0.13662455319064626,-0.4490203109711701
"['V2.0', 'V2.3', 'V2.7', 'V3.8']",0.68740322,0.05544226,-1.297139273902218,0.7934514960259853,-0.5036877778762328
"['V2.0', 'V2.3', 'V2.7', 'V1.2_copy']",0.83441444,0.05596032,0.2548586594775425,1.1723102361227113,1.427168895600254
"['V2.0', 'V2.3', 'V2.8', 'V3.0']",0.87356607,0.05521463,0.6681825462424371,0.6269850345963874,1.2951675808388246
"['V2.0', 'V2.3', 'V2.8', 'V3.1']",0.71923608,0.05470249,-0.9610796661146807,0.2524556072074027,-0.708624058907278
"['V2.0', 'V2.3', 'V2.8', 'V3.2']",0.82741656,0.05656677,0.1809820172862895,1.615808832678438,1.7967908499647274
"['V2.0', 'V2.3', 'V2.8', 'V3.3']",0.76940669,0.05543182,-0.43142837122438743,0.7858166945616568,0.3543883233372694
"['V2.0', 'V2.3', 'V2.8', 'V3.5']",0.72172541,0.05600968,-0.9347998011118587,1.2084073434291502,0.27360754231729156
"['V2.0', 'V2.3', 'V2.8', 'V3.4']",0.80081261,0.05548038,-0.09987597042198457,0.8213287596102963,0.7214527891883117
"['V2.0', 'V2.3', 'V2.8', 'V3.6']",0.71798889,0.05511335,-0.9742462550494029,0.5529186847585362,-0.42132757029086665
"['V2.0', 'V2.3', 'V2.8', 'V3.7']",0.80103368,0.05425898,-0.09754213370440504,-0.07188450749031408,-0.16942664119471912
"['V2.0', 'V2.3', 'V2.8', 'V3.8']",0.83222032,0.05532499,0.23169532741630833,0.7076916140602979,0.9393869414766063
"['V2.0', 'V2.3', 'V3.0', 'V3.1']",0.82288527,0.05349946,0.13314517384301813,-0.6273236270484055,-0.49417845320538734
"['V2.0', 'V2.3', 'V2.8', 'V1.2_copy']",0.81636299,0.05583624,0.06428944241704854,1.0815701819374794,1.145859624354528
"['V2.0', 'V2.3', 'V3.0', 'V3.2']",0.72108012,0.0554745,-0.9416121297656217,0.817028699015445,-0.12458343075017675
"['V2.0', 'V2.3', 'V3.0', 'V3.3']",0.79360139,0.0541814,-0.17600484369537764,-0.1286189804407527,-0.3046238241361303
"['V2.0', 'V2.3', 'V3.0', 'V3.4']",0.68794537,0.05433817,-1.2914157945679068,-0.013972636996047732,-1.3053884315639546
"['V2.0', 'V2.3', 'V3.0', 'V3.5']",0.74890087,0.05488035,-0.6479083804526435,0.3825251271734381,-0.2653832532792054
"['V2.0', 'V2.3', 'V3.0', 'V3.6']",0.87364188,0.05403268,0.6689828726619413,-0.23737833616631396,0.43160453649562736
"['V2.0', 'V2.3', 'V3.0', 'V3.7']",0.8348182,0.05324049,0.25912115512638734,-0.816709118927431,-0.5575879638010437
"['V2.0', 'V2.3', 'V3.0', 'V3.8']",0.66841356,0.05418372,-1.4976131770205263,-0.12692235789312417,-1.6245355349136505
"['V2.0', 'V2.3', 'V3.0', 'V1.2_copy']",0.77266304,0.05448562,-0.3970510735571671,0.0938579641452531,-0.303193109411914
"['V2.0', 'V2.3', 'V3.1', 'V3.2']",0.62191387,0.05499688,-1.9885105573891777,0.4677438450506534,-1.5207667123385242
"['V2.0', 'V2.3', 'V3.1', 'V3.3']",0.65497066,0.05366569,-1.639529916563472,-0.5057591589051789,-2.145289075468651
"['V2.0', 'V2.3', 'V3.1', 'V3.4']",0.7168067,0.0538587,-0.9867266387701976,-0.3646104011820018,-1.3513370399521993
"['V2.0', 'V2.3', 'V3.1', 'V3.5']",0.78002911,0.05427221,-0.3192874483241362,-0.062209371151896134,-0.3814968194760323
"['V2.0', 'V2.3', 'V3.1', 'V3.6']",0.70238451,0.05289264,-1.1389817460661593,-1.0710928056483655,-2.210074551714525
"['V2.0', 'V2.3', 'V3.1', 'V3.7']",0.7376156,0.05155324,-0.7670470129844505,-2.0505998057749015,-2.817646818759352
"['V2.0', 'V2.3', 'V3.1', 'V3.8']",0.69451529,0.05290437,-1.2220571275051455,-1.0625146235433292,-2.2845717510484747
"['V2.0', 'V2.3', 'V3.1', 'V1.2_copy']",0.8208195,0.05423079,0.1113368331542064,-0.09249993404964253,0.018836899104563862
"['V2.0', 'V2.3', 'V3.2', 'V3.3']",0.75467718,0.05567782,-0.5869278567717934,0.9657171888360568,0.37878933206426346
"['V2.0', 'V2.3', 'V3.2', 'V3.5']",0.78478906,0.05625892,-0.26903664050830356,1.3906772588476481,1.1216406183393446
"['V2.0', 'V2.3', 'V3.2', 'V3.4']",0.63829611,0.05561032,-1.815563195792347,0.9163542483339319,-0.8992089474584152
"['V2.0', 'V2.3', 'V3.2', 'V3.6']",0.81933848,0.05504863,0.09570170013990871,0.5055887661022821,0.6012904662421908
"['V2.0', 'V2.3', 'V3.2', 'V3.7']",0.90766265,0.05459135,1.0281402535202744,0.1711786115421302,1.1993188650624047
"['V2.0', 'V2.3', 'V3.2', 'V3.8']",0.70630913,0.05557184,-1.097549519809546,0.8882137157336111,-0.20933580407593488
"['V2.0', 'V2.3', 'V3.2', 'V1.2_copy']",0.8157596,0.05607727,0.05791945220118621,1.257836101185274,1.31575555338646
"['V2.0', 'V2.3', 'V3.3', 'V3.4']",0.62387156,0.05441119,-1.9678432176160758,0.03942709508491375,-1.928416122531162
"['V2.0', 'V2.3', 'V3.3', 'V3.5']",0.71673142,0.05500395,-0.9875213699779574,0.4729141560039903,-0.514607213973967
"['V2.0', 'V2.3', 'V3.3', 'V3.6']",0.71964712,0.05424927,-0.9567403154818767,-0.07898545789439416,-1.0357257733762708
"['V2.0', 'V2.3', 'V3.3', 'V3.7']",0.8184338,0.0534514,0.08615099040244795,-0.6624700406859126,-0.5763190502834648
"['V2.0', 'V2.3', 'V3.3', 'V3.8']",0.72941243,0.05424616,-0.853647905672525,-0.08125980967160347,-0.9349077153441285
"['V2.0', 'V2.3', 'V3.3', 'V1.2_copy']",0.8988768,0.05482946,0.9353880061544982,0.3453091265489464,1.2806971327034447
"['V2.0', 'V2.3', 'V3.4', 'V3.5']",0.65788031,0.0551301,-1.6088127319373027,0.565168007031287,-1.0436447249060157
"['V2.0', 'V2.3', 'V3.4', 'V3.6']",0.76780988,0.05431044,-0.4482858996497698,-0.03425166425713897,-0.4825375639069088
"['V2.0', 'V2.3', 'V3.4', 'V3.7']",0.82508179,0.05356818,0.15633384271215184,-0.5770684971031338,-0.42073465439098195
"['V2.0', 'V2.3', 'V3.4', 'V3.8']",0.66591703,0.05433132,-1.5239690524470448,-0.01898206132848212,-1.542951113775527
"['V2.0', 'V2.3', 'V3.4', 'V1.2_copy']",0.78140934,0.05494814,-0.3047163556715569,0.43210014549401166,0.12738378982245474
"['V2.0', 'V2.3', 'V3.5', 'V3.6']",0.78328623,0.05474142,-0.28490202176438184,0.2809252260777369,-0.0039767956866449405
"['V2.0', 'V2.3', 'V3.5', 'V3.7']",0.61180239,0.05369274,-2.095257485027835,-0.4859774175632172,-2.581234902591052
"['V2.0', 'V2.3', 'V3.5', 'V3.8']",0.75137122,0.05489199,-0.6218288873722881,0.3910374920244708,-0.23079139534781734
"['V2.0', 'V2.3', 'V3.5', 'V1.2_copy']",0.85032063,0.05557227,0.4227803596576095,0.8885281759471821,1.3113085356047915
"['V2.0', 'V2.3', 'V3.6', 'V3.7']",0.8492424,0.05213369,0.4113974819989644,-1.6261150825977684,-1.2147176005988038
"['V2.0', 'V2.3', 'V3.6', 'V3.8']",0.68201302,0.05366262,-1.3540436330423136,-0.5080042585694983,-1.862047891611812
"['V2.0', 'V2.3', 'V3.6', 'V1.2_copy']",0.8211635,0.05465233,0.11496844228637096,0.2157734576431593,0.3307418999295303
"['V2.0', 'V2.3', 'V3.7', 'V3.8']",0.70999642,0.05256934,-1.0586227871440266,-1.3075230080829694,-2.3661457952269958
"['V2.0', 'V2.3', 'V3.7', 'V1.2_copy']",0.98661828,0.05391205,1.8616750992871276,-0.32559539561476913,1.5360797036723586
"['V2.0', 'V2.3', 'V3.8', 'V1.2_copy']",0.67773157,0.05488365,-1.399242914783318,0.38493842648687354,-1.0143044882964445
"['V2.0', 'V2.4', 'V2.5', 'V2.7']",0.60141021,0.05677731,-2.2049677634903264,1.7697773288757177,-0.4351904346146087
"['V2.0', 'V2.4', 'V2.5', 'V2.6']",0.68200584,0.05638016,-1.3541194323259442,1.4793404130176817,0.12522098069173748
"['V2.0', 'V2.4', 'V2.5', 'V2.8']",0.73320543,0.05676947,-0.813605192189095,1.7640439147492526,0.9504387225601576
"['V2.0', 'V2.4', 'V2.5', 'V3.0']",0.72956003,0.05582543,-0.8520896919867472,1.0736647984289176,0.22157510644217038
"['V2.0', 'V2.4', 'V2.5', 'V3.1']",0.77403694,0.05633845,-0.38254680673542035,1.4488377723014818,1.0662909655660615
"['V2.0', 'V2.4', 'V2.5', 'V3.3']",0.72648531,0.05571472,-0.8845495211461908,0.9927022629772161,0.1081527418310253
"['V2.0', 'V2.4', 'V2.5', 'V3.2']",0.69211127,0.05654066,-1.2474363745571984,1.5967145159893932,0.3492781414321948
"['V2.0', 'V2.4', 'V2.5', 'V3.4']",0.72808053,0.05554478,-0.8677087783560425,0.8684246613634307,0.0007158830073881184
"['V2.0', 'V2.4', 'V2.5', 'V3.6']",0.66425976,0.05627396,-1.541464857291412,1.4016760532943437,-0.13978880399706828
"['V2.0', 'V2.4', 'V2.5', 'V3.5']",0.73190428,0.05635984,-0.8273414370214092,1.4644803396694897,0.6371389026480805
"['V2.0', 'V2.4', 'V2.5', 'V3.7']",0.78264234,0.05647016,-0.2916995706135368,1.54515766702051,1.2534580964069733
"['V2.0', 'V2.4', 'V2.5', 'V3.8']",0.70343474,0.05634203,-1.1278944644996687,1.451455836405152,0.3235613719054833
"['V2.0', 'V2.4', 'V2.5', 'V1.2_copy']",0.7342267,0.05635878,-0.8028236414379163,1.4637051586778977,0.6608815172399815
"['V2.0', 'V2.4', 'V2.6', 'V2.7']",0.59813606,0.05669764,-2.2395329758161293,1.7115144330267718,-0.5280185427893576
"['V2.0', 'V2.4', 'V2.6', 'V3.0']",0.73362389,0.05591802,-0.8091875085918706,1.1413761267413804,0.33218861814950984
"['V2.0', 'V2.4', 'V2.6', 'V2.8']",0.71239328,0.05676935,-1.0333191282355385,1.7639561584105827,0.7306370301750442
"['V2.0', 'V2.4', 'V2.6', 'V3.2']",0.67450115,0.05649806,-1.4333464693551976,1.56556101576139,0.13221454640619235
"['V2.0', 'V2.4', 'V2.6', 'V3.1']",0.71239736,0.05634577,-1.0332760556621108,1.4541909089603822,0.4209148532982714
"['V2.0', 'V2.4', 'V2.6', 'V3.3']",0.76878218,0.05584246,-0.43802132534975924,1.086118885491893,0.6480975601421338
"['V2.0', 'V2.4', 'V2.6', 'V3.4']",0.62791704,0.05574255,-1.9251350719416898,1.0130544205205347,-0.912080651421155
"['V2.0', 'V2.4', 'V2.6', 'V3.6']",0.63667266,0.05632719,-1.832701962785406,1.4406033025229064,-0.3920986602624996
"['V2.0', 'V2.4', 'V2.6', 'V3.5']",0.63150287,0.05644716,-1.887279452830093,1.5283377021086795,-0.35894175072141343
"['V2.0', 'V2.4', 'V2.6', 'V3.7']",0.78099233,0.05651489,-0.3091187316140095,1.5778688422599156,1.268750110645906
"['V2.0', 'V2.4', 'V2.6', 'V3.8']",0.75972591,0.05649887,-0.533628397545535,1.5661533710474131,1.0325249735018782
"['V2.0', 'V2.4', 'V2.6', 'V1.2_copy']",0.69912633,0.05642244,-1.1733783630494024,1.510259896342565,0.3368815332931627
"['V2.0', 'V2.4', 'V2.7', 'V2.8']",0.80062038,0.0571091,-0.10190534316464744,2.01241629227126,1.9105109491066126
"['V2.0', 'V2.4', 'V2.7', 'V3.1']",0.78885062,0.05685337,-0.22615873822099677,1.8254002215363323,1.5992414833153354
"['V2.0', 'V2.4', 'V2.7', 'V3.0']",0.68672365,0.05627753,-1.304313496628802,1.4042868043697903,0.09997330774098834
"['V2.0', 'V2.4', 'V2.7', 'V3.2']",0.67126565,0.0569205,-1.4675036535037962,1.8744925799942187,0.4069889264904225
"['V2.0', 'V2.4', 'V2.7', 'V3.3']",0.73392974,0.05619198,-0.805958649135264,1.3417238479259928,0.5357651987907287
"['V2.0', 'V2.4', 'V2.7', 'V3.5']",0.72782587,0.05683041,-0.8703972248141729,1.8086095087373868,0.9382122839232139
"['V2.0', 'V2.4', 'V2.7', 'V3.4']",0.66637505,0.05617177,-1.519133733799621,1.326944217888247,-0.192189515911374
"['V2.0', 'V2.4', 'V2.7', 'V3.6']",0.72380013,0.05671501,-0.9128969752435908,1.7242171630493195,0.8113201878057287
"['V2.0', 'V2.4', 'V2.7', 'V3.7']",0.8524604,0.05692693,0.4453699185899685,1.8791948571413108,2.3245647757312793
"['V2.0', 'V2.4', 'V2.7', 'V3.8']",0.71878795,0.05694777,-0.9658105759995563,1.8944352079570779,0.9286246319575215
"['V2.0', 'V2.4', 'V2.7', 'V1.2_copy']",0.76283446,0.05679542,-0.5008114249647508,1.7830212229867326,1.2822097980219818
"['V2.0', 'V2.4', 'V2.8', 'V3.0']",0.79169171,0.05630022,-0.1961653417404692,1.4208800654067246,1.2247147236662554
"['V2.0', 'V2.4', 'V2.8', 'V3.1']",0.75028465,0.05686071,-0.633299810438381,1.830767984251675,1.1974681738132942
"['V2.0', 'V2.4', 'V2.8', 'V3.2']",0.71404488,0.05694629,-1.0158831815998328,1.8933528797801387,0.8774696981803058
"['V2.0', 'V2.4', 'V2.8', 'V3.3']",0.75514207,0.05628238,-0.5820200115117582,1.4078336230577209,0.8258136115459627
"['V2.0', 'V2.4', 'V2.8', 'V3.4']",0.70330896,0.05620712,-1.1292223243736323,1.3527957726549107,0.22357344828127834
"['V2.0', 'V2.4', 'V2.8', 'V3.5']",0.81357187,0.05684553,0.03482357939098173,1.8196668074098623,1.854490386800844
"['V2.0', 'V2.4', 'V2.8', 'V3.8']",0.86798083,0.05694631,0.6092191491804315,1.8933675058365862,2.5025866550170175
"['V2.0', 'V2.4', 'V2.8', 'V3.7']",0.934037,0.05677286,1.3065743532728953,1.7665230313166917,3.073097384589587
"['V2.0', 'V2.4', 'V2.8', 'V3.6']",0.79668664,0.0566702,-0.14343384929127728,1.6914474835841289,1.5480136342928517
"['V2.0', 'V2.4', 'V2.8', 'V1.2_copy']",0.87996929,0.05679562,0.7357813608565599,1.7831674835511824,2.5189488444077424
"['V2.0', 'V2.4', 'V3.0', 'V3.2']",0.78933556,0.05602983,-0.22103922504497295,1.2231430952975637,1.0021038702525908
"['V2.0', 'V2.4', 'V3.0', 'V3.3']",0.88153601,0.05520759,0.752321229052911,0.6218366627277219,1.3741578917806327
"['V2.0', 'V2.4', 'V3.0', 'V3.1']",0.72928332,0.05578641,-0.8550109203674492,1.0451293623045796,0.19011844193713046
"['V2.0', 'V2.4', 'V3.0', 'V3.4']",0.75258091,0.05527428,-0.6090581860609853,0.6706072479438187,0.06154906188283338
"['V2.0', 'V2.4', 'V3.0', 'V3.5']",0.79141861,0.05589259,-0.19904845933928958,1.1227790959714703,0.9237306366321807
"['V2.0', 'V2.4', 'V3.0', 'V3.6']",0.711841,0.05573125,-1.0391495500131898,1.0047906986290696,-0.034358851384120204
"['V2.0', 'V2.4', 'V3.0', 'V3.7']",0.86673032,0.05585877,0.5960175109947835,1.098046434522854,1.6940639455176374
"['V2.0', 'V2.4', 'V3.0', 'V3.8']",0.807969,0.0559606,-0.024325937639047293,1.172515000912941,1.1481890632738938
"['V2.0', 'V2.4', 'V3.0', 'V1.2_copy']",0.84499425,0.0556015,0.3665497484675561,0.9099041574416549,1.276453905909211
"['V2.0', 'V2.4', 'V3.1', 'V3.2']",0.71808182,0.05664106,-0.9732651927335539,1.67013731934366,0.696872126610106
"['V2.0', 'V2.4', 'V3.1', 'V3.3']",0.74844346,0.05577446,-0.6527372593280614,1.036390293578646,0.3836530342505846
"['V2.0', 'V2.4', 'V3.1', 'V3.4']",0.70671468,0.05585656,-1.0932681271248088,1.0964302552856717,0.0031621281608629204
"['V2.0', 'V2.4', 'V3.1', 'V3.5']",0.78466231,0.05637896,-0.27037474067546075,1.4784628496309775,1.2080881089555167
"['V2.0', 'V2.4', 'V3.1', 'V3.6']",0.75055557,0.05568629,-0.6304397071067361,0.9719113237405428,0.34147161663380665
"['V2.0', 'V2.4', 'V3.1', 'V3.7']",0.89571467,0.05525924,0.9020053893373728,0.6596084534971232,1.561613842834496
"['V2.0', 'V2.4', 'V3.1', 'V3.8']",0.77280948,0.05574015,-0.3955051059952065,1.0112992937471263,0.6157941877519199
"['V2.0', 'V2.4', 'V3.1', 'V1.2_copy']",0.71876496,0.05641049,-0.9660532815052199,1.5015208276166363,0.5354675461114164
"['V2.0', 'V2.4', 'V3.2', 'V3.3']",0.75302675,0.05599347,-0.6043514517136483,1.1965529246804167,0.5922014729667684
"['V2.0', 'V2.4', 'V3.2', 'V3.4']",0.62601416,0.05581162,-1.9452237823644027,1.0635655064535925,-0.8816582759108103
"['V2.0', 'V2.4', 'V3.2', 'V3.7']",0.78115373,0.05660719,-0.30741483128281394,1.64536809275393,1.337953261471116
"['V2.0', 'V2.4', 'V3.2', 'V3.8']",0.73220605,0.05667961,-0.8241556501382301,1.6983290431415368,0.8741733930033067
"['V2.0', 'V2.4', 'V3.2', 'V3.5']",0.63909649,0.05655245,-1.8071135814981554,1.605336576263762,-0.20177700523439346
"['V2.0', 'V2.4', 'V3.2', 'V3.6']",0.65397728,0.05609475,-1.6500170324928605,1.2706192745182678,-0.37939775797459263
"['V2.0', 'V2.4', 'V3.3', 'V3.5']",0.70420436,0.05579382,-1.1197695836267136,1.0505483162174787,-0.06922126740923495
"['V2.0', 'V2.4', 'V3.3', 'V3.4']",0.76777347,0.05510431,-0.44867028013960136,0.5463077072453619,0.09763742710576057
"['V2.0', 'V2.4', 'V3.3', 'V3.6']",0.77312966,0.05575962,-0.3921249646814378,1.0255377596964053,0.6334127950149675
"['V2.0', 'V2.4', 'V3.2', 'V1.2_copy']",0.71672452,0.0565049,-0.9875942133006669,1.5705631270656006,0.5829689137649338
"['V2.0', 'V2.4', 'V3.3', 'V3.7']",0.93547802,0.05592644,1.3217872061555453,1.1475336965047578,2.469320902660303
"['V2.0', 'V2.4', 'V3.3', 'V3.8']",0.81600083,0.05582281,0.06046611810511633,1.0717487850346117,1.132214903139728
"['V2.0', 'V2.4', 'V3.3', 'V1.2_copy']",0.7566979,0.05573178,-0.5655951090812478,1.0051782891248628,0.4395831800436151
"['V2.0', 'V2.4', 'V3.4', 'V3.5']",0.77437905,0.05581375,-0.3789351503394767,1.0651231814649949,0.6861880311255182
"['V2.0', 'V2.4', 'V3.4', 'V3.7']",0.82895182,0.05591881,0.19718976215910036,1.1419538559709612,1.3391436181300616
"['V2.0', 'V2.4', 'V3.4', 'V3.6']",0.79554662,0.05570966,-0.15546904418328367,0.9890018706966118,0.8335328265133282
"['V2.0', 'V2.4', 'V3.4', 'V3.8']",0.76626756,0.05579243,-0.4645681769658158,1.0495318052945433,0.5849636283287274
"['V2.0', 'V2.4', 'V3.4', 'V1.2_copy']",0.76656773,0.0557527,-0.46139928128790314,1.0204771441664098,0.5590778628785067
"['V2.0', 'V2.4', 'V3.5', 'V3.7']",0.99422258,0.0561443,1.9419537194142154,1.306855329360938,3.2488090487751533
"['V2.0', 'V2.4', 'V3.5', 'V3.6']",0.72204758,0.05623386,-0.9313986513615404,1.3723508101219715,0.44095215876043103
"['V2.0', 'V2.4', 'V3.5', 'V1.2_copy']",0.78715404,0.05645218,-0.24406953886473914,1.532008842276389,1.2879393034116497
"['V2.0', 'V2.4', 'V3.5', 'V3.8']",0.7485119,0.05646333,-0.6520147380228127,1.5401628687445181,0.8881481307217054
"['V2.0', 'V2.4', 'V3.6', 'V3.7']",0.71977869,0.05530525,-0.9553513305588558,0.6932556963490129,-0.26209563420984294
"['V2.0', 'V2.4', 'V3.6', 'V3.8']",0.77453795,0.05593193,-0.3772576425165081,1.151548548998928,0.7742909064824197
"['V2.0', 'V2.4', 'V3.6', 'V1.2_copy']",0.71994747,0.05624582,-0.9535695195433714,1.381097191876129,0.42752767233275757
"['V2.0', 'V2.4', 'V3.7', 'V3.8']",0.90625455,0.05577758,1.0132749371859697,1.0386719583840789,2.0519468955700484
"['V2.0', 'V2.4', 'V3.7', 'V1.2_copy']",0.87642511,0.05644457,0.6983654409320406,1.5264436277990399,2.2248090687310804
"['V2.0', 'V2.4', 'V3.8', 'V1.2_copy']",0.82771082,0.05654391,0.18408852107475077,1.5990912501617198,1.7831797712364705
"['V2.0', 'V2.5', 'V2.6', 'V2.7']",0.68576788,0.05610487,-1.3144035636644091,1.2780200590794766,-0.03638350458493256
"['V2.0', 'V2.5', 'V2.6', 'V2.8']",0.73013264,0.05616705,-0.8460446463321873,1.3234924685672098,0.47744782223502247
"['V2.0', 'V2.5', 'V2.6', 'V3.0']",0.59660913,0.05525489,-2.2556527808515234,0.6564272862203197,-1.5992254946312037
"['V2.0', 'V2.5', 'V2.6', 'V3.1']",0.56888804,0.0556427,-2.5483044192165023,0.940033833718509,-1.6082705854979933
"['V2.0', 'V2.5', 'V2.6', 'V3.2']",0.51170748,0.05636552,-3.1519597793277745,1.468634139699891,-1.6833256396278835
"['V2.0', 'V2.5', 'V2.6', 'V3.3']",0.77909179,0.05526338,-0.32918273864902126,0.662636047181253,0.33345330853223176
"['V2.0', 'V2.5', 'V2.6', 'V3.4']",0.6179169,0.0549667,-2.030706582833908,0.44567312587504,-1.5850334569588682
"['V2.0', 'V2.5', 'V2.6', 'V3.5']",0.74161932,0.05587648,-0.7247797277675051,1.1109978075049642,0.38621807973745914
"['V2.0', 'V2.5', 'V2.6', 'V3.6']",0.58970231,0.05588778,-2.3285681023230826,1.1192615293964294,-1.2093065729266532
"['V2.0', 'V2.5', 'V2.6', 'V3.7']",0.8379319,0.05583852,0.2919924962741212,1.0832375523722182,1.3752300486463394
"['V2.0', 'V2.5', 'V2.6', 'V1.2_copy']",0.65473342,0.05581217,-1.6420344600242707,1.0639677230058335,-0.5780667370184371
"['V2.0', 'V2.5', 'V2.6', 'V3.8']",0.71097844,0.05577871,-1.048255598772026,1.039498330573227,-0.008757268198798851
"['V2.0', 'V2.5', 'V2.7', 'V2.8']",0.8189381,0.05641411,0.091474887162188,1.5041681438331966,1.5956430309953846
"['V2.0', 'V2.5', 'V2.7', 'V3.0']",0.76794674,0.05552129,-0.44684106817933933,0.8512463580686918,0.4044052898893524
"['V2.0', 'V2.5', 'V2.7', 'V3.1']",0.79344762,0.05606182,-0.17762819409146113,1.2465374725814549,1.0689092784899938
"['V2.0', 'V2.5', 'V2.7', 'V3.2']",0.66599101,0.05669765,-1.5231880453435633,1.7115217460549954,0.18833370071143207
"['V2.0', 'V2.5', 'V2.7', 'V3.4']",0.69688371,0.05529457,-1.1970537097702587,0.6854453822073446,-0.5116083275629141
"['V2.0', 'V2.5', 'V2.7', 'V3.3']",0.70093953,0.05552014,-1.154236404681843,0.8504053598231013,-0.3038310448587417
"['V2.0', 'V2.5', 'V2.7', 'V3.5']",0.6900915,0.05616286,-1.2687590930946162,1.3204283097419662,0.051669216647350025
"['V2.0', 'V2.5', 'V2.7', 'V3.6']",0.64045468,0.05618578,-1.792775165198113,1.3371897704280167,-0.4555853947700963
"['V2.0', 'V2.5', 'V2.7', 'V3.7']",0.73834809,0.05613775,-0.7593141136436975,1.3020652958751757,0.5427511822314782
"['V2.0', 'V2.5', 'V2.7', 'V3.8']",0.70147687,0.0561292,-1.148563704533362,1.2958126567449049,0.14724895221154277
"['V2.0', 'V2.5', 'V2.7', 'V1.2_copy']",0.77900706,0.0560926,-0.3300772335378823,1.269046973450423,0.9389697399125407
"['V2.0', 'V2.5', 'V2.8', 'V3.0']",0.71062429,0.05553766,-1.051994361487595,0.8632177852689852,-0.18877657621860988
"['V2.0', 'V2.5', 'V2.8', 'V3.1']",0.76682833,0.05605186,-0.45864812623022333,1.239253696471811,0.7806055702415877
"['V2.0', 'V2.5', 'V2.8', 'V3.2']",0.7015667,0.05670158,-1.1476153689277162,1.7143957661464517,0.5667803972187355
"['V2.0', 'V2.5', 'V2.8', 'V3.3']",0.75243728,0.05559974,-0.6105744884436975,0.9086170644744911,0.29804257603079354
"['V2.0', 'V2.5', 'V2.8', 'V3.4']",0.78161929,0.0553251,-0.3024999128305744,0.7077720573707491,0.4052721445401747
"['V2.0', 'V2.5', 'V2.8', 'V3.5']",0.7519886,0.05616779,-0.615311204680382,1.3240336326556768,0.7087224279752947
"['V2.0', 'V2.5', 'V2.8', 'V3.7']",0.79626608,0.05597496,-0.1478737025954143,1.183016509440502,1.0351428068450879
"['V2.0', 'V2.5', 'V2.8', 'V3.6']",0.72175877,0.05612236,-0.9344476194820652,1.2908105454406942,0.35636292595862895
"['V2.0', 'V2.5', 'V2.8', 'V3.8']",0.69061222,0.05611813,-1.2632618503408348,1.2877171345025606,0.02445528416172582
"['V2.0', 'V2.5', 'V2.8', 'V1.2_copy']",0.74079355,0.05608536,-0.7334973843752588,1.2637523410173075,0.5302549566420487
"['V2.0', 'V2.5', 'V3.0', 'V3.1']",0.6883613,0.05493067,-1.2870248201890087,0.4193242851892414,-0.8677005349997673
"['V2.0', 'V2.5', 'V3.0', 'V3.2']",0.68664503,0.05573212,-1.3051434882275543,1.0054269320844302,-0.2997165561431241
"['V2.0', 'V2.5', 'V3.0', 'V3.3']",0.71575167,0.05448006,-0.9978645939524874,0.08979192045352159,-0.9080726734989658
"['V2.0', 'V2.5', 'V3.0', 'V3.4']",0.58740737,0.0543387,-2.3527957914561335,-0.013585046500254331,-2.3663808379563878
"['V2.0', 'V2.5', 'V3.0', 'V3.5']",0.81835551,0.05516444,0.08532448261478141,0.5902809459474778,0.6756054285622592
"['V2.0', 'V2.5', 'V3.0', 'V3.6']",0.65039705,0.05513092,-1.6878135323860264,0.565767675345534,-1.1220458570404923
"['V2.0', 'V2.5', 'V3.0', 'V3.7']",0.74509474,0.05501302,-0.6880897073892871,0.4795470726018308,-0.20854263478745627
"['V2.0', 'V2.5', 'V3.0', 'V3.8']",0.73177896,0.05508471,-0.8286644406738591,0.5319741719291944,-0.29669026874466475
"['V2.0', 'V2.5', 'V3.0', 'V1.2_copy']",0.57813825,0.05485145,-2.4506499218024365,0.36139047561030885,-2.0892594461921274
"['V2.0', 'V2.5', 'V3.1', 'V3.2']",0.70293872,0.05632152,-1.1331309492721569,1.4364568155207287,0.30332586624857183
"['V2.0', 'V2.5', 'V3.1', 'V3.3']",0.56354656,0.05499516,-2.604694441156252,0.46648600419637953,-2.1382084369598724
"['V2.0', 'V2.5', 'V3.1', 'V3.4']",0.71828025,0.05485311,-0.9711703665704863,0.36260443829524525,-0.608565928275241
"['V2.0', 'V2.5', 'V3.1', 'V3.5']",0.64759687,0.05560172,-1.7173750418619111,0.9100650440625523,-0.8073099977993589
"['V2.0', 'V2.5', 'V3.1', 'V3.6']",0.65781583,0.05507107,-1.609493447509518,0.521999201433653,-1.087494246075865
"['V2.0', 'V2.5', 'V3.1', 'V3.7']",0.80953763,0.05441739,-0.0077659055664107204,0.043961172582889896,0.036195267016479175
"['V2.0', 'V2.5', 'V3.1', 'V3.8']",0.69260539,0.05484899,-1.2422199480909621,0.35959147066756286,-0.8826284774233992
"['V2.0', 'V2.5', 'V3.1', 'V1.2_copy']",0.6071518,0.05560345,-2.144353778963744,0.91133019794505,-1.2330235810186938
"['V2.0', 'V2.5', 'V3.2', 'V3.3']",0.71309857,0.0557771,-1.0258733793843053,1.0383209330293992,0.012447553645093867
"['V2.0', 'V2.5', 'V3.2', 'V3.4']",0.649541,0.05539337,-1.6968508550534371,0.7576981010460023,-0.9391527540074348
"['V2.0', 'V2.5', 'V3.2', 'V3.5']",0.70292781,0.0563527,-1.1332461261780633,1.4592588375185966,0.32601271134053333
"['V2.0', 'V2.5', 'V3.2', 'V3.6']",0.61597786,0.05604976,-2.05117703449563,1.237717960545075,-0.813459073950555
"['V2.0', 'V2.5', 'V3.2', 'V3.7']",0.73014052,0.05631842,-0.8459614571462534,1.434189776771743,0.5882283196254897
"['V2.0', 'V2.5', 'V3.2', 'V3.8']",0.76916205,0.05632584,-0.43401103650953965,1.439616043712866,1.0056050072033265
"['V2.0', 'V2.5', 'V3.2', 'V1.2_copy']",0.68988655,0.05626157,-1.2709227509191425,1.3926152113266201,0.12169246040747761
"['V2.0', 'V2.5', 'V3.3', 'V3.4']",0.7159491,0.05425641,-0.9957803247927101,-0.07376395574350621,-1.0695442805362163
"['V2.0', 'V2.5', 'V3.3', 'V3.5']",0.69107758,0.0551475,-1.2583490432892537,0.577892676138501,-0.6804563671507526
"['V2.0', 'V2.5', 'V3.3', 'V3.6']",0.61795793,0.0552358,-2.0302734289888713,0.6424667153434979,-1.3878067136453733
"['V2.0', 'V2.5', 'V3.3', 'V3.7']",0.836528,0.05514547,0.2771715193536406,0.5764081314093261,0.8535796507629667
"['V2.0', 'V2.5', 'V3.3', 'V3.8']",0.70055293,0.05502944,-1.1583177421542117,0.4915550649432329,-0.6667626772109787
"['V2.0', 'V2.5', 'V3.3', 'V1.2_copy']",0.67151635,0.05505082,-1.464857012778699,0.5071903192830169,-0.9576666934956821
"['V2.0', 'V2.5', 'V3.4', 'V3.5']",0.81441523,0.0549649,0.04372693368662845,0.4443567807949811,0.48808371448160953
"['V2.0', 'V2.5', 'V3.4', 'V3.6']",0.59778155,0.0549726,-2.243275539052884,0.4499878125263388,-1.793287726526545
"['V2.0', 'V2.5', 'V3.4', 'V3.7']",0.91124001,0.05489927,1.0659064548139947,0.3963613765704762,1.4622678313844708
"['V2.0', 'V2.5', 'V3.4', 'V3.8']",0.74550785,0.05479452,-0.6837285037596695,0.31975740593940594,-0.3639710978202636
"['V2.0', 'V2.5', 'V3.4', 'V1.2_copy']",0.68474227,0.05486602,-1.325230931809872,0.37204555773054343,-0.9531853740793286
"['V2.0', 'V2.5', 'V3.5', 'V3.6']",0.80453459,0.05572395,-0.060583015312294146,0.9994521880266165,0.9388691727143224
"['V2.0', 'V2.5', 'V3.5', 'V3.7']",0.76771216,0.05537665,-0.44931753001138314,0.7454707178579228,0.2961531878465397
"['V2.0', 'V2.5', 'V3.5', 'V3.8']",0.74487187,0.05566769,-0.6904425467127913,0.9583090912466244,0.2678665445338332
"['V2.0', 'V2.5', 'V3.5', 'V1.2_copy']",0.79145993,0.05577359,-0.19861224396329807,1.0357540601232853,0.8371418161599873
"['V2.0', 'V2.5', 'V3.6', 'V3.8']",0.63790215,0.05528311,-1.8197222328089389,0.6770646518643194,-1.1426575809446193
"['V2.0', 'V2.5', 'V3.6', 'V3.7']",0.84116247,0.05470608,0.32609763439649525,0.25508098433929166,0.5811786187357869
"['V2.0', 'V2.5', 'V3.6', 'V1.2_copy']",0.65726612,0.05569912,-1.6152967377887106,0.9812939389500559,-0.6340027988386547
"['V2.0', 'V2.5', 'V3.7', 'V3.8']",0.67846016,0.05488334,-1.3915511877554,0.3847117226119775,-1.0068394651434227
"['V2.0', 'V2.5', 'V3.7', 'V1.2_copy']",0.74251341,0.05564564,-0.7153408166948971,0.9421838640159347,0.22684304732103755
"['V2.0', 'V2.5', 'V3.8', 'V1.2_copy']",0.70259597,0.05571672,-1.136749362150208,0.9941648686217198,-0.14258449352848823
"['V2.0', 'V2.6', 'V2.7', 'V2.8']",0.91507864,0.05639082,1.1064308843576012,1.4871361011029076,2.593566985460509
"['V2.0', 'V2.6', 'V2.7', 'V3.1']",0.85519872,0.05603474,0.4742783718422604,1.226733792154827,1.7010121639970874
"['V2.0', 'V2.6', 'V2.7', 'V3.0']",0.83441941,0.05558042,0.25491112778389957,0.8944882939485482,1.149399421732448
"['V2.0', 'V2.6', 'V2.7', 'V3.2']",0.69103882,0.05663366,-1.2587582327368187,1.6647256784589846,0.4059674457221658
"['V2.0', 'V2.6', 'V2.7', 'V3.3']",0.78386909,0.05561673,-0.2787487668260864,0.9210418994245816,0.6422931325984952
"['V2.0', 'V2.6', 'V2.7', 'V3.4']",0.60087689,0.05546481,-2.210598024485576,0.8099423746678074,-1.4006556498177685
"['V2.0', 'V2.6', 'V2.7', 'V3.5']",0.73548128,0.05622028,-0.789579036248873,1.3624197177957675,0.5728406815468945
"['V2.0', 'V2.6', 'V2.7', 'V3.6']",0.49597821,0.05620977,-3.3180137344855667,1.354733725133883,-1.9632800093516838
"['V2.0', 'V2.6', 'V2.7', 'V1.2_copy']",0.75783621,0.05612599,-0.5535779666648698,1.293465174685473,0.7398872080206033
"['V2.0', 'V2.6', 'V2.7', 'V3.7']",0.7674206,0.05617841,-0.452395529890958,1.3318000686280076,0.8794045387370496
"['V2.0', 'V2.6', 'V2.7', 'V3.8']",0.70986772,0.05625726,-1.0599814734676005,1.3894632961627118,0.3294818226951113
"['V2.0', 'V2.6', 'V2.8', 'V3.0']",0.81377974,0.05567129,0.03701806366511842,0.9609417814067371,0.9979598450718555
"['V2.0', 'V2.6', 'V2.8', 'V3.1']",0.82965818,0.05610767,0.20464680700385543,1.2800677069817847,1.4847145139856401
"['V2.0', 'V2.6', 'V2.8', 'V3.3']",0.74329141,0.05577079,-0.7071274681343629,1.033706412220977,0.32657894408661403
"['V2.0', 'V2.6', 'V2.8', 'V3.4']",0.74252032,0.05556311,-0.7152678678021553,0.8818294420953379,0.16656157429318252
"['V2.0', 'V2.6', 'V2.8', 'V3.2']",0.78315602,0.05671242,-0.28627664916292606,1.7223230887396799,1.4360464395767538
"['V2.0', 'V2.6', 'V2.8', 'V3.5']",0.80398145,0.05630077,-0.06642251611277576,1.4212822819589654,1.3548597658461896
"['V2.0', 'V2.6', 'V2.8', 'V3.6']",0.66497149,0.05622687,-1.5339511213389834,1.3672390033944195,-0.16671211794456386
"['V2.0', 'V2.6', 'V2.8', 'V3.7']",0.8657896,0.0560939,0.5860863268587085,1.2699976671193547,1.8560839939780633
"['V2.0', 'V2.6', 'V2.8', 'V3.8']",0.83934917,0.05632116,0.3069546203286061,1.4361935465047189,1.743148166833325
"['V2.0', 'V2.6', 'V2.8', 'V1.2_copy']",0.82917168,0.05619385,0.19951082490269784,1.343091384203603,1.5426022091063007
"['V2.0', 'V2.6', 'V3.0', 'V3.1']",0.68485981,0.05507475,-1.3239900616430276,0.5246903958195456,-0.799299665823482
"['V2.0', 'V2.6', 'V3.0', 'V3.2']",0.546784,0.05582623,-2.7816568422447823,1.0742498406867171,-1.7074070015580651
"['V2.0', 'V2.6', 'V3.0', 'V3.3']",0.70053018,0.05473461,-1.1585579139790854,0.2759450538581925,-0.8826128601208929
"['V2.0', 'V2.6', 'V3.0', 'V3.4']",0.71253705,0.05465851,-1.0318013478723662,0.22029290908468793,-0.8115084387876783
"['V2.0', 'V2.6', 'V3.0', 'V3.5']",0.84495257,0.05538329,0.36610973257038065,0.7503265685976888,1.1164363011680694
"['V2.0', 'V2.6', 'V3.0', 'V3.6']",0.72055388,0.05532399,-0.9471676471775701,0.7069603112380486,-0.24020733593952148
"['V2.0', 'V2.6', 'V3.0', 'V3.7']",0.73533942,0.05521896,-0.7910766527357597,0.6301515758167434,-0.16092507691901625
"['V2.0', 'V2.6', 'V3.0', 'V3.8']",0.70855777,0.05537281,-1.0738106199288764,0.7426625150204703,-0.33114810490840607
"['V2.0', 'V2.6', 'V3.0', 'V1.2_copy']",0.69890073,0.05504262,-1.175760022991892,0.5011936361405371,-0.674566386851355
"['V2.0', 'V2.6', 'V3.1', 'V3.2']",0.67922685,0.05634108,-1.3834572389020878,1.4507610987240114,0.06730385982192355
"['V2.0', 'V2.6', 'V3.1', 'V3.3']",0.64621991,0.05517755,-1.7319116131137284,0.5998683259472208,-1.1320432871665076
"['V2.0', 'V2.6', 'V3.1', 'V3.4']",0.77018447,0.05511525,-0.4232173452045761,0.5543081601208176,0.13109081491624153
"['V2.0', 'V2.6', 'V3.1', 'V3.5']",0.65551374,0.05574569,-1.633796619216101,1.0153507113824103,-0.6184459078336908
"['V2.0', 'V2.6', 'V3.1', 'V3.6']",0.62832458,0.05518662,-1.9208326708204042,0.6065012425450613,-1.3143314282753429
"['V2.0', 'V2.6', 'V3.1', 'V3.7']",0.80064918,0.05453969,-0.10160130146986221,0.13339950774451032,0.031798206274648105
"['V2.0', 'V2.6', 'V3.1', 'V3.8']",0.69075696,0.05506433,-1.2617338296844702,0.5170702204116647,-0.7446636092728055
"['V2.0', 'V2.6', 'V3.1', 'V1.2_copy']",0.78923125,0.05572217,-0.22214042605827544,0.9981504690030052,0.7760100429447297
"['V2.0', 'V2.6', 'V3.2', 'V3.3']",0.59235783,0.05591607,-2.3005337689432994,1.1399500862379854,-1.160583682705314
"['V2.0', 'V2.6', 'V3.2', 'V3.4']",0.67997357,0.05559731,-1.3755741134045012,0.9068399986164113,-0.4687341147880899
"['V2.0', 'V2.6', 'V3.2', 'V3.5']",0.72260473,0.05644798,-0.9255168169778618,1.5289373704229265,0.6034205534450647
"['V2.0', 'V2.6', 'V3.2', 'V3.6']",0.55350118,0.05611912,-2.7107435508773627,1.2884411242965912,-1.4223024265807716
"['V2.0', 'V2.6', 'V3.2', 'V3.7']",0.7653731,0.05642203,-0.4740109941296401,1.5099600621854417,1.0359490680558014
"['V2.0', 'V2.6', 'V3.2', 'V1.2_copy']",0.66766913,0.05633157,-1.5054721269805753,1.443806408884376,-0.06166571809619925
"['V2.0', 'V2.6', 'V3.2', 'V3.8']",0.60175137,0.05649585,-2.201366136247508,1.5639448365242077,-0.6374212997233004
"['V2.0', 'V2.6', 'V3.3', 'V3.4']",0.72764508,0.05461386,-0.8723058254391839,0.1876402380710623,-0.6846655873681216
"['V2.0', 'V2.6', 'V3.3', 'V3.5']",0.64033218,0.0554067,-1.7940683981012822,0.7674463676666478,-1.0266220304346345
"['V2.0', 'V2.6', 'V3.3', 'V3.7']",0.74006848,0.05539336,-0.7411519507515916,0.7576907880177837,0.016538837266192097
"['V2.0', 'V2.6', 'V3.3', 'V3.6']",0.6610312,0.05547173,-1.5755487758371698,0.8150029901977979,-0.7605457856393719
"['V2.0', 'V2.6', 'V3.3', 'V3.8']",0.7219246,0.05535409,-0.9326969516262892,0.7289725261878821,-0.20372442543840708
"['V2.0', 'V2.6', 'V3.3', 'V1.2_copy']",0.69029124,0.05528108,-1.2666504372572367,0.6755801071351444,-0.5910703301220923
"['V2.0', 'V2.6', 'V3.4', 'V3.5']",0.68582728,0.05528635,-1.313776477668913,0.6794340730084173,-0.6343424046604956
"['V2.0', 'V2.6', 'V3.4', 'V3.6']",0.61682553,0.05527782,-2.0422281795157993,0.6731960599345939,-1.3690321195812054
"['V2.0', 'V2.6', 'V3.4', 'V3.7']",0.7868243,0.05524734,-0.2475506051299711,0.6509059499123031,0.40335534478233204
"['V2.0', 'V2.6', 'V3.4', 'V3.8']",0.64827386,0.05518857,-1.7102280562038183,0.6079272830484563,-1.102300773155362
"['V2.0', 'V2.6', 'V3.4', 'V1.2_copy']",0.70299258,0.05516261,-1.1325623490748946,0.5889426617827528,-0.5436196872921418
"['V2.0', 'V2.6', 'V3.5', 'V3.6']",0.66144443,0.05591824,-1.571186305367158,1.1415370133622778,-0.4296492920048802
"['V2.0', 'V2.6', 'V3.5', 'V3.7']",0.84236326,0.05559044,0.33877437837850566,0.9018159482275294,1.2405903266060352
"['V2.0', 'V2.6', 'V3.5', 'V3.8']",0.76811158,0.05595869,-0.4451008517568213,1.171118212522436,0.7260173607656146
"['V2.0', 'V2.6', 'V3.6', 'V3.7']",0.7357531,0.05490146,-0.7867094316142652,0.39796292975121106,-0.38874650186305415
"['V2.0', 'V2.6', 'V3.5', 'V1.2_copy']",0.77765831,0.05596654,-0.34431599172685573,1.1768589396771298,0.8325429479502742
"['V2.0', 'V2.6', 'V3.6', 'V3.8']",0.58074237,0.0555481,-2.42315821839182,0.8708525867333136,-1.5523056316585064
"['V2.0', 'V2.6', 'V3.6', 'V1.2_copy']",0.7363152,0.05586658,-0.7807753400642965,1.1037579095646528,0.3229825695003563
"['V2.0', 'V2.6', 'V3.7', 'V1.2_copy']",0.81240518,0.05583132,0.022506829221199644,1.0779721720519875,1.100479001273187
"['V2.0', 'V2.6', 'V3.7', 'V3.8']",0.72715032,0.05516471,-0.8775290083875265,0.590478397709484,-0.2870506106780425
"['V2.0', 'V2.6', 'V3.8', 'V1.2_copy']",0.82951596,0.05598036,0.20314538999578471,1.1869655446806737,1.3901109346764584
"['V2.0', 'V2.7', 'V2.8', 'V3.0']",0.94457702,0.05588375,1.4178453791019532,1.1163143790227508,2.534159758124704
"['V2.0', 'V2.7', 'V2.8', 'V3.2']",0.72437582,0.0569861,-0.9068194140188937,1.9224660451340574,1.0156466311151637
"['V2.0', 'V2.7', 'V2.8', 'V3.1']",0.86586989,0.05646138,0.5869339486529569,1.5387368282411231,2.12567077689408
"['V2.0', 'V2.7', 'V2.8', 'V3.4']",0.67892724,0.05583931,-1.386620222658157,1.083815281601799,-0.302804941056358
"['V2.0', 'V2.7', 'V2.8', 'V3.3']",0.71972131,0.05597248,-0.9559570914077046,1.1812028784413136,0.22524578703360898
"['V2.0', 'V2.7', 'V2.8', 'V3.5']",0.84689757,0.05653579,0.3866431039717172,1.59315307124502,1.979796175216737
"['V2.0', 'V2.7', 'V2.8', 'V3.6']",0.61461314,0.0564657,-2.065584388027163,1.5418960564332604,-0.5236883315939027
"['V2.0', 'V2.7', 'V2.8', 'V3.7']",0.8901051,0.05633129,0.8427851403852915,1.4436016440941464,2.286386784479438
"['V2.0', 'V2.7', 'V2.8', 'V3.8']",0.78879626,0.05661655,-0.22673261691990423,1.652213087170224,1.4254804702503199
"['V2.0', 'V2.7', 'V2.8', 'V1.2_copy']",0.86078675,0.05641696,0.53327122294345,1.5062523568766186,2.0395235798200684
"['V2.0', 'V2.7', 'V3.0', 'V3.1']",0.84965128,0.05544725,0.4157140295046609,0.7971006971090283,1.2128147266136893
"['V2.0', 'V2.7', 'V3.0', 'V3.2']",0.78506327,0.05612746,-0.26614180463583087,1.2945401898341835,1.0283983851983527
"['V2.0', 'V2.7', 'V3.0', 'V3.3']",0.79646019,0.05495661,-0.14582448268656392,0.4382942803985026,0.2924697977119387
"['V2.0', 'V2.7', 'V3.0', 'V3.4']",0.74650456,0.05495464,-0.6732062330093217,0.43685361383866006,-0.23635261917066164
"['V2.0', 'V2.7', 'V3.0', 'V3.5']",0.88742312,0.05563816,0.8144714686984244,0.9367137189054743,1.7511851876038986
"['V2.0', 'V2.7', 'V3.0', 'V3.6']",0.70556943,0.05558504,-1.1053585351440276,0.8978669129873629,-0.20749162215666472
"['V2.0', 'V2.7', 'V3.0', 'V3.7']",0.71886239,0.05547447,-0.9650247126745611,0.8170067599307738,-0.14801795274378737
"['V2.0', 'V2.7', 'V3.0', 'V3.8']",0.82187873,0.05568412,0.12251912775031812,0.9703243966162504,1.0928435243665684
"['V2.0', 'V2.7', 'V3.0', 'V1.2_copy']",0.84393882,0.05528837,0.35540757048395083,0.6809113047093736,1.0363188751933243
"['V2.0', 'V2.7', 'V3.1', 'V3.2']",0.72933146,0.05679827,-0.8545027062290111,1.7851054360301546,0.9306027298011434
"['V2.0', 'V2.7', 'V3.1', 'V3.3']",0.81277613,0.05554421,0.026422949592062255,0.8680078187547422,0.8944307683468045
"['V2.0', 'V2.7', 'V3.1', 'V3.4']",0.71307067,0.05557184,-1.0261679197761289,0.8882137157336111,-0.1379542040425178
"['V2.0', 'V2.7', 'V3.1', 'V3.5']",0.75464264,0.05615583,-0.5872924956654697,1.3152872509015194,0.7279947552360497
"['V2.0', 'V2.7', 'V3.1', 'V3.6']",0.68740701,0.05560235,-1.2970992628597438,0.9105257648405731,-0.3865734980191706
"['V2.0', 'V2.7', 'V3.1', 'V3.7']",0.98523789,0.0549536,1.8471023175140215,0.4360930589035157,2.2831953764175372
"['V2.0', 'V2.7', 'V3.1', 'V3.8']",0.80503892,0.05551381,-0.0552588018424561,0.8457762129582314,0.7905174111157752
"['V2.0', 'V2.7', 'V3.1', 'V1.2_copy']",0.84077552,0.05611173,0.3220126019729748,1.2830367964401346,1.6050493984131093
"['V2.0', 'V2.7', 'V3.2', 'V3.3']",0.89142796,0.05620072,0.8567505777590566,1.34811543459249,2.2048660123515464
"['V2.0', 'V2.7', 'V3.2', 'V3.5']",0.65753992,0.05676469,-1.6124062302875857,1.7605482872588782,0.14814205697129257
"['V2.0', 'V2.7', 'V3.2', 'V3.6']",0.65769578,0.05644091,-1.610760815754624,1.5237670594695898,-0.08699375628503425
"['V2.0', 'V2.7', 'V3.2', 'V3.4']",0.74415703,0.05596202,-0.6979891149454552,1.1735534509205428,0.4755643359750875
"['V2.0', 'V2.7', 'V3.2', 'V3.7']",0.75850381,0.05673327,-0.546530111267681,1.7375707525836706,1.1910406413159895
"['V2.0', 'V2.7', 'V3.2', 'V3.8']",0.75554423,0.05688381,-0.5777744070681785,1.847661079445733,1.2698866723775546
"['V2.0', 'V2.7', 'V3.3', 'V3.4']",0.75203611,0.05490224,-0.614809641454018,0.39853334595256806,-0.2162762955014499
"['V2.0', 'V2.7', 'V3.2', 'V1.2_copy']",0.89156399,0.05664257,0.8581866469167548,1.6712415866052652,2.52942823352202
"['V2.0', 'V2.7', 'V3.3', 'V3.5']",0.72007229,0.05564762,-0.9522517943925677,0.9436318436039959,-0.008619950788571806
"['V2.0', 'V2.7', 'V3.3', 'V3.6']",0.53511059,0.05572151,-2.904893070034026,0.997667809140318,-1.907225260893708
"['V2.0', 'V2.7', 'V3.3', 'V3.7']",0.84760047,0.05564989,0.39406362158508523,0.9452919010105106,1.339355522595596
"['V2.0', 'V2.7', 'V3.3', 'V1.2_copy']",0.75175672,0.05551625,-0.6177591626035395,0.8475605918445349,0.22980142924099545
"['V2.0', 'V2.7', 'V3.3', 'V3.8']",0.69361643,0.05566065,-1.2315463954834522,0.9531607193779589,-0.27838567610549336
"['V2.0', 'V2.7', 'V3.4', 'V3.5']",0.64825356,0.05560268,-1.710442363370629,0.9107670947719168,-0.7996752685987122
"['V2.0', 'V2.7', 'V3.4', 'V3.6']",0.67031455,0.05560682,-1.4775444193340344,0.9137946884560466,-0.5637497308779877
"['V2.0', 'V2.7', 'V3.4', 'V3.8']",0.71222893,0.05557278,-1.0350541717264434,0.888901140386533,-0.14615303133991042
"['V2.0', 'V2.7', 'V3.4', 'V3.7']",0.77665964,0.05557399,-0.354858954203654,0.889786016801456,0.534927062597802
"['V2.0', 'V2.7', 'V3.4', 'V1.2_copy']",0.73046337,0.05547293,-0.8425531286336974,0.8158805535845022,-0.02667257504919518
"['V2.0', 'V2.7', 'V3.5', 'V3.6']",0.74099502,0.05620332,-0.7313704649221864,1.350016821930348,0.6186463570081617
"['V2.0', 'V2.7', 'V3.5', 'V3.7']",0.74362837,0.05588083,-0.7035701803053678,1.1141789747817676,0.41060879447639986
"['V2.0', 'V2.7', 'V3.5', 'V3.8']",0.78038723,0.05629998,-0.31550677430550017,1.4207045527293847,1.1051977784238844
"['V2.0', 'V2.7', 'V3.5', 'V1.2_copy']",0.81709422,0.05623336,0.07200903993365468,1.3719851587108494,1.443994198644504
"['V2.0', 'V2.7', 'V3.6', 'V1.2_copy']",0.74931067,0.05613697,-0.6435821205039208,1.3014948796738188,0.657912759169898
"['V2.0', 'V2.7', 'V3.6', 'V3.8']",0.58374548,0.0558976,-2.3914543762380562,1.1264429231109607,-1.2650114531270955
"['V2.0', 'V2.7', 'V3.6', 'V3.7']",0.81062145,0.05517999,0.0036759857406309195,0.6016527048335193,0.6053286905741502
"['V2.0', 'V2.7', 'V3.7', 'V3.8']",0.74590205,0.05552359,-0.679566933062288,0.8529283545598727,0.1733614214975847
"['V2.0', 'V2.7', 'V3.7', 'V1.2_copy']",0.95792612,0.05609056,1.5587718717361871,1.2675551156930243,2.826326987429211
"['V2.0', 'V2.7', 'V3.8', 'V1.2_copy']",0.79300302,0.05630674,-0.18232183775471805,1.4256481598078206,1.2433263220531026
"['V2.0', 'V2.8', 'V3.0', 'V3.1']",0.75455006,0.05547561,-0.5882698630301668,0.8178404451481456,0.22957058211797876
"['V2.0', 'V2.8', 'V3.0', 'V3.2']",0.78537455,0.05616011,-0.2628556206513534,1.3184172269807666,1.055561606329413
"['V2.0', 'V2.8', 'V3.0', 'V3.3']",0.7367001,0.05506393,-0.7767119494975226,0.51677769928276,-0.2599342502147627
"['V2.0', 'V2.8', 'V3.0', 'V3.4']",0.76819166,0.05501187,-0.4442554469332636,0.47870607435623524,0.03445062742297167
"['V2.0', 'V2.8', 'V3.0', 'V3.5']",0.97415675,0.05567061,1.7301186860640432,0.9604444954876077,2.690563181551651
"['V2.0', 'V2.8', 'V3.0', 'V3.6']",0.82015196,0.05555508,0.1042896111772147,0.8759570804326416,0.9802466916098563
"['V2.0', 'V2.8', 'V3.0', 'V3.7']",0.80948269,0.05534509,-0.008345907327228537,0.7223908007875978,0.7140448934603693
"['V2.0', 'V2.8', 'V3.0', 'V1.2_copy']",0.88280331,0.05531249,0.7657001193238178,0.6985503287821283,1.464250448105946
"['V2.0', 'V2.8', 'V3.0', 'V3.8']",0.76993683,0.05570429,-0.42583168149960277,0.9850747745411064,0.5592430930415035
"['V2.0', 'V2.8', 'V3.1', 'V3.2']",0.7888635,0.05679537,-0.22602276401860533,1.7829846578456188,1.5569618938270136
"['V2.0', 'V2.8', 'V3.1', 'V3.3']",0.72260265,0.05563514,-0.9255387755447076,0.9345051843822687,0.008966408837561057
"['V2.0', 'V2.8', 'V3.1', 'V3.4']",0.76605575,0.05559625,-0.4668042558329189,0.9060648176248245,0.4392605617919056
"['V2.0', 'V2.8', 'V3.1', 'V3.5']",0.87564172,0.05616249,0.690095190123766,1.3201577276977328,2.0102529178214987
"['V2.0', 'V2.8', 'V3.1', 'V3.6']",0.67662379,0.05553734,-1.4109377518892168,0.8629837683658603,-0.5479539835233564
"['V2.0', 'V2.8', 'V3.1', 'V3.8']",0.89564358,0.055519,0.9012548919734027,0.8495716746057294,1.750826566579132
"['V2.0', 'V2.8', 'V3.1', 'V3.7']",0.87102412,0.05479995,0.6413471717264329,0.3237283802642438,0.9650755519906766
"['V2.0', 'V2.8', 'V3.1', 'V1.2_copy']",0.78628067,0.05610906,-0.25328970882915314,1.2810842179047202,1.0277945090755671
"['V2.0', 'V2.8', 'V3.2', 'V3.3']",0.90638858,0.05629921,1.014689892337086,1.4201414495562514,2.4348313418933376
"['V2.0', 'V2.8', 'V3.2', 'V3.4']",0.62178014,0.05600763,-1.989922345439306,1.2069081726435327,-0.7830141727957733
"['V2.0', 'V2.8', 'V3.2', 'V3.5']",0.67604053,0.05678974,-1.4170952296288277,1.778867422956331,0.3617721933275033
"['V2.0', 'V2.8', 'V3.2', 'V3.6']",0.75978009,0.05639279,-0.533056419107219,1.488576767662745,0.955520348555526
"['V2.0', 'V2.8', 'V3.2', 'V3.7']",0.86822474,0.05655759,0.6117941078531823,1.609095472770146,2.2208895806233286
"['V2.0', 'V2.8', 'V3.2', 'V3.8']",0.80278299,0.05688106,-0.07907466227711836,1.8456499966845337,1.7665753344074153
"['V2.0', 'V2.8', 'V3.3', 'V3.4']",0.74302518,0.0550225,-0.7099380591205731,0.4864798233567948,-0.22345823576377827
"['V2.0', 'V2.8', 'V3.2', 'V1.2_copy']",0.85046772,0.0566514,0.42433318927170877,1.6776989905257609,2.1020321797974697
"['V2.0', 'V2.8', 'V3.3', 'V3.5']",0.79635733,0.05574642,-0.14691037604509466,1.0158845624426536,0.8689741863975589
"['V2.0', 'V2.8', 'V3.3', 'V3.6']",0.78784429,0.05575121,-0.23678256734300507,1.0193875029612518,0.7826049356182467
"['V2.0', 'V2.8', 'V3.3', 'V3.8']",0.74309706,0.05574217,-0.709179221724003,1.0127765254480776,0.30359730372407456
"['V2.0', 'V2.8', 'V3.3', 'V3.7']",0.91078868,0.05558154,1.0611417625185886,0.8953073531094725,1.956449115628061
"['V2.0', 'V2.8', 'V3.3', 'V1.2_copy']",0.75139849,0.0556004,-0.6215409978925375,0.9090997243371781,0.28755872644464064
"['V2.0', 'V2.8', 'V3.4', 'V3.7']",0.90237194,0.05546042,0.9722862106376178,0.8067319552781139,1.7790181659157316
"['V2.0', 'V2.8', 'V3.4', 'V3.6']",0.68396554,0.05558775,-1.333430872976227,0.8998487436356674,-0.4335821293405596
"['V2.0', 'V2.8', 'V3.4', 'V3.5']",0.89123384,0.05564999,0.854701252280174,0.9453650312927382,1.8000662835729122
"['V2.0', 'V2.8', 'V3.4', 'V3.8']",0.81532929,0.0555999,0.053376668114959905,0.9087340729260509,0.9621107410410108
"['V2.0', 'V2.8', 'V3.4', 'V1.2_copy']",0.82132932,0.05550662,0.11671900457211354,0.8405181456662297,0.9572371502383432
"['V2.0', 'V2.8', 'V3.5', 'V3.6']",0.86878263,0.0561575,0.6176837544192958,1.3165085266146845,1.9341922810339804
"['V2.0', 'V2.8', 'V3.5', 'V3.7']",0.75033189,0.05573563,-0.6328010976029058,1.0079938049905393,0.37519270738763344
"['V2.0', 'V2.8', 'V3.5', 'V3.8']",0.84308686,0.05630526,0.3464134259600009,1.4245658316308865,1.7709792575908874
"['V2.0', 'V2.8', 'V3.5', 'V1.2_copy']",0.90808009,0.05624297,1.0325471689741428,1.379012978832707,2.41156014780685
"['V2.0', 'V2.8', 'V3.6', 'V3.8']",0.8126494,0.05583249,0.025085060564970764,1.0788277963540256,1.1039128569189964
"['V2.0', 'V2.8', 'V3.6', 'V1.2_copy']",0.85750131,0.05608123,0.4985868220504887,1.2607320603614014,1.7593188824118902
"['V2.0', 'V2.8', 'V3.6', 'V3.7']",0.87948759,0.05494889,0.7306960523712003,0.4326486226107024,1.1633446749819027
"['V2.0', 'V2.8', 'V3.7', 'V3.8']",0.78281697,0.05535582,-0.2898560011287993,0.7302376800703797,0.4403816789415804
"['V2.0', 'V2.8', 'V3.7', 'V1.2_copy']",1.04105543,0.0559321,2.4363682709993544,1.1516728704787116,3.588041141478066
"['V2.0', 'V2.8', 'V3.8', 'V1.2_copy']",0.83207281,0.05629996,0.23013806386082683,1.4206899266729422,1.650827990533769
"['V2.0', 'V3.0', 'V3.1', 'V3.2']",0.74455088,0.05570588,-0.6938312391992254,0.9862375460284917,0.29240630682926627
"['V2.0', 'V3.0', 'V3.1', 'V3.3']",0.59104198,0.05439093,-2.3144252017239935,0.024610899906054008,-2.2898143018179393
"['V2.0', 'V3.0', 'V3.1', 'V3.5']",0.89650119,0.05503925,0.9103086835659474,0.49872914562954046,1.409037829195488
"['V2.0', 'V3.0', 'V3.1', 'V3.4']",0.67666842,0.05447336,-1.4104665928323306,0.08489219154442333,-1.3255744012879072
"['V2.0', 'V3.0', 'V3.1', 'V3.6']",0.83445872,0.0544472,0.25532612358327583,0.06576130971426984,0.3210874332975457
"['V2.0', 'V3.0', 'V3.1', 'V3.8']",0.79679508,0.05437739,-0.14228904785438232,0.014709059692740048,-0.12757998816164226
"['V2.0', 'V3.0', 'V3.1', 'V3.7']",1.00607239,0.05375735,2.0670522025840223,-0.4387279422174092,1.6283242603666133
"['V2.0', 'V3.0', 'V3.1', 'V1.2_copy']",0.73214257,0.05475849,-0.824825808707154,0.2934085652536074,-0.5314172434535467
"['V2.0', 'V3.0', 'V3.2', 'V3.3']",0.79049441,0.05520119,-0.20880524178099463,0.6171563246652959,0.4083510828843013
"['V2.0', 'V3.0', 'V3.2', 'V3.6']",0.70695326,0.05543382,-1.0907494372796,0.7872793002061657,-0.3034701370734344
"['V2.0', 'V3.0', 'V3.2', 'V3.5']",0.70930819,0.0558142,-1.0658884335191119,1.0654522677350085,-0.0004361657841034372
"['V2.0', 'V3.0', 'V3.2', 'V3.4']",0.6828541,0.05504564,-1.345164348714171,0.5034021706637427,-0.8417621780504282
"['V2.0', 'V3.0', 'V3.2', 'V3.7']",0.76423177,0.05564433,-0.4860600186959583,0.9412258573187792,0.4551658386228209
"['V2.0', 'V3.0', 'V3.3', 'V3.4']",0.63970259,0.05390979,-1.8007149818033743,-0.3272481399930653,-2.1279631217964394
"['V2.0', 'V3.0', 'V3.2', 'V3.8']",0.82594155,0.05587809,0.16541033186177295,1.1121752050487919,1.2775855369105649
"['V2.0', 'V3.0', 'V3.2', 'V1.2_copy']",0.8222599,0.05543905,0.126543140694816,0.7911040139665485,0.9176471546613645
"['V2.0', 'V3.0', 'V3.3', 'V3.5']",0.83690534,0.05461595,0.2811550989755329,0.18916866096957477,0.47032375994510767
"['V2.0', 'V3.0', 'V3.3', 'V3.7']",0.78264535,0.05450121,-0.2916677940336301,0.10525897514418955,-0.18640881888944053
"['V2.0', 'V3.0', 'V3.3', 'V3.6']",0.60928614,0.05463793,-2.1218215445592556,0.2052426970027084,-1.9165788475565473
"['V2.0', 'V3.0', 'V3.3', 'V3.8']",0.75521883,0.05458361,-0.5812096559391274,0.1655183276978876,-0.41569132824123983
"['V2.0', 'V3.0', 'V3.3', 'V1.2_copy']",0.67476464,0.05424537,-1.4305648045580053,-0.08183753890118423,-1.5124023434591896
"['V2.0', 'V3.0', 'V3.4', 'V3.5']",0.77674138,0.05465403,-0.3539960247546327,0.21701667244099074,-0.13697935231364197
"['V2.0', 'V3.0', 'V3.4', 'V3.7']",0.80606071,0.0544847,-0.04447176144956541,0.09318516554877866,0.04871340409921325
"['V2.0', 'V3.0', 'V3.4', 'V3.6']",0.63095471,0.05459529,-1.893066379754184,0.17405994466181024,-1.7190064350923737
"['V2.0', 'V3.0', 'V3.4', 'V3.8']",0.68428941,0.05456966,-1.3300117763203139,0.15531665332745015,-1.1746951229928637
"['V2.0', 'V3.0', 'V3.4', 'V1.2_copy']",0.62020476,0.05427687,-2.0065536372841586,-0.058801500000196606,-2.0653551372843553
"['V2.0', 'V3.0', 'V3.5', 'V3.6']",0.90728816,0.05516533,1.024186761357762,0.590931805459281,1.615118566817043
"['V2.0', 'V3.0', 'V3.5', 'V3.7']",0.78728245,0.05477968,-0.24271391407211962,0.3089048720571603,0.06619095798504065
"['V2.0', 'V3.0', 'V3.5', 'V3.8']",0.83543712,0.05526357,0.26565509560336265,0.6627749947174791,0.9284300903208418
"['V2.0', 'V3.0', 'V3.5', 'V1.2_copy']",0.91561653,0.05499908,1.112109390857891,0.46935271125961203,1.581462102117503
"['V2.0', 'V3.0', 'V3.6', 'V3.7']",0.94603888,0.05404083,1.4332782399331916,-0.23141821816494787,1.2018600217682438
"['V2.0', 'V3.0', 'V3.6', 'V3.8']",0.7885958,0.0548171,-0.22884887379965405,0.33627022366589426,0.10742134986624022
"['V2.0', 'V3.0', 'V3.6', 'V1.2_copy']",0.89294791,0.05485015,0.8727966949114786,0.36043978194137716,1.2332364768528556
"['V2.0', 'V3.0', 'V3.7', 'V3.8']",0.79547102,0.05438048,-0.15626715363209606,0.016968785413506896,-0.13929836821858915
"['V2.0', 'V3.0', 'V3.7', 'V1.2_copy']",0.93415663,0.05473732,1.3078372875766189,0.277926884506497,1.585764172083116
"['V2.0', 'V3.0', 'V3.8', 'V1.2_copy']",0.76287353,0.05502912,-0.5003989628461644,0.4913210480401131,-0.009077914806051246
"['V2.0', 'V3.1', 'V3.2', 'V3.3']",0.76190384,0.05585255,-0.5106359833675848,1.0934977309684355,0.5828617476008507
"['V2.0', 'V3.1', 'V3.2', 'V3.4']",0.67510156,0.05569916,-1.4270079390091428,0.9813231910629459,-0.44568474794619695
"['V2.0', 'V3.1', 'V3.2', 'V3.5']",0.61515594,0.0563749,-2.059854046640713,1.4754937601726275,-0.5843602864680857
"['V2.0', 'V3.1', 'V3.2', 'V3.6']",0.65921017,0.05546653,-1.5947733955404995,0.8112002155220812,-0.7835731800184182
"['V2.0', 'V3.1', 'V3.2', 'V3.7']",0.97108598,0.05513971,1.6977005570675994,0.5721958271531447,2.2698963842207442
"['V2.0', 'V3.1', 'V3.2', 'V3.8']",0.63669273,0.05573528,-1.8324900837293516,1.0077378490027482,-0.8247522347266034
"['V2.0', 'V3.1', 'V3.3', 'V3.4']",0.74728701,0.05449184,-0.6649459057841413,0.0984066676996717,-0.5665392380844696
"['V2.0', 'V3.1', 'V3.2', 'V1.2_copy']",0.85025277,0.05632659,0.42206396141427005,1.4401645208295568,1.8622284822438269
"['V2.0', 'V3.1', 'V3.3', 'V3.5']",0.76248341,0.05511026,-0.5045174609701183,0.5506589590377745,0.04614149806765622
"['V2.0', 'V3.1', 'V3.3', 'V3.6']",0.63940628,0.05463197,-1.8038431274485822,0.20088413218207718,-1.602958995266505
"['V2.0', 'V3.1', 'V3.3', 'V3.7']",0.73869396,0.05394201,-0.7556627629153789,-0.30368556306005307,-1.059348325975432
"['V2.0', 'V3.1', 'V3.3', 'V3.8']",0.72708833,0.05439955,-0.8781834370215471,0.030914730233881086,-0.847268706787666
"['V2.0', 'V3.1', 'V3.3', 'V1.2_copy']",0.6428279,0.05505414,-1.7677210738474294,0.5096182446528998,-1.2581028291945295
"['V2.0', 'V3.1', 'V3.4', 'V3.5']",0.74987373,0.05515722,-0.6376378942307908,0.5850009395708049,-0.05263695465998586
"['V2.0', 'V3.1', 'V3.4', 'V3.6']",0.83247764,0.05460498,0.23441185550319374,0.18114626900944789,0.4155581245126416
"['V2.0', 'V3.1', 'V3.4', 'V3.8']",0.83945571,0.05440381,0.30807936345924786,0.03403008025668089,0.3421094437159288
"['V2.0', 'V3.1', 'V3.4', 'V3.7']",0.79050348,0.05396884,-0.2087094897611431,-0.2840647083389888,-0.4927741981001319
"['V2.0', 'V3.1', 'V3.5', 'V3.6']",0.80721319,0.05506173,-0.032305026296551076,0.5151688330738063,0.48286380677725527
"['V2.0', 'V3.1', 'V3.4', 'V1.2_copy']",0.70972797,0.0550925,-1.0614568146775423,0.5376710209145508,-0.5237857937629915
"['V2.0', 'V3.1', 'V3.5', 'V3.7']",0.71463856,0.05411744,-1.0096156998859271,-0.17539310895209234,-1.1850088088380195
"['V2.0', 'V3.1', 'V3.5', 'V3.8']",0.80042804,0.0549907,-0.10393587717767232,0.46322439360912987,0.35928851643145754
"['V2.0', 'V3.1', 'V3.5', 'V1.2_copy']",0.93423633,0.05573766,1.3086786807389246,1.0094783497197142,2.3181570304586385
"['V2.0', 'V3.1', 'V3.6', 'V3.7']",0.84891085,0.05284895,0.40789730755777553,-1.1030434259526267,-0.6951461183948512
"['V2.0', 'V3.1', 'V3.6', 'V3.8']",0.87325452,0.05402043,0.664893511867072,-0.24633679573891998,0.41855671612815204
"['V2.0', 'V3.1', 'V3.6', 'V1.2_copy']",0.77071234,0.05509318,-0.4176446198772633,0.5381683068336802,0.12052368695641691
"['V2.0', 'V3.1', 'V3.7', 'V3.8']",0.72144088,0.05303954,-0.9378035852582975,-0.9636644210593006,-1.9014680063175982
"['V2.0', 'V3.1', 'V3.7', 'V1.2_copy']",0.94953779,0.05446734,1.4702162443187197,0.08048974855445967,1.5507059928731795
"['V2.0', 'V3.1', 'V3.8', 'V1.2_copy']",0.80282821,0.05508888,-0.07859727458829067,0.5350237046979904,0.45642643010969974
"['V2.0', 'V3.2', 'V3.3', 'V3.4']",0.70347469,0.05503664,-1.127472712218186,0.49682044526345837,-0.6306522669547276
"['V2.0', 'V3.2', 'V3.3', 'V3.8']",0.74112325,0.05589689,-0.7300167403901583,1.12592369810716,0.3959069577170018
"['V2.0', 'V3.2', 'V3.3', 'V3.7']",0.7730097,0.05586678,-0.3933913827962475,1.1039041701291028,0.7105127873328553
"['V2.0', 'V3.2', 'V3.3', 'V3.6']",0.67966293,0.05561893,-1.3788535409068725,0.9226507656335352,-0.4562027752733373
"['V2.0', 'V3.2', 'V3.3', 'V3.5']",0.7035213,0.05587485,-1.1269806502947837,1.1098057839046889,-0.0171748663900948
"['V2.0', 'V3.2', 'V3.3', 'V1.2_copy']",0.86605557,0.05571698,0.588894173024062,0.9943550073555072,1.5832491803795692
"['V2.0', 'V3.2', 'V3.4', 'V3.6']",0.74774419,0.05534732,-0.660119455019481,0.7240216060812226,0.06390215106174157
"['V2.0', 'V3.2', 'V3.4', 'V3.5']",0.7396369,0.05567282,-0.745708142231997,0.962060674724785,0.21635253249278796
"['V2.0', 'V3.2', 'V3.4', 'V3.7']",0.81756679,0.05562198,0.07699796297896565,0.9248812392414121,1.0018792022203777
"['V2.0', 'V3.2', 'V3.4', 'V3.8']",0.73921296,0.05564335,-0.7501836782072582,0.9405091805529723,0.1903255023457141
"['V2.0', 'V3.2', 'V3.5', 'V3.6']",0.64883207,0.05602027,-1.704335031396651,1.2161518403168148,-0.4881831910798362
"['V2.0', 'V3.2', 'V3.4', 'V1.2_copy']",0.7829773,0.05552046,-0.2881633967911246,0.850639376726221,0.5624759799350965
"['V2.0', 'V3.2', 'V3.5', 'V3.7']",0.71982379,0.05601363,-0.9548752097104247,1.211295989577054,0.25642077986662937
"['V2.0', 'V3.2', 'V3.5', 'V3.8']",0.63693141,0.05646086,-1.8299703381838146,1.5383565507735535,-0.2916137874102611
"['V2.0', 'V3.2', 'V3.6', 'V3.7']",0.79820475,0.05490387,-0.12740715702491032,0.3997253695528433,0.272318212527933
"['V2.0', 'V3.2', 'V3.5', 'V1.2_copy']",0.7597148,0.05636982,-0.5337456858520998,1.4717787418355808,0.938033055983481
"['V2.0', 'V3.2', 'V3.6', 'V3.8']",0.7009715,0.05570985,-1.1538988972866242,0.9891408182328378,-0.16475807905378637
"['V2.0', 'V3.2', 'V3.6', 'V1.2_copy']",0.81692365,0.05593731,0.07020833188227903,1.155482958182652,1.225691290064931
"['V2.0', 'V3.2', 'V3.7', 'V3.8']",0.87765743,0.05564331,0.7113750472278219,0.9404799284400823,1.6518549756679042
"['V2.0', 'V3.2', 'V3.7', 'V1.2_copy']",1.00255755,0.05620136,2.029946025136066,1.3485834683987294,3.3785294935347956
"['V2.0', 'V3.2', 'V3.8', 'V1.2_copy']",0.84171012,0.05645746,0.33187917724890775,1.5358701211778905,1.8677492984267983
"['V2.0', 'V3.3', 'V3.4', 'V3.5']",0.77226454,0.05458358,-0.4012580393687003,0.16549638861322138,-0.23576165075547892
"['V2.0', 'V3.3', 'V3.4', 'V3.6']",0.68421958,0.05464855,-1.330748971860136,0.21300913297503918,-1.1177398388850968
"['V2.0', 'V3.3', 'V3.4', 'V3.7']",0.72426161,0.05456432,-0.9080251293647789,0.151411496256616,-0.7566136331081629
"['V2.0', 'V3.3', 'V3.4', 'V3.8']",0.78975224,0.05446276,-0.2166403329136064,0.07714038162853501,-0.1394999512850714
"['V2.0', 'V3.3', 'V3.4', 'V1.2_copy']",0.63437245,0.05442661,-1.8569852873258015,0.050703784604066555,-1.806281502721735
"['V2.0', 'V3.3', 'V3.5', 'V3.6']",0.73937417,0.05528137,-0.7484817837066875,0.6757921849535979,-0.07268959875308956
"['V2.0', 'V3.3', 'V3.5', 'V3.7']",0.9164668,0.05491317,1.1210856940462794,0.4065264857997999,1.5276121798460793
"['V2.0', 'V3.3', 'V3.5', 'V1.2_copy']",0.89785052,0.05521362,0.9245535648168299,0.6262464187459094,1.5507999835627393
"['V2.0', 'V3.3', 'V3.5', 'V3.8']",0.70675732,0.05521798,-1.0928179765044732,0.6294348990509366,-0.4633830774535366
"['V2.0', 'V3.3', 'V3.6', 'V3.7']",0.77880739,0.05427299,-0.3321851503850312,-0.061638954950539136,-0.39382410533557033
"['V2.0', 'V3.3', 'V3.6', 'V3.8']",0.660427,0.05488362,-1.5819273172256987,0.38491648740220735,-1.1970108298234914
"['V2.0', 'V3.3', 'V3.6', 'V1.2_copy']",0.68182108,0.05518837,-1.3560699442540218,0.6077810224840066,-0.7482889217700153
"['V2.0', 'V3.3', 'V3.7', 'V3.8']",0.68435586,0.05445165,-1.3293102634516147,0.06901560727329575,-1.260294656178319
"['V2.0', 'V3.3', 'V3.7', 'V1.2_copy']",0.88154269,0.05510492,0.7523917498348953,0.5467538019669403,1.2991455518018356
"['V2.0', 'V3.3', 'V3.8', 'V1.2_copy']",0.78742106,0.0552028,-0.24125060784592933,0.6183337222091287,0.3770831143631994
"['V2.0', 'V3.4', 'V3.5', 'V3.6']",0.89023099,0.05520327,0.8441141615296184,0.6186774345355847,1.4627915960652031
"['V2.0', 'V3.4', 'V3.5', 'V3.7']",0.77188821,0.05486031,-0.40523095641726886,0.3678698186154758,-0.037361137801793065
"['V2.0', 'V3.4', 'V3.5', 'V3.8']",0.81726524,0.05516405,0.07381449863651178,0.5899957378467968,0.6638102364833086
"['V2.0', 'V3.4', 'V3.6', 'V3.7']",0.83184333,0.0541658,0.22771544274556776,-0.14002730446790784,0.08768813827765992
"['V2.0', 'V3.4', 'V3.5', 'V1.2_copy']",0.89775603,0.05520848,0.9235560335758473,0.6224875222395251,1.5460435558153725
"['V2.0', 'V3.4', 'V3.6', 'V3.8']",0.74120727,0.05475725,-0.729129740973634,0.2925017497540132,-0.4366279912196208
"['V2.0', 'V3.4', 'V3.6', 'V1.2_copy']",0.72591908,0.05510877,-0.8905272131197532,0.5495693178326166,-0.3409578952871366
"['V2.0', 'V3.4', 'V3.7', 'V1.2_copy']",0.85193711,0.05505527,0.43984554433772965,0.5104446168420479,0.9502901611797776
"['V2.0', 'V3.4', 'V3.7', 'V3.8']",0.77018293,0.05437101,-0.4232336029896442,0.010043347686761565,-0.4131902553028826
"['V2.0', 'V3.4', 'V3.8', 'V1.2_copy']",0.73889805,0.05514722,-0.7535081841136829,0.5776879113482661,-0.17582027276541679
"['V2.0', 'V3.5', 'V3.6', 'V3.7']",0.99264303,0.05433627,1.925278404865639,-0.015362112358329025,1.90991629250731
"['V2.0', 'V3.5', 'V3.6', 'V3.8']",0.8223577,0.05535703,0.1275756156166922,0.7311225564853078,0.858698172102
"['V2.0', 'V3.5', 'V3.6', 'V1.2_copy']",0.90923682,0.0557581,1.044758771391144,1.0244261794065763,2.0691849507977205
"['V2.0', 'V3.5', 'V3.7', 'V3.8']",0.73156327,0.05467778,-0.8309414807137327,0.23438511446951704,-0.5965563662442157
"['V2.0', 'V3.5', 'V3.7', 'V1.2_copy']",0.89568407,0.05544134,0.901682345036663,0.7927786974295108,1.6944610424661737
"['V2.0', 'V3.5', 'V3.8', 'V1.2_copy']",0.87947786,0.05592436,0.7305933327291767,1.146012586634469,1.8766059193636457
"['V2.0', 'V3.6', 'V3.7', 'V3.8']",0.77828232,0.05355681,-0.33772831610312903,-0.5853834101921553,-0.9231117262952844
"['V2.0', 'V3.6', 'V3.7', 'V1.2_copy']",1.05414326,0.05462046,2.574536535383704,0.19246683669793818,2.7670033720816423
"['V2.0', 'V3.6', 'V3.8', 'V1.2_copy']",0.8346745,0.05542847,0.2576041137534457,0.7833668301071077,1.0409709438605534
"['V2.0', 'V3.7', 'V3.8', 'V1.2_copy']",0.94346033,0.05505156,1.4060564790967298,0.507731483371484,1.9137879624682137
"['V2.1', 'V2.2', 'V2.3', 'V2.4']",0.83760149,0.05283947,0.2885043568166838,-1.1099761767075909,-0.821471819890907
"['V2.1', 'V2.2', 'V2.3', 'V2.5']",0.76244745,0.05228188,-0.5048970908084685,-1.5177433173680006,-2.022640408176469
"['V2.1', 'V2.2', 'V2.3', 'V2.6']",0.83863124,0.05244194,0.29937543095577257,-1.400690987638084,-1.1013155566823114
"['V2.1', 'V2.2', 'V2.3', 'V3.0']",1.00020454,0.05154557,2.0051052908218967,-2.056208898421588,-0.05110360759969135
"['V2.1', 'V2.2', 'V2.3', 'V2.8']",0.74539054,0.053106,-0.6849669458157566,-0.915062035492325,-1.6000289813080815
"['V2.1', 'V2.2', 'V2.3', 'V2.7']",0.83124193,0.05305314,0.22136646096625495,-0.9537187026766542,-0.7323522417103991
"['V2.1', 'V2.2', 'V2.3', 'V3.1']",0.85521066,0.05043734,0.4744044224615575,-2.866660625127751,-2.3922562026661933
"['V2.1', 'V2.2', 'V2.3', 'V3.3']",0.82633117,0.05136046,0.16952355148408063,-2.1915803638489626,-2.022056812364882
"['V2.1', 'V2.2', 'V2.3', 'V3.4']",0.81016192,0.05144247,-0.001175273981762917,-2.1316062193959406,-2.1327814933777036
"['V2.1', 'V2.2', 'V2.3', 'V3.2']",0.80958266,0.05264952,-0.007290523708209062,-1.2488871477946724,-1.2561776715028814
"['V2.1', 'V2.2', 'V2.3', 'V3.5']",0.79627992,0.05245238,-0.147727593669864,-1.3930561861737556,-1.5407837798436197
"['V2.1', 'V2.2', 'V2.3', 'V3.6']",0.8821266,0.05086526,0.7585560896266459,-2.5537215214289652,-1.7951654318023194
"['V2.1', 'V2.2', 'V2.3', 'V3.7']",0.99624429,0.05010293,1.9632969185380191,-3.111215601917594,-1.147918683379575
"['V2.1', 'V2.2', 'V2.3', 'V3.8']",0.81764207,0.05125687,0.07779269418672548,-2.2673360232062136,-2.189543329019488
"['V2.1', 'V2.2', 'V2.3', 'V1.2_copy']",0.88728583,0.05219108,0.8130220977165793,-1.5841456136286334,-0.7711235159120541
"['V2.1', 'V2.2', 'V2.4', 'V2.7']",0.59930274,0.05415321,-2.2272163312163804,-0.14923440700008114,-2.3764507382164615
"['V2.1', 'V2.2', 'V2.4', 'V2.5']",0.69457051,0.05347871,-1.2214741697834064,-0.6424981606101686,-1.8639723303935751
"['V2.1', 'V2.2', 'V2.4', 'V2.6']",0.66352117,0.05349955,-1.5492621543522413,-0.6272578097944017,-2.1765199641466433
"['V2.1', 'V2.2', 'V2.4', 'V2.8']",0.81349692,0.05433661,0.03403233199430793,-0.015113469398761724,0.018918862595546204
"['V2.1', 'V2.2', 'V2.4', 'V3.0']",0.76963505,0.05293708,-0.4290175739528141,-1.0385937082274135,-1.4676112821802276
"['V2.1', 'V2.2', 'V2.4', 'V3.1']",0.79491188,0.05297493,-0.1621699964523242,-1.0109138964051085,-1.1730838928574328
"['V2.1', 'V2.2', 'V2.4', 'V3.2']",0.8330479,0.0533238,0.2404320922000189,-0.7557842808054823,-0.5153521886054634
"['V2.1', 'V2.2', 'V2.4', 'V3.3']",0.85456289,0.05255141,0.46756591243963214,-1.3206352676859767,-0.8530693552463446
"['V2.1', 'V2.2', 'V2.4', 'V3.4']",0.65968066,0.05252465,-1.5898064310620343,-1.3402049312094848,-2.930011362271519
"['V2.1', 'V2.2', 'V2.4', 'V3.5']",0.68744557,0.0536325,-1.296692184812837,-0.5300310995757793,-1.8267232843886163
"['V2.1', 'V2.2', 'V2.4', 'V3.6']",0.75501915,0.05281956,-0.5833176783563098,-1.1245364158986595,-1.7078540942549694
"['V2.1', 'V2.2', 'V2.4', 'V3.7']",0.9569292,0.05307102,1.5482473840151487,-0.9406430082147554,0.6076043758003933
"['V2.1', 'V2.2', 'V2.4', 'V3.8']",0.77590256,0.05324317,-0.36285145025533694,-0.8147492273637927,-1.1776006776191297
"['V2.1', 'V2.2', 'V2.5', 'V2.6']",0.66788214,0.05311156,-1.5032233797095225,-0.9109959918005934,-2.414219371510116
"['V2.1', 'V2.2', 'V2.4', 'V1.2_copy']",0.80425448,0.053476,-0.06354013750418597,-0.6444799912584731,-0.7080201287626591
"['V2.1', 'V2.2', 'V2.5', 'V2.7']",0.78709565,0.05366563,-0.24468596228691053,-0.5058030370745165,-0.750488999361427
"['V2.1', 'V2.2', 'V2.5', 'V3.0']",0.73025569,0.05238054,-0.844745607077208,-1.4455929809244552,-2.290338588001663
"['V2.1', 'V2.2', 'V2.5', 'V2.8']",0.82962694,0.05382319,0.20431700622103924,-0.3905789644002307,-0.18626195817919147
"['V2.1', 'V2.2', 'V2.5', 'V3.1']",0.76920581,0.0524011,-0.43354906204551835,-1.4305573948989232,-1.8641064569444414
"['V2.1', 'V2.2', 'V2.5', 'V3.2']",0.68443731,0.05333118,-1.3284503955335492,-0.7503872659772494,-2.0788376615107986
"['V2.1', 'V2.2', 'V2.5', 'V3.4']",0.7186688,0.0518508,-0.9670684429416995,-1.832993337985104,-2.8000617809268036
"['V2.1', 'V2.2', 'V2.5', 'V3.5']",0.81923939,0.05316833,0.09465560668378645,-0.8694799305812555,-0.774824323897469
"['V2.1', 'V2.2', 'V2.5', 'V3.3']",0.82452703,0.05208338,0.15047723956633932,-1.6629069275853532,-1.5124296880190138
"['V2.1', 'V2.2', 'V2.5', 'V3.6']",0.72437476,0.05250387,-0.9068306044423823,-1.3554014038559143,-2.2622320082982967
"['V2.1', 'V2.2', 'V2.5', 'V3.8']",0.7391799,0.05263994,-0.7505326927360647,-1.2558930288318588,-2.0064257215679238
"['V2.1', 'V2.2', 'V2.6', 'V2.7']",0.85172865,0.05366026,0.43764483143165034,-0.5097301332300167,-0.07208530179836636
"['V2.1', 'V2.2', 'V2.5', 'V3.7']",0.85632707,0.05246173,0.48619036650585856,-1.3862185047856852,-0.9000281382798266
"['V2.1', 'V2.2', 'V2.5', 'V1.2_copy']",0.73529793,0.05296354,-0.7915146628023103,-1.0192434355505777,-1.810758098352888
"['V2.1', 'V2.2', 'V2.6', 'V2.8']",0.81790616,0.053909,0.0805806931858926,-0.327825869222646,-0.2472451760367534
"['V2.1', 'V2.2', 'V2.6', 'V3.0']",0.75587274,0.05254618,-0.5743063259169943,-1.3244599814463647,-1.898766307363359
"['V2.1', 'V2.2', 'V2.6', 'V3.1']",0.8089239,0.05249682,-0.014245055196303785,-1.3605570887528036,-1.3748021439491074
"['V2.1', 'V2.2', 'V2.6', 'V3.2']",0.69690822,0.05337946,-1.1967949576195926,-0.7150799657188448,-1.9118749233384373
"['V2.1', 'V2.2', 'V2.6', 'V3.4']",0.66911209,0.05213441,-1.4902387935115404,-1.625588544565749,-3.115827338077289
"['V2.1', 'V2.2', 'V2.6', 'V3.3']",0.80956312,0.05228855,-0.007496807552519059,-1.5128655275435685,-1.5203623350960875
"['V2.1', 'V2.2', 'V2.6', 'V3.5']",0.74309394,0.05333559,-0.7092121595742717,-0.7471622205311084,-1.4563743801053801
"['V2.1', 'V2.2', 'V2.6', 'V3.6']",0.74025237,0.05266178,-0.7392106234163776,-1.2399213751938425,-1.97913199861022
"['V2.1', 'V2.2', 'V2.6', 'V3.8']",0.77712339,0.05288364,-0.3499631439273714,-1.0776745310486449,-1.4276376749760162
"['V2.1', 'V2.2', 'V2.6', 'V3.7']",0.81031732,0.05267079,0.0004652843296860855,-1.2333323367653344,-1.2328670524356482
"['V2.1', 'V2.2', 'V2.6', 'V1.2_copy']",0.76585882,0.0531095,-0.46888324649105,-0.9125024756144398,-1.3813857221054897
"['V2.1', 'V2.2', 'V2.7', 'V2.8']",0.82715735,0.05438293,0.1782455364631843,0.018760477328029112,0.1970060137912134
"['V2.1', 'V2.2', 'V2.7', 'V3.0']",0.96176256,0.05305044,1.599273181442586,-0.95569322029674,0.643579961145846
"['V2.1', 'V2.2', 'V2.7', 'V3.1']",0.8738448,0.0531559,0.6711250997697866,-0.878570024661869,-0.20744492489208233
"['V2.1', 'V2.2', 'V2.7', 'V3.3']",0.89096371,0.05278136,0.8518494889811278,-1.1524721837087504,-0.3006226947276226
"['V2.1', 'V2.2', 'V2.7', 'V3.2']",0.61247029,0.05396366,-2.088206462529659,-0.287852856958263,-2.376059319487922
"['V2.1', 'V2.2', 'V2.7', 'V3.5']",0.76488567,0.0538719,-0.4791567942438586,-0.35495720392825514,-0.8341139981721137
"['V2.1', 'V2.2', 'V2.7', 'V3.6']",0.8653995,0.05318625,0.5819680398748203,-0.8563749840064718,-0.27440694413165156
"['V2.1', 'V2.2', 'V2.7', 'V3.4']",0.76283739,0.05272567,-0.5007804929451082,-1.193198437880054,-1.6939789308251623
"['V2.1', 'V2.2', 'V2.7', 'V3.7']",0.97112007,0.05318616,1.6980604453097954,-0.8564408012604705,0.8416196440493249
"['V2.1', 'V2.2', 'V2.7', 'V3.8']",0.81639526,0.05348576,0.06463011691325421,-0.6373424757132793,-0.5727123588000251
"['V2.1', 'V2.2', 'V2.7', 'V1.2_copy']",0.92945564,0.05362842,1.2582089206748346,-0.5330148150905717,0.7251941055842629
"['V2.1', 'V2.2', 'V2.8', 'V3.0']",0.91933243,0.05324593,1.151338159387571,-0.8127308315743744,0.33860732781319647
"['V2.1', 'V2.2', 'V2.8', 'V3.1']",0.82645858,0.05333305,0.17086861927340985,-0.7490197296996344,-0.5781511104262245
"['V2.1', 'V2.2', 'V2.8', 'V3.2']",0.79239395,0.05413962,-0.18875179174927434,-0.15917281235450884,-0.3479246041037832
"['V2.1', 'V2.2', 'V2.8', 'V3.3']",0.85252272,0.05305097,0.44602783103507404,-0.9553056298009416,-0.5092777987658675
"['V2.1', 'V2.2', 'V2.8', 'V3.5']",0.77463141,0.05405801,-0.376270984988915,-0.2188544356786312,-0.5951254206675461
"['V2.1', 'V2.2', 'V2.8', 'V3.4']",0.74429859,0.05291449,-0.6964946655595566,-1.0551138389821206,-1.7516085045416774
"['V2.1', 'V2.2', 'V2.8', 'V3.6']",0.81601639,0.05330789,0.060630385076327294,-0.7674193087075385,-0.7067889236312112
"['V2.1', 'V2.2', 'V2.8', 'V1.2_copy']",0.91008536,0.05379643,1.0537168109638382,-0.41014862792373885,0.6435681830400993
"['V2.1', 'V2.2', 'V2.8', 'V3.8']",0.75270099,0.05364661,-0.6077905011057813,-0.519712416753782,-1.1275029178595632
"['V2.1', 'V2.2', 'V2.8', 'V3.7']",0.94830958,0.05321364,1.457250027306464,-0.8363445997049428,0.6209054276015211
"['V2.1', 'V2.2', 'V3.0', 'V3.1']",0.89352707,0.05176917,0.8789108889375962,-1.8926895873656688,-1.0137786984280726
"['V2.1', 'V2.2', 'V3.0', 'V3.3']",0.77944392,0.05148364,-0.32546530108009947,-2.1014984822037577,-2.426963783283857
"['V2.1', 'V2.2', 'V3.0', 'V3.4']",0.6733694,0.05147847,-1.4452943578299855,-2.105279317794808,-3.5505736756247934
"['V2.1', 'V2.2', 'V3.0', 'V3.2']",0.73313482,0.05272487,-0.8143506221914858,-1.1937834801378586,-2.008134102329344
"['V2.1', 'V2.2', 'V3.0', 'V3.5']",0.96835014,0.05260227,1.6688182851834688,-1.2834412061461564,0.38537707903731233
"['V2.1', 'V2.2', 'V3.0', 'V3.6']",0.86065154,0.05186797,0.5318438105284495,-1.8204368685270111,-1.2885930579985616
"['V2.1', 'V2.2', 'V3.0', 'V3.8']",0.90303524,0.05216961,0.979288670920655,-1.5998466852224211,-0.6205580143017662
"['V2.1', 'V2.2', 'V3.0', 'V3.7']",0.948762,0.05179784,1.4620262267354578,-1.8717231354516606,-0.4096969087162028
"['V2.1', 'V2.2', 'V3.0', 'V1.2_copy']",0.868178,0.05210978,0.6113006735193522,-1.6436005330778547,-1.0322998595585025
"['V2.1', 'V2.2', 'V3.1', 'V3.2']",0.8069992,0.05285686,-0.034564119430829744,-1.0972588206286005,-1.1318229400594302
"['V2.1', 'V2.2', 'V3.1', 'V3.3']",0.93382666,0.0515468,1.3043537932006295,-2.0553093959502173,-0.7509556027495878
"['V2.1', 'V2.2', 'V3.1', 'V3.4']",0.81846078,0.05156141,0.08643581835124396,-2.044625061717088,-1.9581892433658439
"['V2.1', 'V2.2', 'V3.1', 'V3.5']",0.86547961,0.05258143,0.5828137614084761,-1.2986815569619232,-0.7158677955534472
"['V2.1', 'V2.2', 'V3.1', 'V3.7']",0.85540839,0.05064528,0.4764918587223218,-2.7145935162683243,-2.2381016575460024
"['V2.1', 'V2.2', 'V3.1', 'V3.6']",0.81573547,0.05130306,0.05766471171177002,-2.2335571458463215,-2.1758924341345516
"['V2.1', 'V2.2', 'V3.1', 'V1.2_copy']",0.839895,0.05243874,0.31271694943502826,-1.403031156669297,-1.0903142072342686
"['V2.1', 'V2.2', 'V3.1', 'V3.8']",0.69348922,0.05143577,-1.232889351872122,-2.1365059483050386,-3.3693953001771604
"['V2.1', 'V2.2', 'V3.2', 'V3.3']",0.8625174,0.05248675,0.5515417006893227,-1.3679213081728985,-0.8163796074835757
"['V2.1', 'V2.2', 'V3.2', 'V3.4']",0.75550098,0.0522477,-0.5782309974605223,-1.5427392478326316,-2.120970245293154
"['V2.1', 'V2.2', 'V3.2', 'V3.6']",0.79854185,0.05245748,-0.12384839121545518,-1.3893265417802614,-1.5131749329957165
"['V2.1', 'V2.2', 'V3.2', 'V3.5']",0.64369138,0.05350208,-1.7586053126455647,-0.6254076136540996,-2.3840129262996643
"['V2.1', 'V2.2', 'V3.2', 'V3.7']",0.8746276,0.05274737,0.6793891219461187,-1.1773291666371501,-0.4979400446910315
"['V2.1', 'V2.2', 'V3.2', 'V3.8']",0.66258654,0.05311814,-1.5591290463382734,-0.9061840192301651,-2.4653130655684388
"['V2.1', 'V2.2', 'V3.3', 'V3.4']",0.85840452,0.05113138,0.508122012993112,-2.359107214370828,-1.850985201377716
"['V2.1', 'V2.2', 'V3.2', 'V1.2_copy']",0.76796436,0.05324707,-0.44665505378134823,-0.8118971463570026,-1.258552200138351
"['V2.1', 'V2.2', 'V3.3', 'V3.5']",0.90260118,0.05230551,0.9747062980720871,-1.5004626316781493,-0.5257563336060622
"['V2.1', 'V2.2', 'V3.3', 'V3.6']",0.94911942,0.05168534,1.4657995108517903,-1.9539947029551923,-0.488195192103402
"['V2.1', 'V2.2', 'V3.3', 'V3.7']",1.06994309,0.05159776,2.741335392693721,-2.0180422041281694,0.7232931885655516
"['V2.1', 'V2.2', 'V3.3', 'V1.2_copy']",0.93926806,0.05205116,1.3617986709092325,-1.6864695045183653,-0.32467083360913285
"['V2.1', 'V2.2', 'V3.3', 'V3.8']",0.73310186,0.05183321,-0.8146985810199626,-1.8458569546285493,-2.6605555356485118
"['V2.1', 'V2.2', 'V3.4', 'V3.5']",0.82726618,0.05226681,0.17939445513136243,-1.5287640508993674,-1.349369595768005
"['V2.1', 'V2.2', 'V3.4', 'V3.6']",0.91365902,0.05157674,1.0914439513453815,-2.0334141894519386,-0.9419702381065571
"['V2.1', 'V2.2', 'V3.4', 'V3.8']",0.79455964,0.05174153,-0.165888595291608,-1.9129027973727615,-2.0787913926643693
"['V2.1', 'V2.2', 'V3.4', 'V1.2_copy']",0.73827834,0.05200722,-0.7600504646232568,-1.7186029505281901,-2.478653415151447
"['V2.1', 'V2.2', 'V3.4', 'V3.7']",0.86214807,0.05151736,0.5476426826637933,-2.076838951037364,-1.5291962683735707
"['V2.1', 'V2.2', 'V3.5', 'V3.6']",0.75351404,0.05260921,-0.599207129579891,-1.2783659645597183,-1.8775730941396094
"['V2.1', 'V2.2', 'V3.5', 'V3.7']",0.94731999,0.05227201,1.4468029224195496,-1.5249612762236457,-0.07815835380409619
"['V2.1', 'V2.2', 'V3.5', 'V3.8']",0.86368955,0.05290244,0.5639160920970747,-1.0639260379902766,-0.5000099458932019
"['V2.1', 'V2.2', 'V3.5', 'V1.2_copy']",0.99552053,0.05321721,1.955656181835997,-0.8337338486294963,1.1219223332065007
"['V2.1', 'V2.2', 'V3.6', 'V3.7']",0.94131035,0.0508035,1.3833591331607678,-2.5988867837313516,-1.2155276505705839
"['V2.1', 'V2.2', 'V3.6', 'V3.8']",0.94426133,0.05178171,1.414512638732962,-1.8835190499746093,-0.4690064112416472
"['V2.1', 'V2.2', 'V3.6', 'V1.2_copy']",0.88465495,0.05242551,0.7852478888978908,-1.41270629300771,-0.6274584041098191
"['V2.1', 'V2.2', 'V3.7', 'V3.8']",0.87249329,0.05139405,0.6568572042517297,-2.1670159020494624,-1.5101586977977326
"['V2.1', 'V2.2', 'V3.7', 'V1.2_copy']",1.09431193,0.05239138,2.9985973167758555,-1.437665658331227,1.5609316584446284
"['V2.1', 'V2.2', 'V3.8', 'V1.2_copy']",0.95067501,0.05279828,1.4822218796015099,-1.140098539956216,0.34212333964529384
"['V2.1', 'V2.3', 'V2.4', 'V2.5']",0.7413021,0.0554608,-0.728128620351532,0.807009850350566,0.07888122999903402
"['V2.1', 'V2.3', 'V2.4', 'V2.6']",0.66419227,0.05550864,-1.542177349443533,0.8419953773671809,-0.700181972076352
"['V2.1', 'V2.3', 'V2.4', 'V2.7']",0.89907346,0.05599016,0.9374641464217405,1.1941323123387575,2.131596458760498
"['V2.1', 'V2.3', 'V2.4', 'V3.0']",0.76430153,0.05478658,-0.4853235621463655,0.3139508615307135,-0.17137270061565202
"['V2.1', 'V2.3', 'V2.4', 'V2.8']",0.78912304,0.05604367,-0.22328279938441414,1.23326432635755,1.0099815269731358
"['V2.1', 'V2.3', 'V2.4', 'V3.1']",0.84972087,0.05413632,0.41644869136369334,-0.16158611166794423,0.2548625796957491
"['V2.1', 'V2.3', 'V2.4', 'V3.2']",0.82343068,0.05558036,0.13890306900805796,0.8944444157792157,1.0333474847872737
"['V2.1', 'V2.3', 'V2.4', 'V3.3']",0.99035578,0.0545562,1.9011318990878976,0.14547331733991614,2.046605216427814
"['V2.1', 'V2.3', 'V2.4', 'V3.5']",0.84794157,0.05555813,0.3976646154077051,0.8781875540405135,1.2758521694482186
"['V2.1', 'V2.3', 'V2.4', 'V3.4']",0.70457518,0.05485039,-1.11585483566628,0.360615294618717,-0.7552395410475631
"['V2.1', 'V2.3', 'V2.4', 'V3.6']",0.89230502,0.05448913,0.8660097030656151,0.09642483705136212,0.9624345401169772
"['V2.1', 'V2.3', 'V2.4', 'V3.8']",0.78639617,0.05471837,-0.252070374949023,0.2640686960247927,0.011998321075769702
"['V2.1', 'V2.3', 'V2.4', 'V1.2_copy']",0.77230361,0.05537703,-0.40084557725011377,0.7457486129303802,0.3449030356802664
"['V2.1', 'V2.3', 'V2.4', 'V3.7']",0.86750353,0.05407371,0.6041802915095531,-0.2073729813692486,0.3968073101403045
"['V2.1', 'V2.3', 'V2.5', 'V2.6']",0.74781879,0.05493696,-0.65933190257396,0.42392417994121623,-0.2354077226327438
"['V2.1', 'V2.3', 'V2.5', 'V2.7']",0.81604116,0.05532372,0.060891882047849795,0.7067628594760375,0.7676547415238872
"['V2.1', 'V2.3', 'V2.5', 'V2.8']",0.81014104,0.05535775,-0.0013957042104826758,0.7316490945173273,0.7302533903068447
"['V2.1', 'V2.3', 'V2.5', 'V3.0']",0.85482799,0.05406501,0.470364574012123,-0.2137353159228556,0.2566292580892674
"['V2.1', 'V2.3', 'V2.5', 'V3.1']",0.87450348,0.05342634,0.6780787866976185,-0.6807964894115893,-0.002717702713970871
"['V2.1', 'V2.3', 'V2.5', 'V3.2']",0.85722328,0.0554065,0.49565165842544384,0.7673001071021928,1.2629517655276365
"['V2.1', 'V2.3', 'V2.5', 'V3.3']",0.8130603,0.05391433,0.02942293321731479,-0.3239280251800306,-0.2945050919627158
"['V2.1', 'V2.3', 'V2.5', 'V3.4']",0.73430573,0.05396766,-0.8019893214678149,-0.2849276456692455,-1.0869169671370604
"['V2.1', 'V2.3', 'V2.5', 'V3.5']",0.81080207,0.05489868,0.005582791675083881,0.3959299079053453,0.40151269958042923
"['V2.1', 'V2.3', 'V2.5', 'V3.6']",0.85621538,0.05401377,0.4850112548082672,-0.25120727253512826,0.23380398227313892
"['V2.1', 'V2.3', 'V2.5', 'V3.7']",0.8695738,0.05337736,0.6260361387131748,-0.716615701645576,-0.09057956293240121
"['V2.1', 'V2.3', 'V2.5', 'V3.8']",0.67829606,0.05395516,-1.393283591995482,-0.2940689309474151,-1.6873525229428972
"['V2.1', 'V2.3', 'V2.5', 'V1.2_copy']",0.78525915,0.05470091,-0.26407389883115495,0.2513001487482412,-0.01277375008291376
"['V2.1', 'V2.3', 'V2.6', 'V2.8']",0.81819649,0.0554639,0.08364570795141972,0.8092768890995516,0.8929225970509713
"['V2.1', 'V2.3', 'V2.6', 'V2.7']",0.91809944,0.05534554,1.1383214798995842,0.7227198870576113,1.8610413669571955
"['V2.1', 'V2.3', 'V2.6', 'V3.0']",0.82523944,0.0542563,0.1579981542810058,-0.07384439905395236,0.08415375522705344
"['V2.1', 'V2.3', 'V2.6', 'V3.1']",0.81243582,0.05354357,0.02283029580204213,-0.595065859558797,-0.5722355637567549
"['V2.1', 'V2.3', 'V2.6', 'V3.3']",0.80248516,0.05414369,-0.08221885456732864,-0.15619640986793515,-0.23841526443526379
"['V2.1', 'V2.3', 'V2.6', 'V3.2']",0.76241402,0.05548742,-0.5052500114284925,0.8264771314789618,0.3212271200504694
"['V2.1', 'V2.3', 'V2.6', 'V3.5']",0.87758328,0.05509708,0.7105922454337812,0.5410203878404702,1.2516126332742514
"['V2.1', 'V2.3', 'V2.6', 'V3.4']",0.81752174,0.05429116,0.07652236998069828,-0.04835118267019186,0.02817118731050642
"['V2.1', 'V2.3', 'V2.6', 'V3.6']",0.83951389,0.05418826,0.30869356991072866,-0.12360224308008948,0.18509132683063917
"['V2.1', 'V2.3', 'V2.6', 'V3.7']",0.73649407,0.0535608,-0.7788870088856032,-0.5824655119313666,-1.36135252081697
"['V2.1', 'V2.3', 'V2.6', 'V3.8']",0.67659634,0.05421872,-1.4112275416295588,-0.10132675911424621,-1.512554300743805
"['V2.1', 'V2.3', 'V2.6', 'V1.2_copy']",0.76350893,0.05487196,-0.49369104295495175,0.37638949649472714,-0.11730154646022461
"['V2.1', 'V2.3', 'V2.7', 'V3.0']",1.00637697,0.05459337,2.07026765464645,0.1726558432430865,2.2429234978895365
"['V2.1', 'V2.3', 'V2.7', 'V2.8']",0.96413229,0.05578069,1.6242904288517834,1.0409463101612884,2.665236739013072
"['V2.1', 'V2.3', 'V2.7', 'V3.1']",0.86102907,0.0540046,0.5358293959809667,-0.25791331941519624,0.27791607656577044
"['V2.1', 'V2.3', 'V2.7', 'V3.2']",0.85450352,0.05589907,0.46693914315423496,1.1275179382596763,1.5944570814139112
"['V2.1', 'V2.3', 'V2.7', 'V3.3']",0.93028549,0.0544743,1.266969649856017,0.08557961619734529,1.3525492660533622
"['V2.1', 'V2.3', 'V2.7', 'V3.4']",0.8527926,0.05471454,0.4488769550832971,0.26126780621555884,0.710144761298856
"['V2.1', 'V2.3', 'V2.7', 'V3.5']",0.82103563,0.05547645,0.113618518275528,0.818454739518835,0.932073257794363
"['V2.1', 'V2.3', 'V2.7', 'V3.7']",0.96336208,0.05392568,1.616159319346887,-0.31562773814745654,1.3005315811994305
"['V2.1', 'V2.3', 'V2.7', 'V3.6']",0.82733841,0.05455798,0.18015698747908412,0.1467750363635275,0.32693202384261166
"['V2.1', 'V2.3', 'V2.7', 'V3.8']",0.86060126,0.05464868,0.5313130044029697,0.21310420234193284,0.7444172067449025
"['V2.1', 'V2.3', 'V2.7', 'V1.2_copy']",0.8235186,0.05521793,0.13983124073741834,0.6293983339098229,0.7692295746472413
"['V2.1', 'V2.3', 'V2.8', 'V3.0']",0.9471905,0.05466285,1.4454358960633757,0.22346676333326768,1.6689026593966434
"['V2.1', 'V2.3', 'V2.8', 'V3.1']",0.85028253,0.05406527,0.42237813783221534,-0.21354517718906826,0.20883296064314708
"['V2.1', 'V2.3', 'V2.8', 'V3.2']",0.79951292,0.05593389,-0.11359680202949356,1.1529819025305468,1.0393851005010533
"['V2.1', 'V2.3', 'V2.8', 'V3.3']",0.90799137,0.05461517,1.0316105516421492,0.18859824476821271,1.2202087964103618
"['V2.1', 'V2.3', 'V2.8', 'V3.4']",0.84419359,0.05478847,0.3580971782124444,0.315333023864771,0.6734302020772154
"['V2.1', 'V2.3', 'V2.8', 'V3.5']",0.92218447,0.05552607,1.1814471550541363,0.8547419855590612,2.036189140613198
"['V2.1', 'V2.3', 'V2.8', 'V3.6']",0.87162892,0.05453006,0.6477320473169367,0.1263570615662051,0.7740891088831418
"['V2.1', 'V2.3', 'V2.8', 'V3.7']",1.06903785,0.0537832,2.7317787710344166,-0.4198237642621517,2.3119550067722647
"['V2.1', 'V2.3', 'V2.8', 'V3.8']",0.81359931,0.05468331,0.03511326356129149,0.23842921907657727,0.27354248263786873
"['V2.1', 'V2.3', 'V3.0', 'V3.1']",0.87935306,0.05270555,0.7292758187184387,-1.2079122506638014,-0.47863643194536265
"['V2.1', 'V2.3', 'V2.8', 'V1.2_copy']",0.93077772,0.05526012,1.2721661235860322,0.6602519999807076,1.9324181235667397
"['V2.1', 'V2.3', 'V3.0', 'V3.2']",0.8621578,0.05467416,0.5477454023058157,0.2317377982529568,0.7794832005587725
"['V2.1', 'V2.3', 'V3.0', 'V3.3']",1.04176887,0.05320533,2.4439000594274125,-0.8424217261578688,1.6014783332695437
"['V2.1', 'V2.3', 'V3.0', 'V3.4']",0.83306198,0.05348335,0.24058073480635894,-0.6391049155149116,-0.3985241807085526
"['V2.1', 'V2.3', 'V3.0', 'V3.5']",0.9083463,0.05422848,1.035357548820287,-0.09418924356904732,0.9411683052512397
"['V2.1', 'V2.3', 'V3.0', 'V3.7']",1.03325162,0.05260725,2.3539834231456447,-1.2797993180913319,1.0741841050543128
"['V2.1', 'V2.3', 'V3.0', 'V3.6']",0.88316374,0.05328539,0.7695051800200559,-0.7838736222082417,-0.014368442188185893
"['V2.1', 'V2.3', 'V3.0', 'V3.8']",0.89469846,0.05338572,0.8912772570228464,-0.7105020100515362,0.1807752469713102
"['V2.1', 'V2.3', 'V3.0', 'V1.2_copy']",0.98697429,0.05374242,1.8654334980288199,-0.4496462933536586,1.4157872046751612
"['V2.1', 'V2.3', 'V3.1', 'V3.2']",0.78910346,0.05411791,-0.22348950550885555,-0.17504939662563643,-0.39853890213449195
"['V2.1', 'V2.3', 'V3.1', 'V3.3']",0.84792504,0.05260757,0.3974901081433018,-1.2795653011882122,-0.8820751930449104
"['V2.1', 'V2.3', 'V3.1', 'V3.4']",0.84338375,0.05292171,0.34954769466711805,-1.0498338326054526,-0.7002861379383345
"['V2.1', 'V2.3', 'V3.1', 'V3.6']",0.91073307,0.05205687,1.0605546875655665,-1.6822937654032977,-0.6217390778377312
"['V2.1', 'V2.3', 'V3.1', 'V3.5']",0.90057451,0.05353134,0.9533107362119598,-0.6040096930749606,0.3493010431369993
"['V2.1', 'V2.3', 'V3.1', 'V3.7']",0.80263681,0.05080551,-0.0806178850182224,-2.5974168650586242,-2.6780347500768467
"['V2.1', 'V2.3', 'V3.1', 'V3.8']",0.78001976,0.05201927,-0.3193861563049089,-1.709790751520034,-2.029176907824943
"['V2.1', 'V2.3', 'V3.1', 'V1.2_copy']",0.89380156,0.05341311,0.8818086807709912,-0.6904716257500073,0.19133705502098386
"['V2.1', 'V2.3', 'V3.2', 'V3.3']",0.91511831,0.0545918,1.1068496806781616,0.17150769781214875,1.2783573784903104
"['V2.1', 'V2.3', 'V3.2', 'V3.4']",0.87394267,0.05465598,0.6721583136818946,0.21844271294438578,0.8906010266262804
"['V2.1', 'V2.3', 'V3.2', 'V3.5']",0.73567115,0.0555209,-0.7875745780339771,0.8509611499680108,0.06338657193403363
"['V2.1', 'V2.3', 'V3.2', 'V3.8']",0.82092973,0.05468449,0.11250053162699257,0.23929215640683907,0.3517926880338316
"['V2.1', 'V2.3', 'V3.2', 'V3.6']",0.86067358,0.05421623,0.5320764868809876,-0.1031477031416584,0.42892878373932924
"['V2.1', 'V2.3', 'V3.2', 'V3.7']",0.87182982,0.05387796,0.6498529492781333,-0.3505255088253964,0.2993274404527369
"['V2.1', 'V2.3', 'V3.3', 'V3.4']",0.95801172,0.05328283,1.5596755512179121,-0.7857457574332102,0.773929793784702
"['V2.1', 'V2.3', 'V3.2', 'V1.2_copy']",0.88855942,0.05524452,0.826467391538187,0.6488436759535474,1.4753110674917345
"['V2.1', 'V2.3', 'V3.3', 'V3.5']",0.82205041,0.05407721,0.12433155407534724,-0.20481342149135826,-0.08048186741601102
"['V2.1', 'V2.3', 'V3.3', 'V3.6']",0.8443233,0.05322967,0.3594665271093423,-0.8246218154642166,-0.46515528835487435
"['V2.1', 'V2.3', 'V3.3', 'V3.7']",0.98354791,0.05254463,1.8292611930920006,-1.325593500820855,0.5036676922711456
"['V2.1', 'V2.3', 'V3.4', 'V3.5']",0.77793921,0.05432708,-0.34135052950236416,-0.022082785294839476,-0.36343331479720364
"['V2.1', 'V2.3', 'V3.3', 'V1.2_copy']",0.98421959,0.05381977,1.8363521210626181,-0.393080020052336,1.4432721010102822
"['V2.1', 'V2.3', 'V3.3', 'V3.8']",0.83433506,0.05318329,0.25402064455628937,-0.8585396403603399,-0.6045189958040506
"['V2.1', 'V2.3', 'V3.4', 'V3.8']",0.88704298,0.05338598,0.8104583294673171,-0.710311871317749,0.10014645814956813
"['V2.1', 'V2.3', 'V3.4', 'V3.6']",0.86264201,0.05341594,0.5528572088694358,-0.6884020387630277,-0.13554482989359196
"['V2.1', 'V2.3', 'V3.4', 'V3.7']",0.8504687,0.0527906,0.42434353513493334,-1.1457149456311262,-0.7213714104961928
"['V2.1', 'V2.3', 'V3.4', 'V1.2_copy']",0.90032095,0.05406259,0.9506339024574495,-0.21550506875270656,0.7351288337047429
"['V2.1', 'V2.3', 'V3.5', 'V3.6']",0.92776751,0.05405944,1.2403873267089018,-0.21780867264280582,1.022578654066096
"['V2.1', 'V2.3', 'V3.5', 'V3.8']",0.86905069,0.05414718,0.6205136647215285,-0.15364416301826858,0.4668695017032599
"['V2.1', 'V2.3', 'V3.5', 'V3.7']",0.95654847,0.05312184,1.544228016152099,-0.90347819878783,0.640749817364269
"['V2.1', 'V2.3', 'V3.5', 'V1.2_copy']",0.89550116,0.05489467,0.8997513635646737,0.3929973835881091,1.2927487471527828
"['V2.1', 'V2.3', 'V3.6', 'V3.8']",0.79181326,0.05282264,-0.1948821379904277,-1.1222840032061214,-1.3171661411965492
"['V2.1', 'V2.3', 'V3.6', 'V3.7']",0.86991207,0.05142387,0.6296072562164817,-2.1452084518898538,-1.515601195673372
"['V2.1', 'V2.3', 'V3.6', 'V1.2_copy']",0.95246919,0.05387654,1.5011630437664714,-0.35156395883299807,1.1495990849334734
"['V2.1', 'V2.3', 'V3.7', 'V3.8']",0.78196736,0.05182489,-0.2988253366950145,-1.851941394109699,-2.1507667308047136
"['V2.1', 'V2.3', 'V3.8', 'V1.2_copy']",0.91290038,0.05405712,1.0834349863685637,-0.21950529519043435,0.8639296911781293
"['V2.1', 'V2.4', 'V2.5', 'V2.6']",0.824637,0.05551443,0.1516381932182689,0.8462296207080285,0.9978678139262974
"['V2.1', 'V2.3', 'V3.7', 'V1.2_copy']",1.09909762,0.05324504,3.049119861856403,-0.8133816910861776,2.235738170770225
"['V2.1', 'V2.4', 'V2.5', 'V2.7']",0.89482128,0.05592132,0.8925738681670695,1.1437894260548158,2.0363632942218852
"['V2.1', 'V2.4', 'V2.5', 'V3.0']",0.91273253,0.05497686,1.0816629933661401,0.45310316254913857,1.5347661559152788
"['V2.1', 'V2.4', 'V2.5', 'V2.8']",0.90714885,0.05606654,1.0227160652292682,1.249989221902492,2.2727052871317603
"['V2.1', 'V2.4', 'V2.5', 'V3.1']",0.79604739,0.05539859,-0.15018241364516116,0.7615155017781665,0.6113330881330054
"['V2.1', 'V2.4', 'V2.5', 'V3.2']",0.75261107,0.05558519,-0.6087397868417234,0.8979766084106989,0.28923682156897557
"['V2.1', 'V2.4', 'V2.5', 'V3.5']",0.78243806,0.05556086,-0.2938561552458576,0.8801840107452655,0.5863278554994079
"['V2.1', 'V2.4', 'V2.5', 'V3.4']",0.78334162,0.05454384,-0.28431726935208373,0.13643441445686397,-0.14788285489521977
"['V2.1', 'V2.4', 'V2.5', 'V3.3']",0.88515969,0.05459833,0.7905764307390789,0.17628310524146334,0.9668595359805423
"['V2.1', 'V2.4', 'V2.5', 'V3.6']",0.84606514,0.055385,0.3778551377220438,0.7515770964237388,1.1294322341457828
"['V2.1', 'V2.4', 'V2.5', 'V3.7']",0.88431237,0.05568472,0.7816312707103988,0.970763178309605,1.7523944490200039
"['V2.1', 'V2.4', 'V2.6', 'V2.7']",0.80185455,0.05583555,-0.08887620641277671,1.0810655829901212,0.9921893765773445
"['V2.1', 'V2.4', 'V2.5', 'V1.2_copy']",0.86619713,0.0554839,0.5903886224099607,0.8239029455446291,1.4142915679545898
"['V2.1', 'V2.4', 'V2.5', 'V3.8']",0.82004041,0.05539606,0.10311197746008446,0.7596653056378644,0.8627772830979489
"['V2.1', 'V2.4', 'V2.6', 'V2.8']",0.72873732,0.05605925,-0.8607750441644305,1.2446580243282628,0.38388298016383227
"['V2.1', 'V2.4', 'V2.6', 'V3.0']",0.75318706,0.05506222,-0.6026590585160394,0.5155271714567098,-0.08713188705932962
"['V2.1', 'V2.4', 'V2.6', 'V3.2']",0.7223401,0.05553933,-0.9283105167588055,0.8644390609821453,-0.0638714557766602
"['V2.1', 'V2.4', 'V2.6', 'V3.1']",0.69180558,0.0553993,-1.250663544893277,0.7620347267819674,-0.48862881811130965
"['V2.1', 'V2.4', 'V2.6', 'V3.5']",0.65817991,0.05564059,-1.605649853751267,0.938490784763549,-0.6671590689877179
"['V2.1', 'V2.4', 'V2.6', 'V3.3']",0.87286985,0.05471913,0.6608325494110545,0.2646244861697022,0.9254570355807568
"['V2.1', 'V2.4', 'V2.6', 'V3.6']",0.74891303,0.05543453,-0.6477800072926236,0.7877985252099664,0.14001851791734277
"['V2.1', 'V2.4', 'V2.6', 'V3.4']",0.72934076,0.05473641,-0.8544045260984032,0.2772613989382463,-0.5771431271601569
"['V2.1', 'V2.4', 'V2.6', 'V3.7']",0.82890304,0.05572639,0.1966747915385571,1.001236566912915,1.1979113584514722
"['V2.1', 'V2.4', 'V2.6', 'V3.8']",0.67595492,0.05554364,-1.4179990146805848,0.8675909761460588,-0.5504080385345259
"['V2.1', 'V2.4', 'V2.6', 'V1.2_copy']",0.67241099,0.0555428,-1.455412295354281,0.8669766817753695,-0.5884356135789115
"['V2.1', 'V2.4', 'V2.7', 'V2.8']",0.82269921,0.05640273,0.13118093781066212,1.4958459177159462,1.6270268555266083
"['V2.1', 'V2.4', 'V2.7', 'V3.0']",1.04503524,0.05542652,2.47838313826761,0.7819407896037127,3.2603239278713225
"['V2.1', 'V2.4', 'V2.7', 'V3.1']",0.94614692,0.05591547,1.43441881856877,1.139511304544636,2.573930123113406
"['V2.1', 'V2.4', 'V2.7', 'V3.2']",0.8213562,0.05596801,0.11700277682057983,1.1779339548258403,1.2949367316464202
"['V2.1', 'V2.4', 'V2.7', 'V3.3']",1.0285912,0.05506778,2.3047833538673834,0.5195932151484363,2.82437656901582
"['V2.1', 'V2.4', 'V2.7', 'V3.4']",0.89387096,0.0551774,0.8825413367993987,0.5997586305238847,1.4822999673232835
"['V2.1', 'V2.4', 'V2.7', 'V3.5']",0.8737975,0.05603056,0.6706257535141144,1.223676946357807,1.8943026998719215
"['V2.1', 'V2.4', 'V2.7', 'V3.6']",0.76930559,0.05583166,-0.4324956842571249,1.0782208150115549,0.6457251307544299
"['V2.1', 'V2.4', 'V2.7', 'V3.7']",1.04585284,0.05614636,2.487014544158475,1.3083618131747792,3.795376357333254
"['V2.1', 'V2.4', 'V2.8', 'V3.0']",0.8442752,0.05560356,0.35895873525103683,0.9114106412555012,1.270369376506538
"['V2.1', 'V2.4', 'V2.7', 'V1.2_copy']",0.86243057,0.05592177,0.5506250360935501,1.1441185123248343,1.6947435484183844
"['V2.1', 'V2.4', 'V2.7', 'V3.8']",0.85747647,0.05600347,0.4983245860887368,1.2038659529029554,1.7021905389916923
"['V2.1', 'V2.4', 'V2.8', 'V3.1']",0.82320215,0.05608374,0.13649047704592554,1.262567630445256,1.3990581074911814
"['V2.1', 'V2.4', 'V2.8', 'V3.3']",0.96544427,0.05531975,1.63814100602974,0.7038595872716913,2.3420005933014316
"['V2.1', 'V2.4', 'V2.8', 'V3.2']",0.8238027,0.05615054,0.14283048537244147,1.3114186589717989,1.4542491443442405
"['V2.1', 'V2.4', 'V2.8', 'V3.4']",0.76897413,0.05536135,-0.4359949085680175,0.73428178467744,0.2982868761094225
"['V2.1', 'V2.4', 'V2.8', 'V3.6']",0.82125436,0.05594826,0.11592765160540629,1.1634907240863315,1.2794183756917377
"['V2.1', 'V2.4', 'V2.8', 'V3.8']",0.7871092,0.05615837,-0.24454291489231594,1.3171447600700452,1.0726018451777293
"['V2.1', 'V2.4', 'V2.8', 'V3.7']",1.01107572,0.05617126,2.1198723738608614,1.3265712534488958,3.4464436273097574
"['V2.1', 'V2.4', 'V2.8', 'V3.5']",0.95024278,0.05620417,1.4776588260689645,1.3506384293292615,2.828297255398226
"['V2.1', 'V2.4', 'V2.8', 'V1.2_copy']",0.89906644,0.05607513,0.9373900362586367,1.2562711131456528,2.1936611494042895
"['V2.1', 'V2.4', 'V3.0', 'V3.1']",0.90763905,0.05485197,1.0278911082426025,0.3617707530778785,1.389661861320481
"['V2.1', 'V2.4', 'V3.0', 'V3.2']",0.68878534,0.05508357,-1.2825482285134178,0.5311404867118226,-0.7514077418015952
"['V2.1', 'V2.4', 'V3.0', 'V3.3']",1.00636357,0.0541019,2.0701261908023474,-0.18675755480991507,1.8833686359924324
"['V2.1', 'V2.4', 'V3.0', 'V3.4']",0.91119494,0.05428241,1.0654306506756615,-0.05475008236490754,1.0106805683107538
"['V2.1', 'V2.4', 'V3.0', 'V3.5']",0.81794844,0.05510209,0.081027043285043,0.5446842149799609,0.6257112582650038
"['V2.1', 'V2.4', 'V3.0', 'V3.6']",0.86271075,0.05484826,0.5535828972756713,0.35905761960731963,0.912640516882991
"['V2.1', 'V2.4', 'V3.0', 'V3.7']",1.06571565,0.05507407,2.696706294700473,0.5241931099004161,3.2208994046008894
"['V2.1', 'V2.4', 'V3.0', 'V3.8']",0.72135598,0.05501978,-0.9386998748377178,0.4844906796802615,-0.4542091951574563
"['V2.1', 'V2.4', 'V3.1', 'V3.2']",0.76361277,0.05560331,-0.49259480373319525,0.9112278155499376,0.41863301181674234
"['V2.1', 'V2.4', 'V3.0', 'V1.2_copy']",0.88994707,0.05473739,0.8411168171551867,0.2779780757040532,1.11909489285924
"['V2.1', 'V2.4', 'V3.1', 'V3.3']",0.83028198,0.05456115,0.21123226565689035,0.1490932663100743,0.36032553196696465
"['V2.1', 'V2.4', 'V3.1', 'V3.4']",0.79093007,0.05476832,-0.2042059777271604,0.3005972719963625,0.0963912942692021
"['V2.1', 'V2.4', 'V3.1', 'V3.5']",0.90417445,0.055498,0.9913153146399947,0.8342143153384026,1.8255296299783974
"['V2.1', 'V2.4', 'V3.1', 'V3.6']",0.87512408,0.05472263,0.6846304629401219,0.26718404604759255,0.9518145089877144
"['V2.1', 'V2.4', 'V3.1', 'V3.7']",0.78473275,0.05440343,-0.2696311053636303,0.03375218518422869,-0.2358789201794016
"['V2.1', 'V2.4', 'V3.1', 'V3.8']",0.82256176,0.054712,0.12972987770829017,0.25941029704703295,0.38914017475532314
"['V2.1', 'V2.4', 'V3.2', 'V3.3']",0.96075268,0.05477445,1.5886118749588933,0.30508015829677737,1.8936920332556708
"['V2.1', 'V2.4', 'V3.1', 'V1.2_copy']",0.88959493,0.05545102,0.8373992740162327,0.7998577087489247,1.6372569827651575
"['V2.1', 'V2.4', 'V3.2', 'V3.4']",0.69858555,0.05471534,-1.1790873792892045,0.2618528484733634,-0.9172345308158412
"['V2.1', 'V2.4', 'V3.2', 'V3.5']",0.8430716,0.05565566,0.346252326089778,0.9495115182949159,1.295763844384694
"['V2.1', 'V2.4', 'V3.2', 'V3.7']",0.80795294,0.05572174,-0.024495483111904585,0.9978360087894341,0.9733405256775295
"['V2.1', 'V2.4', 'V3.2', 'V3.6']",0.7829221,0.05511056,-0.28874614337279786,0.5508783498844518,0.262132206511654
"['V2.1', 'V2.4', 'V3.2', 'V3.8']",0.72881247,0.05563573,-0.8599816853670984,0.9349366530473996,0.07495496768030119
"['V2.1', 'V2.4', 'V3.2', 'V1.2_copy']",0.75076601,0.05553264,-0.6282180913341407,0.8595466451012709,0.23132855376713013
"['V2.1', 'V2.4', 'V3.3', 'V3.4']",0.93453095,0.05384713,1.311788985048571,-0.37307157483547826,0.9387174102130929
"['V2.1', 'V2.4', 'V3.3', 'V3.5']",0.94716622,0.05473032,1.4451795720234648,0.2728077647507214,1.7179873367741862
"['V2.1', 'V2.4', 'V3.3', 'V3.6']",0.81338871,0.05459702,0.03288995866817041,0.17532509854431294,0.20821505721248335
"['V2.1', 'V2.4', 'V3.3', 'V3.7']",0.95083986,0.05484776,1.4839622015940601,0.3586919681961924,1.8426541697902525
"['V2.1', 'V2.4', 'V3.3', 'V3.8']",1.00496602,0.0546121,2.0553722508527636,0.1863531451038934,2.241725395956657
"['V2.1', 'V2.4', 'V3.3', 'V1.2_copy']",1.0060388,0.05459899,2.0666975928434725,0.17676576510415043,2.243463357947623
"['V2.1', 'V2.4', 'V3.4', 'V3.5']",0.77338696,0.05486582,-0.38940864773461925,0.37189929716609355,-0.017509350568525706
"['V2.1', 'V2.4', 'V3.4', 'V3.6']",0.78862677,0.05466746,-0.22852192340772556,0.22683806934385853,-0.0016838540638670352
"['V2.1', 'V2.4', 'V3.4', 'V3.7']",0.93085188,0.05497286,1.272949030950105,0.45017795126012106,1.7231269822102262
"['V2.1', 'V2.4', 'V3.4', 'V3.8']",0.74986,0.05469928,-0.6377828418859791,0.250108125147971,-0.38767471673800813
"['V2.1', 'V2.4', 'V3.4', 'V1.2_copy']",0.78999854,0.05473602,-0.21404014300298946,0.27697619083757036,0.0629360478345809
"['V2.1', 'V2.4', 'V3.5', 'V3.6']",0.85464248,0.05541011,0.468406144331577,0.7699401102905292,1.2383462546221062
"['V2.1', 'V2.4', 'V3.5', 'V3.7']",0.81914869,0.05542897,0.09369808648527682,0.7837324815182349,0.8774305680035117
"['V2.1', 'V2.4', 'V3.5', 'V3.8']",0.79543259,0.05557304,-0.1566728592685763,0.8890912791203154,0.732418419851739
"['V2.1', 'V2.4', 'V3.5', 'V1.2_copy']",0.92312732,0.05563586,1.1914008256072206,0.9350317224142933,2.126432548021514
"['V2.1', 'V2.4', 'V3.6', 'V3.7']",0.78085364,0.05450614,-0.3105828824004626,0.10886429805790021,-0.2017185843425624
"['V2.1', 'V2.4', 'V3.6', 'V1.2_copy']",0.94677141,0.05533434,1.4410115615540762,0.7145292954483733,2.1555408570024497
"['V2.1', 'V2.4', 'V3.6', 'V3.8']",0.87233201,0.05495769,0.6551545707609296,0.4390840874465318,1.0942386582074615
"['V2.1', 'V2.4', 'V3.7', 'V3.8']",0.81440978,0.05491025,0.04366939801869077,0.4043910815588218,0.4480604795775126
"['V2.1', 'V2.4', 'V3.7', 'V1.2_copy']",1.00426402,0.05562208,2.047961234542359,0.9249543695236344,2.972915604065993
"['V2.1', 'V2.4', 'V3.8', 'V1.2_copy']",0.80223759,0.05557506,-0.08483245187212592,0.8905685108212716,0.8057360589491457
"['V2.1', 'V2.5', 'V2.6', 'V2.7']",0.81984422,0.05534399,0.10104079898438828,0.721586367683121,0.8226271666675093
"['V2.1', 'V2.5', 'V2.6', 'V2.8']",0.70598285,0.05555042,-1.1009940588433897,0.8725492092809422,-0.2284448495624476
"['V2.1', 'V2.5', 'V2.6', 'V3.0']",0.76068936,0.05449308,-0.523457252724652,0.09931348319926592,-0.4241437695253861
"['V2.1', 'V2.5', 'V2.6', 'V3.1']",0.77876055,0.05480535,-0.33267964041918985,0.3276774155044154,-0.0050022249147744224
"['V2.1', 'V2.5', 'V2.6', 'V3.2']",0.78286122,0.05550521,-0.2893888537331639,0.8394870086868519,0.550098154953688
"['V2.1', 'V2.5', 'V2.6', 'V3.3']",0.85737962,0.05424241,0.49730214031998604,-0.0840021952550574,0.4132999450649286
"['V2.1', 'V2.5', 'V2.6', 'V3.4']",0.72314233,0.05406072,-0.9198413720085254,-0.21687260503032163,-1.136713977038847
"['V2.1', 'V2.5', 'V2.6', 'V3.5']",0.77162936,0.05516555,-0.40796363671918884,0.5910926920801785,0.1831290553609896
"['V2.1', 'V2.5', 'V2.6', 'V3.7']",0.80523457,0.05515892,-0.053193324148537655,0.5862441543686363,0.5330508302200987
"['V2.1', 'V2.5', 'V2.6', 'V3.6']",0.76868634,0.05509814,-0.43903310854518507,0.5417955688320572,0.10276246028687208
"['V2.1', 'V2.5', 'V2.6', 'V3.8']",0.73926644,0.05492876,-0.7496190896712467,0.41792749679873636,-0.3316915928725103
"['V2.1', 'V2.5', 'V2.6', 'V1.2_copy']",0.79441666,0.05502488,-0.16739803562218045,0.48822032407375576,0.32082228845157534
"['V2.1', 'V2.5', 'V2.7', 'V2.8']",0.75968795,0.05580765,-0.5340291413904682,1.0606622342492462,0.526633092858778
"['V2.1', 'V2.5', 'V2.7', 'V3.0']",0.86216232,0.05477079,0.5477931199606926,0.30240358996732714,0.8501967099280197
"['V2.1', 'V2.5', 'V2.7', 'V3.1']",0.82284832,0.05524044,0.13275509257140883,0.6458599604387549,0.7786150530101638
"['V2.1', 'V2.5', 'V2.7', 'V3.2']",0.65361591,0.05585329,-1.653832016772193,1.0940388950569024,-0.5597931217152905
"['V2.1', 'V2.5', 'V2.7', 'V3.3']",0.81212119,0.05450712,0.019508745856539694,0.10958097482370706,0.12908972068024677
"['V2.1', 'V2.5', 'V2.7', 'V3.4']",0.71725213,0.05440936,-0.9820242327942095,0.03808881092018864,-0.9439354218740208
"['V2.1', 'V2.5', 'V2.7', 'V3.5']",0.84073764,0.05546609,0.3216127026883046,0.8108784422802915,1.1324911449685962
"['V2.1', 'V2.5', 'V2.7', 'V3.6']",0.77541697,0.0554129,-0.36797782548349933,0.7719804451646188,0.4040026196811195
"['V2.1', 'V2.5', 'V2.7', 'V3.7']",0.88014171,0.05547031,0.7376015993640239,0.8139645401902014,1.5515661395542253
"['V2.1', 'V2.5', 'V2.7', 'V1.2_copy']",0.64496889,0.05531896,-1.7451186353710548,0.7032818580421105,-1.0418367773289443
"['V2.1', 'V2.5', 'V2.7', 'V3.8']",0.82877562,0.0552981,0.1953296181791956,0.6880268811699012,0.8833564993490968
"['V2.1', 'V2.5', 'V2.8', 'V3.0']",0.65629205,0.05493271,-1.6255799979845456,0.42081614294664016,-1.2047638550379054
"['V2.1', 'V2.5', 'V2.8', 'V3.1']",0.87251868,0.05538058,0.6571252465652928,0.7483447379493792,1.405469984514672
"['V2.1', 'V2.5', 'V2.8', 'V3.2']",0.76420602,0.05600623,-0.48633186153070534,1.2058843486923736,0.7195524871616683
"['V2.1', 'V2.5', 'V2.8', 'V3.3']",0.85928955,0.05473897,0.5174652776159008,0.2791335341632147,0.7965988117791154
"['V2.1', 'V2.5', 'V2.8', 'V3.4']",0.78235256,0.05457633,-0.2947587790272539,0.1601944431518822,-0.1345643358753717
"['V2.1', 'V2.5', 'V2.8', 'V3.5']",0.7879898,0.05561936,-0.2352464177941065,0.9229652258471062,0.6877188080529997
"['V2.1', 'V2.5', 'V2.8', 'V3.6']",0.80907931,0.05550064,-0.012604391314822513,0.836144954789151,0.8235405634743285
"['V2.1', 'V2.5', 'V2.8', 'V3.7']",0.9632669,0.05547368,1.6151545037736332,0.816429030701193,2.431583534474826
"['V2.1', 'V2.5', 'V2.8', 'V3.8']",0.76262588,0.05543178,-0.5030134047112245,0.7857874424487669,0.2827740377375424
"['V2.1', 'V2.5', 'V2.8', 'V1.2_copy']",0.84159597,0.05545586,0.3306740953232197,0.8033972144086368,1.1340713097318564
"['V2.1', 'V2.5', 'V3.0', 'V3.1']",0.81515329,0.05410442,0.05151863553571346,-0.18491467169783665,-0.1333960361621232
"['V2.1', 'V2.5', 'V3.0', 'V3.2']",0.73499458,0.05488582,-0.7947171297506889,0.38652535361116597,-0.4081917761395229
"['V2.1', 'V2.5', 'V3.0', 'V3.3']",0.92462576,0.05347827,1.20721986161885,-0.6428199338519583,0.5643999277668917
"['V2.1', 'V2.5', 'V3.0', 'V3.6']",0.69575168,0.05434973,-1.2090045542059689,-0.005518776370795009,-1.214523330576764
"['V2.1', 'V2.5', 'V3.0', 'V3.5']",0.82001673,0.05446834,0.10286198762214857,0.08122105137670897,0.18408303899885753
"['V2.1', 'V2.5', 'V3.0', 'V3.4']",0.71436045,0.05344848,-1.012551708071236,-0.6646054449268958,-1.6771571529981317
"['V2.1', 'V2.5', 'V3.0', 'V3.7']",0.88117742,0.05433325,0.7485355932427278,-0.017570646881534615,0.7309649463611931
"['V2.1', 'V2.5', 'V3.0', 'V1.2_copy']",0.68382255,0.05407783,-1.3349404188768317,-0.20436001374156115,-1.5393004326183928
"['V2.1', 'V2.5', 'V3.1', 'V3.3']",0.76672966,0.05390078,-0.4596897857449633,-0.3338371784215683,-0.7935269641665316
"['V2.1', 'V2.5', 'V3.1', 'V3.2']",0.76754847,0.0553978,-0.45104560588011505,0.7609377725485857,0.3098921666684707
"['V2.1', 'V2.5', 'V3.0', 'V3.8']",0.74196305,0.05424924,-0.7211509690262294,-0.07900739697906545,-0.8001583660052949
"['V2.1', 'V2.5', 'V3.1', 'V3.6']",0.78090119,0.05421788,-0.3100808968939671,-0.10194105348493562,-0.41202195037890277
"['V2.1', 'V2.5', 'V3.1', 'V3.5']",0.81809929,0.05482847,0.08261956723151723,0.3445851367549158,0.42720470398643307
"['V2.1', 'V2.5', 'V3.1', 'V3.4']",0.89001863,0.05388247,0.841872276310704,-0.347227333097033,0.49464494321367103
"['V2.1', 'V2.5', 'V3.1', 'V3.7']",0.95107532,0.05367283,1.486447953589,-0.500537656754291,0.9859102968347091
"['V2.1', 'V2.5', 'V3.1', 'V3.8']",0.78197555,0.0539365,-0.29873887483806016,-0.30771504161067087,-0.606453916448731
"['V2.1', 'V2.5', 'V3.1', 'V1.2_copy']",0.81981076,0.05475185,0.10068756165426511,0.28855271451384157,0.3892402761681067
"['V2.1', 'V2.5', 'V3.2', 'V3.3']",0.84831835,0.0546604,0.40164228310775396,0.22167507141874546,0.6233173545264994
"['V2.1', 'V2.5', 'V3.2', 'V3.4']",0.74424574,0.05439909,-0.6970526031834952,0.03057833093564387,-0.6664742722478513
"['V2.1', 'V2.5', 'V3.2', 'V3.7']",0.73683629,0.05554972,-0.7752741912192976,0.8720372973053601,0.09676310608606242
"['V2.1', 'V2.5', 'V3.2', 'V3.5']",0.76311822,0.05555765,-0.4978157697108472,0.8778365286858338,0.38002075897498666
"['V2.1', 'V2.5', 'V3.2', 'V3.6']",0.82108781,0.05517132,0.1141693827072611,0.5953123093645836,0.7094816920718446
"['V2.1', 'V2.5', 'V3.2', 'V3.8']",0.75043139,0.05539048,-0.6317506757754335,0.7555846358896904,0.12383396011425685
"['V2.1', 'V2.5', 'V3.3', 'V3.4']",0.87410355,0.05311183,0.6738567243713781,-0.9107985400385874,-0.2369418156672093
"['V2.1', 'V2.5', 'V3.3', 'V3.5']",0.72291643,0.05418876,-0.9222261990520021,-0.12323659166896228,-1.0454627907209644
"['V2.1', 'V2.5', 'V3.2', 'V1.2_copy']",0.80055426,0.0553871,-0.1026033722222606,0.7531128323504751,0.6505094601282145
"['V2.1', 'V2.5', 'V3.3', 'V3.6']",0.74401522,0.05418323,-0.6994862035821772,-0.1272806962760276,-0.8267668998582047
"['V2.1', 'V2.5', 'V3.3', 'V3.7']",1.03203942,0.05418202,2.3411862237560825,-0.1281655726909556,2.213020651065127
"['V2.1', 'V2.5', 'V3.3', 'V3.8']",0.81084192,0.05393407,0.006003488256236732,-0.30949210746874556,-0.3034886192125088
"['V2.1', 'V2.5', 'V3.3', 'V1.2_copy']",0.88408006,0.05402029,0.7791787732758256,-0.2464391781340374,0.5327395951417883
"['V2.1', 'V2.5', 'V3.4', 'V3.5']",0.88958956,0.05411858,0.837342582908559,-0.17455942373472558,0.6627831591738335
"['V2.1', 'V2.5', 'V3.4', 'V3.6']",0.82525835,0.05403987,0.15819778721324176,-0.23212026887431228,-0.07392248166107052
"['V2.1', 'V2.5', 'V3.4', 'V3.7']",0.78379349,0.05406346,-0.27954687627489994,-0.21486883529734585,-0.4944157115722458
"['V2.1', 'V2.5', 'V3.4', 'V3.8']",0.78264572,0.05381387,-0.29166388794241266,-0.3973947067036348,-0.6890585946460475
"['V2.1', 'V2.5', 'V3.4', 'V1.2_copy']",0.7244139,0.05394964,-0.9064174033335651,-0.2981057225262566,-1.2045231258598217
"['V2.1', 'V2.5', 'V3.5', 'V3.6']",0.85642457,0.05500268,0.48721967432674906,0.4719854014197248,0.9592050757464738
"['V2.1', 'V2.5', 'V3.5', 'V3.7']",0.85032675,0.05476183,0.4228449685177515,0.2958511166799328,0.7186960851976842
"['V2.1', 'V2.5', 'V3.5', 'V3.8']",0.75834166,0.05488188,-0.5482419293513449,0.38364402049148594,-0.16459790885985892
"['V2.1', 'V2.5', 'V3.5', 'V1.2_copy']",0.8136401,0.05505155,0.03554388372553868,0.5077241703432602,0.5432680540687989
"['V2.1', 'V2.5', 'V3.6', 'V3.7']",0.79165408,0.05401019,-0.19656260177431628,-0.2538253366387985,-0.4503879384131148
"['V2.1', 'V2.5', 'V3.6', 'V3.8']",0.86529802,0.05441716,0.5808967151808319,0.04379297293376875,0.6246896881146006
"['V2.1', 'V2.5', 'V3.6', 'V1.2_copy']",0.7963931,0.05488908,-0.1465327520373694,0.3889094008117114,0.24237664877434198
"['V2.1', 'V2.5', 'V3.7', 'V3.8']",0.75746459,0.05412433,-0.5575011602279367,-0.170354432506768,-0.7278555927347047
"['V2.1', 'V2.5', 'V3.7', 'V1.2_copy']",0.78049824,0.05492831,-0.3143348413701465,0.41759841052872293,0.10326356915857643
"['V2.1', 'V2.5', 'V3.8', 'V1.2_copy']",0.78588556,0.05485299,-0.2574608863995299,0.3625166819565753,0.10505579555704542
"['V2.1', 'V2.6', 'V2.7', 'V2.8']",0.90315483,0.05577927,0.9805511829442461,1.0399078601536866,2.020459043097933
"['V2.1', 'V2.6', 'V2.7', 'V3.0']",0.97835931,0.05482296,1.7744851258154062,0.340555658204298,2.1150407840197043
"['V2.1', 'V2.6', 'V2.7', 'V3.1']",0.87995157,0.05521001,0.7355942907582403,0.6236064155575729,1.3592007063158134
"['V2.1', 'V2.6', 'V2.7', 'V3.2']",0.77946005,0.05578809,-0.32529501661701277,1.0463579510459635,0.7210629344289508
"['V2.1', 'V2.6', 'V2.7', 'V3.3']",0.86908824,0.05459744,0.6209100801951115,0.17563224572965513,0.7965423259247666
"['V2.1', 'V2.6', 'V2.7', 'V3.4']",0.85532052,0.05457867,0.4755642148431263,0.16190569175595826,0.6374699065990845
"['V2.1', 'V2.6', 'V2.7', 'V3.5']",0.76451276,0.05551647,-0.48309360634117043,0.8477214784654272,0.3646278721242568
"['V2.1', 'V2.6', 'V2.7', 'V3.6']",0.71729504,0.05543485,-0.9815712317829851,0.7880325421130862,-0.19353868966989896
"['V2.1', 'V2.6', 'V2.7', 'V3.7']",0.83023737,0.0555147,0.21076131774007098,0.8464270724700397,1.0571883902101107
"['V2.1', 'V2.6', 'V2.7', 'V3.8']",0.82623724,0.05542064,0.16853193216494028,0.7776407290088614,0.9461726611738017
"['V2.1', 'V2.6', 'V2.7', 'V1.2_copy']",0.85970325,0.05534649,0.5218327098774609,0.7234146247387518,1.2452473346162127
"['V2.1', 'V2.6', 'V2.8', 'V3.0']",0.82403687,0.05505994,0.14530261883313644,0.5138598010219713,0.6591624198551077
"['V2.1', 'V2.6', 'V2.8', 'V3.2']",0.7469703,0.05601487,-0.6682894142964896,1.2122028050766482,0.5439133907801587
"['V2.1', 'V2.6', 'V2.8', 'V3.3']",0.77824259,0.05490426,-0.3381477458438876,0.4000105776535243,0.0618628318096367
"['V2.1', 'V2.6', 'V2.8', 'V3.1']",0.87622193,0.05543239,0.6962204690033399,0.7862335371703403,1.4824540061736802
"['V2.1', 'V2.6', 'V2.8', 'V3.4']",0.77028905,0.05481353,-0.4221132938003847,0.3336594725904477,-0.088453821209937
"['V2.1', 'V2.6', 'V2.8', 'V3.7']",0.89803984,0.0555969,0.9265522166799158,0.9065401644592878,1.8330923811392035
"['V2.1', 'V2.6', 'V2.8', 'V3.6']",0.80748315,0.05560472,-0.02945505768806513,0.9122589525293154,0.8828038948412503
"['V2.1', 'V2.6', 'V2.8', 'V3.5']",0.83286854,0.05574653,0.23853858808971404,1.0159650057531049,1.2545035938428188
"['V2.1', 'V2.6', 'V2.8', 'V3.8']",0.83233996,0.05562999,0.23295836729006436,0.9307389748476607,1.163697342137725
"['V2.1', 'V2.6', 'V2.8', 'V1.2_copy']",0.83460536,0.0555593,0.2568742025458936,0.8790431783425515,1.135917380888445
"['V2.1', 'V2.6', 'V3.0', 'V3.1']",0.81866108,0.05424133,0.08855038611046691,-0.08479200230309171,0.0037583838073751985
"['V2.1', 'V2.6', 'V3.0', 'V3.2']",0.74548346,0.05497491,-0.6839859890699411,0.45167712204574356,-0.23230886702419756
"['V2.1', 'V2.6', 'V3.0', 'V3.3']",0.90679852,0.05372389,1.0190176302662712,-0.46319733465001556,0.5558202956162557
"['V2.1', 'V2.6', 'V3.0', 'V3.4']",0.7143615,0.05376274,-1.012540623217781,-0.4347862200054613,-1.4473268432232422
"['V2.1', 'V2.6', 'V3.0', 'V3.5']",0.83903632,0.05467938,0.3036518618489615,0.235555198985121,0.5392070608340824
"['V2.1', 'V2.6', 'V3.0', 'V3.6']",0.83546588,0.05453796,0.26595871501801643,0.13213435386201267,0.3980930688800291
"['V2.1', 'V2.6', 'V3.0', 'V3.7']",0.86664637,0.05453851,0.5951312505684887,0.13253657041424852,0.7276678209827372
"['V2.1', 'V2.6', 'V3.0', 'V3.8']",0.78630452,0.05452826,-0.25303792430065924,0.12504071648615128,-0.12799720781450796
"['V2.1', 'V2.6', 'V3.0', 'V1.2_copy']",0.77336226,0.05426225,-0.3896694057159112,-0.06949314726154489,-0.45916255297745606
"['V2.1', 'V2.6', 'V3.1', 'V3.2']",0.7225694,0.05541706,-0.925889795904139,0.7750226649051911,-0.15086713099894788
"['V2.1', 'V2.6', 'V3.1', 'V3.3']",0.83163901,0.05407626,0.22555843583311436,-0.2055081591724989,0.020050276660615457
"['V2.1', 'V2.6', 'V3.1', 'V3.4']",0.79606761,0.05414265,-0.14996895103861344,-0.1569569648030795,-0.30692591584169293
"['V2.1', 'V2.6', 'V3.1', 'V3.5']",0.87217531,0.05496601,0.6535002883452022,0.44516852692768666,1.098668815272889
"['V2.1', 'V2.6', 'V3.1', 'V3.6']",0.63426622,0.05433355,-1.8581067577854231,-0.017351256034857286,-1.8754580138202803
"['V2.1', 'V2.6', 'V3.1', 'V3.7']",0.81304656,0.05379793,0.029277879992094198,-0.4090516736903573,-0.3797737936982631
"['V2.1', 'V2.6', 'V3.1', 'V3.8']",0.82245569,0.05414586,0.12861009636919443,-0.1546094827436478,-0.02599938637445337
"['V2.1', 'V2.6', 'V3.1', 'V1.2_copy']",0.84523852,0.05486549,0.36912850766149213,0.37165796723475003,0.7407864748962422
"['V2.1', 'V2.6', 'V3.2', 'V3.4']",0.69240564,0.05460277,-1.244328709498374,0.17953008977227056,-1.0647986197261035
"['V2.1', 'V2.6', 'V3.2', 'V3.3']",0.77446158,0.05479514,-0.37806388085785575,0.32021081368920307,-0.05785306716865268
"['V2.1', 'V2.6', 'V3.2', 'V3.5']",0.64656151,0.0556493,-1.7283053407894633,0.9448604323453798,-0.7834449084440835
"['V2.1', 'V2.6', 'V3.2', 'V3.6']",0.80187306,0.05524293,-0.08868079628185735,0.6476809044661672,0.5590001081843099
"['V2.1', 'V2.6', 'V3.2', 'V3.7']",0.81501956,0.05566298,0.05010684748558396,0.9548646549538112,1.0049715024393953
"['V2.1', 'V2.6', 'V3.2', 'V3.8']",0.69766137,0.05555778,-1.188843950590844,0.8779315980527275,-0.31091235253811644
"['V2.1', 'V2.6', 'V3.2', 'V1.2_copy']",0.7844907,0.05545351,-0.2721864280102593,0.8016786527763369,0.5294922247660776
"['V2.1', 'V2.6', 'V3.3', 'V3.4']",0.93432103,0.05346038,1.3095728589176878,-0.6559029413420758,0.653669917575612
"['V2.1', 'V2.6', 'V3.3', 'V3.6']",0.83168894,0.05441317,0.22608554700744368,0.04087507467297499,0.2669606216804187
"['V2.1', 'V2.6', 'V3.3', 'V3.5']",0.81539448,0.05443873,0.05406487915951216,0.05956717480977889,0.11363205396929105
"['V2.1', 'V2.6', 'V3.3', 'V3.7']",0.92663634,0.05442928,1.228445561296022,0.052656363139481084,1.281101924435503
"['V2.1', 'V2.6', 'V3.3', 'V3.8']",0.81990224,0.05424701,0.1016533163153422,-0.08063820227269028,0.021015114042651925
"['V2.1', 'V2.6', 'V3.3', 'V1.2_copy']",0.85378013,0.05424332,0.45930231254343146,-0.08333670968680672,0.3759656028566247
"['V2.1', 'V2.6', 'V3.4', 'V3.5']",0.74106783,0.05443566,-0.7306018095125555,0.05732207514545957,-0.6732797343670959
"['V2.1', 'V2.6', 'V3.4', 'V3.6']",0.81374299,0.05434583,0.036630093794168574,-0.008370857377585063,0.02825923641658351
"['V2.1', 'V2.6', 'V3.4', 'V3.7']",0.81585331,0.05442175,0.05890874897960255,0.0471496528879121,0.10605840186751464
"['V2.1', 'V2.6', 'V3.4', 'V3.8']",0.8514664,0.0542029,0.4348762573185393,-0.11289596976229874,0.32198028755624053
"['V2.1', 'V2.6', 'V3.4', 'V1.2_copy']",0.77775428,0.05424199,-0.343302836121001,-0.08430934244040464,-0.42761217856140565
"['V2.1', 'V2.6', 'V3.5', 'V3.6']",0.88643421,0.05519355,0.8040315425737476,0.6115691711032808,1.4156007136770286
"['V2.1', 'V2.6', 'V3.5', 'V3.7']",0.69825646,0.05497776,-1.182561583502298,0.4537613350891655,-0.7288002484131325
"['V2.1', 'V2.6', 'V3.5', 'V3.8']",0.69844257,0.05516478,-1.1805968196197771,0.5905295889070401,-0.590067230712737
"['V2.1', 'V2.6', 'V3.6', 'V3.7']",0.69764608,0.05421601,-1.189005367171166,-0.10330858976255071,-1.2923139569337168
"['V2.1', 'V2.6', 'V3.5', 'V1.2_copy']",0.83719669,0.05523823,0.28423088188441603,0.6442437812015726,0.9284746630859886
"['V2.1', 'V2.6', 'V3.6', 'V3.8']",0.80309887,0.05467951,-0.07573991607750129,0.2356502683520147,0.1599103522745134
"['V2.1', 'V2.6', 'V3.6', 'V1.2_copy']",0.76363342,0.05505291,-0.49237680161523295,0.5087187421815244,0.016341940566291402
"['V2.1', 'V2.6', 'V3.7', 'V3.8']",0.67332426,0.05440853,-1.4457709009585493,0.037481829577717916,-1.4082890713808314
"['V2.1', 'V2.6', 'V3.8', 'V1.2_copy']",0.90778887,0.05510922,1.0294727584756862,0.5498984041026301,1.5793711625783162
"['V2.1', 'V2.6', 'V3.7', 'V1.2_copy']",0.81183913,0.05511543,0.01653103750822978,0.554439794628825,0.5709708321370548
"['V2.1', 'V2.7', 'V2.8', 'V3.0']",0.89730602,0.05527759,0.9188052765247853,0.6730278602854778,1.591833136810263
"['V2.1', 'V2.7', 'V2.8', 'V3.2']",0.77443906,0.05629762,-0.3783016245719733,1.4189786780688662,1.040677053496893
"['V2.1', 'V2.7', 'V2.8', 'V3.1']",0.84571844,0.05579654,0.3741950246809928,1.052537459894007,1.4267324845749998
"['V2.1', 'V2.7', 'V2.8', 'V3.3']",0.75591538,0.05510766,-0.5738561752966588,0.5487575716999161,-0.025098603596742652
"['V2.1', 'V2.7', 'V2.8', 'V3.4']",0.62812213,0.05510376,-1.9229699361367034,0.5459054906931261,-1.3770644454435774
"['V2.1', 'V2.7', 'V2.8', 'V3.5']",0.94064165,0.05598846,1.3762996650599588,1.192889097540926,2.569188762600885
"['V2.1', 'V2.7', 'V2.8', 'V3.6']",0.73425613,0.05585131,-0.8025129488310571,1.0925909154688414,0.2900779666377843
"['V2.1', 'V2.7', 'V2.8', 'V3.7']",0.96541706,0.05583772,1.6378537499701877,1.0826525101144135,2.7205062600846013
"['V2.1', 'V2.7', 'V2.8', 'V3.8']",0.72591499,0.05593738,-0.8905703912632144,1.1555341493802134,0.264963758116999
"['V2.1', 'V2.7', 'V2.8', 'V1.2_copy']",0.88521612,0.05578949,0.7911721624347999,1.0473817749971177,1.8385539374319175
"['V2.1', 'V2.7', 'V3.0', 'V3.1']",1.03099316,0.05462195,2.330140853492656,0.193556477903096,2.523697331395752
"['V2.1', 'V2.7', 'V3.0', 'V3.2']",0.80296079,0.05528698,-0.07719762709194726,0.6798947937864381,0.6026971666944909
"['V2.1', 'V2.7', 'V3.0', 'V3.3']",0.94910771,0.05394913,1.4656758883432508,-0.2984786869656076,1.1671972013776433
"['V2.1', 'V2.7', 'V3.0', 'V3.4']",0.78046935,0.05407446,-0.3146398331952292,-0.2068245042525578,-0.521464337447787
"['V2.1', 'V2.7', 'V3.0', 'V3.5']",0.92175012,0.05494233,1.176861720674614,0.4278512760967165,1.6047129967713305
"['V2.1', 'V2.7', 'V3.0', 'V3.6']",0.82944814,0.05480814,0.20242941403257664,0.3297177503784999,0.5321471644110765
"['V2.1', 'V2.7', 'V3.0', 'V3.7']",0.92051194,0.05479702,1.163790250339546,0.32158566299504193,1.485375913334588
"['V2.1', 'V2.7', 'V3.0', 'V1.2_copy']",0.79946413,0.05451589,-0.11411187822006907,0.11599450057487026,0.0018826223548011889
"['V2.1', 'V2.7', 'V3.0', 'V3.8']",0.92273893,0.05485129,1.1873005910989607,0.3612734671587439,1.5485740582577046
"['V2.1', 'V2.7', 'V3.1', 'V3.2']",0.87232792,0.05588801,0.6551113926174685,1.1194297290455506,1.7745411216630191
"['V2.1', 'V2.7', 'V3.1', 'V3.3']",0.8873088,0.0544481,0.813264592082177,0.06641948225429675,0.8796840743364738
"['V2.1', 'V2.7', 'V3.1', 'V3.4']",0.90770982,0.05462002,1.028638227365519,0.1921450634561434,1.2207832908216625
"['V2.1', 'V2.7', 'V3.1', 'V3.5']",0.82192175,0.05539051,0.12297329003190455,0.7556065749743566,0.8785798650062611
"['V2.1', 'V2.7', 'V3.1', 'V3.6']",0.76161142,0.05476067,-0.51372306226999,0.2950028054061185,-0.21872025686387148
"['V2.1', 'V2.7', 'V3.1', 'V3.7']",0.83943444,0.05422435,0.30785481599924497,-0.09720952422495852,0.21064529177428645
"['V2.1', 'V2.7', 'V3.1', 'V3.8']",0.88092916,0.05461226,0.7459147116056605,0.18647015355545835,0.9323848651611188
"['V2.1', 'V2.7', 'V3.1', 'V1.2_copy']",0.83936785,0.05526475,0.30715182515008577,0.6636379320477409,0.9707897571978267
"['V2.1', 'V2.7', 'V3.2', 'V3.3']",0.91633016,0.05508574,1.119643185116573,0.532727413836115,1.6523705989526878
"['V2.1', 'V2.7', 'V3.2', 'V3.4']",0.8104194,0.05498674,0.0015429432256493512,0.4603284344330023,0.46187137765865166
"['V2.1', 'V2.7', 'V3.2', 'V3.5']",0.78905881,0.0559786,-0.22396087570580633,1.18567845171351,0.9617175760077036
"['V2.1', 'V2.7', 'V3.2', 'V3.6']",0.82112675,0.05558032,0.11458047241541994,0.8944151636663258,1.0089956360817458
"['V2.1', 'V2.7', 'V3.2', 'V3.7']",0.88928673,0.05598177,0.8341456056018925,1.1879966816600516,2.022142287261944
"['V2.1', 'V2.7', 'V3.2', 'V3.8']",0.87259135,0.05596189,0.6578924239944625,1.173458381553649,1.8313508055481114
"['V2.1', 'V2.7', 'V3.2', 'V1.2_copy']",0.81349552,0.05577763,0.034017552189701025,1.0387085235251927,1.0727260757148938
"['V2.1', 'V2.7', 'V3.3', 'V3.4']",0.88314259,0.05376084,0.7692818994004472,-0.4361756953677477,0.3331062040326995
"['V2.1', 'V2.7', 'V3.3', 'V3.5']",0.93565681,0.05468456,1.3236746927739746,0.23934334760439527,1.56301804037837
"['V2.1', 'V2.7', 'V3.3', 'V3.6']",0.8792064,0.05467034,0.7277275286157553,0.22894422147194668,0.956671750087702
"['V2.1', 'V2.7', 'V3.3', 'V3.8']",0.90746861,0.0545628,1.0260917726016547,0.150299915966792,1.1763916885684467
"['V2.1', 'V2.7', 'V3.3', 'V3.7']",0.91539608,0.05468921,1.1097820994823508,0.2427439057278761,1.352526005210227
"['V2.1', 'V2.7', 'V3.4', 'V3.5']",0.80199396,0.05477011,-0.08740445458395442,0.3019063040481926,0.21450184946423817
"['V2.1', 'V2.7', 'V3.3', 'V1.2_copy']",1.04845576,0.05448359,2.5144935791651415,0.09237341941607813,2.6068669985812196
"['V2.1', 'V2.7', 'V3.4', 'V3.6']",0.96612067,0.05469733,1.6452817630558916,0.24868208464457597,1.8939638477004674
"['V2.1', 'V2.7', 'V3.4', 'V3.7']",0.9533731,0.0547664,1.5107056246113981,0.29919317057763367,1.8098987951890317
"['V2.1', 'V2.7', 'V3.4', 'V3.8']",0.75504937,0.05461029,-0.5829986457168496,0.1850294869956158,-0.39796915872123373
"['V2.1', 'V2.7', 'V3.4', 'V1.2_copy']",0.60302593,0.05457011,-2.187910602132707,0.1556457395974636,-2.0322648625352433
"['V2.1', 'V2.7', 'V3.5', 'V3.6']",0.90330764,0.05549152,0.9821643986171708,0.8294754730502018,1.8116398716673725
"['V2.1', 'V2.7', 'V3.5', 'V3.7']",0.83650951,0.05527738,0.2769763203627858,0.6728742866928041,0.9498506070555899
"['V2.1', 'V2.7', 'V3.5', 'V3.8']",0.81962145,0.05552242,0.09868901536121265,0.8520727302578398,0.9507617456190525
"['V2.1', 'V2.7', 'V3.5', 'V1.2_copy']",0.95940663,0.05551513,1.5744016206788063,0.8467415326836106,2.421143153362417
"['V2.1', 'V2.7', 'V3.6', 'V3.7']",0.82760638,0.05450009,0.18298594765102055,0.10443991598326527,0.2874258636342858
"['V2.1', 'V2.7', 'V3.6', 'V3.8']",0.86484987,0.05504582,0.5761655941558917,0.5035338051717502,1.0796993993276418
"['V2.1', 'V2.7', 'V3.6', 'V1.2_copy']",0.9195157,0.05533568,1.1532729413807454,0.7155092412301899,1.8687821826109352
"['V2.1', 'V2.7', 'V3.7', 'V3.8']",0.78862134,0.0547847,-0.22857924793559753,0.31257601222487463,0.0839967642892771
"['V2.1', 'V2.7', 'V3.7', 'V1.2_copy']",1.00040708,0.0553795,2.0072435062684924,0.7475549309013448,2.7547984371698373
"['V2.1', 'V2.7', 'V3.8', 'V1.2_copy']",0.66003195,0.05544914,-1.5860978613758772,0.7984828594430909,-0.7876150019327862
"['V2.1', 'V2.8', 'V3.0', 'V3.1']",0.87669138,0.05480467,0.7011764541983821,0.3271801295852808,1.028356583783663
"['V2.1', 'V2.8', 'V3.0', 'V3.2']",0.77104154,0.05546974,-0.414169254393808,0.8135476975815129,0.39937844318770493
"['V2.1', 'V2.8', 'V3.0', 'V3.3']",0.86662583,0.05421051,0.5949144097208884,-0.10733075528494473,0.48758365443594365
"['V2.1', 'V2.8', 'V3.0', 'V3.4']",0.83695637,0.05427194,0.2816938228534811,-0.06240682291390725,0.21928699993957385
"['V2.1', 'V2.8', 'V3.0', 'V3.5']",0.96701391,0.05512619,1.6547117006757015,0.5623086129962732,2.217020313671975
"['V2.1', 'V2.8', 'V3.0', 'V3.6']",0.87881982,0.05493341,0.7236464022834523,0.4213280549222172,1.1449744572056695
"['V2.1', 'V2.8', 'V3.0', 'V3.7']",1.03309042,0.05483782,2.352281634215107,0.3514228181429912,2.703704452358098
"['V2.1', 'V2.8', 'V3.0', 'V3.8']",0.92702407,0.05502113,1.23253882818211,0.4854779384903069,1.7180167666724169
"['V2.1', 'V2.8', 'V3.0', 'V1.2_copy']",0.85165344,0.05468493,0.4368508392141211,0.23961392964862877,0.6764647688627499
"['V2.1', 'V2.8', 'V3.1', 'V3.3']",0.80620877,0.05469893,-0.04290869154227387,0.24985216916017994,0.20694347761790607
"['V2.1', 'V2.8', 'V3.1', 'V3.2']",0.89337531,0.05604025,0.8773087581181279,1.2307632707054448,2.108072028823573
"['V2.1', 'V2.8', 'V3.1', 'V3.4']",0.94356417,0.05478792,1.4071527183184862,0.3149308073125301,1.7220835256310163
"['V2.1', 'V2.8', 'V3.1', 'V3.6']",0.86708335,0.05484764,0.599744449866667,0.3586042118575225,0.9583486617241894
"['V2.1', 'V2.8', 'V3.1', 'V3.7']",0.8998733,0.0542207,0.9459080599341544,-0.09987877952618497,0.8460292804079694
"['V2.1', 'V2.8', 'V3.1', 'V3.5']",0.88161678,0.05555137,0.7531739182087388,0.8732439469620829,1.6264178651708217
"['V2.1', 'V2.8', 'V3.1', 'V3.8']",0.82316917,0.05476171,0.13614230707738298,0.2957633603412629,0.4319056674186459
"['V2.1', 'V2.8', 'V3.1', 'V1.2_copy']",0.97867779,0.05541702,1.77784732022358,0.7749934127923012,2.552840733015881
"['V2.1', 'V2.8', 'V3.2', 'V3.3']",0.96075864,0.05534311,1.5886747946985083,0.7209428211995366,2.309617615898045
"['V2.1', 'V2.8', 'V3.2', 'V3.4']",0.75648317,0.0551739,-0.5678620143979626,0.5971990706459944,0.029337056248031845
"['V2.1', 'V2.8', 'V3.2', 'V3.5']",0.74596844,0.05615854,-0.678866053613787,1.317269081549829,0.6384030279360419
"['V2.1', 'V2.8', 'V3.2', 'V3.6']",0.8177035,0.05568313,0.07844121089890271,0.9696004068222197,1.0480416177211225
"['V2.1', 'V2.8', 'V3.2', 'V3.8']",0.75196566,0.05611023,-0.6155533823358819,1.2819398422067532,0.6663864598708713
"['V2.1', 'V2.8', 'V3.2', 'V3.7']",0.93927398,0.0559725,1.361861168368716,1.181217504497761,2.543078672866477
"['V2.1', 'V2.8', 'V3.2', 'V1.2_copy']",0.83489083,0.05593485,0.2598879102754256,1.153683953239911,1.4135718635153367
"['V2.1', 'V2.8', 'V3.3', 'V3.5']",1.02190402,0.05494162,2.2341867725987,0.4273320510929157,2.6615188236916154
"['V2.1', 'V2.8', 'V3.3', 'V3.4']",0.94868187,0.05402633,1.4611802940617364,-0.24202210908762622,1.2191581849741102
"['V2.1', 'V2.8', 'V3.3', 'V3.6']",0.92537888,0.05486298,1.215170551937501,0.3698223971508903,1.5849929490883912
"['V2.1', 'V2.8', 'V3.3', 'V3.7']",1.0676047,0.05480149,2.716649001767668,0.32485458661051536,3.0415035883781836
"['V2.1', 'V2.8', 'V3.3', 'V3.8']",0.91990765,0.0547988,1.1574107588207208,0.3228873820186533,1.480298140839374
"['V2.1', 'V2.8', 'V3.4', 'V3.5']",0.85682021,0.05496079,0.491396447108869,0.44135112619552247,0.9327475733043915
"['V2.1', 'V2.8', 'V3.3', 'V1.2_copy']",0.92108446,0.05472043,1.1698343458638096,0.2655751798386339,1.4354095257024435
"['V2.1', 'V2.8', 'V3.4', 'V3.6']",0.8604455,0.05482172,0.5296686455703356,0.3396488427047038,0.8693174882750394
"['V2.1', 'V2.8', 'V3.4', 'V3.7']",0.89639078,0.05481289,0.9091430848325698,0.33319143878420815,1.242334523616778
"['V2.1', 'V2.8', 'V3.5', 'V3.6']",0.93741147,0.05560212,1.3421986441688691,0.9103575651914521,2.2525562093603213
"['V2.1', 'V2.8', 'V3.4', 'V1.2_copy']",0.7652824,0.05474192,-0.47496851432814974,0.2812908774888641,-0.19367763683928563
"['V2.1', 'V2.8', 'V3.4', 'V3.8']",0.82968779,0.0547751,0.2049593998713073,0.3055555051312407,0.5105149050025479
"['V2.1', 'V2.8', 'V3.5', 'V3.7']",0.80366432,0.05529972,-0.06977045856650631,0.6892115917419476,0.6194411331754412
"['V2.1', 'V2.8', 'V3.5', 'V3.8']",0.92255077,0.0556781,1.1853141853596934,0.9659219536262866,2.15123613898598
"['V2.1', 'V2.8', 'V3.5', 'V1.2_copy']",0.95720777,0.05567545,1.5511882484219712,0.9639840011473146,2.515172249569286
"['V2.1', 'V2.8', 'V3.6', 'V3.7']",0.83313692,0.05441905,0.24137187663299933,0.04517513526782628,0.2865470119008256
"['V2.1', 'V2.8', 'V3.6', 'V3.8']",0.92523658,0.05512823,1.213668290369166,0.5638004707536719,1.777468761122838
"['V2.1', 'V2.8', 'V3.6', 'V1.2_copy']",0.89893749,0.05543349,0.9360287106842394,0.787037970274822,1.7230666809590613
"['V2.1', 'V2.8', 'V3.7', 'V3.8']",0.89266552,0.0547668,0.8698155027520837,0.2994856917065334,1.1693011944586171
"['V2.1', 'V2.8', 'V3.7', 'V1.2_copy']",1.09696467,0.05539262,3.0266023016864896,0.7571496239293115,3.783751925615801
"['V2.1', 'V2.8', 'V3.8', 'V1.2_copy']",0.86991397,0.05559159,0.6296273145227349,0.902656946473125,1.5322842609958598
"['V2.1', 'V3.0', 'V3.1', 'V3.2']",0.83075009,0.05478708,0.21617410446752286,0.31431651294184065,0.5304906174093635
"['V2.1', 'V3.0', 'V3.1', 'V3.3']",0.99669451,0.05330313,1.9680498925597716,-0.7709003101414655,1.197149582418306
"['V2.1', 'V3.0', 'V3.1', 'V3.4']",0.81938646,0.05350901,0.09620822515781995,-0.6203396850958802,-0.5241314599380603
"['V2.1', 'V3.0', 'V3.1', 'V3.5']",1.06440256,0.05426752,2.6828439992488633,-0.06563918138826695,2.6172048178605962
"['V2.1', 'V3.0', 'V3.1', 'V3.7']",0.99936834,0.05301027,1.996277524669816,-0.9850696546666684,1.0112078700031475
"['V2.1', 'V3.0', 'V3.1', 'V3.8']",0.79760371,0.05346695,-0.13375233828303912,-0.6510982817998712,-0.7848506200829103
"['V2.1', 'V3.0', 'V3.1', 'V3.6']",0.76686409,0.05359265,-0.4582706077925303,-0.5591735170425879,-1.0174441248351183
"['V2.1', 'V3.0', 'V3.2', 'V3.3']",0.89302555,0.05409544,0.8736163406470053,-0.1914817710416735,0.6821345696053318
"['V2.1', 'V3.0', 'V3.1', 'V1.2_copy']",0.94109094,0.05390768,1.3810428210686518,-0.3287911889480202,1.0522516321206317
"['V2.1', 'V3.0', 'V3.2', 'V3.5']",0.68575535,0.05502693,-1.3145358429156477,0.48971949485937827,-0.8248163480562695
"['V2.1', 'V3.0', 'V3.2', 'V3.4']",0.8531649,0.05406136,0.45280732740860175,-0.216404571224077,0.23640275618452475
"['V2.1', 'V3.0', 'V3.2', 'V3.6']",0.74192185,0.0545611,-0.7215859175618256,0.14905670116896058,-0.572529216392865
"['V2.1', 'V3.0', 'V3.2', 'V3.8']",0.7941289,0.05494849,-0.17043591888924886,0.4323561014818027,0.26192018259255384
"['V2.1', 'V3.0', 'V3.2', 'V3.7']",0.90059053,0.05487554,0.9534798594046845,0.3790075605983974,1.3324874200030818
"['V2.1', 'V3.0', 'V3.2', 'V1.2_copy']",0.8278752,0.05457421,0.18582388127575503,0.15864408116870352,0.34446796244445854
"['V2.1', 'V3.0', 'V3.3', 'V3.4']",0.85863372,0.05277428,0.5105416781474499,-1.157649807690306,-0.647108129542856
"['V2.1', 'V3.0', 'V3.3', 'V3.5']",0.93394426,0.05366507,1.3055952967876712,-0.506212566654976,0.7993827301326951
"['V2.1', 'V3.0', 'V3.3', 'V3.6']",0.85348871,0.05359094,0.4562257906443178,-0.5604240448686432,-0.10419825422432538
"['V2.1', 'V3.0', 'V3.3', 'V3.7']",1.03378811,0.05354168,2.3596471498413276,-0.5964480218928545,1.763199127948473
"['V2.1', 'V3.0', 'V3.4', 'V3.5']",0.87545878,0.05381751,0.6881638919416786,-0.3947327644306321,0.2934311275110465
"['V2.1', 'V3.0', 'V3.3', 'V3.8']",0.9724076,0.05349393,1.7116529037572832,-0.6313677316554657,1.0802851721018176
"['V2.1', 'V3.0', 'V3.3', 'V1.2_copy']",0.87661643,0.05322654,0.7003852068017083,-0.8269107932978684,-0.12652558649616008
"['V2.1', 'V3.0', 'V3.4', 'V3.6']",0.83709347,0.0536697,0.2831411880047013,-0.5028266345879427,-0.21968544658324146
"['V2.1', 'V3.0', 'V3.4', 'V3.7']",0.8948747,0.05365588,0.8931378232828837,-0.5129332395914865,0.3802045836913972
"['V2.1', 'V3.0', 'V3.4', 'V3.8']",0.81798216,0.05359519,0.08138302543602159,-0.557316007874062,-0.4759329824380404
"['V2.1', 'V3.0', 'V3.4', 'V1.2_copy']",0.85298449,0.05337111,0.4509027384448405,-0.7211863442846608,-0.27028360583982025
"['V2.1', 'V3.0', 'V3.5', 'V3.6']",0.88985704,0.05444524,0.8401663701488825,0.06432795618265105,0.9044943263315336
"['V2.1', 'V3.0', 'V3.5', 'V3.7']",0.85725689,0.05416312,0.49600647930606045,-0.14198719603154614,0.3540192832745143
"['V2.1', 'V3.0', 'V3.5', 'V3.8']",0.86714488,0.05448191,0.6003940222791728,0.09114483067469423,0.6915388529538671
"['V2.1', 'V3.0', 'V3.6', 'V3.7']",0.9785243,0.05333774,1.7762269257884176,-0.7455899194632635,1.0306370063251542
"['V2.1', 'V3.0', 'V3.5', 'V1.2_copy']",0.96153197,0.05428072,1.5968388420536734,-0.055985984134520286,1.5408528579191532
"['V2.1', 'V3.0', 'V3.6', 'V3.8']",0.81575286,0.05395188,0.05784829799900363,-0.29646760420440804,-0.23861930620540442
"['V2.1', 'V3.0', 'V3.7', 'V3.8']",0.89848695,0.05362206,0.9312723584214332,-0.5376659010401077,0.3936064573813255
"['V2.1', 'V3.0', 'V3.6', 'V1.2_copy']",0.96655592,0.05404116,1.6498766987383757,-0.23117688823360433,1.4186998105047715
"['V2.1', 'V3.0', 'V3.7', 'V1.2_copy']",0.94406681,0.05401356,1.4124590904527627,-0.2513608461278019,1.161098244324961
"['V2.1', 'V3.0', 'V3.8', 'V1.2_copy']",0.79684984,0.0541691,-0.1417109463541571,-0.13761400515447245,-0.27932495150862957
"['V2.1', 'V3.1', 'V3.2', 'V3.3']",0.93202818,0.05465062,1.2853672339215152,0.2145229298171041,1.4998901637386193
"['V2.1', 'V3.1', 'V3.2', 'V3.4']",0.8816219,0.05463455,0.7532279700655893,0.20277089346348798,0.9559988635290773
"['V2.1', 'V3.1', 'V3.2', 'V3.5']",0.84451496,0.05551188,0.36148988236012947,0.8443647985112839,1.2058546808714135
"['V2.1', 'V3.1', 'V3.2', 'V3.6']",0.84045751,0.05452509,0.31865536935634825,0.12272248653960448,0.44137785589595274
"['V2.1', 'V3.1', 'V3.2', 'V3.8']",0.71503203,0.05473215,-1.0054618358009482,0.2741460489154465,-0.7313157868855016
"['V2.1', 'V3.1', 'V3.2', 'V3.7']",0.86388195,0.054314,0.5659472595302968,-0.03164822620991622,0.5342990333203805
"['V2.1', 'V3.1', 'V3.2', 'V1.2_copy']",0.91169397,0.05537979,1.0706989120280566,0.7477670087197984,1.818465920747855
"['V2.1', 'V3.1', 'V3.3', 'V3.4']",0.85789902,0.05325834,0.5027854478294221,-0.8036553635502035,-0.30086991572078137
"['V2.1', 'V3.1', 'V3.3', 'V3.5']",0.93980849,0.05406672,1.3675039921978829,-0.2124847880968004,1.1550192041010825
"['V2.1', 'V3.1', 'V3.3', 'V3.7']",0.95598147,0.05291777,1.5382421952860024,-1.0527151657251277,0.4855270295608747
"['V2.1', 'V3.1', 'V3.3', 'V3.6']",0.81216314,0.05350345,0.019951612144604065,-0.6244057287876117,-0.6044541166430076
"['V2.1', 'V3.1', 'V3.3', 'V3.8']",0.87447785,0.0532273,0.6778082107032657,-0.826355003152959,-0.14854679244969327
"['V2.1', 'V3.1', 'V3.4', 'V3.6']",0.85174433,0.05360641,0.4378103652432567,-0.5491107902083766,-0.11130042496511988
"['V2.1', 'V3.1', 'V3.3', 'V1.2_copy']",0.97292458,0.05393678,1.7171106633187554,-0.3075102768204411,1.4096003864983144
"['V2.1', 'V3.1', 'V3.4', 'V3.5']",0.82027581,0.05423982,0.1055970960348272,-0.08589626956469197,0.019700826470135227
"['V2.1', 'V3.1', 'V3.4', 'V3.7']",0.86020497,0.05307816,0.5271293695687088,-0.9354215060638674,-0.4082921364951586
"['V2.1', 'V3.1', 'V3.4', 'V3.8']",0.86025894,0.05335268,0.5276991310363344,-0.7346642552987954,-0.20696512426246105
"['V2.1', 'V3.1', 'V3.4', 'V1.2_copy']",0.83096882,0.05410219,0.2184832377974023,-0.18654547699146148,0.031937760805940824
"['V2.1', 'V3.1', 'V3.5', 'V3.6']",0.79143417,0.05426733,-0.1988841923680786,-0.06577812892449304,-0.26466232129257167
"['V2.1', 'V3.1', 'V3.5', 'V3.7']",0.77550227,0.05342856,-0.36707731310276137,-0.6791729971461883,-1.0462503102489498
"['V2.1', 'V3.1', 'V3.5', 'V3.8']",0.84151541,0.0541287,0.3298236231380825,-0.16715863917351695,0.16266498396456555
"['V2.1', 'V3.1', 'V3.5', 'V1.2_copy']",0.97504101,0.05494349,1.7394538217942979,0.4286995873705308,2.1681534091648285
"['V2.1', 'V3.1', 'V3.6', 'V3.7']",0.74597487,0.052067,-0.6787981720826248,-1.6748856678138653,-2.3536838398964903
"['V2.1', 'V3.1', 'V3.6', 'V3.8']",0.84105281,0.05308358,0.3249399534155848,-0.9314578447672534,-0.6065178913516686
"['V2.1', 'V3.1', 'V3.6', 'V1.2_copy']",0.96399939,0.05421298,1.6228874031143863,-0.10552443731398006,1.5173629658004062
"['V2.1', 'V3.1', 'V3.7', 'V1.2_copy']",0.88631834,0.05369084,0.8028083026023989,-0.48736689292550356,0.3154414096768953
"['V2.1', 'V3.1', 'V3.7', 'V3.8']",0.68567533,0.05220105,-1.3153806143190072,-1.576854524490766,-2.892235138809773
"['V2.1', 'V3.1', 'V3.8', 'V1.2_copy']",0.96625898,0.05415325,1.6467419021810938,-0.1492051548871912,1.4975367472939027
"['V2.1', 'V3.2', 'V3.3', 'V3.4']",0.81601157,0.05378502,0.06057950032046366,-0.41849279312565035,-0.3579132928051867
"['V2.1', 'V3.2', 'V3.3', 'V3.5']",0.72050446,0.05481266,-0.9476893742802196,0.333023239135087,-0.6146661351451326
"['V2.1', 'V3.2', 'V3.3', 'V3.6']",0.90437145,0.05446692,0.9933950442883563,0.08018260136911243,1.0735776456574688
"['V2.1', 'V3.2', 'V3.3', 'V3.7']",0.86476274,0.05480242,0.5752457624591311,0.3255346982352085,0.9007804606943395
"['V2.1', 'V3.2', 'V3.3', 'V3.8']",0.87654486,0.05469293,0.6996296420761586,0.24546435222665874,0.9450939943028174
"['V2.1', 'V3.2', 'V3.3', 'V1.2_copy']",0.99019762,0.05458238,1.8994622034473652,0.16461882522651713,2.064081028673882
"['V2.1', 'V3.2', 'V3.4', 'V3.5']",0.71200303,0.05473329,-1.0374389987699202,0.2749797341328133,-0.7624592646371069
"['V2.1', 'V3.2', 'V3.4', 'V3.6']",0.72980188,0.05432338,-0.8495364807407765,-0.02478860573717967,-0.8743250864779561
"['V2.1', 'V3.2', 'V3.4', 'V3.7']",0.8300689,0.05469965,0.20898277939560686,0.2503787071922045,0.4593614865878114
"['V2.1', 'V3.2', 'V3.4', 'V3.8']",0.80101884,0.05456759,-0.09769879963324567,0.15380285648538522,0.05610405685213955
"['V2.1', 'V3.2', 'V3.4', 'V1.2_copy']",0.91469983,0.05450933,1.1024317859408703,0.11119715406088945,1.2136289400017597
"['V2.1', 'V3.2', 'V3.5', 'V3.6']",0.81112355,0.05520854,0.0089766570931309,0.6225314004088626,0.6315080575019935
"['V2.1', 'V3.2', 'V3.5', 'V3.7']",0.86146169,0.05531679,0.5403965667447951,0.7016949309178181,1.2420914976626132
"['V2.1', 'V3.2', 'V3.5', 'V1.2_copy']",0.75715003,0.05555477,-0.5608219711832085,0.8757303765577457,0.3149084053745371
"['V2.1', 'V3.2', 'V3.5', 'V3.8']",0.61017117,0.05558341,-2.112478279936467,0.8966748893870876,-1.2158033905493797
"['V2.1', 'V3.2', 'V3.6', 'V3.7']",0.77255358,0.05411709,-0.39820664313741927,-0.1756490649398834,-0.5738557080773027
"['V2.1', 'V3.2', 'V3.6', 'V3.8']",0.78345718,0.05475435,-0.2830973020517553,0.2903809715694775,0.007283669517722191
"['V2.1', 'V3.2', 'V3.6', 'V1.2_copy']",0.73852886,0.05503488,-0.7574057241587523,0.4955333522962945,-0.26187237186245776
"['V2.1', 'V3.2', 'V3.7', 'V3.8']",0.81810583,0.05480103,0.08268861003304151,0.3245181873122781,0.4072067973453196
"['V2.1', 'V3.2', 'V3.7', 'V1.2_copy']",1.25050503,0.05539069,4.6475283875347975,0.755738209482364,5.403266597017161
"['V2.1', 'V3.2', 'V3.8', 'V1.2_copy']",0.85269644,0.05549721,0.44786179364681755,0.8336365861088219,1.2814983797556394
"['V2.1', 'V3.3', 'V3.4', 'V3.5']",0.7354523,0.05348423,-0.789884978204252,-0.6384613690313271,-1.428346347235579
"['V2.1', 'V3.3', 'V3.4', 'V3.6']",0.85669121,0.05345142,0.490034593684308,-0.6624554146294702,-0.1724208209451622
"['V2.1', 'V3.3', 'V3.4', 'V3.7']",1.0158329,0.05345079,2.1700939387775757,-0.6629161354074911,1.5071778033700847
"['V2.1', 'V3.3', 'V3.4', 'V3.8']",0.86487097,0.05322961,0.5763883469253355,-0.8246656936335541,-0.24827734670821866
"['V2.1', 'V3.3', 'V3.5', 'V3.6']",0.82165366,0.05428688,0.12014306301957267,-0.05148115874943411,0.06866190427013856
"['V2.1', 'V3.3', 'V3.4', 'V1.2_copy']",0.92968729,0.05326387,1.2606544504872357,-0.7996112589431432,0.46104319154409246
"['V2.1', 'V3.3', 'V3.5', 'V3.8']",0.89866391,0.05417048,0.9331405257238397,-0.1366048072597608,0.7965357184640789
"['V2.1', 'V3.3', 'V3.5', 'V3.7']",0.98196228,0.05401449,1.8125216919634135,-0.25068073450310874,1.5618409574603047
"['V2.1', 'V3.3', 'V3.6', 'V3.7']",0.82338885,0.05328894,0.13846146956038788,-0.7812774971892428,-0.6428160276288549
"['V2.1', 'V3.3', 'V3.5', 'V1.2_copy']",1.03668993,0.05423433,2.390281673131729,-0.08991112205886731,2.3003705510728616
"['V2.1', 'V3.3', 'V3.6', 'V1.2_copy']",0.96331701,0.05411066,1.615683515208554,-0.18035134208697562,1.4353321731215785
"['V2.1', 'V3.3', 'V3.6', 'V3.8']",0.72398964,0.05374912,-0.91089631754988,-0.4447465644445603,-1.3556428819944402
"['V2.1', 'V3.3', 'V3.7', 'V3.8']",0.97039798,0.05341569,1.6904373388032703,-0.6885848644685914,1.001852474334679
"['V2.1', 'V3.4', 'V3.5', 'V3.6']",0.93269068,0.05433137,1.2923612486019194,-0.01894549618737346,1.273415752414546
"['V2.1', 'V3.3', 'V3.8', 'V1.2_copy']",0.95760427,0.05408182,1.5553741002269228,-0.2014421154807674,1.3539319847461555
"['V2.1', 'V3.3', 'V3.7', 'V1.2_copy']",1.19369252,0.05410316,4.047758532484842,-0.1858361132538784,3.8619224192309636
"['V2.1', 'V3.4', 'V3.5', 'V3.7']",0.94119745,0.05409153,1.3821672474891944,-0.1943411650766873,1.187826082412507
"['V2.1', 'V3.4', 'V3.5', 'V1.2_copy']",0.86018219,0.05434605,0.5268888810337359,-0.008209970756687678,0.5186789102770482
"['V2.1', 'V3.4', 'V3.5', 'V3.8']",0.86359413,0.05423297,0.56290874284303,-0.09090569389713143,0.4720030489458986
"['V2.1', 'V3.4', 'V3.6', 'V3.7']",0.79262889,0.05331537,-0.18627152939604533,-0.7619491635970782,-0.9482206929931235
"['V2.1', 'V3.4', 'V3.6', 'V3.8']",0.82802118,0.05374474,0.18736499261620074,-0.44794967080603,-0.2605846781898292
"['V2.1', 'V3.4', 'V3.7', 'V3.8']",0.88972502,0.05346321,0.8387726345743814,-0.6538333543551014,0.18493928021928008
"['V2.1', 'V3.4', 'V3.6', 'V1.2_copy']",0.96032458,0.05415476,1.5840924218499404,-0.14810088762558585,1.4359915342243545
"['V2.1', 'V3.4', 'V3.7', 'V1.2_copy']",0.88064028,0.05418727,0.7428650044949063,-0.12432623287412009,0.6185387716207862
"['V2.1', 'V3.4', 'V3.8', 'V1.2_copy']",0.82116931,0.05414442,0.11502977847549263,-0.1556625588076919,-0.04063278033219926
"['V2.1', 'V3.5', 'V3.6', 'V3.7']",0.777966,0.05370434,-0.34106770738419295,-0.4774943048250745,-0.8185620122092674
"['V2.1', 'V3.5', 'V3.6', 'V3.8']",0.91106664,0.05454958,1.064076187153404,0.14063209265659782,1.2047082798100017
"['V2.1', 'V3.5', 'V3.6', 'V1.2_copy']",0.8651106,0.05501093,0.5789181216239992,0.4780186497033183,1.0569367713273174
"['V2.1', 'V3.5', 'V3.7', 'V3.8']",0.86108555,0.05397831,0.5364256555268526,-0.2771392706122434,0.2592863849146092
"['V2.1', 'V3.5', 'V3.7', 'V1.2_copy']",0.97796592,0.05479147,1.7703321062906914,0.3175269323315342,2.0878590386222253
"['V2.1', 'V3.5', 'V3.8', 'V1.2_copy']",0.87125308,0.05511607,0.643764303199981,0.5549078284350696,1.1986721316350506
"['V2.1', 'V3.6', 'V3.7', 'V3.8']",0.74332282,0.05276651,-0.7067958726609864,-1.1633320306192148,-1.8701279032802012
"['V2.1', 'V3.6', 'V3.7', 'V1.2_copy']",1.06744634,0.05388042,2.7149771947264787,-0.3487265038826555,2.366250690843823
"['V2.1', 'V3.6', 'V3.8', 'V1.2_copy']",0.84826668,0.05453387,0.40109680274769943,0.12914332531899145,0.5302401280666909
"['V2.1', 'V3.7', 'V3.8', 'V1.2_copy']",1.06146697,0.05425766,2.65185296595732,-0.07284982721568824,2.5790031387416317
"['V2.2', 'V2.3', 'V2.4', 'V2.5']",0.61658618,0.05293148,-2.044754998253542,-1.04268900403203,-3.087444002285572
"['V2.2', 'V2.3', 'V2.4', 'V2.6']",0.6438741,0.05307867,-1.7566763370042013,-0.9350485416245164,-2.691724878628718
"['V2.2', 'V2.3', 'V2.4', 'V2.7']",0.8611956,0.05385511,0.5375874537390462,-0.3672357783138958,0.17035167542515034
"['V2.2', 'V2.3', 'V2.4', 'V2.8']",0.81080247,0.05377377,0.005587014476400472,-0.4267199498760071,-0.4211329353996066
"['V2.2', 'V2.3', 'V2.4', 'V3.0']",0.89827814,0.05218078,0.9290679505642021,-1.5916780326978444,-0.6626100821336423
"['V2.2', 'V2.3', 'V2.4', 'V3.2']",0.58745447,0.05285981,-2.352298556601119,-1.095101477302951,-3.4474000339040702
"['V2.2', 'V2.3', 'V2.4', 'V3.1']",0.64155699,0.05103212,-1.7811380749002177,-2.431696332507723,-4.212834407407941
"['V2.2', 'V2.3', 'V2.4', 'V3.3']",0.797004,0.05218127,-0.14008347872678928,-1.591319694314941,-1.7314031730417303
"['V2.2', 'V2.3', 'V2.4', 'V3.4']",0.74433518,0.05217451,-0.6961083848091325,-1.5962633013933767,-2.292371686202509
"['V2.2', 'V2.3', 'V2.4', 'V3.5']",0.76510148,0.05295982,-0.47687848736358956,-1.0219638820493655,-1.4988423694129551
"['V2.2', 'V2.3', 'V2.4', 'V3.6']",0.76423017,0.05127251,-0.4860769099012235,-2.2558984470661683,-2.7419753569673917
"['V2.2', 'V2.3', 'V2.4', 'V3.7']",0.92880114,0.05067045,1.25129936202076,-2.6961866242322015,-1.4448872622114415
"['V2.2', 'V2.3', 'V2.4', 'V1.2_copy']",0.79090706,0.05285719,-0.20444889437289082,-1.097017490697257,-1.3014663850701478
"['V2.2', 'V2.3', 'V2.4', 'V3.8']",0.63979482,0.05187083,-1.799741309389829,-1.8183453424553653,-3.618086651845194
"['V2.2', 'V2.3', 'V2.5', 'V2.6']",0.57702448,0.05254116,-2.4624079953580496,-1.328131121614074,-3.7905391169721234
"['V2.2', 'V2.3', 'V2.5', 'V2.7']",0.75748748,0.05320216,-0.5572595104226017,-0.8447399561044157,-1.4019994665270175
"['V2.2', 'V2.3', 'V2.5', 'V2.8']",0.7709536,0.05310758,-0.415097637263234,-0.9139065770331635,-1.3290042142963974
"['V2.2', 'V2.3', 'V2.5', 'V3.0']",0.69443556,0.05150535,-1.2228988373775516,-2.08562189793263,-3.3085207353101818
"['V2.2', 'V2.3', 'V2.5', 'V3.2']",0.68797286,0.05273833,-1.2911255825474321,-1.1839401441503246,-2.475065726697757
"['V2.2', 'V2.3', 'V2.5', 'V3.1']",0.64503586,0.05038972,-1.744411632860645,-2.901485265523468,-4.645896898384113
"['V2.2', 'V2.3', 'V2.5', 'V3.3']",0.72377713,0.05155714,-0.9131397863192877,-2.0477477247681115,-2.960887511087399
"['V2.2', 'V2.3', 'V2.5', 'V3.5']",0.90035425,0.05234077,0.9509854506670458,-1.474676894165484,-0.5236914434984382
"['V2.2', 'V2.3', 'V2.5', 'V3.4']",0.63902258,0.05132653,-1.8078938496114063,-2.216393468608025,-4.024287318219431
"['V2.2', 'V2.3', 'V2.5', 'V3.6']",0.70332863,0.0508718,-1.1290146681188946,-2.548938800971427,-3.6779534690903217
"['V2.2', 'V2.3', 'V2.5', 'V3.7']",0.72073079,0.05003617,-0.9453000077253284,-3.1600373783312468,-4.105337386056576
"['V2.2', 'V2.3', 'V2.5', 'V3.8']",0.69314872,0.05116077,-1.236484011492767,-2.3376142244247906,-3.5740982359175577
"['V2.2', 'V2.3', 'V2.5', 'V1.2_copy']",0.91599499,0.05221427,1.116104794323469,-1.5671867011805718,-0.4510819068571028
"['V2.2', 'V2.3', 'V2.6', 'V2.7']",0.76619308,0.05331628,-0.46535446257094243,-0.7612836780288275,-1.22663814059977
"['V2.2', 'V2.3', 'V2.6', 'V2.8']",0.84870507,0.05332028,0.40572488742051693,-0.758358466739815,-0.35263357931929806
"['V2.2', 'V2.3', 'V2.6', 'V3.0']",0.73510663,0.05180246,-0.7935342175319123,-1.868344516412846,-2.6618787339447585
"['V2.2', 'V2.3', 'V2.6', 'V3.1']",0.75813675,0.05060565,-0.5504051648957397,-2.7435750471142355,-3.2939802120099753
"['V2.2', 'V2.3', 'V2.6', 'V3.2']",0.72210815,0.05292563,-0.9307592136721947,-1.046967125542215,-1.9777263392144098
"['V2.2', 'V2.3', 'V2.6', 'V3.3']",0.69800998,0.05188964,-1.1851636736735063,-1.8045895363687734,-2.98975321004228
"['V2.2', 'V2.3', 'V2.6', 'V3.4']",0.67466518,0.05174741,-1.4316148041053463,-1.9086027367779101,-3.3402175408832564
"['V2.2', 'V2.3', 'V2.6', 'V3.5']",0.83811,0.05264262,0.29387269856028037,-1.2539331372682205,-0.9600604387079401
"['V2.2', 'V2.3', 'V2.6', 'V3.7']",0.86957298,0.05033625,0.6260274819704771,-2.9405880274293708,-2.314560545458894
"['V2.2', 'V2.3', 'V2.6', 'V3.6']",0.71834522,0.05114824,-0.970484478066658,-2.3467774487876314,-3.3172619268542896
"['V2.2', 'V2.3', 'V2.6', 'V3.8']",0.62013207,0.05152231,-2.0073210258533942,-2.073219002067206,-4.0805400279206
"['V2.2', 'V2.3', 'V2.6', 'V1.2_copy']",0.86343932,0.05249927,0.5612744131635237,-1.3587653968382813,-0.7974909836747577
"['V2.2', 'V2.3', 'V2.7', 'V2.8']",0.77169039,0.05390711,-0.4073193428083294,-0.3292080315567036,-0.7365273743650329
"['V2.2', 'V2.3', 'V2.7', 'V3.0']",0.74365782,0.05240722,-0.7032592765584428,-1.4260818216267321,-2.129341098185175
"['V2.2', 'V2.3', 'V2.7', 'V3.1']",0.82801392,0.05130405,0.18728834877230613,-2.232833156052291,-2.0455448072799847
"['V2.2', 'V2.3', 'V2.7', 'V3.2']",0.74065467,0.05362567,-0.734963540992338,-0.5350258978517712,-1.2699894388441093
"['V2.2', 'V2.3', 'V2.7', 'V3.3']",0.82421808,0.05250831,0.1472156533995297,-1.3521544193251072,-1.2049387659255775
"['V2.2', 'V2.3', 'V2.7', 'V3.4']",0.75890103,0.05244626,-0.5423366584203604,-1.3975317594459467,-1.939868417866307
"['V2.2', 'V2.3', 'V2.7', 'V3.5']",0.80360583,0.05330451,-0.07038793768900742,-0.7698911122467539,-0.8402790499357613
"['V2.2', 'V2.3', 'V2.7', 'V3.6']",0.81557131,0.05175805,0.05593167405149094,-1.9008216747491318,-1.8448900006976408
"['V2.2', 'V2.3', 'V2.7', 'V3.8']",0.71230904,0.05220243,-1.0342084501927877,-1.5758453265960544,-2.610053776788842
"['V2.2', 'V2.3', 'V2.7', 'V3.7']",0.90022534,0.05092544,0.9496245473727799,-2.509711717585741,-1.5600871702129608
"['V2.2', 'V2.3', 'V2.7', 'V1.2_copy']",0.88564627,0.05310788,0.7957132574004981,-0.9136871861864861,-0.117973928785988
"['V2.2', 'V2.3', 'V2.8', 'V3.0']",0.89880017,0.05233918,0.9345790229922952,-1.4758396656528692,-0.5412606426605739
"['V2.2', 'V2.3', 'V2.8', 'V3.1']",0.81807894,0.0512619,0.08240473221454178,-2.2636575700102806,-2.1812528377957388
"['V2.2', 'V2.3', 'V2.8', 'V3.2']",0.89203445,0.05351477,0.863153294685122,-0.6161273808396988,0.24702591384542327
"['V2.2', 'V2.3', 'V2.8', 'V3.3']",0.9720518,0.05251168,1.7078967219862828,-1.3496899288141155,0.3582067931721673
"['V2.2', 'V2.3', 'V2.8', 'V3.4']",0.73139586,0.05240179,-0.8327088286347083,-1.43005279595157,-2.2627616245862785
"['V2.2', 'V2.3', 'V2.8', 'V3.6']",0.76737477,0.05162021,-0.45287935735179286,-2.001624455768575,-2.454503813120368
"['V2.2', 'V2.3', 'V2.8', 'V3.5']",0.96983517,0.05322002,1.6844957517809633,-0.8316788876989644,0.852816864081999
"['V2.2', 'V2.3', 'V2.8', 'V3.7']",0.9282708,0.05069015,1.245700560895317,-2.6817799586338014,-1.4360793977384843
"['V2.2', 'V2.3', 'V2.8', 'V1.2_copy']",0.98814306,0.05301566,1.8777722067654468,-0.9811279324547205,0.8966442743107262
"['V2.2', 'V2.3', 'V2.8', 'V3.8']",0.71805644,0.05212783,-0.9735331294770836,-1.6304005171361773,-2.6039336466132608
"['V2.2', 'V2.3', 'V3.0', 'V3.1']",0.84000398,0.04965792,0.31386745165370095,-3.4366526708486873,-3.1227852191949865
"['V2.2', 'V2.3', 'V3.0', 'V3.2']",0.86498362,0.05195666,0.5775775933460857,-1.7555776212213332,-1.1780000278752474
"['V2.2', 'V2.3', 'V3.0', 'V3.3']",0.99020678,0.05078964,1.8995589055975117,-2.6090226408477903,-0.7094637352502786
"['V2.2', 'V2.3', 'V3.0', 'V3.4']",0.64969881,0.0507691,-1.6951848543640575,-2.6240436008168797,-4.319228455180937
"['V2.2', 'V2.3', 'V3.0', 'V3.6']",0.76815816,0.05011462,-0.44460910654351815,-3.1026666719254474,-3.5472757784689657
"['V2.2', 'V2.3', 'V3.0', 'V3.5']",0.88605404,0.05161439,0.8000180866325411,-2.0058806381940886,-1.2058625515615473
"['V2.2', 'V2.3', 'V3.0', 'V3.7']",0.88646345,0.04927278,0.8043402293499821,-3.718306639811457,-2.913966410461475
"['V2.2', 'V2.3', 'V3.0', 'V3.8']",0.70448505,0.05055096,-1.1168063383729139,-2.78356999846329,-3.900376336836204
"['V2.2', 'V2.3', 'V3.0', 'V1.2_copy']",0.9451215,0.05121914,1.423593456253932,-2.2949280786898436,-0.8713346224359115
"['V2.2', 'V2.3', 'V3.1', 'V3.2']",0.77269882,0.05089418,-0.3966733439794084,-2.5325722438093936,-2.929245587788802
"['V2.2', 'V2.3', 'V3.1', 'V3.3']",0.86349535,0.04971056,0.5618659220579281,-3.3981568902852555,-2.8362909682273276
"['V2.2', 'V2.3', 'V3.1', 'V3.4']",0.80833797,0.04973219,-0.020430720134703102,-3.3823388102399075,-3.4027695303746106
"['V2.2', 'V2.3', 'V3.1', 'V3.5']",0.80523795,0.05042885,-0.05315764147741351,-2.8728693860886843,-2.926027027566098
"['V2.2', 'V2.3', 'V3.1', 'V3.6']",0.67434616,0.04844878,-1.4349826992952965,-4.320900165348467,-5.755882864643764
"['V2.2', 'V2.3', 'V3.1', 'V3.7']",0.70612917,0.04707502,-1.0994493581218256,-5.325534730447637,-6.424984088569462
"['V2.2', 'V2.3', 'V3.1', 'V3.8']",0.6760185,0.04874742,-1.4173278004113323,-4.1025038905106355,-5.519831690921968
"['V2.2', 'V2.3', 'V3.1', 'V1.2_copy']",0.97476516,0.05042058,1.7365416724364273,-2.8789172604287203,-1.142375587992293
"['V2.2', 'V2.3', 'V3.2', 'V3.3']",0.76960812,0.05207641,-0.42930187405144526,-1.6680041082564625,-2.097305982307908
"['V2.2', 'V2.3', 'V3.2', 'V3.4']",0.75455647,0.05183755,-0.5882021926390703,-1.8426831003799644,-2.4308852930190348
"['V2.2', 'V2.3', 'V3.2', 'V3.5']",0.85489097,0.05278648,0.4710294540794017,-1.1487279132588137,-0.677698459179412
"['V2.2', 'V2.3', 'V3.2', 'V3.7']",0.84350372,0.05033128,0.3508142183519601,-2.9442226024559717,-2.5934083841040114
"['V2.2', 'V2.3', 'V3.2', 'V3.6']",0.67745177,0.05087738,-1.4021967643041884,-2.544858131223253,-3.9470548955274416
"['V2.2', 'V2.3', 'V3.2', 'V3.8']",0.59418779,0.05171121,-2.2812148752005794,-1.9350758989434922,-4.216290774144071
"['V2.2', 'V2.3', 'V3.2', 'V1.2_copy']",0.93654792,0.05259739,1.333082143976774,-1.2870099639187533,0.046072180058020606
"['V2.2', 'V2.3', 'V3.3', 'V3.4']",0.69450611,0.05077929,-1.222154040795359,-2.616591625058115,-3.838745665853474
"['V2.2', 'V2.3', 'V3.3', 'V3.5']",0.83265237,0.05166299,0.236256480688261,-1.9703393210325644,-1.7340828403443034
"['V2.2', 'V2.3', 'V3.3', 'V3.7']",0.91335681,0.04934804,1.0882535193807557,-3.663268789408647,-2.575015270027891
"['V2.2', 'V2.3', 'V3.3', 'V3.8']",0.75784397,0.05052603,-0.5534960443193301,-2.801801377822073,-3.355297422141403
"['V2.2', 'V2.3', 'V3.3', 'V3.6']",0.8616756,0.05022835,0.5426548153188109,-3.0194956019505406,-2.4768407866317297
"['V2.2', 'V2.3', 'V3.3', 'V1.2_copy']",1.02056729,0.05147595,2.2200749095892864,-2.1071222009068866,0.11295270868239982
"['V2.2', 'V2.3', 'V3.4', 'V3.5']",0.83722565,0.05162992,0.2845366126997293,-1.9945235053644899,-1.7099868926647606
"['V2.2', 'V2.3', 'V3.4', 'V3.6']",0.76415815,0.05012685,-0.48683722527825457,-3.093722838409284,-3.5805600636875385
"['V2.2', 'V2.3', 'V3.4', 'V3.7']",0.86673017,0.04928687,0.5960159274442889,-3.7080025830459022,-3.1119866556016134
"['V2.2', 'V2.3', 'V3.4', 'V3.8']",0.6745382,0.05045004,-1.4329553323832598,-2.8573730792851264,-4.290328411668386
"['V2.2', 'V2.3', 'V3.4', 'V1.2_copy']",0.90658814,0.0514224,1.0167966479138728,-2.146283467038569,-1.1294868191246963
"['V2.2', 'V2.3', 'V3.5', 'V3.6']",0.8483741,0.05083832,0.4022308360412372,-2.573422819460481,-2.171191983419244
"['V2.2', 'V2.3', 'V3.5', 'V3.7']",0.81420063,0.04970216,0.041461400780341454,-3.404299833992185,-3.3628384332118437
"['V2.2', 'V2.3', 'V3.5', 'V3.8']",0.74588996,0.05129017,-0.6796945672320784,-2.2429836392251667,-2.9226782064572454
"['V2.2', 'V2.3', 'V3.6', 'V3.8']",0.5788283,0.04941862,-2.4433650616813605,-3.6116534362139836,-6.055018497895344
"['V2.2', 'V2.3', 'V3.5', 'V1.2_copy']",1.09668759,0.05235635,3.02367716721457,-1.4632831961947712,1.5603939710197987
"['V2.2', 'V2.3', 'V3.6', 'V3.7']",0.79555705,0.04753494,-0.15535893463895664,-4.989193936436742,-5.144552871075699
"['V2.2', 'V2.3', 'V3.6', 'V1.2_copy']",0.91387618,0.05076868,1.093736510180094,-2.624350748002227,-1.530614237822133
"['V2.2', 'V2.3', 'V3.7', 'V3.8']",0.59730985,0.04826949,-2.248255277505331,-4.452015448350323,-6.700270725855654
"['V2.2', 'V2.3', 'V3.7', 'V1.2_copy']",1.09601087,0.04996475,3.016533031947366,-3.2122670258965993,-0.1957339939492333
"['V2.2', 'V2.3', 'V3.8', 'V1.2_copy']",0.88457048,0.05129,0.7843561388298852,-2.2431079607049504,-1.4587518218750652
"['V2.2', 'V2.4', 'V2.5', 'V2.6']",0.61558572,0.0538271,-2.0553168577662313,-0.38771957036521687,-2.4430364281314483
"['V2.2', 'V2.4', 'V2.5', 'V2.7']",0.79685935,0.05453587,-0.1416105492528587,0.1306059309635002,-0.011004618289358503
"['V2.2', 'V2.4', 'V2.5', 'V2.8']",0.83970378,0.05456511,0.3106982392656903,0.15198922548619678,0.46268746475188705
"['V2.2', 'V2.4', 'V2.5', 'V3.0']",0.79366846,0.05310359,-0.17529678548463787,-0.9168244752939573,-1.092121260778595
"['V2.2', 'V2.4', 'V2.5', 'V3.1']",0.6964699,0.05311199,-1.2014223033021807,-0.9106815315870276,-2.1121038348892083
"['V2.2', 'V2.4', 'V2.5', 'V3.2']",0.70901132,0.05364337,-1.0690224910861632,-0.5220818378978799,-1.5911043289840432
"['V2.2', 'V2.4', 'V2.5', 'V3.3']",0.64694291,0.05296599,-1.724278899734208,-1.0174517436360606,-2.7417306433702686
"['V2.2', 'V2.4', 'V2.5', 'V3.4']",0.76395027,0.05263724,-0.48903181512242355,-1.2578675464519447,-1.7468993615743682
"['V2.2', 'V2.4', 'V2.5', 'V3.5']",0.77110897,0.053757,-0.41345739566188416,-0.43898389820520023,-0.8524412938670844
"['V2.2', 'V2.4', 'V2.5', 'V3.6']",0.73024733,0.05302985,-0.8448338636247227,-0.9707507454069382,-1.815584609031661
"['V2.2', 'V2.4', 'V2.5', 'V3.7']",0.92080588,0.05318677,1.1668933758869535,-0.8559947065388971,0.31089866934805643
"['V2.2', 'V2.4', 'V2.5', 'V3.8']",0.75656838,0.05335267,-0.5669624521475208,-0.7346715683270192,-1.30163402047454
"['V2.2', 'V2.4', 'V2.6', 'V2.7']",0.82234532,0.05451002,0.12744491991594828,0.11170175300824274,0.239146672924191
"['V2.2', 'V2.4', 'V2.5', 'V1.2_copy']",0.84948124,0.0537007,0.4139189166650296,-0.4801562470980823,-0.06623733043305269
"['V2.2', 'V2.4', 'V2.6', 'V2.8']",0.73462717,0.05463847,-0.7985958783298993,0.20563760052672556,-0.5929582778031738
"['V2.2', 'V2.4', 'V2.6', 'V3.0']",0.64248703,0.05326487,-1.771319639559293,-0.7988799561208889,-2.5701995956801817
"['V2.2', 'V2.4', 'V2.6', 'V3.1']",0.68812194,0.05319864,-1.2895517444967834,-0.8473141420387484,-2.136865886535532
"['V2.2', 'V2.4', 'V2.6', 'V3.2']",0.61757582,0.05367823,-2.0343073655164625,-0.4965886215141193,-2.530895987030582
"['V2.2', 'V2.4', 'V2.6', 'V3.3']",0.77283681,0.05316171,-0.3952165830952587,-0.8743211552645739,-1.2695377383598325
"['V2.2', 'V2.4', 'V2.6', 'V3.4']",0.64997707,0.05291581,-1.692247262628254,-1.0541485192567464,-2.7463957818850004
"['V2.2', 'V2.4', 'V2.6', 'V3.5']",0.5902919,0.05391532,-2.3223437987526383,-0.32320403538599995,-2.6455478341386383
"['V2.2', 'V2.4', 'V2.6', 'V3.6']",0.6293246,0.05318126,-1.9102754563891626,-0.860024185089515,-2.770299641478678
"['V2.2', 'V2.4', 'V2.6', 'V3.7']",0.83468231,0.05336419,0.25768656394915035,-0.7262469598146565,-0.46856039586550613
"['V2.2', 'V2.4', 'V2.6', 'V3.8']",0.64502269,0.05358765,-1.7445506685939898,-0.5628300311538548,-2.3073806997478448
"['V2.2', 'V2.4', 'V2.6', 'V1.2_copy']",0.84799312,0.05384194,0.39820882892736537,-0.37686703648297626,0.021341792444389107
"['V2.2', 'V2.4', 'V2.7', 'V2.8']",0.751213,0.05527277,-0.6234992164330178,0.6695029806822134,0.04600376424919561
"['V2.2', 'V2.4', 'V2.7', 'V3.0']",0.85043119,0.05392709,0.42394754194148176,-0.3145966011680787,0.10935094077340307
"['V2.2', 'V2.4', 'V2.7', 'V3.1']",0.83007232,0.05401379,0.20901888434686244,-0.25119264647868583,-0.04217376213182339
"['V2.2', 'V2.4', 'V2.7', 'V3.3']",0.81977834,0.05382356,0.10034530360756601,-0.3903083823559972,-0.2899630787484312
"['V2.2', 'V2.4', 'V2.7', 'V3.2']",0.71420721,0.05440536,-1.0141694632555764,0.0351635996311762,-0.9790058636244002
"['V2.2', 'V2.4', 'V2.7', 'V3.4']",0.77741989,0.05365665,-0.3468329924515374,-0.5123701364183533,-0.8592031288698907
"['V2.2', 'V2.4', 'V2.7', 'V3.7']",0.86460771,0.05404605,0.5736091102389007,-0.22760081743278365,0.34600829280611706
"['V2.2', 'V2.4', 'V2.7', 'V3.6']",0.72375421,0.05384078,-0.9133817528347219,-0.37771534775679055,-1.2910971005915124
"['V2.2', 'V2.4', 'V2.7', 'V3.5']",0.86787337,0.0546079,0.6080846936067611,0.18328167325043107,0.7913663668571922
"['V2.2', 'V2.4', 'V2.7', 'V3.8']",0.87624899,0.05434006,0.6965061415123988,-0.012590474661985126,0.6839156668504136
"['V2.2', 'V2.4', 'V2.8', 'V3.0']",0.81684427,0.05399353,0.0693703169610259,-0.26600884165754557,-0.19663852469651966
"['V2.2', 'V2.4', 'V2.7', 'V1.2_copy']",0.93830676,0.05451479,1.3516502236454258,0.1151900674703935,1.4668402911158192
"['V2.2', 'V2.4', 'V2.8', 'V3.1']",0.75180501,0.05406747,-0.6172493649146091,-0.21193631098010962,-0.8291856758947187
"['V2.2', 'V2.4', 'V2.8', 'V3.2']",0.6802959,0.05446763,-1.3721712745336574,0.08070182637291323,-1.2914694481607443
"['V2.2', 'V2.4', 'V2.8', 'V3.3']",0.93461643,0.05395987,1.3126913976899017,-0.29062449465460183,1.0220669030353
"['V2.2', 'V2.4', 'V2.8', 'V3.4']",0.79941369,0.05373038,-0.11464437346607699,-0.4584511793335909,-0.573095552799668
"['V2.2', 'V2.4', 'V2.8', 'V3.5']",0.93026924,0.05466496,1.266798098552535,0.2250098122882226,1.4918079108407576
"['V2.2', 'V2.4', 'V2.8', 'V3.6']",0.79817188,0.05385252,-0.12775416572309203,-0.36912985262353043,-0.49688401834662244
"['V2.2', 'V2.4', 'V2.8', 'V3.7']",1.03594564,0.05394754,2.3824242011521384,-0.2996414584529878,2.0827827426991505
"['V2.2', 'V2.4', 'V2.8', 'V1.2_copy']",0.87007139,0.05455924,0.6312891979808314,0.14769647791956925,0.7789856759004006
"['V2.2', 'V2.4', 'V3.0', 'V3.1']",0.77395198,0.05247608,-0.3834437297350389,-1.375724309286343,-1.7591680390213817
"['V2.2', 'V2.4', 'V2.8', 'V3.8']",0.92043752,0.05438294,1.1630045981546167,0.0187677903562478,1.1817723885108644
"['V2.2', 'V2.4', 'V3.0', 'V3.2']",0.7559387,0.0530419,-0.5736099859799092,-0.9619385463987821,-1.5355485323786913
"['V2.2', 'V2.4', 'V3.0', 'V3.3']",0.76056115,0.05236314,-0.5248107661166133,-1.4583176500316692,-1.9831284161482825
"['V2.2', 'V2.4', 'V3.0', 'V3.4']",0.76440141,0.05227863,-0.48426912865764354,-1.5201200515403275,-2.004389180197971
"['V2.2', 'V2.4', 'V3.0', 'V3.5']",0.92512849,0.05319282,1.2125271838834228,-0.8515703244642622,0.36095685941916067
"['V2.2', 'V2.4', 'V3.0', 'V3.6']",0.91585571,0.0523924,1.1146344149050744,-1.4369197294525302,-0.3222853145474558
"['V2.2', 'V2.4', 'V3.0', 'V3.7']",0.96379842,0.05251511,1.620765762162959,-1.3471815601337864,0.27358420202917255
"['V2.2', 'V2.4', 'V3.0', 'V3.8']",0.80045922,0.0528864,-0.10360670981505325,-1.0756561352592267,-1.17926284507428
"['V2.2', 'V2.4', 'V3.0', 'V1.2_copy']",0.89161759,0.0528346,0.8587525022931617,-1.1135376214519639,-0.2547851191588022
"['V2.2', 'V2.4', 'V3.1', 'V3.2']",0.68698311,0.05314001,-1.3015743765548735,-0.8901904265074777,-2.1917648030623513
"['V2.2', 'V2.4', 'V3.1', 'V3.3']",0.79070156,0.05242354,-0.2066183585492271,-1.4141469595675524,-1.6207653181167796
"['V2.2', 'V2.4', 'V3.1', 'V3.4']",0.79545281,0.05234882,-0.15645939666202854,-1.4687899064463454,-1.625249303108374
"['V2.2', 'V2.4', 'V3.1', 'V3.5']",0.76173913,0.05315605,-0.5123748273796739,-0.8784603292385278,-1.3908351566182016
"['V2.2', 'V2.4', 'V3.1', 'V3.6']",0.70483388,0.05178836,-1.1131237389148523,-1.8786558862066247,-2.991779625121477
"['V2.2', 'V2.4', 'V3.1', 'V3.7']",0.80832207,0.05129186,-0.02059857648703235,-2.2417477374555594,-2.262346313942592
"['V2.2', 'V2.4', 'V3.1', 'V3.8']",0.56392454,0.05211637,-2.600704105052253,-1.6387812474792025,-4.239485352531456
"['V2.2', 'V2.4', 'V3.1', 'V1.2_copy']",0.82484746,0.05316411,0.15386002013093,-0.8725660284911654,-0.7187060083602353
"['V2.2', 'V2.4', 'V3.2', 'V3.3']",0.66696785,0.05296829,-1.5128755422486113,-1.0157697471448746,-2.528645289393486
"['V2.2', 'V2.4', 'V3.2', 'V3.4']",0.64383779,0.05263382,-1.7570596617937044,-1.260368602104055,-3.0174282638977594
"['V2.2', 'V2.4', 'V3.2', 'V3.5']",0.67618691,0.05366744,-1.4155498954870653,-0.5044793789662388,-1.920029274453304
"['V2.2', 'V2.4', 'V3.2', 'V3.6']",0.71128766,0.05255223,-1.0449911622143284,-1.3200355993717299,-2.3650267615860585
"['V2.2', 'V2.4', 'V3.2', 'V3.7']",0.71926569,0.05301537,-0.96076707324723,-0.9813400102731742,-1.9421070835204042
"['V2.2', 'V2.4', 'V3.2', 'V3.8']",0.69356165,0.0534157,-1.232124708123742,-0.6885775514403676,-1.9207022595641097
"['V2.2', 'V2.4', 'V3.2', 'V1.2_copy']",0.73405471,0.05357653,-0.8046393404339658,-0.5709621185373178,-1.3756014589712837
"['V2.2', 'V2.4', 'V3.3', 'V3.4']",0.70511528,0.05207657,-1.1101529981887155,-1.6678870998048976,-2.778040097993613
"['V2.2', 'V2.4', 'V3.3', 'V3.5']",0.89801327,0.05305966,0.9262717171024687,-0.9489506082755583,-0.022678891173089633
"['V2.2', 'V2.4', 'V3.3', 'V3.6']",0.78339343,0.05238135,-0.2837703110115681,-1.445000625638432,-1.7287709366500001
"['V2.2', 'V2.4', 'V3.3', 'V3.8']",0.82620845,0.05270756,0.16822799604018734,-1.2064423319910689,-1.0382143359508815
"['V2.2', 'V2.4', 'V3.3', 'V3.7']",0.88066829,0.05250693,0.7431607061570918,-1.3531636172198187,-0.6100029110627269
"['V2.2', 'V2.4', 'V3.3', 'V1.2_copy']",0.89683586,0.05294817,0.9138417958574061,-1.0304835599286168,-0.11664176407121074
"['V2.2', 'V2.4', 'V3.4', 'V3.5']",0.81421411,0.05293216,0.041603709184706614,-1.0421917181129003,-1.0005880089281938
"['V2.2', 'V2.4', 'V3.4', 'V3.6']",0.93878214,0.05218388,1.3566688118699852,-1.589410993948859,-0.23274218207887376
"['V2.2', 'V2.4', 'V3.4', 'V3.7']",0.97128976,0.05232146,1.699851863198275,-1.488798351663203,0.211053511535072
"['V2.2', 'V2.4', 'V3.4', 'V3.8']",0.71843543,0.05252319,-0.9695321307997613,-1.3412726333299765,-2.310804764129738
"['V2.2', 'V2.4', 'V3.4', 'V1.2_copy']",0.8237837,0.05281868,0.1426299023099092,-1.1251799623822438,-0.9825500600723346
"['V2.2', 'V2.4', 'V3.5', 'V3.6']",0.77544566,0.05298878,-0.36767494505907494,-1.0007853523168986,-1.3684602973759734
"['V2.2', 'V2.4', 'V3.5', 'V3.7']",0.909744,0.05283586,1.0501130723203629,-1.1126161798959273,-0.06250310757556443
"['V2.2', 'V2.4', 'V3.5', 'V3.8']",0.96360985,0.05348298,1.6187750280523414,-0.639375497559145,0.9793995304931964
"['V2.2', 'V2.4', 'V3.6', 'V3.7']",0.80444742,0.05128013,-0.0615032692891862,-2.250325919560596,-2.311829188849782
"['V2.2', 'V2.4', 'V3.5', 'V1.2_copy']",1.01005443,0.05382336,2.109090611969617,-0.390454642920447,1.71863596904917
"['V2.2', 'V2.4', 'V3.6', 'V1.2_copy']",0.85080532,0.05297055,0.427897233582809,-1.0141170027665833,-0.5862197691837743
"['V2.2', 'V2.4', 'V3.6', 'V3.8']",0.70896863,0.05228298,-1.0694731695566637,-1.5169388842635239,-2.5864120538201876
"['V2.2', 'V2.4', 'V3.7', 'V3.8']",0.78018268,0.05207004,-0.31766620932870987,-1.6726625072342172,-1.990328716562927
"['V2.2', 'V2.4', 'V3.7', 'V1.2_copy']",1.07653961,0.0531545,2.8109748760440274,-0.879593848613023,1.9313810274310044
"['V2.2', 'V2.5', 'V2.6', 'V2.7']",0.66573987,0.05402867,-1.5258393311501095,-0.24031086048355016,-1.7661501916336597
"['V2.2', 'V2.4', 'V3.8', 'V1.2_copy']",0.82124664,0.05353349,0.11584615153999911,-0.6024373920071106,-0.48659124046711144
"['V2.2', 'V2.5', 'V2.6', 'V2.8']",0.76092849,0.05414158,-0.5209327565276335,-0.15773945882289006,-0.6786722153505236
"['V2.2', 'V2.5', 'V2.6', 'V3.0']",0.72526757,0.05272752,-0.897405206333988,-1.1918455276588864,-2.0892507339928743
"['V2.2', 'V2.5', 'V2.6', 'V3.2']",0.69166946,0.05370235,-1.2521005641812726,-0.4789495974413595,-1.7310501616226321
"['V2.2', 'V2.5', 'V2.6', 'V3.1']",0.75466436,0.05263872,-0.5870631975539853,-1.2567852182750106,-1.8438484158289958
"['V2.2', 'V2.5', 'V2.6', 'V3.4']",0.65178255,0.05225785,-1.6731868043261031,-1.5353165241867568,-3.20850332851286
"['V2.2', 'V2.5', 'V2.6', 'V3.3']",0.65528321,0.05270276,-1.6362303251848154,-1.2099525855378859,-2.8461829107227015
"['V2.2', 'V2.5', 'V2.6', 'V3.5']",0.79669564,0.05347343,-0.1433388362616563,-0.6463594395116653,-0.7896982757733216
"['V2.2', 'V2.5', 'V2.6', 'V3.6']",0.73138358,0.05287828,-0.8328384686351237,-1.0815943141759266,-1.9144327828110503
"['V2.2', 'V2.5', 'V2.6', 'V3.8']",0.57142921,0.05300135,-2.5214772791630655,-0.9915928758411677,-3.5130701550042334
"['V2.2', 'V2.5', 'V2.6', 'V3.7']",0.85737657,0.05278514,0.4972699414599479,-1.1497078590406302,-0.6524379175806823
"['V2.2', 'V2.5', 'V2.6', 'V1.2_copy']",0.68921438,0.05334693,-1.2780188518213718,-0.738869246526753,-2.016888098348125
"['V2.2', 'V2.5', 'V2.7', 'V3.0']",0.76363177,0.05327705,-0.492394220670663,-0.7899726877458391,-1.2823669084165021
"['V2.2', 'V2.5', 'V2.7', 'V3.1']",0.64426195,0.05334643,-1.7525818032777192,-0.7392348979378802,-2.4918167012155994
"['V2.2', 'V2.5', 'V2.7', 'V2.8']",0.85243396,0.05466603,0.4450907914229502,0.22579230630803315,0.6708830977309834
"['V2.2', 'V2.5', 'V2.7', 'V3.2']",0.65035905,0.05433839,-1.6882146985110908,-0.013811750375150348,-1.702026448886241
"['V2.2', 'V2.5', 'V2.7', 'V3.4']",0.61592587,0.05287884,-2.051725893096738,-1.0811847845954619,-3.1329106776922
"['V2.2', 'V2.5', 'V2.7', 'V3.5']",0.80691844,0.05405279,-0.03541670301662523,-0.22267183641079033,-0.25808853942741555
"['V2.2', 'V2.5', 'V2.7', 'V3.3']",0.76254799,0.05325467,-0.5038356896975744,-0.8063392449078775,-1.3101749346054519
"['V2.2', 'V2.5', 'V2.7', 'V3.6']",0.70288693,0.05344259,-1.1336776964726067,-0.6689128185499709,-1.8025905150225776
"['V2.2', 'V2.5', 'V2.7', 'V3.7']",0.70624384,0.0533365,-1.0982387865544267,-0.7464967349628577,-1.8447355215172845
"['V2.2', 'V2.5', 'V2.7', 'V3.8']",0.71039849,0.0536355,-1.054378132830743,-0.5278371911090162,-1.5822153239397592
"['V2.2', 'V2.5', 'V2.7', 'V1.2_copy']",0.71153206,0.05390994,-1.0424110306099648,-0.3271384445697241,-1.3695494751796888
"['V2.2', 'V2.5', 'V2.8', 'V3.0']",0.78270017,0.05332798,-0.2910890591132077,-0.7527274350084624,-1.04381649412167
"['V2.2', 'V2.5', 'V2.8', 'V3.1']",0.83807108,0.05337521,0.29346181999218723,-0.7181880027134209,-0.42472618272123364
"['V2.2', 'V2.5', 'V2.8', 'V3.2']",0.68583576,0.05436976,-1.313686954281004,0.009129219158948664,-1.3045577351220552
"['V2.2', 'V2.5', 'V2.8', 'V3.3']",0.81972503,0.0533722,0.09978250976211255,-0.7203892242084027,-0.6206067144462901
"['V2.2', 'V2.5', 'V2.8', 'V3.4']",0.73198731,0.0529423,-0.826464889038143,-1.0347763074952494,-1.8612411965333924
"['V2.2', 'V2.5', 'V2.8', 'V3.6']",0.76693641,0.05342764,-0.4575071253145123,-0.6798457957426627,-1.137352921057175
"['V2.2', 'V2.5', 'V2.8', 'V3.5']",0.86403566,0.05409121,0.5675699765061831,-0.19457518197980708,0.37299479452637607
"['V2.2', 'V2.5', 'V2.8', 'V3.7']",0.88595792,0.05322902,0.7990033474761931,-0.82509716229868,-0.02609381482248696
"['V2.2', 'V2.5', 'V2.8', 'V3.8']",0.78361401,0.05366347,-0.2814416472256003,-0.507382651170585,-0.7888242983961853
"['V2.2', 'V2.5', 'V2.8', 'V1.2_copy']",0.81093927,0.05393698,0.007031212526632648,-0.30736401625598614,-0.3003328037293535
"['V2.2', 'V2.5', 'V3.0', 'V3.1']",0.76295417,0.05176762,-0.4995476461007643,-1.893823106740164,-2.3933707528409283
"['V2.2', 'V2.5', 'V3.0', 'V3.3']",0.73459122,0.05174808,-0.7989754025982172,-1.9081127638869992,-2.7070881664852164
"['V2.2', 'V2.5', 'V3.0', 'V3.2']",0.62920364,0.05289792,-1.9115524315072638,-1.067231526746864,-2.9787839582541276
"['V2.2', 'V2.5', 'V3.0', 'V3.4']",0.62049123,0.05145968,-2.0035293725513363,-2.1190204978249527,-4.1225498703762895
"['V2.2', 'V2.5', 'V3.0', 'V3.5']",0.84615046,0.05258514,0.3787558612428475,-1.2959684234913593,-0.9172125622485119
"['V2.2', 'V2.5', 'V3.0', 'V3.6']",0.81108459,0.05193536,0.008565356244906352,-1.7711543713353373,-1.7625890150904309
"['V2.2', 'V2.5', 'V3.0', 'V3.7']",0.96024068,0.05177381,1.5832066892738106,-1.8892963422704117,-0.30608965299660107
"['V2.2', 'V2.5', 'V3.0', 'V3.8']",0.61040635,0.05214188,-2.1099954839024484,-1.6201257124835124,-3.730121196385961
"['V2.2', 'V2.5', 'V3.0', 'V1.2_copy']",0.78106484,0.05220086,-0.3083532433053666,-1.576993472026992,-1.8853467153323586
"['V2.2', 'V2.5', 'V3.1', 'V3.2']",0.68721892,0.05298292,-1.2990849296087819,-1.0050707868553024,-2.3041557164640842
"['V2.2', 'V2.5', 'V3.1', 'V3.3']",0.76632252,0.05178148,-0.46398796406493226,-1.8836872496237302,-2.3476752136886625
"['V2.2', 'V2.5', 'V3.1', 'V3.5']",0.90470381,0.05252381,0.9969037699022119,-1.3408192255801794,-0.34391545567796755
"['V2.2', 'V2.5', 'V3.1', 'V3.4']",0.83153824,0.05149114,0.22449460661146287,-2.096013711036855,-1.871519104425392
"['V2.2', 'V2.5', 'V3.1', 'V3.6']",0.84880776,0.05133556,0.40680898608848853,-2.209789804123074,-1.8029808180345857
"['V2.2', 'V2.5', 'V3.1', 'V3.7']",0.75401726,0.05059429,-0.5938946343837053,-2.7518826471750386,-3.345777281558744
"['V2.2', 'V2.5', 'V3.1', 'V1.2_copy']",0.78955653,0.05249025,-0.218706444027722,-1.3653617482950082,-1.5840681923227302
"['V2.2', 'V2.5', 'V3.1', 'V3.8']",0.75183367,0.05138295,-0.6169468012002839,-2.175133363376478,-2.792080164576762
"['V2.2', 'V2.5', 'V3.2', 'V3.3']",0.62752936,0.05290098,-1.9292278109776126,-1.0649937401107683,-2.9942215510883807
"['V2.2', 'V2.5', 'V3.2', 'V3.4']",0.74397088,0.05236521,-0.6999543011081076,-1.4568038531896044,-2.156758154297712
"['V2.2', 'V2.5', 'V3.2', 'V3.5']",0.85926242,0.05362938,0.5171788661166113,-0.5323127643812123,-0.015133898264600987
"['V2.2', 'V2.5', 'V3.2', 'V3.6']",0.76087935,0.05266892,-0.5214515276693619,-1.2346998730429495,-1.7561514007123114
"['V2.2', 'V2.5', 'V3.2', 'V3.8']",0.72883096,0.05322189,-0.8597864863762447,-0.8303113514213493,-1.690097837797594
"['V2.2', 'V2.5', 'V3.2', 'V3.7']",0.85005036,0.05285816,0.4199271183781033,-1.0963081269596688,-0.6763810085815656
"['V2.2', 'V2.5', 'V3.2', 'V1.2_copy']",0.71047155,0.05347952,-1.0536068381702903,-0.6419058053241403,-1.6955126434944305
"['V2.2', 'V2.5', 'V3.3', 'V3.4']",0.61180548,0.05134411,-2.0952248638876654,-2.2035371649928086,-4.298762028880474
"['V2.2', 'V2.5', 'V3.3', 'V3.6']",0.76570005,0.05199412,-0.47055938190359087,-1.7281830174997144,-2.1987423994033053
"['V2.2', 'V2.5', 'V3.3', 'V3.5']",0.91115218,0.05253208,1.0649792332149306,-1.3347713512401382,-0.26979211802520764
"['V2.2', 'V2.5', 'V3.3', 'V3.7']",0.82411696,0.05181987,0.14614812922672646,-1.8556125342774132,-1.7094644050506869
"['V2.2', 'V2.5', 'V3.3', 'V3.8']",0.67474453,0.0520416,-1.4307771058941912,-1.6934607594991093,-3.1242378653933005
"['V2.2', 'V2.5', 'V3.3', 'V1.2_copy']",0.84584461,0.05237256,0.3755270017862409,-1.4514287774460428,-1.075901775659802
"['V2.2', 'V2.5', 'V3.4', 'V3.5']",0.97338165,0.05220991,1.7219359528130525,-1.570375181485599,0.15156077132745338
"['V2.2', 'V2.5', 'V3.4', 'V3.6']",0.59932428,0.05159193,-2.2269889333654875,-2.0223056995819073,-4.249294632947395
"['V2.2', 'V2.5', 'V3.4', 'V3.7']",0.8267042,0.05140947,0.1734616304217879,-2.15573921253031,-1.982277582108522
"['V2.2', 'V2.5', 'V3.4', 'V3.8']",0.79463448,0.05166256,-0.16509850916529617,-1.9706537812461304,-2.1357522904114266
"['V2.2', 'V2.5', 'V3.4', 'V1.2_copy']",0.75983104,0.05204033,-0.5325185397895337,-1.6943895140833696,-2.2269080538729034
"['V2.2', 'V2.5', 'V3.5', 'V3.6']",0.91163504,0.05262368,1.0700767878241073,-1.2677840127217062,-0.19770722489759884
"['V2.2', 'V2.5', 'V3.5', 'V3.7']",0.9529666,0.05217235,1.5064142027735354,-1.5978429154894453,-0.09142871271590991
"['V2.2', 'V2.5', 'V3.5', 'V3.8']",0.86984182,0.05282414,0.6288656267352761,-1.1211870489727398,-0.49232142223746367
"['V2.2', 'V2.5', 'V3.5', 'V1.2_copy']",1.03855536,0.05325563,2.4099750237811848,-0.8056371941985131,1.6043378295826716
"['V2.2', 'V2.5', 'V3.6', 'V3.7']",0.71839458,0.05082437,-0.9699633843842056,-2.5836244938309183,-3.553587878215124
"['V2.2', 'V2.5', 'V3.6', 'V3.8']",0.60871545,0.05179029,-2.127846320767497,-1.8772444717596721,-4.005090792527169
"['V2.2', 'V2.5', 'V3.6', 'V1.2_copy']",0.91018395,0.05255612,1.0547576259183153,-1.3171908313931635,-0.26243320547484816
"['V2.2', 'V2.5', 'V3.7', 'V3.8']",0.71947964,0.051304,-0.9585084023930828,-2.232869721193399,-3.1913781235864818
"['V2.2', 'V2.5', 'V3.7', 'V1.2_copy']",1.01862798,0.05244694,2.199601607536676,-1.3970344735268172,0.8025671340098588
"['V2.2', 'V2.5', 'V3.8', 'V1.2_copy']",0.83588837,0.05282781,0.27041894333850586,-1.1185031676150659,-0.84808422427656
"['V2.2', 'V2.6', 'V2.7', 'V2.8']",0.75836564,0.05471005,-0.5479887724124233,0.257984256543643,-0.2900045158687803
"['V2.2', 'V2.6', 'V2.7', 'V3.0']",0.69478231,0.05340033,-1.2192381964863357,-0.6998176758184067,-1.9190558723047424
"['V2.2', 'V2.6', 'V2.7', 'V3.1']",0.85715915,0.05339264,0.4949746378043802,-0.7054413945215406,-0.21046675671716042
"['V2.2', 'V2.6', 'V2.7', 'V3.3']",0.76769149,0.05341888,-0.44953574326941115,-0.6862520084656022,-1.1357877517350135
"['V2.2', 'V2.6', 'V2.7', 'V3.2']",0.65330834,0.05434416,-1.6570790342744592,-0.009592133090745211,-1.6666711673652044
"['V2.2', 'V2.6', 'V2.7', 'V3.4']",0.88393511,0.05313001,0.7776485356487706,-0.8975034547300164,-0.11985491908124579
"['V2.2', 'V2.6', 'V2.7', 'V3.5']",0.73153759,0.05417548,-0.8312125845582504,-0.13294829314849396,-0.9641608777067444
"['V2.2', 'V2.6', 'V2.7', 'V3.6']",0.69217956,0.05355245,-1.2467154368024431,-0.5885718904971826,-1.8352873272996257
"['V2.2', 'V2.6', 'V2.7', 'V3.7']",0.73476985,0.05350585,-0.7970896051003149,-0.6226506020142032,-1.419740207114518
"['V2.2', 'V2.6', 'V2.7', 'V3.8']",0.79698533,0.05384217,-0.1402805779782355,-0.37669883683385513,-0.5169794148120906
"['V2.2', 'V2.6', 'V2.8', 'V3.1']",0.90322048,0.05352135,0.9812442502103121,-0.6113154082692704,0.3699288419410417
"['V2.2', 'V2.6', 'V2.7', 'V1.2_copy']",0.74023417,0.05401418,-0.7394027608762767,-0.2509074383780048,-0.9903101992542814
"['V2.2', 'V2.6', 'V2.8', 'V3.0']",0.75189139,0.05354625,-0.6163374509703168,-0.5931059679951587,-1.2094434189654755
"['V2.2', 'V2.6', 'V2.8', 'V3.2']",0.72669591,0.0544672,-0.8823262162530697,0.08038736615934224,-0.8019388500937275
"['V2.2', 'V2.6', 'V2.8', 'V3.3']",0.80043784,0.05363218,-0.10383241854541934,-0.5302651164788991,-0.6340975350243184
"['V2.2', 'V2.6', 'V2.8', 'V3.4']",0.72546876,0.05327624,-0.8952812428418355,-0.7905650430318623,-1.6858462858736978
"['V2.2', 'V2.6', 'V2.8', 'V3.5']",0.90972565,0.05430945,1.0499193513099705,-0.03497565405116959,1.0149436972588008
"['V2.2', 'V2.6', 'V2.8', 'V3.6']",0.62101122,0.05363464,-1.9980398364099576,-0.5284661115361582,-2.5265059479461156
"['V2.2', 'V2.6', 'V2.8', 'V3.8']",0.80739521,0.05396093,-0.030383440557491214,-0.28984931366301503,-0.32023275422050623
"['V2.2', 'V2.6', 'V2.8', 'V3.7']",0.94317829,0.05348606,1.4030789818884868,-0.637123084866602,0.7659558970218848
"['V2.2', 'V2.6', 'V2.8', 'V1.2_copy']",0.84263765,0.05413694,0.3416711145115721,-0.16113270391814713,0.18053841059342499
"['V2.2', 'V2.6', 'V3.0', 'V3.1']",0.75756132,0.05199689,-0.5564799812995814,-1.7261573086820723,-2.2826372899816536
"['V2.2', 'V2.6', 'V3.0', 'V3.2']",0.64054947,0.05307444,-1.7917744668561435,-0.9381419525626501,-2.7299164194187937
"['V2.2', 'V2.6', 'V3.0', 'V3.3']",0.69680634,0.05208435,-1.1978705051148977,-1.6621975638477648,-2.8600680689626623
"['V2.2', 'V2.6', 'V3.0', 'V3.4']",0.60728489,0.05186362,-2.142948747395722,-1.8236180358038145,-3.9665667831995366
"['V2.2', 'V2.6', 'V3.0', 'V3.5']",0.83372635,0.05288668,0.24759449108291706,-1.0754513704689967,-0.8278568793860797
"['V2.2', 'V2.6', 'V3.0', 'V3.7']",0.91452499,0.05211789,1.100585999485441,-1.6376696671893787,-0.5370836677039377
"['V2.2', 'V2.6', 'V3.0', 'V3.6']",0.72667433,0.05222809,-0.8825540363840929,-1.5570800961770281,-2.439634132561121
"['V2.2', 'V2.6', 'V3.0', 'V3.8']",0.77791136,0.05251737,-0.3416445420440228,-1.3455288157554903,-1.6871733577995132
"['V2.2', 'V2.6', 'V3.0', 'V1.2_copy']",0.79902727,0.05247705,-0.11872381067785309,-1.37501494554876,-1.493738756226613
"['V2.2', 'V2.6', 'V3.1', 'V3.2']",0.56838214,0.0530951,-2.553645207181509,-0.9230332362548906,-3.4766784434363993
"['V2.2', 'V2.6', 'V3.1', 'V3.3']",0.7358359,0.05205064,-0.7858353117417566,-1.686849781985935,-2.4726850937276916
"['V2.2', 'V2.6', 'V3.1', 'V3.4']",0.81282533,0.05183923,0.0269423541539878,-1.8414545116385805,-1.8145121574845928
"['V2.2', 'V2.6', 'V3.1', 'V3.5']",0.8249664,0.05275335,0.15511567010238256,-1.1729559757600765,-1.017840305657694
"['V2.2', 'V2.6', 'V3.1', 'V3.6']",0.68776554,0.05155285,-1.293314260469759,-2.0508850138755825,-3.3441992743453417
"['V2.2', 'V2.6', 'V3.1', 'V3.7']",0.80963855,0.05083968,-0.006700492794265806,-2.572428247622217,-2.5791287404164827
"['V2.2', 'V2.6', 'V3.1', 'V3.8']",0.71964171,0.05168468,-0.9567974288696818,-1.9544773628178844,-2.9112747916875663
"['V2.2', 'V2.6', 'V3.1', 'V1.2_copy']",0.92223243,0.0527041,1.1819534689319806,-1.2089726397560692,-0.027019170824088556
"['V2.2', 'V2.6', 'V3.2', 'V3.3']",0.67094558,0.0531264,-1.4708826335472027,-0.9001434579183529,-2.3710260914655557
"['V2.2', 'V2.6', 'V3.2', 'V3.4']",0.66617714,0.05265699,-1.521223070320978,-1.2434243157124358,-2.7646473860334138
"['V2.2', 'V2.6', 'V3.2', 'V3.5']",0.7677289,0.05380869,-0.4491408057762881,-0.40118285532290904,-0.8503236610991971
"['V2.2', 'V2.6', 'V3.2', 'V3.6']",0.60279043,0.05283944,-2.1903967764077796,-1.109998115792257,-3.3003948922000363
"['V2.2', 'V2.6', 'V3.2', 'V3.7']",0.81290027,0.0531053,0.02773349598062817,-0.915573947467902,-0.8878404514872739
"['V2.2', 'V2.6', 'V3.2', 'V1.2_copy']",0.61413094,0.05363824,-2.070674975014168,-0.5258334213760454,-2.596508396390213
"['V2.2', 'V2.6', 'V3.2', 'V3.8']",0.744742,0.05348366,-0.691813584730216,-0.6388782116400105,-1.3306917963702265
"['V2.2', 'V2.6', 'V3.3', 'V3.4']",0.69182757,0.05178505,-1.2504313963909048,-1.8810764985482837,-3.1315078949391886
"['V2.2', 'V2.6', 'V3.3', 'V3.5']",0.8513505,0.05287154,0.43365270063709255,-1.0865232951979147,-0.6528705945608222
"['V2.2', 'V2.6', 'V3.3', 'V3.6']",0.73753591,0.05232781,-0.7678883005767252,-1.4841545787418908,-2.252042879318616
"['V2.2', 'V2.6', 'V3.3', 'V3.7']",0.75062486,0.05220439,-0.6297082123486906,-1.5744119730644355,-2.2041201854131263
"['V2.2', 'V2.6', 'V3.3', 'V3.8']",0.58793459,0.05245068,-2.347229928180959,-1.394299400971587,-3.741529329152546
"['V2.2', 'V2.6', 'V3.3', 'V1.2_copy']",0.8259278,0.0526909,0.16526517306651892,-1.218625837009816,-1.053360663943297
"['V2.2', 'V2.6', 'V3.4', 'V3.5']",0.85257739,0.0526147,0.44660498240500296,-1.2743511120655429,-0.82774612966054
"['V2.2', 'V2.6', 'V3.4', 'V3.6']",0.74870594,0.05199255,-0.6499662571041929,-1.729331162930652,-2.379297420034845
"['V2.2', 'V2.6', 'V3.4', 'V3.7']",0.82467037,0.05189154,0.1519904804180958,-1.8032000610064922,-1.6512095805883964
"['V2.2', 'V2.6', 'V3.4', 'V3.8']",0.68438027,0.05214303,-1.3290525670012774,-1.6192847142379219,-2.9483372812391995
"['V2.2', 'V2.6', 'V3.4', 'V1.2_copy']",0.7184317,0.05242711,-0.9695715084220371,-1.411536208492106,-2.3811077169141432
"['V2.2', 'V2.6', 'V3.5', 'V3.6']",0.71297881,0.05291506,-1.027137686098457,-1.0546969963734372,-2.081834682471894
"['V2.2', 'V2.6', 'V3.5', 'V3.7']",0.93034847,0.05251776,1.2676345299232945,-1.3452436076548144,-0.07760907773151993
"['V2.2', 'V2.6', 'V3.5', 'V1.2_copy']",0.97593828,0.05353907,1.7489263041373717,-0.5983567222589367,1.1505695818784352
"['V2.2', 'V2.6', 'V3.5', 'V3.8']",0.69495563,0.05320112,-1.2174084566759087,-0.8455005110395599,-2.062908967715469
"['V2.2', 'V2.6', 'V3.6', 'V3.7']",0.63596676,0.05114929,-1.8401541514086472,-2.3460095808242634,-4.18616373223291
"['V2.2', 'V2.6', 'V3.6', 'V3.8']",0.7736895,0.05215215,-0.3862147319589062,-1.6126152324989675,-1.9988299644578738
"['V2.2', 'V2.6', 'V3.7', 'V3.8']",0.73784802,0.05170948,-0.7645933542795154,-1.93634105282599,-2.700934407105505
"['V2.2', 'V2.6', 'V3.6', 'V1.2_copy']",0.82942798,0.05283009,0.20221658484622604,-1.1168357971803273,-0.9146192123341013
"['V2.2', 'V2.6', 'V3.7', 'V1.2_copy']",1.01840982,0.05278038,2.1972984916986733,-1.1531888604745573,1.044109631224116
"['V2.2', 'V2.6', 'V3.8', 'V1.2_copy']",0.83293435,0.05318657,0.2392333444763069,-0.856140967103347,-0.61690762262704
"['V2.2', 'V2.7', 'V2.8', 'V3.0']",0.88055801,0.05402772,0.7419964798341407,-0.2410055981646908,0.5009908816694499
"['V2.2', 'V2.7', 'V2.8', 'V3.1']",0.80904507,0.05415671,-0.012965863107511981,-0.1466748471221959,-0.15964071022970788
"['V2.2', 'V2.7', 'V2.8', 'V3.2']",0.74224816,0.05502766,-0.7181410618178814,0.49025334591962155,-0.22788771589825985
"['V2.2', 'V2.7', 'V2.8', 'V3.3']",0.91945688,0.05411199,1.1526519784471583,-0.17937870933337768,0.9732732691137806
"['V2.2', 'V2.7', 'V2.8', 'V3.5']",0.71793502,0.0548221,-0.9748149608166986,0.3399267377771611,-0.6348882230395375
"['V2.2', 'V2.7', 'V2.8', 'V3.4']",0.71817164,0.05383348,-0.9723169626979403,-0.3830538583592384,-1.3553708210571787
"['V2.2', 'V2.7', 'V2.8', 'V3.6']",0.71894383,0.05412392,-0.9641649503265279,-0.17065426666389147,-1.1348192169904194
"['V2.2', 'V2.7', 'V2.8', 'V3.7']",0.83452017,0.05396237,0.2559748514355188,-0.2887962375989659,-0.0328213861634471
"['V2.2', 'V2.7', 'V2.8', 'V1.2_copy']",0.92234555,0.0546267,1.1831476771442782,0.19703016630879922,1.3801778434530774
"['V2.2', 'V2.7', 'V2.8', 'V3.8']",0.69123849,0.05453031,-1.2566503158896698,0.12653988727176868,-1.1301104286179011
"['V2.2', 'V2.7', 'V3.0', 'V3.1']",0.84405958,0.05264765,0.3566824342013938,-1.2502546840722875,-0.8935722498708937
"['V2.2', 'V2.7', 'V3.0', 'V3.2']",0.78048028,0.0536694,-0.31452444514925587,-0.5030460254346201,-0.817570470583876
"['V2.2', 'V2.7', 'V3.0', 'V3.4']",0.69750485,0.05244662,-1.1904963327459788,-1.397268490429937,-2.587764823175916
"['V2.2', 'V2.7', 'V3.0', 'V3.3']",0.83723966,0.05258834,0.2846845163158388,-1.2936282544601514,-1.0089437381443127
"['V2.2', 'V2.7', 'V3.0', 'V3.6']",0.84709676,0.05274489,0.38874595345728663,-1.1791427976363387,-0.7903968441790521
"['V2.2', 'V2.7', 'V3.0', 'V3.5']",0.79541493,0.05342749,-0.15685929594669878,-0.6799554911659988,-0.8368147871126976
"['V2.2', 'V2.7', 'V3.0', 'V3.7']",0.9191916,0.05261176,1.1498514166140748,-1.2765011423629686,-0.12664972574889388
"['V2.2', 'V2.7', 'V3.0', 'V3.8']",0.81949168,0.05310504,0.09731903304411646,-0.9157640862016894,-0.8184450531575729
"['V2.2', 'V2.7', 'V3.0', 'V1.2_copy']",0.83203302,0.05299119,0.2297180006998711,-0.9990229125152664,-0.7693049118153953
"['V2.2', 'V2.7', 'V3.1', 'V3.2']",0.84486329,0.05385563,0.3651672033165448,-0.3668555008463211,-0.0016882975297763392
"['V2.2', 'V2.7', 'V3.1', 'V3.3']",0.7400043,0.0527117,-0.74182949922282,-1.2034147383069391,-1.9452442375297592
"['V2.2', 'V2.7', 'V3.1', 'V3.4']",0.7945083,0.05259106,-0.16643059184057762,-1.291639110783618,-1.4580697026241958
"['V2.2', 'V2.7', 'V3.1', 'V3.5']",0.75674263,0.05345732,-0.5651228943240342,-0.6581407279781714,-1.2232636223022055
"['V2.2', 'V2.7', 'V3.1', 'V3.6']",0.78106222,0.05220917,-0.30838090265398904,-1.570916345574066,-1.879297248228055
"['V2.2', 'V2.7', 'V3.1', 'V3.7']",0.86026374,0.05147592,0.5277498046521323,-2.107144139991553,-1.5793943353394206
"['V2.2', 'V2.7', 'V3.1', 'V3.8']",0.74782891,0.05239262,-0.6592250657006533,-1.436758842831633,-2.095983908532286
"['V2.2', 'V2.7', 'V3.1', 'V1.2_copy']",0.95345827,0.05336917,1.5116047645817083,-0.7226050717598321,0.7889996928218762
"['V2.2', 'V2.7', 'V3.2', 'V3.3']",0.73371806,0.05371477,-0.8081933555919406,-0.4698668163889698,-1.2780601719809104
"['V2.2', 'V2.7', 'V3.2', 'V3.4']",0.7922311,0.05332668,-0.1904709997352428,-0.753678128677389,-0.9441491284126319
"['V2.2', 'V2.7', 'V3.2', 'V3.5']",0.73100641,0.05442687,-0.8368202535664567,0.05089392333785391,-0.7859263302286028
"['V2.2', 'V2.7', 'V3.2', 'V3.6']",0.8423385,0.05343265,0.3385129869770166,-0.6761819686031721,-0.33766898162615555
"['V2.2', 'V2.7', 'V3.2', 'V3.7']",0.87626408,0.05367909,0.6966654466920625,-0.4959597010869824,0.20070574560508014
"['V2.2', 'V2.7', 'V3.2', 'V3.8']",0.71604805,0.05416811,-0.9947357093170478,-0.13833799494850307,-1.1330737042655508
"['V2.2', 'V2.7', 'V3.2', 'V1.2_copy']",0.85164379,0.05424118,0.43674896413236153,-0.08490169772642785,0.35184726640593367
"['V2.2', 'V2.7', 'V3.3', 'V3.4']",0.77627994,0.05237362,-0.3588674483533132,-1.450653596454451,-1.809521044807764
"['V2.2', 'V2.7', 'V3.3', 'V3.5']",0.95894166,0.05340717,1.5694929308585082,-0.694815564514196,0.8746773663443121
"['V2.2', 'V2.7', 'V3.3', 'V3.6']",0.93167574,0.05285142,1.2816465236815733,-1.101237107981657,0.1804094156999163
"['V2.2', 'V2.7', 'V3.3', 'V3.7']",0.86376484,0.05272082,0.5647109288748668,-1.1967452565679848,-0.632034327693118
"['V2.2', 'V2.7', 'V3.3', 'V3.8']",0.69435685,0.05304771,-1.223729779106599,-0.957689677001492,-2.181419456108091
"['V2.2', 'V2.7', 'V3.3', 'V1.2_copy']",0.86623543,0.05320993,0.5907929556360132,-0.8390577331755017,-0.2482647775394885
"['V2.2', 'V2.7', 'V3.4', 'V3.5']",0.78650385,0.05322745,-0.2509335968346286,-0.8262453077296178,-1.0771789045642464
"['V2.2', 'V2.7', 'V3.4', 'V3.6']",0.82708556,0.05259416,0.17748764919691062,-1.2893720720346324,-1.1118844228377218
"['V2.2', 'V2.7', 'V3.4', 'V3.7']",0.7765913,0.05247798,-0.3555804198085729,-1.3743348339240617,-1.7299152537326346
"['V2.2', 'V2.7', 'V3.4', 'V3.8']",0.69782477,0.05281623,-1.1871189362530654,-1.126971654296766,-2.3140905905498315
"['V2.2', 'V2.7', 'V3.4', 'V1.2_copy']",0.79777779,0.05302421,-0.13191457515011046,-0.9748752933244497,-1.10678986847456
"['V2.2', 'V2.7', 'V3.5', 'V3.6']",0.87496712,0.05346482,0.6829734357035391,-0.6526559568112685,0.030317478892270544
"['V2.2', 'V2.7', 'V3.5', 'V3.7']",0.90736471,0.05305725,1.024994899959701,-0.9507130480771905,0.07428185188251046
"['V2.2', 'V2.7', 'V3.5', 'V3.8']",0.71490983,0.05382872,-1.0067519016031306,-0.3865348597931705,-1.393286761396301
"['V2.2', 'V2.7', 'V3.5', 'V1.2_copy']",0.9353352,0.05408982,1.3202794549455,-0.1955916929027425,1.1246877620427573
"['V2.2', 'V2.7', 'V3.6', 'V3.7']",0.77390008,0.05164341,-0.3839916382058508,-1.9846582302922895,-2.3686498684981405
"['V2.2', 'V2.7', 'V3.6', 'V3.8']",0.65489348,0.05274979,-1.640344706077485,-1.1755594138072993,-2.8159041198847845
"['V2.2', 'V2.7', 'V3.6', 'V1.2_copy']",0.80302299,0.05335269,-0.076540981487236,-0.7346569422705717,-0.8111979237578076
"['V2.2', 'V2.7', 'V3.7', 'V3.8']",0.79994083,0.05230476,-0.10907935475116563,-1.5010111087948401,-1.6100904635460058
"['V2.2', 'V2.7', 'V3.7', 'V1.2_copy']",0.99529167,0.05327341,1.9532401060627784,-0.7926346300188417,1.1606054760439366
"['V2.2', 'V2.7', 'V3.8', 'V1.2_copy']",0.79279142,0.05378759,-0.1845556996511306,-0.4166133448724582,-0.6011690445235889
"['V2.2', 'V2.8', 'V3.0', 'V3.1']",0.81340359,0.05271475,0.033047046877142466,-1.2011842646990671,-1.1681372178219247
"['V2.2', 'V2.8', 'V3.0', 'V3.2']",0.66930022,0.0537298,-1.4882527044823721,-0.4588753349704981,-1.9471280394528703
"['V2.2', 'V2.8', 'V3.0', 'V3.3']",0.8583511,0.05274068,0.5075580578772977,-1.1822215825180298,-0.6746635246407321
"['V2.2', 'V2.8', 'V3.0', 'V3.4']",0.76098832,0.05254244,-0.5203011310207214,-1.3271950540015898,-1.8474961850223113
"['V2.2', 'V2.8', 'V3.0', 'V3.5']",0.86129767,0.053496,0.5386650070649772,-0.6298539348134007,-0.09118892774842347
"['V2.2', 'V2.8', 'V3.0', 'V3.6']",0.90261741,0.05276059,0.9748776382355023,-1.167661343326956,-0.1927837050914537
"['V2.2', 'V2.8', 'V3.0', 'V3.7']",1.04239883,0.05252865,2.450550549220721,-1.3372797199204673,1.1132708293002538
"['V2.2', 'V2.8', 'V3.0', 'V3.8']",0.90522786,0.05316708,1.0024361674769524,-0.8703940591090735,0.13204210836787889
"['V2.2', 'V2.8', 'V3.0', 'V1.2_copy']",0.87546432,0.05305036,0.6882223777399114,-0.95575172452252,-0.26752934678260865
"['V2.2', 'V2.8', 'V3.1', 'V3.2']",0.75076277,0.05388127,-0.6282522960248038,-0.34810489648373727,-0.976357192508541
"['V2.2', 'V2.8', 'V3.1', 'V3.3']",0.87108665,0.05284409,0.6420073011422301,-1.106597557668776,-0.46459025652654595
"['V2.2', 'V2.8', 'V3.1', 'V3.4']",0.76160731,0.05265567,-0.5137664515535167,-1.24438963543781,-1.7581560869913266
"['V2.2', 'V2.8', 'V3.1', 'V3.5']",0.8549522,0.0535022,0.47167585939092066,-0.6253198573154297,-0.15364399792450906
"['V2.2', 'V2.8', 'V3.1', 'V3.6']",0.74608778,0.05220522,-0.677606180841018,-1.5738049917219699,-2.251411172562988
"['V2.2', 'V2.8', 'V3.1', 'V3.7']",0.78815765,0.05139207,-0.23347442479168182,-2.168463881637524,-2.401938306429206
"['V2.2', 'V2.8', 'V3.1', 'V3.8']",0.73242935,0.05245278,-0.8217982713033114,-1.3927636650448558,-2.2145619363481672
"['V2.2', 'V2.8', 'V3.1', 'V1.2_copy']",0.96669279,0.05340917,1.6513216357788385,-0.6933529588696873,0.9579686769091512
"['V2.2', 'V2.8', 'V3.2', 'V3.3']",0.73108298,0.05384869,-0.8360119038244509,-0.3719307424327643,-1.2079426462572151
"['V2.2', 'V2.8', 'V3.2', 'V3.4']",0.8004218,0.05339982,-0.10400175287820974,-0.7001906402577577,-0.8041923931359675
"['V2.2', 'V2.8', 'V3.2', 'V3.5']",0.75785748,0.0544844,-0.5533534192048669,0.09296577470210642,-0.4603876445027605
"['V2.2', 'V2.8', 'V3.2', 'V3.7']",0.94842296,0.05354244,1.458446980339618,-0.595892231747945,0.862554748591673
"['V2.2', 'V2.8', 'V3.2', 'V3.6']",0.87508433,0.05342412,0.6842108220592976,-0.6824199816769955,0.0017908403823021501
"['V2.2', 'V2.8', 'V3.2', 'V3.8']",0.75744692,0.0541978,-0.5576877024760915,-0.11662561415579303,-0.6743133166318844
"['V2.2', 'V2.8', 'V3.2', 'V1.2_copy']",0.79211173,0.05427783,-0.19173118921810994,-0.058099449290832196,-0.24983063850894213
"['V2.2', 'V2.8', 'V3.3', 'V3.4']",0.82916881,0.05252936,0.19948052630325228,-1.3367604949166716,-1.1372799686134194
"['V2.2', 'V2.8', 'V3.3', 'V3.5']",0.98882622,0.05354818,1.8849843291338464,-0.5916945535482061,1.2932897755856403
"['V2.2', 'V2.8', 'V3.3', 'V3.6']",0.92798035,0.05293044,1.2426342792893956,-1.0434495589671744,0.19918472032222123
"['V2.2', 'V2.8', 'V3.3', 'V3.7']",1.017573,0.05270916,2.1884641802045524,-1.205272247475465,0.9831919327290874
"['V2.2', 'V2.8', 'V3.3', 'V3.8']",0.78779124,0.05317071,-0.23734261636760193,-0.8677394298642895,-1.1050820462318915
"['V2.2', 'V2.8', 'V3.3', 'V1.2_copy']",0.95312574,0.05333598,1.5080942442772935,-0.7468770124304325,0.7612172318468611
"['V2.2', 'V2.8', 'V3.4', 'V3.5']",0.98647695,0.05331199,1.8601830780119863,-0.7644209671362986,1.0957621108756879
"['V2.2', 'V2.8', 'V3.4', 'V3.6']",0.74328482,0.05262655,-0.7071970387860521,-1.2656851736218366,-1.9728822124078889
"['V2.2', 'V2.8', 'V3.4', 'V3.7']",0.76928114,0.05242558,-0.4327538029875937,-1.4126551018101536,-1.8454089047977473
"['V2.2', 'V2.8', 'V3.4', 'V3.8']",0.82831083,0.05288181,0.19042282861949011,-1.07901281521337,-0.8885899865938799
"['V2.2', 'V2.8', 'V3.4', 'V1.2_copy']",0.92616324,0.05309551,1.2234510430389678,-0.9227334020977671,0.3007176409412007
"['V2.2', 'V2.8', 'V3.5', 'V3.6']",0.91126365,0.0534703,1.0661560223717979,-0.6486484173453221,0.41750760502647577
"['V2.2', 'V2.8', 'V3.5', 'V3.7']",0.9213632,0.05296982,1.1727770049611925,-1.0146508538268266,0.1581261511343659
"['V2.2', 'V2.8', 'V3.5', 'V3.8']",0.77807239,0.05387526,-0.3399445478040458,-0.35250002644548223,-0.692444574249528
"['V2.2', 'V2.8', 'V3.5', 'V1.2_copy']",1.03790088,0.05413659,2.403065676267177,-0.1613886599059382,2.2416770163612387
"['V2.2', 'V2.8', 'V3.6', 'V3.7']",0.85126176,0.05148017,0.4327158721650333,-2.1040361029969765,-1.6713202308319433
"['V2.2', 'V2.8', 'V3.6', 'V3.8']",0.70730431,0.05274235,-1.0870434012742327,-1.1810003068048647,-2.268043708079097
"['V2.2', 'V2.8', 'V3.7', 'V3.8']",0.78547987,0.0521996,-0.26174375706472713,-1.577914913583034,-1.8396586706477611
"['V2.2', 'V2.8', 'V3.7', 'V1.2_copy']",1.18459784,0.05316632,3.9517459657926515,-0.870949849253983,3.0807961165386684
"['V2.2', 'V2.8', 'V3.6', 'V1.2_copy']",0.96915605,0.05334616,1.677326279705861,-0.7394323496998914,0.9378939300059697
"['V2.2', 'V2.8', 'V3.8', 'V1.2_copy']",0.9415495,0.05382461,1.3858838404978533,-0.38954051439262904,0.9963433261052242
"['V2.2', 'V3.0', 'V3.1', 'V3.2']",0.80695855,0.0523045,-0.03499326161461578,-1.5012012475286274,-1.5361945091432432
"['V2.2', 'V3.0', 'V3.1', 'V3.3']",0.85988987,0.05110733,0.5238028578316593,-2.376695047246027,-1.8528921894143675
"['V2.2', 'V3.0', 'V3.1', 'V3.4']",0.78531969,0.05103318,-0.2634347778519072,-2.430921151516136,-2.6943559293680432
"['V2.2', 'V3.0', 'V3.1', 'V3.5']",0.85618218,0.05188659,0.4846607622990006,-1.8068200099766454,-1.3221592476776447
"['V2.2', 'V3.0', 'V3.1', 'V3.6']",0.7990604,0.05066019,-0.11837405715881594,-2.7036897911885225,-2.8220638483473386
"['V2.2', 'V3.0', 'V3.1', 'V3.7']",0.85533228,0.04991651,0.4756883652018296,-3.247545074042119,-2.7718567088402892
"['V2.2', 'V3.0', 'V3.1', 'V3.8']",0.77196683,0.05085463,-0.4044009648185163,-2.561495270429525,-2.9658962352480414
"['V2.2', 'V3.0', 'V3.1', 'V1.2_copy']",0.90651745,0.05158609,1.0160503733512192,-2.0265765080638682,-1.010526134712649
"['V2.2', 'V3.0', 'V3.2', 'V3.3']",0.76549186,0.05224194,-0.47275724441878014,-1.546951552088813,-2.0197087965075933
"['V2.2', 'V3.0', 'V3.2', 'V3.4']",0.6975924,0.05193381,-1.1895720671078358,-1.7722878907098325,-2.9618599578176683
"['V2.2', 'V3.0', 'V3.2', 'V3.5']",0.94139282,0.05300436,1.3842297692221917,-0.9893916543461859,0.39483811487600573
"['V2.2', 'V3.0', 'V3.2', 'V3.6']",0.69373579,0.05197001,-1.2302863115706173,-1.7458147285442505,-2.9761010401148678
"['V2.2', 'V3.0', 'V3.2', 'V3.8']",0.77910829,0.05270321,-0.32900854809471597,-1.2096234992678725,-1.5386320473625885
"['V2.2', 'V3.0', 'V3.2', 'V3.7']",0.89507479,0.05214065,0.8952501740714149,-1.621025214954888,-0.7257750408834731
"['V2.2', 'V3.0', 'V3.2', 'V1.2_copy']",0.82192306,0.05256778,0.12298711970621633,-1.3086638404856834,-1.1856767207794672
"['V2.2', 'V3.0', 'V3.3', 'V3.4']",0.76239729,0.05090996,-0.505426630093554,-2.5210322852742313,-3.0264589153677854
"['V2.2', 'V3.0', 'V3.3', 'V3.5']",0.99652304,0.05190779,1.9662396832054343,-1.7913163901448685,0.17492329306056575
"['V2.2', 'V3.0', 'V3.3', 'V3.6']",0.94238835,0.05131356,1.3947395827086555,-2.2258784662126554,-0.8311388835039999
"['V2.2', 'V3.0', 'V3.3', 'V3.7']",0.96014047,0.05113041,1.5821487719740026,-2.3598165781084113,-0.7776678061344087
"['V2.2', 'V3.0', 'V3.3', 'V3.8']",0.76814729,0.05151733,-0.4447238611692932,-2.0768608901220302,-2.521584751291323
"['V2.2', 'V3.0', 'V3.3', 'V1.2_copy']",0.93092694,0.0514725,1.273741439617141,-2.109645195643663,-0.8359037560265221
"['V2.2', 'V3.0', 'V3.4', 'V3.5']",0.93961823,0.05180851,1.365495416751704,-1.863920134338211,-0.4984247175865071
"['V2.2', 'V3.0', 'V3.4', 'V3.6']",0.81855643,0.05112014,0.08744559571604496,-2.367327058092956,-2.279881462376911
"['V2.2', 'V3.0', 'V3.4', 'V3.7']",0.9467641,0.0509361,1.4409343898600178,-2.5019160295005203,-1.0609816396405025
"['V2.2', 'V3.0', 'V3.4', 'V3.8']",0.67152975,0.05135652,-1.4647155489345967,-2.1944616969686375,-3.6591772459032343
"['V2.2', 'V3.0', 'V3.4', 'V1.2_copy']",0.86057592,0.05135916,0.5310454899395715,-2.1925310575178893,-1.661485567578318
"['V2.2', 'V3.0', 'V3.5', 'V3.6']",0.94677222,0.0519776,1.4410201127267428,-1.7402641401233439,-0.29924402739660105
"['V2.2', 'V3.0', 'V3.5', 'V3.7']",0.87279692,0.05152578,0.6600626271610294,-2.0706813812739866,-1.4106187541129573
"['V2.2', 'V3.0', 'V3.5', 'V1.2_copy']",1.07520307,0.05238383,2.796865018865239,-1.4431869946392437,1.3536780242259954
"['V2.2', 'V3.0', 'V3.5', 'V3.8']",0.85794052,0.0523398,0.5032235634660063,-1.475386257903072,-0.9721626944370658
"['V2.2', 'V3.0', 'V3.6', 'V3.7']",0.89910483,0.05011843,0.9377953196149844,-3.099880408172661,-2.162085088557677
"['V2.2', 'V3.0', 'V3.6', 'V3.8']",0.88001026,0.05125438,0.7362138812813998,-2.269156967233626,-1.5329430859522262
"['V2.2', 'V3.0', 'V3.6', 'V1.2_copy']",0.98555798,0.05162888,1.850481508697494,-1.9952840602996342,-0.14480255160214028
"['V2.2', 'V3.0', 'V3.7', 'V3.8']",0.78321639,0.05076147,-0.28563932287423743,-2.629623441350671,-2.9152627642249085
"['V2.2', 'V3.0', 'V3.8', 'V1.2_copy']",0.86451781,0.05206499,0.5726600356430243,-1.6763555864865978,-1.1036955508435735
"['V2.2', 'V3.0', 'V3.7', 'V1.2_copy']",0.98572187,0.05150102,1.8522116959668853,-2.088788439152986,-0.23657674318610078
"['V2.2', 'V3.1', 'V3.2', 'V3.3']",0.77777647,0.0523884,-0.34306857621796943,-1.4398449407415428,-1.7829135169595123
"['V2.2', 'V3.1', 'V3.2', 'V3.5']",0.82560572,0.05304304,0.16186497344649703,-0.9611048611814154,-0.7992398877349183
"['V2.2', 'V3.1', 'V3.2', 'V3.4']",0.75330507,0.05207803,-0.6014132265576477,-1.666819397684411,-2.2682326242420587
"['V2.2', 'V3.1', 'V3.2', 'V3.6']",0.75417814,0.05145131,-0.5921962236942206,-2.125141502447216,-2.7173377261414364
"['V2.2', 'V3.1', 'V3.2', 'V3.8']",0.64984127,0.05201058,-1.693680903675196,-1.7161457730454173,-3.4098266767206136
"['V2.2', 'V3.1', 'V3.2', 'V3.7']",0.80624438,0.05102966,-0.042532756655075485,-2.433495337450469,-2.4760280941055446
"['V2.2', 'V3.1', 'V3.2', 'V1.2_copy']",0.88513737,0.05297141,0.7903407984256197,-1.0134880823394465,-0.22314728391382688
"['V2.2', 'V3.1', 'V3.3', 'V3.4']",0.78982154,0.05100417,-0.2159087325855274,-2.4521362463897116,-2.668044978975239
"['V2.2', 'V3.1', 'V3.3', 'V3.5']",0.91791941,0.05190418,1.136420902597074,-1.7939563933332052,-0.6575354907361313
"['V2.2', 'V3.1', 'V3.3', 'V3.6']",0.85286091,0.05076389,0.44959810397811695,-2.6278536885208204,-2.178255584542703
"['V2.2', 'V3.1', 'V3.3', 'V3.7']",0.83144907,0.04998452,0.22355323862798904,-3.197809169100648,-2.9742559304726592
"['V2.2', 'V3.1', 'V3.3', 'V3.8']",0.74739693,0.05080934,-0.6637854799823754,-2.5946159752493902,-3.2584014552317657
"['V2.2', 'V3.1', 'V3.3', 'V1.2_copy']",0.91441465,0.05181818,1.0994211397422928,-1.856848436047021,-0.7574272963047282
"['V2.2', 'V3.1', 'V3.4', 'V3.5']",0.84358845,0.05180909,0.3517087132408223,-1.863495978701304,-1.5117872654604816
"['V2.2', 'V3.1', 'V3.4', 'V3.6']",0.71985139,0.05058908,-0.9545838364195881,-2.755692734878979,-3.710276571298567
"['V2.2', 'V3.1', 'V3.4', 'V3.7']",0.75136036,0.04984629,-0.6219435364280309,-3.298897158220767,-3.9208406946487977
"['V2.2', 'V3.1', 'V3.4', 'V3.8']",0.68589422,0.05066882,-1.313069791868602,-2.6973786478324717,-4.010448439701074
"['V2.2', 'V3.1', 'V3.4', 'V1.2_copy']",0.92633351,0.05170141,1.2252485839893554,-1.9422426666015762,-0.7169940826122208
"['V2.2', 'V3.1', 'V3.5', 'V3.6']",0.95534202,0.05131514,1.5314915195314602,-2.224723007753494,-0.6932314882220336
"['V2.2', 'V3.1', 'V3.5', 'V3.7']",0.89766255,0.05027443,0.9225691649081873,-2.9857971679010893,-2.063228002992902
"['V2.2', 'V3.1', 'V3.5', 'V3.8']",0.7375407,0.05152448,-0.7678377325309595,-2.0716320749429182,-2.839469807473878
"['V2.2', 'V3.1', 'V3.5', 'V1.2_copy']",1.10030991,0.05264061,3.0619180113762625,-1.255403055940953,1.8065149554353095
"['V2.2', 'V3.1', 'V3.6', 'V3.7']",0.68046237,0.04838593,-1.370413850195775,-4.366862547727107,-5.737276397922882
"['V2.2', 'V3.1', 'V3.6', 'V1.2_copy']",0.7809501,0.05134789,-0.30956455386299614,-2.2007728403246882,-2.5103373941876845
"['V2.2', 'V3.1', 'V3.6', 'V3.8']",0.72466283,0.04992321,-0.9037894485042935,-3.2426453451330155,-4.146434793637309
"['V2.2', 'V3.1', 'V3.7', 'V1.2_copy']",0.98284362,0.05065671,1.821826001244059,-2.706234725009965,-0.8844087237659062
"['V2.2', 'V3.1', 'V3.7', 'V3.8']",0.61673448,0.04887619,-2.0431893946654607,-4.008334026089034,-6.051523420754494
"['V2.2', 'V3.1', 'V3.8', 'V1.2_copy']",0.77004912,0.05161172,-0.4246462356000365,-2.0078332167295083,-2.4324794523295448
"['V2.2', 'V3.2', 'V3.3', 'V3.4']",0.71449554,0.05188177,-1.011125562496631,-1.8103448895799097,-2.821470452076541
"['V2.2', 'V3.2', 'V3.3', 'V3.5']",0.68917154,0.05301502,-1.2784711138423657,-0.9815959662609601,-2.260067080103326
"['V2.2', 'V3.2', 'V3.3', 'V3.6']",0.73101571,0.05210067,-0.8367220734358489,-1.6502627017885851,-2.486984775224434
"['V2.2', 'V3.2', 'V3.3', 'V3.7']",0.87401297,0.05226679,0.6729004710132639,-1.5287786769558098,-0.8558782059425459
"['V2.2', 'V3.2', 'V3.3', 'V3.8']",0.77346306,0.05266252,-0.38860525978416055,-1.2393802111053756,-1.627985470889536
"['V2.2', 'V3.2', 'V3.3', 'V1.2_copy']",0.76733747,0.05280821,-0.4532731335745539,-1.1328367029312385,-1.5861098365057924
"['V2.2', 'V3.2', 'V3.4', 'V3.5']",0.88695102,0.05266997,0.8094875074446605,-1.2339320050795815,-0.424444497634921
"['V2.2', 'V3.2', 'V3.4', 'V3.6']",0.80026593,0.0516897,-0.10564727298120474,-1.9508062226501701,-2.056453495631375
"['V2.2', 'V3.2', 'V3.4', 'V3.7']",0.86450737,0.05185343,0.5725498205286638,-1.8310700115625795,-1.2585201910339157
"['V2.2', 'V3.2', 'V3.4', 'V3.8']",0.86793765,0.05226103,0.6087632977783182,-1.5329909812119913,-0.9242276834336731
"['V2.2', 'V3.2', 'V3.5', 'V3.6']",0.75770082,0.05264233,-0.5550072793404617,-1.254145215086674,-1.8091524944271358
"['V2.2', 'V3.2', 'V3.4', 'V1.2_copy']",0.80692704,0.05246058,-0.035325912788320854,-1.3870595030312758,-1.4223854158195965
"['V2.2', 'V3.2', 'V3.5', 'V3.7']",0.95891489,0.0525359,1.5692103198804028,-1.3319777744591281,0.2372325454212747
"['V2.2', 'V3.2', 'V3.5', 'V3.8']",0.822376,0.05336907,0.127768808776921,-0.7226782020420596,-0.5949093932651386
"['V2.2', 'V3.2', 'V3.5', 'V1.2_copy']",0.86154475,0.05361768,0.5412734314381604,-0.5408690074015774,0.0004044240365830287
"['V2.2', 'V3.2', 'V3.6', 'V3.7']",0.68782142,0.05072542,-1.292724335125848,-2.6559869080929173,-3.9487112432187654
"['V2.2', 'V3.2', 'V3.6', 'V3.8']",0.65742504,0.05194189,-1.6136190188256763,-1.7663789639060228,-3.379997982731699
"['V2.2', 'V3.2', 'V3.7', 'V3.8']",0.813219,0.05178463,0.031098329639625086,-1.881383645733631,-1.850285316094006
"['V2.2', 'V3.2', 'V3.6', 'V1.2_copy']",0.82127664,0.05252262,0.11616286163873411,-1.34168947593866,-1.225526614299926
"['V2.2', 'V3.2', 'V3.7', 'V1.2_copy']",0.99505392,0.0527317,1.9507301785303022,-1.1887886818618667,0.7619414966684355
"['V2.2', 'V3.2', 'V3.8', 'V1.2_copy']",0.87342779,0.05333199,0.6667227238273341,-0.7497949106912212,-0.08307218686388707
"['V2.2', 'V3.3', 'V3.4', 'V3.5']",0.98376697,0.0516986,1.831573810232966,-1.944297627532113,-0.11272381729914716
"['V2.2', 'V3.3', 'V3.4', 'V3.6']",0.85298274,0.05112982,0.45088426368908074,-2.3602480467735423,-1.9093637830844616
"['V2.2', 'V3.3', 'V3.4', 'V3.7']",0.90184881,0.05093681,0.9667635255059046,-2.501396804496719,-1.5346332789908146
"['V2.2', 'V3.3', 'V3.4', 'V3.8']",0.63379207,0.0512059,-1.8631123608959335,-2.304610528056485,-4.167722888952419
"['V2.2', 'V3.3', 'V3.5', 'V3.6']",0.84202935,0.05203983,0.33524928940954984,-1.6947551654944968,-1.359505876084947
"['V2.2', 'V3.3', 'V3.4', 'V1.2_copy']",0.77718424,0.05147907,-0.3493207502771033,-2.1048405361014533,-2.4541612863785565
"['V2.2', 'V3.3', 'V3.5', 'V3.7']",0.92423818,0.05156837,1.2031281782832568,-2.0395351940742024,-0.8364070157909456
"['V2.2', 'V3.3', 'V3.5', 'V3.8']",0.75416836,0.05224258,-0.592299471186409,-1.5464835182825734,-2.1387829894689823
"['V2.2', 'V3.3', 'V3.5', 'V1.2_copy']",1.12530373,0.05256511,3.325777851375316,-1.310616419021103,2.015161432354213
"['V2.2', 'V3.3', 'V3.6', 'V3.7']",0.88131754,0.05024442,0.750014840543887,-3.0077435655969245,-2.2577287250530373
"['V2.2', 'V3.3', 'V3.6', 'V3.8']",0.80533109,0.05125305,-0.05217436219087291,-2.2701295999872237,-2.3223039621780965
"['V2.2', 'V3.3', 'V3.6', 'V1.2_copy']",0.98064407,0.05191397,1.7986053446549528,-1.786796938703345,0.011808405951607703
"['V2.2', 'V3.3', 'V3.7', 'V3.8']",0.8178051,0.05073545,0.07951380243328536,-2.6486519407857125,-2.569138138352427
"['V2.2', 'V3.3', 'V3.7', 'V1.2_copy']",1.04807478,0.05176922,2.5104715720512707,-1.89265302222456,0.6178185498267106
"['V2.2', 'V3.3', 'V3.8', 'V1.2_copy']",0.82218615,0.05218823,0.1257645617020908,-1.5862298266720554,-1.4604652649699645
"['V2.2', 'V3.4', 'V3.5', 'V3.6']",0.92013879,0.05183193,1.1598509045614434,-1.8467930222410334,-0.68694211767959
"['V2.2', 'V3.4', 'V3.5', 'V3.7']",0.92429717,0.05136225,1.203750935907403,-2.1902713317971276,-0.9865203958897246
"['V2.2', 'V3.4', 'V3.5', 'V3.8']",0.88582559,0.05205279,0.7976063392306728,-1.68527748091809,-0.8876711416874171
"['V2.2', 'V3.4', 'V3.5', 'V1.2_copy']",1.14699704,0.05242266,3.554794196441812,-1.4147905060511319,2.14000369039068
"['V2.2', 'V3.4', 'V3.6', 'V3.8']",0.6165526,0.05099192,-2.0451095024240593,-2.4610947059623176,-4.506204208386377
"['V2.2', 'V3.4', 'V3.6', 'V3.7']",0.77068166,0.04998822,-0.41796850873823604,-3.1951033486583076,-3.6130718573965437
"['V2.2', 'V3.4', 'V3.6', 'V1.2_copy']",0.82481734,0.05168872,0.15354204319179954,-1.9515228994159768,-1.7979808562241772
"['V2.2', 'V3.4', 'V3.7', 'V3.8']",0.7786265,0.05050039,-0.3340948067103719,-2.8205519821846567,-3.1546467888950285
"['V2.2', 'V3.4', 'V3.7', 'V1.2_copy']",1.02270365,0.05154775,2.242628469140422,-2.0546146582690716,0.18801381087135027
"['V2.2', 'V3.5', 'V3.6', 'V3.7']",0.95604492,0.05042891,1.538912037144827,-2.8728255079193468,-1.3339134707745197
"['V2.2', 'V3.4', 'V3.8', 'V1.2_copy']",0.88754287,0.05198633,0.8157356698425423,-1.7338798664850708,-0.9181441966425284
"['V2.2', 'V3.5', 'V3.6', 'V3.8']",0.81480705,0.05185822,0.04786337871617621,-1.8275670710439862,-1.77970369232781
"['V2.2', 'V3.5', 'V3.6', 'V1.2_copy']",0.9588663,0.05262826,1.5686973550904844,-1.2644346457957814,0.304262709294703
"['V2.2', 'V3.5', 'V3.7', 'V3.8']",0.72111461,0.05107972,-0.9412480187221091,-2.396886318168448,-3.338134336890557
"['V2.2', 'V3.5', 'V3.7', 'V1.2_copy']",1.12266106,0.05223394,3.2978791754878247,-1.5528019746668429,1.7450772008209818
"['V2.2', 'V3.5', 'V3.8', 'V1.2_copy']",0.9925869,0.0530602,1.924685840270906,-0.9485557047515412,0.9761301355193648
"['V2.2', 'V3.6', 'V3.7', 'V3.8']",0.70449221,0.04930948,-1.116730750229349,-3.6914678262347476,-4.808198576464097
"['V2.2', 'V3.6', 'V3.7', 'V1.2_copy']",1.07652517,0.05073076,2.8108224329165035,-2.652081751022083,0.15874068189442037
"['V2.2', 'V3.6', 'V3.8', 'V1.2_copy']",0.88740309,0.05191324,0.8142600119225014,-1.7873307897635884,-0.973070777841087
"['V2.2', 'V3.7', 'V3.8', 'V1.2_copy']",0.88988506,0.05146926,0.8404621773811015,-2.112014616787761,-1.2715524394066597
"['V2.3', 'V2.4', 'V2.5', 'V2.6']",0.6403652,0.05565479,-1.7937198058526083,0.9488752848395551,-0.8448445210130532
"['V2.3', 'V2.4', 'V2.5', 'V2.7']",0.90289307,0.05619311,0.9777877817627479,1.3425502201151358,2.3203380018778836
"['V2.3', 'V2.4', 'V2.5', 'V2.8']",0.7792721,0.05608903,-0.3272792053855886,1.2664362223749763,0.9391570169893877
"['V2.3', 'V2.4', 'V2.5', 'V3.0']",0.80980306,0.05477842,-0.004963760182833829,0.30798343050112365,0.3030196703182898
"['V2.3', 'V2.4', 'V2.5', 'V3.1']",0.70834958,0.05410669,-1.0760084824440657,-0.18325461429132187,-1.2592630967353875
"['V2.3', 'V2.4', 'V2.5', 'V3.3']",0.81135471,0.05479099,0.011417013973919168,0.3171759069768494,0.32859292095076853
"['V2.3', 'V2.4', 'V2.5', 'V3.2']",0.69030343,0.05572122,-1.2665217473871164,0.9974557313218645,-0.26906601606525193
"['V2.3', 'V2.4', 'V2.5', 'V3.5']",0.75738802,0.05548413,-0.5583095099699414,0.8240711451937451,0.2657616352238037
"['V2.3', 'V2.4', 'V2.5', 'V3.4']",0.74233574,0.05477038,-0.7172164794696405,0.30210375581020366,-0.41511272365943686
"['V2.3', 'V2.4', 'V2.5', 'V3.7']",0.81030854,0.05402497,0.0003725938407891241,-0.24301668092589035,-0.2426440870851012
"['V2.3', 'V2.4', 'V2.5', 'V3.6']",0.83984303,0.05451958,0.3121683019739869,0.1186930079889867,0.43086130996297356
"['V2.3', 'V2.4', 'V2.5', 'V3.8']",0.79357195,0.05464711,-0.1763156418722692,0.2119560569109951,0.03564041503872589
"['V2.3', 'V2.4', 'V2.6', 'V2.7']",0.78389224,0.05620482,-0.278504372199896,1.3511137761637297,1.0726094039638339
"['V2.3', 'V2.4', 'V2.5', 'V1.2_copy']",0.72922808,0.05543403,-0.8555940892292538,0.7874328737988392,-0.06816121543041465
"['V2.3', 'V2.4', 'V2.6', 'V2.8']",0.80828451,0.05619333,-0.020995097530648824,1.3427111067360333,1.3217160092053846
"['V2.3', 'V2.4', 'V2.6', 'V3.0']",0.69594042,0.05497201,-1.2070120254047922,0.4495563438612079,-0.7574556815435843
"['V2.3', 'V2.4', 'V2.6', 'V3.1']",0.66110043,0.05422676,-1.5748179144993224,-0.09544708442332626,-1.6702649989226486
"['V2.3', 'V2.4', 'V2.6', 'V3.2']",0.65847688,0.05579369,-1.6025147404838858,1.0504532468505852,-0.5520614936333006
"['V2.3', 'V2.4', 'V2.6', 'V3.3']",0.74820631,0.05501696,-0.6552408526585627,0.48242840572150575,-0.17281244693705694
"['V2.3', 'V2.4', 'V2.6', 'V3.4']",0.66874055,0.05509664,-1.4941611425143446,0.5406986145986806,-0.953462527915664
"['V2.3', 'V2.4', 'V2.6', 'V3.5']",0.94508057,0.05568023,1.4231613581092248,0.967479628637684,2.390640986746909
"['V2.3', 'V2.4', 'V2.6', 'V3.7']",0.86839934,0.05419279,0.6136373606278207,-0.12028944129528363,0.4933479193325371
"['V2.3', 'V2.4', 'V2.6', 'V3.6']",0.75104782,0.05469396,-0.6252430222366541,0.24621759413357933,-0.3790254281030747
"['V2.3', 'V2.4', 'V2.6', 'V3.8']",0.71812908,0.0549121,-0.9727662687580131,0.4057439917799894,-0.5670222769780238
"['V2.3', 'V2.4', 'V2.6', 'V1.2_copy']",0.76800705,0.05560438,-0.44620437531084783,0.9120103095697482,0.4658059342589003
"['V2.3', 'V2.4', 'V2.7', 'V2.8']",0.81608306,0.05666509,0.061334220485749304,1.687710526162416,1.7490447466481651
"['V2.3', 'V2.4', 'V2.7', 'V3.0']",0.84117905,0.05546377,0.32627266951106343,0.809181819732663,1.1354544892437264
"['V2.3', 'V2.4', 'V2.7', 'V3.1']",0.88627164,0.05482893,0.8023152905487014,0.344921536053153,1.1472368266018544
"['V2.3', 'V2.4', 'V2.7', 'V3.2']",0.79319989,0.05635514,-0.1802434805167841,1.461043216404895,1.280799735888111
"['V2.3', 'V2.4', 'V2.7', 'V3.3']",0.85706337,0.05551172,0.4939634880291515,0.8442477900597241,1.3382112780888755
"['V2.3', 'V2.4', 'V2.7', 'V3.4']",0.84119925,0.05566917,0.32648592097754425,0.9593914194235585,1.2858773404011028
"['V2.3', 'V2.4', 'V2.7', 'V3.5']",0.80003311,0.05621423,-0.10810515448745651,1.3579953357211325,1.249890181233676
"['V2.3', 'V2.4', 'V2.7', 'V3.6']",0.85281997,0.05519946,0.44916590026337627,0.6158911707827983,1.0650570710461746
"['V2.3', 'V2.4', 'V2.7', 'V3.7']",1.00114364,0.05470993,2.0150193726126404,0.25789650020496796,2.272915872817608
"['V2.3', 'V2.4', 'V2.7', 'V3.8']",0.84004859,0.05548358,0.3143383995705203,0.8236689286415042,1.1380073282120244
"['V2.3', 'V2.4', 'V2.7', 'V1.2_copy']",0.86289252,0.05610394,0.5555018437639092,1.2773399474547782,1.8328417912186874
"['V2.3', 'V2.4', 'V2.8', 'V3.0']",0.87897377,0.05539578,0.7252716529401284,0.7594605408476346,1.4847321937877629
"['V2.3', 'V2.4', 'V2.8', 'V3.1']",0.78811703,0.05476711,-0.23390325026536984,0.2997123955814345,0.06580914531606463
"['V2.3', 'V2.4', 'V2.8', 'V3.2']",0.89551216,0.056265,0.8998674906008765,1.3951235800069544,2.2949910706078307
"['V2.3', 'V2.4', 'V2.8', 'V3.3']",0.76998572,0.05550787,-0.42531554960869755,0.8414322741940476,0.4161167245853501
"['V2.3', 'V2.4', 'V2.8', 'V3.4']",0.784275,0.05561265,-0.27446357362016516,0.9180581839097841,0.643594610289619
"['V2.3', 'V2.4', 'V2.8', 'V3.6']",0.78323121,0.05505169,-0.2854828680854625,0.5078265527383776,0.2223436846529151
"['V2.3', 'V2.4', 'V2.8', 'V3.5']",1.00852843,0.0561259,2.0929806249472813,1.2933993574314695,3.3863799823787506
"['V2.3', 'V2.4', 'V2.8', 'V3.7']",0.84100116,0.05444388,0.32439468419559603,0.06333338434438693,0.387728068539983
"['V2.3', 'V2.4', 'V2.8', 'V3.8']",0.85841071,0.05539417,0.5081873608434846,0.7582831433038069,1.2664705041472915
"['V2.3', 'V2.4', 'V2.8', 'V1.2_copy']",0.78171463,0.05600908,-0.3014934081367937,1.2079685617358007,0.906475153599007
"['V2.3', 'V2.4', 'V3.0', 'V3.1']",0.81503924,0.0533777,0.05031460931035511,-0.7163670586860087,-0.6660524493756536
"['V2.3', 'V2.4', 'V3.0', 'V3.2']",0.8822329,0.05499167,0.759678299076498,0.463933757346713,1.223612056423211
"['V2.3', 'V2.4', 'V3.0', 'V3.4']",0.73078235,0.05429282,-0.8391856557238773,-0.047137219985250396,-0.8863228757091277
"['V2.3', 'V2.4', 'V3.0', 'V3.3']",0.95178784,0.0540707,1.4939700295740297,-0.20957420286423042,1.2843958267097992
"['V2.3', 'V2.4', 'V3.0', 'V3.5']",0.82356513,0.05481016,0.14032245810055663,0.3311949820794511,0.47151744018000774
"['V2.3', 'V2.4', 'V3.0', 'V3.6']",0.87963245,0.05378497,0.7322253398679602,-0.4185293582667641,0.31369598160119616
"['V2.3', 'V2.4', 'V3.0', 'V3.7']",0.96501822,0.05324419,1.6336431947775352,-0.8140032984850959,0.8196398962924393
"['V2.3', 'V2.4', 'V3.0', 'V1.2_copy']",0.96287388,0.05445764,1.6110053903401345,0.07339611117859828,1.6844015015187328
"['V2.3', 'V2.4', 'V3.0', 'V3.8']",0.8635237,0.05407702,0.562165213101233,-0.20495236902758435,0.35721284407364867
"['V2.3', 'V2.4', 'V3.1', 'V3.2']",0.77445255,0.05439425,-0.3781592105975747,0.02703882527593693,-0.35112038532163775
"['V2.3', 'V2.4', 'V3.1', 'V3.4']",0.75187726,0.05369478,-0.6164866214268216,-0.48448555980582353,-1.1009721812326452
"['V2.3', 'V2.4', 'V3.1', 'V3.3']",0.77135343,0.05344016,-0.4108766306373233,-0.6706898844080456,-1.0815665150453688
"['V2.3', 'V2.4', 'V3.1', 'V3.5']",0.94477165,0.05408217,1.4199000886525144,-0.2011861594929814,1.218713929159533
"['V2.3', 'V2.4', 'V3.1', 'V3.6']",0.81339042,0.05251435,0.03290801114379761,-1.3477373502786958,-1.3148293391348982
"['V2.3', 'V2.4', 'V3.1', 'V3.7']",0.80681561,0.0513888,-0.036502279665056814,-2.1708552418662928,-2.2073575215313497
"['V2.3', 'V2.4', 'V3.1', 'V1.2_copy']",0.76535999,0.05410354,-0.47414939644278786,-0.18555821818142113,-0.659707614624209
"['V2.3', 'V2.4', 'V3.1', 'V3.8']",0.72171454,0.05266608,-0.9349145557376337,-1.2367767730581527,-2.171691328795786
"['V2.3', 'V2.4', 'V3.2', 'V3.3']",0.86985406,0.05507674,0.6289948444555601,0.5261456884358306,1.1551405328913908
"['V2.3', 'V2.4', 'V3.2', 'V3.4']",0.67727332,0.05505758,-1.4040806615414994,0.5121339263614527,-0.8919467351800466
"['V2.3', 'V2.4', 'V3.2', 'V3.5']",0.75655203,0.05568953,-0.5671350591513316,0.9742807448846457,0.4071456857333141
"['V2.3', 'V2.4', 'V3.2', 'V3.6']",0.68183011,0.05430386,-1.3559746145143017,-0.03906363682756731,-1.395038251341869
"['V2.3', 'V2.4', 'V3.2', 'V3.7']",0.68003377,0.05410295,-1.374938581806373,-0.185989686846552,-1.560928268652925
"['V2.3', 'V2.4', 'V3.2', 'V1.2_copy']",0.74996643,0.0555784,-0.6366592600256993,0.893011062247597,0.2563518022218977
"['V2.3', 'V2.4', 'V3.2', 'V3.8']",0.71375604,0.05497816,-1.0189324664304555,0.4540538562180652,-0.5648786102123904
"['V2.3', 'V2.4', 'V3.3', 'V3.4']",0.81861134,0.05424548,0.08802528076676362,-0.08175709559073807,0.006268185176025551
"['V2.3', 'V2.4', 'V3.3', 'V3.5']",0.68618095,0.05482614,-1.310042782314923,0.34288120117906856,-0.9671615811358545
"['V2.3', 'V2.4', 'V3.3', 'V3.6']",0.88921582,0.0538979,0.8333970084985148,-0.3359433305496615,0.4974536779488533
"['V2.3', 'V2.4', 'V3.3', 'V3.7']",0.95712394,0.05335789,1.550303254836072,-0.730854167594855,0.819449087241217
"['V2.3', 'V2.4', 'V3.3', 'V1.2_copy']",0.94677004,0.05471,1.4409970984595672,0.25794769140252927,1.6989447898620966
"['V2.3', 'V2.4', 'V3.3', 'V3.8']",0.82939451,0.05402879,0.2018632419460706,-0.24022310414488024,-0.03835986219880963
"['V2.3', 'V2.4', 'V3.4', 'V3.5']",0.82004133,0.05500784,0.10312168990311192,0.47575892398255654,0.5788806138856685
"['V2.3', 'V2.4', 'V3.4', 'V3.6']",0.80684167,0.05402107,-0.03622716415928942,-0.24586876193268042,-0.2820959260919699
"['V2.3', 'V2.4', 'V3.4', 'V3.7']",0.79596706,0.05353636,-0.15103045771954207,-0.6003385529072462,-0.7513690106267883
"['V2.3', 'V2.4', 'V3.4', 'V3.8']",0.69424106,0.05416532,-1.224952174517685,-0.1403783298225875,-1.3653305043402726
"['V2.3', 'V2.4', 'V3.4', 'V1.2_copy']",0.79589363,0.05489008,-0.15180565847121238,0.38964070363396575,0.23783504516275336
"['V2.3', 'V2.4', 'V3.5', 'V3.6']",0.78182143,0.05442173,-0.3003659201852954,0.04713502683146965,-0.25323089335382576
"['V2.3', 'V2.4', 'V3.5', 'V3.7']",0.72290351,0.05362047,-0.9223625955345249,-0.5388286725274879,-1.461191268062013
"['V2.3', 'V2.4', 'V3.5', 'V3.8']",0.95822276,0.05471164,1.5619035011924811,0.2591470280310232,1.8210505292235042
"['V2.3', 'V2.4', 'V3.5', 'V1.2_copy']",0.8840897,0.05549582,0.779280542787553,0.8326200751858915,1.6119006179734445
"['V2.3', 'V2.4', 'V3.6', 'V3.7']",0.81959814,0.05183583,0.09844293161449535,-1.8439409412342433,-1.745498009619748
"['V2.3', 'V2.4', 'V3.6', 'V3.8']",0.79902883,0.05329729,-0.11870734175271816,-0.7751711186234268,-0.8938784603761449
"['V2.3', 'V2.4', 'V3.6', 'V1.2_copy']",0.83764589,0.05439633,0.2889730877628126,0.028559935146225634,0.31753302290903823
"['V2.3', 'V2.4', 'V3.7', 'V3.8']",0.69213278,0.05242973,-1.2472092934164045,-1.4096201950978,-2.6568294885142043
"['V2.3', 'V2.4', 'V3.7', 'V1.2_copy']",1.04455069,0.05391939,2.4732677423228693,-0.32022763289943135,2.153040109423438
"['V2.3', 'V2.4', 'V3.8', 'V1.2_copy']",0.75465178,0.05476834,-0.5871960046553888,0.30061189805280497,-0.2865841066025838
"['V2.3', 'V2.5', 'V2.6', 'V2.7']",0.82465077,0.05553924,0.15178356315358865,0.8643732437281416,1.0161568068817304
"['V2.3', 'V2.5', 'V2.6', 'V2.8']",0.81729545,0.05551605,0.07413342570593852,0.84741433128008,0.9215477569860185
"['V2.3', 'V2.5', 'V2.6', 'V3.0']",0.74931665,0.05426252,-0.6435189896242388,-0.06929569549953378,-0.7128146851237726
"['V2.3', 'V2.5', 'V2.6', 'V3.1']",0.77486812,0.05352175,-0.3737720367398604,-0.6110228871403708,-0.9847949238802312
"['V2.3', 'V2.5', 'V2.6', 'V3.3']",0.73649503,0.05437602,-0.7788768741624432,0.013707174826252156,-0.7651696993361911
"['V2.3', 'V2.5', 'V2.6', 'V3.2']",0.71433451,0.05562661,-1.0128255567366091,0.9282671713084454,-0.08455838542816374
"['V2.3', 'V2.5', 'V2.6', 'V3.4']",0.69957014,0.05422425,-1.1686930594187463,-0.0972826545071809,-1.2659757139259273
"['V2.3', 'V2.5', 'V2.6', 'V3.5']",0.73619018,0.05503652,-0.7820951766157584,0.49673268892478845,-0.28536248769097
"['V2.3', 'V2.5', 'V2.6', 'V3.7']",0.64903209,0.05351666,-1.7022234195983503,-0.6147452185056412,-2.3169686381039916
"['V2.3', 'V2.5', 'V2.6', 'V3.6']",0.73106086,0.05422542,-0.8362454247372518,-0.09642703020514287,-0.9326724549423947
"['V2.3', 'V2.5', 'V2.6', 'V1.2_copy']",0.7461842,0.0549399,-0.6765882745836829,0.42607421023864184,-0.25051406434504103
"['V2.3', 'V2.5', 'V2.6', 'V3.8']",0.65310729,0.05415755,-1.6592015197861505,-0.1460605527515014,-1.8052620725376518
"['V2.3', 'V2.5', 'V2.7', 'V2.8']",0.85105948,0.05588753,0.4305804015392943,1.1190787036908658,1.54965910523016
"['V2.3', 'V2.5', 'V2.7', 'V3.0']",0.8761542,0.0546509,0.6955054431704281,0.21472769460733898,0.910233137777767
"['V2.3', 'V2.5', 'V2.7', 'V3.1']",0.75127741,0.05402961,-0.6228192398510329,-0.23962343583063328,-0.8624426756816662
"['V2.3', 'V2.5', 'V2.7', 'V3.2']",0.83282794,0.05609435,0.23810997375609286,1.270326753389368,1.5084367271454608
"['V2.3', 'V2.5', 'V2.7', 'V3.3']",0.72475388,0.05476833,-0.9028282333546321,0.3006045850245812,-0.6022236483300509
"['V2.3', 'V2.5', 'V2.7', 'V3.4']",0.75924437,0.05468469,-0.5387120169103679,0.23943841697128893,-0.2992735999390789
"['V2.3', 'V2.5', 'V2.7', 'V3.5']",0.82422404,0.05546558,0.14727857313914597,0.8105054778409406,0.9577840509800866
"['V2.3', 'V2.5', 'V2.7', 'V3.6']",0.7739588,0.05464204,-0.38337173097259347,0.2082483516021721,-0.17512337937042138
"['V2.3', 'V2.5', 'V2.7', 'V3.7']",0.80427818,0.05392111,-0.06328993652618553,-0.31896979204515236,-0.3822597285713379
"['V2.3', 'V2.5', 'V2.7', 'V3.8']",0.7110877,0.0546241,-1.047102140592432,0.19512877897094089,-0.8519733616214911
"['V2.3', 'V2.5', 'V2.8', 'V3.0']",0.80903384,0.05457361,-0.013084418254472187,0.15820529947535394,0.14512088122088176
"['V2.3', 'V2.5', 'V2.7', 'V1.2_copy']",0.77440184,0.05533676,-0.3786945562344703,0.7162990482782242,0.3376044920437539
"['V2.3', 'V2.5', 'V2.8', 'V3.1']",0.7438095,0.05395145,-0.7016579902992375,-0.29678206441797905,-0.9984400547172165
"['V2.3', 'V2.5', 'V2.8', 'V3.2']",0.74873777,0.05597862,-0.6496302276894352,1.1856930777699524,0.5360628500805171
"['V2.3', 'V2.5', 'V2.8', 'V3.3']",0.81421387,0.05475427,0.04160117550391689,0.2903224673436976,0.3319236428476145
"['V2.3', 'V2.5', 'V2.8', 'V3.4']",0.73456832,0.05462664,-0.7992171579735844,0.19698628813946173,-0.6022308698341227
"['V2.3', 'V2.5', 'V2.8', 'V3.6']",0.75656459,0.05447568,-0.567002463189995,0.08658881409205187,-0.48041364909794315
"['V2.3', 'V2.5', 'V2.8', 'V3.5']",0.84448577,0.05536745,0.3611817234340599,0.7387427318931886,1.0999244553272485
"['V2.3', 'V2.5', 'V2.8', 'V3.7']",0.81646134,0.0536518,0.06532772369073593,-0.515916955106284,-0.4505892314155481
"['V2.3', 'V2.5', 'V2.8', 'V3.8']",0.81849283,0.05452823,0.08677417030672563,0.12501877740147999,0.21179294770820561
"['V2.3', 'V2.5', 'V2.8', 'V1.2_copy']",0.77891533,0.05523216,-0.33104562744978144,0.6398047730704952,0.30875914562071377
"['V2.3', 'V2.5', 'V3.0', 'V3.1']",0.72332484,0.05255202,-0.9179146133378538,-1.3201891729644035,-2.2381037863022573
"['V2.3', 'V2.5', 'V3.0', 'V3.2']",0.67149107,0.05466897,-1.4651238938219002,0.2279423366054588,-1.2371815572164415
"['V2.3', 'V2.5', 'V3.0', 'V3.3']",0.67574648,0.05329784,-1.4201995164465973,-0.7747689020711859,-2.1949684185177833
"['V2.3', 'V2.5', 'V3.0', 'V3.4']",0.65472742,0.05328027,-1.6420978020440185,-0.7876178926581836,-2.4297156947022023
"['V2.3', 'V2.5', 'V3.0', 'V3.5']",0.8754626,0.05402589,0.6882042196942507,-0.24234388232941592,0.44586033736483477
"['V2.3', 'V2.5', 'V3.0', 'V3.6']",0.79967953,0.05318553,-0.11183789971115006,-0.8569015220384913,-0.9687394217496414
"['V2.3', 'V2.5', 'V3.0', 'V3.7']",0.79492559,0.05243541,-0.16202525993720276,-1.4054663950673987,-1.5674916550046014
"['V2.3', 'V2.5', 'V3.0', 'V3.8']",0.66555814,0.05319074,-1.5277578553582147,-0.8530914343345509,-2.3808492896927658
"['V2.3', 'V2.5', 'V3.0', 'V1.2_copy']",0.72720474,0.05367897,-0.8769544962684206,-0.4960474574256523,-1.373001953694073
"['V2.3', 'V2.5', 'V3.1', 'V3.3']",0.80138815,0.05267188,-0.09379999274778202,-1.2325352166890815,-1.3263352094368634
"['V2.3', 'V2.5', 'V3.1', 'V3.2']",0.69952208,0.05407537,-1.1692004289969193,-0.20615901868430714,-1.3753594476812265
"['V2.3', 'V2.5', 'V3.1', 'V3.4']",0.67027824,0.05268475,-1.4779277441235361,-1.2231233493666733,-2.7010510934902094
"['V2.3', 'V2.5', 'V3.1', 'V3.5']",0.77985215,0.0533048,-0.3211556156265427,-0.7696790344283003,-1.090834650054843
"['V2.3', 'V2.5', 'V3.1', 'V3.7']",0.67086917,0.05064396,-1.4716892941686819,-2.7155588359936984,-4.187248130162381
"['V2.3', 'V2.5', 'V3.1', 'V3.6']",0.8232195,0.05194544,0.1366736410530277,-1.7637828388870187,-1.6271091978339909
"['V2.3', 'V2.5', 'V3.1', 'V3.8']",0.68050864,0.05182509,-1.369925377653492,-1.8517951335452492,-3.2217205111987415
"['V2.3', 'V2.5', 'V3.1', 'V1.2_copy']",0.8528837,0.05331396,0.4498386980831233,-0.762980300576456,-0.3131416024933327
"['V2.3', 'V2.5', 'V3.2', 'V3.4']",0.78371824,0.05457635,-0.28034129077256065,0.16020906920832972,-0.12013222156423092
"['V2.3', 'V2.5', 'V3.2', 'V3.3']",0.72549826,0.0548243,-0.894969811244747,0.3415356039861197,-0.5534342072586272
"['V2.3', 'V2.5', 'V3.2', 'V3.5']",0.68050805,0.05544456,-1.3699316062854336,0.7951334925171663,-0.5747981137682674
"['V2.3', 'V2.5', 'V3.2', 'V3.6']",0.80821655,0.05424716,-0.021712551474316895,-0.08052850684934908,-0.10224105832366598
"['V2.3', 'V2.5', 'V3.2', 'V3.7']",0.80512748,0.05382379,-0.054323873630989415,-0.39014018270687606,-0.44446405633786545
"['V2.3', 'V2.5', 'V3.2', 'V3.8']",0.60811081,0.05460385,-2.1342295072374737,0.1803198968203049,-1.953909610417169
"['V2.3', 'V2.5', 'V3.2', 'V1.2_copy']",0.73104883,0.05530588,-0.8363724254868452,0.6937164171270337,-0.14265600835981151
"['V2.3', 'V2.5', 'V3.3', 'V3.4']",0.80947166,0.05330657,-0.008462351073529276,-0.7683846284329127,-0.776846979506442
"['V2.3', 'V2.5', 'V3.3', 'V3.5']",0.81244882,0.05410756,0.022967536844826674,-0.18261838083596116,-0.1596508439911345
"['V2.3', 'V2.5', 'V3.3', 'V3.6']",0.88313887,0.0533568,0.7692426273482048,-0.731651287671108,0.037591339677096824
"['V2.3', 'V2.5', 'V3.3', 'V3.7']",0.78880779,0.05259804,-0.22661089467195716,-1.28653461708429,-1.5131455117562471
"['V2.3', 'V2.5', 'V3.3', 'V3.8']",0.70581907,0.05321009,-1.1027230848424192,-0.8389407247239418,-1.941663809566361
"['V2.3', 'V2.5', 'V3.3', 'V1.2_copy']",0.75791133,0.05397619,-0.5527849245776368,-0.2786896325954221,-0.831474557173059
"['V2.3', 'V2.5', 'V3.4', 'V3.5']",0.829529,0.05405856,0.2032830533187007,-0.2184522191263903,-0.015169165807689594
"['V2.3', 'V2.5', 'V3.4', 'V3.6']",0.77308823,0.05324463,-0.3925623413277913,-0.8136815252433011,-1.2062438665710924
"['V2.3', 'V2.5', 'V3.4', 'V3.7']",0.73354647,0.05252195,-0.8100048317866734,-1.3421794488295706,-2.152184280616244
"['V2.3', 'V2.5', 'V3.4', 'V3.8']",0.65854257,0.0531222,-1.6018212509376883,-0.9032149297718152,-2.5050361807095034
"['V2.3', 'V2.5', 'V3.4', 'V1.2_copy']",0.78419182,0.05391759,-0.2753417051539259,-0.32154397797948514,-0.5968856831334111
"['V2.3', 'V2.5', 'V3.5', 'V3.6']",0.81581991,0.05388552,0.05855614506967651,-0.3449968594891612,-0.2864407144194847
"['V2.3', 'V2.5', 'V3.5', 'V3.7']",0.93486669,0.05286501,1.3153333933335507,-1.0912987026272345,0.2240346907063162
"['V2.3', 'V2.5', 'V3.5', 'V3.8']",0.72863741,0.05388133,-0.8618297943632516,-0.34806101831440484,-1.2098908126776564
"['V2.3', 'V2.5', 'V3.5', 'V1.2_copy']",0.91740533,0.05475165,1.1309937583451466,0.28840645394939174,1.4194002122945384
"['V2.3', 'V2.5', 'V3.6', 'V3.7']",0.82067321,0.05131095,0.10979244914274036,-2.2277871665787377,-2.117994717435997
"['V2.3', 'V2.5', 'V3.6', 'V3.8']",0.86114662,0.05266725,0.5370703717178447,-1.2359211487561148,-0.6988507770382701
"['V2.3', 'V2.5', 'V3.6', 'V1.2_copy']",0.80068404,0.05384131,-0.10123328433513097,-0.37732775726099205,-0.478561041596123
"['V2.3', 'V2.5', 'V3.7', 'V3.8']",0.6170458,0.05160493,-2.039902788400852,-2.0127987628926105,-4.052701551293462
"['V2.3', 'V2.5', 'V3.7', 'V1.2_copy']",0.9628744,0.05314743,1.6110108799818466,-0.8847641595663548,0.7262467204154918
"['V2.3', 'V2.6', 'V2.7', 'V2.8']",0.7877477,0.05595968,-0.2378022682908992,1.1718422023164667,0.9340399340255675
"['V2.3', 'V2.5', 'V3.8', 'V1.2_copy']",0.7832484,0.05392043,-0.2853013931988872,-0.31946707796428697,-0.6047684711631742
"['V2.3', 'V2.6', 'V2.7', 'V3.0']",0.78738123,0.05480905,-0.24167109328701647,0.3303832359467505,0.08871214265973404
"['V2.3', 'V2.6', 'V2.7', 'V3.1']",0.86452344,0.05410929,0.5727194715715533,-0.1813532269534635,0.39136624461808983
"['V2.3', 'V2.6', 'V2.7', 'V3.2']",0.68943143,0.05613851,-1.2757274542570227,1.3026210860200904,0.026893631763067694
"['V2.3', 'V2.6', 'V2.7', 'V3.3']",0.78003958,0.05496512,-0.3191769164996778,0.44451766741587845,0.12534075091620067
"['V2.3', 'V2.6', 'V2.7', 'V3.4']",0.76127081,0.05497631,-0.517318883160998,0.45270094599689764,-0.06461793716410041
"['V2.3', 'V2.6', 'V2.7', 'V3.5']",0.73822191,0.0556281,-0.7606461963189778,0.9293568125136031,0.16871061619462535
"['V2.3', 'V2.6', 'V2.7', 'V3.6']",0.8339958,0.05477511,0.2504390756197244,0.30556281815946446,0.5560018937791888
"['V2.3', 'V2.6', 'V2.7', 'V3.7']",0.81426651,0.05407211,0.04215689615716489,-0.20854306588485255,-0.16638616972768766
"['V2.3', 'V2.6', 'V2.7', 'V3.8']",0.75459786,0.05485635,-0.5877652382728493,0.36497385943934824,-0.22279137883350109
"['V2.3', 'V2.6', 'V2.7', 'V1.2_copy']",0.78046863,0.05547404,-0.3146474342375984,0.8166922997172078,0.5020448654796095
"['V2.3', 'V2.6', 'V2.8', 'V3.0']",0.76262797,0.05481561,-0.5029913405743452,0.33518058246073645,-0.1678107581136088
"['V2.3', 'V2.6', 'V2.8', 'V3.1']",0.88824277,0.05411777,0.823124516446036,-0.1751517790207488,0.6479727374252873
"['V2.3', 'V2.6', 'V2.8', 'V3.2']",0.80621923,0.05610639,-0.042798265287848865,1.2791316393693004,1.2363333740814515
"['V2.3', 'V2.6', 'V2.8', 'V3.3']",0.72504346,0.05503564,-0.8997711363415734,0.496089142441204,-0.40368199390036935
"['V2.3', 'V2.6', 'V2.8', 'V3.4']",0.84363029,0.05499451,0.35215041825852467,0.4660106573619162,0.8181610756204409
"['V2.3', 'V2.6', 'V2.8', 'V3.5']",0.73444162,0.05561526,-0.8005547302905768,0.9199668842758663,0.11941215398528948
"['V2.3', 'V2.6', 'V2.8', 'V3.6']",0.87443793,0.05469386,0.6773867751318823,0.24614446385135186,0.9235312389832342
"['V2.3', 'V2.6', 'V2.8', 'V3.7']",0.90177604,0.05387954,0.9659952923764062,-0.34937005036623997,0.6166252420101663
"['V2.3', 'V2.6', 'V2.8', 'V1.2_copy']",0.79615459,0.05545396,-0.1490507028923474,0.8020077390463504,0.6529570361540029
"['V2.3', 'V2.6', 'V2.8', 'V3.8']",0.8457127,0.05484077,0.37413442748210174,0.3535801614686355,0.7277145889507373
"['V2.3', 'V2.6', 'V3.0', 'V3.1']",0.83392568,0.05280318,0.24969881854894768,-1.1365151561271767,-0.886816337578229
"['V2.3', 'V2.6', 'V3.0', 'V3.2']",0.76592793,0.05488374,-0.46815365199359704,0.3850042437408772,-0.08314940825271983
"['V2.3', 'V2.6', 'V3.0', 'V3.3']",0.7161446,0.05365864,-0.993716430649285,-0.5109148438020682,-1.5046312744513533
"['V2.3', 'V2.6', 'V3.0', 'V3.4']",0.73906779,0.05372669,-0.7517162383750384,-0.4611496867477074,-1.2128659251227458
"['V2.3', 'V2.6', 'V3.0', 'V3.5']",0.87114462,0.05435985,0.6426192906230204,0.0018820081904136388,0.644501298813434
"['V2.3', 'V2.6', 'V3.0', 'V3.6']",0.75613904,0.05349786,-0.5714949959405549,-0.6284937115640095,-1.1999887075045643
"['V2.3', 'V2.6', 'V3.0', 'V3.7']",0.89573531,0.05275602,0.9022232858853018,-1.171003397224657,-0.2687801113393552
"['V2.3', 'V2.6', 'V3.0', 'V3.8']",0.85898196,0.05358551,0.5142180489735689,-0.5643950191934759,-0.05017697021990697
"['V2.3', 'V2.6', 'V3.0', 'V1.2_copy']",0.74421956,0.05398107,-0.697328985529658,-0.2751208748228252,-0.9724498603524833
"['V2.3', 'V2.6', 'V3.1', 'V3.2']",0.69091067,0.054216,-1.260111112708584,-0.10331590279077447,-1.3634270154993584
"['V2.3', 'V2.6', 'V3.1', 'V3.3']",0.7433136,0.05295914,-0.7068932082313314,-1.022461167968495,-1.7293543761998262
"['V2.3', 'V2.6', 'V3.1', 'V3.4']",0.81688256,0.05305942,0.06977454461704498,-0.9491261209528981,-0.879351576335853
"['V2.3', 'V2.6', 'V3.1', 'V3.5']",0.85237317,0.05356096,0.4444490311928793,-0.5823485034798067,-0.1378994722869274
"['V2.3', 'V2.6', 'V3.1', 'V3.7']",0.60922757,0.05087164,-2.1224398682420196,-2.549055809422987,-4.671495677665007
"['V2.3', 'V2.6', 'V3.1', 'V3.6']",0.73057613,0.05217374,-0.8413627209425839,-1.59682640456651,-2.4381891255090937
"['V2.3', 'V2.6', 'V3.1', 'V3.8']",0.7299396,0.05213934,-0.8480825702475157,-1.6219832216520385,-2.470065791899554
"['V2.3', 'V2.6', 'V3.2', 'V3.3']",0.74633794,0.05508796,-0.6749652408976974,0.534350906101516,-0.14061433479618135
"['V2.3', 'V2.6', 'V3.2', 'V3.4']",0.72495455,0.05492358,-0.9007097595041917,0.41413934817946213,-0.4865704113247296
"['V2.3', 'V2.6', 'V3.1', 'V1.2_copy']",0.79542392,0.05354601,-0.15676438848711124,-0.5932814806724985,-0.7500458691596098
"['V2.3', 'V2.6', 'V3.2', 'V3.5']",0.76986797,0.05567001,-0.4265586367462338,0.960005713794253,0.5334470770480193
"['V2.3', 'V2.6', 'V3.2', 'V3.7']",0.86049521,0.05404538,0.5301934342039397,-0.22809079032369448,0.3021026438802452
"['V2.3', 'V2.6', 'V3.2', 'V1.2_copy']",0.75824713,0.05550276,-0.5492398828724601,0.8376953167723297,0.2884554338998696
"['V2.3', 'V2.6', 'V3.2', 'V3.6']",0.68466081,0.05444029,-1.326090905297971,0.06070800721249796,-1.265382898085473
"['V2.3', 'V2.6', 'V3.2', 'V3.8']",0.6947796,0.05489551,-1.2192668059652543,0.3936116779588036,-0.8256551280064507
"['V2.3', 'V2.6', 'V3.3', 'V3.4']",0.72829746,0.05379245,-0.8654186476320878,-0.41305921315630884,-1.2784778607883966
"['V2.3', 'V2.6', 'V3.3', 'V3.7']",0.81505014,0.05295544,0.05042968064622813,-1.0251669884108352,-0.9747373077646071
"['V2.3', 'V2.6', 'V3.3', 'V3.6']",0.717572,0.05370968,-0.9786473641514611,-0.4735891477542404,-1.4522365119057015
"['V2.3', 'V2.6', 'V3.3', 'V3.5']",0.78155982,0.05447973,-0.3031277378163001,0.08955059052217805,-0.21357714729412203
"['V2.3', 'V2.6', 'V3.3', 'V3.8']",0.63691571,0.05363754,-1.8301360831354856,-0.5263453333516225,-2.356481416487108
"['V2.3', 'V2.6', 'V3.3', 'V1.2_copy']",0.74919656,0.05431957,-0.6447867801494762,-0.027574869489966018,-0.6723616496394422
"['V2.3', 'V2.6', 'V3.4', 'V3.6']",0.82322947,0.05367564,0.136778894375841,-0.498482695823759,-0.36170380144791797
"['V2.3', 'V2.6', 'V3.4', 'V3.5']",0.81714109,0.05451616,0.07250384667791242,0.11619195233688139,0.1886957990147938
"['V2.3', 'V2.6', 'V3.4', 'V3.7']",0.86141221,0.05298217,0.5398742062219484,-1.0056192639719932,-0.4657450577500448
"['V2.3', 'V2.6', 'V3.4', 'V3.8']",0.77144161,0.05363453,-0.40994571408710756,-0.5285465548466043,-0.9384922689337118
"['V2.3', 'V2.6', 'V3.4', 'V1.2_copy']",0.6985071,0.05434795,-1.1799155761973967,-0.006820495394406385,-1.1867360715918032
"['V2.3', 'V2.6', 'V3.5', 'V3.6']",0.81295582,0.05420224,0.028319937513453144,-0.11337862962498582,-0.08505869211153268
"['V2.3', 'V2.6', 'V3.5', 'V3.7']",0.78413161,0.0531921,-0.27597734232208765,-0.8520968624962868,-1.1280742048183745
"['V2.3', 'V2.6', 'V3.5', 'V1.2_copy']",0.94266952,0.05506682,1.3977078953240358,0.5188911644390769,1.9165990597631128
"['V2.3', 'V2.6', 'V3.5', 'V3.8']",0.68394824,0.05428389,-1.3336135091331642,-0.053667754187973496,-1.3872812633211378
"['V2.3', 'V2.6', 'V3.6', 'V3.7']",0.79876066,0.05159719,-0.12153841332531289,-2.018459046736853,-2.139997460062166
"['V2.3', 'V2.6', 'V3.6', 'V3.8']",0.73039388,0.05303761,-0.8432867347924001,-0.9650758355062532,-1.8083625702986534
"['V2.3', 'V2.6', 'V3.6', 'V1.2_copy']",0.83724388,0.05413298,0.28472906686972754,-0.1640286630942747,0.12070040377545285
"['V2.3', 'V2.6', 'V3.7', 'V3.8']",0.74636229,0.05197898,-0.6747081778675572,-1.7392549422286323,-2.4139631200961897
"['V2.3', 'V2.6', 'V3.7', 'V1.2_copy']",0.9502771,0.05345237,1.478021142421918,-0.6617606769483295,0.8162604654735885
"['V2.3', 'V2.6', 'V3.8', 'V1.2_copy']",0.88485782,0.05429702,0.7873895881555713,-0.04406574813178302,0.7433238400237883
"['V2.3', 'V2.7', 'V2.8', 'V3.0']",0.85061512,0.05514585,0.4258892915568271,0.5766860264817834,1.0025753180386103
"['V2.3', 'V2.7', 'V2.8', 'V3.1']",0.8702981,0.05456454,0.6336825761969735,0.1515723828775134,0.785254959074487
"['V2.3', 'V2.7', 'V2.8', 'V3.3']",0.87525118,0.05536382,0.6859722580584308,0.7360881026484097,1.4220603607068405
"['V2.3', 'V2.7', 'V2.8', 'V3.2']",0.90760282,0.05651093,1.0275086280133636,1.574972883083793,2.6024815110971566
"['V2.3', 'V2.7', 'V2.8', 'V3.4']",0.89690055,0.05539784,0.9145247284003121,0.7609670246614757,1.6754917530617877
"['V2.3', 'V2.7', 'V2.8', 'V3.5']",0.82704198,0.05598517,0.17702757499348074,1.1904831112557144,1.367510686249195
"['V2.3', 'V2.7', 'V2.8', 'V3.6']",0.81940415,0.0550522,0.09639497854604041,0.5081995171777286,0.604594495723769
"['V2.3', 'V2.7', 'V2.8', 'V3.7']",0.81377207,0.05422691,0.03693709144987495,-0.09533738899998506,-0.058400297550110114
"['V2.3', 'V2.7', 'V2.8', 'V3.8']",0.74894331,0.05525073,-0.6474603412329664,0.6533850664797421,0.005924725246775786
"['V2.3', 'V2.7', 'V2.8', 'V1.2_copy']",0.88648119,0.05578922,0.8045275105883674,1.0471843232351117,1.851711833823479
"['V2.3', 'V2.7', 'V3.0', 'V3.2']",0.7494604,0.05531047,-0.6420014204011323,0.697073097081177,0.05507167668004476
"['V2.3', 'V2.7', 'V3.0', 'V3.1']",0.84611696,0.05326314,0.3784022016325929,-0.8001451100033865,-0.4217429083707936
"['V2.3', 'V2.7', 'V3.0', 'V3.3']",0.93706045,0.05400421,1.3384929248736008,-0.2581985275158773,1.0802943973577235
"['V2.3', 'V2.7', 'V3.0', 'V3.5']",0.7356743,0.05474932,-0.7875413234736104,0.28670251837353944,-0.500838805100071
"['V2.3', 'V2.7', 'V3.0', 'V3.7']",0.90309739,0.05311273,0.9799447886752013,-0.9101403674985605,0.06980442117664076
"['V2.3', 'V2.7', 'V3.0', 'V3.6']",0.94509499,0.05386925,1.4233135900966831,-0.3568951564072272,1.066418433689456
"['V2.3', 'V2.7', 'V3.0', 'V3.4']",0.82704589,0.05414682,0.1770688528763492,-0.1539074320342834,0.023161420842065794
"['V2.3', 'V2.7', 'V3.1', 'V3.2']",0.80621092,0.05477315,-0.04288599398519748,0.3041294646278457,0.2612434706426482
"['V2.3', 'V2.7', 'V3.0', 'V3.8']",0.66554893,0.05400801,-1.5278550853585264,-0.2554195767913096,-1.783274662149836
"['V2.3', 'V2.7', 'V3.0', 'V1.2_copy']",0.9678675,0.05433222,1.6637230531150158,-0.018323888788455207,1.6453991643265606
"['V2.3', 'V2.7', 'V3.1', 'V3.3']",0.84702029,0.05342578,0.38793865941561045,-0.681206018992054,-0.29326735957644356
"['V2.3', 'V2.7', 'V3.1', 'V3.4']",0.80676782,0.05360825,-0.03700679885234202,-0.5477651930154277,-0.5847719918677697
"['V2.3', 'V2.7', 'V3.1', 'V3.6']",0.83126005,0.05265144,0.22155775386589116,-1.2474830463759434,-1.0259252925100522
"['V2.3', 'V2.7', 'V3.1', 'V3.7']",0.83609765,0.05132478,0.2726283129872829,-2.21767324854697,-1.9450449355596873
"['V2.3', 'V2.7', 'V3.1', 'V3.5']",0.74003217,0.05407368,-0.7415352755410946,-0.2073949204539148,-0.9489301959950094
"['V2.3', 'V2.7', 'V3.1', 'V3.8']",0.73421568,0.05264641,-0.8029399796141847,-1.2511614995718816,-2.054101479186066
"['V2.3', 'V2.7', 'V3.1', 'V1.2_copy']",0.88522276,0.05401699,0.7912422609366527,-0.2488524774474728,0.54238978348918
"['V2.3', 'V2.7', 'V3.2', 'V3.4']",0.86117299,0.05542724,0.5373487598946335,0.7824673276357372,1.3198160875303708
"['V2.3', 'V2.7', 'V3.2', 'V3.3']",0.84916705,0.05550896,0.41060201180097516,0.8422293942703057,1.2528314060712809
"['V2.3', 'V2.7', 'V3.2', 'V3.6']",0.8973806,0.05488889,0.9195926178302405,0.38877045327548526,1.3083630711057257
"['V2.3', 'V2.7', 'V3.2', 'V3.7']",0.83731811,0.05447886,0.285512713224031,0.08891435706681734,0.3744270702908483
"['V2.3', 'V2.7', 'V3.2', 'V3.5']",0.859054,0.05613158,0.5149785754906646,1.2975531574618708,1.8125317329525354
"['V2.3', 'V2.7', 'V3.2', 'V3.8']",0.86430392,0.05540795,0.5704019982090741,0.7683604961944607,1.3387624944035348
"['V2.3', 'V2.7', 'V3.2', 'V1.2_copy']",0.86109691,0.05593257,0.5365455830842405,1.1520165828051725,1.688562165889413
"['V2.3', 'V2.7', 'V3.3', 'V3.4']",0.77700724,0.05421931,-0.35118933985964124,-0.10089529044911531,-0.45208463030875656
"['V2.3', 'V2.7', 'V3.3', 'V3.5']",0.91649412,0.05486604,1.1213741113761937,0.37206018378698585,1.4934342951631796
"['V2.3', 'V2.7', 'V3.3', 'V3.6']",0.7466641,0.05408415,-0.6715219687042467,-0.19973817990492015,-0.8712601486091669
"['V2.3', 'V2.7', 'V3.3', 'V3.7']",0.83223937,0.05332556,0.23189643832900544,-0.7544971878383133,-0.5226007495093079
"['V2.3', 'V2.7', 'V3.3', 'V3.8']",0.73089396,0.05406844,-0.8380073885865499,-0.21122694724252147,-1.0492343358290714
"['V2.3', 'V2.7', 'V3.4', 'V3.5']",0.74553165,0.05497676,-0.6834772470813394,0.45303003226691113,-0.23044721481442826
"['V2.3', 'V2.7', 'V3.3', 'V1.2_copy']",0.97285432,0.05467387,1.7163689282675174,0.23152572043450323,1.9478946487020206
"['V2.3', 'V2.7', 'V3.4', 'V3.6']",0.86688838,0.05412644,0.5976861509349863,-0.16881138355181305,0.4288747673831733
"['V2.3', 'V2.7', 'V3.4', 'V3.7']",0.77672861,0.05341739,-0.354130837686661,-0.68734164967076,-1.0414724873574208
"['V2.3', 'V2.7', 'V3.4', 'V3.8']",0.74951556,0.05413798,-0.6414190960995917,-0.16037214898300278,-0.8017912450825945
"['V2.3', 'V2.7', 'V3.4', 'V1.2_copy']",0.79814909,0.05477698,-0.1279947598280973,0.30693035443707956,0.17893559460898226
"['V2.3', 'V2.7', 'V3.5', 'V3.8']",0.75346146,0.0547532,-0.5997622168129407,0.28953997332388703,-0.3102222434890537
"['V2.3', 'V2.7', 'V3.5', 'V3.6']",0.95087635,0.05461857,1.4843474266441556,0.19108467436387558,1.6754321010080313
"['V2.3', 'V2.7', 'V3.5', 'V3.7']",0.78815518,0.05359758,-0.23350050058981192,-0.5555681941288773,-0.7890686947186891
"['V2.3', 'V2.7', 'V3.5', 'V1.2_copy']",0.84990348,0.05546207,0.4183765057346958,0.8079386049348316,1.2263151106695274
"['V2.3', 'V2.7', 'V3.6', 'V3.8']",0.80057212,0.05348429,-0.10241482414347981,-0.6384174908619946,-0.7408323150054744
"['V2.3', 'V2.7', 'V3.6', 'V3.7']",0.87919425,0.05197602,0.7275992610257664,-1.7414195985825054,-1.013820337556739
"['V2.3', 'V2.7', 'V3.7', 'V3.8']",0.72536341,0.05241406,-0.896393423138561,-1.4210797103225166,-2.3174731334610774
"['V2.3', 'V2.7', 'V3.6', 'V1.2_copy']",0.91451913,0.05450712,1.1005241354461546,0.10958097482370706,1.2101051102698617
"['V2.3', 'V2.7', 'V3.7', 'V1.2_copy']",0.9542648,0.05380787,1.52011930444614,-0.40178252363715605,1.118336780808984
"['V2.3', 'V2.8', 'V3.0', 'V3.1']",0.80708753,0.05321382,-0.03363161933012051,-0.8362129651969354,-0.8698445845270559
"['V2.3', 'V2.7', 'V3.8', 'V1.2_copy']",0.77619815,0.05472974,-0.35973090565249816,0.27238360911381426,-0.0873472965386839
"['V2.3', 'V2.8', 'V3.0', 'V3.2']",0.88857503,0.05522611,0.8266321863595629,0.6353803909958603,1.4620125773554231
"['V2.3', 'V2.8', 'V3.0', 'V3.3']",0.85010417,0.05401982,0.4204951907252019,-0.24678289046049331,0.1737123002647086
"['V2.3', 'V2.8', 'V3.0', 'V3.4']",0.85924406,0.05411751,0.5169850395361854,-0.17534191775453614,0.34164312178164924
"['V2.3', 'V2.8', 'V3.0', 'V3.5']",0.81954684,0.05467879,0.09790135734565829,0.23512373031999012,0.3330250876656484
"['V2.3', 'V2.8', 'V3.0', 'V3.6']",0.87712801,0.05373259,0.7057859585454075,-0.45683500009641365,0.24895095844899384
"['V2.3', 'V2.8', 'V3.0', 'V3.7']",1.04458617,0.05286716,2.4736423047996423,-1.0897264015593844,1.383915903240258
"['V2.3', 'V2.8', 'V3.0', 'V1.2_copy']",0.86976401,0.05425961,0.6280441863091901,-0.07142378671229321,0.5566203995968969
"['V2.3', 'V2.8', 'V3.0', 'V3.8']",0.91099836,0.05393981,1.0633553549686823,-0.3052944292690117,0.7580609256996707
"['V2.3', 'V2.8', 'V3.1', 'V3.2']",0.90045676,0.05467519,0.9520676490744236,0.2324910401598774,1.184558689234301
"['V2.3', 'V2.8', 'V3.1', 'V3.3']",0.77892287,0.05343726,-0.3309660276449657,-0.6728106625925813,-1.003776690237547
"['V2.3', 'V2.8', 'V3.1', 'V3.4']",0.85494069,0.05357041,0.47155434828303816,-0.5754376918095089,-0.10388334352647072
"['V2.3', 'V2.8', 'V3.1', 'V3.5']",0.91617766,0.05400451,1.1180332421146686,-0.25797913666919997,0.8600541054454687
"['V2.3', 'V2.8', 'V3.1', 'V3.6']",0.76299929,0.0525362,-0.49907131411226635,-1.331758383612456,-1.8308296977247225
"['V2.3', 'V2.8', 'V3.1', 'V3.7']",0.87043765,0.0511517,0.635155806006257,-2.344247141022631,-1.7090913350163741
"['V2.3', 'V2.8', 'V3.1', 'V3.8']",0.64394853,0.05260853,-1.7558905792492396,-1.2788632504788477,-3.0347538297280874
"['V2.3', 'V2.8', 'V3.1', 'V1.2_copy']",0.86146729,0.05393527,0.5404556859632262,-0.3086145440820413,0.23184114188118493
"['V2.3', 'V2.8', 'V3.2', 'V3.3']",0.88634091,0.05548993,0.8030465741666813,0.8283127015628164,1.6313592757294977
"['V2.3', 'V2.8', 'V3.2', 'V3.6']",0.86355237,0.05472194,0.5624678823855905,0.26667944710023417,0.8291473294858247
"['V2.3', 'V2.8', 'V3.2', 'V3.4']",0.78611184,0.05535888,-0.2550720476948024,0.7324754667064753,0.47740341901167294
"['V2.3', 'V2.8', 'V3.2', 'V3.5']",0.8808635,0.05602958,0.7452215387695622,1.222960269592,1.9681818083615623
"['V2.3', 'V2.8', 'V3.2', 'V3.7']",1.07247516,0.05418185,2.7680664640172084,-0.12828989417073924,2.639776569846469
"['V2.3', 'V2.8', 'V3.2', 'V1.2_copy']",0.90038478,0.05582145,0.951307755977525,1.0707542131963477,2.0220619691738726
"['V2.3', 'V2.8', 'V3.3', 'V3.4']",0.71987298,0.05425054,-0.9543559107185314,-0.07805670331013374,-1.0324126140286651
"['V2.3', 'V2.8', 'V3.2', 'V3.8']",0.82867036,0.05529425,0.1942183880127665,0.6852113653042249,0.8794297533169914
"['V2.3', 'V2.8', 'V3.3', 'V3.5']",0.9240405,0.05486381,1.2010412698726574,0.37042937849336105,1.5714706483660184
"['V2.3', 'V2.8', 'V3.3', 'V3.6']",0.92450652,0.05400465,1.2059610445464106,-0.2578767542740825,0.9480842902723281
"['V2.3', 'V2.8', 'V3.3', 'V3.7']",0.94119029,0.05314,1.3820916593456294,-0.8901977395357015,0.4918939198099279
"['V2.3', 'V2.8', 'V3.3', 'V3.8']",0.78301185,0.05405905,-0.28779865232741486,-0.21809388074348685,-0.5058925330709017
"['V2.3', 'V2.8', 'V3.3', 'V1.2_copy']",0.97594444,0.05466275,1.7489913352776452,0.2233936330510453,1.9723849683286905
"['V2.3', 'V2.8', 'V3.4', 'V3.6']",0.81200838,0.05401194,0.018317810315261376,-0.25254555669985335,-0.23422774638459198
"['V2.3', 'V2.8', 'V3.4', 'V3.5']",0.80520265,0.05492703,-0.053530303693591595,0.4166623429162387,0.36313203922264714
"['V2.3', 'V2.8', 'V3.4', 'V3.7']",0.86102964,0.05320409,0.5358354134728436,-0.8433285416574631,-0.3074931281846195
"['V2.3', 'V2.8', 'V3.4', 'V3.8']",0.87953498,0.05408413,0.7311963487571689,-0.1997528059613626,0.5314435427958063
"['V2.3', 'V2.8', 'V3.5', 'V3.7']",0.79784325,0.05334602,-0.1312235137146705,-0.7395347320950038,-0.8707582458096743
"['V2.3', 'V2.8', 'V3.5', 'V3.6']",0.8316968,0.0544618,0.226168525053312,0.0764383309191706,0.3026068559724826
"['V2.3', 'V2.8', 'V3.4', 'V1.2_copy']",0.84949556,0.0547214,0.41407009295215935,0.26628454357622205,0.6803546365283815
"['V2.3', 'V2.8', 'V3.5', 'V3.8']",0.88114498,0.05466582,0.7481931240559618,0.22563873271535953,0.9738318567713213
"['V2.3', 'V2.8', 'V3.5', 'V1.2_copy']",1.00669665,0.05536381,2.0736425174585733,0.736080789620186,2.8097233070787593
"['V2.3', 'V2.8', 'V3.6', 'V3.7']",0.80808669,0.05170732,-0.02308348392170937,-1.9379206669220586,-1.961004150843768
"['V2.3', 'V2.8', 'V3.6', 'V1.2_copy']",0.9285013,0.05434436,1.2481339501539332,-0.009445872526295349,1.2386880776276379
"['V2.3', 'V2.8', 'V3.6', 'V3.8']",0.82890712,0.05334555,0.19671786411198472,-0.7398784444214647,-0.5431605803094799
"['V2.3', 'V2.8', 'V3.7', 'V3.8']",0.79964332,0.05219835,-0.11222016880032333,-1.5788290421108517,-1.691049210911175
"['V2.3', 'V2.8', 'V3.7', 'V1.2_copy']",0.98289061,0.05353156,1.822322074828711,-0.6038488064540631,1.2184732683746478
"['V2.3', 'V3.0', 'V3.1', 'V3.2']",0.89352303,0.05330721,0.8788682386443,-0.7679165946266681,0.11095164401763191
"['V2.3', 'V2.8', 'V3.8', 'V1.2_copy']",0.92508973,0.05463176,1.2121179944358578,0.20073055858940353,1.4128485530252612
"['V2.3', 'V3.0', 'V3.1', 'V3.4']",0.83198372,0.05213915,0.22919754043761584,-1.6221221691882644,-1.3929246287506485
"['V2.3', 'V3.0', 'V3.1', 'V3.3']",0.78249726,0.05192565,-0.2932311806510208,-1.7782553217394224,-2.071486502390443
"['V2.3', 'V3.0', 'V3.1', 'V3.5']",0.86833348,0.05260262,0.6129420763910641,-1.2831852501583652,-0.670243173767301
"['V2.3', 'V3.0', 'V3.1', 'V3.6']",0.82315619,0.05122192,0.13600527717466296,-2.2928950568439825,-2.1568897796693194
"['V2.3', 'V3.0', 'V3.1', 'V3.7']",0.69882242,0.04990647,-1.1765867419196232,-3.2548873543775425,-4.4314740962971655
"['V2.3', 'V3.0', 'V3.1', 'V3.8']",0.75744576,0.05123213,-0.5576999485999098,-2.2854284550287702,-2.84312840362868
"['V2.3', 'V3.0', 'V3.1', 'V1.2_copy']",0.90596928,0.05235612,1.010263340857096,-1.4634513958438924,-0.4531880549867964
"['V2.3', 'V3.0', 'V3.2', 'V3.3']",0.77893937,0.05405564,-0.3307918370906615,-0.2205876233673684,-0.5513794604580299
"['V2.3', 'V3.0', 'V3.2', 'V3.4']",0.82466687,0.05403561,0.15195353090657737,-0.2352356188971121,-0.08328208799053471
"['V2.3', 'V3.0', 'V3.2', 'V3.5']",0.84125257,0.0547197,0.32704882039303,0.26504132877839065,0.5920901491714207
"['V2.3', 'V3.0', 'V3.2', 'V3.6']",0.75008348,0.05346329,-0.6354235627904665,-0.6537748501293215,-1.289198412919788
"['V2.3', 'V3.0', 'V3.2', 'V3.7']",1.06897913,0.05300669,2.7311588638011592,-0.9876877187703337,1.7434711450308256
"['V2.3', 'V3.0', 'V3.2', 'V3.8']",0.83363796,0.05398803,0.24666135756201069,-0.27003100717993955,-0.023369649617928867
"['V2.3', 'V3.0', 'V3.2', 'V1.2_copy']",0.95469846,0.05429177,1.5246974544933913,-0.04790508794861344,1.476792366544778
"['V2.3', 'V3.0', 'V3.3', 'V3.4']",0.70520178,0.05277606,-1.109239817404029,-1.1563480886666946,-2.2655879060707234
"['V2.3', 'V3.0', 'V3.3', 'V3.5']",0.89285287,0.05339941,0.8717933573186859,-0.7004904744148811,0.1713028829038048
"['V2.3', 'V3.0', 'V3.3', 'V3.6']",0.94213931,0.05260112,1.3921104666090207,-1.2842822043917468,0.10782826221727393
"['V2.3', 'V3.0', 'V3.3', 'V3.7']",0.81568164,0.0518159,0.057096428224605686,-1.8585158064817595,-1.801419378257154
"['V2.3', 'V3.0', 'V3.3', 'V1.2_copy']",0.84877856,0.05299159,0.40650072159238554,-0.9987303913863667,-0.5922296697939811
"['V2.3', 'V3.0', 'V3.3', 'V3.8']",0.85193142,0.05260376,0.4397854749890022,-1.2823515649409984,-0.8425660899519962
"['V2.3', 'V3.0', 'V3.4', 'V3.5']",0.85329032,0.0535682,0.4541313867613815,-0.5770538710466863,-0.12292248428530478
"['V2.3', 'V3.0', 'V3.4', 'V3.6']",0.84580712,0.05268913,0.37513121973285496,-1.2199202430052036,-0.8447890232723487
"['V2.3', 'V3.0', 'V3.4', 'V3.7']",0.87003104,0.05194202,0.6308632228980322,-1.766283894539129,-1.1354206716410968
"['V2.3', 'V3.0', 'V3.4', 'V3.8']",0.87778503,0.05272523,0.7127221208477759,-1.1935202111218488,-0.48079809027407294
"['V2.3', 'V3.0', 'V3.4', 'V1.2_copy']",0.85709107,0.05314369,0.4942559170203167,-0.887499232121585,-0.3932433151012683
"['V2.3', 'V3.0', 'V3.5', 'V3.6']",0.8946242,0.05317575,0.8904932939584438,-0.8640536636401327,0.02643963031831109
"['V2.3', 'V3.0', 'V3.5', 'V3.7']",0.88807432,0.05213799,0.8213461892416376,-1.6229704804620788,-0.8016242912204412
"['V2.3', 'V3.0', 'V3.5', 'V3.8']",0.82953525,0.05332083,0.2033490345892704,-0.7579562501875742,-0.5546072155983037
"['V2.3', 'V3.0', 'V3.5', 'V1.2_copy']",0.97079069,0.05380527,1.6945831795657476,-0.4036839109750144,1.2908992685907332
"['V2.3', 'V3.0', 'V3.6', 'V3.7']",0.81208041,0.05055262,0.01907823126232477,-2.7823560357783483,-2.7632778045160236
"['V2.3', 'V3.0', 'V3.6', 'V3.8']",0.90066958,0.05206745,0.9543143905148517,-1.6745565815438517,-0.720242191029
"['V2.3', 'V3.0', 'V3.6', 'V1.2_copy']",1.01501397,0.05285716,2.1614484920723345,-1.0970394297819233,1.0644090622904112
"['V2.3', 'V3.0', 'V3.7', 'V3.8']",0.75444548,0.05098045,-0.5893739144343583,-2.469482749333572,-3.05885666376793
"['V2.3', 'V3.0', 'V3.7', 'V1.2_copy']",1.06377909,0.05213716,2.6762620244069133,-1.6235774618045495,1.0526845626023638
"['V2.3', 'V3.0', 'V3.8', 'V1.2_copy']",0.9580578,0.05309025,1.5601620179295688,-0.9265800549428214,0.6335819629867474
"['V2.3', 'V3.1', 'V3.2', 'V3.3']",0.82599678,0.05350844,0.1659933951535442,-0.6207565277045686,-0.4547631325510244
"['V2.3', 'V3.1', 'V3.2', 'V3.4']",0.76984464,0.05352007,-0.4268049316330168,-0.6122514758817547,-1.0390564075147715
"['V2.3', 'V3.1', 'V3.2', 'V3.5']",0.90048061,0.05406687,0.9523194336029187,-0.21237509267345922,0.7399443409294595
"['V2.3', 'V3.1', 'V3.2', 'V3.6']",0.73794579,0.05227965,-0.7635611960677372,-1.5193741226616306,-2.282935318729368
"['V2.3', 'V3.1', 'V3.2', 'V3.7']",0.79941317,0.05124127,-0.11464986310778785,-2.2787443472333737,-2.3933942103411616
"['V2.3', 'V3.1', 'V3.2', 'V3.8']",0.61335124,0.05264089,-2.078906270480298,-1.255198291150718,-3.3341045616310163
"['V2.3', 'V3.1', 'V3.2', 'V1.2_copy']",0.85782152,0.05401494,0.5019672800743565,-0.2503516482330953,0.25161563184126123
"['V2.3', 'V3.1', 'V3.3', 'V3.4']",0.78576019,0.05222444,-0.2587844179021448,-1.5597493514782546,-1.8185337693803993
"['V2.3', 'V3.1', 'V3.3', 'V3.5']",0.76516648,0.05272168,-0.47619228214966336,-1.1961163361408478,-1.6723086182905111
"['V2.3', 'V3.1', 'V3.3', 'V3.6']",0.85031051,0.05139845,0.4226735227843028,-2.163798169631545,-1.7411246468472423
"['V2.3', 'V3.1', 'V3.3', 'V3.7']",0.74924699,0.05004892,-0.644254390473503,-3.1507132673475136,-3.7949676578210165
"['V2.3', 'V3.1', 'V3.3', 'V3.8']",0.76385,0.05127435,-0.4900903658424299,-2.2545528498732192,-2.7446432157156493
"['V2.3', 'V3.1', 'V3.3', 'V1.2_copy']",0.88280849,0.0526721,0.7657548046008653,-1.232374330068184,-0.46661952546731866
"['V2.3', 'V3.1', 'V3.4', 'V3.5']",0.82322878,0.05292006,0.13677161004356983,-1.0510404822621704,-0.9142688722186005
"['V2.3', 'V3.1', 'V3.4', 'V3.6']",0.71937582,0.051521,-0.9596044304747724,-2.0741770087643614,-3.033781439239134
"['V2.3', 'V3.1', 'V3.4', 'V3.7']",0.8383641,0.05022649,0.2965552330965673,-3.0208558251999316,-2.724300592103364
"['V2.3', 'V3.1', 'V3.4', 'V1.2_copy']",0.88764027,0.05285054,0.8167639219631031,-1.1018806544652415,-0.2851167325021384
"['V2.3', 'V3.1', 'V3.4', 'V3.8']",0.62002861,0.05142594,-2.0084132534138996,-2.143694655047789,-4.152107908461689
"['V2.3', 'V3.1', 'V3.5', 'V3.6']",0.92224824,0.05187415,1.1821203751540148,-1.8159174170854824,-0.6337970419314676
"['V2.3', 'V3.1', 'V3.5', 'V3.7']",0.79338307,0.05029887,-0.17830964865390708,-2.96792412692521,-3.146233775579117
"['V2.3', 'V3.1', 'V3.6', 'V3.7']",0.66665842,0.04835652,-1.5161421957770005,-4.388370163729587,-5.904512359506588
"['V2.3', 'V3.1', 'V3.5', 'V1.2_copy']",1.01767777,0.0533892,2.189570237439367,-0.7079570762300935,1.4816131612092736
"['V2.3', 'V3.1', 'V3.5', 'V3.8']",0.80093458,0.0518914,-0.09858833273056075,-1.8033024434016096,-1.9018907761321704
"['V2.3', 'V3.1', 'V3.6', 'V3.8']",0.64396248,0.05018725,-1.7557433090533272,-3.0495521479451617,-4.805295456998489
"['V2.3', 'V3.1', 'V3.6', 'V1.2_copy']",0.93193682,0.05192292,1.2844027461008336,-1.7802517784441745,-0.4958490323433409
"['V2.3', 'V3.1', 'V3.7', 'V1.2_copy']",0.76893182,0.05065088,-0.436441575377267,-2.7104982204637027,-3.1469397958409697
"['V2.3', 'V3.1', 'V3.7', 'V3.8']",0.58575074,0.04865713,-2.3702848398183933,-4.168533222331917,-6.538818062150311
"['V2.3', 'V3.1', 'V3.8', 'V1.2_copy']",0.88506155,0.05200768,0.789540366436082,-1.7182665512299529,-0.9287261847938708
"['V2.3', 'V3.2', 'V3.3', 'V3.4']",0.78707549,0.05414106,-0.2448987914732611,-0.15811973629046477,-0.4030185277637259
"['V2.3', 'V3.2', 'V3.3', 'V3.5']",0.83061288,0.05487967,0.21472557804594064,0.38202784125430356,0.5967534193002442
"['V2.3', 'V3.2', 'V3.3', 'V3.6']",0.7206029,0.0537162,-0.946650142876236,-0.46882105335314955,-1.4154711962293856
"['V2.3', 'V3.2', 'V3.3', 'V3.7']",0.89166901,0.05325378,0.8592953434023942,-0.8069901044196807,0.05230523898271355
"['V2.3', 'V3.2', 'V3.3', 'V3.8']",0.65952217,0.05407911,-1.5914796105136528,-0.20342394612907697,-1.7949035566427298
"['V2.3', 'V3.2', 'V3.3', 'V1.2_copy']",0.82362526,0.05467263,0.14095725070845552,0.23061890493490902,0.37157615564336455
"['V2.3', 'V3.2', 'V3.4', 'V3.5']",0.848892,0.0548247,0.4076983080457367,0.3418281251150194,0.7495264331607561
"['V2.3', 'V3.2', 'V3.4', 'V3.6']",0.78930241,0.05360391,-0.2213891897040758,-0.5509390472640125,-0.7723282369680884
"['V2.3', 'V3.2', 'V3.4', 'V3.8']",0.72658134,0.05398555,-0.8835357321201401,-0.271844638179128,-1.1553803702992682
"['V2.3', 'V3.2', 'V3.4', 'V3.7']",0.84739614,0.05318889,0.3919065091025984,-0.8544443445557185,-0.4625378354531201
"['V2.3', 'V3.2', 'V3.4', 'V1.2_copy']",0.79200836,0.05461506,-0.19282246664831929,0.18851780145776656,-0.0043046651905527256
"['V2.3', 'V3.2', 'V3.5', 'V3.6']",0.75622388,0.05416301,-0.5705993397813317,-0.14206763934199737,-0.7126669791233291
"['V2.3', 'V3.2', 'V3.5', 'V3.7']",0.91313492,0.05344452,1.085911025920476,-0.6675014041030183,0.4184096218174578
"['V2.3', 'V3.2', 'V3.5', 'V3.8']",0.71258104,0.05468404,-1.0313369452975873,0.2389630701368256,-0.7923738751607617
"['V2.3', 'V3.2', 'V3.5', 'V1.2_copy']",0.89713062,0.05538563,0.9169535781475125,0.7520378172017597,1.668991395349272
"['V2.3', 'V3.2', 'V3.6', 'V3.7']",0.76367098,0.05144544,-0.49198028057161647,-2.1294342500138437,-2.62141453058546
"['V2.3', 'V3.2', 'V3.6', 'V3.8']",0.72624178,0.05304893,-0.887120468157692,-0.9567974875583403,-1.8439179557160323
"['V2.3', 'V3.2', 'V3.6', 'V1.2_copy']",0.8608034,0.05404963,0.5334469970482476,-0.22498275332911338,0.3084642437191342
"['V2.3', 'V3.2', 'V3.7', 'V1.2_copy']",1.18631788,0.05364196,3.969904433733607,-0.5231129748772577,3.446791458856349
"['V2.3', 'V3.2', 'V3.7', 'V3.8']",0.71031779,0.05226354,-1.0552300829963415,-1.5311554111281367,-2.586385494124478
"['V2.3', 'V3.2', 'V3.8', 'V1.2_copy']",0.79826905,0.05466181,-0.12672834171328753,0.22270620839812333,0.0959778666848358
"['V2.3', 'V3.3', 'V3.4', 'V3.5']",0.82224988,0.05359999,0.12643735952183785,-0.553805754327245,-0.4273683948054071
"['V2.3', 'V3.3', 'V3.4', 'V3.6']",0.84166099,0.05282091,0.3313605116772128,-1.1235491570886191,-0.7921886454114063
"['V2.3', 'V3.3', 'V3.4', 'V3.7']",0.92100051,0.05206805,1.168948085437516,-1.6741177998505021,-0.5051697144129861
"['V2.3', 'V3.3', 'V3.4', 'V3.8']",0.69567332,0.05270039,-1.209831800983865,-1.2116857732266282,-2.421517574210493
"['V2.3', 'V3.3', 'V3.4', 'V1.2_copy']",0.90865906,0.05339816,1.0386593571696343,-0.7014046029426991,0.3372547542269352
"['V2.3', 'V3.3', 'V3.5', 'V3.6']",0.94622485,0.05334677,1.4352415258352513,-0.7389862549783129,0.6962552708569384
"['V2.3', 'V3.3', 'V3.5', 'V3.7']",0.91172841,0.05229047,1.0710624952214054,-1.511461426124845,-0.4403989309034395
"['V2.3', 'V3.3', 'V3.5', 'V3.8']",0.79361738,0.05334147,-0.17583603721275093,-0.7428621599362571,-0.918698197149008
"['V2.3', 'V3.3', 'V3.5', 'V1.2_copy']",0.99797143,0.05410827,1.98153034120234,-0.18209915583216033,1.7994311853701797
"['V2.3', 'V3.3', 'V3.6', 'V3.7']",0.89195703,0.05075479,0.8623359714903193,-2.634508544203327,-1.772172572713008
"['V2.3', 'V3.3', 'V3.6', 'V3.8']",0.82263195,0.05216157,0.1304708737692975,-1.6057263599133411,-1.4752554861440437
"['V2.3', 'V3.3', 'V3.6', 'V1.2_copy']",0.98382537,0.05323502,1.8321903392251708,-0.8207093453651588,1.011480993860012
"['V2.3', 'V3.3', 'V3.7', 'V3.8']",0.78650415,0.05105505,-0.25093042973364177,-2.414927558793449,-2.6658579885270908
"['V2.3', 'V3.3', 'V3.7', 'V1.2_copy']",1.0040455,0.0524961,2.045654318183171,-1.361083626784828,0.6845706913983427
"['V2.3', 'V3.3', 'V3.8', 'V1.2_copy']",0.85621012,0.05331562,0.4849557249709555,-0.7617663378915146,-0.2768106129205591
"['V2.3', 'V3.4', 'V3.5', 'V3.6']",0.91354118,0.05341962,1.0901999140775491,-0.6857108443771351,0.404489069700414
"['V2.3', 'V3.4', 'V3.5', 'V3.7']",0.88649551,0.05239978,0.8046786868754972,-1.4315227146242975,-0.6268440277488003
"['V2.3', 'V3.4', 'V3.5', 'V3.8']",0.7124307,0.05343734,-1.032924085172383,-0.6727521583668012,-1.7056762435391843
"['V2.3', 'V3.4', 'V3.6', 'V3.8']",0.73548192,0.0521918,-0.7895722797667667,-1.5836190755966089,-2.3731913553633754
"['V2.3', 'V3.4', 'V3.5', 'V1.2_copy']",1.08355429,0.05423755,2.8850288758905713,-0.08755632697120679,2.7974725489193646
"['V2.3', 'V3.4', 'V3.6', 'V3.7']",0.80525649,0.05081299,-0.05296191463639499,-2.591946719948164,-2.6449086345845587
"['V2.3', 'V3.4', 'V3.6', 'V1.2_copy']",0.77142331,0.05329367,-0.4101389072473363,-0.777818434839982,-1.1879573420873184
"['V2.3', 'V3.4', 'V3.8', 'V1.2_copy']",0.97795001,0.05340129,1.7701641443683287,-0.6991156251090473,1.0710485192592814
"['V2.3', 'V3.4', 'V3.7', 'V3.8']",0.74226861,0.05113857,-0.7179251711005774,-2.3538491470788214,-3.071774318179399
"['V2.3', 'V3.4', 'V3.7', 'V1.2_copy']",1.03324283,0.05259821,2.3538906270867166,-1.2864102956045063,1.0674803314822103
"['V2.3', 'V3.5', 'V3.6', 'V3.7']",0.80169887,0.05089715,-0.09051972068514803,-2.5304002744272966,-2.6209199951124447
"['V2.3', 'V3.5', 'V3.6', 'V3.8']",0.91815608,0.05267887,1.138919428565997,-1.2274234099615247,-0.08850398139552773
"['V2.3', 'V3.5', 'V3.6', 'V1.2_copy']",1.03067204,0.05385451,2.326750788595794,-0.3676745600072454,1.9590762285885486
"['V2.3', 'V3.5', 'V3.7', 'V3.8']",0.6219014,0.0513381,-1.988642203220218,-2.2079322949545532,-4.196574498174771
"['V2.3', 'V3.5', 'V3.7', 'V1.2_copy']",1.10324538,0.05287307,3.0929077778274094,-1.085404401879867,2.0075033759475422
"['V2.3', 'V3.5', 'V3.8', 'V1.2_copy']",0.93773746,0.05407991,1.3456401216717595,-0.20283890387127246,1.142801217800487
"['V2.3', 'V3.6', 'V3.7', 'V3.8']",0.5778746,0.04948032,-2.4534332757201542,-3.566532052080935,-6.019965327801089
"['V2.3', 'V3.6', 'V3.7', 'V1.2_copy']",1.03798096,0.05118412,2.403911081090735,-2.320538303525169,0.08337277756556594
"['V2.3', 'V3.6', 'V3.8', 'V1.2_copy']",0.87811182,0.05274828,0.7161720439532995,-1.1766636810688995,-0.46049163711560004
"['V2.3', 'V3.7', 'V3.8', 'V1.2_copy']",0.86044638,0.05170694,0.5296779357332315,-1.938198561994516,-1.4085206262612844
"['V2.4', 'V2.5', 'V2.6', 'V2.7']",0.75838983,0.05624701,-0.5477333985028088,1.3819674422346093,0.8342340437318005
"['V2.4', 'V2.5', 'V2.6', 'V2.8']",0.76317908,0.05632861,-0.4971732704905457,1.441641752530508,0.9444684820399624
"['V2.4', 'V2.5', 'V2.6', 'V3.0']",0.76336819,0.05527301,-0.49517683559815157,0.6696784933595532,0.17450165776140164
"['V2.4', 'V2.5', 'V2.6', 'V3.1']",0.65398173,0.0555801,-1.6499700538282143,0.8942542770454284,-0.7557157767827859
"['V2.4', 'V2.5', 'V2.6', 'V3.2']",0.7393619,0.05590045,-0.7486113181370706,1.1285271361543827,0.3799158180173121
"['V2.4', 'V2.5', 'V2.6', 'V3.3']",0.85368632,0.05515543,0.45831196006468655,0.5836919075189697,1.0420038675836563
"['V2.4', 'V2.5', 'V2.6', 'V3.4']",0.65915619,0.05490037,-1.5953432625781572,0.39716580967495296,-1.198177452903204
"['V2.4', 'V2.5', 'V2.6', 'V3.6']",0.66777351,0.05569144,-1.5043701869770434,0.9756775332751507,-0.5286926537018927
"['V2.4', 'V2.5', 'V2.6', 'V3.5']",0.81401914,0.05581209,0.0395454102530259,1.0639092187800534,1.1034546290330793
"['V2.4', 'V2.5', 'V2.6', 'V3.7']",0.75380195,0.05590254,-0.596167662762328,1.1300555590528953,0.5338878962905673
"['V2.4', 'V2.5', 'V2.6', 'V1.2_copy']",0.68992012,0.05580762,-1.2705683523186573,1.0606402951645801,-0.20992805715407714
"['V2.4', 'V2.5', 'V2.6', 'V3.8']",0.68173051,0.05569679,-1.3570260920421038,0.9795900033742087,-0.37743608866789513
"['V2.4', 'V2.5', 'V2.7', 'V2.8']",0.80538516,0.05672793,-0.051603545022918855,1.7336655955128364,1.6820620504899175
"['V2.4', 'V2.5', 'V2.7', 'V3.0']",0.81619124,0.05568978,0.06247627710178883,0.9744635705902093,1.0369398476919982
"['V2.4', 'V2.5', 'V2.7', 'V3.1']",0.90919868,0.05615613,1.0443561272856194,1.3155066417481966,2.359862769033816
"['V2.4', 'V2.5', 'V2.7', 'V3.2']",0.86538899,0.05638484,0.5818570857702304,1.4827629102258288,2.0646199959960594
"['V2.4', 'V2.5', 'V2.7', 'V3.3']",0.89220308,0.05556767,0.864933522150113,0.885164182964815,1.750097705114928
"['V2.4', 'V2.5', 'V2.7', 'V3.4']",0.82798461,0.05538275,0.18697892300584232,0.7499316650736716,0.9369105880795139
"['V2.4', 'V2.5', 'V2.7', 'V3.5']",0.83353124,0.0562535,0.24553471417077635,1.386713597551034,1.6322483117218105
"['V2.4', 'V2.5', 'V2.7', 'V3.6']",0.79472019,0.05613683,-0.16419366841320931,1.3013924972787012,1.137198828865492
"['V2.4', 'V2.5', 'V2.7', 'V3.7']",0.94940838,0.05636845,1.4688500625228085,1.4707768569690929,2.9396269194919014
"['V2.4', 'V2.5', 'V2.7', 'V3.8']",0.7534969,0.05620118,-0.5993880766163014,1.348451833890727,0.7490637572744255
"['V2.4', 'V2.5', 'V2.7', 'V1.2_copy']",0.82473983,0.05624006,0.1527237698667005,1.3768848876199475,1.529608657486648
"['V2.4', 'V2.5', 'V2.8', 'V3.0']",0.84057577,0.05572132,0.3199038405655631,0.9975288616040869,1.3174327021696501
"['V2.4', 'V2.5', 'V2.8', 'V3.1']",0.80765726,0.05616677,-0.02761697784503847,1.323287703776975,1.2956707259319367
"['V2.4', 'V2.5', 'V2.8', 'V3.2']",0.77129473,0.05641892,-0.411496326730515,1.5076857104082324,1.0961893836777175
"['V2.4', 'V2.5', 'V2.8', 'V3.3']",0.82128272,0.05566623,0.11622704821874467,0.9572413891261329,1.0734684373448775
"['V2.4', 'V2.5', 'V2.8', 'V3.4']",0.76956607,0.05542927,-0.42974579603983937,0.7839518723649123,0.3542060763250729
"['V2.4', 'V2.5', 'V2.8', 'V3.5']",0.87172441,0.05627618,0.6487401355612108,1.40329954555975,2.0520396811209607
"['V2.4', 'V2.5', 'V2.8', 'V3.6']",0.79009365,0.05610647,-0.21303606641996622,1.2791901435950805,1.0661540771751143
"['V2.4', 'V2.5', 'V2.8', 'V3.7']",0.92645928,0.05624185,1.2265763382932868,1.3781939196717827,2.6047702579650696
"['V2.4', 'V2.5', 'V2.8', 'V1.2_copy']",0.88577448,0.05624986,0.7970667707924606,1.3840516552780313,2.181118426070492
"['V2.4', 'V2.5', 'V2.8', 'V3.8']",0.88862456,0.05621221,0.8271550747325744,1.3565181040201812,2.1836731787527555
"['V2.4', 'V2.5', 'V3.0', 'V3.1']",0.85904974,0.05487962,0.5149336026566445,0.3819912761131898,0.8969248787698343
"['V2.4', 'V2.5', 'V3.0', 'V3.2']",0.89225912,0.0552934,0.8655251366145497,0.6845897579053066,1.5501148945198562
"['V2.4', 'V2.5', 'V3.0', 'V3.3']",0.76734814,0.05439115,-0.4531604903494372,0.024771786526951393,-0.4283887038224858
"['V2.4', 'V2.5', 'V3.0', 'V3.4']",0.78051179,0.05429668,-0.3141917939755508,-0.04431439109135032,-0.35850618506690113
"['V2.4', 'V2.5', 'V3.0', 'V3.5']",0.7997841,0.05512,-0.11073395387699213,0.5577818485265259,0.44704789464953376
"['V2.4', 'V2.5', 'V3.0', 'V3.6']",0.8373931,0.0549494,0.28630438290083626,0.4330215870500534,0.7193259699508896
"['V2.4', 'V2.5', 'V3.0', 'V3.7']",0.89225804,0.05509652,0.8655137350509954,0.5406108582600107,1.406124593311006
"['V2.4', 'V2.5', 'V3.0', 'V3.8']",0.75585899,0.05502343,-0.5744514847122483,0.48715993498148796,-0.08729154973076031
"['V2.4', 'V2.5', 'V3.0', 'V1.2_copy']",0.85446074,0.05485211,0.46648751455343945,0.36187313547299593,0.8283606500264353
"['V2.4', 'V2.5', 'V3.1', 'V3.2']",0.72983645,0.05577561,-0.849171525137001,1.0372312918242415,0.18805976668724045
"['V2.4', 'V2.5', 'V3.1', 'V3.3']",0.85730762,0.054828,0.4965420360830218,0.3442414244284599,0.8407834605114817
"['V2.4', 'V2.5', 'V3.1', 'V3.4']",0.81395696,0.05473035,0.03888897578838036,0.2728297038353876,0.311718679623768
"['V2.4', 'V2.5', 'V3.1', 'V3.5']",0.80683387,0.05547363,-0.036309508784960615,0.8163924655600843,0.7800829567751236
"['V2.4', 'V2.5', 'V3.1', 'V3.6']",0.80658101,0.05478308,-0.038978952637166366,0.31139130165282314,0.27241234901565675
"['V2.4', 'V2.5', 'V3.1', 'V3.7']",0.86388763,0.05437895,0.5660072233089908,0.015849892095459114,0.5818571154044498
"['V2.4', 'V2.5', 'V3.1', 'V3.8']",0.69438427,0.0546825,-1.223440306076355,0.23783686379055408,-0.9856034422858009
"['V2.4', 'V2.5', 'V3.1', 'V1.2_copy']",0.83906675,0.05553386,0.3039731114591122,0.8604388345444175,1.1644119460035296
"['V2.4', 'V2.5', 'V3.2', 'V3.4']",0.67186183,0.05487527,-1.4612097792816636,0.3788101088363863,-1.0823996704452774
"['V2.4', 'V2.5', 'V3.2', 'V3.3']",0.70682619,0.05521388,-1.0920909156878098,0.6264365574796967,-0.4656543582081131
"['V2.4', 'V2.5', 'V3.2', 'V3.5']",0.80334296,0.05582178,-0.07316305714415788,1.0709955431276912,0.9978324859835332
"['V2.4', 'V2.5', 'V3.2', 'V3.6']",0.75776878,0.05536438,-0.5542898253967936,0.7364976322288693,0.1822078068320757
"['V2.4', 'V2.5', 'V3.2', 'V3.7']",0.75008479,0.05589737,-0.6354097331161559,1.1262747234618447,0.49086499034568876
"['V2.4', 'V2.5', 'V3.2', 'V3.8']",0.7642776,0.05578074,-0.4855761912351234,1.040982875302402,0.5554066840672786
"['V2.4', 'V2.5', 'V3.2', 'V1.2_copy']",0.8359462,0.05579979,0.2710294548388338,1.0549141940663338,1.3259436489051675
"['V2.4', 'V2.5', 'V3.3', 'V3.4']",0.72050958,0.05408695,-0.9476353224233691,-0.1976905320026069,-1.145325854425976
"['V2.4', 'V2.5', 'V3.3', 'V3.5']",0.75236963,0.05498107,-0.6112886697163452,0.45618194743082463,-0.15510672228552058
"['V2.4', 'V2.5', 'V3.3', 'V3.6']",0.82213958,0.05493751,0.1252729220588211,0.4243263964934571,0.5495993185522782
"['V2.4', 'V2.5', 'V3.3', 'V3.7']",0.90431883,0.05512004,0.9928395347751753,0.5578111006394159,1.5506506354145912
"['V2.4', 'V2.5', 'V3.3', 'V3.8']",0.81610925,0.05484693,0.06161070840194558,0.3580849868537217,0.4196956952556673
"['V2.4', 'V2.5', 'V3.3', 'V1.2_copy']",0.84601362,0.05494394,0.37731124091248275,0.42902867364054426,0.806339914553027
"['V2.4', 'V2.5', 'V3.4', 'V3.5']",0.8006178,0.05484047,-0.1019325802331384,0.3533607706219633,0.2514281903888249
"['V2.4', 'V2.5', 'V3.4', 'V3.6']",0.92088563,0.0547164,1.1677352968994255,0.2626280294649502,1.4303633263643756
"['V2.4', 'V2.5', 'V3.4', 'V3.7']",0.93336043,0.05491063,1.2994318015561845,0.40466897663127904,1.7041007781874635
"['V2.4', 'V2.5', 'V3.4', 'V3.8']",0.8371117,0.05465031,0.28333364217469953,0.2142962259422081,0.4976298681169076
"['V2.4', 'V2.5', 'V3.4', 'V1.2_copy']",0.75993816,0.05480221,-0.5313876735969828,0.3253811246425348,-0.20600654895444798
"['V2.4', 'V2.5', 'V3.5', 'V3.6']",0.81986198,0.0554597,0.10122829136283933,0.8062054172460893,0.9074337086089286
"['V2.4', 'V2.5', 'V3.5', 'V3.7']",0.9886092,0.05537545,1.8826932482795953,0.7445931544712187,2.627286402750814
"['V2.4', 'V2.5', 'V3.5', 'V1.2_copy']",0.80420392,0.05570978,-0.06407389959058817,0.9890896270352817,0.9250157274446935
"['V2.4', 'V2.5', 'V3.5', 'V3.8']",0.7839265,0.0555255,-0.2781426892671408,0.8543251429503778,0.576182453683237
"['V2.4', 'V2.5', 'V3.6', 'V3.7']",0.80067891,0.05455984,-0.10128744176201492,0.14813525961291882,0.0468478178509039
"['V2.4', 'V2.5', 'V3.7', 'V3.8']",0.80004229,0.05485277,-0.10800824119724296,0.362355795335683,0.25434755413844007
"['V2.4', 'V2.5', 'V3.6', 'V1.2_copy']",0.8269909,0.05549977,0.17648832326536767,0.8355087213337903,1.011997044599158
"['V2.4', 'V2.5', 'V3.6', 'V3.8']",0.81481777,0.05499412,0.04797654979145782,0.4657254492612352,0.513701999052693
"['V2.4', 'V2.5', 'V3.7', 'V1.2_copy']",0.83210556,0.05572708,0.2304838057186131,1.0017411658602682,1.2322249715788813
"['V2.4', 'V2.6', 'V2.7', 'V2.8']",0.76613323,0.05668623,-0.465986299217919,1.703170267824855,1.237183968606936
"['V2.4', 'V2.5', 'V3.8', 'V1.2_copy']",0.74575877,0.05563651,-0.6810795404938472,0.9355070692487566,0.25442752875490937
"['V2.4', 'V2.6', 'V2.7', 'V3.0']",0.85654155,0.05573989,0.48845463257175015,1.0111091550133389,1.499563787585089
"['V2.4', 'V2.6', 'V2.7', 'V3.2']",0.78489997,0.05630282,-0.2678657632732796,1.4227814527445881,1.1549156894713084
"['V2.4', 'V2.6', 'V2.7', 'V3.1']",0.85959099,0.05611554,0.5206475806879938,1.285823060192921,1.8064706408809148
"['V2.4', 'V2.6', 'V2.7', 'V3.3']",0.88439928,0.05565216,0.7825487798664355,0.9469519584170255,1.7295007382834608
"['V2.4', 'V2.6', 'V2.7', 'V3.4']",0.85204738,0.05554451,0.44100966509064726,0.8682272096014195,1.3092368746920668
"['V2.4', 'V2.6', 'V2.7', 'V3.5']",0.80139299,0.0562966,-0.09374889685185267,1.4182327491901694,1.3244838523383167
"['V2.4', 'V2.6', 'V2.7', 'V3.6']",0.60742108,0.05614624,-2.141510989117497,1.308274056836109,-0.833236932281388
"['V2.4', 'V2.6', 'V2.7', 'V3.7']",0.8702734,0.05637802,0.6334218182156816,1.4777754249780606,2.1111972431937422
"['V2.4', 'V2.6', 'V2.7', 'V3.8']",0.83260586,0.05631584,0.23576547446518842,1.4323030154903273,1.6680684899555158
"['V2.4', 'V2.6', 'V2.7', 'V1.2_copy']",0.88829496,0.05626213,0.8236754864478025,1.3930247409070848,2.2167002273548873
"['V2.4', 'V2.6', 'V2.8', 'V3.0']",0.75269014,0.05585141,-0.6079050445914905,1.0926640457510637,0.48475900115957316
"['V2.4', 'V2.6', 'V2.8', 'V3.1']",0.87880541,0.05621735,0.7234942758660262,1.3602770005265656,2.083771276392592
"['V2.4', 'V2.6', 'V2.8', 'V3.2']",0.82979686,0.05641766,0.20611085222027511,1.5067642688521956,1.7128751210724706
"['V2.4', 'V2.6', 'V2.8', 'V3.3']",0.84658693,0.05583151,0.38336367646934605,1.0781111195882187,1.4614747960575647
"['V2.4', 'V2.6', 'V2.8', 'V3.4']",0.79535401,0.05566579,-0.1575024285871974,0.9569196158843432,0.7994171872971457
"['V2.4', 'V2.6', 'V2.8', 'V3.6']",0.67923419,0.05620505,-1.3833797504979315,1.3512819758128458,-0.03209777468508568
"['V2.4', 'V2.6', 'V2.8', 'V3.5']",0.86279846,0.05640142,0.5545088520343412,1.4948879110187958,2.049396763053137
"['V2.4', 'V2.6', 'V2.8', 'V3.7']",0.87035854,0.05634178,0.6343206414758927,1.4512730106995884,2.085593652175481
"['V2.4', 'V2.6', 'V2.8', 'V3.8']",0.82938049,0.05640944,0.20171523275992886,1.5007529596532683,1.702468192413197
"['V2.4', 'V2.6', 'V2.8', 'V1.2_copy']",0.90832771,0.05635282,1.0351612941291037,1.4593465938572665,2.4945078879863702
"['V2.4', 'V2.6', 'V3.0', 'V3.1']",0.80322114,0.05502295,-0.07444911128508944,0.4868089096268083,0.4123597983417189
"['V2.4', 'V2.6', 'V3.0', 'V3.3']",0.80731593,0.05464226,-0.031220399778415786,0.2084092382230644,0.1771888384446486
"['V2.4', 'V2.6', 'V3.0', 'V3.2']",0.68647098,0.05538003,-1.306980934650384,0.7479425213971382,-0.5590384132532458
"['V2.4', 'V2.6', 'V3.0', 'V3.4']",0.68548215,0.0546204,-1.3174200162147967,0.19242295852860067,-1.124997057686196
"['V2.4', 'V2.6', 'V3.0', 'V3.5']",0.82293006,0.05533581,0.13361802202043008,0.7156043105970836,0.8492223326175137
"['V2.4', 'V2.6', 'V3.0', 'V3.6']",0.73395062,0.05513873,-0.8057382189065443,0.5714791503873328,-0.23425906851921152
"['V2.4', 'V2.6', 'V3.0', 'V3.7']",0.83740973,0.05528363,0.2864799458655681,0.677444929331889,0.9639248751974572
"['V2.4', 'V2.6', 'V3.0', 'V3.8']",0.85377222,0.05530907,0.4592188066473983,0.696049273130023,1.1552680797774213
"['V2.4', 'V2.6', 'V3.0', 'V1.2_copy']",0.76506204,0.05504337,-0.4772948555733936,0.501742113257228,0.024447257683834378
"['V2.4', 'V2.6', 'V3.1', 'V3.2']",0.68291774,0.05578753,-1.3444925010247202,1.045948421465504,-0.29854407955921625
"['V2.4', 'V2.6', 'V3.1', 'V3.4']",0.80330141,0.05499416,-0.07360170063090683,0.46575470137412517,0.39215300074321835
"['V2.4', 'V2.6', 'V3.1', 'V3.3']",0.70773289,0.05500559,-1.0825188808037016,0.4741134926324842,-0.6084053881712175
"['V2.4', 'V2.6', 'V3.1', 'V3.5']",0.81683942,0.05561375,0.0693191154950631,0.918862617014266,0.9881817325093291
"['V2.4', 'V2.6', 'V3.1', 'V3.6']",0.71973636,0.05489691,-0.9557982085081722,0.39463550190995766,-0.5611627065982145
"['V2.4', 'V2.6', 'V3.1', 'V3.7']",0.93585401,0.05448589,1.3257565338229944,0.09405541590726423,1.4198119497302586
"['V2.4', 'V2.6', 'V3.1', 'V3.8']",0.70945685,0.05489549,-1.0643190294098455,0.39359705190235605,-0.6707219775074894
"['V2.4', 'V2.6', 'V3.1', 'V1.2_copy']",0.83345041,0.05564926,0.2446813915947503,0.9448311802324898,1.1895125718272401
"['V2.4', 'V2.6', 'V3.2', 'V3.3']",0.83062353,0.05534376,0.21483801013099169,0.7214181680339998,0.9362561781649915
"['V2.4', 'V2.6', 'V3.2', 'V3.4']",0.57544273,0.05506971,-2.479106535313866,0.5210046295953888,-1.9581019057184772
"['V2.4', 'V2.6', 'V3.2', 'V3.5']",0.64327218,0.05590684,-1.7630308084252262,1.133200161188585,-0.6298306472366413
"['V2.4', 'V2.6', 'V3.2', 'V3.6']",0.62901952,0.05542715,-1.913496186953234,0.7824015103817336,-1.1310946765715006
"['V2.4', 'V2.6', 'V3.2', 'V3.7']",0.69021463,0.05597801,-1.2674592092793728,1.185246983048379,-0.08221222623099389
"['V2.4', 'V2.6', 'V3.2', 'V1.2_copy']",0.66103796,0.0558625,-1.5754774104949214,1.1007741940498605,-0.47470321644506086
"['V2.4', 'V2.6', 'V3.3', 'V3.4']",0.81477846,0.05444507,0.04756155399208155,0.0642036347028674,0.11176518869494895
"['V2.4', 'V2.6', 'V3.2', 'V3.8']",0.71684257,0.0559384,-0.9863479590621438,1.1562800782589102,0.16993211919676643
"['V2.4', 'V2.6', 'V3.3', 'V3.5']",0.69521979,0.05523184,-1.2146197186865122,0.6395707561673704,-0.5750489625191418
"['V2.4', 'V2.6', 'V3.3', 'V3.6']",0.72436676,0.05516505,-0.9069150604687117,0.5907270406690512,-0.3161880197996605
"['V2.4', 'V2.6', 'V3.3', 'V3.7']",0.92877246,0.05534525,1.250996587166369,0.7225078092391577,1.9735043964055268
"['V2.4', 'V2.6', 'V3.3', 'V3.8']",0.75242008,0.0551636,-0.6107560689003051,0.5896666515767833,-0.021089417323521764
"['V2.4', 'V2.6', 'V3.3', 'V1.2_copy']",0.77224026,0.05517013,-0.4015143634086099,0.594442059006098,0.19292769559748812
"['V2.4', 'V2.6', 'V3.4', 'V3.5']",0.64787207,0.05516242,-1.7144697545561793,0.5888037142465216,-1.1256660403096577
"['V2.4', 'V2.6', 'V3.4', 'V3.6']",0.70375414,0.05502205,-1.1245225576484663,0.48615073708678136,-0.638371820561685
"['V2.4', 'V2.6', 'V3.4', 'V3.7']",0.72986354,0.05524894,-0.848885535917843,0.6520760344279122,-0.19680950148993082
"['V2.4', 'V2.6', 'V3.4', 'V3.8']",0.70036535,0.05504402,-1.16029802483157,0.5022174600916912,-0.6580805647398787
"['V2.4', 'V2.6', 'V3.4', 'V1.2_copy']",0.75224136,0.05510163,-0.6126428165285048,0.5443478156817236,-0.0682950008467812
"['V2.4', 'V2.6', 'V3.5', 'V3.7']",0.83077108,0.0555675,0.2163956959666046,0.8850398614850313,1.101435557451636
"['V2.4', 'V2.6', 'V3.5', 'V3.6']",0.74453649,0.05564571,-0.6939831544765858,0.9422350552134908,0.24825190073690506
"['V2.4', 'V2.6', 'V3.5', 'V3.8']",0.87416826,0.05580966,0.6745398680543508,1.0621321529219738,1.7366720209763247
"['V2.4', 'V2.6', 'V3.5', 'V1.2_copy']",0.72227435,0.05589748,-0.9290046397252012,1.1263551667722909,0.19735052704708966
"['V2.4', 'V2.6', 'V3.6', 'V3.7']",0.68598356,0.05474469,-1.312126629194568,0.2833165863065061,-1.0288100428880618
"['V2.4', 'V2.6', 'V3.6', 'V3.8']",0.70695602,0.05525375,-1.0907202999505166,0.6555936010029478,-0.4351266989475687
"['V2.4', 'V2.6', 'V3.6', 'V1.2_copy']",0.62855794,0.05566286,-1.9183690885323759,0.9547768986151413,-0.9635921899172346
"['V2.4', 'V2.6', 'V3.7', 'V3.8']",0.69252933,0.05511839,-1.2430229137612883,0.5566044509826982,-0.6864184627785901
"['V2.4', 'V2.6', 'V3.7', 'V1.2_copy']",0.86952277,0.05589228,0.6254974148352266,1.1225523920965743,1.748049806931801
"['V2.4', 'V2.6', 'V3.8', 'V1.2_copy']",0.86203365,0.05589482,0.5464347503472163,1.124409901265095,1.6708446516123114
"['V2.4', 'V2.7', 'V2.8', 'V3.0']",0.91709481,0.05621151,1.1277155976831708,1.3560061920446043,2.483721789727775
"['V2.4', 'V2.7', 'V2.8', 'V3.1']",0.86834103,0.05672679,0.6130217817659122,1.7328319102954646,2.3458536920613766
"['V2.4', 'V2.7', 'V2.8', 'V3.2']",0.80770968,0.05684228,-0.02706357973251565,1.8172900732375405,1.790226493505025
"['V2.4', 'V2.7', 'V2.8', 'V3.3']",0.84166347,0.05618505,0.33138669304537405,1.3366559193677734,1.6680426124131476
"['V2.4', 'V2.7', 'V2.8', 'V3.4']",0.85581999,0.05609665,0.48083712127696926,1.2720087498805492,1.7528458711575186
"['V2.4', 'V2.7', 'V2.8', 'V3.6']",0.83862003,0.05658703,0.29925708694887804,1.6306250278572976,1.9298821148061756
"['V2.4', 'V2.7', 'V2.8', 'V3.5']",0.80698575,0.05678905,-0.03470611112509692,1.778362824008978,1.743656712883881
"['V2.4', 'V2.7', 'V2.8', 'V3.7']",0.98243737,0.05673925,1.8175372186570182,1.7419439434607442,3.5594811621177627
"['V2.4', 'V2.7', 'V2.8', 'V3.8']",0.84837646,0.05685784,0.40225575056900414,1.8286691451518058,2.23092489572081
"['V2.4', 'V2.7', 'V2.8', 'V1.2_copy']",0.80610497,0.05672445,-0.04400450848389778,1.7311206616913937,1.6871161532074959
"['V2.4', 'V2.7', 'V3.0', 'V3.1']",0.87914248,0.05554686,0.7270527249653822,0.8699457712337194,1.5969984961991015
"['V2.4', 'V2.7', 'V3.0', 'V3.2']",0.87068212,0.05583093,0.6377366766008512,1.0776869639513116,1.7154236405521628
"['V2.4', 'V2.7', 'V3.0', 'V3.3']",0.91066961,0.05501431,1.0598847401367082,0.4804904532425337,1.540375193379242
"['V2.4', 'V2.7', 'V3.0', 'V3.4']",0.8717666,0.05506896,0.6491855355300649,0.520456152478698,1.1696416880087628
"['V2.4', 'V2.7', 'V3.0', 'V3.5']",0.82388179,0.05574079,0.14366543876274002,1.0117673275533658,1.155432766316106
"['V2.4', 'V2.7', 'V3.0', 'V3.6']",0.8243024,0.05554311,0.1481058199170419,0.8672033856502654,1.0153092055673074
"['V2.4', 'V2.7', 'V3.0', 'V3.7']",0.84909119,0.05569952,0.4098011575313062,0.9815864600789607,1.3913876176102669
"['V2.4', 'V2.7', 'V3.0', 'V3.8']",0.84630346,0.05576992,0.38037108274639697,1.0330701787656162,1.413441261512013
"['V2.4', 'V2.7', 'V3.0', 'V1.2_copy']",0.96335707,0.05543531,1.6161064287603986,0.7883689414113234,2.404475370171722
"['V2.4', 'V2.7', 'V3.1', 'V3.2']",0.83352137,0.05639741,0.2454305165482928,1.4919553867015596,1.7373859032498524
"['V2.4', 'V2.7', 'V3.1', 'V3.3']",0.94786558,0.05553108,1.4525627178451819,0.8584058126985518,2.3109685305437337
"['V2.4', 'V2.7', 'V3.1', 'V3.4']",0.85793786,0.05561038,0.5031954818372524,0.9163981265032694,1.4195936083405218
"['V2.4', 'V2.7', 'V3.1', 'V3.5']",0.84086551,0.05618075,0.3229626266991476,1.3335113172320836,1.6564739439312313
"['V2.4', 'V2.7', 'V3.1', 'V3.6']",0.91453325,0.05545175,1.1006732003326258,0.8003915598091731,1.901064760141799
"['V2.4', 'V2.7', 'V3.1', 'V3.7']",0.8968223,0.0550556,0.913698642892777,0.5106859467733915,1.4243845896661687
"['V2.4', 'V2.7', 'V3.1', 'V3.8']",0.89610809,0.05549158,0.906158725572187,0.8295193512195342,1.7356780767917213
"['V2.4', 'V2.7', 'V3.1', 'V1.2_copy']",0.93392141,0.05619244,1.3053540692624677,1.34206024722423,2.6474143164866977
"['V2.4', 'V2.7', 'V3.2', 'V3.3']",0.74809313,0.05578034,-0.6564356942910585,1.0406903541734973,0.3842546598824388
"['V2.4', 'V2.7', 'V3.2', 'V3.4']",0.86014069,0.05558594,0.526450765397153,0.8985250855273897,1.4249758509245427
"['V2.4', 'V2.7', 'V3.2', 'V3.5']",0.78091203,0.05637526,-0.3099664589782912,1.4757570291886424,1.1657905702103513
"['V2.4', 'V2.7', 'V3.2', 'V3.6']",0.72048724,0.05588861,-0.9478711658768941,1.1198685107389001,0.17199734486200602
"['V2.4', 'V2.7', 'V3.2', 'V3.7']",0.75858431,0.05645018,-0.545680272502741,1.5305462366318852,0.9848659641291442
"['V2.4', 'V2.7', 'V3.2', 'V3.8']",0.81299474,0.05647732,0.028730816081546266,1.5503937952278455,1.5791246113093917
"['V2.4', 'V2.7', 'V3.3', 'V3.4']",0.85810949,0.05488935,0.5050073803121167,0.3891068525737225,0.8941142328858391
"['V2.4', 'V2.7', 'V3.2', 'V1.2_copy']",0.88374948,0.05632203,0.7756888391278292,1.4368297799600795,2.2125186190879087
"['V2.4', 'V2.7', 'V3.3', 'V3.5']",0.79669527,0.05562797,-0.14334274235287492,0.9292617431467095,0.7859190007938346
"['V2.4', 'V2.7', 'V3.3', 'V3.6']",0.8390951,0.05556657,0.30427240250241716,0.8843597498603383,1.1886321523627554
"['V2.4', 'V2.7', 'V3.3', 'V3.7']",0.99113663,0.05577332,1.9093753351078115,1.0355566083612793,2.944931943469091
"['V2.4', 'V2.7', 'V3.3', 'V3.8']",0.8126316,0.05562639,0.024897145906388293,0.928106284687548,0.9530034305939362
"['V2.4', 'V2.7', 'V3.3', 'V1.2_copy']",0.94761371,0.05555711,1.4499037254262341,0.8774416251618167,2.327345350588051
"['V2.4', 'V2.7', 'V3.4', 'V3.5']",0.91257393,0.05563449,1.0799886526441596,0.9340298375478054,2.014018490191965
"['V2.4', 'V2.7', 'V3.4', 'V3.6']",0.69616297,0.05549885,-1.2046625643223405,0.8348359227373209,-0.36982664158501966
"['V2.4', 'V2.7', 'V3.4', 'V3.7']",0.88157915,0.05574417,0.7527766581748917,1.0142391310925862,1.7670157892674778
"['V2.4', 'V2.7', 'V3.4', 'V3.8']",0.75631652,0.05558383,-0.5696213389964363,0.8969820365724348,0.3273606975759985
"['V2.4', 'V2.7', 'V3.4', 'V1.2_copy']",0.89756809,0.05556456,0.9215719503773038,0.8828898311876057,1.8044617815649096
"['V2.4', 'V2.7', 'V3.5', 'V3.6']",0.94959498,0.05607809,1.4708199993369413,1.2584357694995207,2.7292557688364623
"['V2.4', 'V2.7', 'V3.5', 'V3.8']",0.86802645,0.05630571,0.6097007596705746,1.4248949179008998,2.0345956775714744
"['V2.4', 'V2.7', 'V3.5', 'V3.7']",0.94783378,0.05602329,1.4522270051405224,1.2183603748400254,2.6705873799805477
"['V2.4', 'V2.7', 'V3.6', 'V3.7']",0.78099856,0.05516411,-0.3090529614835055,0.5900396160161343,0.28098665453262883
"['V2.4', 'V2.7', 'V3.5', 'V1.2_copy']",0.77619586,0.05631636,-0.3597550811900357,1.432683292957902,1.0729282117678665
"['V2.4', 'V2.7', 'V3.6', 'V1.2_copy']",0.84116268,0.05607581,0.326099851367187,1.2567683990647822,1.5828682504319693
"['V2.4', 'V2.7', 'V3.6', 'V3.8']",0.87041201,0.05574464,0.6348851244418718,1.0145828434190423,1.649467967860914
"['V2.4', 'V2.7', 'V3.7', 'V3.8']",0.868147,0.05563758,0.6109734064173258,0.9362895632685672,1.5472629696858928
"['V2.4', 'V2.7', 'V3.7', 'V1.2_copy']",0.9523839,0.05631178,1.5002626369557668,1.4293339260319773,2.929596562987744
"['V2.4', 'V2.7', 'V3.8', 'V1.2_copy']",0.80641604,0.05637283,-0.04072054147011207,1.4739799633305626,1.4332594218604504
"['V2.4', 'V2.8', 'V3.0', 'V3.1']",0.91805868,0.05560043,1.1378911764454362,0.9091216634218443,2.0470128398672807
"['V2.4', 'V2.8', 'V3.0', 'V3.2']",0.8387546,0.05589328,0.3006777428817722,1.1232836949188236,1.4239614378005958
"['V2.4', 'V2.8', 'V3.0', 'V3.3']",0.9061072,0.05514369,1.011719362751015,0.5751064123857147,1.5868257751367296
"['V2.4', 'V2.8', 'V3.0', 'V3.4']",0.89553785,0.05514359,0.9001387000154264,0.5750332821034873,1.4751719821189138
"['V2.4', 'V2.8', 'V3.0', 'V3.5']",0.88577883,0.05579377,0.7971126937567771,1.050511751076365,1.847624444833142
"['V2.4', 'V2.8', 'V3.0', 'V3.6']",0.8672359,0.05554935,0.601354920718735,0.8717667152611265,1.4731216359798616
"['V2.4', 'V2.8', 'V3.0', 'V3.7']",1.00232262,0.05561137,2.0274658683528703,0.9171221162973,2.9445879846501706
"['V2.4', 'V2.8', 'V3.0', 'V1.2_copy']",0.94531718,0.05547809,1.4256592506579497,0.819654076147334,2.2453133268052836
"['V2.4', 'V2.8', 'V3.0', 'V3.8']",0.98717713,0.05581583,1.8675748805764012,1.0666442913352785,2.9342191719116797
"['V2.4', 'V2.8', 'V3.1', 'V3.2']",0.81084211,0.05643273,0.006005494086861586,1.5177850023835573,1.523790496470419
"['V2.4', 'V2.8', 'V3.1', 'V3.3']",0.93756689,0.05564724,1.343839413620384,0.9433539485315386,2.2871933621519225
"['V2.4', 'V2.8', 'V3.1', 'V3.4']",0.80196931,0.05565835,-0.08766468471508147,0.9514787228867779,0.8638140381716964
"['V2.4', 'V2.8', 'V3.1', 'V3.5']",0.92855597,0.05621177,1.2487111015238623,1.3561963307783915,2.604907432302254
"['V2.4', 'V2.8', 'V3.1', 'V3.6']",0.71173363,0.05542854,-1.0402830554565625,0.7834180213046639,-0.25686503415189865
"['V2.4', 'V2.8', 'V3.1', 'V3.8']",0.91188439,0.05552745,1.0727091765947625,0.8557511834537729,1.9284603600485353
"['V2.4', 'V2.8', 'V3.1', 'V3.7']",0.91125144,0.05493954,1.066027121361613,0.4258109412226321,1.4918380625842451
"['V2.4', 'V2.8', 'V3.1', 'V1.2_copy']",0.89975829,0.05621771,0.944693898985636,1.3605402695425752,2.3052341685282114
"['V2.4', 'V2.8', 'V3.2', 'V3.3']",0.80371982,0.05591374,-0.0691845448838462,1.1382461506621382,1.069061605778292
"['V2.4', 'V2.8', 'V3.2', 'V3.4']",0.80696219,0.05566537,-0.0349548341226362,0.956612468698996,0.9216576345763597
"['V2.4', 'V2.8', 'V3.2', 'V3.5']",0.75725128,0.05643637,-0.5597530745999777,1.52044694465656,0.9606938700565824
"['V2.4', 'V2.8', 'V3.2', 'V3.6']",0.77147796,0.05588865,-0.4095619670174731,1.11989776285179,0.710335795834317
"['V2.4', 'V2.8', 'V3.2', 'V3.7']",0.80815951,0.05632757,-0.02231472294204623,1.4408811975953637,1.4185664746533175
"['V2.4', 'V2.8', 'V3.2', 'V3.8']",0.81393341,0.05651478,0.038640358360873345,1.5777883989494694,1.6164287573103429
"['V2.4', 'V2.8', 'V3.2', 'V1.2_copy']",0.82634219,0.05636293,0.1696398896603491,1.4667400653902514,1.6363799550506004
"['V2.4', 'V2.8', 'V3.3', 'V3.5']",0.84545886,0.05575135,0.3714546377666702,1.0194898853563643,1.3909445231230344
"['V2.4', 'V2.8', 'V3.3', 'V3.4']",0.80582831,0.05503066,-0.04692520901443488,0.4924472543863847,0.44552204537194984
"['V2.4', 'V2.8', 'V3.3', 'V3.6']",0.87616981,0.05563254,0.6956702379918039,0.9326037970444104,1.6282740350362144
"['V2.4', 'V2.8', 'V3.3', 'V3.7']",1.1197794,0.05574613,3.2674574813837767,1.0156724846242,4.2831299660079765
"['V2.4', 'V2.8', 'V3.3', 'V1.2_copy']",0.88962859,0.05566407,0.8377546227470142,0.9556617750300693,1.7934163977770834
"['V2.4', 'V2.8', 'V3.3', 'V3.8']",0.90465672,0.05573421,0.99640664061723,1.0069553549829375,2.0033619956001676
"['V2.4', 'V2.8', 'V3.4', 'V3.5']",0.90333212,0.05570297,0.9824228340577386,0.9841094548157322,1.9665322888734709
"['V2.4', 'V2.8', 'V3.4', 'V3.6']",0.83269934,0.05551601,0.2367523431328473,0.8473850791671901,1.0841374223000373
"['V2.4', 'V2.8', 'V3.4', 'V3.8']",0.91716062,0.05563652,1.1284103540697625,0.9355143822769804,2.063924736346743
"['V2.4', 'V2.8', 'V3.4', 'V3.7']",0.96448337,0.05567115,1.627996781567249,0.9608393990116249,2.5888361805788738
"['V2.4', 'V2.8', 'V3.4', 'V1.2_copy']",0.93984584,0.05561797,1.3678982962708088,0.9219487149241758,2.2898470111949845
"['V2.4', 'V2.8', 'V3.5', 'V3.6']",0.85707931,0.05607088,0.49413176666161335,1.2531630761510717,1.747294842812685
"['V2.4', 'V2.8', 'V3.5', 'V3.7']",1.02156577,0.05591921,2.2306158662354596,1.142246377099861,3.3728622433353204
"['V2.4', 'V2.8', 'V3.5', 'V3.8']",0.93460992,0.05633777,1.3126226715984752,1.4483404863823521,2.7609631579808274
"['V2.4', 'V2.8', 'V3.5', 'V1.2_copy']",0.96150842,0.05634913,1.5965902246261665,1.45664808644315,3.0532383110693164
"['V2.4', 'V2.8', 'V3.6', 'V3.7']",0.76979009,0.05497297,-0.4273808161625503,0.4502583945705723,0.022877578408022015
"['V2.4', 'V2.8', 'V3.6', 'V3.8']",0.79633378,0.05571978,-0.14715899347260167,0.9964026552578154,0.8492436617852137
"['V2.4', 'V2.8', 'V3.6', 'V1.2_copy']",0.87955012,0.05605826,0.7313561817869976,1.243934034534232,1.9752902163212296
"['V2.4', 'V2.8', 'V3.7', 'V3.8']",0.88942546,0.05550495,0.8356101786684771,0.8392968699530645,1.6749070486215416
"['V2.4', 'V2.8', 'V3.7', 'V1.2_copy']",1.01075872,0.05619531,2.11652580381756,1.3441590863240944,3.4606848901416543
"['V2.4', 'V2.8', 'V3.8', 'V1.2_copy']",1.04003845,0.05639416,2.425632009792295,1.489578652529233,3.9152106623215284
"['V2.4', 'V3.0', 'V3.1', 'V3.2']",0.82670742,0.05517302,0.17349562397238516,0.596555524162415,0.7700511481348001
"['V2.4', 'V3.0', 'V3.1', 'V3.3']",0.91722835,0.05422876,1.1291253799026744,-0.0939844787788175,1.0351409011238568
"['V2.4', 'V3.0', 'V3.1', 'V3.4']",0.74197919,0.05437167,-0.7209805789931093,0.010526007549448645,-0.7104545714436606
"['V2.4', 'V3.0', 'V3.1', 'V3.6']",0.88718127,0.05415996,0.8119182574524536,-0.14429811294986916,0.6676201445025844
"['V2.4', 'V3.0', 'V3.1', 'V3.5']",0.87735398,0.05491726,0.7081715245791147,0.40951751434282113,1.1176890389219358
"['V2.4', 'V3.0', 'V3.1', 'V3.7']",0.82083767,0.05371345,0.11152865390400629,-0.470832136114344,-0.3593034822103377
"['V2.4', 'V3.0', 'V3.1', 'V3.8']",0.78481983,0.05422071,-0.2687118015170345,-0.0998714664979612,-0.3685832680149957
"['V2.4', 'V3.0', 'V3.1', 'V1.2_copy']",0.84493452,0.05468165,0.365919178660975,0.23721525639163582,0.6031344350526109
"['V2.4', 'V3.0', 'V3.2', 'V3.4']",0.79795713,0.05454915,-0.13002128217987127,0.1403176324430268,0.010296350263155535
"['V2.4', 'V3.0', 'V3.2', 'V3.3']",0.71712614,0.05465328,-0.9833543096388649,0.21646819532429995,-0.766886114314565
"['V2.4', 'V3.0', 'V3.2', 'V3.5']",0.80506269,0.05529958,-0.05500786187422508,0.6891092093468352,0.63410134747261
"['V2.4', 'V3.0', 'V3.2', 'V3.6']",0.71376066,0.05476271,-1.0188836930752503,0.29649466316351725,-0.722389029911733
"['V2.4', 'V3.0', 'V3.2', 'V3.7']",0.71796929,0.05522808,-0.9744531723139099,0.6368210575556977,-0.3376321147582122
"['V2.4', 'V3.0', 'V3.2', 'V3.8']",0.84019654,0.05534796,0.31590030820744985,0.7244896398874672,1.040389948094917
"['V2.4', 'V3.0', 'V3.2', 'V1.2_copy']",0.86003168,0.05498884,0.5252999464683811,0.4618641703597335,0.9871641168281146
"['V2.4', 'V3.0', 'V3.3', 'V3.4']",0.86748482,0.05376339,0.6039827699779755,-0.434310873170998,0.16967189680697753
"['V2.4', 'V3.0', 'V3.3', 'V3.5']",0.82272211,0.05446043,0.13142269318602937,0.07543644605268271,0.20685913923871208
"['V2.4', 'V3.0', 'V3.3', 'V3.6']",0.88371413,0.05434579,0.7753156490614862,-0.008400109490475035,0.7669155395710112
"['V2.4', 'V3.0', 'V3.3', 'V3.7']",0.8779245,0.05447289,0.7141945060967965,0.08454847921796742,0.7987429853147638
"['V2.4', 'V3.0', 'V3.4', 'V3.5']",0.8651709,0.05455492,0.5795547089224573,0.14453724972743195,0.7240919586498893
"['V2.4', 'V3.0', 'V3.3', 'V3.8']",0.89699033,0.05441263,0.915472536155793,0.04048017114895783,0.9559527073047509
"['V2.4', 'V3.0', 'V3.3', 'V1.2_copy']",0.80940583,0.05413907,-0.009157318600187843,-0.15957502890674977,-0.1687323475069376
"['V2.4', 'V3.0', 'V3.4', 'V3.6']",0.86468984,0.05436128,0.5744761569192051,0.0029277712262339526,0.5774039281454391
"['V2.4', 'V3.0', 'V3.4', 'V3.7']",0.88365518,0.05451424,0.7746933137174713,0.11478785091815256,0.8894811646356239
"['V2.4', 'V3.0', 'V3.4', 'V3.8']",0.77653102,0.05445152,-0.35621679596696526,0.06892053790640715,-0.28729625806055814
"['V2.4', 'V3.0', 'V3.4', 'V1.2_copy']",0.8708546,0.05422831,0.6395575485285135,-0.09431356504883097,0.5452439834796826
"['V2.4', 'V3.0', 'V3.5', 'V3.6']",0.92993947,0.05490739,1.2633167155772036,0.4022995554871761,1.6656162710643798
"['V2.4', 'V3.0', 'V3.5', 'V3.7']",0.91191064,0.05477635,1.072986297931156,0.30646963365905866,1.3794559315902146
"['V2.4', 'V3.0', 'V3.6', 'V3.7']",0.82335211,0.05388605,0.1380736052594703,-0.3446092689933678,-0.2065356637338975
"['V2.4', 'V3.0', 'V3.5', 'V1.2_copy']",0.98802663,0.05493572,1.8765430548722557,0.42301736444162197,2.2995604193138774
"['V2.4', 'V3.0', 'V3.5', 'V3.8']",0.87955891,0.05513454,0.7314489778459268,0.5684149915620942,1.299863969408021
"['V2.4', 'V3.0', 'V3.6', 'V3.8']",0.94937814,0.05453624,1.4685308187432826,0.13087651300773373,1.5994073317510162
"['V2.4', 'V3.0', 'V3.7', 'V1.2_copy']",0.91759691,0.05479682,1.1330162690356695,0.32143940243059205,1.4544556714662615
"['V2.4', 'V3.0', 'V3.7', 'V3.8']",0.81509291,0.05435454,0.0508812036769914,-0.00200120979575428,0.04887999388123712
"['V2.4', 'V3.0', 'V3.6', 'V1.2_copy']",0.81694199,0.0546456,0.07040194732263926,0.21085178964939483,0.2812537369720341
"['V2.4', 'V3.0', 'V3.8', 'V1.2_copy']",0.94125476,0.05495053,1.3827722693478113,0.4338479592391964,1.8166202285870077
"['V2.4', 'V3.1', 'V3.2', 'V3.3']",0.80253169,0.0551972,-0.08172763720419035,0.6142384264045072,0.5325107892003169
"['V2.4', 'V3.1', 'V3.2', 'V3.4']",0.75997126,0.05509144,-0.5310382367880447,0.5368958399229589,0.005857603134914124
"['V2.4', 'V3.1', 'V3.2', 'V3.5']",0.84052433,0.0557487,0.31936078831626485,1.017551932877392,1.336912721193657
"['V2.4', 'V3.1', 'V3.2', 'V3.6']",0.69844546,0.05467538,-1.1805663098802657,0.23262998769610857,-0.9479363221841571
"['V2.4', 'V3.1', 'V3.2', 'V3.7']",0.76340088,0.05459902,-0.49483172716056356,0.17678770418881665,-0.31804402297174694
"['V2.4', 'V3.1', 'V3.2', 'V3.8']",0.64727304,0.05508788,-1.720793716237693,0.5342924018757361,-1.1865013143619567
"['V2.4', 'V3.1', 'V3.2', 'V1.2_copy']",0.77381805,0.05577088,-0.3848576291858255,1.0337722294749807,0.6489146002891553
"['V2.4', 'V3.1', 'V3.3', 'V3.4']",0.78702647,0.05426484,-0.24541629577459406,-0.06759907295190523,-0.31301536872649927
"['V2.4', 'V3.1', 'V3.3', 'V3.5']",0.85869831,0.05487229,0.5112235549900261,0.37663082642607065,0.8878543814160968
"['V2.4', 'V3.1', 'V3.3', 'V3.6']",0.93797809,0.05423402,1.3481804533737147,-0.09013782593376332,1.2580426274399514
"['V2.4', 'V3.1', 'V3.3', 'V3.7']",0.96427409,0.05379298,1.6257874119184719,-0.41267162266051544,1.2131157892579565
"['V2.4', 'V3.1', 'V3.3', 'V1.2_copy']",0.95478063,0.05487584,1.525564923453827,0.37922695144507473,1.904791874898902
"['V2.4', 'V3.1', 'V3.3', 'V3.8']",0.76640235,0.05412615,-0.4631451984921977,-0.16902346137026664,-0.6321686598624643
"['V2.4', 'V3.1', 'V3.4', 'V3.5']",0.92169436,0.05497216,1.1762730621710984,0.449666039284544,1.6259391014556424
"['V2.4', 'V3.1', 'V3.4', 'V3.6']",0.77870839,0.05426187,-0.3332302937108572,-0.06977104233400216,-0.4030013360448594
"['V2.4', 'V3.1', 'V3.4', 'V3.7']",0.82311858,0.05387319,0.1356082282808828,-0.35401382328754716,-0.21840559500666437
"['V2.4', 'V3.1', 'V3.4', 'V3.8']",0.64187067,0.05417777,-1.7778265541078417,-0.13127360968553164,-1.9091001637933733
"['V2.4', 'V3.1', 'V3.4', 'V1.2_copy']",0.72860639,0.05497035,-0.8621572726053438,0.4483423811762664,-0.4138148914290774
"['V2.4', 'V3.1', 'V3.5', 'V3.6']",0.78575016,0.05469293,-0.2588903046451552,0.24546435222665874,-0.013425952418496478
"['V2.4', 'V3.1', 'V3.5', 'V3.7']",0.86265687,0.05398843,0.5530140859383433,-0.26973848605103984,0.2832755998873035
"['V2.4', 'V3.1', 'V3.5', 'V3.8']",0.81094561,0.05475345,0.007098143927498635,0.28972279902945064,0.2968209429569493
"['V2.4', 'V3.1', 'V3.5', 'V1.2_copy']",0.85796436,0.05559854,0.5034752424244678,0.9077395010877868,1.4112147435122546
"['V2.4', 'V3.1', 'V3.6', 'V3.7']",0.7990618,0.05254518,-0.11835927735420787,-1.325191284268619,-1.443550561622827
"['V2.4', 'V3.1', 'V3.6', 'V3.8']",0.78383645,0.05361877,-0.27909334741351066,-0.5400718873253193,-0.81916523473883
"['V2.4', 'V3.1', 'V3.6', 'V1.2_copy']",0.86068199,0.05479217,0.5321652712786661,0.3180388443071112,0.8502041155857774
"['V2.4', 'V3.1', 'V3.7', 'V3.8']",0.70532344,0.05286415,-1.1079554523836241,-1.0919276230543713,-2.199883075437995
"['V2.4', 'V3.1', 'V3.7', 'V1.2_copy']",0.84469204,0.05442454,0.36335931650293024,0.04918998776200161,0.41254930426493186
"['V2.4', 'V3.1', 'V3.8', 'V1.2_copy']",0.76826681,0.05491559,-0.44346208813593263,0.4082962386296559,-0.035165849506276714
"['V2.4', 'V3.2', 'V3.3', 'V3.4']",0.75610356,0.05441209,-0.5718695584173255,0.04008526762494574,-0.5317842907923798
"['V2.4', 'V3.2', 'V3.3', 'V3.5']",0.83572445,0.05523403,0.2686884393590153,0.6411723093481103,0.9098607487071256
"['V2.4', 'V3.2', 'V3.3', 'V3.6']",0.73951457,0.05482509,-0.7469995804446071,0.3421133332157004,-0.4048862472289067
"['V2.4', 'V3.2', 'V3.3', 'V3.7']",0.76925733,0.05533436,-0.4330051652359573,0.7145439215048157,0.28153875626885844
"['V2.4', 'V3.2', 'V3.3', 'V3.8']",0.8191772,0.05524192,0.09399906664910862,0.646942288615689,0.7409413552647977
"['V2.4', 'V3.2', 'V3.3', 'V1.2_copy']",0.76710047,0.0551497,-0.4557751433545618,0.5795015423474597,0.12372639899289783
"['V2.4', 'V3.2', 'V3.4', 'V3.5']",0.80046174,0.05508089,-0.10358010616675943,0.5291805951481843,0.42560048898142483
"['V2.4', 'V3.2', 'V3.4', 'V3.6']",0.85289473,0.05459985,0.44995514182942525,0.17739468553128737,0.6273498273607127
"['V2.4', 'V3.2', 'V3.4', 'V3.7']",0.86202167,0.05513156,0.5463082774477879,0.5662357091517786,1.1125439865995665
"['V2.4', 'V3.2', 'V3.4', 'V3.8']",0.6821462,0.05503501,-1.3526376513439942,0.4956284216631882,-0.857009229680806
"['V2.4', 'V3.2', 'V3.4', 'V1.2_copy']",0.74032801,0.05500186,-0.7384120916874326,0.4713857331054778,-0.2670263585819548
"['V2.4', 'V3.2', 'V3.5', 'V3.6']",0.69708805,0.05525555,-1.1948964917177407,0.6569099460830067,-0.537986545634734
"['V2.4', 'V3.2', 'V3.5', 'V3.7']",0.80330226,0.05550776,-0.07359272717810879,0.8413518308836015,0.7677591037054927
"['V2.4', 'V3.2', 'V3.5', 'V1.2_copy']",0.74764989,0.05583371,-0.6611149804298387,1.0797199857971773,0.4186050053673386
"['V2.4', 'V3.2', 'V3.5', 'V3.8']",0.66616972,0.05583712,-1.5213014032853982,1.082213728421059,-0.4390876748643393
"['V2.4', 'V3.2', 'V3.6', 'V3.7']",0.77449803,0.05423501,-0.37767907808789275,-0.08941383613973271,-0.46709291422762544
"['V2.4', 'V3.2', 'V3.6', 'V3.8']",0.6768751,0.05492881,-1.4082846713921113,0.4179640619398501,-0.9903206094522612
"['V2.4', 'V3.2', 'V3.6', 'V1.2_copy']",0.75963845,0.05524533,-0.5345517130533818,0.6494360312395756,0.11488431818619382
"['V2.4', 'V3.2', 'V3.7', 'V3.8']",0.65908088,0.05511733,-1.5961383104960163,0.5558292699911063,-1.04030904050491
"['V2.4', 'V3.2', 'V3.7', 'V1.2_copy']",0.82764857,0.05577383,0.1834313476198758,1.0359295728006301,1.219360920420506
"['V2.4', 'V3.2', 'V3.8', 'V1.2_copy']",0.86684442,0.05590449,0.5972220650703055,1.1314815995562904,1.7287036646265959
"['V2.4', 'V3.3', 'V3.4', 'V3.5']",0.8317673,0.05435378,0.22691279378533963,-0.0025569999406688275,0.2243557938446708
"['V2.4', 'V3.3', 'V3.4', 'V3.6']",0.8866566,0.05428764,0.8063793145356724,-0.05092536860452464,0.7554539459311477
"['V2.4', 'V3.3', 'V3.4', 'V3.7']",0.777287,0.05447344,-0.3482359126189023,0.08495069577020327,-0.26328521684869904
"['V2.4', 'V3.3', 'V3.4', 'V3.8']",0.80496496,0.05421547,-0.05603959780587188,-0.10370349328656787,-0.15974309109243975
"['V2.4', 'V3.3', 'V3.4', 'V1.2_copy']",0.77978748,0.0542616,-0.3218383370293829,-0.06996849409600821,-0.3918068311253911
"['V2.4', 'V3.3', 'V3.5', 'V3.6']",0.85050013,0.05490685,0.42467534174837557,0.40190465196315894,0.8265799937115346
"['V2.4', 'V3.3', 'V3.5', 'V3.7']",0.87322314,0.05480324,0.6645622331037947,0.3261343665494605,0.9906965996532552
"['V2.4', 'V3.3', 'V3.5', 'V3.8']",0.71159536,0.05496675,-1.0417427723016335,0.4457096910161537,-0.5960330812854797
"['V2.4', 'V3.3', 'V3.5', 'V1.2_copy']",0.93135366,0.05504185,1.2782463240615514,0.5006305329674039,1.7788768570289553
"['V2.4', 'V3.3', 'V3.6', 'V3.7']",0.89671863,0.05401516,0.9126041983615808,-0.25019076161219794,0.6624134367493828
"['V2.4', 'V3.3', 'V3.6', 'V3.8']",0.90468682,0.05448539,0.9967244064162948,0.09368976449613703,1.0904141709124318
"['V2.4', 'V3.3', 'V3.6', 'V1.2_copy']",0.93486611,0.05488011,1.3153272702716416,0.38234961449609833,1.69767688476774
"['V2.4', 'V3.3', 'V3.7', 'V1.2_copy']",0.9328939,0.05507394,1.2945066428107528,0.5240980405335224,1.818604683344275
"['V2.4', 'V3.3', 'V3.7', 'V3.8']",0.87157907,0.05431245,0.6472057807028714,-0.03278174558441152,0.6144240351184599
"['V2.4', 'V3.3', 'V3.8', 'V1.2_copy']",0.95085659,0.05501462,1.4841388202591217,0.4807171571174348,1.9648559773765566
"['V2.4', 'V3.4', 'V3.5', 'V3.6']",0.81136983,0.05487894,0.011576635863680945,0.3814939901940603,0.39307062605774123
"['V2.4', 'V3.4', 'V3.5', 'V3.7']",0.96177252,0.05479751,1.5993783291953658,0.3219440013779453,1.9213223305733111
"['V2.4', 'V3.4', 'V3.5', 'V3.8']",0.86214735,0.05495966,0.547635081621423,0.4405247540063744,0.9881598356277974
"['V2.4', 'V3.4', 'V3.5', 'V1.2_copy']",0.73462591,0.05508876,-0.7986091801540462,0.5349359483593206,-0.2636732317947257
"['V2.4', 'V3.4', 'V3.6', 'V3.7']",0.83806846,0.05395936,0.2934341606435648,-0.29099745909395275,0.0024367015496120636
"['V2.4', 'V3.4', 'V3.6', 'V3.8']",0.89096499,0.05440701,0.8518630019453404,0.0363702492878939,0.8882332512332343
"['V2.4', 'V3.4', 'V3.6', 'V1.2_copy']",0.88507559,0.05485455,0.7896885867622907,0.3636575143592944,1.153346101121585
"['V2.4', 'V3.4', 'V3.7', 'V3.8']",0.71389944,0.05427612,-1.0174185921585008,-0.059349977116887394,-1.0767685692753883
"['V2.4', 'V3.4', 'V3.7', 'V1.2_copy']",0.87740164,0.05507788,0.7086746713559722,0.5269793736532025,1.2356540450091746
"['V2.4', 'V3.4', 'V3.8', 'V1.2_copy']",0.70999038,0.05500817,-1.0586865514439043,0.4760002539139001,-0.5826862975300042
"['V2.4', 'V3.5', 'V3.6', 'V3.7']",0.89334769,0.05409864,0.8770171736872255,-0.18914160201046049,0.687875571676765
"['V2.4', 'V3.5', 'V3.6', 'V3.8']",0.80847022,0.05499126,-0.019034556449444517,0.46363392318958946,0.44459936674014494
"['V2.4', 'V3.5', 'V3.6', 'V1.2_copy']",0.78284361,0.05548556,-0.2895747625611215,0.8251169082295705,0.535542145668449
"['V2.4', 'V3.5', 'V3.7', 'V1.2_copy']",0.92297012,0.05544079,1.1897412646898482,0.79237648087727,1.9821177455671182
"['V2.4', 'V3.5', 'V3.7', 'V3.8']",0.84130786,0.05456258,0.3276325171049996,0.15013902934589463,0.4777715464508942
"['V2.4', 'V3.5', 'V3.8', 'V1.2_copy']",0.90006932,0.05577808,0.9479774437192903,1.039037609795206,1.9870150535144964
"['V2.4', 'V3.6', 'V3.7', 'V3.8']",0.7394949,0.05327275,-0.7472072366993449,-0.7931172898815289,-1.5403245265808736
"['V2.4', 'V3.6', 'V3.7', 'V1.2_copy']",0.87773154,0.05446072,0.712157426741731,0.07564852387113628,0.7878059506128673
"['V2.4', 'V3.6', 'V3.8', 'V1.2_copy']",0.88875592,0.05513168,0.8285418426849036,0.5663234654904485,1.3948653081753521
"['V2.4', 'V3.7', 'V3.8', 'V1.2_copy']",0.85281055,0.05502394,0.44906645329237305,0.4875328994208389,0.9365993527132119
"['V2.5', 'V2.6', 'V2.7', 'V3.0']",0.75504084,0.05508448,-0.5830886969549234,0.5318059722800732,-0.05128272467485018
"['V2.5', 'V2.6', 'V2.7', 'V2.8']",0.87328529,0.05609278,0.665218350858341,1.2691786079584304,1.9343969588167713
"['V2.5', 'V2.6', 'V2.7', 'V3.2']",0.77799446,0.05619158,-0.340767255070526,1.341431326797088,1.000664071726562
"['V2.5', 'V2.6', 'V2.7', 'V3.1']",0.8062443,0.05543459,-0.042533601215338335,0.7878424033792989,0.7453088021639606
"['V2.5', 'V2.6', 'V2.7', 'V3.3']",0.74285512,0.05508276,-0.7117333831002701,0.5305481314257994,-0.18118525167447075
"['V2.5', 'V2.6', 'V2.7', 'V3.4']",0.65471634,0.05477658,-1.6422147736404842,0.30663783330817473,-1.3355769403323094
"['V2.5', 'V2.6', 'V2.7', 'V3.5']",0.78476104,0.05573643,-0.26933244774052245,1.0085788472483386,0.7392463995078161
"['V2.5', 'V2.6', 'V2.7', 'V3.6']",0.60224077,0.05572726,-2.196199538836807,1.0018728003682758,-1.1943267384685314
"['V2.5', 'V2.6', 'V2.7', 'V3.8']",0.79627933,0.05560899,-0.1477338223018066,0.9153816155803339,0.7676477932785273
"['V2.5', 'V2.6', 'V2.8', 'V3.0']",0.70905824,0.0551891,-1.0685271564917418,0.6083148735442497,-0.46021228294749206
"['V2.5', 'V2.6', 'V2.7', 'V3.7']",0.70103199,0.05571476,-1.15326030415754,0.992731515090106,-0.16052878906743395
"['V2.5', 'V2.6', 'V2.7', 'V1.2_copy']",0.72890344,0.05566084,-0.859021314777701,0.9532996669141901,0.09427835213648905
"['V2.5', 'V2.6', 'V2.8', 'V3.3']",0.8194809,0.05525094,0.09720522854863771,0.6535386400724158,0.7507438686210535
"['V2.5', 'V2.6', 'V2.8', 'V3.1']",0.81142927,0.0555176,0.012204144139308658,0.8485478506545753,0.860751994793884
"['V2.5', 'V2.6', 'V2.8', 'V3.4']",0.79791965,0.05489132,-0.13041695866322492,0.39054751913355995,0.260130560470335
"['V2.5', 'V2.6', 'V2.8', 'V3.2']",0.69324267,0.05628437,-1.2354921810335622,1.4092889156740058,0.17379673464044365
"['V2.5', 'V2.6', 'V2.8', 'V3.5']",0.79277554,0.05582993,-0.1847233448633953,1.0769556611290572,0.8922323162656618
"['V2.5', 'V2.6', 'V2.8', 'V3.6']",0.74185172,0.05576526,-0.7223262802026357,1.0296623076139118,0.3073360274112761
"['V2.5', 'V2.6', 'V2.8', 'V3.7']",0.84574288,0.05566419,0.3744530378414293,0.9557495313687392,1.3302025692101684
"['V2.5', 'V2.6', 'V2.8', 'V3.8']",0.78846135,0.05569107,-0.23026826289215271,0.9754069512309173,0.7451386883387645
"['V2.5', 'V2.6', 'V2.8', 'V1.2_copy']",0.74069056,0.05574326,-0.7345846501442173,1.0135736455243356,0.27898899538011834
"['V2.5', 'V2.6', 'V3.0', 'V3.1']",0.78938371,0.05427979,-0.22053090533650374,-0.05666609575921341,-0.27719700109571715
"['V2.5', 'V2.6', 'V3.0', 'V3.2']",0.63656207,0.05519257,-1.8338694617793774,0.6108524943374739,-1.2230169674419034
"['V2.5', 'V2.6', 'V3.0', 'V3.3']",0.67608817,0.05401751,-1.416592293992036,-0.24847219997990316,-1.665064493971939
"['V2.5', 'V2.6', 'V3.0', 'V3.4']",0.76155362,0.05379479,-0.5143332570602199,-0.41134796455223277,-0.9256812216124527
"['V2.5', 'V2.6', 'V3.0', 'V3.5']",0.7916704,0.05471429,-0.19639031148060473,0.26108498050999523,0.0646946690293905
"['V2.5', 'V2.6', 'V3.0', 'V3.6']",0.75959554,0.05464983,-0.5350047140646061,0.21394520058752842,-0.32105951347707773
"['V2.5', 'V2.6', 'V3.0', 'V3.7']",0.78641867,0.05456652,-0.25183284237497117,0.15302036246557466,-0.09881247990939651
"['V2.5', 'V2.6', 'V3.0', 'V3.8']",0.70023586,0.05454533,-1.1616650511877438,0.13752405566202178,-1.024140995525722
"['V2.5', 'V2.6', 'V3.0', 'V1.2_copy']",0.70924422,0.05439507,-1.0665637650196487,0.027638493590183895,-1.0389252714294648
"['V2.5', 'V2.6', 'V3.1', 'V3.2']",0.69876147,0.05558374,-1.177230191270221,0.8969162193184311,-0.28031397195178986
"['V2.5', 'V2.6', 'V3.1', 'V3.4']",0.76138611,0.05411351,-0.5161016606815251,-0.17826712904355368,-0.6943687897250788
"['V2.5', 'V2.6', 'V3.1', 'V3.3']",0.80110382,0.05433886,-0.09680166549356142,-0.013468038048689368,-0.1102697035422508
"['V2.5', 'V2.6', 'V3.1', 'V3.6']",0.7419731,0.05439491,-0.7210448711431522,0.027521485138624006,-0.6935233860045282
"['V2.5', 'V2.6', 'V3.1', 'V3.5']",0.78016341,0.054952,-0.317869642782131,0.4349229743879117,0.11705333160578074
"['V2.5', 'V2.6', 'V3.1', 'V3.7']",0.82072183,0.05377187,0.11030573064275673,-0.4281094252382884,-0.31780369459553165
"['V2.5', 'V2.6', 'V3.1', 'V3.8']",0.65043467,0.05412236,-1.6874163779222127,-0.17179509906660545,-1.8592114769888182
"['V2.5', 'V2.6', 'V3.1', 'V1.2_copy']",0.69797058,0.05495541,-1.185579619603179,0.43741671701179835,-0.7481629025913805
"['V2.5', 'V2.6', 'V3.2', 'V3.3']",0.64388196,0.05523778,-1.756593358958333,0.6439146949315592,-1.1126786640267738
"['V2.5', 'V2.6', 'V3.2', 'V3.4']",0.66549289,0.05476591,-1.5284466998229642,0.2988348321947302,-1.229611867628234
"['V2.5', 'V2.6', 'V3.2', 'V3.5']",0.71398455,0.05582221,-1.016520085608389,1.071310003341257,0.05478991773286812
"['V2.5', 'V2.6', 'V3.2', 'V3.6']",0.68871185,0.05549548,-1.2833240626852862,0.8323714322263243,-0.45095263045896194
"['V2.5', 'V2.6', 'V3.2', 'V3.7']",0.69223979,0.05582451,-1.2460795884942157,1.072991999832443,-0.17308758866177265
"['V2.5', 'V2.6', 'V3.2', 'V3.8']",0.70323424,0.05570339,-1.1300111436595488,0.9844166020010795,-0.1455945416584693
"['V2.5', 'V2.6', 'V3.2', 'V1.2_copy']",0.71960717,0.05572841,-0.9571620677633592,1.0027137986138661,0.0455517308505069
"['V2.5', 'V2.6', 'V3.3', 'V3.4']",0.71134781,0.05370683,-1.0443561584663639,-0.4756733607976674,-1.5200295192640314
"['V2.5', 'V2.6', 'V3.3', 'V3.5']",0.77022134,0.05469417,-0.4228281084932308,0.24637116772625295,-0.17645694076697788
"['V2.5', 'V2.6', 'V3.3', 'V3.6']",0.7364805,0.05475319,-0.7790302674202647,0.28953266029566327,-0.48949760712460144
"['V2.5', 'V2.6', 'V3.3', 'V3.7']",0.79461545,0.05469148,-0.16529940893792758,0.2444039631343909,0.07910455419646331
"['V2.5', 'V2.6', 'V3.3', 'V3.8']",0.70596608,0.05448293,-1.1011710997885829,0.09189075955339106,-1.0092803402351918
"['V2.5', 'V2.6', 'V3.3', 'V1.2_copy']",0.67742348,0.05459159,-1.4024954219272963,0.17135412421947513,-1.231141297707821
"['V2.5', 'V2.6', 'V3.4', 'V3.5']",0.85717918,0.05442828,0.4951860945803031,0.05192506031723178,0.5471111548975349
"['V2.5', 'V2.6', 'V3.4', 'V3.6']",0.6805389,0.05440172,-1.3696059227339017,0.032501657358173494,-1.3371042653757281
"['V2.5', 'V2.6', 'V3.4', 'V3.8']",0.72013333,0.05416663,-0.9516073949116737,-0.13942032312543712,-1.0910277180371108
"['V2.5', 'V2.6', 'V3.4', 'V3.7']",0.74080039,0.05436141,-0.7334251744727477,0.003022840593127631,-0.7304023338796201
"['V2.5', 'V2.6', 'V3.4', 'V1.2_copy']",0.72217573,0.05432397,-0.9300457713897763,-0.024357137072048774,-0.9544029084618251
"['V2.5', 'V2.6', 'V3.5', 'V3.6']",0.71399102,0.05525111,-1.016451781797095,0.6536629615521995,-0.36278882024489556
"['V2.5', 'V2.6', 'V3.5', 'V3.8']",0.69530854,0.05513106,-1.2136827846444207,0.5658700577406515,-0.6478127269037692
"['V2.5', 'V2.6', 'V3.5', 'V3.7']",0.86142088,0.0549287,0.5399657354404834,0.4178836186293989,0.9578493540698823
"['V2.5', 'V2.6', 'V3.6', 'V3.7']",0.76660122,0.0542651,-0.46104572724768195,-0.06740893421812295,-0.5284546614658049
"['V2.5', 'V2.6', 'V3.5', 'V1.2_copy']",0.79690504,0.05532622,-0.141128199772485,0.7085911165316734,0.5674629167591884
"['V2.5', 'V2.6', 'V3.6', 'V1.2_copy']",0.78637865,0.05522643,-0.25225533364668434,0.63561440789898,0.3833590742522957
"['V2.5', 'V2.6', 'V3.6', 'V3.8']",0.74679147,0.0547204,-0.6701773231950501,0.2655532407539677,-0.4046240824410824
"['V2.5', 'V2.6', 'V3.7', 'V3.8']",0.73680596,0.05435176,-0.7755943851291187,-0.004034231641620038,-0.7796286167707388
"['V2.5', 'V2.6', 'V3.7', 'V1.2_copy']",0.86285373,0.05522134,0.5550923376062438,0.6318920765337095,1.1869844141399533
"['V2.5', 'V2.7', 'V2.8', 'V3.0']",0.94769705,0.05545567,1.4507835460805207,0.8032582668724055,2.2540418129529263
"['V2.5', 'V2.6', 'V3.8', 'V1.2_copy']",0.77615299,0.05518045,-0.3602076599211275,0.6019891041317565,0.24178144421062903
"['V2.5', 'V2.7', 'V2.8', 'V3.1']",0.86828834,0.05593833,0.6124655332625004,1.156228887061354,1.7686944203238544
"['V2.5', 'V2.7', 'V2.8', 'V3.2']",0.79791881,0.05661932,-0.13042582654598953,1.654238795987866,1.5238129694418765
"['V2.5', 'V2.7', 'V2.8', 'V3.4']",0.81916184,0.05522057,0.09383691107855596,0.6313289733605711,0.7251658844391271
"['V2.5', 'V2.7', 'V2.8', 'V3.3']",0.76775379,0.05551116,-0.44887804196437137,0.8438382604792594,0.394960218514888
"['V2.5', 'V2.7', 'V2.8', 'V3.5']",0.76683734,0.05612052,-0.4585530076305689,1.2894649482477454,0.8309119406171765
"['V2.5', 'V2.7', 'V2.8', 'V3.7']",0.83205769,0.05595046,0.22997844197106387,1.16509959029529,1.3950780322663539
"['V2.5', 'V2.7', 'V2.8', 'V3.6']",0.7149577,0.05605884,-1.0062465378555814,1.2443581901711391,0.23811165231555775
"['V2.5', 'V2.7', 'V2.8', 'V3.8']",0.73405576,0.05604064,-0.8046282555805105,1.2310484788061258,0.42642022322561524
"['V2.5', 'V2.7', 'V2.8', 'V1.2_copy']",0.88515853,0.05602202,0.7905641846152606,1.21743162025576,2.0079958048710207
"['V2.5', 'V2.7', 'V3.0', 'V3.2']",0.8460518,0.05555329,0.3777143072981398,0.8746480483808066,1.2523623556789465
"['V2.5', 'V2.7', 'V3.0', 'V3.1']",0.75546908,0.05471277,-0.5785677658655106,0.25997340022017124,-0.3185943656453394
"['V2.5', 'V2.7', 'V3.0', 'V3.3']",0.78059613,0.05429609,-0.31330141631797287,-0.04474585975648122,-0.3580472760744541
"['V2.5', 'V2.7', 'V3.0', 'V3.4']",0.7576472,0.05414088,-0.5555733458569354,-0.1582513707984671,-0.7138247166554025
"['V2.5', 'V2.7', 'V3.0', 'V3.5']",0.90219677,0.05502278,0.9704369403711025,0.48668458814702464,1.4571215285181272
"['V2.5', 'V2.7', 'V3.0', 'V3.6']",0.71872046,0.05496323,-0.9665230681516772,0.4431355050818209,-0.5233875630698563
"['V2.5', 'V2.7', 'V3.0', 'V3.7']",0.74326655,0.05486676,-0.7073899152361818,0.3725867218190104,-0.33480319341717135
"['V2.5', 'V2.7', 'V3.0', 'V3.8']",0.74791506,0.0549069,-0.6583155798671184,0.40194121710427266,-0.25637436276284575
"['V2.5', 'V2.7', 'V3.0', 'V1.2_copy']",0.82465743,0.05469351,0.15185387279550838,0.24588850786356586,0.39774238065907425
"['V2.5', 'V2.7', 'V3.1', 'V3.2']",0.83352882,0.05611308,0.2455091662228111,1.28402405525018,1.529533221472991
"['V2.5', 'V2.7', 'V3.1', 'V3.3']",0.7527693,0.05477414,-0.6070693522109615,0.3048534544218763,-0.3022158977890852
"['V2.5', 'V2.7', 'V3.1', 'V3.5']",0.90125796,0.05542706,0.9605259201113142,0.7823356931277299,1.742861613239044
"['V2.5', 'V2.7', 'V3.1', 'V3.4']",0.71720093,0.05462819,-0.982564751362718,0.19811980751395702,-0.7844449438487611
"['V2.5', 'V2.7', 'V3.1', 'V3.6']",0.75317034,0.05486949,-0.6028355716110675,0.3745831785237625,-0.228252393087305
"['V2.5', 'V2.7', 'V3.1', 'V3.7']",0.85946153,0.05423618,0.5192808710419179,-0.08855821183769468,0.4307226592042232
"['V2.5', 'V2.7', 'V3.1', 'V3.8']",0.77679199,0.05462518,-0.3534617348180668,0.1959185860189752,-0.15754314879909162
"['V2.5', 'V2.7', 'V3.1', 'V1.2_copy']",0.70335538,0.05540782,-1.128732268280856,0.768265426827572,-0.360466841453284
"['V2.5', 'V2.7', 'V3.2', 'V3.3']",0.74278659,0.05558595,-0.7124568545358139,0.8985323985556135,0.18607554401979964
"['V2.5', 'V2.7', 'V3.2', 'V3.4']",0.72067419,0.05518761,-0.9458975341116086,0.607225232339092,-0.3386723017725166
"['V2.5', 'V2.7', 'V3.2', 'V3.5']",0.79045556,0.05619884,-0.2092153813588572,1.346740585286651,1.1375252039277939
"['V2.5', 'V2.7', 'V3.2', 'V3.6']",0.73384398,0.05587739,-0.8068640177375157,1.1116632930732149,0.30479927533569917
"['V2.5', 'V2.7', 'V3.2', 'V3.8']",0.82026597,0.05614897,0.10549321512244163,1.3102705135408612,1.415763728663303
"['V2.5', 'V2.7', 'V3.2', 'V3.7']",0.7785704,0.05618816,-0.3346870545950069,1.3389302711449826,1.0042432165499757
"['V2.5', 'V2.7', 'V3.2', 'V1.2_copy']",0.87876894,0.05610037,0.7231092619559976,1.2747291963793317,1.9978384583353292
"['V2.5', 'V2.7', 'V3.3', 'V3.4']",0.80579262,0.05405082,-0.04730198846189728,-0.2241125029706329,-0.27141449143253016
"['V2.5', 'V2.7', 'V3.3', 'V3.5']",0.78850038,0.0549936,-0.2298562230536976,0.4653451717936605,0.23548894873996287
"['V2.5', 'V2.7', 'V3.3', 'V3.6']",0.7273323,0.05506376,-0.875607844928598,0.5166533778029814,-0.3589544671256166
"['V2.5', 'V2.7', 'V3.3', 'V3.7']",0.80563029,0.05500277,-0.04901570680615372,0.47205121867372846,0.4230355118675747
"['V2.5', 'V2.7', 'V3.3', 'V3.8']",0.7188376,0.05484683,-0.9652864207861493,0.35801185657149426,-0.6072745642146551
"['V2.5', 'V2.7', 'V3.3', 'V1.2_copy']",0.80993074,0.05488628,-0.0036158420026168978,0.38686175290940317,0.3832459109067863
"['V2.5', 'V2.7', 'V3.4', 'V3.5']",0.87552996,0.0547947,0.6889153394359451,0.31988904044741334,1.0088043798833584
"['V2.5', 'V2.7', 'V3.4', 'V3.6']",0.76170113,0.05478183,-0.5127759935047396,0.31047717312500517,-0.2022988203797344
"['V2.5', 'V2.7', 'V3.4', 'V3.7']",0.78902241,0.05473312,-0.22434515062560564,0.2748554126530347,0.05051026202742906
"['V2.5', 'V2.7', 'V3.4', 'V3.8']",0.77800104,0.05459765,-0.34069778998887035,0.17578581932232876,-0.1649119706665416
"['V2.5', 'V2.7', 'V3.4', 'V1.2_copy']",0.65169384,0.05468618,-1.674123316088063,0.24052805817644674,-1.4335952579116165
"['V2.5', 'V2.7', 'V3.5', 'V3.6']",0.76313663,0.05559121,-0.4976214152802564,0.9023790514006677,0.40475763612041127
"['V2.5', 'V2.7', 'V3.5', 'V3.8']",0.74459567,0.05552401,-0.6933583910218135,0.85323550174522,0.1598771107234065
"['V2.5', 'V2.7', 'V3.5', 'V3.7']",0.93058594,0.0552672,1.2701415014948496,0.6654296239622631,1.9355711254571126
"['V2.5', 'V2.7', 'V3.5', 'V1.2_copy']",0.91627461,0.05564895,1.119056743583748,0.9446044763575938,2.0636612199413418
"['V2.5', 'V2.7', 'V3.6', 'V3.7']",0.72362725,0.05458576,-0.9147220699725686,0.1670906287657325,-0.7476314412068361
"['V2.5', 'V2.7', 'V3.6', 'V1.2_copy']",0.65586506,0.05555065,-1.6300877328198449,0.8727174089300582,-0.7573703238897866
"['V2.5', 'V2.7', 'V3.6', 'V3.8']",0.69942925,0.05511869,-1.1701804356124397,0.5568238418293704,-0.6133565937830693
"['V2.5', 'V2.7', 'V3.7', 'V3.8']",0.70686156,0.05475441,-1.0917175144814013,0.29042484973881505,-0.8012926647425862
"['V2.5', 'V2.7', 'V3.7', 'V1.2_copy']",0.75123379,0.05552568,-0.6232797363345943,0.8544567774583852,0.2311770411237909
"['V2.5', 'V2.7', 'V3.8', 'V1.2_copy']",0.79363039,0.0555591,-0.17569869059993296,0.8788969177781016,0.7031982271781687
"['V2.5', 'V2.8', 'V3.0', 'V3.1']",0.77494405,0.05474912,-0.37297044347996205,0.28655625780908955,-0.0864141856708725
"['V2.5', 'V2.8', 'V3.0', 'V3.3']",0.79009565,0.05441606,-0.21301495241338328,0.042988539829291975,-0.1700264125840913
"['V2.5', 'V2.8', 'V3.0', 'V3.2']",0.72585416,0.05559605,-0.8912125737734167,0.9059185570603746,0.014705983286957935
"['V2.5', 'V2.8', 'V3.0', 'V3.4']",0.75025659,0.05421263,-0.6335960399507313,-0.10578039330177112,-0.7393764332525025
"['V2.5', 'V2.8', 'V3.0', 'V3.5']",0.9365846,0.05506652,1.3334693748574944,0.5186717735923996,1.852141148449894
"['V2.5', 'V2.8', 'V3.0', 'V3.6']",0.77777211,0.05495021,-0.34311460475231936,0.4336139423360766,0.09049933758375722
"['V2.5', 'V2.8', 'V3.0', 'V3.7']",0.83060048,0.05476691,0.21459467120512982,0.29956613501698465,0.5141608062221145
"['V2.5', 'V2.8', 'V3.0', 'V3.8']",0.8656392,0.05494358,0.5844985535637158,0.4287654046245345,1.0132639581882503
"['V2.5', 'V2.8', 'V3.0', 'V1.2_copy']",0.57795214,0.05472975,-2.4526146856849573,0.27239092214203803,-2.1802237635429194
"['V2.5', 'V2.8', 'V3.1', 'V3.3']",0.71338844,0.05487089,-1.022813220840292,0.3756070024749166,-0.6472062183653755
"['V2.5', 'V2.8', 'V3.1', 'V3.2']",0.83066649,0.05611474,0.21529153899238096,1.2852380179351215,1.5005295569275026
"['V2.5', 'V2.8', 'V3.1', 'V3.4']",0.70009844,0.05466361,-1.163115794580018,0.22402255347818223,-0.9390932411018357
"['V2.5', 'V2.8', 'V3.1', 'V3.5']",0.8733631,0.05543877,0.6660397912844269,0.7908992491763187,1.4569390404607456
"['V2.5', 'V2.8', 'V3.1', 'V3.6']",0.73809403,0.05481689,-0.7619962258998542,0.3361166500732206,-0.42587957582663355
"['V2.5', 'V2.8', 'V3.1', 'V3.7']",0.75458439,0.05410373,-0.5879074411071811,-0.18541927064518995,-0.773326711752371
"['V2.5', 'V2.8', 'V3.1', 'V3.8']",0.76473738,0.05464343,-0.48072229226190644,0.20926486252510243,-0.271457429736804
"['V2.5', 'V2.8', 'V3.1', 'V1.2_copy']",0.76933591,0.05541458,-0.4321755959173362,0.7732090339060027,0.34103343798866653
"['V2.5', 'V2.8', 'V3.2', 'V3.3']",0.83701781,0.05569589,0.2823424451356906,0.9789318308341767,1.2612742759698672
"['V2.5', 'V2.8', 'V3.2', 'V3.4']",0.77591781,0.05524783,-0.36269045595514626,0.6512642882952066,0.2885738323400603
"['V2.5', 'V2.8', 'V3.2', 'V3.5']",0.85477001,0.05623545,0.4697524789613005,1.3735135816093567,1.8432660605706572
"['V2.5', 'V2.8', 'V3.2', 'V3.7']",0.84147539,0.05603798,0.3294011318663705,1.22910321329893,1.5585043451653005
"['V2.5', 'V2.8', 'V3.2', 'V3.6']",0.73874085,0.0558438,-0.7551677450310554,1.0870988312737146,0.3319310862426592
"['V2.5', 'V2.8', 'V3.2', 'V3.8']",0.79414101,0.05616168,-0.17030807357939262,1.3195653724117045,1.1492572988323118
"['V2.5', 'V2.8', 'V3.2', 'V1.2_copy']",0.75874919,0.05611968,-0.5439396338000927,1.2888506538770508,0.7449110200769581
"['V2.5', 'V2.8', 'V3.3', 'V3.5']",0.76744386,0.05510325,-0.4521499739944056,0.5455325262537751,0.09338255225936953
"['V2.5', 'V2.8', 'V3.3', 'V3.4']",0.80367013,0.05418275,-0.06970912237738464,-0.12763172163070724,-0.19734084400809188
"['V2.5', 'V2.8', 'V3.3', 'V3.6']",0.74277931,0.05510906,-0.7125337095197742,0.5497813956510703,-0.16275231386870392
"['V2.5', 'V2.8', 'V3.3', 'V3.7']",0.84573931,0.05496551,0.3744153493396803,0.4448028755165595,0.8192182248562399
"['V2.5', 'V2.8', 'V3.3', 'V3.8']",0.78678886,0.05494199,-0.24792474532661032,0.4276026331371543,0.17967788781054397
"['V2.5', 'V2.8', 'V3.3', 'V1.2_copy']",0.67215028,0.05498266,-1.458164611682324,0.45734471891820994,-1.000819892764114
"['V2.5', 'V2.8', 'V3.4', 'V3.5']",0.80169868,0.05485585,-0.0905217265157729,0.364608208028221,0.27408648151244813
"['V2.5', 'V2.8', 'V3.4', 'V3.6']",0.76035072,0.05478455,-0.5270322763191753,0.3124663168015385,-0.21456595951763674
"['V2.5', 'V2.8', 'V3.4', 'V3.7']",0.83133681,0.05465857,0.22236810943852192,0.22033678725402034,0.44270489669254226
"['V2.5', 'V2.8', 'V3.4', 'V3.8']",0.73100453,0.05464384,-0.8368401007326443,0.2095646966822259,-0.6272754040504184
"['V2.5', 'V2.8', 'V3.4', 'V1.2_copy']",0.76709512,0.05473512,-0.45583162332216975,0.2763180182975384,-0.17951360502463137
"['V2.5', 'V2.8', 'V3.5', 'V3.6']",0.95547608,0.05556251,1.5329067913926746,0.8813906604019883,2.414297451794663
"['V2.5', 'V2.8', 'V3.5', 'V3.8']",0.83354883,0.05554433,0.24572041185866828,0.8680955750934173,1.1138159869520856
"['V2.5', 'V2.8', 'V3.5', 'V3.7']",0.84945974,0.05515371,0.4136919410942692,0.5824340666646959,0.9961260077589651
"['V2.5', 'V2.8', 'V3.5', 'V1.2_copy']",0.99460634,0.05567084,1.9460050749972377,0.9606126951367238,2.9066177701339617
"['V2.5', 'V2.8', 'V3.6', 'V3.7']",0.82876958,0.05437869,0.1952658538793165,0.015659753361671757,0.21092560724098824
"['V2.5', 'V2.8', 'V3.6', 'V3.8']",0.88274131,0.05507483,0.7650455851197647,0.5247489000453256,1.2897944851650904
"['V2.5', 'V2.8', 'V3.6', 'V1.2_copy']",0.80043863,0.05551237,-0.10382407851281843,0.8447231368941873,0.7408990583813689
"['V2.5', 'V2.8', 'V3.7', 'V3.8']",0.83137097,0.05461715,0.22272873667094853,0.19004622435627902,0.41277496102722755
"['V2.5', 'V2.8', 'V3.7', 'V1.2_copy']",0.88147498,0.05539735,0.7516769351420504,0.7606086862785723,1.5122856214206226
"['V2.5', 'V3.0', 'V3.1', 'V3.2']",0.77760564,0.0548115,-0.3448720290902017,0.33217492786127273,-0.012697101228928975
"['V2.5', 'V2.8', 'V3.8', 'V1.2_copy']",0.79253237,0.0555701,-0.1872904913537101,0.8869412488228897,0.6996507574691796
"['V2.5', 'V3.0', 'V3.1', 'V3.3']",0.63291547,0.05342584,-1.8723666299809782,-0.6811621408227165,-2.5535287708036947
"['V2.5', 'V3.0', 'V3.1', 'V3.4']",0.80464455,0.05334351,-0.05942216723039684,-0.7413703021788635,-0.8007924694092603
"['V2.5', 'V3.0', 'V3.1', 'V3.5']",0.76582729,0.05411002,-0.4692161088048208,-0.18081937589321517,-0.650035484698036
"['V2.5', 'V3.0', 'V3.1', 'V3.7']",0.90513536,0.05285441,1.0014596446725192,-1.0990505125431227,-0.09759086787060345
"['V2.5', 'V3.0', 'V3.1', 'V3.6']",0.67710081,0.05351655,-1.4059018501792597,-0.6148256618160874,-2.0207275119953474
"['V2.5', 'V3.0', 'V3.1', 'V3.8']",0.64763071,0.05330897,-1.7170177928705372,-0.7666295016595042,-2.4836472945300416
"['V2.5', 'V3.0', 'V3.2', 'V3.3']",0.70660674,0.05439333,-1.0944076500600586,0.02636602667946249,-1.068041623380596
"['V2.5', 'V3.0', 'V3.1', 'V1.2_copy']",0.81422291,0.05386578,0.04169661081366929,-0.35943277720044625,-0.317736166386777
"['V2.5', 'V3.0', 'V3.2', 'V3.4']",0.7691352,0.05408662,-0.434294492047908,-0.19793186193395043,-0.6322263539818584
"['V2.5', 'V3.0', 'V3.2', 'V3.5']",0.74818713,0.05505308,-0.6554433359816876,0.508843063661308,-0.14660027232037953
"['V2.5', 'V3.0', 'V3.2', 'V3.7']",0.72877792,0.05489717,-0.8603464298308093,0.39482564064374503,-0.4655207891870643
"['V2.5', 'V3.0', 'V3.2', 'V3.6']",0.64594708,0.05466796,-1.7347918803216598,0.22720372075498574,-1.507588159566674
"['V2.5', 'V3.0', 'V3.2', 'V3.8']",0.74669658,0.05495322,-0.6711790772373494,0.43581516383105845,-0.23536391340629093
"['V2.5', 'V3.0', 'V3.2', 'V1.2_copy']",0.64831478,0.05470516,-1.7097960636291434,0.2544081857428223,-1.455387877886321
"['V2.5', 'V3.0', 'V3.3', 'V3.4']",0.70634296,0.05288319,-1.0971923763882054,-1.0780036173186633,-2.175195993706869
"['V2.5', 'V3.0', 'V3.3', 'V3.5']",0.81354203,0.05377822,0.0345085584127736,-0.4234656523169761,-0.38895709390420247
"['V2.5', 'V3.0', 'V3.3', 'V3.6']",0.65880994,0.05378562,-1.5989986249677268,-0.41805401143230075,-2.0170526364000274
"['V2.5', 'V3.0', 'V3.3', 'V3.7']",0.74974252,0.05366407,-0.6390230786326264,-0.5069438694772304,-1.1459669481098569
"['V2.5', 'V3.0', 'V3.3', 'V1.2_copy']",0.59201978,0.05343539,-2.3041025639058814,-0.6741781988701964,-2.9782807627760777
"['V2.5', 'V3.0', 'V3.3', 'V3.8']",0.70919685,0.05359212,-1.0670638502655516,-0.5595611075383813,-1.626624957803933
"['V2.5', 'V3.0', 'V3.4', 'V3.5']",0.77982814,0.05366815,-0.32140908927556344,-0.503960153962438,-0.8253692432380014
"['V2.5', 'V3.0', 'V3.4', 'V3.6']",0.78766432,0.05358542,-0.23868251122531828,-0.5644608364474796,-0.8031433476727978
"['V2.5', 'V3.0', 'V3.4', 'V3.7']",0.78739693,0.05346388,-0.2415053483353455,-0.6533433814641906,-0.8948487297995361
"['V2.5', 'V3.0', 'V3.4', 'V3.8']",0.72707268,0.05342444,-0.8783486541230532,-0.6821859647738757,-1.560534618896929
"['V2.5', 'V3.0', 'V3.4', 'V1.2_copy']",0.59459018,0.05331894,-2.2769668426462437,-0.7593384125216317,-3.0363052551678753
"['V2.5', 'V3.0', 'V3.5', 'V3.6']",0.89533771,0.05435725,0.8980258213767303,-1.937914744470596e-05,0.8980064422292856
"['V2.5', 'V3.0', 'V3.5', 'V3.7']",0.80085367,0.05397673,-0.09944249986684967,-0.27829472907140496,-0.3777372289382546
"['V2.5', 'V3.0', 'V3.5', 'V3.8']",0.80337598,0.05430631,-0.0728144648954839,-0.0372719449130451,-0.110086409808529
"['V2.5', 'V3.0', 'V3.5', 'V1.2_copy']",0.82581476,0.05422994,0.16407180941448432,-0.09312154144856079,0.07095026796592353
"['V2.5', 'V3.0', 'V3.6', 'V3.7']",0.78160445,0.05325467,-0.30265657875941504,-0.8063392449078775,-1.1089958236672925
"['V2.5', 'V3.0', 'V3.6', 'V3.8']",0.75585977,0.0538545,-0.5744432502496809,-0.3676818730354692,-0.9421251232851501
"['V2.5', 'V3.0', 'V3.6', 'V1.2_copy']",0.83093301,0.05407346,0.21810519150954447,-0.2075558070748122,0.010549384434732273
"['V2.5', 'V3.0', 'V3.7', 'V3.8']",0.73547893,0.05343387,-0.7896038452066076,-0.6752897791600203,-1.464893624366628
"['V2.5', 'V3.0', 'V3.7', 'V1.2_copy']",0.82144719,0.05398747,0.11796335855004404,-0.2704405367603992,-0.15247717821035517
"['V2.5', 'V3.1', 'V3.2', 'V3.3']",0.67015509,0.05491108,-1.4792278390788451,0.40499806290129253,-1.0742297761775526
"['V2.5', 'V3.0', 'V3.8', 'V1.2_copy']",0.80911569,0.05410708,-0.012220327535088926,-0.1829694061906408,-0.19518973372572973
"['V2.5', 'V3.1', 'V3.2', 'V3.4']",0.74449357,0.05458722,-0.6944362610578425,0.1681583308862241,-0.5262779301716184
"['V2.5', 'V3.1', 'V3.2', 'V3.5']",0.82903583,0.05547738,0.19807665600559227,0.8191348511435331,1.0172115071491254
"['V2.5', 'V3.1', 'V3.2', 'V3.7']",0.75749707,0.05427094,-0.5571582687610394,-0.06313812573616163,-0.620296394497201
"['V2.5', 'V3.1', 'V3.2', 'V3.6']",0.72728172,0.05457606,-0.8761418181550659,0.15999699138987616,-0.7161448267651898
"['V2.5', 'V3.1', 'V3.2', 'V3.8']",0.68598105,0.05468511,-1.3121531272728293,0.23974556415663617,-1.0724075631161931
"['V2.5', 'V3.1', 'V3.2', 'V1.2_copy']",0.79847236,0.05546192,-0.12458199737415905,0.8078289095114903,0.6832469121373312
"['V2.5', 'V3.1', 'V3.3', 'V3.5']",0.80683909,0.05414033,-0.03625440122778038,-0.15865358735070803,-0.1949079885784884
"['V2.5', 'V3.1', 'V3.3', 'V3.4']",0.88495172,0.05331782,0.7883808907646125,-0.760157471682556,0.0282234190820565
"['V2.5', 'V3.1', 'V3.3', 'V3.6']",0.87097514,0.0536561,0.6408300897052313,-0.5127723529705942,0.12805773673463705
"['V2.5', 'V3.1', 'V3.3', 'V3.7']",0.73442448,0.05298957,-0.8007356773269871,-1.0002076230873178,-1.800943300414305
"['V2.5', 'V3.1', 'V3.4', 'V3.5']",0.80884611,0.0540221,-0.015066284482325163,-0.24511552002575476,-0.26018180450807993
"['V2.5', 'V3.1', 'V3.3', 'V3.8']",0.74218424,0.05328981,-0.7188158654682533,-0.7806412637338821,-1.4994571292021353
"['V2.5', 'V3.1', 'V3.3', 'V1.2_copy']",0.6350201,0.05411455,-1.8501480441442717,-0.1775065741084093,-2.027654618252681
"['V2.5', 'V3.1', 'V3.4', 'V3.6']",0.66233681,0.05346009,-1.5617654467701783,-0.6561150191605294,-2.2178804659307074
"['V2.5', 'V3.1', 'V3.4', 'V3.7']",0.7347183,0.05282803,-0.797633818619974,-1.1183422809941737,-1.9159760996141477
"['V2.5', 'V3.1', 'V3.4', 'V3.8']",0.71400887,0.0531303,-1.0162633392883478,-0.8972913769115628,-1.9135547161999105
"['V2.5', 'V3.1', 'V3.4', 'V1.2_copy']",0.76668052,0.05398498,-0.46020855688669166,-0.27226148078781137,-0.732470037674503
"['V2.5', 'V3.1', 'V3.5', 'V3.6']",0.83264739,0.05412789,0.23620390681187048,-0.16775099445954522,0.06845291235232526
"['V2.5', 'V3.1', 'V3.5', 'V3.7']",0.76808262,0.05319839,-0.4454065825721334,-0.8474969677443119,-1.2929035503164452
"['V2.5', 'V3.1', 'V3.5', 'V3.8']",0.83007513,0.0539129,0.20904854952611085,-0.324973788215856,-0.11592523868974514
"['V2.5', 'V3.1', 'V3.5', 'V1.2_copy']",0.87167839,0.05483544,0.6482543022697511,0.3496823174260252,0.9979366196957763
"['V2.5', 'V3.1', 'V3.6', 'V3.7']",0.75930584,0.05195239,-0.5380630779180592,-1.7587002842723567,-2.2967633621904158
"['V2.5', 'V3.1', 'V3.6', 'V3.8']",0.71566885,0.0529531,-0.9987389249650619,-1.026878237014906,-2.025617161979968
"['V2.5', 'V3.1', 'V3.6', 'V1.2_copy']",0.73320674,0.05419474,-0.8135913625147844,-0.11886340079188859,-0.932454763306673
"['V2.5', 'V3.1', 'V3.7', 'V3.8']",0.66335593,0.05199659,-1.5510065935760748,-1.7263766995287446,-3.2773832931048195
"['V2.5', 'V3.1', 'V3.7', 'V1.2_copy']",0.78163853,0.05360256,-0.3022967960872513,-0.5519263060740529,-0.8542231021613043
"['V2.5', 'V3.1', 'V3.8', 'V1.2_copy']",0.59269963,0.0540448,-2.2969253852183753,-0.22851494596060162,-2.525440331178977
"['V2.5', 'V3.2', 'V3.3', 'V3.4']",0.76585327,0.05403184,-0.46894183785931626,-0.23799263053700845,-0.7069344683963247
"['V2.5', 'V3.2', 'V3.3', 'V3.5']",0.75985571,0.0550676,-0.5322580985183409,0.5194615806404339,-0.012796517877907032
"['V2.5', 'V3.2', 'V3.3', 'V3.6']",0.67383595,0.0548088,-1.440368987944488,0.33020041024118696,-1.110168577703301
"['V2.5', 'V3.2', 'V3.3', 'V3.7']",0.79819141,0.05506939,-0.1275479874488143,0.520770612692269,0.3932226252434547
"['V2.5', 'V3.2', 'V3.3', 'V3.8']",0.70404871,0.05492567,-1.1214127811889847,0.4156677710779746,-0.7057450101110101
"['V2.5', 'V3.2', 'V3.3', 'V1.2_copy']",0.72640441,0.05493832,-0.8854035827124475,0.42491875177948035,-0.4604848309329671
"['V2.5', 'V3.2', 'V3.4', 'V3.5']",0.97798207,0.05471577,1.7705026018938437,0.2621673086869293,2.032669910580773
"['V2.5', 'V3.2', 'V3.4', 'V3.6']",0.66727099,0.05437727,-1.5096752922709247,0.014621303354070131,-1.4950539889168546
"['V2.5', 'V3.2', 'V3.4', 'V3.7']",0.83168879,0.05463412,0.2260839634569491,0.20245643324992205,0.42854039670687116
"['V2.5', 'V3.2', 'V3.4', 'V3.8']",0.69439288,0.05451742,-1.2233494102780185,0.11711339389291806,-1.1062360163851004
"['V2.5', 'V3.2', 'V3.5', 'V3.6']",0.69888408,0.05526187,-1.1759357970966897,0.6615317799196477,-0.514404017177042
"['V2.5', 'V3.2', 'V3.4', 'V1.2_copy']",0.7979651,0.05458892,-0.12993714286364094,0.16940154568405552,0.03946440282041458
"['V2.5', 'V3.2', 'V3.5', 'V3.7']",0.86359812,0.05525822,0.5629508652861626,0.6588625246184212,1.2218133899045838
"['V2.5', 'V3.2', 'V3.5', 'V3.8']",0.72661933,0.05553228,-0.8831346715651079,0.8592833760852611,-0.02385129547984688
"['V2.5', 'V3.2', 'V3.6', 'V3.8']",0.72618707,0.05478747,-0.8876980418077511,0.31460172104251666,-0.5730963207652344
"['V2.5', 'V3.2', 'V3.6', 'V3.7']",0.76814901,0.05416748,-0.44470570312363256,-0.13879871572652394,-0.5835044188501565
"['V2.5', 'V3.2', 'V3.6', 'V1.2_copy']",0.71814546,0.0552056,-0.9725933450441032,0.6203813701114369,-0.3522119749326663
"['V2.5', 'V3.2', 'V3.5', 'V1.2_copy']",0.86625918,0.05563937,0.5910436844641785,0.9375985953204024,1.528642279784581
"['V2.5', 'V3.2', 'V3.8', 'V1.2_copy']",0.79907624,0.05556198,-0.11820683422668384,0.8810030699061898,0.7627962356795059
"['V2.5', 'V3.2', 'V3.7', 'V3.8']",0.76868035,0.05473053,-0.4390963449948993,0.27296133834339503,-0.16613500665150427
"['V2.5', 'V3.2', 'V3.7', 'V1.2_copy']",0.98674424,0.05549481,1.8630048594216853,0.8318814593354134,2.6948863187570984
"['V2.5', 'V3.3', 'V3.4', 'V3.5']",0.84035235,0.05355607,0.31754519489024774,-0.5859245742806274,-0.26837937939037965
"['V2.5', 'V3.3', 'V3.4', 'V3.6']",0.60919094,0.05359457,-2.1228265712725767,-0.5577694156238591,-2.680595986896436
"['V2.5', 'V3.3', 'V3.4', 'V3.7']",0.80679927,0.05349266,-0.03667478109883525,-0.6322964862397312,-0.6689712673385665
"['V2.5', 'V3.3', 'V3.4', 'V1.2_copy']",0.74536194,0.05342392,-0.6852688761098847,-0.6825662422414454,-1.36783511835133
"['V2.5', 'V3.3', 'V3.4', 'V3.8']",0.90049919,0.05327739,0.9525155827240686,-0.7897240447862718,0.16279153793779677
"['V2.5', 'V3.3', 'V3.5', 'V3.6']",0.81796439,0.05443146,0.08119542748753711,0.05425060329199726,0.13544603077953438
"['V2.5', 'V3.3', 'V3.5', 'V3.7']",0.79271591,0.05406398,-0.18535285896964787,-0.21448855782977622,-0.3998414167994241
"['V2.5', 'V3.3', 'V3.5', 'V3.8']",0.94290045,0.05422073,1.4001458240940667,-0.09985684044151369,1.300288983652553
"['V2.5', 'V3.3', 'V3.5', 'V1.2_copy']",0.81125968,0.05440314,0.01041378195115878,0.033540107365775125,0.043953889316933906
"['V2.5', 'V3.3', 'V3.6', 'V3.7']",0.78910456,0.05344021,-0.22347789280523553,-0.6706533192669318,-0.8941312120721674
"['V2.5', 'V3.3', 'V3.6', 'V3.8']",0.75144853,0.05387748,-0.6210127254478474,-0.3508765341800812,-0.9718892596279285
"['V2.5', 'V3.3', 'V3.6', 'V1.2_copy']",0.77352548,0.0543684,-0.3879462916387253,0.008134647320679459,-0.3798116443180458
"['V2.5', 'V3.3', 'V3.7', 'V3.8']",0.72648831,0.05345774,-0.8845178501363176,-0.6578335807928292,-1.5423514309291466
"['V2.5', 'V3.3', 'V3.7', 'V1.2_copy']",0.85969333,0.05430529,0.5217279844048125,-0.038017873791747,0.4837101106130655
"['V2.5', 'V3.3', 'V3.8', 'V1.2_copy']",0.71562104,0.05423663,-0.9992436552924128,-0.08822912556768121,-1.087472780860094
"['V2.5', 'V3.4', 'V3.5', 'V3.7']",0.90362658,0.0538318,0.9855314492468582,-0.38428244710062737,0.6012490021462309
"['V2.5', 'V3.4', 'V3.5', 'V3.6']",0.79947452,0.05419778,-0.11400219095587465,-0.11664024021223549,-0.23064243116811012
"['V2.5', 'V3.4', 'V3.5', 'V3.8']",0.80447424,0.05401431,-0.06122013046091705,-0.2508123690111111,-0.31203249947202816
"['V2.5', 'V3.4', 'V3.6', 'V3.7']",0.83784488,0.0531515,0.29107382584772373,-0.8817877570797862,-0.5907139312320624
"['V2.5', 'V3.4', 'V3.5', 'V1.2_copy']",0.82669155,0.05424721,0.17332808433015506,-0.08049194170824042,0.09283614262191464
"['V2.5', 'V3.4', 'V3.6', 'V3.8']",0.76836401,0.05359447,-0.44243594741603015,-0.5578425459060866,-1.0002784933221167
"['V2.5', 'V3.4', 'V3.6', 'V1.2_copy']",0.68667557,0.05412892,-1.3048210773470417,-0.16699775255262464,-1.4718188298996664
"['V2.5', 'V3.4', 'V3.7', 'V3.8']",0.80031654,0.05319763,-0.10511298304463886,-0.8480527578892214,-0.9531657409338603
"['V2.5', 'V3.4', 'V3.7', 'V1.2_copy']",0.94907141,0.05406909,1.46529266912378,-0.21075160040805815,1.254541068715722
"['V2.5', 'V3.4', 'V3.8', 'V1.2_copy']",0.73259844,0.05402512,-0.8200131876168066,-0.24290698550254916,-1.0629201731193558
"['V2.5', 'V3.5', 'V3.6', 'V3.7']",0.97401188,0.05354428,1.7285892929972508,-0.5945466345549962,1.1340426584422545
"['V2.5', 'V3.5', 'V3.6', 'V3.8']",0.80965899,0.0543924,-0.0064847076469940635,0.02568591505476937,0.019201207407775304
"['V2.5', 'V3.5', 'V3.7', 'V3.8']",0.74273738,0.05371819,-0.7129763646677728,-0.46736576073686453,-1.1803421254046373
"['V2.5', 'V3.5', 'V3.6', 'V1.2_copy']",0.91547452,0.05498471,1.1106101908205108,0.45884388970382733,1.5694540805243382
"['V2.5', 'V3.6', 'V3.7', 'V3.8']",0.78852252,0.05261729,-0.22962249100083093,-1.2724570377559083,-1.5020795287567392
"['V2.5', 'V3.5', 'V3.7', 'V1.2_copy']",0.91725958,0.05467985,1.129455075115457,0.235898911311582,1.365353986427039
"['V2.5', 'V3.5', 'V3.8', 'V1.2_copy']",0.8610815,0.0549939,0.5363828996635241,0.4655645626403378,1.001947462303862
"['V2.5', 'V3.6', 'V3.7', 'V1.2_copy']",0.83696161,0.05387599,0.28174914155072706,-0.351966175385239,-0.07021703383451194
"['V2.5', 'V3.7', 'V3.8', 'V1.2_copy']",0.86144093,0.05414173,0.5401774033564708,-0.15762976339955392,0.3825476399569169
"['V2.6', 'V2.7', 'V2.8', 'V3.0']",0.87164332,0.0555514,0.6478840681643293,0.873265886046749,1.5211499542110785
"['V2.5', 'V3.6', 'V3.8', 'V1.2_copy']",0.74281358,0.05449783,-0.7121719210169856,0.10278717160496914,-0.6093847494120164
"['V2.6', 'V2.7', 'V2.8', 'V3.1']",0.7706319,0.05595411,-0.41849382522200507,1.1677688455965165,0.7492750203745114
"['V2.6', 'V2.7', 'V2.8', 'V3.4']",0.78426646,0.05543086,-0.2745537304282724,0.7851146438522925,0.5105609134240201
"['V2.6', 'V2.7', 'V2.8', 'V3.2']",0.81391902,0.05659743,0.03848844308351417,1.638230577208731,1.6767190202922453
"['V2.6', 'V2.7', 'V2.8', 'V3.3']",0.78947039,0.05564414,-0.2196158242912246,0.941086909782553,0.7214710854913284
"['V2.6', 'V2.7', 'V2.8', 'V3.5']",0.79310827,0.05621518,-0.18121071315832238,1.358690073402273,1.1774793602439506
"['V2.6', 'V2.7', 'V2.8', 'V3.7']",0.84886992,0.05604461,0.4074652094130672,1.233951751010472,1.6414169604235394
"['V2.6', 'V2.7', 'V2.8', 'V3.8']",0.72209651,0.05620946,-0.9308820971905037,1.354507021258987,0.4236249240684832
"['V2.6', 'V2.7', 'V2.8', 'V3.6']",0.66494682,0.05612746,-1.534211562610176,1.2945401898341835,-0.2396713727759925
"['V2.6', 'V2.7', 'V2.8', 'V1.2_copy']",0.83709588,0.05609416,0.2831666303826331,1.2701878058531368,1.5533544362357699
"['V2.6', 'V2.7', 'V3.0', 'V3.1']",0.83658191,0.05481276,0.2777406474010678,0.33309636941731446,0.6108370168183823
"['V2.6', 'V2.7', 'V3.0', 'V3.3']",0.80466418,0.05451033,-0.05921493325579172,0.11192845688314383,0.05271352362735211
"['V2.6', 'V2.7', 'V3.0', 'V3.2']",0.71155666,0.0556094,-1.0421513283290025,0.9156814497374625,-0.12646987859154002
"['V2.6', 'V2.7', 'V3.0', 'V3.4']",0.67178574,0.05442676,-1.4620130616620888,0.050813480027402685,-1.411199581634686
"['V2.6', 'V2.7', 'V3.0', 'V3.5']",0.84013801,0.05519998,0.31528240680481734,0.6162714482503729,0.9315538550551903
"['V2.6', 'V2.7', 'V3.0', 'V3.6']",0.71979444,0.05511375,-0.95518505775702,0.5532112058874411,-0.4019738518695789
"['V2.6', 'V2.7', 'V3.0', 'V3.7']",0.70983504,0.05504128,-1.0603264763351563,0.5002136903587154,-0.5601127859764409
"['V2.6', 'V2.7', 'V3.0', 'V3.8']",0.86072538,0.05515573,0.5326233396514699,0.583911298365647,1.116534638017117
"['V2.6', 'V2.7', 'V3.0', 'V1.2_copy']",0.74355804,0.05484527,-0.7043126543468363,0.35687102416878025,-0.34744163017805607
"['V2.6', 'V2.7', 'V3.1', 'V3.2']",0.78248023,0.05609478,-0.2934109664170692,1.2706412136029341,0.9772302471858649
"['V2.6', 'V2.7', 'V3.1', 'V3.3']",0.79139929,0.05491128,-0.19925242064287557,0.40514432346574236,0.2058919028228668
"['V2.6', 'V2.7', 'V3.1', 'V3.4']",0.86086965,0.0548561,0.5341463985162884,0.36479103373378463,0.898937432250073
"['V2.6', 'V2.7', 'V3.1', 'V3.5']",0.67026674,0.05552523,-1.4780491496613852,0.8541276911883717,-0.6239214584730135
"['V2.6', 'V2.7', 'V3.1', 'V3.6']",0.7582463,0.05494241,-0.5492486451851912,0.4279097803224965,-0.12133886486269474
"['V2.6', 'V2.7', 'V3.1', 'V3.7']",0.84765488,0.05432747,0.3946380281341576,-0.02179757719415844,0.3728404509399992
"['V2.6', 'V2.7', 'V3.1', 'V3.8']",0.75412132,0.05480058,-0.5927960726212259,0.32418910104226467,-0.26860697157896124
"['V2.6', 'V2.7', 'V3.1', 'V1.2_copy']",0.73953377,0.05548416,-0.7467968859814166,0.8240930842784113,0.07729619829699474
"['V2.6', 'V2.7', 'V3.2', 'V3.3']",0.86308502,0.05568688,0.5575340668974598,0.9723427924056737,1.5298768593031333
"['V2.6', 'V2.7', 'V3.2', 'V3.4']",0.71593841,0.05536601,-0.9958931791578924,0.7376896558291446,-0.25820352332874785
"['V2.6', 'V2.7', 'V3.2', 'V3.5']",0.81129208,0.05625677,0.010755828857792162,1.3891049577798031,1.3998607866375954
"['V2.6', 'V2.7', 'V3.2', 'V3.6']",0.64064808,0.05591369,-1.7907334407616007,1.1382095855210246,-0.6525238552405761
"['V2.6', 'V2.7', 'V3.2', 'V3.7']",0.82150786,0.05627247,0.11860385193971952,1.4005864120891858,1.5191902640289052
"['V2.6', 'V2.7', 'V3.2', 'V3.8']",0.82327252,0.05628705,0.13723337336752542,1.4112488072376441,1.5484821806051696
"['V2.6', 'V2.7', 'V3.2', 'V1.2_copy']",0.73089975,0.05613422,-0.837946263537494,1.2994837969126192,0.46153753337512515
"['V2.6', 'V2.7', 'V3.3', 'V3.4']",0.69055652,0.05437399,-1.2638498754241532,0.012222630097077183,-1.251627245327076
"['V2.6', 'V2.7', 'V3.3', 'V3.5']",0.71725192,0.05521026,-0.9820264497649001,0.6237892412631364,-0.35823720850176366
"['V2.6', 'V2.7', 'V3.3', 'V3.6']",0.68882389,0.05525591,-1.2821412560365433,0.6571732150990165,-0.6249680409375268
"['V2.6', 'V2.7', 'V3.3', 'V3.7']",0.74607733,0.05521957,-0.6777165015254106,0.6305976705383219,-0.04711883098708869
"['V2.6', 'V2.7', 'V3.3', 'V3.8']",0.79939673,0.05513118,-0.11482342024189485,0.5659578140793213,0.4511343938374265
"['V2.6', 'V2.7', 'V3.3', 'V1.2_copy']",0.83088205,0.05507675,0.21756720662182685,0.5261530014640544,0.7437202080858812
"['V2.6', 'V2.7', 'V3.4', 'V3.6']",0.65053406,0.05505715,-1.6863671173651023,0.5118194661478817,-1.1745476512172206
"['V2.6', 'V2.7', 'V3.4', 'V3.5']",0.74474632,0.05508258,-0.6917679784759987,0.5304164969177919,-0.16135148155820678
"['V2.6', 'V2.7', 'V3.4', 'V3.7']",0.73117863,0.05506587,-0.8350021264596499,0.5181964267579362,-0.3168056997017137
"['V2.6', 'V2.7', 'V3.4', 'V3.8']",0.71797582,0.05496341,-0.9743842350824179,0.4432671395898233,-0.5311170954925946
"['V2.6', 'V2.7', 'V3.4', 'V1.2_copy']",0.66995439,0.0549509,-1.4813466296393836,0.43411854128342986,-1.0472280883559537
"['V2.6', 'V2.7', 'V3.5', 'V3.7']",0.8503144,0.0554515,0.42271458952710556,0.8002087341036095,1.222923323630715
"['V2.6', 'V2.7', 'V3.5', 'V3.6']",0.5997559,0.05574327,-2.222432319604951,1.0135809585525544,-1.2088513610523965
"['V2.6', 'V2.7', 'V3.5', 'V1.2_copy']",0.76653984,0.05580171,-0.46169371610969434,1.0563182954850574,0.5946245793753631
"['V2.6', 'V2.7', 'V3.5', 'V3.8']",0.79414711,0.05577528,-0.17024367585931635,1.036989961892898,0.8667462860335816
"['V2.6', 'V2.7', 'V3.6', 'V3.7']",0.71595198,0.05475664,-0.9957499206232311,0.29205565503243985,-0.7036942655907912
"['V2.6', 'V2.7', 'V3.6', 'V3.8']",0.75877773,0.05534703,-0.5436383369261617,0.723809528262769,0.1801711913366073
"['V2.6', 'V2.7', 'V3.6', 'V1.2_copy']",0.63258002,0.05567782,-1.8759079767350033,0.9657171888360568,-0.9101907878989465
"['V2.6', 'V2.7', 'V3.7', 'V3.8']",0.63827379,0.05501139,-1.8157988281058064,0.47835504900155557,-1.3374437791042508
"['V2.6', 'V2.7', 'V3.7', 'V1.2_copy']",0.76336893,0.05568309,-0.49516902341571667,0.9695711547093298,0.4744021312936131
"['V2.6', 'V2.7', 'V3.8', 'V1.2_copy']",0.78310283,0.05578546,-0.2868381761679829,1.044434624623439,0.7575964484554562
"['V2.6', 'V2.8', 'V3.0', 'V3.1']",0.88969481,0.05493364,0.8384537075049546,0.4214962545713333,1.259949962076288
"['V2.6', 'V2.8', 'V3.0', 'V3.3']",0.68704413,0.05470626,-1.3009301882140463,0.25521261884729907,-1.0457175693667473
"['V2.6', 'V2.8', 'V3.0', 'V3.2']",0.75397098,0.05572986,-0.5943832124960216,1.0037741877061341,0.4093909752101126
"['V2.6', 'V2.8', 'V3.0', 'V3.5']",0.88786106,0.0553211,0.8190948027197615,0.7048468460817316,1.5239416488014932
"['V2.6', 'V2.8', 'V3.0', 'V3.4']",0.76486944,0.05456917,-0.47932813440727384,0.15495831494454673,-0.32436981946272714
"['V2.6', 'V2.8', 'V3.0', 'V3.6']",0.83821983,0.05518476,0.29503217423174993,0.60514101929567,0.90017319352742
"['V2.6', 'V2.8', 'V3.0', 'V3.7']",0.87303311,0.05502273,0.6625560857683719,0.48664802300591087,1.1492041087742828
"['V2.6', 'V2.8', 'V3.0', 'V3.8']",0.89426081,0.05526984,0.8866569845324638,0.6673602634130115,1.5540172479454752
"['V2.6', 'V2.8', 'V3.0', 'V1.2_copy']",0.79382294,0.05495745,-0.1736659396162175,0.43890857476919204,0.2652426351529745
"['V2.6', 'V2.8', 'V3.1', 'V3.2']",0.76630087,0.05618059,-0.46421652318618606,1.3333943087805238,0.8691777855943377
"['V2.6', 'V2.8', 'V3.1', 'V3.3']",0.86673549,0.05509355,0.5960720907017989,0.5384388888779138,1.1345109795797126
"['V2.6', 'V2.8', 'V3.1', 'V3.5']",0.75792886,0.05562302,-0.5525998603099421,0.9256417941765563,0.3730419338666142
"['V2.6', 'V2.8', 'V3.1', 'V3.4']",0.89204429,0.05496738,0.8632571755975064,0.44617041179417455,1.309427587391681
"['V2.6', 'V2.8', 'V3.1', 'V3.6']",0.6891086,0.05497809,-1.279135571629513,0.454002665020509,-0.825132906609004
"['V2.6', 'V2.8', 'V3.1', 'V3.7']",0.84078755,0.05427672,0.32213960272256825,-0.058911195423532736,0.2632284072990355
"['V2.6', 'V2.8', 'V3.1', 'V3.8']",0.80645568,0.05489964,-0.04030206185964979,0.39663195861470973,0.35632989675505994
"['V2.6', 'V2.8', 'V3.1', 'V1.2_copy']",0.88958888,0.0555762,0.8373354041463212,0.8914021960386384,1.7287376001849597
"['V2.6', 'V2.8', 'V3.2', 'V3.4']",0.70564969,0.05549388,-1.1045112300598785,0.8312013477107203,-0.2733098823491582
"['V2.6', 'V2.8', 'V3.2', 'V3.3']",0.7581609,0.05587579,-0.5501502132662578,1.110493208557611,0.5603429952913531
"['V2.6', 'V2.8', 'V3.2', 'V3.5']",0.7918332,0.05637153,-0.19467163134480112,1.473029269661636,1.278357638316835
"['V2.6', 'V2.8', 'V3.2', 'V3.6']",0.66947704,0.05595803,-1.4863860151604267,1.170635552659749,-0.31575046250067773
"['V2.6', 'V2.8', 'V3.2', 'V3.7']",0.82110359,0.05619596,0.11433597221919607,1.344634433158563,1.458970405377759
"['V2.6', 'V2.8', 'V3.2', 'V3.8']",0.7792262,0.05637515,-0.327763771836654,1.475676585878191,1.147912814041537
"['V2.6', 'V2.8', 'V3.2', 'V1.2_copy']",0.85555689,0.05623147,0.47805957371106134,1.3706029963767867,1.848662570087848
"['V2.6', 'V2.8', 'V3.3', 'V3.5']",0.83418517,0.05539861,0.25243825533297515,0.761530127834614,1.0139683831675892
"['V2.6', 'V2.8', 'V3.3', 'V3.4']",0.82878923,0.05457846,0.1954732989939885,0.16175211816328464,0.35722541715727313
"['V2.6', 'V2.8', 'V3.3', 'V3.6']",0.8002995,0.0553872,-0.10529287438071958,0.7531859626326974,0.6478930882519779
"['V2.6', 'V2.8', 'V3.3', 'V3.7']",0.80203533,0.05526391,-0.08696771135779806,0.6630236376770464,0.5760559263192484
"['V2.6', 'V2.8', 'V3.3', 'V3.8']",0.81724079,0.05530518,0.07355637990604302,0.6932045051514567,0.7667608850574997
"['V2.6', 'V2.8', 'V3.3', 'V1.2_copy']",0.80637527,0.05525056,-0.04115095049429355,0.6532607449999586,0.612109794505665
"['V2.6', 'V2.8', 'V3.4', 'V3.5']",0.85117886,0.05521493,0.4318406965921949,0.6272044254430648,1.0590451220352597
"['V2.6', 'V2.8', 'V3.4', 'V3.6']",0.87700744,0.0551328,0.7045131006585906,0.5671425246513728,1.2716556253099633
"['V2.6', 'V2.8', 'V3.4', 'V3.7']",0.84841521,0.05505789,0.402664834446537,0.5123606302363487,0.9150254646828857
"['V2.6', 'V2.8', 'V3.4', 'V3.8']",0.79005394,0.05507738,-0.2134552850206591,0.5266137222420753,0.3131584372214161
"['V2.6', 'V2.8', 'V3.5', 'V3.6']",0.87469967,0.05579837,0.6801499651733147,1.053875744058732,1.7340257092320468
"['V2.6', 'V2.8', 'V3.4', 'V1.2_copy']",0.76182618,0.05507054,-0.5114558402431773,0.5216116109378596,0.01015577069468232
"['V2.6', 'V2.8', 'V3.5', 'V3.7']",0.86986662,0.05541634,0.6291274404168977,0.7744961268731716,1.4036235672900692
"['V2.6', 'V2.8', 'V3.5', 'V3.8']",0.81353739,0.05587367,0.034459573917502546,1.1089428465744322,1.1434024204919349
"['V2.6', 'V2.8', 'V3.6', 'V3.7']",0.83269638,0.05462256,0.23672109440310546,0.19400257262466933,0.43072366702777476
"['V2.6', 'V2.8', 'V3.5', 'V1.2_copy']",0.82276125,0.05590186,0.1318358942948465,1.1295582731337606,1.261394167428607
"['V2.6', 'V2.8', 'V3.6', 'V3.8']",0.79965777,0.05538279,-0.11206762010276586,0.7499609171865615,0.6378932970837957
"['V2.6', 'V2.8', 'V3.6', 'V1.2_copy']",0.78214502,0.05572331,-0.29694977949030454,0.9989841542203719,0.7020343747300674
"['V2.6', 'V2.8', 'V3.7', 'V3.8']",0.80668178,0.0549472,-0.03791512341551488,0.4314127208410948,0.3934975974255799
"['V2.6', 'V2.8', 'V3.7', 'V1.2_copy']",0.90145473,0.05563521,0.9626032216489184,0.934556375579825,1.8971595972287434
"['V2.6', 'V2.8', 'V3.8', 'V1.2_copy']",0.83463897,0.05587402,0.25722902342651016,1.1091988025622233,1.3664278259887335
"['V2.6', 'V3.0', 'V3.1', 'V3.2']",0.75119415,0.05496059,-0.6236982159450566,0.44120486563106753,-0.18249335031398906
"['V2.6', 'V3.0', 'V3.1', 'V3.3']",0.70828914,0.05372992,-1.0766465477229847,-0.4587875786318282,-1.5354341263548128
"['V2.6', 'V3.0', 'V3.1', 'V3.4']",0.76182266,0.05372461,-0.5114930008947626,-0.4626707966179961,-0.9741637975127586
"['V2.6', 'V3.0', 'V3.1', 'V3.5']",0.84450332,0.05438005,0.3613669988418192,0.01665432519993589,0.3780213240417551
"['V2.6', 'V3.0', 'V3.1', 'V3.6']",0.78030162,0.05376521,-0.31641055935725726,-0.43297990203449666,-0.7493904613917539
"['V2.6', 'V3.0', 'V3.1', 'V3.7']",0.84930324,0.05311142,0.4120397700792002,-0.9110983741957109,-0.49905860411651076
"['V2.6', 'V3.0', 'V3.1', 'V3.8']",0.77276537,0.05364569,-0.39597077541038067,-0.5203852153502513,-0.916355990760632
"['V2.6', 'V3.0', 'V3.2', 'V3.3']",0.68156309,0.0546528,-1.3587935455331115,0.21611716996962027,-1.1426763755634912
"['V2.6', 'V3.0', 'V3.1', 'V1.2_copy']",0.90168275,0.05410745,0.9650104295393722,-0.1826988241464073,0.7823116053929648
"['V2.6', 'V3.0', 'V3.2', 'V3.4']",0.71562628,0.05440719,-0.999188336595168,0.03650188379590131,-0.9626864527992667
"['V2.6', 'V3.0', 'V3.2', 'V3.5']",0.74203491,0.05527137,-0.7203923427697252,0.6684791567310592,-0.051913186038666015
"['V2.6', 'V3.0', 'V3.2', 'V3.6']",0.60870136,0.05486631,-2.12799506894387,0.372257635548997,-1.755737433394873
"['V2.6', 'V3.0', 'V3.2', 'V3.8']",0.71760492,0.05524666,-0.9782998276031157,0.6504086639931735,-0.3278911636099422
"['V2.6', 'V3.0', 'V3.2', 'V1.2_copy']",0.80455306,0.05489582,-0.06038802746150621,0.3938383818336996,0.3334503543721934
"['V2.6', 'V3.0', 'V3.2', 'V3.7']",0.80022821,0.05514048,-0.10604548314534809,0.5727589303262779,0.4667134471809298
"['V2.6', 'V3.0', 'V3.3', 'V3.4']",0.71443155,0.05335152,-1.0118011051372335,-0.7355125665726097,-1.7473136717098432
"['V2.6', 'V3.0', 'V3.3', 'V3.5']",0.80640762,0.05415222,-0.04080943143782387,-0.14995839679411177,-0.19076782823193564
"['V2.6', 'V3.0', 'V3.3', 'V3.6']",0.84612104,0.05414667,0.3784452742060205,-0.15401712745761953,0.22442814674840095
"['V2.6', 'V3.0', 'V3.3', 'V3.7']",0.77365752,0.05404323,-0.38655234492415846,-0.22966309139153937,-0.6162154363156979
"['V2.6', 'V3.0', 'V3.3', 'V3.8']",0.64744114,0.05403103,-1.7190190839844461,-0.23858498582303164,-1.9576040698074777
"['V2.6', 'V3.0', 'V3.3', 'V1.2_copy']",0.78711537,0.05377806,-0.2444777781820091,-0.42358266076853596,-0.6680604389505451
"['V2.6', 'V3.0', 'V3.4', 'V3.5']",0.73235755,0.05410561,-0.8225562641396172,-0.18404442133935617,-1.0066006854789733
"['V2.6', 'V3.0', 'V3.4', 'V3.6']",0.76943011,0.05401321,-0.43118112620730814,-0.25161680211559295,-0.6827979283229011
"['V2.6', 'V3.0', 'V3.4', 'V3.7']",0.75780209,0.05394148,-0.553938171617165,-0.30407315355584646,-0.8580113251730115
"['V2.6', 'V3.0', 'V3.4', 'V3.8']",0.73713597,0.05393258,-0.7721104684729978,-0.31058174867390337,-1.0826922171469011
"['V2.6', 'V3.0', 'V3.4', 'V1.2_copy']",0.76940646,0.05372581,-0.43143079933514367,-0.46179323323129184,-0.8932240325664356
"['V2.6', 'V3.0', 'V3.5', 'V3.6']",0.85778093,0.05467943,0.5015387713107676,0.23559176412623475,0.7371305354370024
"['V2.6', 'V3.0', 'V3.5', 'V3.7']",0.84722447,0.05432301,0.39009418834760273,-0.02505918778141318,0.36503500056618954
"['V2.6', 'V3.0', 'V3.5', 'V1.2_copy']",0.8427202,0.05454039,0.3425425951332588,0.13391141972008735,0.47645401485334615
"['V2.6', 'V3.0', 'V3.6', 'V3.7']",0.83008855,0.05359316,0.20919022451027888,-0.558800552603237,-0.3496103280929581
"['V2.6', 'V3.0', 'V3.5', 'V3.8']",0.76971558,0.05471694,-0.42816741847777606,0.26302293298896734,-0.16514448548880872
"['V2.6', 'V3.0', 'V3.6', 'V3.8']",0.83845374,0.05424658,0.2975015628715883,-0.08095266248625622,0.2165489003853321
"['V2.6', 'V3.0', 'V3.6', 'V1.2_copy']",0.90794892,0.05436637,1.0311624068524397,0.006650102591504487,1.037812509443944
"['V2.6', 'V3.0', 'V3.7', 'V3.8']",0.87950785,0.05384637,0.7309099372578794,-0.37362736498039284,0.3572825722774866
"['V2.6', 'V3.0', 'V3.7', 'V1.2_copy']",0.80761019,0.05430434,-0.02811389598995451,-0.03871261147288765,-0.06682650746284216
"['V2.6', 'V3.0', 'V3.8', 'V1.2_copy']",0.84077258,0.05448653,0.3219815643832987,0.09452344971350378,0.4165050140968025
"['V2.6', 'V3.1', 'V3.2', 'V3.3']",0.74719992,0.05510719,-0.6658653152007693,0.5484138593734552,-0.11745145582731409
"['V2.6', 'V3.1', 'V3.2', 'V3.4']",0.71385583,0.05486353,-1.0178789830720298,0.37022461370313126,-0.6476543693688985
"['V2.6', 'V3.1', 'V3.2', 'V3.5']",0.82542865,0.05563027,0.15999564487372853,0.9309437396378956,1.090939384511624
"['V2.6', 'V3.1', 'V3.2', 'V3.6']",0.73448944,0.05470998,-0.8000498943931924,0.25793306534608174,-0.5421168290471107
"['V2.6', 'V3.1', 'V3.2', 'V3.7']",0.77392095,0.05443268,-0.3837713135471633,0.05514279273514395,-0.3286285208120194
"['V2.6', 'V3.1', 'V3.2', 'V3.8']",0.70938992,0.05491289,-1.065025609640124,0.4063217210095701,-0.658703888630554
"['V2.6', 'V3.1', 'V3.3', 'V3.4']",0.83556115,0.05373788,0.2669644807215666,-0.45296640816668815,-0.18600192744512156
"['V2.6', 'V3.1', 'V3.2', 'V1.2_copy']",0.78662123,0.05559122,-0.24969441578831103,0.9023863644288864,0.6526919486405753
"['V2.6', 'V3.1', 'V3.3', 'V3.5']",0.66000793,0.05444943,-1.5863514405949313,0.06739211500789467,-1.5189593255870366
"['V2.6', 'V3.1', 'V3.3', 'V3.6']",0.74195448,0.05394597,-0.7212414425444347,-0.3007896038839255,-1.0220310464283602
"['V2.6', 'V3.1', 'V3.3', 'V1.2_copy']",0.86342149,0.05439723,0.561086181794842,0.029218107686252548,0.5903042894810946
"['V2.6', 'V3.1', 'V3.3', 'V3.7']",0.88050171,0.05328579,0.7414021205488475,-0.7835811010793421,-0.042178980530494625
"['V2.6', 'V3.1', 'V3.3', 'V3.8']",0.66186357,0.05366083,-1.5667614430076946,-0.5093132906213333,-2.076074733629028
"['V2.6', 'V3.1', 'V3.4', 'V3.5']",0.68589458,0.05440775,-1.3130659913474167,0.03691141337636092,-1.276154577971056
"['V2.6', 'V3.1', 'V3.4', 'V3.6']",0.74056635,0.05382859,-0.7358959355230137,-0.38662992916005906,-1.1225258646830727
"['V2.6', 'V3.1', 'V3.4', 'V1.2_copy']",0.65001702,0.05434748,-1.6918255103467728,-0.0071642077208673655,-1.69898971806764
"['V2.6', 'V3.1', 'V3.4', 'V3.7']",0.85986648,0.05322659,0.5235559295246791,-0.8268742281567598,-0.3033182986320807
"['V2.6', 'V3.1', 'V3.4', 'V3.8']",0.70339606,0.05357903,-1.128302809386971,-0.5691338614816819,-1.6974366708686528
"['V2.6', 'V3.1', 'V3.5', 'V3.6']",0.85874789,0.05437623,0.5117469712132026,0.013860748418925779,0.5256077196321284
"['V2.6', 'V3.1', 'V3.5', 'V3.7']",0.78150521,0.05346006,-0.3037042557660319,-0.6561369582452007,-0.9598412140112326
"['V2.6', 'V3.1', 'V3.5', 'V3.8']",0.61485846,0.05425248,-2.0629945439797717,-0.07663797583496247,-2.139632519814734
"['V2.6', 'V3.1', 'V3.5', 'V1.2_copy']",0.90154285,0.05508232,0.9635335047789371,0.5302263581840045,1.4937598629629416
"['V2.6', 'V3.1', 'V3.6', 'V3.7']",0.76683479,0.05219465,-0.45857992798896186,-1.5815348625531869,-2.0401147905421486
"['V2.6', 'V3.1', 'V3.6', 'V3.8']",0.76994286,0.05326716,-0.4257680227697571,-0.7972052726579265,-1.2229732954276837
"['V2.6', 'V3.1', 'V3.6', 'V1.2_copy']",0.78037509,0.05442228,-0.3156349363254544,0.04753724338371057,-0.26809769294174385
"['V2.6', 'V3.1', 'V3.7', 'V3.8']",0.68808375,0.05231907,-1.289954916452474,-1.4905461654083878,-2.7805010818608618
"['V2.6', 'V3.1', 'V3.7', 'V1.2_copy']",0.86075512,0.05384268,0.5329373049293494,-0.37632587239450926,0.15661143253484017
"['V2.6', 'V3.1', 'V3.8', 'V1.2_copy']",0.77521961,0.05436026,-0.37006135565304615,0.002181842347537123,-0.36787951330550905
"['V2.6', 'V3.2', 'V3.3', 'V3.4']",0.65307363,0.05439765,-1.659556868516932,0.029525254871599793,-1.6300316136453321
"['V2.6', 'V3.2', 'V3.3', 'V3.5']",0.64843836,0.0553337,-1.7084914291624198,0.7140612616421287,-0.9944301675202911
"['V2.6', 'V3.2', 'V3.3', 'V3.6']",0.68895974,0.05505668,-1.2807070871394364,0.5114757538214207,-0.7692313333180156
"['V2.6', 'V3.2', 'V3.3', 'V3.7']",0.68526435,0.05536448,-1.3197193315316151,0.7365707625110968,-0.5831485690205184
"['V2.6', 'V3.2', 'V3.3', 'V3.8']",0.68171068,0.05526333,-1.3572354374173672,0.6625994820401393,-0.6946359553772279
"['V2.6', 'V3.2', 'V3.3', 'V1.2_copy']",0.71382069,0.05517651,-1.018249956167681,0.5991077710120765,-0.41914218515560453
"['V2.6', 'V3.2', 'V3.4', 'V3.6']",0.63723291,0.0546907,-1.8267874016915244,0.2438335469330339,-1.5829538547584905
"['V2.6', 'V3.2', 'V3.4', 'V3.5']",0.85386619,0.05503932,0.46021084824667,0.4987803368271017,0.9589911850737718
"['V2.6', 'V3.2', 'V3.4', 'V3.7']",0.82701576,0.05502887,0.17675077036718648,0.4911382223345495,0.667888992701736
"['V2.6', 'V3.2', 'V3.4', 'V3.8']",0.69866053,0.05492162,-1.1782958151824328,0.41270599464784335,-0.7655898205345895
"['V2.6', 'V3.2', 'V3.4', 'V1.2_copy']",0.78696852,0.05488871,-0.2460280741153186,0.38863881876747786,0.14261074465215925
"['V2.6', 'V3.2', 'V3.5', 'V3.6']",0.70775931,0.05546437,-1.082239964776748,0.8096206014260126,-0.27261936335073544
"['V2.6', 'V3.2', 'V3.5', 'V3.7']",0.84602128,0.05551304,0.37739210755769276,0.8452131097850982,1.222605217342791
"['V2.6', 'V3.2', 'V3.5', 'V3.8']",0.70764341,0.05583094,-1.0834635214581958,1.0776942769795355,-0.00576924447866034
"['V2.6', 'V3.2', 'V3.5', 'V1.2_copy']",0.71888713,0.05583564,-0.9647635324131366,1.0811314002441248,0.11636786783098818
"['V2.6', 'V3.2', 'V3.6', 'V3.7']",0.61077109,0.05439991,-2.106144922522025,0.03117799924989591,-2.0749669232721293
"['V2.6', 'V3.2', 'V3.6', 'V3.8']",0.59703772,0.05506582,-2.251128154810959,0.5181598616168225,-1.7329682931941366
"['V2.6', 'V3.2', 'V3.6', 'V1.2_copy']",0.6039269,0.05538095,-2.1783990588774564,0.7486153199936126,-1.429783738883844
"['V2.6', 'V3.2', 'V3.8', 'V1.2_copy']",0.71469772,0.0558344,-1.0089911475712219,1.0802245847445306,0.07123343717330877
"['V2.6', 'V3.2', 'V3.7', 'V1.2_copy']",0.93033746,0.05572162,1.2675182973170582,0.9977482524507643,2.2652665497678224
"['V2.6', 'V3.2', 'V3.7', 'V3.8']",0.74626899,0.05505503,-0.6756931462746235,0.5102691041647031,-0.16542404210992045
"['V2.6', 'V3.3', 'V3.4', 'V3.5']",0.74535483,0.05403153,-0.6853439364032847,-0.23821933441190446,-0.9235632708151892
"['V2.6', 'V3.3', 'V3.4', 'V3.6']",0.74799642,0.05406436,-0.657456662079348,-0.21421066275731893,-0.871667324836667
"['V2.6', 'V3.3', 'V3.4', 'V3.7']",0.69265281,0.05401296,-1.2417193349948945,-0.25179962782115656,-1.493518962816051
"['V2.6', 'V3.3', 'V3.4', 'V1.2_copy']",0.72902253,0.05387209,-0.857764081255755,-0.354818256392029,-1.212582337647784
"['V2.6', 'V3.3', 'V3.4', 'V3.8']",0.82938343,0.05381905,0.201746270349605,-0.39360655808436057,-0.19186028773475558
"['V2.6', 'V3.3', 'V3.5', 'V3.6']",0.79220604,0.05479653,-0.1907355582377199,0.3212273246121385,0.1304917663744186
"['V2.6', 'V3.3', 'V3.5', 'V3.7']",0.79885944,0.05445252,-0.1204955925402109,0.06965184072865645,-0.050843751811554455
"['V2.6', 'V3.3', 'V3.5', 'V3.8']",0.75922712,0.05466698,-0.5388941252171403,0.2264870439891738,-0.3124070812279665
"['V2.6', 'V3.3', 'V3.5', 'V1.2_copy']",0.86064848,0.05475479,0.5318115060983791,0.29070274481126723,0.8225142509096464
"['V2.6', 'V3.3', 'V3.6', 'V3.7']",0.72174569,0.05382175,-0.9345857050851137,-0.39163204046427474,-1.3262177455493884
"['V2.6', 'V3.3', 'V3.6', 'V3.8']",0.77684724,0.05430808,-0.3528784603862287,-0.03597753891765748,-0.3888559993038862
"['V2.6', 'V3.3', 'V3.6', 'V1.2_copy']",0.7898556,0.05470602,-0.2155491610534305,0.2550371061699592,0.03948794511652873
"['V2.6', 'V3.3', 'V3.7', 'V3.8']",0.7342696,0.05390677,-0.8023707459967253,-0.32945667451627086,-1.1318274205129961
"['V2.6', 'V3.3', 'V3.7', 'V1.2_copy']",0.85984171,0.05466822,0.5232944325531567,0.227393859488768,0.7506882920419247
"['V2.6', 'V3.4', 'V3.5', 'V3.6']",0.84674632,0.0546276,0.3850463572239275,0.19768833884882614,0.5827346960727536
"['V2.6', 'V3.3', 'V3.8', 'V1.2_copy']",0.7617658,0.05465449,-0.5120932721018981,0.21735307173922797,-0.2947402003626702
"['V2.6', 'V3.4', 'V3.5', 'V3.7']",0.89801537,0.05431479,0.9262938868093802,-0.03107049698033546,0.8952233898290447
"['V2.6', 'V3.4', 'V3.5', 'V3.8']",0.72649349,0.05452712,-0.8844631648592699,0.12420703126877945,-0.7602561335904905
"['V2.6', 'V3.4', 'V3.6', 'V3.7']",0.80812129,0.05362388,-0.022718211607834733,-0.5363349299036063,-0.559053141511441
"['V2.6', 'V3.4', 'V3.5', 'V1.2_copy']",0.75145549,0.05466328,-0.6209392487049408,0.2237812235468387,-0.39715802515810206
"['V2.6', 'V3.4', 'V3.6', 'V3.8']",0.76798685,0.05409363,-0.4464176267773298,-0.19280542914995616,-0.639223055927286
"['V2.6', 'V3.4', 'V3.6', 'V1.2_copy']",0.74953237,0.05453451,-0.6412416328742672,0.12961135912523608,-0.511630273749031
"['V2.6', 'V3.4', 'V3.7', 'V3.8']",0.73065954,0.0537431,-0.8404821612980669,-0.44914900743452396,-1.2896311687325908
"['V2.6', 'V3.4', 'V3.8', 'V1.2_copy']",0.77674586,0.05451354,-0.3539487293798885,0.11427593894257551,-0.23967279043731302
"['V2.6', 'V3.4', 'V3.7', 'V1.2_copy']",0.84979436,0.05453228,0.41722452553556194,0.12798055383161125,0.5452050793671732
"['V2.6', 'V3.5', 'V3.6', 'V3.7']",0.87030863,0.05388536,0.6337937414416303,-0.34511386794072113,0.2886798735009091
"['V2.6', 'V3.5', 'V3.6', 'V3.8']",0.82509664,0.05478606,0.15649061421102592,0.31357058406313876,0.4700611982741647
"['V2.6', 'V3.5', 'V3.6', 'V1.2_copy']",0.72613817,0.05528356,-0.8882142792686898,0.6773937381343328,-0.210820541134357
"['V2.6', 'V3.5', 'V3.7', 'V3.8']",0.69576448,0.05413486,-1.2088694245638416,-0.16265381378843585,-1.3715232383522775
"['V2.6', 'V3.5', 'V3.7', 'V1.2_copy']",0.91601703,0.05501033,1.1163374706760072,0.47757986800996877,1.593917338685976
"['V2.6', 'V3.5', 'V3.8', 'V1.2_copy']",0.71335663,0.05538212,-1.023149039114984,0.7494709442956506,-0.27367809481933336
"['V2.6', 'V3.6', 'V3.7', 'V3.8']",0.71551726,0.05301177,-1.000339261093971,-0.9839727004332869,-1.9843119615272578
"['V2.6', 'V3.6', 'V3.8', 'V1.2_copy']",0.80638296,0.05486809,-0.04106976713898436,0.37355935457260836,0.332489587433624
"['V2.6', 'V3.6', 'V3.7', 'V1.2_copy']",0.85250842,0.05419526,0.4458768658880112,-0.11848312332431388,0.3273937425636973
"['V2.6', 'V3.7', 'V3.8', 'V1.2_copy']",0.76359467,0.05453905,-0.49278588549276575,0.13293147393826568,-0.35985441155450004
"['V2.7', 'V2.8', 'V3.0', 'V3.1']",0.91193039,0.0553059,1.0731947987461565,0.6937310431834762,1.7669258419296328
"['V2.7', 'V2.8', 'V3.0', 'V3.3']",0.84702534,0.05492981,0.38799197228223037,0.4186953647621045,0.8066873370443348
"['V2.7', 'V2.8', 'V3.0', 'V3.2']",0.93605932,0.05603297,1.3279239921687058,1.2254393861594393,2.553363378328145
"['V2.7', 'V2.8', 'V3.0', 'V3.4']",0.99835561,0.05486507,1.9855861307267433,0.3713508200494028,2.356936950776146
"['V2.7', 'V2.8', 'V3.0', 'V3.5']",0.85060346,0.05557835,0.4257661968984523,0.8929744971064832,1.3187406940049355
"['V2.7', 'V2.8', 'V3.0', 'V3.6']",0.80680684,0.05544046,-0.036594864583920333,0.7921351509459263,0.755540286362006
"['V2.7', 'V2.8', 'V3.0', 'V3.8']",0.89419544,0.05557839,0.885966873227319,0.8930037492193732,1.7789706224466921
"['V2.7', 'V2.8', 'V3.0', 'V3.7']",0.93431856,0.05526469,1.3095467831195589,0.6635940538784034,1.9731408369979624
"['V2.7', 'V2.8', 'V3.0', 'V1.2_copy']",0.89079418,0.05520088,0.850059760213175,0.6169296207903999,1.4669893810035748
"['V2.7', 'V2.8', 'V3.1', 'V3.2']",0.8748286,0.05664181,0.6815110796076451,1.6706857964603505,2.3521968760679957
"['V2.7', 'V2.8', 'V3.1', 'V3.3']",0.8869798,0.05546514,0.8097913379993801,0.8101837045991509,1.619975042598531
"['V2.7', 'V2.8', 'V3.1', 'V3.4']",0.83942999,0.0554259,0.30780783733459877,0.7814873818539156,1.0892952191885144
"['V2.7', 'V2.8', 'V3.1', 'V3.5']",0.81429405,0.05603851,0.04244763602780321,1.2294908037947232,1.2719384398225264
"['V2.7', 'V2.8', 'V3.1', 'V3.6']",0.75487021,0.05538761,-0.5848900384264973,0.753485796789821,0.16859575836332363
"['V2.7', 'V2.8', 'V3.1', 'V3.8']",0.81510105,0.05534641,0.05096713768378205,0.7233561205129719,0.774323258196754
"['V2.7', 'V2.8', 'V3.1', 'V3.7']",0.95332472,0.05467642,1.5101948767921713,0.23339054263125292,1.7435854194234244
"['V2.7', 'V2.8', 'V3.1', 'V1.2_copy']",0.83681757,0.05596336,0.28022851079666594,1.1745333967023595,1.4547619074990255
"['V2.7', 'V2.8', 'V3.2', 'V3.3']",0.82300012,0.05616384,0.13435764567100966,1.3211449865077731,1.4555026321787827
"['V2.7', 'V2.8', 'V3.2', 'V3.4']",0.81509267,0.05586052,0.05087866999620168,1.0993262144617941,1.1502048844579957
"['V2.7', 'V2.8', 'V3.2', 'V3.5']",0.89818625,0.05669282,0.9280978675317761,1.7079895534235072,2.6360874209552834
"['V2.7', 'V2.8', 'V3.2', 'V3.6']",0.75435702,0.05627945,-0.5903077869454951,1.405690905788519,0.8153831188430238
"['V2.7', 'V2.8', 'V3.2', 'V3.7']",0.95847384,0.05649893,1.5645541535788303,1.5661972492167506,3.130751402795581
"['V2.7', 'V2.8', 'V3.2', 'V1.2_copy']",0.99003627,0.05654239,1.8977588309663345,1.5979796698718907,3.4957385008382253
"['V2.7', 'V2.8', 'V3.2', 'V3.8']",0.89340639,0.05676325,0.8776368697804172,1.759495211194834,2.637132080975251
"['V2.7', 'V2.8', 'V3.3', 'V3.5']",0.76877876,0.05564492,-0.4380574303010148,0.94165732598391,0.5035998956828953
"['V2.7', 'V2.8', 'V3.3', 'V3.4']",0.84134943,0.05487014,0.32807137173181306,0.37505852535822576,0.7031298970900388
"['V2.7', 'V2.8', 'V3.3', 'V3.6']",0.7766026,0.05563509,-0.3554611256713821,0.934468619241155,0.5790074935697729
"['V2.7', 'V2.8', 'V3.3', 'V3.7']",0.84258589,0.05551038,0.34112468402122015,0.8432678442779024,1.1843925282991226
"['V2.7', 'V2.8', 'V3.3', 'V3.8']",0.75985332,0.05561368,-0.5322833297562058,0.9188114258167047,0.38652809606049887
"['V2.7', 'V2.8', 'V3.3', 'V1.2_copy']",0.86956986,0.05548603,0.6259945441202084,0.8254606205560264,1.4514551646762348
"['V2.7', 'V2.8', 'V3.4', 'V3.5']",0.67624617,0.05553507,-1.4149242874720303,0.8613237109593456,-0.5536005765126847
"['V2.7', 'V2.8', 'V3.4', 'V3.7']",0.91694717,0.05537144,1.1261569617172615,0.7416606301539824,1.867817591871244
"['V2.7', 'V2.8', 'V3.4', 'V3.6']",0.82174524,0.05545705,0.1211098733809795,0.8042674647671172,0.9253773381480968
"['V2.7', 'V2.8', 'V3.4', 'V3.8']",0.84766317,0.05546084,0.39472554569144164,0.807039102463456,1.2017646481548976
"['V2.7', 'V2.8', 'V3.5', 'V3.6']",0.84494916,0.05608166,0.3660737331891573,1.2610465205749672,1.6271202537641245
"['V2.7', 'V2.8', 'V3.4', 'V1.2_copy']",0.73643757,0.05537868,-0.7794834795715548,0.7469552625870979,-0.03252821698445696
"['V2.7', 'V2.8', 'V3.5', 'V3.7']",0.75895808,0.05569679,-0.5417343813825988,0.9795900033742087,0.4378556219916099
"['V2.7', 'V2.8', 'V3.5', 'V3.8']",0.78513446,0.05621693,-0.26539025157153207,1.3599698533412183,1.0945796017696863
"['V2.7', 'V2.8', 'V3.5', 'V1.2_copy']",0.90583456,0.05616902,1.0088411013737084,1.3249331351270472,2.333774236500756
"['V2.7', 'V2.8', 'V3.6', 'V3.8']",0.75529506,0.05572422,-0.5804048955782409,0.9996496397886225,0.4192447442103816
"['V2.7', 'V2.8', 'V3.6', 'V3.7']",0.88416144,0.05488768,0.7800379022036618,0.38788557686055725,1.167923479064219
"['V2.7', 'V2.8', 'V3.7', 'V3.8']",0.71166318,0.05529088,-1.0410267963384265,0.6827468747932282,-0.3582799215451984
"['V2.7', 'V2.8', 'V3.6', 'V1.2_copy']",0.96114256,0.05598625,1.5927278394020563,1.1912729183037487,2.784000757705805
"['V2.7', 'V2.8', 'V3.7', 'V1.2_copy']",1.03827289,0.05587866,2.4069929870615274,1.1125920476574753,3.519585034719003
"['V2.7', 'V2.8', 'V3.8', 'V1.2_copy']",0.80993866,0.0561956,-0.003532230536550257,1.344371164142548,1.3408389336059978
"['V2.7', 'V3.0', 'V3.1', 'V3.2']",0.79550628,0.05544282,-0.15589491369604938,0.7938610256064449,0.6379661119103955
"['V2.7', 'V3.0', 'V3.1', 'V3.3']",0.85170846,0.05411492,0.43743168553520173,-0.1772359920641758,0.2601956934710259
"['V2.7', 'V3.0', 'V3.1', 'V3.4']",0.80031609,0.05419521,-0.10511773369611914,-0.11851968846542761,-0.22363742216154675
"['V2.7', 'V3.0', 'V3.1', 'V3.5']",0.82803143,0.05481024,0.1874732018999352,0.3312534863052361,0.5187266882051713
"['V2.7', 'V3.0', 'V3.1', 'V3.6']",0.90451542,0.05418803,0.9949149360521868,-0.12377044272921062,0.8711444933229762
"['V2.7', 'V3.0', 'V3.1', 'V3.7']",0.87294532,0.05352225,0.6616292864494404,-0.6106572357292436,0.05097205072019684
"['V2.7', 'V3.0', 'V3.1', 'V3.8']",0.94931547,0.05410051,1.4678692113470255,-0.18777406573285046,1.2800951456141751
"['V2.7', 'V3.0', 'V3.1', 'V1.2_copy']",0.81020639,0.05450758,-0.0007058040454035488,0.10991737412194429,0.10921157007654074
"['V2.7', 'V3.0', 'V3.2', 'V3.3']",0.81226205,0.05496702,0.02099580534013375,0.44590714277815974,0.46690294811829347
"['V2.7', 'V3.0', 'V3.2', 'V3.4']",0.76021273,0.05480041,-0.528489037203325,0.32406477956248103,-0.20442425764084393
"['V2.7', 'V3.0', 'V3.2', 'V3.5']",0.80832385,0.05561905,-0.02057978502117457,0.9227385219722102,0.9021587369510357
"['V2.7', 'V3.0', 'V3.2', 'V3.6']",0.73742319,0.05521487,-0.769078285987706,0.6271605472737273,-0.14191773871397872
"['V2.7', 'V3.0', 'V3.2', 'V3.7']",0.73370625,0.0554613,-0.8083180338008088,0.8073755017616933,-0.0009425320391155401
"['V2.7', 'V3.0', 'V3.2', 'V3.8']",0.83944329,0.0556549,0.3079482454783713,0.9489557281500013,1.2569039736283725
"['V2.7', 'V3.0', 'V3.2', 'V1.2_copy']",0.91918221,0.05523355,1.1497522863531706,0.6408212839934255,1.7905735703465961
"['V2.7', 'V3.0', 'V3.3', 'V3.5']",0.84803658,0.05441793,0.3986676362903998,0.04435607610690706,0.44302371239730687
"['V2.7', 'V3.0', 'V3.3', 'V3.4']",0.77308243,0.0536619,-0.3926235719468807,-0.5085307966015228,-0.9011543685484035
"['V2.7', 'V3.0', 'V3.3', 'V3.6']",0.70721099,0.05441529,-1.0880285808213659,0.04242543665615367,-1.0456031441652123
"['V2.7', 'V3.0', 'V3.3', 'V3.7']",0.82247421,0.05430526,0.12880561207014724,-0.03803981287641321,0.09076579919373402
"['V2.7', 'V3.0', 'V3.3', 'V1.2_copy']",0.7932302,0.05403472,-0.17992349774702882,-0.23588647840891522,-0.41580997615594406
"['V2.7', 'V3.0', 'V3.3', 'V3.8']",0.78595117,0.05435328,-0.25676824141359533,-0.0029226513517960177,-0.25969089276539137
"['V2.7', 'V3.0', 'V3.4', 'V3.5']",0.82888272,0.05444346,0.19646027323167964,0.06302623715903968,0.25948651039071935
"['V2.7', 'V3.0', 'V3.4', 'V3.6']",0.8102763,0.05435809,3.223605468144198e-05,0.0005949152232447112,0.0006271512779261532
"['V2.7', 'V3.0', 'V3.4', 'V3.7']",0.76305174,0.05426941,-0.49851759928964434,-0.06425701905420941,-0.5627746183438538
"['V2.7', 'V3.0', 'V3.4', 'V3.8']",0.78978992,0.05432785,-0.21624254502959447,-0.02151968212170624,-0.23776222715130071
"['V2.7', 'V3.0', 'V3.4', 'V1.2_copy']",0.75038295,0.05405408,-0.6322620570148585,-0.22172845577008746,-0.853990512784946
"['V2.7', 'V3.0', 'V3.5', 'V3.6']",0.9451563,0.05498409,1.423960839968465,0.45839048195403026,1.8823513219224952
"['V2.7', 'V3.0', 'V3.5', 'V3.7']",0.83418435,0.0546201,0.25242959859027625,0.19220356768192334,0.4446331662721996
"['V2.7', 'V3.0', 'V3.5', 'V1.2_copy']",0.84188694,0.054829,0.3337458665708531,0.34497272725071426,0.6787185938215674
"['V2.7', 'V3.0', 'V3.5', 'V3.8']",0.7960514,0.05507357,-0.15014008006196414,0.5238274584892889,0.3736873784273248
"['V2.7', 'V3.0', 'V3.6', 'V3.7']",0.9618913,0.05386531,1.6006322900462915,-0.3597764895269072,1.2408558005193844
"['V2.7', 'V3.0', 'V3.6', 'V3.8']",0.84651084,0.05460155,0.38256039408892073,0.1786379003291188,0.5611982944180396
"['V2.7', 'V3.0', 'V3.6', 'V1.2_copy']",0.90867461,0.0546508,1.038823518570813,0.2146545643251115,1.2534780828959244
"['V2.7', 'V3.0', 'V3.7', 'V3.8']",0.81358468,0.05420093,0.034958814603141423,-0.11433663632213621,-0.0793778217189948
"['V2.7', 'V3.0', 'V3.7', 'V1.2_copy']",0.79662655,0.05456199,-0.1440682196190436,0.1497075606807637,0.005639341061720121
"['V2.7', 'V3.0', 'V3.8', 'V1.2_copy']",0.83807333,0.05482258,0.2934855732495922,0.3402777631318458,0.633763336381438
"['V2.7', 'V3.1', 'V3.2', 'V3.3']",0.93881898,0.05558401,1.3570577318712314,0.8971136710804423,2.2541714029516737
"['V2.7', 'V3.1', 'V3.2', 'V3.4']",0.89738195,0.05543345,0.9196068697846838,0.7870087181619321,1.7066155879466158
"['V2.7', 'V3.1', 'V3.2', 'V3.6']",0.88939859,0.05521945,0.835326511990043,0.630509914199652,1.465836426189695
"['V2.7', 'V3.1', 'V3.2', 'V3.5']",0.89744314,0.05615061,0.9202528528160713,1.3114698501693551,2.2317227029854263
"['V2.7', 'V3.1', 'V3.2', 'V3.7']",0.92782757,0.05493166,1.2410213803265702,0.420048274983272,1.6610696553098423
"['V2.7', 'V3.1', 'V3.2', 'V3.8']",0.86522592,0.05547362,0.5801355552435379,0.8163851525318605,1.3965207077753985
"['V2.7', 'V3.1', 'V3.2', 'V1.2_copy']",0.77896904,0.05608575,-0.33047861080301255,1.2640375491179834,0.9335589383149708
"['V2.7', 'V3.1', 'V3.3', 'V3.4']",0.76984203,0.05421374,-0.4268324854116069,-0.10496864716906551,-0.5318011325806724
"['V2.7', 'V3.1', 'V3.3', 'V3.5']",0.88013983,0.05487501,0.7375817521978364,0.378619970102604,1.1162017223004403
"['V2.7', 'V3.1', 'V3.3', 'V3.6']",0.73834252,0.05437284,-0.7593729161520295,0.011381631851486676,-0.7479912843005428
"['V2.7', 'V3.1', 'V3.3', 'V3.7']",0.86441697,0.05371111,0.571595467431141,-0.47254338471842006,0.09905208271272092
"['V2.7', 'V3.1', 'V3.3', 'V3.8']",0.6650897,0.05412232,-1.5327031779799334,-0.17182435117949543,-1.7045275291594288
"['V2.7', 'V3.1', 'V3.3', 'V1.2_copy']",0.84761616,0.0548012,0.3942292609667228,0.32464250879206175,0.7188717697587845
"['V2.7', 'V3.1', 'V3.4', 'V3.5']",0.74105688,0.05492018,-0.7307174086985934,0.41165291858379927,-0.3190644901147941
"['V2.7', 'V3.1', 'V3.4', 'V3.6']",0.74815778,0.05434233,-0.655753184028284,-0.010930417255470322,-0.6666836012837543
"['V2.7', 'V3.1', 'V3.4', 'V3.7']",0.8654474,0.05372819,0.5824737203324675,-0.4600527325143258,0.12242098781814165
"['V2.7', 'V3.1', 'V3.4', 'V3.8']",0.70073492,0.05412488,-1.1563964731252498,-0.16995221595452706,-1.3263486890797769
"['V2.7', 'V3.1', 'V3.5', 'V3.6']",0.84961227,0.0548474,0.4153022008062715,0.3584286991801776,0.7737308999864492
"['V2.7', 'V3.1', 'V3.4', 'V1.2_copy']",0.79362459,0.05483708,-0.17575992121902237,0.35088165405452415,0.17512173283550178
"['V2.7', 'V3.1', 'V3.5', 'V3.7']",0.80050498,0.05392008,-0.103123621344449,-0.31972303395207297,-0.422846655296522
"['V2.7', 'V3.1', 'V3.5', 'V3.8']",0.82048894,0.05475411,0.10784711014627554,0.29020545889213767,0.39805256903841324
"['V2.7', 'V3.1', 'V3.6', 'V3.7']",0.80500546,0.05262187,-0.05561203917257927,-1.2691076708299835,-1.3247197100025627
"['V2.7', 'V3.1', 'V3.5', 'V1.2_copy']",0.85696921,0.05553051,0.4929694405992549,0.8579889700898684,1.3509584106891233
"['V2.7', 'V3.1', 'V3.6', 'V3.8']",0.71713323,0.05375629,-0.9832794604855306,-0.43950312320900103,-1.4227825836945316
"['V2.7', 'V3.1', 'V3.6', 'V1.2_copy']",0.84623799,0.05485681,0.3796799157409235,0.36531025873758544,0.744990174478509
"['V2.7', 'V3.1', 'V3.8', 'V1.2_copy']",0.84797811,0.05483606,0.3980503683079644,0.35013572517582225,0.7481860934837867
"['V2.7', 'V3.1', 'V3.7', 'V3.8']",0.72288374,0.05279704,-0.9225713074895912,-1.1410053554558102,-2.063576662945401
"['V2.7', 'V3.1', 'V3.7', 'V1.2_copy']",1.00377673,0.05426233,2.0428169124086026,-0.06943464303576495,1.9733822693728378
"['V2.7', 'V3.2', 'V3.3', 'V3.4']",0.83862604,0.05478082,0.29932053453865803,0.3097385572745321,0.6090590918131902
"['V2.7', 'V3.2', 'V3.3', 'V3.6']",0.84244842,0.05539259,0.3396734127787825,0.7571276848446453,1.0968010976234277
"['V2.7', 'V3.2', 'V3.3', 'V3.5']",0.79907262,0.0556643,-0.1182450505785977,0.9558299746791854,0.8375849241005877
"['V2.7', 'V3.2', 'V3.3', 'V3.7']",0.80508767,0.05568662,-0.05474414793201084,0.9721526536718863,0.9174085057398754
"['V2.7', 'V3.2', 'V3.3', 'V3.8']",0.9630122,0.0556663,1.61246563503537,0.9572925803236941,2.569758215359064
"['V2.7', 'V3.2', 'V3.4', 'V3.5']",0.79735593,0.05544903,-0.1363681525585258,0.7984024161326448,0.662034263574119
"['V2.7', 'V3.2', 'V3.3', 'V1.2_copy']",0.84738877,0.05550191,0.39182870398834296,0.8370737093734164,1.2289024133617594
"['V2.7', 'V3.2', 'V3.4', 'V3.6']",0.84537436,0.05510805,0.3705625709885654,0.5490427798005921,0.9196053507891575
"['V2.7', 'V3.2', 'V3.4', 'V3.8']",0.8533462,0.05540409,0.4547213121052925,0.7655376673005656,1.220258979405858
"['V2.7', 'V3.2', 'V3.4', 'V1.2_copy']",0.91220856,0.05529338,1.0761314403516624,0.6845751318488641,1.7607065722005264
"['V2.7', 'V3.2', 'V3.4', 'V3.7']",0.88513035,0.05542504,0.7902666882625148,0.7808584614267786,1.5711251496892933
"['V2.7', 'V3.2', 'V3.5', 'V3.6']",0.75414814,0.05582959,-0.5925129337929568,1.07670701816949,0.4841940843765332
"['V2.7', 'V3.2', 'V3.5', 'V3.7']",0.74798482,0.05586548,-0.6575791233175258,1.102953476460176,0.4453743531426503
"['V2.7', 'V3.2', 'V3.5', 'V3.8']",0.86088124,0.0562669,0.5342687541844326,1.3965130553692355,1.9307818095536682
"['V2.7', 'V3.2', 'V3.5', 'V1.2_copy']",0.86315775,0.0561914,0.5583018777468266,1.3412996922890856,1.8996015700359123
"['V2.7', 'V3.2', 'V3.6', 'V3.7']",0.81945019,0.05474068,0.09688102297756582,0.2803840619892699,0.37726508496683575
"['V2.7', 'V3.2', 'V3.6', 'V3.8']",0.83229863,0.05549842,0.23252204634404058,0.8345214625237499,1.0670435088677905
"['V2.7', 'V3.2', 'V3.6', 'V1.2_copy']",0.81674402,0.05573671,0.06831197738108528,1.0087836120385736,1.0770955894196588
"['V2.7', 'V3.2', 'V3.7', 'V3.8']",0.83837898,0.05548705,0.29671232130554054,0.8262065494347284,1.1229188707402689
"['V2.7', 'V3.2', 'V3.7', 'V1.2_copy']",0.93695991,0.0560424,1.3374315237627057,1.2323355717732896,2.5697670955359952
"['V2.7', 'V3.3', 'V3.4', 'V3.5']",0.85436828,0.05436213,0.4655114140291366,0.0035493786251522058,0.4690607926542888
"['V2.7', 'V3.3', 'V3.4', 'V3.6']",0.84450873,0.05440965,0.36142411222962545,0.03830088873864221,0.3997250009682677
"['V2.7', 'V3.2', 'V3.8', 'V1.2_copy']",0.95702064,0.05625406,1.5492127163960931,1.3871231271314988,2.936335843527592
"['V2.7', 'V3.3', 'V3.4', 'V3.7']",0.76513348,0.05435552,-0.4765406632582716,-0.001284533029947423,-0.477825196288219
"['V2.7', 'V3.3', 'V3.4', 'V1.2_copy']",0.78945455,0.05419863,-0.21978304722335668,-0.11601863281332231,-0.335801680036679
"['V2.7', 'V3.3', 'V3.4', 'V3.8']",0.67647465,0.05421893,-1.4125122233600627,-0.10117318552157259,-1.5136854088816352
"['V2.7', 'V3.3', 'V3.5', 'V3.6']",0.769349,0.05509238,-0.43203740474425534,0.5375832645758808,0.10554585983162545
"['V2.7', 'V3.3', 'V3.5', 'V3.7']",0.8769975,0.05475352,0.7044081640458765,0.2897739902270068,0.9941821542728833
"['V2.7', 'V3.3', 'V3.5', 'V3.8']",0.80236138,0.05502001,-0.08352560043471056,0.4846588793293826,0.40113327889467204
"['V2.7', 'V3.3', 'V3.5', 'V1.2_copy']",0.95876053,0.05503419,1.5675807408523779,0.49502875334893615,2.062609494201314
"['V2.7', 'V3.3', 'V3.6', 'V3.7']",0.75613168,0.05410388,-0.571572695484778,-0.18530957522185382,-0.7568822707066318
"['V2.7', 'V3.3', 'V3.6', 'V3.8']",0.73689609,0.05466732,-0.7746428824224848,0.2267356869487411,-0.5479071954737437
"['V2.7', 'V3.3', 'V3.7', 'V1.2_copy']",0.91699203,0.05493515,1.1266305488849029,0.4226005218329386,1.5492310707178416
"['V2.7', 'V3.3', 'V3.6', 'V1.2_copy']",0.74571264,0.05498636,-0.681566535055669,0.4600505393605451,-0.22151599569512392
"['V2.7', 'V3.3', 'V3.7', 'V3.8']",0.84186056,0.05427709,0.333467372824032,-0.05864061337929922,0.2748267594447328
"['V2.7', 'V3.3', 'V3.8', 'V1.2_copy']",0.78998652,0.05499349,-0.21416703818254942,0.4652647284832143,0.25109769030066487
"['V2.7', 'V3.4', 'V3.5', 'V3.7']",0.83016855,0.05467967,0.2100347847735726,0.2357672768035746,0.4458020615771472
"['V2.7', 'V3.4', 'V3.5', 'V3.6']",0.86370914,0.05499752,0.5641229037915484,0.4682118788568981,1.0323347826484466
"['V2.7', 'V3.4', 'V3.5', 'V3.8']",0.7101449,0.05495324,-1.0570552832953526,0.4358297898875059,-0.6212254934078467
"['V2.7', 'V3.4', 'V3.5', 'V1.2_copy']",0.76030301,0.05501515,-0.5275359509461977,0.4811047476132282,-0.04643120333296946
"['V2.7', 'V3.4', 'V3.6', 'V3.7']",0.73272142,0.05397479,-0.8187148873520579,-0.2797134565465762,-1.0984283438986342
"['V2.7', 'V3.4', 'V3.6', 'V1.2_copy']",0.82721957,0.05489104,0.17890239320796128,0.39034275434333016,0.5692451475512914
"['V2.7', 'V3.4', 'V3.6', 'V3.8']",0.79132778,0.0545271,-0.20000735194822694,0.124192405212337,-0.07581494673588994
"['V2.7', 'V3.4', 'V3.7', 'V3.8']",0.74067421,0.05417882,-0.734757257148028,-0.13050574172216353,-0.8652629988701915
"['V2.7', 'V3.4', 'V3.7', 'V1.2_copy']",0.79494731,0.05486538,-0.1617959618257184,0.37157752392429877,0.20978156209858037
"['V2.7', 'V3.4', 'V3.8', 'V1.2_copy']",0.84526404,0.05492574,0.3693979223854829,0.4157189622755308,0.7851168846610137
"['V2.7', 'V3.5', 'V3.6', 'V3.7']",0.82864641,0.05419954,0.1939655477839429,-0.11535314724507163,0.07861240053887127
"['V2.7', 'V3.5', 'V3.6', 'V3.8']",0.94535448,0.05517835,1.4260530268807108,0.6004533682050254,2.026506395085736
"['V2.7', 'V3.5', 'V3.6', 'V1.2_copy']",0.87752077,0.05559548,0.7099323271580497,0.9055017144516913,1.615434041609741
"['V2.7', 'V3.5', 'V3.7', 'V3.8']",0.84054609,0.0545327,0.31959050870788064,0.1282877010169585,0.44787820972483916
"['V2.7', 'V3.5', 'V3.7', 'V1.2_copy']",0.901023,0.05530845,0.9580454466180195,0.6955958653802259,1.6536413119982454
"['V2.7', 'V3.5', 'V3.8', 'V1.2_copy']",0.76250935,0.05575421,-0.5042436123047452,1.02158141142801,0.5173377991232647
"['V2.7', 'V3.6', 'V3.7', 'V3.8']",0.75600805,0.05338658,-0.5728778578016653,-0.7098730896243943,-1.2827509474260597
"['V2.7', 'V3.7', 'V3.8', 'V1.2_copy']",0.817831,0.05490024,0.07978722881852705,0.3970707403080644,0.47685796912659145
"['V2.7', 'V3.6', 'V3.7', 'V1.2_copy']",0.86861195,0.05446808,0.6158818850975581,0.0810309126429267,0.6969127977404849
"['V2.7', 'V3.6', 'V3.8', 'V1.2_copy']",0.83915829,0.05523381,0.30493949954038646,0.6410114227272129,0.9459509222675994
"['V2.8', 'V3.0', 'V3.1', 'V3.2']",0.86688447,0.05548302,0.5976448730521179,0.8232593990610446,1.4209042721131624
"['V2.8', 'V3.0', 'V3.1', 'V3.3']",0.74976241,0.0542495,-0.6388130998371647,-0.07881725824527809,-0.7176303580824428
"['V2.8', 'V3.0', 'V3.1', 'V3.5']",0.96217652,0.054859,1.6036433585250005,0.3669118119183203,1.9705551704433208
"['V2.8', 'V3.0', 'V3.1', 'V3.4']",0.85546643,0.05426839,0.4771045871933414,-0.06500294793290624,0.4121016392604352
"['V2.8', 'V3.0', 'V3.1', 'V3.6']",0.89825198,0.0541748,0.928791779358105,-0.1334455790676235,0.7953462002904814
"['V2.8', 'V3.0', 'V3.1', 'V3.7']",0.96640279,0.05342206,1.6482601048243974,-0.6839264654908367,0.9643336393335608
"['V2.8', 'V3.0', 'V3.1', 'V3.8']",0.85263525,0.05415607,0.44721581061543003,-0.14714288092843544,0.3000729296869946
"['V2.8', 'V3.0', 'V3.1', 'V1.2_copy']",0.90621748,0.05455368,1.012883589073966,0.14363043422783772,1.1565140233018036
"['V2.8', 'V3.0', 'V3.2', 'V3.3']",0.8648705,0.05510419,0.5763833851337883,0.5462199509066921,1.1226033360404803
"['V2.8', 'V3.0', 'V3.2', 'V3.4']",0.70604491,0.05488554,-1.1003388912191396,0.38632058882093107,-0.7140183023982085
"['V2.8', 'V3.0', 'V3.2', 'V3.5']",0.91578582,0.05568159,1.113896585945054,0.9684742004759532,2.0823707864210075
"['V2.8', 'V3.0', 'V3.2', 'V3.6']",0.8218569,0.05521277,0.12228866836847174,0.6256248113469962,0.747913479715468
"['V2.8', 'V3.0', 'V3.2', 'V3.7']",0.90891213,0.05534404,1.041331017992533,0.7216229328242296,1.7629539508167626
"['V2.8', 'V3.0', 'V3.2', 'V3.8']",0.92892493,0.05569793,1.2526062134581741,0.9804236885915754,2.2330299020497497
"['V2.8', 'V3.0', 'V3.2', 'V1.2_copy']",0.87822737,0.05528269,0.7173919056835945,0.6767575046789721,1.3941494103625667
"['V2.8', 'V3.0', 'V3.3', 'V3.4']",0.67599648,0.05382224,-1.4175602656238036,-0.39127370208137136,-1.808833967705175
"['V2.8', 'V3.0', 'V3.3', 'V3.5']",0.85014727,0.05455559,0.4209501975670512,0.14502722261834278,0.565977420185394
"['V2.8', 'V3.0', 'V3.3', 'V3.7']",0.81403463,0.05429758,0.03970893823400629,-0.04365621855132341,-0.0039472803173171145
"['V2.8', 'V3.0', 'V3.3', 'V3.6']",0.83043352,0.0544932,0.21283207393563577,0.09940123953793582,0.3122333134735716
"['V2.8', 'V3.0', 'V3.3', 'V3.8']",0.72785752,0.05448038,-0.8700630956600067,0.09002593735664645,-0.7800371583033603
"['V2.8', 'V3.0', 'V3.4', 'V3.5']",0.89456774,0.05453054,0.8898972455526236,0.12670808692088983,1.0166053324735134
"['V2.8', 'V3.0', 'V3.3', 'V1.2_copy']",0.71722196,0.05416083,-0.9823427375835037,-0.14366187949450845,-1.126004617078012
"['V2.8', 'V3.0', 'V3.4', 'V3.6']",0.8419248,0.05439145,0.3341455547154576,0.02499117737362872,0.3591367320890863
"['V2.8', 'V3.0', 'V3.4', 'V3.7']",0.9294921,0.05422272,1.2585938290148309,-0.09840154782522868,1.1601922811896022
"['V2.8', 'V3.0', 'V3.4', 'V3.8']",0.87560592,0.05440411,0.6897172494059427,0.03424947110335822,0.7239667205093009
"['V2.8', 'V3.0', 'V3.4', 'V1.2_copy']",0.69684546,0.054132,-1.1974575151461462,-0.16474533986008155,-1.3622028550062277
"['V2.8', 'V3.0', 'V3.5', 'V3.6']",1.05578797,0.05498571,2.591899744266733,0.45957519252608175,3.0514749367928147
"['V2.8', 'V3.0', 'V3.5', 'V3.7']",0.91783667,0.05453348,1.1355474161447623,0.12885811721831547,1.2644055333630777
"['V2.8', 'V3.0', 'V3.5', 'V3.8']",0.92685128,0.05512388,1.2307146835834284,0.5606193034768684,1.791333987060297
"['V2.8', 'V3.0', 'V3.5', 'V1.2_copy']",0.98186798,0.05488002,1.8115261665530558,0.3822837972420946,2.1938099637951503
"['V2.8', 'V3.0', 'V3.6', 'V3.7']",0.9837224,0.05369031,1.831103284596278,-0.48775448342129696,1.343348801174981
"['V2.8', 'V3.0', 'V3.6', 'V3.8']",0.95940336,0.05459095,1.574367099278044,0.1708860904132305,1.7452531896912746
"['V2.8', 'V3.0', 'V3.6', 'V1.2_copy']",0.93422393,0.05464669,1.308547773898115,0.21164890972564784,1.5201966836237628
"['V2.8', 'V3.0', 'V3.7', 'V3.8']",0.93697624,0.05409209,1.3376039196264506,-0.1939316354962226,1.143672284130228
"['V2.8', 'V3.0', 'V3.7', 'V1.2_copy']",1.00911586,0.05446815,2.0991821253906187,0.08108210384048288,2.1802642292311014
"['V2.8', 'V3.0', 'V3.8', 'V1.2_copy']",0.88577132,0.05486673,0.7970334106620605,0.37256478273434424,1.1695981933964048
"['V2.8', 'V3.1', 'V3.2', 'V3.3']",0.8655676,0.05568976,0.583742672128067,0.9744489445337617,1.5581916166618286
"['V2.8', 'V3.1', 'V3.2', 'V3.4']",0.8729143,0.0554696,0.6613018082073482,0.8134453151864005,1.4747471233937488
"['V2.8', 'V3.1', 'V3.2', 'V3.6']",0.7832832,0.05516653,-0.28493400948435427,0.5918093688459852,0.30687535936163096
"['V2.8', 'V3.1', 'V3.2', 'V3.5']",0.88499778,0.05617169,0.7888671463362036,1.326885713662467,2.1157528599986706
"['V2.8', 'V3.1', 'V3.2', 'V3.7']",1.00283089,0.05476526,2.032831676415677,0.2983594853602669,2.331191161775944
"['V2.8', 'V3.1', 'V3.2', 'V3.8']",0.8236475,0.05548456,0.14119203846165077,0.8243856054073162,0.9655776438689669
"['V2.8', 'V3.1', 'V3.2', 'V1.2_copy']",0.99500315,0.05609569,1.9501941994732084,1.2713066991711848,3.2215008986443934
"['V2.8', 'V3.1', 'V3.3', 'V3.4']",0.83031782,0.05434449,0.21161062865484617,-0.00935080315940167,0.2022598254954445
"['V2.8', 'V3.1', 'V3.3', 'V3.5']",0.90656784,0.05498865,1.0165823407470624,0.46172522282350736,1.4783075635705698
"['V2.8', 'V3.1', 'V3.3', 'V3.6']",0.8652923,0.05441539,0.5808363291220066,0.04249856693838114,0.6233348960603877
"['V2.8', 'V3.1', 'V3.3', 'V3.8']",0.79742431,0.05423287,-0.13564626467347543,-0.09097882417935382,-0.22662508885282925
"['V2.8', 'V3.1', 'V3.3', 'V3.7']",0.79686463,0.05366928,-0.14155480827548134,-0.5031337817732899,-0.6446885900487713
"['V2.8', 'V3.1', 'V3.4', 'V3.5']",0.84387196,0.05496886,0.3547017292439028,0.4472527399711086,0.8019544692150113
"['V2.8', 'V3.1', 'V3.3', 'V1.2_copy']",0.77805188,0.05490671,-0.340161071941547,0.4018022695680415,0.061641197626494504
"['V2.8', 'V3.1', 'V3.4', 'V3.6']",0.83857504,0.05432802,0.298782127370809,-0.02139536064192259,0.2773867667288864
"['V2.8', 'V3.1', 'V3.4', 'V3.7']",0.77333502,0.05363721,-0.38995697848556266,-0.526586663282966,-0.9165436417685286
"['V2.8', 'V3.1', 'V3.4', 'V3.8']",0.81101237,0.05417345,0.007802929467218103,-0.13443283787766894,-0.12662990841045083
"['V2.8', 'V3.1', 'V3.4', 'V1.2_copy']",0.76328686,0.05488081,-0.4960354366758228,0.3828615264716754,-0.11317391020414741
"['V2.8', 'V3.1', 'V3.5', 'V3.6']",0.81953501,0.05480911,0.0977764679967232,0.33042711411608805,0.42820358211281123
"['V2.8', 'V3.1', 'V3.5', 'V3.8']",0.812396,0.05478534,0.022409915930987262,0.3130440460311193,0.33545396196210653
"['V2.8', 'V3.1', 'V3.5', 'V3.7']",0.77013898,0.05380672,-0.42369758328429147,-0.4026235218827465,-0.826321105167038
"['V2.8', 'V3.1', 'V3.5', 'V1.2_copy']",1.02577502,0.05554999,2.2750529323388404,0.8722347490673712,3.147287681406212
"['V2.8', 'V3.1', 'V3.6', 'V3.7']",0.86376023,0.05244612,0.564662261089695,-1.3976341418410643,-0.8329718807513693
"['V2.8', 'V3.1', 'V3.6', 'V3.8']",0.829639,0.05372982,0.2044443236807306,-0.4588607089140556,-0.254416385233325
"['V2.8', 'V3.1', 'V3.6', 'V1.2_copy']",0.88057262,0.05481236,0.7421507176522251,0.3328038482884097,1.0749545659406348
"['V2.8', 'V3.1', 'V3.7', 'V3.8']",0.694521,0.05270004,-1.2219968470163523,-1.2119417292144192,-2.4339385762307715
"['V2.8', 'V3.1', 'V3.7', 'V1.2_copy']",1.01420936,0.05412484,2.1529542216542206,-0.169981468067417,1.9829727535868036
"['V2.8', 'V3.1', 'V3.8', 'V1.2_copy']",0.83907053,0.05485969,0.30401301693155297,0.36741641086567867,0.6714294277972317
"['V2.8', 'V3.2', 'V3.3', 'V3.4']",0.80254101,0.05493195,-0.08162924593351681,0.42026035280172563,0.33863110686820885
"['V2.8', 'V3.2', 'V3.3', 'V3.5']",0.81670861,0.05579779,0.06793815389454402,1.053451588421825,1.121389742316369
"['V2.8', 'V3.2', 'V3.3', 'V3.7']",0.92106068,0.05563192,1.1695833003255451,0.9321503892946132,2.1017336896201586
"['V2.8', 'V3.2', 'V3.3', 'V3.6']",0.74228679,0.05545122,-0.7177332447807441,0.8000039693133797,0.08227072453263562
"['V2.8', 'V3.2', 'V3.3', 'V3.8']",0.98838797,0.0557735,1.880357722441489,1.0356882428692815,2.9160459653107704
"['V2.8', 'V3.2', 'V3.3', 'V1.2_copy']",0.90188041,0.0556151,0.9670971268099059,0.9198498758243063,1.8869470026342121
"['V2.8', 'V3.2', 'V3.4', 'V3.5']",0.83264186,0.05553024,0.23614552658366994,0.8577915183278624,1.0939370449115322
"['V2.8', 'V3.2', 'V3.4', 'V3.6']",0.83574215,0.05511811,0.26887529831726925,0.5563996861924633,0.8252749845097325
"['V2.8', 'V3.2', 'V3.4', 'V3.7']",0.88069439,0.05532579,0.7434362439429918,0.7082766563181024,1.4517129002610942
"['V2.8', 'V3.2', 'V3.4', 'V3.8']",0.81445491,0.05545566,0.04414583557722216,0.8032509538441818,0.847396789421404
"['V2.8', 'V3.2', 'V3.4', 'V1.2_copy']",0.8496016,0.05535505,0.4151895575811548,0.7296745768972465,1.1448641344784012
"['V2.8', 'V3.2', 'V3.5', 'V3.6']",0.83679203,0.05581709,0.27995888493260945,1.0675657328913204,1.3475246178239297
"['V2.8', 'V3.2', 'V3.5', 'V3.7']",0.9367014,0.05573557,1.334702432841904,1.0079499268212018,2.3426523596631057
"['V2.8', 'V3.2', 'V3.5', 'V1.2_copy']",1.09592834,0.0562318,3.015661762465745,1.3708443263081302,4.386506088773875
"['V2.8', 'V3.2', 'V3.5', 'V3.8']",0.81295502,0.0562994,0.028311491910819962,1.4202803970924776,1.4485918890032976
"['V2.8', 'V3.2', 'V3.6', 'V3.7']",0.81882895,0.05452658,0.09032259025295615,0.12381212774476229,0.21413471799771844
"['V2.8', 'V3.2', 'V3.6', 'V3.8']",0.82042681,0.05545649,0.10719120353179369,0.8038579351866525,0.9110491387184462
"['V2.8', 'V3.2', 'V3.6', 'V1.2_copy']",0.88110549,0.05570993,0.7477762279959941,0.9891993224586179,1.7369755504546118
"['V2.8', 'V3.2', 'V3.7', 'V3.8']",0.8730706,0.05531776,0.662951867821759,0.7024042946554062,1.3653561624771653
"['V2.8', 'V3.2', 'V3.7', 'V1.2_copy']",1.03566745,0.05589831,2.379487348406567,1.1269621481147616,3.5064494965213284
"['V2.8', 'V3.2', 'V3.8', 'V1.2_copy']",0.95834987,0.05627112,1.5632454018808235,1.3995991532791454,2.962844555159969
"['V2.8', 'V3.3', 'V3.4', 'V3.5']",0.86748475,0.05451385,0.6039820309877449,0.1145026428174766,0.7184846738052215
"['V2.8', 'V3.3', 'V3.4', 'V3.6']",0.7173216,0.05449851,-0.9812908377755714,0.10328445752410374,-0.8780063802514676
"['V2.8', 'V3.3', 'V3.4', 'V3.7']",0.77698934,0.05436885,-0.3513783102185534,0.00846373359069799,-0.34291457662785546
"['V2.8', 'V3.3', 'V3.4', 'V3.8']",0.84921337,0.05435121,0.4110910121934217,-0.004436448193860962,0.40665456399956074
"['V2.8', 'V3.3', 'V3.4', 'V1.2_copy']",0.78608828,0.05433491,-0.2553207706923429,-0.016356684196593155,-0.271677454888936
"['V2.8', 'V3.3', 'V3.5', 'V3.6']",0.94249427,0.0551569,1.3958577804972565,0.5847669226676852,1.9806247031649415
"['V2.8', 'V3.3', 'V3.5', 'V3.7']",0.97689805,0.05473315,1.7590585991861425,0.2748773517377009,2.0339359509238433
"['V2.8', 'V3.3', 'V3.5', 'V3.8']",0.92260638,0.05513329,1.1859012603127153,0.5675008630342763,1.7534021233469916
"['V2.8', 'V3.3', 'V3.5', 'V1.2_copy']",1.02084487,0.05514976,2.22300532256285,0.5795454205167921,2.802550743079642
"['V2.8', 'V3.3', 'V3.6', 'V3.7']",0.89520555,0.05398212,0.8966306078217692,-0.27435300685945707,0.6222776009623121
"['V2.8', 'V3.3', 'V3.6', 'V3.8']",0.87410788,0.05471114,0.6739024361956288,0.258781376619896,0.9326838128155248
"['V2.8', 'V3.3', 'V3.6', 'V1.2_copy']",0.92812213,0.05503833,1.2441310512160184,0.4980563470330711,1.7421873982490896
"['V2.8', 'V3.3', 'V3.7', 'V3.8']",0.81178451,0.05422612,0.015954413988465706,-0.09591511822956582,-0.0799607042411001
"['V2.8', 'V3.3', 'V3.8', 'V1.2_copy']",0.82634394,0.05509472,0.1696583644161089,0.5392945131799518,0.7089528775960607
"['V2.8', 'V3.3', 'V3.7', 'V1.2_copy']",0.93520454,0.05490061,1.3189000768954742,0.3973413223522979,1.716241399247772
"['V2.8', 'V3.4', 'V3.5', 'V3.6']",0.93387584,0.05501679,1.3048729866224893,0.48230408424172716,1.7871770708642165
"['V2.8', 'V3.4', 'V3.5', 'V3.7']",0.91837826,0.05461962,1.14126498355723,0.1918525423272437,1.3331175258844736
"['V2.8', 'V3.4', 'V3.5', 'V3.8']",0.79732184,0.05501467,-0.136728040800723,0.4807537222585485,0.3440256814578255
"['V2.8', 'V3.4', 'V3.5', 'V1.2_copy']",0.93831405,0.05508062,1.3517271841994185,0.5289831433861731,1.8807103275855916
"['V2.8', 'V3.4', 'V3.6', 'V3.7']",0.91367338,0.05382326,1.0915955499126428,-0.3905277732026745,0.7010677767099683
"['V2.8', 'V3.4', 'V3.7', 'V3.8']",0.81964366,0.05408634,0.0989234864043099,-0.1981366267241853,-0.09921314031987541
"['V2.8', 'V3.4', 'V3.6', 'V3.8']",0.9181171,0.05452499,1.1385079165777068,0.12264935625738209,1.2611572728350888
"['V2.8', 'V3.4', 'V3.6', 'V1.2_copy']",0.81132043,0.05489913,0.011055119901097104,0.39625899417535876,0.40731411407645585
"['V2.8', 'V3.4', 'V3.7', 'V1.2_copy']",0.86691138,0.05479191,0.5979289620106832,0.31784870557332384,0.915777667584007
"['V2.8', 'V3.4', 'V3.8', 'V1.2_copy']",0.80113784,0.05497648,-0.09644251624159596,0.45282526747668134,0.3563827512350854
"['V2.8', 'V3.5', 'V3.6', 'V3.7']",0.90996569,0.05401172,1.0524534543799842,-0.25270644332075076,0.7997470110592334
"['V2.8', 'V3.5', 'V3.6', 'V1.2_copy']",1.01241229,0.05557266,2.133982547749749,0.8888133840478631,3.0227959317976123
"['V2.8', 'V3.5', 'V3.6', 'V3.8']",0.92610852,0.05514952,1.222873363818874,0.5793699078394523,1.8022432716583263
"['V2.8', 'V3.5', 'V3.7', 'V3.8']",0.81692567,0.05441213,0.0702296570289277,0.04011451973783571,0.1103441767667634
"['V2.8', 'V3.5', 'V3.7', 'V1.2_copy']",0.95804613,0.05519249,1.5600388177011617,0.6107939901116889,2.1708328078128507
"['V2.8', 'V3.5', 'V3.8', 'V1.2_copy']",0.8879195,0.05577946,0.8197117539920977,1.0400468076899179,1.8597585616820156
"['V2.8', 'V3.6', 'V3.7', 'V3.8']",0.82281864,0.05319606,0.13244176071372757,-0.8492009033201592,-0.7167591426064316
"['V2.8', 'V3.6', 'V3.7', 'V1.2_copy']",1.02268094,0.05426636,2.242388719595681,-0.06648749266208122,2.1759012269335996
"['V2.8', 'V3.6', 'V3.8', 'V1.2_copy']",0.93345272,0.0551958,1.3004061073899271,0.6132146024533531,1.9136207098432803
"['V2.8', 'V3.7', 'V3.8', 'V1.2_copy']",0.8737095,0.05475888,0.6696967372244911,0.2936937733542885,0.9633905105787796
"['V3.0', 'V3.1', 'V3.2', 'V3.3']",0.85039262,0.05425692,0.4235403583245415,-0.07339099130415526,0.35014936702038624
"['V3.0', 'V3.1', 'V3.2', 'V3.4']",0.87702688,0.05416256,0.7047183288025709,-0.1423967256120108,0.5623216031905601
"['V3.0', 'V3.1', 'V3.2', 'V3.5']",0.87587171,0.05486394,0.6925231953107036,0.37052444786025474,1.0630476431709583
"['V3.0', 'V3.1', 'V3.2', 'V3.7']",0.90048536,0.05355917,0.9523695793685517,-0.5836575355316368,0.3687120438369149
"['V3.0', 'V3.1', 'V3.2', 'V3.6']",0.74528269,0.05389463,-0.6861055186207101,-0.3383346907784307,-1.024440209399141
"['V3.0', 'V3.1', 'V3.2', 'V3.8']",0.81853003,0.05417109,0.0871668908291581,-0.13615871253818745,-0.048991821709029354
"['V3.0', 'V3.1', 'V3.2', 'V1.2_copy']",0.92265624,0.05456119,1.1864276324968142,0.14912251842296428,1.3355501509197785
"['V3.0', 'V3.1', 'V3.3', 'V3.4']",0.68984124,0.05289283,-1.2714010887382652,-1.0709538581121343,-2.3423549468503992
"['V3.0', 'V3.1', 'V3.3', 'V3.5']",0.8436467,0.05353261,0.3523236586825325,-0.6030809384906951,-0.2507572798081626
"['V3.0', 'V3.1', 'V3.3', 'V3.6']",0.84007922,0.05299642,0.3146617605813294,-0.9951981987548784,-0.680536438173549
"['V3.0', 'V3.1', 'V3.3', 'V3.7']",0.8560407,0.05230685,0.4831671574733648,-1.4994826858963277,-1.0163155284229628
"['V3.0', 'V3.1', 'V3.3', 'V3.8']",0.77965472,0.05277678,-0.32323988478631893,-1.15582155063467,-1.479061435420989
"['V3.0', 'V3.1', 'V3.3', 'V1.2_copy']",0.76211081,0.05323488,-0.5084510003964098,-0.8208117277602762,-1.329262728156686
"['V3.0', 'V3.1', 'V3.4', 'V3.5']",0.84454819,0.05363449,0.36184069157949517,-0.5285758069594942,-0.16673511537999908
"['V3.0', 'V3.1', 'V3.4', 'V3.6']",0.77589604,0.053008,-0.3629202819167955,-0.9867297120731833,-1.3496499939899786
"['V3.0', 'V3.1', 'V3.4', 'V3.7']",0.83828522,0.05235557,0.2957224966769605,-1.4638536123961334,-1.168131115719173
"['V3.0', 'V3.1', 'V3.4', 'V3.8']",0.7538896,0.05282829,-0.5952423414238565,-1.1181521422603862,-1.7133944836842425
"['V3.0', 'V3.1', 'V3.4', 'V1.2_copy']",0.79862918,0.05331997,-0.12292644811803626,-0.7585851706147111,-0.8815116187327473
"['V3.0', 'V3.1', 'V3.5', 'V3.6']",1.00305509,0.05350842,2.0351985565535577,-0.6207711537610111,1.4144274027925468
"['V3.0', 'V3.1', 'V3.5', 'V3.7']",0.80843495,0.05256215,-0.019406901955524622,-1.312781075374971,-1.3321879773304954
"['V3.0', 'V3.1', 'V3.5', 'V3.8']",0.80373061,0.05344048,-0.06907063481833402,-0.6704558675049258,-0.7395265023232598
"['V3.0', 'V3.1', 'V3.5', 'V1.2_copy']",1.08955096,0.05399084,2.948335740816667,-0.26797604624940763,2.680359694567259
"['V3.0', 'V3.1', 'V3.6', 'V3.7']",0.98061791,0.0512716,1.7983291734488558,-2.256563932634419,-0.4582347591855631
"['V3.0', 'V3.1', 'V3.6', 'V3.8']",0.8749135,0.0524351,0.6824073691870665,-1.4056930989422998,-0.7232857297552333
"['V3.0', 'V3.1', 'V3.7', 'V3.8']",0.67545051,0.0514569,-1.4233240727106868,-2.1210535196708182,-3.544377592381505
"['V3.0', 'V3.1', 'V3.6', 'V1.2_copy']",0.96451058,0.05329967,1.6282840376268024,-0.7734306179064607,0.8548534197203417
"['V3.0', 'V3.1', 'V3.7', 'V1.2_copy']",0.95295142,0.05268279,1.5062539474635752,-1.224556702898292,0.2816972445652832
"['V3.0', 'V3.1', 'V3.8', 'V1.2_copy']",0.80059734,0.05330731,-0.10214857652047586,-0.7678434643444456,-0.8699920408649214
"['V3.0', 'V3.2', 'V3.3', 'V3.5']",0.79605372,0.05448158,-0.15011558781432863,0.09090350074335068,-0.05921208707097794
"['V3.0', 'V3.2', 'V3.3', 'V3.4']",0.79237857,0.05363668,-0.1889141584598927,-0.5269742537787594,-0.7158884122386521
"['V3.0', 'V3.2', 'V3.3', 'V3.6']",0.68114559,0.0541501,-1.3632010944071782,-0.15150875877729045,-1.5147098531844687
"['V3.0', 'V3.2', 'V3.3', 'V3.7']",0.8118268,0.05436672,0.01640086965764953,0.0069060585792955495,0.02330692823694508
"['V3.0', 'V3.2', 'V3.3', 'V3.8']",0.78831035,0.05443294,-0.23186237038911922,0.055332931468931305,-0.1765294389201879
"['V3.0', 'V3.2', 'V3.3', 'V1.2_copy']",0.81787173,0.05407374,0.08021721556257712,-0.20735104228457732,-0.1271338267220002
"['V3.0', 'V3.2', 'V3.4', 'V3.5']",0.852191,0.05435409,0.442525861903326,-0.0023302960657677367,0.44019556583755826
"['V3.0', 'V3.2', 'V3.4', 'V3.6']",0.7745698,0.05393969,-0.3769214019616848,-0.3053821856076816,-0.6823035875693664
"['V3.0', 'V3.2', 'V3.4', 'V3.7']",0.85197869,0.05416656,0.44028450453457657,-0.1394715143229933,0.30081299021158325
"['V3.0', 'V3.2', 'V3.4', 'V3.8']",0.81719697,0.05424854,0.0730937720218234,-0.0795193089546425,-0.006425536932819095
"['V3.0', 'V3.2', 'V3.4', 'V1.2_copy']",0.90065809,0.05394644,0.954193090547036,-0.30044589155746965,0.6537471989895665
"['V3.0', 'V3.2', 'V3.5', 'V3.6']",0.8003144,0.05463912,-0.1051355750316818,0.20611294736118888,0.10097737232950707
"['V3.0', 'V3.2', 'V3.5', 'V3.8']",0.81347638,0.05507973,0.03381549114670762,0.52833228387437,0.5621477750210777
"['V3.0', 'V3.2', 'V3.5', 'V3.7']",0.83209088,0.05460192,0.23032882891029816,0.1789084823733523,0.4092373112836505
"['V3.0', 'V3.2', 'V3.5', 'V1.2_copy']",0.91947766,0.05480424,1.1528713529755483,0.3268656693717098,1.4797370223472581
"['V3.0', 'V3.2', 'V3.6', 'V3.7']",0.89236344,0.05343597,0.8666264431978856,-0.6737540432332891,0.19287239996459649
"['V3.0', 'V3.2', 'V3.6', 'V3.8']",0.84689291,0.05426445,0.3865939083363804,-0.06788428105258627,0.31870962728379415
"['V3.0', 'V3.2', 'V3.6', 'V1.2_copy']",0.95053991,0.05429417,1.4807956284568726,-0.04614996117520496,1.4346456672816676
"['V3.0', 'V3.2', 'V3.7', 'V3.8']",0.83153402,0.05417849,0.22445005605757412,-0.13074707165350705,0.09370298440406707
"['V3.0', 'V3.2', 'V3.7', 'V1.2_copy']",1.12052967,0.05452091,3.275378084243046,0.11966564074258462,3.395043724985631
"['V3.0', 'V3.3', 'V3.4', 'V3.5']",0.76499075,0.05319336,-0.4780474643380209,-0.851175420940245,-1.329222885278266
"['V3.0', 'V3.2', 'V3.8', 'V1.2_copy']",0.91805154,0.05482067,1.137815799441937,0.33888097474134077,1.4766967741832777
"['V3.0', 'V3.3', 'V3.4', 'V3.6']",0.79553229,0.05317015,-0.15562032604044568,-0.8681489594447541,-1.0237692854851999
"['V3.0', 'V3.3', 'V3.4', 'V3.7']",0.81861616,0.05304708,0.08807616552262726,-0.9581503977795078,-0.8700742322568806
"['V3.0', 'V3.3', 'V3.4', 'V3.8']",0.7683413,0.05300124,-0.4426756969607725,-0.991673319151619,-1.4343490161123915
"['V3.0', 'V3.3', 'V3.5', 'V3.6']",0.89303622,0.05382547,0.8737289838721233,-0.38891159396549213,0.48481738990663115
"['V3.0', 'V3.3', 'V3.4', 'V1.2_copy']",0.76865628,0.05279082,-0.4393504520641184,-1.1455540590102289,-1.5849045110743472
"['V3.0', 'V3.3', 'V3.5', 'V3.7']",0.87949685,0.05343518,0.7307938102216767,-0.6743317724628699,0.05646203775880676
"['V3.0', 'V3.3', 'V3.5', 'V1.2_copy']",1.02191827,0.05358401,2.234337209895599,-0.5654919734268574,1.6688452364687416
"['V3.0', 'V3.3', 'V3.6', 'V3.8']",0.8432313,0.05336791,0.3479382795153786,-0.7235265133158738,-0.3755882338004952
"['V3.0', 'V3.3', 'V3.6', 'V3.7']",0.85577061,0.05274642,0.48031581645445115,-1.178023904318291,-0.6977080878638398
"['V3.0', 'V3.3', 'V3.5', 'V3.8']",1.02748516,0.05376579,2.293106885947211,-0.43255574639758954,1.8605511395496215
"['V3.0', 'V3.3', 'V3.6', 'V1.2_copy']",0.90292027,0.05347847,0.9780749322522679,-0.6426736732875085,0.3354012589647595
"['V3.0', 'V3.3', 'V3.7', 'V1.2_copy']",0.80035179,0.05337052,-0.10474084867862447,-0.7216178129497917,-0.8263586616284161
"['V3.0', 'V3.3', 'V3.7', 'V3.8']",0.84579071,0.05292479,0.37495797930884595,-1.0475814199129097,-0.6726234406040636
"['V3.0', 'V3.3', 'V3.8', 'V1.2_copy']",0.63831206,0.05350712,-1.8153948115898528,-0.6217218474299427,-2.4371166590197957
"['V3.0', 'V3.4', 'V3.5', 'V3.6']",0.97652295,0.05380689,1.755098667251623,-0.4024992004029629,1.35259946684866
"['V3.0', 'V3.4', 'V3.5', 'V3.7']",0.84082793,0.05342344,0.3225658945154654,-0.682917267596125,-0.3603513730806596
"['V3.0', 'V3.4', 'V3.5', 'V3.8']",0.78615393,0.05377683,-0.2546277034262769,-0.4244821632399115,-0.6791098666661883
"['V3.0', 'V3.4', 'V3.5', 'V1.2_copy']",0.84243034,0.05364164,0.33948254215927887,-0.5233469917803826,-0.1838644496211037
"['V3.0', 'V3.4', 'V3.6', 'V3.7']",0.85527397,0.05266417,0.4750727863399223,-1.2381735614486529,-0.7631007751087306
"['V3.0', 'V3.4', 'V3.6', 'V3.8']",0.85709698,0.05329438,0.49431830890976813,-0.7772992098361812,-0.28298090092641304
"['V3.0', 'V3.4', 'V3.6', 'V1.2_copy']",0.82740878,0.05345049,0.180899883800684,-0.6631355262541633,-0.4822356424534793
"['V3.0', 'V3.4', 'V3.7', 'V3.8']",0.84911263,0.05288005,0.4100274996818694,-1.080299908180539,-0.6702724084986695
"['V3.0', 'V3.5', 'V3.6', 'V3.7']",0.93395025,0.05289767,1.3056585332373853,-1.0674143524524276,0.2382441807849578
"['V3.0', 'V3.4', 'V3.7', 'V1.2_copy']",0.82498241,0.05335524,0.15528468772507498,-0.7327921200738271,-0.5775074323487521
"['V3.0', 'V3.4', 'V3.8', 'V1.2_copy']",0.82291742,0.05351012,0.13348458149882952,-0.6195279389631796,-0.48604335746435007
"['V3.0', 'V3.5', 'V3.6', 'V3.8']",0.9237438,0.05392292,1.197909006996165,-0.3176461339368748,0.8802628730592903
"['V3.0', 'V3.5', 'V3.6', 'V1.2_copy']",0.93172607,0.05412776,1.282177857657218,-0.1678460638264389,1.114331793830779
"['V3.0', 'V3.5', 'V3.7', 'V1.2_copy']",0.91569691,0.0537905,1.1129579627824355,-0.41448525365970385,0.6984727091227316
"['V3.0', 'V3.5', 'V3.7', 'V3.8']",0.80031684,0.05322977,-0.10510981594365083,-0.8245486851819892,-0.9296585011256401
"['V3.0', 'V3.5', 'V3.8', 'V1.2_copy']",0.94276346,0.05429928,1.3986996202132085,-0.042413003753491975,1.3562866164597165
"['V3.0', 'V3.6', 'V3.7', 'V1.2_copy']",1.10011803,0.05292967,3.0598923335847514,-1.0440126621403127,2.0158796714444387
"['V3.0', 'V3.6', 'V3.7', 'V3.8']",0.9475055,0.05206943,1.4487613521000955,-1.6731086019557906,-0.2243472498556951
"['V3.0', 'V3.7', 'V3.8', 'V1.2_copy']",0.86253849,0.05336014,0.5517643478887342,-0.7292087362447827,-0.17744438835604848
"['V3.0', 'V3.6', 'V3.8', 'V1.2_copy']",0.82679054,0.05374574,0.1743731220859476,-0.4472183679837756,-0.272845245897828
"['V3.1', 'V3.2', 'V3.3', 'V3.4']",0.74984088,0.05421457,-0.6379846917889056,-0.10436166582659986,-0.7423463576155055
"['V3.1', 'V3.2', 'V3.3', 'V3.6']",0.78045858,0.05411887,-0.31475353212067453,-0.17434734591627202,-0.4891008780369466
"['V3.1', 'V3.2', 'V3.3', 'V3.5']",0.85784325,0.05497199,0.5021966837558731,0.4495417178047604,0.9517384015606335
"['V3.1', 'V3.2', 'V3.3', 'V3.7']",0.93132221,0.05378348,1.2779143063080445,-0.4196189994719219,0.8582953068361225
"['V3.1', 'V3.2', 'V3.3', 'V3.8']",0.76911101,0.05422372,-0.4345498659575213,-0.0976702450029743,-0.5322201109604956
"['V3.1', 'V3.2', 'V3.4', 'V3.6']",0.8287708,0.05391434,0.19527873342333196,-0.3239207121518119,-0.12864197872847993
"['V3.1', 'V3.2', 'V3.4', 'V3.5']",0.89691991,0.05483773,0.9147291119840295,0.35135700088898747,1.266086112873017
"['V3.1', 'V3.2', 'V3.3', 'V1.2_copy']",0.8976832,0.05489583,0.9227871670261507,0.3938456948619234,1.316632861888074
"['V3.1', 'V3.2', 'V3.4', 'V3.7']",0.85854445,0.05362347,0.5095992544636463,-0.5366347640607299,-0.027035509597083562
"['V3.1', 'V3.2', 'V3.4', 'V3.8']",0.80745315,0.05404995,-0.029771767786801306,-0.2247487364259936,-0.25452050421279493
"['V3.1', 'V3.2', 'V3.5', 'V3.6']",0.75898982,0.0544986,-0.5413993020981362,0.10335027477810746,-0.4380490273200288
"['V3.1', 'V3.2', 'V3.4', 'V1.2_copy']",0.87249165,0.05475704,0.6568398907663319,0.29234817616133957,0.9491880669276714
"['V3.1', 'V3.2', 'V3.5', 'V3.7']",0.94983177,0.05390046,1.4733197921462586,-0.33407119532469315,1.1392485968215655
"['V3.1', 'V3.2', 'V3.5', 'V3.8']",0.76107246,0.05476771,-0.519412864763803,0.3001511772747841,-0.21926168748901892
"['V3.1', 'V3.2', 'V3.5', 'V1.2_copy']",0.88774868,0.05554243,0.817908406689899,0.8667060997311309,1.6846145064210298
"['V3.1', 'V3.2', 'V3.6', 'V3.7']",0.85631773,0.05220867,0.48609176409511934,-1.5712819969851932,-1.0851902328900738
"['V3.1', 'V3.2', 'V3.6', 'V1.2_copy']",0.81985892,0.05451059,0.10119598693276892,0.11211859561692611,0.21331458254969504
"['V3.1', 'V3.2', 'V3.6', 'V3.8']",0.63692335,0.05342696,-1.8300554276303411,-0.6803430816617922,-2.5103985092921333
"['V3.1', 'V3.2', 'V3.7', 'V1.2_copy']",0.94921369,0.05424005,1.466794719552049,-0.0857280699155759,1.3810666496364732
"['V3.1', 'V3.2', 'V3.7', 'V3.8']",0.68245579,0.05277025,-1.3493693086950793,-1.1605969580639897,-2.509966266759069
"['V3.1', 'V3.2', 'V3.8', 'V1.2_copy']",0.85864376,0.05486297,0.5106476704604926,0.36981508412266656,0.8804627545831591
"['V3.1', 'V3.3', 'V3.4', 'V3.5']",0.87999316,0.05361763,0.7360333565251207,-0.5409055725426911,0.19512778398242958
"['V3.1', 'V3.3', 'V3.4', 'V3.6']",0.83393474,0.0531078,0.2497944649987658,-0.9137456904122712,-0.6639512254135054
"['V3.1', 'V3.3', 'V3.4', 'V3.7']",0.80241704,0.05245213,-0.08293799763152358,-1.3932390118793192,-1.4761770095108429
"['V3.1', 'V3.3', 'V3.4', 'V3.8']",0.69722565,0.05276611,-1.1934438480648741,-1.1636245517481196,-2.3570683998129938
"['V3.1', 'V3.3', 'V3.4', 'V1.2_copy']",0.67223679,0.05352747,-1.4572513253276038,-0.6068398349970794,-2.064091160324683
"['V3.1', 'V3.3', 'V3.5', 'V3.7']",0.85147696,0.05269455,0.43498773927329404,-1.2159565817085896,-0.7809688424352955
"['V3.1', 'V3.3', 'V3.5', 'V3.6']",0.78629788,0.05365312,-0.2531080228025121,-0.5149516353809098,-0.7680596581834219
"['V3.1', 'V3.3', 'V3.5', 'V3.8']",0.79935955,0.05342749,-0.11521592962426044,-0.6799554911659988,-0.7951714207902593
"['V3.1', 'V3.3', 'V3.5', 'V1.2_copy']",0.93217368,0.05424995,1.2869032779003815,-0.07848817197526464,1.208415105925117
"['V3.1', 'V3.3', 'V3.6', 'V3.7']",0.70105781,0.0514762,-1.1529877223325624,-2.106939375201323,-3.259927097533885
"['V3.1', 'V3.3', 'V3.6', 'V3.8']",0.79513796,0.052513,-0.159783269148255,-1.3487246090887413,-1.5085078782369963
"['V3.1', 'V3.3', 'V3.6', 'V1.2_copy']",0.85333023,0.05365944,0.45455271676273146,-0.5103298015442638,-0.055777084781532316
"['V3.1', 'V3.3', 'V3.7', 'V3.8']",0.726923,0.0515186,-0.8799288263756768,-2.07593213553777,-2.9558609619134466
"['V3.1', 'V3.3', 'V3.7', 'V1.2_copy']",0.9281275,0.05302938,1.244187742323692,-0.9710944577333992,0.2730932845902928
"['V3.1', 'V3.3', 'V3.8', 'V1.2_copy']",0.79685358,0.05350219,-0.14167146316184895,-0.6253271703436535,-0.7669986335055025
"['V3.1', 'V3.4', 'V3.5', 'V3.6']",0.95183219,0.05364259,1.4944382326699923,-0.5226522540992419,0.9717859785707504
"['V3.1', 'V3.4', 'V3.5', 'V3.7']",0.85017535,0.05272034,0.4212466382194673,-1.1970962819226696,-0.7758496437032023
"['V3.1', 'V3.4', 'V3.5', 'V3.8']",0.81941969,0.05344813,0.09655903437718566,-0.6648614009146818,-0.5683023665374962
"['V3.1', 'V3.4', 'V3.5', 'V1.2_copy']",0.98272411,0.05430568,1.8205643337807307,-0.03773266569106597,1.7828316680896648
"['V3.1', 'V3.4', 'V3.6', 'V3.7']",0.72538139,0.05144292,-0.8962036082193859,-2.131277133125922,-3.027480741345308
"['V3.1', 'V3.4', 'V3.6', 'V3.8']",0.73847175,0.05246126,-0.7580086346167111,-1.3865622171121412,-2.144570851728852
"['V3.1', 'V3.4', 'V3.7', 'V3.8']",0.60002419,0.05151789,-2.2195999811919616,-2.0764513605415704,-4.296051341733532
"['V3.1', 'V3.4', 'V3.6', 'V1.2_copy']",0.81492811,0.05363356,0.04914140953460601,-0.5292559185841925,-0.4801145090495865
"['V3.1', 'V3.4', 'V3.7', 'V1.2_copy']",0.88326126,0.05304624,0.770534698981012,-0.9587646921502023,-0.1882299931691903
"['V3.1', 'V3.4', 'V3.8', 'V1.2_copy']",0.85034925,0.05351204,0.4230825010918022,-0.6181238375444559,-0.1950413364526537
"['V3.1', 'V3.5', 'V3.6', 'V3.8']",0.95236421,0.05296635,1.5000547695609645,-1.0171884746200457,0.4828662949409188
"['V3.1', 'V3.5', 'V3.6', 'V3.7']",0.97708667,0.05153716,1.761049861146925,-2.0623591551567415,-0.30130929400981654
"['V3.1', 'V3.5', 'V3.6', 'V1.2_copy']",0.94192508,0.05421099,1.3898488397939524,-0.10697972993026506,1.2828691098636873
"['V3.1', 'V3.5', 'V3.7', 'V3.8']",0.65147867,0.05173509,-1.6763948664862247,-1.9176123875480773,-3.594007254034302
"['V3.1', 'V3.5', 'V3.7', 'V1.2_copy']",0.95811172,0.05333458,1.5607312515470295,-0.7479008363815866,0.812830415165443
"['V3.1', 'V3.5', 'V3.8', 'V1.2_copy']",0.92131161,0.05420434,1.1722323691613998,-0.11184289369825466,1.060389475463145
"['V3.1', 'V3.6', 'V3.7', 'V3.8']",0.66656016,0.05012434,-1.5171795269203916,-3.0955584084931385,-4.61273793541353
"['V3.1', 'V3.6', 'V3.7', 'V1.2_copy']",0.89733805,0.05195027,0.9191434173402012,-1.7602506462555354,-0.8411072289153342
"['V3.1', 'V3.6', 'V3.8', 'V1.2_copy']",0.96566859,0.05314211,1.6405091530080171,-0.8886546905807465,0.7518544624272706
"['V3.1', 'V3.7', 'V3.8', 'V1.2_copy']",0.7318896,0.05222039,-0.8274964138297229,-1.5627111279083807,-2.3902075417381035
"['V3.2', 'V3.3', 'V3.4', 'V3.5']",0.68520077,0.05431369,-1.3203905458008676,-0.03187493008481731,-1.352265475885685
"['V3.2', 'V3.3', 'V3.4', 'V3.6']",0.73440683,0.05402758,-0.8009220084350774,-0.24110798055980825,-1.0420299889948856
"['V3.2', 'V3.3', 'V3.4', 'V3.7']",0.86942099,0.05428363,0.6244229230402502,-0.05385789292176085,0.5705650301184892
"['V3.2', 'V3.3', 'V3.4', 'V3.8']",0.7713457,0.05416896,-0.41095823627276395,-0.13771638754958482,-0.5486746238223488
"['V3.2', 'V3.3', 'V3.4', 'V1.2_copy']",0.8845676,0.05412706,0.7843257346604062,-0.16835797580201595,0.6159677588583903
"['V3.2', 'V3.3', 'V3.5', 'V3.6']",0.70418239,0.05479259,-1.12000152098902,0.31834599149245846,-0.8016555294965615
"['V3.2', 'V3.3', 'V3.5', 'V3.7']",0.86061239,0.05477631,0.5314305038496002,0.3064403815461687,0.8378708853957689
"['V3.2', 'V3.3', 'V3.5', 'V3.8']",0.72302461,0.0550639,-0.9210841424359637,0.5167557601980937,-0.40432838223787004
"['V3.2', 'V3.3', 'V3.5', 'V1.2_copy']",0.92259501,0.05505495,1.1857812271852952,0.510210599938923,1.6959918271242183
"['V3.2', 'V3.3', 'V3.6', 'V3.7']",0.87375232,0.05370884,0.6701487881054192,-0.47420344212493487,0.19594534598048435
"['V3.2', 'V3.3', 'V3.6', 'V3.8']",0.66627559,0.05436452,-1.5201837333469608,0.005297192370336928,-1.514886540976624
"['V3.2', 'V3.3', 'V3.6', 'V1.2_copy']",0.75392511,0.05466827,-0.5948674622369878,0.22743042462988175,-0.3674370376071061
"['V3.2', 'V3.3', 'V3.7', 'V3.8']",0.7927847,0.05428274,-0.18462664271324747,-0.054508752433564,-0.23913539514681148
"['V3.2', 'V3.3', 'V3.7', 'V1.2_copy']",0.96974279,0.05493095,1.6835204958169245,0.4195290499794712,2.1030495457963956
"['V3.2', 'V3.3', 'V3.8', 'V1.2_copy']",0.93912182,0.05502667,1.3602548147479312,0.4895293561255909,1.849784170873522
"['V3.2', 'V3.4', 'V3.5', 'V3.6']",0.79254516,0.05454603,-0.1871554672816161,0.13803596763759882,-0.049119499644017295
"['V3.2', 'V3.4', 'V3.5', 'V3.7']",0.98631779,0.05453965,1.8585028253681624,0.13337025563162033,1.9918730809997827
"['V3.2', 'V3.4', 'V3.5', 'V3.8']",0.8330425,0.05483637,0.24037508438224725,0.35036242905072335,0.5907375134329707
"['V3.2', 'V3.4', 'V3.5', 'V1.2_copy']",0.9675797,0.05488475,1.660684747567816,0.3857428595913554,2.0464276071591714
"['V3.2', 'V3.4', 'V3.6', 'V3.7']",0.80023084,0.05342998,-0.10601771822669226,-0.6781345471385867,-0.7841522653652789
"['V3.2', 'V3.4', 'V3.6', 'V3.8']",0.80776528,0.05406822,-0.02647661034952581,-0.21138783386341883,-0.23786444421294464
"['V3.2', 'V3.4', 'V3.6', 'V1.2_copy']",0.77429483,0.05442331,-0.37982426115665924,0.04829048529063116,-0.33153377586602806
"['V3.2', 'V3.4', 'V3.7', 'V3.8']",0.82361692,0.05401884,0.14086920530100658,-0.24749956722630526,-0.10663036192529868
"['V3.2', 'V3.4', 'V3.7', 'V1.2_copy']",0.84829579,0.05470006,0.401404117113505,0.250678541349328,0.652082658462833
"['V3.2', 'V3.4', 'V3.8', 'V1.2_copy']",0.91380114,0.05480125,1.0929443126531238,0.3246790739331755,1.4176233865862993
"['V3.2', 'V3.5', 'V3.6', 'V3.7']",0.8588534,0.05372877,0.5128608406304548,-0.45962857687741865,0.053232263753036135
"['V3.2', 'V3.5', 'V3.6', 'V3.8']",0.77063173,0.05479566,-0.4184956199125654,0.32059109115677775,-0.09790452875578765
"['V3.2', 'V3.5', 'V3.6', 'V1.2_copy']",0.86698575,0.0552023,0.5987140863454479,0.6179680707980015,1.2166821571434494
"['V3.2', 'V3.5', 'V3.7', 'V3.8']",0.84020474,0.05446046,0.3159868756344376,0.07545838513735399,0.3914452607717916
"['V3.2', 'V3.5', 'V3.7', 'V1.2_copy']",0.97158502,0.05523164,1.7029689239900279,0.6394244956029205,2.3423934195929483
"['V3.2', 'V3.5', 'V3.8', 'V1.2_copy']",0.83956403,0.05571907,0.30922289805574854,0.9958834302540196,1.3051063283097681
"['V3.2', 'V3.6', 'V3.7', 'V3.8']",0.71043115,0.05291803,-1.0540333411032532,-1.0525250269913453,-2.1065583680945985
"['V3.2', 'V3.6', 'V3.7', 'V1.2_copy']",1.0035054,0.05397744,2.0399524807056086,-0.27777550406760415,1.7621769766380044
"['V3.2', 'V3.6', 'V3.8', 'V1.2_copy']",0.89658348,0.05484519,0.9111774193667787,0.3568125199430003,1.2679899393097789
"['V3.3', 'V3.4', 'V3.5', 'V3.6']",0.98150005,0.05382855,1.8076419283321332,-0.386659181272949,1.4209827470591843
"['V3.2', 'V3.7', 'V3.8', 'V1.2_copy']",0.97081169,0.05481775,1.6948048766348627,0.3367455705003576,2.03155044713522
"['V3.3', 'V3.4', 'V3.5', 'V3.7']",0.90381145,0.05345721,0.9874831224452979,-0.6582211712886226,0.32926195115667534
"['V3.3', 'V3.4', 'V3.5', 'V3.8']",0.85893217,0.05363798,0.5136924157797008,-0.5260235601098278,-0.012331144330126942
"['V3.3', 'V3.4', 'V3.5', 'V1.2_copy']",0.76536027,0.05376336,-0.4741464404818667,-0.4343328122556642,-0.9084792527375309
"['V3.3', 'V3.4', 'V3.6', 'V3.7']",0.80022455,0.05280646,-0.10608412177739339,-1.1341164828701837,-1.240200604647577
"['V3.3', 'V3.4', 'V3.6', 'V3.8']",0.79045032,0.05326938,-0.20927070005610196,-0.7955817803925255,-1.0048524804486274
"['V3.3', 'V3.4', 'V3.6', 'V1.2_copy']",0.76810609,0.05369782,-0.4451588097048904,-0.4822623992261704,-0.9274212089310608
"['V3.3', 'V3.4', 'V3.7', 'V3.8']",0.76360478,0.05285602,-0.4926791541894925,-1.097873114999295,-1.5905522691887874
"['V3.3', 'V3.4', 'V3.7', 'V1.2_copy']",0.84894456,0.05362446,0.4082531841387207,-0.5359107742666992,-0.1276575901279785
"['V3.3', 'V3.4', 'V3.8', 'V1.2_copy']",0.70811701,0.05359104,-1.0784637246994941,-0.5603509145864156,-1.6388146392859098
"['V3.3', 'V3.5', 'V3.6', 'V3.7']",0.89040764,0.05307969,0.8459790561610034,-0.9343026127458197,-0.08832355658481628
"['V3.3', 'V3.5', 'V3.6', 'V3.8']",0.82039957,0.0539542,0.10690363076214224,-0.2947709816567795,-0.18786735089463727
"['V3.3', 'V3.5', 'V3.6', 'V1.2_copy']",0.83730404,0.05443545,0.2853641761877244,0.05716850155279102,0.34253267774051543
"['V3.3', 'V3.5', 'V3.7', 'V3.8']",0.85428607,0.05325513,0.4646435227885693,-0.8060028456096402,-0.3413593228210709
"['V3.3', 'V3.5', 'V3.7', 'V1.2_copy']",1.04991806,0.05410901,2.5299310850778283,-0.1815579917436933,2.348373093334135
"['V3.3', 'V3.5', 'V3.8', 'V1.2_copy']",0.96631625,0.05444132,1.6473465017595794,0.061461249119418554,1.708807750878998
"['V3.3', 'V3.6', 'V3.7', 'V3.8']",0.76460655,0.05218033,-0.48210346500249124,-1.5920071189678628,-2.074110583970354
"['V3.3', 'V3.6', 'V3.7', 'V1.2_copy']",0.99287434,0.05333442,1.9277203452969207,-0.7480178448331465,1.1797025004637742
"['V3.3', 'V3.6', 'V3.8', 'V1.2_copy']",0.87356177,0.0539932,0.6681371511282855,-0.2662501715888891,0.40188697953939645
"['V3.3', 'V3.7', 'V3.8', 'V1.2_copy']",0.84693477,0.05360397,0.3870358244941485,-0.5508951690946751,-0.1638593446005266
"['V3.4', 'V3.5', 'V3.6', 'V3.7']",0.85426082,0.05297942,0.4643769584554674,-1.0076303467331926,-0.5432533882777253
"['V3.4', 'V3.5', 'V3.6', 'V3.8']",0.95627044,0.05385139,1.541292852527054,-0.3699562248126785,1.1713366277143755
"['V3.4', 'V3.5', 'V3.6', 'V1.2_copy']",0.91117639,0.05437836,1.0652348182646096,0.015418423430328218,1.080653241694938
"['V3.4', 'V3.5', 'V3.7', 'V3.8']",0.84756943,0.05318089,0.3937359322029262,-0.8602947671337484,-0.46655883493082223
"['V3.4', 'V3.5', 'V3.7', 'V1.2_copy']",1.00261482,0.05406333,2.030550624714553,-0.2149639046642395,1.8155867200503133
"['V3.4', 'V3.5', 'V3.8', 'V1.2_copy']",1.00876694,0.05440903,2.0954985758022593,0.037847480988845106,2.1333460567911042
"['V3.4', 'V3.6', 'V3.7', 'V3.8']",0.74250576,0.05205444,-0.7154215777700749,-1.6840708312613724,-2.3994924090314473
"['V3.4', 'V3.7', 'V3.8', 'V1.2_copy']",0.90933764,0.05352771,1.0458231284629602,-0.6066643223197395,0.43915880614322067
"['V3.4', 'V3.6', 'V3.7', 'V1.2_copy']",0.8726751,0.05322865,0.658776573020099,-0.8253677443429135,-0.16659117132281454
"['V3.4', 'V3.6', 'V3.8', 'V1.2_copy']",0.80175584,0.05388343,-0.08991828820764927,-0.3465252823876686,-0.4364435705953179
"['V3.5', 'V3.6', 'V3.7', 'V3.8']",0.90214024,0.05228839,0.9698401529750529,-1.5129825359951334,-0.5431423830200806
"['V3.5', 'V3.6', 'V3.7', 'V1.2_copy']",1.10909637,0.05354405,3.154676698514047,-0.5947148342041123,2.5599618643099347
"['V3.5', 'V3.6', 'V3.8', 'V1.2_copy']",0.93062873,0.05459405,1.2705932356656797,0.173153129162216,1.4437463648278956
"['V3.5', 'V3.7', 'V3.8', 'V1.2_copy']",0.94203414,0.0539679,1.3910001865728878,-0.28475213299190566,1.1062480535809822
"['V3.6', 'V3.7', 'V3.8', 'V1.2_copy']",0.99399672,0.05272086,1.9395693146508703,-1.1967160044550949,0.7428533101957755
